timestamp,dataset,method,params,trace_count,repeat,tag_k,status,trace_indices_start,trace_indices_end,disc_time,learn_time,total_time,actual_bins,n_states,n_edges,n_inconsistencies,error_type,error_msg
2026-05-15T23:01:21.131989,clean,naive,{'bins': 10},1,0,2,ok,0,1,0.0007215365767478943,0.008882331661880016,0.01000952161848545,10,18,22,0,,
2026-05-15T23:01:21.145793,clean,naive,{'bins': 10},1,1,2,ok,1,2,0.0005659433081746101,0.01087268441915512,0.011767045594751835,10,15,21,0,,
2026-05-15T23:01:21.158760,clean,naive,{'bins': 10},1,2,2,ok,2,3,0.000575631856918335,0.010093349032104015,0.011069715023040771,10,17,22,0,,
2026-05-15T23:01:21.172096,clean,naive,{'bins': 10},1,3,2,ok,3,4,0.0005628485232591629,0.010685302317142487,0.011642332188785076,10,19,24,0,,
2026-05-15T23:01:21.182290,clean,naive,{'bins': 10},1,4,2,ok,4,5,0.0004959413781762123,0.007902019657194614,0.008721359074115753,10,19,23,0,,
2026-05-15T23:01:21.223520,clean,naive,{'bins': 10},2,0,2,ok,0,2,0.0006760712713003159,0.035610529594123363,0.03675066400319338,10,24,32,0,,
2026-05-15T23:01:21.259357,clean,naive,{'bins': 10},2,1,2,ok,2,4,0.0007204944267868996,0.03249375894665718,0.03372988384217024,10,16,25,0,,
2026-05-15T23:01:21.311392,clean,naive,{'bins': 10},2,2,2,ok,4,6,0.0007467335090041161,0.04851697012782097,0.04972807690501213,10,17,28,0,,
2026-05-15T23:01:21.356248,clean,naive,{'bins': 10},2,3,2,ok,6,8,0.001419338397681713,0.03986348770558834,0.04212518036365509,10,14,26,0,,
2026-05-15T23:01:21.390097,clean,naive,{'bins': 10},2,4,2,ok,8,10,0.0008337674662470818,0.03061784151941538,0.03190382942557335,10,18,26,0,,
2026-05-15T23:01:21.449146,clean,naive,{'bins': 10},3,0,2,ok,0,3,0.0009199390187859535,0.052618272602558136,0.05422940105199814,10,12,20,0,,
2026-05-15T23:01:21.521255,clean,naive,{'bins': 10},3,1,2,ok,3,6,0.0010310383513569832,0.06800361163914204,0.06963617168366909,10,20,33,0,,
2026-05-15T23:01:21.593585,clean,naive,{'bins': 10},3,2,2,ok,6,9,0.001030738465487957,0.06812076270580292,0.06977858021855354,10,14,26,0,,
2026-05-15T23:01:21.643759,clean,naive,{'bins': 10},3,3,2,ok,9,12,0.0009938078001141548,0.0462289173156023,0.047823816537857056,10,15,25,0,,
2026-05-15T23:01:21.705925,clean,naive,{'bins': 10},3,4,2,ok,12,15,0.0009914040565490723,0.05778395477682352,0.059402127750217915,10,19,31,0,,
2026-05-15T23:01:21.802127,clean,naive,{'bins': 10},4,0,2,ok,0,4,0.0011946670711040497,0.08868384826928377,0.09066578559577465,10,16,29,0,,
2026-05-15T23:01:21.929784,clean,naive,{'bins': 10},4,1,2,ok,4,8,0.0012196935713291168,0.12217516358941793,0.12416656780987978,10,29,46,0,,
2026-05-15T23:01:22.013381,clean,naive,{'bins': 10},4,2,2,ok,8,12,0.0012397924438118935,0.07859065849334002,0.08058709278702736,10,18,29,0,,
2026-05-15T23:01:22.120234,clean,naive,{'bins': 10},4,3,2,ok,12,16,0.001326284371316433,0.10121070314198732,0.10336622782051563,10,30,43,0,,
2026-05-15T23:01:22.197396,clean,naive,{'bins': 10},4,4,2,ok,16,20,0.0012769615277647972,0.07208164036273956,0.07417293265461922,10,21,30,0,,
2026-05-15T23:01:22.324864,clean,naive,{'bins': 10},5,0,2,ok,0,5,0.0014195684343576431,0.11948659736663103,0.12203298509120941,10,11,21,0,,
2026-05-15T23:01:22.436133,clean,naive,{'bins': 10},5,1,2,ok,5,10,0.001485452987253666,0.10505849774926901,0.10764664318412542,10,11,22,0,,
2026-05-15T23:01:22.558918,clean,naive,{'bins': 10},5,2,2,ok,10,15,0.0014554373919963837,0.11643891781568527,0.11901988089084625,10,20,33,0,,
2026-05-15T23:01:22.691022,clean,naive,{'bins': 10},5,3,2,ok,15,20,0.0014562979340553284,0.12459219805896282,0.12712854705750942,10,32,45,0,,
2026-05-15T23:01:22.828865,clean,naive,{'bins': 10},5,4,2,ok,20,25,0.0020102793350815773,0.13020889181643724,0.1334980158135295,10,21,31,0,,
2026-05-15T23:01:23.027491,clean,naive,{'bins': 10},6,0,2,ok,0,6,0.0021585701033473015,0.18791198264807463,0.19179746974259615,10,24,38,0,,
2026-05-15T23:01:23.212901,clean,naive,{'bins': 10},6,1,2,ok,6,12,0.001866089180111885,0.1782310986891389,0.18130716402083635,10,23,36,0,,
2026-05-15T23:01:23.445739,clean,naive,{'bins': 10},6,2,2,ok,12,18,0.0019475920125842094,0.22181270737200975,0.22503840271383524,10,32,49,0,,
2026-05-15T23:01:23.594879,clean,naive,{'bins': 10},6,3,2,ok,18,24,0.0017417250201106071,0.1417785445228219,0.14477013982832432,10,24,37,0,,
2026-05-15T23:01:23.769906,clean,naive,{'bins': 10},6,4,2,ok,24,30,0.0018111048266291618,0.1679527424275875,0.17100915871560574,10,17,31,0,,
2026-05-15T23:01:24.055810,clean,naive,{'bins': 10},7,0,2,ok,0,7,0.0019078077748417854,0.27568953670561314,0.2790907323360443,10,24,41,0,,
2026-05-15T23:01:24.264711,clean,naive,{'bins': 10},7,1,2,ok,7,14,0.00197463296353817,0.20022873301059008,0.20363221131265163,10,26,41,0,,
2026-05-15T23:01:24.457087,clean,naive,{'bins': 10},7,2,2,ok,14,21,0.001954173669219017,0.1839487198740244,0.18732993677258492,10,19,30,0,,
2026-05-15T23:01:24.674465,clean,naive,{'bins': 10},7,3,2,ok,21,28,0.0019309911876916885,0.2093058405444026,0.21266169100999832,10,10,21,0,,
2026-05-15T23:01:24.978060,clean,naive,{'bins': 10},7,4,2,ok,28,35,0.0020291153341531754,0.2958429716527462,0.2993077468127012,10,9,20,0,,
2026-05-15T23:01:25.275959,clean,naive,{'bins': 10},8,0,2,ok,0,8,0.002090279944241047,0.28702311776578426,0.29057137854397297,10,7,16,0,,
2026-05-15T23:01:25.532364,clean,naive,{'bins': 10},8,1,2,ok,8,16,0.002213762141764164,0.2471167091280222,0.2509066555649042,10,18,30,0,,
2026-05-15T23:01:25.741714,clean,naive,{'bins': 10},8,2,2,ok,16,24,0.0021744873374700546,0.2006794000044465,0.20433846954256296,10,8,17,0,,
2026-05-15T23:01:25.965367,clean,naive,{'bins': 10},8,3,2,ok,24,32,0.002442212775349617,0.21446280740201473,0.21843908540904522,10,20,33,0,,
2026-05-15T23:01:26.212856,clean,naive,{'bins': 10},8,4,2,ok,32,40,0.002238939516246319,0.2386180991306901,0.24238318856805563,10,17,29,0,,
2026-05-15T23:01:26.565557,clean,naive,{'bins': 10},9,0,2,ok,0,9,0.002362762577831745,0.3409096645191312,0.34504779521375895,10,9,19,0,,
2026-05-15T23:01:26.934562,clean,naive,{'bins': 10},9,1,2,ok,9,18,0.002488258294761181,0.3586037056520581,0.36287903506308794,10,15,25,0,,
2026-05-15T23:01:27.210021,clean,naive,{'bins': 10},9,2,2,ok,18,27,0.0024601873010396957,0.2656322754919529,0.26985651906579733,10,13,25,0,,
2026-05-15T23:01:27.603775,clean,naive,{'bins': 10},9,3,2,ok,27,36,0.002451309934258461,0.38355387933552265,0.3877775426954031,10,33,51,0,,
2026-05-15T23:01:27.921018,clean,naive,{'bins': 10},9,4,2,ok,36,45,0.002506652846932411,0.30664337053894997,0.31085509061813354,10,18,31,0,,
2026-05-15T23:01:28.319844,clean,naive,{'bins': 10},10,0,2,ok,0,10,0.003077697940170765,0.38520732894539833,0.3901251768693328,10,9,19,0,,
2026-05-15T23:01:28.717312,clean,naive,{'bins': 10},10,1,2,ok,10,20,0.0028918664902448654,0.38562464341521263,0.39032308757305145,10,17,29,0,,
2026-05-15T23:01:29.076678,clean,naive,{'bins': 10},10,2,2,ok,20,30,0.002856140024960041,0.3480085916817188,0.3526676818728447,10,20,32,0,,
2026-05-15T23:01:29.414386,clean,naive,{'bins': 10},10,3,2,ok,30,40,0.0029234569519758224,0.3268894013017416,0.33155807945877314,10,14,26,0,,
2026-05-15T23:01:29.748773,clean,naive,{'bins': 10},10,4,2,ok,40,50,0.0030098585411906242,0.323622046969831,0.32833990827202797,10,17,28,0,,
2026-05-15T23:01:30.301691,clean,naive,{'bins': 10},11,0,2,ok,0,11,0.0029494166374206543,0.5394250052049756,0.5443431930616498,10,9,19,0,,
2026-05-15T23:01:30.799729,clean,naive,{'bins': 10},11,1,2,ok,11,22,0.003058801405131817,0.4848785977810621,0.48984159994870424,10,25,39,0,,
2026-05-15T23:01:31.281496,clean,naive,{'bins': 10},11,2,2,ok,22,33,0.0033770306035876274,0.468973689712584,0.47423712722957134,10,21,34,0,,
2026-05-15T23:01:31.672364,clean,naive,{'bins': 10},11,3,2,ok,33,44,0.0030947690829634666,0.37909557670354843,0.38415362779051065,10,18,33,0,,
2026-05-15T23:01:32.158838,clean,naive,{'bins': 10},11,4,2,ok,44,55,0.003134935162961483,0.474398210644722,0.4794553304091096,10,18,32,0,,
2026-05-15T23:01:32.667511,clean,naive,{'bins': 10},12,0,2,ok,0,12,0.0036017736420035362,0.4933405788615346,0.4990387139841914,10,17,30,0,,
2026-05-15T23:01:33.321218,clean,naive,{'bins': 10},12,1,2,ok,12,24,0.003565976396203041,0.6392664108425379,0.6450515203177929,10,25,42,0,,
2026-05-15T23:01:33.823567,clean,naive,{'bins': 10},12,2,2,ok,24,36,0.0035391952842473984,0.4885074310004711,0.49408060032874346,10,18,32,0,,
2026-05-15T23:01:34.307109,clean,naive,{'bins': 10},12,3,2,ok,36,48,0.004034205339848995,0.46918581891804934,0.47537918388843536,10,25,41,0,,
2026-05-15T23:01:34.878206,clean,naive,{'bins': 10},12,4,2,ok,48,60,0.0039527527987957,0.5539453467354178,0.560626239515841,10,15,28,0,,
2026-05-15T23:01:35.432762,clean,naive,{'bins': 10},13,0,2,ok,0,13,0.003975735977292061,0.5368650695309043,0.5432819966226816,10,7,16,0,,
2026-05-15T23:01:36.080816,clean,naive,{'bins': 10},13,1,2,ok,13,26,0.004087025299668312,0.6334084756672382,0.6398259634152055,10,14,26,0,,
2026-05-15T23:01:36.669473,clean,naive,{'bins': 10},13,2,2,ok,26,39,0.003785797394812107,0.5735906679183245,0.5795690389350057,10,23,36,0,,
2026-05-15T23:01:37.246637,clean,naive,{'bins': 10},13,3,2,ok,39,52,0.004468291997909546,0.5614130683243275,0.5685048038139939,10,18,29,0,,
2026-05-15T23:01:37.832003,clean,naive,{'bins': 10},13,4,2,ok,52,65,0.003932734951376915,0.5712963026016951,0.5774327721446753,10,19,35,0,,
2026-05-15T23:01:38.466021,clean,naive,{'bins': 10},14,0,2,ok,0,14,0.003910494036972523,0.6164961447939277,0.6227622479200363,10,7,16,0,,
2026-05-15T23:01:39.109952,clean,naive,{'bins': 10},14,1,2,ok,14,28,0.004163558594882488,0.6281456407159567,0.6348084984347224,10,14,27,0,,
2026-05-15T23:01:39.678903,clean,naive,{'bins': 10},14,2,2,ok,28,42,0.0038239900022745132,0.554178555496037,0.5603344300761819,10,18,31,0,,
2026-05-15T23:01:40.341977,clean,naive,{'bins': 10},14,3,2,ok,42,56,0.0038747256621718407,0.6477856300771236,0.6539941346272826,10,15,28,0,,
2026-05-15T23:01:40.957763,clean,naive,{'bins': 10},14,4,2,ok,56,70,0.004259709268808365,0.6007249392569065,0.6073500169441104,10,20,32,0,,
2026-05-15T23:01:41.663400,clean,naive,{'bins': 10},15,0,2,ok,0,15,0.0040287356823682785,0.6872077388688922,0.6938543366268277,10,7,16,0,,
2026-05-15T23:01:42.432205,clean,naive,{'bins': 10},15,1,2,ok,15,30,0.00420842319726944,0.7523856554180384,0.7590668685734272,10,15,27,0,,
2026-05-15T23:01:43.104929,clean,naive,{'bins': 10},15,2,2,ok,30,45,0.004423878155648708,0.6568722166121006,0.663783922791481,10,10,20,0,,
2026-05-15T23:01:43.801742,clean,naive,{'bins': 10},15,3,2,ok,45,60,0.004176563583314419,0.68132742960006,0.6880001872777939,10,11,22,0,,
2026-05-15T23:01:44.385258,clean,naive,{'bins': 10},15,4,2,ok,60,75,0.0043305931612849236,0.5678338715806603,0.5747848320752382,10,13,25,0,,
2026-05-15T23:01:45.260459,clean,naive,{'bins': 10},16,0,2,ok,0,16,0.00419752299785614,0.8557383269071579,0.8626788780093193,10,7,16,0,,
2026-05-15T23:01:46.056751,clean,naive,{'bins': 10},16,1,2,ok,16,32,0.00461401604115963,0.7791598308831453,0.7864218056201935,10,15,27,0,,
2026-05-15T23:01:46.793595,clean,naive,{'bins': 10},16,2,2,ok,32,48,0.004342394880950451,0.720617039129138,0.7276011221110821,10,17,30,0,,
2026-05-15T23:01:47.495804,clean,naive,{'bins': 10},16,3,2,ok,48,64,0.004449415951967239,0.6851491760462523,0.6923087788745761,10,16,26,0,,
2026-05-15T23:01:48.225963,clean,naive,{'bins': 10},16,4,2,ok,64,80,0.004219363443553448,0.7131287883967161,0.719850747846067,10,21,33,0,,
2026-05-15T23:01:49.117018,clean,naive,{'bins': 10},17,0,2,ok,0,17,0.004472209140658379,0.8699175268411636,0.8770614806562662,10,8,17,0,,
2026-05-15T23:01:49.971230,clean,naive,{'bins': 10},17,1,2,ok,17,34,0.004838608205318451,0.8358655674383044,0.8436203692108393,10,13,24,0,,
2026-05-15T23:01:50.811457,clean,naive,{'bins': 10},17,2,2,ok,34,51,0.00459063146263361,0.8211256209760904,0.8285114988684654,10,21,33,0,,
2026-05-15T23:01:51.720421,clean,naive,{'bins': 10},17,3,2,ok,51,68,0.004753768444061279,0.8913171160966158,0.8988493597134948,10,14,28,0,,
2026-05-15T23:01:52.584723,clean,naive,{'bins': 10},17,4,2,ok,68,85,0.004578849300742149,0.8454956151545048,0.8528499929234385,10,6,15,0,,
2026-05-15T23:01:53.578121,clean,naive,{'bins': 10},18,0,2,ok,0,18,0.004970276728272438,0.9714913526549935,0.9794870279729366,10,14,25,0,,
2026-05-15T23:01:54.425301,clean,naive,{'bins': 10},18,1,2,ok,18,36,0.0047630853950977325,0.8274005884304643,0.8351537473499775,10,22,35,0,,
2026-05-15T23:01:55.533107,clean,naive,{'bins': 10},18,2,2,ok,36,54,0.005164511501789093,1.0202172854915261,1.0964547488838434,10,10,22,0,,
2026-05-15T23:01:56.430365,clean,naive,{'bins': 10},18,3,2,ok,54,72,0.005167435854673386,0.8776436150074005,0.8859255779534578,10,26,42,0,,
2026-05-15T23:01:57.321882,clean,naive,{'bins': 10},18,4,2,ok,72,90,0.005137660540640354,0.8716062223538756,0.8797789392992854,10,17,30,0,,
2026-05-15T23:01:58.452434,clean,naive,{'bins': 10},19,0,2,ok,0,19,0.005120066925883293,1.106761016882956,1.1150246243923903,10,25,41,0,,
2026-05-15T23:01:59.555515,clean,naive,{'bins': 10},19,1,2,ok,19,38,0.0054646749049425125,1.0739082926884294,1.082496751099825,10,20,34,0,,
2026-05-15T23:02:00.621028,clean,naive,{'bins': 10},19,2,2,ok,38,57,0.0052705202251672745,1.0459890142083168,1.0544420992955565,10,12,25,0,,
2026-05-15T23:02:01.602424,clean,naive,{'bins': 10},19,3,2,ok,57,76,0.005301318131387234,0.9613296836614609,0.9697991795837879,10,7,16,0,,
2026-05-15T23:02:02.711885,clean,naive,{'bins': 10},19,4,2,ok,76,95,0.0053551094606518745,1.0885622762143612,1.0970605351030827,10,17,31,0,,
2026-05-15T23:02:03.905985,clean,naive,{'bins': 10},20,0,2,ok,0,20,0.005309323780238628,1.17001299187541,1.1785598630085588,10,11,22,0,,
2026-05-15T23:02:05.118284,clean,naive,{'bins': 10},20,1,2,ok,20,40,0.005565444007515907,1.189134867861867,1.1980490405112505,10,23,36,0,,
2026-05-15T23:02:06.231751,clean,naive,{'bins': 10},20,2,2,ok,40,60,0.005607583560049534,1.0924738999456167,1.101373634301126,10,8,18,0,,
2026-05-15T23:02:07.176249,clean,naive,{'bins': 10},20,3,2,ok,60,80,0.006897268816828728,0.919787828810513,0.930675751529634,10,13,24,0,,
2026-05-15T23:02:08.622642,clean,naive,{'bins': 10},20,4,2,ok,80,100,0.005355801433324814,1.4244172219187021,1.4328078096732497,10,13,25,0,,
2026-05-15T23:02:09.962634,clean,naive,{'bins': 10},21,0,2,ok,0,21,0.005416104570031166,1.3145732153207064,1.3232463747262955,10,18,32,0,,
2026-05-15T23:02:11.108685,clean,naive,{'bins': 10},21,1,2,ok,21,42,0.005653731524944305,1.1236188234761357,1.132498661056161,10,19,33,0,,
2026-05-15T23:02:12.367038,clean,naive,{'bins': 10},21,2,2,ok,42,63,0.005406666547060013,1.2366117602214217,1.2451145090162754,10,25,40,0,,
2026-05-15T23:02:13.464334,clean,naive,{'bins': 10},21,3,2,ok,63,84,0.00525928009301424,1.0724158631637692,1.0807927250862122,10,16,31,0,,
2026-05-15T23:02:14.893961,clean,naive,{'bins': 10},21,4,2,ok,84,105,0.005854307673871517,1.406573286280036,1.4155983868986368,10,19,35,0,,
2026-05-15T23:02:16.390277,clean,naive,{'bins': 10},22,0,2,ok,0,22,0.005576957017183304,1.4696548040956259,1.478425094857812,10,18,32,0,,
2026-05-15T23:02:17.619960,clean,naive,{'bins': 10},22,1,2,ok,22,44,0.00595871452242136,1.2067944714799523,1.2159984381869435,10,17,30,0,,
2026-05-15T23:02:18.955935,clean,naive,{'bins': 10},22,2,2,ok,44,66,0.005694076418876648,1.3130954150110483,1.3219306180253625,10,27,44,0,,
2026-05-15T23:02:20.198159,clean,naive,{'bins': 10},22,3,2,ok,66,88,0.005560235120356083,1.2181908609345555,1.227042043581605,10,17,29,0,,
2026-05-15T23:02:21.591261,clean,naive,{'bins': 10},22,4,2,ok,88,110,0.006022213958203793,1.3684385800734162,1.377699893899262,10,29,51,0,,
2026-05-15T23:02:23.092144,clean,naive,{'bins': 10},23,0,2,ok,0,23,0.005954907275736332,1.4729606378823519,1.4823837969452143,10,18,32,0,,
2026-05-15T23:02:24.653521,clean,naive,{'bins': 10},23,1,2,ok,23,46,0.07458181958645582,1.4673692742362618,1.545650940388441,10,23,35,0,,
2026-05-15T23:02:26.002840,clean,naive,{'bins': 10},23,2,2,ok,46,69,0.005892500281333923,1.3184933438897133,1.3275464968755841,10,18,32,0,,
2026-05-15T23:02:27.474821,clean,naive,{'bins': 10},23,3,2,ok,69,92,0.007386218756437302,1.44425926823169,1.455139758065343,10,11,22,0,,
2026-05-15T23:02:28.979443,clean,naive,{'bins': 10},23,4,2,ok,92,115,0.00610334612429142,1.4784850347787142,1.487988113425672,10,16,28,0,,
2026-05-15T23:02:30.595504,clean,naive,{'bins': 10},24,0,2,ok,0,24,0.006394484080374241,1.5848183184862137,1.594889155589044,10,18,32,0,,
2026-05-15T23:02:32.254009,clean,naive,{'bins': 10},24,1,2,ok,24,48,0.007018668577075005,1.6306492164731026,1.6413921983912587,10,26,39,0,,
2026-05-15T23:02:33.698464,clean,naive,{'bins': 10},24,2,2,ok,48,72,0.006193957291543484,1.420152767561376,1.4297566767781973,10,8,18,0,,
2026-05-15T23:02:35.353107,clean,naive,{'bins': 10},24,3,2,ok,72,96,0.006446070969104767,1.628798434510827,1.6387720284983516,10,17,31,0,,
2026-05-15T23:02:36.943074,clean,naive,{'bins': 10},24,4,2,ok,96,120,0.0062012504786252975,1.5641345139592886,1.5737766241654754,10,17,30,0,,
2026-05-15T23:02:38.643851,clean,naive,{'bins': 10},25,0,2,ok,0,25,0.006339540705084801,1.6726083122193813,1.6825438449159265,10,10,20,0,,
2026-05-15T23:02:40.508193,clean,naive,{'bins': 10},25,1,2,ok,25,50,0.006161564961075783,1.8372833002358675,1.8470902806147933,10,25,38,0,,
2026-05-15T23:02:41.979887,clean,naive,{'bins': 10},25,2,2,ok,50,75,0.00632039550691843,1.446365686133504,1.4561755424365401,10,9,21,0,,
2026-05-15T23:02:43.780201,clean,naive,{'bins': 10},25,3,2,ok,75,100,0.006696381606161594,1.773544216528535,1.783853861503303,10,18,33,0,,
2026-05-15T23:02:45.485514,clean,naive,{'bins': 10},25,4,2,ok,100,125,0.006390276364982128,1.6789901405572891,1.6889474345371127,10,11,23,0,,
2026-05-15T23:02:47.194545,clean,naive,{'bins': 10},26,0,2,ok,0,26,0.006292481906712055,1.680665080435574,1.6906943283975124,10,10,20,0,,
2026-05-15T23:02:49.189196,clean,naive,{'bins': 10},26,1,2,ok,26,52,0.006333428435027599,1.9676869604736567,1.9777408055961132,10,20,34,0,,
2026-05-15T23:02:50.641801,clean,naive,{'bins': 10},26,2,2,ok,52,78,0.006540839560329914,1.4272135822102427,1.437420484609902,10,7,17,0,,
2026-05-15T23:02:52.779785,clean,naive,{'bins': 10},26,3,2,ok,78,104,0.006610930897295475,2.1103015653789043,2.120632391422987,10,21,38,0,,
2026-05-15T23:02:54.618753,clean,naive,{'bins': 10},26,4,2,ok,104,130,0.006503819487988949,1.811371112242341,1.8214814430102706,10,12,25,0,,
2026-05-15T23:02:56.496433,clean,naive,{'bins': 10},27,0,2,ok,0,27,0.006410423666238785,1.8475566422566772,1.8576859291642904,10,10,20,0,,
2026-05-15T23:02:58.651760,clean,naive,{'bins': 10},27,1,2,ok,27,54,0.006836265325546265,2.1269631031900644,2.137598612345755,10,17,30,0,,
2026-05-15T23:03:00.341106,clean,naive,{'bins': 10},27,2,2,ok,54,81,0.006504550576210022,1.6631086440756917,1.6733017303049564,10,10,20,0,,
2026-05-15T23:03:02.395483,clean,naive,{'bins': 10},27,3,2,ok,81,108,0.006664641201496124,2.025879168882966,2.036393058486283,10,12,23,0,,
2026-05-15T23:03:04.282820,clean,naive,{'bins': 10},27,4,2,ok,108,135,0.006716549396514893,1.858649479225278,1.8691555941477418,10,16,28,0,,
2026-05-15T23:03:06.337572,clean,naive,{'bins': 10},28,0,2,ok,0,28,0.006835673004388809,2.023101112805307,2.034063105471432,10,10,20,0,,
2026-05-15T23:03:08.330888,clean,naive,{'bins': 10},28,1,2,ok,28,56,0.00674999225884676,1.9648399204015732,1.975536442361772,10,16,29,0,,
2026-05-15T23:03:09.969513,clean,naive,{'bins': 10},28,2,2,ok,56,84,0.006884674541652203,1.610036469064653,1.620896308682859,10,14,26,0,,
2026-05-15T23:03:12.163677,clean,naive,{'bins': 10},28,3,2,ok,84,112,0.006845382042229176,2.1641872227191925,2.1750925285741687,10,8,18,0,,
2026-05-15T23:03:14.071217,clean,naive,{'bins': 10},28,4,2,ok,112,140,0.006968462839722633,1.8775877263396978,1.8885879507288337,10,13,26,0,,
2026-05-15T23:03:16.306759,clean,naive,{'bins': 10},29,0,2,ok,0,29,0.0070520201697945595,2.2029498191550374,2.214079476892948,10,10,20,0,,
2026-05-15T23:03:18.379989,clean,naive,{'bins': 10},29,1,2,ok,29,58,0.007081915624439716,2.04396113473922,2.0549730407074094,10,8,18,0,,
2026-05-15T23:03:20.288691,clean,naive,{'bins': 10},29,2,2,ok,58,87,0.006851903162896633,1.875869263894856,1.8866237550973892,10,7,16,0,,
2026-05-15T23:03:22.500494,clean,naive,{'bins': 10},29,3,2,ok,87,116,0.007637671194970608,2.179877002723515,2.191593092866242,10,16,29,0,,
2026-05-15T23:03:24.864890,clean,naive,{'bins': 10},29,4,2,ok,116,145,0.007338407449424267,2.3336601983755827,2.34506855905056,10,15,29,0,,
2026-05-15T23:03:27.222394,clean,naive,{'bins': 10},30,0,2,ok,0,30,0.007376018911600113,2.3235227465629578,2.3351145116612315,10,10,20,0,,
2026-05-15T23:03:29.466423,clean,naive,{'bins': 10},30,1,2,ok,30,60,0.0074667902663350105,2.2067075120285153,2.218379780650139,10,18,33,0,,
2026-05-15T23:03:31.455533,clean,naive,{'bins': 10},30,2,2,ok,60,90,0.007352083921432495,1.9585401201620698,1.9700830141082406,10,6,15,0,,
2026-05-15T23:03:33.851348,clean,naive,{'bins': 10},30,3,2,ok,90,120,0.0072719138115644455,2.3639457719400525,2.375533360056579,10,18,32,0,,
2026-05-15T23:03:36.191610,clean,naive,{'bins': 10},30,4,2,ok,120,150,0.007486938498914242,2.3069458715617657,2.3189819836989045,10,22,38,0,,
2026-05-15T23:03:38.684631,clean,naive,{'bins': 10},31,0,2,ok,0,31,0.0074804360046982765,2.4574306439608335,2.469241232611239,10,10,20,0,,
2026-05-15T23:03:40.921608,clean,naive,{'bins': 10},31,1,2,ok,31,62,0.008009539917111397,2.204380352050066,2.216693584807217,10,6,15,0,,
2026-05-15T23:03:43.344975,clean,naive,{'bins': 10},31,2,2,ok,62,93,0.007656427100300789,2.3912190636619925,2.403229206800461,10,11,22,0,,
2026-05-15T23:03:45.714948,clean,naive,{'bins': 10},31,3,2,ok,93,124,0.007507195696234703,2.3364054039120674,2.348160215653479,10,16,29,0,,
2026-05-15T23:03:48.269894,clean,naive,{'bins': 10},31,4,2,ok,124,155,0.007605411112308502,2.522528797388077,2.5344105092808604,10,10,20,0,,
2026-05-15T23:03:50.872443,clean,naive,{'bins': 10},32,0,2,ok,0,32,0.007673128508031368,2.5664999885484576,2.5785503163933754,10,10,20,0,,
2026-05-15T23:03:53.265583,clean,naive,{'bins': 10},32,1,2,ok,32,64,0.0076597630977630615,2.360452426597476,2.372500061057508,10,7,16,0,,
2026-05-15T23:03:55.799339,clean,naive,{'bins': 10},32,2,2,ok,64,96,0.00752155389636755,2.4996087169274688,2.5114310272037983,10,19,31,0,,
2026-05-15T23:03:58.328981,clean,naive,{'bins': 10},32,3,2,ok,96,128,0.0075995903462171555,2.496002505533397,2.5079634971916676,10,16,29,0,,
2026-05-15T23:04:01.233929,clean,naive,{'bins': 10},32,4,2,ok,128,160,0.007805326953530312,2.8697698349133134,2.88194945640862,10,10,20,0,,
2026-05-15T23:04:04.065763,clean,naive,{'bins': 10},33,0,2,ok,0,33,0.008142040111124516,2.7847059750929475,2.7980015352368355,10,10,20,0,,
2026-05-15T23:04:06.662969,clean,naive,{'bins': 10},33,1,2,ok,33,66,0.008372192271053791,2.5584363602101803,2.571557712741196,10,11,22,0,,
2026-05-15T23:04:09.417667,clean,naive,{'bins': 10},33,2,2,ok,66,99,0.008122503757476807,2.7190198805183172,2.7317624213173985,10,21,35,0,,
2026-05-15T23:04:12.283780,clean,naive,{'bins': 10},33,3,2,ok,99,132,0.008037322200834751,2.828988746739924,2.8418775219470263,10,21,38,0,,
2026-05-15T23:04:15.173848,clean,naive,{'bins': 10},33,4,2,ok,132,165,0.008052912540733814,2.854062484577298,2.8665706934407353,10,11,21,0,,
2026-05-15T23:04:18.049619,clean,naive,{'bins': 10},34,0,2,ok,0,34,0.008294075727462769,2.8365481607615948,2.8502136459574103,10,10,20,0,,
2026-05-15T23:04:20.801351,clean,naive,{'bins': 10},34,1,2,ok,34,68,0.008462812751531601,2.7166667208075523,2.7300383541733027,10,12,25,0,,
2026-05-15T23:04:23.766783,clean,naive,{'bins': 10},34,2,2,ok,68,102,0.008303342387080193,2.9280227413401008,2.941484684124589,10,18,29,0,,
2026-05-15T23:04:26.687781,clean,naive,{'bins': 10},34,3,2,ok,102,136,0.008176533505320549,2.8828078201040626,2.896046011708677,10,17,30,0,,
2026-05-15T23:04:29.846086,clean,naive,{'bins': 10},34,4,2,ok,136,170,0.009073440916836262,3.11676930449903,3.1310784304514527,10,15,27,0,,
2026-05-15T23:04:32.937580,clean,naive,{'bins': 10},35,0,2,ok,0,35,0.009439659304916859,3.0492178332060575,3.06408497877419,10,10,20,0,,
2026-05-15T23:04:35.860740,clean,naive,{'bins': 10},35,1,2,ok,35,70,0.008640477433800697,2.886270376853645,2.8998635578900576,10,10,22,0,,
2026-05-15T23:04:38.992836,clean,naive,{'bins': 10},35,2,2,ok,70,105,0.009074453264474869,3.091409777291119,3.105826696380973,10,17,32,0,,
2026-05-15T23:04:41.952980,clean,naive,{'bins': 10},35,3,2,ok,105,140,0.008981206454336643,2.917435315437615,2.9317950159311295,10,17,30,0,,
2026-05-15T23:04:45.500551,clean,naive,{'bins': 10},35,4,2,ok,140,175,0.00939053762704134,3.5053148539736867,3.5202843621373177,10,12,23,0,,
2026-05-15T23:04:48.634408,clean,naive,{'bins': 10},36,0,2,ok,0,36,0.008786831982433796,3.0903155645355582,3.1046892115846276,10,10,20,0,,
2026-05-15T23:04:51.833949,clean,naive,{'bins': 10},36,1,2,ok,36,72,0.009218202903866768,3.1603700183331966,3.175101819448173,10,10,22,0,,
2026-05-15T23:04:55.180019,clean,naive,{'bins': 10},36,2,2,ok,72,108,0.009233362041413784,3.3060277234762907,3.320842790417373,10,14,23,0,,
2026-05-15T23:04:58.440717,clean,naive,{'bins': 10},36,3,2,ok,108,144,0.008725316263735294,3.218951078131795,3.2331046825274825,10,15,29,0,,
2026-05-15T23:05:02.219513,clean,naive,{'bins': 10},36,4,2,ok,144,180,0.009370850399136543,3.733266440220177,3.748356013558805,10,10,20,0,,
2026-05-15T23:05:05.560526,clean,naive,{'bins': 10},37,0,2,ok,0,37,0.009102566167712212,3.296687855385244,3.3117555286735296,10,10,20,0,,
2026-05-15T23:05:08.899708,clean,naive,{'bins': 10},37,1,2,ok,37,74,0.009510243311524391,3.2971193473786116,3.31240348611027,10,16,29,0,,
2026-05-15T23:05:12.358677,clean,naive,{'bins': 10},37,2,2,ok,74,111,0.009296790696680546,3.41224661283195,3.42702570091933,10,14,24,0,,
2026-05-15T23:05:15.701231,clean,naive,{'bins': 10},37,3,2,ok,111,148,0.009208494797348976,3.298236924223602,3.313294868916273,10,23,39,0,,
2026-05-15T23:05:19.661276,clean,naive,{'bins': 10},37,4,2,ok,148,185,0.07064411416649818,3.8539330940693617,3.93035710696131,10,15,30,0,,
2026-05-15T23:05:23.263532,clean,naive,{'bins': 10},38,0,2,ok,0,38,0.009282544255256653,3.5510581778362393,3.5662954188883305,10,10,20,0,,
2026-05-15T23:05:26.571701,clean,naive,{'bins': 10},38,1,2,ok,38,76,0.009368435479700565,3.2659404715523124,3.2815349139273167,10,12,22,0,,
2026-05-15T23:05:30.207858,clean,naive,{'bins': 10},38,2,2,ok,76,114,0.009271102026104927,3.593894449993968,3.608860100619495,10,18,33,0,,
2026-05-15T23:05:33.811521,clean,naive,{'bins': 10},38,3,2,ok,114,152,0.00971135962754488,3.5585651686415076,3.5742293121293187,10,23,39,0,,
2026-05-15T23:05:37.831456,clean,naive,{'bins': 10},38,4,2,ok,152,190,0.009649073705077171,3.971956055611372,3.9875829899683595,10,20,36,0,,
2026-05-15T23:05:41.552774,clean,naive,{'bins': 10},39,0,2,ok,0,39,0.0095895417034626,3.6755034774541855,3.6911393078044057,10,12,23,0,,
2026-05-15T23:05:44.976566,clean,naive,{'bins': 10},39,1,2,ok,39,78,0.009315266273915768,3.3816969525069,3.396120042540133,10,12,21,0,,
2026-05-15T23:05:48.734521,clean,naive,{'bins': 10},39,2,2,ok,78,117,0.009670904837548733,3.7123232753947377,3.72811540029943,10,10,20,0,,
2026-05-15T23:05:52.518022,clean,naive,{'bins': 10},39,3,2,ok,117,156,0.010033756494522095,3.7392673371359706,3.755425039678812,10,10,20,0,,
2026-05-15T23:05:56.737567,clean,naive,{'bins': 10},39,4,2,ok,156,195,0.009649514220654964,4.169465739279985,4.184886114671826,10,20,35,0,,
2026-05-15T23:06:00.621983,clean,naive,{'bins': 10},40,0,2,ok,0,40,0.009732319973409176,3.836783856153488,3.852675959467888,10,12,23,0,,
2026-05-15T23:06:04.346561,clean,naive,{'bins': 10},40,1,2,ok,40,80,0.009762878529727459,3.6825915034860373,3.6983849611133337,10,12,24,0,,
2026-05-15T23:06:08.253637,clean,naive,{'bins': 10},40,2,2,ok,80,120,0.009914102032780647,3.8624752517789602,3.8785958932712674,10,16,29,0,,
2026-05-15T23:06:12.460251,clean,naive,{'bins': 10},40,3,2,ok,120,160,0.00981753971427679,4.160257704555988,4.176289569586515,10,19,35,0,,
2026-05-15T23:06:16.343253,clean,naive,{'bins': 10},40,4,2,ok,160,200,0.010505934245884418,3.8360289791598916,3.852894762530923,10,15,28,0,,
2026-05-15T23:06:20.368796,clean,naive,{'bins': 10},41,0,2,ok,0,41,0.010159612633287907,3.976335447281599,3.9927998958155513,10,12,23,0,,
2026-05-15T23:06:24.324105,clean,naive,{'bins': 10},41,1,2,ok,41,82,0.010232760570943356,3.9089349722489715,3.9252156345173717,10,12,22,0,,
2026-05-15T23:06:28.181736,clean,naive,{'bins': 10},41,2,2,ok,82,123,0.010039427317678928,3.8128747455775738,3.829237572848797,10,17,30,0,,
2026-05-15T23:06:32.713664,clean,naive,{'bins': 10},41,3,2,ok,123,164,0.010069744661450386,4.4846826968714595,4.500636745244265,10,19,35,0,,
2026-05-15T23:06:37.015303,clean,naive,{'bins': 10},41,4,2,ok,164,205,0.010056478902697563,4.252476432360709,4.269028645008802,10,21,34,0,,
2026-05-15T23:06:41.237791,clean,naive,{'bins': 10},42,0,2,ok,0,42,0.010081364773213863,4.173085460439324,4.189454949460924,10,18,32,0,,
2026-05-15T23:06:45.296625,clean,naive,{'bins': 10},42,1,2,ok,42,84,0.010840083472430706,4.010724587365985,4.028043933212757,10,14,26,0,,
2026-05-15T23:06:49.361191,clean,naive,{'bins': 10},42,2,2,ok,84,126,0.010745745152235031,4.016197796911001,4.0337700778618455,10,23,40,0,,
2026-05-15T23:06:54.030895,clean,naive,{'bins': 10},42,3,2,ok,126,168,0.010400285944342613,4.621946684084833,4.639128582552075,10,19,34,0,,
2026-05-15T23:06:58.651458,clean,naive,{'bins': 10},42,4,2,ok,168,210,0.01052799541503191,4.571972854435444,4.589209323748946,10,22,41,0,,
2026-05-15T23:07:03.085438,clean,naive,{'bins': 10},43,0,2,ok,0,43,0.010593879967927933,4.381405835039914,4.39896650519222,10,23,38,0,,
2026-05-15T23:07:07.206967,clean,naive,{'bins': 10},43,1,2,ok,43,86,0.010472421534359455,4.0730471620336175,4.090438903309405,10,19,34,0,,
2026-05-15T23:07:11.433441,clean,naive,{'bins': 10},43,2,2,ok,86,129,0.010548394173383713,4.1774693550542,4.194830770604312,10,23,40,0,,
2026-05-15T23:07:16.298660,clean,naive,{'bins': 10},43,3,2,ok,129,172,0.010506684891879559,4.8124888287857175,4.829799608327448,10,11,21,0,,
2026-05-15T23:07:21.124507,clean,naive,{'bins': 10},43,4,2,ok,172,215,0.01032650750130415,4.775832399725914,4.792035276070237,10,18,33,0,,
2026-05-15T23:07:25.673451,clean,naive,{'bins': 10},44,0,2,ok,0,44,0.011070998385548592,4.4947507148608565,4.513089237734675,10,23,38,0,,
2026-05-15T23:07:30.075785,clean,naive,{'bins': 10},44,1,2,ok,44,88,0.010932376608252525,4.350367147475481,4.3683504005894065,10,22,39,0,,
2026-05-15T23:07:34.834584,clean,naive,{'bins': 10},44,2,2,ok,88,132,0.010986228473484516,4.708457516506314,4.726305095478892,10,21,38,0,,
2026-05-15T23:07:39.768647,clean,naive,{'bins': 10},44,3,2,ok,132,176,0.010930132120847702,4.88087728433311,4.899276700802147,10,11,21,0,,
2026-05-15T23:07:45.077514,clean,naive,{'bins': 10},44,4,2,ok,176,220,0.01092536374926567,5.256913776509464,5.275029540061951,10,22,39,0,,
2026-05-15T23:07:49.834976,clean,naive,{'bins': 10},45,0,2,ok,0,45,0.011026682332158089,4.70216900203377,4.720459442585707,10,23,38,0,,
2026-05-15T23:07:54.582345,clean,naive,{'bins': 10},45,1,2,ok,45,90,0.010977109894156456,4.693859324790537,4.712198417633772,10,11,23,0,,
2026-05-15T23:07:59.551884,clean,naive,{'bins': 10},45,2,2,ok,90,135,0.011034789495170116,4.9161694422364235,4.934889552183449,10,16,29,0,,
2026-05-15T23:08:05.267782,clean,naive,{'bins': 10},45,3,2,ok,135,180,0.011129366233944893,5.6568255396559834,5.675553934648633,10,13,26,0,,
2026-05-15T23:08:10.748703,clean,naive,{'bins': 10},45,4,2,ok,180,225,0.01180882379412651,5.424527835100889,5.443944934755564,10,13,25,0,,
2026-05-15T23:08:15.860009,clean,naive,{'bins': 10},46,0,2,ok,0,46,0.011871802620589733,5.0546143697574735,5.074241264723241,10,22,40,0,,
2026-05-15T23:08:20.737400,clean,naive,{'bins': 10},46,1,2,ok,46,92,0.011964457109570503,4.824184055440128,4.843991479836404,10,14,23,0,,
2026-05-15T23:08:25.847898,clean,naive,{'bins': 10},46,2,2,ok,92,138,0.012041171081364155,5.054501725360751,5.074805572628975,10,16,29,0,,
2026-05-15T23:08:31.901397,clean,naive,{'bins': 10},46,3,2,ok,138,184,0.01193459052592516,5.990582522004843,6.011086706072092,10,10,22,0,,
2026-05-15T23:08:37.267738,clean,naive,{'bins': 10},46,4,2,ok,184,230,0.012104799970984459,5.305644902400672,5.3251146003603935,10,23,41,0,,
2026-05-15T23:08:42.346706,clean,naive,{'bins': 10},47,0,2,ok,0,47,0.012034649029374123,5.01919681020081,5.040059288032353,10,10,21,0,,
2026-05-15T23:08:47.057766,clean,naive,{'bins': 10},47,1,2,ok,47,94,0.012021474540233612,4.659681632183492,4.678482884541154,10,14,27,0,,
2026-05-15T23:08:52.209480,clean,naive,{'bins': 10},47,2,2,ok,94,141,0.011629266664385796,5.09109110571444,5.115160813555121,10,16,29,0,,
2026-05-15T23:08:58.085836,clean,naive,{'bins': 10},47,3,2,ok,141,188,0.01152697391808033,5.816191606223583,5.834590160287917,10,10,22,0,,
2026-05-15T23:09:03.762097,clean,naive,{'bins': 10},47,4,2,ok,188,235,0.012207694351673126,5.616914432495832,5.637101269327104,10,13,25,0,,
2026-05-15T23:09:09.100242,clean,naive,{'bins': 10},48,0,2,ok,0,48,0.012022685259580612,5.278745251707733,5.298228234983981,10,8,18,0,,
2026-05-15T23:09:14.056853,clean,naive,{'bins': 10},48,1,2,ok,48,96,0.011616341769695282,4.90379636362195,4.92284273635596,10,14,27,0,,
2026-05-15T23:09:19.539951,clean,naive,{'bins': 10},48,2,2,ok,96,144,0.011926716193556786,5.423841015435755,5.445196680724621,10,16,29,0,,
2026-05-15T23:09:25.464461,clean,naive,{'bins': 10},48,3,2,ok,144,192,0.011735646054148674,5.861322154290974,5.881654244847596,10,18,32,0,,
2026-05-15T23:09:30.868429,clean,naive,{'bins': 10},48,4,2,ok,192,240,0.011764279566705227,5.346183208748698,5.365577505901456,10,22,38,0,,
2026-05-15T23:09:36.310931,clean,naive,{'bins': 10},49,0,2,ok,0,49,0.01216724794358015,5.320423268713057,5.400931546464562,10,8,18,0,,
2026-05-15T23:09:41.570461,clean,naive,{'bins': 10},49,1,2,ok,49,98,0.012478051707148552,5.204152942635119,5.224077115766704,10,15,29,0,,
2026-05-15T23:09:47.139663,clean,naive,{'bins': 10},49,2,2,ok,98,147,0.012066148221492767,5.5076110772788525,5.526940233074129,10,16,29,0,,
2026-05-15T23:09:53.446231,clean,naive,{'bins': 10},49,3,2,ok,147,196,0.01245394628494978,6.240247271955013,6.260209145955741,10,18,34,0,,
2026-05-15T23:09:59.041079,clean,naive,{'bins': 10},49,4,2,ok,196,245,0.01212350558489561,5.537624103948474,5.556857258081436,10,12,24,0,,
2026-05-15T23:10:04.956152,clean,naive,{'bins': 10},50,0,2,ok,0,50,0.012684861198067665,5.851399497129023,5.872896688058972,10,9,19,0,,
2026-05-15T23:10:10.680448,clean,naive,{'bins': 10},50,1,2,ok,50,100,0.013180251233279705,5.663342512212694,5.687531773932278,10,15,30,0,,
2026-05-15T23:10:16.796649,clean,naive,{'bins': 10},50,2,2,ok,100,150,0.01297040842473507,6.0503177316859365,6.071926002390683,10,26,43,0,,
2026-05-15T23:10:23.912558,clean,naive,{'bins': 10},50,3,2,ok,150,200,0.012731608934700489,7.046629396267235,7.066984538920224,10,20,36,0,,
2026-05-15T23:10:30.048900,clean,naive,{'bins': 10},50,4,2,ok,200,250,0.012774639762938023,6.073103414848447,6.093882284127176,10,15,25,0,,
2026-05-15T23:10:36.031535,clean,naive,{'bins': 10},51,0,2,ok,0,51,0.012823070399463177,5.91769827529788,5.939081842079759,10,9,19,0,,
2026-05-15T23:10:41.786034,clean,naive,{'bins': 10},51,1,2,ok,51,102,0.012593789957463741,5.69737503118813,5.716866871342063,10,12,24,0,,
2026-05-15T23:10:47.763311,clean,naive,{'bins': 10},51,2,2,ok,102,153,0.012688307091593742,5.915858396328986,5.935417462140322,10,17,30,0,,
2026-05-15T23:10:55.134600,clean,naive,{'bins': 10},51,3,2,ok,153,204,0.012717132456600666,7.303444602526724,7.323162798769772,10,19,34,0,,
2026-05-15T23:11:01.846433,clean,naive,{'bins': 10},51,4,2,ok,204,255,0.0831579202786088,6.57684397418052,6.669251254759729,10,14,24,0,,
2026-05-15T23:11:08.200057,clean,naive,{'bins': 10},52,0,2,ok,0,52,0.012683147564530373,6.288060866296291,6.30924394633621,10,9,19,0,,
2026-05-15T23:11:14.529140,clean,naive,{'bins': 10},52,1,2,ok,52,104,0.013434230349957943,6.269014387391508,6.291182900778949,10,16,29,0,,
2026-05-15T23:11:20.681373,clean,naive,{'bins': 10},52,2,2,ok,104,156,0.013233362697064877,6.086720540188253,6.107639764435589,10,21,35,0,,
2026-05-15T23:11:28.002453,clean,naive,{'bins': 10},52,3,2,ok,156,208,0.013356072828173637,7.251624556258321,7.272709341719747,10,9,21,0,,
2026-05-15T23:11:34.278698,clean,naive,{'bins': 10},52,4,2,ok,208,260,0.013398172333836555,6.211444346234202,6.233605735003948,10,15,29,0,,
2026-05-15T23:11:40.603255,clean,naive,{'bins': 10},53,0,2,ok,0,53,0.013203275389969349,6.258420408703387,6.279445752501488,10,9,19,0,,
2026-05-15T23:11:47.181632,clean,naive,{'bins': 10},53,1,2,ok,53,106,0.01330759096890688,6.516015692614019,6.536537338979542,10,19,35,0,,
2026-05-15T23:11:54.161541,clean,naive,{'bins': 10},53,2,2,ok,106,159,0.07262588571757078,6.853316305205226,6.933564762584865,10,12,24,0,,
2026-05-15T23:12:00.863130,clean,naive,{'bins': 10},53,3,2,ok,159,212,0.013225377537310123,6.63646550104022,6.6569838197901845,10,22,36,0,,
2026-05-15T23:12:07.422977,clean,naive,{'bins': 10},53,4,2,ok,212,265,0.013498610816895962,6.494734883308411,6.517089636065066,10,24,39,0,,
2026-05-15T23:12:13.955461,clean,naive,{'bins': 10},54,0,2,ok,0,54,0.012816257774829865,6.467733107507229,6.487748301587999,10,8,18,0,,
2026-05-15T23:12:20.289983,clean,naive,{'bins': 10},54,1,2,ok,54,108,0.013354730792343616,6.270362252369523,6.291336569935083,10,9,19,0,,
2026-05-15T23:12:27.642050,clean,naive,{'bins': 10},54,2,2,ok,108,162,0.013810577802360058,7.280443511903286,7.303485857322812,10,9,20,0,,
2026-05-15T23:12:34.690368,clean,naive,{'bins': 10},54,3,2,ok,162,216,0.013634066097438335,6.980507333762944,7.003531156107783,10,23,38,0,,
2026-05-15T23:12:41.781124,clean,naive,{'bins': 10},54,4,2,ok,216,270,0.014331086538732052,6.960008595138788,7.043447983451188,10,11,23,0,,
2026-05-15T23:12:48.796758,clean,naive,{'bins': 10},55,0,2,ok,0,55,0.013838650658726692,6.942259165458381,6.96618955116719,10,8,18,0,,
2026-05-15T23:12:55.322383,clean,naive,{'bins': 10},55,1,2,ok,55,110,0.014487991109490395,6.459396369755268,6.483732118271291,10,16,31,0,,
2026-05-15T23:13:02.871599,clean,naive,{'bins': 10},55,2,2,ok,110,165,0.014081927947700024,7.47211651597172,7.494637521915138,10,18,32,0,,
2026-05-15T23:13:10.245232,clean,naive,{'bins': 10},55,3,2,ok,165,220,0.013356342911720276,7.309954833239317,7.331618174910545,10,19,35,0,,
2026-05-15T23:13:17.786035,clean,naive,{'bins': 10},55,4,2,ok,220,275,0.013616533018648624,7.4698415054008365,7.492530065588653,10,16,26,0,,
2026-05-15T23:13:25.001398,clean,naive,{'bins': 10},56,0,2,ok,0,56,0.013827639631927013,7.145702573470771,7.167053769342601,10,8,18,0,,
2026-05-15T23:13:32.730928,clean,naive,{'bins': 10},56,1,2,ok,56,112,0.014442776329815388,7.659586972557008,7.68399719055742,10,10,21,0,,
2026-05-15T23:13:40.555968,clean,naive,{'bins': 10},56,2,2,ok,112,168,0.013990365900099277,7.751776895485818,7.775990984402597,10,10,20,0,,
2026-05-15T23:13:47.855207,clean,naive,{'bins': 10},56,3,2,ok,168,224,0.013376781716942787,7.232974927872419,7.253996202722192,10,13,25,0,,
2026-05-15T23:13:55.254112,clean,naive,{'bins': 10},56,4,2,ok,224,280,0.013569323346018791,7.329520070925355,7.350715713575482,10,18,32,0,,
2026-05-15T23:14:02.385341,clean,naive,{'bins': 10},57,0,2,ok,0,57,0.013954848982393742,7.060633609071374,7.082297652959824,10,8,18,0,,
2026-05-15T23:14:09.460513,clean,naive,{'bins': 10},57,1,2,ok,57,114,0.01368662342429161,6.960893897339702,7.029485126025975,10,22,39,0,,
2026-05-15T23:14:17.438903,clean,naive,{'bins': 10},57,2,2,ok,114,171,0.013609950430691242,7.90659096185118,7.927810260094702,10,12,23,0,,
2026-05-15T23:14:25.420227,clean,naive,{'bins': 10},57,3,2,ok,171,228,0.013775111176073551,7.914575718343258,7.936034937389195,10,17,33,0,,
2026-05-15T23:14:33.679265,clean,naive,{'bins': 10},57,4,2,ok,228,285,0.01485461089760065,8.181655729189515,8.207891560159624,10,11,20,0,,
2026-05-15T23:14:41.015987,clean,naive,{'bins': 10},58,0,2,ok,0,58,0.0730642806738615,7.20560325589031,7.287789838388562,10,8,18,0,,
2026-05-15T23:14:48.397168,clean,naive,{'bins': 10},58,1,2,ok,58,116,0.013937615789473057,7.312202854081988,7.333957388065755,10,22,39,0,,
2026-05-15T23:14:56.637868,clean,naive,{'bins': 10},58,2,2,ok,116,174,0.014327779412269592,8.164374773390591,8.18660331889987,10,10,20,0,,
2026-05-15T23:15:05.363940,clean,naive,{'bins': 10},58,3,2,ok,174,232,0.08014039415866137,8.586165248416364,8.675184827297926,10,22,40,0,,
2026-05-15T23:15:13.916843,clean,naive,{'bins': 10},58,4,2,ok,232,290,0.015328992158174515,8.475642960518599,8.50248506013304,10,18,29,0,,
2026-05-15T23:15:21.814928,clean,naive,{'bins': 10},59,0,2,ok,0,59,0.014213263988494873,7.823852893896401,7.846831290051341,10,8,18,0,,
2026-05-15T23:15:29.545068,clean,naive,{'bins': 10},59,1,2,ok,59,118,0.014928217977285385,7.656013498082757,7.67889307718724,10,10,20,0,,
2026-05-15T23:15:38.295436,clean,naive,{'bins': 10},59,2,2,ok,118,177,0.01453179307281971,8.677547726780176,8.700208755210042,10,19,36,0,,
2026-05-15T23:15:47.017089,clean,naive,{'bins': 10},59,3,2,ok,177,236,0.07667612936347723,8.581405167467892,8.668388526886702,10,22,38,0,,
2026-05-15T23:15:55.966581,clean,naive,{'bins': 10},59,4,2,ok,236,295,0.014559505507349968,8.871251178905368,8.896328520961106,10,15,25,0,,
2026-05-15T23:16:03.517341,clean,naive,{'bins': 10},60,0,2,ok,0,60,0.014987580478191376,7.474068977870047,7.49992123618722,10,11,23,0,,
2026-05-15T23:16:11.520168,clean,naive,{'bins': 10},60,1,2,ok,60,120,0.01496986672282219,7.931340613402426,7.954405871219933,10,21,38,0,,
2026-05-15T23:16:20.594820,clean,naive,{'bins': 10},60,2,2,ok,120,180,0.014337939210236073,8.992769306525588,9.01525531616062,10,10,20,0,,
2026-05-15T23:16:29.204829,clean,naive,{'bins': 10},60,3,2,ok,180,240,0.014274037443101406,8.536784887313843,8.55915693193674,10,10,21,0,,
2026-05-15T23:16:37.863128,clean,naive,{'bins': 10},60,4,2,ok,240,300,0.014588860794901848,8.585006598383188,8.608805416151881,10,14,27,0,,
2026-05-15T23:16:45.611703,clean,naive,{'bins': 10},61,0,2,ok,0,61,0.0149846151471138,7.675203873775899,7.6987393964082,10,11,23,0,,
2026-05-15T23:16:53.788967,clean,naive,{'bins': 10},61,1,2,ok,61,122,0.07109982520341873,8.045448084361851,8.127280107699335,10,22,40,0,,
2026-05-15T23:17:03.351147,clean,naive,{'bins': 10},61,2,2,ok,122,183,0.01461423747241497,9.476124088279903,9.499031600542367,10,19,33,0,,
2026-05-15T23:17:12.210025,clean,naive,{'bins': 10},61,3,2,ok,183,244,0.014491205103695393,8.78570409398526,8.808347086422145,10,13,26,0,,
2026-05-15T23:17:21.107151,clean,naive,{'bins': 10},61,4,2,ok,244,305,0.014538396149873734,8.821098934859037,8.843869769014418,10,16,27,0,,
2026-05-15T23:17:29.148298,clean,naive,{'bins': 10},62,0,2,ok,0,62,0.014723975211381912,7.966766141355038,7.989794138818979,10,11,23,0,,
2026-05-15T23:17:37.796928,clean,naive,{'bins': 10},62,1,2,ok,62,124,0.015332569368183613,8.57402991130948,8.59775548055768,10,22,40,0,,
2026-05-15T23:17:47.281464,clean,naive,{'bins': 10},62,2,2,ok,124,186,0.059018407948315144,9.355970790609717,9.425120167434216,10,15,32,0,,
2026-05-15T23:17:56.234798,clean,naive,{'bins': 10},62,3,2,ok,186,248,0.014771554619073868,8.873678863048553,8.896835853345692,10,15,25,0,,
2026-05-15T23:18:05.148379,clean,naive,{'bins': 10},62,4,2,ok,248,310,0.014842325821518898,8.834795093163848,8.857972079887986,10,24,40,0,,
2026-05-15T23:18:13.284512,clean,naive,{'bins': 10},63,0,2,ok,0,63,0.014903572387993336,8.059001795947552,8.082295183092356,10,11,23,0,,
2026-05-15T23:18:21.931834,clean,naive,{'bins': 10},63,1,2,ok,63,126,0.015567871741950512,8.570533655583858,8.594615204259753,10,21,38,0,,
2026-05-15T23:18:31.498244,clean,naive,{'bins': 10},63,2,2,ok,126,189,0.015136931091547012,9.48118357360363,9.504829884506762,10,15,28,0,,
2026-05-15T23:18:40.831736,clean,naive,{'bins': 10},63,3,2,ok,189,252,0.01514060702174902,9.25145015399903,9.275203935801983,10,14,24,0,,
2026-05-15T23:18:50.170867,clean,naive,{'bins': 10},63,4,2,ok,252,315,0.015050929971039295,9.257027479819953,9.280643684789538,10,25,42,0,,
2026-05-15T23:18:58.629884,clean,naive,{'bins': 10},64,0,2,ok,0,64,0.015290830284357071,8.382044597528875,8.405807266011834,10,11,23,0,,
2026-05-15T23:19:07.400047,clean,naive,{'bins': 10},64,1,2,ok,64,128,0.058602807112038136,8.649575477465987,8.717438676394522,10,21,38,0,,
2026-05-15T23:19:17.417244,clean,naive,{'bins': 10},64,2,2,ok,128,192,0.015381279401481152,9.93008491024375,9.95414402615279,10,22,39,0,,
2026-05-15T23:19:26.567757,clean,naive,{'bins': 10},64,3,2,ok,192,256,0.015294946730136871,9.067515428178012,9.091423289850354,10,14,24,0,,
2026-05-15T23:19:36.520872,clean,naive,{'bins': 10},64,4,2,ok,256,320,0.015341355465352535,9.870966884307563,9.894935810938478,10,17,30,0,,
2026-05-15T23:19:45.121755,clean,naive,{'bins': 10},65,0,2,ok,0,65,0.015399985015392303,8.523483391851187,8.547511409036815,10,27,46,0,,
2026-05-15T23:19:54.304085,clean,naive,{'bins': 10},65,1,2,ok,65,130,0.01553037017583847,9.102840782143176,9.127153374254704,10,21,38,0,,
2026-05-15T23:20:04.619086,clean,naive,{'bins': 10},65,2,2,ok,130,195,0.015164073556661606,10.224729735404253,10.248674146831036,10,22,39,0,,
2026-05-15T23:20:13.908885,clean,naive,{'bins': 10},65,3,2,ok,195,260,0.07457468658685684,9.146987016312778,9.230834808200598,10,14,24,0,,
2026-05-15T23:20:24.201757,clean,naive,{'bins': 10},65,4,2,ok,260,325,0.015441973693668842,10.20843743905425,10.232657248154283,10,17,30,0,,
2026-05-15T23:20:33.046152,clean,naive,{'bins': 10},66,0,2,ok,0,66,0.015713203698396683,8.765179728157818,8.789714178070426,10,27,46,0,,
2026-05-15T23:20:42.637647,clean,naive,{'bins': 10},66,1,2,ok,66,132,0.01575100515037775,9.509381134994328,9.53405185136944,10,25,43,0,,
2026-05-15T23:20:53.685467,clean,naive,{'bins': 10},66,2,2,ok,132,198,0.01568583305925131,10.956920494325459,10.981552988290787,10,12,24,0,,
2026-05-15T23:21:03.428028,clean,naive,{'bins': 10},66,3,2,ok,198,264,0.015349751338362694,9.661273553967476,9.685776294209063,10,15,29,0,,
2026-05-15T23:21:14.113317,clean,naive,{'bins': 10},66,4,2,ok,264,330,0.07502177730202675,10.537113956175745,10.621316654607654,10,18,32,0,,
2026-05-15T23:21:23.156981,clean,naive,{'bins': 10},67,0,2,ok,0,67,0.016430803574621677,8.961789938621223,8.987715453840792,10,27,46,0,,
2026-05-15T23:21:33.115667,clean,naive,{'bins': 10},67,1,2,ok,67,134,0.016015351749956608,9.875930673442781,9.901041926816106,10,23,42,0,,
2026-05-15T23:21:44.696046,clean,naive,{'bins': 10},67,2,2,ok,134,201,0.015878926031291485,11.48903935868293,11.514228058047593,10,15,26,0,,
2026-05-15T23:21:54.640929,clean,naive,{'bins': 10},67,3,2,ok,201,268,0.05995726212859154,9.81773116439581,9.88789530750364,10,15,29,0,,
2026-05-15T23:22:05.400518,clean,naive,{'bins': 10},67,4,2,ok,268,335,0.01582380197942257,10.673771001398563,10.69864126201719,10,17,30,0,,
2026-05-15T23:22:14.653955,clean,naive,{'bins': 10},68,0,2,ok,0,68,0.016206009313464165,9.170603580772877,9.195912045426667,10,27,46,0,,
2026-05-15T23:22:24.670500,clean,naive,{'bins': 10},68,1,2,ok,68,136,0.016196453012526035,9.931367500685155,9.956813444383442,10,25,43,0,,
2026-05-15T23:22:36.478205,clean,naive,{'bins': 10},68,2,2,ok,136,204,0.016443696804344654,11.70974776148796,11.735432493500412,10,20,36,0,,
2026-05-15T23:22:46.606475,clean,naive,{'bins': 10},68,3,2,ok,204,272,0.01636015996336937,10.043598474003375,10.069133374840021,10,16,32,0,,
2026-05-15T23:22:57.667658,clean,naive,{'bins': 10},68,4,2,ok,272,340,0.016259130090475082,10.973145917057991,10.998667992651463,10,17,30,0,,
2026-05-15T23:23:07.180431,clean,naive,{'bins': 10},69,0,2,ok,0,69,0.016056619584560394,9.42897227499634,9.454278455115855,10,27,46,0,,
2026-05-15T23:23:17.551448,clean,naive,{'bins': 10},69,1,2,ok,69,138,0.016969705931842327,10.283394606783986,10.309745992533863,10,12,24,0,,
2026-05-15T23:23:29.796248,clean,naive,{'bins': 10},69,2,2,ok,138,207,0.06035213451832533,12.100713890045881,12.17099260725081,10,20,36,0,,
2026-05-15T23:23:40.549201,clean,naive,{'bins': 10},69,3,2,ok,207,276,0.061333137564361095,10.621261928230524,10.692977346479893,10,15,29,0,,
2026-05-15T23:23:51.776402,clean,naive,{'bins': 10},69,4,2,ok,276,345,0.01645913626998663,11.142077580094337,11.167857992462814,10,14,27,0,,
2026-05-15T23:24:01.490574,clean,naive,{'bins': 10},70,0,2,ok,0,70,0.016535700298845768,9.628367614001036,9.654499505646527,10,27,46,0,,
2026-05-15T23:24:12.060072,clean,naive,{'bins': 10},70,1,2,ok,70,140,0.01721084024757147,10.479880720376968,10.50673629436642,10,9,20,0,,
2026-05-15T23:24:24.578218,clean,naive,{'bins': 10},70,2,2,ok,140,210,0.01658475212752819,12.415278381668031,12.44141490291804,10,20,36,0,,
2026-05-15T23:24:35.422877,clean,naive,{'bins': 10},70,3,2,ok,210,280,0.01665917132049799,10.758013736456633,10.784190263599157,10,15,29,0,,
2026-05-15T23:24:46.675725,clean,naive,{'bins': 10},70,4,2,ok,280,350,0.016774941235780716,11.160396571271122,11.186847433447838,10,16,26,0,,
2026-05-15T23:24:56.647494,clean,naive,{'bins': 10},71,0,2,ok,0,71,0.0171818844974041,9.885118789970875,9.91187015734613,10,27,46,0,,
2026-05-15T23:25:07.571290,clean,naive,{'bins': 10},71,1,2,ok,71,142,0.01670710276812315,10.83055569510907,10.856839573010802,10,11,23,0,,
2026-05-15T23:25:20.296197,clean,naive,{'bins': 10},71,2,2,ok,142,213,0.016870220191776752,12.623121174052358,12.64978717174381,10,16,28,0,,
2026-05-15T23:25:31.642776,clean,naive,{'bins': 10},71,3,2,ok,213,284,0.01698779035359621,11.258048222400248,11.28471382893622,10,16,32,0,,
2026-05-15T23:25:43.278571,clean,naive,{'bins': 10},71,4,2,ok,284,355,0.017067640088498592,11.549061046913266,11.575799530372024,10,23,41,0,,
2026-05-15T23:25:53.554047,clean,naive,{'bins': 10},72,0,2,ok,0,72,0.017031673341989517,10.1876484118402,10.21440342720598,10,27,46,0,,
2026-05-15T23:26:04.695665,clean,naive,{'bins': 10},72,1,2,ok,72,144,0.061416953802108765,11.00107429921627,11.072893911972642,10,11,23,0,,
2026-05-15T23:26:17.589282,clean,naive,{'bins': 10},72,2,2,ok,144,216,0.01785324700176716,12.793124577961862,12.820933133363724,10,18,32,0,,
2026-05-15T23:26:29.456506,clean,naive,{'bins': 10},72,3,2,ok,216,288,0.01724403165280819,11.77602936513722,11.80297548789531,10,16,32,0,,
2026-05-15T23:26:40.906386,clean,naive,{'bins': 10},72,4,2,ok,288,360,0.017225987277925014,11.312092547304928,11.384990878403187,10,22,39,0,,
2026-05-15T23:26:51.509939,clean,naive,{'bins': 10},73,0,2,ok,0,73,0.01729851495474577,10.513837297447026,10.540912434458733,10,27,46,0,,
2026-05-15T23:27:02.599616,clean,naive,{'bins': 10},73,1,2,ok,73,146,0.06179328169673681,10.94887192454189,11.021487374790013,10,12,23,0,,
2026-05-15T23:27:15.882050,clean,naive,{'bins': 10},73,2,2,ok,146,219,0.017992999404668808,13.17228195630014,13.200332656502724,10,20,36,0,,
2026-05-15T23:27:27.858555,clean,naive,{'bins': 10},73,3,2,ok,219,292,0.017557039856910706,11.878146142698824,11.90566824004054,10,13,23,0,,
2026-05-15T23:27:40.059811,clean,naive,{'bins': 10},73,4,2,ok,292,365,0.06169017869979143,12.06108868215233,12.134185647591949,10,22,39,0,,
2026-05-15T23:27:50.951515,clean,naive,{'bins': 10},74,0,2,ok,0,74,0.017533134669065475,10.800937302410603,10.828385318629444,10,27,46,0,,
2026-05-15T23:28:02.665809,clean,naive,{'bins': 10},74,1,2,ok,74,148,0.017548163421452045,11.611850621178746,11.639446747489274,10,24,43,0,,
2026-05-15T23:28:16.114539,clean,naive,{'bins': 10},74,2,2,ok,148,222,0.01823792140930891,13.338590025901794,13.367066837847233,10,20,36,0,,
2026-05-15T23:28:28.648740,clean,naive,{'bins': 10},74,3,2,ok,222,296,0.017733080312609673,12.435067117214203,12.46286862809211,10,16,27,0,,
2026-05-15T23:28:41.395223,clean,naive,{'bins': 10},74,4,2,ok,296,370,0.017798143438994884,12.6487380778417,12.676626292057335,10,22,39,0,,
2026-05-15T23:28:52.566402,clean,naive,{'bins': 10},75,0,2,ok,0,75,0.017822579480707645,11.078429337590933,11.106162810698152,10,27,46,0,,
2026-05-15T23:29:04.389122,clean,naive,{'bins': 10},75,1,2,ok,75,150,0.017984152771532536,11.721396338194609,11.749514915049076,10,15,28,0,,
2026-05-15T23:29:18.215644,clean,naive,{'bins': 10},75,2,2,ok,150,225,0.07743174489587545,13.65895260963589,13.747439419850707,10,12,22,0,,
2026-05-15T23:29:31.143212,clean,naive,{'bins': 10},75,3,2,ok,225,300,0.017770341597497463,12.82729370240122,12.855277625843883,10,16,28,0,,
2026-05-15T23:29:44.252510,clean,naive,{'bins': 10},75,4,2,ok,300,375,0.018110700882971287,13.005973511375487,13.034364781342447,10,22,35,0,,
2026-05-15T23:29:55.748539,clean,naive,{'bins': 10},76,0,2,ok,0,76,0.018054425716400146,11.402840565890074,11.431071654893458,10,27,46,0,,
2026-05-15T23:30:08.170890,clean,naive,{'bins': 10},76,1,2,ok,76,152,0.01808248832821846,12.316956403665245,12.345316495746374,10,25,44,0,,
2026-05-15T23:30:21.966205,clean,naive,{'bins': 10},76,2,2,ok,152,228,0.07800012174993753,13.624071205034852,13.713851866312325,10,12,22,0,,
2026-05-15T23:30:34.929905,clean,naive,{'bins': 10},76,3,2,ok,228,304,0.01816450245678425,12.860912282019854,12.889545666985214,10,18,31,0,,
2026-05-15T23:30:48.666645,clean,naive,{'bins': 10},76,4,2,ok,304,380,0.01801623310893774,13.63159153982997,13.659930321387947,10,22,35,0,,
2026-05-15T23:31:00.457860,clean,naive,{'bins': 10},77,0,2,ok,0,77,0.018343878909945488,11.692820843309164,11.7215769989416,10,27,46,0,,
2026-05-15T23:31:12.838804,clean,naive,{'bins': 10},77,1,2,ok,77,154,0.07815740816295147,12.220997041091323,12.310627970844507,10,19,35,0,,
2026-05-15T23:31:27.071488,clean,naive,{'bins': 10},77,2,2,ok,154,231,0.018421254120767117,14.120758377946913,14.14972020033747,10,14,26,0,,
2026-05-15T23:31:40.594380,clean,naive,{'bins': 10},77,3,2,ok,231,308,0.018460498191416264,13.419456480070949,13.448398154228926,10,19,31,0,,
2026-05-15T23:31:54.456183,clean,naive,{'bins': 10},77,4,2,ok,308,385,0.01846626028418541,13.751796901226044,13.780862409621477,10,15,24,0,,
2026-05-15T23:32:06.446166,clean,naive,{'bins': 10},78,0,2,ok,0,78,0.018278326839208603,11.890770407393575,11.919636530801654,10,27,46,0,,
2026-05-15T23:32:18.973642,clean,naive,{'bins': 10},78,1,2,ok,78,156,0.07849476113915443,12.36144736316055,12.45097164157778,10,12,25,0,,
2026-05-15T23:32:33.891391,clean,naive,{'bins': 10},78,2,2,ok,156,234,0.01860317587852478,14.803052732720971,14.832316191866994,10,14,26,0,,
2026-05-15T23:32:47.608860,clean,naive,{'bins': 10},78,3,2,ok,234,312,0.019213885068893433,13.60899724252522,13.638922325335443,10,18,31,0,,
2026-05-15T23:33:02.132975,clean,naive,{'bins': 10},78,4,2,ok,312,390,0.018512415699660778,14.404047760181129,14.433179031126201,10,12,24,0,,
2026-05-15T23:33:14.438272,clean,naive,{'bins': 10},79,0,2,ok,0,79,0.019389115273952484,12.203856589272618,12.233999783173203,10,27,46,0,,
2026-05-15T23:33:27.091095,clean,naive,{'bins': 10},79,1,2,ok,79,158,0.01918089296668768,12.546445019543171,12.576436237432063,10,12,25,0,,
2026-05-15T23:33:42.166623,clean,naive,{'bins': 10},79,2,2,ok,158,237,0.06288156565278769,14.913575419224799,14.98793994449079,10,12,22,0,,
2026-05-15T23:33:56.182561,clean,naive,{'bins': 10},79,3,2,ok,237,316,0.01902908831834793,13.906773747876287,13.936686798930168,10,18,31,0,,
2026-05-15T23:34:10.157772,clean,naive,{'bins': 10},79,4,2,ok,316,395,0.0632919566705823,13.813090392388403,13.888642069883645,10,10,22,0,,
2026-05-15T23:34:22.820882,clean,naive,{'bins': 10},80,0,2,ok,0,80,0.019016153179109097,12.56153594981879,12.591547024436295,10,27,46,0,,
2026-05-15T23:34:37.529752,clean,naive,{'bins': 10},80,1,2,ok,80,160,0.01917845755815506,14.599024509079754,14.62906751409173,10,12,24,0,,
2026-05-15T23:34:51.230764,clean,naive,{'bins': 10},80,2,2,ok,160,240,0.019014829769730568,13.590128646232188,13.619906992651522,10,11,21,0,,
2026-05-15T23:35:06.000085,clean,naive,{'bins': 10},80,3,2,ok,240,320,0.06307472754269838,14.620641915127635,14.69523374736309,10,15,28,0,,
2026-05-15T23:35:20.803432,clean,naive,{'bins': 10},80,4,2,ok,320,400,0.07896134816110134,14.627315785735846,14.717526784166694,10,13,26,0,,
2026-05-15T23:35:33.743004,clean,naive,{'bins': 10},81,0,2,ok,0,81,0.019155655056238174,12.836473729461432,12.866630588658154,10,27,46,0,,
2026-05-15T23:35:48.908466,clean,naive,{'bins': 10},81,1,2,ok,81,162,0.0639139162376523,15.005588000640273,15.081486548297107,10,14,25,0,,
2026-05-15T23:36:03.102562,clean,naive,{'bins': 10},81,2,2,ok,162,243,0.019372903741896152,14.080612022429705,14.111127103678882,10,16,30,0,,
2026-05-15T23:36:17.977133,clean,naive,{'bins': 10},81,3,2,ok,243,324,0.07898982986807823,14.697972406633198,14.788631386123598,10,11,20,0,,
2026-05-15T23:36:32.729323,clean,naive,{'bins': 10},81,4,2,ok,324,405,0.019274667836725712,14.587743544951081,14.664067331701517,10,19,34,0,,
2026-05-15T23:36:46.229254,clean,naive,{'bins': 10},82,0,2,ok,0,82,0.02008451148867607,13.394191786646843,13.426034724339843,10,27,46,0,,
2026-05-15T23:37:01.515739,clean,naive,{'bins': 10},82,1,2,ok,82,164,0.01937379501760006,15.167767902836204,15.198428008705378,10,12,23,0,,
2026-05-15T23:37:16.529630,clean,naive,{'bins': 10},82,2,2,ok,164,246,0.07916592061519623,14.83966844715178,14.930253006517887,10,14,25,0,,
2026-05-15T23:37:31.789725,clean,naive,{'bins': 10},82,3,2,ok,246,328,0.01938234083354473,15.145876144990325,15.176497305743396,10,19,35,0,,
2026-05-15T23:37:47.167681,clean,naive,{'bins': 10},82,4,2,ok,328,410,0.019737759605050087,15.254595149308443,15.285657049156725,10,15,26,0,,
2026-05-15T23:38:00.914212,clean,naive,{'bins': 10},83,0,2,ok,0,83,0.019649063237011433,13.639049761928618,13.670033575035632,10,27,46,0,,
2026-05-15T23:38:16.550406,clean,naive,{'bins': 10},83,1,2,ok,83,166,0.02049379050731659,15.511062940582633,15.543014814145863,10,10,20,0,,
2026-05-15T23:38:31.832051,clean,naive,{'bins': 10},83,2,2,ok,166,249,0.019867093302309513,15.163814605213702,15.195057125762105,10,14,25,0,,
2026-05-15T23:38:47.441004,clean,naive,{'bins': 10},83,3,2,ok,249,332,0.019768627360463142,15.495594839565456,15.526777556166053,10,18,33,0,,
2026-05-15T23:39:03.051185,clean,naive,{'bins': 10},83,4,2,ok,332,415,0.020109599456191063,15.484743286855519,15.516346254386008,10,19,34,0,,
2026-05-15T23:39:17.086082,clean,naive,{'bins': 10},84,0,2,ok,0,84,0.07954979129135609,13.867208599112928,13.958429073914886,10,27,46,0,,
2026-05-15T23:39:33.293806,clean,naive,{'bins': 10},84,1,2,ok,84,168,0.0199975473806262,16.087778438813984,16.11940012127161,10,12,26,0,,
2026-05-15T23:39:48.881111,clean,naive,{'bins': 10},84,2,2,ok,168,252,0.020056958310306072,15.467898849397898,15.499482189305127,10,14,25,0,,
2026-05-15T23:40:05.057774,clean,naive,{'bins': 10},84,3,2,ok,252,336,0.019885746762156487,16.053867020644248,16.085297683253884,10,18,34,0,,
2026-05-15T23:40:21.447634,clean,naive,{'bins': 10},84,4,2,ok,336,420,0.020876149646937847,16.260765148326755,16.29336769413203,10,13,26,0,,
2026-05-15T23:40:35.837659,clean,naive,{'bins': 10},85,0,2,ok,0,85,0.020230846479535103,14.28029765933752,14.31205577775836,10,27,46,0,,
2026-05-15T23:40:52.212934,clean,naive,{'bins': 10},85,1,2,ok,85,170,0.02022634632885456,16.25639042351395,16.28833401016891,10,12,23,0,,
2026-05-15T23:41:08.075673,clean,naive,{'bins': 10},85,2,2,ok,170,255,0.020372130908071995,15.74087059404701,15.77290854882449,10,14,25,0,,
2026-05-15T23:41:24.563276,clean,naive,{'bins': 10},85,3,2,ok,255,340,0.020356712862849236,16.36622439045459,16.39819486811757,10,19,34,0,,
2026-05-15T23:41:43.118625,clean,naive,{'bins': 10},85,4,2,ok,340,425,0.02130061760544777,18.41597515437752,18.44976652599871,10,12,24,0,,
2026-05-15T23:41:57.417640,clean,naive,{'bins': 10},86,0,2,ok,0,86,0.02044858504086733,14.182001610286534,14.214154550805688,10,15,31,0,,
2026-05-15T23:42:14.471416,clean,naive,{'bins': 10},86,1,2,ok,86,172,0.06552237831056118,16.87853499688208,16.956783891655505,10,14,25,0,,
2026-05-15T23:42:30.282410,clean,naive,{'bins': 10},86,2,2,ok,172,258,0.020518025383353233,15.68909134157002,15.721362303942442,10,14,25,0,,
2026-05-15T23:42:47.287883,clean,naive,{'bins': 10},86,3,2,ok,258,344,0.020558522082865238,16.88174613378942,16.914043225347996,10,19,34,0,,
2026-05-15T23:43:05.730260,clean,naive,{'bins': 10},86,4,2,ok,344,430,0.020729749463498592,18.311599284410477,18.34424278140068,10,13,25,0,,
2026-05-15T23:43:20.580807,clean,naive,{'bins': 10},87,0,2,ok,0,87,0.021727224811911583,14.729127476923168,14.763457764871418,10,15,31,0,,
2026-05-15T23:43:37.854593,clean,naive,{'bins': 10},87,1,2,ok,87,174,0.020464200526475906,17.143360185436904,17.175900237634778,10,14,25,0,,
2026-05-15T23:43:55.059587,clean,naive,{'bins': 10},87,2,2,ok,174,261,0.020709712989628315,17.0826475918293,17.115302249789238,10,18,32,0,,
2026-05-15T23:44:12.449764,clean,naive,{'bins': 10},87,3,2,ok,261,348,0.020749988965690136,17.2648110287264,17.297369646839797,10,15,28,0,,
2026-05-15T23:44:30.930533,clean,naive,{'bins': 10},87,4,2,ok,348,435,0.021052817814052105,18.344087501056492,18.377275553531945,10,11,21,0,,
2026-05-15T23:44:45.973210,clean,naive,{'bins': 10},88,0,2,ok,0,88,0.02085521724075079,14.922280198894441,14.955062697641551,10,15,31,0,,
2026-05-15T23:45:03.268633,clean,naive,{'bins': 10},88,1,2,ok,88,176,0.06561532150954008,17.118500985205173,17.196517820470035,10,11,21,0,,
2026-05-15T23:45:20.745465,clean,naive,{'bins': 10},88,2,2,ok,176,264,0.08071920648217201,17.295411325991154,17.388494255021214,10,19,34,0,,
2026-05-15T23:45:38.447572,clean,naive,{'bins': 10},88,3,2,ok,264,352,0.02099188230931759,17.569634607061744,17.602719213813543,10,14,25,0,,
2026-05-15T23:45:56.961551,clean,naive,{'bins': 10},88,4,2,ok,352,440,0.021050703711807728,18.372250778600574,18.405529680661857,10,19,34,0,,
2026-05-15T23:46:12.283826,clean,naive,{'bins': 10},89,0,2,ok,0,89,0.0211219172924757,15.20086129847914,15.23402524460107,10,14,29,0,,
2026-05-15T23:46:30.419370,clean,naive,{'bins': 10},89,1,2,ok,89,178,0.020992313511669636,17.999060704372823,18.03240519016981,10,14,25,0,,
2026-05-15T23:46:47.945407,clean,naive,{'bins': 10},89,2,2,ok,178,267,0.021226434037089348,17.403065791353583,17.436669293791056,10,18,32,0,,
2026-05-15T23:47:04.828046,clean,naive,{'bins': 10},89,3,2,ok,267,356,0.02116677165031433,16.748162485659122,16.781465844251215,10,12,21,0,,
2026-05-15T23:47:23.026505,clean,naive,{'bins': 10},89,4,2,ok,356,445,0.021364564076066017,18.067184679210186,18.100787528790534,10,14,28,0,,
2026-05-15T23:47:38.606193,clean,naive,{'bins': 10},90,0,2,ok,0,90,0.021355004981160164,15.454183302819729,15.487794138491154,10,10,21,0,,
2026-05-15T23:47:57.387497,clean,naive,{'bins': 10},90,1,2,ok,90,180,0.06587521079927683,18.597080587409437,18.675650352612138,10,13,24,0,,
2026-05-15T23:48:14.977879,clean,naive,{'bins': 10},90,2,2,ok,180,270,0.06588038988411427,17.42037345468998,17.50060554407537,10,21,37,0,,
2026-05-15T23:48:32.616009,clean,naive,{'bins': 10},90,3,2,ok,270,360,0.0661318227648735,17.467234700918198,17.546446754597127,10,13,25,0,,
2026-05-15T23:48:50.598301,clean,naive,{'bins': 10},90,4,2,ok,360,450,0.021545072086155415,17.843502988107502,17.877347412519157,10,19,34,0,,
2026-05-15T23:49:06.575653,clean,naive,{'bins': 10},91,0,2,ok,0,91,0.021652924828231335,15.848843149840832,15.882900474593043,10,10,21,0,,
2026-05-15T23:49:25.976665,clean,naive,{'bins': 10},91,1,2,ok,91,182,0.08162031043320894,19.196277130395174,19.29102129302919,10,14,28,0,,
2026-05-15T23:49:43.930124,clean,naive,{'bins': 10},91,2,2,ok,182,273,0.02190464921295643,17.827670412138104,17.862206395715475,10,21,37,0,,
2026-05-15T23:50:02.167716,clean,naive,{'bins': 10},91,3,2,ok,273,364,0.021701646968722343,18.116399561986327,18.15078812930733,10,30,49,0,,
2026-05-15T23:50:20.428930,clean,naive,{'bins': 10},91,4,2,ok,364,455,0.022441868670284748,18.12032786011696,18.155465454794466,10,11,22,0,,
2026-05-15T23:50:37.373225,clean,naive,{'bins': 10},92,0,2,ok,0,92,0.022046665661036968,16.82181406300515,16.856638609431684,10,17,35,0,,
2026-05-15T23:50:56.801379,clean,naive,{'bins': 10},92,1,2,ok,92,184,0.021855016238987446,19.284893793053925,19.31945699919015,10,12,22,0,,
2026-05-15T23:51:15.498949,clean,naive,{'bins': 10},92,2,2,ok,184,276,0.021982455626130104,18.556826006621122,18.591546659357846,10,13,22,0,,
2026-05-15T23:51:33.655332,clean,naive,{'bins': 10},92,3,2,ok,276,368,0.021802978590130806,17.979330466128886,18.06185534596443,10,25,43,0,,
2026-05-15T23:51:52.716526,clean,naive,{'bins': 10},92,4,2,ok,368,460,0.021969270892441273,18.91799369826913,18.952679704874754,10,14,28,0,,
2026-05-15T23:52:10.167642,clean,naive,{'bins': 10},93,0,2,ok,0,93,0.02217152062803507,17.323131542652845,17.358034587465227,10,11,23,0,,
2026-05-15T23:52:30.080621,clean,naive,{'bins': 10},93,1,2,ok,93,186,0.02235526591539383,19.763879275880754,19.799058449454606,10,15,27,0,,
2026-05-15T23:52:49.078446,clean,naive,{'bins': 10},93,2,2,ok,186,279,0.022322824224829674,18.85595305263996,18.89114880748093,10,13,22,0,,
2026-05-15T23:53:08.028630,clean,naive,{'bins': 10},93,3,2,ok,279,372,0.022107349708676338,18.818865875713527,18.85374611709267,10,23,40,0,,
2026-05-15T23:53:27.308876,clean,naive,{'bins': 10},93,4,2,ok,372,465,0.08289807196706533,19.082500698044896,19.17962652631104,10,16,30,0,,
2026-05-15T23:53:45.064227,clean,naive,{'bins': 10},94,0,2,ok,0,94,0.02228538878262043,17.62615924142301,17.661155231297016,10,11,23,0,,
2026-05-15T23:54:04.796373,clean,naive,{'bins': 10},94,1,2,ok,94,188,0.022748298943042755,19.581454354338348,19.617321803234518,10,15,30,0,,
2026-05-15T23:54:24.285747,clean,naive,{'bins': 10},94,2,2,ok,188,282,0.022659221664071083,19.35379475634545,19.38970819208771,10,22,37,0,,
2026-05-15T23:54:43.644874,clean,naive,{'bins': 10},94,3,2,ok,282,376,0.022326997481286526,19.22556815855205,19.260914978571236,10,23,40,0,,
2026-05-15T23:55:03.968919,clean,naive,{'bins': 10},94,4,2,ok,376,470,0.022617513313889503,20.17473861668259,20.2103605940938,10,17,30,0,,
2026-05-15T23:55:22.056263,clean,naive,{'bins': 10},95,0,2,ok,0,95,0.023071657866239548,17.953391395509243,17.9896045839414,10,11,23,0,,
2026-05-15T23:55:41.964223,clean,naive,{'bins': 10},95,1,2,ok,95,190,0.02298018615692854,19.756855934858322,19.79312359634787,10,18,33,0,,
2026-05-15T23:56:02.122556,clean,naive,{'bins': 10},95,2,2,ok,190,285,0.022719023749232292,20.021172689273953,20.05703018885106,10,20,34,0,,
2026-05-15T23:56:22.098175,clean,naive,{'bins': 10},95,3,2,ok,285,380,0.023308731615543365,19.839182691648602,19.875613037496805,10,23,40,0,,
2026-05-15T23:56:42.945925,clean,naive,{'bins': 10},95,4,2,ok,380,475,0.022928046993911266,20.699992788024247,20.736354786902666,10,18,31,0,,
2026-05-15T23:57:01.489982,clean,naive,{'bins': 10},96,0,2,ok,0,96,0.022779078222811222,18.408654207363725,18.44457044824958,10,11,23,0,,
2026-05-15T23:57:21.903858,clean,naive,{'bins': 10},96,1,2,ok,96,192,0.023571827448904514,20.264254831708968,20.30148284882307,10,18,33,0,,
2026-05-15T23:57:42.622364,clean,naive,{'bins': 10},96,2,2,ok,192,288,0.022865178994834423,20.58236614242196,20.618696241639555,10,21,36,0,,
2026-05-15T23:58:03.272925,clean,naive,{'bins': 10},96,3,2,ok,288,384,0.06791644170880318,20.46426979638636,20.54615288041532,10,23,40,0,,
2026-05-15T23:58:24.892570,clean,naive,{'bins': 10},96,4,2,ok,384,480,0.023935440927743912,21.46865597181022,21.5061373449862,10,18,31,0,,
2026-05-15T23:58:43.629010,clean,naive,{'bins': 10},97,0,2,ok,0,97,0.023588658310472965,18.601143181324005,18.637978529557586,10,12,24,0,,
2026-05-15T23:59:04.274789,clean,naive,{'bins': 10},97,1,2,ok,97,194,0.023220157250761986,20.494361463934183,20.53108735755086,10,13,24,0,,
2026-05-15T23:59:24.972097,clean,naive,{'bins': 10},97,2,2,ok,194,291,0.023137622512876987,20.55217769369483,20.588849085383117,10,14,28,0,,
2026-05-15T23:59:46.800046,clean,naive,{'bins': 10},97,3,2,ok,291,388,0.023026060312986374,21.68588350340724,21.722508425824344,10,22,39,0,,
2026-05-16T00:00:08.651871,clean,naive,{'bins': 10},97,4,2,ok,388,485,0.02352768462151289,21.697165766730905,21.7342614447698,10,12,22,0,,
2026-05-16T00:00:27.794690,clean,naive,{'bins': 10},98,0,2,ok,0,98,0.023145485669374466,19.005046479403973,19.041776950471103,10,12,24,0,,
2026-05-16T00:00:48.779295,clean,naive,{'bins': 10},98,1,2,ok,98,196,0.023610921576619148,20.827575656585395,20.865078740753233,10,11,21,0,,
2026-05-16T00:01:09.574015,clean,naive,{'bins': 10},98,2,2,ok,196,294,0.023377942852675915,20.649331429041922,20.68624434247613,10,14,28,0,,
2026-05-16T00:01:31.450888,clean,naive,{'bins': 10},98,3,2,ok,294,392,0.02344813570380211,21.731851007789373,21.76907031890005,10,21,38,0,,
2026-05-16T00:01:53.771207,clean,naive,{'bins': 10},98,4,2,ok,392,490,0.02387007512152195,22.165645327419043,22.203377759084105,10,13,24,0,,
2026-05-16T00:02:13.187514,clean,naive,{'bins': 10},99,0,2,ok,0,99,0.02344939485192299,19.276305098086596,19.313257572241127,10,12,24,0,,
2026-05-16T00:02:35.220001,clean,naive,{'bins': 10},99,1,2,ok,99,198,0.024069429375231266,21.874911130405962,21.91309074126184,10,17,32,0,,
2026-05-16T00:02:56.101347,clean,naive,{'bins': 10},99,2,2,ok,198,297,0.023588665761053562,20.73450436629355,20.771909170784056,10,14,28,0,,
2026-05-16T00:03:18.371078,clean,naive,{'bins': 10},99,3,2,ok,297,396,0.023851399309933186,22.11659762635827,22.154466222040355,10,23,42,0,,
2026-05-16T00:03:41.144961,clean,naive,{'bins': 10},99,4,2,ok,396,495,0.023781990632414818,22.617594596929848,22.655388814397156,10,18,31,0,,
2026-05-16T00:04:01.085857,clean,naive,{'bins': 10},100,0,2,ok,0,100,0.06858546193689108,19.753577352501452,19.83637247234583,10,12,24,0,,
2026-05-16T00:04:24.105806,clean,naive,{'bins': 10},100,1,2,ok,100,200,0.02449091337621212,22.85696065146476,22.895537790842354,10,12,22,0,,
2026-05-16T00:04:45.173279,clean,naive,{'bins': 10},100,2,2,ok,200,300,0.02379124704748392,20.871414294466376,20.95585505757481,10,18,31,0,,
2026-05-16T00:05:07.596268,clean,naive,{'bins': 10},100,3,2,ok,300,400,0.06879446469247341,22.222139356657863,22.305429166182876,10,24,39,0,,
2026-05-16T00:05:30.454708,clean,naive,{'bins': 10},100,4,2,ok,400,500,0.02403318230062723,22.700723481364548,22.738994325511158,10,17,29,0,,
2026-05-16T00:05:30.510669,clean,sax,"{'w': 144, 'bins': 10}",1,0,2,ok,0,1,0.011059768497943878,0.0032412922009825706,0.014545288868248463,10,18,19,0,,
2026-05-16T00:05:30.526072,clean,sax,"{'w': 144, 'bins': 10}",1,1,2,ok,1,2,0.010554227977991104,0.003793279640376568,0.014527956955134869,10,20,21,0,,
2026-05-16T00:05:30.584648,clean,sax,"{'w': 144, 'bins': 10}",1,2,2,ok,2,3,0.0104986522346735,0.046903228387236595,0.05757367331534624,10,20,19,0,,
2026-05-16T00:05:30.599709,clean,sax,"{'w': 144, 'bins': 10}",1,3,2,ok,3,4,0.010777847841382027,0.0029977140948176384,0.014014150947332382,10,19,19,0,,
2026-05-16T00:05:30.613676,clean,sax,"{'w': 144, 'bins': 10}",1,4,2,ok,4,5,0.010383296757936478,0.002516629174351692,0.013075876981019974,10,18,18,0,,
2026-05-16T00:05:30.669175,clean,sax,"{'w': 144, 'bins': 10}",2,0,2,ok,0,2,0.020624344237148762,0.013158412650227547,0.03413634095340967,10,23,26,0,,
2026-05-16T00:05:30.697986,clean,sax,"{'w': 144, 'bins': 10}",2,1,2,ok,2,4,0.020379594527184963,0.007149898447096348,0.02776696067303419,10,22,22,0,,
2026-05-16T00:05:30.727954,clean,sax,"{'w': 144, 'bins': 10}",2,2,2,ok,4,6,0.02043757401406765,0.008244075812399387,0.028919527307152748,10,21,22,0,,
2026-05-16T00:05:30.764140,clean,sax,"{'w': 144, 'bins': 10}",2,3,2,ok,6,8,0.02030949294567108,0.014436675235629082,0.034988824278116226,10,26,29,0,,
2026-05-16T00:05:30.800397,clean,sax,"{'w': 144, 'bins': 10}",2,4,2,ok,8,10,0.020456761121749878,0.014334281906485558,0.03503168560564518,10,22,25,0,,
2026-05-16T00:05:30.878412,clean,sax,"{'w': 144, 'bins': 10}",3,0,2,ok,0,3,0.030379860661923885,0.025974431075155735,0.05668674688786268,10,33,37,0,,
2026-05-16T00:05:30.928064,clean,sax,"{'w': 144, 'bins': 10}",3,1,2,ok,3,6,0.03024166077375412,0.01774541288614273,0.04829151649028063,10,20,22,0,,
2026-05-16T00:05:30.979561,clean,sax,"{'w': 144, 'bins': 10}",3,2,2,ok,6,9,0.030423753894865513,0.019366880878806114,0.05010003689676523,10,17,21,0,,
2026-05-16T00:05:31.037983,clean,sax,"{'w': 144, 'bins': 10}",3,3,2,ok,9,12,0.030288269743323326,0.02639505174010992,0.05699877440929413,10,27,32,0,,
2026-05-16T00:05:31.087045,clean,sax,"{'w': 144, 'bins': 10}",3,4,2,ok,12,15,0.030432891100645065,0.015578941442072392,0.046321384608745575,10,16,20,0,,
2026-05-16T00:05:31.177100,clean,sax,"{'w': 144, 'bins': 10}",4,0,2,ok,0,4,0.040324543602764606,0.027539893984794617,0.06826670281589031,10,21,25,0,,
2026-05-16T00:05:31.245435,clean,sax,"{'w': 144, 'bins': 10}",4,1,2,ok,4,8,0.04025917034596205,0.02582104317843914,0.06645200215280056,10,22,26,0,,
2026-05-16T00:05:31.319771,clean,sax,"{'w': 144, 'bins': 10}",4,2,2,ok,8,12,0.0403656205162406,0.031856637448072433,0.07260166108608246,10,15,19,0,,
2026-05-16T00:05:31.387875,clean,sax,"{'w': 144, 'bins': 10}",4,3,2,ok,12,16,0.04048342164605856,0.025341511704027653,0.06619298458099365,10,25,31,0,,
2026-05-16T00:05:31.452162,clean,sax,"{'w': 144, 'bins': 10}",4,4,2,ok,16,20,0.04024726804345846,0.02194157149642706,0.06255328468978405,10,23,25,0,,
2026-05-16T00:05:31.556802,clean,sax,"{'w': 144, 'bins': 10}",5,0,2,ok,0,5,0.050378049723804,0.031431798823177814,0.08225959353148937,10,22,26,0,,
2026-05-16T00:05:31.649820,clean,sax,"{'w': 144, 'bins': 10}",5,1,2,ok,5,10,0.050361537374556065,0.04021332412958145,0.09100235532969236,10,15,19,0,,
2026-05-16T00:05:31.735152,clean,sax,"{'w': 144, 'bins': 10}",5,2,2,ok,10,15,0.0505039356648922,0.03219681791961193,0.08312606252729893,10,15,20,0,,
2026-05-16T00:05:31.815865,clean,sax,"{'w': 144, 'bins': 10}",5,3,2,ok,15,20,0.050559891387820244,0.027677061967551708,0.07867158018052578,10,22,26,0,,
2026-05-16T00:05:31.889011,clean,sax,"{'w': 144, 'bins': 10}",5,4,2,ok,20,25,0.05056341737508774,0.020269458182156086,0.07125681266188622,10,19,23,0,,
2026-05-16T00:05:32.016611,clean,sax,"{'w': 144, 'bins': 10}",6,0,2,ok,0,6,0.060106005519628525,0.04456103593111038,0.10517832264304161,10,25,29,0,,
2026-05-16T00:05:32.125659,clean,sax,"{'w': 144, 'bins': 10}",6,1,2,ok,6,12,0.060749683529138565,0.045622000470757484,0.10685541294515133,10,15,19,0,,
2026-05-16T00:05:32.223838,clean,sax,"{'w': 144, 'bins': 10}",6,2,2,ok,12,18,0.06025488395243883,0.033526765182614326,0.09427291247993708,10,23,29,0,,
2026-05-16T00:05:32.321124,clean,sax,"{'w': 144, 'bins': 10}",6,3,2,ok,18,24,0.06012587063014507,0.0344374580308795,0.09504485409706831,10,16,21,0,,
2026-05-16T00:05:32.423289,clean,sax,"{'w': 144, 'bins': 10}",6,4,2,ok,24,30,0.060200111009180546,0.03911835607141256,0.0997941205278039,10,22,27,0,,
2026-05-16T00:05:32.578827,clean,sax,"{'w': 144, 'bins': 10}",7,0,2,ok,0,7,0.07104520592838526,0.061093058437108994,0.1326972246170044,10,23,30,0,,
2026-05-16T00:05:32.696638,clean,sax,"{'w': 144, 'bins': 10}",7,1,2,ok,7,14,0.07057156506925821,0.044393131509423256,0.11549412086606026,10,12,17,0,,
2026-05-16T00:05:32.817091,clean,sax,"{'w': 144, 'bins': 10}",7,2,2,ok,14,21,0.07076634094119072,0.04662726819515228,0.11793243233114481,10,11,18,0,,
2026-05-16T00:05:32.922317,clean,sax,"{'w': 144, 'bins': 10}",7,3,2,ok,21,28,0.07014586497098207,0.03214798495173454,0.10283588897436857,10,21,24,0,,
2026-05-16T00:05:33.041320,clean,sax,"{'w': 144, 'bins': 10}",7,4,2,ok,28,35,0.07042841613292694,0.04552039969712496,0.11648745741695166,10,18,24,0,,
2026-05-16T00:05:33.223007,clean,sax,"{'w': 144, 'bins': 10}",8,0,2,ok,0,8,0.08006696216762066,0.07415424846112728,0.15485365968197584,10,25,32,0,,
2026-05-16T00:05:33.372212,clean,sax,"{'w': 144, 'bins': 10}",8,1,2,ok,8,16,0.08085524383932352,0.06489166896790266,0.14634905476123095,10,10,18,0,,
2026-05-16T00:05:33.495861,clean,sax,"{'w': 144, 'bins': 10}",8,2,2,ok,16,24,0.08012083359062672,0.04031805135309696,0.12104053609073162,10,14,19,0,,
2026-05-16T00:05:33.648746,clean,sax,"{'w': 144, 'bins': 10}",8,3,2,ok,24,32,0.07969954051077366,0.06988824065774679,0.15018308069556952,10,19,25,0,,
2026-05-16T00:05:33.789507,clean,sax,"{'w': 144, 'bins': 10}",8,4,2,ok,32,40,0.08011659607291222,0.057570137083530426,0.13829171005636454,10,12,20,0,,
2026-05-16T00:05:33.989676,clean,sax,"{'w': 144, 'bins': 10}",9,0,2,ok,0,9,0.09122696798294783,0.08542734663933516,0.1773433294147253,10,13,19,0,,
2026-05-16T00:05:34.142002,clean,sax,"{'w': 144, 'bins': 10}",9,1,2,ok,9,18,0.09081746730953455,0.05776443425565958,0.14925168082118034,10,20,28,0,,
2026-05-16T00:05:34.308759,clean,sax,"{'w': 144, 'bins': 10}",9,2,2,ok,18,27,0.09042841754853725,0.0728421313688159,0.16392033081501722,10,21,28,0,,
2026-05-16T00:05:34.471003,clean,sax,"{'w': 144, 'bins': 10}",9,3,2,ok,27,36,0.09058562386780977,0.06769018992781639,0.1589363645762205,10,20,27,0,,
2026-05-16T00:05:34.613852,clean,sax,"{'w': 144, 'bins': 10}",9,4,2,ok,36,45,0.09143329598009586,0.04752311296761036,0.13961863331496716,10,22,28,0,,
2026-05-16T00:05:34.829862,clean,sax,"{'w': 144, 'bins': 10}",10,0,2,ok,0,10,0.10128876101225615,0.09020291361957788,0.1923826588317752,10,13,19,0,,
2026-05-16T00:05:35.000314,clean,sax,"{'w': 144, 'bins': 10}",10,1,2,ok,10,20,0.10084658861160278,0.06512686144560575,0.16709307488054037,10,23,31,0,,
2026-05-16T00:05:35.185495,clean,sax,"{'w': 144, 'bins': 10}",10,2,2,ok,20,30,0.10069234855473042,0.08048044983297586,0.1820273343473673,10,19,26,0,,
2026-05-16T00:05:35.344096,clean,sax,"{'w': 144, 'bins': 10}",10,3,2,ok,30,40,0.09991586022078991,0.054539271630346775,0.15532185044139624,10,19,25,0,,
2026-05-16T00:05:35.501796,clean,sax,"{'w': 144, 'bins': 10}",10,4,2,ok,40,50,0.10108494851738214,0.05221733637154102,0.1541588045656681,10,28,34,0,,
2026-05-16T00:05:35.749828,clean,sax,"{'w': 144, 'bins': 10}",11,0,2,ok,0,11,0.11155665013939142,0.11156237963587046,0.22410993184894323,10,24,33,0,,
2026-05-16T00:05:35.951941,clean,sax,"{'w': 144, 'bins': 10}",11,1,2,ok,11,22,0.110691262409091,0.08693396858870983,0.19855899643152952,10,25,34,0,,
2026-05-16T00:05:36.127653,clean,sax,"{'w': 144, 'bins': 10}",11,2,2,ok,22,33,0.11028988938778639,0.06083622667938471,0.17229948099702597,10,22,27,0,,
2026-05-16T00:05:36.296015,clean,sax,"{'w': 144, 'bins': 10}",11,3,2,ok,33,44,0.10919777676463127,0.054732353426516056,0.16484729386866093,10,23,30,0,,
2026-05-16T00:05:36.469978,clean,sax,"{'w': 144, 'bins': 10}",11,4,2,ok,44,55,0.11025529261678457,0.05951805878430605,0.17068663891404867,10,18,23,0,,
2026-05-16T00:05:36.740227,clean,sax,"{'w': 144, 'bins': 10}",12,0,2,ok,0,12,0.12092429678887129,0.12339010182768106,0.24571134429425,10,15,21,0,,
2026-05-16T00:05:36.933402,clean,sax,"{'w': 144, 'bins': 10}",12,1,2,ok,12,24,0.12104443181306124,0.06700219679623842,0.18907710630446672,10,18,24,0,,
2026-05-16T00:05:37.139291,clean,sax,"{'w': 144, 'bins': 10}",12,2,2,ok,24,36,0.12076305411756039,0.08006211370229721,0.20183024648576975,10,22,28,0,,
2026-05-16T00:05:37.332972,clean,sax,"{'w': 144, 'bins': 10}",12,3,2,ok,36,48,0.12025810405611992,0.06818630266934633,0.1894609471783042,10,22,29,0,,
2026-05-16T00:05:37.544605,clean,sax,"{'w': 144, 'bins': 10}",12,4,2,ok,48,60,0.1213504783809185,0.08540860190987587,0.20777678303420544,10,18,23,0,,
2026-05-16T00:05:37.830102,clean,sax,"{'w': 144, 'bins': 10}",13,0,2,ok,0,13,0.13154456857591867,0.1275859083980322,0.2605393845587969,10,15,21,0,,
2026-05-16T00:05:38.027998,clean,sax,"{'w': 144, 'bins': 10}",13,1,2,ok,13,26,0.13151933997869492,0.06111700460314751,0.19372094329446554,10,28,36,0,,
2026-05-16T00:05:38.268460,clean,sax,"{'w': 144, 'bins': 10}",13,2,2,ok,26,39,0.13109928276389837,0.1041789622977376,0.23635536897927523,10,24,31,0,,
2026-05-16T00:05:38.472124,clean,sax,"{'w': 144, 'bins': 10}",13,3,2,ok,39,52,0.13132415432482958,0.06721443496644497,0.1996166855096817,10,29,34,0,,
2026-05-16T00:05:38.706458,clean,sax,"{'w': 144, 'bins': 10}",13,4,2,ok,52,65,0.12998441606760025,0.09909992571920156,0.2301708236336708,10,20,26,0,,
2026-05-16T00:05:39.008726,clean,sax,"{'w': 144, 'bins': 10}",14,0,2,ok,0,14,0.14011720102280378,0.13619484845548868,0.2775132581591606,10,15,21,0,,
2026-05-16T00:05:39.244997,clean,sax,"{'w': 144, 'bins': 10}",14,1,2,ok,14,28,0.14175274688750505,0.0891547929495573,0.23205151036381721,10,20,28,0,,
2026-05-16T00:05:39.480190,clean,sax,"{'w': 144, 'bins': 10}",14,2,2,ok,28,42,0.14138443395495415,0.08825801778584719,0.2307983534410596,10,27,35,0,,
2026-05-16T00:05:39.729793,clean,sax,"{'w': 144, 'bins': 10}",14,3,2,ok,42,56,0.14022318087518215,0.10380053147673607,0.24518362246453762,10,19,26,0,,
2026-05-16T00:05:39.964297,clean,sax,"{'w': 144, 'bins': 10}",14,4,2,ok,56,70,0.14006392192095518,0.0887589193880558,0.22998548671603203,10,13,19,0,,
2026-05-16T00:05:40.314917,clean,sax,"{'w': 144, 'bins': 10}",15,0,2,ok,0,15,0.1490169996395707,0.1743313493207097,0.3246434833854437,10,17,26,0,,
2026-05-16T00:05:40.574936,clean,sax,"{'w': 144, 'bins': 10}",15,1,2,ok,15,30,0.14917417522519827,0.10446502082049847,0.2549071293324232,10,22,31,0,,
2026-05-16T00:05:40.806352,clean,sax,"{'w': 144, 'bins': 10}",15,2,2,ok,30,45,0.15041126031428576,0.07474920712411404,0.2266307407990098,10,25,33,0,,
2026-05-16T00:05:41.062513,clean,sax,"{'w': 144, 'bins': 10}",15,3,2,ok,45,60,0.15104518178850412,0.09955140482634306,0.25186748430132866,10,15,21,0,,
2026-05-16T00:05:41.344709,clean,sax,"{'w': 144, 'bins': 10}",15,4,2,ok,60,75,0.15102757886052132,0.12493985518813133,0.27747328393161297,10,12,21,0,,
2026-05-16T00:05:41.702624,clean,sax,"{'w': 144, 'bins': 10}",16,0,2,ok,0,16,0.16272584535181522,0.16858480963855982,0.33267286606132984,10,14,24,0,,
2026-05-16T00:05:42.001524,clean,sax,"{'w': 144, 'bins': 10}",16,1,2,ok,16,32,0.16041225753724575,0.13225411158055067,0.2939906185492873,10,21,28,0,,
2026-05-16T00:05:42.287408,clean,sax,"{'w': 144, 'bins': 10}",16,2,2,ok,32,48,0.16228565014898777,0.11738820001482964,0.28099365159869194,10,23,32,0,,
2026-05-16T00:05:42.557573,clean,sax,"{'w': 144, 'bins': 10}",16,3,2,ok,48,64,0.16066541243344545,0.10313264559954405,0.2651397306472063,10,17,23,0,,
2026-05-16T00:05:42.827974,clean,sax,"{'w': 144, 'bins': 10}",16,4,2,ok,64,80,0.1601366801187396,0.10391147993505001,0.26556753646582365,10,16,23,0,,
2026-05-16T00:05:43.201506,clean,sax,"{'w': 144, 'bins': 10}",17,0,2,ok,0,17,0.17109664995223284,0.1720296936109662,0.3445971291512251,10,14,24,0,,
2026-05-16T00:05:43.512870,clean,sax,"{'w': 144, 'bins': 10}",17,1,2,ok,17,34,0.17076024692505598,0.13405874464660883,0.3062508227303624,10,21,28,0,,
2026-05-16T00:05:43.812180,clean,sax,"{'w': 144, 'bins': 10}",17,2,2,ok,34,51,0.1712481938302517,0.12123329658061266,0.29408525582402945,10,23,32,0,,
2026-05-16T00:05:44.087532,clean,sax,"{'w': 144, 'bins': 10}",17,3,2,ok,51,68,0.17099992744624615,0.09772173687815666,0.2701320257037878,10,13,19,0,,
2026-05-16T00:05:44.352881,clean,sax,"{'w': 144, 'bins': 10}",17,4,2,ok,68,85,0.17072621453553438,0.0880641145631671,0.26021995581686497,10,18,24,0,,
2026-05-16T00:05:44.755387,clean,sax,"{'w': 144, 'bins': 10}",18,0,2,ok,0,18,0.181357036344707,0.19345155823975801,0.376542623154819,10,11,21,0,,
2026-05-16T00:05:45.074026,clean,sax,"{'w': 144, 'bins': 10}",18,1,2,ok,18,36,0.18167163711041212,0.13009314984083176,0.3132891822606325,10,18,26,0,,
2026-05-16T00:05:45.382603,clean,sax,"{'w': 144, 'bins': 10}",18,2,2,ok,36,54,0.1807979242876172,0.12082299590110779,0.3031255779787898,10,21,28,0,,
2026-05-16T00:05:45.700788,clean,sax,"{'w': 144, 'bins': 10}",18,3,2,ok,54,72,0.1819038838148117,0.12868812959641218,0.3122751573100686,10,18,27,0,,
2026-05-16T00:05:46.056456,clean,sax,"{'w': 144, 'bins': 10}",18,4,2,ok,72,90,0.18039429653435946,0.16827615909278393,0.3502100482583046,10,16,23,0,,
2026-05-16T00:05:46.471797,clean,sax,"{'w': 144, 'bins': 10}",19,0,2,ok,0,19,0.1919751027598977,0.1954529294744134,0.3889104388654232,10,11,21,0,,
2026-05-16T00:05:46.842171,clean,sax,"{'w': 144, 'bins': 10}",19,1,2,ok,19,38,0.19173479080200195,0.17123548034578562,0.36438781674951315,10,27,34,0,,
2026-05-16T00:05:47.159448,clean,sax,"{'w': 144, 'bins': 10}",19,2,2,ok,38,57,0.1923174476251006,0.11747294012457132,0.31142904702574015,10,23,30,0,,
2026-05-16T00:05:47.494085,clean,sax,"{'w': 144, 'bins': 10}",19,3,2,ok,57,76,0.1913388567045331,0.1360006844624877,0.32877957820892334,10,13,23,0,,
2026-05-16T00:05:47.854430,clean,sax,"{'w': 144, 'bins': 10}",19,4,2,ok,76,95,0.1908134799450636,0.1621578885242343,0.35438905376940966,10,15,25,0,,
2026-05-16T00:05:48.282515,clean,sax,"{'w': 144, 'bins': 10}",20,0,2,ok,0,20,0.20119080413132906,0.1981885815039277,0.40094807371497154,10,11,21,0,,
2026-05-16T00:05:48.688651,clean,sax,"{'w': 144, 'bins': 10}",20,1,2,ok,20,40,0.2499467246234417,0.1484740898013115,0.40002782456576824,10,26,34,0,,
2026-05-16T00:05:49.039610,clean,sax,"{'w': 144, 'bins': 10}",20,2,2,ok,40,60,0.20178206637501717,0.14173296838998795,0.3451311830431223,10,19,27,0,,
2026-05-16T00:05:49.415776,clean,sax,"{'w': 144, 'bins': 10}",20,3,2,ok,60,80,0.20164742320775986,0.16712148860096931,0.37021989934146404,10,19,28,0,,
2026-05-16T00:05:49.781307,clean,sax,"{'w': 144, 'bins': 10}",20,4,2,ok,80,100,0.1995327975600958,0.15878209564834833,0.35975238401442766,10,20,30,0,,
2026-05-16T00:05:50.276662,clean,sax,"{'w': 144, 'bins': 10}",21,0,2,ok,0,21,0.20927288476377726,0.25771982595324516,0.468539709225297,10,13,23,0,,
2026-05-16T00:05:50.654460,clean,sax,"{'w': 144, 'bins': 10}",21,1,2,ok,21,42,0.2100793207064271,0.1602086154744029,0.3717957800254226,10,17,25,0,,
2026-05-16T00:05:51.040057,clean,sax,"{'w': 144, 'bins': 10}",21,2,2,ok,42,63,0.20996587816625834,0.16825971752405167,0.3797594988718629,10,15,23,0,,
2026-05-16T00:05:51.420227,clean,sax,"{'w': 144, 'bins': 10}",21,3,2,ok,63,84,0.21017345786094666,0.16214307956397533,0.37400580290704966,10,15,23,0,,
2026-05-16T00:05:51.801573,clean,sax,"{'w': 144, 'bins': 10}",21,4,2,ok,84,105,0.20970531832426786,0.1634558690711856,0.37487773317843676,10,23,34,0,,
2026-05-16T00:05:52.281381,clean,sax,"{'w': 144, 'bins': 10}",22,0,2,ok,0,22,0.21952925249934196,0.23205273132771254,0.45328843127936125,10,19,27,0,,
2026-05-16T00:05:52.669181,clean,sax,"{'w': 144, 'bins': 10}",22,1,2,ok,22,44,0.21990329585969448,0.15959533210843801,0.38108845613896847,10,17,25,0,,
2026-05-16T00:05:53.070848,clean,sax,"{'w': 144, 'bins': 10}",22,2,2,ok,44,66,0.21997533086687326,0.1736113354563713,0.3952008616179228,10,13,21,0,,
2026-05-16T00:05:53.480103,clean,sax,"{'w': 144, 'bins': 10}",22,3,2,ok,66,88,0.21982512902468443,0.1812757020816207,0.4026731075718999,10,19,28,0,,
2026-05-16T00:05:53.848297,clean,sax,"{'w': 144, 'bins': 10}",22,4,2,ok,88,110,0.22160040773451328,0.1380829270929098,0.36133106146007776,10,22,31,0,,
2026-05-16T00:05:54.382552,clean,sax,"{'w': 144, 'bins': 10}",23,0,2,ok,0,23,0.23093575239181519,0.27403823751956224,0.5066817793995142,10,13,23,0,,
2026-05-16T00:05:54.786407,clean,sax,"{'w': 144, 'bins': 10}",23,1,2,ok,23,46,0.23023464437574148,0.165136587806046,0.39705223217606544,10,13,22,0,,
2026-05-16T00:05:55.169716,clean,sax,"{'w': 144, 'bins': 10}",23,2,2,ok,46,69,0.2297725062817335,0.1450105793774128,0.3764883605763316,10,17,23,0,,
2026-05-16T00:05:55.609886,clean,sax,"{'w': 144, 'bins': 10}",23,3,2,ok,69,92,0.23127788491547108,0.1999540999531746,0.43294193875044584,10,17,25,0,,
2026-05-16T00:05:56.108355,clean,sax,"{'w': 144, 'bins': 10}",23,4,2,ok,92,115,0.23010141495615244,0.25869498774409294,0.4906729497015476,10,27,39,0,,
2026-05-16T00:05:56.668391,clean,sax,"{'w': 144, 'bins': 10}",24,0,2,ok,0,24,0.2393983593210578,0.2905717231333256,0.5317675909027457,10,13,23,0,,
2026-05-16T00:05:57.084542,clean,sax,"{'w': 144, 'bins': 10}",24,1,2,ok,24,48,0.23891455959528685,0.16814170498400927,0.4088401682674885,10,26,37,0,,
2026-05-16T00:05:57.490937,clean,sax,"{'w': 144, 'bins': 10}",24,2,2,ok,48,72,0.23960300255566835,0.1574291903525591,0.3988025914877653,10,25,33,0,,
2026-05-16T00:05:57.964821,clean,sax,"{'w': 144, 'bins': 10}",24,3,2,ok,72,96,0.2417049240320921,0.22329044248908758,0.46677724551409483,10,17,26,0,,
2026-05-16T00:05:58.390519,clean,sax,"{'w': 144, 'bins': 10}",24,4,2,ok,96,120,0.23826088104397058,0.17835960164666176,0.41837733518332243,10,18,30,0,,
2026-05-16T00:05:58.915914,clean,sax,"{'w': 144, 'bins': 10}",25,0,2,ok,0,25,0.25097625982016325,0.24370286986231804,0.49674326926469803,10,19,27,0,,
2026-05-16T00:05:59.373212,clean,sax,"{'w': 144, 'bins': 10}",25,1,2,ok,25,50,0.25056320428848267,0.19772742502391338,0.45012118946760893,10,14,24,0,,
2026-05-16T00:05:59.855690,clean,sax,"{'w': 144, 'bins': 10}",25,2,2,ok,50,75,0.25007863249629736,0.22318527568131685,0.4751211190596223,10,16,28,0,,
2026-05-16T00:06:00.318709,clean,sax,"{'w': 144, 'bins': 10}",25,3,2,ok,75,100,0.2517072847113013,0.20198956597596407,0.4555701222270727,10,19,29,0,,
2026-05-16T00:06:00.827633,clean,sax,"{'w': 144, 'bins': 10}",25,4,2,ok,100,125,0.25448481645435095,0.24479277804493904,0.5014999210834503,10,15,26,0,,
2026-05-16T00:06:01.373132,clean,sax,"{'w': 144, 'bins': 10}",26,0,2,ok,0,26,0.2601708322763443,0.2527390234172344,0.5148428892716765,10,19,27,0,,
2026-05-16T00:06:01.862925,clean,sax,"{'w': 144, 'bins': 10}",26,1,2,ok,26,52,0.2602890143170953,0.21994146797806025,0.4821366751566529,10,19,29,0,,
2026-05-16T00:06:02.353563,clean,sax,"{'w': 144, 'bins': 10}",26,2,2,ok,52,78,0.25993751361966133,0.22075821459293365,0.4827556600794196,10,16,26,0,,
2026-05-16T00:06:02.873904,clean,sax,"{'w': 144, 'bins': 10}",26,3,2,ok,78,104,0.26051409635692835,0.24977314937859774,0.5124364858493209,10,22,33,0,,
2026-05-16T00:06:03.415108,clean,sax,"{'w': 144, 'bins': 10}",26,4,2,ok,104,130,0.26249981112778187,0.267961286008358,0.53264753613621,10,25,39,0,,
2026-05-16T00:06:04.041858,clean,sax,"{'w': 144, 'bins': 10}",27,0,2,ok,0,27,0.2684982642531395,0.3278451319783926,0.5984419295564294,10,9,17,0,,
2026-05-16T00:06:04.545140,clean,sax,"{'w': 144, 'bins': 10}",27,1,2,ok,27,54,0.2711291890591383,0.2223298866301775,0.49539636727422476,10,19,29,0,,
2026-05-16T00:06:05.069431,clean,sax,"{'w': 144, 'bins': 10}",27,2,2,ok,54,81,0.26778434310108423,0.24637041334062815,0.5160940112546086,10,15,24,0,,
2026-05-16T00:06:05.548375,clean,sax,"{'w': 144, 'bins': 10}",27,3,2,ok,81,108,0.26977203879505396,0.19862281810492277,0.47043997049331665,10,23,34,0,,
2026-05-16T00:06:06.213346,clean,sax,"{'w': 144, 'bins': 10}",27,4,2,ok,108,135,0.2688569985330105,0.38490520138293505,0.6560007873922586,10,12,22,0,,
2026-05-16T00:06:06.810786,clean,sax,"{'w': 144, 'bins': 10}",28,0,2,ok,0,28,0.2802371783182025,0.28653639927506447,0.5688407039269805,10,9,17,0,,
2026-05-16T00:06:07.310852,clean,sax,"{'w': 144, 'bins': 10}",28,1,2,ok,28,56,0.2776968441903591,0.21204177010804415,0.4919030321761966,10,18,27,0,,
2026-05-16T00:06:07.835662,clean,sax,"{'w': 144, 'bins': 10}",28,2,2,ok,56,84,0.27958920039236546,0.2340446561574936,0.5159205952659249,10,19,30,0,,
2026-05-16T00:06:08.445261,clean,sax,"{'w': 144, 'bins': 10}",28,3,2,ok,84,112,0.27842812798917294,0.32012688368558884,0.6008046604692936,10,17,27,0,,
2026-05-16T00:06:09.132748,clean,sax,"{'w': 144, 'bins': 10}",28,4,2,ok,112,140,0.281312370672822,0.39524893276393414,0.6786296311765909,10,14,23,0,,
2026-05-16T00:06:09.747481,clean,sax,"{'w': 144, 'bins': 10}",29,0,2,ok,0,29,0.28950566053390503,0.29400406405329704,0.5857700137421489,10,9,17,0,,
2026-05-16T00:06:10.284630,clean,sax,"{'w': 144, 'bins': 10}",29,1,2,ok,29,58,0.2881240826100111,0.23869203124195337,0.5289136366918683,10,14,23,0,,
2026-05-16T00:06:10.818269,clean,sax,"{'w': 144, 'bins': 10}",29,2,2,ok,58,87,0.2921040738001466,0.23126443941146135,0.525500831194222,10,7,15,0,,
2026-05-16T00:06:11.504253,clean,sax,"{'w': 144, 'bins': 10}",29,3,2,ok,87,116,0.28911594673991203,0.38480866979807615,0.6761563206091523,10,35,48,0,,
2026-05-16T00:06:12.164510,clean,sax,"{'w': 144, 'bins': 10}",29,4,2,ok,116,145,0.2900967001914978,0.3581448532640934,0.6504158405587077,10,26,38,0,,
2026-05-16T00:06:12.808741,clean,sax,"{'w': 144, 'bins': 10}",30,0,2,ok,0,30,0.2991695236414671,0.31341803539544344,0.6149594970047474,10,9,17,0,,
2026-05-16T00:06:13.347195,clean,sax,"{'w': 144, 'bins': 10}",30,1,2,ok,30,60,0.30276886001229286,0.22482530679553747,0.5298218140378594,10,18,27,0,,
2026-05-16T00:06:13.918589,clean,sax,"{'w': 144, 'bins': 10}",30,2,2,ok,60,90,0.2986190989613533,0.2609167853370309,0.5617818459868431,10,18,30,0,,
2026-05-16T00:06:14.582129,clean,sax,"{'w': 144, 'bins': 10}",30,3,2,ok,90,120,0.2998192347586155,0.3522230116650462,0.6543588619679213,10,15,25,0,,
2026-05-16T00:06:15.301058,clean,sax,"{'w': 144, 'bins': 10}",30,4,2,ok,120,150,0.3004191229119897,0.40680796932429075,0.7094598580151796,10,16,26,0,,
2026-05-16T00:06:15.920283,clean,sax,"{'w': 144, 'bins': 10}",31,0,2,ok,0,31,0.3114007730036974,0.2749231494963169,0.5887687290087342,10,7,15,0,,
2026-05-16T00:06:16.482953,clean,sax,"{'w': 144, 'bins': 10}",31,1,2,ok,31,62,0.3096233531832695,0.2409441052004695,0.5528437858447433,10,23,35,0,,
2026-05-16T00:06:17.128577,clean,sax,"{'w': 144, 'bins': 10}",31,2,2,ok,62,93,0.3585917726159096,0.2755629029124975,0.6364586167037487,10,14,23,0,,
2026-05-16T00:06:17.752762,clean,sax,"{'w': 144, 'bins': 10}",31,3,2,ok,93,124,0.30858470033854246,0.3037207880988717,0.6146170534193516,10,20,36,0,,
2026-05-16T00:06:18.444816,clean,sax,"{'w': 144, 'bins': 10}",31,4,2,ok,124,155,0.30911941453814507,0.37171975895762444,0.683073683641851,10,9,19,0,,
2026-05-16T00:06:19.128086,clean,sax,"{'w': 144, 'bins': 10}",32,0,2,ok,0,32,0.3178322119638324,0.3327863793820143,0.6530547803267837,10,9,17,0,,
2026-05-16T00:06:19.672417,clean,sax,"{'w': 144, 'bins': 10}",32,1,2,ok,32,64,0.3193463571369648,0.2136878650635481,0.5353460079059005,10,14,26,0,,
2026-05-16T00:06:20.306325,clean,sax,"{'w': 144, 'bins': 10}",32,2,2,ok,64,96,0.32159495539963245,0.30010290909558535,0.6241274401545525,10,17,26,0,,
2026-05-16T00:06:20.987399,clean,sax,"{'w': 144, 'bins': 10}",32,3,2,ok,96,128,0.3183684702962637,0.35051927994936705,0.6712664114311337,10,15,27,0,,
2026-05-16T00:06:21.807795,clean,sax,"{'w': 144, 'bins': 10}",32,4,2,ok,128,160,0.3202125756070018,0.488212525844574,0.8108410630375147,10,10,20,0,,
2026-05-16T00:06:22.511668,clean,sax,"{'w': 144, 'bins': 10}",33,0,2,ok,0,33,0.32885539159178734,0.3416455714032054,0.6729154605418444,10,11,20,0,,
2026-05-16T00:06:23.075460,clean,sax,"{'w': 144, 'bins': 10}",33,1,2,ok,33,66,0.3305286467075348,0.2211573626846075,0.5542166261002421,10,14,26,0,,
2026-05-16T00:06:23.733173,clean,sax,"{'w': 144, 'bins': 10}",33,2,2,ok,66,99,0.3285052524879575,0.3172370633110404,0.6481789257377386,10,17,26,0,,
2026-05-16T00:06:24.435094,clean,sax,"{'w': 144, 'bins': 10}",33,3,2,ok,99,132,0.3295926572754979,0.35994196217507124,0.6921127140522003,10,6,14,0,,
2026-05-16T00:06:25.124501,clean,sax,"{'w': 144, 'bins': 10}",33,4,2,ok,132,165,0.32773935329169035,0.3491547545418143,0.6793853109702468,10,12,22,0,,
2026-05-16T00:06:25.815405,clean,sax,"{'w': 144, 'bins': 10}",34,0,2,ok,0,34,0.33917442709207535,0.317922530695796,0.6595682026818395,10,9,17,0,,
2026-05-16T00:06:26.443958,clean,sax,"{'w': 144, 'bins': 10}",34,1,2,ok,34,68,0.3398222252726555,0.27559619676321745,0.6180086191743612,10,14,26,0,,
2026-05-16T00:06:27.110591,clean,sax,"{'w': 144, 'bins': 10}",34,2,2,ok,68,102,0.33900919556617737,0.31489054299890995,0.6564009701833129,10,16,27,0,,
2026-05-16T00:06:27.894349,clean,sax,"{'w': 144, 'bins': 10}",34,3,2,ok,102,136,0.3390788175165653,0.4315158296376467,0.7732657166197896,10,11,22,0,,
2026-05-16T00:06:28.583733,clean,sax,"{'w': 144, 'bins': 10}",34,4,2,ok,136,170,0.3374622790142894,0.3387594064697623,0.6787451691925526,10,23,33,0,,
2026-05-16T00:06:29.309112,clean,sax,"{'w': 144, 'bins': 10}",35,0,2,ok,0,35,0.3493653917685151,0.34210366383194923,0.6939870472997427,10,9,17,0,,
2026-05-16T00:06:29.923969,clean,sax,"{'w': 144, 'bins': 10}",35,1,2,ok,35,70,0.350022136233747,0.251743683591485,0.6044007521122694,10,16,23,0,,
2026-05-16T00:06:30.617822,clean,sax,"{'w': 144, 'bins': 10}",35,2,2,ok,70,105,0.34892469365149736,0.3316956805065274,0.6832522805780172,10,14,24,0,,
2026-05-16T00:06:31.448807,clean,sax,"{'w': 144, 'bins': 10}",35,3,2,ok,105,140,0.34905023872852325,0.46712186466902494,0.8187439870089293,10,32,46,0,,
2026-05-16T00:06:32.216643,clean,sax,"{'w': 144, 'bins': 10}",35,4,2,ok,140,175,0.3503074524924159,0.40446831192821264,0.7573000798001885,10,15,24,0,,
2026-05-16T00:06:32.993226,clean,sax,"{'w': 144, 'bins': 10}",36,0,2,ok,0,36,0.35923243779689074,0.38089860044419765,0.7428708877414465,10,12,21,0,,
2026-05-16T00:06:33.648321,clean,sax,"{'w': 144, 'bins': 10}",36,1,2,ok,36,72,0.3619770063087344,0.2790666399523616,0.6437264578416944,10,16,23,0,,
2026-05-16T00:06:34.384173,clean,sax,"{'w': 144, 'bins': 10}",36,2,2,ok,72,108,0.35808879788964987,0.36480890959501266,0.7254787385463715,10,10,19,0,,
2026-05-16T00:06:35.250945,clean,sax,"{'w': 144, 'bins': 10}",36,3,2,ok,108,144,0.3570035584270954,0.49431232176721096,0.8539759693667293,10,32,46,0,,
2026-05-16T00:06:36.031324,clean,sax,"{'w': 144, 'bins': 10}",36,4,2,ok,144,180,0.357462870888412,0.4080652631819248,0.7681852886453271,10,29,40,0,,
2026-05-16T00:06:36.878102,clean,sax,"{'w': 144, 'bins': 10}",37,0,2,ok,0,37,0.3729728637263179,0.43766850512474775,0.813363685272634,10,22,32,0,,
2026-05-16T00:06:37.544101,clean,sax,"{'w': 144, 'bins': 10}",37,1,2,ok,37,74,0.37005564104765654,0.2817106181755662,0.6545219076797366,10,15,25,0,,
2026-05-16T00:06:38.324488,clean,sax,"{'w': 144, 'bins': 10}",37,2,2,ok,74,111,0.3722356976941228,0.39397731330245733,0.7689306298270822,10,17,29,0,,
2026-05-16T00:06:39.171722,clean,sax,"{'w': 144, 'bins': 10}",37,3,2,ok,111,148,0.3666682532057166,0.46542064659297466,0.8347871014848351,10,24,37,0,,
2026-05-16T00:06:39.933377,clean,sax,"{'w': 144, 'bins': 10}",37,4,2,ok,148,185,0.37235297821462154,0.3750178776681423,0.7500732056796551,10,18,28,0,,
2026-05-16T00:06:40.768724,clean,sax,"{'w': 144, 'bins': 10}",38,0,2,ok,0,38,0.38027314469218254,0.41972156148403883,0.8027347764000297,10,16,26,0,,
2026-05-16T00:06:41.430577,clean,sax,"{'w': 144, 'bins': 10}",38,1,2,ok,38,76,0.3784828605130315,0.26920888014137745,0.6504732593894005,10,16,26,0,,
2026-05-16T00:06:42.261926,clean,sax,"{'w': 144, 'bins': 10}",38,2,2,ok,76,114,0.3783464152365923,0.4387365113943815,0.8198237577453256,10,16,26,0,,
2026-05-16T00:06:43.159171,clean,sax,"{'w': 144, 'bins': 10}",38,3,2,ok,114,152,0.38021669909358025,0.4950108639895916,0.87811862770468,10,8,17,0,,
2026-05-16T00:06:43.917330,clean,sax,"{'w': 144, 'bins': 10}",38,4,2,ok,152,190,0.3799267038702965,0.3633089903742075,0.746130645275116,10,14,26,0,,
2026-05-16T00:06:44.765570,clean,sax,"{'w': 144, 'bins': 10}",39,0,2,ok,0,39,0.3912816271185875,0.42116412334144115,0.8154043508693576,10,16,26,0,,
2026-05-16T00:06:45.504033,clean,sax,"{'w': 144, 'bins': 10}",39,1,2,ok,39,78,0.390484438277781,0.33318729419261217,0.7265912294387817,10,16,27,0,,
2026-05-16T00:06:46.375359,clean,sax,"{'w': 144, 'bins': 10}",39,2,2,ok,78,117,0.38776074908673763,0.46880051959306,0.8595340270549059,10,12,21,0,,
2026-05-16T00:06:47.328481,clean,sax,"{'w': 144, 'bins': 10}",39,3,2,ok,117,156,0.3871056670323014,0.5509077673777938,0.9409344354644418,10,10,20,0,,
2026-05-16T00:06:48.135069,clean,sax,"{'w': 144, 'bins': 10}",39,4,2,ok,156,195,0.39075610879808664,0.4002380818128586,0.7938502291217446,10,23,33,0,,
2026-05-16T00:06:48.988926,clean,sax,"{'w': 144, 'bins': 10}",40,0,2,ok,0,40,0.3977134460583329,0.4202020252123475,0.8208602163940668,10,16,26,0,,
2026-05-16T00:06:49.756679,clean,sax,"{'w': 144, 'bins': 10}",40,1,2,ok,40,80,0.4008026113733649,0.35192913096398115,0.7556253615766764,10,19,29,0,,
2026-05-16T00:06:50.547002,clean,sax,"{'w': 144, 'bins': 10}",40,2,2,ok,80,120,0.39930911641567945,0.37465260177850723,0.7768223537132144,10,25,36,0,,
2026-05-16T00:06:51.496308,clean,sax,"{'w': 144, 'bins': 10}",40,3,2,ok,120,160,0.4000962758436799,0.5332758473232388,0.9363095434382558,10,11,22,0,,
2026-05-16T00:06:52.348798,clean,sax,"{'w': 144, 'bins': 10}",40,4,2,ok,160,200,0.4030107231810689,0.43414583522826433,0.8401167308911681,10,19,29,0,,
2026-05-16T00:06:53.233753,clean,sax,"{'w': 144, 'bins': 10}",41,0,2,ok,0,41,0.40837362315505743,0.4395626951009035,0.8509723953902721,10,16,26,0,,
2026-05-16T00:06:54.003136,clean,sax,"{'w': 144, 'bins': 10}",41,1,2,ok,41,82,0.40959026012569666,0.34496971033513546,0.7576042925938964,10,8,17,0,,
2026-05-16T00:06:54.822603,clean,sax,"{'w': 144, 'bins': 10}",41,2,2,ok,82,123,0.40821049734950066,0.3943394050002098,0.8056722702458501,10,26,40,0,,
2026-05-16T00:06:55.759839,clean,sax,"{'w': 144, 'bins': 10}",41,3,2,ok,123,164,0.4101443514227867,0.510705603286624,0.9239518046379089,10,16,29,0,,
2026-05-16T00:06:56.713046,clean,sax,"{'w': 144, 'bins': 10}",41,4,2,ok,164,205,0.40933367889374495,0.5274533228948712,0.9398211445659399,10,7,17,0,,
2026-05-16T00:06:57.610704,clean,sax,"{'w': 144, 'bins': 10}",42,0,2,ok,0,42,0.42147355526685715,0.43904710561037064,0.8635705532506108,10,18,29,0,,
2026-05-16T00:06:58.394697,clean,sax,"{'w': 144, 'bins': 10}",42,1,2,ok,42,84,0.41745026130229235,0.3508760519325733,0.771411913447082,10,8,17,0,,
2026-05-16T00:06:59.283461,clean,sax,"{'w': 144, 'bins': 10}",42,2,2,ok,84,126,0.4220247622579336,0.45051486045122147,0.8757251193746924,10,14,23,0,,
2026-05-16T00:07:00.337468,clean,sax,"{'w': 144, 'bins': 10}",42,3,2,ok,126,168,0.41928983107209206,0.6182190654799342,1.0405096365138888,10,15,27,0,,
2026-05-16T00:07:01.265595,clean,sax,"{'w': 144, 'bins': 10}",42,4,2,ok,168,210,0.4281280729919672,0.48380239866673946,0.9154083579778671,10,12,25,0,,
2026-05-16T00:07:02.176239,clean,sax,"{'w': 144, 'bins': 10}",43,0,2,ok,0,43,0.43012284208089113,0.44177926145493984,0.8749478990212083,10,16,26,0,,
2026-05-16T00:07:03.113572,clean,sax,"{'w': 144, 'bins': 10}",43,1,2,ok,43,86,0.43127880431711674,0.488829055801034,0.923197427764535,10,12,22,0,,
2026-05-16T00:07:04.009248,clean,sax,"{'w': 144, 'bins': 10}",43,2,2,ok,86,129,0.4313815291970968,0.44751165620982647,0.8821625001728535,10,13,24,0,,
2026-05-16T00:07:05.050753,clean,sax,"{'w': 144, 'bins': 10}",43,3,2,ok,129,172,0.4314373740926385,0.5932916821911931,1.027898051775992,10,11,22,0,,
2026-05-16T00:07:05.931894,clean,sax,"{'w': 144, 'bins': 10}",43,4,2,ok,172,215,0.434025838971138,0.4312132718041539,0.8682205248624086,10,12,22,0,,
2026-05-16T00:07:06.866197,clean,sax,"{'w': 144, 'bins': 10}",44,0,2,ok,0,44,0.43756122421473265,0.4587264657020569,0.8995065502822399,10,20,31,0,,
2026-05-16T00:07:07.850809,clean,sax,"{'w': 144, 'bins': 10}",44,1,2,ok,44,88,0.44020201824605465,0.5269790319725871,0.97028046566993,10,24,38,0,,
2026-05-16T00:07:08.960481,clean,sax,"{'w': 144, 'bins': 10}",44,2,2,ok,88,132,0.43918004631996155,0.6531377984210849,1.0956467622891068,10,14,24,0,,
2026-05-16T00:07:09.926682,clean,sax,"{'w': 144, 'bins': 10}",44,3,2,ok,132,176,0.436529915779829,0.5128226140514016,0.9525866182520986,10,4,12,0,,
2026-05-16T00:07:10.862631,clean,sax,"{'w': 144, 'bins': 10}",44,4,2,ok,176,220,0.44163038209080696,0.47710832580924034,0.9220181619748473,10,17,29,0,,
2026-05-16T00:07:11.751274,clean,sax,"{'w': 144, 'bins': 10}",45,0,2,ok,0,45,0.4530839705839753,0.39626742899417877,0.8526441985741258,10,6,14,0,,
2026-05-16T00:07:12.773510,clean,sax,"{'w': 144, 'bins': 10}",45,1,2,ok,45,90,0.44974722899496555,0.5543779702857137,1.0073551200330257,10,24,38,0,,
2026-05-16T00:07:13.939411,clean,sax,"{'w': 144, 'bins': 10}",45,2,2,ok,90,135,0.44980218168348074,0.6984489560127258,1.1516200294718146,10,13,23,0,,
2026-05-16T00:07:14.983924,clean,sax,"{'w': 144, 'bins': 10}",45,3,2,ok,135,180,0.45111952628940344,0.574400425888598,1.0287850694730878,10,28,42,0,,
2026-05-16T00:07:15.893244,clean,sax,"{'w': 144, 'bins': 10}",45,4,2,ok,180,225,0.44624794088304043,0.44538244511932135,0.8949334034696221,10,16,27,0,,
2026-05-16T00:07:16.864039,clean,sax,"{'w': 144, 'bins': 10}",46,0,2,ok,0,46,0.45959673170000315,0.47383979242295027,0.9367878334596753,10,6,14,0,,
2026-05-16T00:07:17.815550,clean,sax,"{'w': 144, 'bins': 10}",46,1,2,ok,46,92,0.4624566463753581,0.4717645915225148,0.937451389618218,10,8,17,0,,
2026-05-16T00:07:18.800691,clean,sax,"{'w': 144, 'bins': 10}",46,2,2,ok,92,138,0.46074608247727156,0.5063399188220501,0.9704670868813992,10,7,17,0,,
2026-05-16T00:07:19.761958,clean,sax,"{'w': 144, 'bins': 10}",46,3,2,ok,138,184,0.4582794466987252,0.48513874039053917,0.9468657467514277,10,10,18,0,,
2026-05-16T00:07:20.680213,clean,sax,"{'w': 144, 'bins': 10}",46,4,2,ok,184,230,0.45909798331558704,0.4412172557786107,0.9037947095930576,10,16,28,0,,
2026-05-16T00:07:21.747951,clean,sax,"{'w': 144, 'bins': 10}",47,0,2,ok,0,47,0.46964055951684713,0.5583975668996572,1.0315395472571254,10,19,32,0,,
2026-05-16T00:07:22.709828,clean,sax,"{'w': 144, 'bins': 10}",47,1,2,ok,47,94,0.47198287304490805,0.47151138726621866,0.9469517478719354,10,15,27,0,,
2026-05-16T00:07:23.635575,clean,sax,"{'w': 144, 'bins': 10}",47,2,2,ok,94,141,0.4695624839514494,0.43775299470871687,0.9107808414846659,10,8,18,0,,
2026-05-16T00:07:24.643948,clean,sax,"{'w': 144, 'bins': 10}",47,3,2,ok,141,188,0.47421642020344734,0.51609799079597,0.9937222469598055,10,20,29,0,,
2026-05-16T00:07:25.579647,clean,sax,"{'w': 144, 'bins': 10}",47,4,2,ok,188,235,0.4679659130051732,0.4493030048906803,0.9206556929275393,10,14,24,0,,
2026-05-16T00:07:26.616692,clean,sax,"{'w': 144, 'bins': 10}",48,0,2,ok,0,48,0.4780281847342849,0.5194427883252501,1.0009373994544148,10,15,25,0,,
2026-05-16T00:07:27.633066,clean,sax,"{'w': 144, 'bins': 10}",48,1,2,ok,48,96,0.4825703436508775,0.5148602444678545,1.0008378019556403,10,16,29,0,,
2026-05-16T00:07:28.615353,clean,sax,"{'w': 144, 'bins': 10}",48,2,2,ok,96,144,0.4814974460750818,0.48221741896122694,0.9672837443649769,10,9,19,0,,
2026-05-16T00:07:29.647218,clean,sax,"{'w': 144, 'bins': 10}",48,3,2,ok,144,192,0.48221751023083925,0.5310643007978797,1.0166489202529192,10,11,19,0,,
2026-05-16T00:07:30.552601,clean,sax,"{'w': 144, 'bins': 10}",48,4,2,ok,192,240,0.4792745392769575,0.40674638468772173,0.8894499391317368,10,25,37,0,,
2026-05-16T00:07:31.606596,clean,sax,"{'w': 144, 'bins': 10}",49,0,2,ok,0,49,0.4890702795237303,0.5259754871949553,1.0186190530657768,10,15,25,0,,
2026-05-16T00:07:32.628800,clean,sax,"{'w': 144, 'bins': 10}",49,1,2,ok,49,98,0.48764037247747183,0.5153233231976628,1.0064000459387898,10,15,28,0,,
2026-05-16T00:07:33.775872,clean,sax,"{'w': 144, 'bins': 10}",49,2,2,ok,98,147,0.49211272969841957,0.6347236791625619,1.1304329177364707,10,14,27,0,,
2026-05-16T00:07:34.792172,clean,sax,"{'w': 144, 'bins': 10}",49,3,2,ok,147,196,0.49259230960160494,0.504534937441349,1.0006246510893106,10,11,19,0,,
2026-05-16T00:07:35.676202,clean,sax,"{'w': 144, 'bins': 10}",49,4,2,ok,196,245,0.4921948630362749,0.37248273380100727,0.8683999041095376,10,10,21,0,,
2026-05-16T00:07:36.770137,clean,sax,"{'w': 144, 'bins': 10}",50,0,2,ok,0,50,0.5015046522021294,0.5518847852945328,1.056979806162417,10,15,25,0,,
2026-05-16T00:07:37.896980,clean,sax,"{'w': 144, 'bins': 10}",50,1,2,ok,50,100,0.5020624697208405,0.6049591535702348,1.1106570772826672,10,19,33,0,,
2026-05-16T00:07:39.041070,clean,sax,"{'w': 144, 'bins': 10}",50,2,2,ok,100,150,0.5009036231786013,0.6243452318012714,1.128903373144567,10,11,22,0,,
2026-05-16T00:07:40.072111,clean,sax,"{'w': 144, 'bins': 10}",50,3,2,ok,150,200,0.5020654462277889,0.5096480790525675,1.015335793606937,10,11,20,0,,
2026-05-16T00:07:40.991823,clean,sax,"{'w': 144, 'bins': 10}",50,4,2,ok,200,250,0.5043222885578871,0.39554261695593596,0.9034743690863252,10,18,29,0,,
2026-05-16T00:07:42.059411,clean,sax,"{'w': 144, 'bins': 10}",51,0,2,ok,0,51,0.510492704808712,0.5161065580323339,1.0303422287106514,10,16,26,0,,
2026-05-16T00:07:43.137438,clean,sax,"{'w': 144, 'bins': 10}",51,1,2,ok,51,102,0.5117264054715633,0.5453534396365285,1.0607658233493567,10,25,37,0,,
2026-05-16T00:07:44.264795,clean,sax,"{'w': 144, 'bins': 10}",51,2,2,ok,102,153,0.5109420008957386,0.5965341683477163,1.1110961129888892,10,11,21,0,,
2026-05-16T00:07:45.442021,clean,sax,"{'w': 144, 'bins': 10}",51,3,2,ok,153,204,0.5107748256996274,0.6451403880491853,1.1596761429682374,10,24,36,0,,
2026-05-16T00:07:46.425346,clean,sax,"{'w': 144, 'bins': 10}",51,4,2,ok,204,255,0.5103754661977291,0.4527126830071211,0.9667911687865853,10,20,31,0,,
2026-05-16T00:07:47.505780,clean,sax,"{'w': 144, 'bins': 10}",52,0,2,ok,0,52,0.5204338319599628,0.5192145789042115,1.0433801850304008,10,16,26,0,,
2026-05-16T00:07:48.603663,clean,sax,"{'w': 144, 'bins': 10}",52,1,2,ok,52,104,0.5193329621106386,0.5579036381095648,1.080878484994173,10,25,37,0,,
2026-05-16T00:07:49.962350,clean,sax,"{'w': 144, 'bins': 10}",52,2,2,ok,104,156,0.5210342602804303,0.8166106715798378,1.3415216580033302,10,21,35,0,,
2026-05-16T00:07:51.170886,clean,sax,"{'w': 144, 'bins': 10}",52,3,2,ok,156,208,0.5195765001699328,0.6683058915659785,1.1917506512254477,10,5,14,0,,
2026-05-16T00:07:52.147270,clean,sax,"{'w': 144, 'bins': 10}",52,4,2,ok,208,260,0.5234628841280937,0.43242977000772953,0.9596740519627929,10,21,32,0,,
2026-05-16T00:07:53.243845,clean,sax,"{'w': 144, 'bins': 10}",53,0,2,ok,0,53,0.5275445757433772,0.5273841749876738,1.0588203556835651,10,16,26,0,,
2026-05-16T00:07:54.365391,clean,sax,"{'w': 144, 'bins': 10}",53,1,2,ok,53,106,0.5334846805781126,0.5675064595416188,1.1048454139381647,10,6,15,0,,
2026-05-16T00:07:55.680292,clean,sax,"{'w': 144, 'bins': 10}",53,2,2,ok,106,159,0.5336907804012299,0.7583654737100005,1.2958430722355843,10,26,40,0,,
2026-05-16T00:07:56.842766,clean,sax,"{'w': 144, 'bins': 10}",53,3,2,ok,159,212,0.5262685986235738,0.6159294340759516,1.1459945775568485,10,6,15,0,,
2026-05-16T00:07:57.836442,clean,sax,"{'w': 144, 'bins': 10}",53,4,2,ok,212,265,0.5290617989376187,0.44380948040634394,0.9765408458188176,10,18,27,0,,
2026-05-16T00:07:58.974522,clean,sax,"{'w': 144, 'bins': 10}",54,0,2,ok,0,54,0.5402955431491137,0.5552721628919244,1.0994308479130268,10,16,26,0,,
2026-05-16T00:08:00.122673,clean,sax,"{'w': 144, 'bins': 10}",54,1,2,ok,54,108,0.5360256778076291,0.5908503150567412,1.1308445921167731,10,15,26,0,,
2026-05-16T00:08:01.473294,clean,sax,"{'w': 144, 'bins': 10}",54,2,2,ok,108,162,0.5475923689082265,0.7780674267560244,1.33055829256773,10,26,40,0,,
2026-05-16T00:08:02.706724,clean,sax,"{'w': 144, 'bins': 10}",54,3,2,ok,162,216,0.5418612556532025,0.6690198117867112,1.2147882413119078,10,21,32,0,,
2026-05-16T00:08:03.802576,clean,sax,"{'w': 144, 'bins': 10}",54,4,2,ok,216,270,0.5414472380653024,0.5338410222902894,1.0790934320539236,10,5,13,0,,
2026-05-16T00:08:04.965116,clean,sax,"{'w': 144, 'bins': 10}",55,0,2,ok,0,55,0.5508514437824488,0.569539881311357,1.124457297846675,10,16,26,0,,
2026-05-16T00:08:06.101168,clean,sax,"{'w': 144, 'bins': 10}",55,1,2,ok,55,110,0.5506796715781093,0.5643815658986568,1.1189181469380856,10,10,20,0,,
2026-05-16T00:08:07.334933,clean,sax,"{'w': 144, 'bins': 10}",55,2,2,ok,110,165,0.5505577018484473,0.6593707157298923,1.2138631641864777,10,22,35,0,,
2026-05-16T00:08:08.484782,clean,sax,"{'w': 144, 'bins': 10}",55,3,2,ok,165,220,0.5490825893357396,0.5791614660993218,1.1322047403082252,10,6,15,0,,
2026-05-16T00:08:09.657192,clean,sax,"{'w': 144, 'bins': 10}",55,4,2,ok,220,275,0.5508088637143373,0.597267217002809,1.152020805515349,10,28,41,0,,
2026-05-16T00:08:10.914326,clean,sax,"{'w': 144, 'bins': 10}",56,0,2,ok,0,56,0.5585932554677129,0.654650503769517,1.2173578226938844,10,16,26,0,,
2026-05-16T00:08:12.096106,clean,sax,"{'w': 144, 'bins': 10}",56,1,2,ok,56,112,0.557605660520494,0.6027387110516429,1.1643240414559841,10,9,18,0,,
2026-05-16T00:08:13.459961,clean,sax,"{'w': 144, 'bins': 10}",56,2,2,ok,112,168,0.556298122741282,0.7596676824614406,1.320000659674406,10,25,38,0,,
2026-05-16T00:08:14.695445,clean,sax,"{'w': 144, 'bins': 10}",56,3,2,ok,168,224,0.5615073535591364,0.6522665526717901,1.2178157530725002,10,6,15,0,,
2026-05-16T00:08:15.903704,clean,sax,"{'w': 144, 'bins': 10}",56,4,2,ok,224,280,0.5605157492682338,0.6254025297239423,1.1899989498779178,10,11,19,0,,
2026-05-16T00:08:17.210202,clean,sax,"{'w': 144, 'bins': 10}",57,0,2,ok,0,57,0.5712507963180542,0.6911223465576768,1.2665012124925852,10,26,42,0,,
2026-05-16T00:08:18.439212,clean,sax,"{'w': 144, 'bins': 10}",57,1,2,ok,57,114,0.5672775488346815,0.6383104026317596,1.2097286330536008,10,18,28,0,,
2026-05-16T00:08:19.779616,clean,sax,"{'w': 144, 'bins': 10}",57,2,2,ok,114,171,0.5697285858914256,0.747258149087429,1.3210407253354788,10,14,27,0,,
2026-05-16T00:08:20.986450,clean,sax,"{'w': 144, 'bins': 10}",57,3,2,ok,171,228,0.5648119747638702,0.6204414749518037,1.1893134005367756,10,6,15,0,,
2026-05-16T00:08:22.322194,clean,sax,"{'w': 144, 'bins': 10}",57,4,2,ok,228,285,0.5671804258599877,0.7454932304099202,1.3169138468801975,10,7,16,0,,
2026-05-16T00:08:23.803713,clean,sax,"{'w': 144, 'bins': 10}",58,0,2,ok,0,58,0.5776773672550917,0.7049339776858687,1.2868729643523693,10,26,42,0,,
2026-05-16T00:08:25.133528,clean,sax,"{'w': 144, 'bins': 10}",58,1,2,ok,58,116,0.5846931431442499,0.7049608072265983,1.2938326047733426,10,29,44,0,,
2026-05-16T00:08:26.576832,clean,sax,"{'w': 144, 'bins': 10}",58,2,2,ok,116,174,0.5826571574434638,0.8148021129891276,1.4016640046611428,10,15,28,0,,
2026-05-16T00:08:27.760726,clean,sax,"{'w': 144, 'bins': 10}",58,3,2,ok,174,232,0.582801247946918,0.5772088663652539,1.164186173118651,10,21,34,0,,
2026-05-16T00:08:29.290187,clean,sax,"{'w': 144, 'bins': 10}",58,4,2,ok,232,290,0.5796090587973595,0.898241656832397,1.4819385781884193,10,12,24,0,,
2026-05-16T00:08:30.715552,clean,sax,"{'w': 144, 'bins': 10}",59,0,2,ok,0,59,0.5913786897435784,0.7430002056062222,1.3385879676789045,10,26,42,0,,
2026-05-16T00:08:32.053353,clean,sax,"{'w': 144, 'bins': 10}",59,1,2,ok,59,118,0.5886615114286542,0.7091234419494867,1.3019721945747733,10,25,37,0,,
2026-05-16T00:08:33.548645,clean,sax,"{'w': 144, 'bins': 10}",59,2,2,ok,118,177,0.5915390215814114,0.8796724723652005,1.4755282383412123,10,13,26,0,,
2026-05-16T00:08:34.789000,clean,sax,"{'w': 144, 'bins': 10}",59,3,2,ok,177,236,0.5896281599998474,0.5968029545620084,1.190622272901237,10,23,36,0,,
2026-05-16T00:08:36.196989,clean,sax,"{'w': 144, 'bins': 10}",59,4,2,ok,236,295,0.5914911013096571,0.7760409899055958,1.371802386827767,10,12,22,0,,
2026-05-16T00:08:37.628861,clean,sax,"{'w': 144, 'bins': 10}",60,0,2,ok,0,60,0.6014447202906013,0.7421477641910315,1.3478355593979359,10,6,14,0,,
2026-05-16T00:08:38.974040,clean,sax,"{'w': 144, 'bins': 10}",60,1,2,ok,60,120,0.6044735228642821,0.7162644844502211,1.325084226205945,10,19,29,0,,
2026-05-16T00:08:40.442550,clean,sax,"{'w': 144, 'bins': 10}",60,2,2,ok,120,180,0.6047539291903377,0.8394531384110451,1.4485237011685967,10,13,26,0,,
2026-05-16T00:08:41.726922,clean,sax,"{'w': 144, 'bins': 10}",60,3,2,ok,180,240,0.6010740529745817,0.6592173194512725,1.2646840391680598,10,4,13,0,,
2026-05-16T00:08:43.161509,clean,sax,"{'w': 144, 'bins': 10}",60,4,2,ok,240,300,0.6055648745968938,0.8051031241193414,1.4149017874151468,10,12,22,0,,
2026-05-16T00:08:44.517926,clean,sax,"{'w': 144, 'bins': 10}",61,0,2,ok,0,61,0.615190526470542,0.6956999618560076,1.3153227986767888,10,16,26,0,,
2026-05-16T00:08:45.874448,clean,sax,"{'w': 144, 'bins': 10}",61,1,2,ok,61,122,0.6117504416033626,0.7193741202354431,1.3355427356436849,10,21,32,0,,
2026-05-16T00:08:47.364703,clean,sax,"{'w': 144, 'bins': 10}",61,2,2,ok,122,183,0.6135608945041895,0.8510253801941872,1.4689925163984299,10,21,32,0,,
2026-05-16T00:08:48.601615,clean,sax,"{'w': 144, 'bins': 10}",61,3,2,ok,183,244,0.6099285669624805,0.6029435070231557,1.2172719640657306,10,5,14,0,,
2026-05-16T00:08:50.149312,clean,sax,"{'w': 144, 'bins': 10}",61,4,2,ok,244,305,0.6088131405413151,0.9141600374132395,1.5274499421939254,10,12,22,0,,
2026-05-16T00:08:51.603636,clean,sax,"{'w': 144, 'bins': 10}",62,0,2,ok,0,62,0.6141553306952119,0.7936021881178021,1.4121762542054057,10,26,42,0,,
2026-05-16T00:08:53.002170,clean,sax,"{'w': 144, 'bins': 10}",62,1,2,ok,62,124,0.6179300071671605,0.7549065062776208,1.377398476935923,10,21,32,0,,
2026-05-16T00:08:54.458959,clean,sax,"{'w': 144, 'bins': 10}",62,2,2,ok,124,186,0.6180606614798307,0.813596909865737,1.43612951785326,10,20,35,0,,
2026-05-16T00:08:55.775361,clean,sax,"{'w': 144, 'bins': 10}",62,3,2,ok,186,248,0.6164867226034403,0.6755877984687686,1.2965482007712126,10,14,26,0,,
2026-05-16T00:08:57.225793,clean,sax,"{'w': 144, 'bins': 10}",62,4,2,ok,248,310,0.6182311829179525,0.8064254503697157,1.429180626757443,10,18,30,0,,
2026-05-16T00:08:58.720185,clean,sax,"{'w': 144, 'bins': 10}",63,0,2,ok,0,63,0.630740194581449,0.818164486438036,1.453353843651712,10,6,14,0,,
2026-05-16T00:09:00.171774,clean,sax,"{'w': 144, 'bins': 10}",63,1,2,ok,63,126,0.6268798885867,0.7985028997063637,1.4300134517252445,10,21,32,0,,
2026-05-16T00:09:01.792184,clean,sax,"{'w': 144, 'bins': 10}",63,2,2,ok,126,189,0.6328984312713146,0.9612784711644053,1.598814008757472,10,9,18,0,,
2026-05-16T00:09:03.105632,clean,sax,"{'w': 144, 'bins': 10}",63,3,2,ok,189,252,0.6331149088218808,0.6532943369820714,1.2911101812496781,10,25,36,0,,
2026-05-16T00:09:04.648302,clean,sax,"{'w': 144, 'bins': 10}",63,4,2,ok,252,315,0.6296354988589883,0.8876197841018438,1.5217276783660054,10,14,25,0,,
2026-05-16T00:09:06.098932,clean,sax,"{'w': 144, 'bins': 10}",64,0,2,ok,0,64,0.6379329646006227,0.7668498260900378,1.4093056516721845,10,9,19,0,,
2026-05-16T00:09:07.470710,clean,sax,"{'w': 144, 'bins': 10}",64,1,2,ok,64,128,0.6391724441200495,0.7061722567304969,1.3499721474945545,10,18,28,0,,
2026-05-16T00:09:09.106652,clean,sax,"{'w': 144, 'bins': 10}",64,2,2,ok,128,192,0.6440715519711375,0.9664942352101207,1.6152206854894757,10,9,18,0,,
2026-05-16T00:09:10.414040,clean,sax,"{'w': 144, 'bins': 10}",64,3,2,ok,192,256,0.6436059474945068,0.6380658345296979,1.2862785700708628,10,8,17,0,,
2026-05-16T00:09:11.904104,clean,sax,"{'w': 144, 'bins': 10}",64,4,2,ok,256,320,0.6390633080154657,0.8246303787454963,1.468393881805241,10,14,24,0,,
2026-05-16T00:09:13.433059,clean,sax,"{'w': 144, 'bins': 10}",65,0,2,ok,0,65,0.6466485057026148,0.8364908220246434,1.4877070533111691,10,6,14,0,,
2026-05-16T00:09:14.875925,clean,sax,"{'w': 144, 'bins': 10}",65,1,2,ok,65,130,0.6499750493094325,0.7653674483299255,1.4201270807534456,10,18,28,0,,
2026-05-16T00:09:16.295198,clean,sax,"{'w': 144, 'bins': 10}",65,2,2,ok,130,195,0.6494237827137113,0.7422378156334162,1.3964169062674046,10,22,33,0,,
2026-05-16T00:09:17.603760,clean,sax,"{'w': 144, 'bins': 10}",65,3,2,ok,195,260,0.6513009807094932,0.6304304832592607,1.28637102432549,10,20,31,0,,
2026-05-16T00:09:19.068576,clean,sax,"{'w': 144, 'bins': 10}",65,4,2,ok,260,325,0.6458986662328243,0.7915291516110301,1.4422136442735791,10,14,24,0,,
2026-05-16T00:09:20.667196,clean,sax,"{'w': 144, 'bins': 10}",66,0,2,ok,0,66,0.7101183347404003,0.841997061856091,1.557199572212994,10,6,14,0,,
2026-05-16T00:09:22.140819,clean,sax,"{'w': 144, 'bins': 10}",66,1,2,ok,66,132,0.6595284454524517,0.7862395700067282,1.4505737982690334,10,19,29,0,,
2026-05-16T00:09:23.649243,clean,sax,"{'w': 144, 'bins': 10}",66,2,2,ok,132,198,0.6565653560683131,0.825149716809392,1.4863486010581255,10,6,14,0,,
2026-05-16T00:09:24.986995,clean,sax,"{'w': 144, 'bins': 10}",66,3,2,ok,198,264,0.6564065469428897,0.6536082783713937,1.3148258281871676,10,16,26,0,,
2026-05-16T00:09:26.388752,clean,sax,"{'w': 144, 'bins': 10}",66,4,2,ok,264,330,0.6621024934574962,0.7119026370346546,1.3786843763664365,10,17,31,0,,
2026-05-16T00:09:28.013317,clean,sax,"{'w': 144, 'bins': 10}",67,0,2,ok,0,67,0.671892924234271,0.9053171379491687,1.5820762999355793,10,6,14,0,,
2026-05-16T00:09:29.560049,clean,sax,"{'w': 144, 'bins': 10}",67,1,2,ok,67,134,0.6700216392055154,0.8489303942769766,1.52375662419945,10,10,19,0,,
2026-05-16T00:09:31.177327,clean,sax,"{'w': 144, 'bins': 10}",67,2,2,ok,134,201,0.6700687184929848,0.9192705163732171,1.5941403778269887,10,15,28,0,,
2026-05-16T00:09:32.457955,clean,sax,"{'w': 144, 'bins': 10}",67,3,2,ok,201,268,0.6712607871741056,0.5820119259878993,1.2580422386527061,10,18,27,0,,
2026-05-16T00:09:33.957714,clean,sax,"{'w': 144, 'bins': 10}",67,4,2,ok,268,335,0.6741930497810245,0.7975376285612583,1.4765923852100968,10,14,24,0,,
2026-05-16T00:09:35.559552,clean,sax,"{'w': 144, 'bins': 10}",68,0,2,ok,0,68,0.6817743992432952,0.8707807650789618,1.557399209588766,10,6,14,0,,
2026-05-16T00:09:37.182783,clean,sax,"{'w': 144, 'bins': 10}",68,1,2,ok,68,136,0.7280216347426176,0.8667075876146555,1.6000288836658,10,10,19,0,,
2026-05-16T00:09:38.755153,clean,sax,"{'w': 144, 'bins': 10}",68,2,2,ok,136,204,0.6788117913529277,0.8648794125765562,1.548482459038496,10,17,30,0,,
2026-05-16T00:09:40.276973,clean,sax,"{'w': 144, 'bins': 10}",68,3,2,ok,204,272,0.6815250916406512,0.813498287461698,1.4998412737622857,10,8,17,0,,
2026-05-16T00:09:41.697914,clean,sax,"{'w': 144, 'bins': 10}",68,4,2,ok,272,340,0.6820512097328901,0.7113343309611082,1.3982041971758008,10,12,23,0,,
2026-05-16T00:09:43.384445,clean,sax,"{'w': 144, 'bins': 10}",69,0,2,ok,0,69,0.690826534293592,0.9479279406368732,1.6437697811052203,10,6,14,0,,
2026-05-16T00:09:44.940902,clean,sax,"{'w': 144, 'bins': 10}",69,1,2,ok,69,138,0.6884271334856749,0.8394743110984564,1.5329106897115707,10,10,19,0,,
2026-05-16T00:09:46.548889,clean,sax,"{'w': 144, 'bins': 10}",69,2,2,ok,138,207,0.6942597674205899,0.883551899343729,1.5827837521210313,10,14,24,0,,
2026-05-16T00:09:48.031547,clean,sax,"{'w': 144, 'bins': 10}",69,3,2,ok,207,276,0.6891706315800548,0.7664536722004414,1.460503974929452,10,9,18,0,,
2026-05-16T00:09:49.504268,clean,sax,"{'w': 144, 'bins': 10}",69,4,2,ok,276,345,0.6879037907347083,0.7568259853869677,1.4496322311460972,10,12,23,0,,
2026-05-16T00:09:51.207876,clean,sax,"{'w': 144, 'bins': 10}",70,0,2,ok,0,70,0.6974444538354874,0.9570252895355225,1.6596195828169584,10,6,14,0,,
2026-05-16T00:09:52.805599,clean,sax,"{'w': 144, 'bins': 10}",70,1,2,ok,70,140,0.6973469397053123,0.871038218960166,1.5733166672289371,10,10,19,0,,
2026-05-16T00:09:54.450270,clean,sax,"{'w': 144, 'bins': 10}",70,2,2,ok,140,210,0.7014186531305313,0.9132750164717436,1.619741658680141,10,14,24,0,,
2026-05-16T00:09:55.988256,clean,sax,"{'w': 144, 'bins': 10}",70,3,2,ok,210,280,0.6995678143575788,0.8091045785695314,1.5136945927515626,10,11,19,0,,
2026-05-16T00:09:57.658346,clean,sax,"{'w': 144, 'bins': 10}",70,4,2,ok,280,350,0.7029530173167586,0.9392480161041021,1.6471682395786047,10,13,22,0,,
2026-05-16T00:09:59.348594,clean,sax,"{'w': 144, 'bins': 10}",71,0,2,ok,0,71,0.7070797439664602,0.9319539871066809,1.6440845839679241,10,20,33,0,,
2026-05-16T00:10:00.943622,clean,sax,"{'w': 144, 'bins': 10}",71,1,2,ok,71,142,0.7101536625996232,0.8553449232131243,1.5705341091379523,10,10,19,0,,
2026-05-16T00:10:02.626288,clean,sax,"{'w': 144, 'bins': 10}",71,2,2,ok,142,213,0.7149701453745365,0.9361424297094345,1.6566146556288004,10,14,24,0,,
2026-05-16T00:10:04.254601,clean,sax,"{'w': 144, 'bins': 10}",71,3,2,ok,213,284,0.7150574885308743,0.8836967721581459,1.6038397597149014,10,7,16,0,,
2026-05-16T00:10:05.885141,clean,sax,"{'w': 144, 'bins': 10}",71,4,2,ok,284,355,0.7075104024261236,0.8934886185452342,1.6061108987778425,10,12,21,0,,
2026-05-16T00:10:07.593611,clean,sax,"{'w': 144, 'bins': 10}",72,0,2,ok,0,72,0.7218286255374551,0.933902008458972,1.660874462686479,10,19,32,0,,
2026-05-16T00:10:09.306417,clean,sax,"{'w': 144, 'bins': 10}",72,1,2,ok,72,144,0.7822316791862249,0.8998059025034308,1.687315952964127,10,10,19,0,,
2026-05-16T00:10:10.956222,clean,sax,"{'w': 144, 'bins': 10}",72,2,2,ok,144,216,0.7264436911791563,0.8926538592204452,1.6242169924080372,10,8,19,0,,
2026-05-16T00:10:12.651579,clean,sax,"{'w': 144, 'bins': 10}",72,3,2,ok,216,288,0.7211889233440161,0.9445012202486396,1.6707777166739106,10,7,16,0,,
2026-05-16T00:10:14.247327,clean,sax,"{'w': 144, 'bins': 10}",72,4,2,ok,288,360,0.7170305382460356,0.8487708065658808,1.571075938642025,10,12,21,0,,
2026-05-16T00:10:16.072471,clean,sax,"{'w': 144, 'bins': 10}",73,0,2,ok,0,73,0.7317744502797723,1.0413995515555143,1.7783118290826678,10,25,42,0,,
2026-05-16T00:10:17.823933,clean,sax,"{'w': 144, 'bins': 10}",73,1,2,ok,73,146,0.7281479155644774,0.9923601662740111,1.7256801128387451,10,21,35,0,,
2026-05-16T00:10:19.580701,clean,sax,"{'w': 144, 'bins': 10}",73,2,2,ok,146,219,0.7372728353366256,0.9879085393622518,1.730425151064992,10,6,15,0,,
2026-05-16T00:10:21.263702,clean,sax,"{'w': 144, 'bins': 10}",73,3,2,ok,219,292,0.7313290545716882,0.920777871273458,1.6573347011581063,10,11,22,0,,
2026-05-16T00:10:23.178324,clean,sax,"{'w': 144, 'bins': 10}",73,4,2,ok,292,365,0.7276815082877874,1.1573888855054975,1.890209392644465,10,15,25,0,,
2026-05-16T00:10:24.998827,clean,sax,"{'w': 144, 'bins': 10}",74,0,2,ok,0,74,0.7393454918637872,1.0285005364567041,1.7730179587379098,10,25,42,0,,
2026-05-16T00:10:26.773838,clean,sax,"{'w': 144, 'bins': 10}",74,1,2,ok,74,148,0.7403689147904515,1.0027862144634128,1.748473105020821,10,20,34,0,,
2026-05-16T00:10:28.469912,clean,sax,"{'w': 144, 'bins': 10}",74,2,2,ok,148,222,0.7390409978106618,0.9234266402199864,1.6678086882457137,10,28,42,0,,
2026-05-16T00:10:30.269140,clean,sax,"{'w': 144, 'bins': 10}",74,3,2,ok,222,296,0.7420224938541651,1.0260421559214592,1.7733055409044027,10,7,16,0,,
2026-05-16T00:10:32.173300,clean,sax,"{'w': 144, 'bins': 10}",74,4,2,ok,296,370,0.7444881377741694,1.1289139026775956,1.878765281289816,10,13,22,0,,
2026-05-16T00:10:33.908684,clean,sax,"{'w': 144, 'bins': 10}",75,0,2,ok,0,75,0.7547276644036174,0.9292339757084846,1.689367901533842,10,8,18,0,,
2026-05-16T00:10:35.711598,clean,sax,"{'w': 144, 'bins': 10}",75,1,2,ok,75,150,0.7556714974343777,1.0155011545866728,1.7765627428889275,10,17,30,0,,
2026-05-16T00:10:37.395834,clean,sax,"{'w': 144, 'bins': 10}",75,2,2,ok,150,225,0.7533552441745996,0.8948715887963772,1.653633264824748,10,23,35,0,,
2026-05-16T00:10:39.204753,clean,sax,"{'w': 144, 'bins': 10}",75,3,2,ok,225,300,0.7515515349805355,1.026150799356401,1.7831146977841854,10,7,16,0,,
2026-05-16T00:10:40.872246,clean,sax,"{'w': 144, 'bins': 10}",75,4,2,ok,300,375,0.7448582537472248,0.8902681656181812,1.640612100251019,10,14,25,0,,
2026-05-16T00:10:42.639885,clean,sax,"{'w': 144, 'bins': 10}",76,0,2,ok,0,76,0.757800511084497,0.9577608052641153,1.720918394625187,10,8,18,0,,
2026-05-16T00:10:44.418912,clean,sax,"{'w': 144, 'bins': 10}",76,1,2,ok,76,152,0.7585196625441313,0.988319031894207,1.7523207385092974,10,17,30,0,,
2026-05-16T00:10:46.159763,clean,sax,"{'w': 144, 'bins': 10}",76,2,2,ok,152,228,0.7612013015896082,0.9471806297078729,1.7139068152755499,10,6,15,0,,
2026-05-16T00:10:48.038395,clean,sax,"{'w': 144, 'bins': 10}",76,3,2,ok,228,304,0.7573748817667365,1.0886695105582476,1.8515568934381008,10,7,16,0,,
2026-05-16T00:10:49.777573,clean,sax,"{'w': 144, 'bins': 10}",76,4,2,ok,304,380,0.764904273673892,0.9419355615973473,1.7123499708250165,10,10,19,0,,
2026-05-16T00:10:51.499095,clean,sax,"{'w': 144, 'bins': 10}",77,0,2,ok,0,77,0.7712232088670135,0.8966095047071576,1.67320641502738,10,8,18,0,,
2026-05-16T00:10:53.313168,clean,sax,"{'w': 144, 'bins': 10}",77,1,2,ok,77,154,0.7705361396074295,1.0109643070027232,1.7871210500597954,10,17,30,0,,
2026-05-16T00:10:55.064502,clean,sax,"{'w': 144, 'bins': 10}",77,2,2,ok,154,231,0.770914738997817,0.945927333086729,1.7223309902474284,10,20,32,0,,
2026-05-16T00:10:56.844014,clean,sax,"{'w': 144, 'bins': 10}",77,3,2,ok,231,308,0.7750401347875595,0.9717296408489347,1.7523795096203685,10,9,18,0,,
2026-05-16T00:10:58.654072,clean,sax,"{'w': 144, 'bins': 10}",77,4,2,ok,308,385,0.7685975860804319,1.0083185639232397,1.7823492716997862,10,16,27,0,,
2026-05-16T00:11:00.400731,clean,sax,"{'w': 144, 'bins': 10}",78,0,2,ok,0,78,0.7801293907687068,0.9132590517401695,1.6989043792709708,10,8,18,0,,
2026-05-16T00:11:02.243510,clean,sax,"{'w': 144, 'bins': 10}",78,1,2,ok,78,156,0.7788020558655262,1.0313915712758899,1.8157970691099763,10,9,19,0,,
2026-05-16T00:11:03.953352,clean,sax,"{'w': 144, 'bins': 10}",78,2,2,ok,156,234,0.7871322724968195,0.8888794062659144,1.6816989090293646,10,5,14,0,,
2026-05-16T00:11:05.869373,clean,sax,"{'w': 144, 'bins': 10}",78,3,2,ok,234,312,0.7800246821716428,1.1033577993512154,1.8889702456071973,10,8,16,0,,
2026-05-16T00:11:07.724605,clean,sax,"{'w': 144, 'bins': 10}",78,4,2,ok,312,390,0.7846693443134427,1.038462002761662,1.8286600280553102,10,12,23,0,,
2026-05-16T00:11:09.516317,clean,sax,"{'w': 144, 'bins': 10}",79,0,2,ok,0,79,0.7913885228335857,0.9457056084647775,1.7429038612172008,10,8,18,0,,
2026-05-16T00:11:11.357677,clean,sax,"{'w': 144, 'bins': 10}",79,1,2,ok,79,158,0.7949497271329165,1.0110927792266011,1.811722181737423,10,8,18,0,,
2026-05-16T00:11:13.197483,clean,sax,"{'w': 144, 'bins': 10}",79,2,2,ok,158,237,0.7900961143895984,1.0145158637315035,1.810262749902904,10,17,28,0,,
2026-05-16T00:11:14.930276,clean,sax,"{'w': 144, 'bins': 10}",79,3,2,ok,237,316,0.7896130559965968,0.9096274748444557,1.7048081262037158,10,13,24,0,,
2026-05-16T00:11:16.720345,clean,sax,"{'w': 144, 'bins': 10}",79,4,2,ok,316,395,0.7930640233680606,0.9629880310967565,1.7616360606625676,10,19,29,0,,
2026-05-16T00:11:18.691703,clean,sax,"{'w': 144, 'bins': 10}",80,0,2,ok,0,80,0.7997570540755987,1.1160629717633128,1.9214927684515715,10,12,23,0,,
2026-05-16T00:11:20.633549,clean,sax,"{'w': 144, 'bins': 10}",80,1,2,ok,80,160,0.7999806832522154,1.1061799759045243,1.9120709979906678,10,9,19,0,,
2026-05-16T00:11:22.374019,clean,sax,"{'w': 144, 'bins': 10}",80,2,2,ok,160,240,0.8008186183869839,0.9041901361197233,1.7106459103524685,10,23,35,0,,
2026-05-16T00:11:24.362086,clean,sax,"{'w': 144, 'bins': 10}",80,3,2,ok,240,320,0.7995802015066147,1.1540893577039242,1.9594692904502153,10,13,24,0,,
2026-05-16T00:11:26.103207,clean,sax,"{'w': 144, 'bins': 10}",80,4,2,ok,320,400,0.8012315249070525,0.905492533929646,1.7123616859316826,10,9,18,0,,
2026-05-16T00:11:28.112658,clean,sax,"{'w': 144, 'bins': 10}",81,0,2,ok,0,81,0.8079048292711377,1.14444191288203,1.9582444671541452,10,12,23,0,,
2026-05-16T00:11:30.084516,clean,sax,"{'w': 144, 'bins': 10}",81,1,2,ok,81,162,0.8058073660358787,1.1295515149831772,1.941320807673037,10,15,28,0,,
2026-05-16T00:11:31.868859,clean,sax,"{'w': 144, 'bins': 10}",81,2,2,ok,162,243,0.811312654055655,0.9374878816306591,1.7545255878940225,10,19,32,0,,
2026-05-16T00:11:33.757163,clean,sax,"{'w': 144, 'bins': 10}",81,3,2,ok,243,324,0.8135688854381442,1.039716842584312,1.859080208465457,10,15,25,0,,
2026-05-16T00:11:35.821374,clean,sax,"{'w': 144, 'bins': 10}",81,4,2,ok,324,405,0.8115156656131148,1.2181567279621959,2.0354605335742235,10,18,30,0,,
2026-05-16T00:11:37.705715,clean,sax,"{'w': 144, 'bins': 10}",82,0,2,ok,0,82,0.8180378442630172,1.0093212006613612,1.8332050228491426,10,6,14,0,,
2026-05-16T00:11:39.922216,clean,sax,"{'w': 144, 'bins': 10}",82,1,2,ok,82,164,0.8161481032148004,1.363696575164795,2.1857297802343965,10,17,30,0,,
2026-05-16T00:11:41.870003,clean,sax,"{'w': 144, 'bins': 10}",82,2,2,ok,164,246,0.823950057849288,1.0870761387050152,1.9169203946366906,10,24,39,0,,
2026-05-16T00:11:43.759016,clean,sax,"{'w': 144, 'bins': 10}",82,3,2,ok,246,328,0.8251606021076441,1.0274885380640626,1.8584912922233343,10,15,25,0,,
2026-05-16T00:11:45.757597,clean,sax,"{'w': 144, 'bins': 10}",82,4,2,ok,328,410,0.823427646420896,1.1412663757801056,1.9705462520942092,10,13,25,0,,
2026-05-16T00:11:47.634927,clean,sax,"{'w': 144, 'bins': 10}",83,0,2,ok,0,83,0.8290182929486036,0.9932530801743269,1.8281527683138847,10,7,15,0,,
2026-05-16T00:11:49.711909,clean,sax,"{'w': 144, 'bins': 10}",83,1,2,ok,83,166,0.8316620029509068,1.2088268930092454,2.0466086491942406,10,10,20,0,,
2026-05-16T00:11:51.659041,clean,sax,"{'w': 144, 'bins': 10}",83,2,2,ok,166,249,0.8319830670952797,1.0788152432069182,1.9168650330975652,10,19,31,0,,
2026-05-16T00:11:53.657124,clean,sax,"{'w': 144, 'bins': 10}",83,3,2,ok,249,332,0.8326958557590842,1.1284520290791988,1.9669982623308897,10,12,23,0,,
2026-05-16T00:11:55.708787,clean,sax,"{'w': 144, 'bins': 10}",83,4,2,ok,332,415,0.830874533392489,1.1853791205212474,2.022148013114929,10,18,31,0,,
2026-05-16T00:11:57.777930,clean,sax,"{'w': 144, 'bins': 10}",84,0,2,ok,0,84,0.8441325426101685,1.16739602945745,2.0175364250317216,10,13,24,0,,
2026-05-16T00:11:59.811770,clean,sax,"{'w': 144, 'bins': 10}",84,1,2,ok,84,168,0.8390502193942666,1.157227898016572,2.0023565823212266,10,15,28,0,,
2026-05-16T00:12:01.752312,clean,sax,"{'w': 144, 'bins': 10}",84,2,2,ok,168,252,0.8399261170998216,1.0620106272399426,1.9079345976933837,10,24,37,0,,
2026-05-16T00:12:03.627397,clean,sax,"{'w': 144, 'bins': 10}",84,3,2,ok,252,336,0.8399124117568135,0.9979870393872261,1.8440406937152147,10,14,24,0,,
2026-05-16T00:12:05.671048,clean,sax,"{'w': 144, 'bins': 10}",84,4,2,ok,336,420,0.8471017833799124,1.1590646402910352,2.012163747102022,10,23,36,0,,
2026-05-16T00:12:07.624893,clean,sax,"{'w': 144, 'bins': 10}",85,0,2,ok,0,85,0.8539437549188733,1.0425068894401193,1.9025176474824548,10,7,15,0,,
2026-05-16T00:12:09.816482,clean,sax,"{'w': 144, 'bins': 10}",85,1,2,ok,85,170,0.8594163106754422,1.291588674299419,2.1572323199361563,10,14,26,0,,
2026-05-16T00:12:11.717168,clean,sax,"{'w': 144, 'bins': 10}",85,2,2,ok,170,255,0.8500077174976468,1.0123255085200071,1.868457717821002,10,20,32,0,,
2026-05-16T00:12:13.624127,clean,sax,"{'w': 144, 'bins': 10}",85,3,2,ok,255,340,0.8518388187512755,1.017092790454626,1.8751302203163505,10,14,24,0,,
2026-05-16T00:12:15.625096,clean,sax,"{'w': 144, 'bins': 10}",85,4,2,ok,340,425,0.8471075855195522,1.1174600403755903,1.9705899357795715,10,20,32,0,,
2026-05-16T00:12:17.815467,clean,sax,"{'w': 144, 'bins': 10}",86,0,2,ok,0,86,0.8608699040487409,1.2704361863434315,2.1375307701528072,10,13,24,0,,
2026-05-16T00:12:19.850500,clean,sax,"{'w': 144, 'bins': 10}",86,1,2,ok,86,172,0.8561556525528431,1.1415338115766644,2.0038568759337068,10,8,18,0,,
2026-05-16T00:12:21.908483,clean,sax,"{'w': 144, 'bins': 10}",86,2,2,ok,172,258,0.8641728824004531,1.1561629278585315,2.0265607200562954,10,10,20,0,,
2026-05-16T00:12:23.958454,clean,sax,"{'w': 144, 'bins': 10}",86,3,2,ok,258,344,0.8543451903387904,1.1570653542876244,2.017633921466768,10,17,29,0,,
2026-05-16T00:12:25.962100,clean,sax,"{'w': 144, 'bins': 10}",86,4,2,ok,344,430,0.8594904309138656,1.105979143641889,1.9717024890705943,10,21,34,0,,
2026-05-16T00:12:28.205259,clean,sax,"{'w': 144, 'bins': 10}",87,0,2,ok,0,87,0.8758925516158342,1.3068744065240026,2.1891156109049916,10,13,24,0,,
2026-05-16T00:12:30.326796,clean,sax,"{'w': 144, 'bins': 10}",87,1,2,ok,87,174,0.872364399023354,1.2090165009722114,2.0876160599291325,10,4,12,0,,
2026-05-16T00:12:32.396135,clean,sax,"{'w': 144, 'bins': 10}",87,2,2,ok,174,261,0.8654014114290476,1.1655559744685888,2.0371763948351145,10,10,20,0,,
2026-05-16T00:12:34.458381,clean,sax,"{'w': 144, 'bins': 10}",87,3,2,ok,261,348,0.8744131298735738,1.1502450751140714,2.030933691188693,10,14,25,0,,
2026-05-16T00:12:36.360135,clean,sax,"{'w': 144, 'bins': 10}",87,4,2,ok,348,435,0.8664604732766747,0.9968557534739375,1.8695549629628658,10,7,16,0,,
2026-05-16T00:12:38.562128,clean,sax,"{'w': 144, 'bins': 10}",88,0,2,ok,0,88,0.8844524212181568,1.2568843150511384,2.1475444845855236,10,13,24,0,,
2026-05-16T00:12:40.638036,clean,sax,"{'w': 144, 'bins': 10}",88,1,2,ok,88,176,0.8888874351978302,1.1470269467681646,2.042363834567368,10,24,37,0,,
2026-05-16T00:12:42.707848,clean,sax,"{'w': 144, 'bins': 10}",88,2,2,ok,176,264,0.8825235450640321,1.1455437494441867,2.034460791386664,10,29,44,0,,
2026-05-16T00:12:44.860696,clean,sax,"{'w': 144, 'bins': 10}",88,3,2,ok,264,352,0.8855740176513791,1.2289968878030777,2.12108061183244,10,14,25,0,,
2026-05-16T00:12:47.053513,clean,sax,"{'w': 144, 'bins': 10}",88,4,2,ok,352,440,0.8859603656455874,1.2684569973498583,2.160659565590322,10,19,32,0,,
2026-05-16T00:12:49.329348,clean,sax,"{'w': 144, 'bins': 10}",89,0,2,ok,0,89,0.8882956253364682,1.3269950561225414,2.221700028516352,10,13,24,0,,
2026-05-16T00:12:51.489812,clean,sax,"{'w': 144, 'bins': 10}",89,1,2,ok,89,178,0.8869219813495874,1.2336166221648455,2.1269983761012554,10,11,20,0,,
2026-05-16T00:12:53.699954,clean,sax,"{'w': 144, 'bins': 10}",89,2,2,ok,178,267,0.8913652738556266,1.2787711350247264,2.1766213476657867,10,12,23,0,,
2026-05-16T00:12:55.773715,clean,sax,"{'w': 144, 'bins': 10}",89,3,2,ok,267,356,0.8849862441420555,1.1435603220015764,2.0348637299612164,10,18,29,0,,
2026-05-16T00:12:57.710081,clean,sax,"{'w': 144, 'bins': 10}",89,4,2,ok,356,445,0.8970037223771214,0.9991074074059725,1.902445886284113,10,27,41,0,,
2026-05-16T00:12:59.772777,clean,sax,"{'w': 144, 'bins': 10}",90,0,2,ok,0,90,0.8995448490604758,1.1037041582167149,2.0097793005406857,10,7,15,0,,
2026-05-16T00:13:01.936533,clean,sax,"{'w': 144, 'bins': 10}",90,1,2,ok,90,180,0.9024253729730844,1.2191504314541817,2.1281760409474373,10,23,36,0,,
2026-05-16T00:13:04.181656,clean,sax,"{'w': 144, 'bins': 10}",90,2,2,ok,180,270,0.9029807671904564,1.301499986089766,2.2110727028921247,10,12,23,0,,
2026-05-16T00:13:06.394374,clean,sax,"{'w': 144, 'bins': 10}",90,3,2,ok,270,360,0.9003192959353328,1.2729331105947495,2.1796648800373077,10,19,30,0,,
2026-05-16T00:13:08.356719,clean,sax,"{'w': 144, 'bins': 10}",90,4,2,ok,360,450,0.8997062128037214,1.0234776949509978,1.929536808282137,10,6,14,0,,
2026-05-16T00:13:10.465344,clean,sax,"{'w': 144, 'bins': 10}",91,0,2,ok,0,91,0.9120101593434811,1.1350871762260795,2.053710856474936,10,7,15,0,,
2026-05-16T00:13:12.759194,clean,sax,"{'w': 144, 'bins': 10}",91,1,2,ok,91,182,0.9125804118812084,1.33907765801996,2.258256913162768,10,8,18,0,,
2026-05-16T00:13:14.884546,clean,sax,"{'w': 144, 'bins': 10}",91,2,2,ok,182,273,0.914927152916789,1.169874262996018,2.0913410168141127,10,11,22,0,,
2026-05-16T00:13:17.206209,clean,sax,"{'w': 144, 'bins': 10}",91,3,2,ok,273,364,0.9126673145219684,1.3675053818151355,2.286798920482397,10,21,32,0,,
2026-05-16T00:13:19.590986,clean,sax,"{'w': 144, 'bins': 10}",91,4,2,ok,364,455,0.9132040934637189,1.4316434655338526,2.3515141094103456,10,14,25,0,,
2026-05-16T00:13:21.702287,clean,sax,"{'w': 144, 'bins': 10}",92,0,2,ok,0,92,0.9219004502519965,1.1278077438473701,2.056327105499804,10,6,14,0,,
2026-05-16T00:13:23.988512,clean,sax,"{'w': 144, 'bins': 10}",92,1,2,ok,92,184,0.9213210111483932,1.3223445564508438,2.250330725684762,10,10,20,0,,
2026-05-16T00:13:25.962132,clean,sax,"{'w': 144, 'bins': 10}",92,2,2,ok,184,276,0.9147049058228731,1.017572115175426,1.9388661161065102,10,17,27,0,,
2026-05-16T00:13:28.085985,clean,sax,"{'w': 144, 'bins': 10}",92,3,2,ok,276,368,0.9208070654422045,1.1628537578508258,2.090408956632018,10,12,21,0,,
2026-05-16T00:13:30.503338,clean,sax,"{'w': 144, 'bins': 10}",92,4,2,ok,368,460,0.916798921301961,1.4599026832729578,2.3833067193627357,10,16,28,0,,
2026-05-16T00:13:32.712012,clean,sax,"{'w': 144, 'bins': 10}",93,0,2,ok,0,93,0.9286594847217202,1.2187215574085712,2.1540346778929234,10,7,15,0,,
2026-05-16T00:13:34.973289,clean,sax,"{'w': 144, 'bins': 10}",93,1,2,ok,93,186,0.9267161218449473,1.2912158882245421,2.224657370708883,10,13,25,0,,
2026-05-16T00:13:37.356102,clean,sax,"{'w': 144, 'bins': 10}",93,2,2,ok,186,279,0.9292409271001816,1.4118440030142665,2.3477492360398173,10,12,23,0,,
2026-05-16T00:13:39.493748,clean,sax,"{'w': 144, 'bins': 10}",93,3,2,ok,279,372,0.9251993717625737,1.1696690190583467,2.1015898836776614,10,12,21,0,,
2026-05-16T00:13:41.882198,clean,sax,"{'w': 144, 'bins': 10}",93,4,2,ok,372,465,0.9275629352778196,1.4192085647955537,2.353355565108359,10,16,28,0,,
2026-05-16T00:13:44.071714,clean,sax,"{'w': 144, 'bins': 10}",94,0,2,ok,0,94,0.9438975472003222,1.184120080433786,2.1348649580031633,10,7,15,0,,
2026-05-16T00:13:46.384658,clean,sax,"{'w': 144, 'bins': 10}",94,1,2,ok,94,188,0.9398789322003722,1.329335859976709,2.2761163348332047,10,8,18,0,,
2026-05-16T00:13:48.792719,clean,sax,"{'w': 144, 'bins': 10}",94,2,2,ok,188,282,0.9457457102835178,1.419681092724204,2.3722860561683774,10,12,23,0,,
2026-05-16T00:13:51.022122,clean,sax,"{'w': 144, 'bins': 10}",94,3,2,ok,282,376,0.9437458934262395,1.2446910813450813,2.1951947966590524,10,12,21,0,,
2026-05-16T00:13:53.256731,clean,sax,"{'w': 144, 'bins': 10}",94,4,2,ok,376,470,0.9443221548572183,1.2486329907551408,2.1997611485421658,10,12,23,0,,
2026-05-16T00:13:55.473103,clean,sax,"{'w': 144, 'bins': 10}",95,0,2,ok,0,95,0.945764166302979,1.2086344184353948,2.161366732791066,10,7,15,0,,
2026-05-16T00:13:57.940664,clean,sax,"{'w': 144, 'bins': 10}",95,1,2,ok,95,190,0.9540651272982359,1.4701278945431113,2.431150099262595,10,16,28,0,,
2026-05-16T00:14:00.058143,clean,sax,"{'w': 144, 'bins': 10}",95,2,2,ok,190,285,0.9530037138611078,1.1215577200055122,2.0813689893111587,10,8,17,0,,
2026-05-16T00:14:02.307543,clean,sax,"{'w': 144, 'bins': 10}",95,3,2,ok,285,380,0.9528718562796712,1.25099519174546,2.2108291033655405,10,17,28,0,,
2026-05-16T00:14:04.524836,clean,sax,"{'w': 144, 'bins': 10}",95,4,2,ok,380,475,0.9556650258600712,1.2190548460930586,2.1816853741183877,10,12,23,0,,
2026-05-16T00:14:06.833798,clean,sax,"{'w': 144, 'bins': 10}",96,0,2,ok,0,96,0.9615725399926305,1.2833145586773753,2.2519817240536213,10,7,15,0,,
2026-05-16T00:14:09.204662,clean,sax,"{'w': 144, 'bins': 10}",96,1,2,ok,96,192,0.956115554086864,1.3700742945075035,2.333078294992447,10,8,18,0,,
2026-05-16T00:14:11.383317,clean,sax,"{'w': 144, 'bins': 10}",96,2,2,ok,192,288,0.9655154515057802,1.168331646360457,2.140776271931827,10,21,35,0,,
2026-05-16T00:14:13.685833,clean,sax,"{'w': 144, 'bins': 10}",96,3,2,ok,288,384,0.9635287774726748,1.295582608319819,2.266107777133584,10,18,29,0,,
2026-05-16T00:14:16.010409,clean,sax,"{'w': 144, 'bins': 10}",96,4,2,ok,384,480,0.9611857626587152,1.3217629780992866,2.28985961060971,10,15,28,0,,
2026-05-16T00:14:18.265202,clean,sax,"{'w': 144, 'bins': 10}",97,0,2,ok,0,97,0.9671828960999846,1.2237837640568614,2.1980012729763985,10,6,14,0,,
2026-05-16T00:14:20.592191,clean,sax,"{'w': 144, 'bins': 10}",97,1,2,ok,97,194,0.9727116283029318,1.3072453010827303,2.2869624057784677,10,25,38,0,,
2026-05-16T00:14:23.085040,clean,sax,"{'w': 144, 'bins': 10}",97,2,2,ok,194,291,0.9746896047145128,1.4743957975879312,2.4560345942154527,10,9,18,0,,
2026-05-16T00:14:25.413259,clean,sax,"{'w': 144, 'bins': 10}",97,3,2,ok,291,388,0.9668462639674544,1.3183085955679417,2.29220315720886,10,10,19,0,,
2026-05-16T00:14:27.620495,clean,sax,"{'w': 144, 'bins': 10}",97,4,2,ok,388,485,0.9718634951859713,1.190794168971479,2.169685924425721,10,17,28,0,,
2026-05-16T00:14:29.911052,clean,sax,"{'w': 144, 'bins': 10}",98,0,2,ok,0,98,0.9801709391176701,1.2449373668059707,2.232367259450257,10,6,14,0,,
2026-05-16T00:14:32.250468,clean,sax,"{'w': 144, 'bins': 10}",98,1,2,ok,98,196,0.984905238263309,1.3092018896713853,2.301232570782304,10,11,21,0,,
2026-05-16T00:14:34.702078,clean,sax,"{'w': 144, 'bins': 10}",98,2,2,ok,196,294,0.9829435404390097,1.4253809712827206,2.415385943837464,10,9,18,0,,
2026-05-16T00:14:37.012753,clean,sax,"{'w': 144, 'bins': 10}",98,3,2,ok,294,392,0.984836339019239,1.281884933821857,2.273866944015026,10,16,27,0,,
2026-05-16T00:14:39.359847,clean,sax,"{'w': 144, 'bins': 10}",98,4,2,ok,392,490,0.9866218250244856,1.3167183073237538,2.310403318144381,10,9,19,0,,
2026-05-16T00:14:41.711575,clean,sax,"{'w': 144, 'bins': 10}",99,0,2,ok,0,99,0.993221478536725,1.2913908725604415,2.291782258078456,10,6,14,0,,
2026-05-16T00:14:44.286740,clean,sax,"{'w': 144, 'bins': 10}",99,1,2,ok,99,198,0.9930631322786212,1.5346925044432282,2.535115299746394,10,4,12,0,,
2026-05-16T00:14:46.752217,clean,sax,"{'w': 144, 'bins': 10}",99,2,2,ok,198,297,0.995435081422329,1.4237203700467944,2.4263589112088084,10,20,33,0,,
2026-05-16T00:14:49.116713,clean,sax,"{'w': 144, 'bins': 10}",99,3,2,ok,297,396,0.9876581029966474,1.332602565176785,2.327590074390173,10,18,29,0,,
2026-05-16T00:14:51.554083,clean,sax,"{'w': 144, 'bins': 10}",99,4,2,ok,396,495,0.9969739830121398,1.3935778439044952,2.3977427845820785,10,22,34,0,,
2026-05-16T00:14:53.828063,clean,sax,"{'w': 144, 'bins': 10}",100,0,2,ok,0,100,1.0010710041970015,1.2074866257607937,2.2157787019386888,10,6,14,0,,
2026-05-16T00:14:56.486676,clean,sax,"{'w': 144, 'bins': 10}",100,1,2,ok,100,200,1.0051372777670622,1.606262968853116,2.6187510835006833,10,10,20,0,,
2026-05-16T00:14:58.984386,clean,sax,"{'w': 144, 'bins': 10}",100,2,2,ok,200,300,1.0042578242719173,1.4478607047349215,2.4594334391877055,10,10,20,0,,
2026-05-16T00:15:01.455527,clean,sax,"{'w': 144, 'bins': 10}",100,3,2,ok,300,400,1.0007958374917507,1.4248935859650373,2.432953937910497,10,18,29,0,,
2026-05-16T00:15:03.869002,clean,sax,"{'w': 144, 'bins': 10}",100,4,2,ok,400,500,0.9998402204364538,1.3666348233819008,2.3738261107355356,10,17,28,0,,
2026-05-16T00:15:04.246778,clean,persist,{'bins': 11},1,0,2,ok,0,1,0.26404318772256374,0.015979835763573647,0.2803530441597104,10,15,23,0,,
2026-05-16T00:15:04.514396,clean,persist,{'bins': 11},1,1,2,ok,1,2,0.25270070880651474,0.01314557809382677,0.266118879429996,10,21,26,0,,
2026-05-16T00:15:04.777359,clean,persist,{'bins': 11},1,2,2,ok,2,3,0.24870311468839645,0.012721460312604904,0.261691577732563,10,12,20,0,,
2026-05-16T00:15:05.070071,clean,persist,{'bins': 11},1,3,2,ok,3,4,0.2706326637417078,0.020547501742839813,0.29144618567079306,10,7,16,0,,
2026-05-16T00:15:05.349202,clean,persist,{'bins': 11},1,4,2,ok,4,5,0.2570491833612323,0.020016503520309925,0.27733918093144894,10,21,30,0,,
2026-05-16T00:15:05.722046,clean,persist,{'bins': 11},2,0,2,ok,0,2,0.268693208694458,0.06254867743700743,0.3316800994798541,10,24,33,0,,
2026-05-16T00:15:06.054748,clean,persist,{'bins': 11},2,1,2,ok,2,4,0.28227445762604475,0.04776305612176657,0.33044356666505337,10,8,16,0,,
2026-05-16T00:15:06.390966,clean,persist,{'bins': 11},2,2,2,ok,4,6,0.2662115041166544,0.0674416134133935,0.33405820932239294,10,18,30,0,,
2026-05-16T00:15:06.711581,clean,persist,{'bins': 11},2,3,2,ok,6,8,0.2666838224977255,0.05143234133720398,0.3185289204120636,10,20,32,0,,
2026-05-16T00:15:07.031585,clean,persist,{'bins': 11},2,4,2,ok,8,10,0.2721328241750598,0.04553226288408041,0.31807120982557535,10,22,33,0,,
2026-05-16T00:15:07.422460,clean,persist,{'bins': 11},3,0,2,ok,0,3,0.27848408184945583,0.07015489414334297,0.3491992587223649,10,17,32,0,,
2026-05-16T00:15:07.793131,clean,persist,{'bins': 11},3,1,2,ok,3,6,0.2927525108680129,0.07462559640407562,0.3679022938013077,10,11,22,0,,
2026-05-16T00:15:08.180817,clean,persist,{'bins': 11},3,2,2,ok,6,9,0.2863698648288846,0.09802683256566525,0.38493837509304285,10,9,22,0,,
2026-05-16T00:15:08.539204,clean,persist,{'bins': 11},3,3,2,ok,9,12,0.26372153405100107,0.09143168479204178,0.355676993727684,10,24,37,0,,
2026-05-16T00:15:08.916135,clean,persist,{'bins': 11},3,4,2,ok,12,15,0.2805348355323076,0.09319108352065086,0.37426720652729273,10,21,35,0,,
2026-05-16T00:15:09.367758,clean,persist,{'bins': 11},4,0,2,ok,0,4,0.2806576080620289,0.12863144651055336,0.4099869066849351,10,9,21,0,,
2026-05-16T00:15:09.810254,clean,persist,{'bins': 11},4,1,2,ok,4,8,0.28677109722048044,0.1516106491908431,0.4390534795820713,10,22,36,0,,
2026-05-16T00:15:10.217839,clean,persist,{'bins': 11},4,2,2,ok,8,12,0.28637804090976715,0.11736979894340038,0.4043776532635093,10,16,31,0,,
2026-05-16T00:15:10.725028,clean,persist,{'bins': 11},4,3,2,ok,12,16,0.29323397669941187,0.20563582610338926,0.49952451325953007,10,20,40,0,,
2026-05-16T00:15:11.109415,clean,persist,{'bins': 11},4,4,2,ok,16,20,0.2837268663570285,0.09686847403645515,0.3812215179204941,10,25,36,0,,
2026-05-16T00:15:11.626151,clean,persist,{'bins': 11},5,0,2,ok,0,5,0.30638111755251884,0.16654404811561108,0.4738528598099947,10,20,34,0,,
2026-05-16T00:15:12.121827,clean,persist,{'bins': 11},5,1,2,ok,5,10,0.2862379653379321,0.20418054051697254,0.49132394790649414,10,23,40,0,,
2026-05-16T00:15:12.636539,clean,persist,{'bins': 11},5,2,2,ok,10,15,0.3031808817759156,0.20658879727125168,0.5107031036168337,10,24,39,0,,
2026-05-16T00:15:13.112478,clean,persist,{'bins': 11},5,3,2,ok,15,20,0.29890766087919474,0.17277348693460226,0.47257199324667454,10,20,35,0,,
2026-05-16T00:15:13.565686,clean,persist,{'bins': 11},5,4,2,ok,20,25,0.29125127010047436,0.15761593729257584,0.44975394383072853,10,11,22,0,,
2026-05-16T00:15:14.133803,clean,persist,{'bins': 11},6,0,2,ok,0,6,0.3130649896338582,0.21058721281588078,0.5247858939692378,10,20,31,0,,
2026-05-16T00:15:14.739371,clean,persist,{'bins': 11},6,1,2,ok,6,12,0.3031261684373021,0.2968798093497753,0.601057424210012,10,16,29,0,,
2026-05-16T00:15:15.350162,clean,persist,{'bins': 11},6,2,2,ok,12,18,0.30927214212715626,0.2959544500336051,0.6062972946092486,10,23,40,0,,
2026-05-16T00:15:15.935292,clean,persist,{'bins': 11},6,3,2,ok,18,24,0.30412422493100166,0.2752079041674733,0.5803714236244559,10,26,45,0,,
2026-05-16T00:15:16.557819,clean,persist,{'bins': 11},6,4,2,ok,24,30,0.32646315451711416,0.2903076056391001,0.6178505998104811,10,19,39,0,,
2026-05-16T00:15:17.213190,clean,persist,{'bins': 11},7,0,2,ok,0,7,0.31233901623636484,0.2981866644695401,0.6117493510246277,10,15,30,0,,
2026-05-16T00:15:17.830065,clean,persist,{'bins': 11},7,1,2,ok,7,14,0.3242078050971031,0.28701105900108814,0.6123969396576285,10,25,41,0,,
2026-05-16T00:15:18.448013,clean,persist,{'bins': 11},7,2,2,ok,14,21,0.31879020389169455,0.2928171930834651,0.6128229405730963,10,24,38,0,,
2026-05-16T00:15:19.025442,clean,persist,{'bins': 11},7,3,2,ok,21,28,0.31105607375502586,0.2606674721464515,0.572935645468533,10,10,21,0,,
2026-05-16T00:15:19.876544,clean,persist,{'bins': 11},7,4,2,ok,28,35,0.30809194408357143,0.5360267730429769,0.8453383995220065,10,23,44,0,,
2026-05-16T00:15:20.587621,clean,persist,{'bins': 11},8,0,2,ok,0,8,0.33386400528252125,0.33139649871736765,0.6666303277015686,10,18,30,0,,
2026-05-16T00:15:21.533267,clean,persist,{'bins': 11},8,1,2,ok,8,16,0.3306643608957529,0.6074923910200596,0.9394910801202059,10,8,24,0,,
2026-05-16T00:15:22.249879,clean,persist,{'bins': 11},8,2,2,ok,16,24,0.30245780292898417,0.4078707592561841,0.7116504665464163,10,17,33,0,,
2026-05-16T00:15:23.112602,clean,persist,{'bins': 11},8,3,2,ok,24,32,0.31578855961561203,0.5395531710237265,0.8566668406128883,10,31,61,0,,
2026-05-16T00:15:23.932413,clean,persist,{'bins': 11},8,4,2,ok,32,40,0.3451723111793399,0.466474462300539,0.8129852982237935,10,48,75,0,,
2026-05-16T00:15:24.705320,clean,persist,{'bins': 11},9,0,2,ok,0,9,0.32851316686719656,0.39862081315368414,0.728692440316081,10,10,20,0,,
2026-05-16T00:15:25.659950,clean,persist,{'bins': 11},9,1,2,ok,9,18,0.34414554946124554,0.6022267518565059,0.947896377183497,10,22,42,0,,
2026-05-16T00:15:26.455230,clean,persist,{'bins': 11},9,2,2,ok,18,27,0.3276372216641903,0.4605007926002145,0.789583520963788,10,18,36,0,,
2026-05-16T00:15:27.404199,clean,persist,{'bins': 11},9,3,2,ok,27,36,0.3385602533817291,0.6026486568152905,0.9426793428137898,10,23,46,0,,
2026-05-16T00:15:28.276710,clean,persist,{'bins': 11},9,4,2,ok,36,45,0.31729647517204285,0.5468441164121032,0.8656705366447568,10,27,45,0,,
2026-05-16T00:15:29.142798,clean,persist,{'bins': 11},10,0,2,ok,0,10,0.3279473641887307,0.4915778264403343,0.8210413102060556,10,22,39,0,,
2026-05-16T00:15:30.256516,clean,persist,{'bins': 11},10,1,2,ok,10,20,0.35599817894399166,0.7484075361862779,1.1059033805504441,10,33,54,0,,
2026-05-16T00:15:31.365702,clean,persist,{'bins': 11},10,2,2,ok,20,30,0.3706793738529086,0.728814410045743,1.1009737746790051,10,23,45,0,,
2026-05-16T00:15:32.375043,clean,persist,{'bins': 11},10,3,2,ok,30,40,0.37081312481313944,0.6303100986406207,1.0025771362707019,10,15,33,0,,
2026-05-16T00:15:33.288687,clean,persist,{'bins': 11},10,4,2,ok,40,50,0.3640538100153208,0.5416068220511079,0.9071456333622336,10,19,43,0,,
2026-05-16T00:15:34.319134,clean,persist,{'bins': 11},11,0,2,ok,0,11,0.3686948334798217,0.6130882194265723,0.9834705451503396,10,26,47,0,,
2026-05-16T00:15:35.376909,clean,persist,{'bins': 11},11,1,2,ok,11,22,0.42478604428470135,0.623384241014719,1.0500137796625495,10,23,41,0,,
2026-05-16T00:15:36.544779,clean,persist,{'bins': 11},11,2,2,ok,22,33,0.34196394961327314,0.8165016965940595,1.1601014016196132,10,20,41,0,,
2026-05-16T00:15:37.580989,clean,persist,{'bins': 11},11,3,2,ok,33,44,0.3447005245834589,0.6820183312520385,1.0283460533246398,10,19,40,0,,
2026-05-16T00:15:38.749827,clean,persist,{'bins': 11},11,4,2,ok,44,55,0.3618481643497944,0.7969958344474435,1.16054402384907,10,23,44,0,,
2026-05-16T00:15:39.951124,clean,persist,{'bins': 11},12,0,2,ok,0,12,0.3681492479518056,0.7833484429866076,1.1533597111701965,10,33,54,0,,
2026-05-16T00:15:41.025989,clean,persist,{'bins': 11},12,1,2,ok,12,24,0.36420809011906385,0.6989772981032729,1.0649557262659073,10,11,27,0,,
2026-05-16T00:15:42.327878,clean,persist,{'bins': 11},12,2,2,ok,24,36,0.3863864475861192,0.9049128172919154,1.293077016249299,10,41,73,0,,
2026-05-16T00:15:43.484608,clean,persist,{'bins': 11},12,3,2,ok,36,48,0.34923688042908907,0.7971998676657677,1.1483025355264544,10,14,27,0,,
2026-05-16T00:15:44.727338,clean,persist,{'bins': 11},12,4,2,ok,48,60,0.36019571870565414,0.8726740395650268,1.2346632704138756,10,19,41,0,,
2026-05-16T00:15:46.025809,clean,persist,{'bins': 11},13,0,2,ok,0,13,0.38177681155502796,0.8671663887798786,1.2508922135457397,10,25,45,0,,
2026-05-16T00:15:47.493703,clean,persist,{'bins': 11},13,1,2,ok,13,26,0.3787188045680523,1.0770635940134525,1.4576652878895402,10,35,60,0,,
2026-05-16T00:15:49.041216,clean,persist,{'bins': 11},13,2,2,ok,26,39,0.38186170253902674,1.152821509167552,1.5366125674918294,10,30,52,0,,
2026-05-16T00:15:50.052856,clean,persist,{'bins': 11},13,3,2,ok,39,52,0.3688958315178752,0.6325400909408927,1.0032709324732423,10,21,39,0,,
2026-05-16T00:15:51.668983,clean,persist,{'bins': 11},13,4,2,ok,52,65,0.3915571169927716,1.2126842280849814,1.6062143230810761,10,10,23,0,,
2026-05-16T00:15:53.095992,clean,persist,{'bins': 11},14,0,2,ok,0,14,0.37926606461405754,0.9972710441797972,1.3785827038809657,10,22,40,0,,
2026-05-16T00:15:54.657118,clean,persist,{'bins': 11},14,1,2,ok,14,28,0.3904454065486789,1.1580550568178296,1.5505263404920697,10,32,53,0,,
2026-05-16T00:15:56.567997,clean,persist,{'bins': 11},14,2,2,ok,28,42,0.4004103681072593,1.4969031913205981,1.899413445033133,10,20,39,0,,
2026-05-16T00:15:58.205509,clean,persist,{'bins': 11},14,3,2,ok,42,56,0.3712097117677331,1.2530249133706093,1.6262686187401414,10,26,50,0,,
2026-05-16T00:15:59.656213,clean,persist,{'bins': 11},14,4,2,ok,56,70,0.4077677959576249,1.0313465958461165,1.4411691734567285,10,31,55,0,,
2026-05-16T00:16:01.388835,clean,persist,{'bins': 11},15,0,2,ok,0,15,0.3595721675083041,1.320151176303625,1.6819427451118827,10,16,33,0,,
2026-05-16T00:16:02.863327,clean,persist,{'bins': 11},15,1,2,ok,15,30,0.3685964494943619,1.092593403533101,1.4636171963065863,10,13,28,0,,
2026-05-16T00:16:04.402779,clean,persist,{'bins': 11},15,2,2,ok,30,45,0.3764220792800188,1.150110294111073,1.5287301139906049,10,20,40,0,,
2026-05-16T00:16:05.920574,clean,persist,{'bins': 11},15,3,2,ok,45,60,0.39352334290742874,1.1116522680968046,1.5073079895228148,10,28,50,0,,
2026-05-16T00:16:07.872478,clean,persist,{'bins': 11},15,4,2,ok,60,75,0.4143722904846072,1.5235401587560773,1.9400736819952726,10,21,41,0,,
2026-05-16T00:16:09.391130,clean,persist,{'bins': 11},16,0,2,ok,0,16,0.4071064926683903,1.0609395373612642,1.4703969191759825,10,17,35,0,,
2026-05-16T00:16:10.818937,clean,persist,{'bins': 11},16,1,2,ok,16,32,0.3940937342122197,1.020039452239871,1.416435363702476,10,37,57,0,,
2026-05-16T00:16:12.523133,clean,persist,{'bins': 11},16,2,2,ok,32,48,0.4051438644528389,1.2846222640946507,1.6921027414500713,10,22,41,0,,
2026-05-16T00:16:14.226249,clean,persist,{'bins': 11},16,3,2,ok,48,64,0.39244931377470493,1.2960452567785978,1.6908590951934457,10,24,46,0,,
2026-05-16T00:16:16.037837,clean,persist,{'bins': 11},16,4,2,ok,64,80,0.4207958336919546,1.3757426170632243,1.7989555345848203,10,22,40,0,,
2026-05-16T00:16:17.735593,clean,persist,{'bins': 11},17,0,2,ok,0,17,0.42438917979598045,1.2225835574790835,1.649354743771255,10,12,28,0,,
2026-05-16T00:16:19.459359,clean,persist,{'bins': 11},17,1,2,ok,17,34,0.41900294460356236,1.2906305389478803,1.7120755333453417,10,26,50,0,,
2026-05-16T00:16:21.234187,clean,persist,{'bins': 11},17,2,2,ok,34,51,0.3934998493641615,1.366569735109806,1.7625405583530664,10,28,54,0,,
2026-05-16T00:16:22.948225,clean,persist,{'bins': 11},17,3,2,ok,51,68,0.41832086257636547,1.2819144167006016,1.7026856653392315,10,24,42,0,,
2026-05-16T00:16:24.667932,clean,persist,{'bins': 11},17,4,2,ok,68,85,0.41970123536884785,1.2859893254935741,1.708129856735468,10,25,49,0,,
2026-05-16T00:16:26.530463,clean,persist,{'bins': 11},18,0,2,ok,0,18,0.42068324238061905,1.389684583991766,1.8129701372236013,10,15,32,0,,
2026-05-16T00:16:28.631951,clean,persist,{'bins': 11},18,1,2,ok,18,36,0.4267153004184365,1.6590671902522445,2.0883360896259546,10,14,30,0,,
2026-05-16T00:16:30.522056,clean,persist,{'bins': 11},18,2,2,ok,36,54,0.4425043184310198,1.4326794864609838,1.8777300911024213,10,26,49,0,,
2026-05-16T00:16:32.304850,clean,persist,{'bins': 11},18,3,2,ok,54,72,0.413232016377151,1.3545005898922682,1.770316113717854,10,24,43,0,,
2026-05-16T00:16:33.981327,clean,persist,{'bins': 11},18,4,2,ok,72,90,0.3992491653189063,1.2622972140088677,1.6641394728794694,10,28,46,0,,
2026-05-16T00:16:36.501739,clean,persist,{'bins': 11},19,0,2,ok,0,19,0.4340166039764881,2.030769307166338,2.467587006278336,10,12,28,0,,
2026-05-16T00:16:39.276783,clean,persist,{'bins': 11},19,1,2,ok,19,38,0.4264965197071433,2.329459480009973,2.7588170478120446,10,24,44,0,,
2026-05-16T00:16:41.247199,clean,persist,{'bins': 11},19,2,2,ok,38,57,0.46154279354959726,1.4938297970220447,1.9581079324707389,10,18,37,0,,
2026-05-16T00:16:43.661945,clean,persist,{'bins': 11},19,3,2,ok,57,76,0.46744120959192514,1.9298827797174454,2.400025066919625,10,31,56,0,,
2026-05-16T00:16:45.884301,clean,persist,{'bins': 11},19,4,2,ok,76,95,0.42517634853720665,1.7799578979611397,2.207961270585656,10,25,45,0,,
2026-05-16T00:16:48.512490,clean,persist,{'bins': 11},20,0,2,ok,0,20,0.463431553915143,2.1067354157567024,2.573030532337725,10,30,54,0,,
2026-05-16T00:16:51.424613,clean,persist,{'bins': 11},20,1,2,ok,20,40,0.4757868368178606,2.418465269729495,2.8970743902027607,10,32,62,0,,
2026-05-16T00:16:53.731475,clean,persist,{'bins': 11},20,2,2,ok,40,60,0.4792845109477639,1.8106797141954303,2.292752316221595,10,21,43,0,,
2026-05-16T00:16:56.038321,clean,persist,{'bins': 11},20,3,2,ok,60,80,0.45472246408462524,1.8353923251852393,2.292963173240423,10,30,58,0,,
2026-05-16T00:16:58.897977,clean,persist,{'bins': 11},20,4,2,ok,80,100,0.43276785779744387,2.4072334682568908,2.8428566232323647,10,19,40,0,,
2026-05-16T00:17:01.695113,clean,persist,{'bins': 11},21,0,2,ok,0,21,0.46920979488641024,2.2684666998684406,2.7407452324405313,10,31,49,0,,
2026-05-16T00:17:04.241350,clean,persist,{'bins': 11},21,1,2,ok,21,42,0.46320889610797167,2.0645992886275053,2.530870821326971,10,28,53,0,,
2026-05-16T00:17:06.680279,clean,persist,{'bins': 11},21,2,2,ok,42,63,0.4348909892141819,1.9848695257678628,2.4227740792557597,10,38,70,0,,
2026-05-16T00:17:09.217249,clean,persist,{'bins': 11},21,3,2,ok,63,84,0.436723112128675,2.0823872415348887,2.522089193575084,10,21,42,0,,
2026-05-16T00:17:11.534503,clean,persist,{'bins': 11},21,4,2,ok,84,105,0.4373734248802066,1.8627947717905045,2.3031570352613926,10,13,27,0,,
2026-05-16T00:17:13.902105,clean,persist,{'bins': 11},22,0,2,ok,0,22,0.45459922309964895,1.8548647183924913,2.3125597201287746,10,29,47,0,,
2026-05-16T00:17:16.603315,clean,persist,{'bins': 11},22,1,2,ok,22,44,0.4514251062646508,2.22940353769809,2.68398910574615,10,19,37,0,,
2026-05-16T00:17:19.715816,clean,persist,{'bins': 11},22,2,2,ok,44,66,0.48643153440207243,2.606556341983378,3.096145552583039,10,31,56,0,,
2026-05-16T00:17:22.380832,clean,persist,{'bins': 11},22,3,2,ok,66,88,0.45421827770769596,2.1906524104997516,2.648022262379527,10,30,59,0,,
2026-05-16T00:17:24.915441,clean,persist,{'bins': 11},22,4,2,ok,88,110,0.4676981447264552,2.046698182821274,2.5175438430160284,10,26,45,0,,
2026-05-16T00:17:27.446901,clean,persist,{'bins': 11},23,0,2,ok,0,23,0.48032782319933176,1.9910394260659814,2.4746523639187217,10,33,55,0,,
2026-05-16T00:17:30.227379,clean,persist,{'bins': 11},23,1,2,ok,23,46,0.4745730385184288,2.284876317717135,2.762755500152707,10,23,42,0,,
2026-05-16T00:17:33.103365,clean,persist,{'bins': 11},23,2,2,ok,46,69,0.5004698317497969,2.3555471813306212,2.859284084290266,10,27,52,0,,
2026-05-16T00:17:36.195647,clean,persist,{'bins': 11},23,3,2,ok,69,92,0.4730569664388895,2.5990547044202685,3.075406533665955,10,36,61,0,,
2026-05-16T00:17:38.971456,clean,persist,{'bins': 11},23,4,2,ok,92,115,0.4845770001411438,2.271310535259545,2.7592087984085083,10,9,23,0,,
2026-05-16T00:17:41.912053,clean,persist,{'bins': 11},24,0,2,ok,0,24,0.44810084998607635,2.433078484609723,2.8844696087762713,10,24,47,0,,
2026-05-16T00:17:44.570466,clean,persist,{'bins': 11},24,1,2,ok,24,48,0.46717901434749365,2.1690806709229946,2.6396461902186275,10,20,38,0,,
2026-05-16T00:17:47.438397,clean,persist,{'bins': 11},24,2,2,ok,48,72,0.45215612184256315,2.3958839559927583,2.85129551589489,10,22,45,0,,
2026-05-16T00:17:50.597554,clean,persist,{'bins': 11},24,3,2,ok,72,96,0.4709455221891403,2.6674427120015025,3.1416624281555414,10,25,48,0,,
2026-05-16T00:17:53.251615,clean,persist,{'bins': 11},24,4,2,ok,96,120,0.4566159946843982,2.1783079551532865,2.638306215405464,10,22,44,0,,
2026-05-16T00:17:56.803101,clean,persist,{'bins': 11},25,0,2,ok,0,25,0.5028985049575567,2.9863912910223007,3.492898529395461,10,31,56,0,,
2026-05-16T00:18:01.048392,clean,persist,{'bins': 11},25,1,2,ok,25,50,0.5092227617278695,3.7113510305061936,4.224108254536986,10,37,64,0,,
2026-05-16T00:18:04.360141,clean,persist,{'bins': 11},25,2,2,ok,50,75,0.5013251584023237,2.7896533831954002,3.2944559268653393,10,25,55,0,,
2026-05-16T00:18:07.416121,clean,persist,{'bins': 11},25,3,2,ok,75,100,0.47541295178234577,2.5591268315911293,3.0380516834557056,10,30,56,0,,
2026-05-16T00:18:10.693089,clean,persist,{'bins': 11},25,4,2,ok,100,125,0.5141934128478169,2.739471886307001,3.2572097908705473,10,25,50,0,,
2026-05-16T00:18:13.520357,clean,persist,{'bins': 11},26,0,2,ok,0,26,0.504088613204658,2.2632290860638022,2.770936249755323,10,16,37,0,,
2026-05-16T00:18:16.641423,clean,persist,{'bins': 11},26,1,2,ok,26,52,0.4591477932408452,2.6392116835340858,3.102014455012977,10,12,28,0,,
2026-05-16T00:18:20.360415,clean,persist,{'bins': 11},26,2,2,ok,52,78,0.512471828609705,3.1830822322517633,3.6992192789912224,10,46,90,0,,
2026-05-16T00:18:24.479612,clean,persist,{'bins': 11},26,3,2,ok,78,104,0.4790319325402379,3.615124004893005,4.097920713014901,10,19,39,0,,
2026-05-16T00:18:28.577440,clean,persist,{'bins': 11},26,4,2,ok,104,130,0.49992372561246157,3.572508115321398,4.076148165389895,10,34,63,0,,
2026-05-16T00:18:31.495685,clean,persist,{'bins': 11},27,0,2,ok,0,27,0.4878138583153486,2.3703922582790256,2.861925397068262,10,13,28,0,,
2026-05-16T00:18:35.276461,clean,persist,{'bins': 11},27,1,2,ok,27,54,0.539484204724431,3.2173762284219265,3.760637721978128,10,25,52,0,,
2026-05-16T00:18:38.828682,clean,persist,{'bins': 11},27,2,2,ok,54,81,0.5081246290355921,3.021919925697148,3.533811755478382,10,19,41,0,,
2026-05-16T00:18:42.730971,clean,persist,{'bins': 11},27,3,2,ok,81,108,0.5160338236019015,3.36258954834193,3.882323967292905,10,28,54,0,,
2026-05-16T00:18:47.488267,clean,persist,{'bins': 11},27,4,2,ok,108,135,0.5108260670676827,4.21797847468406,4.732688912190497,10,27,52,0,,
2026-05-16T00:18:50.900282,clean,persist,{'bins': 11},28,0,2,ok,0,28,0.507356395944953,2.840295322239399,3.3515684492886066,10,35,60,0,,
2026-05-16T00:18:54.897381,clean,persist,{'bins': 11},28,1,2,ok,28,56,0.4900585478171706,3.4800132354721427,3.974005495198071,10,34,64,0,,
2026-05-16T00:18:58.170087,clean,persist,{'bins': 11},28,2,2,ok,56,84,0.5473035518079996,2.7005967693403363,3.2517691114917397,10,38,70,0,,
2026-05-16T00:19:02.705967,clean,persist,{'bins': 11},28,3,2,ok,84,112,0.514378784224391,3.9942877758294344,4.512614480219781,10,29,52,0,,
2026-05-16T00:19:06.624133,clean,persist,{'bins': 11},28,4,2,ok,112,140,0.5456294864416122,3.3465675562620163,3.8961307052522898,10,23,48,0,,
2026-05-16T00:19:10.326991,clean,persist,{'bins': 11},29,0,2,ok,0,29,0.5686616627499461,3.070752310566604,3.6434360314160585,10,20,46,0,,
2026-05-16T00:19:14.347586,clean,persist,{'bins': 11},29,1,2,ok,29,58,0.5287385024130344,3.4666300509124994,3.9993527308106422,10,25,50,0,,
2026-05-16T00:19:19.003328,clean,persist,{'bins': 11},29,2,2,ok,58,87,0.5353452693670988,4.094840689562261,4.634208358824253,10,25,51,0,,
2026-05-16T00:19:22.177619,clean,persist,{'bins': 11},29,3,2,ok,87,116,0.5119467955082655,2.6375893438234925,3.153498345054686,10,20,41,0,,
2026-05-16T00:19:27.378818,clean,persist,{'bins': 11},29,4,2,ok,116,145,0.5160182872787118,4.654353691264987,5.174562634900212,10,26,52,0,,
2026-05-16T00:19:31.420430,clean,persist,{'bins': 11},30,0,2,ok,0,30,0.5503508001565933,3.426864913664758,3.9813721859827638,10,19,40,0,,
2026-05-16T00:19:37.443917,clean,persist,{'bins': 11},30,1,2,ok,30,60,0.5244875745847821,5.4663225850090384,5.995101895183325,10,29,56,0,,
2026-05-16T00:19:42.003597,clean,persist,{'bins': 11},30,2,2,ok,60,90,0.5544321313500404,3.978218703530729,4.536746362224221,10,27,53,0,,
2026-05-16T00:19:45.507516,clean,persist,{'bins': 11},30,3,2,ok,90,120,0.5688897417858243,2.910155823454261,3.483092020265758,10,26,50,0,,
2026-05-16T00:19:50.368649,clean,persist,{'bins': 11},30,4,2,ok,120,150,0.5233480939641595,4.310021427460015,4.837520141154528,10,19,42,0,,
2026-05-16T00:19:55.017880,clean,persist,{'bins': 11},31,0,2,ok,0,31,0.5321489637717605,4.049833710305393,4.58630255330354,10,17,37,0,,
2026-05-16T00:19:59.169380,clean,persist,{'bins': 11},31,1,2,ok,31,62,0.5834259325638413,3.540642031468451,4.128299397416413,10,28,52,0,,
2026-05-16T00:20:03.709176,clean,persist,{'bins': 11},31,2,2,ok,62,93,0.524509297683835,3.985787537880242,4.514576207846403,10,36,66,0,,
2026-05-16T00:20:07.973584,clean,persist,{'bins': 11},31,3,2,ok,93,124,0.5402733935043216,3.6972322771325707,4.241795042529702,10,35,65,0,,
2026-05-16T00:20:14.123974,clean,persist,{'bins': 11},31,4,2,ok,124,155,0.5468578794971108,5.575000130571425,6.126152520999312,10,27,52,0,,
2026-05-16T00:20:18.425556,clean,persist,{'bins': 11},32,0,2,ok,0,32,0.5730915907770395,3.660306694917381,4.237856634892523,10,40,67,0,,
2026-05-16T00:20:23.232077,clean,persist,{'bins': 11},32,1,2,ok,32,64,0.5679921675473452,4.20825317222625,4.780659195035696,10,30,57,0,,
2026-05-16T00:20:28.317651,clean,persist,{'bins': 11},32,2,2,ok,64,96,0.5706058405339718,4.487850030884147,5.062781481072307,10,37,71,0,,
2026-05-16T00:20:32.538465,clean,persist,{'bins': 11},32,3,2,ok,96,128,0.5505108144134283,3.641096676699817,4.195958989672363,10,29,53,0,,
2026-05-16T00:20:38.866608,clean,persist,{'bins': 11},32,4,2,ok,128,160,0.5625708596780896,5.732163886539638,6.299200899899006,10,22,47,0,,
2026-05-16T00:20:43.664942,clean,persist,{'bins': 11},33,0,2,ok,0,33,0.574806465767324,4.1552906250581145,4.734608810395002,10,15,34,0,,
2026-05-16T00:20:48.525628,clean,persist,{'bins': 11},33,1,2,ok,33,66,0.6090269591659307,4.222719891928136,4.836273779161274,10,28,54,0,,
2026-05-16T00:20:53.867112,clean,persist,{'bins': 11},33,2,2,ok,66,99,0.5480465646833181,4.7625339068472385,5.315101618878543,10,29,54,0,,
2026-05-16T00:20:58.865247,clean,persist,{'bins': 11},33,3,2,ok,99,132,0.5543085839599371,4.413203026168048,4.972058224491775,10,27,55,0,,
2026-05-16T00:21:03.310628,clean,persist,{'bins': 11},33,4,2,ok,132,165,0.5803323620930314,3.8343233559280634,4.419273076578975,10,34,67,0,,
2026-05-16T00:21:07.789042,clean,persist,{'bins': 11},34,0,2,ok,0,34,0.5650258576497436,3.8429361656308174,4.412600619718432,10,7,24,0,,
2026-05-16T00:21:12.724395,clean,persist,{'bins': 11},34,1,2,ok,34,68,0.560735022649169,4.342498171143234,4.908000924624503,10,28,56,0,,
2026-05-16T00:21:18.837517,clean,persist,{'bins': 11},34,2,2,ok,68,102,0.5251562464982271,5.551870331168175,6.081921056844294,10,19,38,0,,
2026-05-16T00:21:24.648140,clean,persist,{'bins': 11},34,3,2,ok,102,136,0.5637983698397875,5.21643465384841,5.784808804281056,10,22,52,0,,
2026-05-16T00:21:29.935564,clean,persist,{'bins': 11},34,4,2,ok,136,170,0.5548362983390689,4.699392328970134,5.25888404622674,10,27,46,0,,
2026-05-16T00:21:34.834246,clean,persist,{'bins': 11},35,0,2,ok,0,35,0.5637406827881932,4.264470588415861,4.83310189191252,10,21,41,0,,
2026-05-16T00:21:39.879289,clean,persist,{'bins': 11},35,1,2,ok,35,70,0.6077814921736717,4.407785203307867,5.0203266609460115,10,22,47,0,,
2026-05-16T00:21:44.962954,clean,persist,{'bins': 11},35,2,2,ok,70,105,0.5916422810405493,4.459478015080094,5.055847349576652,10,26,48,0,,
2026-05-16T00:21:50.927574,clean,persist,{'bins': 11},35,3,2,ok,105,140,0.5646332204341888,5.36665316671133,5.936040651984513,10,40,73,0,,
2026-05-16T00:21:56.244122,clean,persist,{'bins': 11},35,4,2,ok,140,175,0.6024217493832111,4.679582481272519,5.286767102777958,10,41,70,0,,
2026-05-16T00:22:01.530864,clean,persist,{'bins': 11},36,0,2,ok,0,36,0.63540184404701,4.579907677136362,5.2201058035716414,10,24,48,0,,
2026-05-16T00:22:07.178077,clean,persist,{'bins': 11},36,1,2,ok,36,72,0.5833658371120691,5.030790289863944,5.6194395469501615,10,28,53,0,,
2026-05-16T00:22:13.510785,clean,persist,{'bins': 11},36,2,2,ok,72,108,0.5996212279424071,5.699070488102734,6.303647850640118,10,20,39,0,,
2026-05-16T00:22:19.154031,clean,persist,{'bins': 11},36,3,2,ok,108,144,0.5816930243745446,5.030313640832901,5.616867110133171,10,17,41,0,,
2026-05-16T00:22:24.530057,clean,persist,{'bins': 11},36,4,2,ok,144,180,0.5735409446060658,4.767684352584183,5.346176121383905,10,14,35,0,,
2026-05-16T00:22:30.485587,clean,persist,{'bins': 11},37,0,2,ok,0,37,0.6208465602248907,5.260066820308566,5.885939687490463,10,38,68,0,,
2026-05-16T00:22:36.907217,clean,persist,{'bins': 11},37,1,2,ok,37,74,0.6050113094970584,5.78005014359951,6.3901130966842175,10,27,54,0,,
2026-05-16T00:22:44.269656,clean,persist,{'bins': 11},37,2,2,ok,74,111,0.5641708048060536,6.763278734870255,7.33260240405798,10,34,71,0,,
2026-05-16T00:22:50.164716,clean,persist,{'bins': 11},37,3,2,ok,111,148,0.6075287321582437,5.252483551390469,5.865085908211768,10,22,47,0,,
2026-05-16T00:22:55.903592,clean,persist,{'bins': 11},37,4,2,ok,148,185,0.6850200677290559,5.018555622547865,5.708960350602865,10,29,63,0,,
2026-05-16T00:23:02.882287,clean,persist,{'bins': 11},38,0,2,ok,0,38,0.6229457370936871,6.277417075820267,6.905676389113069,10,21,44,0,,
2026-05-16T00:23:09.665498,clean,persist,{'bins': 11},38,1,2,ok,38,76,0.6242194706574082,6.117089251987636,6.746655250899494,10,23,42,0,,
2026-05-16T00:23:15.114844,clean,persist,{'bins': 11},38,2,2,ok,76,114,0.5938442954793572,4.818845289759338,5.41782645881176,10,25,48,0,,
2026-05-16T00:23:21.716203,clean,persist,{'bins': 11},38,3,2,ok,114,152,0.6229871548712254,5.940243287011981,6.568465772084892,10,32,61,0,,
2026-05-16T00:23:29.522195,clean,persist,{'bins': 11},38,4,2,ok,152,190,0.624424577690661,7.145696620456874,7.7753811832517385,10,28,60,0,,
2026-05-16T00:23:34.907895,clean,persist,{'bins': 11},39,0,2,ok,0,39,0.6012155991047621,4.712255754508078,5.318782365880907,10,14,32,0,,
2026-05-16T00:23:40.791718,clean,persist,{'bins': 11},39,1,2,ok,39,78,0.645122698508203,5.202397587709129,5.8527686996385455,10,24,52,0,,
2026-05-16T00:23:48.772191,clean,persist,{'bins': 11},39,2,2,ok,78,117,0.6053267968818545,7.329417278058827,7.9402590692043304,10,17,36,0,,
2026-05-16T00:23:54.847859,clean,persist,{'bins': 11},39,3,2,ok,117,156,0.6085301069542766,5.429486975073814,6.043346429243684,10,29,55,0,,
2026-05-16T00:24:00.655317,clean,persist,{'bins': 11},39,4,2,ok,156,195,0.602156980894506,5.168349688872695,5.775727170519531,10,26,51,0,,
2026-05-16T00:24:08.419747,clean,persist,{'bins': 11},40,0,2,ok,0,40,0.6769670182839036,7.007499852217734,7.690013624727726,10,19,43,0,,
2026-05-16T00:24:14.334655,clean,persist,{'bins': 11},40,1,2,ok,40,80,0.6155486786738038,5.264700696803629,5.885651890188456,10,26,50,0,,
2026-05-16T00:24:21.612862,clean,persist,{'bins': 11},40,2,2,ok,80,120,0.6537393964827061,6.583056653849781,7.242379222996533,10,26,51,0,,
2026-05-16T00:24:29.103468,clean,persist,{'bins': 11},40,3,2,ok,120,160,0.6619598157703876,6.783350050449371,7.450830701738596,10,36,76,0,,
2026-05-16T00:24:37.227690,clean,persist,{'bins': 11},40,4,2,ok,160,200,0.5999188469722867,7.479537479579449,8.085027577355504,10,21,40,0,,
2026-05-16T00:24:43.937060,clean,persist,{'bins': 11},41,0,2,ok,0,41,0.6916997795924544,5.93799242656678,6.635207652114332,10,46,78,0,,
2026-05-16T00:24:51.338012,clean,persist,{'bins': 11},41,1,2,ok,41,82,0.643380718305707,6.7192078763619065,7.368188500404358,10,40,76,0,,
2026-05-16T00:24:59.903626,clean,persist,{'bins': 11},41,2,2,ok,82,123,0.6784009169787169,7.842236572876573,8.526305351406336,10,36,66,0,,
2026-05-16T00:25:07.433856,clean,persist,{'bins': 11},41,3,2,ok,123,164,0.6619434980675578,6.82162045314908,7.489092269912362,10,19,39,0,,
2026-05-16T00:25:14.021679,clean,persist,{'bins': 11},41,4,2,ok,164,205,0.6799958348274231,5.868489089421928,6.554105137474835,10,32,59,0,,
2026-05-16T00:25:23.044249,clean,persist,{'bins': 11},42,0,2,ok,0,42,0.6219427809119225,8.311940874904394,8.939911934547126,10,26,43,0,,
2026-05-16T00:25:29.844610,clean,persist,{'bins': 11},42,1,2,ok,42,84,0.6334604481235147,6.126792836934328,6.765941806137562,10,23,46,0,,
2026-05-16T00:25:37.604954,clean,persist,{'bins': 11},42,2,2,ok,84,126,0.6578861940652132,7.063602213747799,7.727084004320204,10,40,79,0,,
2026-05-16T00:25:45.052003,clean,persist,{'bins': 11},42,3,2,ok,126,168,0.6675066947937012,6.738730334676802,7.411855509504676,10,29,59,0,,
2026-05-16T00:25:51.517837,clean,persist,{'bins': 11},42,4,2,ok,168,210,0.6928571602329612,5.7346603237092495,6.433157984167337,10,40,73,0,,
2026-05-16T00:25:57.468403,clean,persist,{'bins': 11},43,0,2,ok,0,43,0.637325843796134,5.2349669104442,5.878142788074911,10,25,43,0,,
2026-05-16T00:26:05.114518,clean,persist,{'bins': 11},43,1,2,ok,43,86,0.6567719513550401,6.946973932906985,7.609563518315554,10,30,56,0,,
2026-05-16T00:26:14.185893,clean,persist,{'bins': 11},43,2,2,ok,86,129,0.653922688215971,8.365810341201723,9.02579599339515,10,37,60,0,,
2026-05-16T00:26:21.230893,clean,persist,{'bins': 11},43,3,2,ok,129,172,0.6402899762615561,6.367001187056303,7.013074501417577,10,25,50,0,,
2026-05-16T00:26:30.415841,clean,persist,{'bins': 11},43,4,2,ok,172,215,0.699761938303709,8.438883116468787,9.144683374091983,10,17,39,0,,
2026-05-16T00:26:39.153221,clean,persist,{'bins': 11},44,0,2,ok,0,44,0.6507079172879457,7.997645699419081,8.654471604153514,10,30,50,0,,
2026-05-16T00:26:46.203393,clean,persist,{'bins': 11},44,1,2,ok,44,88,0.6635536598041654,6.344540982507169,7.013923296704888,10,32,59,0,,
2026-05-16T00:26:54.829317,clean,persist,{'bins': 11},44,2,2,ok,88,132,0.6803281363099813,7.899152512662113,8.585526580922306,10,27,58,0,,
2026-05-16T00:27:02.311388,clean,persist,{'bins': 11},44,3,2,ok,132,176,0.6874625654891133,6.752854420803487,7.446239557117224,10,35,68,0,,
2026-05-16T00:27:08.913762,clean,persist,{'bins': 11},44,4,2,ok,176,220,0.62652403768152,5.935175508260727,6.567676790058613,10,19,37,0,,
2026-05-16T00:27:17.587155,clean,persist,{'bins': 11},45,0,2,ok,0,45,0.7160966219380498,7.872828816063702,8.595029800198972,10,30,58,0,,
2026-05-16T00:27:25.738969,clean,persist,{'bins': 11},45,1,2,ok,45,90,0.6792162787169218,7.43340484239161,8.118626156821847,10,17,38,0,,
2026-05-16T00:27:33.667135,clean,persist,{'bins': 11},45,2,2,ok,90,135,0.7589989835396409,7.125073064118624,7.89008554071188,10,22,46,0,,
2026-05-16T00:27:42.460966,clean,persist,{'bins': 11},45,3,2,ok,135,180,0.685360748320818,8.067732360213995,8.759225524030626,10,30,60,0,,
2026-05-16T00:27:52.347824,clean,persist,{'bins': 11},45,4,2,ok,180,225,0.6972345039248466,9.132344827987254,9.835862701758742,10,33,65,0,,
2026-05-16T00:28:00.696153,clean,persist,{'bins': 11},46,0,2,ok,0,46,0.6615886315703392,7.605642725713551,8.273316022008657,10,37,65,0,,
2026-05-16T00:28:09.957767,clean,persist,{'bins': 11},46,1,2,ok,46,92,0.7217998942360282,8.496896009892225,9.224955970421433,10,34,67,0,,
2026-05-16T00:28:18.674376,clean,persist,{'bins': 11},46,2,2,ok,92,138,0.7011410985141993,7.971364753320813,8.678681147284806,10,28,62,0,,
2026-05-16T00:28:26.429046,clean,persist,{'bins': 11},46,3,2,ok,138,184,0.6764989160001278,7.030420099385083,7.7131446758285165,10,18,34,0,,
2026-05-16T00:28:34.460103,clean,persist,{'bins': 11},46,4,2,ok,184,230,0.7302207415923476,7.250465391203761,7.986808208748698,10,33,58,0,,
2026-05-16T00:28:44.076603,clean,persist,{'bins': 11},47,0,2,ok,0,47,0.7569663897156715,8.772966981865466,9.53633177652955,10,14,33,0,,
2026-05-16T00:28:52.955393,clean,persist,{'bins': 11},47,1,2,ok,47,94,0.7791282208636403,8.053928971290588,8.839220877736807,10,46,89,0,,
2026-05-16T00:29:05.090990,clean,persist,{'bins': 11},47,2,2,ok,94,141,0.7687601754441857,11.313291856087744,12.088530628941953,10,32,63,0,,
2026-05-16T00:29:12.770690,clean,persist,{'bins': 11},47,3,2,ok,141,188,0.7734655197709799,6.859573848545551,7.6393438670784235,10,22,47,0,,
2026-05-16T00:29:20.460549,clean,persist,{'bins': 11},47,4,2,ok,188,235,0.7203530687838793,6.918357912451029,7.644975695759058,10,23,49,0,,
2026-05-16T00:29:31.571389,clean,persist,{'bins': 11},48,0,2,ok,0,48,0.7585218157619238,10.258427294902503,11.023562269285321,10,15,38,0,,
2026-05-16T00:29:39.308601,clean,persist,{'bins': 11},48,1,2,ok,48,96,0.7267398638650775,6.965470029041171,7.698591838590801,10,34,66,0,,
2026-05-16T00:29:48.352591,clean,persist,{'bins': 11},48,2,2,ok,96,144,0.790001941844821,8.20579172950238,9.00225717946887,10,40,77,0,,
2026-05-16T00:29:57.869825,clean,persist,{'bins': 11},48,3,2,ok,144,192,0.7144272457808256,8.758195171132684,9.479115129448473,10,35,68,0,,
2026-05-16T00:30:06.650736,clean,persist,{'bins': 11},48,4,2,ok,192,240,0.790162255987525,7.941332422196865,8.738041491247714,10,20,46,0,,
2026-05-16T00:30:17.184397,clean,persist,{'bins': 11},49,0,2,ok,0,49,0.8449443150311708,9.599296107888222,10.450869180262089,10,32,61,0,,
2026-05-16T00:30:26.553280,clean,persist,{'bins': 11},49,1,2,ok,49,98,0.7228890107944608,8.60191863309592,9.331373242661357,10,20,43,0,,
2026-05-16T00:30:36.484710,clean,persist,{'bins': 11},49,2,2,ok,98,147,0.8317481549456716,9.045462911948562,9.883740258403122,10,54,95,0,,
2026-05-16T00:30:44.893441,clean,persist,{'bins': 11},49,3,2,ok,147,196,0.810229311697185,7.546466927044094,8.363332561217248,10,18,40,0,,
2026-05-16T00:30:55.835799,clean,persist,{'bins': 11},49,4,2,ok,196,245,0.7961842967197299,10.089937499724329,10.892884607426822,10,28,52,0,,
2026-05-16T00:31:04.542668,clean,persist,{'bins': 11},50,0,2,ok,0,50,0.7563377683982253,7.860525322146714,8.623591055162251,10,30,50,0,,
2026-05-16T00:31:14.461980,clean,persist,{'bins': 11},50,1,2,ok,50,100,0.8426824873313308,9.027485155500472,9.876810829155147,10,35,70,0,,
2026-05-16T00:31:25.204765,clean,persist,{'bins': 11},50,2,2,ok,100,150,0.7691582245752215,9.919290027581155,10.695261266082525,10,34,65,0,,
2026-05-16T00:31:34.298545,clean,persist,{'bins': 11},50,3,2,ok,150,200,0.8310256712138653,8.207693443633616,9.045481164939702,10,60,106,0,,
2026-05-16T00:31:42.852224,clean,persist,{'bins': 11},50,4,2,ok,200,250,0.7200584365054965,7.781748102977872,8.50849495921284,10,16,37,0,,
2026-05-16T00:31:57.014978,clean,persist,{'bins': 11},51,0,2,ok,0,51,0.8054445050656796,13.252202333882451,14.064714090898633,10,59,102,0,,
2026-05-16T00:32:07.411264,clean,persist,{'bins': 11},51,1,2,ok,51,102,0.7521511549130082,9.585650781169534,10.344718484207988,10,15,34,0,,
2026-05-16T00:32:18.906945,clean,persist,{'bins': 11},51,2,2,ok,102,153,0.8322202293202281,10.609303415752947,11.448513162322342,10,21,49,0,,
2026-05-16T00:32:30.344771,clean,persist,{'bins': 11},51,3,2,ok,153,204,0.8123904317617416,10.56349460221827,11.382883506827056,10,23,45,0,,
2026-05-16T00:32:40.317432,clean,persist,{'bins': 11},51,4,2,ok,204,255,0.8378327200189233,9.07392187230289,9.918601781129837,10,23,51,0,,
2026-05-16T00:32:51.820480,clean,persist,{'bins': 11},52,0,2,ok,0,52,0.8378883861005306,10.574486700817943,11.41933692060411,10,19,45,0,,
2026-05-16T00:33:02.324522,clean,persist,{'bins': 11},52,1,2,ok,52,104,0.8723419895395637,9.58349241130054,10.462727926671505,10,32,69,0,,
2026-05-16T00:33:12.826795,clean,persist,{'bins': 11},52,2,2,ok,104,156,0.7880444079637527,9.66067509073764,10.45571561716497,10,39,81,0,,
2026-05-16T00:33:22.693140,clean,persist,{'bins': 11},52,3,2,ok,156,208,0.8649810571223497,8.949928508140147,9.821944057010114,10,30,62,0,,
2026-05-16T00:33:33.077122,clean,persist,{'bins': 11},52,4,2,ok,208,260,0.8206604085862637,9.508324674330652,10.335833283141255,10,40,78,0,,
2026-05-16T00:33:44.247816,clean,persist,{'bins': 11},53,0,2,ok,0,53,0.7997201243415475,10.264807714149356,11.07185242511332,10,22,44,0,,
2026-05-16T00:33:53.130074,clean,persist,{'bins': 11},53,1,2,ok,53,106,0.7604634435847402,8.073168055154383,8.840706776827574,10,44,74,0,,
2026-05-16T00:34:05.200324,clean,persist,{'bins': 11},53,2,2,ok,106,159,0.8209175253286958,11.185030869208276,12.013188341632485,10,33,58,0,,
2026-05-16T00:34:13.960991,clean,persist,{'bins': 11},53,3,2,ok,159,212,0.7965145418420434,7.907343118451536,8.71112750377506,10,30,61,0,,
2026-05-16T00:34:24.520364,clean,persist,{'bins': 11},53,4,2,ok,212,265,0.8338578771799803,9.663941071368754,10.505074482411146,10,14,31,0,,
2026-05-16T00:34:36.882786,clean,persist,{'bins': 11},54,0,2,ok,0,54,0.8998289369046688,11.370375415310264,12.27735323831439,10,26,57,0,,
2026-05-16T00:34:51.168631,clean,persist,{'bins': 11},54,1,2,ok,54,108,0.8912363089621067,13.333398395217955,14.232167731970549,10,51,93,0,,
2026-05-16T00:35:01.821740,clean,persist,{'bins': 11},54,2,2,ok,108,162,0.8010172666981816,9.794111612252891,10.602451181970537,10,20,44,0,,
2026-05-16T00:35:12.410955,clean,persist,{'bins': 11},54,3,2,ok,162,216,0.8444027891382575,9.688414067961276,10.540347379632294,10,51,91,0,,
2026-05-16T00:35:23.045929,clean,persist,{'bins': 11},54,4,2,ok,216,270,0.8405545279383659,9.73686057049781,10.584692284464836,10,47,92,0,,
2026-05-16T00:35:35.880043,clean,persist,{'bins': 11},55,0,2,ok,0,55,0.8347812164574862,11.90194595977664,12.744217123836279,10,27,56,0,,
2026-05-16T00:35:48.110312,clean,persist,{'bins': 11},55,1,2,ok,55,110,0.852123411372304,11.322102128528059,12.181635517627,10,31,64,0,,
2026-05-16T00:36:01.040030,clean,persist,{'bins': 11},55,2,2,ok,110,165,0.9005418829619884,11.97201360668987,12.879953143186867,10,38,80,0,,
2026-05-16T00:36:11.160015,clean,persist,{'bins': 11},55,3,2,ok,165,220,0.8586850259453058,9.207659617066383,10.073822877369821,10,35,65,0,,
2026-05-16T00:36:21.167630,clean,persist,{'bins': 11},55,4,2,ok,220,275,0.8481856724247336,9.104766099713743,9.96037068683654,10,39,74,0,,
2026-05-16T00:36:33.510680,clean,persist,{'bins': 11},56,0,2,ok,0,56,0.8926448347046971,11.352156048640609,12.25230620894581,10,39,69,0,,
2026-05-16T00:36:45.380374,clean,persist,{'bins': 11},56,1,2,ok,56,112,0.911216139793396,10.899728137999773,11.818339927121997,10,36,67,0,,
2026-05-16T00:36:58.268243,clean,persist,{'bins': 11},56,2,2,ok,112,168,0.8670595800504088,11.96075202897191,12.83535508532077,10,27,52,0,,
2026-05-16T00:37:09.397002,clean,persist,{'bins': 11},56,3,2,ok,168,224,0.8696554787456989,10.204861992038786,11.082145907916129,10,33,69,0,,
2026-05-16T00:37:20.063574,clean,persist,{'bins': 11},56,4,2,ok,224,280,0.8198385713621974,9.789123453199863,10.616392849944532,10,29,56,0,,
2026-05-16T00:37:32.304184,clean,persist,{'bins': 11},57,0,2,ok,0,57,0.8795619290322065,11.264981374144554,12.152100917883217,10,38,68,0,,
2026-05-16T00:37:48.468315,clean,persist,{'bins': 11},57,1,2,ok,57,114,0.8499697223305702,15.239685228094459,16.097609891556203,10,22,55,0,,
2026-05-16T00:38:04.691657,clean,persist,{'bins': 11},57,2,2,ok,114,171,0.8930335603654385,15.261720103211701,16.16261732392013,10,22,46,0,,
2026-05-16T00:38:16.800090,clean,persist,{'bins': 11},57,3,2,ok,171,228,0.8882788559421897,11.15544781088829,12.051329426467419,10,36,66,0,,
2026-05-16T00:38:29.204524,clean,persist,{'bins': 11},57,4,2,ok,228,285,0.9237230233848095,11.424015848897398,12.355333736166358,10,37,77,0,,
2026-05-16T00:38:44.116428,clean,persist,{'bins': 11},58,0,2,ok,0,58,0.9006655374541879,13.905764597468078,14.81423575617373,10,32,57,0,,
2026-05-16T00:38:55.409307,clean,persist,{'bins': 11},58,1,2,ok,58,116,0.8744931882247329,10.363385604694486,11.245591128244996,10,23,54,0,,
2026-05-16T00:39:08.198027,clean,persist,{'bins': 11},58,2,2,ok,116,174,0.878796418197453,11.845840665511787,12.732253427617252,10,35,68,0,,
2026-05-16T00:39:18.570752,clean,persist,{'bins': 11},58,3,2,ok,174,232,0.9166952995583415,9.393260894343257,10.317636739462614,10,25,46,0,,
2026-05-16T00:39:32.002876,clean,persist,{'bins': 11},58,4,2,ok,232,290,0.8158324910327792,12.552678285166621,13.376475494354963,10,28,56,0,,
2026-05-16T00:39:48.419124,clean,persist,{'bins': 11},59,0,2,ok,0,59,0.9238092908635736,15.383277389220893,16.315230435691774,10,22,48,0,,
2026-05-16T00:40:01.036207,clean,persist,{'bins': 11},59,1,2,ok,59,118,0.8637718930840492,11.692533518187702,12.564125278964639,10,16,36,0,,
2026-05-16T00:40:13.216428,clean,persist,{'bins': 11},59,2,2,ok,118,177,0.9251902997493744,11.182390535250306,12.115424055606127,10,22,44,0,,
2026-05-16T00:40:29.590682,clean,persist,{'bins': 11},59,3,2,ok,177,236,0.8716555228456855,15.42460370156914,16.304347566328943,10,18,39,0,,
2026-05-16T00:40:42.735348,clean,persist,{'bins': 11},59,4,2,ok,236,295,0.9607134452089667,12.118416238576174,13.086958488449454,10,3,23,0,,
2026-05-16T00:40:59.350343,clean,persist,{'bins': 11},60,0,2,ok,0,60,0.9564588908106089,15.545312249101698,16.509931647218764,10,26,50,0,,
2026-05-16T00:41:11.319685,clean,persist,{'bins': 11},60,1,2,ok,60,120,0.7988333879038692,11.109835050068796,11.91664617229253,10,31,64,0,,
2026-05-16T00:41:25.642231,clean,persist,{'bins': 11},60,2,2,ok,120,180,0.9062695438042283,13.355666687712073,14.269961524754763,10,33,69,0,,
2026-05-16T00:41:37.637147,clean,persist,{'bins': 11},60,3,2,ok,180,240,0.8685348127037287,11.053539827466011,11.930018820799887,10,44,80,0,,
2026-05-16T00:41:51.620132,clean,persist,{'bins': 11},60,4,2,ok,240,300,0.9712988371029496,12.951470953412354,13.93062238022685,10,22,50,0,,
2026-05-16T00:42:04.325430,clean,persist,{'bins': 11},61,0,2,ok,0,61,0.9409141596406698,11.666512487456203,12.61551130283624,10,28,53,0,,
2026-05-16T00:42:17.827703,clean,persist,{'bins': 11},61,1,2,ok,61,122,0.8534516263753176,12.58344856556505,13.44511260651052,10,45,85,0,,
2026-05-16T00:42:33.628294,clean,persist,{'bins': 11},61,2,2,ok,122,183,0.8588844574987888,14.861688368022442,15.728846766985953,10,18,44,0,,
2026-05-16T00:42:46.189716,clean,persist,{'bins': 11},61,3,2,ok,183,244,0.9849120378494263,11.508966127410531,12.502087065018713,10,31,65,0,,
2026-05-16T00:42:59.964191,clean,persist,{'bins': 11},61,4,2,ok,244,305,0.8918638052418828,12.816050450317562,13.716116841882467,10,21,41,0,,
2026-05-16T00:43:14.527733,clean,persist,{'bins': 11},62,0,2,ok,0,62,0.9299126882106066,13.524340774863958,14.462479243986309,10,51,87,0,,
2026-05-16T00:43:26.599368,clean,persist,{'bins': 11},62,1,2,ok,62,124,0.9143480462953448,11.096987722441554,12.019556599669158,10,37,81,0,,
2026-05-16T00:43:43.910936,clean,persist,{'bins': 11},62,2,2,ok,124,186,0.9066702155396342,16.328921341337264,17.244074651040137,10,27,56,0,,
2026-05-16T00:44:00.187027,clean,persist,{'bins': 11},62,3,2,ok,186,248,0.9290803074836731,15.276208879426122,16.213582644239068,10,26,53,0,,
2026-05-16T00:44:16.610178,clean,persist,{'bins': 11},62,4,2,ok,248,310,0.9246858591213822,15.431167934089899,16.36433896049857,10,34,69,0,,
2026-05-16T00:44:35.955609,clean,persist,{'bins': 11},63,0,2,ok,0,63,0.884370026178658,18.333574128337204,19.226781273260713,10,31,57,0,,
2026-05-16T00:44:53.116898,clean,persist,{'bins': 11},63,1,2,ok,63,126,1.0074134385213256,16.063855045475066,17.079742300324142,10,30,55,0,,
2026-05-16T00:45:12.494314,clean,persist,{'bins': 11},63,2,2,ok,126,189,0.9806477427482605,18.312050323933363,19.301413226872683,10,23,54,0,,
2026-05-16T00:45:27.807525,clean,persist,{'bins': 11},63,3,2,ok,189,252,0.9566156659275293,14.282069568522274,15.247134324163198,10,43,80,0,,
2026-05-16T00:45:41.545823,clean,persist,{'bins': 11},63,4,2,ok,252,315,0.9502043062821031,12.720091983675957,13.678621768020093,10,39,70,0,,
2026-05-16T00:45:57.494539,clean,persist,{'bins': 11},64,0,2,ok,0,64,0.9121377617120743,14.92287222482264,15.843720138072968,10,17,41,0,,
2026-05-16T00:46:16.520073,clean,persist,{'bins': 11},64,1,2,ok,64,128,1.0068858712911606,17.944571370258927,18.96007636282593,10,23,52,0,,
2026-05-16T00:46:34.008043,clean,persist,{'bins': 11},64,2,2,ok,128,192,0.9505712892860174,16.468980786390603,17.428105833008885,10,39,79,0,,
2026-05-16T00:46:48.147129,clean,persist,{'bins': 11},64,3,2,ok,192,256,0.9882519021630287,13.074243258684874,14.07115116994828,10,41,76,0,,
2026-05-16T00:47:04.509304,clean,persist,{'bins': 11},64,4,2,ok,256,320,0.9649342074990273,15.3181287990883,16.291696343570948,10,43,77,0,,
2026-05-16T00:47:19.525839,clean,persist,{'bins': 11},65,0,2,ok,0,65,1.0509927468374372,13.861091943457723,14.92082628980279,10,31,63,0,,
2026-05-16T00:47:39.172151,clean,persist,{'bins': 11},65,1,2,ok,65,130,1.0284367445856333,18.53089484386146,19.56809474900365,10,17,40,0,,
2026-05-16T00:47:53.733947,clean,persist,{'bins': 11},65,2,2,ok,130,195,1.0119732106104493,13.481492434628308,14.50220393948257,10,18,40,0,,
2026-05-16T00:48:08.210628,clean,persist,{'bins': 11},65,3,2,ok,195,260,1.034675020724535,13.368969198316336,14.41229387652129,10,19,45,0,,
2026-05-16T00:48:22.978313,clean,persist,{'bins': 11},65,4,2,ok,260,325,0.9121836675330997,13.78761824220419,14.708494347520173,10,13,33,0,,
2026-05-16T00:48:40.624498,clean,persist,{'bins': 11},66,0,2,ok,0,66,1.008705884218216,16.52508154977113,17.542637588456273,10,29,62,0,,
2026-05-16T00:48:59.818607,clean,persist,{'bins': 11},66,1,2,ok,66,132,0.9232815476134419,18.186044789850712,19.118272081948817,10,70,127,0,,
2026-05-16T00:49:20.481194,clean,persist,{'bins': 11},66,2,2,ok,132,198,0.9153118208050728,19.664155079983175,20.58835486602038,10,41,78,0,,
2026-05-16T00:49:39.050112,clean,persist,{'bins': 11},66,3,2,ok,198,264,1.0079400083050132,17.473265143111348,18.49021933414042,10,23,48,0,,
2026-05-16T00:49:53.047638,clean,persist,{'bins': 11},66,4,2,ok,264,330,0.9686278318986297,12.961032750084996,13.938417420722544,10,24,55,0,,
2026-05-16T00:50:10.006110,clean,persist,{'bins': 11},67,0,2,ok,0,67,1.0222968952730298,15.819636940956116,16.85089426767081,10,34,64,0,,
2026-05-16T00:50:30.626353,clean,persist,{'bins': 11},67,1,2,ok,67,134,0.995605168864131,19.536515935324132,20.541318820789456,10,17,44,0,,
2026-05-16T00:50:53.938886,clean,persist,{'bins': 11},67,2,2,ok,134,201,0.9985241051763296,22.22396018076688,23.231765870936215,10,30,61,0,,
2026-05-16T00:51:10.841074,clean,persist,{'bins': 11},67,3,2,ok,201,268,0.9620681684464216,15.850891103036702,16.821985225193202,10,22,52,0,,
2026-05-16T00:51:25.981298,clean,persist,{'bins': 11},67,4,2,ok,268,335,0.9116745321080089,14.158399505540729,15.078944920562208,10,23,49,0,,
2026-05-16T00:51:43.012564,clean,persist,{'bins': 11},68,0,2,ok,0,68,1.084726259112358,15.830341823399067,16.924039035104215,10,31,63,0,,
2026-05-16T00:52:00.894940,clean,persist,{'bins': 11},68,1,2,ok,68,136,0.9774690782651305,16.81330132111907,17.80001113563776,10,33,69,0,,
2026-05-16T00:52:19.945727,clean,persist,{'bins': 11},68,2,2,ok,136,204,1.0188295571133494,17.940034782513976,18.967874995432794,10,34,66,0,,
2026-05-16T00:52:33.581473,clean,persist,{'bins': 11},68,3,2,ok,204,272,1.0687790233641863,12.48284619860351,13.560606081970036,10,30,53,0,,
2026-05-16T00:52:48.914174,clean,persist,{'bins': 11},68,4,2,ok,272,340,1.0165392318740487,14.239568575285375,15.265293170697987,10,44,86,0,,
2026-05-16T00:53:08.034287,clean,persist,{'bins': 11},69,0,2,ok,0,69,1.0099137900397182,17.990391372703016,19.00948244240135,10,17,41,0,,
2026-05-16T00:53:25.273949,clean,persist,{'bins': 11},69,1,2,ok,69,138,0.9510092502459884,16.207600709982216,17.167918835766613,10,36,69,0,,
2026-05-16T00:53:39.815931,clean,persist,{'bins': 11},69,2,2,ok,138,207,0.9924915479496121,13.472992282360792,14.474622086621821,10,33,61,0,,
2026-05-16T00:53:54.872072,clean,persist,{'bins': 11},69,3,2,ok,207,276,1.0740920808166265,13.906247424893081,14.989382011815906,10,43,86,0,,
2026-05-16T00:54:11.392204,clean,persist,{'bins': 11},69,4,2,ok,276,345,1.0172154465690255,15.417369006201625,16.44380323868245,10,28,57,0,,
2026-05-16T00:54:35.896949,clean,persist,{'bins': 11},70,0,2,ok,0,70,1.1041187904775143,23.270693813450634,24.384303611703217,10,53,103,0,,
2026-05-16T00:54:54.783844,clean,persist,{'bins': 11},70,1,2,ok,70,140,1.0928622633218765,17.711881646886468,18.81409476418048,10,27,62,0,,
2026-05-16T00:55:11.734178,clean,persist,{'bins': 11},70,2,2,ok,140,210,1.0182658545672894,15.86102244630456,16.88857916276902,10,60,111,0,,
2026-05-16T00:55:29.873654,clean,persist,{'bins': 11},70,3,2,ok,210,280,0.9368218034505844,17.117740041576326,18.063887782394886,10,11,25,0,,
2026-05-16T00:55:50.858446,clean,persist,{'bins': 11},70,4,2,ok,280,350,1.0224792873486876,19.88167253136635,20.913430438376963,10,38,74,0,,
2026-05-16T00:56:10.249593,clean,persist,{'bins': 11},71,0,2,ok,0,71,1.063174064271152,18.21297680400312,19.28560994565487,10,19,47,0,,
2026-05-16T00:56:29.801508,clean,persist,{'bins': 11},71,1,2,ok,71,142,1.092104653827846,18.378541937097907,19.48011686000973,10,22,53,0,,
2026-05-16T00:56:46.093645,clean,persist,{'bins': 11},71,2,2,ok,142,213,1.0610250374302268,15.159399725496769,16.229746372438967,10,25,57,0,,
2026-05-16T00:57:02.367208,clean,persist,{'bins': 11},71,3,2,ok,213,284,1.0454646833240986,15.146202019415796,16.201049868017435,10,30,60,0,,
2026-05-16T00:57:15.823430,clean,persist,{'bins': 11},71,4,2,ok,284,355,1.005859180353582,12.383929789997637,13.399135085754097,10,35,75,0,,
2026-05-16T00:57:44.533478,clean,persist,{'bins': 11},72,0,2,ok,0,72,1.0297689167782664,27.53737006895244,28.57702690921724,10,43,78,0,,
2026-05-16T00:58:00.896653,clean,persist,{'bins': 11},72,1,2,ok,72,144,1.0403521722182631,15.22748656757176,16.27741531934589,10,39,75,0,,
2026-05-16T00:58:21.820196,clean,persist,{'bins': 11},72,2,2,ok,144,216,1.0177835123613477,19.82178385555744,20.849273340776563,10,38,75,0,,
2026-05-16T00:58:48.206356,clean,persist,{'bins': 11},72,3,2,ok,216,288,1.0090947048738599,25.28146166726947,26.300409850664437,10,23,51,0,,
2026-05-16T00:59:03.994294,clean,persist,{'bins': 11},72,4,2,ok,288,360,1.0219962960109115,14.67335694283247,15.704773194156587,10,20,37,0,,
2026-05-16T00:59:21.787247,clean,persist,{'bins': 11},73,0,2,ok,0,73,1.0744264479726553,16.592547114938498,17.676736331544816,10,8,24,0,,
2026-05-16T00:59:36.665921,clean,persist,{'bins': 11},73,1,2,ok,73,146,1.0043325927108526,13.797862343490124,14.811817621812224,10,23,53,0,,
2026-05-16T01:00:06.301266,clean,persist,{'bins': 11},73,2,2,ok,146,219,1.0844828467816114,28.44172248058021,29.53632173128426,10,33,72,0,,
2026-05-16T01:00:24.432136,clean,persist,{'bins': 11},73,3,2,ok,219,292,1.018944009207189,17.02780373953283,18.05656318832189,10,18,43,0,,
2026-05-16T01:00:48.871839,clean,persist,{'bins': 11},73,4,2,ok,292,365,1.0063000926747918,23.33558497671038,24.351950897835195,10,27,55,0,,
2026-05-16T01:01:18.061227,clean,persist,{'bins': 11},74,0,2,ok,0,74,1.1461008824408054,27.908913729712367,29.065106137655675,10,39,75,0,,
2026-05-16T01:01:37.120349,clean,persist,{'bins': 11},74,1,2,ok,74,148,1.0994207011535764,17.88159632589668,18.990875577554107,10,48,86,0,,
2026-05-16T01:02:05.835390,clean,persist,{'bins': 11},74,2,2,ok,148,222,1.1299709733575583,27.476736310869455,28.616861859336495,10,33,70,0,,
2026-05-16T01:02:26.338765,clean,persist,{'bins': 11},74,3,2,ok,222,296,1.1417959239333868,19.267774009145796,20.419426757842302,10,37,71,0,,
2026-05-16T01:02:42.816541,clean,persist,{'bins': 11},74,4,2,ok,296,370,1.0500823250040412,15.329148571006954,16.389125481247902,10,19,43,0,,
2026-05-16T01:03:06.709675,clean,persist,{'bins': 11},75,0,2,ok,0,75,1.1713067796081305,22.59902118705213,23.780100965872407,10,62,113,0,,
2026-05-16T01:03:31.867876,clean,persist,{'bins': 11},75,1,2,ok,75,150,1.0310519747436047,24.036211024038494,25.077324639074504,10,21,51,0,,
2026-05-16T01:03:46.976909,clean,persist,{'bins': 11},75,2,2,ok,150,225,0.993904298171401,14.027267486788332,15.031014204025269,10,28,51,0,,
2026-05-16T01:04:09.270216,clean,persist,{'bins': 11},75,3,2,ok,225,300,1.1556747201830149,21.04055410530418,22.206446479074657,10,34,66,0,,
2026-05-16T01:04:27.486543,clean,persist,{'bins': 11},75,4,2,ok,300,375,1.0739463670179248,17.058505936525762,18.142536505125463,10,37,72,0,,
2026-05-16T01:04:43.057137,clean,persist,{'bins': 11},76,0,2,ok,0,76,0.9762294264510274,14.473513314500451,15.459803841076791,10,38,74,0,,
2026-05-16T01:05:05.710009,clean,persist,{'bins': 11},76,1,2,ok,76,152,1.0933437328785658,21.47408320568502,22.57755140773952,10,40,81,0,,
2026-05-16T01:05:22.673014,clean,persist,{'bins': 11},76,2,2,ok,152,228,1.0544408662244678,15.814153343439102,16.878729799762368,10,36,65,0,,
2026-05-16T01:05:43.257534,clean,persist,{'bins': 11},76,3,2,ok,228,304,1.1567672351375222,19.34564949851483,20.51249449606985,10,16,42,0,,
2026-05-16T01:06:03.003708,clean,persist,{'bins': 11},76,4,2,ok,304,380,1.1754959113895893,18.47303061094135,19.65848354715854,10,43,83,0,,
2026-05-16T01:06:33.351311,clean,persist,{'bins': 11},77,0,2,ok,0,77,1.2021976877003908,29.008572494611144,30.22114602290094,10,55,102,0,,
2026-05-16T01:06:54.489507,clean,persist,{'bins': 11},77,1,2,ok,77,154,1.1281836237758398,19.930992531590164,21.069225824438035,10,38,73,0,,
2026-05-16T01:07:18.760114,clean,persist,{'bins': 11},77,2,2,ok,154,231,1.142255092971027,23.035536086186767,24.1880044862628,10,30,67,0,,
2026-05-16T01:07:40.439224,clean,persist,{'bins': 11},77,3,2,ok,231,308,1.0877155931666493,20.507059769704938,21.605016752146184,10,20,44,0,,
2026-05-16T01:08:02.946585,clean,persist,{'bins': 11},77,4,2,ok,308,385,1.1188418613746762,21.294531047344208,22.423622462898493,10,28,51,0,,
2026-05-16T01:08:20.937899,clean,persist,{'bins': 11},78,0,2,ok,0,78,1.094801913946867,16.768624018877745,17.873733727261424,10,16,37,0,,
2026-05-16T01:08:38.806224,clean,persist,{'bins': 11},78,1,2,ok,78,156,1.056176757439971,16.71365929301828,17.78014298249036,10,14,33,0,,
2026-05-16T01:09:01.241841,clean,persist,{'bins': 11},78,2,2,ok,156,234,1.0920454626902938,21.253430255688727,22.355822837911546,10,38,77,0,,
2026-05-16T01:09:22.589714,clean,persist,{'bins': 11},78,3,2,ok,234,312,1.192128443159163,20.05398688837886,21.256400302052498,10,2,13,0,,
2026-05-16T01:09:41.192490,clean,persist,{'bins': 11},78,4,2,ok,312,390,1.1097765415906906,17.38957185205072,18.50963742285967,10,14,33,0,,
2026-05-16T01:10:11.566943,clean,persist,{'bins': 11},79,0,2,ok,0,79,1.1580909695476294,29.068761374801397,30.237383978441358,10,16,37,0,,
2026-05-16T01:10:35.730807,clean,persist,{'bins': 11},79,1,2,ok,79,158,1.1383522637188435,22.929914493113756,24.078762684948742,10,24,53,0,,
2026-05-16T01:10:58.780581,clean,persist,{'bins': 11},79,2,2,ok,158,237,1.1544036334380507,21.797956322319806,22.963070537894964,10,39,76,0,,
2026-05-16T01:11:17.824171,clean,persist,{'bins': 11},79,3,2,ok,237,316,1.165200782008469,17.789172486402094,18.964631700888276,10,34,64,0,,
2026-05-16T01:11:36.179101,clean,persist,{'bins': 11},79,4,2,ok,316,395,1.1219603037461638,17.133466592989862,18.265803991816938,10,21,45,0,,
2026-05-16T01:12:06.783136,clean,persist,{'bins': 11},80,0,2,ok,0,80,1.1686268579214811,29.30009750649333,30.479485309682786,10,54,98,0,,
2026-05-16T01:12:30.549607,clean,persist,{'bins': 11},80,1,2,ok,80,160,1.150992945767939,22.513636339455843,23.675335558131337,10,31,65,0,,
2026-05-16T01:12:56.957808,clean,persist,{'bins': 11},80,2,2,ok,160,240,1.1589888921007514,25.127746019512415,26.29813226312399,10,19,39,0,,
2026-05-16T01:13:19.006839,clean,persist,{'bins': 11},80,3,2,ok,240,320,1.1258180513978004,20.83744031842798,21.9736929833889,10,15,40,0,,
2026-05-16T01:13:37.127675,clean,persist,{'bins': 11},80,4,2,ok,320,400,1.1094600856304169,16.908082785084844,18.02878367807716,10,23,46,0,,
2026-05-16T01:14:05.831084,clean,persist,{'bins': 11},81,0,2,ok,0,81,1.2375471089035273,27.32099697832018,28.569151704199612,10,19,46,0,,
2026-05-16T01:14:27.790740,clean,persist,{'bins': 11},81,1,2,ok,81,162,1.1428783647716045,20.71637045685202,21.869962118566036,10,31,62,0,,
2026-05-16T01:14:57.227363,clean,persist,{'bins': 11},81,2,2,ok,162,243,1.1988689275458455,28.118281859904528,29.328294101171196,10,39,79,0,,
2026-05-16T01:15:17.926249,clean,persist,{'bins': 11},81,3,2,ok,243,324,1.082380793057382,19.51935068052262,20.612355591729283,10,16,41,0,,
2026-05-16T01:15:41.726042,clean,persist,{'bins': 11},81,4,2,ok,324,405,1.1473648995161057,22.518138931132853,23.676564790308475,10,16,37,0,,
2026-05-16T01:16:10.540840,clean,persist,{'bins': 11},82,0,2,ok,0,82,1.182161564938724,27.499678194522858,28.692658103071153,10,31,69,0,,
2026-05-16T01:16:35.640523,clean,persist,{'bins': 11},82,1,2,ok,82,164,1.2235498949885368,23.771703463047743,25.00621099304408,10,38,74,0,,
2026-05-16T01:16:55.783066,clean,persist,{'bins': 11},82,2,2,ok,164,246,1.1216160915791988,18.901727801188827,20.034429169259965,10,36,68,0,,
2026-05-16T01:17:26.474933,clean,persist,{'bins': 11},82,3,2,ok,246,328,1.146153662353754,29.43753234669566,30.595122665166855,10,37,74,0,,
2026-05-16T01:17:47.502971,clean,persist,{'bins': 11},82,4,2,ok,328,410,1.1410423256456852,19.79006260819733,20.941856143064797,10,36,66,0,,
2026-05-16T01:18:17.514393,clean,persist,{'bins': 11},83,0,2,ok,0,83,1.2082178117707372,28.664616950787604,29.883754436858,10,25,61,0,,
2026-05-16T01:18:39.734031,clean,persist,{'bins': 11},83,1,2,ok,83,166,1.190613734535873,20.932744798250496,22.1343305259943,10,36,69,0,,
2026-05-16T01:19:02.283189,clean,persist,{'bins': 11},83,2,2,ok,166,249,1.2784840995445848,21.17970942519605,22.469346678815782,10,58,114,0,,
2026-05-16T01:19:29.637397,clean,persist,{'bins': 11},83,3,2,ok,249,332,1.2078476110473275,26.039322848431766,27.258865400217474,10,40,77,0,,
2026-05-16T01:19:53.058219,clean,persist,{'bins': 11},83,4,2,ok,332,415,1.226224560290575,22.085618628188968,23.322907044552267,10,35,69,0,,
2026-05-16T01:20:31.792277,clean,persist,{'bins': 11},84,0,2,ok,0,84,1.2393316105008125,37.33558513130993,38.58648353163153,10,30,64,0,,
2026-05-16T01:20:53.996573,clean,persist,{'bins': 11},84,1,2,ok,84,168,1.190051726065576,20.919798113405704,22.12103763781488,10,28,64,0,,
2026-05-16T01:21:18.151605,clean,persist,{'bins': 11},84,2,2,ok,168,252,1.2864328725263476,22.761144125834107,24.05873814690858,10,28,59,0,,
2026-05-16T01:21:38.679131,clean,persist,{'bins': 11},84,3,2,ok,252,336,1.1315990695729852,19.300572464242578,20.4433530298993,10,20,47,0,,
2026-05-16T01:22:08.487894,clean,persist,{'bins': 11},84,4,2,ok,336,420,1.2543894089758396,28.43135121371597,29.69712497200817,10,45,89,0,,
2026-05-16T01:22:39.248953,clean,persist,{'bins': 11},85,0,2,ok,0,85,1.288992595858872,29.340356938540936,30.6406603846699,10,30,66,0,,
2026-05-16T01:23:02.923111,clean,persist,{'bins': 11},85,1,2,ok,85,170,1.198489180766046,22.366965568624437,23.576791007071733,10,29,67,0,,
2026-05-16T01:23:39.225196,clean,persist,{'bins': 11},85,2,2,ok,170,255,1.266824227757752,34.895314591005445,36.1737859621644,10,43,84,0,,
2026-05-16T01:24:00.363181,clean,persist,{'bins': 11},85,3,2,ok,255,340,1.1288041612133384,19.90568792168051,21.04567487258464,10,35,69,0,,
2026-05-16T01:24:26.166473,clean,persist,{'bins': 11},85,4,2,ok,340,425,1.2195752710103989,24.479658318683505,25.71051390375942,10,22,51,0,,
2026-05-16T01:24:56.069516,clean,persist,{'bins': 11},86,0,2,ok,0,86,1.31031293887645,28.45738668460399,29.77914705965668,10,55,108,0,,
2026-05-16T01:25:19.581180,clean,persist,{'bins': 11},86,1,2,ok,86,172,1.2105941781774163,22.149758469313383,23.420523864217103,10,34,67,0,,
2026-05-16T01:25:47.612494,clean,persist,{'bins': 11},86,2,2,ok,172,258,1.2050239462405443,26.701500905677676,27.91799980122596,10,30,63,0,,
2026-05-16T01:26:17.498413,clean,persist,{'bins': 11},86,3,2,ok,258,344,1.1248122351244092,28.63960448373109,29.77614033408463,10,24,52,0,,
2026-05-16T01:26:39.397528,clean,persist,{'bins': 11},86,4,2,ok,344,430,1.187984804622829,20.60423711221665,21.803545210510492,10,20,48,0,,
2026-05-16T01:27:09.144312,clean,persist,{'bins': 11},87,0,2,ok,0,87,1.3284691264852881,28.26824286300689,29.60819216724485,10,39,77,0,,
2026-05-16T01:27:37.010059,clean,persist,{'bins': 11},87,1,2,ok,87,174,1.3143015140667558,26.446813638322055,27.77260406780988,10,37,78,0,,
2026-05-16T01:28:00.202890,clean,persist,{'bins': 11},87,2,2,ok,174,261,1.2968659112229943,21.780414512380958,23.088806549087167,10,15,40,0,,
2026-05-16T01:28:39.223283,clean,persist,{'bins': 11},87,3,2,ok,261,348,1.2107112621888518,37.6793557908386,38.90195807348937,10,19,43,0,,
2026-05-16T01:28:57.786658,clean,persist,{'bins': 11},87,4,2,ok,348,435,1.1571359280496836,17.302800806239247,18.47134061716497,10,44,77,0,,
2026-05-16T01:29:33.176946,clean,persist,{'bins': 11},88,0,2,ok,0,88,1.170618367381394,34.06624903995544,35.2488670181483,10,30,59,0,,
2026-05-16T01:30:01.464126,clean,persist,{'bins': 11},88,1,2,ok,88,176,1.2677588546648622,26.906698999926448,28.186160017736256,10,30,65,0,,
2026-05-16T01:30:32.736175,clean,persist,{'bins': 11},88,2,2,ok,176,264,1.129422377794981,29.98999155405909,31.131369028240442,10,23,48,0,,
2026-05-16T01:31:02.285286,clean,persist,{'bins': 11},88,3,2,ok,264,352,1.3165612611919641,28.120507367886603,29.44880171865225,10,24,53,0,,
2026-05-16T01:31:26.961993,clean,persist,{'bins': 11},88,4,2,ok,352,440,1.2114578215405345,23.352418115362525,24.57632994093001,10,23,50,0,,
2026-05-16T01:31:59.193815,clean,persist,{'bins': 11},89,0,2,ok,0,89,1.2781907320022583,30.799800999462605,32.089803410694,10,23,50,0,,
2026-05-16T01:32:26.940039,clean,persist,{'bins': 11},89,1,2,ok,89,178,1.2209600117057562,26.411748153157532,27.64449282269925,10,32,67,0,,
2026-05-16T01:32:54.522305,clean,persist,{'bins': 11},89,2,2,ok,178,267,1.2351138582453132,26.20693106111139,27.454143705777824,10,40,78,0,,
2026-05-16T01:33:27.395281,clean,persist,{'bins': 11},89,3,2,ok,267,356,1.2534887790679932,31.46887090522796,32.73444296233356,10,42,78,0,,
2026-05-16T01:33:57.437751,clean,persist,{'bins': 11},89,4,2,ok,356,445,1.2505987230688334,28.679658104665577,29.942333203740418,10,29,60,0,,
2026-05-16T01:34:20.566043,clean,persist,{'bins': 11},90,0,2,ok,0,90,1.221316528506577,21.765326260589063,22.99850283842534,10,22,47,0,,
2026-05-16T01:34:48.589242,clean,persist,{'bins': 11},90,1,2,ok,90,180,1.2848431821912527,26.625191907398403,27.922067092731595,10,36,71,0,,
2026-05-16T01:35:18.388183,clean,persist,{'bins': 11},90,2,2,ok,180,270,1.2043280145153403,28.466046028770506,29.68250112608075,10,22,44,0,,
2026-05-16T01:35:42.616890,clean,persist,{'bins': 11},90,3,2,ok,270,360,1.3560133585706353,22.759989650920033,24.127811843529344,10,39,73,0,,
2026-05-16T01:36:12.066185,clean,persist,{'bins': 11},90,4,2,ok,360,450,1.2875969288870692,28.052681853994727,29.352289896458387,10,38,80,0,,
2026-05-16T01:36:47.033448,clean,persist,{'bins': 11},91,0,2,ok,0,91,1.364864308387041,33.4594943029806,34.83648481126875,10,31,69,0,,
2026-05-16T01:37:12.080066,clean,persist,{'bins': 11},91,1,2,ok,91,182,1.2434446923434734,23.691388418897986,24.947104695253074,10,30,68,0,,
2026-05-16T01:37:46.162772,clean,persist,{'bins': 11},91,2,2,ok,182,273,1.2648569960147142,32.66353789716959,33.94084211625159,10,39,73,0,,
2026-05-16T01:38:11.203450,clean,persist,{'bins': 11},91,3,2,ok,273,364,1.301421326585114,23.6200092965737,24.933603260666132,10,33,62,0,,
2026-05-16T01:38:37.367146,clean,persist,{'bins': 11},91,4,2,ok,364,455,1.229166497476399,24.8170282561332,26.058358042500913,10,28,62,0,,
2026-05-16T01:39:11.663693,clean,persist,{'bins': 11},92,0,2,ok,0,92,1.327445681206882,32.81123138591647,34.151079546660185,10,29,65,0,,
2026-05-16T01:39:42.577845,clean,persist,{'bins': 11},92,1,2,ok,92,184,1.212097722105682,29.529962402768433,30.75488670077175,10,8,23,0,,
2026-05-16T01:40:06.918662,clean,persist,{'bins': 11},92,2,2,ok,184,276,1.382380448281765,22.825771343894303,24.220371679402888,10,24,53,0,,
2026-05-16T01:40:40.968085,clean,persist,{'bins': 11},92,3,2,ok,276,368,1.356625604443252,32.56022540573031,33.92939001508057,10,27,55,0,,
2026-05-16T01:41:07.047297,clean,persist,{'bins': 11},92,4,2,ok,368,460,1.2651061583310366,24.673339671455324,25.95075609534979,10,7,21,0,,
2026-05-16T01:41:44.360763,clean,persist,{'bins': 11},93,0,2,ok,0,93,1.1967869428917766,35.94716814439744,37.156903211958706,10,29,61,0,,
2026-05-16T01:42:11.889092,clean,persist,{'bins': 11},93,1,2,ok,93,186,1.2044476186856627,26.198498577810824,27.41560029052198,10,22,49,0,,
2026-05-16T01:42:32.831816,clean,persist,{'bins': 11},93,2,2,ok,186,279,1.1878037629649043,19.638791332021356,20.839014315977693,10,37,72,0,,
2026-05-16T01:43:03.070808,clean,persist,{'bins': 11},93,3,2,ok,279,372,1.3298534750938416,28.758980875834823,30.101332360878587,10,7,22,0,,
2026-05-16T01:43:27.742369,clean,persist,{'bins': 11},93,4,2,ok,372,465,1.2494822796434164,23.311096402816474,24.573114432394505,10,19,46,0,,
2026-05-16T01:44:11.916043,clean,persist,{'bins': 11},94,0,2,ok,0,94,1.3329390063881874,42.66701192688197,44.012828554958105,10,46,88,0,,
2026-05-16T01:44:36.807944,clean,persist,{'bins': 11},94,1,2,ok,94,188,1.1732853408902884,23.61200964357704,24.797908761538565,10,32,66,0,,
2026-05-16T01:45:05.801953,clean,persist,{'bins': 11},94,2,2,ok,188,282,1.348958669230342,27.509236932732165,28.8709949972108,10,29,60,0,,
2026-05-16T01:45:33.904126,clean,persist,{'bins': 11},94,3,2,ok,282,376,1.4012394538149238,26.588973510079086,28.002668894827366,10,27,56,0,,
2026-05-16T01:46:02.937069,clean,persist,{'bins': 11},94,4,2,ok,376,470,1.2995109101757407,27.610492910258472,28.922577071003616,10,42,83,0,,
2026-05-16T01:46:41.964109,clean,persist,{'bins': 11},95,0,2,ok,0,95,1.432218718342483,37.43839452974498,38.88397464901209,10,41,85,0,,
2026-05-16T01:47:10.966010,clean,persist,{'bins': 11},95,1,2,ok,95,190,1.423897353000939,27.471044121310115,28.907527389004827,10,37,83,0,,
2026-05-16T01:47:41.609548,clean,persist,{'bins': 11},95,2,2,ok,190,285,1.2891833120957017,29.23240687791258,30.534407819621265,10,25,61,0,,
2026-05-16T01:48:08.915986,clean,persist,{'bins': 11},95,3,2,ok,285,380,1.4253622218966484,25.741984949447215,27.180120748467743,10,15,39,0,,
2026-05-16T01:48:42.160267,clean,persist,{'bins': 11},95,4,2,ok,380,475,1.3314036633819342,31.80069736018777,33.144926759414375,10,31,64,0,,
2026-05-16T01:49:09.908993,clean,persist,{'bins': 11},96,0,2,ok,0,96,1.2943108649924397,26.304937234148383,27.611904537305236,10,20,46,0,,
2026-05-16T01:49:44.679895,clean,persist,{'bins': 11},96,1,2,ok,96,192,1.388935761526227,33.26506778318435,34.66717390716076,10,53,102,0,,
2026-05-16T01:50:21.440102,clean,persist,{'bins': 11},96,2,2,ok,192,288,1.423600509762764,35.17497715726495,36.611877913586795,10,33,66,0,,
2026-05-16T01:50:48.418904,clean,persist,{'bins': 11},96,3,2,ok,288,384,1.2344572199508548,25.625713587738574,26.873114025220275,10,41,78,0,,
2026-05-16T01:51:17.741734,clean,persist,{'bins': 11},96,4,2,ok,384,480,1.2218268467113376,27.979749616235495,29.214502196758986,10,29,59,0,,
2026-05-16T01:51:56.137750,clean,persist,{'bins': 11},97,0,2,ok,0,97,1.4389044772833586,36.80229553207755,38.25419391132891,10,26,57,0,,
2026-05-16T01:52:25.942571,clean,persist,{'bins': 11},97,1,2,ok,97,194,1.4364878488704562,28.246731285005808,29.69615495763719,10,25,53,0,,
2026-05-16T01:53:07.582878,clean,persist,{'bins': 11},97,2,2,ok,194,291,1.4377826489508152,40.036094958893955,41.48726799339056,10,42,81,0,,
2026-05-16T01:53:37.839813,clean,persist,{'bins': 11},97,3,2,ok,291,388,1.3611785704270005,28.79083450231701,30.165190709754825,10,32,73,0,,
2026-05-16T01:54:04.973451,clean,persist,{'bins': 11},97,4,2,ok,388,485,1.2713216179981828,25.723227604292333,27.007450059987605,10,18,47,0,,
2026-05-16T01:54:46.538124,clean,persist,{'bins': 11},98,0,2,ok,0,98,1.4839134206995368,39.9135868223384,41.41104064043611,10,50,99,0,,
2026-05-16T01:55:19.920191,clean,persist,{'bins': 11},98,1,2,ok,98,196,1.3731672102585435,31.901639917865396,33.28792389109731,10,45,96,0,,
2026-05-16T01:55:49.924867,clean,persist,{'bins': 11},98,2,2,ok,196,294,1.460634732618928,28.412528658285737,29.886262801475823,10,26,62,0,,
2026-05-16T01:56:26.615592,clean,persist,{'bins': 11},98,3,2,ok,294,392,1.3401353834196925,35.20279666315764,36.55601698625833,10,31,63,0,,
2026-05-16T01:57:10.926243,clean,persist,{'bins': 11},98,4,2,ok,392,490,1.4378794748336077,42.716817842796445,44.16817762050778,10,35,73,0,,
2026-05-16T01:57:42.964787,clean,persist,{'bins': 11},99,0,2,ok,0,99,1.3469083160161972,30.540389392524958,31.90055873990059,10,30,64,0,,
2026-05-16T01:58:23.732402,clean,persist,{'bins': 11},99,1,2,ok,99,198,1.3649188661947846,39.240407788194716,40.61912256013602,10,43,80,0,,
2026-05-16T01:58:51.032131,clean,persist,{'bins': 11},99,2,2,ok,198,297,1.3831689786165953,25.790193579159677,27.18670857977122,10,33,70,0,,
2026-05-16T01:59:27.606956,clean,persist,{'bins': 11},99,3,2,ok,297,396,1.335480677895248,35.088637774810195,36.437478901818395,10,30,61,0,,
2026-05-16T01:59:54.338467,clean,persist,{'bins': 11},99,4,2,ok,396,495,1.3561222404241562,25.23220309149474,26.601674780249596,10,26,51,0,,
2026-05-16T02:00:38.276510,clean,persist,{'bins': 11},100,0,2,ok,0,100,1.4578155698254704,42.31413937173784,43.78532516863197,10,39,81,0,,
2026-05-16T02:01:08.631478,clean,persist,{'bins': 11},100,1,2,ok,100,200,1.356243159621954,28.87364360038191,30.24328920710832,10,45,89,0,,
2026-05-16T02:01:46.037591,clean,persist,{'bins': 11},100,2,2,ok,200,300,1.3099414110183716,35.9255562024191,37.249219911172986,10,28,55,0,,
2026-05-16T02:02:21.329188,clean,persist,{'bins': 11},100,3,2,ok,300,400,1.3936603236943483,33.762273269705474,35.16925818473101,10,51,100,0,,
2026-05-16T02:03:00.573676,clean,persist,{'bins': 11},100,4,2,ok,400,500,1.4715992221608758,37.626495256088674,39.11168463807553,10,35,72,0,,
2026-05-16T02:03:00.873742,noisy,naive,{'bins': 10},1,0,2,ok,0,1,0.0005248142406344414,0.13730234373360872,0.1382286623120308,10,31,58,0,,
2026-05-16T02:03:01.231804,noisy,naive,{'bins': 10},1,1,2,ok,1,2,0.00033180322498083115,0.354130195453763,0.354791066609323,10,1,10,0,,
2026-05-16T02:03:01.457598,noisy,naive,{'bins': 10},1,2,2,ok,2,3,0.0003530224785208702,0.22074226383119822,0.22140648029744625,10,48,79,0,,
2026-05-16T02:03:01.576725,noisy,naive,{'bins': 10},1,3,2,ok,3,4,0.00037943199276924133,0.11593572981655598,0.1166124613955617,10,33,55,0,,
2026-05-16T02:03:01.745421,noisy,naive,{'bins': 10},1,4,2,ok,4,5,0.0003463905304670334,0.16430514119565487,0.16496171429753304,10,41,69,0,,
2026-05-16T02:03:02.277695,noisy,naive,{'bins': 10},2,0,2,ok,0,2,0.0006551314145326614,0.4680959964171052,0.46934294886887074,10,22,46,0,,
2026-05-16T02:03:02.520253,noisy,naive,{'bins': 10},2,1,2,ok,2,4,0.0005851089954376221,0.2377511728554964,0.23879656568169594,10,25,46,0,,
2026-05-16T02:03:03.156277,noisy,naive,{'bins': 10},2,2,2,ok,4,6,0.000600508414208889,0.6293085627257824,0.63041509129107,10,28,55,0,,
2026-05-16T02:03:03.220555,noisy,naive,{'bins': 10},2,3,2,ok,6,8,0.0006122095510363579,0.060413568280637264,0.06142724119126797,10,7,12,0,,
2026-05-16T02:03:03.445796,noisy,naive,{'bins': 10},2,4,2,ok,8,10,0.0005772346630692482,0.22028913255780935,0.2212894605472684,10,28,45,0,,
2026-05-16T02:03:03.887817,noisy,naive,{'bins': 10},3,0,2,ok,0,3,0.001017201691865921,0.3740830458700657,0.3758558249101043,10,20,41,0,,
2026-05-16T02:03:04.842311,noisy,naive,{'bins': 10},3,1,2,ok,3,6,0.0008458597585558891,0.9468180313706398,0.9483248516917229,10,14,31,0,,
2026-05-16T02:03:04.982825,noisy,naive,{'bins': 10},3,2,2,ok,6,9,0.0008142087608575821,0.13573988992720842,0.13708231132477522,10,11,20,0,,
2026-05-16T02:03:05.215301,noisy,naive,{'bins': 10},3,3,2,ok,9,12,0.0008338959887623787,0.224942771717906,0.22633339371532202,10,29,50,0,,
2026-05-16T02:03:05.519616,noisy,naive,{'bins': 10},3,4,2,ok,12,15,0.0008500460535287857,0.29694039188325405,0.29837067797780037,10,22,42,0,,
2026-05-16T02:03:06.333474,noisy,naive,{'bins': 10},4,0,2,ok,0,4,0.00114476028829813,0.7461673663929105,0.7481731437146664,10,34,65,0,,
2026-05-16T02:03:06.544076,noisy,naive,{'bins': 10},4,1,2,ok,4,8,0.0011079097166657448,0.20410217437893152,0.20591419748961926,10,13,22,0,,
2026-05-16T02:03:07.039963,noisy,naive,{'bins': 10},4,2,2,ok,8,12,0.0009512072429060936,0.4886934570968151,0.49033254478126764,10,38,67,0,,
2026-05-16T02:03:07.741442,noisy,naive,{'bins': 10},4,3,2,ok,12,16,0.001018894836306572,0.6928109005093575,0.6945588635280728,10,39,71,0,,
2026-05-16T02:03:08.146700,noisy,naive,{'bins': 10},4,4,2,ok,16,20,0.001087031327188015,0.3974739797413349,0.399282886646688,10,27,41,0,,
2026-05-16T02:03:09.234928,noisy,naive,{'bins': 10},5,0,2,ok,0,5,0.0013126851990818977,1.0189820136874914,1.0214270548895001,10,32,68,0,,
2026-05-16T02:03:09.613618,noisy,naive,{'bins': 10},5,1,2,ok,5,10,0.0012097721919417381,0.3707042708992958,0.3728330284357071,10,14,26,0,,
2026-05-16T02:03:10.119234,noisy,naive,{'bins': 10},5,2,2,ok,10,15,0.001316271722316742,0.4978097267448902,0.5000936957076192,10,17,39,0,,
2026-05-16T02:03:10.743875,noisy,naive,{'bins': 10},5,3,2,ok,15,20,0.0011699777096509933,0.6150922169908881,0.6172342794016004,10,33,51,0,,
2026-05-16T02:03:11.163678,noisy,naive,{'bins': 10},5,4,2,ok,20,25,0.0013386346399784088,0.4039861587807536,0.40629140846431255,10,17,31,0,,
2026-05-16T02:03:12.911586,noisy,naive,{'bins': 10},6,0,2,ok,0,6,0.0015346407890319824,1.677216618321836,1.6800750149413943,10,31,69,0,,
2026-05-16T02:03:13.437850,noisy,naive,{'bins': 10},6,1,2,ok,6,12,0.001524653285741806,0.5161422537639737,0.5187633158639073,10,27,44,0,,
2026-05-16T02:03:14.105519,noisy,naive,{'bins': 10},6,2,2,ok,12,18,0.0013930760324001312,0.6573374196887016,0.6598393870517612,10,20,36,0,,
2026-05-16T02:03:14.790075,noisy,naive,{'bins': 10},6,3,2,ok,18,24,0.001395590603351593,0.6744729159399867,0.6769779296591878,10,20,40,0,,
2026-05-16T02:03:15.344353,noisy,naive,{'bins': 10},6,4,2,ok,24,30,0.0015124110504984856,0.5447346642613411,0.5473351189866662,10,19,37,0,,
2026-05-16T02:03:17.068451,noisy,naive,{'bins': 10},7,0,2,ok,0,7,0.0017386553809046745,1.6509251883253455,1.6541472394019365,10,24,54,0,,
2026-05-16T02:03:17.791424,noisy,naive,{'bins': 10},7,1,2,ok,7,14,0.0017574597150087357,0.7118547847494483,0.714906595647335,10,26,49,0,,
2026-05-16T02:03:18.831760,noisy,naive,{'bins': 10},7,2,2,ok,14,21,0.0016247406601905823,1.0226569278165698,1.0255941534414887,10,31,54,0,,
2026-05-16T02:03:19.636169,noisy,naive,{'bins': 10},7,3,2,ok,21,28,0.0016608983278274536,0.7936984049156308,0.7966270046308637,10,16,37,0,,
2026-05-16T02:03:20.199738,noisy,naive,{'bins': 10},7,4,2,ok,28,35,0.0018680766224861145,0.5528600951656699,0.5559777691960335,10,14,30,0,,
2026-05-16T02:03:21.049489,noisy,naive,{'bins': 10},8,0,2,ok,0,8,0.001969418488442898,0.7791543146595359,0.7825905671343207,10,20,36,0,,
2026-05-16T02:03:22.184497,noisy,naive,{'bins': 10},8,1,2,ok,8,16,0.0018589012324810028,1.1226007295772433,1.125882362946868,10,26,55,0,,
2026-05-16T02:03:23.351572,noisy,naive,{'bins': 10},8,2,2,ok,16,24,0.0019133435562252998,1.1541554247960448,1.1575532760471106,10,13,34,0,,
2026-05-16T02:03:23.893637,noisy,naive,{'bins': 10},8,3,2,ok,24,32,0.0019447226077318192,0.5314178299158812,0.5347179574891925,10,28,47,0,,
2026-05-16T02:03:25.074610,noisy,naive,{'bins': 10},8,4,2,ok,32,40,0.0019567348062992096,1.1657646046951413,1.1691675949841738,10,25,50,0,,
2026-05-16T02:03:26.149362,noisy,naive,{'bins': 10},9,0,2,ok,0,9,0.0021746745333075523,1.0030980007722974,1.0069210408255458,10,19,35,0,,
2026-05-16T02:03:27.495341,noisy,naive,{'bins': 10},9,1,2,ok,9,18,0.002172289416193962,1.3306541983038187,1.3344523003324866,10,22,46,0,,
2026-05-16T02:03:28.716956,noisy,naive,{'bins': 10},9,2,2,ok,18,27,0.0020760586485266685,1.2036176389083266,1.207265199162066,10,28,59,0,,
2026-05-16T02:03:29.671181,noisy,naive,{'bins': 10},9,3,2,ok,27,36,0.002128877677023411,0.9412057856097817,0.9448571028187871,10,17,35,0,,
2026-05-16T02:03:31.186457,noisy,naive,{'bins': 10},9,4,2,ok,36,45,0.0023269187659025192,1.4999184319749475,1.503875482827425,10,30,58,0,,
2026-05-16T02:03:32.395493,noisy,naive,{'bins': 10},10,0,2,ok,0,10,0.002499873749911785,1.1371617559343576,1.1412794282659888,10,21,40,0,,
2026-05-16T02:03:33.969357,noisy,naive,{'bins': 10},10,1,2,ok,10,20,0.0025212951004505157,1.5570966470986605,1.5612552464008331,10,34,63,0,,
2026-05-16T02:03:35.559339,noisy,naive,{'bins': 10},10,2,2,ok,20,30,0.0024503804743289948,1.5739050209522247,1.57799113355577,10,36,68,0,,
2026-05-16T02:03:36.778555,noisy,naive,{'bins': 10},10,3,2,ok,30,40,0.0025131087750196457,1.2039046110585332,1.2080253390595317,10,17,34,0,,
2026-05-16T02:03:38.193875,noisy,naive,{'bins': 10},10,4,2,ok,40,50,0.002575146034359932,1.3966480679810047,1.4008108042180538,10,22,47,0,,
2026-05-16T02:03:39.675335,noisy,naive,{'bins': 10},11,0,2,ok,0,11,0.0027341851964592934,1.4054522411897779,1.4100061729550362,10,24,45,0,,
2026-05-16T02:03:41.486381,noisy,naive,{'bins': 10},11,1,2,ok,11,22,0.002738052047789097,1.793579031713307,1.7981525100767612,10,21,48,0,,
2026-05-16T02:03:42.414087,noisy,naive,{'bins': 10},11,2,2,ok,22,33,0.002758840098977089,0.9122313288971782,0.9167250376194715,10,20,37,0,,
2026-05-16T02:03:44.363212,noisy,naive,{'bins': 10},11,3,2,ok,33,44,0.0026410287246108055,1.9311693692579865,1.935639202594757,10,30,56,0,,
2026-05-16T02:03:45.975589,noisy,naive,{'bins': 10},11,4,2,ok,44,55,0.0028628958389163017,1.5954412166029215,1.600091158412397,10,18,40,0,,
2026-05-16T02:03:47.681618,noisy,naive,{'bins': 10},12,0,2,ok,0,12,0.002951071597635746,1.629708076827228,1.6346599450334907,10,13,28,0,,
2026-05-16T02:03:49.637315,noisy,naive,{'bins': 10},12,1,2,ok,12,24,0.002950049936771393,1.935576768592,1.9404557906091213,10,35,67,0,,
2026-05-16T02:03:50.696906,noisy,naive,{'bins': 10},12,2,2,ok,24,36,0.002967231906950474,1.0439357040449977,1.0487748915329576,10,17,33,0,,
2026-05-16T02:03:53.123100,noisy,naive,{'bins': 10},12,3,2,ok,36,48,0.002947426401078701,2.4058982003480196,2.410864527337253,10,29,61,0,,
2026-05-16T02:03:54.618503,noisy,naive,{'bins': 10},12,4,2,ok,48,60,0.003067520447075367,1.4755525346845388,1.4804838355630636,10,23,44,0,,
2026-05-16T02:03:56.468220,noisy,naive,{'bins': 10},13,0,2,ok,0,13,0.003226800821721554,1.7719130823388696,1.7771815257146955,10,25,45,0,,
2026-05-16T02:03:58.497722,noisy,naive,{'bins': 10},13,1,2,ok,13,26,0.003166455775499344,2.009311245754361,2.0144692212343216,10,14,36,0,,
2026-05-16T02:04:00.263281,noisy,naive,{'bins': 10},13,2,2,ok,26,39,0.0031568678095936775,1.7463058345019817,1.7514645112678409,10,19,40,0,,
2026-05-16T02:04:02.865505,noisy,naive,{'bins': 10},13,3,2,ok,39,52,0.003129086457192898,2.580868306569755,2.586063463240862,10,35,72,0,,
2026-05-16T02:04:04.382536,noisy,naive,{'bins': 10},13,4,2,ok,52,65,0.003358396701514721,1.4955706894397736,1.5009123599156737,10,23,46,0,,
2026-05-16T02:04:06.666869,noisy,naive,{'bins': 10},14,0,2,ok,0,14,0.0036285240203142166,2.1991567639634013,2.2051330972462893,10,25,47,0,,
2026-05-16T02:04:08.878912,noisy,naive,{'bins': 10},14,1,2,ok,14,28,0.003484833985567093,2.1911867577582598,2.196874348446727,10,13,32,0,,
2026-05-16T02:04:10.957661,noisy,naive,{'bins': 10},14,2,2,ok,28,42,0.003453425131738186,2.056205536238849,2.0618083775043488,10,21,45,0,,
2026-05-16T02:04:13.731462,noisy,naive,{'bins': 10},14,3,2,ok,42,56,0.0034379465505480766,2.7485268833115697,2.7542192237451673,10,26,56,0,,
2026-05-16T02:04:15.789420,noisy,naive,{'bins': 10},14,4,2,ok,56,70,0.0036137057468295097,2.035974753089249,2.0417958237230778,10,16,34,0,,
2026-05-16T02:04:18.252809,noisy,naive,{'bins': 10},15,0,2,ok,0,15,0.003656967543065548,2.381133790127933,2.3872259305790067,10,24,44,0,,
2026-05-16T02:04:20.822123,noisy,naive,{'bins': 10},15,1,2,ok,15,30,0.0036227628588676453,2.545849807560444,2.5518519477918744,10,30,53,0,,
2026-05-16T02:04:23.410776,noisy,naive,{'bins': 10},15,2,2,ok,30,45,0.0036622686311602592,2.5653629107400775,2.5713221514597535,10,30,59,0,,
2026-05-16T02:04:25.596898,noisy,naive,{'bins': 10},15,3,2,ok,45,60,0.0037234630435705185,2.1621200619265437,2.1682007517665625,10,24,48,0,,
2026-05-16T02:04:28.079928,noisy,naive,{'bins': 10},15,4,2,ok,60,75,0.0038135210052132607,2.4594943253323436,2.4656012235209346,10,35,59,0,,
2026-05-16T02:04:30.864992,noisy,naive,{'bins': 10},16,0,2,ok,0,16,0.003875207155942917,2.7006800239905715,2.707120438106358,10,22,43,0,,
2026-05-16T02:04:32.848096,noisy,naive,{'bins': 10},16,1,2,ok,16,32,0.003854396753013134,1.96194217633456,1.9682053169235587,10,16,32,0,,
2026-05-16T02:04:36.794561,noisy,naive,{'bins': 10},16,2,2,ok,32,48,0.003888471983373165,3.9182150289416313,3.9247065586969256,10,40,74,0,,
2026-05-16T02:04:38.763678,noisy,naive,{'bins': 10},16,3,2,ok,48,64,0.003926844336092472,1.9433618979528546,1.9497856702655554,10,25,45,0,,
2026-05-16T02:04:40.675559,noisy,naive,{'bins': 10},16,4,2,ok,64,80,0.003987989388406277,1.8870017500594258,1.8934502797201276,10,22,39,0,,
2026-05-16T02:04:43.313715,noisy,naive,{'bins': 10},17,0,2,ok,0,17,0.004219944588840008,2.552456815727055,2.559300096705556,10,14,30,0,,
2026-05-16T02:04:45.456063,noisy,naive,{'bins': 10},17,1,2,ok,17,34,0.00406327098608017,2.119494986720383,2.1260775877162814,10,14,30,0,,
2026-05-16T02:04:49.607629,noisy,naive,{'bins': 10},17,2,2,ok,34,51,0.004057790152728558,4.123674958944321,4.130455931648612,10,26,61,0,,
2026-05-16T02:04:52.090169,noisy,naive,{'bins': 10},17,3,2,ok,51,68,0.004134864546358585,2.4561688229441643,2.4629376232624054,10,7,23,0,,
2026-05-16T02:04:54.352672,noisy,naive,{'bins': 10},17,4,2,ok,68,85,0.00426893588155508,2.2365802824497223,2.243479018099606,10,11,25,0,,
2026-05-16T02:04:57.221712,noisy,naive,{'bins': 10},18,0,2,ok,0,18,0.0042860377579927444,2.7842075135558844,2.791306563653052,10,14,30,0,,
2026-05-16T02:04:59.839963,noisy,naive,{'bins': 10},18,1,2,ok,18,36,0.004302539862692356,2.5921245757490396,2.5991301108151674,10,17,34,0,,
2026-05-16T02:05:04.294503,noisy,naive,{'bins': 10},18,2,2,ok,36,54,0.004373342730104923,4.423483877442777,4.430747337639332,10,29,63,0,,
2026-05-16T02:05:07.422369,noisy,naive,{'bins': 10},18,3,2,ok,54,72,0.004778644070029259,3.0988851385191083,3.106483026407659,10,19,38,0,,
2026-05-16T02:05:09.609564,noisy,naive,{'bins': 10},18,4,2,ok,72,90,0.004521140828728676,2.158280302770436,2.1655493630096316,10,15,33,0,,
2026-05-16T02:05:12.645453,noisy,naive,{'bins': 10},19,0,2,ok,0,19,0.004682193510234356,2.9493486182764173,2.9569825641810894,10,12,28,0,,
2026-05-16T02:05:15.390227,noisy,naive,{'bins': 10},19,1,2,ok,19,38,0.004599998705089092,2.71795114222914,2.7253914047032595,10,24,43,0,,
2026-05-16T02:05:19.832522,noisy,naive,{'bins': 10},19,2,2,ok,38,57,0.004644461907446384,4.40972070582211,4.417395167984068,10,30,64,0,,
2026-05-16T02:05:23.181471,noisy,naive,{'bins': 10},19,3,2,ok,57,76,0.0046264780685305595,3.3193443454802036,3.3269620006904006,10,22,44,0,,
2026-05-16T02:05:25.663446,noisy,naive,{'bins': 10},19,4,2,ok,76,95,0.004736794158816338,2.453847972676158,2.461453463882208,10,17,35,0,,
2026-05-16T02:05:29.135957,noisy,naive,{'bins': 10},20,0,2,ok,0,20,0.004839698784053326,3.3835756182670593,3.391429867595434,10,14,30,0,,
2026-05-16T02:05:32.106345,noisy,naive,{'bins': 10},20,1,2,ok,20,40,0.004808070138096809,2.9413481261581182,2.949143225327134,10,20,39,0,,
2026-05-16T02:05:36.252854,noisy,naive,{'bins': 10},20,2,2,ok,40,60,0.004822767339646816,4.11221928615123,4.1201006872579455,10,28,57,0,,
2026-05-16T02:05:39.024439,noisy,naive,{'bins': 10},20,3,2,ok,60,80,0.004778383299708366,2.741499557159841,2.7492673443630338,10,25,46,0,,
2026-05-16T02:05:42.427766,noisy,naive,{'bins': 10},20,4,2,ok,80,100,0.00494766142219305,3.372051116079092,3.380107435397804,10,22,44,0,,
2026-05-16T02:05:46.108560,noisy,naive,{'bins': 10},21,0,2,ok,0,21,0.005089046433568001,3.5871507730334997,3.595461449585855,10,14,30,0,,
2026-05-16T02:05:49.287484,noisy,naive,{'bins': 10},21,1,2,ok,21,42,0.005091060884296894,3.147768742404878,3.1560353068634868,10,27,48,0,,
2026-05-16T02:05:52.825391,noisy,naive,{'bins': 10},21,2,2,ok,42,63,0.005041426979005337,3.505015727132559,3.513242857530713,10,19,39,0,,
2026-05-16T02:05:55.878153,noisy,naive,{'bins': 10},21,3,2,ok,63,84,0.005038480274379253,3.0192818325012922,3.0275169061496854,10,16,32,0,,
2026-05-16T02:05:57.764831,noisy,naive,{'bins': 10},21,4,2,ok,84,105,0.005209000781178474,1.8612705497071147,1.8694106955081224,10,13,26,0,,
2026-05-16T02:06:01.610772,noisy,naive,{'bins': 10},22,0,2,ok,0,22,0.005302256904542446,3.7547092512249947,3.763375365175307,10,23,46,0,,
2026-05-16T02:06:05.009119,noisy,naive,{'bins': 10},22,1,2,ok,22,44,0.005243576131761074,3.3655961100012064,3.37403485737741,10,29,54,0,,
2026-05-16T02:06:09.198519,noisy,naive,{'bins': 10},22,2,2,ok,44,66,0.005414205603301525,4.155363315716386,4.164128304459155,10,33,64,0,,
2026-05-16T02:06:12.353562,noisy,naive,{'bins': 10},22,3,2,ok,66,88,0.005333186127245426,3.1199339665472507,3.1285719582811,10,16,34,0,,
2026-05-16T02:06:14.455913,noisy,naive,{'bins': 10},22,4,2,ok,88,110,0.05160949844866991,2.0266465060412884,2.08175481390208,10,15,29,0,,
2026-05-16T02:06:18.508564,noisy,naive,{'bins': 10},23,0,2,ok,0,23,0.005553258582949638,3.958565315231681,3.9676783783361316,10,23,46,0,,
2026-05-16T02:06:22.207720,noisy,naive,{'bins': 10},23,1,2,ok,23,46,0.005606658756732941,3.664503841660917,3.6735432660207152,10,18,38,0,,
2026-05-16T02:06:26.544223,noisy,naive,{'bins': 10},23,2,2,ok,46,69,0.00547727569937706,4.299523698166013,4.308542654849589,10,22,44,0,,
2026-05-16T02:06:29.930260,noisy,naive,{'bins': 10},23,3,2,ok,69,92,0.005499117076396942,3.351250968873501,3.3602336877956986,10,12,28,0,,
2026-05-16T02:06:32.138444,noisy,naive,{'bins': 10},23,4,2,ok,92,115,0.00561901181936264,2.1773754181340337,2.18629976734519,10,17,31,0,,
2026-05-16T02:06:36.474454,noisy,naive,{'bins': 10},24,0,2,ok,0,24,0.005754606798291206,4.242380897514522,4.25184144359082,10,23,46,0,,
2026-05-16T02:06:40.682826,noisy,naive,{'bins': 10},24,1,2,ok,24,48,0.0057786619290709496,4.168088446371257,4.177365909330547,10,20,41,0,,
2026-05-16T02:06:45.215138,noisy,naive,{'bins': 10},24,2,2,ok,48,72,0.0057174572721123695,4.48992664180696,4.499277763068676,10,11,28,0,,
2026-05-16T02:06:48.943803,noisy,naive,{'bins': 10},24,3,2,ok,72,96,0.005787739530205727,3.6904467195272446,3.6998271448537707,10,18,37,0,,
2026-05-16T02:06:52.570784,noisy,naive,{'bins': 10},24,4,2,ok,96,120,0.00595143623650074,3.5843501836061478,3.593783157877624,10,25,43,0,,
2026-05-16T02:06:57.345640,noisy,naive,{'bins': 10},25,0,2,ok,0,25,0.005979479290544987,4.6774099403992295,4.687206147238612,10,23,46,0,,
2026-05-16T02:07:01.712083,noisy,naive,{'bins': 10},25,1,2,ok,25,50,0.006010528653860092,4.328992739319801,4.338766634464264,10,18,39,0,,
2026-05-16T02:07:06.487158,noisy,naive,{'bins': 10},25,2,2,ok,50,75,0.0060140034183859825,4.733741004019976,4.743579880334437,10,23,43,0,,
2026-05-16T02:07:10.404894,noisy,naive,{'bins': 10},25,3,2,ok,75,100,0.00648488849401474,3.879367089830339,3.8896555406972766,10,23,43,0,,
2026-05-16T02:07:14.216611,noisy,naive,{'bins': 10},25,4,2,ok,100,125,0.0062070563435554504,3.773038868792355,3.7829516446217895,10,20,36,0,,
2026-05-16T02:07:19.230009,noisy,naive,{'bins': 10},26,0,2,ok,0,26,0.00626396294683218,4.9109634924679995,4.921114074997604,10,19,41,0,,
2026-05-16T02:07:26.329511,noisy,naive,{'bins': 10},26,1,2,ok,26,52,0.006218688562512398,7.057991661131382,7.0682169031351805,10,16,42,0,,
2026-05-16T02:07:31.010680,noisy,naive,{'bins': 10},26,2,2,ok,52,78,0.006281527690589428,4.641367748379707,4.651518731378019,10,23,49,0,,
2026-05-16T02:07:33.723139,noisy,naive,{'bins': 10},26,3,2,ok,78,104,0.006134378723800182,2.679915581829846,2.689652937464416,10,11,28,0,,
2026-05-16T02:07:46.029718,noisy,naive,{'bins': 10},26,4,2,ok,104,130,0.006499435752630234,12.250558028928936,12.261365574784577,10,38,84,0,,
2026-05-16T02:07:51.410246,noisy,naive,{'bins': 10},27,0,2,ok,0,27,0.006512400694191456,5.27890688367188,5.289511217735708,10,15,34,0,,
2026-05-16T02:07:59.111774,noisy,naive,{'bins': 10},27,1,2,ok,27,54,0.006371315568685532,7.659550284966826,7.670122098177671,10,18,47,0,,
2026-05-16T02:08:03.854248,noisy,naive,{'bins': 10},27,2,2,ok,54,81,0.006507701240479946,4.701579011045396,4.71212159935385,10,23,46,0,,
2026-05-16T02:08:06.948866,noisy,naive,{'bins': 10},27,3,2,ok,81,108,0.006946944631636143,3.05954816006124,3.0703757032752037,10,15,30,0,,
2026-05-16T02:08:18.113291,noisy,naive,{'bins': 10},27,4,2,ok,108,135,0.006599122658371925,11.103507245890796,11.114568097516894,10,45,91,0,,
2026-05-16T02:08:23.759965,noisy,naive,{'bins': 10},28,0,2,ok,0,28,0.006697387434542179,5.548644783906639,5.559602731838822,10,13,32,0,,
2026-05-16T02:08:31.839085,noisy,naive,{'bins': 10},28,1,2,ok,28,56,0.006814507767558098,8.033970037475228,8.045188906602561,10,20,45,0,,
2026-05-16T02:08:37.405255,noisy,naive,{'bins': 10},28,2,2,ok,56,84,0.006766387261450291,5.523597453720868,5.534518833272159,10,19,38,0,,
2026-05-16T02:08:40.405847,noisy,naive,{'bins': 10},28,3,2,ok,84,112,0.006662641651928425,2.962442332878709,2.973034303635359,10,21,37,0,,
2026-05-16T02:08:51.270645,noisy,naive,{'bins': 10},28,4,2,ok,112,140,0.006806022487580776,10.810058345086873,10.821391708217561,10,24,60,0,,
2026-05-16T02:08:57.153127,noisy,naive,{'bins': 10},29,0,2,ok,0,29,0.006781355477869511,5.7812801245599985,5.792405587621033,10,13,32,0,,
2026-05-16T02:09:05.855174,noisy,naive,{'bins': 10},29,1,2,ok,29,58,0.00690491683781147,8.653335248120129,8.66459134593606,10,33,67,0,,
2026-05-16T02:09:11.561645,noisy,naive,{'bins': 10},29,2,2,ok,58,87,0.0074422359466552734,5.662012244574726,5.673831719905138,10,15,32,0,,
2026-05-16T02:09:14.709841,noisy,naive,{'bins': 10},29,3,2,ok,87,116,0.006911548785865307,3.106575855985284,3.1175544429570436,10,15,29,0,,
2026-05-16T02:09:22.659984,noisy,naive,{'bins': 10},29,4,2,ok,116,145,0.007082811556756496,7.898153253830969,7.909641028381884,10,32,61,0,,
2026-05-16T02:09:29.045825,noisy,naive,{'bins': 10},30,0,2,ok,0,30,0.007245807908475399,6.28207210637629,6.2938678581267595,10,13,32,0,,
2026-05-16T02:09:37.317309,noisy,naive,{'bins': 10},30,1,2,ok,30,60,0.007210300303995609,8.214718748815358,8.226501584984362,10,14,33,0,,
2026-05-16T02:09:42.876814,noisy,naive,{'bins': 10},30,2,2,ok,60,90,0.007120502181351185,5.511535892263055,5.523042231798172,10,9,26,0,,
2026-05-16T02:09:46.327053,noisy,naive,{'bins': 10},30,3,2,ok,90,120,0.006963698193430901,3.40413049608469,3.415287016890943,10,15,29,0,,
2026-05-16T02:09:55.042328,noisy,naive,{'bins': 10},30,4,2,ok,120,150,0.05323390942066908,8.61114912852645,8.669630212709308,10,25,52,0,,
2026-05-16T02:10:00.860563,noisy,naive,{'bins': 10},31,0,2,ok,0,31,0.007430373691022396,5.709700655192137,5.72173932287842,10,17,35,0,,
2026-05-16T02:10:08.069782,noisy,naive,{'bins': 10},31,1,2,ok,31,62,0.007247059606015682,7.158287977799773,7.170236987993121,10,14,32,0,,
2026-05-16T02:10:13.774196,noisy,naive,{'bins': 10},31,2,2,ok,62,93,0.007481600157916546,5.6506412690505385,5.662802075967193,10,11,28,0,,
2026-05-16T02:10:17.285930,noisy,naive,{'bins': 10},31,3,2,ok,93,124,0.007463405840098858,3.4678698452189565,3.479711351916194,10,17,31,0,,
2026-05-16T02:10:23.333346,noisy,naive,{'bins': 10},31,4,2,ok,124,155,0.007425195537507534,5.999468517489731,6.011454016901553,10,14,35,0,,
2026-05-16T02:10:29.382467,noisy,naive,{'bins': 10},32,0,2,ok,0,32,0.0077514974400401115,5.931918449699879,5.944372948259115,10,17,35,0,,
2026-05-16T02:10:37.020792,noisy,naive,{'bins': 10},32,1,2,ok,32,64,0.007600734010338783,7.590211568400264,7.602560920640826,10,21,44,0,,
2026-05-16T02:10:43.165479,noisy,naive,{'bins': 10},32,2,2,ok,64,96,0.0076259104534983635,6.088093785569072,6.100517676211894,10,18,39,0,,
2026-05-16T02:10:48.980632,noisy,naive,{'bins': 10},32,3,2,ok,96,128,0.007511225529015064,5.760765875689685,5.773073849268258,10,14,29,0,,
2026-05-16T02:10:55.405250,noisy,naive,{'bins': 10},32,4,2,ok,128,160,0.007738322019577026,6.366641500033438,6.379089126363397,10,10,25,0,,
2026-05-16T02:11:01.894105,noisy,naive,{'bins': 10},33,0,2,ok,0,33,0.00787447951734066,6.372643087990582,6.38546037953347,10,24,45,0,,
2026-05-16T02:11:09.950750,noisy,naive,{'bins': 10},33,1,2,ok,33,66,0.0077636707574129105,8.000740021467209,8.013472613878548,10,23,44,0,,
2026-05-16T02:11:16.246468,noisy,naive,{'bins': 10},33,2,2,ok,66,99,0.007943226955831051,6.240582761354744,6.253347211517394,10,14,32,0,,
2026-05-16T02:11:22.354037,noisy,naive,{'bins': 10},33,3,2,ok,99,132,0.00790086854249239,6.049769620411098,6.062501350417733,10,15,30,0,,
2026-05-16T02:11:29.759559,noisy,naive,{'bins': 10},33,4,2,ok,132,165,0.008075134828686714,7.352082138881087,7.364998696371913,10,13,29,0,,
2026-05-16T02:11:36.445416,noisy,naive,{'bins': 10},34,0,2,ok,0,34,0.008073202334344387,6.573189959861338,6.586360594257712,10,24,45,0,,
2026-05-16T02:11:45.618222,noisy,naive,{'bins': 10},34,1,2,ok,34,68,0.008213965222239494,9.116275832057,9.129533738829195,10,17,41,0,,
2026-05-16T02:11:52.279964,noisy,naive,{'bins': 10},34,2,2,ok,68,102,0.008100953884422779,6.604332794435322,6.617394614033401,10,23,44,0,,
2026-05-16T02:11:58.203788,noisy,naive,{'bins': 10},34,3,2,ok,102,136,0.008066568523645401,5.844961549155414,5.858038026839495,10,13,28,0,,
2026-05-16T02:12:06.083247,noisy,naive,{'bins': 10},34,4,2,ok,136,170,0.008270472288131714,7.821786127984524,7.835098959505558,10,13,31,0,,
2026-05-16T02:12:13.186108,noisy,naive,{'bins': 10},35,0,2,ok,0,35,0.008733341470360756,6.986945365555584,7.00088029447943,10,24,45,0,,
2026-05-16T02:12:22.579988,noisy,naive,{'bins': 10},35,1,2,ok,35,70,0.00843304768204689,9.337919094599783,9.351631405763328,10,25,51,0,,
2026-05-16T02:12:26.576672,noisy,naive,{'bins': 10},35,2,2,ok,70,105,0.008358176797628403,3.9523341711610556,3.9655588772147894,10,14,31,0,,
2026-05-16T02:12:42.587239,noisy,naive,{'bins': 10},35,3,2,ok,105,140,0.008378153666853905,15.925112007185817,15.939148096367717,10,40,84,0,,
2026-05-16T02:12:50.981393,noisy,naive,{'bins': 10},35,4,2,ok,140,175,0.008493470028042793,8.338712859898806,8.352328039705753,10,21,46,0,,
2026-05-16T02:12:58.557554,noisy,naive,{'bins': 10},36,0,2,ok,0,36,0.008616120554506779,7.460517561994493,7.474447571672499,10,24,45,0,,
2026-05-16T02:13:08.366470,noisy,naive,{'bins': 10},36,1,2,ok,36,72,0.008405224420130253,9.745465086773038,9.75936988927424,10,29,54,0,,
2026-05-16T02:13:12.706498,noisy,naive,{'bins': 10},36,2,2,ok,72,108,0.008650565519928932,4.294568885117769,4.308214101009071,10,17,37,0,,
2026-05-16T02:13:24.485699,noisy,naive,{'bins': 10},36,3,2,ok,108,144,0.008551550097763538,11.710582189261913,11.72463259473443,10,17,45,0,,
2026-05-16T02:13:33.383556,noisy,naive,{'bins': 10},36,4,2,ok,144,180,0.008736217394471169,8.836563160642982,8.850590383633971,10,27,52,0,,
2026-05-16T02:13:41.609532,noisy,naive,{'bins': 10},37,0,2,ok,0,37,0.008850451558828354,8.111692668870091,8.12595709785819,10,18,40,0,,
2026-05-16T02:13:51.875339,noisy,naive,{'bins': 10},37,1,2,ok,37,74,0.008866420947015285,10.1978764180094,10.2123444378376,10,11,29,0,,
2026-05-16T02:13:56.551817,noisy,naive,{'bins': 10},37,2,2,ok,74,111,0.0085818562656641,4.629095978103578,4.642823657952249,10,17,37,0,,
2026-05-16T02:14:08.801727,noisy,naive,{'bins': 10},37,3,2,ok,111,148,0.00873896200209856,12.171562971547246,12.186064614914358,10,16,41,0,,
2026-05-16T02:14:17.460893,noisy,naive,{'bins': 10},37,4,2,ok,148,185,0.008955276571214199,8.597946581430733,8.612380017526448,10,20,41,0,,
2026-05-16T02:14:26.054394,noisy,naive,{'bins': 10},38,0,2,ok,0,38,0.009095090441405773,8.478575238026679,8.493270425125957,10,18,40,0,,
2026-05-16T02:14:36.577567,noisy,naive,{'bins': 10},38,1,2,ok,38,76,0.009096051566302776,10.45211945939809,10.466956512071192,10,30,54,0,,
2026-05-16T02:14:41.632087,noisy,naive,{'bins': 10},38,2,2,ok,76,114,0.009058262221515179,4.99667327478528,5.011032502166927,10,13,31,0,,
2026-05-16T02:14:50.153174,noisy,naive,{'bins': 10},38,3,2,ok,114,152,0.009070112369954586,8.444857232272625,8.459524245932698,10,16,37,0,,
2026-05-16T02:14:58.492539,noisy,naive,{'bins': 10},38,4,2,ok,152,190,0.009014468640089035,8.276410683058202,8.291057620197535,10,15,32,0,,
2026-05-16T02:15:07.490086,noisy,naive,{'bins': 10},39,0,2,ok,0,39,0.05524566117674112,8.82914932910353,8.89070100337267,10,24,46,0,,
2026-05-16T02:15:17.913602,noisy,naive,{'bins': 10},39,1,2,ok,39,78,0.0716179795563221,10.289446026086807,10.36732001323253,10,20,51,0,,
2026-05-16T02:15:22.990450,noisy,naive,{'bins': 10},39,2,2,ok,78,117,0.009412577375769615,5.012849400751293,5.027709838934243,10,16,35,0,,
2026-05-16T02:15:31.552565,noisy,naive,{'bins': 10},39,3,2,ok,117,156,0.009264908730983734,8.493191077373922,8.508145160973072,10,22,42,0,,
2026-05-16T02:15:40.342897,noisy,naive,{'bins': 10},39,4,2,ok,156,195,0.009541689418256283,8.721543868072331,8.736804687418044,10,10,25,0,,
2026-05-16T02:15:49.796167,noisy,naive,{'bins': 10},40,0,2,ok,0,40,0.009475745260715485,9.329605858772993,9.344938853755593,10,24,46,0,,
2026-05-16T02:15:59.436466,noisy,naive,{'bins': 10},40,1,2,ok,40,80,0.009424570016562939,9.57359912712127,9.58890323806554,10,22,44,0,,
2026-05-16T02:16:05.305542,noisy,naive,{'bins': 10},40,2,2,ok,80,120,0.009362511336803436,5.807920961640775,5.822898399084806,10,15,30,0,,
2026-05-16T02:16:14.636612,noisy,naive,{'bins': 10},40,3,2,ok,120,160,0.010091141797602177,9.263206080533564,9.279329218901694,10,20,42,0,,
2026-05-16T02:16:23.633191,noisy,naive,{'bins': 10},40,4,2,ok,160,200,0.009670400992035866,8.932071870192885,8.947564456611872,10,31,54,0,,
2026-05-16T02:16:33.567191,noisy,naive,{'bins': 10},41,0,2,ok,0,41,0.0557643361389637,9.760760054923594,9.823006814345717,10,24,46,0,,
2026-05-16T02:16:43.617021,noisy,naive,{'bins': 10},41,1,2,ok,41,82,0.009765168651938438,9.979040057398379,9.994753376580775,10,32,56,0,,
2026-05-16T02:16:49.423372,noisy,naive,{'bins': 10},41,2,2,ok,82,123,0.009733389131724834,5.742177410051227,5.757573103532195,10,15,29,0,,
2026-05-16T02:16:59.703636,noisy,naive,{'bins': 10},41,3,2,ok,123,164,0.009684586897492409,10.207797535695136,10.223496368154883,10,24,48,0,,
2026-05-16T02:17:09.906765,noisy,naive,{'bins': 10},41,4,2,ok,164,205,0.009841281920671463,10.137122735381126,10.1529351612553,10,20,45,0,,
2026-05-16T02:17:20.190130,noisy,naive,{'bins': 10},42,0,2,ok,0,42,0.010043932124972343,10.155805729329586,10.171905975788832,10,24,46,0,,
2026-05-16T02:17:30.736596,noisy,naive,{'bins': 10},42,1,2,ok,42,84,0.010084809735417366,10.471080223098397,10.487236605025828,10,17,37,0,,
2026-05-16T02:17:36.703317,noisy,naive,{'bins': 10},42,2,2,ok,84,126,0.010000001639127731,5.903783158399165,5.91969080362469,10,17,31,0,,
2026-05-16T02:17:47.774242,noisy,naive,{'bins': 10},42,3,2,ok,126,168,0.010223601013422012,11.001276206225157,11.017678831703961,10,24,50,0,,
2026-05-16T02:17:57.800359,noisy,naive,{'bins': 10},42,4,2,ok,168,210,0.01015150360763073,9.94842517003417,9.964671541005373,10,15,34,0,,
2026-05-16T02:18:08.503994,noisy,naive,{'bins': 10},43,0,2,ok,0,43,0.010143209248781204,10.573570251464844,10.590091198682785,10,25,48,0,,
2026-05-16T02:18:19.457362,noisy,naive,{'bins': 10},43,1,2,ok,43,86,0.010825971141457558,10.875513131730258,10.892785228788853,10,16,36,0,,
2026-05-16T02:18:25.371656,noisy,naive,{'bins': 10},43,2,2,ok,86,129,0.010242956690490246,5.849134916439652,5.865466326475143,10,18,34,0,,
2026-05-16T02:18:37.112953,noisy,naive,{'bins': 10},43,3,2,ok,129,172,0.010256070643663406,11.61892946716398,11.682789668440819,10,13,32,0,,
2026-05-16T02:18:51.800048,noisy,naive,{'bins': 10},43,4,2,ok,172,215,0.010401585139334202,14.567863438278437,14.584745063446462,10,28,59,0,,
2026-05-16T02:19:02.988315,noisy,naive,{'bins': 10},44,0,2,ok,0,44,0.010542348958551884,11.056586295366287,11.073438484221697,10,25,48,0,,
2026-05-16T02:19:14.199339,noisy,naive,{'bins': 10},44,1,2,ok,44,88,0.010338665917515755,11.132070087827742,11.14895290415734,10,16,36,0,,
2026-05-16T02:19:20.891466,noisy,naive,{'bins': 10},44,2,2,ok,88,132,0.010583736933767796,6.612513521686196,6.629314304329455,10,12,25,0,,
2026-05-16T02:19:33.325837,noisy,naive,{'bins': 10},44,3,2,ok,132,176,0.010577314533293247,12.360160063952208,12.377171131782234,10,14,33,0,,
2026-05-16T02:19:49.269036,noisy,naive,{'bins': 10},44,4,2,ok,176,220,0.010800163261592388,15.82729544583708,15.844810619950294,10,24,52,0,,
2026-05-16T02:20:00.874293,noisy,naive,{'bins': 10},45,0,2,ok,0,45,0.011029403656721115,11.469118949957192,11.486963312141597,10,25,48,0,,
2026-05-16T02:20:12.215839,noisy,naive,{'bins': 10},45,1,2,ok,45,90,0.010809219442307949,11.25148010533303,11.26895744819194,10,17,37,0,,
2026-05-16T02:20:19.516747,noisy,naive,{'bins': 10},45,2,2,ok,90,135,0.057863449677824974,7.173131498508155,7.2381049413233995,10,17,33,0,,
2026-05-16T02:20:32.534162,noisy,naive,{'bins': 10},45,3,2,ok,135,180,0.010711085982620716,12.939251461997628,12.95659192930907,10,22,45,0,,
2026-05-16T02:20:47.185795,noisy,naive,{'bins': 10},45,4,2,ok,180,225,0.01080366037786007,14.547808238305151,14.565371843986213,10,22,49,0,,
2026-05-16T02:20:59.079867,noisy,naive,{'bins': 10},46,0,2,ok,0,46,0.011084657162427902,11.7582777896896,11.776177195832133,10,24,47,0,,
2026-05-16T02:21:10.816716,noisy,naive,{'bins': 10},46,1,2,ok,46,92,0.010809220373630524,11.649173048324883,11.666586401872337,10,17,37,0,,
2026-05-16T02:21:18.132979,noisy,naive,{'bins': 10},46,2,2,ok,92,138,0.011093685403466225,7.234436593949795,7.252006611786783,10,16,33,0,,
2026-05-16T02:21:31.818679,noisy,naive,{'bins': 10},46,3,2,ok,138,184,0.011193501763045788,13.607014392502606,13.625067547895014,10,20,42,0,,
2026-05-16T02:21:46.743039,noisy,naive,{'bins': 10},46,4,2,ok,184,230,0.011086871847510338,14.82455464079976,14.842520020902157,10,33,63,0,,
2026-05-16T02:21:59.089239,noisy,naive,{'bins': 10},47,0,2,ok,0,47,0.011126316152513027,12.204558103345335,12.222473910078406,10,18,39,0,,
2026-05-16T02:22:11.481144,noisy,naive,{'bins': 10},47,1,2,ok,47,94,0.011151553131639957,12.298851047642529,12.316803933121264,10,28,54,0,,
2026-05-16T02:22:19.485293,noisy,naive,{'bins': 10},47,2,2,ok,94,141,0.011171120218932629,7.902989528141916,7.920910865068436,10,16,31,0,,
2026-05-16T02:22:33.099295,noisy,naive,{'bins': 10},47,3,2,ok,141,188,0.011253315024077892,13.524263207800686,13.542418624274433,10,23,46,0,,
2026-05-16T02:22:43.994726,noisy,naive,{'bins': 10},47,4,2,ok,188,235,0.01131349802017212,10.812152035534382,10.83045816514641,10,22,42,0,,
2026-05-16T02:22:56.887299,noisy,naive,{'bins': 10},48,0,2,ok,0,48,0.011396865360438824,12.747848710976541,12.766279807314277,10,18,39,0,,
2026-05-16T02:23:09.174896,noisy,naive,{'bins': 10},48,1,2,ok,48,96,0.011375755071640015,12.192781444638968,12.211195497773588,10,22,45,0,,
2026-05-16T02:23:21.039664,noisy,naive,{'bins': 10},48,2,2,ok,96,144,0.011476363986730576,11.777442276477814,11.795974341221154,10,22,43,0,,
2026-05-16T02:23:34.256020,noisy,naive,{'bins': 10},48,3,2,ok,144,192,0.011353823356330395,13.118366382084787,13.136847510933876,10,9,24,0,,
2026-05-16T02:23:45.933983,noisy,naive,{'bins': 10},48,4,2,ok,192,240,0.011547286994755268,11.591159196570516,11.609732679091394,10,15,33,0,,
2026-05-16T02:23:59.361743,noisy,naive,{'bins': 10},49,0,2,ok,0,49,0.011614744551479816,13.28281141538173,13.30165272206068,10,18,39,0,,
2026-05-16T02:24:12.103528,noisy,naive,{'bins': 10},49,1,2,ok,49,98,0.011713359504938126,12.654846017248929,12.673670682124794,10,18,41,0,,
2026-05-16T02:24:23.569696,noisy,naive,{'bins': 10},49,2,2,ok,98,147,0.01177948247641325,11.373283363878727,11.392125882208347,10,15,31,0,,
2026-05-16T02:24:37.374232,noisy,naive,{'bins': 10},49,3,2,ok,147,196,0.011890673078596592,13.70815359055996,13.727232793346047,10,19,39,0,,
2026-05-16T02:24:50.215134,noisy,naive,{'bins': 10},49,4,2,ok,196,245,0.011745800264179707,12.729037933051586,12.747942025773227,10,15,34,0,,
2026-05-16T02:25:03.971677,noisy,naive,{'bins': 10},50,0,2,ok,0,50,0.011876555159687996,13.605867123231292,13.624945374205709,10,18,39,0,,
2026-05-16T02:25:17.392869,noisy,naive,{'bins': 10},50,1,2,ok,50,100,0.012515876442193985,13.328361737541854,13.348394552245736,10,18,45,0,,
2026-05-16T02:25:29.240224,noisy,naive,{'bins': 10},50,2,2,ok,100,150,0.011930926702916622,11.73757908679545,11.756776170805097,10,15,32,0,,
2026-05-16T02:25:43.343215,noisy,naive,{'bins': 10},50,3,2,ok,150,200,0.012002422474324703,14.00589368864894,14.02534515131265,10,16,33,0,,
2026-05-16T02:25:56.320550,noisy,naive,{'bins': 10},50,4,2,ok,200,250,0.012133268639445305,12.88019727729261,12.89960976690054,10,20,39,0,,
2026-05-16T02:26:10.488087,noisy,naive,{'bins': 10},51,0,2,ok,0,51,0.012276015244424343,14.016135515645146,14.03576975967735,10,18,39,0,,
2026-05-16T02:26:24.493959,noisy,naive,{'bins': 10},51,1,2,ok,51,102,0.012179835699498653,13.919162668287754,13.938871312886477,10,19,44,0,,
2026-05-16T02:26:33.959468,noisy,naive,{'bins': 10},51,2,2,ok,102,153,0.012193270958960056,9.371775826439261,9.391314531676471,10,19,38,0,,
2026-05-16T02:26:47.515482,noisy,naive,{'bins': 10},51,3,2,ok,153,204,0.012156090699136257,13.46624244004488,13.485986101441085,10,13,29,0,,
2026-05-16T02:27:01.263090,noisy,naive,{'bins': 10},51,4,2,ok,204,255,0.01222788542509079,13.623620963655412,13.64324898738414,10,22,42,0,,
2026-05-16T02:27:16.126527,noisy,naive,{'bins': 10},52,0,2,ok,0,52,0.012632695958018303,14.710144527256489,14.730278611183167,10,16,38,0,,
2026-05-16T02:27:24.597337,noisy,naive,{'bins': 10},52,1,2,ok,52,104,0.012351538054645061,8.39641117490828,8.415868096984923,10,18,36,0,,
2026-05-16T02:27:38.802108,noisy,naive,{'bins': 10},52,2,2,ok,104,156,0.012465852312743664,14.097148734144866,14.117172582075,10,15,35,0,,
2026-05-16T02:27:53.740901,noisy,naive,{'bins': 10},52,3,2,ok,156,208,0.01241197157651186,14.82636396586895,14.84639442525804,10,23,45,0,,
2026-05-16T02:28:07.860820,noisy,naive,{'bins': 10},52,4,2,ok,208,260,0.012520826421678066,14.009519518353045,14.02960354834795,10,21,42,0,,
2026-05-16T02:28:23.178167,noisy,naive,{'bins': 10},53,0,2,ok,0,53,0.01308333221822977,15.158617526292801,15.179459781385958,10,16,38,0,,
2026-05-16T02:28:31.786335,noisy,naive,{'bins': 10},53,1,2,ok,53,106,0.012597690336406231,8.53126222640276,8.551153345033526,10,18,36,0,,
2026-05-16T02:28:46.637952,noisy,naive,{'bins': 10},53,2,2,ok,106,159,0.012657332234084606,14.75094021577388,14.771294794976711,10,18,40,0,,
2026-05-16T02:29:01.963305,noisy,naive,{'bins': 10},53,3,2,ok,159,212,0.012669003568589687,15.201701240614057,15.222023158334196,10,22,46,0,,
2026-05-16T02:29:11.220135,noisy,naive,{'bins': 10},53,4,2,ok,212,265,0.012774943374097347,9.171207853592932,9.19158988352865,10,12,27,0,,
2026-05-16T02:29:26.778533,noisy,naive,{'bins': 10},54,0,2,ok,0,54,0.012920496985316277,15.407855511642992,15.428744044154882,10,19,44,0,,
2026-05-16T02:29:35.864362,noisy,naive,{'bins': 10},54,1,2,ok,54,108,0.012968426570296288,9.004303965717554,9.024690515361726,10,13,29,0,,
2026-05-16T02:29:52.026012,noisy,naive,{'bins': 10},54,2,2,ok,108,162,0.012928330339491367,16.062450462020934,16.083173602819443,10,15,38,0,,
2026-05-16T02:30:07.598874,noisy,naive,{'bins': 10},54,3,2,ok,162,216,0.01324982475489378,15.46127353142947,15.482339857146144,10,24,51,0,,
2026-05-16T02:30:17.477951,noisy,naive,{'bins': 10},54,4,2,ok,216,270,0.013433059677481651,9.794437428936362,9.815380984917283,10,12,28,0,,
2026-05-16T02:30:33.172411,noisy,naive,{'bins': 10},55,0,2,ok,0,55,0.013202516362071037,15.53389775659889,15.555028173141181,10,17,40,0,,
2026-05-16T02:30:42.641876,noisy,naive,{'bins': 10},55,1,2,ok,55,110,0.013258200138807297,9.385637514293194,9.406528180465102,10,13,29,0,,
2026-05-16T02:30:59.322938,noisy,naive,{'bins': 10},55,2,2,ok,110,165,0.013113589026033878,16.579823815263808,16.600938411429524,10,24,50,0,,
2026-05-16T02:31:14.951130,noisy,naive,{'bins': 10},55,3,2,ok,165,220,0.012971197254955769,15.51656144298613,15.537517183460295,10,24,51,0,,
2026-05-16T02:31:25.454487,noisy,naive,{'bins': 10},55,4,2,ok,220,275,0.013337405398488045,10.404003772884607,10.42510692961514,10,17,36,0,,
2026-05-16T02:31:41.745823,noisy,naive,{'bins': 10},56,0,2,ok,0,56,0.013402395881712437,16.12744928058237,16.148937229067087,10,17,40,0,,
2026-05-16T02:31:51.542372,noisy,naive,{'bins': 10},56,1,2,ok,56,112,0.01335155125707388,9.71072836034,9.731701913289726,10,13,29,0,,
2026-05-16T02:32:09.388904,noisy,naive,{'bins': 10},56,2,2,ok,112,168,0.013240132480859756,17.711148261092603,17.732521526515484,10,10,30,0,,
2026-05-16T02:32:25.578162,noisy,naive,{'bins': 10},56,3,2,ok,168,224,0.01383458822965622,16.06392276287079,16.08592310361564,10,13,30,0,,
2026-05-16T02:32:36.672661,noisy,naive,{'bins': 10},56,4,2,ok,224,280,0.05985092744231224,10.942456698976457,11.010929846204817,10,11,29,0,,
2026-05-16T02:32:53.345759,noisy,naive,{'bins': 10},57,0,2,ok,0,57,0.013630264438688755,16.508230418898165,16.530077703297138,10,18,41,0,,
2026-05-16T02:33:03.283323,noisy,naive,{'bins': 10},57,1,2,ok,57,114,0.013562927022576332,9.852014060132205,9.873462405055761,10,16,33,0,,
2026-05-16T02:33:20.948814,noisy,naive,{'bins': 10},57,2,2,ok,114,171,0.013640973716974258,17.553561586886644,17.57555129751563,10,18,42,0,,
2026-05-16T02:33:38.277074,noisy,naive,{'bins': 10},57,3,2,ok,171,228,0.013588394969701767,17.205912264995277,17.227857863530517,10,25,54,0,,
2026-05-16T02:33:49.577365,noisy,naive,{'bins': 10},57,4,2,ok,228,285,0.01367819495499134,11.192747413180768,11.214503777213395,10,12,30,0,,
2026-05-16T02:34:06.823278,noisy,naive,{'bins': 10},58,0,2,ok,0,58,0.013924467377364635,17.07819397188723,17.100640933029354,10,18,41,0,,
2026-05-16T02:34:17.238250,noisy,naive,{'bins': 10},58,1,2,ok,58,116,0.014278111979365349,10.308503210544586,10.330886230804026,10,12,29,0,,
2026-05-16T02:34:35.349720,noisy,naive,{'bins': 10},58,2,2,ok,116,174,0.013798480853438377,18.000902445986867,18.023117581382394,10,18,38,0,,
2026-05-16T02:34:58.930180,noisy,naive,{'bins': 10},58,3,2,ok,174,232,0.013737565837800503,23.46263282839209,23.48518858384341,10,38,78,0,,
2026-05-16T02:35:10.912896,noisy,naive,{'bins': 10},58,4,2,ok,232,290,0.013859715312719345,11.871105145663023,11.89312950335443,10,10,26,0,,
2026-05-16T02:35:28.887854,noisy,naive,{'bins': 10},59,0,2,ok,0,59,0.014619603753089905,17.802964634262025,17.826339037157595,10,18,41,0,,
2026-05-16T02:35:39.409535,noisy,naive,{'bins': 10},59,1,2,ok,59,118,0.014049691148102283,10.419940995052457,10.44212621357292,10,13,30,0,,
2026-05-16T02:35:58.172383,noisy,naive,{'bins': 10},59,2,2,ok,118,177,0.014078045263886452,18.651970874518156,18.674749257974327,10,17,39,0,,
2026-05-16T02:36:15.113243,noisy,naive,{'bins': 10},59,3,2,ok,177,236,0.014018313959240913,16.829872611910105,16.852513356134295,10,12,30,0,,
2026-05-16T02:36:30.557242,noisy,naive,{'bins': 10},59,4,2,ok,236,295,0.014205103740096092,15.301406810991466,15.32412210572511,10,12,30,0,,
2026-05-16T02:36:49.176850,noisy,naive,{'bins': 10},60,0,2,ok,0,60,0.014359603635966778,18.44488689955324,18.467985454015434,10,18,41,0,,
2026-05-16T02:36:59.882227,noisy,naive,{'bins': 10},60,1,2,ok,60,120,0.014218028634786606,10.599515493959188,10.622011807747185,10,13,30,0,,
2026-05-16T02:37:20.062950,noisy,naive,{'bins': 10},60,2,2,ok,120,180,0.014193952083587646,20.071336528286338,20.094315998256207,10,16,39,0,,
2026-05-16T02:37:37.436564,noisy,naive,{'bins': 10},60,3,2,ok,180,240,0.014356068335473537,17.243419418111444,17.26637295167893,10,13,29,0,,
2026-05-16T02:37:53.159542,noisy,naive,{'bins': 10},60,4,2,ok,240,300,0.014248847030103207,15.598360299132764,15.621253869496286,10,16,36,0,,
2026-05-16T02:38:12.804738,noisy,naive,{'bins': 10},61,0,2,ok,0,61,0.0149506451562047,19.454898511990905,19.479290676303208,10,15,37,0,,
2026-05-16T02:38:23.609814,noisy,naive,{'bins': 10},61,1,2,ok,61,122,0.014534121379256248,10.69552986882627,10.718754169531167,10,12,29,0,,
2026-05-16T02:38:44.922881,noisy,naive,{'bins': 10},61,2,2,ok,122,183,0.01452978327870369,21.1961836759001,21.21965250559151,10,35,67,0,,
2026-05-16T02:39:02.188165,noisy,naive,{'bins': 10},61,3,2,ok,183,244,0.014470363035798073,17.154836704023182,17.178027140907943,10,18,36,0,,
2026-05-16T02:39:18.074919,noisy,naive,{'bins': 10},61,4,2,ok,244,305,0.014445246197283268,15.763190159574151,15.78642167430371,10,16,38,0,,
2026-05-16T02:39:38.378031,noisy,naive,{'bins': 10},62,0,2,ok,0,62,0.014741402119398117,20.1105600586161,20.13461665250361,10,15,37,0,,
2026-05-16T02:39:49.440141,noisy,naive,{'bins': 10},62,1,2,ok,62,124,0.06413523480296135,10.898280390538275,10.971501306630671,10,12,29,0,,
2026-05-16T02:40:11.100112,noisy,naive,{'bins': 10},62,2,2,ok,124,186,0.014943680725991726,21.53342500515282,21.55759832728654,10,16,38,0,,
2026-05-16T02:40:30.016189,noisy,naive,{'bins': 10},62,3,2,ok,186,248,0.015321853570640087,18.752988694235682,18.777510943822563,10,12,29,0,,
2026-05-16T02:40:45.620110,noisy,naive,{'bins': 10},62,4,2,ok,248,310,0.014740180224180222,15.477588087320328,15.501327776350081,10,22,45,0,,
2026-05-16T02:41:06.672748,noisy,naive,{'bins': 10},63,0,2,ok,0,63,0.015122887678444386,20.867613160051405,20.89175044745207,10,19,42,0,,
2026-05-16T02:41:18.206845,noisy,naive,{'bins': 10},63,1,2,ok,63,126,0.015605254098773003,11.398314821533859,11.422894137911499,10,15,33,0,,
2026-05-16T02:41:40.738085,noisy,naive,{'bins': 10},63,2,2,ok,126,189,0.01494356244802475,22.389374473132193,22.413452808745205,10,17,39,0,,
2026-05-16T02:42:00.642029,noisy,naive,{'bins': 10},63,3,2,ok,189,252,0.015014884993433952,19.756521030329168,19.780691659078002,10,22,43,0,,
2026-05-16T02:42:12.596981,noisy,naive,{'bins': 10},63,4,2,ok,252,315,0.015051123686134815,11.848688230849802,11.872437528334558,10,12,29,0,,
2026-05-16T02:42:34.008753,noisy,naive,{'bins': 10},64,0,2,ok,0,64,0.015268522314727306,21.222227772697806,21.246808792464435,10,19,42,0,,
2026-05-16T02:42:45.744527,noisy,naive,{'bins': 10},64,1,2,ok,64,128,0.01504167728126049,11.59606519434601,11.62001944705844,10,15,33,0,,
2026-05-16T02:43:08.347507,noisy,naive,{'bins': 10},64,2,2,ok,128,192,0.015392354689538479,22.474025018513203,22.498779614455998,10,19,39,0,,
2026-05-16T02:43:28.642527,noisy,naive,{'bins': 10},64,3,2,ok,192,256,0.015834135003387928,20.16109816264361,20.186524329707026,10,23,45,0,,
2026-05-16T02:43:40.643818,noisy,naive,{'bins': 10},64,4,2,ok,256,320,0.015309419482946396,11.893940477631986,11.918190356343985,10,17,37,0,,
2026-05-16T02:44:02.739467,noisy,naive,{'bins': 10},65,0,2,ok,0,65,0.015446707606315613,21.900621926411986,21.925488553009927,10,19,43,0,,
2026-05-16T02:44:14.804008,noisy,naive,{'bins': 10},65,1,2,ok,65,130,0.015308466739952564,11.934902192093432,11.95942669454962,10,13,31,0,,
2026-05-16T02:44:38.957131,noisy,naive,{'bins': 10},65,2,2,ok,130,195,0.015460241585969925,24.018303752876818,24.043341720476747,10,19,42,0,,
2026-05-16T02:45:00.001086,noisy,naive,{'bins': 10},65,3,2,ok,195,260,0.015518231317400932,20.890659800730646,20.915697718039155,10,15,33,0,,
2026-05-16T02:45:12.073439,noisy,naive,{'bins': 10},65,4,2,ok,260,325,0.015450473874807358,11.968425483442843,11.99286053981632,10,12,29,0,,
2026-05-16T02:45:34.470276,noisy,naive,{'bins': 10},66,0,2,ok,0,66,0.016299539245665073,22.193340227007866,22.219453644938767,10,19,43,0,,
2026-05-16T02:45:46.594817,noisy,naive,{'bins': 10},66,1,2,ok,66,132,0.01573334541171789,11.99958610162139,12.02455195505172,10,16,34,0,,
2026-05-16T02:46:11.355414,noisy,naive,{'bins': 10},66,2,2,ok,132,198,0.015776135958731174,24.626568869687617,24.652009855024517,10,19,42,0,,
2026-05-16T02:46:32.519028,noisy,naive,{'bins': 10},66,3,2,ok,198,264,0.015838362276554108,21.016535906121135,21.041938018985093,10,22,44,0,,
2026-05-16T02:46:44.854932,noisy,naive,{'bins': 10},66,4,2,ok,264,330,0.01569945178925991,12.225797791033983,12.250543049536645,10,12,29,0,,
2026-05-16T02:47:07.846065,noisy,naive,{'bins': 10},67,0,2,ok,0,67,0.0159628763794899,22.787696135230362,22.81346698012203,10,19,43,0,,
2026-05-16T02:47:20.074011,noisy,naive,{'bins': 10},67,1,2,ok,67,134,0.015912973321974277,12.10563134495169,12.131024070084095,10,12,28,0,,
2026-05-16T02:47:44.669231,noisy,naive,{'bins': 10},67,2,2,ok,134,201,0.015864592045545578,24.463186152279377,24.48885302245617,10,17,39,0,,
2026-05-16T02:47:59.728072,noisy,naive,{'bins': 10},67,3,2,ok,201,268,0.016055339947342873,14.92677389178425,14.952266493812203,10,13,31,0,,
2026-05-16T02:48:12.009883,noisy,naive,{'bins': 10},67,4,2,ok,268,335,0.01587704662233591,12.168928629718721,12.194033345207572,10,11,28,0,,
2026-05-16T02:48:35.780115,noisy,naive,{'bins': 10},68,0,2,ok,0,68,0.016213437542319298,23.564340605400503,23.590457510203123,10,19,43,0,,
2026-05-16T02:48:48.427014,noisy,naive,{'bins': 10},68,1,2,ok,68,136,0.016384027898311615,12.497067438438535,12.523053406737745,10,15,33,0,,
2026-05-16T02:49:13.710297,noisy,naive,{'bins': 10},68,2,2,ok,136,204,0.016262809745967388,25.14781599212438,25.17400054447353,10,20,41,0,,
2026-05-16T02:49:28.737467,noisy,naive,{'bins': 10},68,3,2,ok,204,272,0.07889391575008631,14.830345941707492,14.919563483446836,10,17,36,0,,
2026-05-16T02:49:41.341384,noisy,naive,{'bins': 10},68,4,2,ok,272,340,0.016375812701880932,12.490601634606719,12.516532260924578,10,14,32,0,,
2026-05-16T02:50:05.254740,noisy,naive,{'bins': 10},69,0,2,ok,0,69,0.01642074715346098,23.702739843167365,23.729317382909358,10,19,43,0,,
2026-05-16T02:50:18.098116,noisy,naive,{'bins': 10},69,1,2,ok,69,138,0.016935092397034168,12.712349644862115,12.739057119004428,10,12,28,0,,
2026-05-16T02:50:44.589785,noisy,naive,{'bins': 10},69,2,2,ok,138,207,0.01644530240446329,26.34927837178111,26.375823952257633,10,20,46,0,,
2026-05-16T02:50:59.695055,noisy,naive,{'bins': 10},69,3,2,ok,207,276,0.01634411420673132,14.948179895989597,14.974335924722254,10,15,33,0,,
2026-05-16T02:51:13.505369,noisy,naive,{'bins': 10},69,4,2,ok,276,345,0.016446365043520927,13.690052556805313,13.716074975207448,10,20,42,0,,
2026-05-16T02:51:37.813156,noisy,naive,{'bins': 10},70,0,2,ok,0,70,0.01659235917031765,24.092585483565927,24.11932059004903,10,19,43,0,,
2026-05-16T02:51:50.974955,noisy,naive,{'bins': 10},70,1,2,ok,70,140,0.016549117863178253,13.02902081888169,13.055431245826185,10,13,30,0,,
2026-05-16T02:52:16.787410,noisy,naive,{'bins': 10},70,2,2,ok,140,210,0.016632995568215847,25.648806704208255,25.67583041265607,10,26,50,0,,
2026-05-16T02:52:32.669950,noisy,naive,{'bins': 10},70,3,2,ok,210,280,0.016725659370422363,15.742253623902798,15.76893383730203,10,13,31,0,,
2026-05-16T02:52:46.559760,noisy,naive,{'bins': 10},70,4,2,ok,280,350,0.016620351932942867,13.7549305325374,13.78129970189184,10,9,26,0,,
2026-05-16T02:53:11.234884,noisy,naive,{'bins': 10},71,0,2,ok,0,71,0.016946914605796337,24.457827526144683,24.48526807781309,10,19,43,0,,
2026-05-16T02:53:24.922508,noisy,naive,{'bins': 10},71,1,2,ok,71,142,0.016926636919379234,13.547477127984166,13.574440963566303,10,9,26,0,,
2026-05-16T02:53:51.952873,noisy,naive,{'bins': 10},71,2,2,ok,142,213,0.017016706988215446,26.8566359532997,26.884091223590076,10,31,55,0,,
2026-05-16T02:54:08.464191,noisy,naive,{'bins': 10},71,3,2,ok,213,284,0.016841036267578602,16.363932353444397,16.390915195457637,10,13,31,0,,
2026-05-16T02:54:23.312901,noisy,naive,{'bins': 10},71,4,2,ok,284,355,0.01697448641061783,14.718292923644185,14.745336519554257,10,18,38,0,,
2026-05-16T02:54:48.682246,noisy,naive,{'bins': 10},72,0,2,ok,0,72,0.017212443985044956,25.147175564430654,25.174983725883067,10,19,43,0,,
2026-05-16T02:55:02.465514,noisy,naive,{'bins': 10},72,1,2,ok,72,144,0.017169984057545662,13.637925735674798,13.6652816189453,10,9,26,0,,
2026-05-16T02:55:29.719294,noisy,naive,{'bins': 10},72,2,2,ok,144,216,0.01747789327055216,27.08991136867553,27.118229468353093,10,31,56,0,,
2026-05-16T02:55:46.441990,noisy,naive,{'bins': 10},72,3,2,ok,216,288,0.017175113782286644,16.595090235583484,16.62241886742413,10,16,33,0,,
2026-05-16T02:56:01.711027,noisy,naive,{'bins': 10},72,4,2,ok,288,360,0.017209899611771107,15.110298402607441,15.137568795122206,10,13,31,0,,
2026-05-16T02:56:28.186203,noisy,naive,{'bins': 10},73,0,2,ok,0,73,0.017373577691614628,26.24666530545801,26.274655158631504,10,19,43,0,,
2026-05-16T02:56:43.096086,noisy,naive,{'bins': 10},73,1,2,ok,73,146,0.017278057523071766,14.771458068862557,14.799194105900824,10,12,28,0,,
2026-05-16T02:57:10.470888,noisy,naive,{'bins': 10},73,2,2,ok,146,219,0.01734302006661892,27.20741674490273,27.235525752417743,10,31,56,0,,
2026-05-16T02:57:27.592976,noisy,naive,{'bins': 10},73,3,2,ok,219,292,0.017917439341545105,16.98163649905473,17.009959299117327,10,11,28,0,,
2026-05-16T02:57:43.624226,noisy,naive,{'bins': 10},73,4,2,ok,292,365,0.017330797389149666,15.88715191744268,15.914873708970845,10,14,33,0,,
2026-05-16T02:58:10.303941,noisy,naive,{'bins': 10},74,0,2,ok,0,74,0.01750142779201269,26.450356136076152,26.478609857149422,10,19,43,0,,
2026-05-16T02:58:26.093138,noisy,naive,{'bins': 10},74,1,2,ok,74,148,0.01758870016783476,15.630170468240976,15.658380556851625,10,18,40,0,,
2026-05-16T02:58:54.128478,noisy,naive,{'bins': 10},74,2,2,ok,148,222,0.01754977833479643,27.88337974436581,27.911796720698476,10,15,36,0,,
2026-05-16T02:59:12.221011,noisy,naive,{'bins': 10},74,3,2,ok,222,296,0.01764668058604002,17.947801988571882,17.975957955233753,10,11,28,0,,
2026-05-16T02:59:28.776380,noisy,naive,{'bins': 10},74,4,2,ok,296,370,0.017705552279949188,16.41884002275765,16.446945184841752,10,13,31,0,,
2026-05-16T02:59:56.226123,noisy,naive,{'bins': 10},75,0,2,ok,0,75,0.017915185540914536,27.21483725681901,27.24385087378323,10,19,43,0,,
2026-05-16T03:00:12.642289,noisy,naive,{'bins': 10},75,1,2,ok,75,150,0.017800739966332912,16.251389264129102,16.279837500303984,10,18,40,0,,
2026-05-16T03:00:40.403628,noisy,naive,{'bins': 10},75,2,2,ok,150,225,0.018032575957477093,27.550320399925113,27.579647126607597,10,10,28,0,,
2026-05-16T03:00:58.785246,noisy,naive,{'bins': 10},75,3,2,ok,225,300,0.017708697356283665,18.203483941033483,18.23191997408867,10,14,31,0,,
2026-05-16T03:01:15.885117,noisy,naive,{'bins': 10},75,4,2,ok,300,375,0.017887022346258163,16.950357447378337,16.9788620993495,10,16,39,0,,
2026-05-16T03:01:43.922891,noisy,naive,{'bins': 10},76,0,2,ok,0,76,0.01797882467508316,27.794970310293138,27.824131295084953,10,19,43,0,,
2026-05-16T03:02:00.305271,noisy,naive,{'bins': 10},76,1,2,ok,76,152,0.01799118798226118,16.22773038968444,16.256585360504687,10,13,29,0,,
2026-05-16T03:02:28.415490,noisy,naive,{'bins': 10},76,2,2,ok,152,228,0.06480205152183771,27.86057599913329,27.937695332802832,10,25,50,0,,
2026-05-16T03:02:47.132775,noisy,naive,{'bins': 10},76,3,2,ok,228,304,0.018080364912748337,18.554342541843653,18.58321443479508,10,14,30,0,,
2026-05-16T03:03:05.070030,noisy,naive,{'bins': 10},76,4,2,ok,304,380,0.018164805136621,17.77234946191311,17.80125201214105,10,10,28,0,,
2026-05-16T03:03:34.174458,noisy,naive,{'bins': 10},77,0,2,ok,0,77,0.018728522583842278,28.87105157133192,28.901200662367046,10,20,44,0,,
2026-05-16T03:03:50.722775,noisy,naive,{'bins': 10},77,1,2,ok,77,154,0.01837309543043375,16.394616196863353,16.423972127959132,10,13,29,0,,
2026-05-16T03:04:19.429782,noisy,naive,{'bins': 10},77,2,2,ok,154,231,0.018545529805123806,28.49985234811902,28.529945543967187,10,25,50,0,,
2026-05-16T03:04:37.946128,noisy,naive,{'bins': 10},77,3,2,ok,231,308,0.01841121818870306,18.352110851556063,18.381658223457634,10,14,30,0,,
2026-05-16T03:04:56.180758,noisy,naive,{'bins': 10},77,4,2,ok,308,385,0.018307541497051716,18.090602576732635,18.119884699583054,10,15,32,0,,
2026-05-16T03:05:25.718557,noisy,naive,{'bins': 10},78,0,2,ok,0,78,0.01842507440596819,29.309528147801757,29.339499375782907,10,20,46,0,,
2026-05-16T03:05:42.905814,noisy,naive,{'bins': 10},78,1,2,ok,78,156,0.018483273684978485,17.003454302437603,17.03311996627599,10,16,34,0,,
2026-05-16T03:06:14.657004,noisy,naive,{'bins': 10},78,2,2,ok,156,234,0.018766292370855808,31.54684782680124,31.577189879491925,10,15,34,0,,
2026-05-16T03:06:38.691925,noisy,naive,{'bins': 10},78,3,2,ok,234,312,0.018621422350406647,23.884389949031174,23.914424144662917,10,23,48,0,,
2026-05-16T03:06:57.600914,noisy,naive,{'bins': 10},78,4,2,ok,312,390,0.01884766574949026,18.76088195387274,18.790932659991086,10,22,43,0,,
2026-05-16T03:07:26.842891,noisy,naive,{'bins': 10},79,0,2,ok,0,79,0.018856643699109554,28.993639880791306,29.024100557900965,10,15,35,0,,
2026-05-16T03:07:47.614089,noisy,naive,{'bins': 10},79,1,2,ok,79,158,0.018931614235043526,20.596472077071667,20.62693791370839,10,20,39,0,,
2026-05-16T03:08:20.464183,noisy,naive,{'bins': 10},79,2,2,ok,158,237,0.018849559128284454,32.65495944675058,32.685766814276576,10,17,40,0,,
2026-05-16T03:08:37.781933,noisy,naive,{'bins': 10},79,3,2,ok,237,316,0.018802352249622345,17.138376341201365,17.16836334951222,10,19,39,0,,
2026-05-16T03:08:59.919565,noisy,naive,{'bins': 10},79,4,2,ok,316,395,0.018845994025468826,21.954783331602812,21.985083437524736,10,15,33,0,,
2026-05-16T03:09:29.948826,noisy,naive,{'bins': 10},80,0,2,ok,0,80,0.019065437838435173,29.778827527537942,29.809668990783393,10,15,35,0,,
2026-05-16T03:09:51.164762,noisy,naive,{'bins': 10},80,1,2,ok,80,160,0.019195700995624065,21.029486884362996,21.060327314771712,10,12,29,0,,
2026-05-16T03:10:23.083771,noisy,naive,{'bins': 10},80,2,2,ok,160,240,0.019144323654472828,31.71976014971733,31.750815523788333,10,11,30,0,,
2026-05-16T03:10:40.457368,noisy,naive,{'bins': 10},80,3,2,ok,240,320,0.019093187525868416,17.217489700764418,17.24793392699212,10,17,38,0,,
2026-05-16T03:11:02.747549,noisy,naive,{'bins': 10},80,4,2,ok,320,400,0.019016293808817863,22.115602869540453,22.14608469605446,10,19,43,0,,
2026-05-16T03:11:33.293805,noisy,naive,{'bins': 10},81,0,2,ok,0,81,0.019270810298621655,30.289590921252966,30.320713290013373,10,15,35,0,,
2026-05-16T03:11:54.313932,noisy,naive,{'bins': 10},81,1,2,ok,81,162,0.019360611215233803,20.832447954453528,20.863592536188662,10,12,29,0,,
2026-05-16T03:12:26.991192,noisy,naive,{'bins': 10},81,2,2,ok,162,243,0.019233141094446182,32.47510813176632,32.506385853514075,10,11,30,0,,
2026-05-16T03:12:45.707809,noisy,naive,{'bins': 10},81,3,2,ok,243,324,0.01924704760313034,18.554237028583884,18.58505623973906,10,17,38,0,,
2026-05-16T03:13:09.310577,noisy,naive,{'bins': 10},81,4,2,ok,324,405,0.06622244138270617,23.373321255668998,23.451593066565692,10,31,58,0,,
2026-05-16T03:13:40.587959,noisy,naive,{'bins': 10},82,0,2,ok,0,82,0.02007365971803665,31.013640421442688,31.045913483947515,10,15,35,0,,
2026-05-16T03:14:01.386109,noisy,naive,{'bins': 10},82,1,2,ok,82,164,0.019560225307941437,20.599394761025906,20.63088891003281,10,13,28,0,,
2026-05-16T03:14:35.142070,noisy,naive,{'bins': 10},82,2,2,ok,164,246,0.01944375690072775,33.54381171707064,33.575664008036256,10,11,30,0,,
2026-05-16T03:14:53.621807,noisy,naive,{'bins': 10},82,3,2,ok,246,328,0.01951693557202816,18.300451535731554,18.331618269905448,10,18,38,0,,
2026-05-16T03:15:20.780215,noisy,naive,{'bins': 10},82,4,2,ok,328,410,0.019565686583518982,26.973018943332136,27.004905689507723,10,27,54,0,,
2026-05-16T03:15:53.101988,noisy,naive,{'bins': 10},83,0,2,ok,0,83,0.019877771846950054,32.05361761432141,32.08597280085087,10,15,35,0,,
2026-05-16T03:16:13.986297,noisy,naive,{'bins': 10},83,1,2,ok,83,166,0.019740385003387928,20.712701845914125,20.744468136690557,10,18,37,0,,
2026-05-16T03:16:46.598412,noisy,naive,{'bins': 10},83,2,2,ok,166,249,0.06665281020104885,32.38411966525018,32.463953480124474,10,23,50,0,,
2026-05-16T03:17:05.455879,noisy,naive,{'bins': 10},83,3,2,ok,249,332,0.019731727428734303,18.704460060223937,18.736176847480237,10,16,35,0,,
2026-05-16T03:17:33.363048,noisy,naive,{'bins': 10},83,4,2,ok,332,415,0.020510892383754253,27.673516880720854,27.7065487280488,10,18,40,0,,
2026-05-16T03:18:06.341251,noisy,naive,{'bins': 10},84,0,2,ok,0,84,0.019949957728385925,32.66321304719895,32.695535141043365,10,11,28,0,,
2026-05-16T03:18:27.401975,noisy,naive,{'bins': 10},84,1,2,ok,84,168,0.020679146982729435,20.88588900770992,20.91877351794392,10,18,37,0,,
2026-05-16T03:19:00.993127,noisy,naive,{'bins': 10},84,2,2,ok,168,252,0.02011227421462536,33.35878684464842,33.39149541594088,10,15,38,0,,
2026-05-16T03:19:20.242777,noisy,naive,{'bins': 10},84,3,2,ok,252,336,0.020177334547042847,19.09446265734732,19.126731982454658,10,13,31,0,,
2026-05-16T03:19:47.936194,noisy,naive,{'bins': 10},84,4,2,ok,336,420,0.019956720992922783,27.507483381778002,27.5397901982069,10,17,38,0,,
2026-05-16T03:20:21.467293,noisy,naive,{'bins': 10},85,0,2,ok,0,85,0.02022963296622038,33.21324217133224,33.245963806286454,10,11,28,0,,
2026-05-16T03:20:42.907096,noisy,naive,{'bins': 10},85,1,2,ok,85,170,0.06717737577855587,21.21685362327844,21.2967771878466,10,18,37,0,,
2026-05-16T03:21:16.372928,noisy,naive,{'bins': 10},85,2,2,ok,170,255,0.020220947451889515,33.28182748891413,33.31466060318053,10,21,46,0,,
2026-05-16T03:21:36.084721,noisy,naive,{'bins': 10},85,3,2,ok,255,340,0.020829660817980766,19.547296191565692,19.580642349086702,10,13,31,0,,
2026-05-16T03:22:03.500616,noisy,naive,{'bins': 10},85,4,2,ok,340,425,0.020104489289224148,27.252585507929325,27.28505149204284,10,28,51,0,,
2026-05-16T03:22:37.727911,noisy,naive,{'bins': 10},86,0,2,ok,0,86,0.020542110316455364,33.9078415306285,33.9410223281011,10,11,28,0,,
2026-05-16T03:23:00.205163,noisy,naive,{'bins': 10},86,1,2,ok,86,172,0.020324241369962692,22.296725121326745,22.32960826996714,10,17,35,0,,
2026-05-16T03:23:34.142334,noisy,naive,{'bins': 10},86,2,2,ok,172,258,0.020476248115301132,33.706122227944434,33.73944507539272,10,15,32,0,,
2026-05-16T03:23:54.165558,noisy,naive,{'bins': 10},86,3,2,ok,258,344,0.020555036142468452,19.84918242134154,19.882114632986486,10,13,32,0,,
2026-05-16T03:24:21.824310,noisy,naive,{'bins': 10},86,4,2,ok,344,430,0.02052274625748396,27.457163732498884,27.49013052135706,10,21,44,0,,
2026-05-16T03:24:56.916162,noisy,naive,{'bins': 10},87,0,2,ok,0,87,0.02079199068248272,34.76386090181768,34.798142939805984,10,11,28,0,,
2026-05-16T03:25:20.227160,noisy,naive,{'bins': 10},87,1,2,ok,87,174,0.020641418173909187,23.130351036787033,23.163797204382718,10,17,35,0,,
2026-05-16T03:25:54.627592,noisy,naive,{'bins': 10},87,2,2,ok,174,261,0.02116389013826847,34.143812170252204,34.178121289238334,10,18,39,0,,
2026-05-16T03:26:14.503913,noisy,naive,{'bins': 10},87,3,2,ok,261,348,0.020618295297026634,19.700284260325134,19.733377936296165,10,15,34,0,,
2026-05-16T03:26:42.400580,noisy,naive,{'bins': 10},87,4,2,ok,348,435,0.02087425533682108,27.710070680826902,27.74359236098826,10,19,38,0,,
2026-05-16T03:27:17.914427,noisy,naive,{'bins': 10},88,0,2,ok,0,88,0.021007947623729706,35.196245460771024,35.23031438887119,10,8,24,0,,
2026-05-16T03:27:42.053770,noisy,naive,{'bins': 10},88,1,2,ok,88,176,0.021008066833019257,23.949401122517884,23.983227714896202,10,17,35,0,,
2026-05-16T03:28:16.658299,noisy,naive,{'bins': 10},88,2,2,ok,176,264,0.020986435934901237,34.36159625649452,34.39575440157205,10,17,35,0,,
2026-05-16T03:28:38.032625,noisy,naive,{'bins': 10},88,3,2,ok,264,352,0.020903420634567738,21.1957670673728,21.229361393488944,10,14,33,0,,
2026-05-16T03:29:07.528573,noisy,naive,{'bins': 10},88,4,2,ok,352,440,0.020779467187821865,29.275473069399595,29.30904200859368,10,15,33,0,,
2026-05-16T03:29:43.380903,noisy,naive,{'bins': 10},89,0,2,ok,0,89,0.021272393874824047,35.52623822633177,35.56093862000853,10,8,24,0,,
2026-05-16T03:30:07.865963,noisy,naive,{'bins': 10},89,1,2,ok,89,178,0.0684109702706337,24.248563623055816,24.330044982023537,10,17,35,0,,
2026-05-16T03:30:30.317336,noisy,naive,{'bins': 10},89,2,2,ok,178,267,0.021256123669445515,22.256933002732694,22.29114207532257,10,14,30,0,,
2026-05-16T03:30:51.973782,noisy,naive,{'bins': 10},89,3,2,ok,267,356,0.02122916281223297,21.452336449176073,21.48636779654771,10,9,28,0,,
2026-05-16T03:31:20.932969,noisy,naive,{'bins': 10},89,4,2,ok,356,445,0.02119989786297083,28.74221286829561,28.77667738031596,10,12,28,0,,
2026-05-16T03:31:57.565673,noisy,naive,{'bins': 10},90,0,2,ok,0,90,0.021415322087705135,36.29733288940042,36.332101160660386,10,8,24,0,,
2026-05-16T03:32:22.589726,noisy,naive,{'bins': 10},90,1,2,ok,90,180,0.021402359008789062,24.834922356531024,24.86950115300715,10,16,35,0,,
2026-05-16T03:32:46.055280,noisy,naive,{'bins': 10},90,2,2,ok,180,270,0.021306367591023445,23.26770810596645,23.302185201086104,10,14,31,0,,
2026-05-16T03:33:07.621350,noisy,naive,{'bins': 10},90,3,2,ok,270,360,0.021642849780619144,21.3612048253417,21.39573827665299,10,14,33,0,,
2026-05-16T03:33:47.007416,noisy,naive,{'bins': 10},90,4,2,ok,360,450,0.021386929787695408,39.14975790120661,39.18503192253411,10,33,62,0,,
2026-05-16T03:34:24.975953,noisy,naive,{'bins': 10},91,0,2,ok,0,91,0.02184592094272375,37.63970459531993,37.67527671717107,10,12,29,0,,
2026-05-16T03:34:50.112169,noisy,naive,{'bins': 10},91,1,2,ok,91,182,0.02172001451253891,24.935602043755352,24.970644290558994,10,15,32,0,,
2026-05-16T03:35:14.447671,noisy,naive,{'bins': 10},91,2,2,ok,182,273,0.02179959323257208,24.1409375295043,24.17621543817222,10,14,31,0,,
2026-05-16T03:35:36.706681,noisy,naive,{'bins': 10},91,3,2,ok,273,364,0.02248257678002119,22.074844824150205,22.110606651753187,10,13,30,0,,
2026-05-16T03:36:17.149864,noisy,naive,{'bins': 10},91,4,2,ok,364,455,0.02163924276828766,40.19043767731637,40.22576657216996,10,15,38,0,,
2026-05-16T03:36:55.836202,noisy,naive,{'bins': 10},92,0,2,ok,0,92,0.022173898294568062,38.357750435359776,38.393631919287145,10,12,29,0,,
2026-05-16T03:37:21.597288,noisy,naive,{'bins': 10},92,1,2,ok,92,184,0.02187404502183199,25.558156960643828,25.593738841824234,10,15,32,0,,
2026-05-16T03:37:45.984528,noisy,naive,{'bins': 10},92,2,2,ok,184,276,0.02191838715225458,24.179554915055633,24.21499405708164,10,14,31,0,,
2026-05-16T03:38:09.892479,noisy,naive,{'bins': 10},92,3,2,ok,276,368,0.02218802459537983,23.72812343109399,23.76374188065529,10,15,33,0,,
2026-05-16T03:38:50.578244,noisy,naive,{'bins': 10},92,4,2,ok,368,460,0.022981394082307816,40.41762966942042,40.4553560577333,10,21,41,0,,
2026-05-16T03:39:30.658551,noisy,naive,{'bins': 10},93,0,2,ok,0,93,0.0692257909104228,39.75102062430233,39.8344210581854,10,17,39,0,,
2026-05-16T03:39:56.456339,noisy,naive,{'bins': 10},93,1,2,ok,93,186,0.022356430999934673,25.58315028436482,25.619346109218895,10,12,27,0,,
2026-05-16T03:40:21.831308,noisy,naive,{'bins': 10},93,2,2,ok,186,279,0.022053029388189316,25.16209035459906,25.19782616291195,10,17,35,0,,
2026-05-16T03:40:45.202775,noisy,naive,{'bins': 10},93,3,2,ok,279,372,0.022118763998150826,23.177720024250448,23.21343027614057,10,10,26,0,,
2026-05-16T03:41:27.189596,noisy,naive,{'bins': 10},93,4,2,ok,372,465,0.02287857048213482,41.74537257105112,41.782306369394064,10,23,43,0,,
2026-05-16T03:42:08.287674,noisy,naive,{'bins': 10},94,0,2,ok,0,94,0.022437342442572117,40.76734466291964,40.80391067266464,10,16,37,0,,
2026-05-16T03:42:34.997752,noisy,naive,{'bins': 10},94,1,2,ok,94,188,0.023174517787992954,26.427405561320484,26.46476040314883,10,10,25,0,,
2026-05-16T03:43:00.586876,noisy,naive,{'bins': 10},94,2,2,ok,188,282,0.022383530624210835,25.37334776017815,25.40961484797299,10,17,35,0,,
2026-05-16T03:43:25.682329,noisy,naive,{'bins': 10},94,3,2,ok,282,376,0.02282296773046255,24.884586807340384,24.921145112253726,10,14,33,0,,
2026-05-16T03:44:06.897460,noisy,naive,{'bins': 10},94,4,2,ok,376,470,0.022497626021504402,40.960680979304016,40.997368718497455,10,18,36,0,,
2026-05-16T03:44:49.385631,noisy,naive,{'bins': 10},95,0,2,ok,0,95,0.08560047764331102,42.09994247928262,42.20095126796514,10,17,39,0,,
2026-05-16T03:45:16.178100,noisy,naive,{'bins': 10},95,1,2,ok,95,190,0.022796547040343285,26.573273678310215,26.61060829088092,10,12,27,0,,
2026-05-16T03:45:43.080867,noisy,naive,{'bins': 10},95,2,2,ok,190,285,0.02275002934038639,26.660810317844152,26.697758955881,10,17,36,0,,
2026-05-16T03:46:08.802057,noisy,naive,{'bins': 10},95,3,2,ok,285,380,0.022598966024816036,25.516013449057937,25.552281719632447,10,14,33,0,,
2026-05-16T03:46:50.446342,noisy,naive,{'bins': 10},95,4,2,ok,380,475,0.023355698212981224,41.37892973981798,41.416668402031064,10,20,42,0,,
2026-05-16T03:47:34.367313,noisy,naive,{'bins': 10},96,0,2,ok,0,96,0.022843657061457634,43.596263809129596,43.63368894252926,10,17,39,0,,
2026-05-16T03:48:02.519830,noisy,naive,{'bins': 10},96,1,2,ok,96,192,0.022924470715224743,27.880486460402608,27.917689591646194,10,16,34,0,,
2026-05-16T03:48:30.456771,noisy,naive,{'bins': 10},96,2,2,ok,192,288,0.023111993446946144,27.69296051003039,27.730412809178233,10,17,36,0,,
2026-05-16T03:48:56.250730,noisy,naive,{'bins': 10},96,3,2,ok,288,384,0.022877462208271027,25.600497422739863,25.637418964877725,10,21,39,0,,
2026-05-16T03:49:40.956657,noisy,naive,{'bins': 10},96,4,2,ok,384,480,0.022781562991440296,44.383337849751115,44.420514912344515,10,19,40,0,,
2026-05-16T03:50:25.516889,noisy,naive,{'bins': 10},97,0,2,ok,0,97,0.023067167960107327,44.23635911568999,44.274216966703534,10,16,37,0,,
2026-05-16T03:50:54.393033,noisy,naive,{'bins': 10},97,1,2,ok,97,194,0.02318834699690342,28.600157060660422,28.637691594660282,10,16,35,0,,
2026-05-16T03:51:22.624725,noisy,naive,{'bins': 10},97,2,2,ok,194,291,0.023195359855890274,27.93959697522223,27.97727631125599,10,12,30,0,,
2026-05-16T03:51:49.626481,noisy,naive,{'bins': 10},97,3,2,ok,291,388,0.023246015422046185,26.725686367601156,26.763078493997455,10,12,31,0,,
2026-05-16T03:52:36.688921,noisy,naive,{'bins': 10},97,4,2,ok,388,485,0.022866692394018173,46.79584008362144,46.83342590369284,10,24,49,0,,
2026-05-16T03:53:21.153457,noisy,naive,{'bins': 10},98,0,2,ok,0,98,0.02333232667297125,44.13631779886782,44.1744272634387,10,14,34,0,,
2026-05-16T03:53:49.917553,noisy,naive,{'bins': 10},98,1,2,ok,98,196,0.023302300833165646,28.552124836482108,28.59018713235855,10,20,42,0,,
2026-05-16T03:54:18.329346,noisy,naive,{'bins': 10},98,2,2,ok,196,294,0.02325128484517336,28.17948705609888,28.217166983522475,10,20,40,0,,
2026-05-16T03:54:45.896396,noisy,naive,{'bins': 10},98,3,2,ok,294,392,0.02343312557786703,27.289002635516226,27.326629172079265,10,11,30,0,,
2026-05-16T03:55:34.513403,noisy,naive,{'bins': 10},98,4,2,ok,392,490,0.02359151281416416,48.31371190864593,48.3523267917335,10,25,49,0,,
2026-05-16T03:56:20.024654,noisy,naive,{'bins': 10},99,0,2,ok,0,99,0.023680170066654682,45.17824838683009,45.21682685054839,10,14,34,0,,
2026-05-16T03:56:48.839444,noisy,naive,{'bins': 10},99,1,2,ok,99,198,0.02363465540111065,28.540345408953726,28.578623169101775,10,19,39,0,,
2026-05-16T03:57:18.552205,noisy,naive,{'bins': 10},99,2,2,ok,198,297,0.07095894776284695,29.418393316678703,29.504736171104014,10,24,44,0,,
2026-05-16T03:57:46.834123,noisy,naive,{'bins': 10},99,3,2,ok,297,396,0.023765170015394688,28.06378735974431,28.102060531266034,10,12,30,0,,
2026-05-16T03:58:34.976229,noisy,naive,{'bins': 10},99,4,2,ok,396,495,0.023851382546126842,47.899433308281004,47.938331013545394,10,25,53,0,,
2026-05-16T03:59:21.252685,noisy,naive,{'bins': 10},100,0,2,ok,0,100,0.023859677836298943,45.936001650989056,45.9752454161644,10,14,34,0,,
2026-05-16T03:59:50.305235,noisy,naive,{'bins': 10},100,1,2,ok,100,200,0.023717449977993965,28.804808779619634,28.843469629064202,10,18,37,0,,
2026-05-16T04:00:20.948328,noisy,naive,{'bins': 10},100,2,2,ok,200,300,0.023953894153237343,30.381560035981238,30.420448943972588,10,17,35,0,,
2026-05-16T04:00:49.983090,noisy,naive,{'bins': 10},100,3,2,ok,300,400,0.023984963074326515,28.784390942193568,28.8231932669878,10,19,39,0,,
2026-05-16T04:01:17.214538,noisy,naive,{'bins': 10},100,4,2,ok,400,500,0.07104381639510393,26.97343190200627,27.059442611411214,10,17,36,0,,
2026-05-16T04:01:17.453443,noisy,sax,"{'w': 144, 'bins': 10}",1,0,2,ok,0,1,0.010770521126687527,0.01973877754062414,0.030809051357209682,10,19,27,0,,
2026-05-16T04:01:17.542509,noisy,sax,"{'w': 144, 'bins': 10}",1,1,2,ok,1,2,0.010315596126019955,0.07294818479567766,0.0834875013679266,10,43,59,0,,
2026-05-16T04:01:17.593772,noisy,sax,"{'w': 144, 'bins': 10}",1,2,2,ok,2,3,0.010336345992982388,0.03914439771324396,0.049689014442265034,10,35,47,0,,
2026-05-16T04:01:17.620485,noisy,sax,"{'w': 144, 'bins': 10}",1,3,2,ok,3,4,0.01032959297299385,0.014773821458220482,0.0253044618293643,10,20,26,0,,
2026-05-16T04:01:17.656939,noisy,sax,"{'w': 144, 'bins': 10}",1,4,2,ok,4,5,0.010471107438206673,0.023653960786759853,0.03433337062597275,10,31,40,0,,
2026-05-16T04:01:17.844222,noisy,sax,"{'w': 144, 'bins': 10}",2,0,2,ok,0,2,0.020457888022065163,0.08903902862221003,0.10988288186490536,10,16,31,0,,
2026-05-16T04:01:17.908281,noisy,sax,"{'w': 144, 'bins': 10}",2,1,2,ok,2,4,0.020194122567772865,0.04174424149096012,0.062213651835918427,10,14,27,0,,
2026-05-16T04:01:18.030741,noisy,sax,"{'w': 144, 'bins': 10}",2,2,2,ok,4,6,0.02027186844497919,0.09968833159655333,0.12024704925715923,10,38,59,0,,
2026-05-16T04:01:18.062440,noisy,sax,"{'w': 144, 'bins': 10}",2,3,2,ok,6,8,0.02042955532670021,0.009752007201313972,0.030428826808929443,10,11,16,0,,
2026-05-16T04:01:18.125191,noisy,sax,"{'w': 144, 'bins': 10}",2,4,2,ok,8,10,0.020337081514298916,0.04013666231185198,0.060740504413843155,10,16,26,0,,
2026-05-16T04:01:18.280343,noisy,sax,"{'w': 144, 'bins': 10}",3,0,2,ok,0,3,0.030721737071871758,0.046411920338869095,0.077553054317832,10,15,24,0,,
2026-05-16T04:01:18.511885,noisy,sax,"{'w': 144, 'bins': 10}",3,1,2,ok,3,6,0.03075239434838295,0.19688504561781883,0.22801168262958527,10,45,73,0,,
2026-05-16T04:01:18.564700,noisy,sax,"{'w': 144, 'bins': 10}",3,2,2,ok,6,9,0.03024932835251093,0.02053696569055319,0.0511026494204998,10,20,27,0,,
2026-05-16T04:01:18.662482,noisy,sax,"{'w': 144, 'bins': 10}",3,3,2,ok,9,12,0.03026899602264166,0.06499140802770853,0.09558763913810253,10,25,38,0,,
2026-05-16T04:01:18.819854,noisy,sax,"{'w': 144, 'bins': 10}",3,4,2,ok,12,15,0.030143058858811855,0.12400714308023453,0.15451654978096485,10,24,41,0,,
2026-05-16T04:01:19.035483,noisy,sax,"{'w': 144, 'bins': 10}",4,0,2,ok,0,4,0.04037459846585989,0.09652646351605654,0.13741539791226387,10,17,29,0,,
2026-05-16T04:01:19.118886,noisy,sax,"{'w': 144, 'bins': 10}",4,1,2,ok,4,8,0.04057730920612812,0.04048500582575798,0.08145182766020298,10,16,24,0,,
2026-05-16T04:01:19.266172,noisy,sax,"{'w': 144, 'bins': 10}",4,2,2,ok,8,12,0.04031119868159294,0.10418255440890789,0.14490373339504004,10,25,41,0,,
2026-05-16T04:01:19.493798,noisy,sax,"{'w': 144, 'bins': 10}",4,3,2,ok,12,16,0.0400070883333683,0.18376099225133657,0.22423121985048056,10,26,44,0,,
2026-05-16T04:01:19.616349,noisy,sax,"{'w': 144, 'bins': 10}",4,4,2,ok,16,20,0.04004395753145218,0.07933885790407658,0.11980404704809189,10,19,28,0,,
2026-05-16T04:01:19.940462,noisy,sax,"{'w': 144, 'bins': 10}",5,0,2,ok,0,5,0.050644079223275185,0.1944750277325511,0.24573901016265154,10,17,41,0,,
2026-05-16T04:01:20.074855,noisy,sax,"{'w': 144, 'bins': 10}",5,1,2,ok,5,10,0.05032440647482872,0.08084424678236246,0.1316407509148121,10,25,38,0,,
2026-05-16T04:01:20.355466,noisy,sax,"{'w': 144, 'bins': 10}",5,2,2,ok,10,15,0.05000216327607632,0.22663075849413872,0.2771381102502346,10,22,46,0,,
2026-05-16T04:01:20.523654,noisy,sax,"{'w': 144, 'bins': 10}",5,3,2,ok,15,20,0.050244517624378204,0.11434333026409149,0.16508642490953207,10,24,37,0,,
2026-05-16T04:01:20.649538,noisy,sax,"{'w': 144, 'bins': 10}",5,4,2,ok,20,25,0.04997247830033302,0.07289986312389374,0.12334401719272137,10,18,31,0,,
2026-05-16T04:01:21.183539,noisy,sax,"{'w': 144, 'bins': 10}",6,0,2,ok,0,6,0.06060531921684742,0.3929702565073967,0.4542954284697771,10,19,44,0,,
2026-05-16T04:01:21.355528,noisy,sax,"{'w': 144, 'bins': 10}",6,1,2,ok,6,12,0.05978876445442438,0.10813388600945473,0.1684881839901209,10,29,44,0,,
2026-05-16T04:01:21.570187,noisy,sax,"{'w': 144, 'bins': 10}",6,2,2,ok,12,18,0.060040708631277084,0.15008029714226723,0.21072836685925722,10,29,43,0,,
2026-05-16T04:01:21.910170,noisy,sax,"{'w': 144, 'bins': 10}",6,3,2,ok,18,24,0.05984789598733187,0.27556104864925146,0.33599855098873377,10,19,39,0,,
2026-05-16T04:01:22.200143,noisy,sax,"{'w': 144, 'bins': 10}",6,4,2,ok,24,30,0.06061435677111149,0.22499432414770126,0.2862131055444479,10,31,54,0,,
2026-05-16T04:01:22.982778,noisy,sax,"{'w': 144, 'bins': 10}",7,0,2,ok,0,7,0.06993107683956623,0.6302336268126965,0.7009671209380031,10,41,83,0,,
2026-05-16T04:01:23.216435,noisy,sax,"{'w': 144, 'bins': 10}",7,1,2,ok,7,14,0.0702209509909153,0.1597316563129425,0.23056851420551538,10,16,35,0,,
2026-05-16T04:01:23.500399,noisy,sax,"{'w': 144, 'bins': 10}",7,2,2,ok,14,21,0.06997484993189573,0.20936949457973242,0.27998399548232555,10,26,41,0,,
2026-05-16T04:01:23.774869,noisy,sax,"{'w': 144, 'bins': 10}",7,3,2,ok,21,28,0.07041353359818459,0.1992219341918826,0.2702843965962529,10,27,46,0,,
2026-05-16T04:01:23.997887,noisy,sax,"{'w': 144, 'bins': 10}",7,4,2,ok,28,35,0.07016602717339993,0.14914712496101856,0.2199201723560691,10,17,34,0,,
2026-05-16T04:01:24.407922,noisy,sax,"{'w': 144, 'bins': 10}",8,0,2,ok,0,8,0.0801073107868433,0.24899835232645273,0.3299038838595152,10,27,48,0,,
2026-05-16T04:01:24.930169,noisy,sax,"{'w': 144, 'bins': 10}",8,1,2,ok,8,16,0.07959201466292143,0.43605858366936445,0.516403641551733,10,29,52,0,,
2026-05-16T04:01:25.238561,noisy,sax,"{'w': 144, 'bins': 10}",8,2,2,ok,16,24,0.08031098451465368,0.22339214570820332,0.3044023923575878,10,21,41,0,,
2026-05-16T04:01:25.532437,noisy,sax,"{'w': 144, 'bins': 10}",8,3,2,ok,24,32,0.07995802070945501,0.2095104195177555,0.29013240803033113,10,26,49,0,,
2026-05-16T04:01:25.920233,noisy,sax,"{'w': 144, 'bins': 10}",8,4,2,ok,32,40,0.08063803892582655,0.3019514596089721,0.38328779954463243,10,29,48,0,,
2026-05-16T04:01:26.416346,noisy,sax,"{'w': 144, 'bins': 10}",9,0,2,ok,0,9,0.0899261450394988,0.325296719558537,0.41605477780103683,10,8,23,0,,
2026-05-16T04:01:26.844708,noisy,sax,"{'w': 144, 'bins': 10}",9,1,2,ok,9,18,0.09010382927954197,0.33270931243896484,0.4235717672854662,10,25,47,0,,
2026-05-16T04:01:27.229482,noisy,sax,"{'w': 144, 'bins': 10}",9,2,2,ok,18,27,0.0900858761742711,0.2888962971046567,0.3797388644888997,10,27,44,0,,
2026-05-16T04:01:27.586572,noisy,sax,"{'w': 144, 'bins': 10}",9,3,2,ok,27,36,0.08982527628540993,0.26211665384471416,0.35268480610102415,10,16,31,0,,
2026-05-16T04:01:28.106864,noisy,sax,"{'w': 144, 'bins': 10}",9,4,2,ok,36,45,0.09044347610324621,0.42423024494200945,0.5154944825917482,10,5,23,0,,
2026-05-16T04:01:28.780432,noisy,sax,"{'w': 144, 'bins': 10}",10,0,2,ok,0,10,0.09910902287811041,0.4921112712472677,0.5922608692198992,10,22,44,0,,
2026-05-16T04:01:29.449654,noisy,sax,"{'w': 144, 'bins': 10}",10,1,2,ok,10,20,0.09964605327695608,0.5618747929111123,0.6625191308557987,10,22,48,0,,
2026-05-16T04:01:29.858948,noisy,sax,"{'w': 144, 'bins': 10}",10,2,2,ok,20,30,0.10035569500178099,0.3028315519914031,0.4041389152407646,10,21,40,0,,
2026-05-16T04:01:30.336876,noisy,sax,"{'w': 144, 'bins': 10}",10,3,2,ok,30,40,0.09948611352592707,0.37235734798014164,0.47278571128845215,10,19,42,0,,
2026-05-16T04:01:30.806574,noisy,sax,"{'w': 144, 'bins': 10}",10,4,2,ok,40,50,0.10037610400468111,0.36338031478226185,0.4647091683000326,10,26,48,0,,
2026-05-16T04:01:31.475426,noisy,sax,"{'w': 144, 'bins': 10}",11,0,2,ok,0,11,0.10981049668043852,0.4766425332054496,0.5875619128346443,10,28,57,0,,
2026-05-16T04:01:32.201634,noisy,sax,"{'w': 144, 'bins': 10}",11,1,2,ok,11,22,0.11012799106538296,0.6081644333899021,0.719356662593782,10,42,71,0,,
2026-05-16T04:01:32.693454,noisy,sax,"{'w': 144, 'bins': 10}",11,2,2,ok,22,33,0.10932784900069237,0.3768305303528905,0.4871587986126542,10,12,30,0,,
2026-05-16T04:01:33.098156,noisy,sax,"{'w': 144, 'bins': 10}",11,3,2,ok,33,44,0.10995651967823505,0.2889703856781125,0.3999188784509897,10,12,28,0,,
2026-05-16T04:01:33.575598,noisy,sax,"{'w': 144, 'bins': 10}",11,4,2,ok,44,55,0.10951033234596252,0.36156651843339205,0.47208638675510883,10,23,47,0,,
2026-05-16T04:01:34.451499,noisy,sax,"{'w': 144, 'bins': 10}",12,0,2,ok,0,12,0.11969094537198544,0.6723781898617744,0.7932829353958368,10,26,51,0,,
2026-05-16T04:01:35.194506,noisy,sax,"{'w': 144, 'bins': 10}",12,1,2,ok,12,24,0.1209035124629736,0.6145719569176435,0.7366018453612924,10,25,58,0,,
2026-05-16T04:01:35.641470,noisy,sax,"{'w': 144, 'bins': 10}",12,2,2,ok,24,36,0.12009602598845959,0.3204353889450431,0.4416125360876322,10,18,36,0,,
2026-05-16T04:01:36.399516,noisy,sax,"{'w': 144, 'bins': 10}",12,3,2,ok,36,48,0.12053537089377642,0.629815231077373,0.7514856243506074,10,9,28,0,,
2026-05-16T04:01:36.950047,noisy,sax,"{'w': 144, 'bins': 10}",12,4,2,ok,48,60,0.11939096078276634,0.42354407627135515,0.5440677655860782,10,27,47,0,,
2026-05-16T04:01:38.109648,noisy,sax,"{'w': 144, 'bins': 10}",13,0,2,ok,0,13,0.1309252567589283,0.9442685525864363,1.0765437046065927,10,31,64,0,,
2026-05-16T04:01:38.873404,noisy,sax,"{'w': 144, 'bins': 10}",13,1,2,ok,13,26,0.13053594436496496,0.6258821738883853,0.7576152570545673,10,16,44,0,,
2026-05-16T04:01:39.621877,noisy,sax,"{'w': 144, 'bins': 10}",13,2,2,ok,26,39,0.13083004765212536,0.6096759214997292,0.7417324930429459,10,21,45,0,,
2026-05-16T04:01:40.291220,noisy,sax,"{'w': 144, 'bins': 10}",13,3,2,ok,39,52,0.12928831297904253,0.5324678160250187,0.6629538480192423,10,30,58,0,,
2026-05-16T04:01:40.908300,noisy,sax,"{'w': 144, 'bins': 10}",13,4,2,ok,52,65,0.13003516476601362,0.479513768106699,0.6107857171446085,10,27,52,0,,
2026-05-16T04:01:41.966367,noisy,sax,"{'w': 144, 'bins': 10}",14,0,2,ok,0,14,0.14102229289710522,0.8322644270956516,0.9746356839314103,10,21,47,0,,
2026-05-16T04:01:42.732984,noisy,sax,"{'w': 144, 'bins': 10}",14,1,2,ok,14,28,0.14013100881129503,0.6179052693769336,0.7593328943476081,10,24,50,0,,
2026-05-16T04:01:43.566588,noisy,sax,"{'w': 144, 'bins': 10}",14,2,2,ok,28,42,0.14013950526714325,0.685225673019886,0.8266707798466086,10,29,62,0,,
2026-05-16T04:01:44.351435,noisy,sax,"{'w': 144, 'bins': 10}",14,3,2,ok,42,56,0.141197151504457,0.6346263075247407,0.7771308245137334,10,24,49,0,,
2026-05-16T04:01:45.165361,noisy,sax,"{'w': 144, 'bins': 10}",14,4,2,ok,56,70,0.14161598775535822,0.6639880100265145,0.806895493529737,10,12,31,0,,
2026-05-16T04:01:46.336796,noisy,sax,"{'w': 144, 'bins': 10}",15,0,2,ok,0,15,0.1510097635909915,0.9345304109156132,1.0869915606454015,10,27,51,0,,
2026-05-16T04:01:47.398085,noisy,sax,"{'w': 144, 'bins': 10}",15,1,2,ok,15,30,0.15029336884617805,0.901296304538846,1.0530119640752673,10,32,64,0,,
2026-05-16T04:01:48.372382,noisy,sax,"{'w': 144, 'bins': 10}",15,2,2,ok,30,45,0.15107338316738605,0.814045806415379,0.9665140695869923,10,30,64,0,,
2026-05-16T04:01:49.161997,noisy,sax,"{'w': 144, 'bins': 10}",15,3,2,ok,45,60,0.15048548858612776,0.6301365438848734,0.7820022143423557,10,24,51,0,,
2026-05-16T04:01:50.406126,noisy,sax,"{'w': 144, 'bins': 10}",15,4,2,ok,60,75,0.15030781645327806,1.0835584318265319,1.2352637518197298,10,45,85,0,,
2026-05-16T04:01:51.774561,noisy,sax,"{'w': 144, 'bins': 10}",16,0,2,ok,0,16,0.1610487410798669,1.1206509750336409,1.2832435248419642,10,17,41,0,,
2026-05-16T04:01:52.538555,noisy,sax,"{'w': 144, 'bins': 10}",16,1,2,ok,16,32,0.15999886859208345,0.595612975768745,0.757028785534203,10,12,31,0,,
2026-05-16T04:01:53.826949,noisy,sax,"{'w': 144, 'bins': 10}",16,2,2,ok,32,48,0.15899402927607298,1.1190383974462748,1.279499502852559,10,28,60,0,,
2026-05-16T04:01:54.588693,noisy,sax,"{'w': 144, 'bins': 10}",16,3,2,ok,48,64,0.16053786035627127,0.5926122292876244,0.7545538367703557,10,21,45,0,,
2026-05-16T04:01:55.498820,noisy,sax,"{'w': 144, 'bins': 10}",16,4,2,ok,64,80,0.1612899238243699,0.7389685111120343,0.9017689013853669,10,22,47,0,,
2026-05-16T04:01:57.291595,noisy,sax,"{'w': 144, 'bins': 10}",17,0,2,ok,0,17,0.16930305492132902,1.536352189257741,1.7073305509984493,10,26,65,0,,
2026-05-16T04:01:58.314101,noisy,sax,"{'w': 144, 'bins': 10}",17,1,2,ok,17,34,0.17014525644481182,0.8420945405960083,1.0137891182675958,10,22,48,0,,
2026-05-16T04:01:59.694594,noisy,sax,"{'w': 144, 'bins': 10}",17,2,2,ok,34,51,0.1689608320593834,1.2015791479498148,1.3720763763412833,10,16,44,0,,
2026-05-16T04:02:00.624030,noisy,sax,"{'w': 144, 'bins': 10}",17,3,2,ok,51,68,0.1698858803138137,0.7498359251767397,0.9212644221261144,10,24,43,0,,
2026-05-16T04:02:01.433281,noisy,sax,"{'w': 144, 'bins': 10}",17,4,2,ok,68,85,0.1696784496307373,0.6309728054329753,0.8022033898159862,10,9,29,0,,
2026-05-16T04:02:02.800370,noisy,sax,"{'w': 144, 'bins': 10}",18,0,2,ok,0,18,0.17984875477850437,1.1007729163393378,1.2823046119883657,10,9,28,0,,
2026-05-16T04:02:03.842195,noisy,sax,"{'w': 144, 'bins': 10}",18,1,2,ok,18,36,0.17998324614018202,0.851630293764174,1.033195992000401,10,22,47,0,,
2026-05-16T04:02:05.162387,noisy,sax,"{'w': 144, 'bins': 10}",18,2,2,ok,36,54,0.1806320557370782,1.1279219537973404,1.3101659370586276,10,39,77,0,,
2026-05-16T04:02:06.187087,noisy,sax,"{'w': 144, 'bins': 10}",18,3,2,ok,54,72,0.18001784104853868,0.8343276018276811,1.015990694053471,10,13,31,0,,
2026-05-16T04:02:07.244635,noisy,sax,"{'w': 144, 'bins': 10}",18,4,2,ok,72,90,0.18060479406267405,0.8663940252736211,1.048637076281011,10,28,54,0,,
2026-05-16T04:02:08.892599,noisy,sax,"{'w': 144, 'bins': 10}",19,0,2,ok,0,19,0.19000426959246397,1.3700446309521794,1.5616518314927816,10,36,72,0,,
2026-05-16T04:02:10.032492,noisy,sax,"{'w': 144, 'bins': 10}",19,1,2,ok,19,38,0.19081964157521725,0.9382046023383737,1.130586558021605,10,27,56,0,,
2026-05-16T04:02:11.215756,noisy,sax,"{'w': 144, 'bins': 10}",19,2,2,ok,38,57,0.19151195231825113,0.9797246931120753,1.1728547140955925,10,27,49,0,,
2026-05-16T04:02:12.513549,noisy,sax,"{'w': 144, 'bins': 10}",19,3,2,ok,57,76,0.1887136148288846,1.097367299720645,1.287640013732016,10,36,67,0,,
2026-05-16T04:02:13.790551,noisy,sax,"{'w': 144, 'bins': 10}",19,4,2,ok,76,95,0.19055890012532473,1.0759438574314117,1.2680412083864212,10,7,25,0,,
2026-05-16T04:02:15.575605,noisy,sax,"{'w': 144, 'bins': 10}",20,0,2,ok,0,20,0.1991996429860592,1.498697460629046,1.6996314199641347,10,33,74,0,,
2026-05-16T04:02:16.856566,noisy,sax,"{'w': 144, 'bins': 10}",20,1,2,ok,20,40,0.19858344364911318,1.0707837361842394,1.2709961403161287,10,27,53,0,,
2026-05-16T04:02:18.413870,noisy,sax,"{'w': 144, 'bins': 10}",20,2,2,ok,40,60,0.20073874294757843,1.3447224656119943,1.5471175611019135,10,11,33,0,,
2026-05-16T04:02:19.655192,noisy,sax,"{'w': 144, 'bins': 10}",20,3,2,ok,60,80,0.19987366907298565,1.0273230401799083,1.2288584904745221,10,35,70,0,,
2026-05-16T04:02:21.415481,noisy,sax,"{'w': 144, 'bins': 10}",20,4,2,ok,80,100,0.2004365948960185,1.5477470327168703,1.7498436970636249,10,9,33,0,,
2026-05-16T04:02:23.165834,noisy,sax,"{'w': 144, 'bins': 10}",21,0,2,ok,0,21,0.20907895918935537,1.4525661282241344,1.6634037410840392,10,34,67,0,,
2026-05-16T04:02:24.434818,noisy,sax,"{'w': 144, 'bins': 10}",21,1,2,ok,21,42,0.20892690401524305,1.0479478314518929,1.2586154555901885,10,22,50,0,,
2026-05-16T04:02:25.668533,noisy,sax,"{'w': 144, 'bins': 10}",21,2,2,ok,42,63,0.21193902101367712,1.010305404663086,1.2239850461483002,10,8,25,0,,
2026-05-16T04:02:27.160290,noisy,sax,"{'w': 144, 'bins': 10}",21,3,2,ok,63,84,0.21057514008134604,1.2692273380234838,1.4815336791798472,10,34,69,0,,
2026-05-16T04:02:29.116374,noisy,sax,"{'w': 144, 'bins': 10}",21,4,2,ok,84,105,0.211502892896533,1.730605068616569,1.9439218789339066,10,30,67,0,,
2026-05-16T04:02:31.174737,noisy,sax,"{'w': 144, 'bins': 10}",22,0,2,ok,0,22,0.22228714916855097,1.7462389152497053,1.9703634157776833,10,30,64,0,,
2026-05-16T04:02:32.561629,noisy,sax,"{'w': 144, 'bins': 10}",22,1,2,ok,22,44,0.22003145329654217,1.154589856043458,1.3764290744438767,10,17,40,0,,
2026-05-16T04:02:33.792506,noisy,sax,"{'w': 144, 'bins': 10}",22,2,2,ok,44,66,0.21863170247524977,1.0000672936439514,1.22046138625592,10,24,52,0,,
2026-05-16T04:02:35.143024,noisy,sax,"{'w': 144, 'bins': 10}",22,3,2,ok,66,88,0.2209117254242301,1.1164767546579242,1.3391734436154366,10,41,71,0,,
2026-05-16T04:02:36.873353,noisy,sax,"{'w': 144, 'bins': 10}",22,4,2,ok,88,110,0.2199962865561247,1.495431063696742,1.7172955190762877,10,16,33,0,,
2026-05-16T04:02:39.078493,noisy,sax,"{'w': 144, 'bins': 10}",23,0,2,ok,0,23,0.23092120699584484,1.8837920036166906,2.1166558796539903,10,30,62,0,,
2026-05-16T04:02:40.749606,noisy,sax,"{'w': 144, 'bins': 10}",23,1,2,ok,23,46,0.2306234072893858,1.4259861717000604,1.6585152680054307,10,34,65,0,,
2026-05-16T04:02:42.226109,noisy,sax,"{'w': 144, 'bins': 10}",23,2,2,ok,46,69,0.22991488687694073,1.234262490645051,1.4660538220778108,10,18,47,0,,
2026-05-16T04:02:43.596220,noisy,sax,"{'w': 144, 'bins': 10}",23,3,2,ok,69,92,0.23005236499011517,1.1278256317600608,1.3597151786088943,10,23,50,0,,
2026-05-16T04:02:45.909310,noisy,sax,"{'w': 144, 'bins': 10}",23,4,2,ok,92,115,0.2305478760972619,2.065291387028992,2.297782452777028,10,36,71,0,,
2026-05-16T04:02:48.241478,noisy,sax,"{'w': 144, 'bins': 10}",24,0,2,ok,0,24,0.2385042905807495,2.002703834325075,2.2431651512160897,10,32,70,0,,
2026-05-16T04:02:49.819595,noisy,sax,"{'w': 144, 'bins': 10}",24,1,2,ok,24,48,0.2392021007835865,1.3246526382863522,1.565840208902955,10,24,51,0,,
2026-05-16T04:02:51.668419,noisy,sax,"{'w': 144, 'bins': 10}",24,2,2,ok,48,72,0.24146288819611073,1.5931373834609985,1.8365388037636876,10,24,52,0,,
2026-05-16T04:02:53.377075,noisy,sax,"{'w': 144, 'bins': 10}",24,3,2,ok,72,96,0.23837835434824228,1.4554293658584356,1.6958714863285422,10,20,49,0,,
2026-05-16T04:02:56.534226,noisy,sax,"{'w': 144, 'bins': 10}",24,4,2,ok,96,120,0.2396300956606865,2.8983368510380387,3.1400524443015456,10,15,37,0,,
2026-05-16T04:02:59.290509,noisy,sax,"{'w': 144, 'bins': 10}",25,0,2,ok,0,25,0.24835277069360018,2.4160298267379403,2.6664905762299895,10,11,34,0,,
2026-05-16T04:03:01.150519,noisy,sax,"{'w': 144, 'bins': 10}",25,1,2,ok,25,50,0.24824666138738394,1.5967933805659413,1.8470942806452513,10,26,54,0,,
2026-05-16T04:03:03.124324,noisy,sax,"{'w': 144, 'bins': 10}",25,2,2,ok,50,75,0.2509877001866698,1.7073539542034268,1.960434265434742,10,37,74,0,,
2026-05-16T04:03:04.979855,noisy,sax,"{'w': 144, 'bins': 10}",25,3,2,ok,75,100,0.25155697856098413,1.5891857109963894,1.842859335243702,10,19,44,0,,
2026-05-16T04:03:07.599148,noisy,sax,"{'w': 144, 'bins': 10}",25,4,2,ok,100,125,0.24968655593693256,2.35361544881016,2.6053726645186543,10,5,22,0,,
2026-05-16T04:03:09.758396,noisy,sax,"{'w': 144, 'bins': 10}",26,0,2,ok,0,26,0.26053929049521685,1.8039273470640182,2.0665684659034014,10,28,62,0,,
2026-05-16T04:03:11.841123,noisy,sax,"{'w': 144, 'bins': 10}",26,1,2,ok,26,52,0.2595367282629013,1.8074386920779943,2.0690766870975494,10,11,33,0,,
2026-05-16T04:03:13.897337,noisy,sax,"{'w': 144, 'bins': 10}",26,2,2,ok,52,78,0.2590977428480983,1.7796247974038124,2.040831772610545,10,39,82,0,,
2026-05-16T04:03:15.629705,noisy,sax,"{'w': 144, 'bins': 10}",26,3,2,ok,78,104,0.2591638779267669,1.4579478353261948,1.71921915281564,10,7,27,0,,
2026-05-16T04:03:20.218734,noisy,sax,"{'w': 144, 'bins': 10}",26,4,2,ok,104,130,0.2579457191750407,4.3100767424330115,4.570221382193267,10,10,34,0,,
2026-05-16T04:03:22.611775,noisy,sax,"{'w': 144, 'bins': 10}",27,0,2,ok,0,27,0.26776271872222424,2.0251742228865623,2.295256328769028,10,41,84,0,,
2026-05-16T04:03:24.633548,noisy,sax,"{'w': 144, 'bins': 10}",27,1,2,ok,27,54,0.2707321783527732,1.7350459014996886,2.0079788928851485,10,32,66,0,,
2026-05-16T04:03:26.564761,noisy,sax,"{'w': 144, 'bins': 10}",27,2,2,ok,54,81,0.268943908624351,1.6469636298716068,1.91806679405272,10,18,49,0,,
2026-05-16T04:03:29.057989,noisy,sax,"{'w': 144, 'bins': 10}",27,3,2,ok,81,108,0.26843177527189255,2.2059718277305365,2.476667075417936,10,31,60,0,,
2026-05-16T04:03:34.608299,noisy,sax,"{'w': 144, 'bins': 10}",27,4,2,ok,108,135,0.2694009868428111,5.25627601146698,5.5281304968521,10,32,67,0,,
2026-05-16T04:03:37.028569,noisy,sax,"{'w': 144, 'bins': 10}",28,0,2,ok,0,28,0.2810561303049326,2.0462552309036255,2.3296316796913743,10,22,50,0,,
2026-05-16T04:03:39.609664,noisy,sax,"{'w': 144, 'bins': 10}",28,1,2,ok,28,56,0.27730740886181593,2.2862888937816024,2.5658567678183317,10,20,52,0,,
2026-05-16T04:03:41.375027,noisy,sax,"{'w': 144, 'bins': 10}",28,2,2,ok,56,84,0.27785894460976124,1.4721864219754934,1.7523153703659773,10,25,55,0,,
2026-05-16T04:03:44.019288,noisy,sax,"{'w': 144, 'bins': 10}",28,3,2,ok,84,112,0.2796784518286586,2.3451023772358894,2.627075499854982,10,42,76,0,,
2026-05-16T04:03:50.436866,noisy,sax,"{'w': 144, 'bins': 10}",28,4,2,ok,112,140,0.27871554251760244,6.115314180031419,6.396521704271436,10,12,38,0,,
2026-05-16T04:03:53.128549,noisy,sax,"{'w': 144, 'bins': 10}",29,0,2,ok,0,29,0.2908380124717951,2.306290845386684,2.59958222694695,10,31,67,0,,
2026-05-16T04:03:55.660331,noisy,sax,"{'w': 144, 'bins': 10}",29,1,2,ok,29,58,0.2892274893820286,2.2227430613711476,2.5143516631796956,10,32,66,0,,
2026-05-16T04:03:57.583989,noisy,sax,"{'w': 144, 'bins': 10}",29,2,2,ok,58,87,0.28908535186201334,1.6169151179492474,1.9083545310422778,10,33,59,0,,
2026-05-16T04:04:01.030575,noisy,sax,"{'w': 144, 'bins': 10}",29,3,2,ok,87,116,0.2885218523442745,3.1354836327955127,3.4265040289610624,10,22,51,0,,
2026-05-16T04:04:05.454459,noisy,sax,"{'w': 144, 'bins': 10}",29,4,2,ok,116,145,0.2901487685739994,4.111623402684927,4.404277527704835,10,21,46,0,,
2026-05-16T04:04:08.226894,noisy,sax,"{'w': 144, 'bins': 10}",30,0,2,ok,0,30,0.3023505685850978,2.3618177864700556,2.666865771636367,10,28,65,0,,
2026-05-16T04:04:10.685535,noisy,sax,"{'w': 144, 'bins': 10}",30,1,2,ok,30,60,0.29918605368584394,2.138810464181006,2.4404136380180717,10,41,74,0,,
2026-05-16T04:04:13.087633,noisy,sax,"{'w': 144, 'bins': 10}",30,2,2,ok,60,90,0.29827576503157616,2.0834264419972897,2.38415346108377,10,41,79,0,,
2026-05-16T04:04:16.498016,noisy,sax,"{'w': 144, 'bins': 10}",30,3,2,ok,90,120,0.29768410325050354,3.089846939779818,3.39000129327178,10,17,36,0,,
2026-05-16T04:04:20.946614,noisy,sax,"{'w': 144, 'bins': 10}",30,4,2,ok,120,150,0.29941681679338217,4.12734408210963,4.429333932697773,10,19,48,0,,
2026-05-16T04:04:23.776065,noisy,sax,"{'w': 144, 'bins': 10}",31,0,2,ok,0,31,0.3096876898780465,2.4142892071977258,2.7265291111543775,10,28,59,0,,
2026-05-16T04:04:26.471859,noisy,sax,"{'w': 144, 'bins': 10}",31,1,2,ok,31,62,0.309670097194612,2.357301242649555,2.6695307167246938,10,20,50,0,,
2026-05-16T04:04:28.989848,noisy,sax,"{'w': 144, 'bins': 10}",31,2,2,ok,62,93,0.31048619002103806,2.189570279791951,2.502526890486479,10,16,42,0,,
2026-05-16T04:04:32.652731,noisy,sax,"{'w': 144, 'bins': 10}",31,3,2,ok,93,124,0.31122810393571854,3.3302595168352127,3.6440957002341747,10,17,42,0,,
2026-05-16T04:04:37.825474,noisy,sax,"{'w': 144, 'bins': 10}",31,4,2,ok,124,155,0.310469058342278,4.830201143398881,5.143287126906216,10,51,99,0,,
2026-05-16T04:04:40.985335,noisy,sax,"{'w': 144, 'bins': 10}",32,0,2,ok,0,32,0.3194770673289895,2.735817739740014,3.0580224208533764,10,49,91,0,,
2026-05-16T04:04:43.461404,noisy,sax,"{'w': 144, 'bins': 10}",32,1,2,ok,32,64,0.3188325883820653,2.1381969209760427,2.459589157253504,10,27,59,0,,
2026-05-16T04:04:46.377387,noisy,sax,"{'w': 144, 'bins': 10}",32,2,2,ok,64,96,0.3189063062891364,2.5762489791959524,2.897799833677709,10,23,52,0,,
2026-05-16T04:04:50.328516,noisy,sax,"{'w': 144, 'bins': 10}",32,3,2,ok,96,128,0.3191910218447447,3.6080391304567456,3.9299392513930798,10,32,72,0,,
2026-05-16T04:04:54.864972,noisy,sax,"{'w': 144, 'bins': 10}",32,4,2,ok,128,160,0.3188137635588646,4.19388660416007,4.515371565707028,10,40,92,0,,
2026-05-16T04:04:58.498247,noisy,sax,"{'w': 144, 'bins': 10}",33,0,2,ok,0,33,0.3284590495750308,3.205120537430048,3.536216080188751,10,11,40,0,,
2026-05-16T04:05:01.057494,noisy,sax,"{'w': 144, 'bins': 10}",33,1,2,ok,33,66,0.3303357847034931,2.209528710693121,2.5424858890473843,10,14,39,0,,
2026-05-16T04:05:04.408957,noisy,sax,"{'w': 144, 'bins': 10}",33,2,2,ok,66,99,0.3305867062881589,2.9978670785203576,3.3312106234952807,10,36,76,0,,
2026-05-16T04:05:10.276246,noisy,sax,"{'w': 144, 'bins': 10}",33,3,2,ok,99,132,0.32832533959299326,5.51109126303345,5.842229827307165,10,25,60,0,,
2026-05-16T04:05:14.708407,noisy,sax,"{'w': 144, 'bins': 10}",33,4,2,ok,132,165,0.3302198080345988,4.0779566233977675,4.4109546998515725,10,23,63,0,,
2026-05-16T04:05:18.833434,noisy,sax,"{'w': 144, 'bins': 10}",34,0,2,ok,0,34,0.3379419520497322,3.676311251707375,4.017001196742058,10,35,78,0,,
2026-05-16T04:05:21.912634,noisy,sax,"{'w': 144, 'bins': 10}",34,1,2,ok,34,68,0.33951289393007755,2.7180506261065602,3.0603895178064704,10,29,61,0,,
2026-05-16T04:05:24.998755,noisy,sax,"{'w': 144, 'bins': 10}",34,2,2,ok,68,102,0.33922099508345127,2.7223976608365774,3.0644777668640018,10,32,58,0,,
2026-05-16T04:05:31.333043,noisy,sax,"{'w': 144, 'bins': 10}",34,3,2,ok,102,136,0.34082465805113316,5.964829426258802,6.308544002473354,10,31,71,0,,
2026-05-16T04:05:34.914042,noisy,sax,"{'w': 144, 'bins': 10}",34,4,2,ok,136,170,0.33934870548546314,3.217175552621484,3.5592735214158893,10,23,52,0,,
2026-05-16T04:05:38.679011,noisy,sax,"{'w': 144, 'bins': 10}",35,0,2,ok,0,35,0.3472764864563942,3.3129053385928273,3.662995930761099,10,23,51,0,,
2026-05-16T04:05:41.784139,noisy,sax,"{'w': 144, 'bins': 10}",35,1,2,ok,35,70,0.3476584041491151,2.7236099196597934,3.0741528421640396,10,11,33,0,,
2026-05-16T04:05:44.743653,noisy,sax,"{'w': 144, 'bins': 10}",35,2,2,ok,70,105,0.3508716793730855,2.572433752939105,2.926086145453155,10,21,50,0,,
2026-05-16T04:05:51.975455,noisy,sax,"{'w': 144, 'bins': 10}",35,3,2,ok,105,140,0.35129257943481207,6.850347092375159,7.2047332832589746,10,24,61,0,,
2026-05-16T04:05:55.893669,noisy,sax,"{'w': 144, 'bins': 10}",35,4,2,ok,140,175,0.3477452974766493,3.5464583514258265,3.8971498319879174,10,35,72,0,,
2026-05-16T04:05:59.981633,noisy,sax,"{'w': 144, 'bins': 10}",36,0,2,ok,0,36,0.3593635195866227,3.6284342017024755,3.9907335061579943,10,31,65,0,,
2026-05-16T04:06:03.921509,noisy,sax,"{'w': 144, 'bins': 10}",36,1,2,ok,36,72,0.35743140149861574,3.559657271951437,3.9199605584144592,10,26,61,0,,
2026-05-16T04:06:07.247603,noisy,sax,"{'w': 144, 'bins': 10}",36,2,2,ok,72,108,0.35926472395658493,2.9447686104103923,3.3069064812734723,10,10,33,0,,
2026-05-16T04:06:14.844573,noisy,sax,"{'w': 144, 'bins': 10}",36,3,2,ok,108,144,0.36011509224772453,7.205339323729277,7.568620853126049,10,13,32,0,,
2026-05-16T04:06:19.160588,noisy,sax,"{'w': 144, 'bins': 10}",36,4,2,ok,144,180,0.35999362356960773,3.931173551827669,4.294116294942796,10,33,70,0,,
2026-05-16T04:06:23.425313,noisy,sax,"{'w': 144, 'bins': 10}",37,0,2,ok,0,37,0.3699490539729595,3.779646665789187,4.152597297914326,10,28,63,0,,
2026-05-16T04:06:27.313652,noisy,sax,"{'w': 144, 'bins': 10}",37,1,2,ok,37,74,0.36861549876630306,3.4933520862832665,3.865089239552617,10,2,19,0,,
2026-05-16T04:06:30.969049,noisy,sax,"{'w': 144, 'bins': 10}",37,2,2,ok,74,111,0.3721616296097636,3.258938509039581,3.6340989731252193,10,32,64,0,,
2026-05-16T04:06:37.983533,noisy,sax,"{'w': 144, 'bins': 10}",37,3,2,ok,111,148,0.36990959011018276,6.614739433862269,6.987794101238251,10,13,38,0,,
2026-05-16T04:06:41.943014,noisy,sax,"{'w': 144, 'bins': 10}",37,4,2,ok,148,185,0.36828385666012764,3.5653792303055525,3.9367273123934865,10,22,53,0,,
2026-05-16T04:06:46.006777,noisy,sax,"{'w': 144, 'bins': 10}",38,0,2,ok,0,38,0.3809709083288908,3.5823297910392284,3.9664072040468454,10,34,74,0,,
2026-05-16T04:06:50.373253,noisy,sax,"{'w': 144, 'bins': 10}",38,1,2,ok,38,76,0.38086721301078796,3.959879972971976,4.343876344151795,10,32,76,0,,
2026-05-16T04:06:54.334697,noisy,sax,"{'w': 144, 'bins': 10}",38,2,2,ok,76,114,0.3788047591224313,3.5552116530016065,3.937107678502798,10,28,59,0,,
2026-05-16T04:07:00.037283,noisy,sax,"{'w': 144, 'bins': 10}",38,3,2,ok,114,152,0.3799283495172858,5.2911182306706905,5.674323556013405,10,44,88,0,,
2026-05-16T04:07:04.687489,noisy,sax,"{'w': 144, 'bins': 10}",38,4,2,ok,152,190,0.38238880038261414,4.241543414071202,4.627088843844831,10,17,50,0,,
2026-05-16T04:07:08.937240,noisy,sax,"{'w': 144, 'bins': 10}",39,0,2,ok,0,39,0.3906037416309118,3.7581216851249337,4.151952467858791,10,40,81,0,,
2026-05-16T04:07:13.868648,noisy,sax,"{'w': 144, 'bins': 10}",39,1,2,ok,39,78,0.39474114309996367,4.509860394522548,4.9078224981203675,10,22,57,0,,
2026-05-16T04:07:19.327612,noisy,sax,"{'w': 144, 'bins': 10}",39,2,2,ok,78,117,0.3892309730872512,5.040893195196986,5.4333882592618465,10,11,33,0,,
2026-05-16T04:07:25.818491,noisy,sax,"{'w': 144, 'bins': 10}",39,3,2,ok,117,156,0.391463465988636,6.07103805616498,6.46579275559634,10,35,83,0,,
2026-05-16T04:07:31.757644,noisy,sax,"{'w': 144, 'bins': 10}",39,4,2,ok,156,195,0.3887165570631623,5.522037977352738,5.913953493349254,10,16,49,0,,
2026-05-16T04:07:36.457977,noisy,sax,"{'w': 144, 'bins': 10}",40,0,2,ok,0,40,0.40044312458485365,4.198608245700598,4.602195084095001,10,17,49,0,,
2026-05-16T04:07:40.180705,noisy,sax,"{'w': 144, 'bins': 10}",40,1,2,ok,40,80,0.40017108153551817,3.2989577716216445,3.7022848520427942,10,28,63,0,,
2026-05-16T04:07:46.248007,noisy,sax,"{'w': 144, 'bins': 10}",40,2,2,ok,80,120,0.399889743886888,5.636086062528193,6.039263111539185,10,18,45,0,,
2026-05-16T04:07:52.789830,noisy,sax,"{'w': 144, 'bins': 10}",40,3,2,ok,120,160,0.39727720711380243,6.112556884996593,6.513142988085747,10,9,33,0,,
2026-05-16T04:07:59.180694,noisy,sax,"{'w': 144, 'bins': 10}",40,4,2,ok,160,200,0.3985904539003968,5.959017449989915,6.36098353471607,10,59,117,0,,
2026-05-16T04:08:03.815226,noisy,sax,"{'w': 144, 'bins': 10}",41,0,2,ok,0,41,0.4118908569216728,4.119958852417767,4.535251469351351,10,45,91,0,,
2026-05-16T04:08:07.338411,noisy,sax,"{'w': 144, 'bins': 10}",41,1,2,ok,41,82,0.4096825486049056,3.070981215685606,3.4839133387431502,10,23,52,0,,
2026-05-16T04:08:14.206771,noisy,sax,"{'w': 144, 'bins': 10}",41,2,2,ok,82,123,0.40876283030956984,6.425409020856023,6.8377175917848945,10,29,66,0,,
2026-05-16T04:08:22.586800,noisy,sax,"{'w': 144, 'bins': 10}",41,3,2,ok,123,164,0.40861275885254145,7.936482849530876,8.348592977970839,10,40,73,0,,
2026-05-16T04:08:28.734729,noisy,sax,"{'w': 144, 'bins': 10}",41,4,2,ok,164,205,0.40972116217017174,5.70498514175415,6.118198714219034,10,38,83,0,,
2026-05-16T04:08:33.409997,noisy,sax,"{'w': 144, 'bins': 10}",42,0,2,ok,0,42,0.41788851376622915,4.1505610551685095,4.571937239728868,10,18,45,0,,
2026-05-16T04:08:37.522131,noisy,sax,"{'w': 144, 'bins': 10}",42,1,2,ok,42,84,0.42030118498951197,3.665794069878757,4.0894346963614225,10,43,89,0,,
2026-05-16T04:08:44.181936,noisy,sax,"{'w': 144, 'bins': 10}",42,2,2,ok,84,126,0.41916593350470066,6.200414225459099,6.623091414570808,10,35,72,0,,
2026-05-16T04:08:51.408595,noisy,sax,"{'w': 144, 'bins': 10}",42,3,2,ok,126,168,0.4211431164294481,6.7697616359218955,7.194498944096267,10,17,43,0,,
2026-05-16T04:08:58.857448,noisy,sax,"{'w': 144, 'bins': 10}",42,4,2,ok,168,210,0.4194573601707816,6.9962346674874425,7.419220075011253,10,25,70,0,,
2026-05-16T04:09:04.222264,noisy,sax,"{'w': 144, 'bins': 10}",43,0,2,ok,0,43,0.42778000328689814,4.832617625594139,5.263851476833224,10,38,85,0,,
2026-05-16T04:09:07.842521,noisy,sax,"{'w': 144, 'bins': 10}",43,1,2,ok,43,86,0.4302156884223223,3.1655297838151455,3.599114019423723,10,21,55,0,,
2026-05-16T04:09:15.211071,noisy,sax,"{'w': 144, 'bins': 10}",43,2,2,ok,86,129,0.43055926356464624,6.900797692127526,7.335055924020708,10,18,50,0,,
2026-05-16T04:09:22.051206,noisy,sax,"{'w': 144, 'bins': 10}",43,3,2,ok,129,172,0.4298554714769125,6.376977318897843,6.810437341220677,10,34,71,0,,
2026-05-16T04:09:30.223786,noisy,sax,"{'w': 144, 'bins': 10}",43,4,2,ok,172,215,0.43223114404827356,7.705272540450096,8.141195930540562,10,13,46,0,,
2026-05-16T04:09:35.716100,noisy,sax,"{'w': 144, 'bins': 10}",44,0,2,ok,0,44,0.4405712503939867,4.949347799643874,5.393520204350352,10,18,56,0,,
2026-05-16T04:09:39.737615,noisy,sax,"{'w': 144, 'bins': 10}",44,1,2,ok,44,88,0.4395939242094755,3.556772987358272,3.9998382022604346,10,29,70,0,,
2026-05-16T04:09:47.991654,noisy,sax,"{'w': 144, 'bins': 10}",44,2,2,ok,88,132,0.44033148884773254,7.777077969163656,8.221227440051734,10,18,47,0,,
2026-05-16T04:09:54.091170,noisy,sax,"{'w': 144, 'bins': 10}",44,3,2,ok,132,176,0.43991367518901825,5.626704653725028,6.070171012543142,10,16,42,0,,
2026-05-16T04:10:02.432138,noisy,sax,"{'w': 144, 'bins': 10}",44,4,2,ok,176,220,0.4396667303517461,7.863974714651704,8.307356423698366,10,8,30,0,,
2026-05-16T04:10:07.996433,noisy,sax,"{'w': 144, 'bins': 10}",45,0,2,ok,0,45,0.4510737173259258,5.007737146690488,5.462406458333135,10,10,40,0,,
2026-05-16T04:10:12.365557,noisy,sax,"{'w': 144, 'bins': 10}",45,1,2,ok,45,90,0.44746341556310654,3.8933204924687743,4.344384751282632,10,32,73,0,,
2026-05-16T04:10:21.593358,noisy,sax,"{'w': 144, 'bins': 10}",45,2,2,ok,90,135,0.4504076763987541,8.743057704530656,9.197290556505322,10,38,89,0,,
2026-05-16T04:10:27.408540,noisy,sax,"{'w': 144, 'bins': 10}",45,3,2,ok,135,180,0.4502313146367669,5.331791023723781,5.785715465433896,10,39,75,0,,
2026-05-16T04:10:37.139033,noisy,sax,"{'w': 144, 'bins': 10}",45,4,2,ok,180,225,0.45062194764614105,9.242501631379128,9.696923216804862,10,19,58,0,,
2026-05-16T04:10:42.949448,noisy,sax,"{'w': 144, 'bins': 10}",46,0,2,ok,0,46,0.4579072827473283,5.242415843531489,5.704125368967652,10,27,65,0,,
2026-05-16T04:10:48.003047,noisy,sax,"{'w': 144, 'bins': 10}",46,1,2,ok,46,92,0.4627390904352069,4.559714982286096,5.026084502227604,10,48,95,0,,
2026-05-16T04:10:58.669963,noisy,sax,"{'w': 144, 'bins': 10}",46,2,2,ok,92,138,0.45922731328755617,10.16684696264565,10.62990399915725,10,29,70,0,,
2026-05-16T04:11:04.084182,noisy,sax,"{'w': 144, 'bins': 10}",46,3,2,ok,138,184,0.4615946700796485,4.921351063065231,5.386710314080119,10,43,91,0,,
2026-05-16T04:11:14.245710,noisy,sax,"{'w': 144, 'bins': 10}",46,4,2,ok,184,230,0.4595091426745057,9.661785285919905,10.125166752375662,10,9,32,0,,
2026-05-16T04:11:20.062272,noisy,sax,"{'w': 144, 'bins': 10}",47,0,2,ok,0,47,0.4691831646487117,5.2366371704265475,5.709680866450071,10,15,41,0,,
2026-05-16T04:11:24.825059,noisy,sax,"{'w': 144, 'bins': 10}",47,1,2,ok,47,94,0.4692055257037282,4.263583887368441,4.736566708423197,10,19,52,0,,
2026-05-16T04:11:35.373631,noisy,sax,"{'w': 144, 'bins': 10}",47,2,2,ok,94,141,0.4695843867957592,10.034000396728516,10.50763878878206,10,48,92,0,,
2026-05-16T04:11:41.041460,noisy,sax,"{'w': 144, 'bins': 10}",47,3,2,ok,141,188,0.47032468765974045,5.163418186828494,5.637662588618696,10,31,66,0,,
2026-05-16T04:11:50.446020,noisy,sax,"{'w': 144, 'bins': 10}",47,4,2,ok,188,235,0.4693949716165662,8.893826619721949,9.367279903963208,10,13,43,0,,
2026-05-16T04:11:56.456307,noisy,sax,"{'w': 144, 'bins': 10}",48,0,2,ok,0,48,0.47867415100336075,5.420507543720305,5.903132446110249,10,9,39,0,,
2026-05-16T04:12:01.537296,noisy,sax,"{'w': 144, 'bins': 10}",48,1,2,ok,48,96,0.48223246447741985,4.567945243790746,5.053892987780273,10,30,63,0,,
2026-05-16T04:12:10.500201,noisy,sax,"{'w': 144, 'bins': 10}",48,2,2,ok,96,144,0.48206382896751165,8.437716412357986,8.923725602217019,10,43,80,0,,
2026-05-16T04:12:18.245903,noisy,sax,"{'w': 144, 'bins': 10}",48,3,2,ok,144,192,0.4793550902977586,7.229767805896699,7.713009406812489,10,15,42,0,,
2026-05-16T04:12:27.768202,noisy,sax,"{'w': 144, 'bins': 10}",48,4,2,ok,192,240,0.4788450235500932,9.00175921805203,9.484627437777817,10,21,61,0,,
2026-05-16T04:12:33.914316,noisy,sax,"{'w': 144, 'bins': 10}",49,0,2,ok,0,49,0.48945270758122206,5.547136255539954,6.040542980656028,10,30,66,0,,
2026-05-16T04:12:40.122935,noisy,sax,"{'w': 144, 'bins': 10}",49,1,2,ok,49,98,0.48931606113910675,5.6876690201461315,6.180963434278965,10,16,45,0,,
2026-05-16T04:12:48.342777,noisy,sax,"{'w': 144, 'bins': 10}",49,2,2,ok,98,147,0.49084077682346106,7.688415963202715,8.18344340287149,10,38,82,0,,
2026-05-16T04:12:56.214985,noisy,sax,"{'w': 144, 'bins': 10}",49,3,2,ok,147,196,0.4876821916550398,7.345373909920454,7.837156122550368,10,30,76,0,,
2026-05-16T04:13:04.985476,noisy,sax,"{'w': 144, 'bins': 10}",49,4,2,ok,196,245,0.48824264481663704,8.235698116011918,8.728091127239168,10,12,38,0,,
2026-05-16T04:13:11.744315,noisy,sax,"{'w': 144, 'bins': 10}",50,0,2,ok,0,50,0.5007434356957674,6.1465895073488355,6.651304203085601,10,41,83,0,,
2026-05-16T04:13:17.777750,noisy,sax,"{'w': 144, 'bins': 10}",50,1,2,ok,50,100,0.4983306834474206,5.5011656964197755,6.003424808382988,10,14,40,0,,
2026-05-16T04:13:26.693026,noisy,sax,"{'w': 144, 'bins': 10}",50,2,2,ok,100,150,0.4986415272578597,8.373313260264695,8.876048237085342,10,23,54,0,,
2026-05-16T04:13:34.371109,noisy,sax,"{'w': 144, 'bins': 10}",50,3,2,ok,150,200,0.4999715154990554,7.140394400805235,7.644432875327766,10,19,55,0,,
2026-05-16T04:13:42.967804,noisy,sax,"{'w': 144, 'bins': 10}",50,4,2,ok,200,250,0.4986722059547901,8.058764808811247,8.561595725826919,10,19,50,0,,
2026-05-16T04:13:49.946091,noisy,sax,"{'w': 144, 'bins': 10}",51,0,2,ok,0,51,0.5104989111423492,6.358839392662048,6.873489291407168,10,25,65,0,,
2026-05-16T04:13:55.759773,noisy,sax,"{'w': 144, 'bins': 10}",51,1,2,ok,51,102,0.5095707979053259,5.266618208959699,5.780358508229256,10,21,50,0,,
2026-05-16T04:14:07.283558,noisy,sax,"{'w': 144, 'bins': 10}",51,2,2,ok,102,153,0.5065681282430887,10.968104053288698,11.478921633213758,10,45,87,0,,
2026-05-16T04:14:16.510609,noisy,sax,"{'w': 144, 'bins': 10}",51,3,2,ok,153,204,0.5122096939012408,8.67418337892741,9.190688211470842,10,17,49,0,,
2026-05-16T04:14:24.909712,noisy,sax,"{'w': 144, 'bins': 10}",51,4,2,ok,204,255,0.5096670081838965,7.851008043624461,8.364866115152836,10,15,43,0,,
2026-05-16T04:14:31.898989,noisy,sax,"{'w': 144, 'bins': 10}",52,0,2,ok,0,52,0.5174076277762651,6.358682660385966,6.88029486592859,10,26,58,0,,
2026-05-16T04:14:37.131926,noisy,sax,"{'w': 144, 'bins': 10}",52,1,2,ok,52,104,0.5171440131962299,4.682076727971435,5.203235772438347,10,33,65,0,,
2026-05-16T04:14:49.634690,noisy,sax,"{'w': 144, 'bins': 10}",52,2,2,ok,104,156,0.5217529498040676,11.931541005149484,12.457731559872627,10,10,36,0,,
2026-05-16T04:14:59.684998,noisy,sax,"{'w': 144, 'bins': 10}",52,3,2,ok,156,208,0.5227725645527244,9.48467273823917,10.011805893853307,10,8,33,0,,
2026-05-16T04:15:08.265242,noisy,sax,"{'w': 144, 'bins': 10}",52,4,2,ok,208,260,0.524614424444735,8.010747255757451,8.53977929893881,10,3,22,0,,
2026-05-16T04:15:16.358095,noisy,sax,"{'w': 144, 'bins': 10}",53,0,2,ok,0,53,0.5300396159291267,7.448897819034755,7.983319675549865,10,38,77,0,,
2026-05-16T04:15:22.837441,noisy,sax,"{'w': 144, 'bins': 10}",53,1,2,ok,53,106,0.5305394036695361,5.91285743098706,6.447633434087038,10,19,49,0,,
2026-05-16T04:15:38.296151,noisy,sax,"{'w': 144, 'bins': 10}",53,2,2,ok,106,159,0.5301583390682936,14.880350952036679,15.414874870330095,10,26,65,0,,
2026-05-16T04:15:48.315030,noisy,sax,"{'w': 144, 'bins': 10}",53,3,2,ok,159,212,0.5308668371289968,9.438793475739658,9.974169653840363,10,9,32,0,,
2026-05-16T04:15:57.472344,noisy,sax,"{'w': 144, 'bins': 10}",53,4,2,ok,212,265,0.5300558544695377,8.580906715244055,9.115338668227196,10,29,61,0,,
2026-05-16T04:16:05.937175,noisy,sax,"{'w': 144, 'bins': 10}",54,0,2,ok,0,54,0.5402403138577938,7.808040965348482,8.352641339413822,10,32,76,0,,
2026-05-16T04:16:12.338115,noisy,sax,"{'w': 144, 'bins': 10}",54,1,2,ok,54,108,0.5463431486859918,5.814184269867837,6.365463170222938,10,34,71,0,,
2026-05-16T04:16:22.718090,noisy,sax,"{'w': 144, 'bins': 10}",54,2,2,ok,108,162,0.5393071519210935,9.795145209878683,10.338948869146407,10,47,96,0,,
2026-05-16T04:16:35.436059,noisy,sax,"{'w': 144, 'bins': 10}",54,3,2,ok,162,216,0.5402982523664832,12.123513736762106,12.66840950679034,10,25,56,0,,
2026-05-16T04:16:43.006232,noisy,sax,"{'w': 144, 'bins': 10}",54,4,2,ok,216,270,0.5403570337221026,6.941077169030905,7.534173462539911,10,15,38,0,,
2026-05-16T04:16:51.989958,noisy,sax,"{'w': 144, 'bins': 10}",55,0,2,ok,0,55,0.5487210750579834,8.315945588052273,8.869170893914998,10,38,79,0,,
2026-05-16T04:16:59.235359,noisy,sax,"{'w': 144, 'bins': 10}",55,1,2,ok,55,110,0.5500152166932821,6.655804233625531,7.210312630981207,10,40,79,0,,
2026-05-16T04:17:10.775765,noisy,sax,"{'w': 144, 'bins': 10}",55,2,2,ok,110,165,0.5468763206154108,10.94811410550028,11.499574726447463,10,36,81,0,,
2026-05-16T04:17:21.391504,noisy,sax,"{'w': 144, 'bins': 10}",55,3,2,ok,165,220,0.551646800711751,10.010761118493974,10.567066350020468,10,14,43,0,,
2026-05-16T04:17:28.702245,noisy,sax,"{'w': 144, 'bins': 10}",55,4,2,ok,220,275,0.5503465374931693,6.717207996174693,7.271920124068856,10,19,46,0,,
2026-05-16T04:17:37.608180,noisy,sax,"{'w': 144, 'bins': 10}",56,0,2,ok,0,56,0.5584985604509711,8.230754990130663,8.793789932504296,10,32,78,0,,
2026-05-16T04:17:44.880208,noisy,sax,"{'w': 144, 'bins': 10}",56,1,2,ok,56,112,0.5565258953720331,6.678180731832981,7.2392095355317,10,42,92,0,,
2026-05-16T04:17:59.439864,noisy,sax,"{'w': 144, 'bins': 10}",56,2,2,ok,112,168,0.5634670946747065,13.94702659547329,14.51520287618041,10,40,91,0,,
2026-05-16T04:18:12.732499,noisy,sax,"{'w': 144, 'bins': 10}",56,3,2,ok,168,224,0.557392162270844,12.693183997645974,13.255191129632294,10,39,91,0,,
2026-05-16T04:18:20.693077,noisy,sax,"{'w': 144, 'bins': 10}",56,4,2,ok,224,280,0.5605072034522891,7.3567011365666986,7.921807278878987,10,16,43,0,,
2026-05-16T04:18:28.846864,noisy,sax,"{'w': 144, 'bins': 10}",57,0,2,ok,0,57,0.571150828152895,7.466123333200812,8.041822315193713,10,5,28,0,,
2026-05-16T04:18:36.547108,noisy,sax,"{'w': 144, 'bins': 10}",57,1,2,ok,57,114,0.571919240988791,7.0898672910407186,7.666352358646691,10,30,68,0,,
2026-05-16T04:18:48.453729,noisy,sax,"{'w': 144, 'bins': 10}",57,2,2,ok,114,171,0.5697667077183723,11.28636574279517,11.8608811898157,10,18,47,0,,
2026-05-16T04:19:00.039565,noisy,sax,"{'w': 144, 'bins': 10}",57,3,2,ok,171,228,0.5727530485019088,10.964965884573758,11.542372083291411,10,21,55,0,,
2026-05-16T04:19:08.965881,noisy,sax,"{'w': 144, 'bins': 10}",57,4,2,ok,228,285,0.5717078242450953,8.310344811528921,8.886695847846568,10,18,43,0,,
2026-05-16T04:19:18.565776,noisy,sax,"{'w': 144, 'bins': 10}",58,0,2,ok,0,58,0.5820756303146482,8.899654367938638,9.486406031996012,10,13,43,0,,
2026-05-16T04:19:26.623497,noisy,sax,"{'w': 144, 'bins': 10}",58,1,2,ok,58,116,0.579233780503273,7.429408825933933,8.01325767673552,10,28,62,0,,
2026-05-16T04:19:37.616027,noisy,sax,"{'w': 144, 'bins': 10}",58,2,2,ok,116,174,0.5781171126291156,10.362898734398186,10.94571409188211,10,37,71,0,,
2026-05-16T04:19:49.778062,noisy,sax,"{'w': 144, 'bins': 10}",58,3,2,ok,174,232,0.5812083994969726,11.533463253639638,12.119437887333333,10,8,34,0,,
2026-05-16T04:19:57.927270,noisy,sax,"{'w': 144, 'bins': 10}",58,4,2,ok,232,290,0.5844134697690606,7.519916959106922,8.10891214478761,10,27,70,0,,
2026-05-16T04:20:06.794104,noisy,sax,"{'w': 144, 'bins': 10}",59,0,2,ok,0,59,0.588492764160037,8.163183321245015,8.756349333561957,10,40,87,0,,
2026-05-16T04:20:16.108621,noisy,sax,"{'w': 144, 'bins': 10}",59,1,2,ok,59,118,0.593855706974864,8.675990168005228,9.274659056216478,10,35,75,0,,
2026-05-16T04:20:27.299850,noisy,sax,"{'w': 144, 'bins': 10}",59,2,2,ok,118,177,0.5884152771905065,10.546663992106915,11.140095502138138,10,28,55,0,,
2026-05-16T04:20:40.779149,noisy,sax,"{'w': 144, 'bins': 10}",59,3,2,ok,177,236,0.5937704565003514,12.836125980131328,13.434810838662088,10,28,79,0,,
2026-05-16T04:20:49.897762,noisy,sax,"{'w': 144, 'bins': 10}",59,4,2,ok,236,295,0.5870581166818738,8.480273460969329,9.072130642831326,10,23,56,0,,
2026-05-16T04:20:58.817031,noisy,sax,"{'w': 144, 'bins': 10}",60,0,2,ok,0,60,0.5953964302316308,8.204518989659846,8.804724233224988,10,22,54,0,,
2026-05-16T04:21:08.781878,noisy,sax,"{'w': 144, 'bins': 10}",60,1,2,ok,60,120,0.6001267461106181,9.318608635105193,9.923674618825316,10,16,48,0,,
2026-05-16T04:21:20.255853,noisy,sax,"{'w': 144, 'bins': 10}",60,2,2,ok,120,180,0.6013732273131609,10.818798338994384,11.425072472542524,10,44,93,0,,
2026-05-16T04:21:32.754035,noisy,sax,"{'w': 144, 'bins': 10}",60,3,2,ok,180,240,0.6010631853714585,11.84660277608782,12.452693435363472,10,41,95,0,,
2026-05-16T04:21:42.709120,noisy,sax,"{'w': 144, 'bins': 10}",60,4,2,ok,240,300,0.6003565480932593,9.308321302756667,9.913656242191792,10,35,74,0,,
2026-05-16T04:21:52.127542,noisy,sax,"{'w': 144, 'bins': 10}",61,0,2,ok,0,61,0.6082505853846669,8.691598007455468,9.304782121442258,10,18,48,0,,
2026-05-16T04:22:02.827742,noisy,sax,"{'w': 144, 'bins': 10}",61,1,2,ok,61,122,0.6124389134347439,10.040744309313595,10.658134935423732,10,29,72,0,,
2026-05-16T04:22:13.795338,noisy,sax,"{'w': 144, 'bins': 10}",61,2,2,ok,122,183,0.6104507995769382,10.309564431197941,10.92499177902937,10,18,45,0,,
2026-05-16T04:22:27.371540,noisy,sax,"{'w': 144, 'bins': 10}",61,3,2,ok,183,244,0.6105136582627892,12.907021425664425,13.522699484601617,10,11,39,0,,
2026-05-16T04:22:34.631132,noisy,sax,"{'w': 144, 'bins': 10}",61,4,2,ok,244,305,0.6118115652352571,6.605468601919711,7.222193466499448,10,41,74,0,,
2026-05-16T04:22:43.750597,noisy,sax,"{'w': 144, 'bins': 10}",62,0,2,ok,0,62,0.6187483053654432,8.374759745784104,8.998357099480927,10,8,31,0,,
2026-05-16T04:22:54.268838,noisy,sax,"{'w': 144, 'bins': 10}",62,1,2,ok,62,124,0.620149196125567,9.851832772605121,10.47697083093226,10,42,93,0,,
2026-05-16T04:23:06.241059,noisy,sax,"{'w': 144, 'bins': 10}",62,2,2,ok,124,186,0.6213178327307105,11.30079520586878,11.927258973941207,10,17,47,0,,
2026-05-16T04:23:22.199919,noisy,sax,"{'w': 144, 'bins': 10}",62,3,2,ok,186,248,0.6257936898618937,15.274633409455419,15.905986421741545,10,37,88,0,,
2026-05-16T04:23:31.029864,noisy,sax,"{'w': 144, 'bins': 10}",62,4,2,ok,248,310,0.6196916671469808,8.16351051069796,8.788118693046272,10,19,50,0,,
2026-05-16T04:23:40.317474,noisy,sax,"{'w': 144, 'bins': 10}",63,0,2,ok,0,63,0.6342329233884811,8.534229035489261,9.173406477086246,10,16,50,0,,
2026-05-16T04:23:50.562640,noisy,sax,"{'w': 144, 'bins': 10}",63,1,2,ok,63,126,0.6352624157443643,9.556435715407133,10.196879995055497,10,14,42,0,,
2026-05-16T04:24:02.737497,noisy,sax,"{'w': 144, 'bins': 10}",63,2,2,ok,126,189,0.6337228044867516,11.492740047164261,12.131557060405612,10,37,86,0,,
2026-05-16T04:24:17.770948,noisy,sax,"{'w': 144, 'bins': 10}",63,3,2,ok,189,252,0.6299222046509385,14.342256273142993,14.977492289617658,10,41,84,0,,
2026-05-16T04:24:26.948997,noisy,sax,"{'w': 144, 'bins': 10}",63,4,2,ok,252,315,0.6311309048905969,8.50309259723872,9.139386089518666,10,38,81,0,,
2026-05-16T04:24:36.881656,noisy,sax,"{'w': 144, 'bins': 10}",64,0,2,ok,0,64,0.6394423982128501,9.170214518904686,9.814629347994924,10,21,54,0,,
2026-05-16T04:24:47.966380,noisy,sax,"{'w': 144, 'bins': 10}",64,1,2,ok,64,128,0.6435243943706155,10.390434130094945,11.039071911014616,10,23,57,0,,
2026-05-16T04:25:02.319254,noisy,sax,"{'w': 144, 'bins': 10}",64,2,2,ok,128,192,0.6358425943180919,13.657724522985518,14.298806389793754,10,22,49,0,,
2026-05-16T04:25:17.461500,noisy,sax,"{'w': 144, 'bins': 10}",64,3,2,ok,192,256,0.6381243504583836,14.441972710192204,15.085512434132397,10,20,52,0,,
2026-05-16T04:25:26.324178,noisy,sax,"{'w': 144, 'bins': 10}",64,4,2,ok,256,320,0.6448813444003463,8.170591462403536,8.820586623623967,10,14,42,0,,
2026-05-16T04:25:36.508640,noisy,sax,"{'w': 144, 'bins': 10}",65,0,2,ok,0,65,0.6501285303384066,9.411805059760809,10.06719228811562,10,48,99,0,,
2026-05-16T04:25:48.189974,noisy,sax,"{'w': 144, 'bins': 10}",65,1,2,ok,65,130,0.6556231612339616,10.968687312677503,11.629642740823328,10,38,82,0,,
2026-05-16T04:26:01.926375,noisy,sax,"{'w': 144, 'bins': 10}",65,2,2,ok,130,195,0.6545060519129038,13.025487805716693,13.685451029799879,10,24,59,0,,
2026-05-16T04:26:16.816597,noisy,sax,"{'w': 144, 'bins': 10}",65,3,2,ok,195,260,0.6562966173514724,14.168964443728328,14.83064758963883,10,22,56,0,,
2026-05-16T04:26:24.800342,noisy,sax,"{'w': 144, 'bins': 10}",65,4,2,ok,260,325,0.648795816116035,7.290185152553022,7.944110805168748,10,33,63,0,,
2026-05-16T04:26:34.663432,noisy,sax,"{'w': 144, 'bins': 10}",66,0,2,ok,0,66,0.6588635686784983,9.081109527498484,9.74521672539413,10,34,77,0,,
2026-05-16T04:26:47.523715,noisy,sax,"{'w': 144, 'bins': 10}",66,1,2,ok,66,132,0.6640429170802236,12.133495571091771,12.80286887101829,10,33,71,0,,
2026-05-16T04:27:00.595728,noisy,sax,"{'w': 144, 'bins': 10}",66,2,2,ok,132,198,0.6609989190474153,12.35468970425427,13.021135616116226,10,5,26,0,,
2026-05-16T04:27:16.528912,noisy,sax,"{'w': 144, 'bins': 10}",66,3,2,ok,198,264,0.6647353284060955,15.203471079468727,15.873688735999167,10,9,34,0,,
2026-05-16T04:27:25.172970,noisy,sax,"{'w': 144, 'bins': 10}",66,4,2,ok,264,330,0.662526317872107,7.937666782177985,8.605451807379723,10,21,53,0,,
2026-05-16T04:27:36.477000,noisy,sax,"{'w': 144, 'bins': 10}",67,0,2,ok,0,67,0.6705601885914803,10.508733768947423,11.1846461603418,10,19,47,0,,
2026-05-16T04:27:49.184966,noisy,sax,"{'w': 144, 'bins': 10}",67,1,2,ok,67,134,0.6740726064890623,11.973034635186195,12.65254835318774,10,12,44,0,,
2026-05-16T04:28:01.816164,noisy,sax,"{'w': 144, 'bins': 10}",67,2,2,ok,134,201,0.6696928692981601,11.906303729861975,12.581459912471473,10,32,78,0,,
2026-05-16T04:28:15.728505,noisy,sax,"{'w': 144, 'bins': 10}",67,3,2,ok,201,268,0.668579276651144,13.181220361031592,13.85544291883707,10,12,39,0,,
2026-05-16T04:28:26.418153,noisy,sax,"{'w': 144, 'bins': 10}",67,4,2,ok,268,335,0.6668693451210856,9.971179367043078,10.643385337665677,10,51,106,0,,
2026-05-16T04:28:37.462450,noisy,sax,"{'w': 144, 'bins': 10}",68,0,2,ok,0,68,0.686087685637176,10.229609188623726,10.921057874336839,10,36,75,0,,
2026-05-16T04:28:52.545511,noisy,sax,"{'w': 144, 'bins': 10}",68,1,2,ok,68,136,0.6834146743640304,14.344790396280587,15.033769042231143,10,33,86,0,,
2026-05-16T04:29:04.866490,noisy,sax,"{'w': 144, 'bins': 10}",68,2,2,ok,136,204,0.6823242958635092,11.581420140340924,12.26915664318949,10,15,42,0,,
2026-05-16T04:29:18.124875,noisy,sax,"{'w': 144, 'bins': 10}",68,3,2,ok,204,272,0.6809742199257016,12.516869964078069,13.203332222998142,10,41,90,0,,
2026-05-16T04:29:27.649327,noisy,sax,"{'w': 144, 'bins': 10}",68,4,2,ok,272,340,0.6857393803074956,8.786356129683554,9.477619908750057,10,12,41,0,,
2026-05-16T04:29:38.457013,noisy,sax,"{'w': 144, 'bins': 10}",69,0,2,ok,0,69,0.6896466910839081,9.995156274177134,10.690140350721776,10,29,74,0,,
2026-05-16T04:29:51.894967,noisy,sax,"{'w': 144, 'bins': 10}",69,1,2,ok,69,138,0.6878455076366663,12.690094292163849,13.383506055921316,10,32,78,0,,
2026-05-16T04:30:06.621302,noisy,sax,"{'w': 144, 'bins': 10}",69,2,2,ok,138,207,0.694411139935255,13.970915712416172,14.670950466766953,10,36,89,0,,
2026-05-16T04:30:21.665979,noisy,sax,"{'w': 144, 'bins': 10}",69,3,2,ok,207,276,0.6908571347594261,14.296523913741112,14.993153601884842,10,47,109,0,,
2026-05-16T04:30:31.503544,noisy,sax,"{'w': 144, 'bins': 10}",69,4,2,ok,276,345,0.6940355747938156,9.091316958889365,9.79079152084887,10,32,67,0,,
2026-05-16T04:30:43.364809,noisy,sax,"{'w': 144, 'bins': 10}",70,0,2,ok,0,70,0.6962130144238472,11.033376505598426,11.73513275384903,10,12,37,0,,
2026-05-16T04:30:56.485827,noisy,sax,"{'w': 144, 'bins': 10}",70,1,2,ok,70,140,0.7016440164297819,12.355679647997022,13.06294028647244,10,15,41,0,,
2026-05-16T04:31:10.029746,noisy,sax,"{'w': 144, 'bins': 10}",70,2,2,ok,140,210,0.7058486547321081,12.779857470653951,13.49143915437162,10,30,77,0,,
2026-05-16T04:31:22.218033,noisy,sax,"{'w': 144, 'bins': 10}",70,3,2,ok,210,280,0.7014573849737644,11.42701368406415,12.134086979553103,10,11,35,0,,
2026-05-16T04:31:32.074787,noisy,sax,"{'w': 144, 'bins': 10}",70,4,2,ok,280,350,0.699224210344255,9.110995745286345,9.815808333456516,10,35,82,0,,
2026-05-16T04:31:43.804460,noisy,sax,"{'w': 144, 'bins': 10}",71,0,2,ok,0,71,0.713112648576498,10.888461786322296,11.60725929401815,10,35,78,0,,
2026-05-16T04:31:58.316529,noisy,sax,"{'w': 144, 'bins': 10}",71,1,2,ok,71,142,0.7129122819751501,13.73181336838752,14.450600005686283,10,8,30,0,,
2026-05-16T04:32:16.250086,noisy,sax,"{'w': 144, 'bins': 10}",71,2,2,ok,142,213,0.7578017860651016,17.109615945257246,17.873398065567017,10,35,82,0,,
2026-05-16T04:32:29.047080,noisy,sax,"{'w': 144, 'bins': 10}",71,3,2,ok,213,284,0.7074442114681005,12.019015655852854,12.732412679120898,10,1,10,0,,
2026-05-16T04:32:37.573784,noisy,sax,"{'w': 144, 'bins': 10}",71,4,2,ok,284,355,0.7125741681084037,7.7621701611205935,8.48045058734715,10,25,58,0,,
2026-05-16T04:32:49.694029,noisy,sax,"{'w': 144, 'bins': 10}",72,0,2,ok,0,72,0.7224449682980776,11.268730114214122,11.99693309981376,10,43,94,0,,
2026-05-16T04:33:04.416713,noisy,sax,"{'w': 144, 'bins': 10}",72,1,2,ok,72,144,0.7192445769906044,13.937788028270006,14.66281009837985,10,41,86,0,,
2026-05-16T04:33:22.632548,noisy,sax,"{'w': 144, 'bins': 10}",72,2,2,ok,144,216,0.7259714119136333,17.417465190403163,18.149564392864704,10,14,42,0,,
2026-05-16T04:33:35.861651,noisy,sax,"{'w': 144, 'bins': 10}",72,3,2,ok,216,288,0.7174269016832113,12.447988932952285,13.171267587691545,10,17,45,0,,
2026-05-16T04:33:45.224442,noisy,sax,"{'w': 144, 'bins': 10}",72,4,2,ok,288,360,0.7229011943563819,8.584863971918821,9.313377941027284,10,13,39,0,,
2026-05-16T04:33:57.399260,noisy,sax,"{'w': 144, 'bins': 10}",73,0,2,ok,0,73,0.730983448214829,11.311983141116798,12.048780780285597,10,41,89,0,,
2026-05-16T04:34:13.426610,noisy,sax,"{'w': 144, 'bins': 10}",73,1,2,ok,73,146,0.7309836279600859,15.226466218940914,15.96340976189822,10,27,63,0,,
2026-05-16T04:34:31.268438,noisy,sax,"{'w': 144, 'bins': 10}",73,2,2,ok,146,219,0.7392985066398978,17.029352637939155,17.77469660062343,10,42,89,0,,
2026-05-16T04:34:44.516768,noisy,sax,"{'w': 144, 'bins': 10}",73,3,2,ok,219,292,0.7356919813901186,12.446889393031597,13.188295979052782,10,3,22,0,,
2026-05-16T04:34:54.342423,noisy,sax,"{'w': 144, 'bins': 10}",73,4,2,ok,292,365,0.731058987788856,9.044436733238399,9.781273094005883,10,28,58,0,,
2026-05-16T04:35:06.531338,noisy,sax,"{'w': 144, 'bins': 10}",74,0,2,ok,0,74,0.7433538231998682,11.309329162351787,12.058473902754486,10,15,45,0,,
2026-05-16T04:35:22.891772,noisy,sax,"{'w': 144, 'bins': 10}",74,1,2,ok,74,148,0.7483877595514059,15.551760173402727,16.306369189172983,10,19,57,0,,
2026-05-16T04:35:39.000253,noisy,sax,"{'w': 144, 'bins': 10}",74,2,2,ok,148,222,0.7422315254807472,15.292024825699627,16.040432853624225,10,22,53,0,,
2026-05-16T04:35:53.427704,noisy,sax,"{'w': 144, 'bins': 10}",74,3,2,ok,222,296,0.7375232810154557,13.622714191675186,14.366128148511052,10,4,24,0,,
2026-05-16T04:36:02.633074,noisy,sax,"{'w': 144, 'bins': 10}",74,4,2,ok,296,370,0.737974357791245,8.414527892135084,9.158446084707975,10,7,32,0,,
2026-05-16T04:36:15.268616,noisy,sax,"{'w': 144, 'bins': 10}",75,0,2,ok,0,75,0.7613335670903325,11.743285009637475,12.51074425317347,10,31,74,0,,
2026-05-16T04:36:31.285631,noisy,sax,"{'w': 144, 'bins': 10}",75,1,2,ok,75,150,0.7546326601877809,15.194060600362718,15.95499915536493,10,21,58,0,,
2026-05-16T04:36:48.184911,noisy,sax,"{'w': 144, 'bins': 10}",75,2,2,ok,150,225,0.7540333643555641,16.075676358304918,16.835999046452343,10,31,74,0,,
2026-05-16T04:37:02.261874,noisy,sax,"{'w': 144, 'bins': 10}",75,3,2,ok,225,300,0.7485109996050596,13.25856666918844,14.013268186710775,10,6,25,0,,
2026-05-16T04:37:12.956037,noisy,sax,"{'w': 144, 'bins': 10}",75,4,2,ok,300,375,0.7526027960702777,9.88537656608969,10.644047860987484,10,25,62,0,,
2026-05-16T04:37:27.405699,noisy,sax,"{'w': 144, 'bins': 10}",76,0,2,ok,0,76,0.7607597894966602,13.548149834387004,14.31512401625514,10,6,28,0,,
2026-05-16T04:37:43.439973,noisy,sax,"{'w': 144, 'bins': 10}",76,1,2,ok,76,152,0.7576922457665205,15.214300791732967,15.978236846625805,10,54,109,0,,
2026-05-16T04:38:02.314218,noisy,sax,"{'w': 144, 'bins': 10}",76,2,2,ok,152,228,0.7633976638317108,18.02865645568818,18.798303398303688,10,43,86,0,,
2026-05-16T04:38:16.749970,noisy,sax,"{'w': 144, 'bins': 10}",76,3,2,ok,228,304,0.762856406159699,13.603618538938463,14.372629475779831,10,3,20,0,,
2026-05-16T04:38:27.294559,noisy,sax,"{'w': 144, 'bins': 10}",76,4,2,ok,304,380,0.7639459129422903,9.718719956465065,10.48864594195038,10,43,84,0,,
2026-05-16T04:38:41.672884,noisy,sax,"{'w': 144, 'bins': 10}",77,0,2,ok,0,77,0.7728648772463202,13.467102693393826,14.246213233098388,10,22,59,0,,
2026-05-16T04:38:56.793909,noisy,sax,"{'w': 144, 'bins': 10}",77,1,2,ok,77,154,0.7741532465443015,14.279220201075077,15.059550912119448,10,44,95,0,,
2026-05-16T04:39:15.209706,noisy,sax,"{'w': 144, 'bins': 10}",77,2,2,ok,154,231,0.775033188983798,17.569076771847904,18.35050783958286,10,16,46,0,,
2026-05-16T04:39:28.527821,noisy,sax,"{'w': 144, 'bins': 10}",77,3,2,ok,231,308,0.7719159824773669,12.47510017734021,13.253190687857568,10,3,20,0,,
2026-05-16T04:39:39.464016,noisy,sax,"{'w': 144, 'bins': 10}",77,4,2,ok,308,385,0.7705401992425323,10.101856280118227,10.878547464497387,10,44,87,0,,
2026-05-16T04:39:51.834737,noisy,sax,"{'w': 144, 'bins': 10}",78,0,2,ok,0,78,0.7796399425715208,11.451728729531169,12.237590379081666,10,34,70,0,,
2026-05-16T04:40:10.779460,noisy,sax,"{'w': 144, 'bins': 10}",78,1,2,ok,78,156,0.7832590714097023,18.085079265758395,18.874687272123992,10,7,28,0,,
2026-05-16T04:40:27.962825,noisy,sax,"{'w': 144, 'bins': 10}",78,2,2,ok,156,234,0.781943779438734,16.33779210411012,17.126240180805326,10,35,90,0,,
2026-05-16T04:40:41.453284,noisy,sax,"{'w': 144, 'bins': 10}",78,3,2,ok,234,312,0.7782772313803434,12.643977209925652,13.428665213286877,10,42,88,0,,
2026-05-16T04:40:54.300293,noisy,sax,"{'w': 144, 'bins': 10}",78,4,2,ok,312,390,0.7825404899194837,11.993074662983418,12.781896662898362,10,13,40,0,,
2026-05-16T04:41:07.208934,noisy,sax,"{'w': 144, 'bins': 10}",79,0,2,ok,0,79,0.7917987816035748,11.98097906075418,12.779107171110809,10,12,39,0,,
2026-05-16T04:41:27.995514,noisy,sax,"{'w': 144, 'bins': 10}",79,1,2,ok,79,158,0.7969507686793804,19.910693682730198,20.714244259521365,10,14,36,0,,
2026-05-16T04:41:48.935656,noisy,sax,"{'w': 144, 'bins': 10}",79,2,2,ok,158,237,0.7944054380059242,20.07739554066211,20.878388141281903,10,42,110,0,,
2026-05-16T04:42:01.762009,noisy,sax,"{'w': 144, 'bins': 10}",79,3,2,ok,237,316,0.7937662163749337,11.978179641067982,12.77831899933517,10,37,89,0,,
2026-05-16T04:42:15.670741,noisy,sax,"{'w': 144, 'bins': 10}",79,4,2,ok,316,395,0.7953841658309102,13.040815634652972,13.842769712209702,10,39,84,0,,
2026-05-16T04:42:28.994723,noisy,sax,"{'w': 144, 'bins': 10}",80,0,2,ok,0,80,0.807908782735467,12.3729761056602,13.187326437793672,10,16,46,0,,
2026-05-16T04:42:48.237520,noisy,sax,"{'w': 144, 'bins': 10}",80,1,2,ok,80,160,0.7982749044895172,18.37066561356187,19.17540222592652,10,48,97,0,,
2026-05-16T04:43:12.600207,noisy,sax,"{'w': 144, 'bins': 10}",80,2,2,ok,160,240,0.804344235919416,23.488119741901755,24.299202915281057,10,28,74,0,,
2026-05-16T04:43:25.213727,noisy,sax,"{'w': 144, 'bins': 10}",80,3,2,ok,240,320,0.7992547051981091,11.750697239302099,12.55625641811639,10,37,78,0,,
2026-05-16T04:43:40.698093,noisy,sax,"{'w': 144, 'bins': 10}",80,4,2,ok,320,400,0.8066994696855545,14.607043467462063,15.420186060480773,10,6,27,0,,
2026-05-16T04:43:54.477357,noisy,sax,"{'w': 144, 'bins': 10}",81,0,2,ok,0,81,0.8047522706910968,12.827636768110096,13.638902945443988,10,14,44,0,,
2026-05-16T04:44:15.467096,noisy,sax,"{'w': 144, 'bins': 10}",81,1,2,ok,81,162,0.8123432016000152,20.112269802950323,20.9313789838925,10,41,93,0,,
2026-05-16T04:44:36.289589,noisy,sax,"{'w': 144, 'bins': 10}",81,2,2,ok,162,243,0.8170636175200343,19.922975396737456,20.74677947629243,10,15,40,0,,
2026-05-16T04:44:48.468574,noisy,sax,"{'w': 144, 'bins': 10}",81,3,2,ok,243,324,0.8090496929362416,11.306380497291684,12.121782902628183,10,22,56,0,,
2026-05-16T04:45:05.270354,noisy,sax,"{'w': 144, 'bins': 10}",81,4,2,ok,324,405,0.8081146478652954,15.913460488431156,16.72833191882819,10,13,40,0,,
2026-05-16T04:45:19.243850,noisy,sax,"{'w': 144, 'bins': 10}",82,0,2,ok,0,82,0.821356744505465,13.019690152257681,13.847660040482879,10,43,96,0,,
2026-05-16T04:45:41.956154,noisy,sax,"{'w': 144, 'bins': 10}",82,1,2,ok,82,164,0.8194492310285568,21.81005473434925,22.6362395985052,10,9,29,0,,
2026-05-16T04:46:05.993123,noisy,sax,"{'w': 144, 'bins': 10}",82,2,2,ok,164,246,0.8247372545301914,23.13114778511226,23.96276505291462,10,42,87,0,,
2026-05-16T04:46:19.776538,noisy,sax,"{'w': 144, 'bins': 10}",82,3,2,ok,246,328,0.8258100990206003,12.88507292419672,13.71843935828656,10,21,62,0,,
2026-05-16T04:46:39.414397,noisy,sax,"{'w': 144, 'bins': 10}",82,4,2,ok,328,410,0.8257733890786767,18.72070553712547,19.553482924588025,10,31,66,0,,
2026-05-16T04:46:53.576637,noisy,sax,"{'w': 144, 'bins': 10}",83,0,2,ok,0,83,0.8329239012673497,13.185471624135971,14.02513099834323,10,35,73,0,,
2026-05-16T04:47:15.841430,noisy,sax,"{'w': 144, 'bins': 10}",83,1,2,ok,83,166,0.8344208132475615,21.3454878218472,22.186812473461032,10,29,65,0,,
2026-05-16T04:47:39.387678,noisy,sax,"{'w': 144, 'bins': 10}",83,2,2,ok,166,249,0.8347341194748878,22.63757277559489,23.479330440051854,10,56,130,0,,
2026-05-16T04:47:53.727997,noisy,sax,"{'w': 144, 'bins': 10}",83,3,2,ok,249,332,0.8343024076893926,13.431088198907673,14.272216890007257,10,15,44,0,,
2026-05-16T04:48:19.635269,noisy,sax,"{'w': 144, 'bins': 10}",83,4,2,ok,332,415,0.8330268915742636,24.9959529703483,25.83574704453349,10,92,193,0,,
2026-05-16T04:48:33.206109,noisy,sax,"{'w': 144, 'bins': 10}",84,0,2,ok,0,84,0.8413333157077432,12.58965637627989,13.437692613340914,10,32,76,0,,
2026-05-16T04:48:57.895399,noisy,sax,"{'w': 144, 'bins': 10}",84,1,2,ok,84,168,0.8401865810155869,23.7701122071594,24.61726072616875,10,19,58,0,,
2026-05-16T04:49:17.299937,noisy,sax,"{'w': 144, 'bins': 10}",84,2,2,ok,168,252,0.847253174521029,18.47351693175733,19.32768944464624,10,33,76,0,,
2026-05-16T04:49:33.291414,noisy,sax,"{'w': 144, 'bins': 10}",84,3,2,ok,252,336,0.8405973110347986,15.0824756314978,15.929834796115756,10,51,102,0,,
2026-05-16T04:49:53.103913,noisy,sax,"{'w': 144, 'bins': 10}",84,4,2,ok,336,420,0.838484451174736,18.888480248861015,19.733840607106686,10,33,69,0,,
2026-05-16T04:50:07.560690,noisy,sax,"{'w': 144, 'bins': 10}",85,0,2,ok,0,85,0.8507186230272055,13.468181499280035,14.325583326630294,10,42,94,0,,
2026-05-16T04:50:32.009336,noisy,sax,"{'w': 144, 'bins': 10}",85,1,2,ok,85,170,0.8554164981469512,23.5029029622674,24.365591511130333,10,37,77,0,,
2026-05-16T04:50:55.168349,noisy,sax,"{'w': 144, 'bins': 10}",85,2,2,ok,170,255,0.8564957939088345,22.21935375314206,23.082997856661677,10,15,46,0,,
2026-05-16T04:51:09.985940,noisy,sax,"{'w': 144, 'bins': 10}",85,3,2,ok,255,340,0.8518023462966084,13.890322793275118,14.748925775289536,10,20,55,0,,
2026-05-16T04:51:28.861877,noisy,sax,"{'w': 144, 'bins': 10}",85,4,2,ok,340,425,0.8575283326208591,17.93831880018115,18.803083295933902,10,35,75,0,,
2026-05-16T04:51:43.402373,noisy,sax,"{'w': 144, 'bins': 10}",86,0,2,ok,0,86,0.8615192696452141,13.53679212834686,14.405120069161057,10,16,53,0,,
2026-05-16T04:52:10.866525,noisy,sax,"{'w': 144, 'bins': 10}",86,1,2,ok,86,172,0.8609107658267021,26.51132855936885,27.379339022561908,10,22,55,0,,
2026-05-16T04:52:33.177648,noisy,sax,"{'w': 144, 'bins': 10}",86,2,2,ok,172,258,0.8612480396404862,21.36167263239622,22.23006288893521,10,15,47,0,,
2026-05-16T04:52:48.024216,noisy,sax,"{'w': 144, 'bins': 10}",86,3,2,ok,258,344,0.8664547689259052,13.917274420149624,14.790557296015322,10,42,97,0,,
2026-05-16T04:53:07.749330,noisy,sax,"{'w': 144, 'bins': 10}",86,4,2,ok,344,430,0.856927240267396,18.796673175878823,19.660676589235663,10,40,100,0,,
2026-05-16T04:53:22.193844,noisy,sax,"{'w': 144, 'bins': 10}",87,0,2,ok,0,87,0.8745699226856232,13.426142137497663,14.307850109413266,10,31,72,0,,
2026-05-16T04:53:48.600732,noisy,sax,"{'w': 144, 'bins': 10}",87,1,2,ok,87,174,0.8693031184375286,25.441852670162916,26.318409235216677,10,44,94,0,,
2026-05-16T04:54:11.608205,noisy,sax,"{'w': 144, 'bins': 10}",87,2,2,ok,174,261,0.8710568621754646,22.04148952383548,22.91991437692195,10,8,33,0,,
2026-05-16T04:54:25.325186,noisy,sax,"{'w': 144, 'bins': 10}",87,3,2,ok,261,348,0.8669387148693204,12.777051256969571,13.651069240644574,10,18,45,0,,
2026-05-16T04:54:44.054648,noisy,sax,"{'w': 144, 'bins': 10}",87,4,2,ok,348,435,0.8758975742384791,17.774882498197258,18.657953668385744,10,38,90,0,,
2026-05-16T04:54:59.374136,noisy,sax,"{'w': 144, 'bins': 10}",88,0,2,ok,0,88,0.8748896606266499,14.290624388493598,15.172497468069196,10,30,62,0,,
2026-05-16T04:55:23.781544,noisy,sax,"{'w': 144, 'bins': 10}",88,1,2,ok,88,176,0.8799674995243549,23.42836990300566,24.31561505421996,10,13,37,0,,
2026-05-16T04:55:49.863123,noisy,sax,"{'w': 144, 'bins': 10}",88,2,2,ok,176,264,0.887354725971818,25.099251175299287,25.993976878002286,10,18,52,0,,
2026-05-16T04:56:03.140669,noisy,sax,"{'w': 144, 'bins': 10}",88,3,2,ok,264,352,0.8793065249919891,12.327500182203948,13.21371999476105,10,36,77,0,,
2026-05-16T04:56:21.144083,noisy,sax,"{'w': 144, 'bins': 10}",88,4,2,ok,352,440,0.8816234469413757,17.041930815204978,17.93058893736452,10,9,36,0,,
2026-05-16T04:56:36.194399,noisy,sax,"{'w': 144, 'bins': 10}",89,0,2,ok,0,89,0.8877531122416258,14.025479142554104,14.920343483798206,10,40,94,0,,
2026-05-16T04:56:59.809701,noisy,sax,"{'w': 144, 'bins': 10}",89,1,2,ok,89,178,0.8908385671675205,22.64561784081161,23.54379015509039,10,37,96,0,,
2026-05-16T04:57:22.789440,noisy,sax,"{'w': 144, 'bins': 10}",89,2,2,ok,178,267,0.8895754432305694,21.982771599665284,22.879730352200568,10,10,34,0,,
2026-05-16T04:57:36.226487,noisy,sax,"{'w': 144, 'bins': 10}",89,3,2,ok,267,356,0.8902171086519957,12.487088474445045,13.384441869333386,10,30,71,0,,
2026-05-16T04:57:53.192166,noisy,sax,"{'w': 144, 'bins': 10}",89,4,2,ok,356,445,0.8904800722375512,16.002607690170407,16.900221413001418,10,35,84,0,,
2026-05-16T04:58:09.905960,noisy,sax,"{'w': 144, 'bins': 10}",90,0,2,ok,0,90,0.9045837754383683,15.656432236544788,16.56824613455683,10,11,37,0,,
2026-05-16T04:58:32.597279,noisy,sax,"{'w': 144, 'bins': 10}",90,1,2,ok,90,180,0.902409159578383,21.692372050136328,22.602300985716283,10,16,49,0,,
2026-05-16T04:58:54.643654,noisy,sax,"{'w': 144, 'bins': 10}",90,2,2,ok,180,270,0.9026279523968697,21.057620306499302,21.96769229322672,10,40,93,0,,
2026-05-16T04:59:09.957639,noisy,sax,"{'w': 144, 'bins': 10}",90,3,2,ok,270,360,0.9025894468650222,14.341941776685417,15.25166620593518,10,26,72,0,,
2026-05-16T04:59:32.203228,noisy,sax,"{'w': 144, 'bins': 10}",90,4,2,ok,360,450,0.9034101190045476,21.25487159471959,22.16572893410921,10,19,58,0,,
2026-05-16T04:59:48.564819,noisy,sax,"{'w': 144, 'bins': 10}",91,0,2,ok,0,91,0.9113134350627661,15.292204537428916,16.210963619872928,10,9,32,0,,
2026-05-16T05:00:13.483534,noisy,sax,"{'w': 144, 'bins': 10}",91,1,2,ok,91,182,0.9115352807566524,23.913782473653555,24.832865182310343,10,23,58,0,,
2026-05-16T05:00:35.734465,noisy,sax,"{'w': 144, 'bins': 10}",91,2,2,ok,182,273,0.9135012226179242,21.239366280846298,22.160515861585736,10,7,30,0,,
2026-05-16T05:00:52.049403,noisy,sax,"{'w': 144, 'bins': 10}",91,3,2,ok,273,364,0.9127556318417192,15.333729282021523,16.253898301161826,10,43,101,0,,
2026-05-16T05:01:12.630578,noisy,sax,"{'w': 144, 'bins': 10}",91,4,2,ok,364,455,0.9120135474950075,19.58008775115013,20.49965849518776,10,42,92,0,,
2026-05-16T05:01:31.555965,noisy,sax,"{'w': 144, 'bins': 10}",92,0,2,ok,0,92,0.9225100763142109,17.85646084137261,18.78633536119014,10,43,96,0,,
2026-05-16T05:01:55.418288,noisy,sax,"{'w': 144, 'bins': 10}",92,1,2,ok,92,184,0.915445783175528,22.84672387316823,23.76973113324493,10,51,107,0,,
2026-05-16T05:02:21.158203,noisy,sax,"{'w': 144, 'bins': 10}",92,2,2,ok,184,276,0.9229029221460223,24.71895475499332,25.64957431331277,10,15,46,0,,
2026-05-16T05:02:37.274183,noisy,sax,"{'w': 144, 'bins': 10}",92,3,2,ok,276,368,0.9184221439063549,15.121033482253551,16.046810352243483,10,32,72,0,,
2026-05-16T05:02:57.369732,noisy,sax,"{'w': 144, 'bins': 10}",92,4,2,ok,368,460,0.9148436896502972,19.08869060035795,20.011009792797267,10,8,36,0,,
2026-05-16T05:03:16.674105,noisy,sax,"{'w': 144, 'bins': 10}",93,0,2,ok,0,93,0.9375339346006513,18.207254093140364,19.152525602839887,10,28,70,0,,
2026-05-16T05:03:40.131525,noisy,sax,"{'w': 144, 'bins': 10}",93,1,2,ok,93,186,0.9354513520374894,22.42592574469745,23.369183260947466,10,10,38,0,,
2026-05-16T05:04:04.452342,noisy,sax,"{'w': 144, 'bins': 10}",93,2,2,ok,186,279,0.9308373536914587,23.28766188584268,24.226256952621043,10,52,112,0,,
2026-05-16T05:04:20.950036,noisy,sax,"{'w': 144, 'bins': 10}",93,3,2,ok,279,372,0.9343059593811631,15.4889404065907,16.430828418582678,10,34,83,0,,
2026-05-16T05:04:42.506386,noisy,sax,"{'w': 144, 'bins': 10}",93,4,2,ok,372,465,0.9328515753149986,20.53358282521367,21.47402945905924,10,47,105,0,,
2026-05-16T05:05:00.063927,noisy,sax,"{'w': 144, 'bins': 10}",94,0,2,ok,0,94,0.946567571721971,16.45336334593594,17.407622597180307,10,17,47,0,,
2026-05-16T05:05:26.152676,noisy,sax,"{'w': 144, 'bins': 10}",94,1,2,ok,94,188,0.9514018120244145,25.05186463613063,26.011117417365313,10,45,117,0,,
2026-05-16T05:05:53.155705,noisy,sax,"{'w': 144, 'bins': 10}",94,2,2,ok,188,282,0.9449087725952268,25.958336340263486,26.911031760275364,10,19,51,0,,
2026-05-16T05:06:10.367395,noisy,sax,"{'w': 144, 'bins': 10}",94,3,2,ok,282,376,0.947697521187365,16.173800067976117,17.129097024910152,10,19,51,0,,
2026-05-16T05:06:33.464442,noisy,sax,"{'w': 144, 'bins': 10}",94,4,2,ok,376,470,0.9452104177325964,22.05837850831449,23.011565781198442,10,38,76,0,,
2026-05-16T05:06:51.995027,noisy,sax,"{'w': 144, 'bins': 10}",95,0,2,ok,0,95,0.9597284710034728,17.425794289447367,18.393182849511504,10,20,64,0,,
2026-05-16T05:07:17.412382,noisy,sax,"{'w': 144, 'bins': 10}",95,1,2,ok,95,190,0.952111441642046,24.365010521374643,25.325129004195333,10,6,28,0,,
2026-05-16T05:07:40.979294,noisy,sax,"{'w': 144, 'bins': 10}",95,2,2,ok,190,285,0.9491557274013758,22.509356889873743,23.466488340869546,10,34,76,0,,
2026-05-16T05:07:55.574890,noisy,sax,"{'w': 144, 'bins': 10}",95,3,2,ok,285,380,0.9530227314680815,13.564954224973917,14.525681630708277,10,33,69,0,,
2026-05-16T05:08:19.402530,noisy,sax,"{'w': 144, 'bins': 10}",95,4,2,ok,380,475,0.9543268494307995,22.785545933060348,23.747703744098544,10,27,68,0,,
2026-05-16T05:08:40.851598,noisy,sax,"{'w': 144, 'bins': 10}",96,0,2,ok,0,96,0.9637450622394681,20.323710527271032,21.295269488357008,10,20,56,0,,
2026-05-16T05:09:06.489248,noisy,sax,"{'w': 144, 'bins': 10}",96,1,2,ok,96,192,0.9646377377212048,24.58493020478636,25.557691242545843,10,45,102,0,,
2026-05-16T05:09:31.207633,noisy,sax,"{'w': 144, 'bins': 10}",96,2,2,ok,192,288,0.9681192375719547,23.65459377132356,24.63144048396498,10,55,109,0,,
2026-05-16T05:09:47.240686,noisy,sax,"{'w': 144, 'bins': 10}",96,3,2,ok,288,384,0.9620487634092569,14.976824454963207,15.946642292663455,10,22,53,0,,
2026-05-16T05:10:08.012338,noisy,sax,"{'w': 144, 'bins': 10}",96,4,2,ok,384,480,0.9634356983006,19.720543587580323,20.691873184405267,10,17,48,0,,
2026-05-16T05:10:28.762447,noisy,sax,"{'w': 144, 'bins': 10}",97,0,2,ok,0,97,0.9765612632036209,19.607159174978733,20.591710929758847,10,9,35,0,,
2026-05-16T05:11:01.357818,noisy,sax,"{'w': 144, 'bins': 10}",97,1,2,ok,97,194,0.9756989143788815,31.52338721137494,32.50728746317327,10,44,96,0,,
2026-05-16T05:11:24.461700,noisy,sax,"{'w': 144, 'bins': 10}",97,2,2,ok,194,291,0.9670391352847219,22.036895860917866,23.012077402323484,10,11,36,0,,
2026-05-16T05:11:41.558132,noisy,sax,"{'w': 144, 'bins': 10}",97,3,2,ok,291,388,0.9794004149734974,16.03550662379712,17.022720768116415,10,46,97,0,,
2026-05-16T05:12:05.460544,noisy,sax,"{'w': 144, 'bins': 10}",97,4,2,ok,388,485,0.9712696801871061,22.84118300676346,23.82048800215125,10,31,76,0,,
2026-05-16T05:12:26.156414,noisy,sax,"{'w': 144, 'bins': 10}",98,0,2,ok,0,98,0.9925746126100421,19.54502177517861,20.545454098843038,10,35,87,0,,
2026-05-16T05:12:54.331765,noisy,sax,"{'w': 144, 'bins': 10}",98,1,2,ok,98,196,0.9852164275944233,27.08368303719908,28.077128493227065,10,36,74,0,,
2026-05-16T05:13:20.012902,noisy,sax,"{'w': 144, 'bins': 10}",98,2,2,ok,196,294,0.9770885789766908,24.606433141045272,25.591671669855714,10,42,82,0,,
2026-05-16T05:13:36.959774,noisy,sax,"{'w': 144, 'bins': 10}",98,3,2,ok,294,392,0.9826155304908752,15.882214696146548,16.872754843905568,10,42,91,0,,
2026-05-16T05:13:59.630850,noisy,sax,"{'w': 144, 'bins': 10}",98,4,2,ok,392,490,0.9769052937626839,21.591573279350996,22.576483139768243,10,16,45,0,,
2026-05-16T05:14:23.771725,noisy,sax,"{'w': 144, 'bins': 10}",99,0,2,ok,0,99,0.9935920396819711,22.973835142329335,23.975542837753892,10,10,35,0,,
2026-05-16T05:14:49.096827,noisy,sax,"{'w': 144, 'bins': 10}",99,1,2,ok,99,198,0.9994961498305202,24.200371014885604,25.208325213752687,10,4,24,0,,
2026-05-16T05:15:16.278339,noisy,sax,"{'w': 144, 'bins': 10}",99,2,2,ok,198,297,0.9932023053988814,26.09015477821231,27.09165872912854,10,48,108,0,,
2026-05-16T05:15:34.867308,noisy,sax,"{'w': 144, 'bins': 10}",99,3,2,ok,297,396,0.9924502819776535,17.511523296125233,18.512065138667822,10,14,47,0,,
2026-05-16T05:15:57.408232,noisy,sax,"{'w': 144, 'bins': 10}",99,4,2,ok,396,495,0.9934190409258008,21.45734588522464,22.458900909870863,10,51,115,0,,
2026-05-16T05:16:18.960956,noisy,sax,"{'w': 144, 'bins': 10}",100,0,2,ok,0,100,0.9997025839984417,20.39768958091736,21.40546220447868,10,41,93,0,,
2026-05-16T05:16:50.103451,noisy,sax,"{'w': 144, 'bins': 10}",100,1,2,ok,100,200,1.0018450785428286,30.048243918456137,31.05850104894489,10,31,79,0,,
2026-05-16T05:17:14.192774,noisy,sax,"{'w': 144, 'bins': 10}",100,2,2,ok,200,300,0.9981104321777821,22.976051749661565,23.98240501526743,10,3,21,0,,
2026-05-16T05:17:34.185904,noisy,sax,"{'w': 144, 'bins': 10}",100,3,2,ok,300,400,1.0021817293018103,18.895007557235658,19.905373649671674,10,22,51,0,,
2026-05-16T05:17:54.328089,noisy,sax,"{'w': 144, 'bins': 10}",100,4,2,ok,400,500,0.9941892754286528,19.05344980303198,20.055950201116502,10,5,25,0,,
2026-05-16T05:17:54.976083,noisy,persist,{'bins': 11},1,0,2,ok,0,1,0.26626175083220005,0.11654858011752367,0.3832024270668626,10,50,70,0,,
2026-05-16T05:17:55.406849,noisy,persist,{'bins': 11},1,1,2,ok,1,2,0.2562385620549321,0.1708281049504876,0.42740464210510254,10,48,70,0,,
2026-05-16T05:17:55.826068,noisy,persist,{'bins': 11},1,2,2,ok,2,3,0.24587172828614712,0.1700481092557311,0.41624933667480946,10,48,73,0,,
2026-05-16T05:17:56.170504,noisy,persist,{'bins': 11},1,3,2,ok,3,4,0.2446864005178213,0.09723939839750528,0.34223788417875767,10,33,54,0,,
2026-05-16T05:17:56.534448,noisy,persist,{'bins': 11},1,4,2,ok,4,5,0.25142493937164545,0.10933102108538151,0.3610677467659116,10,49,71,0,,
2026-05-16T05:17:57.046822,noisy,persist,{'bins': 11},2,0,2,ok,0,2,0.283687655813992,0.13220421969890594,0.4163838494569063,10,51,75,0,,
2026-05-16T05:17:57.671665,noisy,persist,{'bins': 11},2,1,2,ok,2,4,0.2701877960935235,0.350524359382689,0.6212046705186367,10,13,33,0,,
2026-05-16T05:17:58.627285,noisy,persist,{'bins': 11},2,2,2,ok,4,6,0.28071597404778004,0.6691466420888901,0.9503757804632187,10,66,116,0,,
2026-05-16T05:17:59.006184,noisy,persist,{'bins': 11},2,3,2,ok,6,8,0.25873403064906597,0.11659087054431438,0.3757876995950937,10,28,48,0,,
2026-05-16T05:17:59.371930,noisy,persist,{'bins': 11},2,4,2,ok,8,10,0.2793489946052432,0.08359519671648741,0.36336749605834484,10,33,51,0,,
2026-05-16T05:18:00.378904,noisy,persist,{'bins': 11},3,0,2,ok,0,3,0.26580585446208715,0.6413630191236734,0.9078948870301247,10,60,98,0,,
2026-05-16T05:18:01.211838,noisy,persist,{'bins': 11},3,1,2,ok,3,6,0.27039683796465397,0.5566119616851211,0.8276806520298123,10,17,36,0,,
2026-05-16T05:18:01.672701,noisy,persist,{'bins': 11},3,2,2,ok,6,9,0.2903474662452936,0.16655166167765856,0.4574728552252054,10,28,52,0,,
2026-05-16T05:18:02.194552,noisy,persist,{'bins': 11},3,3,2,ok,9,12,0.27049024403095245,0.24689452815800905,0.5179817834869027,10,36,62,0,,
2026-05-16T05:18:03.069309,noisy,persist,{'bins': 11},3,4,2,ok,12,15,0.27725431974977255,0.5911085046827793,0.8689997317269444,10,54,92,0,,
2026-05-16T05:18:04.021350,noisy,persist,{'bins': 11},4,0,2,ok,0,4,0.28804429061710835,0.5643949816003442,0.8532793400809169,10,18,41,0,,
2026-05-16T05:18:04.454508,noisy,persist,{'bins': 11},4,1,2,ok,4,8,0.29579571075737476,0.13332979287952185,0.42978531401604414,10,27,47,0,,
2026-05-16T05:18:05.358326,noisy,persist,{'bins': 11},4,2,2,ok,8,12,0.30112727638334036,0.5969497375190258,0.8987985495477915,10,39,76,0,,
2026-05-16T05:18:05.951753,noisy,persist,{'bins': 11},4,3,2,ok,12,16,0.29880296997725964,0.28879400808364153,0.5883073834702373,10,42,69,0,,
2026-05-16T05:18:07.340608,noisy,persist,{'bins': 11},4,4,2,ok,16,20,0.29068468045443296,1.0874021472409368,1.3788714101538062,10,37,76,0,,
2026-05-16T05:18:09.483029,noisy,persist,{'bins': 11},5,0,2,ok,0,5,0.2911019129678607,1.7452473482117057,2.0375473918393254,10,25,44,0,,
2026-05-16T05:18:10.078330,noisy,persist,{'bins': 11},5,1,2,ok,5,10,0.29727776627987623,0.2926715323701501,0.5908848950639367,10,33,60,0,,
2026-05-16T05:18:10.868317,noisy,persist,{'bins': 11},5,2,2,ok,10,15,0.31204001512378454,0.47124959621578455,0.7842422006651759,10,18,38,0,,
2026-05-16T05:18:13.075137,noisy,persist,{'bins': 11},5,3,2,ok,15,20,0.2923699961975217,1.904138097539544,2.197567072696984,10,58,113,0,,
2026-05-16T05:18:14.021098,noisy,persist,{'bins': 11},5,4,2,ok,20,25,0.28759038541466,0.6515551963821054,0.9401324559003115,10,22,45,0,,
2026-05-16T05:18:15.743122,noisy,persist,{'bins': 11},6,0,2,ok,0,6,0.3027216214686632,1.3172324998304248,1.6212220136076212,10,35,72,0,,
2026-05-16T05:18:16.344413,noisy,persist,{'bins': 11},6,1,2,ok,6,12,0.30300050508230925,0.2926155962049961,0.596661345101893,10,32,59,0,,
2026-05-16T05:18:17.674644,noisy,persist,{'bins': 11},6,2,2,ok,12,18,0.30464507453143597,1.016831448301673,1.3226642534136772,10,24,45,0,,
2026-05-16T05:18:19.036396,noisy,persist,{'bins': 11},6,3,2,ok,18,24,0.32209158781915903,1.031452071852982,1.35471108276397,10,25,50,0,,
2026-05-16T05:18:21.440695,noisy,persist,{'bins': 11},6,4,2,ok,24,30,0.3113463930785656,2.0833582570776343,2.395951831713319,10,16,43,0,,
2026-05-16T05:18:24.115760,noisy,persist,{'bins': 11},7,0,2,ok,0,7,0.29990566056221724,2.270696016959846,2.5720654679462314,10,10,29,0,,
2026-05-16T05:18:24.929712,noisy,persist,{'bins': 11},7,1,2,ok,7,14,0.30795989092439413,0.498952086083591,0.8081098981201649,10,35,61,0,,
2026-05-16T05:18:28.326622,noisy,persist,{'bins': 11},7,2,2,ok,14,21,0.33310391660779715,3.052408375777304,3.3869029842317104,10,3,15,0,,
2026-05-16T05:18:29.613733,noisy,persist,{'bins': 11},7,3,2,ok,21,28,0.31381892785429955,0.9648948414251208,1.2799800280481577,10,23,51,0,,
2026-05-16T05:18:31.159091,noisy,persist,{'bins': 11},7,4,2,ok,28,35,0.3275576764717698,1.2087538782507181,1.5375867104157805,10,41,84,0,,
2026-05-16T05:18:32.409385,noisy,persist,{'bins': 11},8,0,2,ok,0,8,0.31596322543919086,0.8315513823181391,1.1490722242742777,10,31,58,0,,
2026-05-16T05:18:33.792666,noisy,persist,{'bins': 11},8,1,2,ok,8,16,0.3430498279631138,1.0310169449076056,1.3754982016980648,10,29,63,0,,
2026-05-16T05:18:36.559013,noisy,persist,{'bins': 11},8,2,2,ok,16,24,0.33301037829369307,2.4216579124331474,2.7561481408774853,10,14,36,0,,
2026-05-16T05:18:37.884541,noisy,persist,{'bins': 11},8,3,2,ok,24,32,0.33921386301517487,0.9762306474149227,1.31685920804739,10,42,80,0,,
2026-05-16T05:18:39.624127,noisy,persist,{'bins': 11},8,4,2,ok,32,40,0.34372980520129204,1.386607812717557,1.7317488389089704,10,24,51,0,,
2026-05-16T05:18:40.761989,noisy,persist,{'bins': 11},9,0,2,ok,0,9,0.344513438642025,0.6922316569834948,1.0383575046434999,10,23,50,0,,
2026-05-16T05:18:42.362811,noisy,persist,{'bins': 11},9,1,2,ok,9,18,0.35474730283021927,1.2326489351689816,1.5889865458011627,10,51,92,0,,
2026-05-16T05:18:44.113209,noisy,persist,{'bins': 11},9,2,2,ok,18,27,0.35396880004554987,1.384294917806983,1.7399008935317397,10,35,70,0,,
2026-05-16T05:18:47.188236,noisy,persist,{'bins': 11},9,3,2,ok,27,36,0.3561688931658864,2.7045216783881187,3.0623487066477537,10,49,101,0,,
2026-05-16T05:18:49.638122,noisy,persist,{'bins': 11},9,4,2,ok,36,45,0.32660618890076876,2.110149915330112,2.4384526517242193,10,34,73,0,,
2026-05-16T05:18:50.473629,noisy,persist,{'bins': 11},10,0,2,ok,0,10,0.34088089410215616,0.39445766899734735,0.7368303555995226,10,36,67,0,,
2026-05-16T05:18:53.495640,noisy,persist,{'bins': 11},10,1,2,ok,10,20,0.3340941658243537,2.6714221695438027,3.0071975141763687,10,64,122,0,,
2026-05-16T05:18:55.620790,noisy,persist,{'bins': 11},10,2,2,ok,20,30,0.3431692020967603,1.7707795090973377,2.115556220524013,10,27,57,0,,
2026-05-16T05:18:57.982827,noisy,persist,{'bins': 11},10,3,2,ok,30,40,0.3499631341546774,1.9951586602255702,2.3467912608757615,10,64,116,0,,
2026-05-16T05:19:00.354487,noisy,persist,{'bins': 11},10,4,2,ok,40,50,0.3292981246486306,2.0304872961714864,2.3614365933462977,10,23,54,0,,
2026-05-16T05:19:01.224961,noisy,persist,{'bins': 11},11,0,2,ok,0,11,0.36602212209254503,0.40510714519768953,0.7726811328902841,10,38,69,0,,
2026-05-16T05:19:08.376427,noisy,persist,{'bins': 11},11,1,2,ok,11,22,0.35044991970062256,6.780987660400569,7.1333919214084744,10,13,34,0,,
2026-05-16T05:19:10.696571,noisy,persist,{'bins': 11},11,2,2,ok,22,33,0.345684758387506,1.9585735024884343,2.3061331836506724,10,40,85,0,,
2026-05-16T05:19:14.495045,noisy,persist,{'bins': 11},11,3,2,ok,33,44,0.34498986322432756,3.437349073588848,3.7842028671875596,10,48,91,0,,
2026-05-16T05:19:19.616814,noisy,persist,{'bins': 11},11,4,2,ok,44,55,0.3772643404081464,4.7288867700845,5.107999974861741,10,3,18,0,,
2026-05-16T05:19:20.811940,noisy,persist,{'bins': 11},12,0,2,ok,0,12,0.3635267745703459,0.7277182880789042,1.0930560948327184,10,38,69,0,,
2026-05-16T05:19:26.265651,noisy,persist,{'bins': 11},12,1,2,ok,12,24,0.38680757861584425,5.046588011085987,5.4353608107194304,10,64,125,0,,
2026-05-16T05:19:29.303728,noisy,persist,{'bins': 11},12,2,2,ok,24,36,0.3630672311410308,2.6604253193363547,3.025409210473299,10,11,36,0,,
2026-05-16T05:19:32.919605,noisy,persist,{'bins': 11},12,3,2,ok,36,48,0.35686560068279505,3.242429961450398,3.6013190634548664,10,48,104,0,,
2026-05-16T05:19:34.380747,noisy,persist,{'bins': 11},12,4,2,ok,48,60,0.3662298331037164,1.0806573834270239,1.448788738809526,10,37,65,0,,
2026-05-16T05:19:35.464212,noisy,persist,{'bins': 11},13,0,2,ok,0,13,0.3917373474687338,0.5909540923312306,0.9844520082697272,10,37,76,0,,
2026-05-16T05:19:41.321669,noisy,persist,{'bins': 11},13,1,2,ok,13,26,0.39638382848352194,5.443733396008611,5.842221956700087,10,5,27,0,,
2026-05-16T05:19:46.594153,noisy,persist,{'bins': 11},13,2,2,ok,26,39,0.389593031257391,4.86459291446954,5.256339862011373,10,20,56,0,,
2026-05-16T05:19:51.504534,noisy,persist,{'bins': 11},13,3,2,ok,39,52,0.36713435128331184,4.525219090282917,4.894377634860575,10,24,56,0,,
2026-05-16T05:19:54.424426,noisy,persist,{'bins': 11},13,4,2,ok,52,65,0.3639852376654744,2.542295727878809,2.908295209519565,10,5,22,0,,
2026-05-16T05:19:55.805169,noisy,persist,{'bins': 11},14,0,2,ok,0,14,0.3744853800162673,0.9006817443296313,1.277271176688373,10,34,65,0,,
2026-05-16T05:20:00.352358,noisy,persist,{'bins': 11},14,1,2,ok,14,28,0.38073218427598476,4.146200203336775,4.5292192036286,10,6,24,0,,
2026-05-16T05:20:04.622393,noisy,persist,{'bins': 11},14,2,2,ok,28,42,0.3734535723924637,3.8783209547400475,4.254053979180753,10,6,28,0,,
2026-05-16T05:20:08.492706,noisy,persist,{'bins': 11},14,3,2,ok,42,56,0.3985004723072052,3.452106830663979,3.8528327038511634,10,41,85,0,,
2026-05-16T05:20:13.933415,noisy,persist,{'bins': 11},14,4,2,ok,56,70,0.38897828571498394,5.029913128353655,5.42133607622236,10,10,29,0,,
2026-05-16T05:20:16.390429,noisy,persist,{'bins': 11},15,0,2,ok,0,15,0.414862509816885,1.9347858941182494,2.3518064180389047,10,64,127,0,,
2026-05-16T05:20:20.079060,noisy,persist,{'bins': 11},15,1,2,ok,15,30,0.41687696520239115,3.2517237346619368,3.6709190038964152,10,53,96,0,,
2026-05-16T05:20:25.480320,noisy,persist,{'bins': 11},15,2,2,ok,30,45,0.3857371872290969,4.992202105931938,5.380394034087658,10,43,90,0,,
2026-05-16T05:20:29.498387,noisy,persist,{'bins': 11},15,3,2,ok,45,60,0.3750156546011567,3.6210706308484077,3.9985396349802613,10,36,77,0,,
2026-05-16T05:20:32.906966,noisy,persist,{'bins': 11},15,4,2,ok,60,75,0.38402160443365574,3.004696757532656,3.391087582334876,10,52,103,0,,
2026-05-16T05:20:35.687547,noisy,persist,{'bins': 11},16,0,2,ok,0,16,0.38845301792025566,2.2784387627616525,2.6694304198026657,10,31,62,0,,
2026-05-16T05:20:38.980688,noisy,persist,{'bins': 11},16,1,2,ok,16,32,0.3913719616830349,2.884127724915743,3.277908160351217,10,25,62,0,,
2026-05-16T05:20:44.135601,noisy,persist,{'bins': 11},16,2,2,ok,32,48,0.3958596121519804,4.735445278696716,5.1340322336182,10,23,51,0,,
2026-05-16T05:20:46.755516,noisy,persist,{'bins': 11},16,3,2,ok,48,64,0.41719854809343815,2.180401717312634,2.6000973656773567,10,43,83,0,,
2026-05-16T05:20:48.165670,noisy,persist,{'bins': 11},16,4,2,ok,64,80,0.39955099672079086,0.9978407379239798,1.3996619684621692,10,38,70,0,,
2026-05-16T05:20:50.221029,noisy,persist,{'bins': 11},17,0,2,ok,0,17,0.3849490452557802,1.5620299112051725,1.949534627608955,10,27,62,0,,
2026-05-16T05:20:53.332200,noisy,persist,{'bins': 11},17,1,2,ok,17,34,0.3937069782987237,2.6994326198473573,3.095621789805591,10,23,58,0,,
2026-05-16T05:20:58.758884,noisy,persist,{'bins': 11},17,2,2,ok,34,51,0.4206560431048274,4.984386218711734,5.407738707028329,10,41,99,0,,
2026-05-16T05:21:03.515975,noisy,persist,{'bins': 11},17,3,2,ok,51,68,0.4069415796548128,4.329855325631797,4.739426525309682,10,19,59,0,,
2026-05-16T05:21:06.251472,noisy,persist,{'bins': 11},17,4,2,ok,68,85,0.38908820040524006,2.327612795867026,2.719297914765775,10,19,46,0,,
2026-05-16T05:21:08.096114,noisy,persist,{'bins': 11},18,0,2,ok,0,18,0.41625450551509857,1.317661538720131,1.7365691075101495,10,41,75,0,,
2026-05-16T05:21:14.621320,noisy,persist,{'bins': 11},18,1,2,ok,18,36,0.42401289846748114,6.078735938295722,6.505603458732367,10,37,92,0,,
2026-05-16T05:21:20.635235,noisy,persist,{'bins': 11},18,2,2,ok,36,54,0.4286312134936452,5.555009455420077,5.986506982706487,10,29,66,0,,
2026-05-16T05:21:24.556446,noisy,persist,{'bins': 11},18,3,2,ok,54,72,0.42077134922146797,3.479382660239935,3.9029270987957716,10,18,47,0,,
2026-05-16T05:21:26.678164,noisy,persist,{'bins': 11},18,4,2,ok,72,90,0.4412418333813548,1.6602917555719614,2.104168238118291,10,24,57,0,,
2026-05-16T05:21:29.395449,noisy,persist,{'bins': 11},19,0,2,ok,0,19,0.42744175903499126,2.1743969256058335,2.604642951861024,10,26,60,0,,
2026-05-16T05:21:33.324719,noisy,persist,{'bins': 11},19,1,2,ok,19,38,0.39356776513159275,3.5113122407346964,3.9078413592651486,10,20,46,0,,
2026-05-16T05:21:37.861890,noisy,persist,{'bins': 11},19,2,2,ok,38,57,0.4153370214626193,4.097185276448727,4.515458231791854,10,38,70,0,,
2026-05-16T05:21:43.982096,noisy,persist,{'bins': 11},19,3,2,ok,57,76,0.41110101342201233,5.684631358832121,6.098701038397849,10,32,78,0,,
2026-05-16T05:21:46.135367,noisy,persist,{'bins': 11},19,4,2,ok,76,95,0.44799335580319166,1.6903001563623548,2.1409148471429944,10,21,51,0,,
2026-05-16T05:21:48.199756,noisy,persist,{'bins': 11},20,0,2,ok,0,20,0.45219647139310837,1.5003224406391382,1.955368373543024,10,35,70,0,,
2026-05-16T05:21:53.343888,noisy,persist,{'bins': 11},20,1,2,ok,20,40,0.43965837825089693,4.6838496858254075,5.126425905153155,10,18,45,0,,
2026-05-16T05:22:01.286194,noisy,persist,{'bins': 11},20,2,2,ok,40,60,0.4652802087366581,7.445736018940806,7.914192103780806,10,20,52,0,,
2026-05-16T05:22:03.412160,noisy,persist,{'bins': 11},20,3,2,ok,60,80,0.44526421930640936,1.6590089844539762,2.1071543358266354,10,14,34,0,,
2026-05-16T05:22:04.920851,noisy,persist,{'bins': 11},20,4,2,ok,80,100,0.44064698461443186,1.0557731622830033,1.4989985013380647,10,28,55,0,,
2026-05-16T05:22:08.473010,noisy,persist,{'bins': 11},21,0,2,ok,0,21,0.44003183115273714,2.996199897490442,3.439347400330007,10,11,34,0,,
2026-05-16T05:22:11.230767,noisy,persist,{'bins': 11},21,1,2,ok,21,42,0.4204570073634386,2.3156958650797606,2.7392818108201027,10,34,70,0,,
2026-05-16T05:22:14.424844,noisy,persist,{'bins': 11},21,2,2,ok,42,63,0.4710845733061433,2.6999674160033464,3.1740904077887535,10,32,70,0,,
2026-05-16T05:22:18.278796,noisy,persist,{'bins': 11},21,3,2,ok,63,84,0.4561414523050189,3.3715145820751786,3.8308219416067004,10,43,88,0,,
2026-05-16T05:22:21.928033,noisy,persist,{'bins': 11},21,4,2,ok,84,105,0.4331379095092416,3.190368895418942,3.6266764188185334,10,27,58,0,,
2026-05-16T05:22:25.732257,noisy,persist,{'bins': 11},22,0,2,ok,0,22,0.4802595069631934,3.210907547734678,3.6943545630201697,10,46,108,0,,
2026-05-16T05:22:32.960005,noisy,persist,{'bins': 11},22,1,2,ok,22,44,0.43947197776287794,6.755783260799944,7.198766023851931,10,42,96,0,,
2026-05-16T05:22:36.663844,noisy,persist,{'bins': 11},22,2,2,ok,44,66,0.4539606645703316,3.221882392652333,3.6791645670309663,10,38,79,0,,
2026-05-16T05:22:38.542412,noisy,persist,{'bins': 11},22,3,2,ok,66,88,0.4577316986396909,1.4030972281470895,1.8638654006645083,10,37,70,0,,
2026-05-16T05:22:42.635843,noisy,persist,{'bins': 11},22,4,2,ok,88,110,0.48007007129490376,3.587168821133673,4.070434335619211,10,40,78,0,,
2026-05-16T05:22:46.109018,noisy,persist,{'bins': 11},23,0,2,ok,0,23,0.44347565807402134,2.912959985435009,3.3597900159657,10,34,69,0,,
2026-05-16T05:22:55.923462,noisy,persist,{'bins': 11},23,1,2,ok,23,46,0.4727195044979453,9.30915845464915,9.785497368313372,10,25,59,0,,
2026-05-16T05:23:03.979029,noisy,persist,{'bins': 11},23,2,2,ok,46,69,0.46775130089372396,7.559267536737025,8.030538128688931,10,47,104,0,,
2026-05-16T05:23:07.015448,noisy,persist,{'bins': 11},23,3,2,ok,69,92,0.48883798345923424,2.5224113799631596,3.014410280622542,10,60,110,0,,
2026-05-16T05:23:11.210377,noisy,persist,{'bins': 11},23,4,2,ok,92,115,0.4488938357681036,3.71667702216655,4.16898725554347,10,32,71,0,,
2026-05-16T05:23:16.884625,noisy,persist,{'bins': 11},24,0,2,ok,0,24,0.49637114349752665,5.06242975499481,5.5620846869423985,10,43,99,0,,
2026-05-16T05:23:25.816291,noisy,persist,{'bins': 11},24,1,2,ok,24,48,0.5022667273879051,8.395011585205793,8.900875238701701,10,20,51,0,,
2026-05-16T05:23:30.640316,noisy,persist,{'bins': 11},24,2,2,ok,48,72,0.4501877073198557,4.342815241776407,4.796618030406535,10,31,68,0,,
2026-05-16T05:23:34.912587,noisy,persist,{'bins': 11},24,3,2,ok,72,96,0.4819212378934026,3.7578481007367373,4.243398005142808,10,26,60,0,,
2026-05-16T05:23:41.734132,noisy,persist,{'bins': 11},24,4,2,ok,96,120,0.5001370077952743,6.294016779400408,6.797585302963853,10,46,101,0,,
2026-05-16T05:23:45.824903,noisy,persist,{'bins': 11},25,0,2,ok,0,25,0.509174513630569,3.462560124695301,3.9752398636192083,10,19,44,0,,
2026-05-16T05:23:53.119832,noisy,persist,{'bins': 11},25,1,2,ok,25,50,0.5065284036099911,6.754451494663954,7.264638840220869,10,24,51,0,,
2026-05-16T05:24:00.898224,noisy,persist,{'bins': 11},25,2,2,ok,50,75,0.47448957804590464,7.269959272816777,7.74822545517236,10,6,28,0,,
2026-05-16T05:24:04.051322,noisy,persist,{'bins': 11},25,3,2,ok,75,100,0.49154199101030827,2.638535157777369,3.133603362366557,10,30,69,0,,
2026-05-16T05:24:14.611759,noisy,persist,{'bins': 11},25,4,2,ok,100,125,0.48646633699536324,10.025315738283098,10.515852220356464,10,55,114,0,,
2026-05-16T05:24:20.287558,noisy,persist,{'bins': 11},26,0,2,ok,0,26,0.5103021813556552,5.043654326349497,5.55766689684242,10,46,102,0,,
2026-05-16T05:24:33.316502,noisy,persist,{'bins': 11},26,1,2,ok,26,52,0.48269213549792767,12.504248361103237,12.991063301451504,10,24,55,0,,
2026-05-16T05:24:39.656467,noisy,persist,{'bins': 11},26,2,2,ok,52,78,0.5207725204527378,5.78768905531615,6.312204506248236,10,38,86,0,,
2026-05-16T05:24:41.773848,noisy,persist,{'bins': 11},26,3,2,ok,78,104,0.48829691391438246,1.6108052153140306,2.1025691125541925,10,25,52,0,,
2026-05-16T05:24:50.718823,noisy,persist,{'bins': 11},26,4,2,ok,104,130,0.4978466425091028,8.405362717807293,8.907255942001939,10,7,25,0,,
2026-05-16T05:24:57.125985,noisy,persist,{'bins': 11},27,0,2,ok,0,27,0.4877355992794037,5.789713654667139,6.281543054617941,10,39,87,0,,
2026-05-16T05:25:16.476237,noisy,persist,{'bins': 11},27,1,2,ok,27,54,0.5393791440874338,18.759186191484332,19.30287525150925,10,5,28,0,,
2026-05-16T05:25:20.001044,noisy,persist,{'bins': 11},27,2,2,ok,54,81,0.5111818229779601,2.9829840445891023,3.4979293569922447,10,32,74,0,,
2026-05-16T05:25:27.461661,noisy,persist,{'bins': 11},27,3,2,ok,81,108,0.4882903825491667,6.92959336284548,7.422039772383869,10,30,64,0,,
2026-05-16T05:25:41.143964,noisy,persist,{'bins': 11},27,4,2,ok,108,135,0.46968908980488777,13.147997540421784,13.622039245441556,10,46,107,0,,
2026-05-16T05:25:46.809300,noisy,persist,{'bins': 11},28,0,2,ok,0,28,0.512816964648664,5.0263319024816155,5.543214243836701,10,49,105,0,,
2026-05-16T05:26:01.494461,noisy,persist,{'bins': 11},28,1,2,ok,28,56,0.5285339606925845,14.107026654295623,14.63997175078839,10,8,32,0,,
2026-05-16T05:26:06.451875,noisy,persist,{'bins': 11},28,2,2,ok,56,84,0.5123481042683125,4.413963426835835,4.930360807105899,10,29,64,0,,
2026-05-16T05:26:13.206296,noisy,persist,{'bins': 11},28,3,2,ok,84,112,0.509416988119483,6.206044766120613,6.719640604220331,10,46,97,0,,
2026-05-16T05:26:26.044969,noisy,persist,{'bins': 11},28,4,2,ok,112,140,0.5152320209890604,12.27374096121639,12.793339885771275,10,12,37,0,,
2026-05-16T05:26:34.354746,noisy,persist,{'bins': 11},29,0,2,ok,0,29,0.5112879509106278,7.657539908774197,8.173125823028386,10,16,42,0,,
2026-05-16T05:26:46.639925,noisy,persist,{'bins': 11},29,1,2,ok,29,58,0.5366823049262166,11.705862545408309,12.24710691999644,10,26,68,0,,
2026-05-16T05:26:51.867943,noisy,persist,{'bins': 11},29,2,2,ok,58,87,0.524019687436521,4.668123924173415,5.196330336853862,10,24,51,0,,
2026-05-16T05:27:00.459167,noisy,persist,{'bins': 11},29,3,2,ok,87,116,0.49687356408685446,8.051180040463805,8.55253414157778,10,32,71,0,,
2026-05-16T05:27:15.902204,noisy,persist,{'bins': 11},29,4,2,ok,116,145,0.5118135893717408,14.886549770832062,15.402912153862417,10,18,51,0,,
2026-05-16T05:27:22.595660,noisy,persist,{'bins': 11},30,0,2,ok,0,30,0.5664355857297778,5.99925587978214,6.5699836779385805,10,45,108,0,,
2026-05-16T05:27:36.238411,noisy,persist,{'bins': 11},30,1,2,ok,30,60,0.5678073735907674,13.03329026978463,13.605649503879249,10,31,82,0,,
2026-05-16T05:27:39.021267,noisy,persist,{'bins': 11},30,2,2,ok,60,90,0.5149102658033371,2.2369121182709932,2.755889482796192,10,42,77,0,,
2026-05-16T05:27:43.821036,noisy,persist,{'bins': 11},30,3,2,ok,90,120,0.5012031756341457,4.263075869530439,4.7685222970321774,10,43,84,0,,
2026-05-16T05:27:56.045825,noisy,persist,{'bins': 11},30,4,2,ok,120,150,0.5356552451848984,11.64690132252872,12.187084725126624,10,37,77,0,,
2026-05-16T05:28:05.961638,noisy,persist,{'bins': 11},31,0,2,ok,0,31,0.5496247056871653,9.234023120254278,9.788025789894164,10,55,103,0,,
2026-05-16T05:28:17.100742,noisy,persist,{'bins': 11},31,1,2,ok,31,62,0.5322470627725124,10.557994212955236,11.09477265831083,10,32,67,0,,
2026-05-16T05:28:21.974786,noisy,persist,{'bins': 11},31,2,2,ok,62,93,0.5721890227869153,4.263383173383772,4.839886279776692,10,37,78,0,,
2026-05-16T05:28:28.344078,noisy,persist,{'bins': 11},31,3,2,ok,93,124,0.5211074454709888,5.815109317190945,6.340713650919497,10,38,82,0,,
2026-05-16T05:28:35.019837,noisy,persist,{'bins': 11},31,4,2,ok,124,155,0.49704236909747124,6.129905764013529,6.631457053124905,10,20,50,0,,
2026-05-16T05:28:43.958440,noisy,persist,{'bins': 11},32,0,2,ok,0,32,0.5594149576500058,8.250136699527502,8.814136680215597,10,48,111,0,,
2026-05-16T05:28:56.463857,noisy,persist,{'bins': 11},32,1,2,ok,32,64,0.5885576419532299,11.863878400065005,12.457091746851802,10,25,55,0,,
2026-05-16T05:29:02.007578,noisy,persist,{'bins': 11},32,2,2,ok,64,96,0.5825184257701039,4.9276070315390825,5.514616603963077,10,41,90,0,,
2026-05-16T05:29:31.863952,noisy,persist,{'bins': 11},32,3,2,ok,96,128,0.5859066909179091,29.185051220469177,29.776239012368023,10,22,54,0,,
2026-05-16T05:29:36.193452,noisy,persist,{'bins': 11},32,4,2,ok,128,160,0.580358549952507,3.718399847857654,4.303031804971397,10,44,90,0,,
2026-05-16T05:29:41.286394,noisy,persist,{'bins': 11},33,0,2,ok,0,33,0.5841252552345395,4.3750001871958375,4.963663136586547,10,39,81,0,,
2026-05-16T05:29:53.377999,noisy,persist,{'bins': 11},33,1,2,ok,33,66,0.5744908163323998,11.458063162863255,12.037571504712105,10,22,53,0,,
2026-05-16T05:30:00.910873,noisy,persist,{'bins': 11},33,2,2,ok,66,99,0.5653614662587643,6.926309841684997,7.4963350193575025,10,45,103,0,,
2026-05-16T05:30:14.487096,noisy,persist,{'bins': 11},33,3,2,ok,99,132,0.5483057564124465,12.975634678266943,13.529107110574841,10,35,78,0,,
2026-05-16T05:30:20.558282,noisy,persist,{'bins': 11},33,4,2,ok,132,165,0.5209806561470032,5.5028630727902055,6.028718096204102,10,13,41,0,,
2026-05-16T05:30:30.215567,noisy,persist,{'bins': 11},34,0,2,ok,0,34,0.5691285328939557,8.95012201461941,9.52411684859544,10,48,104,0,,
2026-05-16T05:30:40.189715,noisy,persist,{'bins': 11},34,1,2,ok,34,68,0.5508362101390958,9.375355706550181,9.931227507069707,10,35,74,0,,
2026-05-16T05:30:48.865451,noisy,persist,{'bins': 11},34,2,2,ok,68,102,0.6068375091999769,8.030910404399037,8.642380956560373,10,49,112,0,,
2026-05-16T05:30:58.463963,noisy,persist,{'bins': 11},34,3,2,ok,102,136,0.5712840612977743,8.96526403259486,9.541571360081434,10,12,32,0,,
2026-05-16T05:31:03.578419,noisy,persist,{'bins': 11},34,4,2,ok,136,170,0.5899203885346651,4.48862321022898,5.083162656053901,10,41,91,0,,
2026-05-16T05:31:13.792838,noisy,persist,{'bins': 11},35,0,2,ok,0,35,0.5846395594999194,9.490710384212434,10.080342140980065,10,43,99,0,,
2026-05-16T05:31:23.509323,noisy,persist,{'bins': 11},35,1,2,ok,35,70,0.5833666585385799,9.07874737586826,9.66725139413029,10,38,77,0,,
2026-05-16T05:31:31.171385,noisy,persist,{'bins': 11},35,2,2,ok,70,105,0.5217033829540014,7.096471375785768,7.623249461874366,10,34,75,0,,
2026-05-16T05:31:43.551658,noisy,persist,{'bins': 11},35,3,2,ok,105,140,0.5851936200633645,11.737133665010333,12.32740927208215,10,36,72,0,,
2026-05-16T05:31:52.733698,noisy,persist,{'bins': 11},35,4,2,ok,140,175,0.5541180539876223,8.588638716377318,9.147614736109972,10,17,46,0,,
2026-05-16T05:32:05.687601,noisy,persist,{'bins': 11},36,0,2,ok,0,36,0.58213363122195,12.223273755982518,12.810634355992079,10,53,113,0,,
2026-05-16T05:32:17.626356,noisy,persist,{'bins': 11},36,1,2,ok,36,72,0.6217620633542538,11.257055907510221,11.884030411019921,10,55,123,0,,
2026-05-16T05:32:25.606601,noisy,persist,{'bins': 11},36,2,2,ok,72,108,0.5905879233032465,7.350745950825512,7.946379302069545,10,17,48,0,,
2026-05-16T05:32:45.418280,noisy,persist,{'bins': 11},36,3,2,ok,108,144,0.628006873652339,19.115704366005957,19.749104171060026,10,73,154,0,,
2026-05-16T05:32:51.034841,noisy,persist,{'bins': 11},36,4,2,ok,144,180,0.6156445294618607,4.9700048649683595,5.590504415333271,10,14,43,0,,
2026-05-16T05:33:04.095488,noisy,persist,{'bins': 11},37,0,2,ok,0,37,0.6075384840369225,12.308377316221595,12.921240642666817,10,54,116,0,,
2026-05-16T05:33:16.030135,noisy,persist,{'bins': 11},37,1,2,ok,37,74,0.6319201746955514,11.250119329430163,11.887335102073848,10,34,73,0,,
2026-05-16T05:33:24.225872,noisy,persist,{'bins': 11},37,2,2,ok,74,111,0.599926664493978,7.546267609111965,8.151420350186527,10,32,74,0,,
2026-05-16T05:33:46.941163,noisy,persist,{'bins': 11},37,3,2,ok,111,148,0.6372474618256092,22.010616458952427,22.653323465958238,10,43,90,0,,
2026-05-16T05:33:53.632399,noisy,persist,{'bins': 11},37,4,2,ok,148,185,0.598654855042696,6.049587285146117,6.6532848831266165,10,43,99,0,,
2026-05-16T05:34:08.943721,noisy,persist,{'bins': 11},38,0,2,ok,0,38,0.6461455756798387,14.511500798165798,15.163073750212789,10,15,39,0,,
2026-05-16T05:34:16.329296,noisy,persist,{'bins': 11},38,1,2,ok,38,76,0.6094145467504859,6.7304807016626,7.345263432711363,10,34,70,0,,
2026-05-16T05:34:23.269841,noisy,persist,{'bins': 11},38,2,2,ok,76,114,0.5720969950780272,6.31439670547843,6.891820286400616,10,33,64,0,,
2026-05-16T05:34:33.745333,noisy,persist,{'bins': 11},38,3,2,ok,114,152,0.6281570242717862,9.79502731654793,10.428541864268482,10,18,47,0,,
2026-05-16T05:34:48.871722,noisy,persist,{'bins': 11},38,4,2,ok,152,190,0.6365470234304667,14.429589883424342,15.071583929471672,10,49,108,0,,
2026-05-16T05:35:02.900066,noisy,persist,{'bins': 11},39,0,2,ok,0,39,0.6507025668397546,13.232141740620136,13.888440689072013,10,29,70,0,,
2026-05-16T05:35:13.574772,noisy,persist,{'bins': 11},39,1,2,ok,39,78,0.62464539706707,9.99789243657142,10.628243892453611,10,25,60,0,,
2026-05-16T05:35:24.581186,noisy,persist,{'bins': 11},39,2,2,ok,78,117,0.6126378197222948,10.347117191180587,10.965240295045078,10,49,111,0,,
2026-05-16T05:35:30.521646,noisy,persist,{'bins': 11},39,3,2,ok,117,156,0.6271911403164268,5.269225385971367,5.901753533631563,10,12,41,0,,
2026-05-16T05:35:36.476474,noisy,persist,{'bins': 11},39,4,2,ok,156,195,0.5723220035433769,5.338452076539397,5.916131053119898,10,11,34,0,,
2026-05-16T05:35:43.973323,noisy,persist,{'bins': 11},40,0,2,ok,0,40,0.5932213654741645,6.760067488066852,7.358863645233214,10,25,60,0,,
2026-05-16T05:35:49.706801,noisy,persist,{'bins': 11},40,1,2,ok,40,80,0.5874239234253764,5.0973318591713905,5.690373716875911,10,38,75,0,,
2026-05-16T05:35:57.918678,noisy,persist,{'bins': 11},40,2,2,ok,80,120,0.5764526212587953,7.578663503751159,8.160882548429072,10,24,53,0,,
2026-05-16T05:36:05.282482,noisy,persist,{'bins': 11},40,3,2,ok,120,160,0.6166322054341435,6.693650948815048,7.315773277543485,10,13,36,0,,
2026-05-16T05:36:17.600495,noisy,persist,{'bins': 11},40,4,2,ok,160,200,0.6662127478048205,11.590521488338709,12.26236954331398,10,41,85,0,,
2026-05-16T05:36:29.149049,noisy,persist,{'bins': 11},41,0,2,ok,0,41,0.5968232797458768,10.806021898984909,11.408700037747622,10,15,47,0,,
2026-05-16T05:36:36.968678,noisy,persist,{'bins': 11},41,1,2,ok,41,82,0.6294243158772588,7.1368629932403564,7.772011232562363,10,10,31,0,,
2026-05-16T05:36:50.791632,noisy,persist,{'bins': 11},41,2,2,ok,82,123,0.62909319344908,13.107390308752656,13.742589874193072,10,19,50,0,,
2026-05-16T05:36:54.618106,noisy,persist,{'bins': 11},41,3,2,ok,123,164,0.6669514356181026,3.126797121949494,3.7990072863176465,10,33,61,0,,
2026-05-16T05:37:01.935262,noisy,persist,{'bins': 11},41,4,2,ok,164,205,0.5985315293073654,6.6639808770269156,7.268094813451171,10,39,85,0,,
2026-05-16T05:37:11.203815,noisy,persist,{'bins': 11},42,0,2,ok,0,42,0.5987778007984161,8.522835982963443,9.127569722943008,10,22,53,0,,
2026-05-16T05:37:19.350112,noisy,persist,{'bins': 11},42,1,2,ok,42,84,0.6742773670703173,7.432033929042518,8.112027233466506,10,31,72,0,,
2026-05-16T05:37:40.000145,noisy,persist,{'bins': 11},42,2,2,ok,84,126,0.6360928518697619,19.940656731836498,20.582776094786823,10,46,101,0,,
2026-05-16T05:37:49.190665,noisy,persist,{'bins': 11},42,3,2,ok,126,168,0.6194621585309505,8.5250354539603,9.150160551071167,10,14,44,0,,
2026-05-16T05:38:03.682744,noisy,persist,{'bins': 11},42,4,2,ok,168,210,0.6387692894786596,13.78831164073199,14.43306187633425,10,23,55,0,,
2026-05-16T05:38:18.210019,noisy,persist,{'bins': 11},43,0,2,ok,0,43,0.6784558547660708,13.69955759961158,14.384024175815284,10,30,72,0,,
2026-05-16T05:38:23.515930,noisy,persist,{'bins': 11},43,1,2,ok,43,86,0.6881585223600268,4.57712893281132,5.270983476191759,10,16,40,0,,
2026-05-16T05:38:44.076477,noisy,persist,{'bins': 11},43,2,2,ok,86,129,0.6696047363802791,19.82397614698857,20.499946972355247,10,61,143,0,,
2026-05-16T05:38:49.300440,noisy,persist,{'bins': 11},43,3,2,ok,129,172,0.6767160249873996,4.509374964982271,5.191659299656749,10,42,92,0,,
2026-05-16T05:39:25.408810,noisy,persist,{'bins': 11},43,4,2,ok,172,215,0.6679456001147628,35.337240376509726,36.01175559870899,10,9,33,0,,
2026-05-16T05:39:41.640819,noisy,persist,{'bins': 11},44,0,2,ok,0,44,0.6357055110856891,15.441152370534837,16.08314652554691,10,53,109,0,,
2026-05-16T05:39:51.285442,noisy,persist,{'bins': 11},44,1,2,ok,44,88,0.682813348248601,8.914030661806464,9.603004985488951,10,27,67,0,,
2026-05-16T05:40:18.689536,noisy,persist,{'bins': 11},44,2,2,ok,88,132,0.6563141858205199,26.651230636052787,27.31427803169936,10,52,116,0,,
2026-05-16T05:40:29.061311,noisy,persist,{'bins': 11},44,3,2,ok,132,176,0.6710252333432436,9.65356685873121,10.330553460866213,10,31,78,0,,
2026-05-16T05:41:07.433889,noisy,persist,{'bins': 11},44,4,2,ok,176,220,0.6410589562729001,37.61548396945,38.26353371888399,10,50,113,0,,
2026-05-16T05:41:19.490438,noisy,persist,{'bins': 11},45,0,2,ok,0,45,0.7087891548871994,11.19168858975172,11.906908825971186,10,19,50,0,,
2026-05-16T05:41:28.883394,noisy,persist,{'bins': 11},45,1,2,ok,45,90,0.6701332349330187,8.663831603713334,9.34023875463754,10,42,91,0,,
2026-05-16T05:41:40.248758,noisy,persist,{'bins': 11},45,2,2,ok,90,135,0.7082770727574825,10.60580477770418,11.320182382129133,10,29,68,0,,
2026-05-16T05:41:53.984693,noisy,persist,{'bins': 11},45,3,2,ok,135,180,0.711476163007319,12.950425893068314,13.668233901262283,10,27,62,0,,
2026-05-16T05:42:23.063799,noisy,persist,{'bins': 11},45,4,2,ok,180,225,0.6576441824436188,28.3097877278924,28.974212428554893,10,23,63,0,,
2026-05-16T05:42:37.736284,noisy,persist,{'bins': 11},46,0,2,ok,0,46,0.6739818742498755,13.839152791537344,14.519674001261592,10,20,58,0,,
2026-05-16T05:42:46.876342,noisy,persist,{'bins': 11},46,1,2,ok,46,92,0.6539385812357068,8.42793055344373,9.088018786162138,10,24,50,0,,
2026-05-16T05:42:52.199063,noisy,persist,{'bins': 11},46,2,2,ok,92,138,0.6936605833470821,4.592060651630163,5.291509739123285,10,53,108,0,,
2026-05-16T05:43:05.786733,noisy,persist,{'bins': 11},46,3,2,ok,138,184,0.7071385215967894,12.82537885569036,13.538797756657004,10,43,106,0,,
2026-05-16T05:43:35.377166,noisy,persist,{'bins': 11},46,4,2,ok,184,230,0.7133759688585997,28.78921644203365,29.509501500986516,10,31,86,0,,
2026-05-16T05:43:46.075197,noisy,persist,{'bins': 11},47,0,2,ok,0,47,0.7212040452286601,9.822463998571038,10.550055311992764,10,23,53,0,,
2026-05-16T05:43:55.318144,noisy,persist,{'bins': 11},47,1,2,ok,47,94,0.6927379183471203,8.499858397990465,9.198795440606773,10,13,32,0,,
2026-05-16T05:44:08.122532,noisy,persist,{'bins': 11},47,2,2,ok,94,141,0.7261787997558713,12.022124093957245,12.75484383199364,10,40,88,0,,
2026-05-16T05:44:24.287625,noisy,persist,{'bins': 11},47,3,2,ok,141,188,0.6690961634740233,15.411011328920722,16.08673653472215,10,44,91,0,,
2026-05-16T05:44:34.739052,noisy,persist,{'bins': 11},47,4,2,ok,188,235,0.7332180934026837,9.656221015378833,10.395834253169596,10,28,70,0,,
2026-05-16T05:44:45.536243,noisy,persist,{'bins': 11},48,0,2,ok,0,48,0.6853386061266065,9.952794399112463,10.64475692808628,10,29,71,0,,
2026-05-16T05:44:54.467328,noisy,persist,{'bins': 11},48,1,2,ok,48,96,0.7394890040159225,8.12091904040426,8.866936849430203,10,57,127,0,,
2026-05-16T05:45:07.423429,noisy,persist,{'bins': 11},48,2,2,ok,96,144,0.6852600090205669,12.205501596443355,12.89741159696132,10,23,57,0,,
2026-05-16T05:45:17.544161,noisy,persist,{'bins': 11},48,3,2,ok,144,192,0.7174561116844416,9.348707634955645,10.072978428564966,10,41,89,0,,
2026-05-16T05:45:27.083812,noisy,persist,{'bins': 11},48,4,2,ok,192,240,0.7313840268179774,8.7491042483598,9.48700964730233,10,23,52,0,,
2026-05-16T05:45:42.354255,noisy,persist,{'bins': 11},49,0,2,ok,0,49,0.7190237855538726,14.383316640742123,15.109105055220425,10,45,98,0,,
2026-05-16T05:45:50.347622,noisy,persist,{'bins': 11},49,1,2,ok,49,98,0.6827648393809795,7.258697378449142,7.948035696521401,10,32,75,0,,
2026-05-16T05:46:09.283290,noisy,persist,{'bins': 11},49,2,2,ok,98,147,0.7294608438387513,18.11858120560646,18.854995111003518,10,54,116,0,,
2026-05-16T05:46:25.799020,noisy,persist,{'bins': 11},49,3,2,ok,147,196,0.6958587970584631,15.736071159131825,16.438909667544067,10,30,73,0,,
2026-05-16T05:46:45.649046,noisy,persist,{'bins': 11},49,4,2,ok,196,245,0.7094837334007025,19.067915794439614,19.784317914396524,10,33,77,0,,
2026-05-16T05:47:01.265675,noisy,persist,{'bins': 11},50,0,2,ok,0,50,0.7318821297958493,14.724439720623195,15.463349633850157,10,36,88,0,,
2026-05-16T05:47:13.065688,noisy,persist,{'bins': 11},50,1,2,ok,50,100,0.7197763677686453,11.008077405393124,11.734678224660456,10,18,44,0,,
2026-05-16T05:47:59.007072,noisy,persist,{'bins': 11},50,2,2,ok,100,150,0.6941683599725366,45.11859847418964,45.82061495818198,10,38,89,0,,
2026-05-16T05:48:06.401501,noisy,persist,{'bins': 11},50,3,2,ok,150,200,0.7237944044172764,6.621106504462659,7.35142891202122,10,23,51,0,,
2026-05-16T05:48:14.684530,noisy,persist,{'bins': 11},50,4,2,ok,200,250,0.7424955368041992,7.486700603738427,8.235800156369805,10,39,79,0,,
2026-05-16T05:48:29.731136,noisy,persist,{'bins': 11},51,0,2,ok,0,51,0.7379763871431351,14.150471490807831,14.895406570285559,10,57,116,0,,
2026-05-16T05:48:40.526398,noisy,persist,{'bins': 11},51,1,2,ok,51,102,0.7363225091248751,9.996055195108056,10.739176006056368,10,35,85,0,,
2026-05-16T05:48:56.135278,noisy,persist,{'bins': 11},51,2,2,ok,102,153,0.7072237646207213,14.822448869235814,15.53681131452322,10,45,101,0,,
2026-05-16T05:49:02.532831,noisy,persist,{'bins': 11},51,3,2,ok,153,204,0.7539478205144405,5.59545695129782,6.356094368733466,10,39,82,0,,
2026-05-16T05:49:20.481971,noisy,persist,{'bins': 11},51,4,2,ok,204,255,0.7362293638288975,17.15266602486372,17.895929512567818,10,22,58,0,,
2026-05-16T05:49:37.549296,noisy,persist,{'bins': 11},52,0,2,ok,0,52,0.7454215325415134,16.155050341039896,16.907827782444656,10,36,91,0,,
2026-05-16T05:49:52.054570,noisy,persist,{'bins': 11},52,1,2,ok,52,104,0.7425909051671624,13.680829553864896,14.43082719296217,10,26,63,0,,
2026-05-16T05:50:03.130454,noisy,persist,{'bins': 11},52,2,2,ok,104,156,0.7012298312038183,10.292276702821255,11.000457783229649,10,43,90,0,,
2026-05-16T05:50:13.840126,noisy,persist,{'bins': 11},52,3,2,ok,156,208,0.7238474413752556,9.908535712398589,10.639368546195328,10,37,76,0,,
2026-05-16T05:50:26.565312,noisy,persist,{'bins': 11},52,4,2,ok,208,260,0.7802193621173501,11.878421472385526,12.665671241469681,10,12,36,0,,
2026-05-16T05:50:52.365045,noisy,persist,{'bins': 11},53,0,2,ok,0,53,0.7958233151584864,24.84054205659777,25.643801541998982,10,25,71,0,,
2026-05-16T05:51:07.231536,noisy,persist,{'bins': 11},53,1,2,ok,53,106,0.7757636308670044,14.00296466704458,14.786212556995451,10,20,52,0,,
2026-05-16T05:51:18.227531,noisy,persist,{'bins': 11},53,2,2,ok,106,159,0.7194993514567614,10.194981371052563,10.921710584312677,10,14,37,0,,
2026-05-16T05:51:34.837107,noisy,persist,{'bins': 11},53,3,2,ok,159,212,0.7893161103129387,15.744797894731164,16.541391315869987,10,12,39,0,,
2026-05-16T05:51:49.899063,noisy,persist,{'bins': 11},53,4,2,ok,212,265,0.7891453793272376,14.201774873770773,14.998266131617129,10,28,63,0,,
2026-05-16T05:52:10.949867,noisy,persist,{'bins': 11},54,0,2,ok,0,54,0.7633761977776885,20.110329353250563,20.881312873214483,10,33,84,0,,
2026-05-16T05:52:19.740861,noisy,persist,{'bins': 11},54,1,2,ok,54,108,0.7268880605697632,7.9963855016976595,8.730633288621902,10,42,89,0,,
2026-05-16T05:52:26.650232,noisy,persist,{'bins': 11},54,2,2,ok,108,162,0.7468376690521836,6.108422954566777,6.862220648676157,10,31,78,0,,
2026-05-16T05:52:54.709308,noisy,persist,{'bins': 11},54,3,2,ok,162,216,0.807210324332118,27.15428649634123,27.969182980246842,10,71,155,0,,
2026-05-16T05:53:18.666121,noisy,persist,{'bins': 11},54,4,2,ok,216,270,0.7520189415663481,23.114689396694303,23.874242602847517,10,14,43,0,,
2026-05-16T05:53:40.276754,noisy,persist,{'bins': 11},55,0,2,ok,0,55,0.7149025676771998,20.711638030596077,21.434410743415356,10,45,97,0,,
2026-05-16T05:53:50.423744,noisy,persist,{'bins': 11},55,1,2,ok,55,110,0.7885709628462791,9.296064835041761,10.091955278068781,10,38,88,0,,
2026-05-16T05:53:59.515708,noisy,persist,{'bins': 11},55,2,2,ok,110,165,0.7705342993140221,8.268323355354369,9.046041700057685,10,18,51,0,,
2026-05-16T05:54:23.275728,noisy,persist,{'bins': 11},55,3,2,ok,165,220,0.7974278209730983,22.847529716789722,23.652675738558173,10,23,60,0,,
2026-05-16T05:54:49.243033,noisy,persist,{'bins': 11},55,4,2,ok,220,275,0.749062430113554,25.126401328481734,25.883392233401537,10,50,120,0,,
2026-05-16T05:55:06.697609,noisy,persist,{'bins': 11},56,0,2,ok,0,56,0.7303640423342586,16.536350606940687,17.274485727772117,10,13,38,0,,
2026-05-16T05:55:31.581234,noisy,persist,{'bins': 11},56,1,2,ok,56,112,0.8157323859632015,23.95409815106541,24.777789720334113,10,16,44,0,,
2026-05-16T05:55:51.491550,noisy,persist,{'bins': 11},56,2,2,ok,112,168,0.7446147929877043,19.08633696194738,19.838862315751612,10,26,76,0,,
2026-05-16T05:56:08.130011,noisy,persist,{'bins': 11},56,3,2,ok,168,224,0.778672062791884,15.77141881082207,16.557688326574862,10,15,39,0,,
2026-05-16T05:56:34.939569,noisy,persist,{'bins': 11},56,4,2,ok,224,280,0.8062314772978425,25.906938462518156,26.721511549316347,10,45,111,0,,
2026-05-16T05:56:50.405736,noisy,persist,{'bins': 11},57,0,2,ok,0,57,0.827721175737679,14.467862384393811,15.303067380562425,10,30,69,0,,
2026-05-16T05:57:06.310209,noisy,persist,{'bins': 11},57,1,2,ok,57,114,0.7772813607007265,15.033500819467008,15.818671500310302,10,18,41,0,,
2026-05-16T05:57:23.343700,noisy,persist,{'bins': 11},57,2,2,ok,114,171,0.8113338397815824,16.131064598448575,16.95016091130674,10,21,55,0,,
2026-05-16T05:57:34.825311,noisy,persist,{'bins': 11},57,3,2,ok,171,228,0.7974557783454657,10.577555065974593,11.382772174663842,10,21,51,0,,
2026-05-16T05:58:03.949241,noisy,persist,{'bins': 11},57,4,2,ok,228,285,0.7874105656519532,28.22276389412582,29.018702680245042,10,47,112,0,,
2026-05-16T05:58:19.022984,noisy,persist,{'bins': 11},58,0,2,ok,0,58,0.8378583481535316,14.056757342070341,14.902464634738863,10,26,60,0,,
2026-05-16T05:58:47.804413,noisy,persist,{'bins': 11},58,1,2,ok,58,116,0.8434926830232143,27.854781933128834,28.70648004114628,10,66,152,0,,
2026-05-16T05:59:05.081670,noisy,persist,{'bins': 11},58,2,2,ok,116,174,0.8118424322456121,16.365824627690017,17.185684432275593,10,12,40,0,,
2026-05-16T05:59:46.534764,noisy,persist,{'bins': 11},58,3,2,ok,174,232,0.8077570674940944,40.52321065124124,41.339672392234206,10,18,50,0,,
2026-05-16T06:00:11.294648,noisy,persist,{'bins': 11},58,4,2,ok,232,290,0.7258236147463322,23.926429705694318,24.66068754531443,10,44,96,0,,
2026-05-16T06:00:23.339548,noisy,persist,{'bins': 11},59,0,2,ok,0,59,0.7543569877743721,11.118680665269494,11.88107993081212,10,43,93,0,,
2026-05-16T06:00:49.654831,noisy,persist,{'bins': 11},59,1,2,ok,59,118,0.8448269246146083,25.355335230007768,26.208534022793174,10,45,97,0,,
2026-05-16T06:00:59.368508,noisy,persist,{'bins': 11},59,2,2,ok,118,177,0.7999118668958545,8.848365273326635,9.656146894209087,10,14,37,0,,
2026-05-16T06:01:15.282970,noisy,persist,{'bins': 11},59,3,2,ok,177,236,0.8105796268209815,15.034338377416134,15.85284402500838,10,63,125,0,,
2026-05-16T06:01:25.330383,noisy,persist,{'bins': 11},59,4,2,ok,236,295,0.7147582462057471,9.24848562758416,9.971200961619616,10,39,75,0,,
2026-05-16T06:01:47.368793,noisy,persist,{'bins': 11},60,0,2,ok,0,60,0.8077117288485169,21.056299834512174,21.872548791579902,10,29,80,0,,
2026-05-16T06:02:08.906111,noisy,persist,{'bins': 11},60,1,2,ok,60,120,0.8591021904721856,20.583146166056395,21.450667122378945,10,55,119,0,,
2026-05-16T06:02:35.384661,noisy,persist,{'bins': 11},60,2,2,ok,120,180,0.7863363604992628,25.55609372071922,26.350852945819497,10,27,62,0,,
2026-05-16T06:02:51.385781,noisy,persist,{'bins': 11},60,3,2,ok,180,240,0.7511059055104852,15.151356424205005,15.910789352841675,10,48,109,0,,
2026-05-16T06:03:48.916309,noisy,persist,{'bins': 11},60,4,2,ok,240,300,0.8724807007238269,56.495468276552856,57.37700523156673,10,62,141,0,,
2026-05-16T06:04:06.164810,noisy,persist,{'bins': 11},61,0,2,ok,0,61,0.8286738246679306,16.24805778171867,17.084859946742654,10,49,106,0,,
2026-05-16T06:04:22.586098,noisy,persist,{'bins': 11},61,1,2,ok,61,122,0.8676376836374402,15.452966559678316,16.32884991168976,10,21,52,0,,
2026-05-16T06:04:39.890487,noisy,persist,{'bins': 11},61,2,2,ok,122,183,0.8252087738364935,16.379649264737964,17.213385056704283,10,13,42,0,,
2026-05-16T06:04:56.263299,noisy,persist,{'bins': 11},61,3,2,ok,183,244,0.8752165595069528,15.409479667432606,16.292843993753195,10,22,56,0,,
2026-05-16T06:05:16.620215,noisy,persist,{'bins': 11},61,4,2,ok,244,305,0.827593233436346,19.44110860582441,20.277269994840026,10,23,63,0,,
2026-05-16T06:05:38.314091,noisy,persist,{'bins': 11},62,0,2,ok,0,62,0.7771566910669208,20.69633064046502,21.48230194207281,10,31,76,0,,
2026-05-16T06:05:58.549893,noisy,persist,{'bins': 11},62,1,2,ok,62,124,0.8375581726431847,19.310106889344752,20.15608740504831,10,50,113,0,,
2026-05-16T06:06:18.952912,noisy,persist,{'bins': 11},62,2,2,ok,124,186,0.8141100415959954,19.490105474367738,20.31273802742362,10,23,67,0,,
2026-05-16T06:06:34.837300,noisy,persist,{'bins': 11},62,3,2,ok,186,248,0.8319396758452058,14.97909905668348,15.81918106880039,10,46,91,0,,
2026-05-16T06:07:11.230517,noisy,persist,{'bins': 11},62,4,2,ok,248,310,0.8777818847447634,35.40520552825183,36.292093770578504,10,47,119,0,,
2026-05-16T06:07:31.987337,noisy,persist,{'bins': 11},63,0,2,ok,0,63,0.8602121472358704,19.69602507352829,20.564917938783765,10,15,40,0,,
2026-05-16T06:07:59.473201,noisy,persist,{'bins': 11},63,1,2,ok,63,126,0.8401374351233244,26.528104841709137,27.376990480348468,10,28,67,0,,
2026-05-16T06:08:12.785269,noisy,persist,{'bins': 11},63,2,2,ok,126,189,0.8943412518128753,12.346368320286274,13.248727053403854,10,24,58,0,,
2026-05-16T06:08:33.846031,noisy,persist,{'bins': 11},63,3,2,ok,189,252,0.7955554313957691,20.16444768756628,20.968833497725427,10,38,80,0,,
2026-05-16T06:08:49.255243,noisy,persist,{'bins': 11},63,4,2,ok,252,315,0.8865719847381115,14.439381453208625,15.334436494857073,10,35,86,0,,
2026-05-16T06:09:06.083837,noisy,persist,{'bins': 11},64,0,2,ok,0,64,0.865195507183671,15.771125571802258,16.645027574151754,10,23,47,0,,
2026-05-16T06:09:28.846407,noisy,persist,{'bins': 11},64,1,2,ok,64,128,0.8936184821650386,21.75720448885113,22.659602904692292,10,45,104,0,,
2026-05-16T06:09:46.954397,noisy,persist,{'bins': 11},64,2,2,ok,128,192,0.8377216439694166,17.168353464454412,18.014793396927416,10,31,76,0,,
2026-05-16T06:10:04.927315,noisy,persist,{'bins': 11},64,3,2,ok,192,256,0.9002934712916613,16.976042711175978,17.885142946615815,10,31,71,0,,
2026-05-16T06:10:23.446692,noisy,persist,{'bins': 11},64,4,2,ok,256,320,0.8385066268965602,17.600369201041758,18.44740657415241,10,44,100,0,,
2026-05-16T06:10:46.894124,noisy,persist,{'bins': 11},65,0,2,ok,0,65,0.8714491818100214,22.36198879685253,23.242283676750958,10,27,65,0,,
2026-05-16T06:10:58.449176,noisy,persist,{'bins': 11},65,1,2,ok,65,130,0.8653608653694391,10.605629343539476,11.479563323780894,10,43,90,0,,
2026-05-16T06:11:13.380274,noisy,persist,{'bins': 11},65,2,2,ok,130,195,0.8674217369407415,13.966524176299572,14.842700639739633,10,31,78,0,,
2026-05-16T06:11:27.611404,noisy,persist,{'bins': 11},65,3,2,ok,195,260,0.8694957923144102,13.290782304480672,14.16877541039139,10,12,33,0,,
2026-05-16T06:11:46.828825,noisy,persist,{'bins': 11},65,4,2,ok,260,325,0.8409900106489658,18.29792525433004,19.147807369939983,10,41,89,0,,
2026-05-16T06:12:16.652778,noisy,persist,{'bins': 11},66,0,2,ok,0,66,0.8810769086703658,28.74424890615046,29.634326963685453,10,38,92,0,,
2026-05-16T06:12:30.208500,noisy,persist,{'bins': 11},66,1,2,ok,66,132,0.8128399271517992,12.642105570062995,13.46379585377872,10,35,73,0,,
2026-05-16T06:12:56.681653,noisy,persist,{'bins': 11},66,2,2,ok,132,198,0.917575110681355,25.441192210651934,26.367567874491215,10,18,52,0,,
2026-05-16T06:13:16.100970,noisy,persist,{'bins': 11},66,3,2,ok,198,264,0.8959789797663689,18.404519888572395,19.30949653312564,10,44,97,0,,
2026-05-16T06:13:37.002514,noisy,persist,{'bins': 11},66,4,2,ok,264,330,0.8306351760402322,19.916448968462646,20.75641843955964,10,4,23,0,,
2026-05-16T06:14:13.373924,noisy,persist,{'bins': 11},67,0,2,ok,0,67,0.8481870675459504,35.28372072707862,36.14144033193588,10,17,53,0,,
2026-05-16T06:14:25.445845,noisy,persist,{'bins': 11},67,1,2,ok,67,134,0.8678601747378707,11.123998878523707,12.000774030573666,10,34,73,0,,
2026-05-16T06:14:34.571289,noisy,persist,{'bins': 11},67,2,2,ok,134,201,0.8492773044854403,8.21312153711915,9.070907175540924,10,36,75,0,,
2026-05-16T06:15:00.936479,noisy,persist,{'bins': 11},67,3,2,ok,201,268,0.8657832127064466,25.4011212894693,26.276629391126335,10,29,80,0,,
2026-05-16T06:15:17.207703,noisy,persist,{'bins': 11},67,4,2,ok,268,335,0.8958142185583711,15.269312557764351,16.174197948537767,10,56,118,0,,
2026-05-16T06:15:48.503133,noisy,persist,{'bins': 11},68,0,2,ok,0,68,0.9269216256216168,30.11920541152358,31.055609561502934,10,47,107,0,,
2026-05-16T06:16:21.503608,noisy,persist,{'bins': 11},68,1,2,ok,68,136,0.8685106448829174,31.976392095908523,32.85473391972482,10,29,70,0,,
2026-05-16T06:16:43.180714,noisy,persist,{'bins': 11},68,2,2,ok,136,204,0.8887073649093509,20.680441899225116,21.5782267767936,10,28,68,0,,
2026-05-16T06:17:08.213296,noisy,persist,{'bins': 11},68,3,2,ok,204,272,0.8796163871884346,24.04652871377766,24.935767516493797,10,56,123,0,,
2026-05-16T06:17:14.877607,noisy,persist,{'bins': 11},68,4,2,ok,272,340,0.8719271402806044,5.725187702104449,6.606003801338375,10,45,90,0,,
2026-05-16T06:17:43.731391,noisy,persist,{'bins': 11},69,0,2,ok,0,69,0.8527097487822175,27.795407296158373,28.65766875911504,10,39,93,0,,
2026-05-16T06:18:07.099145,noisy,persist,{'bins': 11},69,1,2,ok,69,138,0.9493275629356503,22.29274274967611,23.251728676259518,10,43,102,0,,
2026-05-16T06:18:32.754076,noisy,persist,{'bins': 11},69,2,2,ok,138,207,0.8989244466647506,24.651092407293618,25.55946715734899,10,27,68,0,,
2026-05-16T06:19:02.102760,noisy,persist,{'bins': 11},69,3,2,ok,207,276,0.9484715443104506,28.24634391348809,29.204718821682036,10,15,43,0,,
2026-05-16T06:19:11.601766,noisy,persist,{'bins': 11},69,4,2,ok,276,345,0.8752228301018476,8.536571116186678,9.420664329081774,10,28,55,0,,
2026-05-16T06:19:36.109551,noisy,persist,{'bins': 11},70,0,2,ok,0,70,0.9197990596294403,23.388627202250063,24.318073854781687,10,38,85,0,,
2026-05-16T06:19:59.856123,noisy,persist,{'bins': 11},70,1,2,ok,70,140,0.9176004892215133,22.68527837842703,23.612511003389955,10,33,79,0,,
2026-05-16T06:20:19.642822,noisy,persist,{'bins': 11},70,2,2,ok,140,210,0.9584592143073678,18.71012412197888,19.677959309890866,10,11,37,0,,
2026-05-16T06:20:46.452136,noisy,persist,{'bins': 11},70,3,2,ok,210,280,0.9195885928347707,25.7502447841689,26.67926083691418,10,36,80,0,,
2026-05-16T06:21:03.788189,noisy,persist,{'bins': 11},70,4,2,ok,280,350,0.9116096328943968,16.335089734755456,17.256058931350708,10,47,101,0,,
2026-05-16T06:21:31.604870,noisy,persist,{'bins': 11},71,0,2,ok,0,71,0.9750002473592758,26.605363636277616,27.59035287797451,10,31,79,0,,
2026-05-16T06:22:33.312891,noisy,persist,{'bins': 11},71,1,2,ok,71,142,0.8717722231522202,60.59280396532267,61.4755635894835,10,21,59,0,,
2026-05-16T06:23:11.664292,noisy,persist,{'bins': 11},71,2,2,ok,142,213,0.874574146233499,37.318693646229804,38.20340882334858,10,35,82,0,,
2026-05-16T06:23:45.592733,noisy,persist,{'bins': 11},71,3,2,ok,213,284,0.930448398925364,32.890453131869435,33.8306770157069,10,67,152,0,,
2026-05-16T06:24:12.077511,noisy,persist,{'bins': 11},71,4,2,ok,284,355,0.899177354760468,25.46182146295905,26.37068691663444,10,43,83,0,,
2026-05-16T06:24:42.521029,noisy,persist,{'bins': 11},72,0,2,ok,0,72,0.9795278580859303,29.216862687841058,30.20629092399031,10,24,58,0,,
2026-05-16T06:25:07.213854,noisy,persist,{'bins': 11},72,1,2,ok,72,144,0.9174005761742592,23.67471483722329,24.601861914619803,10,71,150,0,,
2026-05-16T06:25:29.493786,noisy,persist,{'bins': 11},72,2,2,ok,144,216,0.9582266109064221,21.209753109142184,22.177725989371538,10,54,133,0,,
2026-05-16T06:26:12.424238,noisy,persist,{'bins': 11},72,3,2,ok,216,288,0.9161195969209075,41.86627665068954,42.79272131342441,10,28,71,0,,
2026-05-16T06:26:34.830340,noisy,persist,{'bins': 11},72,4,2,ok,288,360,0.9381457036361098,21.349277696572244,22.29747562482953,10,50,98,0,,
2026-05-16T06:26:52.856959,noisy,persist,{'bins': 11},73,0,2,ok,0,73,0.9349570013582706,16.883344212546945,17.828243723139167,10,19,47,0,,
2026-05-16T06:27:16.585465,noisy,persist,{'bins': 11},73,1,2,ok,73,146,0.9033288946375251,22.661444624885917,23.57506915088743,10,34,82,0,,
2026-05-16T06:27:43.044415,noisy,persist,{'bins': 11},73,2,2,ok,146,219,0.9081183718517423,25.423680253326893,26.341861779801548,10,20,55,0,,
2026-05-16T06:28:11.207808,noisy,persist,{'bins': 11},73,3,2,ok,219,292,0.9928815886378288,27.00628158915788,28.009417843073606,10,6,29,0,,
2026-05-16T06:28:25.327447,noisy,persist,{'bins': 11},73,4,2,ok,292,365,0.8727355003356934,13.155416727997363,14.037915579043329,10,35,75,0,,
2026-05-16T06:28:50.199750,noisy,persist,{'bins': 11},74,0,2,ok,0,74,0.9446200914680958,23.68476653750986,24.63950789347291,10,33,70,0,,
2026-05-16T06:29:21.756057,noisy,persist,{'bins': 11},74,1,2,ok,74,148,0.9998199418187141,30.38516858033836,31.395134242251515,10,28,68,0,,
2026-05-16T06:29:33.470900,noisy,persist,{'bins': 11},74,2,2,ok,148,222,0.9107121508568525,10.721852149814367,11.641996249556541,10,36,80,0,,
2026-05-16T06:30:18.805641,noisy,persist,{'bins': 11},74,3,2,ok,222,296,0.9894828703254461,44.18070392496884,45.18073495198041,10,46,111,0,,
2026-05-16T06:30:41.410419,noisy,persist,{'bins': 11},74,4,2,ok,296,370,0.9851405713707209,21.51741490047425,22.51238617952913,10,34,79,0,,
2026-05-16T06:30:58.226800,noisy,persist,{'bins': 11},75,0,2,ok,0,75,0.893655575811863,15.723269612528384,16.626907491125166,10,41,94,0,,
2026-05-16T06:31:27.122097,noisy,persist,{'bins': 11},75,1,2,ok,75,150,0.9412856642156839,27.772026248276234,28.72403946518898,10,24,62,0,,
2026-05-16T06:31:41.028863,noisy,persist,{'bins': 11},75,2,2,ok,150,225,0.8674079142510891,12.941065532155335,13.818469135090709,10,44,93,0,,
2026-05-16T06:32:16.495648,noisy,persist,{'bins': 11},75,3,2,ok,225,300,0.9604609366506338,34.36615651194006,35.33721293322742,10,26,67,0,,
2026-05-16T06:32:45.217281,noisy,persist,{'bins': 11},75,4,2,ok,300,375,0.9606997836381197,27.607042349874973,28.578365170396864,10,23,64,0,,
2026-05-16T06:33:16.826729,noisy,persist,{'bins': 11},76,0,2,ok,0,76,1.024243296124041,30.36076541058719,31.395283058285713,10,42,88,0,,
2026-05-16T06:33:45.526502,noisy,persist,{'bins': 11},76,1,2,ok,76,152,0.9488696474581957,27.64006206113845,28.59942127391696,10,40,93,0,,
2026-05-16T06:34:06.577979,noisy,persist,{'bins': 11},76,2,2,ok,152,228,0.9380967579782009,20.004092539660633,20.952401191927493,10,40,93,0,,
2026-05-16T06:34:47.384018,noisy,persist,{'bins': 11},76,3,2,ok,228,304,0.9692076332867146,39.64795073121786,40.62798015587032,10,32,79,0,,
2026-05-16T06:35:14.680980,noisy,persist,{'bins': 11},76,4,2,ok,304,380,1.0205011125653982,26.155358208343387,27.186296228319407,10,34,89,0,,
2026-05-16T06:35:43.679602,noisy,persist,{'bins': 11},77,0,2,ok,0,77,0.9774022148922086,27.808836583048105,28.797088871710002,10,45,100,0,,
2026-05-16T06:36:15.224147,noisy,persist,{'bins': 11},77,1,2,ok,77,154,0.9653932750225067,30.4116276986897,31.387740491889417,10,27,63,0,,
2026-05-16T06:36:33.167663,noisy,persist,{'bins': 11},77,2,2,ok,154,231,0.9885564772412181,16.824195318855345,17.82299085147679,10,12,36,0,,
2026-05-16T06:37:03.409342,noisy,persist,{'bins': 11},77,3,2,ok,231,308,0.9490756988525391,29.158615390770137,30.118282296694815,10,41,94,0,,
2026-05-16T06:37:46.873216,noisy,persist,{'bins': 11},77,4,2,ok,308,385,0.930128013715148,42.35028658621013,43.29140726942569,10,10,39,0,,
2026-05-16T06:38:17.686707,noisy,persist,{'bins': 11},78,0,2,ok,0,78,1.0033530136570334,29.59927322063595,30.612977939657867,10,39,79,0,,
2026-05-16T06:38:23.273757,noisy,persist,{'bins': 11},78,1,2,ok,78,156,0.9429263547062874,4.562073201872408,5.514755493029952,10,28,69,0,,
2026-05-16T06:38:31.580051,noisy,persist,{'bins': 11},78,2,2,ok,156,234,0.9671334391459823,7.26436242647469,8.241334368474782,10,24,57,0,,
2026-05-16T06:38:54.598586,noisy,persist,{'bins': 11},78,3,2,ok,234,312,0.9194347420707345,21.935986721888185,22.866211214102805,10,31,89,0,,
2026-05-16T06:39:30.065989,noisy,persist,{'bins': 11},78,4,2,ok,312,390,1.0465618334710598,34.30728903412819,35.36441243812442,10,75,157,0,,
2026-05-16T06:39:56.104848,noisy,persist,{'bins': 11},79,0,2,ok,0,79,1.0013002837076783,24.805879585444927,25.81769814901054,10,17,46,0,,
2026-05-16T06:40:38.187125,noisy,persist,{'bins': 11},79,1,2,ok,79,158,0.964074288494885,40.94797264505178,41.9235446434468,10,19,63,0,,
2026-05-16T06:41:06.870669,noisy,persist,{'bins': 11},79,2,2,ok,158,237,1.0180745432153344,27.492658597417176,28.521653245203197,10,14,44,0,,
2026-05-16T06:41:12.514791,noisy,persist,{'bins': 11},79,3,2,ok,237,316,0.9780921014025807,4.591520109213889,5.579339984804392,10,35,81,0,,
2026-05-16T06:41:52.766114,noisy,persist,{'bins': 11},79,4,2,ok,316,395,1.0773522006347775,38.97884072549641,40.06712514348328,10,36,78,0,,
2026-05-16T06:42:18.689530,noisy,persist,{'bins': 11},80,0,2,ok,0,80,1.0548586742952466,24.667775748297572,25.733327290043235,10,51,115,0,,
2026-05-16T06:42:38.609044,noisy,persist,{'bins': 11},80,1,2,ok,80,160,1.0066636139526963,18.790383820421994,19.807777732610703,10,45,98,0,,
2026-05-16T06:42:48.974932,noisy,persist,{'bins': 11},80,2,2,ok,160,240,0.9807788161560893,9.291705953888595,10.282645468600094,10,25,56,0,,
2026-05-16T06:43:05.709589,noisy,persist,{'bins': 11},80,3,2,ok,240,320,1.00197244156152,15.625487469136715,16.638071495108306,10,30,82,0,,
2026-05-16T06:44:14.798997,noisy,persist,{'bins': 11},80,4,2,ok,320,400,1.0231657922267914,67.89654359500855,68.9314796384424,10,29,78,0,,
2026-05-16T06:44:51.989641,noisy,persist,{'bins': 11},81,0,2,ok,0,81,1.0010274201631546,35.962174757383764,36.97415819019079,10,25,73,0,,
2026-05-16T06:45:17.768254,noisy,persist,{'bins': 11},81,1,2,ok,81,162,0.961143784224987,24.632940406911075,25.605665327049792,10,38,85,0,,
2026-05-16T06:45:39.727755,noisy,persist,{'bins': 11},81,2,2,ok,162,243,1.019516964443028,20.81963894981891,21.849830558523536,10,40,98,0,,
2026-05-16T06:46:09.746606,noisy,persist,{'bins': 11},81,3,2,ok,243,324,1.0209708735346794,28.823933982290328,29.855957408435643,10,27,60,0,,
2026-05-16T06:46:58.439411,noisy,persist,{'bins': 11},81,4,2,ok,324,405,1.0167020242661238,47.483006219379604,48.511487611569464,10,40,96,0,,
2026-05-16T06:47:23.937426,noisy,persist,{'bins': 11},82,0,2,ok,0,82,1.084771428257227,24.186547119170427,25.282302510924637,10,61,131,0,,
2026-05-16T06:47:38.386901,noisy,persist,{'bins': 11},82,1,2,ok,82,164,0.9541503908112645,13.358267513103783,14.323276462964714,10,30,61,0,,
2026-05-16T06:47:54.841210,noisy,persist,{'bins': 11},82,2,2,ok,164,246,1.0622592149302363,15.284494242630899,16.35744695737958,10,21,54,0,,
2026-05-16T06:48:15.113602,noisy,persist,{'bins': 11},82,3,2,ok,246,328,1.0824937475845218,19.067028132267296,20.16040291171521,10,39,85,0,,
2026-05-16T06:48:56.325800,noisy,persist,{'bins': 11},82,4,2,ok,328,410,1.0594662772491574,39.98484080564231,41.05571185797453,10,7,28,0,,
2026-05-16T06:49:29.721495,noisy,persist,{'bins': 11},83,0,2,ok,0,83,1.0092935701832175,32.121502115391195,33.142300829291344,10,26,71,0,,
2026-05-16T06:50:19.690942,noisy,persist,{'bins': 11},83,1,2,ok,83,166,1.0381336491554976,48.77726334519684,49.82749121449888,10,32,83,0,,
2026-05-16T06:51:04.313196,noisy,persist,{'bins': 11},83,2,2,ok,166,249,1.001732474192977,43.37285210378468,44.38646380417049,10,26,66,0,,
2026-05-16T06:51:29.479847,noisy,persist,{'bins': 11},83,3,2,ok,249,332,1.0799632463604212,23.954905156977475,25.046186706982553,10,48,111,0,,
2026-05-16T06:52:20.024574,noisy,persist,{'bins': 11},83,4,2,ok,332,415,1.0233637988567352,49.35544041078538,50.39061364438385,10,75,172,0,,
2026-05-16T06:53:00.108483,noisy,persist,{'bins': 11},84,0,2,ok,0,84,1.0139900781214237,38.798955920152366,39.824349120259285,10,32,68,0,,
2026-05-16T06:53:38.392151,noisy,persist,{'bins': 11},84,1,2,ok,84,168,1.0514085609465837,37.029819309711456,38.092989686876535,10,14,43,0,,
2026-05-16T06:54:16.134557,noisy,persist,{'bins': 11},84,2,2,ok,168,252,1.1137580201029778,36.43929596245289,37.564893713220954,10,8,29,0,,
2026-05-16T06:54:50.372381,noisy,persist,{'bins': 11},84,3,2,ok,252,336,0.9736846461892128,33.108407822437584,34.094030225649476,10,49,100,0,,
2026-05-16T06:55:38.768528,noisy,persist,{'bins': 11},84,4,2,ok,336,420,1.0462858937680721,47.21697678323835,48.27481334656477,10,67,150,0,,
2026-05-16T06:56:05.876404,noisy,persist,{'bins': 11},85,0,2,ok,0,85,1.038892474025488,25.805680997669697,26.856226081959903,10,31,74,0,,
2026-05-16T06:56:42.113542,noisy,persist,{'bins': 11},85,1,2,ok,85,170,1.0744388196617365,34.988418547436595,36.074444505386055,10,61,129,0,,
2026-05-16T06:57:17.989579,noisy,persist,{'bins': 11},85,2,2,ok,170,255,1.059335975907743,34.67787484731525,35.748558211140335,10,14,42,0,,
2026-05-16T06:57:47.177470,noisy,persist,{'bins': 11},85,3,2,ok,255,340,1.0536792892962694,28.00435044337064,29.069600880146027,10,37,86,0,,
2026-05-16T06:58:31.339059,noisy,persist,{'bins': 11},85,4,2,ok,340,425,1.057324736379087,42.93071587942541,43.99951668549329,10,21,56,0,,
2026-05-16T06:58:56.474292,noisy,persist,{'bins': 11},86,0,2,ok,0,86,1.1406936617568135,23.77834850270301,24.930410492233932,10,34,82,0,,
2026-05-16T06:59:29.949547,noisy,persist,{'bins': 11},86,1,2,ok,86,172,1.0861092889681458,32.16769480612129,33.26570541318506,10,39,93,0,,
2026-05-16T07:00:05.950373,noisy,persist,{'bins': 11},86,2,2,ok,172,258,1.0597946736961603,34.750306566245854,35.8221379108727,10,80,159,0,,
2026-05-16T07:00:30.425048,noisy,persist,{'bins': 11},86,3,2,ok,258,344,1.070803395472467,23.302912757731974,24.38508027140051,10,49,102,0,,
2026-05-16T07:00:40.447148,noisy,persist,{'bins': 11},86,4,2,ok,344,430,0.9829742554575205,8.929153780452907,9.923326624557376,10,35,78,0,,
2026-05-16T07:01:05.920612,noisy,persist,{'bins': 11},87,0,2,ok,0,87,1.0802036030218005,24.147206163033843,25.23924777470529,10,31,77,0,,
