timestamp,dataset,method,params,trace_count,repeat,tag_k,status,trace_indices_start,trace_indices_end,disc_time,learn_time,total_time,actual_bins,n_states,n_edges,n_inconsistencies,error_type,error_msg
2026-05-16T04:23:25.774218,clean,naive,{'bins': 15},1,0,4,ok,0,1,0.0005369791761040688,0.02116541936993599,0.02208979520946741,15,42,45,0,,
2026-05-16T04:23:25.799829,clean,naive,{'bins': 15},1,1,4,ok,1,2,0.0004027765244245529,0.02117422502487898,0.02189814578741789,15,49,51,0,,
2026-05-16T04:23:25.821128,clean,naive,{'bins': 15},1,2,4,ok,2,3,0.00038166623562574387,0.017746767960488796,0.018437925726175308,15,54,55,0,,
2026-05-16T04:23:25.840308,clean,naive,{'bins': 15},1,3,4,ok,3,4,0.00038853008300065994,0.01553214993327856,0.01621770765632391,15,51,52,0,,
2026-05-16T04:23:25.870636,clean,naive,{'bins': 15},1,4,4,ok,4,5,0.00037383195012807846,0.027561030350625515,0.02824242040514946,15,50,53,0,,
2026-05-16T04:23:25.995570,clean,naive,{'bins': 15},2,0,4,ok,0,2,0.0005769841372966766,0.11797836422920227,0.11904000863432884,15,81,89,0,,
2026-05-16T04:23:26.144440,clean,naive,{'bins': 15},2,1,4,ok,2,4,0.0006620530039072037,0.14441444166004658,0.1455309083685279,15,74,85,0,,
2026-05-16T04:23:26.309188,clean,naive,{'bins': 15},2,2,4,ok,4,6,0.0006600301712751389,0.1599812274798751,0.16111786291003227,15,85,94,0,,
2026-05-16T04:23:26.468911,clean,naive,{'bins': 15},2,3,4,ok,6,8,0.000710134394466877,0.154928688891232,0.1561008207499981,15,81,93,0,,
2026-05-16T04:23:26.627719,clean,naive,{'bins': 15},2,4,4,ok,8,10,0.0007132785394787788,0.154157480224967,0.1554441461339593,15,85,95,0,,
2026-05-16T04:23:27.096388,clean,naive,{'bins': 15},3,0,4,ok,0,3,0.0008150795474648476,0.45970893278717995,0.4611251810565591,15,103,120,0,,
2026-05-16T04:23:27.387718,clean,naive,{'bins': 15},3,1,4,ok,3,6,0.001250728964805603,0.28431534953415394,0.2862400244921446,15,91,105,0,,
2026-05-16T04:23:27.681254,clean,naive,{'bins': 15},3,2,4,ok,6,9,0.0009609339758753777,0.2870222833007574,0.28858913481235504,15,80,93,0,,
2026-05-16T04:23:27.977110,clean,naive,{'bins': 15},3,3,4,ok,9,12,0.0009625274688005447,0.28982620779424906,0.29139336105436087,15,79,97,0,,
2026-05-16T04:23:28.340183,clean,naive,{'bins': 15},3,4,4,ok,12,15,0.0009177634492516518,0.3563281409442425,0.35785012878477573,15,82,100,0,,
2026-05-16T04:23:28.924204,clean,naive,{'bins': 15},4,0,4,ok,0,4,0.001112980768084526,0.5732142357155681,0.5750532504171133,15,107,126,0,,
2026-05-16T04:23:29.596437,clean,naive,{'bins': 15},4,1,4,ok,4,8,0.0010916106402873993,0.6634543696418405,0.6653118981048465,15,113,133,0,,
2026-05-16T04:23:30.188141,clean,naive,{'bins': 15},4,2,4,ok,8,12,0.0011194124817848206,0.5831888392567635,0.5850838981568813,15,102,125,0,,
2026-05-16T04:23:30.931661,clean,naive,{'bins': 15},4,3,4,ok,12,16,0.0014502033591270447,0.7337496550753713,0.7360211405903101,15,91,117,0,,
2026-05-16T04:23:31.536000,clean,naive,{'bins': 15},4,4,4,ok,16,20,0.0011290200054645538,0.596349885687232,0.5982075138017535,15,87,109,0,,
2026-05-16T04:23:32.223159,clean,naive,{'bins': 15},5,0,4,ok,0,5,0.0012362021952867508,0.6749334065243602,0.6771737551316619,15,87,109,0,,
2026-05-16T04:23:33.418947,clean,naive,{'bins': 15},5,1,4,ok,5,10,0.0013627596199512482,1.184473842382431,1.1868641218170524,15,139,169,0,,
2026-05-16T04:23:34.256962,clean,naive,{'bins': 15},5,2,4,ok,10,15,0.0013485634699463844,0.8272476652637124,0.8295791940763593,15,89,111,0,,
2026-05-16T04:23:35.214643,clean,naive,{'bins': 15},5,3,4,ok,15,20,0.0017323940992355347,0.9466627296060324,0.949518222361803,15,92,116,0,,
2026-05-16T04:23:36.407157,clean,naive,{'bins': 15},5,4,4,ok,20,25,0.0013649733737111092,1.1814732467755675,1.1838493794202805,15,103,133,0,,
2026-05-16T04:23:37.205845,clean,naive,{'bins': 15},6,0,4,ok,0,6,0.0014477483928203583,0.7862044349312782,0.7887882078066468,15,58,81,0,,
2026-05-16T04:23:38.803804,clean,naive,{'bins': 15},6,1,4,ok,6,12,0.0014985539019107819,1.5856560999527574,1.5882770419120789,15,112,148,0,,
2026-05-16T04:23:40.311374,clean,naive,{'bins': 15},6,2,4,ok,12,18,0.0018474897369742393,1.4936552811414003,1.4967863010242581,15,95,123,0,,
2026-05-16T04:23:41.954718,clean,naive,{'bins': 15},6,3,4,ok,18,24,0.0019827838987112045,1.6295831454917789,1.6328967781737447,15,100,131,0,,
2026-05-16T04:23:42.926316,clean,naive,{'bins': 15},6,4,4,ok,24,30,0.0018606241792440414,0.9586825920268893,0.9618356740102172,15,104,130,0,,
2026-05-16T04:23:44.463798,clean,naive,{'bins': 15},7,0,4,ok,0,7,0.0023003900423645973,1.5193403167650104,1.5239544613286853,15,97,126,0,,
2026-05-16T04:23:46.893596,clean,naive,{'bins': 15},7,1,4,ok,7,14,0.0021968353539705276,2.413890358991921,2.4175056274980307,15,115,154,0,,
2026-05-16T04:23:49.146356,clean,naive,{'bins': 15},7,2,4,ok,14,21,0.0020730430260300636,2.2370769400149584,2.240558698773384,15,96,130,0,,
2026-05-16T04:23:51.003256,clean,naive,{'bins': 15},7,3,4,ok,21,28,0.0020379070192575455,1.8424451434984803,1.8458570204675198,15,88,117,0,,
2026-05-16T04:23:52.901586,clean,naive,{'bins': 15},7,4,4,ok,28,35,0.0018900791183114052,1.8263226551935077,1.8855958208441734,15,128,160,0,,
2026-05-16T04:23:55.242739,clean,naive,{'bins': 15},8,0,4,ok,0,8,0.002030252479016781,2.322177960537374,2.3257822692394257,15,115,149,0,,
2026-05-16T04:23:57.780295,clean,naive,{'bins': 15},8,1,4,ok,8,16,0.0020006876438856125,2.5193944657221437,2.5229265093803406,15,116,154,0,,
2026-05-16T04:23:59.904781,clean,naive,{'bins': 15},8,2,4,ok,16,24,0.0022497940808534622,2.1086688367649913,2.112430389970541,15,78,111,0,,
2026-05-16T04:24:01.816903,clean,naive,{'bins': 15},8,3,4,ok,24,32,0.002077762968838215,1.8970516361296177,1.9005663972347975,15,84,113,0,,
2026-05-16T04:24:04.855760,clean,naive,{'bins': 15},8,4,4,ok,32,40,0.002124389633536339,3.021199634298682,3.0247752405703068,15,128,171,0,,
2026-05-16T04:24:07.774677,clean,naive,{'bins': 15},9,0,4,ok,0,9,0.002079836092889309,2.897386521100998,2.9011903135105968,15,123,166,0,,
2026-05-16T04:24:10.760251,clean,naive,{'bins': 15},9,1,4,ok,9,18,0.0022725481539964676,2.965975542552769,2.969938996247947,15,112,151,0,,
2026-05-16T04:24:14.001887,clean,naive,{'bins': 15},9,2,4,ok,18,27,0.0022159116342663765,3.2227621022611856,3.2265587924048305,15,109,151,0,,
2026-05-16T04:24:16.734388,clean,naive,{'bins': 15},9,3,4,ok,27,36,0.002512909471988678,2.713944592513144,2.718160590156913,15,100,138,0,,
2026-05-16T04:24:20.221664,clean,naive,{'bins': 15},9,4,4,ok,36,45,0.0025765998288989067,3.4672193974256516,3.4715494085103273,15,105,142,0,,
2026-05-16T04:24:23.226683,clean,naive,{'bins': 15},10,0,4,ok,0,10,0.002610502764582634,2.985497023910284,2.9898287998512387,15,44,69,0,,
2026-05-16T04:24:26.173658,clean,naive,{'bins': 15},10,1,4,ok,10,20,0.002851305529475212,2.922208667732775,2.9268761025741696,15,118,153,0,,
2026-05-16T04:24:29.567934,clean,naive,{'bins': 15},10,2,4,ok,20,30,0.0029728924855589867,3.3717880146577954,3.376490225084126,15,103,141,0,,
2026-05-16T04:24:32.231460,clean,naive,{'bins': 15},10,3,4,ok,30,40,0.0025990307331085205,2.643497952260077,2.6477794032543898,15,86,119,0,,
2026-05-16T04:24:36.742211,clean,naive,{'bins': 15},10,4,4,ok,40,50,0.0029736049473285675,4.49430825561285,4.499046504497528,15,32,62,0,,
2026-05-16T04:24:40.174845,clean,naive,{'bins': 15},11,0,4,ok,0,11,0.002669883891940117,3.4066577488556504,3.4111469900235534,15,124,170,0,,
2026-05-16T04:24:46.100061,clean,naive,{'bins': 15},11,1,4,ok,11,22,0.0030315937474370003,5.899968517944217,5.9048539232462645,15,133,185,0,,
2026-05-16T04:24:50.383800,clean,naive,{'bins': 15},11,2,4,ok,22,33,0.003096003085374832,4.259929476305842,4.26499230414629,15,115,160,0,,
2026-05-16T04:24:54.438352,clean,naive,{'bins': 15},11,3,4,ok,33,44,0.0027661947533488274,4.032182704657316,4.036722991615534,15,104,147,0,,
2026-05-16T04:24:57.661441,clean,naive,{'bins': 15},11,4,4,ok,44,55,0.002880459651350975,3.20229905936867,3.2070464650169015,15,80,117,0,,
2026-05-16T04:25:02.129238,clean,naive,{'bins': 15},12,0,4,ok,0,12,0.00313357450067997,4.444443457759917,4.4496307997033,15,63,92,0,,
2026-05-16T04:25:07.047638,clean,naive,{'bins': 15},12,1,4,ok,12,24,0.0030621811747550964,4.893758648075163,4.898849218152463,15,101,146,0,,
2026-05-16T04:25:10.834194,clean,naive,{'bins': 15},12,2,4,ok,24,36,0.0029877405613660812,3.765439536422491,3.7704112231731415,15,66,100,0,,
2026-05-16T04:25:16.771634,clean,naive,{'bins': 15},12,3,4,ok,36,48,0.0032871635630726814,5.914928589016199,5.920315325260162,15,67,103,0,,
2026-05-16T04:25:21.772236,clean,naive,{'bins': 15},12,4,4,ok,48,60,0.003143003210425377,4.972686443477869,4.9777984749525785,15,163,216,0,,
2026-05-16T04:25:27.357052,clean,naive,{'bins': 15},13,0,4,ok,0,13,0.003166366368532181,5.557553242892027,5.562829841859639,15,102,146,0,,
2026-05-16T04:25:33.991910,clean,naive,{'bins': 15},13,1,4,ok,13,26,0.003253449685871601,6.612781657837331,6.618245898745954,15,37,63,0,,
2026-05-16T04:25:39.888905,clean,naive,{'bins': 15},13,2,4,ok,26,39,0.0033998144790530205,5.86830947548151,5.873972330242395,15,120,164,0,,
2026-05-16T04:25:47.162369,clean,naive,{'bins': 15},13,3,4,ok,39,52,0.003339020535349846,7.243694510310888,7.249194479547441,15,134,183,0,,
2026-05-16T04:25:53.263715,clean,naive,{'bins': 15},13,4,4,ok,52,65,0.003850100561976433,6.076780096627772,6.082839475944638,15,58,89,0,,
2026-05-16T04:26:00.152195,clean,naive,{'bins': 15},14,0,4,ok,0,14,0.004180670715868473,6.854316970333457,6.861061827279627,15,131,183,0,,
2026-05-16T04:26:08.967404,clean,naive,{'bins': 15},14,1,4,ok,14,28,0.004013196565210819,8.78880425542593,8.795238840393722,15,46,78,0,,
2026-05-16T04:26:14.428398,clean,naive,{'bins': 15},14,2,4,ok,28,42,0.004528043791651726,5.427176398225129,5.434308883734047,15,126,168,0,,
2026-05-16T04:26:22.198254,clean,naive,{'bins': 15},14,3,4,ok,42,56,0.004180410876870155,7.742789063602686,7.750951142050326,15,48,76,0,,
2026-05-16T04:26:28.497303,clean,naive,{'bins': 15},14,4,4,ok,56,70,0.004150824621319771,6.268826579675078,6.275353005155921,15,111,156,0,,
2026-05-16T04:26:36.182460,clean,naive,{'bins': 15},15,0,4,ok,0,15,0.0043357620015740395,7.645571886561811,7.652462776750326,15,153,203,0,,
2026-05-16T04:26:44.677571,clean,naive,{'bins': 15},15,1,4,ok,15,30,0.004139394499361515,8.460882440209389,8.467518653720617,15,135,189,0,,
2026-05-16T04:26:52.824614,clean,naive,{'bins': 15},15,2,4,ok,30,45,0.004059514030814171,8.111522775143385,8.118004348129034,15,144,196,0,,
2026-05-16T04:26:59.107979,clean,naive,{'bins': 15},15,3,4,ok,45,60,0.0042222896590828896,6.250312675721943,6.256933289580047,15,114,164,0,,
2026-05-16T04:27:08.028727,clean,naive,{'bins': 15},15,4,4,ok,60,75,0.00399324856698513,8.898009617812932,8.904426697641611,15,17,40,0,,
2026-05-16T04:27:15.553170,clean,naive,{'bins': 15},16,0,4,ok,0,16,0.004039016552269459,7.494722603820264,7.501304425299168,15,59,92,0,,
2026-05-16T04:27:25.622917,clean,naive,{'bins': 15},16,1,4,ok,16,32,0.004114817827939987,10.041238684207201,10.047839651815593,15,66,102,0,,
2026-05-16T04:27:35.991294,clean,naive,{'bins': 15},16,2,4,ok,32,48,0.004142920486629009,10.340808580629528,10.347518933005631,15,45,72,0,,
2026-05-16T04:27:43.398265,clean,naive,{'bins': 15},16,3,4,ok,48,64,0.004062649793922901,7.3814233131706715,7.3879899345338345,15,29,55,0,,
2026-05-16T04:27:55.477248,clean,naive,{'bins': 15},16,4,4,ok,64,80,0.004030999727547169,12.054150946438313,12.060762933455408,15,18,42,0,,
2026-05-16T04:28:03.980944,clean,naive,{'bins': 15},17,0,4,ok,0,17,0.004372951574623585,8.471259227022529,8.478320537135005,15,57,86,0,,
2026-05-16T04:28:13.111695,clean,naive,{'bins': 15},17,1,4,ok,17,34,0.0043141720816493034,9.09344434645027,9.100425297394395,15,123,171,0,,
2026-05-16T04:28:23.339877,clean,naive,{'bins': 15},17,2,4,ok,34,51,0.004118174314498901,10.193245336413383,10.200060155242682,15,107,154,0,,
2026-05-16T04:28:32.931116,clean,naive,{'bins': 15},17,3,4,ok,51,68,0.004107714630663395,9.563930393196642,9.570632088929415,15,37,65,0,,
2026-05-16T04:28:41.948288,clean,naive,{'bins': 15},17,4,4,ok,68,85,0.0043064383789896965,8.99246724601835,8.999526614323258,15,4,20,0,,
2026-05-16T04:28:52.068348,clean,naive,{'bins': 15},18,0,4,ok,0,18,0.0042591392993927,10.085656898096204,10.092771079391241,15,51,78,0,,
2026-05-16T04:29:00.808027,clean,naive,{'bins': 15},18,1,4,ok,18,36,0.004587835632264614,8.699180477298796,8.706572129391134,15,125,188,0,,
2026-05-16T04:29:13.296668,clean,naive,{'bins': 15},18,2,4,ok,36,54,0.004775749519467354,12.44598964881152,12.453615761362016,15,145,197,0,,
2026-05-16T04:29:22.633634,clean,naive,{'bins': 15},18,3,4,ok,54,72,0.004767401143908501,9.289003178477287,9.296594734303653,15,179,236,0,,
2026-05-16T04:29:34.220060,clean,naive,{'bins': 15},18,4,4,ok,72,90,0.00476827472448349,11.558919246308506,11.56651412975043,15,17,37,0,,
2026-05-16T04:29:44.470715,clean,naive,{'bins': 15},19,0,4,ok,0,19,0.0048250919207930565,10.206843321211636,10.215611307881773,15,94,140,0,,
2026-05-16T04:29:54.912352,clean,naive,{'bins': 15},19,1,4,ok,19,38,0.004919009283185005,10.401457336731255,10.40951936878264,15,98,146,0,,
2026-05-16T04:30:08.294468,clean,naive,{'bins': 15},19,2,4,ok,38,57,0.004600709304213524,13.340845729224384,13.348396269604564,15,129,188,0,,
2026-05-16T04:30:18.690446,clean,naive,{'bins': 15},19,3,4,ok,57,76,0.0047579072415828705,10.358615338802338,10.366335119120777,15,90,136,0,,
2026-05-16T04:30:29.454690,clean,naive,{'bins': 15},19,4,4,ok,76,95,0.004892979748547077,10.727424967102706,10.735429180786014,15,85,124,0,,
2026-05-16T04:30:38.052134,clean,naive,{'bins': 15},20,0,4,ok,0,20,0.00521511398255825,8.55410920549184,8.562523216940463,15,86,126,0,,
2026-05-16T04:30:50.580343,clean,naive,{'bins': 15},20,1,4,ok,20,40,0.005488919094204903,12.493883940391243,12.502581615932286,15,27,49,0,,
2026-05-16T04:31:01.729490,clean,naive,{'bins': 15},20,2,4,ok,40,60,0.0053077684715390205,11.116984204389155,11.12540678307414,15,11,28,0,,
2026-05-16T04:31:16.782144,clean,naive,{'bins': 15},20,3,4,ok,60,80,0.005338386632502079,15.020343257114291,15.02894903998822,15,22,48,0,,
2026-05-16T04:31:27.605343,clean,naive,{'bins': 15},20,4,4,ok,80,100,0.005070332437753677,10.79283252172172,10.801065784879029,15,18,37,0,,
2026-05-16T04:31:37.468467,clean,naive,{'bins': 15},21,0,4,ok,0,21,0.0050644222646951675,9.827010580338538,9.835395919159055,15,32,54,0,,
2026-05-16T04:31:49.546861,clean,naive,{'bins': 15},21,1,4,ok,21,42,0.005045105703175068,12.043056897819042,12.05139887612313,15,37,66,0,,
2026-05-16T04:32:04.064932,clean,naive,{'bins': 15},21,2,4,ok,42,63,0.005385545082390308,14.472009704448283,14.480869254097342,15,99,140,0,,
2026-05-16T04:32:17.462016,clean,naive,{'bins': 15},21,3,4,ok,63,84,0.005189808085560799,13.363844558596611,13.37238282430917,15,20,44,0,,
2026-05-16T04:32:32.499603,clean,naive,{'bins': 15},21,4,4,ok,84,105,0.005231897346675396,15.002513844519854,15.011119447648525,15,26,48,0,,
2026-05-16T04:32:43.566115,clean,naive,{'bins': 15},22,0,4,ok,0,22,0.005341651849448681,11.023670479655266,11.032595471478999,15,65,97,0,,
2026-05-16T04:32:54.700726,clean,naive,{'bins': 15},22,1,4,ok,22,44,0.0053079091012477875,11.09203921072185,11.100833838805556,15,81,124,0,,
2026-05-16T04:33:07.962067,clean,naive,{'bins': 15},22,2,4,ok,44,66,0.005253026261925697,13.225221779197454,13.233983204700053,15,40,71,0,,
2026-05-16T04:33:24.586736,clean,naive,{'bins': 15},22,3,4,ok,66,88,0.005306636914610863,16.589859734289348,16.59860030002892,15,15,37,0,,
2026-05-16T04:33:43.364830,clean,naive,{'bins': 15},22,4,4,ok,88,110,0.006156242452561855,18.72672774363309,18.737359010614455,15,120,175,0,,
2026-05-16T04:33:55.645798,clean,naive,{'bins': 15},23,0,4,ok,0,23,0.005454644560813904,12.237682839855552,12.246749548241496,15,61,92,0,,
2026-05-16T04:34:17.730330,clean,naive,{'bins': 15},23,1,4,ok,23,46,0.005582856014370918,22.036033676937222,22.04523744340986,15,96,155,0,,
2026-05-16T04:34:33.001887,clean,naive,{'bins': 15},23,2,4,ok,46,69,0.00587109662592411,15.234620946459472,15.244131037965417,15,27,56,0,,
2026-05-16T04:34:58.224546,clean,naive,{'bins': 15},23,3,4,ok,69,92,0.005631616339087486,25.156040771864355,25.165323125198483,15,231,326,0,,
2026-05-16T04:35:12.973305,clean,naive,{'bins': 15},23,4,4,ok,92,115,0.006074169650673866,14.708155747503042,14.717890881933272,15,44,72,0,,
2026-05-16T04:35:26.108052,clean,naive,{'bins': 15},24,0,4,ok,0,24,0.005700536072254181,13.08861518278718,13.098054100759327,15,58,88,0,,
2026-05-16T04:35:45.351980,clean,naive,{'bins': 15},24,1,4,ok,24,48,0.0057027703151106834,19.187283914536238,19.19672942440957,15,124,184,0,,
2026-05-16T04:36:04.249799,clean,naive,{'bins': 15},24,2,4,ok,48,72,0.006104044616222382,18.851506697945297,18.861387425102293,15,69,109,0,,
2026-05-16T04:36:20.121905,clean,naive,{'bins': 15},24,3,4,ok,72,96,0.006199332885444164,15.826219747774303,15.836352447979152,15,78,126,0,,
2026-05-16T04:36:35.521537,clean,naive,{'bins': 15},24,4,4,ok,96,120,0.005981202237308025,15.355727543123066,15.36617050692439,15,66,98,0,,
2026-05-16T04:36:50.040917,clean,naive,{'bins': 15},25,0,4,ok,0,25,0.005937260575592518,14.469790286384523,14.479654973372817,15,58,88,0,,
2026-05-16T04:37:09.583818,clean,naive,{'bins': 15},25,1,4,ok,25,50,0.04703891649842262,19.452397839166224,19.50396907888353,15,78,123,0,,
2026-05-16T04:37:21.778035,clean,naive,{'bins': 15},25,2,4,ok,50,75,0.006291886791586876,12.136700620874763,12.147008239291608,15,128,186,0,,
2026-05-16T04:37:37.773899,clean,naive,{'bins': 15},25,3,4,ok,75,100,0.0062754955142736435,15.952960447408259,15.963224683888257,15,42,68,0,,
2026-05-16T04:37:58.699577,clean,naive,{'bins': 15},25,4,4,ok,100,125,0.006140262819826603,20.879995523951948,20.890048655681312,15,74,113,0,,
2026-05-16T04:37:58.732935,clean,sax,"{'w': 144, 'bins': 15}",1,0,4,ok,0,1,0.010783952660858631,0.004314413294196129,0.01538478396832943,15,32,31,0,,
2026-05-16T04:37:58.748735,clean,sax,"{'w': 144, 'bins': 15}",1,1,4,ok,1,2,0.010659630410373211,0.003014081157743931,0.013904084451496601,15,26,25,0,,
2026-05-16T04:37:58.764755,clean,sax,"{'w': 144, 'bins': 15}",1,2,4,ok,2,3,0.010593695566058159,0.0037901895120739937,0.014620929956436157,15,29,28,0,,
2026-05-16T04:37:58.780517,clean,sax,"{'w': 144, 'bins': 15}",1,3,4,ok,3,4,0.010537361726164818,0.003375699743628502,0.014121302403509617,15,28,27,0,,
2026-05-16T04:37:58.798077,clean,sax,"{'w': 144, 'bins': 15}",1,4,4,ok,4,5,0.010463342070579529,0.005062938667833805,0.01572855096310377,15,26,26,0,,
2026-05-16T04:37:58.844808,clean,sax,"{'w': 144, 'bins': 15}",2,0,4,ok,0,2,0.02057303860783577,0.01679851021617651,0.03767601028084755,15,31,33,0,,
2026-05-16T04:37:58.877836,clean,sax,"{'w': 144, 'bins': 15}",2,1,4,ok,2,4,0.020754950121045113,0.010335611179471016,0.03144690115004778,15,32,32,0,,
2026-05-16T04:37:58.918197,clean,sax,"{'w': 144, 'bins': 15}",2,2,4,ok,4,6,0.0207668524235487,0.017345516942441463,0.038432711735367775,15,42,42,0,,
2026-05-16T04:37:58.954629,clean,sax,"{'w': 144, 'bins': 15}",2,3,4,ok,6,8,0.020633562467992306,0.01361960917711258,0.03455674182623625,15,31,32,0,,
2026-05-16T04:37:58.999708,clean,sax,"{'w': 144, 'bins': 15}",2,4,4,ok,8,10,0.02066470216959715,0.02252495475113392,0.04347770754247904,15,47,49,0,,
2026-05-16T04:37:59.071652,clean,sax,"{'w': 144, 'bins': 15}",3,0,4,ok,0,3,0.030620509758591652,0.0321710417047143,0.06321222148835659,15,39,42,0,,
2026-05-16T04:37:59.128909,clean,sax,"{'w': 144, 'bins': 15}",3,1,4,ok,3,6,0.031195740215480328,0.023631283082067966,0.055254596285521984,15,40,41,0,,
2026-05-16T04:37:59.183903,clean,sax,"{'w': 144, 'bins': 15}",3,2,4,ok,6,9,0.03071616869419813,0.02181839756667614,0.05289831943809986,15,39,41,0,,
2026-05-16T04:37:59.246776,clean,sax,"{'w': 144, 'bins': 15}",3,3,4,ok,9,12,0.030988340266048908,0.029185324907302856,0.0606345608830452,15,32,35,0,,
2026-05-16T04:37:59.324732,clean,sax,"{'w': 144, 'bins': 15}",3,4,4,ok,12,15,0.03122629690915346,0.04374272562563419,0.07550049107521772,15,44,49,0,,
2026-05-16T04:37:59.423183,clean,sax,"{'w': 144, 'bins': 15}",4,0,4,ok,0,4,0.04142396990209818,0.04588552936911583,0.08779863733798265,15,42,46,0,,
2026-05-16T04:37:59.563822,clean,sax,"{'w': 144, 'bins': 15}",4,1,4,ok,4,8,0.04099933244287968,0.09646076615899801,0.13792208582162857,15,49,57,0,,
2026-05-16T04:37:59.702963,clean,sax,"{'w': 144, 'bins': 15}",4,2,4,ok,8,12,0.04148468468338251,0.09454082045704126,0.13657402526587248,15,53,60,0,,
2026-05-16T04:37:59.826324,clean,sax,"{'w': 144, 'bins': 15}",4,3,4,ok,12,16,0.04128141235560179,0.07863899506628513,0.12040845397859812,15,50,57,0,,
2026-05-16T04:37:59.894237,clean,sax,"{'w': 144, 'bins': 15}",4,4,4,ok,16,20,0.0409543476998806,0.024114840663969517,0.06551734078675508,15,39,41,0,,
2026-05-16T04:38:00.027020,clean,sax,"{'w': 144, 'bins': 15}",5,0,4,ok,0,5,0.051737028174102306,0.07049636263400316,0.12295486591756344,15,43,49,0,,
2026-05-16T04:38:00.214083,clean,sax,"{'w': 144, 'bins': 15}",5,1,4,ok,5,10,0.051519921980798244,0.13160359021276236,0.18371624499559402,15,48,59,0,,
2026-05-16T04:38:00.355974,clean,sax,"{'w': 144, 'bins': 15}",5,2,4,ok,10,15,0.051364739425480366,0.0868249898776412,0.13888705894351006,15,47,54,0,,
2026-05-16T04:38:00.460577,clean,sax,"{'w': 144, 'bins': 15}",5,3,4,ok,15,20,0.05109228938817978,0.050152323208749294,0.10180209949612617,15,42,46,0,,
2026-05-16T04:38:00.610548,clean,sax,"{'w': 144, 'bins': 15}",5,4,4,ok,20,25,0.05110742710530758,0.0951963122934103,0.1468541333451867,15,41,47,0,,
2026-05-16T04:38:00.787176,clean,sax,"{'w': 144, 'bins': 15}",6,0,4,ok,0,6,0.06222426611930132,0.10259565897285938,0.16556081641465425,15,54,61,0,,
2026-05-16T04:38:00.975790,clean,sax,"{'w': 144, 'bins': 15}",6,1,4,ok,6,12,0.06089771445840597,0.12367517966777086,0.18521969858556986,15,50,60,0,,
2026-05-16T04:38:01.126125,clean,sax,"{'w': 144, 'bins': 15}",6,2,4,ok,12,18,0.0622966019436717,0.0837212111800909,0.14676146861165762,15,43,50,0,,
2026-05-16T04:38:01.286422,clean,sax,"{'w': 144, 'bins': 15}",6,3,4,ok,18,24,0.061287435702979565,0.09503638092428446,0.1569750802591443,15,44,51,0,,
2026-05-16T04:38:01.437233,clean,sax,"{'w': 144, 'bins': 15}",6,4,4,ok,24,30,0.06171667203307152,0.08516630530357361,0.14758416451513767,15,44,50,0,,
2026-05-16T04:38:01.646419,clean,sax,"{'w': 144, 'bins': 15}",7,0,4,ok,0,7,0.07147627230733633,0.12618153542280197,0.19833058211952448,15,49,59,0,,
2026-05-16T04:38:01.851191,clean,sax,"{'w': 144, 'bins': 15}",7,1,4,ok,7,14,0.07145662605762482,0.12877167109400034,0.20088784489780664,15,54,63,0,,
2026-05-16T04:38:02.104152,clean,sax,"{'w': 144, 'bins': 15}",7,2,4,ok,14,21,0.07119572628289461,0.17671784106642008,0.24862167611718178,15,61,72,0,,
2026-05-16T04:38:02.314687,clean,sax,"{'w': 144, 'bins': 15}",7,3,4,ok,21,28,0.07142056711018085,0.13419171143323183,0.20626873150467873,15,49,57,0,,
2026-05-16T04:38:02.499611,clean,sax,"{'w': 144, 'bins': 15}",7,4,4,ok,28,35,0.07278206665068865,0.10727008804678917,0.18103053141385317,15,39,47,0,,
2026-05-16T04:38:02.733199,clean,sax,"{'w': 144, 'bins': 15}",8,0,4,ok,0,8,0.08348054811358452,0.1357244597747922,0.22054554522037506,15,48,58,0,,
2026-05-16T04:38:02.991002,clean,sax,"{'w': 144, 'bins': 15}",8,1,4,ok,8,16,0.08369905781000853,0.1675071120262146,0.25242386665195227,15,60,72,0,,
2026-05-16T04:38:03.201283,clean,sax,"{'w': 144, 'bins': 15}",8,2,4,ok,16,24,0.08131914865225554,0.12380274850875139,0.2059503337368369,15,45,52,0,,
2026-05-16T04:38:03.481957,clean,sax,"{'w': 144, 'bins': 15}",8,3,4,ok,24,32,0.08122744597494602,0.1942113060504198,0.27622753381729126,15,55,66,0,,
2026-05-16T04:38:03.673260,clean,sax,"{'w': 144, 'bins': 15}",8,4,4,ok,32,40,0.08184447512030602,0.10456481855362654,0.18716056365519762,15,47,54,0,,
2026-05-16T04:38:04.005715,clean,sax,"{'w': 144, 'bins': 15}",9,0,4,ok,0,9,0.09188446216285229,0.2275033425539732,0.32023543678224087,15,49,62,0,,
2026-05-16T04:38:04.301184,clean,sax,"{'w': 144, 'bins': 15}",9,1,4,ok,9,18,0.09162240009754896,0.19781488459557295,0.29029568657279015,15,62,74,0,,
2026-05-16T04:38:04.565666,clean,sax,"{'w': 144, 'bins': 15}",9,2,4,ok,18,27,0.09152696002274752,0.16705774702131748,0.2594615342095494,15,61,71,0,,
2026-05-16T04:38:04.811132,clean,sax,"{'w': 144, 'bins': 15}",9,3,4,ok,27,36,0.09205231722444296,0.1481609856709838,0.24108424875885248,15,50,59,0,,
2026-05-16T04:38:05.020783,clean,sax,"{'w': 144, 'bins': 15}",9,4,4,ok,36,45,0.09215936902910471,0.11243431735783815,0.20545130595564842,15,43,51,0,,
2026-05-16T04:38:05.388224,clean,sax,"{'w': 144, 'bins': 15}",10,0,4,ok,0,10,0.10124414041638374,0.2528896117582917,0.35521035455167294,15,58,72,0,,
2026-05-16T04:38:05.637218,clean,sax,"{'w': 144, 'bins': 15}",10,1,4,ok,10,20,0.10267542768269777,0.13964129611849785,0.24385199788957834,15,50,59,0,,
2026-05-16T04:38:06.010637,clean,sax,"{'w': 144, 'bins': 15}",10,2,4,ok,20,30,0.10168508812785149,0.26504565216600895,0.36779913678765297,15,67,80,0,,
2026-05-16T04:38:06.249069,clean,sax,"{'w': 144, 'bins': 15}",10,3,4,ok,30,40,0.1008918397128582,0.13175405282527208,0.233645960688591,15,53,63,0,,
2026-05-16T04:38:06.530968,clean,sax,"{'w': 144, 'bins': 15}",10,4,4,ok,40,50,0.10071151051670313,0.17491926159709692,0.27663406636565924,15,65,75,0,,
2026-05-16T04:38:06.991709,clean,sax,"{'w': 144, 'bins': 15}",11,0,4,ok,0,11,0.11235690303146839,0.3338044509291649,0.4472377048805356,15,66,82,0,,
2026-05-16T04:38:07.282589,clean,sax,"{'w': 144, 'bins': 15}",11,1,4,ok,11,22,0.11144461948424578,0.17234073020517826,0.2848776699975133,15,56,66,0,,
2026-05-16T04:38:07.641281,clean,sax,"{'w': 144, 'bins': 15}",11,2,4,ok,22,33,0.11197355203330517,0.24005173053592443,0.353146618232131,15,46,59,0,,
2026-05-16T04:38:07.961546,clean,sax,"{'w': 144, 'bins': 15}",11,3,4,ok,33,44,0.11202516779303551,0.20198812149465084,0.3151694219559431,15,46,56,0,,
2026-05-16T04:38:08.263857,clean,sax,"{'w': 144, 'bins': 15}",11,4,4,ok,44,55,0.11102469079196453,0.18479473982006311,0.2968995291739702,15,44,55,0,,
2026-05-16T04:38:08.789187,clean,sax,"{'w': 144, 'bins': 15}",12,0,4,ok,0,12,0.120629558339715,0.3892286354675889,0.5114340037107468,15,59,75,0,,
2026-05-16T04:38:09.088668,clean,sax,"{'w': 144, 'bins': 15}",12,1,4,ok,12,24,0.12350131291896105,0.16849371511489153,0.29328362829983234,15,50,59,0,,
2026-05-16T04:38:09.531617,clean,sax,"{'w': 144, 'bins': 15}",12,2,4,ok,24,36,0.1210490483790636,0.31482370290905237,0.43706039153039455,15,46,61,0,,
2026-05-16T04:38:09.968487,clean,sax,"{'w': 144, 'bins': 15}",12,3,4,ok,36,48,0.12284353747963905,0.30678638722747564,0.4308339059352875,15,59,72,0,,
2026-05-16T04:38:10.397148,clean,sax,"{'w': 144, 'bins': 15}",12,4,4,ok,48,60,0.12280462495982647,0.2980381967499852,0.42209126707166433,15,66,79,0,,
2026-05-16T04:38:10.993746,clean,sax,"{'w': 144, 'bins': 15}",13,0,4,ok,0,13,0.13158882223069668,0.44872190337628126,0.5820127408951521,15,73,87,0,,
2026-05-16T04:38:11.430233,clean,sax,"{'w': 144, 'bins': 15}",13,1,4,ok,13,26,0.13244744669646025,0.29543404560536146,0.42955057602375746,15,65,80,0,,
2026-05-16T04:38:11.960364,clean,sax,"{'w': 144, 'bins': 15}",13,2,4,ok,26,39,0.13745755515992641,0.38442191760987043,0.5236493265256286,15,54,70,0,,
2026-05-16T04:38:12.340303,clean,sax,"{'w': 144, 'bins': 15}",13,3,4,ok,39,52,0.13326280657202005,0.23836963158100843,0.37297599110752344,15,65,78,0,,
2026-05-16T04:38:12.715791,clean,sax,"{'w': 144, 'bins': 15}",13,4,4,ok,52,65,0.1337130507454276,0.23399120941758156,0.3689800864085555,15,54,65,0,,
2026-05-16T04:38:13.357737,clean,sax,"{'w': 144, 'bins': 15}",14,0,4,ok,0,14,0.1449792105704546,0.48075315076857805,0.6275406572967768,15,74,89,0,,
2026-05-16T04:38:13.867587,clean,sax,"{'w': 144, 'bins': 15}",14,1,4,ok,14,28,0.14352884702384472,0.35819640289992094,0.5031533110886812,15,43,54,0,,
2026-05-16T04:38:14.248179,clean,sax,"{'w': 144, 'bins': 15}",14,2,4,ok,28,42,0.14192122779786587,0.2305510574951768,0.3737865434959531,15,65,78,0,,
2026-05-16T04:38:14.744180,clean,sax,"{'w': 144, 'bins': 15}",14,3,4,ok,42,56,0.14130403846502304,0.34630120173096657,0.4889756143093109,15,61,76,0,,
2026-05-16T04:38:15.318848,clean,sax,"{'w': 144, 'bins': 15}",14,4,4,ok,56,70,0.1420815195888281,0.4236611044034362,0.5674236407503486,15,70,87,0,,
2026-05-16T04:38:16.178120,clean,sax,"{'w': 144, 'bins': 15}",15,0,4,ok,0,15,0.15088474284857512,0.6914528235793114,0.8438739012926817,15,69,88,0,,
2026-05-16T04:38:16.687092,clean,sax,"{'w': 144, 'bins': 15}",15,1,4,ok,15,30,0.15261857863515615,0.3465882604941726,0.5007284469902515,15,66,80,0,,
2026-05-16T04:38:17.093818,clean,sax,"{'w': 144, 'bins': 15}",15,2,4,ok,30,45,0.15286983083933592,0.24492005351930857,0.39950129855424166,15,49,61,0,,
2026-05-16T04:38:17.653670,clean,sax,"{'w': 144, 'bins': 15}",15,3,4,ok,45,60,0.15530753880739212,0.39537634141743183,0.5522257359698415,15,66,82,0,,
2026-05-16T04:38:18.348549,clean,sax,"{'w': 144, 'bins': 15}",15,4,4,ok,60,75,0.15214029140770435,0.5313806273043156,0.684960450977087,15,94,112,0,,
2026-05-16T04:38:19.209768,clean,sax,"{'w': 144, 'bins': 15}",16,0,4,ok,0,16,0.16123429033905268,0.6813728529959917,0.8442589156329632,15,69,88,0,,
2026-05-16T04:38:19.856372,clean,sax,"{'w': 144, 'bins': 15}",16,1,4,ok,16,32,0.16151691135019064,0.4746713573113084,0.6377595802769065,15,71,87,0,,
2026-05-16T04:38:20.437821,clean,sax,"{'w': 144, 'bins': 15}",16,2,4,ok,32,48,0.1629295041784644,0.40882303565740585,0.5734406309202313,15,66,82,0,,
2026-05-16T04:38:21.030293,clean,sax,"{'w': 144, 'bins': 15}",16,3,4,ok,48,64,0.16239371802657843,0.42031403724104166,0.5843351818621159,15,68,83,0,,
2026-05-16T04:38:21.642490,clean,sax,"{'w': 144, 'bins': 15}",16,4,4,ok,64,80,0.16288107447326183,0.4397979211062193,0.6043529091402888,15,55,71,0,,
2026-05-16T04:38:22.524125,clean,sax,"{'w': 144, 'bins': 15}",17,0,4,ok,0,17,0.17256329767405987,0.6902643525972962,0.8648723801597953,15,69,88,0,,
2026-05-16T04:38:23.301620,clean,sax,"{'w': 144, 'bins': 15}",17,1,4,ok,17,34,0.1734335320070386,0.5930911162868142,0.7682406511157751,15,65,83,0,,
2026-05-16T04:38:23.895214,clean,sax,"{'w': 144, 'bins': 15}",17,2,4,ok,34,51,0.1738848900422454,0.4095115689560771,0.5852029221132398,15,64,80,0,,
2026-05-16T04:38:24.668161,clean,sax,"{'w': 144, 'bins': 15}",17,3,4,ok,51,68,0.17342703975737095,0.5298847770318389,0.7638875059783459,15,80,96,0,,
2026-05-16T04:38:25.270240,clean,sax,"{'w': 144, 'bins': 15}",17,4,4,ok,68,85,0.1718042427673936,0.42059998493641615,0.5940084103494883,15,51,66,0,,
2026-05-16T04:38:26.195670,clean,sax,"{'w': 144, 'bins': 15}",18,0,4,ok,0,18,0.18168397713452578,0.7255120323970914,0.9089028555899858,15,63,83,0,,
2026-05-16T04:38:27.029917,clean,sax,"{'w': 144, 'bins': 15}",18,1,4,ok,18,36,0.18106847163289785,0.6424457812681794,0.8252143459394574,15,68,87,0,,
2026-05-16T04:38:27.738418,clean,sax,"{'w': 144, 'bins': 15}",18,2,4,ok,36,54,0.18364426866173744,0.514583358541131,0.6999082434922457,15,61,77,0,,
2026-05-16T04:38:28.637334,clean,sax,"{'w': 144, 'bins': 15}",18,3,4,ok,54,72,0.1810586927458644,0.7069918196648359,0.8896960224956274,15,65,83,0,,
2026-05-16T04:38:29.266587,clean,sax,"{'w': 144, 'bins': 15}",18,4,4,ok,72,90,0.18445278704166412,0.4333325391635299,0.6195460529997945,15,70,86,0,,
2026-05-16T04:38:30.329911,clean,sax,"{'w': 144, 'bins': 15}",19,0,4,ok,0,19,0.19219054095447063,0.8517209095880389,1.045488541945815,15,58,79,0,,
2026-05-16T04:38:31.216100,clean,sax,"{'w': 144, 'bins': 15}",19,1,4,ok,19,38,0.1926097571849823,0.6257977150380611,0.8770210770890117,15,60,79,0,,
2026-05-16T04:38:32.148851,clean,sax,"{'w': 144, 'bins': 15}",19,2,4,ok,38,57,0.19324633479118347,0.7277289349585772,0.9225279856473207,15,80,103,0,,
2026-05-16T04:38:33.139514,clean,sax,"{'w': 144, 'bins': 15}",19,3,4,ok,57,76,0.19341060146689415,0.7848201915621758,0.9797795210033655,15,90,111,0,,
2026-05-16T04:38:34.047914,clean,sax,"{'w': 144, 'bins': 15}",19,4,4,ok,76,95,0.20165301207453012,0.6955843940377235,0.8991423137485981,15,58,78,0,,
2026-05-16T04:38:35.166312,clean,sax,"{'w': 144, 'bins': 15}",20,0,4,ok,0,20,0.20206130854785442,0.8961659027263522,1.0999306915327907,15,70,91,0,,
2026-05-16T04:38:36.011842,clean,sax,"{'w': 144, 'bins': 15}",20,1,4,ok,20,40,0.20479766838252544,0.6286909179762006,0.8352137766778469,15,62,83,0,,
2026-05-16T04:38:36.795173,clean,sax,"{'w': 144, 'bins': 15}",20,2,4,ok,40,60,0.2063939869403839,0.5644842386245728,0.7728639142587781,15,80,100,0,,
2026-05-16T04:38:37.674138,clean,sax,"{'w': 144, 'bins': 15}",20,3,4,ok,60,80,0.2039808239787817,0.662455472163856,0.8680975269526243,15,83,100,0,,
2026-05-16T04:38:38.496020,clean,sax,"{'w': 144, 'bins': 15}",20,4,4,ok,80,100,0.2021425412967801,0.607477736659348,0.8112373352050781,15,66,84,0,,
2026-05-16T04:38:39.623598,clean,sax,"{'w': 144, 'bins': 15}",21,0,4,ok,0,21,0.21424085460603237,0.8932711249217391,1.1093070711940527,15,49,67,0,,
2026-05-16T04:38:40.604189,clean,sax,"{'w': 144, 'bins': 15}",21,1,4,ok,21,42,0.21228657383471727,0.7566178627312183,0.9706199774518609,15,59,77,0,,
2026-05-16T04:38:41.387254,clean,sax,"{'w': 144, 'bins': 15}",21,2,4,ok,42,63,0.21318830735981464,0.5571922836825252,0.7720896815881133,15,78,97,0,,
2026-05-16T04:38:42.361772,clean,sax,"{'w': 144, 'bins': 15}",21,3,4,ok,63,84,0.21550793293863535,0.7441530525684357,0.9614493642002344,15,95,119,0,,
2026-05-16T04:38:43.361782,clean,sax,"{'w': 144, 'bins': 15}",21,4,4,ok,84,105,0.21353847533464432,0.7742820270359516,0.989572242833674,15,68,88,0,,
2026-05-16T04:38:44.775870,clean,sax,"{'w': 144, 'bins': 15}",22,0,4,ok,0,22,0.22306526638567448,1.169829299673438,1.3947952864691615,15,82,105,0,,
2026-05-16T04:38:45.791273,clean,sax,"{'w': 144, 'bins': 15}",22,1,4,ok,22,44,0.22616211418062449,0.7770304502919316,1.0051099648699164,15,57,76,0,,
2026-05-16T04:38:46.691414,clean,sax,"{'w': 144, 'bins': 15}",22,2,4,ok,44,66,0.22208698000758886,0.6648811073973775,0.8888712720945477,15,79,97,0,,
2026-05-16T04:38:47.479645,clean,sax,"{'w': 144, 'bins': 15}",22,3,4,ok,66,88,0.2214759225025773,0.5543251484632492,0.7775997091084719,15,63,80,0,,
2026-05-16T04:38:48.321102,clean,sax,"{'w': 144, 'bins': 15}",22,4,4,ok,88,110,0.22191967442631721,0.6067592361941934,0.8305071052163839,15,73,90,0,,
2026-05-16T04:38:49.650534,clean,sax,"{'w': 144, 'bins': 15}",23,0,4,ok,0,23,0.23203353956341743,1.076141000725329,1.3102507200092077,15,52,71,0,,
2026-05-16T04:38:50.804980,clean,sax,"{'w': 144, 'bins': 15}",23,1,4,ok,23,46,0.23605601582676172,0.905558574013412,1.1438077175989747,15,58,84,0,,
2026-05-16T04:38:51.923746,clean,sax,"{'w': 144, 'bins': 15}",23,2,4,ok,46,69,0.23280744533985853,0.8730976162478328,1.1078755920752883,15,68,88,0,,
2026-05-16T04:38:53.089738,clean,sax,"{'w': 144, 'bins': 15}",23,3,4,ok,69,92,0.23387707397341728,0.9182866979390383,1.154037601314485,15,68,92,0,,
2026-05-16T04:38:54.532712,clean,sax,"{'w': 144, 'bins': 15}",23,4,4,ok,92,115,0.23249355424195528,1.1950748935341835,1.4294923515990376,15,90,117,0,,
2026-05-16T04:38:55.902865,clean,sax,"{'w': 144, 'bins': 15}",24,0,4,ok,0,24,0.24308629985898733,1.1066258950158954,1.35172238945961,15,52,71,0,,
2026-05-16T04:38:57.043496,clean,sax,"{'w': 144, 'bins': 15}",24,1,4,ok,24,48,0.24561153165996075,0.880186902359128,1.1281970590353012,15,74,98,0,,
2026-05-16T04:38:58.114932,clean,sax,"{'w': 144, 'bins': 15}",24,2,4,ok,48,72,0.24263911042362452,0.81494618114084,1.0596749857068062,15,69,91,0,,
2026-05-16T04:38:59.347642,clean,sax,"{'w': 144, 'bins': 15}",24,3,4,ok,72,96,0.2440013363957405,0.9747175229713321,1.2206770675256848,15,71,95,0,,
2026-05-16T04:39:00.859616,clean,sax,"{'w': 144, 'bins': 15}",24,4,4,ok,96,120,0.24182962905615568,1.1986793242394924,1.5004021609202027,15,58,81,0,,
2026-05-16T04:39:02.341803,clean,sax,"{'w': 144, 'bins': 15}",25,0,4,ok,0,25,0.2555661788210273,1.2035885537043214,1.461490048095584,15,83,110,0,,
2026-05-16T04:39:03.688589,clean,sax,"{'w': 144, 'bins': 15}",25,1,4,ok,25,50,0.255316648632288,1.0764012085273862,1.3341055819764733,15,75,104,0,,
2026-05-16T04:39:05.217999,clean,sax,"{'w': 144, 'bins': 15}",25,2,4,ok,50,75,0.25573470536619425,1.2582175442948937,1.5162601945921779,15,77,103,0,,
2026-05-16T04:39:06.414674,clean,sax,"{'w': 144, 'bins': 15}",25,3,4,ok,75,100,0.2537618391215801,0.9286214979365468,1.1844985196366906,15,55,76,0,,
2026-05-16T04:39:07.842372,clean,sax,"{'w': 144, 'bins': 15}",25,4,4,ok,100,125,0.25441408436745405,1.1576151801273227,1.4142982764169574,15,74,101,0,,
2026-05-16T04:39:08.238772,clean,persist,{'bins': 16},1,0,4,ok,0,1,0.3305708169937134,0.03307804465293884,0.3641756409779191,15,54,58,0,,
2026-05-16T04:39:08.582847,clean,persist,{'bins': 16},1,1,4,ok,1,2,0.32159076165407896,0.019590222276747227,0.3416000111028552,15,45,47,0,,
2026-05-16T04:39:08.922052,clean,persist,{'bins': 16},1,2,4,ok,2,3,0.31438087951391935,0.022378820925951004,0.33717900793999434,15,40,44,0,,
2026-05-16T04:39:09.309463,clean,persist,{'bins': 16},1,3,4,ok,3,4,0.35181787237524986,0.03300304524600506,0.3852203171700239,15,63,65,0,,
2026-05-16T04:39:09.680483,clean,persist,{'bins': 16},1,4,4,ok,4,5,0.3351723989471793,0.03311536554247141,0.3686847798526287,15,62,65,0,,
2026-05-16T04:39:10.154918,clean,persist,{'bins': 16},2,0,4,ok,0,2,0.34166001435369253,0.11645505856722593,0.45882088877260685,15,92,100,0,,
2026-05-16T04:39:10.676633,clean,persist,{'bins': 16},2,1,4,ok,2,4,0.37653306126594543,0.1408461770042777,0.5178875830024481,15,72,80,0,,
2026-05-16T04:39:11.235984,clean,persist,{'bins': 16},2,2,4,ok,4,6,0.34380154591053724,0.21061557438224554,0.5549701694399118,15,98,109,0,,
2026-05-16T04:39:11.734949,clean,persist,{'bins': 16},2,3,4,ok,6,8,0.3359339889138937,0.15832968428730965,0.49500532634556293,15,92,102,0,,
2026-05-16T04:39:12.220134,clean,persist,{'bins': 16},2,4,4,ok,8,10,0.34734906908124685,0.13383482955396175,0.48173228837549686,15,82,92,0,,
2026-05-16T04:39:12.951150,clean,persist,{'bins': 16},3,0,4,ok,0,3,0.35103336721658707,0.3618076341226697,0.7134892893955112,15,101,115,0,,
2026-05-16T04:39:13.672631,clean,persist,{'bins': 16},3,1,4,ok,3,6,0.3763392372056842,0.3390812510624528,0.7161460602656007,15,107,123,0,,
2026-05-16T04:39:14.503288,clean,persist,{'bins': 16},3,2,4,ok,6,9,0.3754534628242254,0.4489677930250764,0.8250878974795341,15,112,132,0,,
2026-05-16T04:39:15.164457,clean,persist,{'bins': 16},3,3,4,ok,9,12,0.32263877894729376,0.33280398044735193,0.6561196614056826,15,94,110,0,,
2026-05-16T04:39:15.847462,clean,persist,{'bins': 16},3,4,4,ok,12,15,0.36091410648077726,0.3163321139290929,0.6779750194400549,15,99,114,0,,
2026-05-16T04:39:16.929050,clean,persist,{'bins': 16},4,0,4,ok,0,4,0.3557442557066679,0.7053182534873486,1.061879113316536,15,108,132,0,,
2026-05-16T04:39:18.050969,clean,persist,{'bins': 16},4,1,4,ok,4,8,0.370805642567575,0.7433743281289935,1.1150119928643107,15,88,114,0,,
2026-05-16T04:39:18.995727,clean,persist,{'bins': 16},4,2,4,ok,8,12,0.357044137082994,0.578900434076786,0.9369484968483448,15,93,114,0,,
2026-05-16T04:39:20.237753,clean,persist,{'bins': 16},4,3,4,ok,12,16,0.374681131914258,0.8597066160291433,1.2352409604936838,15,78,103,0,,
2026-05-16T04:39:21.361679,clean,persist,{'bins': 16},4,4,4,ok,16,20,0.37547868955880404,0.7399424929171801,1.1163133289664984,15,134,158,0,,
2026-05-16T04:39:22.920471,clean,persist,{'bins': 16},5,0,4,ok,0,5,0.4125277129933238,1.1236452078446746,1.5373722538352013,15,134,163,0,,
2026-05-16T04:39:24.159688,clean,persist,{'bins': 16},5,1,4,ok,5,10,0.36986349429935217,0.8597930781543255,1.2309823725372553,15,110,134,0,,
2026-05-16T04:39:25.435602,clean,persist,{'bins': 16},5,2,4,ok,10,15,0.4011163301765919,0.8647330868989229,1.267288189381361,15,101,124,0,,
2026-05-16T04:39:26.719124,clean,persist,{'bins': 16},5,3,4,ok,15,20,0.3894410030916333,0.8852020297199488,1.275797731243074,15,94,115,0,,
2026-05-16T04:39:28.452812,clean,persist,{'bins': 16},5,4,4,ok,20,25,0.36782082729041576,1.3570235837250948,1.7259755451232195,15,80,106,0,,
2026-05-16T04:39:30.729715,clean,persist,{'bins': 16},6,0,4,ok,0,6,0.41342502925544977,1.8402961054816842,2.2550021708011627,15,87,119,0,,
2026-05-16T04:39:32.368938,clean,persist,{'bins': 16},6,1,4,ok,6,12,0.3943965593352914,1.2328165471553802,1.628477510996163,15,114,138,0,,
2026-05-16T04:39:34.326039,clean,persist,{'bins': 16},6,2,4,ok,12,18,0.40090796910226345,1.545250128954649,1.947426801547408,15,90,122,0,,
2026-05-16T04:39:37.028640,clean,persist,{'bins': 16},6,3,4,ok,18,24,0.39735257159918547,2.2926647644490004,2.6913629230111837,15,134,176,0,,
2026-05-16T04:39:39.344802,clean,persist,{'bins': 16},6,4,4,ok,24,30,0.442473866045475,1.8611316969618201,2.304834932088852,15,143,181,0,,
2026-05-16T04:39:41.796593,clean,persist,{'bins': 16},7,0,4,ok,0,7,0.38968389853835106,2.0360964136198163,2.427219655364752,15,100,134,0,,
2026-05-16T04:39:44.207060,clean,persist,{'bins': 16},7,1,4,ok,7,14,0.4251874489709735,1.9718213053420186,2.3983762431889772,15,154,190,0,,
2026-05-16T04:39:46.920787,clean,persist,{'bins': 16},7,2,4,ok,14,21,0.41812991444021463,2.2814269373193383,2.7010067449882627,15,152,190,0,,
2026-05-16T04:39:49.034316,clean,persist,{'bins': 16},7,3,4,ok,21,28,0.3766591753810644,1.7238788669928908,2.102201897650957,15,118,152,0,,
2026-05-16T04:39:52.399635,clean,persist,{'bins': 16},7,4,4,ok,28,35,0.3876711782068014,2.9612625185400248,3.3505895668640733,15,154,195,0,,
2026-05-16T04:39:55.588367,clean,persist,{'bins': 16},8,0,4,ok,0,8,0.4568136865273118,2.7018809858709574,3.160338059067726,15,108,141,0,,
2026-05-16T04:39:59.372771,clean,persist,{'bins': 16},8,1,4,ok,8,16,0.42932786606252193,3.338398490101099,3.7692774990573525,15,120,165,0,,
2026-05-16T04:40:02.971005,clean,persist,{'bins': 16},8,2,4,ok,16,24,0.3855402860790491,3.1977171506732702,3.5847909478470683,15,126,171,0,,
2026-05-16T04:40:06.972166,clean,persist,{'bins': 16},8,3,4,ok,24,32,0.4066811315715313,3.578971247188747,3.9873141702264547,15,116,164,0,,
2026-05-16T04:40:10.741652,clean,persist,{'bins': 16},8,4,4,ok,32,40,0.46954927686601877,3.283209697343409,3.75446352455765,15,157,206,0,,
2026-05-16T04:40:14.701366,clean,persist,{'bins': 16},9,0,4,ok,0,9,0.4256905233487487,3.5033577252179384,3.93075258936733,15,122,168,0,,
2026-05-16T04:40:19.098962,clean,persist,{'bins': 16},9,1,4,ok,9,18,0.4424890922382474,3.941665972582996,4.3860337836667895,15,48,80,0,,
2026-05-16T04:40:23.142954,clean,persist,{'bins': 16},9,2,4,ok,18,27,0.4261867245659232,3.600495378486812,4.028410249389708,15,141,185,0,,
2026-05-16T04:40:27.124836,clean,persist,{'bins': 16},9,3,4,ok,27,36,0.4444207502529025,3.51973498146981,3.965849312953651,15,159,204,0,,
2026-05-16T04:40:31.689772,clean,persist,{'bins': 16},9,4,4,ok,36,45,0.3959694942459464,4.154857502318919,4.55263246782124,15,63,98,0,,
2026-05-16T04:40:35.881828,clean,persist,{'bins': 16},10,0,4,ok,0,10,0.43148098792880774,3.728639700450003,4.162038519978523,15,122,169,0,,
2026-05-16T04:40:40.297769,clean,persist,{'bins': 16},10,1,4,ok,10,20,0.46844657324254513,3.9273758307099342,4.397698849439621,15,148,196,0,,
2026-05-16T04:40:44.982133,clean,persist,{'bins': 16},10,2,4,ok,20,30,0.4882421428337693,4.17609104141593,4.666183959692717,15,123,171,0,,
2026-05-16T04:40:50.739733,clean,persist,{'bins': 16},10,3,4,ok,30,40,0.5072494121268392,5.22879780177027,5.737811918370426,15,172,228,0,,
2026-05-16T04:40:56.896934,clean,persist,{'bins': 16},10,4,4,ok,40,50,0.4767401507124305,5.650688757188618,6.129228818230331,15,134,188,0,,
2026-05-16T04:41:02.199435,clean,persist,{'bins': 16},11,0,4,ok,0,11,0.4969820687547326,4.771278548054397,5.270303703844547,15,138,188,0,,
2026-05-16T04:41:07.900084,clean,persist,{'bins': 16},11,1,4,ok,11,22,0.49871483258903027,5.178995964117348,5.679649126715958,15,164,220,0,,
2026-05-16T04:41:15.544398,clean,persist,{'bins': 16},11,2,4,ok,22,33,0.4470796035602689,7.1796211982145905,7.628602324053645,15,80,121,0,,
2026-05-16T04:41:23.508876,clean,persist,{'bins': 16},11,3,4,ok,33,44,0.4527406170964241,7.490104744210839,7.944763261824846,15,131,187,0,,
2026-05-16T04:41:32.156317,clean,persist,{'bins': 16},11,4,4,ok,44,55,0.47892343159765005,8.14654453098774,8.62764174491167,15,129,182,0,,
2026-05-16T04:41:38.574423,clean,persist,{'bins': 16},12,0,4,ok,0,12,0.49436078406870365,5.886088797822595,6.382411696948111,15,139,192,0,,
2026-05-16T04:41:45.339179,clean,persist,{'bins': 16},12,1,4,ok,12,24,0.4893898665904999,6.258259993046522,6.749688919633627,15,65,98,0,,
2026-05-16T04:41:54.779792,clean,persist,{'bins': 16},12,2,4,ok,24,36,0.5340904016047716,8.878503686748445,9.414614693261683,15,197,260,0,,
2026-05-16T04:42:01.764170,clean,persist,{'bins': 16},12,3,4,ok,36,48,0.4441001871600747,6.513889533467591,6.960244355723262,15,164,220,0,,
2026-05-16T04:42:08.128481,clean,persist,{'bins': 16},12,4,4,ok,48,60,0.4731682110577822,5.867724911309779,6.342922814190388,15,155,213,0,,
2026-05-16T04:42:16.090502,clean,persist,{'bins': 16},13,0,4,ok,0,13,0.5059000253677368,7.421137208119035,7.929196086712182,15,113,164,0,,
2026-05-16T04:42:24.013659,clean,persist,{'bins': 16},13,1,4,ok,13,26,0.4979770854115486,7.403698842972517,7.903863597661257,15,92,139,0,,
2026-05-16T04:42:32.543459,clean,persist,{'bins': 16},13,2,4,ok,26,39,0.49177301302552223,8.02070548851043,8.514657674357295,15,28,55,0,,
2026-05-16T04:42:37.818212,clean,persist,{'bins': 16},13,3,4,ok,39,52,0.5055912239477038,4.74540941324085,5.253427444957197,15,119,168,0,,
2026-05-16T04:42:47.050963,clean,persist,{'bins': 16},13,4,4,ok,52,65,0.5355275087058544,8.668628464452922,9.206497079692781,15,165,227,0,,
2026-05-16T04:42:54.464802,clean,persist,{'bins': 16},14,0,4,ok,0,14,0.5029386328533292,6.878911877050996,7.384328683838248,15,58,91,0,,
2026-05-16T04:43:06.150928,clean,persist,{'bins': 16},14,1,4,ok,14,28,0.5254186633974314,11.136656717397273,11.664422017522156,15,103,156,0,,
2026-05-16T04:43:17.609421,clean,persist,{'bins': 16},14,2,4,ok,28,42,0.5028571197763085,10.920012035407126,11.425162040628493,15,196,260,0,,
2026-05-16T04:43:28.809380,clean,persist,{'bins': 16},14,3,4,ok,42,56,0.4657271644100547,10.716494798660278,11.184541800059378,15,26,54,0,,
2026-05-16T04:43:36.724941,clean,persist,{'bins': 16},14,4,4,ok,56,70,0.5396434869617224,7.348770158365369,7.890696773305535,15,155,215,0,,
2026-05-16T04:43:51.080311,clean,persist,{'bins': 16},15,0,4,ok,0,15,0.4707389771938324,13.8439603690058,14.317195624113083,15,126,182,0,,
2026-05-16T04:44:03.420220,clean,persist,{'bins': 16},15,1,4,ok,15,30,0.4715189104899764,11.830057300627232,12.30411622300744,15,206,280,0,,
2026-05-16T04:44:15.253990,clean,persist,{'bins': 16},15,2,4,ok,30,45,0.5013794526457787,11.30640337895602,11.810233914293349,15,104,157,0,,
2026-05-16T04:44:38.398690,clean,persist,{'bins': 16},15,3,4,ok,45,60,0.5191065762192011,22.601781114004552,23.12330264504999,15,89,132,0,,
2026-05-16T04:44:52.755740,clean,persist,{'bins': 16},15,4,4,ok,60,75,0.5723880650475621,13.75591096561402,14.330792222172022,15,121,178,0,,
2026-05-16T04:45:05.442881,clean,persist,{'bins': 16},16,0,4,ok,0,16,0.525226479396224,12.127151949331164,12.65492756664753,15,75,111,0,,
2026-05-16T04:45:16.269625,clean,persist,{'bins': 16},16,1,4,ok,16,32,0.5082309991121292,10.295012756250799,10.80577957816422,15,78,118,0,,
2026-05-16T04:45:35.812570,clean,persist,{'bins': 16},16,2,4,ok,32,48,0.5415090182796121,18.981440524570644,19.52551220636815,15,33,64,0,,
2026-05-16T04:45:48.589505,clean,persist,{'bins': 16},16,3,4,ok,48,64,0.5176066569983959,12.238292614929378,12.758463157340884,15,32,65,0,,
2026-05-16T04:46:03.181233,clean,persist,{'bins': 16},16,4,4,ok,64,80,0.5596965784206986,14.000293675810099,14.562576269730926,15,131,195,0,,
2026-05-16T04:46:15.834709,clean,persist,{'bins': 16},17,0,4,ok,0,17,0.5398651612922549,12.076611815020442,12.619204519316554,15,82,131,0,,
2026-05-16T04:46:39.243513,clean,persist,{'bins': 16},17,1,4,ok,17,34,0.5608897870406508,22.82891482580453,23.39251892082393,15,11,33,0,,
2026-05-16T04:46:52.554259,clean,persist,{'bins': 16},17,2,4,ok,34,51,0.5150560652837157,12.757780821993947,13.275526097975671,15,180,253,0,,
2026-05-16T04:47:05.011568,clean,persist,{'bins': 16},17,3,4,ok,51,68,0.5571611747145653,11.873283788561821,12.43311674054712,15,89,133,0,,
2026-05-16T04:47:20.938482,clean,persist,{'bins': 16},17,4,4,ok,68,85,0.563694273121655,15.329888133332133,15.896235159598291,15,157,222,0,,
2026-05-16T04:47:33.937170,clean,persist,{'bins': 16},18,0,4,ok,0,18,0.5582334874197841,12.407260500825942,12.968423711135983,15,33,63,0,,
2026-05-16T04:47:54.520832,clean,persist,{'bins': 16},18,1,4,ok,18,36,0.5543852830305696,19.998424630612135,20.555611724965274,15,104,157,0,,
2026-05-16T04:48:08.829034,clean,persist,{'bins': 16},18,2,4,ok,36,54,0.5785328671336174,13.704612910747528,14.28600182197988,15,62,102,0,,
2026-05-16T04:48:25.384730,clean,persist,{'bins': 16},18,3,4,ok,54,72,0.5623420961201191,15.955542259849608,16.52071345038712,15,178,256,0,,
2026-05-16T04:48:46.830724,clean,persist,{'bins': 16},18,4,4,ok,72,90,0.5187834817916155,20.89800729881972,21.41959650069475,15,92,147,0,,
2026-05-16T04:49:03.345927,clean,persist,{'bins': 16},19,0,4,ok,0,19,0.5730790104717016,15.904471558518708,16.480588104575872,15,42,78,0,,
2026-05-16T04:49:33.105512,clean,persist,{'bins': 16},19,1,4,ok,19,38,0.536522289738059,29.17317452095449,29.712834924459457,15,172,250,0,,
2026-05-16T04:49:53.267139,clean,persist,{'bins': 16},19,2,4,ok,38,57,0.6306901965290308,19.488582238554955,20.122291554696858,15,200,284,0,,
2026-05-16T04:50:16.173120,clean,persist,{'bins': 16},19,3,4,ok,57,76,0.6501427311450243,22.232218058779836,22.885232443921268,15,36,64,0,,
2026-05-16T04:50:39.574160,clean,persist,{'bins': 16},19,4,4,ok,76,95,0.552707064896822,22.818739752285182,23.37442704383284,15,80,118,0,,
2026-05-16T04:50:56.081258,clean,persist,{'bins': 16},20,0,4,ok,0,20,0.6049838112667203,15.86299909837544,16.471185975708067,15,32,64,0,,
2026-05-16T04:51:22.407833,clean,persist,{'bins': 16},20,1,4,ok,20,40,0.6451116586104035,25.645873024128377,26.29415473714471,15,125,194,0,,
2026-05-16T04:51:53.008416,clean,persist,{'bins': 16},20,2,4,ok,40,60,0.6655328823253512,29.895626049488783,30.56426857225597,15,149,213,0,,
2026-05-16T04:52:25.444343,clean,persist,{'bins': 16},20,3,4,ok,60,80,0.5941309044137597,31.815268844366074,32.412490834482014,15,43,81,0,,
2026-05-16T04:52:48.035417,clean,persist,{'bins': 16},20,4,4,ok,80,100,0.5366376079618931,21.9981944905594,22.53797583375126,15,236,327,0,,
2026-05-16T04:53:11.676226,clean,persist,{'bins': 16},21,0,4,ok,0,21,0.61663006991148,22.967199781909585,23.58711353968829,15,165,234,0,,
2026-05-16T04:53:34.847847,clean,persist,{'bins': 16},21,1,4,ok,21,42,0.6382586816325784,22.494256685487926,23.13574947230518,15,133,198,0,,
2026-05-16T04:53:59.399826,clean,persist,{'bins': 16},21,2,4,ok,42,63,0.556935278698802,23.92800574656576,24.53038737270981,15,15,39,0,,
2026-05-16T04:54:28.960391,clean,persist,{'bins': 16},21,3,4,ok,63,84,0.5562498103827238,28.954268862493336,29.51379449572414,15,222,310,0,,
2026-05-16T04:54:49.129459,clean,persist,{'bins': 16},21,4,4,ok,84,105,0.572212340310216,19.562239021994174,20.13775842357427,15,114,169,0,,
2026-05-16T04:55:04.522705,clean,persist,{'bins': 16},22,0,4,ok,0,22,0.5926964227110147,14.757962936535478,15.354007447138429,15,74,120,0,,
2026-05-16T04:55:41.496069,clean,persist,{'bins': 16},22,1,4,ok,22,44,0.5855604289099574,36.34905316028744,36.93805199675262,15,97,142,0,,
2026-05-16T04:56:09.018974,clean,persist,{'bins': 16},22,2,4,ok,44,66,0.6615461949259043,26.834306430071592,27.49936588294804,15,9,29,0,,
2026-05-16T04:56:40.601116,clean,persist,{'bins': 16},22,3,4,ok,66,88,0.5979906739667058,30.948645664379,31.550114792771637,15,79,126,0,,
2026-05-16T04:57:00.871154,clean,persist,{'bins': 16},22,4,4,ok,88,110,0.6321424255147576,19.606069090776145,20.241747237741947,15,40,76,0,,
2026-05-16T04:57:22.023339,clean,persist,{'bins': 16},23,0,4,ok,0,23,0.6311706798151135,20.46120651997626,21.095949911512434,15,169,238,0,,
2026-05-16T04:57:55.333982,clean,persist,{'bins': 16},23,1,4,ok,23,46,0.6175279663875699,32.65423025749624,33.275453253649175,15,79,128,0,,
2026-05-16T04:58:25.051276,clean,persist,{'bins': 16},23,2,4,ok,46,69,0.7017758991569281,28.96516631823033,29.670470784418285,15,199,290,0,,
2026-05-16T04:59:10.968683,clean,persist,{'bins': 16},23,3,4,ok,69,92,0.6332929041236639,45.255532192997634,45.892384932376444,15,25,55,0,,
2026-05-16T04:59:41.056933,clean,persist,{'bins': 16},23,4,4,ok,92,115,0.6546238455921412,29.376488843932748,30.03471857123077,15,206,294,0,,
2026-05-16T05:00:04.386924,clean,persist,{'bins': 16},24,0,4,ok,0,24,0.5531264925375581,22.728732604533434,23.285607676953077,15,38,70,0,,
2026-05-16T05:01:23.155427,clean,persist,{'bins': 16},24,1,4,ok,24,48,0.5973679469898343,78.12911291979253,78.73016526550055,15,104,158,0,,
2026-05-16T05:01:52.273038,clean,persist,{'bins': 16},24,2,4,ok,48,72,0.5806343154981732,28.501037278212607,29.085337397642434,15,60,102,0,,
2026-05-16T05:02:21.436124,clean,persist,{'bins': 16},24,3,4,ok,72,96,0.613873241469264,28.503869831562042,29.12145173922181,15,135,195,0,,
2026-05-16T05:02:57.880618,clean,persist,{'bins': 16},24,4,4,ok,96,120,0.60479552205652,35.80171700194478,36.41018140502274,15,86,133,0,,
2026-05-16T05:03:21.421835,clean,persist,{'bins': 16},25,0,4,ok,0,25,0.6640477161854506,22.806767843663692,23.474646504968405,15,176,252,0,,
2026-05-16T05:03:55.711765,clean,persist,{'bins': 16},25,1,4,ok,25,50,0.6732811676338315,33.55464183911681,34.231835334561765,15,188,276,0,,
2026-05-16T05:04:30.829209,clean,persist,{'bins': 16},25,2,4,ok,50,75,0.690912801772356,34.38589876983315,35.08069689851254,15,89,140,0,,
2026-05-16T05:05:10.257232,clean,persist,{'bins': 16},25,3,4,ok,75,100,0.6130274292081594,38.76901480834931,39.385883011855185,15,106,156,0,,
2026-05-16T05:05:43.687344,clean,persist,{'bins': 16},25,4,4,ok,100,125,0.6958805890753865,32.68551992345601,33.38532861042768,15,144,218,0,,
2026-05-16T05:05:44.072629,noisy,naive,{'bins': 15},1,0,4,ok,0,1,0.0005491506308317184,0.3332501892000437,0.3342917151749134,15,149,161,0,,
2026-05-16T05:05:44.548285,noisy,naive,{'bins': 15},1,1,4,ok,1,2,0.0004045395180583,0.4672182332724333,0.46803854405879974,15,207,215,0,,
2026-05-16T05:05:44.919565,noisy,naive,{'bins': 15},1,2,4,ok,2,3,0.0004179747775197029,0.36355254240334034,0.3643702371045947,15,182,191,0,,
2026-05-16T05:05:45.219653,noisy,naive,{'bins': 15},1,3,4,ok,3,4,0.00040422845631837845,0.2940648728981614,0.2948564486578107,15,126,139,0,,
2026-05-16T05:05:45.662329,noisy,naive,{'bins': 15},1,4,4,ok,4,5,0.000400652177631855,0.4365451131016016,0.43733308278024197,15,145,157,0,,
2026-05-16T05:05:48.524213,noisy,naive,{'bins': 15},2,0,4,ok,0,2,0.0005852282047271729,2.8312356267124414,2.8324148915708065,15,227,263,0,,
2026-05-16T05:05:49.654804,noisy,naive,{'bins': 15},2,1,4,ok,2,4,0.000631275586783886,1.119885909371078,1.1211165813729167,15,163,192,0,,
2026-05-16T05:05:52.356535,noisy,naive,{'bins': 15},2,2,4,ok,4,6,0.0006442908197641373,2.6855862624943256,2.6868279753252864,15,253,287,0,,
2026-05-16T05:05:52.535967,noisy,naive,{'bins': 15},2,3,4,ok,6,8,0.0006430381909012794,0.17393740359693766,0.1751198647543788,15,39,54,0,,
2026-05-16T05:05:53.386911,noisy,naive,{'bins': 15},2,4,4,ok,8,10,0.0006047263741493225,0.8422799902036786,0.8434247402474284,15,123,154,0,,
2026-05-16T05:05:56.128012,noisy,naive,{'bins': 15},3,0,4,ok,0,3,0.000807235948741436,2.7095802668482065,2.7111436538398266,15,167,215,0,,
2026-05-16T05:06:01.824716,noisy,naive,{'bins': 15},3,1,4,ok,3,6,0.001163555309176445,5.672162181697786,5.674159994348884,15,276,332,0,,
2026-05-16T05:06:02.376013,noisy,naive,{'bins': 15},3,2,4,ok,6,9,0.0009677587077021599,0.5429206443950534,0.5446032658219337,15,74,96,0,,
2026-05-16T05:06:04.502802,noisy,naive,{'bins': 15},3,3,4,ok,9,12,0.0009083468466997147,2.1126306671649218,2.1142691150307655,15,139,178,0,,
2026-05-16T05:06:07.024954,noisy,naive,{'bins': 15},3,4,4,ok,12,15,0.0008632708340883255,2.508578320965171,2.51019024848938,15,153,198,0,,
2026-05-16T05:06:12.749166,noisy,naive,{'bins': 15},4,0,4,ok,0,4,0.0011566421017050743,5.6862189788371325,5.688335414044559,15,194,260,0,,
2026-05-16T05:06:13.873427,noisy,naive,{'bins': 15},4,1,4,ok,4,8,0.0013353684917092323,1.1128810830414295,1.1151299765333533,15,78,111,0,,
2026-05-16T05:06:18.151034,noisy,naive,{'bins': 15},4,2,4,ok,8,12,0.0011417735368013382,4.258712376467884,4.260754391551018,15,193,252,0,,
2026-05-16T05:06:24.437868,noisy,naive,{'bins': 15},4,3,4,ok,12,16,0.0010937852784991264,6.267401832155883,6.26937694195658,15,179,241,0,,
2026-05-16T05:06:27.723420,noisy,naive,{'bins': 15},4,4,4,ok,16,20,0.0010741166770458221,3.2715526381507516,3.273481491021812,15,98,131,0,,
2026-05-16T05:06:39.161743,noisy,naive,{'bins': 15},5,0,4,ok,0,5,0.0012587737292051315,11.394064825028181,11.396587342955172,15,212,297,0,,
2026-05-16T05:06:40.984138,noisy,naive,{'bins': 15},5,1,4,ok,5,10,0.001305893063545227,1.8078232845291495,1.810233972966671,15,103,144,0,,
2026-05-16T05:06:45.031623,noisy,naive,{'bins': 15},5,2,4,ok,10,15,0.0013125455006957054,4.028953816741705,4.03141491021961,15,152,208,0,,
2026-05-16T05:06:50.665735,noisy,naive,{'bins': 15},5,3,4,ok,15,20,0.0014082351699471474,5.615029823035002,5.617624336853623,15,116,161,0,,
2026-05-16T05:06:52.974931,noisy,naive,{'bins': 15},5,4,4,ok,20,25,0.0015992233529686928,2.293551679700613,2.2963543832302094,15,107,151,0,,
2026-05-16T05:07:11.828805,noisy,naive,{'bins': 15},6,0,4,ok,0,6,0.0014708731323480606,18.814008997753263,18.816926216706634,15,89,141,0,,
2026-05-16T05:07:14.517123,noisy,naive,{'bins': 15},6,1,4,ok,6,12,0.0015651984140276909,2.6692476253956556,2.6721374318003654,15,90,132,0,,
2026-05-16T05:07:20.151854,noisy,naive,{'bins': 15},6,2,4,ok,12,18,0.0015425467863678932,5.6178545113652945,5.620716035366058,15,83,119,0,,
2026-05-16T05:07:27.657842,noisy,naive,{'bins': 15},6,3,4,ok,18,24,0.0018783975392580032,7.4822681955993176,7.485527767799795,15,154,211,0,,
2026-05-16T05:07:30.802140,noisy,naive,{'bins': 15},6,4,4,ok,24,30,0.0015708599239587784,3.1266225362196565,3.1295221615582705,15,103,147,0,,
2026-05-16T05:07:53.270052,noisy,naive,{'bins': 15},7,0,4,ok,0,7,0.001698189415037632,22.419376734644175,22.42269542720169,15,152,207,0,,
2026-05-16T05:07:58.212404,noisy,naive,{'bins': 15},7,1,4,ok,7,14,0.0018079448491334915,4.921026295982301,4.924291778355837,15,126,182,0,,
2026-05-16T05:08:07.771069,noisy,naive,{'bins': 15},7,2,4,ok,14,21,0.0017189886420965195,9.486004314385355,9.531896587461233,15,170,232,0,,
2026-05-16T05:08:15.741427,noisy,naive,{'bins': 15},7,3,4,ok,21,28,0.0019063493236899376,7.942344845272601,7.945743697695434,15,168,240,0,,
2026-05-16T05:08:21.000198,noisy,naive,{'bins': 15},7,4,4,ok,28,35,0.0018116524443030357,5.235815293155611,5.239084272645414,15,154,213,0,,
2026-05-16T05:08:28.467235,noisy,naive,{'bins': 15},8,0,4,ok,0,8,0.001985950395464897,7.426349138841033,7.430097809992731,15,123,190,0,,
2026-05-16T05:08:41.929783,noisy,naive,{'bins': 15},8,1,4,ok,8,16,0.0019445018842816353,13.43185197841376,13.435462649911642,15,162,231,0,,
2026-05-16T05:08:55.802366,noisy,naive,{'bins': 15},8,2,4,ok,16,24,0.0027212807908654213,13.83720436412841,13.841746003367007,15,177,264,0,,
2026-05-16T05:09:00.096731,noisy,naive,{'bins': 15},8,3,4,ok,24,32,0.0023696813732385635,4.271333226934075,4.275403692387044,15,109,164,0,,
2026-05-16T05:09:16.091080,noisy,naive,{'bins': 15},8,4,4,ok,32,40,0.002346387133002281,15.954767531715333,15.958923276513815,15,220,315,0,,
2026-05-16T05:09:26.000576,noisy,naive,{'bins': 15},9,0,4,ok,0,9,0.0024070115759968758,9.86698886565864,9.87135882396251,15,76,114,0,,
2026-05-16T05:09:38.324202,noisy,naive,{'bins': 15},9,1,4,ok,9,18,0.002480229362845421,12.296320018358529,12.300682632252574,15,102,166,0,,
2026-05-16T05:09:51.666334,noisy,naive,{'bins': 15},9,2,4,ok,18,27,0.002323954366147518,13.313014999963343,13.31725488230586,15,137,203,0,,
2026-05-16T05:10:02.788048,noisy,naive,{'bins': 15},9,3,4,ok,27,36,0.0023210886865854263,11.093015513382852,11.097200662828982,15,129,189,0,,
2026-05-16T05:10:47.429677,noisy,naive,{'bins': 15},9,4,4,ok,36,45,0.002345946617424488,44.60395336244255,44.608203845098615,15,162,230,0,,
2026-05-16T05:11:00.151539,noisy,naive,{'bins': 15},10,0,4,ok,0,10,0.002618667669594288,12.677425092086196,12.682029328309,15,62,97,0,,
2026-05-16T05:11:15.394014,noisy,naive,{'bins': 15},10,1,4,ok,10,20,0.0029156869277358055,15.206593869253993,15.211538245901465,15,148,221,0,,
2026-05-16T05:11:28.139202,noisy,naive,{'bins': 15},10,2,4,ok,20,30,0.002885017544031143,12.714291987009346,12.71918254159391,15,109,173,0,,
2026-05-16T05:11:42.533366,noisy,naive,{'bins': 15},10,3,4,ok,30,40,0.0026314519345760345,14.367082663811743,14.371619724668562,15,82,127,0,,
2026-05-16T05:12:06.120219,noisy,naive,{'bins': 15},10,4,4,ok,40,50,0.0028230035677552223,23.55190944392234,23.556785131804645,15,113,168,0,,
2026-05-16T05:12:19.073175,noisy,naive,{'bins': 15},11,0,4,ok,0,11,0.0028648599982261658,12.90250645019114,12.907601479440928,15,123,186,0,,
2026-05-16T05:12:47.522188,noisy,naive,{'bins': 15},11,1,4,ok,11,22,0.002839813008904457,28.412778047844768,28.417818092741072,15,97,148,0,,
2026-05-16T05:12:55.690804,noisy,naive,{'bins': 15},11,2,4,ok,22,33,0.003153872676193714,8.138531174510717,8.143892693333328,15,115,180,0,,
2026-05-16T05:13:49.760391,noisy,naive,{'bins': 15},11,3,4,ok,33,44,0.0027652932330965996,54.03377525508404,54.03867263253778,15,91,147,0,,
2026-05-16T05:14:09.050753,noisy,naive,{'bins': 15},11,4,4,ok,44,55,0.003070306032896042,19.259893306531012,19.265153486281633,15,49,87,0,,
2026-05-16T05:14:31.282207,noisy,naive,{'bins': 15},12,0,4,ok,0,12,0.0030781105160713196,22.173670682124794,22.179032081738114,15,140,205,0,,
2026-05-16T05:15:02.684605,noisy,naive,{'bins': 15},12,1,4,ok,12,24,0.003161507658660412,31.354853823781013,31.360282238572836,15,167,242,0,,
2026-05-16T05:15:11.873179,noisy,naive,{'bins': 15},12,2,4,ok,24,36,0.003130008466541767,9.150712431408465,9.156044716015458,15,143,208,0,,
2026-05-16T05:16:33.328043,noisy,naive,{'bins': 15},12,3,4,ok,36,48,0.0030853040516376495,81.41888509504497,81.42425297666341,15,55,101,0,,
2026-05-16T05:16:50.727098,noisy,naive,{'bins': 15},12,4,4,ok,48,60,0.0034567220136523247,17.356047181412578,17.36182710621506,15,151,232,0,,
2026-05-16T05:17:09.673890,noisy,naive,{'bins': 15},13,0,4,ok,0,13,0.0032034162431955338,18.89352830220014,18.89917195122689,15,63,102,0,,
2026-05-16T05:17:39.463315,noisy,naive,{'bins': 15},13,1,4,ok,13,26,0.0033230409026145935,29.75342253781855,29.75906036514789,15,75,132,0,,
2026-05-16T05:18:03.212030,noisy,naive,{'bins': 15},13,2,4,ok,26,39,0.003588779829442501,23.701463831588626,23.70748373772949,15,164,244,0,,
2026-05-16T05:19:04.606311,noisy,naive,{'bins': 15},13,3,4,ok,39,52,0.003906898200511932,61.35280818864703,61.359537527896464,15,80,126,0,,
2026-05-16T05:19:21.722482,noisy,naive,{'bins': 15},13,4,4,ok,52,65,0.003389256075024605,17.071873894892633,17.07768844626844,15,132,201,0,,
2026-05-16T05:19:45.320420,noisy,naive,{'bins': 15},14,0,4,ok,0,14,0.003619498573243618,23.537762940861285,23.544087109155953,15,103,163,0,,
2026-05-16T05:20:04.587290,noisy,naive,{'bins': 15},14,1,4,ok,14,28,0.0035190507769584656,19.22052581422031,19.22652940172702,15,145,224,0,,
2026-05-16T05:20:48.549461,noisy,naive,{'bins': 15},14,2,4,ok,28,42,0.0038620037958025932,43.91739247739315,43.92383973766118,15,126,208,0,,
2026-05-16T05:21:23.550957,noisy,naive,{'bins': 15},14,3,4,ok,42,56,0.003608979284763336,34.9551878683269,34.96137671265751,15,116,180,0,,
2026-05-16T05:21:46.056234,noisy,naive,{'bins': 15},14,4,4,ok,56,70,0.0039625829085707664,22.458293933421373,22.465156293474138,15,115,172,0,,
2026-05-16T05:22:11.716058,noisy,naive,{'bins': 15},15,0,4,ok,0,15,0.003689750097692013,25.597461256198585,25.603950824588537,15,98,162,0,,
2026-05-16T05:22:38.117829,noisy,naive,{'bins': 15},15,1,4,ok,15,30,0.0037702322006225586,26.351758737117052,26.358307978138328,15,141,220,0,,
2026-05-16T05:23:39.641215,noisy,naive,{'bins': 15},15,2,4,ok,30,45,0.0037767738103866577,61.48069667536765,61.48711825720966,15,73,120,0,,
2026-05-16T05:24:18.343473,noisy,naive,{'bins': 15},15,3,4,ok,45,60,0.0038881227374076843,38.64120791759342,38.64794173557311,15,185,281,0,,
2026-05-16T05:24:51.493914,noisy,naive,{'bins': 15},15,4,4,ok,60,75,0.0038696397095918655,33.112639194354415,33.119213302619755,15,48,87,0,,
2026-05-16T05:25:19.519850,noisy,naive,{'bins': 15},16,0,4,ok,0,16,0.003902099095284939,27.959843362681568,27.96674059703946,15,99,164,0,,
2026-05-16T05:25:39.298177,noisy,naive,{'bins': 15},16,1,4,ok,16,32,0.0039819590747356415,19.74006121698767,19.746903668157756,15,43,82,0,,
2026-05-16T05:27:55.764871,noisy,naive,{'bins': 15},16,2,4,ok,32,48,0.004255191422998905,136.40520673245192,136.41286948416382,15,114,177,0,,
2026-05-16T05:28:23.258930,noisy,naive,{'bins': 15},16,3,4,ok,48,64,0.0040406398475170135,27.44278605375439,27.449650587514043,15,119,185,0,,
2026-05-16T05:28:35.210739,noisy,naive,{'bins': 15},16,4,4,ok,64,80,0.004139193333685398,11.908290746621788,11.915298608131707,15,112,174,0,,
2026-05-16T05:28:59.157830,noisy,naive,{'bins': 15},17,0,4,ok,0,17,0.004104268737137318,23.876220159232616,23.88328355550766,15,155,240,0,,
2026-05-16T05:29:23.214715,noisy,naive,{'bins': 15},17,1,4,ok,17,34,0.004137059673666954,24.014910181984305,24.02207136247307,15,56,104,0,,
2026-05-16T05:30:49.031285,noisy,naive,{'bins': 15},17,2,4,ok,34,51,0.004216589964926243,85.75740244518965,85.76468866039068,15,88,150,0,,
2026-05-16T05:31:30.048383,noisy,naive,{'bins': 15},17,3,4,ok,51,68,0.0042139338329434395,40.96841062232852,40.975699932314456,15,81,140,0,,
2026-05-16T05:31:42.111957,noisy,naive,{'bins': 15},17,4,4,ok,68,85,0.004343247041106224,12.020709010772407,12.02795537095517,15,85,138,0,,
2026-05-16T05:32:13.782946,noisy,naive,{'bins': 15},18,0,4,ok,0,18,0.00448615662753582,31.589456622488797,31.597188936546445,15,183,283,0,,
2026-05-16T05:32:40.101903,noisy,naive,{'bins': 15},18,1,4,ok,18,36,0.004462652839720249,26.263959171250463,26.271581117995083,15,112,180,0,,
2026-05-16T05:34:42.254207,noisy,naive,{'bins': 15},18,2,4,ok,36,54,0.0045434534549713135,122.08225378021598,122.09022739715874,15,145,233,0,,
2026-05-16T05:35:18.164050,noisy,naive,{'bins': 15},18,3,4,ok,54,72,0.004520108923316002,35.85650150850415,35.86430392321199,15,75,125,0,,
2026-05-16T05:35:35.332177,noisy,naive,{'bins': 15},18,4,4,ok,72,90,0.004559233784675598,17.11966814752668,17.12734696082771,15,105,173,0,,
2026-05-16T05:36:13.515056,noisy,naive,{'bins': 15},19,0,4,ok,0,19,0.0046097468584775925,38.10647126287222,38.11449020449072,15,139,231,0,,
2026-05-16T05:36:38.323860,noisy,naive,{'bins': 15},19,1,4,ok,19,38,0.0046704914420843124,24.754896510392427,24.762858424335718,15,100,173,0,,
2026-05-16T05:39:10.993997,noisy,naive,{'bins': 15},19,2,4,ok,38,57,0.0047455234453082085,152.6006013499573,152.60895358677953,15,111,175,0,,
2026-05-16T05:40:01.425144,noisy,naive,{'bins': 15},19,3,4,ok,57,76,0.004660692997276783,50.38009943347424,50.38805669918656,15,57,103,0,,
2026-05-16T05:40:22.934487,noisy,naive,{'bins': 15},19,4,4,ok,76,95,0.004699746146798134,21.46260293480009,21.470515395514667,15,80,133,0,,
2026-05-16T05:41:17.305096,noisy,naive,{'bins': 15},20,0,4,ok,0,20,0.005001653917133808,54.28856667038053,54.29721122700721,15,91,143,0,,
2026-05-16T05:41:44.799796,noisy,naive,{'bins': 15},20,1,4,ok,20,40,0.005225103348493576,27.43612776324153,27.444746741093695,15,119,197,0,,
2026-05-16T05:44:09.711198,noisy,naive,{'bins': 15},20,2,4,ok,40,60,0.004800787195563316,144.83990771509707,144.84826348908246,15,129,215,0,,
2026-05-16T05:44:28.317328,noisy,naive,{'bins': 15},20,3,4,ok,60,80,0.004902798682451248,18.550208507105708,18.558478659950197,15,91,142,0,,
2026-05-16T05:45:39.729171,noisy,naive,{'bins': 15},20,4,4,ok,80,100,0.004966268315911293,71.34738668240607,71.35579842142761,15,113,182,0,,
2026-05-16T05:46:36.074301,noisy,naive,{'bins': 15},21,0,4,ok,0,21,0.0051031336188316345,56.26853921636939,56.277390780858696,15,65,108,0,,
2026-05-16T05:47:06.680855,noisy,naive,{'bins': 15},21,1,4,ok,21,42,0.0051475875079631805,30.54998768866062,30.55882071889937,15,85,148,0,,
2026-05-16T05:48:44.891377,noisy,naive,{'bins': 15},21,2,4,ok,42,63,0.005117171443998814,98.15414923243225,98.16297722421587,15,50,98,0,,
2026-05-16T05:49:02.811802,noisy,naive,{'bins': 15},21,3,4,ok,63,84,0.005098104476928711,17.860464619472623,17.86910793185234,15,128,195,0,,
2026-05-16T05:49:18.918862,noisy,naive,{'bins': 15},21,4,4,ok,84,105,0.005118443630635738,16.05281589459628,16.061365162022412,15,123,185,0,,
2026-05-16T05:50:28.566287,noisy,naive,{'bins': 15},22,0,4,ok,0,22,0.005220154300332069,69.55921972449869,69.56836458109319,15,134,216,0,,
2026-05-16T05:51:15.867829,noisy,naive,{'bins': 15},22,1,4,ok,22,44,0.005301065742969513,47.19367801118642,47.24559843726456,15,103,177,0,,
2026-05-16T05:52:53.635672,noisy,naive,{'bins': 15},22,2,4,ok,44,66,0.0061577558517456055,97.69823104329407,97.70861617848277,15,94,157,0,,
2026-05-16T05:53:22.699550,noisy,naive,{'bins': 15},22,3,4,ok,66,88,0.005355499684810638,28.994832307100296,29.00395506247878,15,129,198,0,,
2026-05-16T05:53:40.636205,noisy,naive,{'bins': 15},22,4,4,ok,88,110,0.0057747866958379745,17.881910340860486,17.8913619434461,15,95,152,0,,
2026-05-16T05:54:52.436331,noisy,naive,{'bins': 15},23,0,4,ok,0,23,0.0057950252667069435,71.71176556125283,71.72176194842905,15,117,194,0,,
2026-05-16T05:55:26.411020,noisy,naive,{'bins': 15},23,1,4,ok,23,46,0.0057791853323578835,33.90364779345691,33.91354849934578,15,132,223,0,,
2026-05-16T05:56:41.744282,noisy,naive,{'bins': 15},23,2,4,ok,46,69,0.0056024035438895226,75.26528068818152,75.27499755006284,15,70,127,0,,
2026-05-16T05:57:04.929282,noisy,naive,{'bins': 15},23,3,4,ok,69,92,0.006067016161978245,23.114917972125113,23.125179796479642,15,136,208,0,,
2026-05-16T05:57:20.219725,noisy,naive,{'bins': 15},23,4,4,ok,92,115,0.006120435893535614,15.232851693406701,15.24283091723919,15,77,124,0,,
2026-05-16T05:58:33.310730,noisy,naive,{'bins': 15},24,0,4,ok,0,24,0.0058040926232934,72.99552867934108,73.00549143273383,15,118,189,0,,
2026-05-16T05:59:25.303515,noisy,naive,{'bins': 15},24,1,4,ok,24,48,0.006176430732011795,51.92565195262432,51.93607206456363,15,67,125,0,,
2026-05-16T06:00:57.703606,noisy,naive,{'bins': 15},24,2,4,ok,48,72,0.006311093457043171,92.3202662076801,92.33084867428988,15,96,160,0,,
2026-05-16T06:01:31.024015,noisy,naive,{'bins': 15},24,3,4,ok,72,96,0.006347372196614742,33.25444998219609,33.264756941236556,15,110,190,0,,
2026-05-16T06:01:55.673746,noisy,naive,{'bins': 15},24,4,4,ok,96,120,0.006656442768871784,24.516760300844908,24.58493352867663,15,147,232,0,,
2026-05-16T06:03:09.747932,noisy,naive,{'bins': 15},25,0,4,ok,0,25,0.006729308515787125,73.97786416299641,73.98902242071927,15,98,164,0,,
2026-05-16T06:04:05.597662,noisy,naive,{'bins': 15},25,1,4,ok,25,50,0.006139451637864113,55.7707243245095,55.78112241439521,15,131,223,0,,
2026-05-16T06:05:24.663749,noisy,naive,{'bins': 15},25,2,4,ok,50,75,0.006226625293493271,78.988276113756,78.99900206085294,15,73,122,0,,
2026-05-16T06:06:00.334595,noisy,naive,{'bins': 15},25,3,4,ok,75,100,0.006104164756834507,35.600815027952194,35.611089104786515,15,101,179,0,,
2026-05-16T06:06:49.701626,noisy,naive,{'bins': 15},25,4,4,ok,100,125,0.0060419077053666115,49.28940770495683,49.29961719084531,15,120,186,0,,
2026-05-16T06:06:49.799117,noisy,sax,"{'w': 144, 'bins': 15}",1,0,4,ok,0,1,0.010880216024816036,0.026891077868640423,0.0380875775590539,15,65,67,0,,
2026-05-16T06:06:49.861774,noisy,sax,"{'w': 144, 'bins': 15}",1,1,4,ok,1,2,0.010527222417294979,0.04879026021808386,0.05957470554858446,15,122,121,0,,
2026-05-16T06:06:49.921409,noisy,sax,"{'w': 144, 'bins': 15}",1,2,4,ok,2,3,0.010489893145859241,0.046588595025241375,0.057327465154230595,15,74,78,0,,
2026-05-16T06:06:49.971327,noisy,sax,"{'w': 144, 'bins': 15}",1,3,4,ok,3,4,0.010471738874912262,0.037101506255567074,0.04780468996614218,15,62,66,0,,
2026-05-16T06:06:50.020054,noisy,sax,"{'w': 144, 'bins': 15}",1,4,4,ok,4,5,0.010442853905260563,0.03611064609140158,0.04678712785243988,15,61,65,0,,
2026-05-16T06:06:50.267191,noisy,sax,"{'w': 144, 'bins': 15}",2,0,4,ok,0,2,0.020656649954617023,0.20122351869940758,0.2222491418942809,15,123,132,0,,
2026-05-16T06:06:50.405771,noisy,sax,"{'w': 144, 'bins': 15}",2,1,4,ok,2,4,0.0210951529443264,0.11349280923604965,0.13498922530561686,15,97,105,0,,
2026-05-16T06:06:50.643771,noisy,sax,"{'w': 144, 'bins': 15}",2,2,4,ok,4,6,0.02087241318076849,0.2120611947029829,0.23337677028030157,15,119,130,0,,
2026-05-16T06:06:50.679923,noisy,sax,"{'w': 144, 'bins': 15}",2,3,4,ok,6,8,0.020985816605389118,0.013158716261386871,0.03450915776193142,15,24,27,0,,
2026-05-16T06:06:50.789008,noisy,sax,"{'w': 144, 'bins': 15}",2,4,4,ok,8,10,0.020785190165042877,0.08522744942456484,0.10640120971947908,15,72,79,0,,
2026-05-16T06:06:51.018626,noisy,sax,"{'w': 144, 'bins': 15}",3,0,4,ok,0,3,0.031024914234876633,0.17304120678454638,0.20460586436092854,15,84,95,0,,
2026-05-16T06:06:51.556912,noisy,sax,"{'w': 144, 'bins': 15}",3,1,4,ok,3,6,0.03103000298142433,0.49943323340266943,0.53103082254529,15,165,180,0,,
2026-05-16T06:06:51.639956,noisy,sax,"{'w': 144, 'bins': 15}",3,2,4,ok,6,9,0.03110281005501747,0.04860533121973276,0.08018029853701591,15,48,55,0,,
2026-05-16T06:06:51.867323,noisy,sax,"{'w': 144, 'bins': 15}",3,3,4,ok,9,12,0.030959379859268665,0.19158059637993574,0.2230157908052206,15,91,104,0,,
2026-05-16T06:06:52.283262,noisy,sax,"{'w': 144, 'bins': 15}",3,4,4,ok,12,15,0.031009233556687832,0.3781508142128587,0.4097422808408737,15,145,160,0,,
2026-05-16T06:06:52.804956,noisy,sax,"{'w': 144, 'bins': 15}",4,0,4,ok,0,4,0.040955896489322186,0.45184561237692833,0.4934402070939541,15,111,131,0,,
2026-05-16T06:06:53.063014,noisy,sax,"{'w': 144, 'bins': 15}",4,1,4,ok,4,8,0.04129096679389477,0.2120546931400895,0.2539368197321892,15,83,96,0,,
2026-05-16T06:06:53.492464,noisy,sax,"{'w': 144, 'bins': 15}",4,2,4,ok,8,12,0.041053228080272675,0.3815321158617735,0.4232008196413517,15,128,142,0,,
2026-05-16T06:06:54.314081,noisy,sax,"{'w': 144, 'bins': 15}",4,3,4,ok,12,16,0.04147741477936506,0.7717779977247119,0.813927074894309,15,151,176,0,,
2026-05-16T06:06:54.593183,noisy,sax,"{'w': 144, 'bins': 15}",4,4,4,ok,16,20,0.04143284074962139,0.2328645996749401,0.27490538265556097,15,71,87,0,,
2026-05-16T06:06:55.720939,noisy,sax,"{'w': 144, 'bins': 15}",5,0,4,ok,0,5,0.05130103603005409,1.044554803520441,1.0964918937534094,15,163,191,0,,
2026-05-16T06:06:56.069703,noisy,sax,"{'w': 144, 'bins': 15}",5,1,4,ok,5,10,0.051298863254487514,0.2923731515184045,0.3442073194310069,15,82,98,0,,
2026-05-16T06:06:56.988956,noisy,sax,"{'w': 144, 'bins': 15}",5,2,4,ok,10,15,0.051383922807872295,0.8586270920932293,0.9106073547154665,15,159,188,0,,
2026-05-16T06:06:57.724621,noisy,sax,"{'w': 144, 'bins': 15}",5,3,4,ok,15,20,0.05120040848851204,0.6764398580417037,0.7282154662534595,15,124,148,0,,
2026-05-16T06:06:58.284338,noisy,sax,"{'w': 144, 'bins': 15}",5,4,4,ok,20,25,0.05127702187746763,0.5023863706737757,0.5542079852893949,15,86,110,0,,
2026-05-16T06:07:00.398858,noisy,sax,"{'w': 144, 'bins': 15}",6,0,4,ok,0,6,0.06121966615319252,2.0194406481459737,2.0813895743340254,15,173,211,0,,
2026-05-16T06:07:00.842356,noisy,sax,"{'w': 144, 'bins': 15}",6,1,4,ok,6,12,0.06180366314947605,0.374375494197011,0.4369488824158907,15,99,119,0,,
2026-05-16T06:07:01.796339,noisy,sax,"{'w': 144, 'bins': 15}",6,2,4,ok,12,18,0.0620570182800293,0.8810885101556778,0.9439442278817296,15,143,173,0,,
2026-05-16T06:07:03.293808,noisy,sax,"{'w': 144, 'bins': 15}",6,3,4,ok,18,24,0.06127634271979332,1.4250135412439704,1.4871160155162215,15,144,182,0,,
2026-05-16T06:07:04.588526,noisy,sax,"{'w': 144, 'bins': 15}",6,4,4,ok,24,30,0.06188349425792694,1.223332461901009,1.285993967205286,15,133,165,0,,
2026-05-16T06:07:07.492696,noisy,sax,"{'w': 144, 'bins': 15}",7,0,4,ok,0,7,0.0722297765314579,2.793794732540846,2.866980044171214,15,199,247,0,,
2026-05-16T06:07:08.447111,noisy,sax,"{'w': 144, 'bins': 15}",7,1,4,ok,7,14,0.07356156688183546,0.8711705422028899,0.9456655122339725,15,117,148,0,,
2026-05-16T06:07:09.555051,noisy,sax,"{'w': 144, 'bins': 15}",7,2,4,ok,14,21,0.07219269592314959,1.024979243054986,1.09815717022866,15,134,164,0,,
2026-05-16T06:07:10.908701,noisy,sax,"{'w': 144, 'bins': 15}",7,3,4,ok,21,28,0.07199991401284933,1.2715876763686538,1.3443166306242347,15,135,169,0,,
2026-05-16T06:07:11.982032,noisy,sax,"{'w': 144, 'bins': 15}",7,4,4,ok,28,35,0.07197112962603569,0.9921065904200077,1.064971067942679,15,114,147,0,,
2026-05-16T06:07:13.600872,noisy,sax,"{'w': 144, 'bins': 15}",8,0,4,ok,0,8,0.08192637842148542,1.5036229779943824,1.5864344593137503,15,141,176,0,,
2026-05-16T06:07:16.136090,noisy,sax,"{'w': 144, 'bins': 15}",8,1,4,ok,8,16,0.08196222595870495,2.4375545009970665,2.5203769616782665,15,180,227,0,,
2026-05-16T06:07:17.677040,noisy,sax,"{'w': 144, 'bins': 15}",8,2,4,ok,16,24,0.08160640764981508,1.4466832298785448,1.5292501114308834,15,135,172,0,,
2026-05-16T06:07:18.691613,noisy,sax,"{'w': 144, 'bins': 15}",8,3,4,ok,24,32,0.08173992950469255,0.9226521868258715,1.0051991920918226,15,119,151,0,,
2026-05-16T06:07:20.854562,noisy,sax,"{'w': 144, 'bins': 15}",8,4,4,ok,32,40,0.08160238061100245,2.07043872307986,2.152856665663421,15,115,155,0,,
2026-05-16T06:07:23.183696,noisy,sax,"{'w': 144, 'bins': 15}",9,0,4,ok,0,9,0.09180210903286934,2.202380101196468,2.295091027393937,15,151,194,0,,
2026-05-16T06:07:24.837440,noisy,sax,"{'w': 144, 'bins': 15}",9,1,4,ok,9,18,0.09318497497588396,1.5462621739134192,1.6403379123657942,15,182,220,0,,
2026-05-16T06:07:27.264558,noisy,sax,"{'w': 144, 'bins': 15}",9,2,4,ok,18,27,0.09313939884305,2.3191360477358103,2.4134033359587193,15,162,211,0,,
2026-05-16T06:07:29.323806,noisy,sax,"{'w': 144, 'bins': 15}",9,3,4,ok,27,36,0.09223488066345453,1.9559766529127955,2.04918494168669,15,89,130,0,,
2026-05-16T06:07:32.477490,noisy,sax,"{'w': 144, 'bins': 15}",9,4,4,ok,36,45,0.09236424323171377,3.046268478035927,3.1395600233227015,15,165,218,0,,
2026-05-16T06:07:35.993218,noisy,sax,"{'w': 144, 'bins': 15}",10,0,4,ok,0,10,0.10186984855681658,3.3776579201221466,3.4806946702301502,15,143,193,0,,
2026-05-16T06:07:40.296570,noisy,sax,"{'w': 144, 'bins': 15}",10,1,4,ok,10,20,0.10197743866592646,4.18071695882827,4.283826423808932,15,201,259,0,,
2026-05-16T06:07:43.077276,noisy,sax,"{'w': 144, 'bins': 15}",10,2,4,ok,20,30,0.10190778784453869,2.6608824022114277,2.764072699472308,15,181,230,0,,
2026-05-16T06:07:45.620330,noisy,sax,"{'w': 144, 'bins': 15}",10,3,4,ok,30,40,0.10193842649459839,2.4262650599703193,2.5293179797008634,15,150,196,0,,
2026-05-16T06:07:48.379979,noisy,sax,"{'w': 144, 'bins': 15}",10,4,4,ok,40,50,0.10257378872483969,2.6409159395843744,2.744611816480756,15,161,212,0,,
2026-05-16T06:07:51.926519,noisy,sax,"{'w': 144, 'bins': 15}",11,0,4,ok,0,11,0.11128930002450943,3.3981120344251394,3.510582422837615,15,164,214,0,,
2026-05-16T06:07:56.432603,noisy,sax,"{'w': 144, 'bins': 15}",11,1,4,ok,11,22,0.11262108013033867,4.373168917372823,4.48724389821291,15,172,234,0,,
2026-05-16T06:07:59.782175,noisy,sax,"{'w': 144, 'bins': 15}",11,2,4,ok,22,33,0.11168062407523394,3.222209023311734,3.3350687017664313,15,147,201,0,,
2026-05-16T06:08:03.021705,noisy,sax,"{'w': 144, 'bins': 15}",11,3,4,ok,33,44,0.11253440752625465,3.1113762902095914,3.225332277826965,15,142,198,0,,
2026-05-16T06:08:06.567676,noisy,sax,"{'w': 144, 'bins': 15}",11,4,4,ok,44,55,0.11423308961093426,3.4188223211094737,3.534472381696105,15,76,109,0,,
2026-05-16T06:08:11.028056,noisy,sax,"{'w': 144, 'bins': 15}",12,0,4,ok,0,12,0.12274688947945833,4.2975844061002135,4.421914489008486,15,156,217,0,,
2026-05-16T06:08:15.830988,noisy,sax,"{'w': 144, 'bins': 15}",12,1,4,ok,12,24,0.12461357563734055,4.654893071390688,4.781214093789458,15,213,275,0,,
2026-05-16T06:08:18.806856,noisy,sax,"{'w': 144, 'bins': 15}",12,2,4,ok,24,36,0.12412083987146616,2.833968815393746,2.959613759070635,15,173,221,0,,
2026-05-16T06:08:24.321071,noisy,sax,"{'w': 144, 'bins': 15}",12,3,4,ok,36,48,0.12358884047716856,5.36557827424258,5.490647184662521,15,233,294,0,,
2026-05-16T06:08:27.861255,noisy,sax,"{'w': 144, 'bins': 15}",12,4,4,ok,48,60,0.12341954279690981,3.399949078448117,3.524658313021064,15,141,195,0,,
2026-05-16T06:08:36.821843,noisy,sax,"{'w': 144, 'bins': 15}",13,0,4,ok,0,13,0.13304093480110168,8.778892788104713,8.913671526126564,15,224,300,0,,
2026-05-16T06:08:41.861693,noisy,sax,"{'w': 144, 'bins': 15}",13,1,4,ok,13,26,0.13380610197782516,4.886266339570284,5.021705036982894,15,167,226,0,,
2026-05-16T06:08:48.314207,noisy,sax,"{'w': 144, 'bins': 15}",13,2,4,ok,26,39,0.13550211768597364,6.296511409804225,6.433668515644968,15,135,194,0,,
2026-05-16T06:08:52.807975,noisy,sax,"{'w': 144, 'bins': 15}",13,3,4,ok,39,52,0.1335612405091524,4.338646139018238,4.473815149627626,15,193,256,0,,
2026-05-16T06:08:56.794953,noisy,sax,"{'w': 144, 'bins': 15}",13,4,4,ok,52,65,0.134003521874547,3.8355023274198174,3.9710903456434608,15,115,162,0,,
2026-05-16T06:09:06.288762,noisy,sax,"{'w': 144, 'bins': 15}",14,0,4,ok,0,14,0.14404635597020388,9.303219156339765,9.448994840495288,15,174,245,0,,
2026-05-16T06:09:13.828393,noisy,sax,"{'w': 144, 'bins': 15}",14,1,4,ok,14,28,0.14321386069059372,7.371817550621927,7.516771759837866,15,193,261,0,,
2026-05-16T06:09:19.572875,noisy,sax,"{'w': 144, 'bins': 15}",14,2,4,ok,28,42,0.1444416968151927,5.579078660346568,5.725244835950434,15,161,226,0,,
2026-05-16T06:09:28.222997,noisy,sax,"{'w': 144, 'bins': 15}",14,3,4,ok,42,56,0.1447241371497512,8.48708976060152,8.633579213172197,15,93,137,0,,
2026-05-16T06:09:38.138310,noisy,sax,"{'w': 144, 'bins': 15}",14,4,4,ok,56,70,0.14411625638604164,9.757031838409603,9.902899174019694,15,32,59,0,,
2026-05-16T06:09:46.512422,noisy,sax,"{'w': 144, 'bins': 15}",15,0,4,ok,0,15,0.1536553716287017,8.16940023098141,8.32490209210664,15,223,300,0,,
2026-05-16T06:09:53.429857,noisy,sax,"{'w': 144, 'bins': 15}",15,1,4,ok,15,30,0.1537629347294569,6.736676660366356,6.892266696318984,15,216,293,0,,
2026-05-16T06:10:00.610137,noisy,sax,"{'w': 144, 'bins': 15}",15,2,4,ok,30,45,0.15330528561025858,7.003827002830803,7.158707225695252,15,157,225,0,,
2026-05-16T06:10:05.665929,noisy,sax,"{'w': 144, 'bins': 15}",15,3,4,ok,45,60,0.15305265970528126,4.885346413590014,5.039948514662683,15,95,152,0,,
2026-05-16T06:10:15.056079,noisy,sax,"{'w': 144, 'bins': 15}",15,4,4,ok,60,75,0.15176391042768955,9.221023600548506,9.374519624747336,15,79,126,0,,
2026-05-16T06:10:27.038051,noisy,sax,"{'w': 144, 'bins': 15}",16,0,4,ok,0,16,0.16334537230432034,11.765068518929183,11.930169939994812,15,239,326,0,,
2026-05-16T06:10:34.033888,noisy,sax,"{'w': 144, 'bins': 15}",16,1,4,ok,16,32,0.1634109653532505,6.8138435715809464,6.978885339573026,15,94,135,0,,
2026-05-16T06:10:44.485406,noisy,sax,"{'w': 144, 'bins': 15}",16,2,4,ok,32,48,0.16358734667301178,10.255857031792402,10.421084279194474,15,247,325,0,,
2026-05-16T06:10:49.179777,noisy,sax,"{'w': 144, 'bins': 15}",16,3,4,ok,48,64,0.16336441785097122,4.507752027362585,4.6729662688449025,15,149,208,0,,
2026-05-16T06:11:00.194791,noisy,sax,"{'w': 144, 'bins': 15}",16,4,4,ok,64,80,0.1626225057989359,10.832201324403286,10.996565100736916,15,91,135,0,,
2026-05-16T06:11:14.759975,noisy,sax,"{'w': 144, 'bins': 15}",17,0,4,ok,0,17,0.17315150052309036,14.336291588842869,14.511196532286704,15,239,332,0,,
2026-05-16T06:11:23.110577,noisy,sax,"{'w': 144, 'bins': 15}",17,1,4,ok,17,34,0.172621033154428,8.152783658355474,8.327123660594225,15,163,234,0,,
2026-05-16T06:11:38.682662,noisy,sax,"{'w': 144, 'bins': 15}",17,2,4,ok,34,51,0.1735193207859993,15.375272370874882,15.550623131915927,15,106,160,0,,
2026-05-16T06:11:45.302350,noisy,sax,"{'w': 144, 'bins': 15}",17,3,4,ok,51,68,0.17243654653429985,6.420811140909791,6.594938914291561,15,201,270,0,,
2026-05-16T06:11:51.480149,noisy,sax,"{'w': 144, 'bins': 15}",17,4,4,ok,68,85,0.171693691983819,5.979425782337785,6.1527588330209255,15,188,258,0,,
2026-05-16T06:12:09.698248,noisy,sax,"{'w': 144, 'bins': 15}",18,0,4,ok,0,18,0.18177440576255322,17.97943457495421,18.163097637705505,15,219,306,0,,
2026-05-16T06:12:19.573043,noisy,sax,"{'w': 144, 'bins': 15}",18,1,4,ok,18,36,0.1827327748760581,9.660138359293342,9.844710187986493,15,213,291,0,,
2026-05-16T06:13:12.948313,noisy,sax,"{'w': 144, 'bins': 15}",18,2,4,ok,36,54,0.18266886472702026,53.130037867464125,53.355976613238454,15,82,132,0,,
2026-05-16T06:13:18.609925,noisy,sax,"{'w': 144, 'bins': 15}",18,3,4,ok,54,72,0.18585759308189154,5.445806228555739,5.633758115582168,15,210,274,0,,
2026-05-16T06:13:28.082338,noisy,sax,"{'w': 144, 'bins': 15}",18,4,4,ok,72,90,0.18390858359634876,9.256786809302866,9.44275453966111,15,205,280,0,,
2026-05-16T06:13:44.578388,noisy,sax,"{'w': 144, 'bins': 15}",19,0,4,ok,0,19,0.19538500905036926,16.24551426526159,16.442798079922795,15,173,250,0,,
2026-05-16T06:13:53.841801,noisy,sax,"{'w': 144, 'bins': 15}",19,1,4,ok,19,38,0.19395128451287746,9.039658527821302,9.235497117973864,15,185,257,0,,
2026-05-16T06:14:10.209244,noisy,sax,"{'w': 144, 'bins': 15}",19,2,4,ok,38,57,0.19706227909773588,16.135471393354237,16.334596156142652,15,193,279,0,,
2026-05-16T06:14:38.595588,noisy,sax,"{'w': 144, 'bins': 15}",19,3,4,ok,57,76,0.19748030230402946,28.16967621911317,28.369095973670483,15,54,93,0,,
2026-05-16T06:14:50.410054,noisy,sax,"{'w': 144, 'bins': 15}",19,4,4,ok,76,95,0.19326799269765615,11.58931132312864,11.78435119241476,15,190,276,0,,
2026-05-16T06:15:23.657412,noisy,sax,"{'w': 144, 'bins': 15}",20,0,4,ok,0,20,0.20310406479984522,32.995612950995564,33.20089164096862,15,103,165,0,,
2026-05-16T06:15:34.619455,noisy,sax,"{'w': 144, 'bins': 15}",20,1,4,ok,20,40,0.2028443170711398,10.731701166369021,10.936483513563871,15,145,213,0,,
2026-05-16T06:15:49.375508,noisy,sax,"{'w': 144, 'bins': 15}",20,2,4,ok,40,60,0.2037155842408538,14.523565966635942,14.729154719039798,15,159,228,0,,
2026-05-16T06:16:13.777459,noisy,sax,"{'w': 144, 'bins': 15}",20,3,4,ok,60,80,0.203488877043128,24.175299004651606,24.380646453239024,15,91,134,0,,
2026-05-16T06:16:38.610850,noisy,sax,"{'w': 144, 'bins': 15}",20,4,4,ok,80,100,0.20253265090286732,24.603503290563822,24.80802064947784,15,103,161,0,,
2026-05-16T06:16:57.719458,noisy,sax,"{'w': 144, 'bins': 15}",21,0,4,ok,0,21,0.2142017064616084,18.828726844862103,19.045025601051748,15,240,338,0,,
2026-05-16T06:17:22.861670,noisy,sax,"{'w': 144, 'bins': 15}",21,1,4,ok,21,42,0.21190481446683407,24.8952403832227,25.1090850206092,15,188,272,0,,
2026-05-16T06:17:32.190381,noisy,sax,"{'w': 144, 'bins': 15}",21,2,4,ok,42,63,0.21198316104710102,9.08234358113259,9.296286191791296,15,188,261,0,,
2026-05-16T06:17:50.253825,noisy,sax,"{'w': 144, 'bins': 15}",21,3,4,ok,63,84,0.21601409185677767,17.817356264218688,18.035635279491544,15,158,232,0,,
2026-05-16T06:18:13.813419,noisy,sax,"{'w': 144, 'bins': 15}",21,4,4,ok,84,105,0.21166711580008268,23.315035704523325,23.52869907952845,15,142,207,0,,
2026-05-16T06:19:18.165748,noisy,sax,"{'w': 144, 'bins': 15}",22,0,4,ok,0,22,0.2214404819533229,64.08734581526369,64.31087980046868,15,22,54,0,,
2026-05-16T06:19:51.544036,noisy,sax,"{'w': 144, 'bins': 15}",22,1,4,ok,22,44,0.22443265281617641,33.120719347149134,33.34737640619278,15,128,187,0,,
2026-05-16T06:20:01.720140,noisy,sax,"{'w': 144, 'bins': 15}",22,2,4,ok,44,66,0.22396133746951818,9.925573162734509,10.151945948600769,15,93,153,0,,
2026-05-16T06:20:17.364046,noisy,sax,"{'w': 144, 'bins': 15}",22,3,4,ok,66,88,0.22305725794285536,15.391848704777658,15.617155177518725,15,126,188,0,,
2026-05-16T06:20:46.911876,noisy,sax,"{'w': 144, 'bins': 15}",22,4,4,ok,88,110,0.22184954024851322,29.275720108300447,29.499879045411944,15,265,380,0,,
2026-05-16T06:21:11.921890,noisy,sax,"{'w': 144, 'bins': 15}",23,0,4,ok,0,23,0.23526843264698982,24.700087629258633,24.938013863749802,15,258,370,0,,
2026-05-16T06:21:43.070401,noisy,sax,"{'w': 144, 'bins': 15}",23,1,4,ok,23,46,0.2386568346992135,30.87948303949088,31.12062286864966,15,123,194,0,,
2026-05-16T06:22:00.221325,noisy,sax,"{'w': 144, 'bins': 15}",23,2,4,ok,46,69,0.2393788816407323,16.872480393387377,17.11427126545459,15,199,290,0,,
2026-05-16T06:22:18.034939,noisy,sax,"{'w': 144, 'bins': 15}",23,3,4,ok,69,92,0.23505926877260208,17.55442795995623,17.791921941563487,15,55,95,0,,
2026-05-16T06:23:43.605742,noisy,sax,"{'w': 144, 'bins': 15}",23,4,4,ok,92,115,0.23592221923172474,85.30659627635032,85.54492691811174,15,49,88,0,,
2026-05-16T06:24:29.881291,noisy,sax,"{'w': 144, 'bins': 15}",24,0,4,ok,0,24,0.24414758663624525,45.98155474103987,46.22806924395263,15,50,91,0,,
2026-05-16T06:24:59.036667,noisy,sax,"{'w': 144, 'bins': 15}",24,1,4,ok,24,48,0.24465330597013235,28.88282612990588,29.12972736824304,15,68,111,0,,
2026-05-16T06:25:21.395179,noisy,sax,"{'w': 144, 'bins': 15}",24,2,4,ok,48,72,0.24918348342180252,22.083736608736217,22.33570458367467,15,28,57,0,,
2026-05-16T06:25:43.674368,noisy,sax,"{'w': 144, 'bins': 15}",24,3,4,ok,72,96,0.24353185761719942,22.00207890290767,22.247812455520034,15,139,204,0,,
2026-05-16T06:26:30.500714,noisy,sax,"{'w': 144, 'bins': 15}",24,4,4,ok,96,120,0.2432052232325077,46.54627764970064,46.791890455409884,15,97,142,0,,
2026-05-16T06:27:35.282490,noisy,sax,"{'w': 144, 'bins': 15}",25,0,4,ok,0,25,0.2529904218390584,64.46982450131327,64.72524536773562,15,129,203,0,,
2026-05-16T06:28:02.006524,noisy,sax,"{'w': 144, 'bins': 15}",25,1,4,ok,25,50,0.25582614727318287,26.444293638691306,26.702534141018987,15,27,59,0,,
2026-05-16T06:28:28.717216,noisy,sax,"{'w': 144, 'bins': 15}",25,2,4,ok,50,75,0.25266365706920624,26.432429810985923,26.687467757612467,15,44,85,0,,
2026-05-16T06:28:47.091679,noisy,sax,"{'w': 144, 'bins': 15}",25,3,4,ok,75,100,0.2555177565664053,18.075761034153402,18.333719765767455,15,211,314,0,,
2026-05-16T06:30:34.210616,noisy,sax,"{'w': 144, 'bins': 15}",25,4,4,ok,100,125,0.2528913738206029,106.82908651139587,107.08444768376648,15,90,143,0,,
2026-05-16T06:30:34.916572,noisy,persist,{'bins': 16},1,0,4,ok,0,1,0.34457526076585054,0.2850974537432194,0.6300866231322289,15,143,150,0,,
2026-05-16T06:30:35.780881,noisy,persist,{'bins': 16},1,1,4,ok,1,2,0.33575321920216084,0.5208391044288874,0.8569830376654863,15,206,212,0,,
2026-05-16T06:30:36.422325,noisy,persist,{'bins': 16},1,2,4,ok,2,3,0.3125924663618207,0.3217487456277013,0.6347195338457823,15,193,199,0,,
2026-05-16T06:30:36.951401,noisy,persist,{'bins': 16},1,3,4,ok,3,4,0.299876494333148,0.22357328236103058,0.5238980986177921,15,145,152,0,,
2026-05-16T06:30:37.531792,noisy,persist,{'bins': 16},1,4,4,ok,4,5,0.3096655998378992,0.26443110685795546,0.5745732318609953,15,153,162,0,,
2026-05-16T06:30:38.919535,noisy,persist,{'bins': 16},2,0,4,ok,0,2,0.3773912666365504,0.9723662212491035,1.350429330021143,15,209,225,0,,
2026-05-16T06:30:40.395842,noisy,persist,{'bins': 16},2,1,4,ok,2,4,0.3453527996316552,1.1205711904913187,1.4665188882499933,15,176,203,0,,
2026-05-16T06:30:43.084640,noisy,persist,{'bins': 16},2,2,4,ok,4,6,0.3616246832534671,2.311283185146749,2.6736420476809144,15,272,298,0,,
2026-05-16T06:30:43.692950,noisy,persist,{'bins': 16},2,3,4,ok,6,8,0.33427634462714195,0.26924759428948164,0.6041010729968548,15,71,88,0,,
2026-05-16T06:30:44.812814,noisy,persist,{'bins': 16},2,4,4,ok,8,10,0.36189827788621187,0.7498303540050983,1.112340851686895,15,155,177,0,,
2026-05-16T06:30:48.585166,noisy,persist,{'bins': 16},3,0,4,ok,0,3,0.3400291921570897,3.391634459607303,3.732521873898804,15,192,234,0,,
2026-05-16T06:30:53.834658,noisy,persist,{'bins': 16},3,1,4,ok,3,6,0.3442883910611272,4.883401660248637,5.22877667285502,15,273,324,0,,
2026-05-16T06:30:54.826431,noisy,persist,{'bins': 16},3,2,4,ok,6,9,0.37887162808328867,0.6049348888918757,0.984586781822145,15,97,120,0,,
2026-05-16T06:30:57.184404,noisy,persist,{'bins': 16},3,3,4,ok,9,12,0.3407143084332347,2.0050726737827063,2.346660171635449,15,168,207,0,,
2026-05-16T06:30:59.579376,noisy,persist,{'bins': 16},3,4,4,ok,12,15,0.3630410125479102,2.018101245164871,2.3822813676670194,15,189,226,0,,
2026-05-16T06:31:06.122454,noisy,persist,{'bins': 16},4,0,4,ok,0,4,0.356180458329618,6.13499947078526,6.492306274361908,15,245,306,0,,
2026-05-16T06:31:08.186584,noisy,persist,{'bins': 16},4,1,4,ok,4,8,0.38382791820913553,1.6675824206322432,2.0524073904380202,15,132,167,0,,
2026-05-16T06:31:13.115577,noisy,persist,{'bins': 16},4,2,4,ok,8,12,0.39223344437777996,4.51810631621629,4.911407155916095,15,228,278,0,,
2026-05-16T06:31:18.542052,noisy,persist,{'bins': 16},4,3,4,ok,12,16,0.3841219190508127,5.0207327380776405,5.405900211073458,15,241,300,0,,
2026-05-16T06:31:21.966131,noisy,persist,{'bins': 16},4,4,4,ok,16,20,0.3734062919393182,3.035147930495441,3.40954776853323,15,152,200,0,,
2026-05-16T06:31:40.700679,noisy,persist,{'bins': 16},5,0,4,ok,0,5,0.37588277366012335,18.302653410471976,18.680157740600407,15,224,299,0,,
2026-05-16T06:31:42.546005,noisy,persist,{'bins': 16},5,1,4,ok,5,10,0.38434137124568224,1.4475737977772951,1.8330364348366857,15,121,157,0,,
2026-05-16T06:31:51.963489,noisy,persist,{'bins': 16},5,2,4,ok,10,15,0.4149724645540118,8.983933784998953,9.400583379901946,15,121,162,0,,
2026-05-16T06:31:58.467700,noisy,persist,{'bins': 16},5,3,4,ok,15,20,0.3935467107221484,6.088335589505732,6.483291286975145,15,188,252,0,,
2026-05-16T06:32:02.245687,noisy,persist,{'bins': 16},5,4,4,ok,20,25,0.34657964296638966,3.414820763282478,3.7625737404450774,15,160,214,0,,
2026-05-16T06:32:19.694029,noisy,persist,{'bins': 16},6,0,4,ok,0,6,0.4034507814794779,16.978751234710217,17.383775522001088,15,296,386,0,,
2026-05-16T06:32:22.703560,noisy,persist,{'bins': 16},6,1,4,ok,6,12,0.391181536950171,2.602811879478395,2.995364923030138,15,128,177,0,,
2026-05-16T06:32:28.862063,noisy,persist,{'bins': 16},6,2,4,ok,12,18,0.38085292745381594,5.754617641679943,6.136908690445125,15,180,247,0,,
2026-05-16T06:32:43.200580,noisy,persist,{'bins': 16},6,3,4,ok,18,24,0.4248462589457631,13.880249122157693,14.306668446399271,15,261,349,0,,
2026-05-16T06:32:57.826325,noisy,persist,{'bins': 16},6,4,4,ok,24,30,0.42123399302363396,14.181037361733615,14.603730515576899,15,140,195,0,,
2026-05-16T06:33:18.391747,noisy,persist,{'bins': 16},7,0,4,ok,0,7,0.3777246307581663,20.124645724892616,20.50397051125765,15,266,360,0,,
2026-05-16T06:33:26.169762,noisy,persist,{'bins': 16},7,1,4,ok,7,14,0.4032336426898837,7.351137878373265,7.756187221966684,15,171,231,0,,
2026-05-16T06:33:46.443288,noisy,persist,{'bins': 16},7,2,4,ok,14,21,0.4465463748201728,19.784485642798245,20.232640598900616,15,302,405,0,,
2026-05-16T06:33:57.401785,noisy,persist,{'bins': 16},7,3,4,ok,21,28,0.38321713637560606,10.55146811902523,10.93631995562464,15,161,225,0,,
2026-05-16T06:34:05.261256,noisy,persist,{'bins': 16},7,4,4,ok,28,35,0.4205102836713195,7.4126441944390535,7.8347020745277405,15,180,243,0,,
2026-05-16T06:34:12.288760,noisy,persist,{'bins': 16},8,0,4,ok,0,8,0.40867858845740557,6.570172011852264,6.98059837333858,15,102,142,0,,
2026-05-16T06:34:31.416069,noisy,persist,{'bins': 16},8,1,4,ok,8,16,0.44175528455525637,18.654497559182346,19.098006348125637,15,185,245,0,,
2026-05-16T06:34:55.756697,noisy,persist,{'bins': 16},8,2,4,ok,16,24,0.4446008689701557,23.867319060489535,24.313779492862523,15,139,205,0,,
2026-05-16T06:35:04.800544,noisy,persist,{'bins': 16},8,3,4,ok,24,32,0.43080912437289953,8.591440998017788,9.024095217697322,15,103,152,0,,
2026-05-16T06:35:39.538965,noisy,persist,{'bins': 16},8,4,4,ok,32,40,0.4597799591720104,34.25861028768122,34.720353563316166,15,48,86,0,,
2026-05-16T06:35:48.062828,noisy,persist,{'bins': 16},9,0,4,ok,0,9,0.45787909626960754,8.01376328151673,8.473457958549261,15,160,230,0,,
2026-05-16T06:36:08.272633,noisy,persist,{'bins': 16},9,1,4,ok,9,18,0.4560770718380809,19.716952125541866,20.174902125261724,15,203,294,0,,
2026-05-16T06:36:29.742895,noisy,persist,{'bins': 16},9,2,4,ok,18,27,0.45919771399348974,20.97201451100409,21.433181803673506,15,219,293,0,,
2026-05-16T06:37:00.367671,noisy,persist,{'bins': 16},9,3,4,ok,27,36,0.45488187577575445,30.133057330735028,30.589895811863244,15,191,278,0,,
2026-05-16T06:37:33.412152,noisy,persist,{'bins': 16},9,4,4,ok,36,45,0.4315413059666753,32.58174370788038,33.01527050323784,15,113,163,0,,
2026-05-16T06:37:43.591304,noisy,persist,{'bins': 16},10,0,4,ok,0,10,0.45972310844808817,9.665759108960629,10.127398957498372,15,113,159,0,,
2026-05-16T06:38:15.902463,noisy,persist,{'bins': 16},10,1,4,ok,10,20,0.4174328250810504,31.86115057952702,32.28057321254164,15,118,179,0,,
2026-05-16T06:38:44.760595,noisy,persist,{'bins': 16},10,2,4,ok,20,30,0.4339686129242182,28.39640829898417,28.832331121899188,15,89,138,0,,
2026-05-16T06:39:09.541571,noisy,persist,{'bins': 16},10,3,4,ok,30,40,0.4472138285636902,24.28825730457902,24.73752435017377,15,228,317,0,,
2026-05-16T06:40:14.735773,noisy,persist,{'bins': 16},10,4,4,ok,40,50,0.41181960981339216,64.74442279525101,65.1582560678944,15,156,226,0,,
2026-05-16T06:40:22.099340,noisy,persist,{'bins': 16},11,0,4,ok,0,11,0.48132603894919157,6.8236487517133355,7.307166857644916,15,139,192,0,,
2026-05-16T06:40:53.259435,noisy,persist,{'bins': 16},11,1,4,ok,11,22,0.4571619015187025,30.657545894384384,31.117051928304136,15,187,287,0,,
2026-05-16T06:41:09.011077,noisy,persist,{'bins': 16},11,2,4,ok,22,33,0.45803311839699745,15.213591295294464,15.715502686798573,15,190,267,0,,
2026-05-16T06:42:25.447485,noisy,persist,{'bins': 16},11,3,4,ok,33,44,0.44887232035398483,75.94802244659513,76.39915880840272,15,140,206,0,,
2026-05-16T06:43:17.578183,noisy,persist,{'bins': 16},11,4,4,ok,44,55,0.5086585208773613,51.59030093252659,52.101282947696745,15,50,80,0,,
2026-05-16T06:43:48.876219,noisy,persist,{'bins': 16},12,0,4,ok,0,12,0.46130767837166786,30.770265613682568,31.233943223021924,15,120,180,0,,
2026-05-16T06:44:58.717790,noisy,persist,{'bins': 16},12,1,4,ok,12,24,0.5352429989725351,69.26503892801702,69.80277939792722,15,97,143,0,,
2026-05-16T06:46:11.335567,noisy,persist,{'bins': 16},12,2,4,ok,24,36,0.48260524682700634,72.1048356546089,72.58970876131207,15,67,117,0,,
2026-05-16T06:47:13.997217,noisy,persist,{'bins': 16},12,3,4,ok,36,48,0.4359014518558979,62.1899179648608,62.62818984966725,15,80,126,0,,
2026-05-16T06:47:29.740181,noisy,persist,{'bins': 16},12,4,4,ok,48,60,0.47261122055351734,15.223967725411057,15.698860581964254,15,219,304,0,,
2026-05-16T06:47:52.066672,noisy,persist,{'bins': 16},13,0,4,ok,0,13,0.5301525080576539,21.73187837842852,22.26447258424014,15,137,200,0,,
2026-05-16T06:48:35.624877,noisy,persist,{'bins': 16},13,1,4,ok,13,26,0.5547168347984552,42.973550074733794,43.5309462826699,15,22,52,0,,
2026-05-16T06:49:36.930114,noisy,persist,{'bins': 16},13,2,4,ok,26,39,0.5177854672074318,60.754683890379965,61.274987436831,15,49,90,0,,
2026-05-16T06:50:15.922067,noisy,persist,{'bins': 16},13,3,4,ok,39,52,0.5121050057932734,38.44268558174372,38.95712718553841,15,146,231,0,,
2026-05-16T06:50:33.414636,noisy,persist,{'bins': 16},13,4,4,ok,52,65,0.4914842527359724,16.961454485543072,17.45517793484032,15,215,315,0,,
2026-05-16T06:51:21.701798,noisy,persist,{'bins': 16},14,0,4,ok,0,14,0.4684493876993656,47.749540836550295,48.22054753731936,15,128,189,0,,
2026-05-16T06:51:59.191376,noisy,persist,{'bins': 16},14,1,4,ok,14,28,0.5079381354153156,36.93311962019652,37.443732428364456,15,154,244,0,,
2026-05-16T06:52:50.123715,noisy,persist,{'bins': 16},14,2,4,ok,28,42,0.49239926878362894,50.35172181483358,50.90212923847139,15,31,65,0,,
2026-05-16T06:54:40.915486,noisy,persist,{'bins': 16},14,3,4,ok,42,56,0.5148637713864446,110.22203081659973,110.73974329885095,15,149,221,0,,
2026-05-16T06:55:31.209985,noisy,persist,{'bins': 16},14,4,4,ok,56,70,0.5162164894863963,49.74578155390918,50.26462268270552,15,35,72,0,,
2026-05-16T06:56:35.021347,noisy,persist,{'bins': 16},15,0,4,ok,0,15,0.5629524393007159,63.17411835677922,63.739949982613325,15,113,160,0,,
2026-05-16T06:57:52.783744,noisy,persist,{'bins': 16},15,1,4,ok,15,30,0.5591122731566429,77.16270081978291,77.72471737861633,15,50,91,0,,
2026-05-16T06:58:52.876694,noisy,persist,{'bins': 16},15,2,4,ok,30,45,0.49396950751543045,59.55849836394191,60.05550734978169,15,79,136,0,,
2026-05-16T06:59:58.727474,noisy,persist,{'bins': 16},15,3,4,ok,45,60,0.4572595274075866,65.34266023617238,65.80295354127884,15,94,149,0,,
2026-05-16T07:00:49.575501,noisy,persist,{'bins': 16},15,4,4,ok,60,75,0.478385834954679,50.32102178968489,50.80225992202759,15,126,186,0,,
2026-05-16T07:01:25.560677,noisy,persist,{'bins': 16},16,0,4,ok,0,16,0.49852531030774117,35.41105600632727,35.91257871687412,15,117,177,0,,
2026-05-16T07:01:57.882685,noisy,persist,{'bins': 16},16,1,4,ok,16,32,0.5080994609743357,31.7682967139408,32.27919980045408,15,168,253,0,,
2026-05-16T07:06:56.419532,noisy,persist,{'bins': 16},16,2,4,ok,32,48,0.5152493389323354,297.9610307486728,298.4793966822326,15,129,202,0,,
2026-05-16T07:07:45.923606,noisy,persist,{'bins': 16},16,3,4,ok,48,64,0.5583693888038397,48.88408468011767,49.44551649130881,15,184,269,0,,
2026-05-16T07:08:07.264164,noisy,persist,{'bins': 16},16,4,4,ok,64,80,0.5292724268510938,20.764490600675344,21.296612278558314,15,143,207,0,,
2026-05-16T07:08:56.645208,noisy,persist,{'bins': 16},17,0,4,ok,0,17,0.47364102583378553,48.84115475323051,49.31807748321444,15,64,101,0,,
2026-05-16T07:09:21.458079,noisy,persist,{'bins': 16},17,1,4,ok,17,34,0.5172430407255888,24.260929650627077,24.781249900348485,15,66,114,0,,
2026-05-16T07:11:15.032870,noisy,persist,{'bins': 16},17,2,4,ok,34,51,0.5490160882472992,112.97430380806327,113.52699083089828,15,59,107,0,,
2026-05-16T07:12:49.821086,noisy,persist,{'bins': 16},17,3,4,ok,51,68,0.5829653386026621,94.11977913137525,94.70632741972804,15,267,400,0,,
2026-05-16T07:13:14.095038,noisy,persist,{'bins': 16},17,4,4,ok,68,85,0.4855363601818681,23.74394709803164,24.232651026919484,15,113,174,0,,
2026-05-16T07:13:46.903016,noisy,persist,{'bins': 16},18,0,4,ok,0,18,0.5234863581135869,32.21110177133232,32.73770527448505,15,116,179,0,,
2026-05-16T07:15:04.042941,noisy,persist,{'bins': 16},18,1,4,ok,18,36,0.5422269972041249,76.55060143768787,77.09605366270989,15,75,126,0,,
2026-05-16T07:19:39.005023,noisy,persist,{'bins': 16},18,2,4,ok,36,54,0.581536827608943,274.32261465862393,274.9075664896518,15,74,124,0,,
2026-05-16T07:20:29.172848,noisy,persist,{'bins': 16},18,3,4,ok,54,72,0.5507231839001179,49.55489576142281,50.108939772471786,15,163,252,0,,
2026-05-16T07:21:02.999506,noisy,persist,{'bins': 16},18,4,4,ok,72,90,0.5977925173938274,33.16319311130792,33.76417018100619,15,195,282,0,,
2026-05-16T07:22:21.032930,noisy,persist,{'bins': 16},19,0,4,ok,0,19,0.5695618344470859,77.38439266569912,77.95743250194937,15,64,105,0,,
2026-05-16T07:23:13.749032,noisy,persist,{'bins': 16},19,1,4,ok,19,38,0.49496185779571533,52.170116279274225,52.66835351847112,15,96,157,0,,
2026-05-16T07:25:01.872006,noisy,persist,{'bins': 16},19,2,4,ok,38,57,0.5375826368108392,107.52774607110769,108.06878207344562,15,99,162,0,,
2026-05-16T07:27:37.527173,noisy,persist,{'bins': 16},19,3,4,ok,57,76,0.5372584536671638,155.05807911325246,155.598853581585,15,99,165,0,,
2026-05-16T07:28:04.478129,noisy,persist,{'bins': 16},19,4,4,ok,76,95,0.593948564492166,26.309341118671,26.906465438194573,15,163,246,0,,
2026-05-16T07:28:45.699165,noisy,persist,{'bins': 16},20,0,4,ok,0,20,0.5826631672680378,40.55264702346176,41.1387902982533,15,125,182,0,,
2026-05-16T07:30:52.707445,noisy,persist,{'bins': 16},20,1,4,ok,20,40,0.5841891430318356,126.36457586381584,126.95233435090631,15,125,202,0,,
2026-05-16T07:33:40.353166,noisy,persist,{'bins': 16},20,2,4,ok,40,60,0.6073197135701776,166.96907471120358,167.5801604371518,15,96,153,0,,
2026-05-16T07:35:05.526235,noisy,persist,{'bins': 16},20,3,4,ok,60,80,0.6023916825652122,84.49521642830223,85.10117829591036,15,207,307,0,,
2026-05-16T07:35:39.519971,noisy,persist,{'bins': 16},20,4,4,ok,80,100,0.5616347612813115,33.3596279444173,33.92469454091042,15,183,256,0,,
2026-05-16T07:36:35.321455,noisy,persist,{'bins': 16},21,0,4,ok,0,21,0.5805470822378993,55.143993182107806,55.7281359070912,15,86,136,0,,
2026-05-16T07:37:48.557714,noisy,persist,{'bins': 16},21,1,4,ok,21,42,0.5270062796771526,72.66136407665908,73.19208324048668,15,46,85,0,,
2026-05-16T07:39:32.063179,noisy,persist,{'bins': 16},21,2,4,ok,42,63,0.6257839510217309,102.80727701075375,103.43686210084707,15,147,225,0,,
2026-05-16T07:39:59.032897,noisy,persist,{'bins': 16},21,3,4,ok,63,84,0.5919843865558505,26.322524428367615,26.917980995960534,15,147,213,0,,
2026-05-16T07:40:20.755862,noisy,persist,{'bins': 16},21,4,4,ok,84,105,0.5660257311537862,21.108388400636613,21.677812544628978,15,135,206,0,,
2026-05-16T07:43:06.013954,noisy,persist,{'bins': 16},22,0,4,ok,0,22,0.6435174131765962,164.50907997507602,165.15654268767685,15,128,186,0,,
2026-05-16T07:45:30.503093,noisy,persist,{'bins': 16},22,1,4,ok,22,44,0.5812087310478091,143.84658967517316,144.43182629253715,15,45,86,0,,
2026-05-16T07:48:09.051461,noisy,persist,{'bins': 16},22,2,4,ok,44,66,0.5518883420154452,157.9221243551001,158.47795544285327,15,159,244,0,,
2026-05-16T07:49:01.970999,noisy,persist,{'bins': 16},22,3,4,ok,66,88,0.5838501127436757,52.27201713528484,52.85964816994965,15,86,136,0,,
2026-05-16T07:49:41.813631,noisy,persist,{'bins': 16},22,4,4,ok,88,110,0.6475546592846513,39.129978626966476,39.781305993907154,15,121,195,0,,
2026-05-16T07:50:57.672625,noisy,persist,{'bins': 16},23,0,4,ok,0,23,0.5502364924177527,75.21523943729699,75.76955964975059,15,97,158,0,,
2026-05-16T07:53:41.529815,noisy,persist,{'bins': 16},23,1,4,ok,23,46,0.6491023944690824,163.10162272769958,163.75509788561612,15,227,361,0,,
2026-05-16T07:56:39.740852,noisy,persist,{'bins': 16},23,2,4,ok,46,69,0.6231322875246406,177.50093549769372,178.12822008598596,15,152,234,0,,
2026-05-16T07:57:32.754740,noisy,persist,{'bins': 16},23,3,4,ok,69,92,0.665722630918026,52.26997116301209,52.939769989810884,15,107,160,0,,
2026-05-16T07:57:50.894061,noisy,persist,{'bins': 16},23,4,4,ok,92,115,0.5770299173891544,17.51762057095766,18.098340048454702,15,97,153,0,,
2026-05-16T07:59:15.351088,noisy,persist,{'bins': 16},24,0,4,ok,0,24,0.6772570330649614,83.66972838900983,84.35118684452027,15,124,192,0,,
2026-05-16T08:03:24.188983,noisy,persist,{'bins': 16},24,1,4,ok,24,48,0.6919388370588422,248.07253854814917,248.76878357399255,15,64,105,0,,
2026-05-16T08:05:31.307269,noisy,persist,{'bins': 16},24,2,4,ok,48,72,0.5329632116481662,126.50612156745046,127.04328673146665,15,135,211,0,,
2026-05-16T08:06:44.638095,noisy,persist,{'bins': 16},24,3,4,ok,72,96,0.625456053763628,72.62281173001975,73.2524047549814,15,144,222,0,,
2026-05-16T08:07:34.819028,noisy,persist,{'bins': 16},24,4,4,ok,96,120,0.6751207960769534,49.449923501349986,50.12891894392669,15,110,168,0,,
2026-05-16T08:10:55.499291,noisy,persist,{'bins': 16},25,0,4,ok,0,25,0.6908951122313738,199.85956957098097,200.55501161329448,15,169,249,0,,
2026-05-16T08:14:15.248638,noisy,persist,{'bins': 16},25,1,4,ok,25,50,0.677373812533915,198.9682265277952,199.65011841617525,15,187,289,0,,
2026-05-16T08:18:44.458982,noisy,persist,{'bins': 16},25,2,4,ok,50,75,0.6376110045239329,268.47130262386054,269.1135012647137,15,164,258,0,,
2026-05-16T08:21:19.209407,noisy,persist,{'bins': 16},25,3,4,ok,75,100,0.6408117106184363,154.02968872711062,154.6747798556462,15,97,155,0,,
2026-05-16T08:24:06.160324,noisy,persist,{'bins': 16},25,4,4,ok,100,125,0.6292337020859122,166.2280272040516,166.86181009095162,15,104,165,0,,
