timestamp,dataset,method,params,trace_count,repeat,tag_k,status,trace_indices_start,trace_indices_end,disc_time,learn_time,total_time,actual_bins,n_states,n_edges,n_inconsistencies,error_type,error_msg
2026-05-15T23:00:56.145326,clean,naive,{'bins': 5},1,0,2,ok,0,1,0.0007480056956410408,0.002900579944252968,0.004006587900221348,5,8,9,0,,
2026-05-15T23:00:56.150292,clean,naive,{'bins': 5},1,1,2,ok,1,2,0.0005066916346549988,0.002644297666847706,0.0034721828997135162,5,12,13,0,,
2026-05-15T23:00:56.154613,clean,naive,{'bins': 5},1,2,2,ok,2,3,0.0005471082404255867,0.0020837150514125824,0.0029212292283773422,5,6,7,0,,
2026-05-15T23:00:56.159638,clean,naive,{'bins': 5},1,3,2,ok,3,4,0.0004920149222016335,0.0030217869207262993,0.0038168812170624733,5,12,13,0,,
2026-05-15T23:00:56.163530,clean,naive,{'bins': 5},1,4,2,ok,4,5,0.0005110204219818115,0.0020815208554267883,0.002867458388209343,5,11,11,0,,
2026-05-15T23:00:56.181092,clean,naive,{'bins': 5},2,0,2,ok,0,2,0.0007804259657859802,0.012217635288834572,0.013432377018034458,5,18,20,0,,
2026-05-15T23:00:56.189271,clean,naive,{'bins': 5},2,1,2,ok,2,4,0.0007365234196186066,0.005446062423288822,0.0067054880782961845,5,8,10,0,,
2026-05-15T23:00:56.199879,clean,naive,{'bins': 5},2,2,2,ok,4,6,0.0007709590718150139,0.008006442338228226,0.009214051999151707,5,8,12,0,,
2026-05-15T23:00:56.211290,clean,naive,{'bins': 5},2,3,2,ok,6,8,0.0007161367684602737,0.008844336494803429,0.009969801642000675,5,6,9,0,,
2026-05-15T23:00:56.219899,clean,naive,{'bins': 5},2,4,2,ok,8,10,0.0007598279044032097,0.006051299162209034,0.007197893224656582,5,10,12,0,,
2026-05-15T23:00:56.243801,clean,naive,{'bins': 5},3,0,2,ok,0,3,0.0009239055216312408,0.0189293147996068,0.020386332646012306,5,15,19,0,,
2026-05-15T23:00:56.257506,clean,naive,{'bins': 5},3,1,2,ok,3,6,0.0010539302602410316,0.010495658963918686,0.012151449918746948,5,5,9,0,,
2026-05-15T23:00:56.278300,clean,naive,{'bins': 5},3,2,2,ok,6,9,0.0009983954951167107,0.017437150701880455,0.01902642659842968,5,10,14,0,,
2026-05-15T23:00:56.289411,clean,naive,{'bins': 5},3,3,2,ok,9,12,0.001079687848687172,0.007645123638212681,0.009335068985819817,5,10,13,0,,
2026-05-15T23:00:56.303377,clean,naive,{'bins': 5},3,4,2,ok,12,15,0.0010166699066758156,0.01050613820552826,0.012091176584362984,5,6,9,0,,
2026-05-15T23:00:56.325265,clean,naive,{'bins': 5},4,0,2,ok,0,4,0.0012216661125421524,0.01629865262657404,0.018178334459662437,5,5,9,0,,
2026-05-15T23:00:56.341783,clean,naive,{'bins': 5},4,1,2,ok,4,8,0.001231924630701542,0.012864319607615471,0.014741525985300541,5,9,13,0,,
2026-05-15T23:00:56.356446,clean,naive,{'bins': 5},4,2,2,ok,8,12,0.0012202318757772446,0.010883677750825882,0.01278320699930191,5,10,14,0,,
2026-05-15T23:00:56.378113,clean,naive,{'bins': 5},4,3,2,ok,12,16,0.0012212041765451431,0.017732415348291397,0.01967621687799692,5,6,10,0,,
2026-05-15T23:00:56.394862,clean,naive,{'bins': 5},4,4,2,ok,16,20,0.0012481948360800743,0.01293902937322855,0.014865629374980927,5,7,10,0,,
2026-05-15T23:00:56.420358,clean,naive,{'bins': 5},5,0,2,ok,0,5,0.0015094652771949768,0.01902940310537815,0.0214691162109375,5,5,9,0,,
2026-05-15T23:00:56.437693,clean,naive,{'bins': 5},5,1,2,ok,5,10,0.001486111432313919,0.012794488109648228,0.015227929688990116,5,12,15,0,,
2026-05-15T23:00:56.459987,clean,naive,{'bins': 5},5,2,2,ok,10,15,0.0015150569379329681,0.017371458001434803,0.019866585731506348,5,6,9,0,,
2026-05-15T23:00:56.480788,clean,naive,{'bins': 5},5,3,2,ok,15,20,0.0014779474586248398,0.016101212240755558,0.01858894620090723,5,11,14,0,,
2026-05-15T23:00:56.503716,clean,naive,{'bins': 5},5,4,2,ok,20,25,0.0014016442000865936,0.018169647082686424,0.02055838517844677,5,10,13,0,,
2026-05-15T23:00:56.530968,clean,naive,{'bins': 5},6,0,2,ok,0,6,0.0018903417512774467,0.019420627504587173,0.02263785246759653,5,6,9,0,,
2026-05-15T23:00:56.552919,clean,naive,{'bins': 5},6,1,2,ok,6,12,0.0018404172733426094,0.016347333788871765,0.01951696816831827,5,11,14,0,,
2026-05-15T23:00:56.581988,clean,naive,{'bins': 5},6,2,2,ok,12,18,0.001889280043542385,0.023185832425951958,0.026419367641210556,5,5,8,0,,
2026-05-15T23:00:56.608811,clean,naive,{'bins': 5},6,3,2,ok,18,24,0.0018514571711421013,0.020971201360225677,0.0241420678794384,5,6,9,0,,
2026-05-15T23:00:56.631449,clean,naive,{'bins': 5},6,4,2,ok,24,30,0.0018561473116278648,0.0168905146420002,0.020075447857379913,5,8,10,0,,
2026-05-15T23:00:56.663099,clean,naive,{'bins': 5},7,0,2,ok,0,7,0.0020407242700457573,0.02336653135716915,0.02687438204884529,5,6,9,0,,
2026-05-15T23:00:56.695162,clean,naive,{'bins': 5},7,1,2,ok,7,14,0.0021061981096863747,0.025566875003278255,0.029293978586792946,5,7,10,0,,
2026-05-15T23:00:56.730890,clean,naive,{'bins': 5},7,2,2,ok,14,21,0.0020792363211512566,0.027993924915790558,0.03272357117384672,5,6,9,0,,
2026-05-15T23:00:56.756459,clean,naive,{'bins': 5},7,3,2,ok,21,28,0.0021985601633787155,0.019296765327453613,0.02294630091637373,5,13,17,0,,
2026-05-15T23:00:56.784919,clean,naive,{'bins': 5},7,4,2,ok,28,35,0.002107960171997547,0.02233245875686407,0.02597496286034584,5,6,9,0,,
2026-05-15T23:00:56.818161,clean,naive,{'bins': 5},8,0,2,ok,0,8,0.002188611775636673,0.025055293925106525,0.02872220240533352,5,6,9,0,,
2026-05-15T23:00:56.856028,clean,naive,{'bins': 5},8,1,2,ok,8,16,0.002229447476565838,0.031179851852357388,0.034767892211675644,5,5,8,0,,
2026-05-15T23:00:56.891151,clean,naive,{'bins': 5},8,2,2,ok,16,24,0.002497212029993534,0.028088201768696308,0.03217656444758177,5,6,9,0,,
2026-05-15T23:00:56.916278,clean,naive,{'bins': 5},8,3,2,ok,24,32,0.00250250194221735,0.017972636967897415,0.022304114885628223,5,13,16,0,,
2026-05-15T23:00:56.953650,clean,naive,{'bins': 5},8,4,2,ok,32,40,0.0028778566047549248,0.02945665270090103,0.034183614887297153,5,13,18,0,,
2026-05-15T23:00:56.996845,clean,naive,{'bins': 5},9,0,2,ok,0,9,0.0026812776923179626,0.033584398217499256,0.03798628877848387,5,7,10,0,,
2026-05-15T23:00:57.040213,clean,naive,{'bins': 5},9,1,2,ok,9,18,0.002685965970158577,0.03522682376205921,0.03973953239619732,5,4,7,0,,
2026-05-15T23:00:57.075642,clean,naive,{'bins': 5},9,2,2,ok,18,27,0.0026314640417695045,0.0279457438737154,0.032259308733046055,5,6,9,0,,
2026-05-15T23:00:57.111863,clean,naive,{'bins': 5},9,3,2,ok,27,36,0.002590837888419628,0.028614812530577183,0.03304519597440958,5,6,9,0,,
2026-05-15T23:00:57.162797,clean,naive,{'bins': 5},9,4,2,ok,36,45,0.002575339749455452,0.04315308667719364,0.04747770167887211,5,10,13,0,,
2026-05-15T23:00:57.207378,clean,naive,{'bins': 5},10,0,2,ok,0,10,0.003086238168179989,0.0342202540487051,0.038919251412153244,5,6,9,0,,
2026-05-15T23:00:57.248980,clean,naive,{'bins': 5},10,1,2,ok,10,20,0.0029987934976816177,0.03310354519635439,0.03793197683990002,5,6,9,0,,
2026-05-15T23:00:57.291703,clean,naive,{'bins': 5},10,2,2,ok,20,30,0.00322914682328701,0.03432297706604004,0.03919068165123463,5,6,9,0,,
2026-05-15T23:00:57.338481,clean,naive,{'bins': 5},10,3,2,ok,30,40,0.0034348033368587494,0.037585336714982986,0.042959654703736305,5,12,17,0,,
2026-05-15T23:00:57.387004,clean,naive,{'bins': 5},10,4,2,ok,40,50,0.0029629869386553764,0.04020022880285978,0.044976712204515934,5,7,10,0,,
2026-05-15T23:00:57.436914,clean,naive,{'bins': 5},11,0,2,ok,0,11,0.003031546249985695,0.039473182521760464,0.04430547170341015,5,6,9,0,,
2026-05-15T23:00:57.487909,clean,naive,{'bins': 5},11,1,2,ok,11,22,0.0030614016577601433,0.04230955149978399,0.04721755255013704,5,6,9,0,,
2026-05-15T23:00:57.527145,clean,naive,{'bins': 5},11,2,2,ok,22,33,0.0031449096277356148,0.0307907797396183,0.035651713609695435,5,5,8,0,,
2026-05-15T23:00:57.585197,clean,naive,{'bins': 5},11,3,2,ok,33,44,0.003305000253021717,0.048733641393482685,0.05401141755282879,5,9,12,0,,
2026-05-15T23:00:57.636591,clean,naive,{'bins': 5},11,4,2,ok,44,55,0.0031580226495862007,0.04249079246073961,0.04764863196760416,5,7,10,0,,
2026-05-15T23:00:57.691564,clean,naive,{'bins': 5},12,0,2,ok,0,12,0.003448239527642727,0.04362510237842798,0.049151537008583546,5,6,9,0,,
2026-05-15T23:00:57.748104,clean,naive,{'bins': 5},12,1,2,ok,12,24,0.0035632532089948654,0.04693820886313915,0.05245755799114704,5,6,9,0,,
2026-05-15T23:00:57.793653,clean,naive,{'bins': 5},12,2,2,ok,24,36,0.0034725749865174294,0.03620872925966978,0.04172446206212044,5,6,9,0,,
2026-05-15T23:00:57.864073,clean,naive,{'bins': 5},12,3,2,ok,36,48,0.0035149743780493736,0.06046510301530361,0.0661163805052638,5,10,14,0,,
2026-05-15T23:00:57.925163,clean,naive,{'bins': 5},12,4,2,ok,48,60,0.003574035130441189,0.051168725825846195,0.056997708044946194,5,7,10,0,,
2026-05-15T23:00:57.979547,clean,naive,{'bins': 5},13,0,2,ok,0,13,0.0037328628823161125,0.04240074194967747,0.048304024152457714,5,5,8,0,,
2026-05-15T23:00:58.040819,clean,naive,{'bins': 5},13,1,2,ok,13,26,0.0037468895316123962,0.050727677531540394,0.056686753407120705,5,6,9,0,,
2026-05-15T23:00:58.098066,clean,naive,{'bins': 5},13,2,2,ok,26,39,0.003826448693871498,0.04698548652231693,0.05300718080252409,5,5,8,0,,
2026-05-15T23:00:58.162860,clean,naive,{'bins': 5},13,3,2,ok,39,52,0.003593340516090393,0.05482164025306702,0.0604798998683691,5,7,10,0,,
2026-05-15T23:00:58.212547,clean,naive,{'bins': 5},13,4,2,ok,52,65,0.003650709055364132,0.039581816643476486,0.04549509659409523,5,7,10,0,,
2026-05-15T23:00:58.274472,clean,naive,{'bins': 5},14,0,2,ok,0,14,0.003750027157366276,0.04916928894817829,0.05524944327771664,5,7,10,0,,
2026-05-15T23:00:58.346298,clean,naive,{'bins': 5},14,1,2,ok,14,28,0.004086066968739033,0.05838119704276323,0.06507996283471584,5,6,9,0,,
2026-05-15T23:00:58.415296,clean,naive,{'bins': 5},14,2,2,ok,28,42,0.004124579019844532,0.0574217839166522,0.06416111532598734,5,6,9,0,,
2026-05-15T23:00:58.483501,clean,naive,{'bins': 5},14,3,2,ok,42,56,0.003914703615009785,0.05756246950477362,0.06390629708766937,5,7,10,0,,
2026-05-15T23:00:58.532212,clean,naive,{'bins': 5},14,4,2,ok,56,70,0.003976671025156975,0.03840437438338995,0.044618419371545315,5,6,9,0,,
2026-05-15T23:00:58.601342,clean,naive,{'bins': 5},15,0,2,ok,0,15,0.004056001082062721,0.0564340790733695,0.06269258819520473,5,7,10,0,,
2026-05-15T23:00:58.663600,clean,naive,{'bins': 5},15,1,2,ok,15,30,0.0040344297885894775,0.05157521925866604,0.05787130817770958,5,6,9,0,,
2026-05-15T23:00:58.738768,clean,naive,{'bins': 5},15,2,2,ok,30,45,0.0040301913395524025,0.06390604749321938,0.0702719772234559,5,10,13,0,,
2026-05-15T23:00:58.797581,clean,naive,{'bins': 5},15,3,2,ok,45,60,0.003996940329670906,0.04784887935966253,0.05435883067548275,5,7,10,0,,
2026-05-15T23:00:58.856510,clean,naive,{'bins': 5},15,4,2,ok,60,75,0.004136792384088039,0.04761083144694567,0.05461285728961229,5,5,8,0,,
2026-05-15T23:00:58.931079,clean,naive,{'bins': 5},16,0,2,ok,0,16,0.004307121969759464,0.060363040305674076,0.06741256546229124,5,7,10,0,,
2026-05-15T23:00:58.998713,clean,naive,{'bins': 5},16,1,2,ok,16,32,0.004341326653957367,0.05499970447272062,0.06222262419760227,5,6,9,0,,
2026-05-15T23:00:59.085519,clean,naive,{'bins': 5},16,2,2,ok,32,48,0.004336767829954624,0.07506168726831675,0.08195468690246344,5,7,10,0,,
2026-05-15T23:00:59.158762,clean,naive,{'bins': 5},16,3,2,ok,48,64,0.0041273850947618484,0.06183664873242378,0.06857319548726082,5,7,10,0,,
2026-05-15T23:00:59.237694,clean,naive,{'bins': 5},16,4,2,ok,64,80,0.004302613437175751,0.06739028450101614,0.07422554586082697,5,5,8,0,,
2026-05-15T23:00:59.313895,clean,naive,{'bins': 5},17,0,2,ok,0,17,0.004548376426100731,0.06193899177014828,0.06923982873558998,5,7,10,0,,
2026-05-15T23:00:59.404878,clean,naive,{'bins': 5},17,1,2,ok,17,34,0.004648844711482525,0.07855401746928692,0.08597325719892979,5,11,14,0,,
2026-05-15T23:00:59.496638,clean,naive,{'bins': 5},17,2,2,ok,34,51,0.00462899636477232,0.07910080626606941,0.08653162699192762,5,7,10,0,,
2026-05-15T23:00:59.560257,clean,naive,{'bins': 5},17,3,2,ok,51,68,0.004500185139477253,0.05163876060396433,0.05882600322365761,5,7,10,0,,
2026-05-15T23:00:59.639854,clean,naive,{'bins': 5},17,4,2,ok,68,85,0.0044586071744561195,0.06740782596170902,0.07464384101331234,5,7,10,0,,
2026-05-15T23:00:59.728101,clean,naive,{'bins': 5},18,0,2,ok,0,18,0.004761095158755779,0.07250139582902193,0.0801194692030549,5,7,10,0,,
2026-05-15T23:00:59.808550,clean,naive,{'bins': 5},18,1,2,ok,18,36,0.00500841997563839,0.06730191688984632,0.07529511488974094,5,6,9,0,,
2026-05-15T23:00:59.910421,clean,naive,{'bins': 5},18,2,2,ok,36,54,0.0047058723866939545,0.08850378170609474,0.09597673173993826,5,7,10,0,,
2026-05-15T23:00:59.975234,clean,naive,{'bins': 5},18,3,2,ok,54,72,0.004852477461099625,0.05233363527804613,0.0599032174795866,5,6,9,0,,
2026-05-15T23:01:00.051667,clean,naive,{'bins': 5},18,4,2,ok,72,90,0.004781934432685375,0.06345915701240301,0.07104768510907888,5,6,9,0,,
2026-05-15T23:01:00.143707,clean,naive,{'bins': 5},19,0,2,ok,0,19,0.0050465017557144165,0.07630816753953695,0.0846353443339467,5,7,10,0,,
2026-05-15T23:01:00.232064,clean,naive,{'bins': 5},19,1,2,ok,19,38,0.00504456739872694,0.07435723394155502,0.08276271633803844,5,5,8,0,,
2026-05-15T23:01:00.329293,clean,naive,{'bins': 5},19,2,2,ok,38,57,0.004827248863875866,0.08378401398658752,0.09170543681830168,5,7,10,0,,
2026-05-15T23:01:00.405291,clean,naive,{'bins': 5},19,3,2,ok,57,76,0.005104529671370983,0.06276479363441467,0.0708158491179347,5,7,10,0,,
2026-05-15T23:01:00.484630,clean,naive,{'bins': 5},19,4,2,ok,76,95,0.004876492545008659,0.06608936842530966,0.07385151274502277,5,6,9,0,,
2026-05-15T23:01:00.579441,clean,naive,{'bins': 5},20,0,2,ok,0,20,0.005076427012681961,0.07895287685096264,0.08715756144374609,5,7,10,0,,
2026-05-15T23:01:00.683279,clean,naive,{'bins': 5},20,1,2,ok,20,40,0.005318782292306423,0.08926226664334536,0.09810267575085163,5,6,9,0,,
2026-05-15T23:01:00.764939,clean,naive,{'bins': 5},20,2,2,ok,40,60,0.00521518848836422,0.0672792848199606,0.07607606239616871,5,7,10,0,,
2026-05-15T23:01:00.843062,clean,naive,{'bins': 5},20,3,2,ok,60,80,0.005175554193556309,0.06439769174903631,0.07243544328957796,5,7,10,0,,
2026-05-15T23:01:00.933070,clean,naive,{'bins': 5},20,4,2,ok,80,100,0.0049689458683133125,0.07633654214441776,0.08411892410367727,5,7,10,0,,
2026-05-15T23:01:01.039727,clean,naive,{'bins': 5},21,0,2,ok,0,21,0.005195050500333309,0.08992973063141108,0.09850895963609219,5,7,10,0,,
2026-05-15T23:01:01.143406,clean,naive,{'bins': 5},21,1,2,ok,21,42,0.006251093931496143,0.08528387174010277,0.09761278610676527,5,6,9,0,,
2026-05-15T23:01:01.239607,clean,naive,{'bins': 5},21,2,2,ok,42,63,0.00526838842779398,0.08126555196940899,0.09000935032963753,5,7,10,0,,
2026-05-15T23:01:01.336994,clean,naive,{'bins': 5},21,3,2,ok,63,84,0.005336256697773933,0.0825590118765831,0.0906846085563302,5,6,9,0,,
2026-05-15T23:01:01.439363,clean,naive,{'bins': 5},21,4,2,ok,84,105,0.005650867708027363,0.08676973357796669,0.0958148380741477,5,7,10,0,,
2026-05-15T23:01:01.551129,clean,naive,{'bins': 5},22,0,2,ok,0,22,0.00576813705265522,0.09378283005207777,0.10326879192143679,5,7,10,0,,
2026-05-15T23:01:01.663676,clean,naive,{'bins': 5},22,1,2,ok,22,44,0.005741117522120476,0.09667452238500118,0.10607071686536074,5,6,9,0,,
2026-05-15T23:01:01.758292,clean,naive,{'bins': 5},22,2,2,ok,44,66,0.005660834722220898,0.07876890059560537,0.08808379154652357,5,7,10,0,,
2026-05-15T23:01:01.860952,clean,naive,{'bins': 5},22,3,2,ok,66,88,0.0061534009873867035,0.08635932113975286,0.09641804080456495,5,6,9,0,,
2026-05-15T23:01:02.044572,clean,naive,{'bins': 5},22,4,2,ok,88,110,0.005663610994815826,0.0880962060764432,0.17746815830469131,5,7,10,0,,
2026-05-15T23:01:02.157011,clean,naive,{'bins': 5},23,0,2,ok,0,23,0.005801800638437271,0.09520839806646109,0.10431207250803709,5,7,10,0,,
2026-05-15T23:01:02.272050,clean,naive,{'bins': 5},23,1,2,ok,23,46,0.0055769579485058784,0.09955757949501276,0.10816861875355244,5,10,14,0,,
2026-05-15T23:01:02.374706,clean,naive,{'bins': 5},23,2,2,ok,46,69,0.005780059844255447,0.08688750397413969,0.09606512822210789,5,7,10,0,,
2026-05-15T23:01:02.477206,clean,naive,{'bins': 5},23,3,2,ok,69,92,0.0059873685240745544,0.08702088613063097,0.09594284743070602,5,6,9,0,,
2026-05-15T23:01:02.608378,clean,naive,{'bins': 5},23,4,2,ok,92,115,0.005694909021258354,0.11625585239380598,0.12500630225986242,5,7,10,0,,
2026-05-15T23:01:02.727955,clean,naive,{'bins': 5},24,0,2,ok,0,24,0.005827518180012703,0.10165103245526552,0.11072034109383821,5,7,10,0,,
2026-05-15T23:01:02.851368,clean,naive,{'bins': 5},24,1,2,ok,24,48,0.006139814853668213,0.1072848979383707,0.1166016822680831,5,10,14,0,,
2026-05-15T23:01:02.959545,clean,naive,{'bins': 5},24,2,2,ok,48,72,0.0060366615653038025,0.09280316811054945,0.10192275233566761,5,7,10,0,,
2026-05-15T23:01:03.059638,clean,naive,{'bins': 5},24,3,2,ok,72,96,0.006006224080920219,0.0839207312092185,0.09338283818215132,5,6,9,0,,
2026-05-15T23:01:03.171106,clean,naive,{'bins': 5},24,4,2,ok,96,120,0.006002907641232014,0.09606697224080563,0.10522077977657318,5,7,10,0,,
2026-05-15T23:01:03.297143,clean,naive,{'bins': 5},25,0,2,ok,0,25,0.006076076067984104,0.10785486735403538,0.11724335793405771,5,7,10,0,,
2026-05-15T23:01:03.441044,clean,naive,{'bins': 5},25,1,2,ok,25,50,0.006152198649942875,0.1267465017735958,0.13611983228474855,5,10,14,0,,
2026-05-15T23:01:03.556039,clean,naive,{'bins': 5},25,2,2,ok,50,75,0.0064487457275390625,0.09820304531604052,0.10802854504436255,5,7,10,0,,
2026-05-15T23:01:03.676805,clean,naive,{'bins': 5},25,3,2,ok,75,100,0.006221288815140724,0.10416519641876221,0.11374632827937603,5,7,10,0,,
2026-05-15T23:01:03.794338,clean,naive,{'bins': 5},25,4,2,ok,100,125,0.006454186514019966,0.10111088771373034,0.11088808719068766,5,7,10,0,,
2026-05-15T23:01:03.927894,clean,naive,{'bins': 5},26,0,2,ok,0,26,0.006488270126283169,0.11361998971551657,0.12360318563878536,5,7,10,0,,
2026-05-15T23:01:04.083275,clean,naive,{'bins': 5},26,1,2,ok,26,52,0.007623633369803429,0.13528160750865936,0.1469644783064723,5,10,14,0,,
2026-05-15T23:01:04.200696,clean,naive,{'bins': 5},26,2,2,ok,52,78,0.008073276840150356,0.09731706976890564,0.10932726319879293,5,7,10,0,,
2026-05-15T23:01:04.340446,clean,naive,{'bins': 5},26,3,2,ok,78,104,0.007630656473338604,0.11957184225320816,0.13193620275706053,5,7,10,0,,
2026-05-15T23:01:04.488679,clean,naive,{'bins': 5},26,4,2,ok,104,130,0.006837545894086361,0.12832523882389069,0.13932103756815195,5,7,10,0,,
2026-05-15T23:01:04.636930,clean,naive,{'bins': 5},27,0,2,ok,0,27,0.007926572114229202,0.12506990227848291,0.1372081283479929,5,7,10,0,,
2026-05-15T23:01:04.797026,clean,naive,{'bins': 5},27,1,2,ok,27,54,0.007281760685145855,0.1406655628234148,0.15201232116669416,5,7,10,0,,
2026-05-15T23:01:04.918910,clean,naive,{'bins': 5},27,2,2,ok,54,81,0.007276810705661774,0.10312411934137344,0.11409096326678991,5,7,10,0,,
2026-05-15T23:01:05.063556,clean,naive,{'bins': 5},27,3,2,ok,81,108,0.007188705727458,0.12517024111002684,0.1360797481611371,5,7,10,0,,
2026-05-15T23:01:05.206522,clean,naive,{'bins': 5},27,4,2,ok,108,135,0.007405702956020832,0.12389827147126198,0.13513414096087217,5,7,10,0,,
2026-05-15T23:01:05.361614,clean,naive,{'bins': 5},28,0,2,ok,0,28,0.007324380800127983,0.13355242926627398,0.1448180554434657,5,7,10,0,,
2026-05-15T23:01:05.522907,clean,naive,{'bins': 5},28,1,2,ok,28,56,0.007364526391029358,0.1396112134680152,0.15110726188868284,5,7,10,0,,
2026-05-15T23:01:05.670064,clean,naive,{'bins': 5},28,2,2,ok,56,84,0.008007204160094261,0.12584476824849844,0.1380782127380371,5,6,9,0,,
2026-05-15T23:01:05.841567,clean,naive,{'bins': 5},28,3,2,ok,84,112,0.007440660148859024,0.1513918163254857,0.16307873371988535,5,7,10,0,,
2026-05-15T23:01:05.998279,clean,naive,{'bins': 5},28,4,2,ok,112,140,0.007685068063437939,0.1363987075164914,0.14861785434186459,5,7,10,0,,
2026-05-15T23:01:06.158203,clean,naive,{'bins': 5},29,0,2,ok,0,29,0.0077863894402980804,0.1372073655948043,0.14931663684546947,5,7,10,0,,
2026-05-15T23:01:06.308777,clean,naive,{'bins': 5},29,1,2,ok,29,58,0.007767072878777981,0.12423424329608679,0.14184726402163506,5,6,9,0,,
2026-05-15T23:01:06.457398,clean,naive,{'bins': 5},29,2,2,ok,58,87,0.007461158558726311,0.12455714773386717,0.1365201249718666,5,7,10,0,,
2026-05-15T23:01:06.627453,clean,naive,{'bins': 5},29,3,2,ok,87,116,0.008822586387395859,0.14731823280453682,0.16115538030862808,5,7,10,0,,
2026-05-15T23:01:06.801522,clean,naive,{'bins': 5},29,4,2,ok,116,145,0.007915952242910862,0.1528202909976244,0.16512531880289316,5,7,10,0,,
2026-05-15T23:01:06.965259,clean,naive,{'bins': 5},30,0,2,ok,0,30,0.00887156929820776,0.13853980042040348,0.1521902373060584,5,7,10,0,,
2026-05-15T23:01:07.119048,clean,naive,{'bins': 5},30,1,2,ok,30,60,0.008745071478188038,0.12971130199730396,0.14334228355437517,5,6,9,0,,
2026-05-15T23:01:07.257866,clean,naive,{'bins': 5},30,2,2,ok,60,90,0.00849317666143179,0.11660170182585716,0.12985749635845423,5,6,9,0,,
2026-05-15T23:01:07.401108,clean,naive,{'bins': 5},30,3,2,ok,90,120,0.008006253279745579,0.12171793356537819,0.1347289402037859,5,7,10,0,,
2026-05-15T23:01:07.584061,clean,naive,{'bins': 5},30,4,2,ok,120,150,0.00784700270742178,0.15902356524020433,0.17164671048521996,5,7,10,0,,
2026-05-15T23:01:07.753266,clean,naive,{'bins': 5},31,0,2,ok,0,31,0.008860557340085506,0.1435759114101529,0.1574424235150218,5,7,10,0,,
2026-05-15T23:01:07.905769,clean,naive,{'bins': 5},31,1,2,ok,31,62,0.008230114355683327,0.12974033690989017,0.14293754287064075,5,6,9,0,,
2026-05-15T23:01:08.056461,clean,naive,{'bins': 5},31,2,2,ok,62,93,0.008487055078148842,0.12725241295993328,0.14078655000776052,5,6,9,0,,
2026-05-15T23:01:08.215846,clean,naive,{'bins': 5},31,3,2,ok,93,124,0.008595648221671581,0.13610236998647451,0.15027518663555384,5,7,10,0,,
2026-05-15T23:01:08.483874,clean,naive,{'bins': 5},31,4,2,ok,124,155,0.07788389921188354,0.17596292030066252,0.2587106367573142,5,7,10,0,,
2026-05-15T23:01:08.653996,clean,naive,{'bins': 5},32,0,2,ok,0,32,0.00815837737172842,0.14633142948150635,0.15909643191844225,5,7,10,0,,
2026-05-15T23:01:08.831308,clean,naive,{'bins': 5},32,1,2,ok,32,64,0.00822474341839552,0.15195178799331188,0.16534747648984194,5,7,10,0,,
2026-05-15T23:01:08.976975,clean,naive,{'bins': 5},32,2,2,ok,64,96,0.009033873677253723,0.1225647246465087,0.13607328571379185,5,6,9,0,,
2026-05-15T23:01:09.140574,clean,naive,{'bins': 5},32,3,2,ok,96,128,0.008654570206999779,0.14232562202960253,0.1551804430782795,5,7,10,0,,
2026-05-15T23:01:09.323496,clean,naive,{'bins': 5},32,4,2,ok,128,160,0.008092112839221954,0.16148160304874182,0.17386273387819529,5,7,10,0,,
2026-05-15T23:01:09.506624,clean,naive,{'bins': 5},33,0,2,ok,0,33,0.008332055062055588,0.15903224982321262,0.1716928482055664,5,7,10,0,,
2026-05-15T23:01:09.675152,clean,naive,{'bins': 5},33,1,2,ok,33,66,0.008341421373188496,0.1465022498741746,0.15927894413471222,5,7,10,0,,
2026-05-15T23:01:09.828940,clean,naive,{'bins': 5},33,2,2,ok,66,99,0.007962389849126339,0.13262417539954185,0.14501301106065512,5,7,10,0,,
2026-05-15T23:01:09.999854,clean,naive,{'bins': 5},33,3,2,ok,99,132,0.007997697219252586,0.1496308669447899,0.16218558512628078,5,7,10,0,,
2026-05-15T23:01:10.200290,clean,naive,{'bins': 5},33,4,2,ok,132,165,0.008062266744673252,0.1783086471259594,0.19092028215527534,5,10,14,0,,
2026-05-15T23:01:10.389661,clean,naive,{'bins': 5},34,0,2,ok,0,34,0.008256562054157257,0.16543660312891006,0.17827595490962267,5,7,10,0,,
2026-05-15T23:01:10.568723,clean,naive,{'bins': 5},34,1,2,ok,34,68,0.008251181803643703,0.15582051686942577,0.16854654718190432,5,7,10,0,,
2026-05-15T23:01:10.745048,clean,naive,{'bins': 5},34,2,2,ok,68,102,0.008873291313648224,0.15220881160348654,0.16592325828969479,5,7,10,0,,
2026-05-15T23:01:10.925402,clean,naive,{'bins': 5},34,3,2,ok,102,136,0.008496884256601334,0.15819923486560583,0.1711775390431285,5,7,10,0,,
2026-05-15T23:01:11.108125,clean,naive,{'bins': 5},34,4,2,ok,136,170,0.008861437439918518,0.15958061162382364,0.17317173536866903,5,7,10,0,,
2026-05-15T23:01:11.309823,clean,naive,{'bins': 5},35,0,2,ok,0,35,0.008852021768689156,0.1761774029582739,0.18975744768977165,5,7,10,0,,
2026-05-15T23:01:11.504343,clean,naive,{'bins': 5},35,1,2,ok,35,70,0.008871878497302532,0.17095152381807566,0.18468955531716347,5,7,10,0,,
2026-05-15T23:01:11.691320,clean,naive,{'bins': 5},35,2,2,ok,70,105,0.008457410149276257,0.1638561738654971,0.17710068821907043,5,7,10,0,,
2026-05-15T23:01:11.874959,clean,naive,{'bins': 5},35,3,2,ok,105,140,0.008584829047322273,0.16072284616529942,0.17410932667553425,5,7,10,0,,
2026-05-15T23:01:12.060712,clean,naive,{'bins': 5},35,4,2,ok,140,175,0.008610637858510017,0.16251137759536505,0.176039163954556,5,7,10,0,,
2026-05-15T23:01:12.263610,clean,naive,{'bins': 5},36,0,2,ok,0,36,0.008578317239880562,0.17757477052509785,0.19104053918272257,5,7,10,0,,
2026-05-15T23:01:12.465814,clean,naive,{'bins': 5},36,1,2,ok,36,72,0.008736404590308666,0.1784464167430997,0.19202419742941856,5,7,10,0,,
2026-05-15T23:01:12.666605,clean,naive,{'bins': 5},36,2,2,ok,72,108,0.008851530030369759,0.1744856145232916,0.18842555582523346,5,7,10,0,,
2026-05-15T23:01:12.877105,clean,naive,{'bins': 5},36,3,2,ok,108,144,0.009371045976877213,0.18542411644011736,0.20046811178326607,5,7,10,0,,
2026-05-15T23:01:13.082089,clean,naive,{'bins': 5},36,4,2,ok,144,180,0.009102331474423409,0.1799031225964427,0.19454210624098778,5,7,10,0,,
2026-05-15T23:01:13.366240,clean,naive,{'bins': 5},37,0,2,ok,0,37,0.07395691145211458,0.19297918118536472,0.2720063282176852,5,7,10,0,,
2026-05-15T23:01:13.574337,clean,naive,{'bins': 5},37,1,2,ok,37,74,0.009017091244459152,0.18385567888617516,0.1976894699037075,5,7,10,0,,
2026-05-15T23:01:13.777261,clean,naive,{'bins': 5},37,2,2,ok,74,111,0.00983718317002058,0.17710059694945812,0.19253026694059372,5,7,10,0,,
2026-05-15T23:01:13.978811,clean,naive,{'bins': 5},37,3,2,ok,111,148,0.008996693417429924,0.17669090814888477,0.19070052914321423,5,7,10,0,,
2026-05-15T23:01:14.172978,clean,naive,{'bins': 5},37,4,2,ok,148,185,0.00915102381259203,0.1678771786391735,0.18193501140922308,5,7,10,0,,
2026-05-15T23:01:14.410254,clean,naive,{'bins': 5},38,0,2,ok,0,38,0.010226533748209476,0.2057181540876627,0.22477009892463684,5,7,10,0,,
2026-05-15T23:01:14.625061,clean,naive,{'bins': 5},38,1,2,ok,38,76,0.009322024881839752,0.1894404524937272,0.2041193414479494,5,7,10,0,,
2026-05-15T23:01:14.884229,clean,naive,{'bins': 5},38,2,2,ok,76,114,0.009200475178658962,0.23409968800842762,0.2487656520679593,5,7,10,0,,
2026-05-15T23:01:15.102476,clean,naive,{'bins': 5},38,3,2,ok,114,152,0.009385524317622185,0.19310462661087513,0.20787663105875254,5,7,10,0,,
2026-05-15T23:01:15.292534,clean,naive,{'bins': 5},38,4,2,ok,152,190,0.009243135340511799,0.16309218760579824,0.17978278547525406,5,7,10,0,,
2026-05-15T23:01:15.535897,clean,naive,{'bins': 5},39,0,2,ok,0,39,0.009380695410072803,0.2150964643806219,0.22994709573686123,5,7,10,0,,
2026-05-15T23:01:15.753170,clean,naive,{'bins': 5},39,1,2,ok,39,78,0.00938181672245264,0.18873769231140614,0.20384466461837292,5,7,10,0,,
2026-05-15T23:01:15.972913,clean,naive,{'bins': 5},39,2,2,ok,78,117,0.010153265669941902,0.19320767931640148,0.20911361277103424,5,7,10,0,,
2026-05-15T23:01:16.220802,clean,naive,{'bins': 5},39,3,2,ok,117,156,0.009775827638804913,0.2214427888393402,0.23679770715534687,5,7,10,0,,
2026-05-15T23:01:16.449318,clean,naive,{'bins': 5},39,4,2,ok,156,195,0.009771337732672691,0.20192145183682442,0.21729203034192324,5,7,10,0,,
2026-05-15T23:01:16.697896,clean,naive,{'bins': 5},40,0,2,ok,0,40,0.009904609061777592,0.2192788328975439,0.23509470745921135,5,7,10,0,,
2026-05-15T23:01:16.920080,clean,naive,{'bins': 5},40,1,2,ok,40,80,0.010608121752738953,0.19416882656514645,0.21111153904348612,5,7,10,0,,
2026-05-15T23:01:17.134415,clean,naive,{'bins': 5},40,2,2,ok,80,120,0.009665179066359997,0.18705754540860653,0.20285472553223372,5,7,10,0,,
2026-05-15T23:01:17.392545,clean,naive,{'bins': 5},40,3,2,ok,120,160,0.010450615547597408,0.2297155000269413,0.24640334397554398,5,7,10,0,,
2026-05-15T23:01:17.621292,clean,naive,{'bins': 5},40,4,2,ok,160,200,0.010434504598379135,0.19730466790497303,0.21774892788380384,5,7,10,0,,
2026-05-15T23:01:17.880949,clean,naive,{'bins': 5},41,0,2,ok,0,41,0.010271286591887474,0.22919667698442936,0.24578265845775604,5,7,10,0,,
2026-05-15T23:01:18.115607,clean,naive,{'bins': 5},41,1,2,ok,41,82,0.010606667958199978,0.20646019838750362,0.22314888425171375,5,7,10,0,,
2026-05-15T23:01:18.334244,clean,naive,{'bins': 5},41,2,2,ok,82,123,0.010347741656005383,0.19129435438662767,0.20791760738939047,5,7,10,0,,
2026-05-15T23:01:18.597900,clean,naive,{'bins': 5},41,3,2,ok,123,164,0.010085368528962135,0.23578757885843515,0.251877679489553,5,7,10,0,,
2026-05-15T23:01:18.828905,clean,naive,{'bins': 5},41,4,2,ok,164,205,0.010005178861320019,0.2024717452004552,0.21863145660609007,5,7,10,0,,
2026-05-15T23:01:19.159912,clean,naive,{'bins': 5},42,0,2,ok,0,42,0.010670977644622326,0.3000326016917825,0.3169163139536977,5,7,10,0,,
2026-05-15T23:01:19.397904,clean,naive,{'bins': 5},42,1,2,ok,42,84,0.010652994737029076,0.20951824355870485,0.22632777597755194,5,7,10,0,,
2026-05-15T23:01:19.620019,clean,naive,{'bins': 5},42,2,2,ok,84,126,0.010456966236233711,0.19433302525430918,0.2111288607120514,5,7,10,0,,
2026-05-15T23:01:19.878254,clean,naive,{'bins': 5},42,3,2,ok,126,168,0.01054270751774311,0.22921275720000267,0.24612298794090748,5,7,10,0,,
2026-05-15T23:01:20.120464,clean,naive,{'bins': 5},42,4,2,ok,168,210,0.010757630690932274,0.2137509686872363,0.23069789726287127,5,7,10,0,,
2026-05-15T23:01:20.460122,clean,naive,{'bins': 5},43,0,2,ok,0,43,0.012242131866514683,0.26642473973333836,0.30778834503144026,5,7,10,0,,
2026-05-15T23:01:20.701534,clean,naive,{'bins': 5},43,1,2,ok,43,86,0.011304889805614948,0.20776676386594772,0.22827559616416693,5,7,10,0,,
2026-05-15T23:01:20.941139,clean,naive,{'bins': 5},43,2,2,ok,86,129,0.011281115002930164,0.20469272695481777,0.22493290435522795,5,7,10,0,,
2026-05-15T23:01:21.204325,clean,naive,{'bins': 5},43,3,2,ok,129,172,0.013382773846387863,0.22683305572718382,0.24988784175366163,5,7,10,0,,
2026-05-15T23:01:21.442913,clean,naive,{'bins': 5},43,4,2,ok,172,215,0.011121134273707867,0.20451966300606728,0.22219219524413347,5,7,10,0,,
2026-05-15T23:01:21.731452,clean,naive,{'bins': 5},44,0,2,ok,0,44,0.011972003616392612,0.2532058544456959,0.2734275981783867,5,7,10,0,,
2026-05-15T23:01:21.985828,clean,naive,{'bins': 5},44,1,2,ok,44,88,0.011385089717805386,0.22260185610502958,0.24159153457731009,5,7,10,0,,
2026-05-15T23:01:22.224038,clean,naive,{'bins': 5},44,2,2,ok,88,132,0.011303037405014038,0.20624061673879623,0.22413938585668802,5,7,10,0,,
2026-05-15T23:01:22.486155,clean,naive,{'bins': 5},44,3,2,ok,132,176,0.011887946166098118,0.22928082291036844,0.24853719305247068,5,10,14,0,,
2026-05-15T23:01:22.741816,clean,naive,{'bins': 5},44,4,2,ok,176,220,0.011570507660508156,0.22380794119089842,0.24243761226534843,5,7,10,0,,
2026-05-15T23:01:23.039809,clean,naive,{'bins': 5},45,0,2,ok,0,45,0.012424904853105545,0.2601968590170145,0.28257273975759745,5,7,10,0,,
2026-05-15T23:01:23.304042,clean,naive,{'bins': 5},45,1,2,ok,45,90,0.011831599287688732,0.22889036033302546,0.2506348639726639,5,7,10,0,,
2026-05-15T23:01:23.567998,clean,naive,{'bins': 5},45,2,2,ok,90,135,0.013267537578940392,0.2238923404365778,0.25043153297156096,5,7,10,0,,
2026-05-15T23:01:23.838845,clean,naive,{'bins': 5},45,3,2,ok,135,180,0.011343752965331078,0.23815907537937164,0.2572991857305169,5,7,10,0,,
2026-05-15T23:01:24.107310,clean,naive,{'bins': 5},45,4,2,ok,180,225,0.011278579942882061,0.23672775644809008,0.25512536149472,5,7,10,0,,
2026-05-15T23:01:24.408661,clean,naive,{'bins': 5},46,0,2,ok,0,46,0.011715570464730263,0.2632149001583457,0.2832888634875417,5,7,10,0,,
2026-05-15T23:01:24.740929,clean,naive,{'bins': 5},46,1,2,ok,46,92,0.012246939353644848,0.29879612009972334,0.318529075011611,5,7,10,0,,
2026-05-15T23:01:24.993703,clean,naive,{'bins': 5},46,2,2,ok,92,138,0.011483696289360523,0.22146084252744913,0.239400046877563,5,7,10,0,,
2026-05-15T23:01:25.262383,clean,naive,{'bins': 5},46,3,2,ok,138,184,0.012319126166403294,0.23344942647963762,0.255220920778811,5,7,10,0,,
2026-05-15T23:01:25.564968,clean,naive,{'bins': 5},46,4,2,ok,184,230,0.011318464763462543,0.27053891122341156,0.28858605679124594,5,7,10,0,,
2026-05-15T23:01:25.868978,clean,naive,{'bins': 5},47,0,2,ok,0,47,0.012006697244942188,0.26883194223046303,0.2883114693686366,5,7,10,0,,
2026-05-15T23:01:26.131144,clean,naive,{'bins': 5},47,1,2,ok,47,94,0.011644938960671425,0.23012566100805998,0.2488513831049204,5,7,10,0,,
2026-05-15T23:01:26.407734,clean,naive,{'bins': 5},47,2,2,ok,94,141,0.01229847688227892,0.244480992667377,0.26364357490092516,5,7,10,0,,
2026-05-15T23:01:26.676183,clean,naive,{'bins': 5},47,3,2,ok,141,188,0.011666469275951385,0.23543660901486874,0.25431457720696926,5,7,10,0,,
2026-05-15T23:01:26.994489,clean,naive,{'bins': 5},47,4,2,ok,188,235,0.012007621116936207,0.28603147622197866,0.3049529269337654,5,7,10,0,,
2026-05-15T23:01:27.322893,clean,naive,{'bins': 5},48,0,2,ok,0,48,0.011627164669334888,0.29227526765316725,0.3115180218592286,5,7,10,0,,
2026-05-15T23:01:27.591822,clean,naive,{'bins': 5},48,1,2,ok,48,96,0.012526975944638252,0.2352631939575076,0.25521613098680973,5,7,10,0,,
2026-05-15T23:01:27.886761,clean,naive,{'bins': 5},48,2,2,ok,96,144,0.012423161417245865,0.261749517172575,0.28144571371376514,5,7,10,0,,
2026-05-15T23:01:28.177187,clean,naive,{'bins': 5},48,3,2,ok,144,192,0.012011967599391937,0.25644897762686014,0.276236854493618,5,7,10,0,,
2026-05-15T23:01:28.501304,clean,naive,{'bins': 5},48,4,2,ok,192,240,0.011924663558602333,0.29125532135367393,0.31043907441198826,5,7,10,0,,
2026-05-15T23:01:28.845440,clean,naive,{'bins': 5},49,0,2,ok,0,49,0.012556101195514202,0.30410075653344393,0.3277179393917322,5,7,10,0,,
2026-05-15T23:01:29.124749,clean,naive,{'bins': 5},49,1,2,ok,49,98,0.012134869582951069,0.24412315990775824,0.26390530727803707,5,7,10,0,,
2026-05-15T23:01:29.435574,clean,naive,{'bins': 5},49,2,2,ok,98,147,0.01296184305101633,0.26988795679062605,0.29089020658284426,5,7,10,0,,
2026-05-15T23:01:29.844867,clean,naive,{'bins': 5},49,3,2,ok,147,196,0.1076092878356576,0.27638524398207664,0.3933864673599601,5,7,10,0,,
2026-05-15T23:01:30.162808,clean,naive,{'bins': 5},49,4,2,ok,196,245,0.01256948709487915,0.2815915560349822,0.3033160427585244,5,7,10,0,,
2026-05-15T23:01:30.549501,clean,naive,{'bins': 5},50,0,2,ok,0,50,0.012889527715742588,0.34531932789832354,0.3676286833360791,5,7,10,0,,
2026-05-15T23:01:30.916265,clean,naive,{'bins': 5},50,1,2,ok,50,100,0.026866106316447258,0.2919381046667695,0.3508798750117421,5,7,10,0,,
2026-05-15T23:01:31.220951,clean,naive,{'bins': 5},50,2,2,ok,100,150,0.013322360813617706,0.265420232899487,0.28930383548140526,5,7,10,0,,
2026-05-15T23:01:31.545696,clean,naive,{'bins': 5},50,3,2,ok,150,200,0.014154563657939434,0.2763305511325598,0.30452145729213953,5,7,10,0,,
2026-05-15T23:01:31.914196,clean,naive,{'bins': 5},50,4,2,ok,200,250,0.014622093178331852,0.32224167976528406,0.35169051866978407,5,7,10,0,,
2026-05-15T23:01:32.319071,clean,naive,{'bins': 5},51,0,2,ok,0,51,0.021522277034819126,0.340460067614913,0.37364726047962904,5,7,10,0,,
2026-05-15T23:01:32.625579,clean,naive,{'bins': 5},51,1,2,ok,51,102,0.014745763503015041,0.2579763773828745,0.2877808837220073,5,7,10,0,,
2026-05-15T23:01:32.942508,clean,naive,{'bins': 5},51,2,2,ok,102,153,0.014044848270714283,0.27941909432411194,0.30164926033467054,5,7,10,0,,
2026-05-15T23:01:33.270791,clean,naive,{'bins': 5},51,3,2,ok,153,204,0.013577098958194256,0.292044504545629,0.3130865478888154,5,7,10,0,,
2026-05-15T23:01:33.688223,clean,naive,{'bins': 5},51,4,2,ok,204,255,0.012853809632360935,0.3803975833579898,0.4023372530937195,5,7,10,0,,
2026-05-15T23:01:34.060823,clean,naive,{'bins': 5},52,0,2,ok,0,52,0.012651420198380947,0.3337631355971098,0.3544139554724097,5,7,10,0,,
2026-05-15T23:01:34.359469,clean,naive,{'bins': 5},52,1,2,ok,52,104,0.013785991817712784,0.26088234689086676,0.2835421906784177,5,7,10,0,,
2026-05-15T23:01:34.684193,clean,naive,{'bins': 5},52,2,2,ok,104,156,0.012996566481888294,0.2884107166901231,0.3099065823480487,5,7,10,0,,
2026-05-15T23:01:35.019683,clean,naive,{'bins': 5},52,3,2,ok,156,208,0.013103468343615532,0.29920404590666294,0.32006249483674765,5,6,9,0,,
2026-05-15T23:01:35.349040,clean,naive,{'bins': 5},52,4,2,ok,208,260,0.012872394174337387,0.2924599451944232,0.31445572152733803,5,7,10,0,,
2026-05-15T23:01:35.726677,clean,naive,{'bins': 5},53,0,2,ok,0,53,0.013545389287173748,0.3355918610468507,0.3582874024286866,5,7,10,0,,
2026-05-15T23:01:36.046095,clean,naive,{'bins': 5},53,1,2,ok,53,106,0.014467831701040268,0.27633958868682384,0.30405345652252436,5,7,10,0,,
2026-05-15T23:01:36.379972,clean,naive,{'bins': 5},53,2,2,ok,106,159,0.01332460530102253,0.29720412753522396,0.318776648491621,5,7,10,0,,
2026-05-15T23:01:36.706644,clean,naive,{'bins': 5},53,3,2,ok,159,212,0.013551541604101658,0.2894587656483054,0.3112566703930497,5,7,10,0,,
2026-05-15T23:01:37.030558,clean,naive,{'bins': 5},53,4,2,ok,212,265,0.013704437762498856,0.2863193675875664,0.30842042062431574,5,5,8,0,,
2026-05-15T23:01:37.410850,clean,naive,{'bins': 5},54,0,2,ok,0,54,0.013759011402726173,0.33996950555592775,0.3622371628880501,5,7,10,0,,
2026-05-15T23:01:37.724788,clean,naive,{'bins': 5},54,1,2,ok,54,108,0.013041100464761257,0.2756291627883911,0.29730106983333826,5,7,10,0,,
2026-05-15T23:01:38.064742,clean,naive,{'bins': 5},54,2,2,ok,108,162,0.013556169345974922,0.30245369020849466,0.3244987288489938,5,7,10,0,,
2026-05-15T23:01:38.380413,clean,naive,{'bins': 5},54,3,2,ok,162,216,0.013393502682447433,0.27839413844048977,0.3002665722742677,5,7,10,0,,
2026-05-15T23:01:38.723388,clean,naive,{'bins': 5},54,4,2,ok,216,270,0.013624588027596474,0.30427166633307934,0.32673007156699896,5,5,8,0,,
2026-05-15T23:01:39.185272,clean,naive,{'bins': 5},55,0,2,ok,0,55,0.013808513060212135,0.42076606675982475,0.443463820964098,5,7,10,0,,
2026-05-15T23:01:39.499175,clean,naive,{'bins': 5},55,1,2,ok,55,110,0.013517557643353939,0.2764486540108919,0.29844134394079447,5,7,10,0,,
2026-05-15T23:01:39.853111,clean,naive,{'bins': 5},55,2,2,ok,110,165,0.01313437707722187,0.3163645463064313,0.3382872948423028,5,7,10,0,,
2026-05-15T23:01:40.172871,clean,naive,{'bins': 5},55,3,2,ok,165,220,0.013314515352249146,0.28194929752498865,0.303986931219697,5,7,10,0,,
2026-05-15T23:01:40.556939,clean,naive,{'bins': 5},55,4,2,ok,220,275,0.013805988244712353,0.34399922750890255,0.36633768677711487,5,5,8,0,,
2026-05-15T23:01:40.947796,clean,naive,{'bins': 5},56,0,2,ok,0,56,0.01418397855013609,0.3487635487690568,0.3717968128621578,5,7,10,0,,
2026-05-15T23:01:41.361236,clean,naive,{'bins': 5},56,1,2,ok,56,112,0.014154354110360146,0.37395959720015526,0.3970118584111333,5,7,10,0,,
2026-05-15T23:01:41.691700,clean,naive,{'bins': 5},56,2,2,ok,112,168,0.013894113712012768,0.29139418341219425,0.3141049211844802,5,7,10,0,,
2026-05-15T23:01:42.036963,clean,naive,{'bins': 5},56,3,2,ok,168,224,0.014127152040600777,0.3060973370447755,0.32889512926340103,5,7,10,0,,
2026-05-15T23:01:42.427854,clean,naive,{'bins': 5},56,4,2,ok,224,280,0.014175822958350182,0.35083429142832756,0.37408111710101366,5,5,8,0,,
2026-05-15T23:01:42.834457,clean,naive,{'bins': 5},57,0,2,ok,0,57,0.013780090026557446,0.3644605204463005,0.387582141906023,5,7,10,0,,
2026-05-15T23:01:43.247665,clean,naive,{'bins': 5},57,1,2,ok,57,114,0.013818271458148956,0.37233918998390436,0.39666979294270277,5,7,10,0,,
2026-05-15T23:01:43.663082,clean,naive,{'bins': 5},57,2,2,ok,114,171,0.07900936342775822,0.310669606551528,0.39857693761587143,5,6,9,0,,
2026-05-15T23:01:44.038160,clean,naive,{'bins': 5},57,3,2,ok,171,228,0.013755804859101772,0.33593650814145803,0.3583200126886368,5,7,10,0,,
2026-05-15T23:01:44.444261,clean,naive,{'bins': 5},57,4,2,ok,228,285,0.013847999274730682,0.364370821043849,0.387559087947011,5,5,8,0,,
2026-05-15T23:01:44.855694,clean,naive,{'bins': 5},58,0,2,ok,0,58,0.01442534290254116,0.3669310016557574,0.390578530728817,5,7,10,0,,
2026-05-15T23:01:45.289175,clean,naive,{'bins': 5},58,1,2,ok,58,116,0.014476589858531952,0.39322753716260195,0.41695978585630655,5,7,10,0,,
2026-05-15T23:01:45.644706,clean,naive,{'bins': 5},58,2,2,ok,116,174,0.01429461594671011,0.3147616861388087,0.33855462819337845,5,7,10,0,,
2026-05-15T23:01:46.025474,clean,naive,{'bins': 5},58,3,2,ok,174,232,0.01419554091989994,0.3405180675908923,0.3637056825682521,5,7,10,0,,
2026-05-15T23:01:46.448912,clean,naive,{'bins': 5},58,4,2,ok,232,290,0.014418459497392178,0.3822797294706106,0.4058430101722479,5,7,10,0,,
2026-05-15T23:01:46.867161,clean,naive,{'bins': 5},59,0,2,ok,0,59,0.014199516735970974,0.3744612690061331,0.39857510291039944,5,7,10,0,,
2026-05-15T23:01:47.209352,clean,naive,{'bins': 5},59,1,2,ok,59,118,0.014046180061995983,0.3013344882056117,0.32597397081553936,5,7,10,0,,
2026-05-15T23:01:47.622386,clean,naive,{'bins': 5},59,2,2,ok,118,177,0.014132332056760788,0.3710035737603903,0.39505154453217983,5,7,10,0,,
2026-05-15T23:01:48.105159,clean,naive,{'bins': 5},59,3,2,ok,177,236,0.014390766620635986,0.43688976019620895,0.4651372507214546,5,7,10,0,,
2026-05-15T23:01:48.525971,clean,naive,{'bins': 5},59,4,2,ok,236,295,0.0144951231777668,0.3792501073330641,0.403371405787766,5,7,10,0,,
2026-05-15T23:01:48.945909,clean,naive,{'bins': 5},60,0,2,ok,0,60,0.014214555732905865,0.3758436357602477,0.39993960689753294,5,7,10,0,,
2026-05-15T23:01:49.308574,clean,naive,{'bins': 5},60,1,2,ok,60,120,0.014648712240159512,0.3203648617491126,0.3447771184146404,5,7,10,0,,
2026-05-15T23:01:49.727411,clean,naive,{'bins': 5},60,2,2,ok,120,180,0.015140736475586891,0.37305764108896255,0.39795997831970453,5,7,10,0,,
2026-05-15T23:01:50.140201,clean,naive,{'bins': 5},60,3,2,ok,180,240,0.014885377138853073,0.3700839839875698,0.39474557898938656,5,7,10,0,,
2026-05-15T23:01:50.569704,clean,naive,{'bins': 5},60,4,2,ok,240,300,0.01505091693252325,0.3864558646455407,0.4110414758324623,5,7,10,0,,
2026-05-15T23:01:51.000064,clean,naive,{'bins': 5},61,0,2,ok,0,61,0.01492298673838377,0.38496257830411196,0.4098528428003192,5,7,10,0,,
2026-05-15T23:01:51.371966,clean,naive,{'bins': 5},61,1,2,ok,61,122,0.015190311707556248,0.32962667290121317,0.35465814359486103,5,7,10,0,,
2026-05-15T23:01:51.794129,clean,naive,{'bins': 5},61,2,2,ok,122,183,0.014549334533512592,0.37898096069693565,0.40335289016366005,5,7,10,0,,
2026-05-15T23:01:52.223669,clean,naive,{'bins': 5},61,3,2,ok,183,244,0.01495588943362236,0.3865117495879531,0.41134507674723864,5,7,10,0,,
2026-05-15T23:01:52.639430,clean,naive,{'bins': 5},61,4,2,ok,244,305,0.015119275078177452,0.37168463226407766,0.3968668142333627,5,7,10,0,,
2026-05-15T23:01:53.144258,clean,naive,{'bins': 5},62,0,2,ok,0,62,0.014999200589954853,0.45676120463758707,0.4824807960540056,5,7,10,0,,
2026-05-15T23:01:53.538479,clean,naive,{'bins': 5},62,1,2,ok,62,124,0.014817708171904087,0.3513716086745262,0.3761898558586836,5,7,10,0,,
2026-05-15T23:01:53.963983,clean,naive,{'bins': 5},62,2,2,ok,124,186,0.01481193769723177,0.3809748962521553,0.4065074771642685,5,7,10,0,,
2026-05-15T23:01:54.424434,clean,naive,{'bins': 5},62,3,2,ok,186,248,0.015021242201328278,0.41590234730392694,0.4412490101531148,5,7,10,0,,
2026-05-15T23:01:54.864641,clean,naive,{'bins': 5},62,4,2,ok,248,310,0.015399603173136711,0.3896940890699625,0.4204842271283269,5,7,10,0,,
2026-05-15T23:01:55.308475,clean,naive,{'bins': 5},63,0,2,ok,0,63,0.014967510476708412,0.397692134603858,0.4229390397667885,5,7,10,0,,
2026-05-15T23:01:55.711940,clean,naive,{'bins': 5},63,1,2,ok,63,126,0.015197653323411942,0.358571975491941,0.38418950513005257,5,7,10,0,,
2026-05-15T23:01:56.144698,clean,naive,{'bins': 5},63,2,2,ok,126,189,0.016021952033042908,0.3866854449734092,0.4128942657262087,5,7,10,0,,
2026-05-15T23:01:56.637121,clean,naive,{'bins': 5},63,3,2,ok,189,252,0.01564985141158104,0.44671152252703905,0.47286905627697706,5,7,10,0,,
2026-05-15T23:01:57.075225,clean,naive,{'bins': 5},63,4,2,ok,252,315,0.015845530666410923,0.3921660929918289,0.41792209446430206,5,7,10,0,,
2026-05-15T23:01:57.537834,clean,naive,{'bins': 5},64,0,2,ok,0,64,0.015614576637744904,0.4146764259785414,0.44100078381597996,5,7,10,0,,
2026-05-15T23:01:58.004935,clean,naive,{'bins': 5},64,1,2,ok,64,128,0.016009570099413395,0.42156048864126205,0.4485489558428526,5,7,10,0,,
2026-05-15T23:01:58.459177,clean,naive,{'bins': 5},64,2,2,ok,128,192,0.015453062951564789,0.4087369665503502,0.4347688350826502,5,7,10,0,,
2026-05-15T23:01:58.946258,clean,naive,{'bins': 5},64,3,2,ok,192,256,0.015526550821959972,0.44072067737579346,0.46732187550514936,5,7,10,0,,
2026-05-15T23:01:59.431280,clean,naive,{'bins': 5},64,4,2,ok,256,320,0.015486424788832664,0.43860980216413736,0.4649096932262182,5,7,10,0,,
2026-05-15T23:01:59.894716,clean,naive,{'bins': 5},65,0,2,ok,0,65,0.015564873814582825,0.4151819944381714,0.44189122691750526,5,7,10,0,,
2026-05-15T23:02:00.314266,clean,naive,{'bins': 5},65,1,2,ok,65,130,0.015500261448323727,0.3743651481345296,0.40098746586591005,5,7,10,0,,
2026-05-15T23:02:00.778841,clean,naive,{'bins': 5},65,2,2,ok,130,195,0.01537917461246252,0.41807029116898775,0.44426520727574825,5,7,10,0,,
2026-05-15T23:02:01.260956,clean,naive,{'bins': 5},65,3,2,ok,195,260,0.015605930238962173,0.43444456439465284,0.462038847617805,5,7,10,0,,
2026-05-15T23:02:01.760989,clean,naive,{'bins': 5},65,4,2,ok,260,325,0.015723311342298985,0.4525294443592429,0.4791939416900277,5,7,10,0,,
2026-05-15T23:02:02.340215,clean,naive,{'bins': 5},66,0,2,ok,0,66,0.04241654183715582,0.49345574527978897,0.5567520260810852,5,7,10,0,,
2026-05-15T23:02:02.769767,clean,naive,{'bins': 5},66,1,2,ok,66,132,0.01622636616230011,0.3831168208271265,0.4106384590268135,5,7,10,0,,
2026-05-15T23:02:03.251485,clean,naive,{'bins': 5},66,2,2,ok,132,198,0.015997957438230515,0.4297208907082677,0.46045877132564783,5,7,10,0,,
2026-05-15T23:02:03.704027,clean,naive,{'bins': 5},66,3,2,ok,198,264,0.016721175983548164,0.4041711473837495,0.4323800466954708,5,5,8,0,,
2026-05-15T23:02:04.234654,clean,naive,{'bins': 5},66,4,2,ok,264,330,0.01575545035302639,0.4859057702124119,0.5095056788995862,5,7,10,0,,
2026-05-15T23:02:04.710489,clean,naive,{'bins': 5},67,0,2,ok,0,67,0.01671345066279173,0.42429234087467194,0.4522533742710948,5,7,10,0,,
2026-05-15T23:02:05.163839,clean,naive,{'bins': 5},67,1,2,ok,67,134,0.01631444226950407,0.4088334571570158,0.4331930745393038,5,7,10,0,,
2026-05-15T23:02:05.645977,clean,naive,{'bins': 5},67,2,2,ok,134,201,0.016755560413002968,0.43315331917256117,0.461378769017756,5,7,10,0,,
2026-05-15T23:02:06.105025,clean,naive,{'bins': 5},67,3,2,ok,201,268,0.016476696357131004,0.4098304295912385,0.4378612646833062,5,5,8,0,,
2026-05-15T23:02:06.720423,clean,naive,{'bins': 5},67,4,2,ok,268,335,0.016439015045762062,0.5622904719784856,0.5899287881329656,5,7,10,0,,
2026-05-15T23:02:07.232965,clean,naive,{'bins': 5},68,0,2,ok,0,68,0.016984719783067703,0.4610682064667344,0.48971930518746376,5,7,10,0,,
2026-05-15T23:02:07.681282,clean,naive,{'bins': 5},68,1,2,ok,68,136,0.016621148213744164,0.40369454212486744,0.4284678865224123,5,7,10,0,,
2026-05-15T23:02:08.174367,clean,naive,{'bins': 5},68,2,2,ok,136,204,0.01727772131562233,0.44126421865075827,0.4719156762585044,5,7,10,0,,
2026-05-15T23:02:08.624826,clean,naive,{'bins': 5},68,3,2,ok,204,272,0.01655454281717539,0.4040572727099061,0.4292568787932396,5,5,8,0,,
2026-05-15T23:02:09.184975,clean,naive,{'bins': 5},68,4,2,ok,272,340,0.017105386592447758,0.5100306766107678,0.5388846369460225,5,7,10,0,,
2026-05-15T23:02:09.672400,clean,naive,{'bins': 5},69,0,2,ok,0,69,0.01660432666540146,0.43679723516106606,0.46509997081011534,5,7,10,0,,
2026-05-15T23:02:10.151878,clean,naive,{'bins': 5},69,1,2,ok,69,138,0.016578298062086105,0.42880189418792725,0.4575344966724515,5,7,10,0,,
2026-05-15T23:02:10.722619,clean,naive,{'bins': 5},69,2,2,ok,138,207,0.017178664915263653,0.5224840538576245,0.5486426400020719,5,7,10,0,,
2026-05-15T23:02:11.182997,clean,naive,{'bins': 5},69,3,2,ok,207,276,0.01694261096417904,0.40896974317729473,0.43734068516641855,5,5,8,0,,
2026-05-15T23:02:11.714049,clean,naive,{'bins': 5},69,4,2,ok,276,345,0.01756988000124693,0.4795123292133212,0.5090767936781049,5,7,10,0,,
2026-05-15T23:02:12.208838,clean,naive,{'bins': 5},70,0,2,ok,0,70,0.01767659094184637,0.4420401658862829,0.47154475934803486,5,7,10,0,,
2026-05-15T23:02:12.689668,clean,naive,{'bins': 5},70,1,2,ok,70,140,0.017578426748514175,0.43082905281335115,0.4599585812538862,5,7,10,0,,
2026-05-15T23:02:13.206667,clean,naive,{'bins': 5},70,2,2,ok,140,210,0.01754608564078808,0.46348284278064966,0.4929067436605692,5,7,10,0,,
2026-05-15T23:02:13.696193,clean,naive,{'bins': 5},70,3,2,ok,210,280,0.017778021283447742,0.435801743529737,0.4664997300133109,5,5,8,0,,
2026-05-15T23:02:14.198329,clean,naive,{'bins': 5},70,4,2,ok,280,350,0.01738069485872984,0.44957262743264437,0.47869858890771866,5,7,10,0,,
2026-05-15T23:02:14.704538,clean,naive,{'bins': 5},71,0,2,ok,0,71,0.01832015998661518,0.4510087165981531,0.48161560017615557,5,7,10,0,,
2026-05-15T23:02:15.287159,clean,naive,{'bins': 5},71,1,2,ok,71,142,0.017524875700473785,0.530625069513917,0.56006361823529,5,7,10,0,,
2026-05-15T23:02:15.786407,clean,naive,{'bins': 5},71,2,2,ok,142,213,0.018133037723600864,0.44346799701452255,0.4735153503715992,5,5,8,0,,
2026-05-15T23:02:16.291999,clean,naive,{'bins': 5},71,3,2,ok,213,284,0.018650660291314125,0.45102330297231674,0.4826268991455436,5,5,8,0,,
2026-05-15T23:02:16.746068,clean,naive,{'bins': 5},71,4,2,ok,284,355,0.018017200753092766,0.40289679262787104,0.4329101322218776,5,7,10,0,,
2026-05-15T23:02:17.259685,clean,naive,{'bins': 5},72,0,2,ok,0,72,0.017634302377700806,0.46006150357425213,0.48977236542850733,5,7,10,0,,
2026-05-15T23:02:17.785285,clean,naive,{'bins': 5},72,1,2,ok,72,144,0.01782122254371643,0.47392252646386623,0.5041405102238059,5,7,10,0,,
2026-05-15T23:02:18.285798,clean,naive,{'bins': 5},72,2,2,ok,144,216,0.017741302028298378,0.4439118914306164,0.4756480362266302,5,5,8,0,,
2026-05-15T23:02:18.857371,clean,naive,{'bins': 5},72,3,2,ok,216,288,0.01799554005265236,0.5178094701841474,0.548252928070724,5,7,10,0,,
2026-05-15T23:02:19.415006,clean,naive,{'bins': 5},72,4,2,ok,288,360,0.018144190311431885,0.5056296279653907,0.5362633634358644,5,7,10,0,,
2026-05-15T23:02:19.963393,clean,naive,{'bins': 5},73,0,2,ok,0,73,0.017882999032735825,0.4881110033020377,0.5193733684718609,5,7,10,0,,
2026-05-15T23:02:20.481730,clean,naive,{'bins': 5},73,1,2,ok,73,146,0.019036123529076576,0.46278663352131844,0.4972983840852976,5,7,10,0,,
2026-05-15T23:02:20.978577,clean,naive,{'bins': 5},73,2,2,ok,146,219,0.017730901949107647,0.44241859670728445,0.4727362170815468,5,5,8,0,,
2026-05-15T23:02:21.555950,clean,naive,{'bins': 5},73,3,2,ok,219,292,0.017851700074970722,0.5233001857995987,0.5535811176523566,5,7,10,0,,
2026-05-15T23:02:22.084305,clean,naive,{'bins': 5},73,4,2,ok,292,365,0.020633275620639324,0.47107389383018017,0.5052262786775827,5,7,10,0,,
2026-05-15T23:02:22.637824,clean,naive,{'bins': 5},74,0,2,ok,0,74,0.018466925248503685,0.49593260791152716,0.5273103704676032,5,7,10,0,,
2026-05-15T23:02:23.171288,clean,naive,{'bins': 5},74,1,2,ok,74,148,0.01833692193031311,0.47905140183866024,0.5111402198672295,5,7,10,0,,
2026-05-15T23:02:23.667232,clean,naive,{'bins': 5},74,2,2,ok,148,222,0.017966967076063156,0.44370119646191597,0.47155237291008234,5,5,8,0,,
2026-05-15T23:02:24.321112,clean,naive,{'bins': 5},74,3,2,ok,222,296,0.01820189692080021,0.5993972169235349,0.6300340369343758,5,7,10,0,,
2026-05-15T23:02:24.866737,clean,naive,{'bins': 5},74,4,2,ok,296,370,0.018195535987615585,0.4920007409527898,0.5228718919679523,5,7,10,0,,
2026-05-15T23:02:25.429581,clean,naive,{'bins': 5},75,0,2,ok,0,75,0.017957198433578014,0.5066650621592999,0.5377480005845428,5,7,10,0,,
2026-05-15T23:02:25.963542,clean,naive,{'bins': 5},75,1,2,ok,75,150,0.01786962430924177,0.48044594191014767,0.5114215491339564,5,7,10,0,,
2026-05-15T23:02:26.488348,clean,naive,{'bins': 5},75,2,2,ok,150,225,0.01784819457679987,0.46778716892004013,0.4987883744761348,5,5,8,0,,
2026-05-15T23:02:27.089302,clean,naive,{'bins': 5},75,3,2,ok,225,300,0.01873124297708273,0.5445272568613291,0.5760811809450388,5,7,10,0,,
2026-05-15T23:02:27.648208,clean,naive,{'bins': 5},75,4,2,ok,300,375,0.01863335818052292,0.5025580460205674,0.5346815194934607,5,7,10,0,,
2026-05-15T23:02:28.229826,clean,naive,{'bins': 5},76,0,2,ok,0,76,0.020130722783505917,0.5126978866755962,0.5470588840544224,5,7,10,0,,
2026-05-15T23:02:28.834663,clean,naive,{'bins': 5},76,1,2,ok,76,152,0.018608962185680866,0.4834464890882373,0.5817807093262672,5,7,10,0,,
2026-05-15T23:02:29.366850,clean,naive,{'bins': 5},76,2,2,ok,152,228,0.018723797984421253,0.47464318946003914,0.5065866345539689,5,5,8,0,,
2026-05-15T23:02:29.956068,clean,naive,{'bins': 5},76,3,2,ok,228,304,0.018113622441887856,0.533580650575459,0.5651739789173007,5,7,10,0,,
2026-05-15T23:02:30.549351,clean,naive,{'bins': 5},76,4,2,ok,304,380,0.018302997574210167,0.537542044185102,0.5688060829415917,5,7,10,0,,
2026-05-15T23:02:31.134665,clean,naive,{'bins': 5},77,0,2,ok,0,77,0.018336650915443897,0.5260341735556722,0.5577784040942788,5,7,10,0,,
2026-05-15T23:02:31.704069,clean,naive,{'bins': 5},77,1,2,ok,77,154,0.021923229098320007,0.5016493983566761,0.5408768588677049,5,7,10,0,,
2026-05-15T23:02:32.252039,clean,naive,{'bins': 5},77,2,2,ok,154,231,0.020840004086494446,0.4857111945748329,0.5211669681593776,5,5,8,0,,
2026-05-15T23:02:32.935802,clean,naive,{'bins': 5},77,3,2,ok,231,308,0.01908321399241686,0.6237675240263343,0.6578227775171399,5,7,10,0,,
2026-05-15T23:02:33.518322,clean,naive,{'bins': 5},77,4,2,ok,308,385,0.020118960179388523,0.5211417712271214,0.5556140774860978,5,7,10,0,,
2026-05-15T23:02:34.104284,clean,naive,{'bins': 5},78,0,2,ok,0,78,0.019863168708980083,0.5258321315050125,0.5593663770705462,5,7,10,0,,
2026-05-15T23:02:34.671861,clean,naive,{'bins': 5},78,1,2,ok,78,156,0.019688580185174942,0.5077825104817748,0.5421723118051887,5,7,10,0,,
2026-05-15T23:02:35.231816,clean,naive,{'bins': 5},78,2,2,ok,156,234,0.020369349978864193,0.49879821110516787,0.5329870050773025,5,5,8,0,,
2026-05-15T23:02:35.845554,clean,naive,{'bins': 5},78,3,2,ok,234,312,0.01975207030773163,0.553706182166934,0.5872755227610469,5,7,10,0,,
2026-05-15T23:02:36.464418,clean,naive,{'bins': 5},78,4,2,ok,312,390,0.019651731476187706,0.5591689050197601,0.5923792105168104,5,7,10,0,,
2026-05-15T23:02:37.143941,clean,naive,{'bins': 5},79,0,2,ok,0,79,0.01968014519661665,0.6154650347307324,0.6489882683381438,5,7,10,0,,
2026-05-15T23:02:37.699533,clean,naive,{'bins': 5},79,1,2,ok,79,158,0.020157260820269585,0.4973910665139556,0.5315764043480158,5,7,10,0,,
2026-05-15T23:02:38.258377,clean,naive,{'bins': 5},79,2,2,ok,158,237,0.01978283654898405,0.4993435963988304,0.5325645906850696,5,5,8,0,,
2026-05-15T23:02:38.888488,clean,naive,{'bins': 5},79,3,2,ok,237,316,0.019591298885643482,0.5693092169240117,0.6033763522282243,5,7,10,0,,
2026-05-15T23:02:39.542338,clean,naive,{'bins': 5},79,4,2,ok,316,395,0.020689601078629494,0.5881205098703504,0.6270711701363325,5,7,10,0,,
2026-05-15T23:02:40.181041,clean,naive,{'bins': 5},80,0,2,ok,0,80,0.020034930668771267,0.5752537865191698,0.6102515589445829,5,7,10,0,,
2026-05-15T23:02:40.835776,clean,naive,{'bins': 5},80,1,2,ok,80,160,0.020110121928155422,0.5926813678815961,0.6273928536102176,5,7,10,0,,
2026-05-15T23:02:41.433993,clean,naive,{'bins': 5},80,2,2,ok,160,240,0.02111807744950056,0.5326498616486788,0.5723382085561752,5,7,10,0,,
2026-05-15T23:02:42.179107,clean,naive,{'bins': 5},80,3,2,ok,240,320,0.1129202451556921,0.591831891797483,0.7192338248714805,5,7,10,0,,
2026-05-15T23:02:42.860720,clean,naive,{'bins': 5},80,4,2,ok,320,400,0.020077050663530827,0.6194933531805873,0.6538094254210591,5,7,10,0,,
2026-05-15T23:02:43.508086,clean,naive,{'bins': 5},81,0,2,ok,0,81,0.020304227247834206,0.5840611020103097,0.6183768948540092,5,7,10,0,,
2026-05-15T23:02:44.143649,clean,naive,{'bins': 5},81,1,2,ok,81,162,0.019784972071647644,0.5763925956562161,0.6096529047936201,5,7,10,0,,
2026-05-15T23:02:44.746878,clean,naive,{'bins': 5},81,2,2,ok,162,243,0.02000462543219328,0.5425188131630421,0.5759016126394272,5,7,10,0,,
2026-05-15T23:02:45.409171,clean,naive,{'bins': 5},81,3,2,ok,243,324,0.021087788976728916,0.596611843444407,0.6324775675311685,5,7,10,0,,
2026-05-15T23:02:46.173525,clean,naive,{'bins': 5},81,4,2,ok,324,405,0.020298847928643227,0.7004662239924073,0.7345560817047954,5,7,10,0,,
2026-05-15T23:02:46.845286,clean,naive,{'bins': 5},82,0,2,ok,0,82,0.020262748934328556,0.6065934058278799,0.641293159686029,5,7,10,0,,
2026-05-15T23:02:47.503905,clean,naive,{'bins': 5},82,1,2,ok,82,164,0.02079300582408905,0.5962140755727887,0.6313616298139095,5,7,10,0,,
2026-05-15T23:02:48.157026,clean,naive,{'bins': 5},82,2,2,ok,164,246,0.021816187538206577,0.5851945718750358,0.6234364910051227,5,7,10,0,,
2026-05-15T23:02:48.800738,clean,naive,{'bins': 5},82,3,2,ok,246,328,0.022197545506060123,0.5772930663079023,0.6161705497652292,5,7,10,0,,
2026-05-15T23:02:49.495387,clean,naive,{'bins': 5},82,4,2,ok,328,410,0.02030851598829031,0.630816656164825,0.6656734952703118,5,7,10,0,,
2026-05-15T23:02:50.249968,clean,naive,{'bins': 5},83,0,2,ok,0,83,0.020783627405762672,0.6903075883165002,0.7256625927984715,5,7,10,0,,
2026-05-15T23:02:50.887510,clean,naive,{'bins': 5},83,1,2,ok,83,166,0.020043136551976204,0.5730177937075496,0.6092427428811789,5,7,10,0,,
2026-05-15T23:02:51.543134,clean,naive,{'bins': 5},83,2,2,ok,166,249,0.023462239652872086,0.5902852946892381,0.6281210109591484,5,7,10,0,,
2026-05-15T23:02:52.177117,clean,naive,{'bins': 5},83,3,2,ok,249,332,0.02116309106349945,0.5703244833275676,0.6061848578974605,5,7,10,0,,
2026-05-15T23:02:52.892465,clean,naive,{'bins': 5},83,4,2,ok,332,415,0.02063724398612976,0.6529683247208595,0.6875177258625627,5,7,10,0,,
2026-05-15T23:02:53.598678,clean,naive,{'bins': 5},84,0,2,ok,0,84,0.022326886653900146,0.6275946637615561,0.6653856942430139,5,7,10,0,,
2026-05-15T23:02:54.246284,clean,naive,{'bins': 5},84,1,2,ok,84,168,0.02159298863261938,0.5842901933938265,0.6205699648708105,5,7,10,0,,
2026-05-15T23:02:54.991508,clean,naive,{'bins': 5},84,2,2,ok,168,252,0.02132547553628683,0.6810386525467038,0.7172091295942664,5,7,10,0,,
2026-05-15T23:02:55.618976,clean,naive,{'bins': 5},84,3,2,ok,252,336,0.021104461513459682,0.5639807246625423,0.5997982891276479,5,7,10,0,,
2026-05-15T23:02:56.326213,clean,naive,{'bins': 5},84,4,2,ok,336,420,0.020717632956802845,0.6416410645470023,0.6771793123334646,5,7,10,0,,
2026-05-15T23:02:57.023802,clean,naive,{'bins': 5},85,0,2,ok,0,85,0.02149326168000698,0.6282749902456999,0.6669602720066905,5,7,10,0,,
2026-05-15T23:02:57.685853,clean,naive,{'bins': 5},85,1,2,ok,85,170,0.021629747934639454,0.595640055835247,0.6335220793262124,5,7,10,0,,
2026-05-15T23:02:58.360701,clean,naive,{'bins': 5},85,2,2,ok,170,255,0.021479975432157516,0.6105111474171281,0.6467856578528881,5,7,10,0,,
2026-05-15T23:02:59.109926,clean,naive,{'bins': 5},85,3,2,ok,255,340,0.02116567548364401,0.6823801230639219,0.7186600752174854,5,7,10,0,,
2026-05-15T23:02:59.818470,clean,naive,{'bins': 5},85,4,2,ok,340,425,0.021256917156279087,0.640344075858593,0.6762283248826861,5,7,10,0,,
2026-05-15T23:03:00.519711,clean,naive,{'bins': 5},86,0,2,ok,0,86,0.02173715177923441,0.6335009690374136,0.6707377601414919,5,7,10,0,,
2026-05-15T23:03:01.200995,clean,naive,{'bins': 5},86,1,2,ok,86,172,0.021175273694097996,0.6167815374210477,0.6529846452176571,5,7,10,0,,
2026-05-15T23:03:01.852234,clean,naive,{'bins': 5},86,2,2,ok,172,258,0.021268438547849655,0.5870095808058977,0.6231157565489411,5,7,10,0,,
2026-05-15T23:03:02.538027,clean,naive,{'bins': 5},86,3,2,ok,258,344,0.022982560098171234,0.6181865157559514,0.656484710983932,5,7,10,0,,
2026-05-15T23:03:03.274083,clean,naive,{'bins': 5},86,4,2,ok,344,430,0.021441364660859108,0.6699969787150621,0.7064315415918827,5,7,10,0,,
2026-05-15T23:03:04.062906,clean,naive,{'bins': 5},87,0,2,ok,0,87,0.020790813490748405,0.720339241437614,0.7568567516282201,5,7,10,0,,
2026-05-15T23:03:04.732614,clean,naive,{'bins': 5},87,1,2,ok,87,174,0.0224594259634614,0.6028795382007957,0.6400369787588716,5,7,10,0,,
2026-05-15T23:03:05.411870,clean,naive,{'bins': 5},87,2,2,ok,174,261,0.021637543104588985,0.6133860256522894,0.6505492385476828,5,7,10,0,,
2026-05-15T23:03:06.123454,clean,naive,{'bins': 5},87,3,2,ok,261,348,0.02191102597862482,0.6448679957538843,0.6822896441444755,5,7,10,0,,
2026-05-15T23:03:06.892803,clean,naive,{'bins': 5},87,4,2,ok,348,435,0.022090413607656956,0.6946548456326127,0.7318481840193272,5,7,10,0,,
2026-05-15T23:03:07.625913,clean,naive,{'bins': 5},88,0,2,ok,0,88,0.02238425612449646,0.6595810782164335,0.7000590283423662,5,7,10,0,,
2026-05-15T23:03:08.292673,clean,naive,{'bins': 5},88,1,2,ok,88,176,0.022013488225638866,0.6005636164918542,0.637895124964416,5,7,10,0,,
2026-05-15T23:03:08.987551,clean,naive,{'bins': 5},88,2,2,ok,176,264,0.02097493689507246,0.6287478487938643,0.6658678688108921,5,7,10,0,,
2026-05-15T23:03:09.701170,clean,naive,{'bins': 5},88,3,2,ok,264,352,0.02119649574160576,0.6469630710780621,0.6837838506326079,5,7,10,0,,
2026-05-15T23:03:10.539531,clean,naive,{'bins': 5},88,4,2,ok,352,440,0.021316438913345337,0.77072639670223,0.8072794629260898,5,7,10,0,,
2026-05-15T23:03:11.278907,clean,naive,{'bins': 5},89,0,2,ok,0,89,0.022906326688826084,0.6594990026205778,0.6988034686073661,5,7,10,0,,
2026-05-15T23:03:11.979085,clean,naive,{'bins': 5},89,1,2,ok,89,178,0.022074684500694275,0.6332030789926648,0.6707332916557789,5,7,10,0,,
2026-05-15T23:03:12.692803,clean,naive,{'bins': 5},89,2,2,ok,178,267,0.02182573638856411,0.6467577060684562,0.6841759765520692,5,7,10,0,,
2026-05-15T23:03:13.345984,clean,naive,{'bins': 5},89,3,2,ok,267,356,0.02164977602660656,0.586516173556447,0.6238821865990758,5,7,10,0,,
2026-05-15T23:03:14.123711,clean,naive,{'bins': 5},89,4,2,ok,356,445,0.021815886721014977,0.7083097286522388,0.7456146469339728,5,7,10,0,,
2026-05-15T23:03:14.871514,clean,naive,{'bins': 5},90,0,2,ok,0,90,0.023714213632047176,0.665349786169827,0.7066083317622542,5,7,10,0,,
2026-05-15T23:03:15.672413,clean,naive,{'bins': 5},90,1,2,ok,90,180,0.021433399058878422,0.7327582333236933,0.7702710013836622,5,7,10,0,,
2026-05-15T23:03:16.382748,clean,naive,{'bins': 5},90,2,2,ok,180,270,0.021685020998120308,0.6401209151372313,0.6775966444984078,5,7,10,0,,
2026-05-15T23:03:17.065626,clean,naive,{'bins': 5},90,3,2,ok,270,360,0.022035629488527775,0.6151513522490859,0.6532287513837218,5,7,10,0,,
2026-05-15T23:03:17.798874,clean,naive,{'bins': 5},90,4,2,ok,360,450,0.022332017309963703,0.6655218601226807,0.7036057012155652,5,7,10,0,,
2026-05-15T23:03:18.546870,clean,naive,{'bins': 5},91,0,2,ok,0,91,0.022059084847569466,0.6781235048547387,0.7162395380437374,5,7,10,0,,
2026-05-15T23:03:19.296087,clean,naive,{'bins': 5},91,1,2,ok,91,182,0.02161711361259222,0.6783688450232148,0.7166135199368,5,7,10,0,,
2026-05-15T23:03:20.033033,clean,naive,{'bins': 5},91,2,2,ok,182,273,0.02285642269998789,0.6670902855694294,0.7061797473579645,5,7,10,0,,
2026-05-15T23:03:20.808613,clean,naive,{'bins': 5},91,3,2,ok,273,364,0.023112905211746693,0.7036195769906044,0.7460318608209491,5,7,10,0,,
2026-05-15T23:03:21.519185,clean,naive,{'bins': 5},91,4,2,ok,364,455,0.022677778266370296,0.6412647143006325,0.6803909353911877,5,7,10,0,,
2026-05-15T23:03:22.276568,clean,naive,{'bins': 5},92,0,2,ok,0,92,0.02208904270082712,0.686921264976263,0.7251770701259375,5,7,10,0,,
2026-05-15T23:03:23.022022,clean,naive,{'bins': 5},92,1,2,ok,92,184,0.02233284804970026,0.6757694305852056,0.7142687225714326,5,7,10,0,,
2026-05-15T23:03:23.781796,clean,naive,{'bins': 5},92,2,2,ok,184,276,0.02181174885481596,0.6903398865833879,0.7288082195445895,5,7,10,0,,
2026-05-15T23:03:24.482155,clean,naive,{'bins': 5},92,3,2,ok,276,368,0.022571928799152374,0.6281154090538621,0.667663992382586,5,7,10,0,,
2026-05-15T23:03:25.281007,clean,naive,{'bins': 5},92,4,2,ok,368,460,0.02275195624679327,0.7226788951084018,0.7660511722788215,5,7,10,0,,
2026-05-15T23:03:26.102556,clean,naive,{'bins': 5},93,0,2,ok,0,93,0.023010240867733955,0.7465563649311662,0.7886783741414547,5,7,10,0,,
2026-05-15T23:03:26.857688,clean,naive,{'bins': 5},93,1,2,ok,93,186,0.022562059573829174,0.6840613298118114,0.7230660719797015,5,7,10,0,,
2026-05-15T23:03:27.655808,clean,naive,{'bins': 5},93,2,2,ok,186,279,0.022120569832623005,0.7275228248909116,0.7664364352822304,5,7,10,0,,
2026-05-15T23:03:28.364991,clean,naive,{'bins': 5},93,3,2,ok,279,372,0.02231596689671278,0.6381981521844864,0.6768826423212886,5,7,10,0,,
2026-05-15T23:03:29.131597,clean,naive,{'bins': 5},93,4,2,ok,372,465,0.02344005834311247,0.6920368047431111,0.7334837345406413,5,7,10,0,,
2026-05-15T23:03:29.920156,clean,naive,{'bins': 5},94,0,2,ok,0,94,0.023276171647012234,0.7093144152313471,0.7491810563951731,5,7,10,0,,
2026-05-15T23:03:30.844758,clean,naive,{'bins': 5},94,1,2,ok,94,188,0.02601305302232504,0.838435878045857,0.8892723890021443,5,7,10,0,,
2026-05-15T23:03:31.679627,clean,naive,{'bins': 5},94,2,2,ok,188,282,0.024623782373964787,0.7513783844187856,0.8016176233068109,5,7,10,0,,
2026-05-15T23:03:32.403320,clean,naive,{'bins': 5},94,3,2,ok,282,376,0.023815895430743694,0.648739387281239,0.6895655812695622,5,7,10,0,,
2026-05-15T23:03:33.152439,clean,naive,{'bins': 5},94,4,2,ok,376,470,0.024815332144498825,0.6737637231126428,0.715670526959002,5,7,10,0,,
2026-05-15T23:03:33.971049,clean,naive,{'bins': 5},95,0,2,ok,0,95,0.023960095830261707,0.7290844190865755,0.7771403659135103,5,7,10,0,,
2026-05-15T23:03:34.749040,clean,naive,{'bins': 5},95,1,2,ok,95,190,0.024186812341213226,0.7010951330885291,0.7426789002493024,5,7,10,0,,
2026-05-15T23:03:35.600018,clean,naive,{'bins': 5},95,2,2,ok,190,285,0.02400624193251133,0.7742456262931228,0.8157907901331782,5,7,10,0,,
2026-05-15T23:03:36.456062,clean,naive,{'bins': 5},95,3,2,ok,285,380,0.024212229996919632,0.7824484994634986,0.8238604636862874,5,7,10,0,,
2026-05-15T23:03:37.195773,clean,naive,{'bins': 5},95,4,2,ok,380,475,0.023669039830565453,0.6576282270252705,0.6994330696761608,5,7,10,0,,
2026-05-15T23:03:38.012011,clean,naive,{'bins': 5},96,0,2,ok,0,96,0.028571349568665028,0.7259774608537555,0.7796894945204258,5,7,10,0,,
2026-05-15T23:03:38.842293,clean,naive,{'bins': 5},96,1,2,ok,96,192,0.027061844244599342,0.7447442002594471,0.7912692110985518,5,7,10,0,,
2026-05-15T23:03:39.725880,clean,naive,{'bins': 5},96,2,2,ok,192,288,0.02566730324178934,0.7939798841252923,0.8439011061564088,5,7,10,0,,
2026-05-15T23:03:40.519632,clean,naive,{'bins': 5},96,3,2,ok,288,384,0.027006409130990505,0.7110483022406697,0.7555124005302787,5,7,10,0,,
2026-05-15T23:03:41.302843,clean,naive,{'bins': 5},96,4,2,ok,384,480,0.02788129262626171,0.6928495215252042,0.7469703126698732,5,7,10,0,,
2026-05-15T23:03:42.239360,clean,naive,{'bins': 5},97,0,2,ok,0,97,0.14221562258899212,0.7389757120981812,0.8992930939421058,5,7,10,0,,
2026-05-15T23:03:43.093575,clean,naive,{'bins': 5},97,1,2,ok,97,194,0.024536999873816967,0.7735672416165471,0.8156568799167871,5,7,10,0,,
2026-05-15T23:03:43.980287,clean,naive,{'bins': 5},97,2,2,ok,194,291,0.025040806271135807,0.8037866782397032,0.8460614234209061,5,7,10,0,,
2026-05-15T23:03:44.865376,clean,naive,{'bins': 5},97,3,2,ok,291,388,0.026720551773905754,0.8007245333865285,0.8492631074041128,5,7,10,0,,
2026-05-15T23:03:45.665228,clean,naive,{'bins': 5},97,4,2,ok,388,485,0.025178183801472187,0.7153424303978682,0.7630553022027016,5,7,10,0,,
2026-05-15T23:03:46.615894,clean,naive,{'bins': 5},98,0,2,ok,0,98,0.02699660137295723,0.7619707640260458,0.9081059917807579,5,7,10,0,,
2026-05-15T23:03:47.440017,clean,naive,{'bins': 5},98,1,2,ok,98,196,0.02705677319318056,0.7384424498304725,0.7832345841452479,5,7,10,0,,
2026-05-15T23:03:48.329701,clean,naive,{'bins': 5},98,2,2,ok,196,294,0.027235910296440125,0.802784726023674,0.850130507722497,5,7,10,0,,
2026-05-15T23:03:49.204134,clean,naive,{'bins': 5},98,3,2,ok,294,392,0.026357159949839115,0.7850925447419286,0.8345592534169555,5,7,10,0,,
2026-05-15T23:03:49.987607,clean,naive,{'bins': 5},98,4,2,ok,392,490,0.027546395547688007,0.7035627979785204,0.747908485122025,5,7,10,0,,
2026-05-15T23:03:50.906018,clean,naive,{'bins': 5},99,0,2,ok,0,99,0.024179058149456978,0.8311817469075322,0.8718576189130545,5,7,10,0,,
2026-05-15T23:03:51.742158,clean,naive,{'bins': 5},99,1,2,ok,99,198,0.025088224560022354,0.7516146162524819,0.8010509070008993,5,7,10,0,,
2026-05-15T23:03:52.587763,clean,naive,{'bins': 5},99,2,2,ok,198,297,0.024292930960655212,0.7735136309638619,0.8101961696520448,5,7,10,0,,
2026-05-15T23:03:53.437943,clean,naive,{'bins': 5},99,3,2,ok,297,396,0.024507674388587475,0.7715547801926732,0.8130269786342978,5,7,10,0,,
2026-05-15T23:03:54.198953,clean,naive,{'bins': 5},99,4,2,ok,396,495,0.025467177852988243,0.6802826188504696,0.7254026895388961,5,7,10,0,,
2026-05-15T23:03:55.159738,clean,naive,{'bins': 5},100,0,2,ok,0,100,0.02500120084732771,0.8765128636732697,0.9191331081092358,5,7,10,0,,
2026-05-15T23:03:55.979845,clean,naive,{'bins': 5},100,1,2,ok,100,200,0.026306934654712677,0.7349523305892944,0.7847658405080438,5,7,10,0,,
2026-05-15T23:03:56.851582,clean,naive,{'bins': 5},100,2,2,ok,200,300,0.026219251565635204,0.7894767317920923,0.8345768665894866,5,7,10,0,,
2026-05-15T23:03:57.702648,clean,naive,{'bins': 5},100,3,2,ok,300,400,0.025151354260742664,0.7714141942560673,0.8153662215918303,5,7,10,0,,
2026-05-15T23:03:58.492917,clean,naive,{'bins': 5},100,4,2,ok,400,500,0.025436039082705975,0.7066706763580441,0.7516908189281821,5,7,10,0,,
2026-05-15T23:03:58.550908,clean,sax,"{'w': 144, 'bins': 5}",1,0,2,ok,0,1,0.012597829103469849,0.000964311882853508,0.013970057480037212,5,10,9,0,,
2026-05-15T23:03:58.565188,clean,sax,"{'w': 144, 'bins': 5}",1,1,2,ok,1,2,0.011906620115041733,0.0008712476119399071,0.013129016384482384,5,10,9,0,,
2026-05-15T23:03:58.579008,clean,sax,"{'w': 144, 'bins': 5}",1,2,2,ok,2,3,0.011580567806959152,0.0008564386516809464,0.012793106026947498,5,10,9,0,,
2026-05-15T23:03:58.593423,clean,sax,"{'w': 144, 'bins': 5}",1,3,2,ok,3,4,0.012126953341066837,0.0009519392624497414,0.013414141722023487,5,10,9,0,,
2026-05-15T23:03:58.607629,clean,sax,"{'w': 144, 'bins': 5}",1,4,2,ok,4,5,0.012018639594316483,0.0009034769609570503,0.013233672827482224,5,10,9,0,,
2026-05-15T23:03:58.654320,clean,sax,"{'w': 144, 'bins': 5}",2,0,2,ok,0,2,0.022404412738978863,0.0016498398035764694,0.024385495111346245,5,10,9,0,,
2026-05-15T23:03:58.678858,clean,sax,"{'w': 144, 'bins': 5}",2,1,2,ok,2,4,0.022152360528707504,0.0010412456467747688,0.023488730192184448,5,10,9,0,,
2026-05-15T23:03:58.703416,clean,sax,"{'w': 144, 'bins': 5}",2,2,2,ok,4,6,0.022189429961144924,0.001065341755747795,0.023554394952952862,5,10,9,0,,
2026-05-15T23:03:58.730095,clean,sax,"{'w': 144, 'bins': 5}",2,3,2,ok,6,8,0.022189528681337833,0.002917732112109661,0.0254087271168828,5,15,15,0,,
2026-05-15T23:03:58.759190,clean,sax,"{'w': 144, 'bins': 5}",2,4,2,ok,8,10,0.022912767715752125,0.004591556265950203,0.027961944229900837,5,18,19,0,,
2026-05-15T23:03:58.816610,clean,sax,"{'w': 144, 'bins': 5}",3,0,2,ok,0,3,0.03338756784796715,0.0013854028657078743,0.03518788143992424,5,10,9,0,,
2026-05-15T23:03:58.852653,clean,sax,"{'w': 144, 'bins': 5}",3,1,2,ok,3,6,0.032969092950224876,0.001619863323867321,0.03495090641081333,5,10,9,0,,
2026-05-15T23:03:58.891098,clean,sax,"{'w': 144, 'bins': 5}",3,2,2,ok,6,9,0.03310566954314709,0.0037291664630174637,0.03720943909138441,5,12,12,0,,
2026-05-15T23:03:58.931504,clean,sax,"{'w': 144, 'bins': 5}",3,3,2,ok,9,12,0.03280857019126415,0.005979434587061405,0.039204987697303295,5,16,17,0,,
2026-05-15T23:03:58.972976,clean,sax,"{'w': 144, 'bins': 5}",3,4,2,ok,12,15,0.03407588042318821,0.005529157817363739,0.04016411863267422,5,8,10,0,,
2026-05-15T23:03:59.042839,clean,sax,"{'w': 144, 'bins': 5}",4,0,2,ok,0,4,0.044732341542840004,0.0015941346064209938,0.04689053539186716,5,10,9,0,,
2026-05-15T23:03:59.097173,clean,sax,"{'w': 144, 'bins': 5}",4,1,2,ok,4,8,0.0442814864218235,0.00786116998642683,0.05272659286856651,5,11,12,0,,
2026-05-15T23:03:59.150633,clean,sax,"{'w': 144, 'bins': 5}",4,2,2,ok,8,12,0.04439934715628624,0.0070107923820614815,0.05191255360841751,5,12,13,0,,
2026-05-15T23:03:59.202295,clean,sax,"{'w': 144, 'bins': 5}",4,3,2,ok,12,16,0.044096958823502064,0.005674971267580986,0.05021196790039539,5,9,10,0,,
2026-05-15T23:03:59.250905,clean,sax,"{'w': 144, 'bins': 5}",4,4,2,ok,16,20,0.045055500231683254,0.0016365554183721542,0.0472748801112175,5,10,9,0,,
2026-05-15T23:03:59.331386,clean,sax,"{'w': 144, 'bins': 5}",5,0,2,ok,0,5,0.05560985021293163,0.0017840014770627022,0.05807897821068764,5,10,9,0,,
2026-05-15T23:03:59.397243,clean,sax,"{'w': 144, 'bins': 5}",5,1,2,ok,5,10,0.055294887162745,0.008380865678191185,0.0642756400629878,5,7,8,0,,
2026-05-15T23:03:59.459423,clean,sax,"{'w': 144, 'bins': 5}",5,2,2,ok,10,15,0.054662889800965786,0.0053977323696017265,0.06064444873481989,5,11,12,0,,
2026-05-15T23:03:59.519386,clean,sax,"{'w': 144, 'bins': 5}",5,3,2,ok,15,20,0.05464090779423714,0.0031623709946870804,0.0583167839795351,5,11,11,0,,
2026-05-15T23:03:59.581820,clean,sax,"{'w': 144, 'bins': 5}",5,4,2,ok,20,25,0.055642290972173214,0.004416728392243385,0.06076420284807682,5,14,15,0,,
2026-05-15T23:03:59.673325,clean,sax,"{'w': 144, 'bins': 5}",6,0,2,ok,0,6,0.06601524818688631,0.0023493431508541107,0.06908895261585712,5,10,9,0,,
2026-05-15T23:03:59.750765,clean,sax,"{'w': 144, 'bins': 5}",6,1,2,ok,6,12,0.06637101713567972,0.008605707436800003,0.07570027373731136,5,7,8,0,,
2026-05-15T23:03:59.824531,clean,sax,"{'w': 144, 'bins': 5}",6,2,2,ok,12,18,0.0652884328737855,0.006487688980996609,0.0722719244658947,5,9,10,0,,
2026-05-15T23:03:59.898100,clean,sax,"{'w': 144, 'bins': 5}",6,3,2,ok,18,24,0.06598020251840353,0.005165403708815575,0.07196462526917458,5,9,11,0,,
2026-05-15T23:03:59.976922,clean,sax,"{'w': 144, 'bins': 5}",6,4,2,ok,24,30,0.06849089078605175,0.007369546219706535,0.07680972013622522,5,14,15,0,,
2026-05-15T23:04:00.090083,clean,sax,"{'w': 144, 'bins': 5}",7,0,2,ok,0,7,0.07800854090601206,0.00899948738515377,0.08779025822877884,5,10,11,0,,
2026-05-15T23:04:00.177261,clean,sax,"{'w': 144, 'bins': 5}",7,1,2,ok,7,14,0.07618766091763973,0.00857197493314743,0.08545318897813559,5,12,13,0,,
2026-05-15T23:04:00.268546,clean,sax,"{'w': 144, 'bins': 5}",7,2,2,ok,14,21,0.07747028954327106,0.010730179026722908,0.08908575307577848,5,15,18,0,,
2026-05-15T23:04:00.353234,clean,sax,"{'w': 144, 'bins': 5}",7,3,2,ok,21,28,0.07739444822072983,0.0044619133695960045,0.08267572149634361,5,12,12,0,,
2026-05-15T23:04:00.437124,clean,sax,"{'w': 144, 'bins': 5}",7,4,2,ok,28,35,0.07817742880433798,0.0025210464373230934,0.08150625228881836,5,10,9,0,,
2026-05-15T23:04:00.559085,clean,sax,"{'w': 144, 'bins': 5}",8,0,2,ok,0,8,0.08782147895544767,0.010655177757143974,0.09934964776039124,5,7,8,0,,
2026-05-15T23:04:00.662252,clean,sax,"{'w': 144, 'bins': 5}",8,1,2,ok,8,16,0.08954877406358719,0.010635181330144405,0.10106157418340445,5,7,9,0,,
2026-05-15T23:04:00.758073,clean,sax,"{'w': 144, 'bins': 5}",8,2,2,ok,16,24,0.08758838940411806,0.005219096317887306,0.0937581118196249,5,11,12,0,,
2026-05-15T23:04:00.855130,clean,sax,"{'w': 144, 'bins': 5}",8,3,2,ok,24,32,0.08898552507162094,0.005099661648273468,0.09495837707072496,5,12,12,0,,
2026-05-15T23:04:00.954689,clean,sax,"{'w': 144, 'bins': 5}",8,4,2,ok,32,40,0.08843449968844652,0.008069440722465515,0.09738888312131166,5,13,14,0,,
2026-05-15T23:04:01.093573,clean,sax,"{'w': 144, 'bins': 5}",9,0,2,ok,0,9,0.10036649834364653,0.011979898437857628,0.11338213179260492,5,7,8,0,,
2026-05-15T23:04:01.205654,clean,sax,"{'w': 144, 'bins': 5}",9,1,2,ok,9,18,0.09936589654535055,0.009595628827810287,0.10985301993787289,5,11,13,0,,
2026-05-15T23:04:01.318708,clean,sax,"{'w': 144, 'bins': 5}",9,2,2,ok,18,27,0.10017256252467632,0.009781908243894577,0.11084421258419752,5,15,17,0,,
2026-05-15T23:04:01.427057,clean,sax,"{'w': 144, 'bins': 5}",9,3,2,ok,27,36,0.09928519651293755,0.005682947114109993,0.10619122162461281,5,12,12,0,,
2026-05-15T23:04:01.537811,clean,sax,"{'w': 144, 'bins': 5}",9,4,2,ok,36,45,0.09907075297087431,0.008615806698799133,0.10857718344777822,5,14,16,0,,
2026-05-15T23:04:01.684921,clean,sax,"{'w': 144, 'bins': 5}",10,0,2,ok,0,10,0.11140146013349295,0.010769673623144627,0.12331836856901646,5,7,8,0,,
2026-05-15T23:04:01.807495,clean,sax,"{'w': 144, 'bins': 5}",10,1,2,ok,10,20,0.11117163766175508,0.007867841050028801,0.12018185574561357,5,9,10,0,,
2026-05-15T23:04:01.934464,clean,sax,"{'w': 144, 'bins': 5}",10,2,2,ok,20,30,0.11064044013619423,0.012710319831967354,0.12449532002210617,5,15,17,0,,
2026-05-15T23:04:02.060394,clean,sax,"{'w': 144, 'bins': 5}",10,3,2,ok,30,40,0.11329357512295246,0.00881179515272379,0.12348389066755772,5,13,14,0,,
2026-05-15T23:04:02.187594,clean,sax,"{'w': 144, 'bins': 5}",10,4,2,ok,40,50,0.10972886625677347,0.01395459845662117,0.12484817299991846,5,10,12,0,,
2026-05-15T23:04:02.346126,clean,sax,"{'w': 144, 'bins': 5}",11,0,2,ok,0,11,0.12147501483559608,0.011106777936220169,0.13395947217941284,5,7,8,0,,
2026-05-15T23:04:02.482467,clean,sax,"{'w': 144, 'bins': 5}",11,1,2,ok,11,22,0.1220963029190898,0.010417511686682701,0.13397651258856058,5,5,7,0,,
2026-05-15T23:04:02.614039,clean,sax,"{'w': 144, 'bins': 5}",11,2,2,ok,22,33,0.1221876461058855,0.005864177830517292,0.12925087567418814,5,12,12,0,,
2026-05-15T23:04:02.749631,clean,sax,"{'w': 144, 'bins': 5}",11,3,2,ok,33,44,0.12056352384388447,0.011397082358598709,0.1331103267148137,5,14,16,0,,
2026-05-15T23:04:02.880547,clean,sax,"{'w': 144, 'bins': 5}",11,4,2,ok,44,55,0.12019168399274349,0.007153600454330444,0.1285337470471859,5,12,13,0,,
2026-05-15T23:04:03.052002,clean,sax,"{'w': 144, 'bins': 5}",12,0,2,ok,0,12,0.1345178596675396,0.012259673327207565,0.14822902996093035,5,7,8,0,,
2026-05-15T23:04:03.200610,clean,sax,"{'w': 144, 'bins': 5}",12,1,2,ok,12,24,0.13293600920587778,0.01185872033238411,0.14610382821410894,5,5,7,0,,
2026-05-15T23:04:03.343275,clean,sax,"{'w': 144, 'bins': 5}",12,2,2,ok,24,36,0.1327471248805523,0.006104869768023491,0.14013336226344109,5,12,12,0,,
2026-05-15T23:04:03.490167,clean,sax,"{'w': 144, 'bins': 5}",12,3,2,ok,36,48,0.1317428071051836,0.011395801790058613,0.144402913749218,5,9,12,0,,
2026-05-15T23:04:03.637371,clean,sax,"{'w': 144, 'bins': 5}",12,4,2,ok,48,60,0.13199889939278364,0.011025934480130672,0.14446309581398964,5,10,11,0,,
2026-05-15T23:04:03.820973,clean,sax,"{'w': 144, 'bins': 5}",13,0,2,ok,0,13,0.14325724076479673,0.013502668589353561,0.15828910190612078,5,8,9,0,,
2026-05-15T23:04:03.981438,clean,sax,"{'w': 144, 'bins': 5}",13,1,2,ok,13,26,0.14214872755110264,0.014383143745362759,0.1578463912010193,5,15,18,0,,
2026-05-15T23:04:04.142715,clean,sax,"{'w': 144, 'bins': 5}",13,2,2,ok,26,39,0.1458605220541358,0.011350384913384914,0.15868112910538912,5,14,15,0,,
2026-05-15T23:04:04.307044,clean,sax,"{'w': 144, 'bins': 5}",13,3,2,ok,39,52,0.14308561757206917,0.017010227777063847,0.1615798333659768,5,10,12,0,,
2026-05-15T23:04:04.472799,clean,sax,"{'w': 144, 'bins': 5}",13,4,2,ok,52,65,0.1434446331113577,0.016371208243072033,0.16130162216722965,5,13,15,0,,
2026-05-15T23:04:04.669606,clean,sax,"{'w': 144, 'bins': 5}",14,0,2,ok,0,14,0.1537617864087224,0.013718503527343273,0.1688512358814478,5,8,9,0,,
2026-05-15T23:04:04.843260,clean,sax,"{'w': 144, 'bins': 5}",14,1,2,ok,14,28,0.15448495466262102,0.014771382324397564,0.17071724217385054,5,15,18,0,,
2026-05-15T23:04:05.014748,clean,sax,"{'w': 144, 'bins': 5}",14,2,2,ok,28,42,0.15400261897593737,0.01283187884837389,0.16822020057588816,5,14,16,0,,
2026-05-15T23:04:05.190480,clean,sax,"{'w': 144, 'bins': 5}",14,3,2,ok,42,56,0.15760753024369478,0.013207213953137398,0.172714383341372,5,15,17,0,,
2026-05-15T23:04:05.370409,clean,sax,"{'w': 144, 'bins': 5}",14,4,2,ok,56,70,0.1550487345084548,0.020542544312775135,0.177010134793818,5,6,8,0,,
2026-05-15T23:04:05.585592,clean,sax,"{'w': 144, 'bins': 5}",15,0,2,ok,0,15,0.16701928339898586,0.017197410576045513,0.18576765805482864,5,4,7,0,,
2026-05-15T23:04:05.771592,clean,sax,"{'w': 144, 'bins': 5}",15,1,2,ok,15,30,0.16609478741884232,0.015518265776336193,0.18309516739100218,5,15,18,0,,
2026-05-15T23:04:05.955498,clean,sax,"{'w': 144, 'bins': 5}",15,2,2,ok,30,45,0.16557275597006083,0.01355974655598402,0.18079672940075397,5,14,16,0,,
2026-05-15T23:04:06.139689,clean,sax,"{'w': 144, 'bins': 5}",15,3,2,ok,45,60,0.1659412495791912,0.013477731496095657,0.1811893666163087,5,15,17,0,,
2026-05-15T23:04:06.335151,clean,sax,"{'w': 144, 'bins': 5}",15,4,2,ok,60,75,0.16420254204422235,0.026785152964293957,0.19241169095039368,5,6,10,0,,
2026-05-15T23:04:06.556599,clean,sax,"{'w': 144, 'bins': 5}",16,0,2,ok,0,16,0.17536030523478985,0.018288299441337585,0.19523500464856625,5,7,9,0,,
2026-05-15T23:04:06.750045,clean,sax,"{'w': 144, 'bins': 5}",16,1,2,ok,16,32,0.17550344299525023,0.013220458291471004,0.19026107992976904,5,15,17,0,,
2026-05-15T23:04:06.943430,clean,sax,"{'w': 144, 'bins': 5}",16,2,2,ok,32,48,0.17509688157588243,0.013610822148621082,0.19023757707327604,5,9,12,0,,
2026-05-15T23:04:07.149308,clean,sax,"{'w': 144, 'bins': 5}",16,3,2,ok,48,64,0.17628817725926638,0.02437895257025957,0.2022283235564828,5,7,10,0,,
2026-05-15T23:04:07.353080,clean,sax,"{'w': 144, 'bins': 5}",16,4,2,ok,64,80,0.17364474199712276,0.024570021778345108,0.19975263345986605,5,9,12,0,,
2026-05-15T23:04:07.592583,clean,sax,"{'w': 144, 'bins': 5}",17,0,2,ok,0,17,0.18679154198616743,0.019185466691851616,0.2077566310763359,5,7,9,0,,
2026-05-15T23:04:07.796350,clean,sax,"{'w': 144, 'bins': 5}",17,1,2,ok,17,34,0.1845789346843958,0.01371248159557581,0.20003183651715517,5,15,17,0,,
2026-05-15T23:04:08.001993,clean,sax,"{'w': 144, 'bins': 5}",17,2,2,ok,34,51,0.186714056879282,0.014263018034398556,0.20256951544433832,5,9,12,0,,
2026-05-15T23:04:08.213047,clean,sax,"{'w': 144, 'bins': 5}",17,3,2,ok,51,68,0.18581044860184193,0.020177919417619705,0.20753968227654696,5,11,13,0,,
2026-05-15T23:04:08.416982,clean,sax,"{'w': 144, 'bins': 5}",17,4,2,ok,68,85,0.1866667065769434,0.012496468611061573,0.200934624299407,5,6,8,0,,
2026-05-15T23:04:08.662147,clean,sax,"{'w': 144, 'bins': 5}",18,0,2,ok,0,18,0.1989685706794262,0.019541786052286625,0.22015567775815725,5,7,9,0,,
2026-05-15T23:04:08.882947,clean,sax,"{'w': 144, 'bins': 5}",18,1,2,ok,18,36,0.19865101482719183,0.017088735476136208,0.21748997829854488,5,15,18,0,,
2026-05-15T23:04:09.102687,clean,sax,"{'w': 144, 'bins': 5}",18,2,2,ok,36,54,0.1996506517753005,0.014991996809840202,0.21655673440545797,5,9,12,0,,
2026-05-15T23:04:09.329249,clean,sax,"{'w': 144, 'bins': 5}",18,3,2,ok,54,72,0.19893046841025352,0.02246426697820425,0.2229741122573614,5,9,12,0,,
2026-05-15T23:04:09.550005,clean,sax,"{'w': 144, 'bins': 5}",18,4,2,ok,72,90,0.19775717332959175,0.0176720404997468,0.2173311784863472,5,8,10,0,,
2026-05-15T23:04:09.810532,clean,sax,"{'w': 144, 'bins': 5}",19,0,2,ok,0,19,0.20864966791123152,0.02011438086628914,0.23026737291365862,5,7,9,0,,
2026-05-15T23:04:10.056096,clean,sax,"{'w': 144, 'bins': 5}",19,1,2,ok,19,38,0.2083114730194211,0.018434034660458565,0.2283559823408723,5,16,18,0,,
2026-05-15T23:04:10.285894,clean,sax,"{'w': 144, 'bins': 5}",19,2,2,ok,38,57,0.20837568398565054,0.016560323536396027,0.2263999478891492,5,11,14,0,,
2026-05-15T23:04:10.530625,clean,sax,"{'w': 144, 'bins': 5}",19,3,2,ok,57,76,0.21010296046733856,0.029490455985069275,0.2412350606173277,5,4,7,0,,
2026-05-15T23:04:10.766135,clean,sax,"{'w': 144, 'bins': 5}",19,4,2,ok,76,95,0.20933106821030378,0.021382123231887817,0.23220379184931517,5,10,13,0,,
2026-05-15T23:04:11.045151,clean,sax,"{'w': 144, 'bins': 5}",20,0,2,ok,0,20,0.22456145379692316,0.02103911805897951,0.2479225741699338,5,7,9,0,,
2026-05-15T23:04:11.291110,clean,sax,"{'w': 144, 'bins': 5}",20,1,2,ok,20,40,0.22143887728452682,0.018894457258284092,0.24231812357902527,5,16,18,0,,
2026-05-15T23:04:11.533331,clean,sax,"{'w': 144, 'bins': 5}",20,2,2,ok,40,60,0.2213110774755478,0.0149955740198493,0.23831447307020426,5,16,18,0,,
2026-05-15T23:04:11.791129,clean,sax,"{'w': 144, 'bins': 5}",20,3,2,ok,60,80,0.22018975019454956,0.031889114528894424,0.2541480613872409,5,6,10,0,,
2026-05-15T23:04:12.034379,clean,sax,"{'w': 144, 'bins': 5}",20,4,2,ok,80,100,0.220069183036685,0.0176318371668458,0.23961955402046442,5,7,9,0,,
2026-05-15T23:04:12.328020,clean,sax,"{'w': 144, 'bins': 5}",21,0,2,ok,0,21,0.23426285944879055,0.03138441499322653,0.2678231531754136,5,7,10,0,,
2026-05-15T23:04:12.582468,clean,sax,"{'w': 144, 'bins': 5}",21,1,2,ok,21,42,0.2312555806711316,0.01725696213543415,0.25060712825506926,5,14,16,0,,
2026-05-15T23:04:12.834486,clean,sax,"{'w': 144, 'bins': 5}",21,2,2,ok,42,63,0.22944368701428175,0.016703151166439056,0.2481470862403512,5,15,17,0,,
2026-05-15T23:04:13.105520,clean,sax,"{'w': 144, 'bins': 5}",21,3,2,ok,63,84,0.22965575475245714,0.03565959632396698,0.2674937844276428,5,5,9,0,,
2026-05-15T23:04:13.360859,clean,sax,"{'w': 144, 'bins': 5}",21,4,2,ok,84,105,0.23100791592150927,0.018406091257929802,0.2515515834093094,5,7,9,0,,
2026-05-15T23:04:13.669555,clean,sax,"{'w': 144, 'bins': 5}",22,0,2,ok,0,22,0.2467418760061264,0.03205449413508177,0.2812478458508849,5,7,10,0,,
2026-05-15T23:04:13.936280,clean,sax,"{'w': 144, 'bins': 5}",22,1,2,ok,22,44,0.2427635509520769,0.017800805158913136,0.26247254107147455,5,14,16,0,,
2026-05-15T23:04:14.202304,clean,sax,"{'w': 144, 'bins': 5}",22,2,2,ok,44,66,0.24110993556678295,0.01905086264014244,0.26210651360452175,5,14,16,0,,
2026-05-15T23:04:14.478415,clean,sax,"{'w': 144, 'bins': 5}",22,3,2,ok,66,88,0.24017696175724268,0.030194969847798347,0.27238979283720255,5,9,12,0,,
2026-05-15T23:04:14.745092,clean,sax,"{'w': 144, 'bins': 5}",22,4,2,ok,88,110,0.24090990982949734,0.01998048834502697,0.2628205940127373,5,7,9,0,,
2026-05-15T23:04:15.070958,clean,sax,"{'w': 144, 'bins': 5}",23,0,2,ok,0,23,0.25406319089233875,0.0330865727737546,0.28948225639760494,5,7,10,0,,
2026-05-15T23:04:15.348923,clean,sax,"{'w': 144, 'bins': 5}",23,1,2,ok,23,46,0.253201792947948,0.01859670877456665,0.27379235811531544,5,14,16,0,,
2026-05-15T23:04:15.632303,clean,sax,"{'w': 144, 'bins': 5}",23,2,2,ok,46,69,0.25490141566842794,0.0220130467787385,0.2792598297819495,5,8,11,0,,
2026-05-15T23:04:15.920462,clean,sax,"{'w': 144, 'bins': 5}",23,3,2,ok,69,92,0.2526377523317933,0.02940065786242485,0.28405031003057957,5,9,12,0,,
2026-05-15T23:04:16.207408,clean,sax,"{'w': 144, 'bins': 5}",23,4,2,ok,92,115,0.2520112255588174,0.028629589825868607,0.28271402046084404,5,11,15,0,,
2026-05-15T23:04:16.534262,clean,sax,"{'w': 144, 'bins': 5}",24,0,2,ok,0,24,0.26318933721631765,0.03431474883109331,0.29951221961528063,5,7,10,0,,
2026-05-15T23:04:16.826331,clean,sax,"{'w': 144, 'bins': 5}",24,1,2,ok,24,48,0.2657613093033433,0.01971275731921196,0.28788990527391434,5,15,17,0,,
2026-05-15T23:04:17.130602,clean,sax,"{'w': 144, 'bins': 5}",24,2,2,ok,48,72,0.26590021047741175,0.031942673958837986,0.29994887113571167,5,7,10,0,,
2026-05-15T23:04:17.435838,clean,sax,"{'w': 144, 'bins': 5}",24,3,2,ok,72,96,0.2652302822098136,0.03376665059477091,0.3013564758002758,5,6,10,0,,
2026-05-15T23:04:17.735734,clean,sax,"{'w': 144, 'bins': 5}",24,4,2,ok,96,120,0.26377628929913044,0.02941110823303461,0.295329081825912,5,11,15,0,,
2026-05-15T23:04:18.076767,clean,sax,"{'w': 144, 'bins': 5}",25,0,2,ok,0,25,0.276446383446455,0.03561160620301962,0.31423359736800194,5,7,10,0,,
2026-05-15T23:04:18.376908,clean,sax,"{'w': 144, 'bins': 5}",25,1,2,ok,25,50,0.2735453238710761,0.02020640391856432,0.2959285769611597,5,15,17,0,,
2026-05-15T23:04:18.697879,clean,sax,"{'w': 144, 'bins': 5}",25,2,2,ok,50,75,0.2761472314596176,0.036935193464159966,0.3166818078607321,5,4,7,0,,
2026-05-15T23:04:19.004624,clean,sax,"{'w': 144, 'bins': 5}",25,3,2,ok,75,100,0.27469941321760416,0.025729861110448837,0.3025925075635314,5,10,13,0,,
2026-05-15T23:04:19.318763,clean,sax,"{'w': 144, 'bins': 5}",25,4,2,ok,100,125,0.2737533738836646,0.033994127064943314,0.31007274985313416,5,6,9,0,,
2026-05-15T23:04:19.668927,clean,sax,"{'w': 144, 'bins': 5}",26,0,2,ok,0,26,0.2848939746618271,0.03591935522854328,0.3229801310226321,5,7,10,0,,
2026-05-15T23:04:19.982174,clean,sax,"{'w': 144, 'bins': 5}",26,1,2,ok,26,52,0.28642667550593615,0.020136182196438313,0.3087630718946457,5,15,17,0,,
2026-05-15T23:04:20.311140,clean,sax,"{'w': 144, 'bins': 5}",26,2,2,ok,52,78,0.2821873798966408,0.04013568535447121,0.3246371140703559,5,6,10,0,,
2026-05-15T23:04:20.631544,clean,sax,"{'w': 144, 'bins': 5}",26,3,2,ok,78,104,0.2867006305605173,0.027205204591155052,0.3161548497155309,5,9,12,0,,
2026-05-15T23:04:20.963416,clean,sax,"{'w': 144, 'bins': 5}",26,4,2,ok,104,130,0.2883288683369756,0.036747150123119354,0.32751430943608284,5,12,17,0,,
2026-05-15T23:04:21.330152,clean,sax,"{'w': 144, 'bins': 5}",27,0,2,ok,0,27,0.29916465654969215,0.03691705968230963,0.33841861691325903,5,7,10,0,,
2026-05-15T23:04:21.653490,clean,sax,"{'w': 144, 'bins': 5}",27,1,2,ok,27,54,0.295685320161283,0.02053204644471407,0.3186879977583885,5,15,17,0,,
2026-05-15T23:04:21.993824,clean,sax,"{'w': 144, 'bins': 5}",27,2,2,ok,54,81,0.2941889790818095,0.03879247326403856,0.33540855161845684,5,6,10,0,,
2026-05-15T23:04:22.320760,clean,sax,"{'w': 144, 'bins': 5}",27,3,2,ok,81,108,0.2976838145405054,0.02236288506537676,0.3225198667496443,5,7,9,0,,
2026-05-15T23:04:22.658886,clean,sax,"{'w': 144, 'bins': 5}",27,4,2,ok,108,135,0.2972016092389822,0.03425725270062685,0.33382167015224695,5,12,17,0,,
2026-05-15T23:04:23.026260,clean,sax,"{'w': 144, 'bins': 5}",28,0,2,ok,0,28,0.3018584977835417,0.03778683301061392,0.342028277926147,5,7,10,0,,
2026-05-15T23:04:23.363453,clean,sax,"{'w': 144, 'bins': 5}",28,1,2,ok,28,56,0.30532444082200527,0.02235461864620447,0.3300119321793318,5,15,17,0,,
2026-05-15T23:04:23.718258,clean,sax,"{'w': 144, 'bins': 5}",28,2,2,ok,56,84,0.30802343133836985,0.039682745933532715,0.3502517696470022,5,6,10,0,,
2026-05-15T23:04:24.052182,clean,sax,"{'w': 144, 'bins': 5}",28,3,2,ok,84,112,0.30799491703510284,0.01859093736857176,0.3289507972076535,5,7,10,0,,
2026-05-15T23:04:24.415394,clean,sax,"{'w': 144, 'bins': 5}",28,4,2,ok,112,140,0.30967762880027294,0.04550405312329531,0.3578329533338547,5,6,10,0,,
2026-05-15T23:04:24.804903,clean,sax,"{'w': 144, 'bins': 5}",29,0,2,ok,0,29,0.320905102416873,0.038388242945075035,0.3617267981171608,5,7,10,0,,
2026-05-15T23:04:25.154355,clean,sax,"{'w': 144, 'bins': 5}",29,1,2,ok,29,58,0.31900233682245016,0.02303918544203043,0.3445973042398691,5,15,17,0,,
2026-05-15T23:04:25.520931,clean,sax,"{'w': 144, 'bins': 5}",29,2,2,ok,58,87,0.31585591565817595,0.04357354436069727,0.3618318745866418,5,6,10,0,,
2026-05-15T23:04:25.882349,clean,sax,"{'w': 144, 'bins': 5}",29,3,2,ok,87,116,0.32057673670351505,0.0332409618422389,0.35659652948379517,5,11,15,0,,
2026-05-15T23:04:26.243329,clean,sax,"{'w': 144, 'bins': 5}",29,4,2,ok,116,145,0.3182602534070611,0.03514830581843853,0.3559957714751363,5,6,9,0,,
2026-05-15T23:04:26.641906,clean,sax,"{'w': 144, 'bins': 5}",30,0,2,ok,0,30,0.33010069001466036,0.03960271365940571,0.3722389778122306,5,7,10,0,,
2026-05-15T23:04:27.000128,clean,sax,"{'w': 144, 'bins': 5}",30,1,2,ok,30,60,0.3267630273476243,0.023882289417088032,0.3531723953783512,5,15,17,0,,
2026-05-15T23:04:27.379061,clean,sax,"{'w': 144, 'bins': 5}",30,2,2,ok,60,90,0.33031346928328276,0.04022425226867199,0.37344752810895443,5,7,11,0,,
2026-05-15T23:04:27.750225,clean,sax,"{'w': 144, 'bins': 5}",30,3,2,ok,90,120,0.328736225143075,0.034629231318831444,0.3658898090943694,5,11,15,0,,
2026-05-15T23:04:28.122158,clean,sax,"{'w': 144, 'bins': 5}",30,4,2,ok,120,150,0.3281441340222955,0.03643039520829916,0.3670521741732955,5,6,9,0,,
2026-05-15T23:04:28.539541,clean,sax,"{'w': 144, 'bins': 5}",31,0,2,ok,0,31,0.34370596054941416,0.041142827831208706,0.38879864010959864,5,7,10,0,,
2026-05-15T23:04:28.914267,clean,sax,"{'w': 144, 'bins': 5}",31,1,2,ok,31,62,0.3405355755239725,0.026209511794149876,0.36951856687664986,5,12,14,0,,
2026-05-15T23:04:29.304780,clean,sax,"{'w': 144, 'bins': 5}",31,2,2,ok,62,93,0.340034662745893,0.04260681010782719,0.3854432972148061,5,6,10,0,,
2026-05-15T23:04:29.697976,clean,sax,"{'w': 144, 'bins': 5}",31,3,2,ok,93,124,0.3389903409406543,0.045891642570495605,0.3875053711235523,5,6,10,0,,
2026-05-15T23:04:30.097688,clean,sax,"{'w': 144, 'bins': 5}",31,4,2,ok,124,155,0.33907323610037565,0.03614510875195265,0.37786612939089537,5,6,9,0,,
2026-05-15T23:04:30.519449,clean,sax,"{'w': 144, 'bins': 5}",32,0,2,ok,0,32,0.349436366930604,0.042853512801229954,0.394901005551219,5,7,10,0,,
2026-05-15T23:04:30.905471,clean,sax,"{'w': 144, 'bins': 5}",32,1,2,ok,32,64,0.3524994617328048,0.025403366424143314,0.3806374967098236,5,15,17,0,,
2026-05-15T23:04:31.307334,clean,sax,"{'w': 144, 'bins': 5}",32,2,2,ok,64,96,0.3527039345353842,0.041302899830043316,0.3966141836717725,5,7,11,0,,
2026-05-15T23:04:31.712371,clean,sax,"{'w': 144, 'bins': 5}",32,3,2,ok,96,128,0.3555971411988139,0.04095701966434717,0.39950031600892544,5,16,20,0,,
2026-05-15T23:04:32.112482,clean,sax,"{'w': 144, 'bins': 5}",32,4,2,ok,128,160,0.35061176493763924,0.04179546516388655,0.39491776656359434,5,5,9,0,,
2026-05-15T23:04:32.549974,clean,sax,"{'w': 144, 'bins': 5}",33,0,2,ok,0,33,0.36318947467952967,0.043351599015295506,0.40946801379323006,5,7,10,0,,
2026-05-15T23:04:32.949584,clean,sax,"{'w': 144, 'bins': 5}",33,1,2,ok,33,66,0.36276800371706486,0.026494858786463737,0.3940104218199849,5,15,17,0,,
2026-05-15T23:04:33.361154,clean,sax,"{'w': 144, 'bins': 5}",33,2,2,ok,66,99,0.36114300042390823,0.04230553284287453,0.4062744127586484,5,7,11,0,,
2026-05-15T23:04:33.774497,clean,sax,"{'w': 144, 'bins': 5}",33,3,2,ok,99,132,0.3630418572574854,0.041361769661307335,0.40767316054552794,5,16,20,0,,
2026-05-15T23:04:34.200770,clean,sax,"{'w': 144, 'bins': 5}",33,4,2,ok,132,165,0.36235507763922215,0.042815372347831726,0.4079381600022316,5,5,9,0,,
2026-05-15T23:04:34.649177,clean,sax,"{'w': 144, 'bins': 5}",34,0,2,ok,0,34,0.37359972298145294,0.04421343840658665,0.4207364646717906,5,7,10,0,,
2026-05-15T23:04:35.129289,clean,sax,"{'w': 144, 'bins': 5}",34,1,2,ok,34,68,0.37375379260629416,0.026376075111329556,0.47455901466310024,5,15,17,0,,
2026-05-15T23:04:35.559187,clean,sax,"{'w': 144, 'bins': 5}",34,2,2,ok,68,102,0.3779636938124895,0.043451656587421894,0.424537505954504,5,6,10,0,,
2026-05-15T23:04:35.984526,clean,sax,"{'w': 144, 'bins': 5}",34,3,2,ok,102,136,0.37326913326978683,0.04409078694880009,0.42008141335099936,5,12,17,0,,
2026-05-15T23:04:36.399046,clean,sax,"{'w': 144, 'bins': 5}",34,4,2,ok,136,170,0.3738113632425666,0.03262339252978563,0.40929077100008726,5,8,11,0,,
2026-05-15T23:04:36.857792,clean,sax,"{'w': 144, 'bins': 5}",35,0,2,ok,0,35,0.38270616438239813,0.04484876152127981,0.4303841311484575,5,7,10,0,,
2026-05-15T23:04:37.280772,clean,sax,"{'w': 144, 'bins': 5}",35,1,2,ok,35,70,0.3822555458173156,0.032097553834319115,0.4172350848093629,5,14,16,0,,
2026-05-15T23:04:37.730356,clean,sax,"{'w': 144, 'bins': 5}",35,2,2,ok,70,105,0.3882250711321831,0.052028910256922245,0.4440221022814512,5,6,10,0,,
2026-05-15T23:04:38.164864,clean,sax,"{'w': 144, 'bins': 5}",35,3,2,ok,105,140,0.3845377741381526,0.04131632391363382,0.42878564540296793,5,12,17,0,,
2026-05-15T23:04:38.603616,clean,sax,"{'w': 144, 'bins': 5}",35,4,2,ok,140,175,0.3865738697350025,0.04326216038316488,0.4331189477816224,5,9,12,0,,
2026-05-15T23:04:39.075652,clean,sax,"{'w': 144, 'bins': 5}",36,0,2,ok,0,36,0.39464045502245426,0.04580770339816809,0.44353250321000814,5,7,10,0,,
2026-05-15T23:04:39.509097,clean,sax,"{'w': 144, 'bins': 5}",36,1,2,ok,36,72,0.3916579522192478,0.03307596407830715,0.4276590012013912,5,7,10,0,,
2026-05-15T23:04:39.962924,clean,sax,"{'w': 144, 'bins': 5}",36,2,2,ok,72,108,0.39984774868935347,0.04518136661499739,0.4480603998526931,5,6,10,0,,
2026-05-15T23:04:40.405579,clean,sax,"{'w': 144, 'bins': 5}",36,3,2,ok,108,144,0.3922307277098298,0.042023323476314545,0.43703706935048103,5,12,17,0,,
2026-05-15T23:04:40.850175,clean,sax,"{'w': 144, 'bins': 5}",36,4,2,ok,144,180,0.3949860446155071,0.04112456552684307,0.43885938357561827,5,8,11,0,,
2026-05-15T23:04:41.331750,clean,sax,"{'w': 144, 'bins': 5}",37,0,2,ok,0,37,0.4050122806802392,0.04469840880483389,0.452585531398654,5,7,11,0,,
2026-05-15T23:04:41.785052,clean,sax,"{'w': 144, 'bins': 5}",37,1,2,ok,37,74,0.4065968981012702,0.036974468268454075,0.446825560182333,5,9,12,0,,
2026-05-15T23:04:42.246867,clean,sax,"{'w': 144, 'bins': 5}",37,2,2,ok,74,111,0.40623711328953505,0.04610414057970047,0.4557752553373575,5,6,10,0,,
2026-05-15T23:04:42.701783,clean,sax,"{'w': 144, 'bins': 5}",37,3,2,ok,111,148,0.4031652510166168,0.04305489268153906,0.44910501316189766,5,12,17,0,,
2026-05-15T23:04:43.144307,clean,sax,"{'w': 144, 'bins': 5}",37,4,2,ok,148,185,0.4056521439924836,0.027940023690462112,0.4367442699149251,5,8,11,0,,
2026-05-15T23:04:43.654269,clean,sax,"{'w': 144, 'bins': 5}",38,0,2,ok,0,38,0.416661337018013,0.05169605556875467,0.47144263982772827,5,8,12,0,,
2026-05-15T23:04:44.111467,clean,sax,"{'w': 144, 'bins': 5}",38,1,2,ok,38,76,0.41501859202980995,0.03293459676206112,0.4510103017091751,5,8,11,0,,
2026-05-15T23:04:44.575693,clean,sax,"{'w': 144, 'bins': 5}",38,2,2,ok,76,114,0.41412876918911934,0.04149483982473612,0.4585540145635605,5,7,11,0,,
2026-05-15T23:04:45.056013,clean,sax,"{'w': 144, 'bins': 5}",38,3,2,ok,114,152,0.4173146951943636,0.0537412790581584,0.4742088373750448,5,6,10,0,,
2026-05-15T23:04:45.531070,clean,sax,"{'w': 144, 'bins': 5}",38,4,2,ok,152,190,0.4171970123425126,0.04864608682692051,0.4689732100814581,5,12,16,0,,
2026-05-15T23:04:46.039894,clean,sax,"{'w': 144, 'bins': 5}",39,0,2,ok,0,39,0.42576705664396286,0.050819569267332554,0.47977767046540976,5,8,12,0,,
2026-05-15T23:04:46.508607,clean,sax,"{'w': 144, 'bins': 5}",39,1,2,ok,39,78,0.42389807384461164,0.035372817888855934,0.4622780717909336,5,8,11,0,,
2026-05-15T23:04:46.986984,clean,sax,"{'w': 144, 'bins': 5}",39,2,2,ok,78,117,0.4260269245132804,0.04282887652516365,0.4719290342181921,5,7,11,0,,
2026-05-15T23:04:47.466668,clean,sax,"{'w': 144, 'bins': 5}",39,3,2,ok,117,156,0.4261287245899439,0.04204498324543238,0.47367432340979576,5,8,11,0,,
2026-05-15T23:04:47.931820,clean,sax,"{'w': 144, 'bins': 5}",39,4,2,ok,156,195,0.4251762358471751,0.029970028437674046,0.45842655654996634,5,8,11,0,,
2026-05-15T23:04:48.455149,clean,sax,"{'w': 144, 'bins': 5}",40,0,2,ok,0,40,0.4388235853984952,0.05226281099021435,0.4943809462711215,5,8,12,0,,
2026-05-15T23:04:48.950587,clean,sax,"{'w': 144, 'bins': 5}",40,1,2,ok,40,80,0.4371492099016905,0.0479798037558794,0.4889179226011038,5,7,12,0,,
2026-05-15T23:04:49.441710,clean,sax,"{'w': 144, 'bins': 5}",40,2,2,ok,80,120,0.43692650087177753,0.04108856711536646,0.48121841717511415,5,11,15,0,,
2026-05-15T23:04:49.951448,clean,sax,"{'w': 144, 'bins': 5}",40,3,2,ok,120,160,0.442260030657053,0.057598065584897995,0.5033944500610232,5,3,6,0,,
2026-05-15T23:04:50.435975,clean,sax,"{'w': 144, 'bins': 5}",40,4,2,ok,160,200,0.4410102842375636,0.033871088176965714,0.4781344626098871,5,8,12,0,,
2026-05-15T23:04:50.976680,clean,sax,"{'w': 144, 'bins': 5}",41,0,2,ok,0,41,0.45399445947259665,0.05323933530598879,0.5110361780971289,5,8,12,0,,
2026-05-15T23:04:51.506345,clean,sax,"{'w': 144, 'bins': 5}",41,1,2,ok,41,82,0.45595685578882694,0.050473177805542946,0.5095163630321622,5,4,7,0,,
2026-05-15T23:04:51.999692,clean,sax,"{'w': 144, 'bins': 5}",41,2,2,ok,82,123,0.43721306044608355,0.04763951525092125,0.48760820273309946,5,6,10,0,,
2026-05-15T23:04:52.496091,clean,sax,"{'w': 144, 'bins': 5}",41,3,2,ok,123,164,0.4372744048014283,0.049827996641397476,0.4902658248320222,5,5,9,0,,
2026-05-15T23:04:52.999187,clean,sax,"{'w': 144, 'bins': 5}",41,4,2,ok,164,205,0.4462090991437435,0.04723331145942211,0.4968998972326517,5,8,13,0,,
2026-05-15T23:04:53.537378,clean,sax,"{'w': 144, 'bins': 5}",42,0,2,ok,0,42,0.45619466062635183,0.04984171316027641,0.509308791719377,5,7,11,0,,
2026-05-15T23:04:54.051284,clean,sax,"{'w': 144, 'bins': 5}",42,1,2,ok,42,84,0.4558890573680401,0.04839439410716295,0.5076622888445854,5,7,12,0,,
2026-05-15T23:04:54.561604,clean,sax,"{'w': 144, 'bins': 5}",42,2,2,ok,84,126,0.4549855999648571,0.04525016527622938,0.5036491686478257,5,16,20,0,,
2026-05-15T23:04:55.083046,clean,sax,"{'w': 144, 'bins': 5}",42,3,2,ok,126,168,0.4602567246183753,0.051128569059073925,0.5149631155654788,5,5,9,0,,
2026-05-15T23:04:55.594310,clean,sax,"{'w': 144, 'bins': 5}",42,4,2,ok,168,210,0.45486870128661394,0.04662932641804218,0.5047126272693276,5,8,13,0,,
2026-05-15T23:04:56.148193,clean,sax,"{'w': 144, 'bins': 5}",43,0,2,ok,0,43,0.46682111732661724,0.0549802053719759,0.5253898445516825,5,8,12,0,,
2026-05-15T23:04:56.673440,clean,sax,"{'w': 144, 'bins': 5}",43,1,2,ok,43,86,0.4653940564021468,0.04944519605487585,0.5183134702965617,5,7,12,0,,
2026-05-15T23:04:57.196439,clean,sax,"{'w': 144, 'bins': 5}",43,2,2,ok,86,129,0.4667487107217312,0.04627936985343695,0.5163342114537954,5,16,20,0,,
2026-05-15T23:04:57.729191,clean,sax,"{'w': 144, 'bins': 5}",43,3,2,ok,129,172,0.46977676823735237,0.052593021653592587,0.5263324854895473,5,4,7,0,,
2026-05-15T23:04:58.259949,clean,sax,"{'w': 144, 'bins': 5}",43,4,2,ok,172,215,0.468428336083889,0.05180543102324009,0.5237681362777948,5,13,18,0,,
2026-05-15T23:04:58.826481,clean,sax,"{'w': 144, 'bins': 5}",44,0,2,ok,0,44,0.4795829225331545,0.05148131214082241,0.5375759787857533,5,7,11,0,,
2026-05-15T23:04:59.364731,clean,sax,"{'w': 144, 'bins': 5}",44,1,2,ok,44,88,0.4770993571728468,0.050991482101380825,0.5317011522129178,5,7,12,0,,
2026-05-15T23:04:59.895705,clean,sax,"{'w': 144, 'bins': 5}",44,2,2,ok,88,132,0.47657470125705004,0.0438174232840538,0.5241035176441073,5,14,18,0,,
2026-05-15T23:05:00.433493,clean,sax,"{'w': 144, 'bins': 5}",44,3,2,ok,132,176,0.4771797666326165,0.050543250516057014,0.5313344523310661,5,7,12,0,,
2026-05-15T23:05:00.971213,clean,sax,"{'w': 144, 'bins': 5}",44,4,2,ok,176,220,0.4761257767677307,0.0511456411331892,0.5308488802984357,5,13,18,0,,
2026-05-15T23:05:01.552547,clean,sax,"{'w': 144, 'bins': 5}",45,0,2,ok,0,45,0.4924881476908922,0.052858490496873856,0.5493677332997322,5,7,11,0,,
2026-05-15T23:05:02.101365,clean,sax,"{'w': 144, 'bins': 5}",45,1,2,ok,45,90,0.48751975502818823,0.0511350417509675,0.5422843154519796,5,7,12,0,,
2026-05-15T23:05:02.643666,clean,sax,"{'w': 144, 'bins': 5}",45,2,2,ok,90,135,0.48685758002102375,0.04467674903571606,0.5350321913138032,5,14,18,0,,
2026-05-15T23:05:03.189153,clean,sax,"{'w': 144, 'bins': 5}",45,3,2,ok,135,180,0.4901387048885226,0.04474521614611149,0.5385513715445995,5,9,13,0,,
2026-05-15T23:05:03.737329,clean,sax,"{'w': 144, 'bins': 5}",45,4,2,ok,180,225,0.48868017457425594,0.04899837728589773,0.5412942953407764,5,6,11,0,,
2026-05-15T23:05:04.332553,clean,sax,"{'w': 144, 'bins': 5}",46,0,2,ok,0,46,0.5029102088883519,0.05867162253707647,0.5651562372222543,5,8,12,0,,
2026-05-15T23:05:04.900130,clean,sax,"{'w': 144, 'bins': 5}",46,1,2,ok,46,92,0.5005015144124627,0.05547554697841406,0.5601093852892518,5,4,7,0,,
2026-05-15T23:05:05.464773,clean,sax,"{'w': 144, 'bins': 5}",46,2,2,ok,92,138,0.5009120050817728,0.052857859060168266,0.557431984692812,5,16,20,0,,
2026-05-15T23:05:06.011877,clean,sax,"{'w': 144, 'bins': 5}",46,3,2,ok,138,184,0.5035680048167706,0.03279395401477814,0.5401289062574506,5,8,11,0,,
2026-05-15T23:05:06.574438,clean,sax,"{'w': 144, 'bins': 5}",46,4,2,ok,184,230,0.5042792428284883,0.04418232850730419,0.5523529220372438,5,7,11,0,,
2026-05-15T23:05:07.192013,clean,sax,"{'w': 144, 'bins': 5}",47,0,2,ok,0,47,0.5143666556105018,0.06049324385821819,0.5788469593971968,5,8,12,0,,
2026-05-15T23:05:07.773701,clean,sax,"{'w': 144, 'bins': 5}",47,1,2,ok,47,94,0.512901340611279,0.0567161375656724,0.5733784046024084,5,6,10,0,,
2026-05-15T23:05:08.349728,clean,sax,"{'w': 144, 'bins': 5}",47,2,2,ok,94,141,0.5136412912979722,0.05075389612466097,0.5681776031851768,5,16,20,0,,
2026-05-15T23:05:08.909884,clean,sax,"{'w': 144, 'bins': 5}",47,3,2,ok,141,188,0.5141804544255137,0.03498739469796419,0.5528134983032942,5,8,11,0,,
2026-05-15T23:05:09.484265,clean,sax,"{'w': 144, 'bins': 5}",47,4,2,ok,188,235,0.5144938435405493,0.04911226127296686,0.5674162525683641,5,6,11,0,,
2026-05-15T23:05:10.100914,clean,sax,"{'w': 144, 'bins': 5}",48,0,2,ok,0,48,0.5222753928974271,0.06163455918431282,0.5877316519618034,5,8,12,0,,
2026-05-15T23:05:10.693461,clean,sax,"{'w': 144, 'bins': 5}",48,1,2,ok,48,96,0.5232624672353268,0.058054822497069836,0.5853042006492615,5,4,7,0,,
2026-05-15T23:05:11.277843,clean,sax,"{'w': 144, 'bins': 5}",48,2,2,ok,96,144,0.5219824416562915,0.05111238081008196,0.5770287029445171,5,16,20,0,,
2026-05-15T23:05:11.850020,clean,sax,"{'w': 144, 'bins': 5}",48,3,2,ok,144,192,0.525106412358582,0.03547025937587023,0.5647000586614013,5,8,11,0,,
2026-05-15T23:05:12.435679,clean,sax,"{'w': 144, 'bins': 5}",48,4,2,ok,192,240,0.5226292070001364,0.05196641385555267,0.5784880239516497,5,6,11,0,,
2026-05-15T23:05:13.069060,clean,sax,"{'w': 144, 'bins': 5}",49,0,2,ok,0,49,0.537189582362771,0.062377532944083214,0.6039509112015367,5,8,12,0,,
2026-05-15T23:05:13.675525,clean,sax,"{'w': 144, 'bins': 5}",49,1,2,ok,49,98,0.531935803592205,0.0628035543486476,0.5986262196674943,5,6,10,0,,
2026-05-15T23:05:14.269603,clean,sax,"{'w': 144, 'bins': 5}",49,2,2,ok,98,147,0.5346466060727835,0.04738465603441,0.5861431872472167,5,14,18,0,,
2026-05-15T23:05:14.852474,clean,sax,"{'w': 144, 'bins': 5}",49,3,2,ok,147,196,0.5349198887124658,0.036188529804348946,0.5749625293537974,5,8,11,0,,
2026-05-15T23:05:15.455698,clean,sax,"{'w': 144, 'bins': 5}",49,4,2,ok,196,245,0.5353128863498569,0.05654508527368307,0.5959400618448853,5,8,14,0,,
2026-05-15T23:05:16.105773,clean,sax,"{'w': 144, 'bins': 5}",50,0,2,ok,0,50,0.5431966288015246,0.06365659832954407,0.6110788956284523,5,8,12,0,,
2026-05-15T23:05:16.729930,clean,sax,"{'w': 144, 'bins': 5}",50,1,2,ok,50,100,0.5471793822944164,0.06434744503349066,0.6160889687016606,5,7,11,0,,
2026-05-15T23:05:17.333992,clean,sax,"{'w': 144, 'bins': 5}",50,2,2,ok,100,150,0.5464418660849333,0.04538011830300093,0.5960973873734474,5,14,17,0,,
2026-05-15T23:05:17.930698,clean,sax,"{'w': 144, 'bins': 5}",50,3,2,ok,150,200,0.5445325691252947,0.04041559249162674,0.5889464635401964,5,8,12,0,,
2026-05-15T23:05:18.545031,clean,sax,"{'w': 144, 'bins': 5}",50,4,2,ok,200,250,0.5423912359401584,0.06015273369848728,0.6067563137039542,5,7,10,0,,
2026-05-15T23:05:19.199677,clean,sax,"{'w': 144, 'bins': 5}",51,0,2,ok,0,51,0.5566102582961321,0.06458388920873404,0.6255542105063796,5,8,12,0,,
2026-05-15T23:05:19.830442,clean,sax,"{'w': 144, 'bins': 5}",51,1,2,ok,51,102,0.5526914680376649,0.06583897676318884,0.6226067626848817,5,7,11,0,,
2026-05-15T23:05:20.448710,clean,sax,"{'w': 144, 'bins': 5}",51,2,2,ok,102,153,0.5523158414289355,0.054039779119193554,0.6106088208034635,5,16,20,0,,
2026-05-15T23:05:21.064255,clean,sax,"{'w': 144, 'bins': 5}",51,3,2,ok,153,204,0.5603665662929416,0.04220168758183718,0.6071504633873701,5,8,12,0,,
2026-05-15T23:05:21.697625,clean,sax,"{'w': 144, 'bins': 5}",51,4,2,ok,204,255,0.5578099740669131,0.060070618987083435,0.6219819793477654,5,7,10,0,,
2026-05-15T23:05:22.379591,clean,sax,"{'w': 144, 'bins': 5}",52,0,2,ok,0,52,0.5712915025651455,0.06633935682475567,0.6418447764590383,5,8,12,0,,
2026-05-15T23:05:23.027969,clean,sax,"{'w': 144, 'bins': 5}",52,1,2,ok,52,104,0.569571441039443,0.06665495038032532,0.6401835763826966,5,7,11,0,,
2026-05-15T23:05:23.666556,clean,sax,"{'w': 144, 'bins': 5}",52,2,2,ok,104,156,0.5686868382617831,0.05694116000086069,0.6305016744881868,5,16,20,0,,
2026-05-15T23:05:24.287423,clean,sax,"{'w': 144, 'bins': 5}",52,3,2,ok,156,208,0.5671829739585519,0.04152863286435604,0.6129820803180337,5,5,9,0,,
2026-05-15T23:05:24.930881,clean,sax,"{'w': 144, 'bins': 5}",52,4,2,ok,208,260,0.5697613479569554,0.06109944172203541,0.6352843409404159,5,7,10,0,,
2026-05-15T23:05:25.612021,clean,sax,"{'w': 144, 'bins': 5}",53,0,2,ok,0,53,0.580219566822052,0.06702779047191143,0.6515010492876172,5,8,12,0,,
2026-05-15T23:05:26.268942,clean,sax,"{'w': 144, 'bins': 5}",53,1,2,ok,53,106,0.5758188683539629,0.06802295055240393,0.6482019498944283,5,7,11,0,,
2026-05-15T23:05:26.920035,clean,sax,"{'w': 144, 'bins': 5}",53,2,2,ok,106,159,0.5783254476264119,0.05736282281577587,0.6429686984047294,5,6,9,0,,
2026-05-15T23:05:27.550832,clean,sax,"{'w': 144, 'bins': 5}",53,3,2,ok,159,212,0.5776515603065491,0.04065152630209923,0.622425151988864,5,5,9,0,,
2026-05-15T23:05:28.203219,clean,sax,"{'w': 144, 'bins': 5}",53,4,2,ok,212,265,0.5786956734955311,0.061066470108926296,0.643965270370245,5,7,10,0,,
2026-05-15T23:05:28.905024,clean,sax,"{'w': 144, 'bins': 5}",54,0,2,ok,0,54,0.5901285419240594,0.06779857818037271,0.662481376901269,5,8,12,0,,
2026-05-15T23:05:29.568853,clean,sax,"{'w': 144, 'bins': 5}",54,1,2,ok,54,108,0.5868507353588939,0.06402493920177221,0.6552036451175809,5,7,11,0,,
2026-05-15T23:05:30.226517,clean,sax,"{'w': 144, 'bins': 5}",54,2,2,ok,108,162,0.5869474960491061,0.05795146897435188,0.6493160342797637,5,6,9,0,,
2026-05-15T23:05:30.869243,clean,sax,"{'w': 144, 'bins': 5}",54,3,2,ok,162,216,0.5884278872981668,0.041620454750955105,0.6345862178131938,5,5,9,0,,
2026-05-15T23:05:31.541627,clean,sax,"{'w': 144, 'bins': 5}",54,4,2,ok,216,270,0.5948372790589929,0.06370368599891663,0.6640654038637877,5,7,10,0,,
2026-05-15T23:05:32.245559,clean,sax,"{'w': 144, 'bins': 5}",55,0,2,ok,0,55,0.598569830879569,0.06915672030299902,0.6720494534820318,5,8,12,0,,
2026-05-15T23:05:32.922317,clean,sax,"{'w': 144, 'bins': 5}",55,1,2,ok,55,110,0.5982226496562362,0.06521570589393377,0.6678184047341347,5,7,11,0,,
2026-05-15T23:05:33.592258,clean,sax,"{'w': 144, 'bins': 5}",55,2,2,ok,110,165,0.5982706183567643,0.05879731755703688,0.6615067962557077,5,6,9,0,,
2026-05-15T23:05:34.248034,clean,sax,"{'w': 144, 'bins': 5}",55,3,2,ok,165,220,0.600441038608551,0.04197115544229746,0.6471402365714312,5,5,9,0,,
2026-05-15T23:05:34.923717,clean,sax,"{'w': 144, 'bins': 5}",55,4,2,ok,220,275,0.5990013526752591,0.06348144821822643,0.6672674398869276,5,7,10,0,,
2026-05-15T23:05:35.642354,clean,sax,"{'w': 144, 'bins': 5}",56,0,2,ok,0,56,0.6133627146482468,0.07002481166273355,0.6880058832466602,5,8,12,0,,
2026-05-15T23:05:36.304745,clean,sax,"{'w': 144, 'bins': 5}",56,1,2,ok,56,112,0.6096767401322722,0.03965369053184986,0.6538949264213443,5,8,13,0,,
2026-05-15T23:05:37.007813,clean,sax,"{'w': 144, 'bins': 5}",56,2,2,ok,112,168,0.6128185717388988,0.07572981901466846,0.693412909284234,5,4,7,0,,
2026-05-15T23:05:37.677290,clean,sax,"{'w': 144, 'bins': 5}",56,3,2,ok,168,224,0.6100121987983584,0.04324163030833006,0.6596428332850337,5,5,9,0,,
2026-05-15T23:05:38.370510,clean,sax,"{'w': 144, 'bins': 5}",56,4,2,ok,224,280,0.6116286646574736,0.06437152996659279,0.6842458881437778,5,7,10,0,,
2026-05-15T23:05:39.108136,clean,sax,"{'w': 144, 'bins': 5}",57,0,2,ok,0,57,0.6225887183099985,0.07150625437498093,0.6987457703799009,5,8,12,0,,
2026-05-15T23:05:39.799268,clean,sax,"{'w': 144, 'bins': 5}",57,1,2,ok,57,114,0.6213456923142076,0.05538058839738369,0.6820035148411989,5,14,18,0,,
2026-05-15T23:05:40.497233,clean,sax,"{'w': 144, 'bins': 5}",57,2,2,ok,114,171,0.6215096907690167,0.06319418735802174,0.6892180293798447,5,7,12,0,,
2026-05-15T23:05:41.198246,clean,sax,"{'w': 144, 'bins': 5}",57,3,2,ok,171,228,0.6210134085267782,0.06625544931739569,0.6919697299599648,5,13,18,0,,
2026-05-15T23:05:41.897440,clean,sax,"{'w': 144, 'bins': 5}",57,4,2,ok,228,285,0.6191312214359641,0.06658529862761497,0.6904369192197919,5,7,10,0,,
2026-05-15T23:05:42.648995,clean,sax,"{'w': 144, 'bins': 5}",58,0,2,ok,0,58,0.633626795373857,0.071800347417593,0.7104105157777667,5,8,12,0,,
2026-05-15T23:05:43.350373,clean,sax,"{'w': 144, 'bins': 5}",58,1,2,ok,58,116,0.6316722044721246,0.05562700144946575,0.692147153429687,5,14,18,0,,
2026-05-15T23:05:44.058551,clean,sax,"{'w': 144, 'bins': 5}",58,2,2,ok,116,174,0.6318183494731784,0.06291135679930449,0.6994092175737023,5,7,12,0,,
2026-05-15T23:05:44.772391,clean,sax,"{'w': 144, 'bins': 5}",58,3,2,ok,174,232,0.6322268657386303,0.0674331821501255,0.7044608276337385,5,13,18,0,,
2026-05-15T23:05:45.561491,clean,sax,"{'w': 144, 'bins': 5}",58,4,2,ok,232,290,0.6341885002329946,0.0686853751540184,0.7804580694064498,5,6,9,0,,
2026-05-15T23:05:46.323060,clean,sax,"{'w': 144, 'bins': 5}",59,0,2,ok,0,59,0.6421376764774323,0.07375766430050135,0.72133400849998,5,8,12,0,,
2026-05-15T23:05:47.054892,clean,sax,"{'w': 144, 'bins': 5}",59,1,2,ok,59,118,0.6397414822131395,0.07901022303849459,0.7232277859002352,5,5,9,0,,
2026-05-15T23:05:47.783012,clean,sax,"{'w': 144, 'bins': 5}",59,2,2,ok,118,177,0.6445530531927943,0.06984147615730762,0.7187651814892888,5,4,7,0,,
2026-05-15T23:05:48.483807,clean,sax,"{'w': 144, 'bins': 5}",59,3,2,ok,177,236,0.6449780417606235,0.04251854307949543,0.6920458320528269,5,5,9,0,,
2026-05-15T23:05:49.210814,clean,sax,"{'w': 144, 'bins': 5}",59,4,2,ok,236,295,0.641018302179873,0.07259842567145824,0.7181704640388489,5,6,9,0,,
2026-05-15T23:05:49.978527,clean,sax,"{'w': 144, 'bins': 5}",60,0,2,ok,0,60,0.6577304909005761,0.07407965883612633,0.7365424111485481,5,8,12,0,,
2026-05-15T23:05:50.723753,clean,sax,"{'w': 144, 'bins': 5}",60,1,2,ok,60,120,0.6491170274093747,0.08202620968222618,0.7359175169840455,5,5,9,0,,
2026-05-15T23:05:51.436654,clean,sax,"{'w': 144, 'bins': 5}",60,2,2,ok,120,180,0.6563419420272112,0.04264224600046873,0.7037840057164431,5,4,7,0,,
2026-05-15T23:05:52.171458,clean,sax,"{'w': 144, 'bins': 5}",60,3,2,ok,180,240,0.649241741746664,0.0720096006989479,0.7261731093749404,5,5,9,0,,
2026-05-15T23:05:52.911473,clean,sax,"{'w': 144, 'bins': 5}",60,4,2,ok,240,300,0.6571483165025711,0.06779785826802254,0.7308062445372343,5,7,10,0,,
2026-05-15T23:05:53.683191,clean,sax,"{'w': 144, 'bins': 5}",61,0,2,ok,0,61,0.6602393547073007,0.07553805969655514,0.7403479106724262,5,8,12,0,,
2026-05-15T23:05:54.440454,clean,sax,"{'w': 144, 'bins': 5}",61,1,2,ok,61,122,0.6620318321511149,0.08172250911593437,0.7481787735596299,5,5,9,0,,
2026-05-15T23:05:55.160983,clean,sax,"{'w': 144, 'bins': 5}",61,2,2,ok,122,183,0.6603651409968734,0.04263769742101431,0.7112489901483059,5,4,7,0,,
2026-05-15T23:05:55.907460,clean,sax,"{'w': 144, 'bins': 5}",61,3,2,ok,183,244,0.6652936302125454,0.06751250103116035,0.7375694513320923,5,8,14,0,,
2026-05-15T23:05:56.655360,clean,sax,"{'w': 144, 'bins': 5}",61,4,2,ok,244,305,0.6594081427901983,0.07427788153290749,0.7385703008621931,5,6,9,0,,
2026-05-15T23:05:57.442748,clean,sax,"{'w': 144, 'bins': 5}",62,0,2,ok,0,62,0.6752966828644276,0.07587966229766607,0.756001160480082,5,8,12,0,,
2026-05-15T23:05:58.211388,clean,sax,"{'w': 144, 'bins': 5}",62,1,2,ok,62,124,0.6706506740301847,0.08385893423110247,0.7596028372645378,5,5,9,0,,
2026-05-15T23:05:58.943624,clean,sax,"{'w': 144, 'bins': 5}",62,2,2,ok,124,186,0.6746461214497685,0.04337306786328554,0.7228309791535139,5,4,7,0,,
2026-05-15T23:05:59.710178,clean,sax,"{'w': 144, 'bins': 5}",62,3,2,ok,186,248,0.6746958242729306,0.0779160363599658,0.7572987964376807,5,7,11,0,,
2026-05-15T23:06:00.455453,clean,sax,"{'w': 144, 'bins': 5}",62,4,2,ok,248,310,0.6647009775042534,0.06618095934391022,0.7357243839651346,5,8,12,0,,
2026-05-15T23:06:01.250054,clean,sax,"{'w': 144, 'bins': 5}",63,0,2,ok,0,63,0.6791393337771297,0.07909347862005234,0.763060593046248,5,8,12,0,,
2026-05-15T23:06:02.027951,clean,sax,"{'w': 144, 'bins': 5}",63,1,2,ok,63,126,0.6771899899467826,0.08559166919440031,0.7685327939689159,5,5,9,0,,
2026-05-15T23:06:02.769539,clean,sax,"{'w': 144, 'bins': 5}",63,2,2,ok,126,189,0.6796797681599855,0.046343037858605385,0.7315639369189739,5,4,7,0,,
2026-05-15T23:06:03.538876,clean,sax,"{'w': 144, 'bins': 5}",63,3,2,ok,189,252,0.6837381441146135,0.07101685553789139,0.7600153023377061,5,7,11,0,,
2026-05-15T23:06:04.303364,clean,sax,"{'w': 144, 'bins': 5}",63,4,2,ok,252,315,0.6747927367687225,0.07549535855650902,0.7550341719761491,5,6,9,0,,
2026-05-15T23:06:05.114913,clean,sax,"{'w': 144, 'bins': 5}",64,0,2,ok,0,64,0.6955976048484445,0.07849847059696913,0.7788064461201429,5,8,12,0,,
2026-05-15T23:06:05.902953,clean,sax,"{'w': 144, 'bins': 5}",64,1,2,ok,64,128,0.6911254208534956,0.08291780389845371,0.7787336679175496,5,5,9,0,,
2026-05-15T23:06:06.658959,clean,sax,"{'w': 144, 'bins': 5}",64,2,2,ok,128,192,0.695381136611104,0.04604347608983517,0.7461968688294291,5,4,7,0,,
2026-05-15T23:06:07.446044,clean,sax,"{'w': 144, 'bins': 5}",64,3,2,ok,192,256,0.6903177239000797,0.08144036773592234,0.777443683706224,5,7,11,0,,
2026-05-15T23:06:08.244716,clean,sax,"{'w': 144, 'bins': 5}",64,4,2,ok,256,320,0.6994151854887605,0.08339885715395212,0.7875086134299636,5,2,5,0,,
2026-05-15T23:06:09.064122,clean,sax,"{'w': 144, 'bins': 5}",65,0,2,ok,0,65,0.7028296515345573,0.07948044594377279,0.7871701680123806,5,8,12,0,,
2026-05-15T23:06:09.867120,clean,sax,"{'w': 144, 'bins': 5}",65,1,2,ok,65,130,0.7041744282469153,0.08434089832007885,0.7936656624078751,5,5,9,0,,
2026-05-15T23:06:10.633281,clean,sax,"{'w': 144, 'bins': 5}",65,2,2,ok,130,195,0.7059342544525862,0.04540525563061237,0.756424443796277,5,4,7,0,,
2026-05-15T23:06:11.446759,clean,sax,"{'w': 144, 'bins': 5}",65,3,2,ok,195,260,0.7045421078801155,0.09242990519851446,0.8036199128255248,5,8,13,0,,
2026-05-15T23:06:12.263222,clean,sax,"{'w': 144, 'bins': 5}",65,4,2,ok,260,325,0.7045217603445053,0.09632714744657278,0.8059061588719487,5,2,5,0,,
2026-05-15T23:06:13.101697,clean,sax,"{'w': 144, 'bins': 5}",66,0,2,ok,0,66,0.7200571186840534,0.08127675112336874,0.8064451022073627,5,8,12,0,,
2026-05-15T23:06:13.922658,clean,sax,"{'w': 144, 'bins': 5}",66,1,2,ok,66,132,0.7196712922304869,0.08647029846906662,0.8112612701952457,5,5,9,0,,
2026-05-15T23:06:14.707638,clean,sax,"{'w': 144, 'bins': 5}",66,2,2,ok,132,198,0.7206224286928773,0.049173155799508095,0.774617443792522,5,4,7,0,,
2026-05-15T23:06:15.538440,clean,sax,"{'w': 144, 'bins': 5}",66,3,2,ok,198,264,0.7219671849161386,0.09338342677801847,0.8208098793402314,5,8,13,0,,
2026-05-15T23:06:16.351615,clean,sax,"{'w': 144, 'bins': 5}",66,4,2,ok,264,330,0.7150776516646147,0.08284961618483067,0.8031470952555537,5,8,12,0,,
2026-05-15T23:06:17.201821,clean,sax,"{'w': 144, 'bins': 5}",67,0,2,ok,0,67,0.7302854945883155,0.08251756243407726,0.8178956350311637,5,8,12,0,,
2026-05-15T23:06:18.028442,clean,sax,"{'w': 144, 'bins': 5}",67,1,2,ok,67,134,0.7246457282453775,0.08715954329818487,0.8168355524539948,5,5,9,0,,
2026-05-15T23:06:18.826219,clean,sax,"{'w': 144, 'bins': 5}",67,2,2,ok,134,201,0.7312801517546177,0.05103652644902468,0.7874305760487914,5,5,9,0,,
2026-05-15T23:06:19.652693,clean,sax,"{'w': 144, 'bins': 5}",67,3,2,ok,201,268,0.7258587470278144,0.08499851264059544,0.8163420846685767,5,8,12,0,,
2026-05-15T23:06:20.483889,clean,sax,"{'w': 144, 'bins': 5}",67,4,2,ok,268,335,0.7261118432506919,0.08872066624462605,0.820140722207725,5,2,5,0,,
2026-05-15T23:06:21.347481,clean,sax,"{'w': 144, 'bins': 5}",68,0,2,ok,0,68,0.7420534230768681,0.08350564818829298,0.8307900093495846,5,8,12,0,,
2026-05-15T23:06:22.190949,clean,sax,"{'w': 144, 'bins': 5}",68,1,2,ok,68,136,0.7397196386009455,0.08816340938210487,0.833426202647388,5,5,9,0,,
2026-05-15T23:06:22.999717,clean,sax,"{'w': 144, 'bins': 5}",68,2,2,ok,136,204,0.7409621430560946,0.05170757696032524,0.7983093960210681,5,5,9,0,,
2026-05-15T23:06:23.829601,clean,sax,"{'w': 144, 'bins': 5}",68,3,2,ok,204,272,0.7380952164530754,0.07593950349837542,0.8196570826694369,5,7,10,0,,
2026-05-15T23:06:24.672099,clean,sax,"{'w': 144, 'bins': 5}",68,4,2,ok,272,340,0.7406114740297198,0.08634422160685062,0.8323011891916394,5,8,12,0,,
2026-05-15T23:06:25.550133,clean,sax,"{'w': 144, 'bins': 5}",69,0,2,ok,0,69,0.7546595670282841,0.08510668575763702,0.8452551458030939,5,8,12,0,,
2026-05-15T23:06:26.409213,clean,sax,"{'w': 144, 'bins': 5}",69,1,2,ok,69,138,0.754373780451715,0.08892922941595316,0.8488519042730331,5,5,9,0,,
2026-05-15T23:06:27.230566,clean,sax,"{'w': 144, 'bins': 5}",69,2,2,ok,138,207,0.7520802412182093,0.05279433913528919,0.8107571825385094,5,5,9,0,,
2026-05-15T23:06:28.076107,clean,sax,"{'w': 144, 'bins': 5}",69,3,2,ok,207,276,0.7510059606283903,0.07708754111081362,0.8348739705979824,5,7,10,0,,
2026-05-15T23:06:28.926204,clean,sax,"{'w': 144, 'bins': 5}",69,4,2,ok,276,345,0.7559851687401533,0.07788450829684734,0.8394848657771945,5,9,13,0,,
2026-05-15T23:06:29.817008,clean,sax,"{'w': 144, 'bins': 5}",70,0,2,ok,0,70,0.7654877798631787,0.08568593487143517,0.8569048512727022,5,8,12,0,,
2026-05-15T23:06:30.683870,clean,sax,"{'w': 144, 'bins': 5}",70,1,2,ok,70,140,0.762073346413672,0.08983081206679344,0.8569536255672574,5,5,9,0,,
2026-05-15T23:06:31.505453,clean,sax,"{'w': 144, 'bins': 5}",70,2,2,ok,140,210,0.7555989604443312,0.050997273065149784,0.8117560977116227,5,5,9,0,,
2026-05-15T23:06:32.359010,clean,sax,"{'w': 144, 'bins': 5}",70,3,2,ok,210,280,0.7591066109016538,0.0782496640458703,0.8430188028141856,5,7,10,0,,
2026-05-15T23:06:33.230424,clean,sax,"{'w': 144, 'bins': 5}",70,4,2,ok,280,350,0.7601238628849387,0.09458524361252785,0.8605479570105672,5,9,14,0,,
2026-05-15T23:06:34.130689,clean,sax,"{'w': 144, 'bins': 5}",71,0,2,ok,0,71,0.7705583069473505,0.08934741374105215,0.8656908795237541,5,8,12,0,,
2026-05-15T23:06:35.011608,clean,sax,"{'w': 144, 'bins': 5}",71,1,2,ok,71,142,0.7717997496947646,0.09239002875983715,0.869698990136385,5,5,9,0,,
2026-05-15T23:06:35.867322,clean,sax,"{'w': 144, 'bins': 5}",71,2,2,ok,142,213,0.7791090616956353,0.05463866237550974,0.8443819945678115,5,5,9,0,,
2026-05-15T23:06:36.736729,clean,sax,"{'w': 144, 'bins': 5}",71,3,2,ok,213,284,0.7715059975162148,0.0801877249032259,0.8576110387220979,5,7,10,0,,
2026-05-15T23:06:37.619605,clean,sax,"{'w': 144, 'bins': 5}",71,4,2,ok,284,355,0.770979568362236,0.0944884130731225,0.8713221093639731,5,3,7,0,,
2026-05-15T23:06:38.523918,clean,sax,"{'w': 144, 'bins': 5}",72,0,2,ok,0,72,0.7792072556912899,0.08677351847290993,0.8710849434137344,5,8,12,0,,
2026-05-15T23:06:39.410393,clean,sax,"{'w': 144, 'bins': 5}",72,1,2,ok,72,144,0.777698090299964,0.0918763242661953,0.8757335459813476,5,5,9,0,,
2026-05-15T23:06:40.263240,clean,sax,"{'w': 144, 'bins': 5}",72,2,2,ok,144,216,0.7802936974912882,0.05513444636017084,0.8416138244792819,5,5,9,0,,
2026-05-15T23:06:41.148656,clean,sax,"{'w': 144, 'bins': 5}",72,3,2,ok,216,288,0.785926790907979,0.08154005464166403,0.874265618622303,5,7,10,0,,
2026-05-15T23:06:42.036531,clean,sax,"{'w': 144, 'bins': 5}",72,4,2,ok,288,360,0.7795271268114448,0.09040641412138939,0.876427992247045,5,3,7,0,,
2026-05-15T23:06:42.964060,clean,sax,"{'w': 144, 'bins': 5}",73,0,2,ok,0,73,0.7920230329036713,0.09525417070835829,0.8937743809074163,5,2,5,0,,
2026-05-15T23:06:43.849238,clean,sax,"{'w': 144, 'bins': 5}",73,1,2,ok,73,146,0.7942058742046356,0.07134048268198967,0.8735377108678222,5,10,15,0,,
2026-05-15T23:06:44.719351,clean,sax,"{'w': 144, 'bins': 5}",73,2,2,ok,146,219,0.7960902256891131,0.05526805575937033,0.8579948889091611,5,5,9,0,,
2026-05-15T23:06:45.617934,clean,sax,"{'w': 144, 'bins': 5}",73,3,2,ok,219,292,0.7973095262423158,0.08203682769089937,0.8862476199865341,5,7,10,0,,
2026-05-15T23:06:46.540342,clean,sax,"{'w': 144, 'bins': 5}",73,4,2,ok,292,365,0.7994616897776723,0.10517981927841902,0.9106746837496758,5,3,7,0,,
2026-05-15T23:06:47.488196,clean,sax,"{'w': 144, 'bins': 5}",74,0,2,ok,0,74,0.8103210516273975,0.09712833259254694,0.9140290962532163,5,2,5,0,,
2026-05-15T23:06:48.387081,clean,sax,"{'w': 144, 'bins': 5}",74,1,2,ok,74,148,0.810399878770113,0.07040509581565857,0.8870662078261375,5,10,15,0,,
2026-05-15T23:06:49.277925,clean,sax,"{'w': 144, 'bins': 5}",74,2,2,ok,148,222,0.8143259948119521,0.05849479790776968,0.8792456537485123,5,5,9,0,,
2026-05-15T23:06:50.195544,clean,sax,"{'w': 144, 'bins': 5}",74,3,2,ok,222,296,0.8163807950913906,0.08361655659973621,0.9061276903375983,5,7,10,0,,
2026-05-15T23:06:51.140265,clean,sax,"{'w': 144, 'bins': 5}",74,4,2,ok,296,370,0.8180645285174251,0.10699735395610332,0.9318610662594438,5,3,7,0,,
2026-05-15T23:06:52.107432,clean,sax,"{'w': 144, 'bins': 5}",75,0,2,ok,0,75,0.8242649277672172,0.09861507546156645,0.9321356127038598,5,2,5,0,,
2026-05-15T23:06:53.015494,clean,sax,"{'w': 144, 'bins': 5}",75,1,2,ok,75,150,0.8181088212877512,0.07116719707846642,0.8958122786134481,5,10,15,0,,
2026-05-15T23:06:53.919506,clean,sax,"{'w': 144, 'bins': 5}",75,2,2,ok,150,225,0.8270756490528584,0.05749667249619961,0.8918529506772757,5,5,9,0,,
2026-05-15T23:06:54.847707,clean,sax,"{'w': 144, 'bins': 5}",75,3,2,ok,225,300,0.8245674567297101,0.08518239762634039,0.9163237856701016,5,7,10,0,,
2026-05-15T23:06:55.769516,clean,sax,"{'w': 144, 'bins': 5}",75,4,2,ok,300,375,0.8199445707723498,0.08074778597801924,0.9099606294184923,5,15,19,0,,
2026-05-15T23:06:56.748696,clean,sax,"{'w': 144, 'bins': 5}",76,0,2,ok,0,76,0.8378067398443818,0.09941786248236895,0.9442332610487938,5,2,5,0,,
2026-05-15T23:06:57.660495,clean,sax,"{'w': 144, 'bins': 5}",76,1,2,ok,76,152,0.8244902202859521,0.0686100423336029,0.8991465829312801,5,14,18,0,,
2026-05-15T23:06:58.564466,clean,sax,"{'w': 144, 'bins': 5}",76,2,2,ok,152,228,0.8284492380917072,0.05728363338857889,0.8920194935053587,5,5,9,0,,
2026-05-15T23:06:59.499956,clean,sax,"{'w': 144, 'bins': 5}",76,3,2,ok,228,304,0.832198852673173,0.08458244241774082,0.9233886189758778,5,7,10,0,,
2026-05-15T23:07:00.429094,clean,sax,"{'w': 144, 'bins': 5}",76,4,2,ok,304,380,0.8306372296065092,0.07933949958533049,0.9170799953863025,5,5,9,0,,
2026-05-15T23:07:01.411344,clean,sax,"{'w': 144, 'bins': 5}",77,0,2,ok,0,77,0.8414483210071921,0.09952411334961653,0.9471469847485423,5,2,5,0,,
2026-05-15T23:07:02.340496,clean,sax,"{'w': 144, 'bins': 5}",77,1,2,ok,77,154,0.8396814614534378,0.07003109157085419,0.9164461838081479,5,14,18,0,,
2026-05-15T23:07:03.320950,clean,sax,"{'w': 144, 'bins': 5}",77,2,2,ok,154,231,0.9056135322898626,0.0574725279584527,0.9685195395722985,5,5,9,0,,
2026-05-15T23:07:04.262487,clean,sax,"{'w': 144, 'bins': 5}",77,3,2,ok,231,308,0.8377316081896424,0.08538853470236063,0.9295036364346743,5,7,10,0,,
2026-05-15T23:07:05.222713,clean,sax,"{'w': 144, 'bins': 5}",77,4,2,ok,308,385,0.8355977395549417,0.10534916631877422,0.9477587938308716,5,3,7,0,,
2026-05-15T23:07:06.207775,clean,sax,"{'w': 144, 'bins': 5}",78,0,2,ok,0,78,0.8435514820739627,0.10083067882806063,0.9500624425709248,5,2,5,0,,
2026-05-15T23:07:07.146186,clean,sax,"{'w': 144, 'bins': 5}",78,1,2,ok,78,156,0.8523973813280463,0.0670904777944088,0.9258914897218347,5,14,17,0,,
2026-05-15T23:07:08.073341,clean,sax,"{'w': 144, 'bins': 5}",78,2,2,ok,156,234,0.852296631783247,0.05693704169243574,0.9151805769652128,5,5,9,0,,
2026-05-15T23:07:09.029978,clean,sax,"{'w': 144, 'bins': 5}",78,3,2,ok,234,312,0.8513966407626867,0.08666484337300062,0.943763006478548,5,7,10,0,,
2026-05-15T23:07:10.010629,clean,sax,"{'w': 144, 'bins': 5}",78,4,2,ok,312,390,0.8512773970142007,0.11036927904933691,0.96767533197999,5,3,7,0,,
2026-05-15T23:07:11.015775,clean,sax,"{'w': 144, 'bins': 5}",79,0,2,ok,0,79,0.8609534362331033,0.10239732172340155,0.9698010059073567,5,2,5,0,,
2026-05-15T23:07:11.976268,clean,sax,"{'w': 144, 'bins': 5}",79,1,2,ok,79,158,0.8589113997295499,0.08267073892056942,0.9474826948717237,5,12,17,0,,
2026-05-15T23:07:12.908687,clean,sax,"{'w': 144, 'bins': 5}",79,2,2,ok,158,237,0.8575354544445872,0.05664620455354452,0.9201960293576121,5,5,9,0,,
2026-05-15T23:07:13.824543,clean,sax,"{'w': 144, 'bins': 5}",79,3,2,ok,237,316,0.8532424783334136,0.04523880407214165,0.9043606789782643,5,8,11,0,,
2026-05-15T23:07:14.801474,clean,sax,"{'w': 144, 'bins': 5}",79,4,2,ok,316,395,0.8587825773283839,0.10019223764538765,0.9649772327393293,5,5,9,0,,
2026-05-15T23:07:15.824348,clean,sax,"{'w': 144, 'bins': 5}",80,0,2,ok,0,80,0.8760284464806318,0.1037204684689641,0.9866975797340274,5,2,5,0,,
2026-05-15T23:07:16.801837,clean,sax,"{'w': 144, 'bins': 5}",80,1,2,ok,80,160,0.874032286927104,0.08452804759144783,0.9646113440394402,5,12,17,0,,
2026-05-15T23:07:17.752565,clean,sax,"{'w': 144, 'bins': 5}",80,2,2,ok,160,240,0.8724346458911896,0.05969384033232927,0.9381323661655188,5,5,9,0,,
2026-05-15T23:07:18.689763,clean,sax,"{'w': 144, 'bins': 5}",80,3,2,ok,240,320,0.8735258672386408,0.046470046043395996,0.9258909979835153,5,8,11,0,,
2026-05-15T23:07:19.652858,clean,sax,"{'w': 144, 'bins': 5}",80,4,2,ok,320,400,0.8546411963179708,0.09227718878537416,0.9523592367768288,5,8,14,0,,
2026-05-15T23:07:20.675632,clean,sax,"{'w': 144, 'bins': 5}",81,0,2,ok,0,81,0.8756523113697767,0.10497014410793781,0.987037468701601,5,2,5,0,,
2026-05-15T23:07:21.658728,clean,sax,"{'w': 144, 'bins': 5}",81,1,2,ok,81,162,0.8783251326531172,0.08530803583562374,0.9701036540791392,5,12,17,0,,
2026-05-15T23:07:22.624799,clean,sax,"{'w': 144, 'bins': 5}",81,2,2,ok,162,243,0.8852322790771723,0.06066826265305281,0.9535624766722322,5,5,9,0,,
2026-05-15T23:07:23.567275,clean,sax,"{'w': 144, 'bins': 5}",81,3,2,ok,243,324,0.8766953898593783,0.04723207838833332,0.930136282928288,5,8,11,0,,
2026-05-15T23:07:24.552088,clean,sax,"{'w': 144, 'bins': 5}",81,4,2,ok,324,405,0.8811218673363328,0.08534962218254805,0.9728294042870402,5,8,14,0,,
2026-05-15T23:07:25.595098,clean,sax,"{'w': 144, 'bins': 5}",82,0,2,ok,0,82,0.8945064945146441,0.10612828936427832,1.0070299888029695,5,2,5,0,,
2026-05-15T23:07:26.595938,clean,sax,"{'w': 144, 'bins': 5}",82,1,2,ok,82,164,0.8920603785663843,0.08906618598848581,0.9873624294996262,5,12,17,0,,
2026-05-15T23:07:27.566085,clean,sax,"{'w': 144, 'bins': 5}",82,2,2,ok,164,246,0.8906814465299249,0.0604906277731061,0.9574628435075283,5,5,9,0,,
2026-05-15T23:07:28.522997,clean,sax,"{'w': 144, 'bins': 5}",82,3,2,ok,246,328,0.8901731316000223,0.047754148952662945,0.9445054391399026,5,8,11,0,,
2026-05-15T23:07:29.521972,clean,sax,"{'w': 144, 'bins': 5}",82,4,2,ok,328,410,0.8890516441315413,0.08769763261079788,0.983477097004652,5,8,14,0,,
2026-05-15T23:07:30.580698,clean,sax,"{'w': 144, 'bins': 5}",83,0,2,ok,0,83,0.9078298639506102,0.10768738947808743,1.022637952119112,5,2,5,0,,
2026-05-15T23:07:31.590480,clean,sax,"{'w': 144, 'bins': 5}",83,1,2,ok,83,166,0.9021264296025038,0.08779759146273136,0.996289350092411,5,12,17,0,,
2026-05-15T23:07:32.614417,clean,sax,"{'w': 144, 'bins': 5}",83,2,2,ok,166,249,0.9029405182227492,0.1012282045558095,1.011088402941823,5,7,11,0,,
2026-05-15T23:07:33.647698,clean,sax,"{'w': 144, 'bins': 5}",83,3,2,ok,249,332,0.9014531644061208,0.10934681817889214,1.0182277569547296,5,2,5,0,,
2026-05-15T23:07:34.672659,clean,sax,"{'w': 144, 'bins': 5}",83,4,2,ok,332,415,0.9060765793547034,0.0982387475669384,1.0122538022696972,5,5,9,0,,
2026-05-15T23:07:35.749939,clean,sax,"{'w': 144, 'bins': 5}",84,0,2,ok,0,84,0.920786545611918,0.10977884847670794,1.0382203366607428,5,2,5,0,,
2026-05-15T23:07:36.782204,clean,sax,"{'w': 144, 'bins': 5}",84,1,2,ok,84,168,0.9184288270771503,0.08824985101819038,1.0189081449061632,5,12,17,0,,
2026-05-15T23:07:37.823985,clean,sax,"{'w': 144, 'bins': 5}",84,2,2,ok,168,252,0.9190620454028249,0.1021967139095068,1.0284940833225846,5,7,11,0,,
2026-05-15T23:07:38.885880,clean,sax,"{'w': 144, 'bins': 5}",84,3,2,ok,252,336,0.9160289075225592,0.1241881512105465,1.0473049152642488,5,2,5,0,,
2026-05-15T23:07:39.932730,clean,sax,"{'w': 144, 'bins': 5}",84,4,2,ok,336,420,0.91526014264673,0.11181441321969032,1.0339692998677492,5,5,9,0,,
2026-05-15T23:07:41.022249,clean,sax,"{'w': 144, 'bins': 5}",85,0,2,ok,0,85,0.9342708792537451,0.1106145791709423,1.0534086916595697,5,2,5,0,,
2026-05-15T23:07:42.067679,clean,sax,"{'w': 144, 'bins': 5}",85,1,2,ok,85,170,0.9342059381306171,0.090157525613904,1.0317259849980474,5,12,17,0,,
2026-05-15T23:07:43.129412,clean,sax,"{'w': 144, 'bins': 5}",85,2,2,ok,170,255,0.9369233334437013,0.10372351296246052,1.0480309799313545,5,7,11,0,,
2026-05-15T23:07:44.197255,clean,sax,"{'w': 144, 'bins': 5}",85,3,2,ok,255,340,0.9337576953694224,0.11166603490710258,1.0531731396913528,5,2,5,0,,
2026-05-15T23:07:45.241377,clean,sax,"{'w': 144, 'bins': 5}",85,4,2,ok,340,425,0.9315363820642233,0.09181447792798281,1.0309968553483486,5,8,13,0,,
2026-05-15T23:07:46.340389,clean,sax,"{'w': 144, 'bins': 5}",86,0,2,ok,0,86,0.9423405611887574,0.11176568176597357,1.0615882901474833,5,2,5,0,,
2026-05-15T23:07:47.450653,clean,sax,"{'w': 144, 'bins': 5}",86,1,2,ok,86,172,0.9424155214801431,0.14567549154162407,1.09550092369318,5,3,6,0,,
2026-05-15T23:07:48.585404,clean,sax,"{'w': 144, 'bins': 5}",86,2,2,ok,172,258,1.0066533191129565,0.10725803300738335,1.1212282693013549,5,8,13,0,,
2026-05-15T23:07:49.649207,clean,sax,"{'w': 144, 'bins': 5}",86,3,2,ok,258,344,0.9355256371200085,0.10701261181384325,1.050478576682508,5,8,12,0,,
2026-05-15T23:07:50.725778,clean,sax,"{'w': 144, 'bins': 5}",86,4,2,ok,344,430,0.9403420742601156,0.11656056996434927,1.0636152066290379,5,8,13,0,,
2026-05-15T23:07:51.820805,clean,sax,"{'w': 144, 'bins': 5}",87,0,2,ok,0,87,0.942918156273663,0.11057178862392902,1.05945607367903,5,2,5,0,,
2026-05-15T23:07:52.910173,clean,sax,"{'w': 144, 'bins': 5}",87,1,2,ok,87,174,0.926046677865088,0.14426344819366932,1.0758712934330106,5,3,6,0,,
2026-05-15T23:07:53.977848,clean,sax,"{'w': 144, 'bins': 5}",87,2,2,ok,174,261,0.9393638065084815,0.10830836743116379,1.0542365266010165,5,8,13,0,,
2026-05-15T23:07:55.052268,clean,sax,"{'w': 144, 'bins': 5}",87,3,2,ok,261,348,0.939448126591742,0.11393823381513357,1.0604625651612878,5,9,14,0,,
2026-05-15T23:07:56.108563,clean,sax,"{'w': 144, 'bins': 5}",87,4,2,ok,348,435,0.9373362278565764,0.09906869754195213,1.0430937921628356,5,7,12,0,,
2026-05-15T23:07:57.220833,clean,sax,"{'w': 144, 'bins': 5}",88,0,2,ok,0,88,0.9549829112365842,0.11270870454609394,1.0743234157562256,5,2,5,0,,
2026-05-15T23:07:58.335292,clean,sax,"{'w': 144, 'bins': 5}",88,1,2,ok,88,176,0.9533181432634592,0.13955016154795885,1.099585235118866,5,4,7,0,,
2026-05-15T23:07:59.418420,clean,sax,"{'w': 144, 'bins': 5}",88,2,2,ok,176,264,0.9557583378627896,0.10661781951785088,1.0692576067522168,5,8,13,0,,
2026-05-15T23:08:00.504478,clean,sax,"{'w': 144, 'bins': 5}",88,3,2,ok,264,352,0.9511203346773982,0.1146034225821495,1.0725259678438306,5,9,14,0,,
2026-05-15T23:08:01.599913,clean,sax,"{'w': 144, 'bins': 5}",88,4,2,ok,352,440,0.9465034501627088,0.12868784368038177,1.0820638360455632,5,5,8,0,,
2026-05-15T23:08:02.721177,clean,sax,"{'w': 144, 'bins': 5}",89,0,2,ok,0,89,0.9626199193298817,0.11509778164327145,1.0846862932667136,5,2,5,0,,
2026-05-15T23:08:03.828440,clean,sax,"{'w': 144, 'bins': 5}",89,1,2,ok,89,178,0.9638970289379358,0.12249819561839104,1.0933969290927052,5,5,9,0,,
2026-05-15T23:08:04.914387,clean,sax,"{'w': 144, 'bins': 5}",89,2,2,ok,178,267,0.9641273217275739,0.10255850479006767,1.0730415172874928,5,8,13,0,,
2026-05-15T23:08:06.015176,clean,sax,"{'w': 144, 'bins': 5}",89,3,2,ok,267,356,0.9648745143786073,0.11487801931798458,1.0866424180567265,5,3,7,0,,
2026-05-15T23:08:07.098779,clean,sax,"{'w': 144, 'bins': 5}",89,4,2,ok,356,445,0.9629804668948054,0.1005185404792428,1.0702392514795065,5,7,12,0,,
2026-05-15T23:08:08.233074,clean,sax,"{'w': 144, 'bins': 5}",90,0,2,ok,0,90,0.9750802684575319,0.11542917415499687,1.0974108995869756,5,2,5,0,,
2026-05-15T23:08:09.372744,clean,sax,"{'w': 144, 'bins': 5}",90,1,2,ok,90,180,0.9712147153913975,0.14602388441562653,1.1240262929350138,5,4,7,0,,
2026-05-15T23:08:10.478527,clean,sax,"{'w': 144, 'bins': 5}",90,2,2,ok,180,270,0.966488997451961,0.11842239834368229,1.0916591035202146,5,8,13,0,,
2026-05-15T23:08:11.587593,clean,sax,"{'w': 144, 'bins': 5}",90,3,2,ok,270,360,0.9721366679295897,0.11559305340051651,1.0947342310100794,5,3,7,0,,
2026-05-15T23:08:12.716638,clean,sax,"{'w': 144, 'bins': 5}",90,4,2,ok,360,450,0.9752748440951109,0.13220266718417406,1.1150569813326001,5,5,8,0,,
2026-05-15T23:08:13.869482,clean,sax,"{'w': 144, 'bins': 5}",91,0,2,ok,0,91,0.9908104930073023,0.1174140740185976,1.1152173532173038,5,2,5,0,,
2026-05-15T23:08:15.020043,clean,sax,"{'w': 144, 'bins': 5}",91,1,2,ok,91,182,0.9765127897262573,0.15167938079684973,1.1353170862421393,5,4,7,0,,
2026-05-15T23:08:16.144810,clean,sax,"{'w': 144, 'bins': 5}",91,2,2,ok,182,273,0.9837018763646483,0.11958712618798018,1.110447471961379,5,8,13,0,,
2026-05-15T23:08:17.269224,clean,sax,"{'w': 144, 'bins': 5}",91,3,2,ok,273,364,0.9871946284547448,0.11692715808749199,1.1104417005553842,5,3,7,0,,
2026-05-15T23:08:18.402207,clean,sax,"{'w': 144, 'bins': 5}",91,4,2,ok,364,455,0.9794417321681976,0.13279714528471231,1.1192822502925992,5,5,8,0,,
2026-05-15T23:08:19.551580,clean,sax,"{'w': 144, 'bins': 5}",92,0,2,ok,0,92,0.990123450756073,0.11679011210799217,1.1129255974665284,5,2,5,0,,
2026-05-15T23:08:20.712141,clean,sax,"{'w': 144, 'bins': 5}",92,1,2,ok,92,184,0.9888089820742607,0.15173881221562624,1.1464955676347017,5,4,7,0,,
2026-05-15T23:08:21.835891,clean,sax,"{'w': 144, 'bins': 5}",92,2,2,ok,184,276,0.9797684447839856,0.12411337997764349,1.1098072780296206,5,8,13,0,,
2026-05-15T23:08:22.970729,clean,sax,"{'w': 144, 'bins': 5}",92,3,2,ok,276,368,0.9929140629246831,0.12009150348603725,1.1199208982288837,5,3,7,0,,
2026-05-15T23:08:24.121702,clean,sax,"{'w': 144, 'bins': 5}",92,4,2,ok,368,460,1.0011205933988094,0.1256975857540965,1.134888170287013,5,2,5,0,,
2026-05-15T23:08:25.305962,clean,sax,"{'w': 144, 'bins': 5}",93,0,2,ok,0,93,1.0178975323215127,0.12041592411696911,1.1464387914165854,5,2,5,0,,
2026-05-15T23:08:26.501252,clean,sax,"{'w': 144, 'bins': 5}",93,1,2,ok,93,186,1.0129411704838276,0.15817600581794977,1.1798448618501425,5,4,7,0,,
2026-05-15T23:08:27.667958,clean,sax,"{'w': 144, 'bins': 5}",93,2,2,ok,186,279,1.0147417318075895,0.12808213662356138,1.1517353113740683,5,8,13,0,,
2026-05-15T23:08:28.832657,clean,sax,"{'w': 144, 'bins': 5}",93,3,2,ok,279,372,1.0161162447184324,0.12427105568349361,1.1493237502872944,5,3,7,0,,
2026-05-15T23:08:29.995754,clean,sax,"{'w': 144, 'bins': 5}",93,4,2,ok,372,465,1.0106662260368466,0.12691307067871094,1.146199551410973,5,2,5,0,,
2026-05-15T23:08:31.197361,clean,sax,"{'w': 144, 'bins': 5}",94,0,2,ok,0,94,1.0317759765312076,0.12167462892830372,1.1615841751918197,5,2,5,0,,
2026-05-15T23:08:32.403391,clean,sax,"{'w': 144, 'bins': 5}",94,1,2,ok,94,188,1.0223408285528421,0.1591827580705285,1.1901747500523925,5,4,7,0,,
2026-05-15T23:08:33.581030,clean,sax,"{'w': 144, 'bins': 5}",94,2,2,ok,188,282,1.0248462660238147,0.12901001051068306,1.1627794010564685,5,8,13,0,,
2026-05-15T23:08:34.754683,clean,sax,"{'w': 144, 'bins': 5}",94,3,2,ok,282,376,1.0232002334669232,0.1259047258645296,1.158043172210455,5,3,7,0,,
2026-05-15T23:08:35.910016,clean,sax,"{'w': 144, 'bins': 5}",94,4,2,ok,376,470,1.0039755944162607,0.1272141970694065,1.1376931285485625,5,2,5,0,,
2026-05-15T23:08:37.105796,clean,sax,"{'w': 144, 'bins': 5}",95,0,2,ok,0,95,1.0280118323862553,0.12209666986018419,1.157541187480092,5,2,5,0,,
2026-05-15T23:08:38.315948,clean,sax,"{'w': 144, 'bins': 5}",95,1,2,ok,95,190,1.026676032692194,0.15969909727573395,1.1940563609823585,5,4,7,0,,
2026-05-15T23:08:39.492775,clean,sax,"{'w': 144, 'bins': 5}",95,2,2,ok,190,285,1.0280317906290293,0.12581041920930147,1.1616691844537854,5,8,13,0,,
2026-05-15T23:08:40.670651,clean,sax,"{'w': 144, 'bins': 5}",95,3,2,ok,285,380,1.028240212239325,0.1262683980166912,1.1622484419494867,5,3,7,0,,
2026-05-15T23:08:41.812586,clean,sax,"{'w': 144, 'bins': 5}",95,4,2,ok,380,475,1.0437263865023851,0.06830159295350313,1.1276309732347727,5,8,12,0,,
2026-05-15T23:08:43.045718,clean,sax,"{'w': 144, 'bins': 5}",96,0,2,ok,0,96,1.0599288074299693,0.12408048752695322,1.1929429490119219,5,2,5,0,,
2026-05-15T23:08:44.278418,clean,sax,"{'w': 144, 'bins': 5}",96,1,2,ok,96,192,1.0453658550977707,0.16196510381996632,1.2166602369397879,5,4,7,0,,
2026-05-15T23:08:45.481285,clean,sax,"{'w': 144, 'bins': 5}",96,2,2,ok,192,288,1.0455262567847967,0.13274479564279318,1.1874067168682814,5,8,13,0,,
2026-05-15T23:08:46.686611,clean,sax,"{'w': 144, 'bins': 5}",96,3,2,ok,288,384,1.0488651087507606,0.13193807005882263,1.1899625873193145,5,9,14,0,,
2026-05-15T23:08:47.827998,clean,sax,"{'w': 144, 'bins': 5}",96,4,2,ok,384,480,1.0515371514484286,0.06576231122016907,1.1262623518705368,5,8,12,0,,
2026-05-15T23:08:49.070805,clean,sax,"{'w': 144, 'bins': 5}",97,0,2,ok,0,97,1.068583196029067,0.12624545488506556,1.2038908367976546,5,2,5,0,,
2026-05-15T23:08:50.322818,clean,sax,"{'w': 144, 'bins': 5}",97,1,2,ok,97,194,1.0615839762613177,0.1652228245511651,1.2354277968406677,5,4,7,0,,
2026-05-15T23:08:51.545588,clean,sax,"{'w': 144, 'bins': 5}",97,2,2,ok,194,291,1.062946985475719,0.13501379918307066,1.2068272726610303,5,8,13,0,,
2026-05-15T23:08:52.766592,clean,sax,"{'w': 144, 'bins': 5}",97,3,2,ok,291,388,1.062851577065885,0.13393803779035807,1.205424358136952,5,9,14,0,,
2026-05-15T23:08:53.922838,clean,sax,"{'w': 144, 'bins': 5}",97,4,2,ok,388,485,1.0657827639952302,0.06662123464047909,1.141126126050949,5,8,12,0,,
2026-05-15T23:08:55.178923,clean,sax,"{'w': 144, 'bins': 5}",98,0,2,ok,0,98,1.0800828794017434,0.12778695207089186,1.216747029684484,5,2,5,0,,
2026-05-15T23:08:56.440689,clean,sax,"{'w': 144, 'bins': 5}",98,1,2,ok,98,196,1.0684618772938848,0.1667388416826725,1.2441844381392002,5,4,7,0,,
2026-05-15T23:08:57.671526,clean,sax,"{'w': 144, 'bins': 5}",98,2,2,ok,196,294,1.06470397580415,0.13882073108106852,1.2145844865590334,5,8,13,0,,
2026-05-15T23:08:58.895635,clean,sax,"{'w': 144, 'bins': 5}",98,3,2,ok,294,392,1.0651043094694614,0.13298609014600515,1.207386964932084,5,3,7,0,,
2026-05-15T23:09:00.130874,clean,sax,"{'w': 144, 'bins': 5}",98,4,2,ok,392,490,1.145198286511004,0.06583451759070158,1.2204336859285831,5,8,12,0,,
2026-05-15T23:09:01.400419,clean,sax,"{'w': 144, 'bins': 5}",99,0,2,ok,0,99,1.0888325795531273,0.12876411713659763,1.227543443441391,5,2,5,0,,
2026-05-15T23:09:02.676596,clean,sax,"{'w': 144, 'bins': 5}",99,1,2,ok,99,198,1.0843616388738155,0.1654961695894599,1.259287784807384,5,4,7,0,,
2026-05-15T23:09:03.927420,clean,sax,"{'w': 144, 'bins': 5}",99,2,2,ok,198,297,1.0850655706599355,0.14041492622345686,1.234734102152288,5,8,13,0,,
2026-05-15T23:09:05.167224,clean,sax,"{'w': 144, 'bins': 5}",99,3,2,ok,297,396,1.079969366081059,0.133929330855608,1.2231145314872265,5,3,7,0,,
2026-05-15T23:09:06.343028,clean,sax,"{'w': 144, 'bins': 5}",99,4,2,ok,396,495,1.084974929690361,0.06684893369674683,1.1606452874839306,5,8,12,0,,
2026-05-15T23:09:07.563793,clean,sax,"{'w': 144, 'bins': 5}",100,0,2,ok,0,100,1.1022285856306553,0.0708179697394371,1.1823740405961871,5,7,10,0,,
2026-05-15T23:09:08.827873,clean,sax,"{'w': 144, 'bins': 5}",100,1,2,ok,100,200,1.1062737759202719,0.13084879331290722,1.247508722357452,5,5,9,0,,
2026-05-15T23:09:10.088980,clean,sax,"{'w': 144, 'bins': 5}",100,2,2,ok,200,300,1.1019795779138803,0.13124232273548841,1.2432302441447973,5,8,12,0,,
2026-05-15T23:09:11.361862,clean,sax,"{'w': 144, 'bins': 5}",100,3,2,ok,300,400,1.1030609989538789,0.142348637804389,1.255314846523106,5,3,7,0,,
2026-05-15T23:09:12.546147,clean,sax,"{'w': 144, 'bins': 5}",100,4,2,ok,400,500,1.092035785317421,0.06789549998939037,1.1689269468188286,5,8,12,0,,
2026-05-15T23:09:12.814280,clean,persist,{'bins': 6},1,0,2,ok,0,1,0.15409726090729237,0.007487817667424679,0.16203625686466694,5,6,11,0,,
2026-05-15T23:09:12.972415,clean,persist,{'bins': 6},1,1,2,ok,1,2,0.14914026949554682,0.007022984325885773,0.15656546968966722,5,9,12,0,,
2026-05-15T23:09:13.127225,clean,persist,{'bins': 6},1,2,2,ok,2,3,0.148221624083817,0.004776873625814915,0.15337621793150902,5,6,9,0,,
2026-05-15T23:09:13.289671,clean,persist,{'bins': 6},1,3,2,ok,3,4,0.15352194104343653,0.007132980972528458,0.16103478614240885,5,14,17,0,,
2026-05-15T23:09:13.451867,clean,persist,{'bins': 6},1,4,2,ok,4,5,0.1503088641911745,0.009963388554751873,0.16067995876073837,5,14,19,0,,
2026-05-15T23:09:13.666495,clean,persist,{'bins': 6},2,0,2,ok,0,2,0.15520254895091057,0.018090257421135902,0.17382192984223366,5,5,9,0,,
2026-05-15T23:09:13.844830,clean,persist,{'bins': 6},2,1,2,ok,2,4,0.15799662750214338,0.017845215275883675,0.17650326620787382,5,4,8,0,,
2026-05-15T23:09:14.023145,clean,persist,{'bins': 6},2,2,2,ok,4,6,0.15515146311372519,0.020553644746541977,0.1762271085754037,5,11,17,0,,
2026-05-15T23:09:14.200361,clean,persist,{'bins': 6},2,3,2,ok,6,8,0.1559197772294283,0.01883632969111204,0.17528769467025995,5,7,11,0,,
2026-05-15T23:09:14.381034,clean,persist,{'bins': 6},2,4,2,ok,8,10,0.15727500151842833,0.021046822890639305,0.17884400580078363,5,11,16,0,,
2026-05-15T23:09:14.611349,clean,persist,{'bins': 6},3,0,2,ok,0,3,0.15928919706493616,0.029278848320245743,0.1892011146992445,5,4,8,0,,
2026-05-15T23:09:14.802302,clean,persist,{'bins': 6},3,1,2,ok,3,6,0.16358167119324207,0.024417235516011715,0.18860717955976725,5,6,10,0,,
2026-05-15T23:09:15.006756,clean,persist,{'bins': 6},3,2,2,ok,6,9,0.1654203962534666,0.0360183184966445,0.20219513587653637,5,7,12,0,,
2026-05-15T23:09:15.195548,clean,persist,{'bins': 6},3,3,2,ok,9,12,0.16227372270077467,0.023558381013572216,0.18655822798609734,5,6,10,0,,
2026-05-15T23:09:15.387484,clean,persist,{'bins': 6},3,4,2,ok,12,15,0.16029054764658213,0.028734395280480385,0.1896568490192294,5,8,14,0,,
2026-05-15T23:09:15.633117,clean,persist,{'bins': 6},4,0,2,ok,0,4,0.16753219347447157,0.03267808444797993,0.20096908323466778,5,8,13,0,,
2026-05-15T23:09:15.851061,clean,persist,{'bins': 6},4,1,2,ok,4,8,0.16434034705162048,0.04949974734336138,0.21458959300071,5,5,10,0,,
2026-05-15T23:09:16.069324,clean,persist,{'bins': 6},4,2,2,ok,8,12,0.16738014668226242,0.047359928488731384,0.21548802126199007,5,17,25,0,,
2026-05-15T23:09:16.291320,clean,persist,{'bins': 6},4,3,2,ok,12,16,0.16577968187630177,0.052820165641605854,0.21932715363800526,5,14,23,0,,
2026-05-15T23:09:16.495914,clean,persist,{'bins': 6},4,4,2,ok,16,20,0.16274945717304945,0.038595342077314854,0.20208579115569592,5,11,16,0,,
2026-05-15T23:09:16.770035,clean,persist,{'bins': 6},5,0,2,ok,0,5,0.1686243750154972,0.0612430814653635,0.2310576420277357,5,13,18,0,,
2026-05-15T23:09:17.002998,clean,persist,{'bins': 6},5,1,2,ok,5,10,0.1688714800402522,0.060047805309295654,0.2298890072852373,5,6,10,0,,
2026-05-15T23:09:17.228322,clean,persist,{'bins': 6},5,2,2,ok,10,15,0.17199682164937258,0.049539683386683464,0.22248380444943905,5,7,11,0,,
2026-05-15T23:09:17.453758,clean,persist,{'bins': 6},5,3,2,ok,15,20,0.17084745224565268,0.05077159684151411,0.22259302902966738,5,8,14,0,,
2026-05-15T23:09:17.681958,clean,persist,{'bins': 6},5,4,2,ok,20,25,0.17115953844040632,0.053014691919088364,0.22520156018435955,5,5,9,0,,
2026-05-15T23:09:17.974319,clean,persist,{'bins': 6},6,0,2,ok,0,6,0.1761540612205863,0.07024812884628773,0.2474753875285387,5,6,10,0,,
2026-05-15T23:09:18.221769,clean,persist,{'bins': 6},6,1,2,ok,6,12,0.17499017529189587,0.06782874371856451,0.24408242292702198,5,8,11,0,,
2026-05-15T23:09:18.489119,clean,persist,{'bins': 6},6,2,2,ok,12,18,0.1747050704434514,0.08818226307630539,0.26396300457417965,5,11,17,0,,
2026-05-15T23:09:18.754031,clean,persist,{'bins': 6},6,3,2,ok,18,24,0.17632792796939611,0.08396570105105639,0.2613928345963359,5,6,12,0,,
2026-05-15T23:09:19.058527,clean,persist,{'bins': 6},6,4,2,ok,24,30,0.17749387864023447,0.12237635720521212,0.300960854627192,5,9,17,0,,
2026-05-15T23:09:19.365037,clean,persist,{'bins': 6},7,0,2,ok,0,7,0.18010057602077723,0.08118262235075235,0.26275704707950354,5,6,12,0,,
2026-05-15T23:09:19.625717,clean,persist,{'bins': 6},7,1,2,ok,7,14,0.18178898841142654,0.07422044314444065,0.2571711540222168,5,6,10,0,,
2026-05-15T23:09:19.913645,clean,persist,{'bins': 6},7,2,2,ok,14,21,0.18029218632727861,0.10277558118104935,0.28427721932530403,5,7,11,0,,
2026-05-15T23:09:20.204443,clean,persist,{'bins': 6},7,3,2,ok,21,28,0.17882806528359652,0.10687439143657684,0.2869063885882497,5,5,10,0,,
2026-05-15T23:09:20.482455,clean,persist,{'bins': 6},7,4,2,ok,28,35,0.1779058538377285,0.09492477122694254,0.2741376692429185,5,8,14,0,,
2026-05-15T23:09:20.819845,clean,persist,{'bins': 6},8,0,2,ok,0,8,0.18618057947605848,0.10382307786494493,0.2913965741172433,5,6,10,0,,
2026-05-15T23:09:21.189078,clean,persist,{'bins': 6},8,1,2,ok,8,16,0.1847613211721182,0.17831075377762318,0.36449518892914057,5,5,12,0,,
2026-05-15T23:09:21.440537,clean,persist,{'bins': 6},8,2,2,ok,16,24,0.18057997711002827,0.06600661017000675,0.24789817165583372,5,8,14,0,,
2026-05-15T23:09:21.754775,clean,persist,{'bins': 6},8,3,2,ok,24,32,0.18500668369233608,0.12383709941059351,0.31029366701841354,5,6,13,0,,
2026-05-15T23:09:22.100404,clean,persist,{'bins': 6},8,4,2,ok,32,40,0.19017756916582584,0.14993201568722725,0.3414564458653331,5,4,10,0,,
2026-05-15T23:09:22.442345,clean,persist,{'bins': 6},9,0,2,ok,0,9,0.18814634159207344,0.1078399857506156,0.2977787749841809,5,8,14,0,,
2026-05-15T23:09:22.780442,clean,persist,{'bins': 6},9,1,2,ok,9,18,0.19307077303528786,0.13856302667409182,0.3331847535446286,5,6,10,0,,
2026-05-15T23:09:23.082425,clean,persist,{'bins': 6},9,2,2,ok,18,27,0.18548142444342375,0.11080486606806517,0.2978092720732093,5,10,17,0,,
2026-05-15T23:09:23.423099,clean,persist,{'bins': 6},9,3,2,ok,27,36,0.18859212007373571,0.14571333955973387,0.33618042152374983,5,2,8,0,,
2026-05-15T23:09:23.796353,clean,persist,{'bins': 6},9,4,2,ok,36,45,0.18615987990051508,0.1804401744157076,0.3681432530283928,5,10,16,0,,
2026-05-15T23:09:24.161583,clean,persist,{'bins': 6},10,0,2,ok,0,10,0.19011247623711824,0.12762036826461554,0.31927736662328243,5,6,10,0,,
2026-05-15T23:09:24.510441,clean,persist,{'bins': 6},10,1,2,ok,10,20,0.19647802598774433,0.14572550263255835,0.3438112000003457,5,8,13,0,,
2026-05-15T23:09:25.084655,clean,persist,{'bins': 6},10,2,2,ok,20,30,0.20048785768449306,0.36612989101558924,0.5682847108691931,5,11,22,0,,
2026-05-15T23:09:25.488058,clean,persist,{'bins': 6},10,3,2,ok,30,40,0.19893712550401688,0.19787341728806496,0.3983258996158838,5,1,6,0,,
2026-05-15T23:09:25.842605,clean,persist,{'bins': 6},10,4,2,ok,40,50,0.19582951627671719,0.1527207661420107,0.35004420951008797,5,10,17,0,,
2026-05-15T23:09:26.283496,clean,persist,{'bins': 6},11,0,2,ok,0,11,0.2016340522095561,0.19237359333783388,0.39565249625593424,5,14,24,0,,
2026-05-15T23:09:26.662512,clean,persist,{'bins': 6},11,1,2,ok,11,22,0.20351018756628036,0.16881722584366798,0.37398906610906124,5,4,9,0,,
2026-05-15T23:09:27.105153,clean,persist,{'bins': 6},11,2,2,ok,22,33,0.19474659208208323,0.24063970427960157,0.43697960022836924,5,10,20,0,,
2026-05-15T23:09:27.522371,clean,persist,{'bins': 6},11,3,2,ok,33,44,0.19624503888189793,0.21386860869824886,0.4115965822711587,5,10,16,0,,
2026-05-15T23:09:27.971457,clean,persist,{'bins': 6},11,4,2,ok,44,55,0.2003004066646099,0.24128614738583565,0.44319078885018826,5,20,33,0,,
2026-05-15T23:09:28.470882,clean,persist,{'bins': 6},12,0,2,ok,0,12,0.2025876333937049,0.2488590171560645,0.4531529061496258,5,12,21,0,,
2026-05-15T23:09:28.927282,clean,persist,{'bins': 6},12,1,2,ok,12,24,0.20207839645445347,0.24687130190432072,0.45067702420055866,5,10,16,0,,
2026-05-15T23:09:29.457179,clean,persist,{'bins': 6},12,2,2,ok,24,36,0.20682869106531143,0.31556248664855957,0.5240445835515857,5,8,16,0,,
2026-05-15T23:09:29.925577,clean,persist,{'bins': 6},12,3,2,ok,36,48,0.20391122996807098,0.25658648554235697,0.46210066601634026,5,8,13,0,,
2026-05-15T23:09:30.344909,clean,persist,{'bins': 6},12,4,2,ok,48,60,0.19851234834641218,0.21398570854216814,0.41411937214434147,5,10,18,0,,
2026-05-15T23:09:30.856520,clean,persist,{'bins': 6},13,0,2,ok,0,13,0.2142311492934823,0.2504552658647299,0.46691000182181597,5,13,20,0,,
2026-05-15T23:09:31.302212,clean,persist,{'bins': 6},13,1,2,ok,13,26,0.2072909502312541,0.23118589259684086,0.44013069011271,5,8,15,0,,
2026-05-15T23:09:31.899234,clean,persist,{'bins': 6},13,2,2,ok,26,39,0.21057693380862474,0.37742153368890285,0.589776748791337,5,5,12,0,,
2026-05-15T23:09:32.311008,clean,persist,{'bins': 6},13,3,2,ok,39,52,0.20323199406266212,0.2013959838077426,0.40630266536027193,5,6,12,0,,
2026-05-15T23:09:32.954013,clean,persist,{'bins': 6},13,4,2,ok,52,65,0.20914165675640106,0.42521754186600447,0.6361286928877234,5,12,20,0,,
2026-05-15T23:09:33.463690,clean,persist,{'bins': 6},14,0,2,ok,0,14,0.20983545016497374,0.2529196860268712,0.46462116204202175,5,6,12,0,,
2026-05-15T23:09:34.015641,clean,persist,{'bins': 6},14,1,2,ok,14,28,0.21128192823380232,0.3322647260501981,0.5455061653628945,5,11,20,0,,
2026-05-15T23:09:34.684126,clean,persist,{'bins': 6},14,2,2,ok,28,42,0.21463958453387022,0.44405908044427633,0.6605800902470946,5,11,19,0,,
2026-05-15T23:09:35.108064,clean,persist,{'bins': 6},14,3,2,ok,42,56,0.20753006916493177,0.20876521989703178,0.41807571426033974,5,4,9,0,,
2026-05-15T23:09:35.636883,clean,persist,{'bins': 6},14,4,2,ok,56,70,0.2122866353020072,0.30827883165329695,0.5223857369273901,5,11,21,0,,
2026-05-15T23:09:36.165006,clean,persist,{'bins': 6},15,0,2,ok,0,15,0.21508375089615583,0.26368351839482784,0.480813954025507,5,6,11,0,,
2026-05-15T23:09:36.650062,clean,persist,{'bins': 6},15,1,2,ok,15,30,0.21100230235606432,0.26515876967459917,0.4780908776447177,5,8,14,0,,
2026-05-15T23:09:37.252343,clean,persist,{'bins': 6},15,2,2,ok,30,45,0.21312822587788105,0.38001688104122877,0.59514104668051,5,10,17,0,,
2026-05-15T23:09:37.781562,clean,persist,{'bins': 6},15,3,2,ok,45,60,0.21420204360038042,0.30651080049574375,0.5226621460169554,5,13,23,0,,
2026-05-15T23:09:38.326356,clean,persist,{'bins': 6},15,4,2,ok,60,75,0.2181031834334135,0.31756443716585636,0.5375846922397614,5,16,30,0,,
2026-05-15T23:09:38.879794,clean,persist,{'bins': 6},16,0,2,ok,0,16,0.21974569000303745,0.286035330966115,0.5079845003783703,5,6,12,0,,
2026-05-15T23:09:39.434256,clean,persist,{'bins': 6},16,1,2,ok,16,32,0.2167990943416953,0.3280580509454012,0.5469127772375941,5,12,21,0,,
2026-05-15T23:09:40.103438,clean,persist,{'bins': 6},16,2,2,ok,32,48,0.21929671708494425,0.4398020012304187,0.6613005548715591,5,11,19,0,,
2026-05-15T23:09:40.697137,clean,persist,{'bins': 6},16,3,2,ok,48,64,0.2159296004101634,0.36855354346334934,0.5865886993706226,5,13,23,0,,
2026-05-15T23:09:41.441188,clean,persist,{'bins': 6},16,4,2,ok,64,80,0.22262804489582777,0.511283959262073,0.7360544996336102,5,8,14,0,,
2026-05-15T23:09:42.021547,clean,persist,{'bins': 6},17,0,2,ok,0,17,0.22911020182073116,0.3025366337969899,0.5338787287473679,5,10,18,0,,
2026-05-15T23:09:42.643124,clean,persist,{'bins': 6},17,1,2,ok,17,34,0.2243984192609787,0.38741076271981,0.614024193957448,5,13,23,0,,
2026-05-15T23:09:43.187677,clean,persist,{'bins': 6},17,2,2,ok,34,51,0.2195117613300681,0.3152969367802143,0.5371448770165443,5,8,13,0,,
2026-05-15T23:09:43.767618,clean,persist,{'bins': 6},17,3,2,ok,51,68,0.2244577631354332,0.34583891835063696,0.5724835488945246,5,13,21,0,,
2026-05-15T23:09:44.309352,clean,persist,{'bins': 6},17,4,2,ok,68,85,0.22158393263816833,0.31068948097527027,0.534398696385324,5,12,21,0,,
2026-05-15T23:09:44.871932,clean,persist,{'bins': 6},18,0,2,ok,0,18,0.23372602555900812,0.27696879766881466,0.513256074860692,5,9,15,0,,
2026-05-15T23:09:45.672851,clean,persist,{'bins': 6},18,1,2,ok,18,36,0.22975889220833778,0.5596453286707401,0.7918469700962305,5,11,20,0,,
2026-05-15T23:09:46.340989,clean,persist,{'bins': 6},18,2,2,ok,36,54,0.23265309911221266,0.4250520905479789,0.6600101599469781,5,12,23,0,,
2026-05-15T23:09:46.920573,clean,persist,{'bins': 6},18,3,2,ok,54,72,0.22407398093491793,0.34525582380592823,0.5717215575277805,5,5,10,0,,
2026-05-15T23:09:47.454257,clean,persist,{'bins': 6},18,4,2,ok,72,90,0.2253069467842579,0.29838047455996275,0.5262755937874317,5,7,12,0,,
2026-05-15T23:09:48.250789,clean,persist,{'bins': 6},19,0,2,ok,0,19,0.2367822863161564,0.507896444760263,0.7472868012264371,5,9,15,0,,
2026-05-15T23:09:49.224464,clean,persist,{'bins': 6},19,1,2,ok,19,38,0.2368661742657423,0.7222585808485746,0.9618617566302419,5,9,18,0,,
2026-05-15T23:09:49.967137,clean,persist,{'bins': 6},19,2,2,ok,38,57,0.2372564673423767,0.4944900870323181,0.7343365103006363,5,5,13,0,,
2026-05-15T23:09:50.681697,clean,persist,{'bins': 6},19,3,2,ok,57,76,0.2389227580279112,0.46468701492995024,0.7061704136431217,5,10,20,0,,
2026-05-15T23:09:51.249206,clean,persist,{'bins': 6},19,4,2,ok,76,95,0.23037355579435825,0.3247420722618699,0.5577855138108134,5,4,9,0,,
2026-05-15T23:09:51.986675,clean,persist,{'bins': 6},20,0,2,ok,0,20,0.24470549263060093,0.441034447401762,0.6883667148649693,5,8,16,0,,
2026-05-15T23:09:52.864537,clean,persist,{'bins': 6},20,1,2,ok,20,40,0.24490749277174473,0.6200121929869056,0.8676197184249759,5,16,26,0,,
2026-05-15T23:09:53.683781,clean,persist,{'bins': 6},20,2,2,ok,40,60,0.24248416908085346,0.5656996229663491,0.8107107998803258,5,17,34,0,,
2026-05-15T23:09:54.337577,clean,persist,{'bins': 6},20,3,2,ok,60,80,0.24068480916321278,0.40220200922340155,0.645437310449779,5,12,23,0,,
2026-05-15T23:09:55.155804,clean,persist,{'bins': 6},20,4,2,ok,80,100,0.23295630794018507,0.5720256883651018,0.8076170068234205,5,8,13,0,,
2026-05-15T23:09:56.161898,clean,persist,{'bins': 6},21,0,2,ok,0,21,0.24360324162989855,0.7090714843943715,0.955528968013823,5,9,16,0,,
2026-05-15T23:09:56.978967,clean,persist,{'bins': 6},21,1,2,ok,21,42,0.24148994125425816,0.5627709003165364,0.8071799855679274,5,17,32,0,,
2026-05-15T23:09:57.622642,clean,persist,{'bins': 6},21,2,2,ok,42,63,0.23858759924769402,0.39317646343261003,0.634606933221221,5,5,11,0,,
2026-05-15T23:09:58.346424,clean,persist,{'bins': 6},21,3,2,ok,63,84,0.23551144916564226,0.4764476399868727,0.7147563239559531,5,12,23,0,,
2026-05-15T23:09:59.074408,clean,persist,{'bins': 6},21,4,2,ok,84,105,0.23944404628127813,0.47634364385157824,0.7188411774113774,5,13,26,0,,
2026-05-15T23:09:59.865861,clean,persist,{'bins': 6},22,0,2,ok,0,22,0.24241657182574272,0.4967838255688548,0.7420445205643773,5,12,21,0,,
2026-05-15T23:10:00.685051,clean,persist,{'bins': 6},22,1,2,ok,22,44,0.2438645027577877,0.5606864234432578,0.8073980454355478,5,9,18,0,,
2026-05-15T23:10:01.605354,clean,persist,{'bins': 6},22,2,2,ok,44,66,0.2558153262361884,0.6498121386393905,0.9087644089013338,5,8,16,0,,
2026-05-15T23:10:02.478399,clean,persist,{'bins': 6},22,3,2,ok,66,88,0.2414944702759385,0.6187434187158942,0.863073205575347,5,12,21,0,,
2026-05-15T23:10:03.161012,clean,persist,{'bins': 6},22,4,2,ok,88,110,0.24199655279517174,0.42767632007598877,0.6724713509902358,5,10,17,0,,
2026-05-15T23:10:04.115977,clean,persist,{'bins': 6},23,0,2,ok,0,23,0.25325527507811785,0.6488486593589187,0.905086156912148,5,8,15,0,,
2026-05-15T23:10:05.116741,clean,persist,{'bins': 6},23,1,2,ok,23,46,0.24895393382757902,0.7375813871622086,0.9895120840519667,5,11,23,0,,
2026-05-15T23:10:06.034961,clean,persist,{'bins': 6},23,2,2,ok,46,69,0.2518144687637687,0.6529239760711789,0.9077050974592566,5,10,20,0,,
2026-05-15T23:10:06.871431,clean,persist,{'bins': 6},23,3,2,ok,69,92,0.2433838788419962,0.5803698040544987,0.8267262578010559,5,16,28,0,,
2026-05-15T23:10:07.464152,clean,persist,{'bins': 6},23,4,2,ok,92,115,0.24848810769617558,0.3321357620880008,0.5836787894368172,5,10,18,0,,
2026-05-15T23:10:08.276201,clean,persist,{'bins': 6},24,0,2,ok,0,24,0.25341182854026556,0.505384212359786,0.7619192795827985,5,6,12,0,,
2026-05-15T23:10:09.272174,clean,persist,{'bins': 6},24,1,2,ok,24,48,0.25810234155505896,0.722675422206521,0.9842751743271947,5,7,15,0,,
2026-05-15T23:10:10.177252,clean,persist,{'bins': 6},24,2,2,ok,48,72,0.2506031822413206,0.6401248192414641,0.8939185859635472,5,11,20,0,,
2026-05-15T23:10:11.001988,clean,persist,{'bins': 6},24,3,2,ok,72,96,0.2566469367593527,0.552093269303441,0.8118068166077137,5,12,18,0,,
2026-05-15T23:10:11.602086,clean,persist,{'bins': 6},24,4,2,ok,96,120,0.2489783689379692,0.33710757456719875,0.5893267625942826,5,8,15,0,,
2026-05-15T23:10:12.773491,clean,persist,{'bins': 6},25,0,2,ok,0,25,0.2629102040082216,0.8505576914176345,1.1168522145599127,5,9,16,0,,
2026-05-15T23:10:14.153010,clean,persist,{'bins': 6},25,1,2,ok,25,50,0.2651385795325041,1.0973027842119336,1.3660055110231042,5,8,17,0,,
2026-05-15T23:10:15.096793,clean,persist,{'bins': 6},25,2,2,ok,50,75,0.261416838504374,0.6669162837788463,0.9320803824812174,5,14,26,0,,
2026-05-15T23:10:15.959872,clean,persist,{'bins': 6},25,3,2,ok,75,100,0.2538457838818431,0.5933368448168039,0.8504894515499473,5,9,17,0,,
2026-05-15T23:10:16.997886,clean,persist,{'bins': 6},25,4,2,ok,100,125,0.26343540102243423,0.7580368062481284,1.024926326237619,5,17,30,0,,
2026-05-15T23:10:17.768266,clean,persist,{'bins': 6},26,0,2,ok,0,26,0.27286730986088514,0.4427059777081013,0.7192454263567924,5,10,18,0,,
2026-05-15T23:10:18.780685,clean,persist,{'bins': 6},26,1,2,ok,26,52,0.25916730239987373,0.7356996396556497,0.9983458081260324,5,7,15,0,,
2026-05-15T23:10:19.720128,clean,persist,{'bins': 6},26,2,2,ok,52,78,0.26721269730478525,0.6562621565535665,0.9270275589078665,5,13,24,0,,
2026-05-15T23:10:21.034645,clean,persist,{'bins': 6},26,3,2,ok,78,104,0.26327769458293915,1.0324054779484868,1.2992647318169475,5,11,20,0,,
2026-05-15T23:10:21.823378,clean,persist,{'bins': 6},26,4,2,ok,104,130,0.2590371370315552,0.5142453126609325,0.7767111212015152,5,14,26,0,,
2026-05-15T23:10:22.688683,clean,persist,{'bins': 6},27,0,2,ok,0,27,0.2661838149651885,0.5436773858964443,0.8133659455925226,5,6,11,0,,
2026-05-15T23:10:23.958520,clean,persist,{'bins': 6},27,1,2,ok,27,54,0.2737166564911604,0.9789925888180733,1.256326461210847,5,8,19,0,,
2026-05-15T23:10:24.838940,clean,persist,{'bins': 6},27,2,2,ok,54,81,0.26297340262681246,0.6019626408815384,0.868478468619287,5,9,18,0,,
2026-05-15T23:10:25.746110,clean,persist,{'bins': 6},27,3,2,ok,81,108,0.2696794718503952,0.6206394992768764,0.8939735377207398,5,8,18,0,,
2026-05-15T23:10:27.166340,clean,persist,{'bins': 6},27,4,2,ok,108,135,0.2680175192654133,1.1317021315917373,1.4032450141385198,5,14,27,0,,
2026-05-15T23:10:28.120973,clean,persist,{'bins': 6},28,0,2,ok,0,28,0.27069376688450575,0.6257178513333201,0.9000113308429718,5,6,11,0,,
2026-05-15T23:10:29.070547,clean,persist,{'bins': 6},28,1,2,ok,28,56,0.26734129898250103,0.6651376113295555,0.936121073551476,5,8,16,0,,
2026-05-15T23:10:30.094781,clean,persist,{'bins': 6},28,2,2,ok,56,84,0.2760467855259776,0.7324318597093225,1.012020830065012,5,22,38,0,,
2026-05-15T23:10:31.105133,clean,persist,{'bins': 6},28,3,2,ok,84,112,0.2724575214087963,0.7202746495604515,0.9962986409664154,5,13,24,0,,
2026-05-15T23:10:32.332183,clean,persist,{'bins': 6},28,4,2,ok,112,140,0.2774819703772664,0.9316743975505233,1.212815472856164,5,13,26,0,,
2026-05-15T23:10:33.436539,clean,persist,{'bins': 6},29,0,2,ok,0,29,0.2841233080253005,0.7650349317118526,1.0528257908299565,5,5,12,0,,
2026-05-15T23:10:34.361798,clean,persist,{'bins': 6},29,1,2,ok,29,58,0.2813207833096385,0.6274963412433863,0.9128609010949731,5,6,12,0,,
2026-05-15T23:10:35.404119,clean,persist,{'bins': 6},29,2,2,ok,58,87,0.27710472233593464,0.7490976806730032,1.029837622307241,5,15,26,0,,
2026-05-15T23:10:36.372307,clean,persist,{'bins': 6},29,3,2,ok,87,116,0.2710539223626256,0.6787763936445117,0.9534913152456284,5,8,15,0,,
2026-05-15T23:10:37.626985,clean,persist,{'bins': 6},29,4,2,ok,116,145,0.2726378394290805,0.96032958291471,1.2367414133623242,5,12,22,0,,
2026-05-15T23:10:38.839853,clean,persist,{'bins': 6},30,0,2,ok,0,30,0.28593979962170124,0.8691197028383613,1.1589248245581985,5,12,20,0,,
2026-05-15T23:10:39.994250,clean,persist,{'bins': 6},30,1,2,ok,30,60,0.2793952049687505,0.8573528854176402,1.1407313039526343,5,8,15,0,,
2026-05-15T23:10:41.169164,clean,persist,{'bins': 6},30,2,2,ok,60,90,0.2852333337068558,0.8713714731857181,1.1603555735200644,5,12,21,0,,
2026-05-15T23:10:42.298302,clean,persist,{'bins': 6},30,3,2,ok,90,120,0.28533591609448195,0.8256765333935618,1.1149433236569166,5,8,16,0,,
2026-05-15T23:10:43.392086,clean,persist,{'bins': 6},30,4,2,ok,120,150,0.27867406886070967,0.7977724382653832,1.0802338933572173,5,10,17,0,,
2026-05-15T23:10:44.707812,clean,persist,{'bins': 6},31,0,2,ok,0,31,0.2846616394817829,0.9710779869928956,1.2597451712936163,5,8,14,0,,
2026-05-15T23:10:46.114500,clean,persist,{'bins': 6},31,1,2,ok,31,62,0.2935203816741705,1.0930574359372258,1.390512560494244,5,17,30,0,,
2026-05-15T23:10:47.242534,clean,persist,{'bins': 6},31,2,2,ok,62,93,0.2820558613166213,0.8270068019628525,1.1129957139492035,5,6,12,0,,
2026-05-15T23:10:48.227281,clean,persist,{'bins': 6},31,3,2,ok,93,124,0.2814493030309677,0.6855564611032605,0.9709068536758423,5,11,21,0,,
2026-05-15T23:10:49.553073,clean,persist,{'bins': 6},31,4,2,ok,124,155,0.2825863603502512,1.0253952965140343,1.3119224291294813,5,12,20,0,,
2026-05-15T23:10:50.791829,clean,persist,{'bins': 6},32,0,2,ok,0,32,0.2936303000897169,0.8854738371446729,1.1830947836861014,5,11,19,0,,
2026-05-15T23:10:52.353388,clean,persist,{'bins': 6},32,1,2,ok,32,64,0.2941165519878268,1.2473712032660842,1.5455920165404677,5,7,13,0,,
2026-05-15T23:10:53.681426,clean,persist,{'bins': 6},32,2,2,ok,64,96,0.2949235374107957,1.0130517231300473,1.3120667282491922,5,15,25,0,,
2026-05-15T23:10:54.633550,clean,persist,{'bins': 6},32,3,2,ok,96,128,0.28702479880303144,0.64750921074301,0.9385700514540076,5,15,29,0,,
2026-05-15T23:10:56.011331,clean,persist,{'bins': 6},32,4,2,ok,128,160,0.28981772623956203,1.0654222248122096,1.359443779103458,5,16,26,0,,
2026-05-15T23:10:57.139279,clean,persist,{'bins': 6},33,0,2,ok,0,33,0.29692529886960983,0.7706169076263905,1.0717503428459167,5,15,24,0,,
2026-05-15T23:10:58.607443,clean,persist,{'bins': 6},33,1,2,ok,33,66,0.3029457302764058,1.145398030988872,1.4525131937116385,5,12,24,0,,
2026-05-15T23:10:59.865211,clean,persist,{'bins': 6},33,2,2,ok,66,99,0.2879788912832737,0.9497938081622124,1.2424890100955963,5,8,15,0,,
2026-05-15T23:11:01.097590,clean,persist,{'bins': 6},33,3,2,ok,99,132,0.2903097299858928,0.9222881216555834,1.2167921615764499,5,17,30,0,,
2026-05-15T23:11:02.341326,clean,persist,{'bins': 6},33,4,2,ok,132,165,0.29891559947282076,0.9249642975628376,1.2280911188572645,5,16,31,0,,
2026-05-15T23:11:03.551639,clean,persist,{'bins': 6},34,0,2,ok,0,34,0.3039104724302888,0.8477451428771019,1.1560980109497905,5,6,11,0,,
2026-05-15T23:11:04.937768,clean,persist,{'bins': 6},34,1,2,ok,34,68,0.2991289282217622,1.065196679905057,1.3686464661732316,5,4,10,0,,
2026-05-15T23:11:06.579775,clean,persist,{'bins': 6},34,2,2,ok,68,102,0.30405469331890345,1.3139061937108636,1.6225564712658525,5,5,11,0,,
2026-05-15T23:11:07.712975,clean,persist,{'bins': 6},34,3,2,ok,102,136,0.29647517297416925,0.815818409435451,1.116858208552003,5,12,22,0,,
2026-05-15T23:11:08.909320,clean,persist,{'bins': 6},34,4,2,ok,136,170,0.3018180811777711,0.8725243574008346,1.1791006168350577,5,8,15,0,,
2026-05-15T23:11:10.095580,clean,persist,{'bins': 6},35,0,2,ok,0,35,0.30569709837436676,0.816073308698833,1.1271160002797842,5,8,15,0,,
2026-05-15T23:11:11.510285,clean,persist,{'bins': 6},35,1,2,ok,35,70,0.30632458720356226,1.0859253033995628,1.3974179504439235,5,13,24,0,,
2026-05-15T23:11:12.957225,clean,persist,{'bins': 6},35,2,2,ok,70,105,0.3041925420984626,1.118981278501451,1.427809439599514,5,10,19,0,,
2026-05-15T23:11:14.075008,clean,persist,{'bins': 6},35,3,2,ok,105,140,0.2964456081390381,0.7994175674393773,1.1004588389769197,5,6,14,0,,
2026-05-15T23:11:15.502448,clean,persist,{'bins': 6},35,4,2,ok,140,175,0.31352598685771227,1.0914299748837948,1.4099708832800388,5,14,30,0,,
2026-05-15T23:11:17.102761,clean,persist,{'bins': 6},36,0,2,ok,0,36,0.3155478145927191,1.2221955405548215,1.5424732826650143,5,4,11,0,,
2026-05-15T23:11:18.644953,clean,persist,{'bins': 6},36,1,2,ok,36,72,0.3089032229036093,1.2095570573583245,1.5237569911405444,5,6,12,0,,
2026-05-15T23:11:20.244799,clean,persist,{'bins': 6},36,2,2,ok,72,108,0.3103600796312094,1.2664667759090662,1.5817471100017428,5,15,29,0,,
2026-05-15T23:11:21.339596,clean,persist,{'bins': 6},36,3,2,ok,108,144,0.30741347279399633,0.7643410759046674,1.0765934912487864,5,9,18,0,,
2026-05-15T23:11:22.730025,clean,persist,{'bins': 6},36,4,2,ok,144,180,0.3045433610677719,1.0631910506635904,1.3727105306461453,5,8,17,0,,
2026-05-15T23:11:24.281570,clean,persist,{'bins': 6},37,0,2,ok,0,37,0.3121934337541461,1.1758597567677498,1.4929746259003878,5,12,21,0,,
2026-05-15T23:11:26.166629,clean,persist,{'bins': 6},37,1,2,ok,37,74,0.3076158445328474,1.5520699108019471,1.864784344099462,5,6,14,0,,
2026-05-15T23:11:27.586996,clean,persist,{'bins': 6},37,2,2,ok,74,111,0.3105357997119427,1.0882995529100299,1.4036280466243625,5,21,37,0,,
2026-05-15T23:11:29.134334,clean,persist,{'bins': 6},37,3,2,ok,111,148,0.31248501129448414,1.2083389358595014,1.525752387009561,5,4,12,0,,
2026-05-15T23:11:30.907585,clean,persist,{'bins': 6},37,4,2,ok,148,185,0.3163916701450944,1.4336625626310706,1.7550000343471766,5,24,44,0,,
2026-05-15T23:11:32.893595,clean,persist,{'bins': 6},38,0,2,ok,0,38,0.32089850679039955,1.6008362006396055,1.9273288678377867,5,10,23,0,,
2026-05-15T23:11:35.354815,clean,persist,{'bins': 6},38,1,2,ok,38,76,0.32833050191402435,2.104488647542894,2.4380778381600976,5,10,20,0,,
2026-05-15T23:11:36.587056,clean,persist,{'bins': 6},38,2,2,ok,76,114,0.324039819650352,0.8849035520106554,1.2141816625371575,5,9,18,0,,
2026-05-15T23:11:38.236800,clean,persist,{'bins': 6},38,3,2,ok,114,152,0.3234816612675786,1.3026364473626018,1.6312859077006578,5,25,46,0,,
2026-05-15T23:11:40.207870,clean,persist,{'bins': 6},38,4,2,ok,152,190,0.3193821683526039,1.623882768675685,1.9483877420425415,5,17,29,0,,
2026-05-15T23:11:41.438317,clean,persist,{'bins': 6},39,0,2,ok,0,39,0.32006043288856745,0.8456459864974022,1.1709798276424408,5,6,12,0,,
2026-05-15T23:11:43.224410,clean,persist,{'bins': 6},39,1,2,ok,39,78,0.32550414092838764,1.4356321729719639,1.7661299547180533,5,13,24,0,,
2026-05-15T23:11:44.287243,clean,persist,{'bins': 6},39,2,2,ok,78,117,0.31525215972214937,0.72465905174613,1.0451486120000482,5,10,18,0,,
2026-05-15T23:11:45.816950,clean,persist,{'bins': 6},39,3,2,ok,117,156,0.31583563704043627,1.1882019527256489,1.5095327626913786,5,6,13,0,,
2026-05-15T23:11:46.982279,clean,persist,{'bins': 6},39,4,2,ok,156,195,0.3214724864810705,0.820692103356123,1.14726110547781,5,9,17,0,,
2026-05-15T23:11:49.276226,clean,persist,{'bins': 6},40,0,2,ok,0,40,0.3347316375002265,1.8900440577417612,2.230103464797139,5,14,24,0,,
2026-05-15T23:11:50.962947,clean,persist,{'bins': 6},40,1,2,ok,40,80,0.32537318486720324,1.3374990858137608,1.6683867201209068,5,16,30,0,,
2026-05-15T23:11:52.622715,clean,persist,{'bins': 6},40,2,2,ok,80,120,0.33699083141982555,1.2966705663129687,1.6393672078847885,5,13,23,0,,
2026-05-15T23:11:54.348431,clean,persist,{'bins': 6},40,3,2,ok,120,160,0.3379382500424981,1.3602708764374256,1.7042954107746482,5,8,17,0,,
2026-05-15T23:11:55.830114,clean,persist,{'bins': 6},40,4,2,ok,160,200,0.33113903645426035,1.1232373798266053,1.4601294258609414,5,7,14,0,,
2026-05-15T23:11:57.833913,clean,persist,{'bins': 6},41,0,2,ok,0,41,0.3493236508220434,1.5891100466251373,1.9445281568914652,5,17,31,0,,
2026-05-15T23:12:00.088277,clean,persist,{'bins': 6},41,1,2,ok,41,82,0.3409306015819311,1.8842853559181094,2.231326467357576,5,12,22,0,,
2026-05-15T23:12:01.862055,clean,persist,{'bins': 6},41,2,2,ok,82,123,0.3442372139543295,1.4024708587676287,1.7525001848116517,5,16,26,0,,
2026-05-15T23:12:03.957855,clean,persist,{'bins': 6},41,3,2,ok,123,164,0.34240747708827257,1.7215739525854588,2.0698141576722264,5,10,19,0,,
2026-05-15T23:12:05.811588,clean,persist,{'bins': 6},41,4,2,ok,164,205,0.33889969624578953,1.4862722288817167,1.8309075515717268,5,14,26,0,,
2026-05-15T23:12:07.151405,clean,persist,{'bins': 6},42,0,2,ok,0,42,0.33444851357489824,0.9384797560051084,1.278758043423295,5,10,18,0,,
2026-05-15T23:12:08.897811,clean,persist,{'bins': 6},42,1,2,ok,42,84,0.3379608429968357,1.3815102567896247,1.7259480487555265,5,15,29,0,,
2026-05-15T23:12:10.429375,clean,persist,{'bins': 6},42,2,2,ok,84,126,0.3340486129745841,1.1701458878815174,1.5100802993401885,5,14,25,0,,
2026-05-15T23:12:12.197260,clean,persist,{'bins': 6},42,3,2,ok,126,168,0.34256800916045904,1.4012625878676772,1.749652223661542,5,16,28,0,,
2026-05-15T23:12:13.829941,clean,persist,{'bins': 6},42,4,2,ok,168,210,0.3461104230955243,1.2579914070665836,1.6102626947686076,5,13,22,0,,
2026-05-15T23:12:15.665121,clean,persist,{'bins': 6},43,0,2,ok,0,43,0.33881648909300566,1.4281808584928513,1.7727566584944725,5,8,16,0,,
2026-05-15T23:12:17.944713,clean,persist,{'bins': 6},43,1,2,ok,43,86,0.3420449560508132,1.908934773877263,2.257324770092964,5,16,30,0,,
2026-05-15T23:12:19.476954,clean,persist,{'bins': 6},43,2,2,ok,86,129,0.34114224929362535,1.16298499237746,1.509851947426796,5,14,25,0,,
2026-05-15T23:12:21.410718,clean,persist,{'bins': 6},43,3,2,ok,129,172,0.3388946261256933,1.5674399808049202,1.912554302252829,5,15,29,0,,
2026-05-15T23:12:23.121547,clean,persist,{'bins': 6},43,4,2,ok,172,215,0.3441811688244343,1.3398183584213257,1.6894770981743932,5,13,22,0,,
2026-05-15T23:12:25.669011,clean,persist,{'bins': 6},44,0,2,ok,0,44,0.3484365036711097,2.1230174293741584,2.4771308479830623,5,8,13,0,,
2026-05-15T23:12:27.762178,clean,persist,{'bins': 6},44,1,2,ok,44,88,0.3440370876342058,1.7216183124110103,2.0711521469056606,5,16,30,0,,
2026-05-15T23:12:29.492809,clean,persist,{'bins': 6},44,2,2,ok,88,132,0.3404492773115635,1.357927811332047,1.7039112448692322,5,7,18,0,,
2026-05-15T23:12:31.433119,clean,persist,{'bins': 6},44,3,2,ok,132,176,0.34858866035938263,1.564262599684298,1.9184216242283583,5,14,30,0,,
2026-05-15T23:12:32.572550,clean,persist,{'bins': 6},44,4,2,ok,176,220,0.33514283783733845,0.7771818153560162,1.1177622294053435,5,6,11,0,,
2026-05-15T23:12:34.369817,clean,persist,{'bins': 6},45,0,2,ok,0,45,0.34288861975073814,1.3856085743755102,1.7340603163465858,5,14,24,0,,
2026-05-15T23:12:36.356909,clean,persist,{'bins': 6},45,1,2,ok,45,90,0.3398039136081934,1.619035574607551,1.964444157667458,5,10,18,0,,
2026-05-15T23:12:38.472509,clean,persist,{'bins': 6},45,2,2,ok,90,135,0.3525301329791546,1.7315800255164504,2.0898172119632363,5,13,28,0,,
2026-05-15T23:12:40.106236,clean,persist,{'bins': 6},45,3,2,ok,135,180,0.33951454143971205,1.2661193637177348,1.6112886387854815,5,13,23,0,,
2026-05-15T23:12:41.776628,clean,persist,{'bins': 6},45,4,2,ok,180,225,0.33821492828428745,1.3027142751961946,1.6465459065511823,5,13,24,0,,
2026-05-15T23:12:43.345727,clean,persist,{'bins': 6},46,0,2,ok,0,46,0.34823601599782705,1.1515359710901976,1.5054600033909082,5,8,14,0,,
2026-05-15T23:12:45.736119,clean,persist,{'bins': 6},46,1,2,ok,46,92,0.34941381961107254,2.0113585563376546,2.3665295420214534,5,11,21,0,,
2026-05-15T23:12:47.631983,clean,persist,{'bins': 6},46,2,2,ok,92,138,0.3493033507838845,1.5143313892185688,1.8694111527875066,5,9,23,0,,
2026-05-15T23:12:48.828330,clean,persist,{'bins': 6},46,3,2,ok,138,184,0.3449124125763774,0.8234335416927934,1.1739724036306143,5,6,12,0,,
2026-05-15T23:12:50.958110,clean,persist,{'bins': 6},46,4,2,ok,184,230,0.34730515722185373,1.7438169550150633,2.0969232311472297,5,3,8,0,,
2026-05-15T23:12:53.841699,clean,persist,{'bins': 6},47,0,2,ok,0,47,0.36426457948982716,2.43977131228894,2.8117157705128193,5,15,24,0,,
2026-05-15T23:12:56.188709,clean,persist,{'bins': 6},47,1,2,ok,47,94,0.3643705788999796,1.9495415072888136,2.321106482297182,5,20,35,0,,
2026-05-15T23:12:58.576969,clean,persist,{'bins': 6},47,2,2,ok,94,141,0.37759287003427744,1.9745257049798965,2.359170294366777,5,12,27,0,,
2026-05-15T23:13:00.898867,clean,persist,{'bins': 6},47,3,2,ok,141,188,0.37687584292143583,1.9118528692051768,2.2954936511814594,5,16,30,0,,
2026-05-15T23:13:02.935886,clean,persist,{'bins': 6},47,4,2,ok,188,235,0.3616889901459217,1.6362905586138368,2.0047989608719945,5,3,8,0,,
2026-05-15T23:13:06.510418,clean,persist,{'bins': 6},48,0,2,ok,0,48,0.3801333326846361,3.1107543855905533,3.498136536218226,5,8,13,0,,
2026-05-15T23:13:08.869977,clean,persist,{'bins': 6},48,1,2,ok,48,96,0.3599877944216132,1.9647801341488957,2.332091177813709,5,6,13,0,,
2026-05-15T23:13:11.206876,clean,persist,{'bins': 6},48,2,2,ok,96,144,0.37412370275706053,1.929643570445478,2.311147028580308,5,20,37,0,,
2026-05-15T23:13:12.832819,clean,persist,{'bins': 6},48,3,2,ok,144,192,0.3694844553247094,1.2234008740633726,1.5996509091928601,5,10,18,0,,
2026-05-15T23:13:15.160294,clean,persist,{'bins': 6},48,4,2,ok,192,240,0.38097807951271534,1.9035862861201167,2.293964996933937,5,16,26,0,,
2026-05-15T23:13:17.663664,clean,persist,{'bins': 6},49,0,2,ok,0,49,0.39805674459785223,2.028960110619664,2.434380330145359,5,15,27,0,,
2026-05-15T23:13:20.108014,clean,persist,{'bins': 6},49,1,2,ok,49,98,0.35567876789718866,2.0553691452369094,2.417182699777186,5,8,18,0,,
2026-05-15T23:13:22.532459,clean,persist,{'bins': 6},49,2,2,ok,98,147,0.36613817792385817,2.0249014357104897,2.3970576506108046,5,19,37,0,,
2026-05-15T23:13:24.653299,clean,persist,{'bins': 6},49,3,2,ok,147,196,0.3700039107352495,1.7160840556025505,2.0932029644027352,5,17,29,0,,
2026-05-15T23:13:27.796892,clean,persist,{'bins': 6},49,4,2,ok,196,245,0.3650505365803838,2.7350615905597806,3.111490142531693,5,12,23,0,,
2026-05-15T23:13:29.844771,clean,persist,{'bins': 6},50,0,2,ok,0,50,0.3819473497569561,1.5934402998536825,1.982773275114596,5,6,12,0,,
2026-05-15T23:13:32.277047,clean,persist,{'bins': 6},50,1,2,ok,50,100,0.3865017555654049,2.0062482692301273,2.4008068116381764,5,20,33,0,,
2026-05-15T23:13:34.492876,clean,persist,{'bins': 6},50,2,2,ok,100,150,0.3668637936934829,1.8134008776396513,2.1879985202103853,5,20,35,0,,
2026-05-15T23:13:36.952752,clean,persist,{'bins': 6},50,3,2,ok,150,200,0.3802773328498006,2.0429725432768464,2.4307606164366007,5,19,36,0,,
2026-05-15T23:13:38.254160,clean,persist,{'bins': 6},50,4,2,ok,200,250,0.37980130687355995,0.888238419778645,1.275916675105691,5,9,15,0,,
2026-05-15T23:13:40.807116,clean,persist,{'bins': 6},51,0,2,ok,0,51,0.37521198485046625,2.104059798642993,2.4869103645905852,5,8,15,0,,
2026-05-15T23:13:43.492290,clean,persist,{'bins': 6},51,1,2,ok,51,102,0.3709426848217845,2.2761663924902678,2.6544411722570658,5,7,17,0,,
2026-05-15T23:13:45.738068,clean,persist,{'bins': 6},51,2,2,ok,102,153,0.3783871904015541,1.8323954017832875,2.218270550481975,5,14,27,0,,
2026-05-15T23:13:48.739516,clean,persist,{'bins': 6},51,3,2,ok,153,204,0.37499548867344856,2.5872823474928737,2.970230035483837,5,10,18,0,,
2026-05-15T23:13:51.152845,clean,persist,{'bins': 6},51,4,2,ok,204,255,0.37785088270902634,1.9977786932140589,2.381904204376042,5,8,16,0,,
2026-05-15T23:13:53.747921,clean,persist,{'bins': 6},52,0,2,ok,0,52,0.3820387804880738,2.1393989231437445,2.527873064391315,5,15,27,0,,
2026-05-15T23:13:56.202287,clean,persist,{'bins': 6},52,1,2,ok,52,104,0.38268178328871727,2.035555620677769,2.4246536092832685,5,18,31,0,,
2026-05-15T23:13:58.393117,clean,persist,{'bins': 6},52,2,2,ok,104,156,0.37170635256916285,1.7850560154765844,2.163473376072943,5,10,20,0,,
2026-05-15T23:14:01.016996,clean,persist,{'bins': 6},52,3,2,ok,156,208,0.38278381526470184,2.2073078844696283,2.5967109855264425,5,20,40,0,,
2026-05-15T23:14:03.312113,clean,persist,{'bins': 6},52,4,2,ok,208,260,0.39224038273096085,1.867210267111659,2.2663962496444583,5,15,28,0,,
2026-05-15T23:14:06.483921,clean,persist,{'bins': 6},53,0,2,ok,0,53,0.38868222665041685,2.6859367042779922,3.0843049390241504,5,12,21,0,,
2026-05-15T23:14:08.770871,clean,persist,{'bins': 6},53,1,2,ok,53,106,0.3760175025090575,1.8762625437229872,2.259643791243434,5,8,16,0,,
2026-05-15T23:14:12.782536,clean,persist,{'bins': 6},53,2,2,ok,106,159,0.39635448157787323,3.5673881471157074,3.9724391577765346,5,21,41,0,,
2026-05-15T23:14:15.208178,clean,persist,{'bins': 6},53,3,2,ok,159,212,0.375746201723814,2.0131131820380688,2.396250830963254,5,10,19,0,,
2026-05-15T23:14:17.017120,clean,persist,{'bins': 6},53,4,2,ok,212,265,0.3860695781186223,1.390419046394527,1.7836417546495795,5,20,35,0,,
2026-05-15T23:14:20.263434,clean,persist,{'bins': 6},54,0,2,ok,0,54,0.40852388460189104,2.762330260127783,3.1781924618408084,5,7,17,0,,
2026-05-15T23:14:24.597449,clean,persist,{'bins': 6},54,1,2,ok,54,108,0.39294317178428173,3.8921901090070605,4.2928461115807295,5,12,25,0,,
2026-05-15T23:14:27.217687,clean,persist,{'bins': 6},54,2,2,ok,108,162,0.3873702818527818,2.18814486451447,2.583140511997044,5,6,12,0,,
2026-05-15T23:14:29.740045,clean,persist,{'bins': 6},54,3,2,ok,162,216,0.3899183077737689,2.0867768097668886,2.4844147618860006,5,3,8,0,,
2026-05-15T23:14:31.533186,clean,persist,{'bins': 6},54,4,2,ok,216,270,0.38472004141658545,1.3703946014866233,1.7626859080046415,5,8,17,0,,
2026-05-15T23:14:34.587040,clean,persist,{'bins': 6},55,0,2,ok,0,55,0.40698751900345087,2.5657185669988394,2.9806610913947225,5,6,13,0,,
2026-05-15T23:14:37.623435,clean,persist,{'bins': 6},55,1,2,ok,55,110,0.40090845711529255,2.5969978542998433,3.0056279292330146,5,10,20,0,,
2026-05-15T23:14:40.794328,clean,persist,{'bins': 6},55,2,2,ok,110,165,0.3959974404424429,2.7379970056936145,3.1408490343019366,5,15,29,0,,
2026-05-15T23:14:43.262459,clean,persist,{'bins': 6},55,3,2,ok,165,220,0.39774873945862055,2.0300002237781882,2.4365472933277488,5,9,18,0,,
2026-05-15T23:14:45.545124,clean,persist,{'bins': 6},55,4,2,ok,220,275,0.3956335159018636,1.8470677454024553,2.252583828754723,5,15,26,0,,
2026-05-15T23:14:48.563684,clean,persist,{'bins': 6},56,0,2,ok,0,56,0.4106212258338928,2.5315977158024907,2.950240301899612,5,16,29,0,,
2026-05-15T23:14:51.659140,clean,persist,{'bins': 6},56,1,2,ok,56,112,0.40454536862671375,2.6571166329085827,3.0695195449516177,5,18,36,0,,
2026-05-15T23:14:54.688111,clean,persist,{'bins': 6},56,2,2,ok,112,168,0.4003673195838928,2.587713656015694,2.995072511024773,5,10,20,0,,
2026-05-15T23:14:57.243379,clean,persist,{'bins': 6},56,3,2,ok,168,224,0.39380971901118755,2.11680559348315,2.517454121261835,5,5,11,0,,
2026-05-15T23:14:59.097651,clean,persist,{'bins': 6},56,4,2,ok,224,280,0.3952773353084922,1.419261259958148,1.8217689096927643,5,14,24,0,,
2026-05-15T23:15:02.230465,clean,persist,{'bins': 6},57,0,2,ok,0,57,0.4072379684075713,2.6453134836629033,3.060318195261061,5,13,23,0,,
2026-05-15T23:15:04.918155,clean,persist,{'bins': 6},57,1,2,ok,57,114,0.39055887144058943,2.2530957954004407,2.651901150122285,5,5,11,0,,
2026-05-15T23:15:09.055760,clean,persist,{'bins': 6},57,2,2,ok,114,171,0.3970644846558571,3.692595489323139,4.0968586076051,5,10,20,0,,
2026-05-15T23:15:11.325987,clean,persist,{'bins': 6},57,3,2,ok,171,228,0.3929348634555936,1.8301405664533377,2.2302980003878474,5,8,15,0,,
2026-05-15T23:15:14.373473,clean,persist,{'bins': 6},57,4,2,ok,228,285,0.4051077952608466,2.5973849119618535,3.009521722793579,5,8,13,0,,
2026-05-15T23:15:17.187442,clean,persist,{'bins': 6},58,0,2,ok,0,58,0.4094493119046092,2.3255478870123625,2.742057223804295,5,13,23,0,,
2026-05-15T23:15:19.637856,clean,persist,{'bins': 6},58,1,2,ok,58,116,0.4029837343841791,2.002806944772601,2.4132243152707815,5,5,15,0,,
2026-05-15T23:15:22.043502,clean,persist,{'bins': 6},58,2,2,ok,116,174,0.39274714048951864,1.9734974773600698,2.373747454956174,5,11,20,0,,
2026-05-15T23:15:24.715962,clean,persist,{'bins': 6},58,3,2,ok,174,232,0.4054745938628912,2.224355723708868,2.6369781279936433,5,17,32,0,,
2026-05-15T23:15:26.453328,clean,persist,{'bins': 6},58,4,2,ok,232,290,0.3938184343278408,1.3059065733104944,1.706765003502369,5,19,27,0,,
2026-05-15T23:15:31.282460,clean,persist,{'bins': 6},59,0,2,ok,0,59,0.4159859912469983,4.322183062322438,4.745633798651397,5,13,23,0,,
2026-05-15T23:15:33.574804,clean,persist,{'bins': 6},59,1,2,ok,59,118,0.3988341372460127,1.8500523623079062,2.2561453487724066,5,9,17,0,,
2026-05-15T23:15:36.699733,clean,persist,{'bins': 6},59,2,2,ok,118,177,0.4160688379779458,2.6629319274798036,3.0886906404048204,5,9,19,0,,
2026-05-15T23:15:40.977519,clean,persist,{'bins': 6},59,3,2,ok,177,236,0.40108910389244556,3.821102848276496,4.229700319468975,5,7,14,0,,
2026-05-15T23:15:44.419161,clean,persist,{'bins': 6},59,4,2,ok,236,295,0.4118735557422042,2.9877036325633526,3.4068822925910354,5,18,32,0,,
2026-05-15T23:15:48.132123,clean,persist,{'bins': 6},60,0,2,ok,0,60,0.4225296853110194,3.2119930889457464,3.6419025901705027,5,16,30,0,,
2026-05-15T23:15:49.633213,clean,persist,{'bins': 6},60,1,2,ok,60,120,0.40177924931049347,1.0642135217785835,1.473341398872435,5,7,12,0,,
2026-05-15T23:15:52.608663,clean,persist,{'bins': 6},60,2,2,ok,120,180,0.4126504557207227,2.51555201318115,2.935596930794418,5,8,16,0,,
2026-05-15T23:15:54.501627,clean,persist,{'bins': 6},60,3,2,ok,180,240,0.40711880195885897,1.440881342627108,1.855880219489336,5,10,19,0,,
2026-05-15T23:15:57.435459,clean,persist,{'bins': 6},60,4,2,ok,240,300,0.4198509631678462,2.4661415182054043,2.8937992891296744,5,15,26,0,,
2026-05-15T23:16:00.313751,clean,persist,{'bins': 6},61,0,2,ok,0,61,0.4179671937599778,2.37726298160851,2.8027353156358004,5,13,23,0,,
2026-05-15T23:16:02.392189,clean,persist,{'bins': 6},61,1,2,ok,61,122,0.4074665941298008,1.626463856548071,2.04141135700047,5,8,14,0,,
2026-05-15T23:16:06.244538,clean,persist,{'bins': 6},61,2,2,ok,122,183,0.4077817564830184,3.3911930276080966,3.8067194651812315,5,13,23,0,,
2026-05-15T23:16:09.319681,clean,persist,{'bins': 6},61,3,2,ok,183,244,0.449695304967463,2.566663728095591,3.0264581376686692,5,17,28,0,,
2026-05-15T23:16:12.706956,clean,persist,{'bins': 6},61,4,2,ok,244,305,0.43305793683975935,2.896898957900703,3.3405625903978944,5,7,15,0,,
2026-05-15T23:16:16.806431,clean,persist,{'bins': 6},62,0,2,ok,0,62,0.44561873469501734,3.5606683464720845,4.0168776996433735,5,13,23,0,,
2026-05-15T23:16:18.666596,clean,persist,{'bins': 6},62,1,2,ok,62,124,0.41747911646962166,1.4012597082182765,1.8264213986694813,5,19,33,0,,
2026-05-15T23:16:21.796157,clean,persist,{'bins': 6},62,2,2,ok,124,186,0.4255993925035,2.6568974470719695,3.090235768817365,5,13,23,0,,
2026-05-15T23:16:24.557381,clean,persist,{'bins': 6},62,3,2,ok,186,248,0.4341166438534856,2.274725265800953,2.717894879169762,5,8,16,0,,
2026-05-15T23:16:27.063641,clean,persist,{'bins': 6},62,4,2,ok,248,310,0.42345051374286413,2.0417384672909975,2.4737557861953974,5,13,21,0,,
2026-05-15T23:16:30.488939,clean,persist,{'bins': 6},63,0,2,ok,0,63,0.4325007386505604,2.904387573711574,3.3464866057038307,5,6,13,0,,
2026-05-15T23:16:33.936101,clean,persist,{'bins': 6},63,1,2,ok,63,126,0.44016732182353735,2.957496702671051,3.406977904960513,5,10,21,0,,
2026-05-15T23:16:38.064445,clean,persist,{'bins': 6},63,2,2,ok,126,189,0.4574785763397813,3.6221363255754113,4.090173098258674,5,16,31,0,,
2026-05-15T23:16:41.717961,clean,persist,{'bins': 6},63,3,2,ok,189,252,0.4556540288031101,3.140037822537124,3.6040006717666984,5,3,8,0,,
2026-05-15T23:16:45.377469,clean,persist,{'bins': 6},63,4,2,ok,252,315,0.4440699936822057,3.166090888902545,3.6201743064448237,5,14,25,0,,
2026-05-15T23:16:47.865647,clean,persist,{'bins': 6},64,0,2,ok,0,64,0.45666020922362804,1.9437812278047204,2.4112094892188907,5,10,18,0,,
2026-05-15T23:16:52.793061,clean,persist,{'bins': 6},64,1,2,ok,64,128,0.4636701988056302,4.4069076385349035,4.881244828924537,5,17,31,0,,
2026-05-15T23:16:56.432553,clean,persist,{'bins': 6},64,2,2,ok,128,192,0.44427701365202665,3.138127338141203,3.5934491716325283,5,13,26,0,,
2026-05-15T23:16:59.271713,clean,persist,{'bins': 6},64,3,2,ok,192,256,0.4375217901542783,2.346483969129622,2.7917755572125316,5,3,9,0,,
2026-05-15T23:17:04.558289,clean,persist,{'bins': 6},64,4,2,ok,256,320,0.46284077037125826,4.764428636990488,5.238365223631263,5,12,23,0,,
2026-05-15T23:17:08.731094,clean,persist,{'bins': 6},65,0,2,ok,0,65,0.47455260436981916,3.60882006585598,4.093696577474475,5,13,25,0,,
2026-05-15T23:17:12.287323,clean,persist,{'bins': 6},65,1,2,ok,65,130,0.46467706840485334,3.0431093918159604,3.518511871807277,5,22,40,0,,
2026-05-15T23:17:15.129891,clean,persist,{'bins': 6},65,2,2,ok,130,195,0.44062912929803133,2.360743477009237,2.8101189881563187,5,11,24,0,,
2026-05-15T23:17:18.905888,clean,persist,{'bins': 6},65,3,2,ok,195,260,0.44538634549826384,3.2818268248811364,3.736118101514876,5,19,31,0,,
2026-05-15T23:17:22.388472,clean,persist,{'bins': 6},65,4,2,ok,260,325,0.42954332008957863,3.0006671184673905,3.4383194129914045,5,8,17,0,,
2026-05-15T23:17:27.041051,clean,persist,{'bins': 6},66,0,2,ok,0,66,0.444395923987031,4.111780856736004,4.564514726400375,5,13,23,0,,
2026-05-15T23:17:31.453962,clean,persist,{'bins': 6},66,1,2,ok,66,132,0.4415427343919873,3.908987103961408,4.358793784864247,5,9,18,0,,
2026-05-15T23:17:34.655573,clean,persist,{'bins': 6},66,2,2,ok,132,198,0.4294365895912051,2.714954586699605,3.1525996271520853,5,7,14,0,,
2026-05-15T23:17:37.998687,clean,persist,{'bins': 6},66,3,2,ok,198,264,0.44504394195973873,2.8473061695694923,3.300492238253355,5,27,45,0,,
2026-05-15T23:17:41.132666,clean,persist,{'bins': 6},66,4,2,ok,264,330,0.4311793530359864,2.6574350968003273,3.0966833382844925,5,13,26,0,,
2026-05-15T23:17:44.678285,clean,persist,{'bins': 6},67,0,2,ok,0,67,0.4496978549286723,3.007726495154202,3.4657036252319813,5,13,23,0,,
2026-05-15T23:17:49.636095,clean,persist,{'bins': 6},67,1,2,ok,67,134,0.4444182962179184,4.455762533470988,4.908567496575415,5,23,47,0,,
2026-05-15T23:17:55.442001,clean,persist,{'bins': 6},67,2,2,ok,134,201,0.44526565819978714,5.290843133814633,5.744624441489577,5,10,20,0,,
2026-05-15T23:17:58.999426,clean,persist,{'bins': 6},67,3,2,ok,201,268,0.44152775313705206,3.0612381286919117,3.5109870582818985,5,4,11,0,,
2026-05-15T23:18:01.696772,clean,persist,{'bins': 6},67,4,2,ok,268,335,0.4378412077203393,2.209736282005906,2.6559133622795343,5,10,17,0,,
2026-05-15T23:18:06.994874,clean,persist,{'bins': 6},68,0,2,ok,0,68,0.4591758921742439,4.752928622066975,5.220409748144448,5,12,26,0,,
2026-05-15T23:18:12.395440,clean,persist,{'bins': 6},68,1,2,ok,68,136,0.44165884982794523,4.892467205412686,5.343758352100849,5,16,34,0,,
2026-05-15T23:18:16.283520,clean,persist,{'bins': 6},68,2,2,ok,136,204,0.4527510413900018,3.3773838095366955,3.839420004747808,5,12,23,0,,
2026-05-15T23:18:19.791457,clean,persist,{'bins': 6},68,3,2,ok,204,272,0.4514069752767682,2.9990460872650146,3.458769296295941,5,14,26,0,,
2026-05-15T23:18:22.737630,clean,persist,{'bins': 6},68,4,2,ok,272,340,0.4472446646541357,2.441875170916319,2.8978843921795487,5,7,14,0,,
2026-05-15T23:18:26.996095,clean,persist,{'bins': 6},69,0,2,ok,0,69,0.4530386496335268,3.7134282775223255,4.174928545020521,5,12,22,0,,
2026-05-15T23:18:29.958144,clean,persist,{'bins': 6},69,1,2,ok,69,138,0.4405207810923457,2.4697368359193206,2.9187744073569775,5,9,16,0,,
2026-05-15T23:18:33.581946,clean,persist,{'bins': 6},69,2,2,ok,138,207,0.4507480962201953,3.115421618334949,3.5746815875172615,5,9,19,0,,
2026-05-15T23:18:37.257742,clean,persist,{'bins': 6},69,3,2,ok,207,276,0.46145973168313503,3.1523283682763577,3.6231457805261016,5,3,9,0,,
2026-05-15T23:18:40.919655,clean,persist,{'bins': 6},69,4,2,ok,276,345,0.45093555748462677,3.15725967194885,3.6166476402431726,5,9,19,0,,
2026-05-15T23:18:46.486392,clean,persist,{'bins': 6},70,0,2,ok,0,70,0.46658987924456596,5.012149168178439,5.487648676149547,5,12,26,0,,
2026-05-15T23:18:50.683093,clean,persist,{'bins': 6},70,1,2,ok,70,140,0.4629193926230073,3.6768500050529838,4.148322126828134,5,14,26,0,,
2026-05-15T23:18:54.146594,clean,persist,{'bins': 6},70,2,2,ok,140,210,0.444062233902514,2.9556589610874653,3.408203541301191,5,7,16,0,,
2026-05-15T23:18:57.505477,clean,persist,{'bins': 6},70,3,2,ok,210,280,0.4459824012592435,2.8532238639891148,3.307805571705103,5,10,18,0,,
2026-05-15T23:19:01.308020,clean,persist,{'bins': 6},70,4,2,ok,280,350,0.4448873344808817,3.3014626037329435,3.7549573397263885,5,13,26,0,,
2026-05-15T23:19:05.359603,clean,persist,{'bins': 6},71,0,2,ok,0,71,0.46051616687327623,3.4985090028494596,3.968180079944432,5,12,22,0,,
2026-05-15T23:19:09.532527,clean,persist,{'bins': 6},71,1,2,ok,71,142,0.4699887838214636,3.6515531819313765,4.13026961311698,5,19,40,0,,
2026-05-15T23:19:12.756963,clean,persist,{'bins': 6},71,2,2,ok,142,213,0.4561131354421377,2.717845741659403,3.1825326150283217,5,11,22,0,,
2026-05-15T23:19:16.136448,clean,persist,{'bins': 6},71,3,2,ok,213,284,0.46377808414399624,2.864356165751815,3.3367658564820886,5,15,26,0,,
2026-05-15T23:19:18.795077,clean,persist,{'bins': 6},71,4,2,ok,284,355,0.4523958498612046,2.154286247678101,2.6165910745039582,5,10,19,0,,
2026-05-15T23:19:22.821498,clean,persist,{'bins': 6},72,0,2,ok,0,72,0.4753855336457491,3.458328456617892,3.942540823481977,5,12,22,0,,
2026-05-15T23:19:26.664384,clean,persist,{'bins': 6},72,1,2,ok,72,144,0.4532626271247864,3.3288906272500753,3.7908673267811537,5,13,26,0,,
2026-05-15T23:19:29.239249,clean,persist,{'bins': 6},72,2,2,ok,144,216,0.4735227329656482,2.0387673173099756,2.522971749305725,5,2,8,0,,
2026-05-15T23:19:33.974646,clean,persist,{'bins': 6},72,3,2,ok,216,288,0.47467301320284605,4.185820161364973,4.669616775587201,5,13,23,0,,
2026-05-15T23:19:36.318877,clean,persist,{'bins': 6},72,4,2,ok,288,360,0.4826044337823987,1.8030456025153399,2.2944285608828068,5,7,15,0,,
2026-05-15T23:19:40.712272,clean,persist,{'bins': 6},73,0,2,ok,0,73,0.4846153827384114,3.807504791766405,4.303252379409969,5,17,31,0,,
2026-05-15T23:19:44.102105,clean,persist,{'bins': 6},73,1,2,ok,73,146,0.4724404802545905,2.85288886167109,3.3363392567262053,5,10,21,0,,
2026-05-15T23:19:48.264235,clean,persist,{'bins': 6},73,2,2,ok,146,219,0.4714876674115658,3.6280416939407587,4.108571580611169,5,12,25,0,,
2026-05-15T23:19:51.127362,clean,persist,{'bins': 6},73,3,2,ok,219,292,0.4759623762220144,2.327063152566552,2.8131567630916834,5,14,25,0,,
2026-05-15T23:19:53.466186,clean,persist,{'bins': 6},73,4,2,ok,292,365,0.45747162587940693,1.8200467824935913,2.286675372160971,5,5,11,0,,
2026-05-15T23:19:59.732475,clean,persist,{'bins': 6},74,0,2,ok,0,74,0.4860359011217952,5.688950411975384,6.184067535214126,5,12,26,0,,
2026-05-15T23:20:04.082040,clean,persist,{'bins': 6},74,1,2,ok,74,148,0.46792246866971254,3.8215479981154203,4.2988039227202535,5,20,43,0,,
2026-05-15T23:20:08.546752,clean,persist,{'bins': 6},74,2,2,ok,148,222,0.4815562143921852,3.915264400653541,4.405978159978986,5,6,15,0,,
2026-05-15T23:20:13.320636,clean,persist,{'bins': 6},74,3,2,ok,222,296,0.47964212764054537,4.238141265697777,4.7270736480131745,5,11,22,0,,
2026-05-15T23:20:16.837410,clean,persist,{'bins': 6},74,4,2,ok,296,370,0.4666232280433178,2.9938274081796408,3.469574186950922,5,14,25,0,,
2026-05-15T23:20:23.262026,clean,persist,{'bins': 6},75,0,2,ok,0,75,0.4893802022561431,5.841994406655431,6.340855482965708,5,12,26,0,,
2026-05-15T23:20:27.513853,clean,persist,{'bins': 6},75,1,2,ok,75,150,0.4653868339955807,3.713809721171856,4.188377283513546,5,3,8,0,,
2026-05-15T23:20:30.429412,clean,persist,{'bins': 6},75,2,2,ok,150,225,0.46549259312450886,2.3986798767000437,2.873265934176743,5,8,15,0,,
2026-05-15T23:20:34.584709,clean,persist,{'bins': 6},75,3,2,ok,225,300,0.4833154985681176,3.6151698250323534,4.107640905305743,5,18,30,0,,
2026-05-15T23:20:37.070336,clean,persist,{'bins': 6},75,4,2,ok,300,375,0.47663940489292145,1.9497419763356447,2.4354196917265654,5,6,11,0,,
2026-05-15T23:20:40.117382,clean,persist,{'bins': 6},76,0,2,ok,0,76,0.47686645202338696,2.47421146184206,2.960334876552224,5,6,12,0,,
2026-05-15T23:20:44.443888,clean,persist,{'bins': 6},76,1,2,ok,76,152,0.48276839032769203,3.7763406690210104,4.268423929810524,5,12,25,0,,
2026-05-15T23:20:48.443750,clean,persist,{'bins': 6},76,2,2,ok,152,228,0.47022846061736345,3.4596567237749696,3.9391232412308455,5,6,15,0,,
2026-05-15T23:20:52.651333,clean,persist,{'bins': 6},76,3,2,ok,228,304,0.48945449106395245,3.6596348993480206,4.158348466269672,5,17,30,0,,
2026-05-15T23:20:56.807062,clean,persist,{'bins': 6},76,4,2,ok,304,380,0.49687553383409977,3.591574306599796,4.099536870606244,5,11,23,0,,
2026-05-15T23:21:03.409157,clean,persist,{'bins': 6},77,0,2,ok,0,77,0.4995884411036968,6.012111940421164,6.52113588899374,5,13,29,0,,
2026-05-15T23:21:07.226664,clean,persist,{'bins': 6},77,1,2,ok,77,154,0.48647274915128946,3.271573780104518,3.7674204614013433,5,15,30,0,,
2026-05-15T23:21:12.720797,clean,persist,{'bins': 6},77,2,2,ok,154,231,0.49002694711089134,4.933856653980911,5.4334590611979365,5,8,17,0,,
2026-05-15T23:21:15.526502,clean,persist,{'bins': 6},77,3,2,ok,231,308,0.48759105894714594,2.2564712781459093,2.753357220441103,5,11,20,0,,
2026-05-15T23:21:20.607106,clean,persist,{'bins': 6},77,4,2,ok,308,385,0.4874091362580657,4.51970783341676,5.01660539675504,5,5,11,0,,
2026-05-15T23:21:24.402787,clean,persist,{'bins': 6},78,0,2,ok,0,78,0.4897414296865463,3.2081661550328135,3.7074884846806526,5,9,19,0,,
2026-05-15T23:21:28.139864,clean,persist,{'bins': 6},78,1,2,ok,78,156,0.4793286668136716,3.2009283555671573,3.6900344509631395,5,20,37,0,,
2026-05-15T23:21:31.799011,clean,persist,{'bins': 6},78,2,2,ok,156,234,0.4908416047692299,3.1058101588860154,3.6062374841421843,5,12,22,0,,
2026-05-15T23:21:36.258683,clean,persist,{'bins': 6},78,3,2,ok,234,312,0.505406609736383,3.891472587361932,4.408153238706291,5,21,34,0,,
2026-05-15T23:21:38.988098,clean,persist,{'bins': 6},78,4,2,ok,312,390,0.47955451998859644,2.1965095065534115,2.6856188075616956,5,14,24,0,,
2026-05-15T23:21:44.781315,clean,persist,{'bins': 6},79,0,2,ok,0,79,0.5029460964724422,5.183363848365843,5.696120106615126,5,12,24,0,,
2026-05-15T23:21:49.098774,clean,persist,{'bins': 6},79,1,2,ok,79,158,0.49488926865160465,3.764822236262262,4.269367695786059,5,20,37,0,,
2026-05-15T23:21:53.375033,clean,persist,{'bins': 6},79,2,2,ok,158,237,0.5066062333062291,3.700203739106655,4.217957575805485,5,18,32,0,,
2026-05-15T23:21:57.307008,clean,persist,{'bins': 6},79,3,2,ok,237,316,0.4866003356873989,3.3878638688474894,3.884426281787455,5,13,25,0,,
2026-05-15T23:21:59.341018,clean,persist,{'bins': 6},79,4,2,ok,316,395,0.4959619753062725,1.4760725572705269,1.983001566492021,5,18,28,0,,
2026-05-15T23:22:05.120224,clean,persist,{'bins': 6},80,0,2,ok,0,80,0.5090340040624142,5.163877137936652,5.682765587233007,5,12,24,0,,
2026-05-15T23:22:10.537187,clean,persist,{'bins': 6},80,1,2,ok,80,160,0.5112187881022692,4.833601329475641,5.356841673143208,5,11,20,0,,
2026-05-15T23:22:14.494397,clean,persist,{'bins': 6},80,2,2,ok,160,240,0.5112351682037115,3.383744322694838,3.9048695731908083,5,13,23,0,,
2026-05-15T23:22:18.320250,clean,persist,{'bins': 6},80,3,2,ok,240,320,0.49919534008949995,3.260894935578108,3.7697857804596424,5,2,8,0,,
2026-05-15T23:22:20.331710,clean,persist,{'bins': 6},80,4,2,ok,320,400,0.49288917146623135,1.460990539751947,1.9635329777374864,5,15,23,0,,
2026-05-15T23:22:27.496238,clean,persist,{'bins': 6},81,0,2,ok,0,81,0.5718240309506655,6.495682155713439,7.077435341663659,5,22,42,0,,
2026-05-15T23:22:32.016504,clean,persist,{'bins': 6},81,1,2,ok,81,162,0.5507116252556443,3.8994930870831013,4.460169934667647,5,9,18,0,,
2026-05-15T23:22:40.086306,clean,persist,{'bins': 6},81,2,2,ok,162,243,0.5586925987154245,7.427343104034662,7.996356262825429,5,7,17,0,,
2026-05-15T23:22:43.508272,clean,persist,{'bins': 6},81,3,2,ok,243,324,0.5414108708500862,2.81440123450011,3.365666369907558,5,8,17,0,,
2026-05-15T23:22:45.464850,clean,persist,{'bins': 6},81,4,2,ok,324,405,0.5470290454104543,1.352673813700676,1.9094997756183147,5,8,17,0,,
2026-05-15T23:22:50.540366,clean,persist,{'bins': 6},82,0,2,ok,0,82,0.5639070365577936,4.406915644183755,4.980925000272691,5,13,25,0,,
2026-05-15T23:22:56.186081,clean,persist,{'bins': 6},82,1,2,ok,82,164,0.5711014922708273,4.991969217546284,5.573335484601557,5,9,20,0,,
2026-05-15T23:23:00.869499,clean,persist,{'bins': 6},82,2,2,ok,164,246,0.5626366892829537,4.052354368381202,4.625746344216168,5,18,35,0,,
2026-05-15T23:23:08.062147,clean,persist,{'bins': 6},82,3,2,ok,246,328,0.5575314862653613,6.559031129814684,7.126856807619333,5,13,26,0,,
2026-05-15T23:23:09.874656,clean,persist,{'bins': 6},82,4,2,ok,328,410,0.565009817481041,1.1896644830703735,1.7644420312717557,5,10,20,0,,
2026-05-15T23:23:15.032884,clean,persist,{'bins': 6},83,0,2,ok,0,83,0.5582339465618134,4.494947075843811,5.063344096764922,5,13,25,0,,
2026-05-15T23:23:18.792069,clean,persist,{'bins': 6},83,1,2,ok,83,166,0.5674796076491475,3.122299158014357,3.70002512447536,5,14,23,0,,
2026-05-15T23:23:23.623424,clean,persist,{'bins': 6},83,2,2,ok,166,249,0.583882954902947,4.182967233471572,4.777062985114753,5,18,43,0,,
2026-05-15T23:23:30.630892,clean,persist,{'bins': 6},83,3,2,ok,249,332,0.5635588197037578,6.379206318408251,6.953149517998099,5,26,46,0,,
2026-05-15T23:23:35.336387,clean,persist,{'bins': 6},83,4,2,ok,332,415,0.5712771415710449,4.056504655629396,4.638050858862698,5,15,28,0,,
2026-05-15T23:23:43.891209,clean,persist,{'bins': 6},84,0,2,ok,0,84,0.583697134628892,7.846475206315517,8.441167146898806,5,13,25,0,,
2026-05-15T23:23:48.775814,clean,persist,{'bins': 6},84,1,2,ok,84,168,0.5573568465188146,4.262686639092863,4.830756642855704,5,17,33,0,,
2026-05-15T23:23:54.664030,clean,persist,{'bins': 6},84,2,2,ok,168,252,0.5906882574781775,5.217275281436741,5.818230438046157,5,23,42,0,,
2026-05-15T23:23:58.655980,clean,persist,{'bins': 6},84,3,2,ok,252,336,0.5559461461380124,3.380733234807849,3.9468199526891112,5,13,25,0,,
2026-05-15T23:24:02.540479,clean,persist,{'bins': 6},84,4,2,ok,336,420,0.5797221353277564,3.24228629283607,3.832269076257944,5,9,20,0,,
2026-05-15T23:24:08.291240,clean,persist,{'bins': 6},85,0,2,ok,0,85,0.5900818994268775,5.051853674463928,5.652354067191482,5,13,25,0,,
2026-05-15T23:24:13.971727,clean,persist,{'bins': 6},85,1,2,ok,85,170,0.5692511834204197,5.037685954011977,5.618010030128062,5,12,21,0,,
2026-05-15T23:24:19.854857,clean,persist,{'bins': 6},85,2,2,ok,170,255,0.5894345315173268,5.211461616680026,5.811380946077406,5,19,37,0,,
2026-05-15T23:24:25.370027,clean,persist,{'bins': 6},85,3,2,ok,255,340,0.5598660102114081,4.892671030014753,5.462885612621903,5,14,28,0,,
2026-05-15T23:24:29.981570,clean,persist,{'bins': 6},85,4,2,ok,340,425,0.5729952845722437,3.962881648913026,4.546310325153172,5,14,28,0,,
2026-05-15T23:24:37.869611,clean,persist,{'bins': 6},86,0,2,ok,0,86,0.5949959177523851,7.1922706281766295,7.798209486529231,5,11,25,0,,
2026-05-15T23:24:42.302808,clean,persist,{'bins': 6},86,1,2,ok,86,172,0.5780643383041024,3.781777781434357,4.370297813788056,5,9,18,0,,
2026-05-15T23:24:47.210278,clean,persist,{'bins': 6},86,2,2,ok,172,258,0.5853916546329856,4.257202732376754,4.853057575412095,5,12,25,0,,
2026-05-15T23:24:52.793325,clean,persist,{'bins': 6},86,3,2,ok,258,344,0.5714947246015072,4.928524216637015,5.510743390768766,5,9,16,0,,
2026-05-15T23:24:54.800038,clean,persist,{'bins': 6},86,4,2,ok,344,430,0.568123672157526,1.3757677460089326,1.9542645569890738,5,13,21,0,,
2026-05-15T23:25:02.838666,clean,persist,{'bins': 6},87,0,2,ok,0,87,0.5999460071325302,7.337310039438307,7.947854668833315,5,11,25,0,,
2026-05-15T23:25:08.624535,clean,persist,{'bins': 6},87,1,2,ok,87,174,0.5955297006294131,5.1167239947244525,5.7229503421112895,5,20,35,0,,
2026-05-15T23:25:13.926808,clean,persist,{'bins': 6},87,2,2,ok,174,261,0.5935906479135156,4.624905199743807,5.229182485491037,5,12,24,0,,
2026-05-15T23:25:22.708952,clean,persist,{'bins': 6},87,3,2,ok,261,348,0.5861135888844728,8.103471732698381,8.700638668611646,5,10,21,0,,
2026-05-15T23:25:26.548118,clean,persist,{'bins': 6},87,4,2,ok,348,435,0.5662919981405139,3.2075583934783936,3.784504398703575,5,14,25,0,,
2026-05-15T23:25:31.696437,clean,persist,{'bins': 6},88,0,2,ok,0,88,0.5779751893132925,4.452247569337487,5.041030834428966,5,6,12,0,,
2026-05-15T23:25:37.079085,clean,persist,{'bins': 6},88,1,2,ok,88,176,0.5779898259788752,4.7336631109938025,5.322423782199621,5,21,38,0,,
2026-05-15T23:25:44.584852,clean,persist,{'bins': 6},88,2,2,ok,176,264,0.5759107796475291,6.8254299415275455,7.412423171103001,5,7,18,0,,
2026-05-15T23:25:51.145493,clean,persist,{'bins': 6},88,3,2,ok,264,352,0.5975310085341334,5.886638441123068,6.495096208527684,5,10,20,0,,
2026-05-15T23:25:55.219900,clean,persist,{'bins': 6},88,4,2,ok,352,440,0.5749893886968493,3.4096621619537473,3.99549922067672,5,9,19,0,,
2026-05-15T23:26:01.327848,clean,persist,{'bins': 6},89,0,2,ok,0,89,0.600231783464551,5.392879973165691,6.004062809050083,5,10,20,0,,
2026-05-15T23:26:05.447021,clean,persist,{'bins': 6},89,1,2,ok,89,178,0.5772057920694351,3.4660069067031145,4.053983975201845,5,9,18,0,,
2026-05-15T23:26:10.284586,clean,persist,{'bins': 6},89,2,2,ok,178,267,0.591914365068078,4.1704716654494405,4.773337095044553,5,8,18,0,,
2026-05-15T23:26:17.837952,clean,persist,{'bins': 6},89,3,2,ok,267,356,0.5877415761351585,6.879979186691344,7.478959447704256,5,14,28,0,,
2026-05-15T23:26:25.393281,clean,persist,{'bins': 6},89,4,2,ok,356,445,0.5898793116211891,6.856676341965795,7.457869008183479,5,3,10,0,,
2026-05-15T23:26:30.155221,clean,persist,{'bins': 6},90,0,2,ok,0,90,0.6038110749796033,4.052056264132261,4.667294308543205,5,6,14,0,,
2026-05-15T23:26:35.096824,clean,persist,{'bins': 6},90,1,2,ok,90,180,0.5982372546568513,4.2497305339202285,4.8589587872847915,5,3,8,0,,
2026-05-15T23:26:40.091497,clean,persist,{'bins': 6},90,2,2,ok,180,270,0.5896437978371978,4.315106779336929,4.91590469237417,5,9,15,0,,
2026-05-15T23:26:45.361576,clean,persist,{'bins': 6},90,3,2,ok,270,360,0.6059486698359251,4.585974691435695,5.202799996361136,5,5,13,0,,
2026-05-15T23:26:52.157147,clean,persist,{'bins': 6},90,4,2,ok,360,450,0.592273267917335,6.134991184808314,6.738353846594691,5,27,56,0,,
2026-05-15T23:26:58.951012,clean,persist,{'bins': 6},91,0,2,ok,0,91,0.6217990890145302,6.05406741425395,6.687159770168364,5,9,18,0,,
2026-05-15T23:27:03.384669,clean,persist,{'bins': 6},91,1,2,ok,91,182,0.6024168040603399,3.758121781051159,4.371821793727577,5,14,25,0,,
2026-05-15T23:27:08.167879,clean,persist,{'bins': 6},91,2,2,ok,182,273,0.5976718701422215,4.113701978698373,4.722968370653689,5,12,25,0,,
2026-05-15T23:27:12.602934,clean,persist,{'bins': 6},91,3,2,ok,273,364,0.6014473121613264,3.7625615503638983,4.375194857828319,5,10,20,0,,
2026-05-15T23:27:17.149209,clean,persist,{'bins': 6},91,4,2,ok,364,455,0.5869143586605787,3.878638639114797,4.476831476204097,5,9,17,0,,
2026-05-15T23:27:23.871600,clean,persist,{'bins': 6},92,0,2,ok,0,92,0.6096319891512394,5.995091672055423,6.616048116236925,5,9,18,0,,
2026-05-15T23:27:27.251903,clean,persist,{'bins': 6},92,1,2,ok,92,184,0.6011520866304636,2.7008191123604774,3.3132005967199802,5,13,24,0,,
2026-05-15T23:27:32.865722,clean,persist,{'bins': 6},92,2,2,ok,184,276,0.6182789839804173,4.911028219386935,5.540699956938624,5,16,28,0,,
2026-05-15T23:27:40.580864,clean,persist,{'bins': 6},92,3,2,ok,276,368,0.6189438728615642,7.007259014993906,7.638406375423074,5,11,22,0,,
2026-05-15T23:27:45.227397,clean,persist,{'bins': 6},92,4,2,ok,368,460,0.600085430778563,3.972190580330789,4.583429787307978,5,9,18,0,,
2026-05-15T23:27:49.682970,clean,persist,{'bins': 6},93,0,2,ok,0,93,0.6036849338561296,3.7413392765447497,4.356753417290747,5,10,18,0,,
2026-05-15T23:27:57.393725,clean,persist,{'bins': 6},93,1,2,ok,93,186,0.5987420966848731,7.017069116234779,7.627512387000024,5,8,15,0,,
2026-05-15T23:28:01.539285,clean,persist,{'bins': 6},93,2,2,ok,186,279,0.597628534771502,3.470475426875055,4.079419701360166,5,6,12,0,,
2026-05-15T23:28:06.737050,clean,persist,{'bins': 6},93,3,2,ok,279,372,0.6151203280314803,4.502566397190094,5.129193002358079,5,8,18,0,,
2026-05-15T23:28:11.828851,clean,persist,{'bins': 6},93,4,2,ok,372,465,0.6042192969471216,4.400188462808728,5.015721566043794,5,4,14,0,,
2026-05-15T23:28:20.025486,clean,persist,{'bins': 6},94,0,2,ok,0,94,0.6670564822852612,7.402677282691002,8.081580542959273,5,9,19,0,,
2026-05-15T23:28:23.563034,clean,persist,{'bins': 6},94,1,2,ok,94,188,0.6600061748176813,2.797355879098177,3.468720603734255,5,6,12,0,,
2026-05-15T23:28:29.875152,clean,persist,{'bins': 6},94,2,2,ok,188,282,0.6892699850723147,5.525721920654178,6.227096057496965,5,9,18,0,,
2026-05-15T23:28:35.403476,clean,persist,{'bins': 6},94,3,2,ok,282,376,0.6279384074732661,4.816202018409967,5.455655991099775,5,16,27,0,,
2026-05-15T23:28:41.251137,clean,persist,{'bins': 6},94,4,2,ok,376,470,0.6118656313046813,5.149538391269743,5.772984619252384,5,13,25,0,,
2026-05-15T23:28:50.590842,clean,persist,{'bins': 6},95,0,2,ok,0,95,0.7520301640033722,8.480700607411563,9.244894415140152,5,14,30,0,,
2026-05-15T23:28:57.324135,clean,persist,{'bins': 6},95,1,2,ok,95,190,0.6364920269697905,6.021863742731512,6.670167711563408,5,24,47,0,,
2026-05-15T23:29:00.705795,clean,persist,{'bins': 6},95,2,2,ok,190,285,0.6166539061814547,2.6871283501386642,3.315218310803175,5,18,31,0,,
2026-05-15T23:29:06.358209,clean,persist,{'bins': 6},95,3,2,ok,285,380,0.6941202655434608,4.871342660859227,5.577034136280417,5,7,18,0,,
2026-05-15T23:29:12.054048,clean,persist,{'bins': 6},95,4,2,ok,380,475,0.6848121071234345,4.935670785605907,5.632241163402796,5,21,41,0,,
2026-05-15T23:29:17.386765,clean,persist,{'bins': 6},96,0,2,ok,0,96,0.6293705459684134,4.579903656616807,5.221025320701301,5,15,25,0,,
2026-05-15T23:29:24.378775,clean,persist,{'bins': 6},96,1,2,ok,96,192,0.6401763074100018,6.266572333872318,6.918561724945903,5,23,45,0,,
2026-05-15T23:29:30.548243,clean,persist,{'bins': 6},96,2,2,ok,192,288,0.6384017048403621,5.431848369538784,6.0820968095213175,5,10,19,0,,
2026-05-15T23:29:33.094068,clean,persist,{'bins': 6},96,3,2,ok,288,384,0.6673232289031148,1.809605523943901,2.4884969368577003,5,6,10,0,,
2026-05-15T23:29:36.442477,clean,persist,{'bins': 6},96,4,2,ok,384,480,0.6154624652117491,2.6568587543442845,3.2846000278368592,5,13,25,0,,
2026-05-15T23:29:43.938060,clean,persist,{'bins': 6},97,0,2,ok,0,97,0.7173628900200129,6.652595352381468,7.382011727429926,5,9,19,0,,
2026-05-15T23:29:49.353275,clean,persist,{'bins': 6},97,1,2,ok,97,194,0.7012596158310771,4.6466883178800344,5.359960672445595,5,13,30,0,,
2026-05-15T23:29:55.619788,clean,persist,{'bins': 6},97,2,2,ok,194,291,0.7061206689104438,5.461353389546275,6.179377852007747,5,10,19,0,,
2026-05-15T23:30:01.261356,clean,persist,{'bins': 6},97,3,2,ok,291,388,0.6950215045362711,4.875123534351587,5.582077817060053,5,12,23,0,,
2026-05-15T23:30:06.505299,clean,persist,{'bins': 6},97,4,2,ok,388,485,0.6743340296670794,4.494780594483018,5.180970367975533,5,21,38,0,,
2026-05-15T23:30:16.168225,clean,persist,{'bins': 6},98,0,2,ok,0,98,0.7222404628992081,8.832011078484356,9.566432436928153,5,14,30,0,,
2026-05-15T23:30:22.081163,clean,persist,{'bins': 6},98,1,2,ok,98,196,0.7014202047139406,5.1368372570723295,5.850292784161866,5,16,31,0,,
2026-05-15T23:30:28.346617,clean,persist,{'bins': 6},98,2,2,ok,196,294,0.7113200053572655,5.45242066308856,6.175785756669939,5,5,15,0,,
2026-05-15T23:30:34.268194,clean,persist,{'bins': 6},98,3,2,ok,294,392,0.6783826127648354,5.132318421266973,5.8227858087047935,5,4,12,0,,
2026-05-15T23:30:41.433934,clean,persist,{'bins': 6},98,4,2,ok,392,490,0.7147299712523818,6.3577788677066565,7.084626954980195,5,5,15,0,,
2026-05-15T23:30:46.086218,clean,persist,{'bins': 6},99,0,2,ok,0,99,0.7057527722790837,3.8244748720899224,4.542386248707771,5,12,23,0,,
2026-05-15T23:30:55.607635,clean,persist,{'bins': 6},99,1,2,ok,99,198,0.6994271790608764,8.719990093261003,9.432236266322434,5,14,26,0,,
2026-05-15T23:31:01.060011,clean,persist,{'bins': 6},99,2,2,ok,198,297,0.7073716642335057,4.651129644364119,5.370695248246193,5,7,16,0,,
2026-05-15T23:31:07.029311,clean,persist,{'bins': 6},99,3,2,ok,297,396,0.704844867810607,5.154431873932481,5.871411269530654,5,3,8,0,,
2026-05-15T23:31:13.313772,clean,persist,{'bins': 6},99,4,2,ok,396,495,0.7073498731479049,5.477953833527863,6.197638831101358,5,6,14,0,,
2026-05-15T23:31:23.210433,clean,persist,{'bins': 6},100,0,2,ok,0,100,0.7318507330492139,9.055494618602097,9.799737432971597,5,14,30,0,,
2026-05-15T23:31:28.853876,clean,persist,{'bins': 6},100,1,2,ok,100,200,0.6997673166915774,4.8545801332220435,5.566810393705964,5,9,20,0,,
2026-05-15T23:31:32.570479,clean,persist,{'bins': 6},100,2,2,ok,200,300,0.6896698959171772,2.9495684821158648,3.6517977034673095,5,20,30,0,,
2026-05-15T23:31:38.135128,clean,persist,{'bins': 6},100,3,2,ok,300,400,0.7179305693134665,4.749984483234584,5.480978695675731,5,6,14,0,,
2026-05-15T23:31:45.510028,clean,persist,{'bins': 6},100,4,2,ok,400,500,0.7252197545021772,6.564760838635266,7.302873085252941,5,19,40,0,,
2026-05-15T23:31:45.688280,noisy,naive,{'bins': 5},1,0,2,ok,0,1,0.0005210591480135918,0.02743490319699049,0.028297663666307926,5,6,9,0,,
2026-05-15T23:31:45.763976,noisy,naive,{'bins': 5},1,1,2,ok,1,2,0.00032022222876548767,0.0726474542170763,0.07324110995978117,5,19,34,0,,
2026-05-15T23:31:45.812600,noisy,naive,{'bins': 5},1,2,2,ok,2,3,0.0003161737695336342,0.04596223123371601,0.046543593518435955,5,9,17,0,,
2026-05-15T23:31:45.835157,noisy,naive,{'bins': 5},1,3,2,ok,3,4,0.0003290679305791855,0.020338079892098904,0.020901888608932495,5,6,9,0,,
2026-05-15T23:31:45.861732,noisy,naive,{'bins': 5},1,4,2,ok,4,5,0.0003305906429886818,0.024304802529513836,0.024874231778085232,5,6,9,0,,
2026-05-15T23:31:46.019347,noisy,naive,{'bins': 5},2,0,2,ok,0,2,0.0006427280604839325,0.09764933586120605,0.09880864527076483,5,7,11,0,,
2026-05-15T23:31:46.066536,noisy,naive,{'bins': 5},2,1,2,ok,2,4,0.0005413470789790154,0.044006235897541046,0.04491245839744806,5,6,9,0,,
2026-05-15T23:31:46.179908,noisy,naive,{'bins': 5},2,2,2,ok,4,6,0.0005645900964736938,0.10945204086601734,0.11042232345789671,5,7,14,0,,
2026-05-15T23:31:46.187418,noisy,naive,{'bins': 5},2,3,2,ok,6,8,0.0005835574120283127,0.0054652076214551926,0.006351933814585209,5,5,6,0,,
2026-05-15T23:31:46.222014,noisy,naive,{'bins': 5},2,4,2,ok,8,10,0.0005650809034705162,0.03169629909098148,0.032599374651908875,5,7,11,0,,
2026-05-15T23:31:46.336779,noisy,naive,{'bins': 5},3,0,2,ok,0,3,0.0008840309455990791,0.05500839650630951,0.05644968431442976,5,7,12,0,,
2026-05-15T23:31:46.452719,noisy,naive,{'bins': 5},3,1,2,ok,3,6,0.0007423944771289825,0.11108500976115465,0.11234656907618046,5,7,12,0,,
2026-05-15T23:31:46.474731,noisy,naive,{'bins': 5},3,2,2,ok,6,9,0.0007456615567207336,0.01861762721091509,0.01979704387485981,5,7,11,0,,
2026-05-15T23:31:46.531404,noisy,naive,{'bins': 5},3,3,2,ok,9,12,0.0008172448724508286,0.05313864257186651,0.054416533559560776,5,10,16,0,,
2026-05-15T23:31:46.610719,noisy,naive,{'bins': 5},3,4,2,ok,12,15,0.0008388655260205269,0.07519188523292542,0.07651081308722496,5,10,15,0,,
2026-05-15T23:31:46.768454,noisy,naive,{'bins': 5},4,0,2,ok,0,4,0.0010950975120067596,0.09665370732545853,0.09840157069265842,5,4,10,0,,
2026-05-15T23:31:46.797581,noisy,naive,{'bins': 5},4,1,2,ok,4,8,0.0009668665006756783,0.0253860829398036,0.02688588108867407,5,7,9,0,,
2026-05-15T23:31:46.876028,noisy,naive,{'bins': 5},4,2,2,ok,8,12,0.0009585404768586159,0.07415633928030729,0.07568266708403826,5,6,12,0,,
2026-05-15T23:31:46.996089,noisy,naive,{'bins': 5},4,3,2,ok,12,16,0.000991293229162693,0.11512044072151184,0.11670535895973444,5,10,15,0,,
2026-05-15T23:31:47.053756,noisy,naive,{'bins': 5},4,4,2,ok,16,20,0.0010528285056352615,0.05342649482190609,0.0550351170822978,5,5,7,0,,
2026-05-15T23:31:47.261129,noisy,naive,{'bins': 5},5,0,2,ok,0,5,0.0013402476906776428,0.14490133058279753,0.14725239761173725,5,5,11,0,,
2026-05-15T23:31:47.305141,noisy,naive,{'bins': 5},5,1,2,ok,5,10,0.001170869916677475,0.03971777856349945,0.04164960794150829,5,8,12,0,,
2026-05-15T23:31:47.363337,noisy,naive,{'bins': 5},5,2,2,ok,10,15,0.0011518336832523346,0.05381304118782282,0.05581329856067896,5,10,17,0,,
2026-05-15T23:31:47.449327,noisy,naive,{'bins': 5},5,3,2,ok,15,20,0.001145763322710991,0.08103401120752096,0.08296067081391811,5,10,15,0,,
2026-05-15T23:31:47.531165,noisy,naive,{'bins': 5},5,4,2,ok,20,25,0.001294231042265892,0.07687833346426487,0.07895202934741974,5,7,12,0,,
2026-05-15T23:31:47.775174,noisy,naive,{'bins': 5},6,0,2,ok,0,6,0.0015032235532999039,0.18046284187585115,0.18302916269749403,5,5,12,0,,
2026-05-15T23:31:47.838708,noisy,naive,{'bins': 5},6,1,2,ok,6,12,0.0013749627396464348,0.05815600976347923,0.06050684675574303,5,7,11,0,,
2026-05-15T23:31:48.005740,noisy,naive,{'bins': 5},6,2,2,ok,12,18,0.0013682600110769272,0.16082468628883362,0.16313330363482237,5,9,14,0,,
2026-05-15T23:31:48.113037,noisy,naive,{'bins': 5},6,3,2,ok,18,24,0.0013909824192523956,0.1013543177396059,0.10367079917341471,5,5,11,0,,
2026-05-15T23:31:48.221439,noisy,naive,{'bins': 5},6,4,2,ok,24,30,0.00148821622133255,0.10265452973544598,0.10506545007228851,5,7,13,0,,
2026-05-15T23:31:48.580676,noisy,naive,{'bins': 5},7,0,2,ok,0,7,0.0017540967091917992,0.29354069381952286,0.2965186592191458,5,4,10,0,,
2026-05-15T23:31:48.694502,noisy,naive,{'bins': 5},7,1,2,ok,7,14,0.001623028889298439,0.10697333421558142,0.10963942296802998,5,6,12,0,,
2026-05-15T23:31:48.858764,noisy,naive,{'bins': 5},7,2,2,ok,14,21,0.0015648789703845978,0.15710599068552256,0.1597958728671074,5,8,13,0,,
2026-05-15T23:31:49.028748,noisy,naive,{'bins': 5},7,3,2,ok,21,28,0.0015915902331471443,0.1630785409361124,0.16576920542865992,5,5,12,0,,
2026-05-15T23:31:49.150155,noisy,naive,{'bins': 5},7,4,2,ok,28,35,0.0017204824835062027,0.11514155101031065,0.11791166570037603,5,5,11,0,,
2026-05-15T23:31:49.328047,noisy,naive,{'bins': 5},8,0,2,ok,0,8,0.0019515762105584145,0.11416313238441944,0.1173785924911499,5,7,11,0,,
2026-05-15T23:31:49.493484,noisy,naive,{'bins': 5},8,1,2,ok,8,16,0.0018122447654604912,0.15824879705905914,0.16124081797897816,5,9,17,0,,
2026-05-15T23:31:49.710347,noisy,naive,{'bins': 5},8,2,2,ok,16,24,0.0018061231821775436,0.20914921537041664,0.21226898487657309,5,7,15,0,,
2026-05-15T23:31:49.863912,noisy,naive,{'bins': 5},8,3,2,ok,24,32,0.0017964355647563934,0.09954238403588533,0.14994102995842695,5,9,15,0,,
2026-05-15T23:31:50.037095,noisy,naive,{'bins': 5},8,4,2,ok,32,40,0.0020605409517884254,0.16547590401023626,0.16871347650885582,5,7,15,0,,
2026-05-15T23:31:50.262720,noisy,naive,{'bins': 5},9,0,2,ok,0,9,0.0021545784547924995,0.16030516102910042,0.16383336950093508,5,7,12,0,,
2026-05-15T23:31:50.541956,noisy,naive,{'bins': 5},9,1,2,ok,9,18,0.0019987942650914192,0.27034039702266455,0.27364278119057417,5,10,18,0,,
2026-05-15T23:31:50.735564,noisy,naive,{'bins': 5},9,2,2,ok,18,27,0.0020567839965224266,0.18496891669929028,0.18835935648530722,5,9,16,0,,
2026-05-15T23:31:50.941897,noisy,naive,{'bins': 5},9,3,2,ok,27,36,0.0019844695925712585,0.19821725692600012,0.20155448745936155,5,7,14,0,,
2026-05-15T23:31:51.169482,noisy,naive,{'bins': 5},9,4,2,ok,36,45,0.0022149914875626564,0.21921277232468128,0.22279649507254362,5,7,14,0,,
2026-05-15T23:31:51.421196,noisy,naive,{'bins': 5},10,0,2,ok,0,10,0.0024905800819396973,0.18610277585685253,0.18998888786882162,5,9,14,0,,
2026-05-15T23:31:51.701030,noisy,naive,{'bins': 5},10,1,2,ok,10,20,0.002360895276069641,0.27011615596711636,0.2738781739026308,5,9,15,0,,
2026-05-15T23:31:51.917729,noisy,naive,{'bins': 5},10,2,2,ok,20,30,0.0023225033655762672,0.20781277399510145,0.21149425022304058,5,10,18,0,,
2026-05-15T23:31:52.180466,noisy,naive,{'bins': 5},10,3,2,ok,30,40,0.0023527899757027626,0.253015567548573,0.25671395659446716,5,9,16,0,,
2026-05-15T23:31:52.410417,noisy,naive,{'bins': 5},10,4,2,ok,40,50,0.002542286179959774,0.22063796874135733,0.22454539965838194,5,12,19,0,,
2026-05-15T23:31:52.678446,noisy,naive,{'bins': 5},11,0,2,ok,0,11,0.0027411403134465218,0.20178295578807592,0.20617837458848953,5,9,14,0,,
2026-05-15T23:31:53.039060,noisy,naive,{'bins': 5},11,1,2,ok,11,22,0.0025542285293340683,0.34956348594278097,0.35361509770154953,5,8,15,0,,
2026-05-15T23:31:53.158660,noisy,naive,{'bins': 5},11,2,2,ok,22,33,0.0025743572041392326,0.1108501274138689,0.11485184635967016,5,9,15,0,,
2026-05-15T23:31:53.495845,noisy,naive,{'bins': 5},11,3,2,ok,33,44,0.0025613922625780106,0.3270153244957328,0.33119041845202446,5,6,13,0,,
2026-05-15T23:31:53.781637,noisy,naive,{'bins': 5},11,4,2,ok,44,55,0.002709689550101757,0.27571905218064785,0.2799266669899225,5,9,15,0,,
2026-05-15T23:31:54.087798,noisy,naive,{'bins': 5},12,0,2,ok,0,12,0.0029108086600899696,0.23718600999563932,0.2417381014674902,5,9,14,0,,
2026-05-15T23:31:54.454416,noisy,naive,{'bins': 5},12,1,2,ok,12,24,0.002769002690911293,0.3546828953549266,0.3590883621945977,5,8,15,0,,
2026-05-15T23:31:54.618980,noisy,naive,{'bins': 5},12,2,2,ok,24,36,0.002748453989624977,0.1550920158624649,0.15936500392854214,5,9,15,0,,
2026-05-15T23:31:54.992781,noisy,naive,{'bins': 5},12,3,2,ok,36,48,0.0027749035507440567,0.36279003508388996,0.3671864243224263,5,13,22,0,,
2026-05-15T23:31:55.226279,noisy,naive,{'bins': 5},12,4,2,ok,48,60,0.002968696877360344,0.22171340882778168,0.2262646798044443,5,5,11,0,,
2026-05-15T23:31:55.547700,noisy,naive,{'bins': 5},13,0,2,ok,0,13,0.0031752940267324448,0.2522609615698457,0.25722942408174276,5,9,14,0,,
2026-05-15T23:31:55.921240,noisy,naive,{'bins': 5},13,1,2,ok,13,26,0.0030040424317121506,0.3608957761898637,0.3656388372182846,5,10,18,0,,
2026-05-15T23:31:56.299242,noisy,naive,{'bins': 5},13,2,2,ok,26,39,0.003000175580382347,0.36595163494348526,0.37073650397360325,5,8,15,0,,
2026-05-15T23:31:56.605296,noisy,naive,{'bins': 5},13,3,2,ok,39,52,0.0030169179663062096,0.29426219034940004,0.29905111715197563,5,9,16,0,,
2026-05-15T23:31:56.892818,noisy,naive,{'bins': 5},13,4,2,ok,52,65,0.003149576485157013,0.2757286299020052,0.28064240142703056,5,10,17,0,,
2026-05-15T23:31:57.350518,noisy,naive,{'bins': 5},14,0,2,ok,0,14,0.003401421010494232,0.38765447959303856,0.393072328530252,5,10,17,0,,
2026-05-15T23:31:57.703021,noisy,naive,{'bins': 5},14,1,2,ok,14,28,0.0033533498644828796,0.338008557446301,0.3433353351429105,5,5,12,0,,
2026-05-15T23:31:58.083426,noisy,naive,{'bins': 5},14,2,2,ok,28,42,0.003190353512763977,0.36727493070065975,0.3724276814609766,5,7,14,0,,
2026-05-15T23:31:58.416577,noisy,naive,{'bins': 5},14,3,2,ok,42,56,0.003192649222910404,0.3204133100807667,0.32552544493228197,5,7,13,0,,
2026-05-15T23:31:58.763783,noisy,naive,{'bins': 5},14,4,2,ok,56,70,0.0033684279769659042,0.3348256377503276,0.3401242019608617,5,12,19,0,,
2026-05-15T23:31:59.219057,noisy,naive,{'bins': 5},15,0,2,ok,0,15,0.0036269742995500565,0.38453509751707315,0.39020156394690275,5,10,17,0,,
2026-05-15T23:31:59.689230,noisy,naive,{'bins': 5},15,1,2,ok,15,30,0.0034978920593857765,0.45516605488955975,0.4607766764238477,5,5,12,0,,
2026-05-15T23:32:00.142478,noisy,naive,{'bins': 5},15,2,2,ok,30,45,0.0035037733614444733,0.438800647854805,0.4443053901195526,5,8,14,0,,
2026-05-15T23:32:00.512181,noisy,naive,{'bins': 5},15,3,2,ok,45,60,0.0035985810682177544,0.3541880138218403,0.35994316544383764,5,7,13,0,,
2026-05-15T23:32:00.998911,noisy,naive,{'bins': 5},15,4,2,ok,60,75,0.0036093611270189285,0.4719624612480402,0.4776408188045025,5,7,13,0,,
2026-05-15T23:32:01.460555,noisy,naive,{'bins': 5},16,0,2,ok,0,16,0.0038359668105840683,0.38971335627138615,0.39574853517115116,5,10,17,0,,
2026-05-15T23:32:01.783332,noisy,naive,{'bins': 5},16,1,2,ok,16,32,0.003693428821861744,0.30868729017674923,0.31457921024411917,5,12,18,0,,
2026-05-15T23:32:02.384619,noisy,naive,{'bins': 5},16,2,2,ok,32,48,0.0036785919219255447,0.5864368174225092,0.5923455990850925,5,7,14,0,,
2026-05-15T23:32:02.709947,noisy,naive,{'bins': 5},16,3,2,ok,48,64,0.0036969752982258797,0.31034394167363644,0.3162386864423752,5,8,15,0,,
2026-05-15T23:32:03.164059,noisy,naive,{'bins': 5},16,4,2,ok,64,80,0.0038294242694973946,0.4379790648818016,0.4440156454220414,5,9,16,0,,
2026-05-15T23:32:03.624223,noisy,naive,{'bins': 5},17,0,2,ok,0,17,0.004126281477510929,0.3877149512991309,0.39410506654530764,5,10,18,0,,
2026-05-15T23:32:03.930789,noisy,naive,{'bins': 5},17,1,2,ok,17,34,0.004075436852872372,0.29186099767684937,0.2980977753177285,5,12,18,0,,
2026-05-15T23:32:04.483266,noisy,naive,{'bins': 5},17,2,2,ok,34,51,0.003949670121073723,0.535377130843699,0.5415271846577525,5,8,15,0,,
2026-05-15T23:32:04.899825,noisy,naive,{'bins': 5},17,3,2,ok,51,68,0.003914964385330677,0.4010588824748993,0.407302631996572,5,9,15,0,,
2026-05-15T23:32:05.503017,noisy,naive,{'bins': 5},17,4,2,ok,68,85,0.00411654356867075,0.5845625959336758,0.5909242080524564,5,9,17,0,,
2026-05-15T23:32:05.928493,noisy,naive,{'bins': 5},18,0,2,ok,0,18,0.004292985424399376,0.35238701943308115,0.3591340258717537,5,10,18,0,,
2026-05-15T23:32:06.278718,noisy,naive,{'bins': 5},18,1,2,ok,18,36,0.00423460453748703,0.33450037706643343,0.34105028212070465,5,11,17,0,,
2026-05-15T23:32:07.030366,noisy,naive,{'bins': 5},18,2,2,ok,36,54,0.004197285510599613,0.733441068790853,0.7399881882593036,5,10,17,0,,
2026-05-15T23:32:07.642946,noisy,naive,{'bins': 5},18,3,2,ok,54,72,0.0042652226984500885,0.5945588452741504,0.6011568009853363,5,12,19,0,,
2026-05-15T23:32:08.127581,noisy,naive,{'bins': 5},18,4,2,ok,72,90,0.004294298589229584,0.465989719145,0.47267604153603315,5,8,16,0,,
2026-05-15T23:32:08.552900,noisy,naive,{'bins': 5},19,0,2,ok,0,19,0.004557723179459572,0.3524340679869056,0.3594685336574912,5,10,18,0,,
2026-05-15T23:32:08.927388,noisy,naive,{'bins': 5},19,1,2,ok,19,38,0.004337958991527557,0.35783711913973093,0.3646542364731431,5,11,17,0,,
2026-05-15T23:32:09.633593,noisy,naive,{'bins': 5},19,2,2,ok,38,57,0.00442891102284193,0.6863323338329792,0.693379302509129,5,8,15,0,,
2026-05-15T23:32:10.339428,noisy,naive,{'bins': 5},19,3,2,ok,57,76,0.004473474808037281,0.6861798958852887,0.6932867784053087,5,11,17,0,,
2026-05-15T23:32:10.662584,noisy,naive,{'bins': 5},19,4,2,ok,76,95,0.004647932015359402,0.30731942132115364,0.3144432445988059,5,8,16,0,,
2026-05-15T23:32:11.149578,noisy,naive,{'bins': 5},20,0,2,ok,0,20,0.00471846479922533,0.4120188020169735,0.4194111106917262,5,10,18,0,,
2026-05-15T23:32:11.592911,noisy,naive,{'bins': 5},20,1,2,ok,20,40,0.0045957742258906364,0.425171603448689,0.4323831321671605,5,11,17,0,,
2026-05-15T23:32:12.130042,noisy,naive,{'bins': 5},20,2,2,ok,40,60,0.004571880213916302,0.5169617515057325,0.5241800332441926,5,9,16,0,,
2026-05-15T23:32:12.742497,noisy,naive,{'bins': 5},20,3,2,ok,60,80,0.004627513699233532,0.5926231285557151,0.5998951401561499,5,8,16,0,,
2026-05-15T23:32:13.097491,noisy,naive,{'bins': 5},20,4,2,ok,80,100,0.004775341600179672,0.33765519317239523,0.34493986889719963,5,6,13,0,,
2026-05-15T23:32:13.658057,noisy,naive,{'bins': 5},21,0,2,ok,0,21,0.004960980266332626,0.486236366443336,0.4940121350809932,5,10,18,0,,
2026-05-15T23:32:14.096729,noisy,naive,{'bins': 5},21,1,2,ok,21,42,0.0050315335392951965,0.42039495799690485,0.42808692902326584,5,11,17,0,,
2026-05-15T23:32:14.642545,noisy,naive,{'bins': 5},21,2,2,ok,42,63,0.004900817759335041,0.525660052895546,0.5333048356696963,5,9,16,0,,
2026-05-15T23:32:15.318649,noisy,naive,{'bins': 5},21,3,2,ok,63,84,0.004938868805766106,0.6542937504127622,0.6620282512158155,5,7,14,0,,
2026-05-15T23:32:15.562444,noisy,naive,{'bins': 5},21,4,2,ok,84,105,0.005056519992649555,0.22805428225547075,0.23573488276451826,5,11,16,0,,
2026-05-15T23:32:16.078426,noisy,naive,{'bins': 5},22,0,2,ok,0,22,0.005315788090229034,0.44016658514738083,0.4484214745461941,5,10,18,0,,
2026-05-15T23:32:16.491324,noisy,naive,{'bins': 5},22,1,2,ok,22,44,0.005124407820403576,0.39502024464309216,0.40308607928454876,5,8,15,0,,
2026-05-15T23:32:17.073087,noisy,naive,{'bins': 5},22,2,2,ok,44,66,0.0050275251269340515,0.5612317631021142,0.5692215524613857,5,8,15,0,,
2026-05-15T23:32:17.830375,noisy,naive,{'bins': 5},22,3,2,ok,66,88,0.0051074763759970665,0.7337426040321589,0.7417695047333837,5,10,18,0,,
2026-05-15T23:32:18.172660,noisy,naive,{'bins': 5},22,4,2,ok,88,110,0.005397580564022064,0.32408053893595934,0.33228971250355244,5,11,16,0,,
2026-05-15T23:32:18.728849,noisy,naive,{'bins': 5},23,0,2,ok,0,23,0.005409552715718746,0.47928548883646727,0.4877630742266774,5,10,18,0,,
2026-05-15T23:32:19.195831,noisy,naive,{'bins': 5},23,1,2,ok,23,46,0.0053009288385510445,0.44774503260850906,0.4560140985995531,5,8,15,0,,
2026-05-15T23:32:19.871283,noisy,naive,{'bins': 5},23,2,2,ok,46,69,0.0052412571385502815,0.6536145750433207,0.6619143476709723,5,10,17,0,,
2026-05-15T23:32:20.580853,noisy,naive,{'bins': 5},23,3,2,ok,69,92,0.0054117972031235695,0.682674951851368,0.6912808800116181,5,8,16,0,,
2026-05-15T23:32:20.908037,noisy,naive,{'bins': 5},23,4,2,ok,92,115,0.005530660971999168,0.3067141016945243,0.3151487587019801,5,9,14,0,,
2026-05-15T23:32:21.535053,noisy,naive,{'bins': 5},24,0,2,ok,0,24,0.005830493755638599,0.5491858720779419,0.5582085130736232,5,10,18,0,,
2026-05-15T23:32:22.114544,noisy,naive,{'bins': 5},24,1,2,ok,24,48,0.005702022463083267,0.5586307151243091,0.5675347940996289,5,8,15,0,,
2026-05-15T23:32:22.834525,noisy,naive,{'bins': 5},24,2,2,ok,48,72,0.005514410324394703,0.6965818190947175,0.7052093679085374,5,9,15,0,,
2026-05-15T23:32:23.480267,noisy,naive,{'bins': 5},24,3,2,ok,72,96,0.005703656002879143,0.6221027132123709,0.6308595547452569,5,6,14,0,,
2026-05-15T23:32:23.832029,noisy,naive,{'bins': 5},24,4,2,ok,96,120,0.005747477523982525,0.3306712219491601,0.3395849373191595,5,8,14,0,,
2026-05-15T23:32:24.490989,noisy,naive,{'bins': 5},25,0,2,ok,0,25,0.005910031497478485,0.5784232411533594,0.5875581121072173,5,9,17,0,,
2026-05-15T23:32:25.156775,noisy,naive,{'bins': 5},25,1,2,ok,25,50,0.005882141180336475,0.6436305679380894,0.6527235908433795,5,8,15,0,,
2026-05-15T23:32:26.067286,noisy,naive,{'bins': 5},25,2,2,ok,50,75,0.005914793349802494,0.8835445800796151,0.8928213091567159,5,9,15,0,,
2026-05-15T23:32:26.682088,noisy,naive,{'bins': 5},25,3,2,ok,75,100,0.005772695876657963,0.5916569335386157,0.6007951311767101,5,6,14,0,,
2026-05-15T23:32:27.136975,noisy,naive,{'bins': 5},25,4,2,ok,100,125,0.005960018374025822,0.43135983776301146,0.44049301743507385,5,6,11,0,,
2026-05-15T23:32:27.845531,noisy,naive,{'bins': 5},26,0,2,ok,0,26,0.0062595997005701065,0.6281129727140069,0.6378208920359612,5,8,16,0,,
2026-05-15T23:32:28.731147,noisy,naive,{'bins': 5},26,1,2,ok,26,52,0.00605438370257616,0.8601256515830755,0.8697580276057124,5,8,15,0,,
2026-05-15T23:32:29.651071,noisy,naive,{'bins': 5},26,2,2,ok,52,78,0.006062288768589497,0.8922786088660359,0.9019227977842093,5,11,19,0,,
2026-05-15T23:32:29.949880,noisy,naive,{'bins': 5},26,3,2,ok,78,104,0.006020239554345608,0.27933111879974604,0.28868529107421637,5,12,19,0,,
2026-05-15T23:32:31.378474,noisy,naive,{'bins': 5},26,4,2,ok,104,130,0.006129897199571133,1.3935287231579423,1.403330477885902,5,7,14,0,,
2026-05-15T23:32:32.091130,noisy,naive,{'bins': 5},27,0,2,ok,0,27,0.00642359908670187,0.6309928651899099,0.6409692075103521,5,8,16,0,,
2026-05-15T23:32:33.015614,noisy,naive,{'bins': 5},27,1,2,ok,27,54,0.006341364234685898,0.897902874276042,0.9077726369723678,5,8,15,0,,
2026-05-15T23:32:33.896455,noisy,naive,{'bins': 5},27,2,2,ok,54,81,0.006373745389282703,0.8534098844975233,0.863490735180676,5,9,16,0,,
2026-05-15T23:32:34.316796,noisy,naive,{'bins': 5},27,3,2,ok,81,108,0.006759660318493843,0.3974115690216422,0.4075788613408804,5,9,14,0,,
2026-05-15T23:32:35.719412,noisy,naive,{'bins': 5},27,4,2,ok,108,135,0.006648690439760685,1.366993509232998,1.3773822570219636,5,7,14,0,,
2026-05-15T23:32:36.456731,noisy,naive,{'bins': 5},28,0,2,ok,0,28,0.006906826049089432,0.6524408487603068,0.6630296017974615,5,6,14,0,,
2026-05-15T23:32:37.412338,noisy,naive,{'bins': 5},28,1,2,ok,28,56,0.00672770943492651,0.9278136994689703,0.9381917268037796,5,7,14,0,,
2026-05-15T23:32:38.343556,noisy,naive,{'bins': 5},28,2,2,ok,56,84,0.006623163819313049,0.9039892600849271,0.9142595361918211,5,7,14,0,,
2026-05-15T23:32:38.759047,noisy,naive,{'bins': 5},28,3,2,ok,84,112,0.0064477939158678055,0.39163324143737555,0.401543109677732,5,9,14,0,,
2026-05-15T23:32:40.552482,noisy,naive,{'bins': 5},28,4,2,ok,112,140,0.006518346257507801,1.7533460911363363,1.7636634139344096,5,6,13,0,,
2026-05-15T23:32:41.314369,noisy,naive,{'bins': 5},29,0,2,ok,0,29,0.006995472125709057,0.6780114183202386,0.6888243025168777,5,6,14,0,,
2026-05-15T23:32:42.269804,noisy,naive,{'bins': 5},29,1,2,ok,29,58,0.0066415369510650635,0.926745742559433,0.9371726317331195,5,8,15,0,,
2026-05-15T23:32:43.268541,noisy,naive,{'bins': 5},29,2,2,ok,58,87,0.006759829819202423,0.967780776321888,0.9782851114869118,5,6,14,0,,
2026-05-15T23:32:43.689142,noisy,naive,{'bins': 5},29,3,2,ok,87,116,0.006770851090550423,0.39463237673044205,0.4049977706745267,5,9,14,0,,
2026-05-15T23:32:44.911361,noisy,naive,{'bins': 5},29,4,2,ok,116,145,0.006917495280504227,1.1872031008824706,1.1980814579874277,5,6,14,0,,
2026-05-15T23:32:45.710244,noisy,naive,{'bins': 5},30,0,2,ok,0,30,0.007126959972083569,0.7131265504285693,0.724202549085021,5,6,14,0,,
2026-05-15T23:32:46.759235,noisy,naive,{'bins': 5},30,1,2,ok,30,60,0.007106090895831585,1.0174230299890041,1.028687734156847,5,7,13,0,,
2026-05-15T23:32:47.748526,noisy,naive,{'bins': 5},30,2,2,ok,60,90,0.007114947773516178,0.9567238735035062,0.9680523769930005,5,8,16,0,,
2026-05-15T23:32:48.145411,noisy,naive,{'bins': 5},30,3,2,ok,90,120,0.007085612043738365,0.36947601567953825,0.38049403484910727,5,9,14,0,,
2026-05-15T23:32:49.487490,noisy,naive,{'bins': 5},30,4,2,ok,120,150,0.009072965011000633,1.3037229692563415,1.3175347680225968,5,9,18,0,,
2026-05-15T23:32:50.374995,noisy,naive,{'bins': 5},31,0,2,ok,0,31,0.008109165355563164,0.7954301461577415,0.8080742117017508,5,8,16,0,,
2026-05-15T23:32:51.266537,noisy,naive,{'bins': 5},31,1,2,ok,31,62,0.007687833160161972,0.8596673803403974,0.8718145117163658,5,10,17,0,,
2026-05-15T23:32:52.272431,noisy,naive,{'bins': 5},31,2,2,ok,62,93,0.007768022827804089,0.969111735932529,0.9811034249141812,5,8,15,0,,
2026-05-15T23:32:52.671432,noisy,naive,{'bins': 5},31,3,2,ok,93,124,0.007586252875626087,0.3699455261230469,0.3817801708355546,5,9,14,0,,
2026-05-15T23:32:53.402523,noisy,naive,{'bins': 5},31,4,2,ok,124,155,0.009350777603685856,0.6987212775275111,0.7126429015770555,5,11,19,0,,
2026-05-15T23:32:54.274997,noisy,naive,{'bins': 5},32,0,2,ok,0,32,0.007759147323668003,0.7807963937520981,0.7931307461112738,5,8,16,0,,
2026-05-15T23:32:55.216187,noisy,naive,{'bins': 5},32,1,2,ok,32,64,0.007795396260917187,0.909268056973815,0.9214101480320096,5,10,17,0,,
2026-05-15T23:32:56.214658,noisy,naive,{'bins': 5},32,2,2,ok,64,96,0.007674317806959152,0.9660830870270729,0.9780495185405016,5,6,14,0,,
2026-05-15T23:32:56.797429,noisy,naive,{'bins': 5},32,3,2,ok,96,128,0.007667023688554764,0.5506999650970101,0.5625917362049222,5,6,11,0,,
2026-05-15T23:32:57.568733,noisy,naive,{'bins': 5},32,4,2,ok,128,160,0.007901756092905998,0.7399229723960161,0.7520706346258521,5,8,15,0,,
2026-05-15T23:32:58.440899,noisy,naive,{'bins': 5},33,0,2,ok,0,33,0.008692490868270397,0.7788427025079727,0.7922186115756631,5,8,16,0,,
2026-05-15T23:32:59.505860,noisy,naive,{'bins': 5},33,1,2,ok,33,66,0.007804270833730698,1.0314363669604063,1.0435456959530711,5,7,13,0,,
2026-05-15T23:33:00.647683,noisy,naive,{'bins': 5},33,2,2,ok,66,99,0.007751503027975559,1.1063181580975652,1.1186017459258437,5,9,17,0,,
2026-05-15T23:33:01.299322,noisy,naive,{'bins': 5},33,3,2,ok,99,132,0.008368331007659435,0.6170927193015814,0.6298918137326837,5,6,11,0,,
2026-05-15T23:33:02.230588,noisy,naive,{'bins': 5},33,4,2,ok,132,165,0.00805697776377201,0.8978803502395749,0.91028384398669,5,8,15,0,,
2026-05-15T23:33:03.118105,noisy,naive,{'bins': 5},34,0,2,ok,0,34,0.008502804674208164,0.7925928654149175,0.8057123525068164,5,8,16,0,,
2026-05-15T23:33:04.331317,noisy,naive,{'bins': 5},34,1,2,ok,34,68,0.008164407685399055,1.1765036676079035,1.1892650118097663,5,7,13,0,,
2026-05-15T23:33:05.535436,noisy,naive,{'bins': 5},34,2,2,ok,68,102,0.008258495479822159,1.1666268920525908,1.1794403344392776,5,11,20,0,,
2026-05-15T23:33:06.058727,noisy,naive,{'bins': 5},34,3,2,ok,102,136,0.008028523065149784,0.4909322867169976,0.5036113671958447,5,11,17,0,,
2026-05-15T23:33:07.237138,noisy,naive,{'bins': 5},34,4,2,ok,136,170,0.008346360176801682,1.139303739182651,1.1521346746012568,5,11,19,0,,
2026-05-15T23:33:08.102839,noisy,naive,{'bins': 5},35,0,2,ok,0,35,0.008237455040216446,0.771223166026175,0.7840315094217658,5,8,16,0,,
2026-05-15T23:33:09.334186,noisy,naive,{'bins': 5},35,1,2,ok,35,70,0.008116519078612328,1.196148855611682,1.2087718704715371,5,7,13,0,,
2026-05-15T23:33:09.702560,noisy,naive,{'bins': 5},35,2,2,ok,70,105,0.008173014037311077,0.3411338971927762,0.353537879884243,5,8,14,0,,
2026-05-15T23:33:12.245154,noisy,naive,{'bins': 5},35,3,2,ok,105,140,0.007979742251336575,2.488805301487446,2.501781881786883,5,6,13,0,,
2026-05-15T23:33:13.293307,noisy,naive,{'bins': 5},35,4,2,ok,140,175,0.008273272775113583,1.0149143347516656,1.0276438500732183,5,7,15,0,,
2026-05-15T23:33:14.172769,noisy,naive,{'bins': 5},36,0,2,ok,0,36,0.008437871932983398,0.7868145182728767,0.7998760873451829,5,8,16,0,,
2026-05-15T23:33:15.488066,noisy,naive,{'bins': 5},36,1,2,ok,36,72,0.008303219452500343,1.2779039610177279,1.2909945342689753,5,7,13,0,,
2026-05-15T23:33:15.996784,noisy,naive,{'bins': 5},36,2,2,ok,72,108,0.008219772949814796,0.4781048484146595,0.4907359378412366,5,9,15,0,,
2026-05-15T23:33:17.788152,noisy,naive,{'bins': 5},36,3,2,ok,108,144,0.008405400440096855,1.7356768092140555,1.7491613924503326,5,3,10,0,,
2026-05-15T23:33:19.020162,noisy,naive,{'bins': 5},36,4,2,ok,144,180,0.008496914058923721,1.1949330801144242,1.2083317833021283,5,9,16,0,,
2026-05-15T23:33:19.932343,noisy,naive,{'bins': 5},37,0,2,ok,0,37,0.00864088349044323,0.8168119043111801,0.830276140011847,5,8,16,0,,
2026-05-15T23:33:21.464098,noisy,naive,{'bins': 5},37,1,2,ok,37,74,0.008724549785256386,1.4919475596398115,1.5056425584480166,5,7,13,0,,
2026-05-15T23:33:21.952775,noisy,naive,{'bins': 5},37,2,2,ok,74,111,0.00859325472265482,0.45731261372566223,0.4705286528915167,5,9,15,0,,
2026-05-15T23:33:23.550967,noisy,naive,{'bins': 5},37,3,2,ok,111,148,0.008681478910148144,1.5559211885556579,1.569473979063332,5,8,16,0,,
2026-05-15T23:33:24.667100,noisy,naive,{'bins': 5},37,4,2,ok,148,185,0.008751049637794495,1.0813019685447216,1.0947419879958034,5,6,13,0,,
2026-05-15T23:33:25.591911,noisy,naive,{'bins': 5},38,0,2,ok,0,38,0.008770598098635674,0.8310276418924332,0.8447297234088182,5,9,17,0,,
2026-05-15T23:33:27.200131,noisy,naive,{'bins': 5},38,1,2,ok,38,76,0.008909809403121471,1.5613993685692549,1.5752696972340345,5,6,12,0,,
2026-05-15T23:33:27.724131,noisy,naive,{'bins': 5},38,2,2,ok,76,114,0.008770999498665333,0.4911367893218994,0.5046749049797654,5,9,15,0,,
2026-05-15T23:33:28.545481,noisy,naive,{'bins': 5},38,3,2,ok,114,152,0.00870609562844038,0.7877908516675234,0.8013375513255596,5,7,15,0,,
2026-05-15T23:33:29.601845,noisy,naive,{'bins': 5},38,4,2,ok,152,190,0.009006941691040993,1.0188522217795253,1.0329900132492185,5,6,12,0,,
2026-05-15T23:33:30.635330,noisy,naive,{'bins': 5},39,0,2,ok,0,39,0.009140091016888618,0.9375286269932985,0.9519781433045864,5,9,17,0,,
2026-05-15T23:33:32.148075,noisy,naive,{'bins': 5},39,1,2,ok,39,78,0.009093803353607655,1.471741234883666,1.48585070297122,5,8,16,0,,
2026-05-15T23:33:32.704850,noisy,naive,{'bins': 5},39,2,2,ok,78,117,0.008940125815570354,0.5219088634476066,0.5356979481875896,5,9,15,0,,
2026-05-15T23:33:33.581738,noisy,naive,{'bins': 5},39,3,2,ok,117,156,0.009007313288748264,0.8419114090502262,0.8557919571176171,5,7,15,0,,
2026-05-15T23:33:34.592398,noisy,naive,{'bins': 5},39,4,2,ok,156,195,0.009757691994309425,0.9723941097036004,0.9871296538040042,5,6,12,0,,
2026-05-15T23:33:35.704299,noisy,naive,{'bins': 5},40,0,2,ok,0,40,0.009823004715144634,1.012637815438211,1.027639590203762,5,9,17,0,,
2026-05-15T23:33:37.012862,noisy,naive,{'bins': 5},40,1,2,ok,40,80,0.010070429183542728,1.2652990268543363,1.280627764761448,5,14,22,0,,
2026-05-15T23:33:37.591387,noisy,naive,{'bins': 5},40,2,2,ok,80,120,0.010068265721201897,0.5402977783232927,0.5554015757516026,5,9,14,0,,
2026-05-15T23:33:38.650908,noisy,naive,{'bins': 5},40,3,2,ok,120,160,0.009624932892620564,1.0176254268735647,1.0323375472798944,5,10,18,0,,
2026-05-15T23:33:39.588155,noisy,naive,{'bins': 5},40,4,2,ok,160,200,0.010116196237504482,0.8979517426341772,0.9133214587345719,5,6,12,0,,
2026-05-15T23:33:40.802876,noisy,naive,{'bins': 5},41,0,2,ok,0,41,0.01017284207046032,1.1155702890828252,1.131119311787188,5,9,17,0,,
2026-05-15T23:33:42.121990,noisy,naive,{'bins': 5},41,1,2,ok,41,82,0.00972473993897438,1.2755057020112872,1.2905351584777236,5,11,18,0,,
2026-05-15T23:33:42.703496,noisy,naive,{'bins': 5},41,2,2,ok,82,123,0.010226051323115826,0.5404925150796771,0.555776659399271,5,9,14,0,,
2026-05-15T23:33:43.828938,noisy,naive,{'bins': 5},41,3,2,ok,123,164,0.010268371552228928,1.0802726428955793,1.0957570439204574,5,11,19,0,,
2026-05-15T23:33:44.785344,noisy,naive,{'bins': 5},41,4,2,ok,164,205,0.010078324936330318,0.9183927336707711,0.9337024576961994,5,7,14,0,,
2026-05-15T23:33:46.007363,noisy,naive,{'bins': 5},42,0,2,ok,0,42,0.0102064348757267,1.1215589381754398,1.1373850712552667,5,9,17,0,,
2026-05-15T23:33:47.394365,noisy,naive,{'bins': 5},42,1,2,ok,42,84,0.010277368128299713,1.3416401082649827,1.3573359567672014,5,11,18,0,,
2026-05-15T23:33:48.005728,noisy,naive,{'bins': 5},42,2,2,ok,84,126,0.010412061586976051,0.5684405425563455,0.5840902030467987,5,9,14,0,,
2026-05-15T23:33:49.164783,noisy,naive,{'bins': 5},42,3,2,ok,126,168,0.010223766788840294,1.1189010040834546,1.1344830179587007,5,7,15,0,,
2026-05-15T23:33:50.121615,noisy,naive,{'bins': 5},42,4,2,ok,168,210,0.010250817984342575,0.9159910213202238,0.9316079113632441,5,9,16,0,,
2026-05-15T23:33:51.348770,noisy,naive,{'bins': 5},43,0,2,ok,0,43,0.010612918995320797,1.1256224727258086,1.1418608399108052,5,9,17,0,,
2026-05-15T23:33:52.824645,noisy,naive,{'bins': 5},43,1,2,ok,43,86,0.010896981693804264,1.427821408957243,1.4447036758065224,5,9,17,0,,
2026-05-15T23:33:53.482190,noisy,naive,{'bins': 5},43,2,2,ok,86,129,0.010655168443918228,0.6108782207593322,0.627340828999877,5,9,14,0,,
2026-05-15T23:33:54.781963,noisy,naive,{'bins': 5},43,3,2,ok,129,172,0.010426638647913933,1.257522695697844,1.2736567268148065,5,7,15,0,,
2026-05-15T23:33:56.482760,noisy,naive,{'bins': 5},43,4,2,ok,172,215,0.010439341887831688,1.6510779755190015,1.667320590466261,5,12,20,0,,
2026-05-15T23:33:57.712915,noisy,naive,{'bins': 5},44,0,2,ok,0,44,0.011414734646677971,1.1244124975055456,1.1416650209575891,5,9,17,0,,
2026-05-15T23:33:59.195028,noisy,naive,{'bins': 5},44,1,2,ok,44,88,0.01273859292268753,1.4313988499343395,1.4503053603693843,5,9,17,0,,
2026-05-15T23:33:59.860580,noisy,naive,{'bins': 5},44,2,2,ok,88,132,0.011638715863227844,0.615703065879643,0.6330319112166762,5,9,14,0,,
2026-05-15T23:34:01.441901,noisy,naive,{'bins': 5},44,3,2,ok,132,176,0.011340003460645676,1.5368361370638013,1.553799346089363,5,7,15,0,,
2026-05-15T23:34:02.997597,noisy,naive,{'bins': 5},44,4,2,ok,176,220,0.01208956353366375,1.507288315333426,1.5251244343817234,5,11,19,0,,
2026-05-15T23:34:04.256150,noisy,naive,{'bins': 5},45,0,2,ok,0,45,0.011444751173257828,1.1531845731660724,1.1706792702898383,5,9,17,0,,
2026-05-15T23:34:05.656017,noisy,naive,{'bins': 5},45,1,2,ok,45,90,0.011199219152331352,1.3510641222819686,1.3681559022516012,5,8,16,0,,
2026-05-15T23:34:06.497468,noisy,naive,{'bins': 5},45,2,2,ok,90,135,0.011375571601092815,0.7867267196998,0.8038560515269637,5,9,14,0,,
2026-05-15T23:34:08.229332,noisy,naive,{'bins': 5},45,3,2,ok,135,180,0.010615003295242786,1.684199532493949,1.7006926480680704,5,7,15,0,,
2026-05-15T23:34:09.314138,noisy,naive,{'bins': 5},45,4,2,ok,180,225,0.011333552189171314,1.039260751567781,1.0565097276121378,5,10,18,0,,
2026-05-15T23:34:10.684351,noisy,naive,{'bins': 5},46,0,2,ok,0,46,0.01124276127666235,1.2656275508925319,1.2828825674951077,5,9,17,0,,
2026-05-15T23:34:12.183436,noisy,naive,{'bins': 5},46,1,2,ok,46,92,0.010956483893096447,1.4495090721175075,1.4663546392694116,5,13,22,0,,
2026-05-15T23:34:12.960654,noisy,naive,{'bins': 5},46,2,2,ok,92,138,0.011446675285696983,0.720277389511466,0.7375713400542736,5,9,14,0,,
2026-05-15T23:34:14.500817,noisy,naive,{'bins': 5},46,3,2,ok,138,184,0.011228835210204124,1.488260054960847,1.5056369313970208,5,10,18,0,,
2026-05-15T23:34:15.865660,noisy,naive,{'bins': 5},46,4,2,ok,184,230,0.01158761978149414,1.3175337268039584,1.3355708634480834,5,10,18,0,,
2026-05-15T23:34:17.191090,noisy,naive,{'bins': 5},47,0,2,ok,0,47,0.0110948346555233,1.221298429183662,1.2384874923154712,5,9,17,0,,
2026-05-15T23:34:18.688252,noisy,naive,{'bins': 5},47,1,2,ok,47,94,0.01120622269809246,1.4407975664362311,1.4582500644028187,5,13,21,0,,
2026-05-15T23:34:19.584117,noisy,naive,{'bins': 5},47,2,2,ok,94,141,0.011707615107297897,0.8381894323974848,0.8558775139972568,5,11,17,0,,
2026-05-15T23:34:21.314609,noisy,naive,{'bins': 5},47,3,2,ok,141,188,0.011764110997319221,1.6772941462695599,1.6952948942780495,5,8,16,0,,
2026-05-15T23:34:22.333385,noisy,naive,{'bins': 5},47,4,2,ok,188,235,0.01160599384456873,0.9689392261207104,0.9867147011682391,5,12,20,0,,
2026-05-15T23:34:23.783381,noisy,naive,{'bins': 5},48,0,2,ok,0,48,0.011803636327385902,1.3413065997883677,1.3595859119668603,5,9,17,0,,
2026-05-15T23:34:25.396110,noisy,naive,{'bins': 5},48,1,2,ok,48,96,0.011922868900001049,1.5547000765800476,1.5729790972545743,5,13,21,0,,
2026-05-15T23:34:26.539038,noisy,naive,{'bins': 5},48,2,2,ok,96,144,0.012349863536655903,1.0825635744258761,1.101356110535562,5,6,11,0,,
2026-05-15T23:34:27.983253,noisy,naive,{'bins': 5},48,3,2,ok,144,192,0.015880935825407505,1.3882844680920243,1.4121880065649748,5,6,13,0,,
2026-05-15T23:34:28.982633,noisy,naive,{'bins': 5},48,4,2,ok,192,240,0.013216489925980568,0.9494970384985209,0.9689185051247478,5,10,18,0,,
2026-05-15T23:34:30.569703,noisy,naive,{'bins': 5},49,0,2,ok,0,49,0.01349156629294157,1.4720611600205302,1.4919139677658677,5,9,17,0,,
2026-05-15T23:34:32.196113,noisy,naive,{'bins': 5},49,1,2,ok,49,98,0.012705250643193722,1.574753819964826,1.5937943225726485,5,13,22,0,,
2026-05-15T23:34:33.414970,noisy,naive,{'bins': 5},49,2,2,ok,98,147,0.012392020784318447,1.1671103425323963,1.1857265876606107,5,8,15,0,,
2026-05-15T23:34:34.912126,noisy,naive,{'bins': 5},49,3,2,ok,147,196,0.012350854463875294,1.4477029982954264,1.466447233222425,5,6,13,0,,
2026-05-15T23:34:36.211271,noisy,naive,{'bins': 5},49,4,2,ok,196,245,0.011794277466833591,1.2439428390935063,1.2619702676311135,5,10,18,0,,
2026-05-15T23:34:37.703095,noisy,naive,{'bins': 5},50,0,2,ok,0,50,0.01201676670461893,1.3818129282444715,1.4003279032185674,5,9,17,0,,
2026-05-15T23:34:39.479551,noisy,naive,{'bins': 5},50,1,2,ok,50,100,0.01242853980511427,1.7157931942492723,1.7347564501687884,5,11,19,0,,
2026-05-15T23:34:40.786440,noisy,naive,{'bins': 5},50,2,2,ok,100,150,0.07622499670833349,1.185457020998001,1.2683245865628123,5,5,11,0,,
2026-05-15T23:34:42.091339,noisy,naive,{'bins': 5},50,3,2,ok,150,200,0.011779870837926865,1.2558113960549235,1.2739739986136556,5,8,15,0,,
2026-05-15T23:34:43.365504,noisy,naive,{'bins': 5},50,4,2,ok,200,250,0.012241197749972343,1.2149255722761154,1.2338093407452106,5,14,22,0,,
2026-05-15T23:34:44.986551,noisy,naive,{'bins': 5},51,0,2,ok,0,51,0.012649954296648502,1.5076707089319825,1.5269817989319563,5,9,17,0,,
2026-05-15T23:34:46.790866,noisy,naive,{'bins': 5},51,1,2,ok,51,102,0.012393834069371223,1.7476601898670197,1.7666638428345323,5,7,14,0,,
2026-05-15T23:34:47.785741,noisy,naive,{'bins': 5},51,2,2,ok,102,153,0.01234198547899723,0.9398064408451319,0.9589363094419241,5,7,13,0,,
2026-05-15T23:34:49.100903,noisy,naive,{'bins': 5},51,3,2,ok,153,204,0.01223696954548359,1.2636415772140026,1.2824485590681434,5,6,12,0,,
2026-05-15T23:34:50.526638,noisy,naive,{'bins': 5},51,4,2,ok,204,255,0.012409375049173832,1.3695668308064342,1.3885537115857005,5,8,15,0,,
2026-05-15T23:34:52.085505,noisy,naive,{'bins': 5},52,0,2,ok,0,52,0.01282420288771391,1.444873359054327,1.464407168328762,5,9,17,0,,
2026-05-15T23:34:52.859452,noisy,naive,{'bins': 5},52,1,2,ok,52,104,0.012708956375718117,0.7197843119502068,0.7389615997672081,5,10,16,0,,
2026-05-15T23:34:53.978619,noisy,naive,{'bins': 5},52,2,2,ok,104,156,0.012766554951667786,1.0673478953540325,1.087088513188064,5,7,15,0,,
2026-05-15T23:34:55.349636,noisy,naive,{'bins': 5},52,3,2,ok,156,208,0.012324543669819832,1.3178349481895566,1.336768489331007,5,6,12,0,,
2026-05-15T23:34:56.592187,noisy,naive,{'bins': 5},52,4,2,ok,208,260,0.012570967897772789,1.1912351343780756,1.2104927143082023,5,7,15,0,,
2026-05-15T23:34:58.156587,noisy,naive,{'bins': 5},53,0,2,ok,0,53,0.012459387071430683,1.4512244695797563,1.470642781816423,5,9,17,0,,
2026-05-15T23:34:58.946336,noisy,naive,{'bins': 5},53,1,2,ok,53,106,0.012300830334424973,0.7349421679973602,0.7539006667211652,5,10,16,0,,
2026-05-15T23:35:00.157375,noisy,naive,{'bins': 5},53,2,2,ok,106,159,0.01225443184375763,1.1584259644150734,1.1777690248563886,5,7,15,0,,
2026-05-15T23:35:01.413269,noisy,naive,{'bins': 5},53,3,2,ok,159,212,0.013035179115831852,1.2012542365118861,1.2210072865709662,5,6,12,0,,
2026-05-15T23:35:02.239638,noisy,naive,{'bins': 5},53,4,2,ok,212,265,0.012849099934101105,0.7739567365497351,0.7934851041063666,5,6,12,0,,
2026-05-15T23:35:03.870175,noisy,naive,{'bins': 5},54,0,2,ok,0,54,0.013365570455789566,1.515174594707787,1.5357291102409363,5,9,17,0,,
2026-05-15T23:35:04.726758,noisy,naive,{'bins': 5},54,1,2,ok,54,108,0.012949337251484394,0.7981119863688946,0.8177174096927047,5,7,13,0,,
2026-05-15T23:35:06.050112,noisy,naive,{'bins': 5},54,2,2,ok,108,162,0.01282166875898838,1.2611521072685719,1.2810717104002833,5,11,19,0,,
2026-05-15T23:35:07.355039,noisy,naive,{'bins': 5},54,3,2,ok,162,216,0.012827600352466106,1.2488283850252628,1.26890879124403,5,7,14,0,,
2026-05-15T23:35:08.330941,noisy,naive,{'bins': 5},54,4,2,ok,216,270,0.012846765108406544,0.9239674033597112,0.9439013125374913,5,9,16,0,,
2026-05-15T23:35:09.937720,noisy,naive,{'bins': 5},55,0,2,ok,0,55,0.012946401722729206,1.4921318721026182,1.5121398018673062,5,9,17,0,,
2026-05-15T23:35:10.829408,noisy,naive,{'bins': 5},55,1,2,ok,55,110,0.012783627025783062,0.8313589384779334,0.8512945715337992,5,7,13,0,,
2026-05-15T23:35:12.242429,noisy,naive,{'bins': 5},55,2,2,ok,110,165,0.013027695938944817,1.3566081020981073,1.3768231198191643,5,7,15,0,,
2026-05-15T23:35:13.558592,noisy,naive,{'bins': 5},55,3,2,ok,165,220,0.012890186160802841,1.2605094891041517,1.2807685201987624,5,7,14,0,,
2026-05-15T23:35:14.589403,noisy,naive,{'bins': 5},55,4,2,ok,220,275,0.013479353860020638,0.9745833650231361,0.9950806135311723,5,12,20,0,,
2026-05-15T23:35:16.292755,noisy,naive,{'bins': 5},56,0,2,ok,0,56,0.013329451903700829,1.5867490712553263,1.60727764852345,5,9,17,0,,
2026-05-15T23:35:17.223375,noisy,naive,{'bins': 5},56,1,2,ok,56,112,0.013288536109030247,0.8696626992896199,0.8903735699132085,5,9,16,0,,
2026-05-15T23:35:18.743924,noisy,naive,{'bins': 5},56,2,2,ok,112,168,0.013302421197295189,1.4633911466225982,1.483816970139742,5,7,15,0,,
2026-05-15T23:35:19.964516,noisy,naive,{'bins': 5},56,3,2,ok,168,224,0.01329181157052517,1.1639381283894181,1.184355977922678,5,9,16,0,,
2026-05-15T23:35:21.149886,noisy,naive,{'bins': 5},56,4,2,ok,224,280,0.013270342722535133,1.1213092813268304,1.1416970547288656,5,10,17,0,,
2026-05-15T23:35:22.992314,noisy,naive,{'bins': 5},57,0,2,ok,0,57,0.013362395577132702,1.7242529606446624,1.7450082441791892,5,9,17,0,,
2026-05-15T23:35:23.930510,noisy,naive,{'bins': 5},57,1,2,ok,57,114,0.013272544369101524,0.8771402975544333,0.8979163691401482,5,9,16,0,,
2026-05-15T23:35:25.624389,noisy,naive,{'bins': 5},57,2,2,ok,114,171,0.01327517069876194,1.6346972016617656,1.6553204571828246,5,7,15,0,,
2026-05-15T23:35:26.834921,noisy,naive,{'bins': 5},57,3,2,ok,171,228,0.013450970873236656,1.1510277232155204,1.171923520974815,5,7,14,0,,
2026-05-15T23:35:28.102031,noisy,naive,{'bins': 5},57,4,2,ok,228,285,0.013669440522789955,1.2019764808937907,1.2232039412483573,5,10,17,0,,
2026-05-15T23:35:29.934028,noisy,naive,{'bins': 5},58,0,2,ok,0,58,0.013930682092905045,1.7115594521164894,1.7330442052334547,5,9,17,0,,
2026-05-15T23:35:30.900651,noisy,naive,{'bins': 5},58,1,2,ok,58,116,0.014555084519088268,0.9104383522644639,0.9323702175170183,5,9,15,0,,
2026-05-15T23:35:32.655991,noisy,naive,{'bins': 5},58,2,2,ok,116,174,0.014020920731127262,1.6861138781532645,1.707805149257183,5,11,19,0,,
2026-05-15T23:35:34.628929,noisy,naive,{'bins': 5},58,3,2,ok,174,232,0.014013458043336868,1.913294323720038,1.9348627645522356,5,9,18,0,,
2026-05-15T23:35:35.763982,noisy,naive,{'bins': 5},58,4,2,ok,232,290,0.013841042295098305,1.0760291712358594,1.0973081784322858,5,11,18,0,,
2026-05-15T23:35:37.619007,noisy,naive,{'bins': 5},59,0,2,ok,0,59,0.014063060283660889,1.734952068887651,1.7566064409911633,5,9,17,0,,
2026-05-15T23:35:38.611473,noisy,naive,{'bins': 5},59,1,2,ok,59,118,0.013864918611943722,0.9354555532336235,0.9567452408373356,5,9,15,0,,
2026-05-15T23:35:40.581266,noisy,naive,{'bins': 5},59,2,2,ok,118,177,0.013897188939154148,1.9085698872804642,1.930110115557909,5,7,15,0,,
2026-05-15T23:35:41.857795,noisy,naive,{'bins': 5},59,3,2,ok,177,236,0.013852765783667564,1.2145720645785332,1.2362459432333708,5,15,23,0,,
2026-05-15T23:35:43.482851,noisy,naive,{'bins': 5},59,4,2,ok,236,295,0.014165474101901054,1.5550127942115068,1.5771429110318422,5,8,16,0,,
2026-05-15T23:35:45.453573,noisy,naive,{'bins': 5},60,0,2,ok,0,60,0.014417285099625587,1.8481063833460212,1.870302894152701,5,9,17,0,,
2026-05-15T23:35:46.417715,noisy,naive,{'bins': 5},60,1,2,ok,60,120,0.014026710763573647,0.9040287705138326,0.9260185528546572,5,7,13,0,,
2026-05-15T23:35:48.611381,noisy,naive,{'bins': 5},60,2,2,ok,120,180,0.013962491415441036,2.1202910486608744,2.142314844764769,5,11,19,0,,
2026-05-15T23:35:49.779536,noisy,naive,{'bins': 5},60,3,2,ok,180,240,0.013790628872811794,1.1111202770844102,1.1325405687093735,5,11,19,0,,
2026-05-15T23:35:51.544832,noisy,naive,{'bins': 5},60,4,2,ok,240,300,0.01439312007278204,1.6928487084805965,1.7151094796136022,5,10,18,0,,
2026-05-15T23:35:53.516784,noisy,naive,{'bins': 5},61,0,2,ok,0,61,0.015037249773740768,1.846953535452485,1.869995715096593,5,9,17,0,,
2026-05-15T23:35:54.593300,noisy,naive,{'bins': 5},61,1,2,ok,61,122,0.014744960702955723,1.0117638325318694,1.0342869674786925,5,9,15,0,,
2026-05-15T23:35:56.677505,noisy,naive,{'bins': 5},61,2,2,ok,122,183,0.014673306606709957,2.0196169205009937,2.0421794187277555,5,7,15,0,,
2026-05-15T23:35:57.961375,noisy,naive,{'bins': 5},61,3,2,ok,183,244,0.01481599546968937,1.2173629561439157,1.2404056768864393,5,12,19,0,,
2026-05-15T23:35:59.478988,noisy,naive,{'bins': 5},61,4,2,ok,244,305,0.014645123854279518,1.4432140653952956,1.4657635791227221,5,9,16,0,,
2026-05-15T23:36:01.456027,noisy,naive,{'bins': 5},62,0,2,ok,0,62,0.014540347270667553,1.853372022509575,1.8759776130318642,5,9,17,0,,
2026-05-15T23:36:02.461633,noisy,naive,{'bins': 5},62,1,2,ok,62,124,0.014731336385011673,0.9397549396380782,0.9623867487534881,5,9,15,0,,
2026-05-15T23:36:04.705633,noisy,naive,{'bins': 5},62,2,2,ok,124,186,0.014395696111023426,2.1775417951866984,2.1999755008146167,5,7,15,0,,
2026-05-15T23:36:06.256551,noisy,naive,{'bins': 5},62,3,2,ok,186,248,0.014839598909020424,1.477255767211318,1.5001913672313094,5,12,20,0,,
2026-05-15T23:36:07.707251,noisy,naive,{'bins': 5},62,4,2,ok,248,310,0.014782452024519444,1.3731743590906262,1.3963602287694812,5,9,16,0,,
2026-05-15T23:36:09.804973,noisy,naive,{'bins': 5},63,0,2,ok,0,63,0.014947151765227318,1.9716623248532414,1.9948950232937932,5,9,17,0,,
2026-05-15T23:36:10.825209,noisy,naive,{'bins': 5},63,1,2,ok,63,126,0.015071084722876549,0.9503846988081932,0.9735109666362405,5,12,19,0,,
2026-05-15T23:36:13.099870,noisy,naive,{'bins': 5},63,2,2,ok,126,189,0.01501835510134697,2.2084290208294988,2.231893954798579,5,7,15,0,,
2026-05-15T23:36:14.814160,noisy,naive,{'bins': 5},63,3,2,ok,189,252,0.014739972539246082,1.6381753785535693,1.6611226499080658,5,10,18,0,,
2026-05-15T23:36:15.842052,noisy,naive,{'bins': 5},63,4,2,ok,252,315,0.01502898521721363,0.9638412091881037,0.986859044060111,5,8,17,0,,
2026-05-15T23:36:17.905514,noisy,naive,{'bins': 5},64,0,2,ok,0,64,0.015191670507192612,1.9364565629512072,1.9599440284073353,5,9,17,0,,
2026-05-15T23:36:18.977140,noisy,naive,{'bins': 5},64,1,2,ok,64,128,0.0159005019813776,0.9995590234175324,1.0237245028838515,5,12,19,0,,
2026-05-15T23:36:21.185131,noisy,naive,{'bins': 5},64,2,2,ok,128,192,0.015456176362931728,2.142282299697399,2.166060601361096,5,7,15,0,,
2026-05-15T23:36:22.873805,noisy,naive,{'bins': 5},64,3,2,ok,192,256,0.01542307622730732,1.6198591077700257,1.6436100089922547,5,7,15,0,,
2026-05-15T23:36:23.911659,noisy,naive,{'bins': 5},64,4,2,ok,256,320,0.015529636293649673,0.969534395262599,0.9933243794366717,5,7,15,0,,
2026-05-15T23:36:26.114941,noisy,naive,{'bins': 5},65,0,2,ok,0,65,0.01592370681464672,2.073827783577144,2.098274702206254,5,9,17,0,,
2026-05-15T23:36:27.186931,noisy,naive,{'bins': 5},65,1,2,ok,65,130,0.015301698818802834,0.9959942549467087,1.0195765998214483,5,11,18,0,,
2026-05-15T23:36:29.414135,noisy,naive,{'bins': 5},65,2,2,ok,130,195,0.015317518264055252,2.160905234515667,2.1846709651872516,5,7,15,0,,
2026-05-15T23:36:31.162763,noisy,naive,{'bins': 5},65,3,2,ok,195,260,0.015041368082165718,1.6760330498218536,1.6997864758595824,5,8,15,0,,
2026-05-15T23:36:32.163250,noisy,naive,{'bins': 5},65,4,2,ok,260,325,0.015283103100955486,0.9457190427929163,0.9690483612939715,5,9,17,0,,
2026-05-15T23:36:34.347608,noisy,naive,{'bins': 5},66,0,2,ok,0,66,0.015529787167906761,2.0558122051879764,2.0797830699011683,5,9,17,0,,
2026-05-15T23:36:35.336366,noisy,naive,{'bins': 5},66,1,2,ok,66,132,0.015582213178277016,0.908399248495698,0.9323288453742862,5,11,18,0,,
2026-05-15T23:36:37.682861,noisy,naive,{'bins': 5},66,2,2,ok,132,198,0.015398219227790833,2.2786502623930573,2.3026046566665173,5,7,15,0,,
2026-05-15T23:36:39.581985,noisy,naive,{'bins': 5},66,3,2,ok,198,264,0.01580861024558544,1.827616130001843,1.8518773596733809,5,6,14,0,,
2026-05-15T23:36:40.538772,noisy,naive,{'bins': 5},66,4,2,ok,264,330,0.01575519982725382,0.8939834553748369,0.9179240521043539,5,8,15,0,,
2026-05-15T23:36:42.790940,noisy,naive,{'bins': 5},67,0,2,ok,0,67,0.015859104692935944,2.1220011627301574,2.146523032337427,5,9,17,0,,
2026-05-15T23:36:43.835780,noisy,naive,{'bins': 5},67,1,2,ok,67,134,0.015564560890197754,0.9636442475020885,0.9878465458750725,5,11,18,0,,
2026-05-15T23:36:46.153508,noisy,naive,{'bins': 5},67,2,2,ok,134,201,0.01583854667842388,2.2421459602192044,2.26697657071054,5,8,15,0,,
2026-05-15T23:36:47.550830,noisy,naive,{'bins': 5},67,3,2,ok,201,268,0.01566274557262659,1.3240047711879015,1.3486258061602712,5,7,14,0,,
2026-05-15T23:36:48.542963,noisy,naive,{'bins': 5},67,4,2,ok,268,335,0.015817126259207726,0.929118562489748,0.95330710709095,5,11,19,0,,
2026-05-15T23:36:50.853411,noisy,naive,{'bins': 5},68,0,2,ok,0,68,0.016041096299886703,2.18025466427207,2.205214485526085,5,7,15,0,,
2026-05-15T23:36:52.000671,noisy,naive,{'bins': 5},68,1,2,ok,68,136,0.016136353835463524,1.057328062132001,1.0828870385885239,5,11,18,0,,
2026-05-15T23:36:54.488900,noisy,naive,{'bins': 5},68,2,2,ok,136,204,0.015736685134470463,2.4035951662808657,2.428227893076837,5,10,18,0,,
2026-05-15T23:36:55.815701,noisy,naive,{'bins': 5},68,3,2,ok,204,272,0.01708010770380497,1.2493028361350298,1.2752083139494061,5,6,13,0,,
2026-05-15T23:36:56.687826,noisy,naive,{'bins': 5},68,4,2,ok,272,340,0.016395673155784607,0.8126653414219618,0.8375387014821172,5,11,19,0,,
2026-05-15T23:36:59.118575,noisy,naive,{'bins': 5},69,0,2,ok,0,69,0.0169195169582963,2.2964621633291245,2.322456178255379,5,7,15,0,,
2026-05-15T23:37:00.233972,noisy,naive,{'bins': 5},69,1,2,ok,69,138,0.016660952009260654,1.0266008647158742,1.0520825376734138,5,9,16,0,,
2026-05-15T23:37:02.551234,noisy,naive,{'bins': 5},69,2,2,ok,138,207,0.016323908232152462,2.237785045057535,2.263149998150766,5,8,15,0,,
2026-05-15T23:37:03.976564,noisy,naive,{'bins': 5},69,3,2,ok,207,276,0.06432501785457134,1.299548172391951,1.3732185969129205,5,6,13,0,,
2026-05-15T23:37:04.927814,noisy,naive,{'bins': 5},69,4,2,ok,276,345,0.01628581527620554,0.891545663587749,0.9167554853484035,5,11,19,0,,
2026-05-15T23:37:07.307701,noisy,naive,{'bins': 5},70,0,2,ok,0,70,0.016471645794808865,2.2455818224698305,2.271138334646821,5,7,15,0,,
2026-05-15T23:37:08.479227,noisy,naive,{'bins': 5},70,1,2,ok,70,140,0.0164872445166111,1.0840002400800586,1.1094301156699657,5,9,16,0,,
2026-05-15T23:37:10.717281,noisy,naive,{'bins': 5},70,2,2,ok,140,210,0.016254697926342487,2.164750061929226,2.1901239519938827,5,7,15,0,,
2026-05-15T23:37:12.368939,noisy,naive,{'bins': 5},70,3,2,ok,210,280,0.016151883639395237,1.5750086782500148,1.6002633552998304,5,11,19,0,,
2026-05-15T23:37:13.188220,noisy,naive,{'bins': 5},70,4,2,ok,280,350,0.016657314263284206,0.7561699319630861,0.7818837109953165,5,11,19,0,,
2026-05-15T23:37:15.600489,noisy,naive,{'bins': 5},71,0,2,ok,0,71,0.01677002664655447,2.2764573777094483,2.3026063637807965,5,7,15,0,,
2026-05-15T23:37:16.721446,noisy,naive,{'bins': 5},71,1,2,ok,71,142,0.016535094007849693,1.0343641759827733,1.0604623965919018,5,9,15,0,,
2026-05-15T23:37:19.026488,noisy,naive,{'bins': 5},71,2,2,ok,142,213,0.016454472206532955,2.229017348960042,2.254610611125827,5,9,16,0,,
2026-05-15T23:37:20.554592,noisy,naive,{'bins': 5},71,3,2,ok,213,284,0.01644008606672287,1.452064554207027,1.477682282216847,5,6,13,0,,
2026-05-15T23:37:21.408669,noisy,naive,{'bins': 5},71,4,2,ok,284,355,0.017073877155780792,0.7872516848146915,0.8131244322285056,5,11,19,0,,
2026-05-15T23:37:24.012591,noisy,naive,{'bins': 5},72,0,2,ok,0,72,0.01687574479728937,2.4646262088790536,2.4909495124593377,5,7,15,0,,
2026-05-15T23:37:25.183912,noisy,naive,{'bins': 5},72,1,2,ok,72,144,0.016810462810099125,1.0841221064329147,1.1102827163413167,5,9,15,0,,
2026-05-15T23:37:27.364945,noisy,naive,{'bins': 5},72,2,2,ok,144,216,0.0168772479519248,2.096870212815702,2.1234847139567137,5,7,14,0,,
2026-05-15T23:37:28.881512,noisy,naive,{'bins': 5},72,3,2,ok,216,288,0.016771988943219185,1.4394307071343064,1.4654248720034957,5,7,14,0,,
2026-05-15T23:37:29.806011,noisy,naive,{'bins': 5},72,4,2,ok,288,360,0.017073805443942547,0.8599359476938844,0.8859651982784271,5,10,18,0,,
2026-05-15T23:37:32.502628,noisy,naive,{'bins': 5},73,0,2,ok,0,73,0.017064149491488934,2.5547270895913243,2.5815056702122092,5,7,15,0,,
2026-05-15T23:37:33.679786,noisy,naive,{'bins': 5},73,1,2,ok,73,146,0.016901823692023754,1.0872584786266088,1.1135346535593271,5,9,15,0,,
2026-05-15T23:37:35.836047,noisy,naive,{'bins': 5},73,2,2,ok,146,219,0.01691486779600382,2.063774775713682,2.0902585200965405,5,4,10,0,,
2026-05-15T23:37:37.426188,noisy,naive,{'bins': 5},73,3,2,ok,219,292,0.01714394800364971,1.508564569056034,1.535490944981575,5,10,18,0,,
2026-05-15T23:37:38.331438,noisy,naive,{'bins': 5},73,4,2,ok,292,365,0.01712699607014656,0.838953155092895,0.865575822070241,5,11,19,0,,
2026-05-15T23:37:41.121705,noisy,naive,{'bins': 5},74,0,2,ok,0,74,0.017375805415213108,2.646174251101911,2.6733580119907856,5,7,15,0,,
2026-05-15T23:37:42.383872,noisy,naive,{'bins': 5},74,1,2,ok,74,148,0.0183557141572237,1.1710493164137006,1.1990535277873278,5,9,15,0,,
2026-05-15T23:37:44.507606,noisy,naive,{'bins': 5},74,2,2,ok,148,222,0.01802385225892067,2.0356020648032427,2.0632538851350546,5,7,14,0,,
2026-05-15T23:37:46.046429,noisy,naive,{'bins': 5},74,3,2,ok,222,296,0.018083753995597363,1.4407815327867866,1.468591039068997,5,10,17,0,,
2026-05-15T23:37:47.071215,noisy,naive,{'bins': 5},74,4,2,ok,296,370,0.01800910383462906,0.9550353698432446,0.9824358373880386,5,11,19,0,,
2026-05-15T23:37:49.923872,noisy,naive,{'bins': 5},75,0,2,ok,0,75,0.017963417805731297,2.7079090010374784,2.7358557544648647,5,7,15,0,,
2026-05-15T23:37:51.251310,noisy,naive,{'bins': 5},75,1,2,ok,75,150,0.0174249354749918,1.233777454122901,1.2608646815642715,5,9,15,0,,
2026-05-15T23:37:53.354179,noisy,naive,{'bins': 5},75,2,2,ok,150,225,0.017405890859663486,2.0133800860494375,2.04050668887794,5,5,13,0,,
2026-05-15T23:37:54.875136,noisy,naive,{'bins': 5},75,3,2,ok,225,300,0.017964940518140793,1.423300800845027,1.4509920654818416,5,10,17,0,,
2026-05-15T23:37:55.813848,noisy,naive,{'bins': 5},75,4,2,ok,300,375,0.017543288879096508,0.8681214228272438,0.8955143261700869,5,10,18,0,,
2026-05-15T23:37:58.804680,noisy,naive,{'bins': 5},76,0,2,ok,0,76,0.01788507029414177,2.843984104692936,2.871885812841356,5,7,15,0,,
2026-05-15T23:38:00.229148,noisy,naive,{'bins': 5},76,1,2,ok,76,152,0.017676329240202904,1.328347391448915,1.3562639486044645,5,7,13,0,,
2026-05-15T23:38:02.485745,noisy,naive,{'bins': 5},76,2,2,ok,152,228,0.017775834538042545,2.1670113625004888,2.194892752915621,5,8,15,0,,
2026-05-15T23:38:04.090525,noisy,naive,{'bins': 5},76,3,2,ok,228,304,0.017763832584023476,1.5023168176412582,1.53041410446167,5,10,17,0,,
2026-05-15T23:38:05.091895,noisy,naive,{'bins': 5},76,4,2,ok,304,380,0.017932630144059658,0.9313549408689141,0.9591886615380645,5,6,14,0,,
2026-05-15T23:38:08.138023,noisy,naive,{'bins': 5},77,0,2,ok,0,77,0.018243885599076748,2.8962723463773727,2.9248486636206508,5,7,15,0,,
2026-05-15T23:38:09.730755,noisy,naive,{'bins': 5},77,1,2,ok,77,154,0.01798045914620161,1.4952625948935747,1.5233336510136724,5,7,13,0,,
2026-05-15T23:38:12.048594,noisy,naive,{'bins': 5},77,2,2,ok,154,231,0.017933611758053303,2.228051796555519,2.2561758933588862,5,8,15,0,,
2026-05-15T23:38:13.469860,noisy,naive,{'bins': 5},77,3,2,ok,231,308,0.017746842466294765,1.332685069181025,1.3604522366076708,5,11,18,0,,
2026-05-15T23:38:14.555796,noisy,naive,{'bins': 5},77,4,2,ok,308,385,0.01818132773041725,1.0128859328106046,1.040855378843844,5,6,13,0,,
2026-05-15T23:38:17.588949,noisy,naive,{'bins': 5},78,0,2,ok,0,78,0.01830933801829815,2.88196571636945,2.910485907457769,5,7,15,0,,
2026-05-15T23:38:19.178142,noisy,naive,{'bins': 5},78,1,2,ok,78,156,0.01819467358291149,1.4896626519039273,1.518090900965035,5,7,13,0,,
2026-05-15T23:38:21.821414,noisy,naive,{'bins': 5},78,2,2,ok,156,234,0.018443450331687927,2.5533895390108228,2.5825625266879797,5,11,19,0,,
2026-05-15T23:38:23.560856,noisy,naive,{'bins': 5},78,3,2,ok,234,312,0.018400578759610653,1.6437941892072558,1.6723317932337523,5,9,16,0,,
2026-05-15T23:38:24.800498,noisy,naive,{'bins': 5},78,4,2,ok,312,390,0.01861225627362728,1.1579648312181234,1.1864732299000025,5,7,15,0,,
2026-05-15T23:38:27.651444,noisy,naive,{'bins': 5},79,0,2,ok,0,79,0.01880004070699215,2.6998543217778206,2.7291675033047795,5,9,17,0,,
2026-05-15T23:38:29.541443,noisy,naive,{'bins': 5},79,1,2,ok,79,158,0.018627716228365898,1.781524794176221,1.81023202650249,5,4,10,0,,
2026-05-15T23:38:32.074241,noisy,naive,{'bins': 5},79,2,2,ok,158,237,0.018475400283932686,2.442694994620979,2.4716404946520925,5,11,19,0,,
2026-05-15T23:38:33.472445,noisy,naive,{'bins': 5},79,3,2,ok,237,316,0.01838831603527069,1.3151231836527586,1.3436225457116961,5,8,17,0,,
2026-05-15T23:38:34.751992,noisy,naive,{'bins': 5},79,4,2,ok,316,395,0.01861667539924383,1.1979126799851656,1.226759184151888,5,9,16,0,,
2026-05-15T23:38:37.644675,noisy,naive,{'bins': 5},80,0,2,ok,0,80,0.01854423899203539,2.7404985269531608,2.7695229751989245,5,9,17,0,,
2026-05-15T23:38:39.535716,noisy,naive,{'bins': 5},80,1,2,ok,80,160,0.018709911033511162,1.776077689602971,1.805813143029809,5,8,14,0,,
2026-05-15T23:38:41.880854,noisy,naive,{'bins': 5},80,2,2,ok,160,240,0.018698859959840775,2.2515341797843575,2.2806681534275413,5,8,15,0,,
2026-05-15T23:38:43.240354,noisy,naive,{'bins': 5},80,3,2,ok,240,320,0.019600914791226387,1.2688914071768522,1.2988383388146758,5,7,15,0,,
2026-05-15T23:38:44.558951,noisy,naive,{'bins': 5},80,4,2,ok,320,400,0.01948289293795824,1.2328148800879717,1.2629447747021914,5,9,16,0,,
2026-05-15T23:38:47.564728,noisy,naive,{'bins': 5},81,0,2,ok,0,81,0.01956260297447443,2.8505173083394766,2.8808403061702847,5,9,17,0,,
2026-05-15T23:38:49.352469,noisy,naive,{'bins': 5},81,1,2,ok,81,162,0.019312120974063873,1.6814108854159713,1.7117546126246452,5,8,14,0,,
2026-05-15T23:38:51.910433,noisy,naive,{'bins': 5},81,2,2,ok,162,243,0.019613669253885746,2.4643642315641046,2.49462734721601,5,7,15,0,,
2026-05-15T23:38:53.249336,noisy,naive,{'bins': 5},81,3,2,ok,243,324,0.01938483864068985,1.2499091932550073,1.2797009544447064,5,7,15,0,,
2026-05-15T23:38:54.769294,noisy,naive,{'bins': 5},81,4,2,ok,324,405,0.018921428360044956,1.4300477616488934,1.4594239508733153,5,7,14,0,,
2026-05-15T23:38:57.773502,noisy,naive,{'bins': 5},82,0,2,ok,0,82,0.019360742531716824,2.848037867806852,2.878358570858836,5,9,17,0,,
2026-05-15T23:38:59.621815,noisy,naive,{'bins': 5},82,1,2,ok,82,164,0.019322291016578674,1.7440008129924536,1.7743698079138994,5,9,15,0,,
2026-05-15T23:39:02.346031,noisy,naive,{'bins': 5},82,2,2,ok,164,246,0.01935454085469246,2.626253261230886,2.656386662274599,5,7,15,0,,
2026-05-15T23:39:03.807971,noisy,naive,{'bins': 5},82,3,2,ok,246,328,0.019283597357571125,1.377976093441248,1.4080843171104789,5,11,19,0,,
2026-05-15T23:39:05.791583,noisy,naive,{'bins': 5},82,4,2,ok,328,410,0.019641190767288208,1.8824414005503058,1.9128608601167798,5,6,13,0,,
2026-05-15T23:39:08.858932,noisy,naive,{'bins': 5},83,0,2,ok,0,83,0.01947237178683281,2.9107716036960483,2.9411503057926893,5,9,17,0,,
2026-05-15T23:39:10.693113,noisy,naive,{'bins': 5},83,1,2,ok,83,166,0.01962677389383316,1.709475388750434,1.7399918604642153,5,8,14,0,,
2026-05-15T23:39:13.288704,noisy,naive,{'bins': 5},83,2,2,ok,166,249,0.01940746046602726,2.4931631023064256,2.5239776531234384,5,11,19,0,,
2026-05-15T23:39:14.690185,noisy,naive,{'bins': 5},83,3,2,ok,249,332,0.019364601001143456,1.3245038529857993,1.3544931039214134,5,9,17,0,,
2026-05-15T23:39:16.651069,noisy,naive,{'bins': 5},83,4,2,ok,332,415,0.019573522731661797,1.8625116078183055,1.8929397528991103,5,6,13,0,,
2026-05-15T23:39:19.742913,noisy,naive,{'bins': 5},84,0,2,ok,0,84,0.019900045357644558,2.9320513205602765,2.963308081962168,5,9,17,0,,
2026-05-15T23:39:21.650646,noisy,naive,{'bins': 5},84,1,2,ok,84,168,0.019868146628141403,1.7788572562858462,1.809913981705904,5,8,14,0,,
2026-05-15T23:39:24.358178,noisy,naive,{'bins': 5},84,2,2,ok,168,252,0.019500145688652992,2.6042346507310867,2.6352200228720903,5,11,19,0,,
2026-05-15T23:39:25.825434,noisy,naive,{'bins': 5},84,3,2,ok,252,336,0.019811350852251053,1.3783246353268623,1.408955111168325,5,11,19,0,,
2026-05-15T23:39:27.984815,noisy,naive,{'bins': 5},84,4,2,ok,336,420,0.019979444332420826,2.071480106562376,2.1025626799091697,5,8,16,0,,
2026-05-15T23:39:31.227825,noisy,naive,{'bins': 5},85,0,2,ok,0,85,0.020052272826433182,3.0820637764409184,3.1133437315002084,5,9,17,0,,
2026-05-15T23:39:33.143078,noisy,naive,{'bins': 5},85,1,2,ok,85,170,0.019771534018218517,1.7850572317838669,1.8161012744531035,5,8,14,0,,
2026-05-15T23:39:35.583800,noisy,naive,{'bins': 5},85,2,2,ok,170,255,0.019952965900301933,2.339980694465339,2.3715452644973993,5,6,14,0,,
2026-05-15T23:39:36.965233,noisy,naive,{'bins': 5},85,3,2,ok,255,340,0.019832469522953033,1.2915141340345144,1.322416259907186,5,11,19,0,,
2026-05-15T23:39:39.317418,noisy,naive,{'bins': 5},85,4,2,ok,340,425,0.020361443050205708,2.2600738741457462,2.291715107858181,5,8,15,0,,
2026-05-15T23:39:42.655737,noisy,naive,{'bins': 5},86,0,2,ok,0,86,0.02026823814958334,3.174093198031187,3.2059155125170946,5,9,17,0,,
2026-05-15T23:39:44.658766,noisy,naive,{'bins': 5},86,1,2,ok,86,172,0.02134745568037033,1.8939689230173826,1.9267830606549978,5,12,19,0,,
2026-05-15T23:39:47.107856,noisy,naive,{'bins': 5},86,2,2,ok,172,258,0.020227251574397087,2.33843872603029,2.370136016048491,5,13,21,0,,
2026-05-15T23:39:48.495025,noisy,naive,{'bins': 5},86,3,2,ok,258,344,0.02034378983080387,1.298800921998918,1.3302891189232469,5,11,19,0,,
2026-05-15T23:39:50.597527,noisy,naive,{'bins': 5},86,4,2,ok,344,430,0.020487691275775433,2.0129132317379117,2.0445567006245255,5,9,17,0,,
2026-05-15T23:39:53.997784,noisy,naive,{'bins': 5},87,0,2,ok,0,87,0.02066931128501892,3.2345690205693245,3.2669264106079936,5,9,17,0,,
2026-05-15T23:39:55.959084,noisy,naive,{'bins': 5},87,1,2,ok,87,174,0.020419771783053875,1.8257138710469007,1.8578374804928899,5,8,14,0,,
2026-05-15T23:39:58.448812,noisy,naive,{'bins': 5},87,2,2,ok,174,261,0.020477861166000366,2.3854411775246263,2.417347799986601,5,6,14,0,,
2026-05-15T23:39:59.782102,noisy,naive,{'bins': 5},87,3,2,ok,261,348,0.020215969532728195,1.2464160658419132,1.2779576033353806,5,11,19,0,,
2026-05-15T23:40:02.029043,noisy,naive,{'bins': 5},87,4,2,ok,348,435,0.020412128418684006,2.15708892326802,2.1888909097760916,5,9,17,0,,
2026-05-15T23:40:05.498752,noisy,naive,{'bins': 5},88,0,2,ok,0,88,0.020506144501268864,3.301565964706242,3.3338517704978585,5,9,17,0,,
2026-05-15T23:40:07.443518,noisy,naive,{'bins': 5},88,1,2,ok,88,176,0.02037138119339943,1.8282754207029939,1.8602468250319362,5,9,15,0,,
2026-05-15T23:40:10.003126,noisy,naive,{'bins': 5},88,2,2,ok,176,264,0.020452164113521576,2.4524384420365095,2.484621454961598,5,8,15,0,,
2026-05-15T23:40:11.347057,noisy,naive,{'bins': 5},88,3,2,ok,264,352,0.020593639463186264,1.2496929205954075,1.2819846766069531,5,8,15,0,,
2026-05-15T23:40:13.754529,noisy,naive,{'bins': 5},88,4,2,ok,352,440,0.020614388398826122,2.310113516636193,2.342661184258759,5,8,16,0,,
2026-05-15T23:40:17.235659,noisy,naive,{'bins': 5},89,0,2,ok,0,89,0.021138903684914112,3.3121256716549397,3.3451921632513404,5,9,17,0,,
2026-05-15T23:40:19.293110,noisy,naive,{'bins': 5},89,1,2,ok,89,178,0.02081597689539194,1.9451045747846365,1.9781898725777864,5,12,19,0,,
2026-05-15T23:40:21.294112,noisy,naive,{'bins': 5},89,2,2,ok,178,267,0.020745383575558662,1.8848585430532694,1.9173443028703332,5,6,12,0,,
2026-05-15T23:40:22.806530,noisy,naive,{'bins': 5},89,3,2,ok,267,356,0.020814414136111736,1.4229465201497078,1.4553096909075975,5,11,19,0,,
2026-05-15T23:40:25.054365,noisy,naive,{'bins': 5},89,4,2,ok,356,445,0.020661725662648678,2.1527832997962832,2.1851985082030296,5,9,17,0,,
2026-05-15T23:40:28.584999,noisy,naive,{'bins': 5},90,0,2,ok,0,90,0.021051078103482723,3.359654800966382,3.392870352603495,5,9,17,0,,
2026-05-15T23:40:30.809201,noisy,naive,{'bins': 5},90,1,2,ok,90,180,0.06966856494545937,2.040436022914946,2.1227228539064527,5,8,14,0,,
2026-05-15T23:40:32.913212,noisy,naive,{'bins': 5},90,2,2,ok,180,270,0.021187884733080864,1.991736582480371,2.0248386403545737,5,11,19,0,,
2026-05-15T23:40:34.259030,noisy,naive,{'bins': 5},90,3,2,ok,270,360,0.02114582620561123,1.254030997864902,1.2869467977434397,5,11,19,0,,
2026-05-15T23:40:37.728302,noisy,naive,{'bins': 5},90,4,2,ok,360,450,0.02123479451984167,3.332023298367858,3.3657348919659853,5,5,13,0,,
2026-05-15T23:40:41.544592,noisy,naive,{'bins': 5},91,0,2,ok,0,91,0.021588878706097603,3.640079328790307,3.67392588686198,5,9,17,0,,
2026-05-15T23:40:43.773060,noisy,naive,{'bins': 5},91,1,2,ok,91,182,0.022523535415530205,2.0850481325760484,2.1198566081002355,5,8,14,0,,
2026-05-15T23:40:46.047750,noisy,naive,{'bins': 5},91,2,2,ok,182,273,0.021907768212258816,2.1590861873701215,2.193219443783164,5,11,19,0,,
2026-05-15T23:40:47.425515,noisy,naive,{'bins': 5},91,3,2,ok,273,364,0.02176064159721136,1.2784039983525872,1.3118170909583569,5,8,15,0,,
2026-05-15T23:40:50.969516,noisy,naive,{'bins': 5},91,4,2,ok,364,455,0.021599278785288334,3.417244028300047,3.451067753136158,5,9,17,0,,
2026-05-15T23:40:54.750024,noisy,naive,{'bins': 5},92,0,2,ok,0,92,0.021872912533581257,3.603885901160538,3.6379857435822487,5,9,17,0,,
2026-05-15T23:40:57.006981,noisy,naive,{'bins': 5},92,1,2,ok,92,184,0.021405084058642387,2.1372777856886387,2.171074589714408,5,9,15,0,,
2026-05-15T23:40:59.184510,noisy,naive,{'bins': 5},92,2,2,ok,184,276,0.02163042686879635,2.0598691683262587,2.0937353717163205,5,9,17,0,,
2026-05-15T23:41:00.588158,noisy,naive,{'bins': 5},92,3,2,ok,276,368,0.02161769289523363,1.3110297303646803,1.3446483993902802,5,9,17,0,,
2026-05-15T23:41:04.013532,noisy,naive,{'bins': 5},92,4,2,ok,368,460,0.02176896668970585,3.304739142768085,3.3387856855988503,5,9,17,0,,
2026-05-15T23:41:07.789823,noisy,naive,{'bins': 5},93,0,2,ok,0,93,0.021837566047906876,3.599711023271084,3.6340097701177,5,9,17,0,,
2026-05-15T23:41:10.199957,noisy,naive,{'bins': 5},93,1,2,ok,93,186,0.022054231725633144,2.285477294586599,2.3199652964249253,5,9,15,0,,
2026-05-15T23:41:12.527547,noisy,naive,{'bins': 5},93,2,2,ok,186,279,0.02232127357274294,2.208172873593867,2.242922426201403,5,9,17,0,,
2026-05-15T23:41:13.771272,noisy,naive,{'bins': 5},93,3,2,ok,279,372,0.022142749279737473,1.1503756195306778,1.184625974856317,5,11,19,0,,
2026-05-15T23:41:17.307738,noisy,naive,{'bins': 5},93,4,2,ok,372,465,0.021940278820693493,3.404157876968384,3.4383979737758636,5,6,14,0,,
2026-05-15T23:41:21.189633,noisy,naive,{'bins': 5},94,0,2,ok,0,94,0.022099648602306843,3.6986021753400564,3.7334973625838757,5,9,17,0,,
2026-05-15T23:41:23.723046,noisy,naive,{'bins': 5},94,1,2,ok,94,188,0.022573519498109818,2.3870178563520312,2.422259875573218,5,8,14,0,,
2026-05-15T23:41:26.183848,noisy,naive,{'bins': 5},94,2,2,ok,188,282,0.022338728420436382,2.340153021737933,2.375251090154052,5,9,17,0,,
2026-05-15T23:41:27.384665,noisy,naive,{'bins': 5},94,3,2,ok,282,376,0.02216424886137247,1.1058110957965255,1.140115232206881,5,11,19,0,,
2026-05-15T23:41:30.776550,noisy,naive,{'bins': 5},94,4,2,ok,376,470,0.022024696692824364,3.271094338968396,3.3057482521981,5,10,18,0,,
2026-05-15T23:41:34.768369,noisy,naive,{'bins': 5},95,0,2,ok,0,95,0.02239555399864912,3.806999647989869,3.842831674963236,5,9,17,0,,
2026-05-15T23:41:37.149869,noisy,naive,{'bins': 5},95,1,2,ok,95,190,0.022174188867211342,2.249875234439969,2.2848496213555336,5,8,14,0,,
2026-05-15T23:41:39.540287,noisy,naive,{'bins': 5},95,2,2,ok,190,285,0.02207391057163477,2.2696247082203627,2.3044956400990486,5,7,14,0,,
2026-05-15T23:41:40.860111,noisy,naive,{'bins': 5},95,3,2,ok,285,380,0.022487686946988106,1.2198012862354517,1.2547167809680104,5,7,15,0,,
2026-05-15T23:41:44.373804,noisy,naive,{'bins': 5},95,4,2,ok,380,475,0.02345677837729454,3.380887963809073,3.4177940590307117,5,9,16,0,,
2026-05-15T23:41:48.391025,noisy,naive,{'bins': 5},96,0,2,ok,0,96,0.023506621830165386,3.8300249706953764,3.867166227661073,5,9,17,0,,
2026-05-15T23:41:50.651804,noisy,naive,{'bins': 5},96,1,2,ok,96,192,0.023145653307437897,2.1286722514778376,2.1652745055034757,5,11,17,0,,
2026-05-15T23:41:53.000484,noisy,naive,{'bins': 5},96,2,2,ok,192,288,0.02273687534034252,2.2266144333407283,2.2622351525351405,5,7,14,0,,
2026-05-15T23:41:54.313618,noisy,naive,{'bins': 5},96,3,2,ok,288,384,0.023069610819220543,1.2162509253248572,1.252039440907538,5,9,17,0,,
2026-05-15T23:41:58.047022,noisy,naive,{'bins': 5},96,4,2,ok,384,480,0.0227965684607625,3.597589095123112,3.6334874676540494,5,9,16,0,,
2026-05-15T23:42:02.081370,noisy,naive,{'bins': 5},97,0,2,ok,0,97,0.0229553347453475,3.845609676092863,3.8818156151100993,5,9,17,0,,
2026-05-15T23:42:04.376351,noisy,naive,{'bins': 5},97,1,2,ok,97,194,0.022615928202867508,2.1596972551196814,2.1954945772886276,5,11,17,0,,
2026-05-15T23:42:06.856764,noisy,naive,{'bins': 5},97,2,2,ok,194,291,0.02260522823780775,2.3598464829847217,2.395692274905741,5,7,15,0,,
2026-05-15T23:42:08.396125,noisy,naive,{'bins': 5},97,3,2,ok,291,388,0.022802057676017284,1.435661919414997,1.4713622191920877,5,11,19,0,,
2026-05-15T23:42:12.338540,noisy,naive,{'bins': 5},97,4,2,ok,388,485,0.0227342015132308,3.7993745021522045,3.8351438427343965,5,6,13,0,,
2026-05-15T23:42:16.476357,noisy,naive,{'bins': 5},98,0,2,ok,0,98,0.02311023697257042,3.949384532868862,3.9859483847394586,5,9,17,0,,
2026-05-15T23:42:18.961634,noisy,naive,{'bins': 5},98,1,2,ok,98,196,0.022833526134490967,2.3262302447110415,2.3624358139932156,5,10,16,0,,
2026-05-15T23:42:21.353171,noisy,naive,{'bins': 5},98,2,2,ok,196,294,0.022905071265995502,2.2643631855025887,2.3006232073530555,5,7,14,0,,
2026-05-15T23:42:22.943609,noisy,naive,{'bins': 5},98,3,2,ok,294,392,0.022763404995203018,1.4951039096340537,1.531389550305903,5,13,22,0,,
2026-05-15T23:42:26.604560,noisy,naive,{'bins': 5},98,4,2,ok,392,490,0.02297984156757593,3.52556393481791,3.562020955607295,5,9,16,0,,
2026-05-15T23:42:30.946398,noisy,naive,{'bins': 5},99,0,2,ok,0,99,0.02341244462877512,4.1499327858909965,4.186954678967595,5,9,17,0,,
2026-05-15T23:42:33.269927,noisy,naive,{'bins': 5},99,1,2,ok,99,198,0.023445365950465202,2.1839137747883797,2.221308207139373,5,11,17,0,,
2026-05-15T23:42:35.709447,noisy,naive,{'bins': 5},99,2,2,ok,198,297,0.023095449432730675,2.3093997025862336,2.346282474696636,5,7,14,0,,
2026-05-15T23:42:37.264966,noisy,naive,{'bins': 5},99,3,2,ok,297,396,0.02304595708847046,1.4555175686255097,1.492077804170549,5,9,17,0,,
2026-05-15T23:42:40.671612,noisy,naive,{'bins': 5},99,4,2,ok,396,495,0.023289945907890797,3.2686931332573295,3.3061504242941737,5,9,16,0,,
2026-05-15T23:42:45.054598,noisy,naive,{'bins': 5},100,0,2,ok,0,100,0.024378870613873005,4.183061852119863,4.2213592901825905,5,9,17,0,,
2026-05-15T23:42:47.641995,noisy,naive,{'bins': 5},100,1,2,ok,100,200,0.023974470794200897,2.422201531007886,2.45970031991601,5,10,16,0,,
2026-05-15T23:42:50.066364,noisy,naive,{'bins': 5},100,2,2,ok,200,300,0.023735592141747475,2.291011826135218,2.3287995075806975,5,7,14,0,,
2026-05-15T23:42:51.765831,noisy,naive,{'bins': 5},100,3,2,ok,300,400,0.023723699152469635,1.5837924852967262,1.6213427195325494,5,10,18,0,,
2026-05-15T23:42:53.441402,noisy,naive,{'bins': 5},100,4,2,ok,400,500,0.024143378250300884,1.5638213446363807,1.6013652477413416,5,9,16,0,,
2026-05-15T23:42:53.663801,noisy,sax,"{'w': 144, 'bins': 5}",1,0,2,ok,0,1,0.01169465109705925,0.006030949763953686,0.018002801574766636,5,5,8,0,,
2026-05-15T23:42:53.692599,noisy,sax,"{'w': 144, 'bins': 5}",1,1,2,ok,1,2,0.011155547574162483,0.016015547327697277,0.02736329659819603,5,16,23,0,,
2026-05-15T23:42:53.716205,noisy,sax,"{'w': 144, 'bins': 5}",1,2,2,ok,2,3,0.011171447113156319,0.011118577793240547,0.022469673305749893,5,7,12,0,,
2026-05-15T23:42:53.731537,noisy,sax,"{'w': 144, 'bins': 5}",1,3,2,ok,3,4,0.011177067644894123,0.0030672820284962654,0.014409709721803665,5,6,9,0,,
2026-05-15T23:42:53.748306,noisy,sax,"{'w': 144, 'bins': 5}",1,4,2,ok,4,5,0.011272978968918324,0.0042860014364123344,0.01572946086525917,5,8,10,0,,
2026-05-15T23:42:53.865218,noisy,sax,"{'w': 144, 'bins': 5}",2,0,2,ok,0,2,0.022196260280907154,0.017525714822113514,0.04006863571703434,5,3,6,0,,
2026-05-15T23:42:53.897655,noisy,sax,"{'w': 144, 'bins': 5}",2,1,2,ok,2,4,0.022010470740497112,0.008942020125687122,0.03118148073554039,5,7,9,0,,
2026-05-15T23:42:53.941001,noisy,sax,"{'w': 144, 'bins': 5}",2,2,2,ok,4,6,0.022103795781731606,0.01943960040807724,0.04178535100072622,5,9,15,0,,
2026-05-15T23:42:53.965908,noisy,sax,"{'w': 144, 'bins': 5}",2,3,2,ok,6,8,0.021976586431264877,0.0018379827961325645,0.02402393240481615,5,5,6,0,,
2026-05-15T23:42:53.995545,noisy,sax,"{'w': 144, 'bins': 5}",2,4,2,ok,8,10,0.02185648214071989,0.0064730215817689896,0.02854236215353012,5,13,17,0,,
2026-05-15T23:42:54.118610,noisy,sax,"{'w': 144, 'bins': 5}",3,0,2,ok,0,3,0.033220951445400715,0.012603828683495522,0.046212298795580864,5,7,11,0,,
2026-05-15T23:42:54.199012,noisy,sax,"{'w': 144, 'bins': 5}",3,1,2,ok,3,6,0.03257172089070082,0.04557780735194683,0.07846200466156006,5,9,16,0,,
2026-05-15T23:42:54.236969,noisy,sax,"{'w': 144, 'bins': 5}",3,2,2,ok,6,9,0.032585286535322666,0.004071639850735664,0.03692134376615286,5,6,9,0,,
2026-05-15T23:42:54.281419,noisy,sax,"{'w': 144, 'bins': 5}",3,3,2,ok,9,12,0.03261060547083616,0.010318966582417488,0.043214636854827404,5,8,12,0,,
2026-05-15T23:42:54.340587,noisy,sax,"{'w': 144, 'bins': 5}",3,4,2,ok,12,15,0.03235504496842623,0.024903575889766216,0.05755408573895693,5,7,13,0,,
2026-05-15T23:42:54.484752,noisy,sax,"{'w': 144, 'bins': 5}",4,0,2,ok,0,4,0.04377745371311903,0.02287865150719881,0.06713218986988068,5,6,11,0,,
2026-05-15T23:42:54.536805,noisy,sax,"{'w': 144, 'bins': 5}",4,1,2,ok,4,8,0.04335707426071167,0.0071005504578351974,0.050784689374268055,5,5,8,0,,
2026-05-15T23:42:54.606312,noisy,sax,"{'w': 144, 'bins': 5}",4,2,2,ok,8,12,0.043301669880747795,0.024123980663716793,0.06777495797723532,5,5,10,0,,
2026-05-15T23:42:54.688044,noisy,sax,"{'w': 144, 'bins': 5}",4,3,2,ok,12,16,0.043111191131174564,0.03642180468887091,0.0798924220725894,5,4,9,0,,
2026-05-15T23:42:54.748825,noisy,sax,"{'w': 144, 'bins': 5}",4,4,2,ok,16,20,0.044008287601172924,0.014978439547121525,0.059327878057956696,5,5,8,0,,
2026-05-15T23:42:54.925952,noisy,sax,"{'w': 144, 'bins': 5}",5,0,2,ok,0,5,0.05478692799806595,0.044154382310807705,0.09946616645902395,5,3,9,0,,
2026-05-15T23:42:55.007590,noisy,sax,"{'w': 144, 'bins': 5}",5,1,2,ok,5,10,0.05413557309657335,0.02518364228308201,0.07972134090960026,5,8,13,0,,
2026-05-15T23:42:55.108514,noisy,sax,"{'w': 144, 'bins': 5}",5,2,2,ok,10,15,0.054032279178500175,0.04426492005586624,0.09872104600071907,5,12,18,0,,
2026-05-15T23:42:55.190825,noisy,sax,"{'w': 144, 'bins': 5}",5,3,2,ok,15,20,0.05415032058954239,0.025927179493010044,0.08049943298101425,5,9,14,0,,
2026-05-15T23:42:55.260602,noisy,sax,"{'w': 144, 'bins': 5}",5,4,2,ok,20,25,0.053790075704455376,0.014113265089690685,0.06828462611883879,5,7,11,0,,
2026-05-15T23:42:55.465330,noisy,sax,"{'w': 144, 'bins': 5}",6,0,2,ok,0,6,0.06537902541458607,0.06055748742073774,0.12656637653708458,5,5,11,0,,
2026-05-15T23:42:55.551290,noisy,sax,"{'w': 144, 'bins': 5}",6,1,2,ok,6,12,0.06490693986415863,0.018656179308891296,0.08404332119971514,5,11,15,0,,
2026-05-15T23:42:55.649036,noisy,sax,"{'w': 144, 'bins': 5}",6,2,2,ok,12,18,0.06472497805953026,0.030549071729183197,0.09573252219706774,5,13,20,0,,
2026-05-15T23:42:55.772282,noisy,sax,"{'w': 144, 'bins': 5}",6,3,2,ok,18,24,0.06514020822942257,0.054950274527072906,0.12060573045164347,5,12,19,0,,
2026-05-15T23:42:55.891939,noisy,sax,"{'w': 144, 'bins': 5}",6,4,2,ok,24,30,0.06537177320569754,0.05161461699754,0.11748650018125772,5,10,19,0,,
2026-05-15T23:42:56.114383,noisy,sax,"{'w': 144, 'bins': 5}",7,0,2,ok,0,7,0.07621096540242434,0.06740385014563799,0.14428969379514456,5,7,13,0,,
2026-05-15T23:42:56.226651,noisy,sax,"{'w': 144, 'bins': 5}",7,1,2,ok,7,14,0.07542233448475599,0.03441818058490753,0.11035202629864216,5,6,14,0,,
2026-05-15T23:42:56.340324,noisy,sax,"{'w': 144, 'bins': 5}",7,2,2,ok,14,21,0.07610629871487617,0.03479181323200464,0.11143197491765022,5,8,13,0,,
2026-05-15T23:42:56.460960,noisy,sax,"{'w': 144, 'bins': 5}",7,3,2,ok,21,28,0.07631414942443371,0.041668280959129333,0.1185127878561616,5,13,22,0,,
2026-05-15T23:42:56.565420,noisy,sax,"{'w': 144, 'bins': 5}",7,4,2,ok,28,35,0.07544424571096897,0.026673431508243084,0.10262402798980474,5,9,15,0,,
2026-05-15T23:42:56.772095,noisy,sax,"{'w': 144, 'bins': 5}",8,0,2,ok,0,8,0.08713148161768913,0.041300561279058456,0.12914327904582024,5,6,12,0,,
2026-05-15T23:42:56.922251,noisy,sax,"{'w': 144, 'bins': 5}",8,1,2,ok,8,16,0.08688608184456825,0.06015415955334902,0.147657441906631,5,8,15,0,,
2026-05-15T23:42:57.060056,noisy,sax,"{'w': 144, 'bins': 5}",8,2,2,ok,16,24,0.08641744032502174,0.04830137360841036,0.1353122079744935,5,8,15,0,,
2026-05-15T23:42:57.184902,noisy,sax,"{'w': 144, 'bins': 5}",8,3,2,ok,24,32,0.08594388142228127,0.0361409867182374,0.12266667187213898,5,10,17,0,,
2026-05-15T23:42:57.307167,noisy,sax,"{'w': 144, 'bins': 5}",8,4,2,ok,32,40,0.08664302341639996,0.033105445094406605,0.12030124757438898,5,7,13,0,,
2026-05-15T23:42:57.540277,noisy,sax,"{'w': 144, 'bins': 5}",9,0,2,ok,0,9,0.09857241623103619,0.0553240654990077,0.15467630792409182,5,7,13,0,,
2026-05-15T23:42:57.694627,noisy,sax,"{'w': 144, 'bins': 5}",9,1,2,ok,9,18,0.09764470253139734,0.05372448172420263,0.15202327352017164,5,9,15,0,,
2026-05-15T23:42:57.848689,noisy,sax,"{'w': 144, 'bins': 5}",9,2,2,ok,18,27,0.09712791163474321,0.05360820330679417,0.15137678943574429,5,7,14,0,,
2026-05-15T23:42:57.999647,noisy,sax,"{'w': 144, 'bins': 5}",9,3,2,ok,27,36,0.09805272985249758,0.04976719617843628,0.14847593940794468,5,6,14,0,,
2026-05-15T23:42:58.159513,noisy,sax,"{'w': 144, 'bins': 5}",9,4,2,ok,36,45,0.0976476389914751,0.059036871418356895,0.15731736924499273,5,6,12,0,,
2026-05-15T23:42:58.440280,noisy,sax,"{'w': 144, 'bins': 5}",10,0,2,ok,0,10,0.10839409846812487,0.09224542044103146,0.2016200004145503,5,8,14,0,,
2026-05-15T23:42:58.637363,noisy,sax,"{'w': 144, 'bins': 5}",10,1,2,ok,10,20,0.10839033126831055,0.08432906772941351,0.1935590971261263,5,10,16,0,,
2026-05-15T23:42:58.814124,noisy,sax,"{'w': 144, 'bins': 5}",10,2,2,ok,20,30,0.10845461208373308,0.06470804754644632,0.17402788437902927,5,6,14,0,,
2026-05-15T23:42:58.990759,noisy,sax,"{'w': 144, 'bins': 5}",10,3,2,ok,30,40,0.10767486691474915,0.06498505547642708,0.1735280528664589,5,7,14,0,,
2026-05-15T23:42:59.174987,noisy,sax,"{'w': 144, 'bins': 5}",10,4,2,ok,40,50,0.10793203022331,0.07249809056520462,0.1812488092109561,5,6,12,0,,
2026-05-15T23:42:59.449507,noisy,sax,"{'w': 144, 'bins': 5}",11,0,2,ok,0,11,0.11983703542500734,0.07495070807635784,0.19579329248517752,5,6,12,0,,
2026-05-15T23:42:59.677416,noisy,sax,"{'w': 144, 'bins': 5}",11,1,2,ok,11,22,0.11938841361552477,0.10405291151255369,0.22437448892742395,5,6,13,0,,
2026-05-15T23:42:59.880434,noisy,sax,"{'w': 144, 'bins': 5}",11,2,2,ok,22,33,0.11851701512932777,0.08032340183854103,0.19974724110215902,5,13,19,0,,
2026-05-15T23:43:00.056867,noisy,sax,"{'w': 144, 'bins': 5}",11,3,2,ok,33,44,0.11878539994359016,0.05385514535009861,0.17365155555307865,5,11,18,0,,
2026-05-15T23:43:00.246374,noisy,sax,"{'w': 144, 'bins': 5}",11,4,2,ok,44,55,0.1191456662490964,0.06621815264225006,0.1863075727596879,5,5,13,0,,
2026-05-15T23:43:00.554385,noisy,sax,"{'w': 144, 'bins': 5}",12,0,2,ok,0,12,0.1303105717524886,0.0971504244953394,0.2285798890516162,5,9,15,0,,
2026-05-15T23:43:00.767968,noisy,sax,"{'w': 144, 'bins': 5}",12,1,2,ok,12,24,0.12967450637370348,0.07961974013596773,0.2103090537711978,5,3,10,0,,
2026-05-15T23:43:00.955309,noisy,sax,"{'w': 144, 'bins': 5}",12,2,2,ok,24,36,0.12938963156193495,0.05394667945802212,0.1843286855146289,5,14,20,0,,
2026-05-15T23:43:01.176951,noisy,sax,"{'w': 144, 'bins': 5}",12,3,2,ok,36,48,0.1294258302077651,0.08779864478856325,0.21823711786419153,5,5,11,0,,
2026-05-15T23:43:01.382672,noisy,sax,"{'w': 144, 'bins': 5}",12,4,2,ok,48,60,0.12922019418329,0.06765056401491165,0.19785568863153458,5,6,11,0,,
2026-05-15T23:43:01.720926,noisy,sax,"{'w': 144, 'bins': 5}",13,0,2,ok,0,13,0.14099588710814714,0.11571840848773718,0.2579283360391855,5,12,18,0,,
2026-05-15T23:43:01.946776,noisy,sax,"{'w': 144, 'bins': 5}",13,1,2,ok,13,26,0.1399997854605317,0.08138954546302557,0.22247160412371159,5,8,14,0,,
2026-05-15T23:43:02.176615,noisy,sax,"{'w': 144, 'bins': 5}",13,2,2,ok,26,39,0.13909723982214928,0.0864710109308362,0.22664402145892382,5,4,11,0,,
2026-05-15T23:43:02.389726,noisy,sax,"{'w': 144, 'bins': 5}",13,3,2,ok,39,52,0.1400739848613739,0.0683732321485877,0.20952480100095272,5,9,16,0,,
2026-05-15T23:43:02.594248,noisy,sax,"{'w': 144, 'bins': 5}",13,4,2,ok,52,65,0.13949435483664274,0.0601060101762414,0.20069056283682585,5,14,20,0,,
2026-05-15T23:43:02.978907,noisy,sax,"{'w': 144, 'bins': 5}",14,0,2,ok,0,14,0.15116232633590698,0.1521669439971447,0.3045980939641595,5,7,16,0,,
2026-05-15T23:43:03.233579,noisy,sax,"{'w': 144, 'bins': 5}",14,1,2,ok,14,28,0.15029660053551197,0.09930023457854986,0.25076098181307316,5,9,17,0,,
2026-05-15T23:43:03.451651,noisy,sax,"{'w': 144, 'bins': 5}",14,2,2,ok,28,42,0.15074406005442142,0.0633262898772955,0.21514503937214613,5,8,16,0,,
2026-05-15T23:43:03.709848,noisy,sax,"{'w': 144, 'bins': 5}",14,3,2,ok,42,56,0.15117197390645742,0.10211443994194269,0.2544224690645933,5,7,16,0,,
2026-05-15T23:43:03.961015,noisy,sax,"{'w': 144, 'bins': 5}",14,4,2,ok,56,70,0.15073991287499666,0.09576176479458809,0.2476235656067729,5,6,14,0,,
2026-05-15T23:43:04.328897,noisy,sax,"{'w': 144, 'bins': 5}",15,0,2,ok,0,15,0.1619278509169817,0.12372972909361124,0.2869796836748719,5,11,19,0,,
2026-05-15T23:43:04.613296,noisy,sax,"{'w': 144, 'bins': 5}",15,1,2,ok,15,30,0.16159106884151697,0.11747207306325436,0.28039898071438074,5,4,11,0,,
2026-05-15T23:43:04.856751,noisy,sax,"{'w': 144, 'bins': 5}",15,2,2,ok,30,45,0.1622400162741542,0.07666596118360758,0.24009947013109922,5,12,21,0,,
2026-05-15T23:43:05.133368,noisy,sax,"{'w': 144, 'bins': 5}",15,3,2,ok,45,60,0.1615432696416974,0.10966252163052559,0.2723827715963125,5,6,14,0,,
2026-05-15T23:43:05.416008,noisy,sax,"{'w': 144, 'bins': 5}",15,4,2,ok,60,75,0.16160427406430244,0.11571651510894299,0.2785434667021036,5,4,10,0,,
2026-05-15T23:43:05.794974,noisy,sax,"{'w': 144, 'bins': 5}",16,0,2,ok,0,16,0.17318527959287167,0.12456999719142914,0.29910808801651,5,11,19,0,,
2026-05-15T23:43:06.050314,noisy,sax,"{'w': 144, 'bins': 5}",16,1,2,ok,16,32,0.17212812416255474,0.07770002353936434,0.25120455399155617,5,7,14,0,,
2026-05-15T23:43:06.359923,noisy,sax,"{'w': 144, 'bins': 5}",16,2,2,ok,32,48,0.17214587703347206,0.1319207763299346,0.30535769928246737,5,9,17,0,,
2026-05-15T23:43:06.609277,noisy,sax,"{'w': 144, 'bins': 5}",16,3,2,ok,48,64,0.17187276389449835,0.07258244883269072,0.24567700922489166,5,8,15,0,,
2026-05-15T23:43:06.915685,noisy,sax,"{'w': 144, 'bins': 5}",16,4,2,ok,64,80,0.17318139132112265,0.1267118426039815,0.30131256114691496,5,8,15,0,,
2026-05-15T23:43:07.345405,noisy,sax,"{'w': 144, 'bins': 5}",17,0,2,ok,0,17,0.18373616226017475,0.16320789605379105,0.3484461698681116,5,5,11,0,,
2026-05-15T23:43:07.656151,noisy,sax,"{'w': 144, 'bins': 5}",17,1,2,ok,17,34,0.18281053379178047,0.12243659887462854,0.30662469007074833,5,4,11,0,,
2026-05-15T23:43:07.947037,noisy,sax,"{'w': 144, 'bins': 5}",17,2,2,ok,34,51,0.1826364267617464,0.10288978647440672,0.28688017651438713,5,5,11,0,,
2026-05-15T23:43:08.235387,noisy,sax,"{'w': 144, 'bins': 5}",17,3,2,ok,51,68,0.18285877350717783,0.09980557300150394,0.2840515822172165,5,6,13,0,,
2026-05-15T23:43:08.537222,noisy,sax,"{'w': 144, 'bins': 5}",17,4,2,ok,68,85,0.18215667456388474,0.11384076159447432,0.29745792876929045,5,5,12,0,,
2026-05-15T23:43:08.959397,noisy,sax,"{'w': 144, 'bins': 5}",18,0,2,ok,0,18,0.19406735990196466,0.1462270738556981,0.34187421202659607,5,6,12,0,,
2026-05-15T23:43:09.283404,noisy,sax,"{'w': 144, 'bins': 5}",18,1,2,ok,18,36,0.19408321008086205,0.12439629156142473,0.3199071241542697,5,8,15,0,,
2026-05-15T23:43:09.621003,noisy,sax,"{'w': 144, 'bins': 5}",18,2,2,ok,36,54,0.19390020705759525,0.1378792617470026,0.33320186007767916,5,6,15,0,,
2026-05-15T23:43:09.950616,noisy,sax,"{'w': 144, 'bins': 5}",18,3,2,ok,54,72,0.19438065961003304,0.12939894013106823,0.3251631185412407,5,3,10,0,,
2026-05-15T23:43:10.282458,noisy,sax,"{'w': 144, 'bins': 5}",18,4,2,ok,72,90,0.1935143517330289,0.13206285424530506,0.32704616617411375,5,4,11,0,,
2026-05-15T23:43:10.712713,noisy,sax,"{'w': 144, 'bins': 5}",19,0,2,ok,0,19,0.2051178216934204,0.14214376267045736,0.3487431574612856,5,4,11,0,,
2026-05-15T23:43:11.069217,noisy,sax,"{'w': 144, 'bins': 5}",19,1,2,ok,19,38,0.2056550607085228,0.14394402503967285,0.3511301018297672,5,16,24,0,,
2026-05-15T23:43:11.438457,noisy,sax,"{'w': 144, 'bins': 5}",19,2,2,ok,38,57,0.20535769313573837,0.15684833843261003,0.3637606520205736,5,13,23,0,,
2026-05-15T23:43:11.844802,noisy,sax,"{'w': 144, 'bins': 5}",19,3,2,ok,57,76,0.2044618995860219,0.1742804367095232,0.38028193917125463,5,3,9,0,,
2026-05-15T23:43:12.225674,noisy,sax,"{'w': 144, 'bins': 5}",19,4,2,ok,76,95,0.20358151476830244,0.17090303264558315,0.3759774621576071,5,7,15,0,,
2026-05-15T23:43:12.695562,noisy,sax,"{'w': 144, 'bins': 5}",20,0,2,ok,0,20,0.21521617285907269,0.17137377709150314,0.38827906269580126,5,16,24,0,,
2026-05-15T23:43:13.100798,noisy,sax,"{'w': 144, 'bins': 5}",20,1,2,ok,20,40,0.21474724262952805,0.1837697047740221,0.4001480210572481,5,6,14,0,,
2026-05-15T23:43:13.464428,noisy,sax,"{'w': 144, 'bins': 5}",20,2,2,ok,40,60,0.2150608105584979,0.14211304485797882,0.35865700244903564,5,6,14,0,,
2026-05-15T23:43:13.810670,noisy,sax,"{'w': 144, 'bins': 5}",20,3,2,ok,60,80,0.21661347802728415,0.12323489971458912,0.3413351308554411,5,9,16,0,,
2026-05-15T23:43:14.251809,noisy,sax,"{'w': 144, 'bins': 5}",20,4,2,ok,80,100,0.2161056837067008,0.21802565082907677,0.435650528408587,5,4,11,0,,
2026-05-15T23:43:14.750687,noisy,sax,"{'w': 144, 'bins': 5}",21,0,2,ok,0,21,0.22689924202859402,0.18761344626545906,0.41620178148150444,5,9,16,0,,
2026-05-15T23:43:15.135840,noisy,sax,"{'w': 144, 'bins': 5}",21,1,2,ok,21,42,0.2265515085309744,0.15149732492864132,0.3796267183497548,5,5,11,0,,
2026-05-15T23:43:15.520847,noisy,sax,"{'w': 144, 'bins': 5}",21,2,2,ok,42,63,0.22776165138930082,0.15066987928003073,0.38007283490151167,5,9,18,0,,
2026-05-15T23:43:15.904741,noisy,sax,"{'w': 144, 'bins': 5}",21,3,2,ok,63,84,0.2259848639369011,0.15067037101835012,0.37830028496682644,5,11,19,0,,
2026-05-15T23:43:16.348004,noisy,sax,"{'w': 144, 'bins': 5}",21,4,2,ok,84,105,0.22631801012903452,0.2092028558254242,0.4372698413208127,5,11,18,0,,
2026-05-15T23:43:16.830413,noisy,sax,"{'w': 144, 'bins': 5}",22,0,2,ok,0,22,0.23823635932058096,0.1603012951090932,0.40038708969950676,5,5,12,0,,
2026-05-15T23:43:17.398764,noisy,sax,"{'w': 144, 'bins': 5}",22,1,2,ok,22,44,0.23766921367496252,0.32220174465328455,0.5616784347221255,5,10,18,0,,
2026-05-15T23:43:17.760970,noisy,sax,"{'w': 144, 'bins': 5}",22,2,2,ok,44,66,0.23715326469391584,0.11850184854120016,0.35724860709160566,5,12,21,0,,
2026-05-15T23:43:18.174765,noisy,sax,"{'w': 144, 'bins': 5}",22,3,2,ok,66,88,0.23642400559037924,0.1699533173814416,0.40798713732510805,5,17,30,0,,
2026-05-15T23:43:18.621657,noisy,sax,"{'w': 144, 'bins': 5}",22,4,2,ok,88,110,0.23688905965536833,0.20274962205439806,0.4412564607337117,5,11,18,0,,
2026-05-15T23:43:19.125696,noisy,sax,"{'w': 144, 'bins': 5}",23,0,2,ok,0,23,0.24923190753906965,0.17191067431122065,0.42295831348747015,5,7,16,0,,
2026-05-15T23:43:19.600158,noisy,sax,"{'w': 144, 'bins': 5}",23,1,2,ok,23,46,0.24632361438125372,0.21989311929792166,0.4679326666519046,5,8,17,0,,
2026-05-15T23:43:20.035526,noisy,sax,"{'w': 144, 'bins': 5}",23,2,2,ok,46,69,0.2462940290570259,0.18175132293254137,0.4297349061816931,5,3,10,0,,
2026-05-15T23:43:20.451466,noisy,sax,"{'w': 144, 'bins': 5}",23,3,2,ok,69,92,0.2476846007630229,0.16114206425845623,0.4105270095169544,5,10,19,0,,
2026-05-15T23:43:20.953866,noisy,sax,"{'w': 144, 'bins': 5}",23,4,2,ok,92,115,0.24697513785213232,0.24713802337646484,0.49582115933299065,5,12,19,0,,
2026-05-15T23:43:21.513220,noisy,sax,"{'w': 144, 'bins': 5}",24,0,2,ok,0,24,0.25697742868214846,0.21844610013067722,0.47726329509168863,5,11,20,0,,
2026-05-15T23:43:22.066737,noisy,sax,"{'w': 144, 'bins': 5}",24,1,2,ok,24,48,0.25918956473469734,0.2854713397100568,0.5465165907517076,5,9,16,0,,
2026-05-15T23:43:22.508408,noisy,sax,"{'w': 144, 'bins': 5}",24,2,2,ok,48,72,0.25902936421334743,0.17432097345590591,0.4351290389895439,5,6,14,0,,
2026-05-15T23:43:22.995517,noisy,sax,"{'w': 144, 'bins': 5}",24,3,2,ok,72,96,0.2592926574870944,0.21983730420470238,0.48094916995614767,5,7,15,0,,
2026-05-15T23:43:23.600508,noisy,sax,"{'w': 144, 'bins': 5}",24,4,2,ok,96,120,0.25734446849673986,0.3378216801211238,0.5970131577923894,5,4,10,0,,
2026-05-15T23:43:24.227397,noisy,sax,"{'w': 144, 'bins': 5}",25,0,2,ok,0,25,0.2718121875077486,0.2709791325032711,0.544739430770278,5,6,14,0,,
2026-05-15T23:43:24.738920,noisy,sax,"{'w': 144, 'bins': 5}",25,1,2,ok,25,50,0.270201051607728,0.23308643512427807,0.50502859801054,5,17,26,0,,
2026-05-15T23:43:25.222316,noisy,sax,"{'w': 144, 'bins': 5}",25,2,2,ok,50,75,0.269212344661355,0.20564885810017586,0.4766075434163213,5,3,10,0,,
2026-05-15T23:43:25.732230,noisy,sax,"{'w': 144, 'bins': 5}",25,3,2,ok,75,100,0.2692514667287469,0.23234193678945303,0.5033740289509296,5,8,16,0,,
2026-05-15T23:43:26.297457,noisy,sax,"{'w': 144, 'bins': 5}",25,4,2,ok,100,125,0.2692421907559037,0.2872069803997874,0.5583331603556871,5,7,16,0,,
2026-05-15T23:43:26.847504,noisy,sax,"{'w': 144, 'bins': 5}",26,0,2,ok,0,26,0.27962550707161427,0.18663150072097778,0.46821859292685986,5,4,11,0,,
2026-05-15T23:43:27.299264,noisy,sax,"{'w': 144, 'bins': 5}",26,1,2,ok,26,52,0.2793862381950021,0.16489663906395435,0.4461395749822259,5,7,15,0,,
2026-05-15T23:43:27.804483,noisy,sax,"{'w': 144, 'bins': 5}",26,2,2,ok,52,78,0.2813229961320758,0.21462936978787184,0.49792307894676924,5,3,10,0,,
2026-05-15T23:43:28.306195,noisy,sax,"{'w': 144, 'bins': 5}",26,3,2,ok,78,104,0.28030066564679146,0.21362256910651922,0.49572102166712284,5,3,10,0,,
2026-05-15T23:43:29.097155,noisy,sax,"{'w': 144, 'bins': 5}",26,4,2,ok,104,130,0.2797922808676958,0.5001450637355447,0.7819806328043342,5,12,21,0,,
2026-05-15T23:43:29.746730,noisy,sax,"{'w': 144, 'bins': 5}",27,0,2,ok,0,27,0.2922784984111786,0.27250497974455357,0.566822437569499,5,5,12,0,,
2026-05-15T23:43:30.217900,noisy,sax,"{'w': 144, 'bins': 5}",27,1,2,ok,27,54,0.29138981830328703,0.17174915224313736,0.46503009274601936,5,4,11,0,,
2026-05-15T23:43:30.708085,noisy,sax,"{'w': 144, 'bins': 5}",27,2,2,ok,54,81,0.2900544498115778,0.19173162337392569,0.48372749984264374,5,7,14,0,,
2026-05-15T23:43:31.292934,noisy,sax,"{'w': 144, 'bins': 5}",27,3,2,ok,81,108,0.289976142346859,0.2858931925147772,0.5778539935126901,5,5,11,0,,
2026-05-15T23:43:32.182114,noisy,sax,"{'w': 144, 'bins': 5}",27,4,2,ok,108,135,0.2892178585752845,0.5861361529678106,0.8775165444239974,5,3,10,0,,
2026-05-15T23:43:32.783709,noisy,sax,"{'w': 144, 'bins': 5}",28,0,2,ok,0,28,0.30446979124099016,0.2122698687016964,0.5188827654346824,5,3,10,0,,
2026-05-15T23:43:33.326564,noisy,sax,"{'w': 144, 'bins': 5}",28,1,2,ok,28,56,0.3035643408074975,0.23042140807956457,0.535992699675262,5,7,14,0,,
2026-05-15T23:43:33.843126,noisy,sax,"{'w': 144, 'bins': 5}",28,2,2,ok,56,84,0.3018916081637144,0.2059070337563753,0.5098263509571552,5,9,18,0,,
2026-05-15T23:43:34.427977,noisy,sax,"{'w': 144, 'bins': 5}",28,3,2,ok,84,112,0.30200803745537996,0.2737728515639901,0.5778924562036991,5,10,17,0,,
2026-05-15T23:43:35.419827,noisy,sax,"{'w': 144, 'bins': 5}",28,4,2,ok,112,140,0.3009538669139147,0.6782790701836348,0.9813383715227246,5,5,12,0,,
2026-05-15T23:43:36.111857,noisy,sax,"{'w': 144, 'bins': 5}",29,0,2,ok,0,29,0.3125509023666382,0.2874951623380184,0.6021588239818811,5,4,11,0,,
2026-05-15T23:43:36.723630,noisy,sax,"{'w': 144, 'bins': 5}",29,1,2,ok,29,58,0.3124741390347481,0.28881105314940214,0.6033569946885109,5,5,14,0,,
2026-05-15T23:43:37.264874,noisy,sax,"{'w': 144, 'bins': 5}",29,2,2,ok,58,87,0.3121899152174592,0.21964283846318722,0.5339618939906359,5,10,18,0,,
2026-05-15T23:43:37.926353,noisy,sax,"{'w': 144, 'bins': 5}",29,3,2,ok,87,116,0.311918375082314,0.3391603333875537,0.65326929371804,5,6,12,0,,
2026-05-15T23:43:38.696985,noisy,sax,"{'w': 144, 'bins': 5}",29,4,2,ok,116,145,0.31262320932000875,0.44663560576736927,0.7613555639982224,5,5,13,0,,
2026-05-15T23:43:39.352886,noisy,sax,"{'w': 144, 'bins': 5}",30,0,2,ok,0,30,0.32358964160084724,0.24663717206567526,0.5725199719890952,5,10,19,0,,
2026-05-15T23:43:39.922196,noisy,sax,"{'w': 144, 'bins': 5}",30,1,2,ok,30,60,0.32207291200757027,0.236934132874012,0.5612398907542229,5,11,20,0,,
2026-05-15T23:43:40.548251,noisy,sax,"{'w': 144, 'bins': 5}",30,2,2,ok,60,90,0.3226634319871664,0.2934039328247309,0.6182605652138591,5,7,15,0,,
2026-05-15T23:43:41.340058,noisy,sax,"{'w': 144, 'bins': 5}",30,3,2,ok,90,120,0.3271861271932721,0.45386574789881706,0.7834409344941378,5,6,12,0,,
2026-05-15T23:43:42.165446,noisy,sax,"{'w': 144, 'bins': 5}",30,4,2,ok,120,150,0.32263873517513275,0.4894542181864381,0.8143797786906362,5,5,12,0,,
2026-05-15T23:43:42.838796,noisy,sax,"{'w': 144, 'bins': 5}",31,0,2,ok,0,31,0.33338403329253197,0.2545399386435747,0.5902360547333956,5,4,11,0,,
2026-05-15T23:43:43.449891,noisy,sax,"{'w': 144, 'bins': 5}",31,1,2,ok,31,62,0.33355207834392786,0.26794486213475466,0.603752558119595,5,3,10,0,,
2026-05-15T23:43:44.151000,noisy,sax,"{'w': 144, 'bins': 5}",31,2,2,ok,62,93,0.33210279513150454,0.357582644559443,0.6919136242941022,5,8,15,0,,
2026-05-15T23:43:44.837199,noisy,sax,"{'w': 144, 'bins': 5}",31,3,2,ok,93,124,0.3315873360261321,0.3443882055580616,0.678158001974225,5,6,13,0,,
2026-05-15T23:43:45.660042,noisy,sax,"{'w': 144, 'bins': 5}",31,4,2,ok,124,155,0.33292482886463404,0.4781278893351555,0.8134394818916917,5,8,16,0,,
2026-05-15T23:43:46.390932,noisy,sax,"{'w': 144, 'bins': 5}",32,0,2,ok,0,32,0.3456963626667857,0.2985086729750037,0.64654874894768,5,5,12,0,,
2026-05-15T23:43:46.983391,noisy,sax,"{'w': 144, 'bins': 5}",32,1,2,ok,32,64,0.3422305304557085,0.240486366674304,0.5850319666787982,5,7,15,0,,
2026-05-15T23:43:47.711278,noisy,sax,"{'w': 144, 'bins': 5}",32,2,2,ok,64,96,0.34406689181923866,0.3722372744232416,0.7186900684610009,5,9,18,0,,
2026-05-15T23:43:48.559060,noisy,sax,"{'w': 144, 'bins': 5}",32,3,2,ok,96,128,0.3432665579020977,0.4909734921529889,0.8366918656975031,5,3,10,0,,
2026-05-15T23:43:49.414594,noisy,sax,"{'w': 144, 'bins': 5}",32,4,2,ok,128,160,0.3444730341434479,0.4983746260404587,0.845267335884273,5,6,14,0,,
2026-05-15T23:43:50.162423,noisy,sax,"{'w': 144, 'bins': 5}",33,0,2,ok,0,33,0.35577360447496176,0.3048526495695114,0.6630592755973339,5,7,13,0,,
2026-05-15T23:43:50.761699,noisy,sax,"{'w': 144, 'bins': 5}",33,1,2,ok,33,66,0.35437904484570026,0.2353549562394619,0.5921624433249235,5,12,21,0,,
2026-05-15T23:43:51.569016,noisy,sax,"{'w': 144, 'bins': 5}",33,2,2,ok,66,99,0.3557090936228633,0.4390037367120385,0.7972111236304045,5,3,10,0,,
2026-05-15T23:43:52.506812,noisy,sax,"{'w': 144, 'bins': 5}",33,3,2,ok,99,132,0.35494136065244675,0.5691145230084658,0.9265506910160184,5,3,10,0,,
2026-05-15T23:43:53.309100,noisy,sax,"{'w': 144, 'bins': 5}",33,4,2,ok,132,165,0.3533336305990815,0.4373597288504243,0.7932049371302128,5,9,17,0,,
2026-05-15T23:43:54.083843,noisy,sax,"{'w': 144, 'bins': 5}",34,0,2,ok,0,34,0.36545566469430923,0.3218100182712078,0.6897883517667651,5,18,27,0,,
2026-05-15T23:43:54.787622,noisy,sax,"{'w': 144, 'bins': 5}",34,1,2,ok,34,68,0.36558493692427874,0.3269109297543764,0.6949748238548636,5,7,15,0,,
2026-05-15T23:43:55.535082,noisy,sax,"{'w': 144, 'bins': 5}",34,2,2,ok,68,102,0.3667215211316943,0.3695137780159712,0.7387538608163595,5,13,23,0,,
2026-05-15T23:43:56.765908,noisy,sax,"{'w': 144, 'bins': 5}",34,3,2,ok,102,136,0.36629590205848217,0.8495425274595618,1.2184780985116959,5,15,28,0,,
2026-05-15T23:43:57.491860,noisy,sax,"{'w': 144, 'bins': 5}",34,4,2,ok,136,170,0.3673389730975032,0.3465407183393836,0.7164357230067253,5,4,11,0,,
2026-05-15T23:43:58.282575,noisy,sax,"{'w': 144, 'bins': 5}",35,0,2,ok,0,35,0.3776756012812257,0.32538438215851784,0.7057028291746974,5,5,13,0,,
2026-05-15T23:43:59.016986,noisy,sax,"{'w': 144, 'bins': 5}",35,1,2,ok,35,70,0.3751472821459174,0.34781284909695387,0.7254380052909255,5,7,15,0,,
2026-05-15T23:43:59.769168,noisy,sax,"{'w': 144, 'bins': 5}",35,2,2,ok,70,105,0.37727217376232147,0.3626004597172141,0.7423012955114245,5,4,11,0,,
2026-05-15T23:44:00.894887,noisy,sax,"{'w': 144, 'bins': 5}",35,3,2,ok,105,140,0.3808036483824253,0.7300730822607875,1.1135420678183436,5,10,18,0,,
2026-05-15T23:44:01.687493,noisy,sax,"{'w': 144, 'bins': 5}",35,4,2,ok,140,175,0.3780970824882388,0.40277243964374065,0.783370160497725,5,11,22,0,,
2026-05-15T23:44:02.566281,noisy,sax,"{'w': 144, 'bins': 5}",36,0,2,ok,0,36,0.3910473817959428,0.3501738840714097,0.7931258883327246,5,15,25,0,,
2026-05-15T23:44:03.304718,noisy,sax,"{'w': 144, 'bins': 5}",36,1,2,ok,36,72,0.38657527044415474,0.3396300757303834,0.7288371408358216,5,13,22,0,,
2026-05-15T23:44:04.089980,noisy,sax,"{'w': 144, 'bins': 5}",36,2,2,ok,72,108,0.38638914190232754,0.3874069033190608,0.7764331391081214,5,11,18,0,,
2026-05-15T23:44:05.231905,noisy,sax,"{'w': 144, 'bins': 5}",36,3,2,ok,108,144,0.38611084781587124,0.7407070910558105,1.1295528570190072,5,5,12,0,,
2026-05-15T23:44:06.062972,noisy,sax,"{'w': 144, 'bins': 5}",36,4,2,ok,144,180,0.38844371121376753,0.4307008683681488,0.8217616053298116,5,5,12,0,,
2026-05-15T23:44:06.865310,noisy,sax,"{'w': 144, 'bins': 5}",37,0,2,ok,0,37,0.3997556325048208,0.31385602429509163,0.716336265206337,5,7,13,0,,
2026-05-15T23:44:07.756575,noisy,sax,"{'w': 144, 'bins': 5}",37,1,2,ok,37,74,0.3989649871364236,0.4788471907377243,0.8805605107918382,5,13,22,0,,
2026-05-15T23:44:08.539079,noisy,sax,"{'w': 144, 'bins': 5}",37,2,2,ok,74,111,0.396771926432848,0.37393010407686234,0.7733864840120077,5,10,20,0,,
2026-05-15T23:44:09.657857,noisy,sax,"{'w': 144, 'bins': 5}",37,3,2,ok,111,148,0.39905224088579416,0.7043673601001501,1.106238947249949,5,6,13,0,,
2026-05-15T23:44:10.474049,noisy,sax,"{'w': 144, 'bins': 5}",37,4,2,ok,148,185,0.3969332193955779,0.4076025541871786,0.8072289526462555,5,9,17,0,,
2026-05-15T23:44:11.344205,noisy,sax,"{'w': 144, 'bins': 5}",38,0,2,ok,0,38,0.40962982177734375,0.3728264309465885,0.7851801011711359,5,6,13,0,,
2026-05-15T23:44:12.171726,noisy,sax,"{'w': 144, 'bins': 5}",38,1,2,ok,38,76,0.40592015348374844,0.40822056494653225,0.8169369418174028,5,8,17,0,,
2026-05-15T23:44:13.005629,noisy,sax,"{'w': 144, 'bins': 5}",38,2,2,ok,76,114,0.4074668390676379,0.41331676952540874,0.8235282246023417,5,4,11,0,,
2026-05-15T23:44:14.189929,noisy,sax,"{'w': 144, 'bins': 5}",38,3,2,ok,114,152,0.40781583450734615,0.759128668345511,1.1698356047272682,5,8,18,0,,
2026-05-15T23:44:15.042618,noisy,sax,"{'w': 144, 'bins': 5}",38,4,2,ok,152,190,0.4076735768467188,0.4318014560267329,0.8422384252771735,5,4,11,0,,
2026-05-15T23:44:15.960477,noisy,sax,"{'w': 144, 'bins': 5}",39,0,2,ok,0,39,0.4211246268823743,0.4074954427778721,0.8314885487779975,5,9,16,0,,
2026-05-15T23:44:16.834677,noisy,sax,"{'w': 144, 'bins': 5}",39,1,2,ok,39,78,0.42058361042290926,0.43960981629788876,0.8630441017448902,5,5,12,0,,
2026-05-15T23:44:17.747872,noisy,sax,"{'w': 144, 'bins': 5}",39,2,2,ok,78,117,0.4190213456749916,0.47895585279911757,0.9008422316983342,5,3,10,0,,
2026-05-15T23:44:18.773026,noisy,sax,"{'w': 144, 'bins': 5}",39,3,2,ok,117,156,0.41917775850743055,0.5906101362779737,1.012724974192679,5,8,16,0,,
2026-05-15T23:44:19.860428,noisy,sax,"{'w': 144, 'bins': 5}",39,4,2,ok,156,195,0.4194541508331895,0.6519370097666979,1.0743595864623785,5,6,14,0,,
2026-05-15T23:44:20.855873,noisy,sax,"{'w': 144, 'bins': 5}",40,0,2,ok,0,40,0.42827459052205086,0.4779771640896797,0.9091443596407771,5,6,12,0,,
2026-05-15T23:44:21.732180,noisy,sax,"{'w': 144, 'bins': 5}",40,1,2,ok,40,80,0.4299626015126705,0.43206153344362974,0.8650191118940711,5,4,11,0,,
2026-05-15T23:44:22.716061,noisy,sax,"{'w': 144, 'bins': 5}",40,2,2,ok,80,120,0.42611864022910595,0.5434211427345872,0.9723643688485026,5,6,12,0,,
2026-05-15T23:44:23.806226,noisy,sax,"{'w': 144, 'bins': 5}",40,3,2,ok,120,160,0.42782756965607405,0.6454312670975924,1.0762476120144129,5,5,13,0,,
2026-05-15T23:44:24.973815,noisy,sax,"{'w': 144, 'bins': 5}",40,4,2,ok,160,200,0.42798992432653904,0.7234931001439691,1.154423087835312,5,8,15,0,,
2026-05-15T23:44:25.956363,noisy,sax,"{'w': 144, 'bins': 5}",41,0,2,ok,0,41,0.43994282092899084,0.4527178015559912,0.8956430954858661,5,9,16,0,,
2026-05-15T23:44:26.783507,noisy,sax,"{'w': 144, 'bins': 5}",41,1,2,ok,41,82,0.4390144757926464,0.3750192206352949,0.8170048883184791,5,4,11,0,,
2026-05-15T23:44:27.991589,noisy,sax,"{'w': 144, 'bins': 5}",41,2,2,ok,82,123,0.43947858829051256,0.7526861038058996,1.1951854573562741,5,5,13,0,,
2026-05-15T23:44:29.173562,noisy,sax,"{'w': 144, 'bins': 5}",41,3,2,ok,123,164,0.4421301791444421,0.7226682808250189,1.1678106589242816,5,6,14,0,,
2026-05-15T23:44:30.323877,noisy,sax,"{'w': 144, 'bins': 5}",41,4,2,ok,164,205,0.4411172475665808,0.6919805379584432,1.1361719705164433,5,4,11,0,,
2026-05-15T23:44:31.428908,noisy,sax,"{'w': 144, 'bins': 5}",42,0,2,ok,0,42,0.45281430147588253,0.5616400800645351,1.0175804141908884,5,10,18,0,,
2026-05-15T23:44:32.315264,noisy,sax,"{'w': 144, 'bins': 5}",42,1,2,ok,42,84,0.4523297604173422,0.4203977817669511,0.8756104987114668,5,4,11,0,,
2026-05-15T23:44:33.521401,noisy,sax,"{'w': 144, 'bins': 5}",42,2,2,ok,84,126,0.45051717571914196,0.738937433809042,1.1926107294857502,5,7,16,0,,
2026-05-15T23:44:34.756543,noisy,sax,"{'w': 144, 'bins': 5}",42,3,2,ok,126,168,0.45377858355641365,0.7623259844258428,1.2193738603964448,5,4,11,0,,
2026-05-15T23:44:35.993990,noisy,sax,"{'w': 144, 'bins': 5}",42,4,2,ok,168,210,0.45121246203780174,0.7692192643880844,1.2235758434981108,5,4,11,0,,
2026-05-15T23:44:37.136076,noisy,sax,"{'w': 144, 'bins': 5}",43,0,2,ok,0,43,0.4630275284871459,0.5883352514356375,1.0545227667316794,5,10,18,0,,
2026-05-15T23:44:37.981995,noisy,sax,"{'w': 144, 'bins': 5}",43,1,2,ok,43,86,0.46116770524531603,0.3708634013310075,0.8349282396957278,5,17,28,0,,
2026-05-15T23:44:39.189984,noisy,sax,"{'w': 144, 'bins': 5}",43,2,2,ok,86,129,0.459604668430984,0.7301361495628953,1.1930052004754543,5,6,14,0,,
2026-05-15T23:44:40.360876,noisy,sax,"{'w': 144, 'bins': 5}",43,3,2,ok,129,172,0.46059433836489916,0.693020130507648,1.1568410703912377,5,5,12,0,,
2026-05-15T23:44:41.699357,noisy,sax,"{'w': 144, 'bins': 5}",43,4,2,ok,172,215,0.46376358065754175,0.8561759563162923,1.3234481094405055,5,4,11,0,,
2026-05-15T23:44:42.976883,noisy,sax,"{'w': 144, 'bins': 5}",44,0,2,ok,0,44,0.47328291460871696,0.7096953177824616,1.1862994516268373,5,9,16,0,,
2026-05-15T23:44:43.840585,noisy,sax,"{'w': 144, 'bins': 5}",44,1,2,ok,44,88,0.4732800992205739,0.37644142284989357,0.8528174478560686,5,7,15,0,,
2026-05-15T23:44:45.183799,noisy,sax,"{'w': 144, 'bins': 5}",44,2,2,ok,88,132,0.47264745086431503,0.8540296256542206,1.3300117813050747,5,8,16,0,,
2026-05-15T23:44:46.310384,noisy,sax,"{'w': 144, 'bins': 5}",44,3,2,ok,132,176,0.4724459322169423,0.638261946849525,1.11398259177804,5,7,15,0,,
2026-05-15T23:44:47.609506,noisy,sax,"{'w': 144, 'bins': 5}",44,4,2,ok,176,220,0.47219893895089626,0.8062397232279181,1.2817927347496152,5,3,10,0,,
2026-05-15T23:44:48.851266,noisy,sax,"{'w': 144, 'bins': 5}",45,0,2,ok,0,45,0.4841413935646415,0.6633254447951913,1.1507525211200118,5,4,10,0,,
2026-05-15T23:44:49.829688,noisy,sax,"{'w': 144, 'bins': 5}",45,1,2,ok,45,90,0.4836182724684477,0.47821357753127813,0.9650996290147305,5,13,22,0,,
2026-05-15T23:44:51.242945,noisy,sax,"{'w': 144, 'bins': 5}",45,2,2,ok,90,135,0.4823332680389285,0.9131197156384587,1.3988832980394363,5,7,15,0,,
2026-05-15T23:44:52.335415,noisy,sax,"{'w': 144, 'bins': 5}",45,3,2,ok,135,180,0.48380069341510534,0.5924999853596091,1.0796392820775509,5,5,12,0,,
2026-05-15T23:44:53.694051,noisy,sax,"{'w': 144, 'bins': 5}",45,4,2,ok,180,225,0.4820203687995672,0.8574999533593655,1.3429622994735837,5,7,15,0,,
2026-05-15T23:44:54.862866,noisy,sax,"{'w': 144, 'bins': 5}",46,0,2,ok,0,46,0.49719378538429737,0.5790884392336011,1.0796281201764941,5,6,14,0,,
2026-05-15T23:44:55.803839,noisy,sax,"{'w': 144, 'bins': 5}",46,1,2,ok,46,92,0.49399076867848635,0.4325977209955454,0.9299307381734252,5,7,15,0,,
2026-05-15T23:44:57.230017,noisy,sax,"{'w': 144, 'bins': 5}",46,2,2,ok,92,138,0.4926499193534255,0.9142493270337582,1.4103852454572916,5,6,14,0,,
2026-05-15T23:44:58.281575,noisy,sax,"{'w': 144, 'bins': 5}",46,3,2,ok,138,184,0.49564992636442184,0.540341486223042,1.0393677651882172,5,8,17,0,,
2026-05-15T23:44:59.634407,noisy,sax,"{'w': 144, 'bins': 5}",46,4,2,ok,184,230,0.49659672286361456,0.8342789392918348,1.3343681637197733,5,3,10,0,,
2026-05-15T23:45:00.889629,noisy,sax,"{'w': 144, 'bins': 5}",47,0,2,ok,0,47,0.505200918763876,0.6567899649962783,1.1654913797974586,5,12,22,0,,
2026-05-15T23:45:01.933640,noisy,sax,"{'w': 144, 'bins': 5}",47,1,2,ok,47,94,0.5041789691895247,0.5237985868006945,1.0313742766156793,5,7,16,0,,
2026-05-15T23:45:03.507687,noisy,sax,"{'w': 144, 'bins': 5}",47,2,2,ok,94,141,0.5037176012992859,1.048840880393982,1.556145560927689,5,4,11,0,,
2026-05-15T23:45:04.690520,noisy,sax,"{'w': 144, 'bins': 5}",47,3,2,ok,141,188,0.5032151276245713,0.663234131410718,1.169766690582037,5,16,26,0,,
2026-05-15T23:45:06.181376,noisy,sax,"{'w': 144, 'bins': 5}",47,4,2,ok,188,235,0.5062042130157351,0.9644421441480517,1.474250327795744,5,9,18,0,,
2026-05-15T23:45:07.466745,noisy,sax,"{'w': 144, 'bins': 5}",48,0,2,ok,0,48,0.5130657842382789,0.6777367061004043,1.1943342052400112,5,5,11,0,,
2026-05-15T23:45:08.572080,noisy,sax,"{'w': 144, 'bins': 5}",48,1,2,ok,48,96,0.5175291681662202,0.5711274920031428,1.0921322498470545,5,9,17,0,,
2026-05-15T23:45:10.124890,noisy,sax,"{'w': 144, 'bins': 5}",48,2,2,ok,96,144,0.5177614353597164,1.0150752058252692,1.5364323761314154,5,5,12,0,,
2026-05-15T23:45:11.348993,noisy,sax,"{'w': 144, 'bins': 5}",48,3,2,ok,144,192,0.5193741656839848,0.6878014048561454,1.2106223655864596,5,6,13,0,,
2026-05-15T23:45:12.724914,noisy,sax,"{'w': 144, 'bins': 5}",48,4,2,ok,192,240,0.5136447921395302,0.8413260169327259,1.3585804402828217,5,5,12,0,,
2026-05-15T23:45:14.040585,noisy,sax,"{'w': 144, 'bins': 5}",49,0,2,ok,0,49,0.5271401051431894,0.6942170672118664,1.2248654030263424,5,11,20,0,,
2026-05-15T23:45:15.224849,noisy,sax,"{'w': 144, 'bins': 5}",49,1,2,ok,49,98,0.5280777560546994,0.639179639518261,1.1708433330059052,5,10,19,0,,
2026-05-15T23:45:16.744459,noisy,sax,"{'w': 144, 'bins': 5}",49,2,2,ok,98,147,0.5263068191707134,0.9713568016886711,1.5013656057417393,5,4,11,0,,
2026-05-15T23:45:18.040497,noisy,sax,"{'w': 144, 'bins': 5}",49,3,2,ok,147,196,0.5303972335532308,0.7465502442792058,1.2805570298805833,5,5,12,0,,
2026-05-15T23:45:19.504039,noisy,sax,"{'w': 144, 'bins': 5}",49,4,2,ok,196,245,0.528621967881918,0.9137920569628477,1.4459644751623273,5,6,13,0,,
2026-05-15T23:45:20.833827,noisy,sax,"{'w': 144, 'bins': 5}",50,0,2,ok,0,50,0.5366389090195298,0.6989220157265663,1.2391590448096395,5,7,13,0,,
2026-05-15T23:45:22.179507,noisy,sax,"{'w': 144, 'bins': 5}",50,1,2,ok,50,100,0.5392061127349734,0.7878934340551496,1.3307640915736556,5,10,19,0,,
2026-05-15T23:45:23.651839,noisy,sax,"{'w': 144, 'bins': 5}",50,2,2,ok,100,150,0.5392477912828326,0.9105685707181692,1.453587836585939,5,4,11,0,,
2026-05-15T23:45:24.910024,noisy,sax,"{'w': 144, 'bins': 5}",50,3,2,ok,150,200,0.538923691958189,0.7012994112446904,1.2439210806041956,5,8,17,0,,
2026-05-15T23:45:26.526102,noisy,sax,"{'w': 144, 'bins': 5}",50,4,2,ok,200,250,0.5366515628993511,1.0568519504740834,1.5972753083333373,5,4,11,0,,
2026-05-15T23:45:27.892511,noisy,sax,"{'w': 144, 'bins': 5}",51,0,2,ok,0,51,0.5469836033880711,0.7249505445361137,1.2754899682477117,5,7,13,0,,
2026-05-15T23:45:29.094823,noisy,sax,"{'w': 144, 'bins': 5}",51,1,2,ok,51,102,0.5504249278455973,0.6328655481338501,1.1870762081816792,5,12,22,0,,
2026-05-15T23:45:30.826215,noisy,sax,"{'w': 144, 'bins': 5}",51,2,2,ok,102,153,0.5509682279080153,1.1570142321288586,1.7118691615760326,5,4,11,0,,
2026-05-15T23:45:32.210115,noisy,sax,"{'w': 144, 'bins': 5}",51,3,2,ok,153,204,0.5495318816974759,0.81416071113199,1.3674361957237124,5,6,14,0,,
2026-05-15T23:45:33.617171,noisy,sax,"{'w': 144, 'bins': 5}",51,4,2,ok,204,255,0.5459008999168873,0.8397324318066239,1.3894554730504751,5,7,14,0,,
2026-05-15T23:45:35.016253,noisy,sax,"{'w': 144, 'bins': 5}",52,0,2,ok,0,52,0.5593727380037308,0.7451331010088325,1.3084132997319102,5,6,13,0,,
2026-05-15T23:45:36.282839,noisy,sax,"{'w': 144, 'bins': 5}",52,1,2,ok,52,104,0.5643201135098934,0.6833555307239294,1.2514698822051287,5,11,20,0,,
2026-05-15T23:45:38.016616,noisy,sax,"{'w': 144, 'bins': 5}",52,2,2,ok,104,156,0.559450414031744,1.1492373812943697,1.712461574934423,5,5,12,0,,
2026-05-15T23:45:39.616046,noisy,sax,"{'w': 144, 'bins': 5}",52,3,2,ok,156,208,0.5581849971786141,1.0195957757532597,1.581698534078896,5,6,14,0,,
2026-05-15T23:45:41.113661,noisy,sax,"{'w': 144, 'bins': 5}",52,4,2,ok,208,260,0.5614231899380684,0.9131082007661462,1.4783076159656048,5,4,11,0,,
2026-05-15T23:45:42.630846,noisy,sax,"{'w': 144, 'bins': 5}",53,0,2,ok,0,53,0.5709602972492576,0.8480349201709032,1.4228197420015931,5,6,12,0,,
2026-05-15T23:45:43.917610,noisy,sax,"{'w': 144, 'bins': 5}",53,1,2,ok,53,106,0.5682395659387112,0.6992419455200434,1.2713723620399833,5,6,14,0,,
2026-05-15T23:45:45.513273,noisy,sax,"{'w': 144, 'bins': 5}",53,2,2,ok,106,159,0.568741018883884,1.0040441798046231,1.5767870154231787,5,7,15,0,,
2026-05-15T23:45:47.125061,noisy,sax,"{'w': 144, 'bins': 5}",53,3,2,ok,159,212,0.5680645070970058,1.021250064484775,1.593292505480349,5,5,12,0,,
2026-05-15T23:45:48.459108,noisy,sax,"{'w': 144, 'bins': 5}",53,4,2,ok,212,265,0.5702988849952817,0.7427321095019579,1.3168533854186535,5,6,12,0,,
2026-05-15T23:45:49.920812,noisy,sax,"{'w': 144, 'bins': 5}",54,0,2,ok,0,54,0.5814336529001594,0.7818993618711829,1.367177076637745,5,6,12,0,,
2026-05-15T23:45:51.199453,noisy,sax,"{'w': 144, 'bins': 5}",54,1,2,ok,54,108,0.5823936555534601,0.6769443862140179,1.2631956487894058,5,7,15,0,,
2026-05-15T23:45:52.813752,noisy,sax,"{'w': 144, 'bins': 5}",54,2,2,ok,108,162,0.5804340951144695,1.009592623449862,1.5940714571624994,5,4,11,0,,
2026-05-15T23:45:54.747214,noisy,sax,"{'w': 144, 'bins': 5}",54,3,2,ok,162,216,0.5818286947906017,1.327556491829455,1.9135574558749795,5,12,22,0,,
2026-05-15T23:45:56.169230,noisy,sax,"{'w': 144, 'bins': 5}",54,4,2,ok,216,270,0.5805322891101241,0.8220431692898273,1.406426482833922,5,10,17,0,,
2026-05-15T23:45:57.674683,noisy,sax,"{'w': 144, 'bins': 5}",55,0,2,ok,0,55,0.5905624525621533,0.8181710243225098,1.412659803405404,5,7,13,0,,
2026-05-15T23:45:58.983764,noisy,sax,"{'w': 144, 'bins': 5}",55,1,2,ok,55,110,0.5900379866361618,0.6992027424275875,1.2932250341400504,5,6,14,0,,
2026-05-15T23:46:00.657370,noisy,sax,"{'w': 144, 'bins': 5}",55,2,2,ok,110,165,0.5895675644278526,1.0604304885491729,1.6541490023955703,5,6,13,0,,
2026-05-15T23:46:02.382496,noisy,sax,"{'w': 144, 'bins': 5}",55,3,2,ok,165,220,0.5914855161681771,1.1090096440166235,1.704619638621807,5,5,12,0,,
2026-05-15T23:46:03.873038,noisy,sax,"{'w': 144, 'bins': 5}",55,4,2,ok,220,275,0.591209857724607,0.8765545580536127,1.4717947477474809,5,4,11,0,,
2026-05-15T23:46:05.328911,noisy,sax,"{'w': 144, 'bins': 5}",56,0,2,ok,0,56,0.6030666744336486,0.7553820153698325,1.3624493842944503,5,11,18,0,,
2026-05-15T23:46:06.770129,noisy,sax,"{'w': 144, 'bins': 5}",56,1,2,ok,56,112,0.6037771087139845,0.8164460035040975,1.4243230242282152,5,6,14,0,,
2026-05-15T23:46:08.619530,noisy,sax,"{'w': 144, 'bins': 5}",56,2,2,ok,112,168,0.59994893707335,1.2251049485057592,1.8292872877791524,5,6,13,0,,
2026-05-15T23:46:10.192466,noisy,sax,"{'w': 144, 'bins': 5}",56,3,2,ok,168,224,0.6011151485145092,0.9472967693582177,1.5526765882968903,5,5,12,0,,
2026-05-15T23:46:11.721522,noisy,sax,"{'w': 144, 'bins': 5}",56,4,2,ok,224,280,0.6001328006386757,0.9068180620670319,1.5111000780016184,5,4,11,0,,
2026-05-15T23:46:13.184923,noisy,sax,"{'w': 144, 'bins': 5}",57,0,2,ok,0,57,0.6134770717471838,0.7526304749771953,1.3703305004164577,5,7,14,0,,
2026-05-15T23:46:14.627186,noisy,sax,"{'w': 144, 'bins': 5}",57,1,2,ok,57,114,0.6104058222845197,0.811091753654182,1.4256275240331888,5,11,20,0,,
2026-05-15T23:46:16.498191,noisy,sax,"{'w': 144, 'bins': 5}",57,2,2,ok,114,171,0.6127451760694385,1.2316980035975575,1.848809071816504,5,5,12,0,,
2026-05-15T23:46:18.157712,noisy,sax,"{'w': 144, 'bins': 5}",57,3,2,ok,171,228,0.6103085577487946,1.0247803647071123,1.6393399192020297,5,4,11,0,,
2026-05-15T23:46:19.693203,noisy,sax,"{'w': 144, 'bins': 5}",57,4,2,ok,228,285,0.6125414334237576,0.8999946136027575,1.516707663424313,5,5,12,0,,
2026-05-15T23:46:21.169960,noisy,sax,"{'w': 144, 'bins': 5}",58,0,2,ok,0,58,0.6246268469840288,0.7541083311662078,1.3829159419983625,5,8,14,0,,
2026-05-15T23:46:22.681472,noisy,sax,"{'w': 144, 'bins': 5}",58,1,2,ok,58,116,0.6311868308112025,0.8585851788520813,1.493974594399333,5,9,17,0,,
2026-05-15T23:46:24.405538,noisy,sax,"{'w': 144, 'bins': 5}",58,2,2,ok,116,174,0.6265170183032751,1.0736266700550914,1.704511663876474,5,7,15,0,,
2026-05-15T23:46:26.173229,noisy,sax,"{'w': 144, 'bins': 5}",58,3,2,ok,174,232,0.6240720748901367,1.1145995035767555,1.743023925460875,5,3,10,0,,
2026-05-15T23:46:27.761294,noisy,sax,"{'w': 144, 'bins': 5}",58,4,2,ok,232,290,0.6246525347232819,0.9405697993934155,1.5694617293775082,5,4,11,0,,
2026-05-15T23:46:29.209868,noisy,sax,"{'w': 144, 'bins': 5}",59,0,2,ok,0,59,0.638288632966578,0.7150917015969753,1.3576872255653143,5,10,18,0,,
2026-05-15T23:46:30.733367,noisy,sax,"{'w': 144, 'bins': 5}",59,1,2,ok,59,118,0.6357952589169145,0.864708149805665,1.5047675408422947,5,4,11,0,,
2026-05-15T23:46:32.471276,noisy,sax,"{'w': 144, 'bins': 5}",59,2,2,ok,118,177,0.6319463988766074,1.0824690824374557,1.7187929339706898,5,8,16,0,,
2026-05-15T23:46:34.331497,noisy,sax,"{'w': 144, 'bins': 5}",59,3,2,ok,177,236,0.6337941791862249,1.197030084207654,1.8352032899856567,5,3,10,0,,
2026-05-15T23:46:36.097456,noisy,sax,"{'w': 144, 'bins': 5}",59,4,2,ok,236,295,0.6340783340856433,1.107943419367075,1.746312533505261,5,13,23,0,,
2026-05-15T23:46:37.644804,noisy,sax,"{'w': 144, 'bins': 5}",60,0,2,ok,0,60,0.6451632278040051,0.8052240591496229,1.4546827273443341,5,10,18,0,,
2026-05-15T23:46:39.300065,noisy,sax,"{'w': 144, 'bins': 5}",60,1,2,ok,60,120,0.6432642908766866,0.9877120526507497,1.6353517938405275,5,4,11,0,,
2026-05-15T23:46:41.028683,noisy,sax,"{'w': 144, 'bins': 5}",60,2,2,ok,120,180,0.6449429644271731,1.056547001004219,1.705939264036715,5,4,11,0,,
2026-05-15T23:46:42.828824,noisy,sax,"{'w': 144, 'bins': 5}",60,3,2,ok,180,240,0.6467669000849128,1.1270130835473537,1.778225215151906,5,9,17,0,,
2026-05-15T23:46:44.707667,noisy,sax,"{'w': 144, 'bins': 5}",60,4,2,ok,240,300,0.6473865555599332,1.2044154573231936,1.8562779715284705,5,4,11,0,,
2026-05-15T23:46:46.340572,noisy,sax,"{'w': 144, 'bins': 5}",61,0,2,ok,0,61,0.6547270957380533,0.8799795396625996,1.539095831103623,5,5,12,0,,
2026-05-15T23:46:48.043279,noisy,sax,"{'w': 144, 'bins': 5}",61,1,2,ok,61,122,0.6600453462451696,1.0170355634763837,1.6815884476527572,5,4,11,0,,
2026-05-15T23:46:49.860888,noisy,sax,"{'w': 144, 'bins': 5}",61,2,2,ok,122,183,0.6606820821762085,1.1311031868681312,1.7963728979229927,5,6,14,0,,
2026-05-15T23:46:51.856080,noisy,sax,"{'w': 144, 'bins': 5}",61,3,2,ok,183,244,0.6571711469441652,1.3078588414937258,1.9696349501609802,5,4,11,0,,
2026-05-15T23:46:53.483226,noisy,sax,"{'w': 144, 'bins': 5}",61,4,2,ok,244,305,0.6565543971955776,0.9479610035195947,1.6089935339987278,5,6,13,0,,
2026-05-15T23:46:55.158352,noisy,sax,"{'w': 144, 'bins': 5}",62,0,2,ok,0,62,0.6688588727265596,0.9045449793338776,1.5779685685411096,5,4,11,0,,
2026-05-15T23:46:56.905227,noisy,sax,"{'w': 144, 'bins': 5}",62,1,2,ok,62,124,0.6690449127927423,1.0533635802567005,1.7268958631902933,5,12,23,0,,
2026-05-15T23:46:58.689153,noisy,sax,"{'w': 144, 'bins': 5}",62,2,2,ok,124,186,0.6668269960209727,1.0931828152388334,1.7646270664408803,5,8,16,0,,
2026-05-15T23:47:00.975635,noisy,sax,"{'w': 144, 'bins': 5}",62,3,2,ok,186,248,0.6663666311651468,1.590610827319324,2.261730268597603,5,7,15,0,,
2026-05-15T23:47:02.803355,noisy,sax,"{'w': 144, 'bins': 5}",62,4,2,ok,248,310,0.6744006238877773,1.1272981986403465,1.8062766129150987,5,4,11,0,,
2026-05-15T23:47:04.391914,noisy,sax,"{'w': 144, 'bins': 5}",63,0,2,ok,0,63,0.677867416292429,0.8137146793305874,1.4960882905870676,5,11,20,0,,
2026-05-15T23:47:06.233226,noisy,sax,"{'w': 144, 'bins': 5}",63,1,2,ok,63,126,0.6758067049086094,1.1389936599880457,1.8192210104316473,5,4,11,0,,
2026-05-15T23:47:08.066892,noisy,sax,"{'w': 144, 'bins': 5}",63,2,2,ok,126,189,0.6744451485574245,1.134687239304185,1.813720897771418,5,6,13,0,,
2026-05-15T23:47:10.351822,noisy,sax,"{'w': 144, 'bins': 5}",63,3,2,ok,189,252,0.6776909157633781,1.576391533948481,2.258860164321959,5,5,12,0,,
2026-05-15T23:47:12.180161,noisy,sax,"{'w': 144, 'bins': 5}",63,4,2,ok,252,315,0.6740936879068613,1.1273480709642172,1.8060467801988125,5,7,15,0,,
2026-05-15T23:47:13.965952,noisy,sax,"{'w': 144, 'bins': 5}",64,0,2,ok,0,64,0.6862364299595356,0.9984785383567214,1.6894261678680778,5,5,12,0,,
2026-05-15T23:47:15.867177,noisy,sax,"{'w': 144, 'bins': 5}",64,1,2,ok,64,128,0.6883525149896741,1.1877671387046576,1.8806484611704946,5,7,15,0,,
2026-05-15T23:47:17.842383,noisy,sax,"{'w': 144, 'bins': 5}",64,2,2,ok,128,192,0.6925070602446795,1.2563680550083518,1.9535999214276671,5,6,13,0,,
2026-05-15T23:47:19.886678,noisy,sax,"{'w': 144, 'bins': 5}",64,3,2,ok,192,256,0.6879267953336239,1.327120516449213,2.0198643608018756,5,7,15,0,,
2026-05-15T23:47:21.666189,noisy,sax,"{'w': 144, 'bins': 5}",64,4,2,ok,256,320,0.6928766230121255,1.0608885260298848,1.7583922818303108,5,5,12,0,,
2026-05-15T23:47:23.435631,noisy,sax,"{'w': 144, 'bins': 5}",65,0,2,ok,0,65,0.700262519530952,0.9678855026140809,1.6727933995425701,5,5,12,0,,
2026-05-15T23:47:25.301852,noisy,sax,"{'w': 144, 'bins': 5}",65,1,2,ok,65,130,0.7006051437929273,1.1357525391504169,1.841064284555614,5,3,10,0,,
2026-05-15T23:47:27.334590,noisy,sax,"{'w': 144, 'bins': 5}",65,2,2,ok,130,195,0.703827315941453,1.3016777271404862,2.010228678584099,5,6,13,0,,
2026-05-15T23:47:29.360616,noisy,sax,"{'w': 144, 'bins': 5}",65,3,2,ok,195,260,0.6998077053576708,1.2956439005210996,2.000323347747326,5,4,11,0,,
2026-05-15T23:47:31.091807,noisy,sax,"{'w': 144, 'bins': 5}",65,4,2,ok,260,325,0.6993902893736959,1.0053531024605036,1.7095150370150805,5,4,11,0,,
2026-05-15T23:47:32.918048,noisy,sax,"{'w': 144, 'bins': 5}",66,0,2,ok,0,66,0.7059282725676894,1.0172808896750212,1.7281180247664452,5,4,11,0,,
2026-05-15T23:47:35.059729,noisy,sax,"{'w': 144, 'bins': 5}",66,1,2,ok,66,132,0.7114414013922215,1.40364193264395,2.1199380438774824,5,11,21,0,,
2026-05-15T23:47:36.936477,noisy,sax,"{'w': 144, 'bins': 5}",66,2,2,ok,132,198,0.7088646283373237,1.1412988677620888,1.8549589458853006,5,6,14,0,,
2026-05-15T23:47:39.202444,noisy,sax,"{'w': 144, 'bins': 5}",66,3,2,ok,198,264,0.7070216266438365,1.5275584207847714,2.2395599633455276,5,4,11,0,,
2026-05-15T23:47:40.780158,noisy,sax,"{'w': 144, 'bins': 5}",66,4,2,ok,264,330,0.7131625832989812,0.8398268325254321,1.5578666785731912,5,9,17,0,,
2026-05-15T23:47:42.631128,noisy,sax,"{'w': 144, 'bins': 5}",67,0,2,ok,0,67,0.724264869466424,1.0227990560233593,1.7521838443353772,5,4,11,0,,
2026-05-15T23:47:44.744219,noisy,sax,"{'w': 144, 'bins': 5}",67,1,2,ok,67,134,0.7210176298394799,1.3646545801311731,2.090624433942139,5,8,17,0,,
2026-05-15T23:47:46.618388,noisy,sax,"{'w': 144, 'bins': 5}",67,2,2,ok,134,201,0.7191956974565983,1.1268726978451014,1.8508020183071494,5,7,15,0,,
2026-05-15T23:47:48.706477,noisy,sax,"{'w': 144, 'bins': 5}",67,3,2,ok,201,268,0.7195790838450193,1.3408968094736338,2.0654391665011644,5,7,13,0,,
2026-05-15T23:47:50.571652,noisy,sax,"{'w': 144, 'bins': 5}",67,4,2,ok,268,335,0.7159906020388007,1.1209547510370612,1.8419279837980866,5,5,12,0,,
2026-05-15T23:47:52.464921,noisy,sax,"{'w': 144, 'bins': 5}",68,0,2,ok,0,68,0.7326629217714071,1.0562204951420426,1.793744227848947,5,4,11,0,,
2026-05-15T23:47:54.678185,noisy,sax,"{'w': 144, 'bins': 5}",68,1,2,ok,68,136,0.7287112073972821,1.4545151256024837,2.18815063405782,5,6,14,0,,
2026-05-15T23:47:56.540328,noisy,sax,"{'w': 144, 'bins': 5}",68,2,2,ok,136,204,0.7275970848277211,1.1082044197246432,1.8408525921404362,5,7,14,0,,
2026-05-15T23:47:58.568977,noisy,sax,"{'w': 144, 'bins': 5}",68,3,2,ok,204,272,0.7323678368702531,1.2650093520060182,2.002522083930671,5,7,13,0,,
2026-05-15T23:48:00.572646,noisy,sax,"{'w': 144, 'bins': 5}",68,4,2,ok,272,340,0.7330075576901436,1.2423292770981789,1.980415515601635,5,5,12,0,,
2026-05-15T23:48:02.477265,noisy,sax,"{'w': 144, 'bins': 5}",69,0,2,ok,0,69,0.7424180870875716,1.0587715869769454,1.806268684566021,5,5,12,0,,
2026-05-15T23:48:04.570470,noisy,sax,"{'w': 144, 'bins': 5}",69,1,2,ok,69,138,0.7487364364787936,1.3126990087330341,2.06652594730258,5,4,11,0,,
2026-05-15T23:48:06.752480,noisy,sax,"{'w': 144, 'bins': 5}",69,2,2,ok,138,207,0.740889766253531,1.4083402631804347,2.154369975440204,5,4,11,0,,
2026-05-15T23:48:08.855462,noisy,sax,"{'w': 144, 'bins': 5}",69,3,2,ok,207,276,0.7383563769981265,1.336119464598596,2.0796042354777455,5,7,13,0,,
2026-05-15T23:48:10.832253,noisy,sax,"{'w': 144, 'bins': 5}",69,4,2,ok,276,345,0.7449525464326143,1.2012076992541552,1.951263291761279,5,4,11,0,,
2026-05-15T23:48:12.794995,noisy,sax,"{'w': 144, 'bins': 5}",70,0,2,ok,0,70,0.7556194458156824,1.1036907900124788,1.8644843148067594,5,5,12,0,,
2026-05-15T23:48:15.011375,noisy,sax,"{'w': 144, 'bins': 5}",70,1,2,ok,70,140,0.7522675804793835,1.4366690702736378,2.1941771544516087,5,10,19,0,,
2026-05-15T23:48:17.087975,noisy,sax,"{'w': 144, 'bins': 5}",70,2,2,ok,140,210,0.7548771500587463,1.2922154990956187,2.0523652341216803,5,5,12,0,,
2026-05-15T23:48:18.940620,noisy,sax,"{'w': 144, 'bins': 5}",70,3,2,ok,210,280,0.7535088695585728,1.072283098474145,1.8310207109898329,5,8,16,0,,
2026-05-15T23:48:21.077536,noisy,sax,"{'w': 144, 'bins': 5}",70,4,2,ok,280,350,0.7489930670708418,1.3586377454921603,2.1128503577783704,5,5,12,0,,
2026-05-15T23:48:23.026876,noisy,sax,"{'w': 144, 'bins': 5}",71,0,2,ok,0,71,0.7625573286786675,1.080334922298789,1.8481440572068095,5,4,11,0,,
2026-05-15T23:48:25.328219,noisy,sax,"{'w': 144, 'bins': 5}",71,1,2,ok,71,142,0.7634415486827493,1.5073122754693031,2.276059390977025,5,7,15,0,,
2026-05-15T23:48:27.717647,noisy,sax,"{'w': 144, 'bins': 5}",71,2,2,ok,142,213,0.7666528513655066,1.5905465940013528,2.362370769493282,5,5,12,0,,
2026-05-15T23:48:29.691464,noisy,sax,"{'w': 144, 'bins': 5}",71,3,2,ok,213,284,0.7617702493444085,1.1825929172337055,1.9496869882568717,5,5,12,0,,
2026-05-15T23:48:31.555587,noisy,sax,"{'w': 144, 'bins': 5}",71,4,2,ok,284,355,0.7625096086412668,1.07156499940902,1.83936420455575,5,10,18,0,,
2026-05-15T23:48:33.607308,noisy,sax,"{'w': 144, 'bins': 5}",72,0,2,ok,0,72,0.7756022028625011,1.1707214182242751,1.9516355395317078,5,5,12,0,,
2026-05-15T23:48:35.994343,noisy,sax,"{'w': 144, 'bins': 5}",72,1,2,ok,72,144,0.7735575623810291,1.5782140055671334,2.3570160400122404,5,3,10,0,,
2026-05-15T23:48:38.387781,noisy,sax,"{'w': 144, 'bins': 5}",72,2,2,ok,144,216,0.7741512265056372,1.587065814062953,2.366675043478608,5,6,13,0,,
2026-05-15T23:48:40.563816,noisy,sax,"{'w': 144, 'bins': 5}",72,3,2,ok,216,288,0.773308053612709,1.3721400005742908,2.1508048065006733,5,5,12,0,,
2026-05-15T23:48:42.495442,noisy,sax,"{'w': 144, 'bins': 5}",72,4,2,ok,288,360,0.7794606620445848,1.120050460100174,1.905376029200852,5,4,11,0,,
2026-05-15T23:48:44.579631,noisy,sax,"{'w': 144, 'bins': 5}",73,0,2,ok,0,73,0.7852047514170408,1.191059653647244,1.9816310564056039,5,5,12,0,,
2026-05-15T23:48:46.846222,noisy,sax,"{'w': 144, 'bins': 5}",73,1,2,ok,73,146,0.786151179112494,1.4528050795197487,2.2443659715354443,5,12,22,0,,
2026-05-15T23:48:49.286655,noisy,sax,"{'w': 144, 'bins': 5}",73,2,2,ok,146,219,0.7863116813823581,1.6186698619276285,2.410457029938698,5,7,15,0,,
2026-05-15T23:48:51.523310,noisy,sax,"{'w': 144, 'bins': 5}",73,3,2,ok,219,292,0.7859201962128282,1.4185576550662518,2.2098510144278407,5,4,11,0,,
2026-05-15T23:48:53.334971,noisy,sax,"{'w': 144, 'bins': 5}",73,4,2,ok,292,365,0.7835998581722379,0.9992606826126575,1.7882075048983097,5,8,16,0,,
2026-05-15T23:48:55.445328,noisy,sax,"{'w': 144, 'bins': 5}",74,0,2,ok,0,74,0.796291989274323,1.2057527247816324,2.0072902478277683,5,5,12,0,,
2026-05-15T23:48:57.787776,noisy,sax,"{'w': 144, 'bins': 5}",74,1,2,ok,74,148,0.7914326507598162,1.5167567245662212,2.3135883174836636,5,12,22,0,,
2026-05-15T23:49:00.315480,noisy,sax,"{'w': 144, 'bins': 5}",74,2,2,ok,148,222,0.7969396552070975,1.6981905438005924,2.5007757544517517,5,7,15,0,,
2026-05-15T23:49:02.602104,noisy,sax,"{'w': 144, 'bins': 5}",74,3,2,ok,222,296,0.7971233511343598,1.456730474717915,2.259324522688985,5,4,11,0,,
2026-05-15T23:49:04.383842,noisy,sax,"{'w': 144, 'bins': 5}",74,4,2,ok,296,370,0.7934973500669003,0.9594707768410444,1.7583973044529557,5,8,19,0,,
2026-05-15T23:49:06.674599,noisy,sax,"{'w': 144, 'bins': 5}",75,0,2,ok,0,75,0.8055489584803581,1.37818515393883,2.189303444698453,5,7,15,0,,
2026-05-15T23:49:09.114953,noisy,sax,"{'w': 144, 'bins': 5}",75,1,2,ok,75,150,0.8059424581006169,1.6023285537958145,2.4136573104187846,5,12,22,0,,
2026-05-15T23:49:11.575393,noisy,sax,"{'w': 144, 'bins': 5}",75,2,2,ok,150,225,0.8065945124253631,1.6199707146734,2.4321869583800435,5,5,12,0,,
2026-05-15T23:49:13.906636,noisy,sax,"{'w': 144, 'bins': 5}",75,3,2,ok,225,300,0.8058954896405339,1.492973767220974,2.304321339353919,5,5,12,0,,
2026-05-15T23:49:15.757294,noisy,sax,"{'w': 144, 'bins': 5}",75,4,2,ok,300,375,0.807336506433785,1.0117531586438417,1.8245082246139646,5,3,10,0,,
2026-05-15T23:49:17.818329,noisy,sax,"{'w': 144, 'bins': 5}",76,0,2,ok,0,76,0.8151878966018558,1.1400126293301582,1.9607212562114,5,9,18,0,,
2026-05-15T23:49:20.282314,noisy,sax,"{'w': 144, 'bins': 5}",76,1,2,ok,76,152,0.8168457513675094,1.6124885184690356,2.434987699612975,5,3,10,0,,
2026-05-15T23:49:22.805969,noisy,sax,"{'w': 144, 'bins': 5}",76,2,2,ok,152,228,0.8132015941664577,1.6739179957658052,2.49286965187639,5,4,11,0,,
2026-05-15T23:49:25.117910,noisy,sax,"{'w': 144, 'bins': 5}",76,3,2,ok,228,304,0.8214783016592264,1.4556892476975918,2.2828167509287596,5,4,11,0,,
2026-05-15T23:49:27.073331,noisy,sax,"{'w': 144, 'bins': 5}",76,4,2,ok,304,380,0.8187832497060299,1.1068201148882508,1.931309623643756,5,10,20,0,,
2026-05-15T23:49:29.213604,noisy,sax,"{'w': 144, 'bins': 5}",77,0,2,ok,0,77,0.8274209052324295,1.206522298976779,2.0392976934090257,5,9,18,0,,
2026-05-15T23:49:31.802095,noisy,sax,"{'w': 144, 'bins': 5}",77,1,2,ok,77,154,0.8262203792110085,1.7312478125095367,2.5629861066117883,5,7,15,0,,
2026-05-15T23:49:34.378376,noisy,sax,"{'w': 144, 'bins': 5}",77,2,2,ok,154,231,0.8376063788309693,1.7042775768786669,2.547654926776886,5,5,12,0,,
2026-05-15T23:49:36.751669,noisy,sax,"{'w': 144, 'bins': 5}",77,3,2,ok,231,308,0.8251421842724085,1.5133457463234663,2.3442751010879874,5,4,11,0,,
2026-05-15T23:49:38.810474,noisy,sax,"{'w': 144, 'bins': 5}",77,4,2,ok,308,385,0.8286890769377351,1.1994670955464244,2.033804182894528,5,7,15,0,,
2026-05-15T23:49:40.942730,noisy,sax,"{'w': 144, 'bins': 5}",78,0,2,ok,0,78,0.8372423043474555,1.1889622518792748,2.0319554386660457,5,7,14,0,,
2026-05-15T23:49:43.499741,noisy,sax,"{'w': 144, 'bins': 5}",78,1,2,ok,78,156,0.8401767555624247,1.6843809997662902,2.530449764803052,5,7,15,0,,
2026-05-15T23:49:46.070460,noisy,sax,"{'w': 144, 'bins': 5}",78,2,2,ok,156,234,0.8368805153295398,1.69527808111161,2.5380457155406475,5,4,11,0,,
2026-05-15T23:49:48.569555,noisy,sax,"{'w': 144, 'bins': 5}",78,3,2,ok,234,312,0.8383700642734766,1.6257219472900033,2.469943843781948,5,12,22,0,,
2026-05-15T23:49:50.839236,noisy,sax,"{'w': 144, 'bins': 5}",78,4,2,ok,312,390,0.8357917796820402,1.3993703490123153,2.2409221585839987,5,4,11,0,,
2026-05-15T23:49:52.996590,noisy,sax,"{'w': 144, 'bins': 5}",79,0,2,ok,0,79,0.8489750754088163,1.201957161538303,2.0567597541958094,5,11,20,0,,
2026-05-15T23:49:55.751167,noisy,sax,"{'w': 144, 'bins': 5}",79,1,2,ok,79,158,0.8497482165694237,1.8681153487414122,2.7238719230517745,5,5,12,0,,
2026-05-15T23:49:58.678187,noisy,sax,"{'w': 144, 'bins': 5}",79,2,2,ok,158,237,0.8469443190842867,2.0397802982479334,2.8926897728815675,5,4,11,0,,
2026-05-15T23:50:00.888226,noisy,sax,"{'w': 144, 'bins': 5}",79,3,2,ok,237,316,0.8484120266512036,1.328097751364112,2.1823372850194573,5,7,14,0,,
2026-05-15T23:50:03.288705,noisy,sax,"{'w': 144, 'bins': 5}",79,4,2,ok,316,395,0.8491494031623006,1.519351757131517,2.374304641969502,5,5,12,0,,
2026-05-15T23:50:05.435362,noisy,sax,"{'w': 144, 'bins': 5}",80,0,2,ok,0,80,0.8608495527878404,1.1790134217590094,2.04558586422354,5,9,18,0,,
2026-05-15T23:50:08.275258,noisy,sax,"{'w': 144, 'bins': 5}",80,1,2,ok,80,160,0.8704622285440564,1.9291947986930609,2.805676184594631,5,4,11,0,,
2026-05-15T23:50:11.187588,noisy,sax,"{'w': 144, 'bins': 5}",80,2,2,ok,160,240,0.8587596463039517,2.015890099108219,2.880571147426963,5,5,12,0,,
2026-05-15T23:50:13.604140,noisy,sax,"{'w': 144, 'bins': 5}",80,3,2,ok,240,320,0.8568189991638064,1.5235982639715075,2.3863860750570893,5,4,11,0,,
2026-05-15T23:50:15.954916,noisy,sax,"{'w': 144, 'bins': 5}",80,4,2,ok,320,400,0.859012239612639,1.456607318483293,2.3215308729559183,5,8,17,0,,
2026-05-15T23:50:18.244491,noisy,sax,"{'w': 144, 'bins': 5}",81,0,2,ok,0,81,0.8704076260328293,1.3106916435062885,2.1870811665430665,5,5,12,0,,
2026-05-15T23:50:20.996177,noisy,sax,"{'w': 144, 'bins': 5}",81,1,2,ok,81,162,0.8647076282650232,1.8463770933449268,2.7172030145302415,5,4,11,0,,
2026-05-15T23:50:24.059219,noisy,sax,"{'w': 144, 'bins': 5}",81,2,2,ok,162,243,0.8692573541775346,2.1569074830040336,3.032242043875158,5,13,22,0,,
2026-05-15T23:50:26.329743,noisy,sax,"{'w': 144, 'bins': 5}",81,3,2,ok,243,324,0.8698023492470384,1.3675377489998937,2.243168537504971,5,5,12,0,,
2026-05-15T23:50:28.835330,noisy,sax,"{'w': 144, 'bins': 5}",81,4,2,ok,324,405,0.8801092002540827,1.5889374250546098,2.475069179199636,5,10,18,0,,
2026-05-15T23:50:31.143175,noisy,sax,"{'w': 144, 'bins': 5}",82,0,2,ok,0,82,0.8821384413167834,1.3128935880959034,2.201143520884216,5,4,11,0,,
2026-05-15T23:50:34.049789,noisy,sax,"{'w': 144, 'bins': 5}",82,1,2,ok,82,164,0.8816397162154317,1.9850368686020374,2.8728801775723696,5,10,20,0,,
2026-05-15T23:50:37.118290,noisy,sax,"{'w': 144, 'bins': 5}",82,2,2,ok,164,246,0.8807766335085034,2.1440991712734103,3.031101609580219,5,9,19,0,,
2026-05-15T23:50:39.458113,noisy,sax,"{'w': 144, 'bins': 5}",82,3,2,ok,246,328,0.9305340852588415,1.3747760159894824,2.3114214204251766,5,8,16,0,,
2026-05-15T23:50:42.467517,noisy,sax,"{'w': 144, 'bins': 5}",82,4,2,ok,328,410,0.8764335149899125,2.0920460177585483,2.9747024634853005,5,6,13,0,,
2026-05-15T23:50:44.897359,noisy,sax,"{'w': 144, 'bins': 5}",83,0,2,ok,0,83,0.8919308474287391,1.4216036014258862,2.3195413034409285,5,4,11,0,,
2026-05-15T23:50:47.922228,noisy,sax,"{'w': 144, 'bins': 5}",83,1,2,ok,83,166,0.8918499257415533,2.091102685779333,2.9892632458359003,5,11,21,0,,
2026-05-15T23:50:50.757324,noisy,sax,"{'w': 144, 'bins': 5}",83,2,2,ok,166,249,0.8918084884062409,1.9002797398716211,2.7983009181916714,5,4,11,0,,
2026-05-15T23:50:53.311227,noisy,sax,"{'w': 144, 'bins': 5}",83,3,2,ok,249,332,0.8906102376058698,1.62579373922199,2.5226722015067935,5,7,14,0,,
2026-05-15T23:50:56.249324,noisy,sax,"{'w': 144, 'bins': 5}",83,4,2,ok,332,415,0.8898487361148,2.00641312263906,2.9025005493313074,5,15,24,0,,
2026-05-15T23:50:58.644784,noisy,sax,"{'w': 144, 'bins': 5}",84,0,2,ok,0,84,0.9061352200806141,1.373145842924714,2.2852963330224156,5,4,11,0,,
2026-05-15T23:51:01.862458,noisy,sax,"{'w': 144, 'bins': 5}",84,1,2,ok,84,168,0.9010359095409513,2.275198243558407,3.1825389470905066,5,7,15,0,,
2026-05-15T23:51:04.706936,noisy,sax,"{'w': 144, 'bins': 5}",84,2,2,ok,168,252,0.9001632025465369,1.8999892231076956,2.8064913731068373,5,4,11,0,,
2026-05-15T23:51:07.305476,noisy,sax,"{'w': 144, 'bins': 5}",84,3,2,ok,252,336,0.9053171025589108,1.6572482055053115,2.568828514777124,5,6,13,0,,
2026-05-15T23:51:10.301712,noisy,sax,"{'w': 144, 'bins': 5}",84,4,2,ok,336,420,0.9021055297926068,2.050606880337,2.959043884649873,5,5,12,0,,
2026-05-15T23:51:12.744746,noisy,sax,"{'w': 144, 'bins': 5}",85,0,2,ok,0,85,0.9151928247883916,1.415558023378253,2.336821973323822,5,12,20,0,,
2026-05-15T23:51:16.051595,noisy,sax,"{'w': 144, 'bins': 5}",85,1,2,ok,85,170,0.9162114085629582,2.344270867295563,3.2669151201844215,5,4,11,0,,
2026-05-15T23:51:18.973830,noisy,sax,"{'w': 144, 'bins': 5}",85,2,2,ok,170,255,0.9145112447440624,1.966704959049821,2.8875215081498027,5,9,19,0,,
2026-05-15T23:51:21.376523,noisy,sax,"{'w': 144, 'bins': 5}",85,3,2,ok,255,340,0.9153787735849619,1.449760395102203,2.371535474434495,5,8,16,0,,
2026-05-15T23:51:24.644382,noisy,sax,"{'w': 144, 'bins': 5}",85,4,2,ok,340,425,0.9146922854706645,2.308248898945749,3.2295866273343563,5,5,12,0,,
2026-05-15T23:51:27.051010,noisy,sax,"{'w': 144, 'bins': 5}",86,0,2,ok,0,86,0.9240319281816483,1.373334726318717,2.3037996999919415,5,6,13,0,,
2026-05-15T23:51:30.308575,noisy,sax,"{'w': 144, 'bins': 5}",86,1,2,ok,86,172,0.9261725610122085,2.289007822982967,3.221602838486433,5,7,14,0,,
2026-05-15T23:51:33.431103,noisy,sax,"{'w': 144, 'bins': 5}",86,2,2,ok,172,258,0.9258027449250221,2.1519060730934143,3.084278689697385,5,4,11,0,,
2026-05-15T23:51:35.759103,noisy,sax,"{'w': 144, 'bins': 5}",86,3,2,ok,258,344,0.9194539887830615,1.3716891845688224,2.2976104114204645,5,8,16,0,,
2026-05-15T23:51:38.817786,noisy,sax,"{'w': 144, 'bins': 5}",86,4,2,ok,344,430,0.9248963119462132,2.0896882144734263,3.021074258722365,5,4,11,0,,
2026-05-15T23:51:41.318035,noisy,sax,"{'w': 144, 'bins': 5}",87,0,2,ok,0,87,0.9348564920946956,1.4523299215361476,2.393595403060317,5,5,12,0,,
2026-05-15T23:51:44.445605,noisy,sax,"{'w': 144, 'bins': 5}",87,1,2,ok,87,174,0.9379297960549593,2.1462534442543983,3.090525754727423,5,5,12,0,,
2026-05-15T23:51:47.682473,noisy,sax,"{'w': 144, 'bins': 5}",87,2,2,ok,174,261,0.9345475537702441,2.2553018471226096,3.1964356619864702,5,6,14,0,,
2026-05-15T23:51:50.188698,noisy,sax,"{'w': 144, 'bins': 5}",87,3,2,ok,261,348,0.9327024696394801,1.5334445089101791,2.472617832943797,5,4,11,0,,
2026-05-15T23:51:53.178406,noisy,sax,"{'w': 144, 'bins': 5}",87,4,2,ok,348,435,0.93617769703269,2.0123504707589746,2.9550889311358333,5,5,12,0,,
2026-05-15T23:51:55.673621,noisy,sax,"{'w': 144, 'bins': 5}",88,0,2,ok,0,88,0.9419906055554748,1.438002527691424,2.386525663547218,5,5,12,0,,
2026-05-15T23:51:58.913980,noisy,sax,"{'w': 144, 'bins': 5}",88,1,2,ok,88,176,0.945901402272284,2.2518189921975136,3.2043149201199412,5,5,12,0,,
2026-05-15T23:52:01.962697,noisy,sax,"{'w': 144, 'bins': 5}",88,2,2,ok,176,264,0.9549606777727604,2.0485392259433866,3.009964826516807,5,7,14,0,,
2026-05-15T23:52:04.270706,noisy,sax,"{'w': 144, 'bins': 5}",88,3,2,ok,264,352,0.9479862581938505,1.323248252272606,2.2777767991647124,5,7,15,0,,
2026-05-15T23:52:07.207531,noisy,sax,"{'w': 144, 'bins': 5}",88,4,2,ok,352,440,0.9452968575060368,1.9502015160396695,2.9021627102047205,5,7,15,0,,
2026-05-15T23:52:09.780545,noisy,sax,"{'w': 144, 'bins': 5}",89,0,2,ok,0,89,0.9528893074020743,1.508045131340623,2.467265130020678,5,6,13,0,,
2026-05-15T23:52:12.943218,noisy,sax,"{'w': 144, 'bins': 5}",89,1,2,ok,89,178,0.9582383455708623,2.1601574709638953,3.125164640136063,5,7,16,0,,
2026-05-15T23:52:16.070624,noisy,sax,"{'w': 144, 'bins': 5}",89,2,2,ok,178,267,0.9571764012798667,2.1246651858091354,3.0885386960580945,5,5,12,0,,
2026-05-15T23:52:18.694970,noisy,sax,"{'w': 144, 'bins': 5}",89,3,2,ok,267,356,0.9546049507334828,1.6315073734149337,2.592703484930098,5,8,16,0,,
2026-05-15T23:52:21.547846,noisy,sax,"{'w': 144, 'bins': 5}",89,4,2,ok,356,445,0.9506258759647608,1.862778827548027,2.820043263025582,5,13,22,0,,
2026-05-15T23:52:24.205950,noisy,sax,"{'w': 144, 'bins': 5}",90,0,2,ok,0,90,0.9700734047219157,1.5760306306183338,2.552812366746366,5,6,13,0,,
2026-05-15T23:52:27.483999,noisy,sax,"{'w': 144, 'bins': 5}",90,1,2,ok,90,180,0.9667196152731776,2.264070585370064,3.23762687202543,5,4,11,0,,
2026-05-15T23:52:30.364982,noisy,sax,"{'w': 144, 'bins': 5}",90,2,2,ok,180,270,0.9622456431388855,1.8767554312944412,2.8457632353529334,5,7,15,0,,
2026-05-15T23:52:33.081318,noisy,sax,"{'w': 144, 'bins': 5}",90,3,2,ok,270,360,0.9788149045780301,1.6986629739403725,2.6842443589121103,5,6,13,0,,
2026-05-15T23:52:36.186744,noisy,sax,"{'w': 144, 'bins': 5}",90,4,2,ok,360,450,0.9643901493400335,2.096555528230965,3.0677239196375012,5,5,12,0,,
2026-05-15T23:52:38.895426,noisy,sax,"{'w': 144, 'bins': 5}",91,0,2,ok,0,91,0.9726908225566149,1.6167819062247872,2.596207187511027,5,4,11,0,,
2026-05-15T23:52:42.295155,noisy,sax,"{'w': 144, 'bins': 5}",91,1,2,ok,91,182,0.9783220086246729,2.372319832444191,3.357480116188526,5,4,11,0,,
2026-05-15T23:52:45.378534,noisy,sax,"{'w': 144, 'bins': 5}",91,2,2,ok,182,273,0.9804384047165513,2.060684439726174,3.0477362666279078,5,7,15,0,,
2026-05-15T23:52:48.130263,noisy,sax,"{'w': 144, 'bins': 5}",91,3,2,ok,273,364,0.975110967643559,1.7368274200707674,2.7184827299788594,5,7,15,0,,
2026-05-15T23:52:51.487127,noisy,sax,"{'w': 144, 'bins': 5}",91,4,2,ok,364,455,0.9779196530580521,2.336096995510161,3.3206513607874513,5,6,13,0,,
2026-05-15T23:52:54.250008,noisy,sax,"{'w': 144, 'bins': 5}",92,0,2,ok,0,92,0.9896579422056675,1.6537531996145844,2.6503119440749288,5,4,11,0,,
2026-05-15T23:52:57.730075,noisy,sax,"{'w': 144, 'bins': 5}",92,1,2,ok,92,184,0.991126911714673,2.4459035797044635,3.444115748628974,5,6,13,0,,
2026-05-15T23:53:00.950016,noisy,sax,"{'w': 144, 'bins': 5}",92,2,2,ok,184,276,0.9891594965010881,2.18761121109128,3.1835127202793956,5,6,13,0,,
2026-05-15T23:53:03.531205,noisy,sax,"{'w': 144, 'bins': 5}",92,3,2,ok,276,368,0.9883380420506,1.5482053263112903,2.5434608729556203,5,4,11,0,,
2026-05-15T23:53:06.804648,noisy,sax,"{'w': 144, 'bins': 5}",92,4,2,ok,368,460,0.9898233423009515,2.2373222960159183,3.2340769777074456,5,5,12,0,,
2026-05-15T23:53:09.765098,noisy,sax,"{'w': 144, 'bins': 5}",93,0,2,ok,0,93,0.9976794589310884,1.8416531682014465,2.8459702851250768,5,4,11,0,,
2026-05-15T23:53:13.145489,noisy,sax,"{'w': 144, 'bins': 5}",93,1,2,ok,93,186,0.9968554712831974,2.340893746353686,3.344713899306953,5,6,13,0,,
2026-05-15T23:53:16.453642,noisy,sax,"{'w': 144, 'bins': 5}",93,2,2,ok,186,279,0.99868009891361,2.258884144946933,3.2645754041150212,5,4,11,0,,
2026-05-15T23:53:18.984096,noisy,sax,"{'w': 144, 'bins': 5}",93,3,2,ok,279,372,0.999910038895905,1.4938374673947692,2.5006001479923725,5,7,15,0,,
2026-05-15T23:53:22.270725,noisy,sax,"{'w': 144, 'bins': 5}",93,4,2,ok,372,465,0.9999073138460517,2.2444081865251064,3.2512936675921082,5,11,19,0,,
2026-05-15T23:53:25.296810,noisy,sax,"{'w': 144, 'bins': 5}",94,0,2,ok,0,94,1.0092192748561502,1.8956010807305574,2.9118357226252556,5,4,11,0,,
2026-05-15T23:53:28.754455,noisy,sax,"{'w': 144, 'bins': 5}",94,1,2,ok,94,188,1.0099834213033319,2.3983843633905053,3.4155289754271507,5,4,11,0,,
2026-05-15T23:53:32.131904,noisy,sax,"{'w': 144, 'bins': 5}",94,2,2,ok,188,282,1.0131604373455048,2.30831413064152,3.3286753548309207,5,4,12,0,,
2026-05-15T23:53:34.803677,noisy,sax,"{'w': 144, 'bins': 5}",94,3,2,ok,282,376,1.0147572681307793,1.6142543200403452,2.6360425939783454,5,4,11,0,,
2026-05-15T23:53:38.113592,noisy,sax,"{'w': 144, 'bins': 5}",94,4,2,ok,376,470,1.0123275741934776,2.248312760144472,3.2677129190415144,5,8,16,0,,
2026-05-15T23:53:41.221561,noisy,sax,"{'w': 144, 'bins': 5}",95,0,2,ok,0,95,1.0188693208619952,1.9652271335944533,2.991163327358663,5,5,12,0,,
2026-05-15T23:53:44.414549,noisy,sax,"{'w': 144, 'bins': 5}",95,1,2,ok,95,190,1.0191802252084017,2.125503433868289,3.151626500301063,5,4,11,0,,
2026-05-15T23:53:47.985639,noisy,sax,"{'w': 144, 'bins': 5}",95,2,2,ok,190,285,1.0208746390417218,2.498813453130424,3.526943269185722,5,6,14,0,,
2026-05-15T23:53:50.501767,noisy,sax,"{'w': 144, 'bins': 5}",95,3,2,ok,285,380,1.0216547641903162,1.4510322865098715,2.4797057434916496,5,6,15,0,,
2026-05-15T23:53:53.818335,noisy,sax,"{'w': 144, 'bins': 5}",95,4,2,ok,380,475,1.0163440592586994,2.256854895502329,3.280397825874388,5,6,13,0,,
2026-05-15T23:53:56.973743,noisy,sax,"{'w': 144, 'bins': 5}",96,0,2,ok,0,96,1.0305465161800385,1.9999241661280394,3.0377655029296875,5,4,11,0,,
2026-05-15T23:54:00.427370,noisy,sax,"{'w': 144, 'bins': 5}",96,1,2,ok,96,192,1.0267439233139157,2.3767211735248566,3.41074098367244,5,4,11,0,,
2026-05-15T23:54:04.001712,noisy,sax,"{'w': 144, 'bins': 5}",96,2,2,ok,192,288,1.0281106298789382,2.4945751428604126,3.5299675902351737,5,6,14,0,,
2026-05-15T23:54:06.708073,noisy,sax,"{'w': 144, 'bins': 5}",96,3,2,ok,288,384,1.0350904501974583,1.6223334856331348,2.6643194388598204,5,3,10,0,,
2026-05-15T23:54:09.740465,noisy,sax,"{'w': 144, 'bins': 5}",96,4,2,ok,384,480,1.0318648219108582,1.9597789412364364,2.99870272167027,5,6,13,0,,
2026-05-15T23:54:12.842363,noisy,sax,"{'w': 144, 'bins': 5}",97,0,2,ok,0,97,1.0445990916341543,1.9336907770484686,2.985467861406505,5,4,11,0,,
2026-05-15T23:54:16.355236,noisy,sax,"{'w': 144, 'bins': 5}",97,1,2,ok,97,194,1.041622039861977,2.418002995662391,3.467065440490842,5,4,11,0,,
2026-05-15T23:54:19.754033,noisy,sax,"{'w': 144, 'bins': 5}",97,2,2,ok,194,291,1.041857611387968,2.308982060290873,3.3582961168140173,5,5,12,0,,
2026-05-15T23:54:22.685618,noisy,sax,"{'w': 144, 'bins': 5}",97,3,2,ok,291,388,1.0388425691053271,1.8497971389442682,2.8956925747916102,5,4,11,0,,
2026-05-15T23:54:25.752434,noisy,sax,"{'w': 144, 'bins': 5}",97,4,2,ok,388,485,1.038941734470427,1.9853268777951598,3.0315351812168956,5,7,14,0,,
2026-05-15T23:54:28.857060,noisy,sax,"{'w': 144, 'bins': 5}",98,0,2,ok,0,98,1.0458244532346725,1.935430796816945,2.988609503954649,5,10,19,0,,
2026-05-15T23:54:32.550469,noisy,sax,"{'w': 144, 'bins': 5}",98,1,2,ok,98,196,1.0533639751374722,2.5848211059346795,3.6456448026001453,5,7,15,0,,
2026-05-15T23:54:36.311363,noisy,sax,"{'w': 144, 'bins': 5}",98,2,2,ok,196,294,1.050169593654573,2.6610810877755284,3.718402094207704,5,6,14,0,,
2026-05-15T23:54:39.106417,noisy,sax,"{'w': 144, 'bins': 5}",98,3,2,ok,294,392,1.049770695157349,1.7007391788065434,2.7577965315431356,5,4,11,0,,
2026-05-15T23:54:41.989497,noisy,sax,"{'w': 144, 'bins': 5}",98,4,2,ok,392,490,1.0507593732327223,1.7869850676506758,2.8451582668349147,5,5,12,0,,
2026-05-15T23:54:45.206881,noisy,sax,"{'w': 144, 'bins': 5}",99,0,2,ok,0,99,1.0645680604502559,2.0310544595122337,3.1028358191251755,5,6,13,0,,
2026-05-15T23:54:48.897064,noisy,sax,"{'w': 144, 'bins': 5}",99,1,2,ok,99,198,1.0669604437425733,2.5707220155745745,3.645351953804493,5,5,12,0,,
2026-05-15T23:54:52.610271,noisy,sax,"{'w': 144, 'bins': 5}",99,2,2,ok,198,297,1.0585622088983655,2.6065231012180448,3.6726226285099983,5,7,15,0,,
2026-05-15T23:54:55.474828,noisy,sax,"{'w': 144, 'bins': 5}",99,3,2,ok,297,396,1.0635565295815468,1.7549734804779291,2.826008467003703,5,7,15,0,,
2026-05-15T23:54:58.669062,noisy,sax,"{'w': 144, 'bins': 5}",99,4,2,ok,396,495,1.062006689608097,2.089435470290482,3.158953788690269,5,10,19,0,,
2026-05-15T23:55:01.887932,noisy,sax,"{'w': 144, 'bins': 5}",100,0,2,ok,0,100,1.077743117697537,2.0136519921943545,3.0986474826931953,5,4,11,0,,
2026-05-15T23:55:05.625695,noisy,sax,"{'w': 144, 'bins': 5}",100,1,2,ok,100,200,1.0745431277900934,2.6075202636420727,3.6896559223532677,5,4,11,0,,
2026-05-15T23:55:09.156896,noisy,sax,"{'w': 144, 'bins': 5}",100,2,2,ok,200,300,1.0725582977756858,2.410498483106494,3.4907788056880236,5,6,13,0,,
2026-05-15T23:55:12.051377,noisy,sax,"{'w': 144, 'bins': 5}",100,3,2,ok,300,400,1.0707189133390784,1.7806581342592835,2.858846889808774,5,12,20,0,,
2026-05-15T23:55:15.161048,noisy,sax,"{'w': 144, 'bins': 5}",100,4,2,ok,400,500,1.0754165463149548,1.9873683154582977,3.0703298738226295,5,5,12,0,,
2026-05-15T23:55:15.604178,noisy,persist,{'bins': 6},1,0,2,ok,0,1,0.15167643874883652,0.029217509552836418,0.1812470518052578,5,25,39,0,,
2026-05-15T23:55:15.789837,noisy,persist,{'bins': 6},1,1,2,ok,1,2,0.149615366011858,0.033568672835826874,0.18347321264445782,5,10,16,0,,
2026-05-15T23:55:15.966482,noisy,persist,{'bins': 6},1,2,2,ok,2,3,0.1473130127415061,0.027083301916718483,0.17467428650707006,5,8,14,0,,
2026-05-15T23:55:16.130094,noisy,persist,{'bins': 6},1,3,2,ok,3,4,0.14974806550890207,0.01211484707891941,0.16212258953601122,5,7,11,0,,
2026-05-15T23:55:16.292855,noisy,persist,{'bins': 6},1,4,2,ok,4,5,0.14687545038759708,0.01415945589542389,0.16128253191709518,5,16,22,0,,
2026-05-15T23:55:16.577135,noisy,persist,{'bins': 6},2,0,2,ok,0,2,0.15779434144496918,0.030131196603178978,0.18840325437486172,5,27,41,0,,
2026-05-15T23:55:16.795825,noisy,persist,{'bins': 6},2,1,2,ok,2,4,0.15557117387652397,0.06004528421908617,0.21602526679635048,5,19,33,0,,
2026-05-15T23:55:17.034053,noisy,persist,{'bins': 6},2,2,2,ok,4,6,0.15721152443438768,0.07804059609770775,0.23563289642333984,5,34,54,0,,
2026-05-15T23:55:17.216758,noisy,persist,{'bins': 6},2,3,2,ok,6,8,0.15244068391621113,0.028027174063026905,0.18083202186971903,5,12,19,0,,
2026-05-15T23:55:17.396329,noisy,persist,{'bins': 6},2,4,2,ok,8,10,0.15710979420691729,0.0202659759670496,0.17773818131536245,5,19,29,0,,
2026-05-15T23:55:17.772521,noisy,persist,{'bins': 6},3,0,2,ok,0,3,0.1576083693653345,0.1211294811218977,0.2793906880542636,5,23,32,0,,
2026-05-15T23:55:17.970872,noisy,persist,{'bins': 6},3,1,2,ok,3,6,0.1588395843282342,0.03718443401157856,0.19651057198643684,5,3,9,0,,
2026-05-15T23:55:18.176275,noisy,persist,{'bins': 6},3,2,2,ok,6,9,0.16248762607574463,0.04048893228173256,0.20344139076769352,5,13,25,0,,
2026-05-15T23:55:18.390273,noisy,persist,{'bins': 6},3,3,2,ok,9,12,0.16074424143880606,0.050481611862778664,0.2117339177057147,5,5,11,0,,
2026-05-15T23:55:18.738314,noisy,persist,{'bins': 6},3,4,2,ok,12,15,0.15834928303956985,0.18555593490600586,0.344453657977283,5,13,21,0,,
2026-05-15T23:55:19.052221,noisy,persist,{'bins': 6},4,0,2,ok,0,4,0.1659040516242385,0.05163590982556343,0.2182848807424307,5,4,9,0,,
2026-05-15T23:55:19.261193,noisy,persist,{'bins': 6},4,1,2,ok,4,8,0.16719358507543802,0.039220528677105904,0.20697399508208036,5,13,25,0,,
2026-05-15T23:55:19.519076,noisy,persist,{'bins': 6},4,2,2,ok,8,12,0.16675843857228756,0.08791335020214319,0.25529046077281237,5,23,43,0,,
2026-05-15T23:55:19.718717,noisy,persist,{'bins': 6},4,3,2,ok,12,16,0.1675809333100915,0.029425791464746,0.19755768962204456,5,26,36,0,,
2026-05-15T23:55:19.981938,noisy,persist,{'bins': 6},4,4,2,ok,16,20,0.16614891309291124,0.09394127316772938,0.2606707075610757,5,5,11,0,,
2026-05-15T23:55:20.525263,noisy,persist,{'bins': 6},5,0,2,ok,0,5,0.16797548346221447,0.2764608943834901,0.4454517047852278,5,13,20,0,,
2026-05-15T23:55:20.747406,noisy,persist,{'bins': 6},5,1,2,ok,5,10,0.1705784723162651,0.04822671599686146,0.21964926458895206,5,14,25,0,,
2026-05-15T23:55:20.954517,noisy,persist,{'bins': 6},5,2,2,ok,10,15,0.17224340047687292,0.03231480810791254,0.2053127959370613,5,16,28,0,,
2026-05-15T23:55:21.276105,noisy,persist,{'bins': 6},5,3,2,ok,15,20,0.16639432404190302,0.15019813179969788,0.3174408981576562,5,25,40,0,,
2026-05-15T23:55:21.528015,noisy,persist,{'bins': 6},5,4,2,ok,20,25,0.16835982538759708,0.08024981524795294,0.249406848102808,5,11,22,0,,
2026-05-15T23:55:21.854750,noisy,persist,{'bins': 6},6,0,2,ok,0,6,0.1740214303135872,0.05378571804612875,0.22886469401419163,5,4,9,0,,
2026-05-15T23:55:22.088856,noisy,persist,{'bins': 6},6,1,2,ok,6,12,0.17468927428126335,0.056074936874210835,0.2316749319434166,5,14,25,0,,
2026-05-15T23:55:22.337895,noisy,persist,{'bins': 6},6,2,2,ok,12,18,0.17298218701034784,0.07213381119072437,0.24607427790760994,5,21,31,0,,
2026-05-15T23:55:22.564406,noisy,persist,{'bins': 6},6,3,2,ok,18,24,0.17720733489841223,0.04609990119934082,0.22437702491879463,5,21,36,0,,
2026-05-15T23:55:22.874752,noisy,persist,{'bins': 6},6,4,2,ok,24,30,0.17454831022769213,0.13101904653012753,0.30654319003224373,5,22,41,0,,
2026-05-15T23:55:23.316142,noisy,persist,{'bins': 6},7,0,2,ok,0,7,0.17632829304784536,0.16460945084691048,0.3422088613733649,5,9,19,0,,
2026-05-15T23:55:23.550761,noisy,persist,{'bins': 6},7,1,2,ok,7,14,0.17464421037584543,0.05581890698522329,0.2315290393307805,5,15,26,0,,
2026-05-15T23:55:23.985142,noisy,persist,{'bins': 6},7,2,2,ok,14,21,0.18123859632760286,0.24778958968818188,0.43021484464406967,5,6,14,0,,
2026-05-15T23:55:24.276030,noisy,persist,{'bins': 6},7,3,2,ok,21,28,0.1764822332188487,0.11083216965198517,0.2883563293144107,5,8,24,0,,
2026-05-15T23:55:24.722642,noisy,persist,{'bins': 6},7,4,2,ok,28,35,0.18076511658728123,0.26034765876829624,0.44223597552627325,5,30,56,0,,
2026-05-15T23:55:25.058375,noisy,persist,{'bins': 6},8,0,2,ok,0,8,0.18127268087118864,0.05684576462954283,0.23946702852845192,5,14,24,0,,
2026-05-15T23:55:25.293399,noisy,persist,{'bins': 6},8,1,2,ok,8,16,0.1850853320211172,0.046386328525841236,0.23262837249785662,5,26,38,0,,
2026-05-15T23:55:25.620203,noisy,persist,{'bins': 6},8,2,2,ok,16,24,0.18357657827436924,0.13841320667415857,0.32336426619440317,5,8,15,0,,
2026-05-15T23:55:25.957680,noisy,persist,{'bins': 6},8,3,2,ok,24,32,0.18552713096141815,0.14710914995521307,0.3338635256513953,5,14,31,0,,
2026-05-15T23:55:26.513964,noisy,persist,{'bins': 6},8,4,2,ok,32,40,0.18623381853103638,0.3643487887457013,0.551834768615663,5,34,64,0,,
2026-05-15T23:55:26.835666,noisy,persist,{'bins': 6},9,0,2,ok,0,9,0.1892934963107109,0.03386621177196503,0.22455373592674732,5,13,22,0,,
2026-05-15T23:55:27.187509,noisy,persist,{'bins': 6},9,1,2,ok,9,18,0.18997874297201633,0.15658874530345201,0.3478628909215331,5,23,38,0,,
2026-05-15T23:55:27.552760,noisy,persist,{'bins': 6},9,2,2,ok,18,27,0.19026189483702183,0.16993964277207851,0.36150321271270514,5,33,54,0,,
2026-05-15T23:55:28.180680,noisy,persist,{'bins': 6},9,3,2,ok,27,36,0.18996642902493477,0.4303413638845086,0.6218840843066573,5,24,54,0,,
2026-05-15T23:55:28.440100,noisy,persist,{'bins': 6},9,4,2,ok,36,45,0.18552521709352732,0.06935310736298561,0.2561977533623576,5,13,26,0,,
2026-05-15T23:55:28.778301,noisy,persist,{'bins': 6},10,0,2,ok,0,10,0.19195823092013597,0.04708131402730942,0.24055476114153862,5,14,24,0,,
2026-05-15T23:55:29.069762,noisy,persist,{'bins': 6},10,1,2,ok,10,20,0.1924036080017686,0.09310026466846466,0.28683534264564514,5,20,33,0,,
2026-05-15T23:55:29.385562,noisy,persist,{'bins': 6},10,2,2,ok,20,30,0.18999552354216576,0.12041035108268261,0.31172827910631895,5,15,28,0,,
2026-05-15T23:55:29.863423,noisy,persist,{'bins': 6},10,3,2,ok,30,40,0.19263412058353424,0.27855907659977674,0.47274745628237724,5,4,14,0,,
2026-05-15T23:55:30.188283,noisy,persist,{'bins': 6},10,4,2,ok,40,50,0.18980710953474045,0.12868963181972504,0.31994394958019257,5,7,14,0,,
2026-05-15T23:55:30.530482,noisy,persist,{'bins': 6},11,0,2,ok,0,11,0.19981764443218708,0.04415228217840195,0.24555104598402977,5,16,27,0,,
2026-05-15T23:55:30.910725,noisy,persist,{'bins': 6},11,1,2,ok,11,22,0.19426293950527906,0.17919845413416624,0.37496653106063604,5,20,35,0,,
2026-05-15T23:55:31.335291,noisy,persist,{'bins': 6},11,2,2,ok,22,33,0.19349346682429314,0.22315915673971176,0.41822979506105185,5,12,23,0,,
2026-05-15T23:55:32.032510,noisy,persist,{'bins': 6},11,3,2,ok,33,44,0.19509839918464422,0.4937203908339143,0.6904609138146043,5,29,51,0,,
2026-05-15T23:55:32.363420,noisy,persist,{'bins': 6},11,4,2,ok,44,55,0.19888343010097742,0.1270505329594016,0.32734980154782534,5,26,45,0,,
2026-05-15T23:55:32.731278,noisy,persist,{'bins': 6},12,0,2,ok,0,12,0.19934561662375927,0.06961075216531754,0.2706404533237219,5,14,25,0,,
2026-05-15T23:55:33.204355,noisy,persist,{'bins': 6},12,1,2,ok,12,24,0.20403865166008472,0.26304078847169876,0.4686707789078355,5,32,56,0,,
2026-05-15T23:55:33.518700,noisy,persist,{'bins': 6},12,2,2,ok,24,36,0.1988909225910902,0.10978005453944206,0.3102228920906782,5,19,31,0,,
2026-05-15T23:55:33.835730,noisy,persist,{'bins': 6},12,3,2,ok,36,48,0.20050240028649569,0.11081010848283768,0.3128283154219389,5,19,34,0,,
2026-05-15T23:55:34.083392,noisy,persist,{'bins': 6},12,4,2,ok,48,60,0.20065568666905165,0.040850890800356865,0.24302146397531033,5,10,15,0,,
2026-05-15T23:55:34.433678,noisy,persist,{'bins': 6},13,0,2,ok,0,13,0.20762168150395155,0.04444156680256128,0.25367141980677843,5,16,27,0,,
2026-05-15T23:55:34.949023,noisy,persist,{'bins': 6},13,1,2,ok,13,26,0.20831288024783134,0.30028089694678783,0.510324789211154,5,20,41,0,,
2026-05-15T23:55:35.890377,noisy,persist,{'bins': 6},13,2,2,ok,26,39,0.20787923596799374,0.7248612195253372,0.9345886558294296,5,7,19,0,,
2026-05-15T23:55:36.285001,noisy,persist,{'bins': 6},13,3,2,ok,39,52,0.20514910761266947,0.18266097828745842,0.3895262898877263,5,9,16,0,,
2026-05-15T23:55:36.675418,noisy,persist,{'bins': 6},13,4,2,ok,52,65,0.20623594988137484,0.17720259446650743,0.38522885646671057,5,7,16,0,,
2026-05-15T23:55:37.038225,noisy,persist,{'bins': 6},14,0,2,ok,0,14,0.2075209328904748,0.0565372658893466,0.2658429816365242,5,13,23,0,,
2026-05-15T23:55:37.399818,noisy,persist,{'bins': 6},14,1,2,ok,14,28,0.20580521039664745,0.14844979718327522,0.35606775246560574,5,6,15,0,,
2026-05-15T23:55:38.104485,noisy,persist,{'bins': 6},14,2,2,ok,28,42,0.21148332580924034,0.4821434151381254,0.6956298938021064,5,11,25,0,,
2026-05-15T23:55:38.484782,noisy,persist,{'bins': 6},14,3,2,ok,42,56,0.2115454524755478,0.16305753588676453,0.3763635251671076,5,3,10,0,,
2026-05-15T23:55:38.860534,noisy,persist,{'bins': 6},14,4,2,ok,56,70,0.20962528605014086,0.15919915866106749,0.3707871316000819,5,5,12,0,,
2026-05-15T23:55:39.248097,noisy,persist,{'bins': 6},15,0,2,ok,0,15,0.21707285474985838,0.07180801033973694,0.2908836156129837,5,13,25,0,,
2026-05-15T23:55:39.813999,noisy,persist,{'bins': 6},15,1,2,ok,15,30,0.21664575301110744,0.3422571513801813,0.5610035602003336,5,13,30,0,,
2026-05-15T23:55:40.275747,noisy,persist,{'bins': 6},15,2,2,ok,30,45,0.21286928933113813,0.23967674188315868,0.45453185122460127,5,25,42,0,,
2026-05-15T23:55:40.976587,noisy,persist,{'bins': 6},15,3,2,ok,45,60,0.21265890449285507,0.47787479776889086,0.6925659887492657,5,10,20,0,,
2026-05-15T23:55:41.288374,noisy,persist,{'bins': 6},15,4,2,ok,60,75,0.21143197920173407,0.09457764774560928,0.3078576782718301,5,20,35,0,,
2026-05-15T23:55:42.498093,noisy,persist,{'bins': 6},16,0,2,ok,0,16,0.2198859378695488,0.8816877119243145,1.1042355699464679,5,18,32,0,,
2026-05-15T23:55:43.289903,noisy,persist,{'bins': 6},16,1,2,ok,16,32,0.2147079724818468,0.566119970753789,0.7830610573291779,5,7,19,0,,
2026-05-15T23:55:43.758327,noisy,persist,{'bins': 6},16,2,2,ok,32,48,0.2169252373278141,0.24277861788868904,0.4618085389956832,5,11,23,0,,
2026-05-15T23:55:44.129490,noisy,persist,{'bins': 6},16,3,2,ok,48,64,0.22085560951381922,0.14454038348048925,0.36739656142890453,5,25,44,0,,
2026-05-15T23:55:44.381561,noisy,persist,{'bins': 6},16,4,2,ok,64,80,0.21523348987102509,0.03196435980498791,0.24916651751846075,5,12,20,0,,
2026-05-15T23:55:45.053762,noisy,persist,{'bins': 6},17,0,2,ok,0,17,0.21844905987381935,0.3455313313752413,0.566397350281477,5,13,23,0,,
2026-05-15T23:55:45.449568,noisy,persist,{'bins': 6},17,1,2,ok,17,34,0.22209868393838406,0.1649675639346242,0.3892756877467036,5,12,23,0,,
2026-05-15T23:55:45.846833,noisy,persist,{'bins': 6},17,2,2,ok,34,51,0.22303423192352057,0.16697184927761555,0.3921679025515914,5,5,12,0,,
2026-05-15T23:55:46.478161,noisy,persist,{'bins': 6},17,3,2,ok,51,68,0.21959003154188395,0.40284248162060976,0.6246312335133553,5,20,37,0,,
2026-05-15T23:55:46.790279,noisy,persist,{'bins': 6},17,4,2,ok,68,85,0.21803933009505272,0.0862327441573143,0.306404379196465,5,13,22,0,,
2026-05-15T23:55:47.171162,noisy,persist,{'bins': 6},18,0,2,ok,0,18,0.22332540899515152,0.05850389041006565,0.284113890491426,5,12,21,0,,
2026-05-15T23:55:47.520322,noisy,persist,{'bins': 6},18,1,2,ok,18,36,0.2266524564474821,0.116666778922081,0.34540978260338306,5,11,22,0,,
2026-05-15T23:55:47.930044,noisy,persist,{'bins': 6},18,2,2,ok,36,54,0.225239435210824,0.17517206072807312,0.4026849055662751,5,19,34,0,,
2026-05-15T23:55:48.290695,noisy,persist,{'bins': 6},18,3,2,ok,54,72,0.22443422209471464,0.12865395471453667,0.35535636730492115,5,4,10,0,,
2026-05-15T23:55:48.610386,noisy,persist,{'bins': 6},18,4,2,ok,72,90,0.22886803932487965,0.08576605748385191,0.31676804553717375,5,12,23,0,,
2026-05-15T23:55:49.050567,noisy,persist,{'bins': 6},19,0,2,ok,0,19,0.22762836143374443,0.10989669244736433,0.3400332247838378,5,9,19,0,,
2026-05-15T23:55:49.707832,noisy,persist,{'bins': 6},19,1,2,ok,19,38,0.22711950540542603,0.4176776660606265,0.6472834916785359,5,14,23,0,,
2026-05-15T23:55:50.070933,noisy,persist,{'bins': 6},19,2,2,ok,38,57,0.23181495536118746,0.12313439790159464,0.3573294933885336,5,19,33,0,,
2026-05-15T23:55:50.499191,noisy,persist,{'bins': 6},19,3,2,ok,57,76,0.2263629948720336,0.1934514557942748,0.4224063288420439,5,17,30,0,,
2026-05-15T23:55:50.827327,noisy,persist,{'bins': 6},19,4,2,ok,76,95,0.23342449869960546,0.08889766875654459,0.32471456099301577,5,12,23,0,,
2026-05-15T23:55:51.246408,noisy,persist,{'bins': 6},20,0,2,ok,0,20,0.23794360738247633,0.08255130983889103,0.32298002392053604,5,18,33,0,,
2026-05-15T23:55:51.608318,noisy,persist,{'bins': 6},20,1,2,ok,20,40,0.23182518500834703,0.12361946795135736,0.35778974648565054,5,17,29,0,,
2026-05-15T23:55:52.099416,noisy,persist,{'bins': 6},20,2,2,ok,40,60,0.23876728489995003,0.24485215358436108,0.486076382920146,5,1,6,0,,
2026-05-15T23:55:52.436302,noisy,persist,{'bins': 6},20,3,2,ok,60,80,0.23523231409490108,0.0944580240175128,0.33209417294710875,5,13,25,0,,
2026-05-15T23:55:52.806970,noisy,persist,{'bins': 6},20,4,2,ok,80,100,0.23633417394012213,0.12711892183870077,0.36598861776292324,5,26,43,0,,
2026-05-15T23:55:53.790663,noisy,persist,{'bins': 6},21,0,2,ok,0,21,0.23735750652849674,0.6349437739700079,0.8752991911023855,5,13,24,0,,
2026-05-15T23:55:54.326202,noisy,persist,{'bins': 6},21,1,2,ok,21,42,0.23697130009531975,0.28608973044902086,0.5258218962699175,5,10,21,0,,
2026-05-15T23:55:54.786510,noisy,persist,{'bins': 6},21,2,2,ok,42,63,0.2438244316726923,0.2091641891747713,0.45556404907256365,5,19,41,0,,
2026-05-15T23:55:55.124444,noisy,persist,{'bins': 6},21,3,2,ok,63,84,0.24359547346830368,0.08820851426571608,0.3342979717999697,5,12,23,0,,
2026-05-15T23:55:56.508929,noisy,persist,{'bins': 6},21,4,2,ok,84,105,0.23597715329378843,1.1313942838460207,1.3703817008063197,5,10,22,0,,
2026-05-15T23:55:56.937945,noisy,persist,{'bins': 6},22,0,2,ok,0,22,0.24719840940088034,0.08287598937749863,0.3327277032658458,5,18,33,0,,
2026-05-15T23:55:57.530358,noisy,persist,{'bins': 6},22,1,2,ok,22,44,0.2395775057375431,0.34108618274331093,0.5835404619574547,5,17,31,0,,
2026-05-15T23:55:57.976875,noisy,persist,{'bins': 6},22,2,2,ok,44,66,0.2434271266683936,0.19448294304311275,0.44056287314742804,5,20,37,0,,
2026-05-15T23:55:58.294545,noisy,persist,{'bins': 6},22,3,2,ok,66,88,0.24027614761143923,0.0704644862562418,0.3133567878976464,5,20,30,0,,
2026-05-15T23:55:58.659751,noisy,persist,{'bins': 6},22,4,2,ok,88,110,0.24611165840178728,0.111735375598073,0.36061464343219995,5,12,23,0,,
2026-05-15T23:55:59.337428,noisy,persist,{'bins': 6},23,0,2,ok,0,23,0.24836181662976742,0.3201102837920189,0.5715707205235958,5,10,19,0,,
2026-05-15T23:55:59.799726,noisy,persist,{'bins': 6},23,1,2,ok,23,46,0.24909577332437038,0.202169019728899,0.45417280681431293,5,20,34,0,,
2026-05-15T23:56:00.230087,noisy,persist,{'bins': 6},23,2,2,ok,46,69,0.24832851253449917,0.17227365635335445,0.4234691746532917,5,20,36,0,,
2026-05-15T23:56:00.577015,noisy,persist,{'bins': 6},23,3,2,ok,69,92,0.25039900187402964,0.09040835779160261,0.3435254842042923,5,12,23,0,,
2026-05-15T23:56:01.884927,noisy,persist,{'bins': 6},23,4,2,ok,92,115,0.24390753917396069,1.0455322656780481,1.29249079618603,5,15,25,0,,
2026-05-15T23:56:02.303135,noisy,persist,{'bins': 6},24,0,2,ok,0,24,0.2550433957949281,0.062722934409976,0.32069133408367634,5,11,21,0,,
2026-05-15T23:56:03.080523,noisy,persist,{'bins': 6},24,1,2,ok,24,48,0.2544513549655676,0.513405785895884,0.7709608608856797,5,8,23,0,,
2026-05-15T23:56:03.471452,noisy,persist,{'bins': 6},24,2,2,ok,48,72,0.24798124097287655,0.13504329603165388,0.385930766351521,5,5,11,0,,
2026-05-15T23:56:04.092536,noisy,persist,{'bins': 6},24,3,2,ok,72,96,0.2511555328965187,0.3507111221551895,0.6050477903336287,5,20,36,0,,
2026-05-15T23:56:05.062641,noisy,persist,{'bins': 6},24,4,2,ok,96,120,0.2556391144171357,0.702712026424706,0.9613017840310931,5,10,23,0,,
2026-05-15T23:56:05.559661,noisy,persist,{'bins': 6},25,0,2,ok,0,25,0.258838695473969,0.1387265445664525,0.4004965955391526,5,10,22,0,,
2026-05-15T23:56:06.129943,noisy,persist,{'bins': 6},25,1,2,ok,25,50,0.2588144186884165,0.30241511575877666,0.5641945041716099,5,13,28,0,,
2026-05-15T23:56:06.573605,noisy,persist,{'bins': 6},25,2,2,ok,50,75,0.2525009913370013,0.17906219698488712,0.4346456676721573,5,5,12,0,,
2026-05-15T23:56:07.051936,noisy,persist,{'bins': 6},25,3,2,ok,75,100,0.25643702410161495,0.21019567549228668,0.46971670258790255,5,20,36,0,,
2026-05-15T23:56:07.814352,noisy,persist,{'bins': 6},25,4,2,ok,100,125,0.2527741640806198,0.49817324336618185,0.7540239663794637,5,9,19,0,,
2026-05-15T23:56:08.457368,noisy,persist,{'bins': 6},26,0,2,ok,0,26,0.2640363071113825,0.2759123845025897,0.5432193353772163,5,18,39,0,,
2026-05-15T23:56:09.398542,noisy,persist,{'bins': 6},26,1,2,ok,26,52,0.2613646388053894,0.6629095654934645,0.9277273500338197,5,6,15,0,,
2026-05-15T23:56:09.904748,noisy,persist,{'bins': 6},26,2,2,ok,52,78,0.2635604729875922,0.23391432873904705,0.5005325358361006,5,21,40,0,,
2026-05-15T23:56:10.347265,noisy,persist,{'bins': 6},26,3,2,ok,78,104,0.26096097100526094,0.17323242779821157,0.4371814811602235,5,16,28,0,,
2026-05-15T23:56:10.915755,noisy,persist,{'bins': 6},26,4,2,ok,104,130,0.2613319978117943,0.2973589990288019,0.5618665218353271,5,6,14,0,,
2026-05-15T23:56:11.494610,noisy,persist,{'bins': 6},27,0,2,ok,0,27,0.2612484097480774,0.2128875721246004,0.47755652852356434,5,16,30,0,,
2026-05-15T23:56:12.835510,noisy,persist,{'bins': 6},27,1,2,ok,27,54,0.26892498042434454,1.0565738063305616,1.3288717018440366,5,7,20,0,,
2026-05-15T23:56:13.223874,noisy,persist,{'bins': 6},27,2,2,ok,54,81,0.2649672068655491,0.11283626407384872,0.38110160641372204,5,13,25,0,,
2026-05-15T23:56:13.674652,noisy,persist,{'bins': 6},27,3,2,ok,81,108,0.25870016496628523,0.1825102437287569,0.44450968597084284,5,9,18,0,,
2026-05-15T23:56:15.824334,noisy,persist,{'bins': 6},27,4,2,ok,108,135,0.2625192478299141,1.8572094747796655,2.1234781555831432,5,28,44,0,,
2026-05-15T23:56:16.395885,noisy,persist,{'bins': 6},28,0,2,ok,0,28,0.27029512356966734,0.19589798245579004,0.4695803979411721,5,22,41,0,,
2026-05-15T23:56:17.249911,noisy,persist,{'bins': 6},28,1,2,ok,28,56,0.26876739505678415,0.568969814106822,0.8414117712527514,5,19,37,0,,
2026-05-15T23:56:17.706816,noisy,persist,{'bins': 6},28,2,2,ok,56,84,0.2697522537782788,0.17581841442734003,0.4489674288779497,5,12,23,0,,
2026-05-15T23:56:18.155971,noisy,persist,{'bins': 6},28,3,2,ok,84,112,0.2656137403100729,0.1677700486034155,0.43687867373228073,5,11,21,0,,
2026-05-15T23:56:19.274876,noisy,persist,{'bins': 6},28,4,2,ok,112,140,0.27140624076128006,0.818507008254528,1.0938032465055585,5,18,32,0,,
2026-05-15T23:56:19.872281,noisy,persist,{'bins': 6},29,0,2,ok,0,29,0.2725700680166483,0.21978620998561382,0.4958599088713527,5,21,40,0,,
2026-05-15T23:56:21.073576,noisy,persist,{'bins': 6},29,1,2,ok,29,58,0.28001582343131304,0.9086708556860685,1.192201940342784,5,4,14,0,,
2026-05-15T23:56:21.530612,noisy,persist,{'bins': 6},29,2,2,ok,58,87,0.27486737072467804,0.17121111135929823,0.4495461257174611,5,12,23,0,,
2026-05-15T23:56:22.097117,noisy,persist,{'bins': 6},29,3,2,ok,87,116,0.27487484738230705,0.27215979620814323,0.5508345905691385,5,14,22,0,,
2026-05-15T23:56:22.956012,noisy,persist,{'bins': 6},29,4,2,ok,116,145,0.269275339320302,0.5782503355294466,0.8509637033566833,5,37,65,0,,
2026-05-15T23:56:23.623971,noisy,persist,{'bins': 6},30,0,2,ok,0,30,0.2827612301334739,0.28364248387515545,0.5698741525411606,5,18,39,0,,
2026-05-15T23:56:24.458771,noisy,persist,{'bins': 6},30,1,2,ok,30,60,0.2835488086566329,0.5388942724093795,0.8260310897603631,5,17,33,0,,
2026-05-15T23:56:25.213564,noisy,persist,{'bins': 6},30,2,2,ok,60,90,0.28073023352772,0.45290672965347767,0.7374776480719447,5,9,17,0,,
2026-05-15T23:56:25.631564,noisy,persist,{'bins': 6},30,3,2,ok,90,120,0.27451611310243607,0.126139922067523,0.4043514570221305,5,13,22,0,,
2026-05-15T23:56:26.426844,noisy,persist,{'bins': 6},30,4,2,ok,120,150,0.2770977411419153,0.5062091983854771,0.786925807595253,5,15,28,0,,
2026-05-15T23:56:27.035666,noisy,persist,{'bins': 6},31,0,2,ok,0,31,0.2838824251666665,0.2206924231722951,0.5082670534029603,5,21,39,0,,
2026-05-15T23:56:27.600342,noisy,persist,{'bins': 6},31,1,2,ok,31,62,0.28420426044613123,0.2660279693081975,0.554034611210227,5,24,47,0,,
2026-05-15T23:56:27.985578,noisy,persist,{'bins': 6},31,2,2,ok,62,93,0.2859862670302391,0.0916543286293745,0.38120134361088276,5,12,23,0,,
2026-05-15T23:56:28.453807,noisy,persist,{'bins': 6},31,3,2,ok,93,124,0.27637800108641386,0.18299429398030043,0.4629784980788827,5,12,22,0,,
2026-05-15T23:56:29.154883,noisy,persist,{'bins': 6},31,4,2,ok,124,155,0.2775354338809848,0.4005284244194627,0.6820212416350842,5,8,16,0,,
2026-05-15T23:56:29.727333,noisy,persist,{'bins': 6},32,0,2,ok,0,32,0.28761692997068167,0.1806291425600648,0.4721396453678608,5,22,39,0,,
2026-05-15T23:56:30.454807,noisy,persist,{'bins': 6},32,1,2,ok,32,64,0.2914532460272312,0.42542754393070936,0.7206033729016781,5,21,41,0,,
2026-05-15T23:56:30.972369,noisy,persist,{'bins': 6},32,2,2,ok,64,96,0.29036422073841095,0.21847203187644482,0.5124866897240281,5,23,45,0,,
2026-05-15T23:56:32.450127,noisy,persist,{'bins': 6},32,3,2,ok,96,128,0.2915451377630234,1.1708263996988535,1.4662886653095484,5,33,68,0,,
2026-05-15T23:56:32.849574,noisy,persist,{'bins': 6},32,4,2,ok,128,160,0.2907227035611868,0.10112264193594456,0.39550831634551287,5,13,25,0,,
2026-05-15T23:56:33.426504,noisy,persist,{'bins': 6},33,0,2,ok,0,33,0.29453872237354517,0.18019827362149954,0.47853495832532644,5,21,38,0,,
2026-05-15T23:56:34.043799,noisy,persist,{'bins': 6},33,1,2,ok,33,66,0.29342361725866795,0.307376685552299,0.6049876678735018,5,22,42,0,,
2026-05-15T23:56:34.612138,noisy,persist,{'bins': 6},33,2,2,ok,66,99,0.2859512120485306,0.26085369009524584,0.5509621798992157,5,24,42,0,,
2026-05-15T23:56:38.025319,noisy,persist,{'bins': 6},33,3,2,ok,99,132,0.2893767459318042,3.082904288545251,3.37684353441,5,26,47,0,,
2026-05-15T23:56:38.641192,noisy,persist,{'bins': 6},33,4,2,ok,132,165,0.28701205365359783,0.30420627165585756,0.5953450864180923,5,13,22,0,,
2026-05-15T23:56:39.244086,noisy,persist,{'bins': 6},34,0,2,ok,0,34,0.2953959424048662,0.20366814639419317,0.5030174944549799,5,22,40,0,,
2026-05-15T23:56:39.764976,noisy,persist,{'bins': 6},34,1,2,ok,34,68,0.28980974946171045,0.21809138916432858,0.5121137714013457,5,10,21,0,,
2026-05-15T23:56:40.346986,noisy,persist,{'bins': 6},34,2,2,ok,68,102,0.2993432264775038,0.273169563151896,0.5764879360795021,5,11,25,0,,
2026-05-15T23:56:43.485069,noisy,persist,{'bins': 6},34,3,2,ok,102,136,0.2967943176627159,2.798795286566019,3.100244748406112,5,11,24,0,,
2026-05-15T23:56:43.894172,noisy,persist,{'bins': 6},34,4,2,ok,136,170,0.30078763887286186,0.10006221011281013,0.4047121535986662,5,13,25,0,,
2026-05-15T23:56:44.525355,noisy,persist,{'bins': 6},35,0,2,ok,0,35,0.2937021506950259,0.228045254945755,0.5258603105321527,5,22,40,0,,
2026-05-15T23:56:45.134807,noisy,persist,{'bins': 6},35,1,2,ok,35,70,0.2945451242849231,0.29923686757683754,0.5979852266609669,5,22,42,0,,
2026-05-15T23:56:45.803505,noisy,persist,{'bins': 6},35,2,2,ok,70,105,0.2950108181685209,0.35222928412258625,0.6516262115910649,5,10,16,0,,
2026-05-15T23:56:46.548883,noisy,persist,{'bins': 6},35,3,2,ok,105,140,0.29639302380383015,0.4286074275150895,0.7293273089453578,5,25,45,0,,
2026-05-15T23:56:46.966899,noisy,persist,{'bins': 6},35,4,2,ok,140,175,0.29358044173568487,0.11306922230869532,0.41063621174544096,5,5,12,0,,
2026-05-15T23:56:47.648287,noisy,persist,{'bins': 6},36,0,2,ok,0,36,0.3014251459389925,0.26808937173336744,0.5740277245640755,5,18,34,0,,
2026-05-15T23:56:48.346456,noisy,persist,{'bins': 6},36,1,2,ok,36,72,0.30771808605641127,0.3784729987382889,0.6903571197763085,5,18,38,0,,
2026-05-15T23:56:48.851778,noisy,persist,{'bins': 6},36,2,2,ok,72,108,0.29964048508554697,0.193128889426589,0.49705125764012337,5,9,18,0,,
2026-05-15T23:56:50.435867,noisy,persist,{'bins': 6},36,3,2,ok,108,144,0.3106709420681,1.2573247840628028,1.5724837258458138,5,26,58,0,,
2026-05-15T23:56:50.891663,noisy,persist,{'bins': 6},36,4,2,ok,144,180,0.3086704956367612,0.13875979650765657,0.4514956586062908,5,16,31,0,,
2026-05-15T23:56:51.656154,noisy,persist,{'bins': 6},37,0,2,ok,0,37,0.3100463291630149,0.34348669182509184,0.6579983187839389,5,6,19,0,,
2026-05-15T23:56:52.351393,noisy,persist,{'bins': 6},37,1,2,ok,37,74,0.3117233095690608,0.3718114048242569,0.6877456847578287,5,18,38,0,,
2026-05-15T23:56:52.884254,noisy,persist,{'bins': 6},37,2,2,ok,74,111,0.3050314309075475,0.21524183545261621,0.5245496882125735,5,17,30,0,,
2026-05-15T23:56:54.605317,noisy,persist,{'bins': 6},37,3,2,ok,111,148,0.31322227511554956,1.3914771070703864,1.709081131964922,5,25,46,0,,
2026-05-15T23:56:55.116107,noisy,persist,{'bins': 6},37,4,2,ok,148,185,0.3025211049243808,0.1907021114602685,0.4976167194545269,5,14,26,0,,
2026-05-15T23:56:55.859464,noisy,persist,{'bins': 6},38,0,2,ok,0,38,0.31620364636182785,0.32232410088181496,0.6428888291120529,5,25,45,0,,
2026-05-15T23:56:56.421099,noisy,persist,{'bins': 6},38,1,2,ok,38,76,0.3064032578840852,0.2435115845873952,0.5543149979785085,5,22,41,0,,
2026-05-15T23:56:56.947087,noisy,persist,{'bins': 6},38,2,2,ok,76,114,0.3145215753465891,0.19210809282958508,0.5112916547805071,5,11,18,0,,
2026-05-15T23:56:57.448878,noisy,persist,{'bins': 6},38,3,2,ok,114,152,0.3186968695372343,0.17423938866704702,0.49725283589214087,5,13,28,0,,
2026-05-15T23:56:57.906214,noisy,persist,{'bins': 6},38,4,2,ok,152,190,0.31578369718044996,0.1330866003409028,0.4530639247968793,5,20,38,0,,
2026-05-15T23:56:58.649837,noisy,persist,{'bins': 6},39,0,2,ok,0,39,0.3191843945533037,0.32035442255437374,0.6441698353737593,5,25,45,0,,
2026-05-15T23:56:59.256853,noisy,persist,{'bins': 6},39,1,2,ok,39,78,0.31709795631468296,0.2737968321889639,0.5957477334886789,5,13,31,0,,
2026-05-15T23:56:59.808735,noisy,persist,{'bins': 6},39,2,2,ok,78,117,0.31522154062986374,0.22296976204961538,0.5427461983636022,5,17,30,0,,
2026-05-15T23:57:00.278231,noisy,persist,{'bins': 6},39,3,2,ok,117,156,0.31847378984093666,0.1304527437314391,0.4536361200734973,5,10,20,0,,
2026-05-15T23:57:00.886860,noisy,persist,{'bins': 6},39,4,2,ok,156,195,0.3115164116024971,0.27748690266162157,0.593743828125298,5,14,25,0,,
2026-05-15T23:57:02.491467,noisy,persist,{'bins': 6},40,0,2,ok,0,40,0.3214097246527672,1.1587759666144848,1.4852741789072752,5,10,24,0,,
2026-05-15T23:57:03.126526,noisy,persist,{'bins': 6},40,1,2,ok,40,80,0.31627918779850006,0.29841877054423094,0.6196599081158638,5,12,21,0,,
2026-05-15T23:57:03.689505,noisy,persist,{'bins': 6},40,2,2,ok,80,120,0.3136609885841608,0.22493810765445232,0.5435846615582705,5,16,26,0,,
2026-05-15T23:57:04.166497,noisy,persist,{'bins': 6},40,3,2,ok,120,160,0.31783416867256165,0.13873862754553556,0.4614053927361965,5,14,23,0,,
2026-05-15T23:57:04.617751,noisy,persist,{'bins': 6},40,4,2,ok,160,200,0.3234887095168233,0.11871898360550404,0.44671298563480377,5,17,34,0,,
2026-05-15T23:57:06.235096,noisy,persist,{'bins': 6},41,0,2,ok,0,41,0.320210381411016,1.172099812887609,1.4975910438224673,5,9,17,0,,
2026-05-15T23:57:06.760748,noisy,persist,{'bins': 6},41,1,2,ok,41,82,0.32633359264582396,0.18218678794801235,0.5132463974878192,5,12,23,0,,
2026-05-15T23:57:07.213960,noisy,persist,{'bins': 6},41,2,2,ok,82,123,0.3219709191471338,0.11498480010777712,0.4416828388348222,5,16,26,0,,
2026-05-15T23:57:07.652423,noisy,persist,{'bins': 6},41,3,2,ok,123,164,0.32805695105344057,0.1016437616199255,0.43421256728470325,5,13,25,0,,
2026-05-15T23:57:09.645329,noisy,persist,{'bins': 6},41,4,2,ok,164,205,0.3212573193013668,1.631480673328042,1.9579293429851532,5,16,29,0,,
2026-05-15T23:57:11.326168,noisy,persist,{'bins': 6},42,0,2,ok,0,42,0.3255305355414748,1.2274988610297441,1.5583572629839182,5,15,29,0,,
2026-05-15T23:57:11.874913,noisy,persist,{'bins': 6},42,1,2,ok,42,84,0.3337323609739542,0.20441139303147793,0.5427974443882704,5,8,18,0,,
2026-05-15T23:57:12.318155,noisy,persist,{'bins': 6},42,2,2,ok,84,126,0.32324688509106636,0.10718189366161823,0.4352730382233858,5,11,20,0,,
2026-05-15T23:57:12.812091,noisy,persist,{'bins': 6},42,3,2,ok,126,168,0.32240416295826435,0.1542020533233881,0.48160585574805737,5,11,21,0,,
2026-05-15T23:57:13.508798,noisy,persist,{'bins': 6},42,4,2,ok,168,210,0.3262618388980627,0.3467509029433131,0.6781055983155966,5,21,41,0,,
2026-05-15T23:57:14.315675,noisy,persist,{'bins': 6},43,0,2,ok,0,43,0.33735392335802317,0.3646847493946552,0.7068591071292758,5,24,46,0,,
2026-05-15T23:57:14.867880,noisy,persist,{'bins': 6},43,1,2,ok,43,86,0.33644368313252926,0.2055005682632327,0.5468127159401774,5,8,18,0,,
2026-05-15T23:57:15.421418,noisy,persist,{'bins': 6},43,2,2,ok,86,129,0.33459267765283585,0.1952951792627573,0.5350143853574991,5,15,26,0,,
2026-05-15T23:57:15.856983,noisy,persist,{'bins': 6},43,3,2,ok,129,172,0.33706799522042274,0.08907703589648008,0.43093719333410263,5,9,18,0,,
2026-05-15T23:57:17.052809,noisy,persist,{'bins': 6},43,4,2,ok,172,215,0.3332831570878625,0.8301840722560883,1.1688680434599519,5,41,75,0,,
2026-05-15T23:57:17.741555,noisy,persist,{'bins': 6},44,0,2,ok,0,44,0.3324381187558174,0.24624232482165098,0.5838510654866695,5,14,29,0,,
2026-05-15T23:57:18.297717,noisy,persist,{'bins': 6},44,1,2,ok,44,88,0.34124920051544905,0.20439403038471937,0.5505681205540895,5,8,18,0,,
2026-05-15T23:57:18.950348,noisy,persist,{'bins': 6},44,2,2,ok,88,132,0.33246154244989157,0.29368400666862726,0.6316413320600986,5,10,22,0,,
2026-05-15T23:57:19.463085,noisy,persist,{'bins': 6},44,3,2,ok,132,176,0.33536465745419264,0.16115411091595888,0.5017120223492384,5,9,19,0,,
2026-05-15T23:57:22.495168,noisy,persist,{'bins': 6},44,4,2,ok,176,220,0.3392570177093148,2.6546667274087667,2.999673133715987,5,27,50,0,,
2026-05-15T23:57:23.313065,noisy,persist,{'bins': 6},45,0,2,ok,0,45,0.34533866122365,0.36645326018333435,0.7168464260175824,5,24,46,0,,
2026-05-15T23:57:23.960630,noisy,persist,{'bins': 6},45,1,2,ok,45,90,0.33956178836524487,0.28139013424515724,0.6264048758894205,5,12,23,0,,
2026-05-15T23:57:24.513310,noisy,persist,{'bins': 6},45,2,2,ok,90,135,0.34409028571099043,0.19685951713472605,0.546241763047874,5,14,28,0,,
2026-05-15T23:57:25.097927,noisy,persist,{'bins': 6},45,3,2,ok,135,180,0.3455859962850809,0.2283176565542817,0.5789773631840944,5,4,13,0,,
2026-05-15T23:57:28.066987,noisy,persist,{'bins': 6},45,4,2,ok,180,225,0.3469811575487256,2.5700185410678387,2.9228419410064816,5,24,45,0,,
2026-05-15T23:57:28.817954,noisy,persist,{'bins': 6},46,0,2,ok,0,46,0.3933769725263119,0.24663049448281527,0.645402992144227,5,21,39,0,,
2026-05-15T23:57:29.338753,noisy,persist,{'bins': 6},46,1,2,ok,46,92,0.34072448313236237,0.16855753678828478,0.5144393676891923,5,12,22,0,,
2026-05-15T23:57:29.842831,noisy,persist,{'bins': 6},46,2,2,ok,92,138,0.34391919523477554,0.14002931211143732,0.4893625658005476,5,18,30,0,,
2026-05-15T23:57:30.383700,noisy,persist,{'bins': 6},46,3,2,ok,138,184,0.35099934320896864,0.17932115495204926,0.5355344619601965,5,11,26,0,,
2026-05-15T23:57:31.575032,noisy,persist,{'bins': 6},46,4,2,ok,184,230,0.35246242210268974,0.8220750410109758,1.1798630561679602,5,15,31,0,,
2026-05-15T23:57:32.404902,noisy,persist,{'bins': 6},47,0,2,ok,0,47,0.3553087981417775,0.36858568526804447,0.7292193658649921,5,24,46,0,,
2026-05-15T23:57:32.919592,noisy,persist,{'bins': 6},47,1,2,ok,47,94,0.3522007595747709,0.14873046521097422,0.5063412366434932,5,11,21,0,,
2026-05-15T23:57:33.518985,noisy,persist,{'bins': 6},47,2,2,ok,94,141,0.3533707885071635,0.23402242362499237,0.5926997987553477,5,15,31,0,,
2026-05-15T23:57:34.112654,noisy,persist,{'bins': 6},47,3,2,ok,141,188,0.34592155553400517,0.22944851126521826,0.5808804268017411,5,19,33,0,,
2026-05-15T23:57:34.762998,noisy,persist,{'bins': 6},47,4,2,ok,188,235,0.3556829709559679,0.28354525193572044,0.6445336174219847,5,22,45,0,,
2026-05-15T23:57:35.931502,noisy,persist,{'bins': 6},48,0,2,ok,0,48,0.40653934702277184,0.6343755684792995,1.047036132775247,5,12,24,0,,
2026-05-15T23:57:36.704004,noisy,persist,{'bins': 6},48,1,2,ok,48,96,0.36074184253811836,0.3994638454169035,0.7656348263844848,5,17,40,0,,
2026-05-15T23:57:38.025123,noisy,persist,{'bins': 6},48,2,2,ok,96,144,0.35134509298950434,0.9534919047728181,1.3103608237579465,5,19,41,0,,
2026-05-15T23:57:38.518232,noisy,persist,{'bins': 6},48,3,2,ok,144,192,0.3564646700397134,0.12268878053873777,0.48457568511366844,5,9,18,0,,
2026-05-15T23:57:39.202833,noisy,persist,{'bins': 6},48,4,2,ok,192,240,0.36171262711286545,0.31096454337239265,0.6780894678086042,5,22,46,0,,
2026-05-15T23:57:39.915589,noisy,persist,{'bins': 6},49,0,2,ok,0,49,0.36048575211316347,0.24251125659793615,0.608665986917913,5,22,40,0,,
2026-05-15T23:57:41.013648,noisy,persist,{'bins': 6},49,1,2,ok,49,98,0.3552738819271326,0.7090168287977576,1.0702209509909153,5,16,29,0,,
2026-05-15T23:57:50.408883,noisy,persist,{'bins': 6},49,2,2,ok,98,147,0.35986706987023354,8.950163340196013,9.316782933659852,5,10,20,0,,
2026-05-15T23:57:50.946358,noisy,persist,{'bins': 6},49,3,2,ok,147,196,0.35549940541386604,0.16418359149247408,0.5253225704655051,5,12,24,0,,
2026-05-15T23:57:51.634219,noisy,persist,{'bins': 6},49,4,2,ok,196,245,0.36200438532978296,0.29378451500087976,0.661653365008533,5,15,30,0,,
2026-05-15T23:57:52.360221,noisy,persist,{'bins': 6},50,0,2,ok,0,50,0.3613121649250388,0.24931946583092213,0.6164285792037845,5,22,40,0,,
2026-05-15T23:57:53.047571,noisy,persist,{'bins': 6},50,1,2,ok,50,100,0.3640736024826765,0.3022808050736785,0.672464232891798,5,9,20,0,,
2026-05-15T23:57:57.038191,noisy,persist,{'bins': 6},50,2,2,ok,100,150,0.3587456541135907,3.573026775382459,3.9386971965432167,5,5,12,0,,
2026-05-15T23:57:57.503029,noisy,persist,{'bins': 6},50,3,2,ok,150,200,0.3639601385220885,0.09081662353128195,0.4602097673341632,5,9,18,0,,
2026-05-15T23:57:58.328492,noisy,persist,{'bins': 6},50,4,2,ok,200,250,0.3676435463130474,0.4451593589037657,0.8184100370854139,5,22,46,0,,
2026-05-15T23:57:59.004908,noisy,persist,{'bins': 6},51,0,2,ok,0,51,0.36723895743489265,0.19975930452346802,0.5727663571015,5,22,39,0,,
2026-05-15T23:57:59.687883,noisy,persist,{'bins': 6},51,1,2,ok,51,102,0.3648124607279897,0.2995603634044528,0.6703049661591649,5,8,19,0,,
2026-05-15T23:58:00.240704,noisy,persist,{'bins': 6},51,2,2,ok,102,153,0.3593822596594691,0.1781882056966424,0.5433416357263923,5,11,20,0,,
2026-05-15T23:58:00.780940,noisy,persist,{'bins': 6},51,3,2,ok,153,204,0.37645608000457287,0.15221206471323967,0.5344830863177776,5,25,43,0,,
2026-05-15T23:58:01.483757,noisy,persist,{'bins': 6},51,4,2,ok,204,255,0.3654974764212966,0.3157829958945513,0.6873032553121448,5,18,34,0,,
2026-05-15T23:58:02.237667,noisy,persist,{'bins': 6},52,0,2,ok,0,52,0.3733911830931902,0.26522852666676044,0.644652190618217,5,22,40,0,,
2026-05-15T23:58:02.987658,noisy,persist,{'bins': 6},52,1,2,ok,52,104,0.36917957197874784,0.36050665099173784,0.7360059339553118,5,9,18,0,,
2026-05-15T23:58:03.848482,noisy,persist,{'bins': 6},52,2,2,ok,104,156,0.36711183842271566,0.4535429244861007,0.8270486230030656,5,13,22,0,,
2026-05-15T23:58:04.435641,noisy,persist,{'bins': 6},52,3,2,ok,156,208,0.3740173792466521,0.18236188683658838,0.5625805342569947,5,16,31,0,,
2026-05-15T23:58:05.373216,noisy,persist,{'bins': 6},52,4,2,ok,208,260,0.3764649583026767,0.5467041712254286,0.9290074855089188,5,16,35,0,,
2026-05-15T23:58:06.228459,noisy,persist,{'bins': 6},53,0,2,ok,0,53,0.38007648941129446,0.36820597387850285,0.7541585108265281,5,24,46,0,,
2026-05-15T23:58:07.222237,noisy,persist,{'bins': 6},53,1,2,ok,53,106,0.3803272917866707,0.5981200886890292,0.9844093192368746,5,19,38,0,,
2026-05-15T23:58:07.703302,noisy,persist,{'bins': 6},53,2,2,ok,106,159,0.36877986043691635,0.09522683825343847,0.47030930779874325,5,19,28,0,,
2026-05-15T23:58:08.263749,noisy,persist,{'bins': 6},53,3,2,ok,159,212,0.3802017252892256,0.1688977163285017,0.5549629451707006,5,21,39,0,,
2026-05-15T23:58:09.298910,noisy,persist,{'bins': 6},53,4,2,ok,212,265,0.3804407138377428,0.6385406032204628,1.0250808838754892,5,21,45,0,,
2026-05-15T23:58:10.060040,noisy,persist,{'bins': 6},54,0,2,ok,0,54,0.37771013751626015,0.2647192906588316,0.648619064129889,5,22,40,0,,
2026-05-15T23:58:10.702594,noisy,persist,{'bins': 6},54,1,2,ok,54,108,0.3803279623389244,0.24941012542694807,0.635695998556912,5,9,17,0,,
2026-05-15T23:58:11.205065,noisy,persist,{'bins': 6},54,2,2,ok,108,162,0.3781881621107459,0.1095094159245491,0.4937697844579816,5,10,20,0,,
2026-05-15T23:58:11.804072,noisy,persist,{'bins': 6},54,3,2,ok,162,216,0.3863226315006614,0.20096139330416918,0.593249199911952,5,21,39,0,,
2026-05-15T23:58:12.501676,noisy,persist,{'bins': 6},54,4,2,ok,216,270,0.3746205633506179,0.2966451486572623,0.6773282187059522,5,10,22,0,,
2026-05-15T23:58:14.075410,noisy,persist,{'bins': 6},55,0,2,ok,0,55,0.37837257981300354,1.056168076582253,1.4412992112338543,5,11,20,0,,
2026-05-15T23:58:14.728169,noisy,persist,{'bins': 6},55,1,2,ok,55,110,0.3893951829522848,0.2500350587069988,0.6455616699531674,5,9,17,0,,
2026-05-15T23:58:15.219191,noisy,persist,{'bins': 6},55,2,2,ok,110,165,0.38679781556129456,0.0894685611128807,0.4824590189382434,5,10,20,0,,
2026-05-15T23:58:15.822801,noisy,persist,{'bins': 6},55,3,2,ok,165,220,0.3885516198351979,0.20289218798279762,0.5975589249283075,5,21,39,0,,
2026-05-15T23:58:16.569445,noisy,persist,{'bins': 6},55,4,2,ok,220,275,0.37950811441987753,0.3461085772141814,0.7320576896890998,5,8,20,0,,
2026-05-15T23:58:18.064277,noisy,persist,{'bins': 6},56,0,2,ok,0,56,0.3843732010573149,0.9754718914628029,1.3670203797519207,5,17,29,0,,
2026-05-15T23:58:19.068168,noisy,persist,{'bins': 6},56,1,2,ok,56,112,0.3931937702000141,0.594678083434701,0.9941970137879252,5,19,38,0,,
2026-05-15T23:58:19.723859,noisy,persist,{'bins': 6},56,2,2,ok,112,168,0.3848393661901355,0.23277680296450853,0.6242703581228852,5,15,25,0,,
2026-05-15T23:58:20.258478,noisy,persist,{'bins': 6},56,3,2,ok,168,224,0.38940910063683987,0.13277350272983313,0.5284409690648317,5,13,25,0,,
2026-05-15T23:58:21.257204,noisy,persist,{'bins': 6},56,4,2,ok,224,280,0.39260235894471407,0.5907318023964763,0.989659121260047,5,18,41,0,,
2026-05-15T23:58:22.138345,noisy,persist,{'bins': 6},57,0,2,ok,0,57,0.39943125564605,0.3732451191172004,0.7790689514949918,5,24,46,0,,
2026-05-15T23:58:22.798730,noisy,persist,{'bins': 6},57,1,2,ok,57,114,0.3875938206911087,0.25955887977033854,0.6534671913832426,5,11,20,0,,
2026-05-15T23:58:23.364343,noisy,persist,{'bins': 6},57,2,2,ok,114,171,0.3998667523264885,0.15382538549602032,0.5599916204810143,5,17,33,0,,
2026-05-15T23:58:23.970209,noisy,persist,{'bins': 6},57,3,2,ok,171,228,0.3920532362535596,0.1945386892184615,0.5930812144652009,5,7,19,0,,
2026-05-15T23:58:24.794983,noisy,persist,{'bins': 6},57,4,2,ok,228,285,0.39483056403696537,0.40140082500874996,0.8030011933296919,5,18,35,0,,
2026-05-15T23:58:25.734279,noisy,persist,{'bins': 6},58,0,2,ok,0,58,0.4036984499543905,0.4260917427018285,0.8363001001998782,5,24,46,0,,
2026-05-15T23:58:26.745927,noisy,persist,{'bins': 6},58,1,2,ok,58,116,0.4026476973667741,0.5927137546241283,1.0020622871816158,5,19,38,0,,
2026-05-15T23:58:30.415465,noisy,persist,{'bins': 6},58,2,2,ok,116,174,0.4004123080521822,3.2203854406252503,3.6283526681363583,5,13,29,0,,
2026-05-15T23:58:31.665454,noisy,persist,{'bins': 6},58,3,2,ok,174,232,0.4016456548124552,0.8042464023455977,1.2130352845415473,5,10,23,0,,
2026-05-15T23:58:32.557719,noisy,persist,{'bins': 6},58,4,2,ok,232,290,0.38996488507837057,0.4718407252803445,0.8687411975115538,5,14,24,0,,
2026-05-15T23:58:33.869188,noisy,persist,{'bins': 6},59,0,2,ok,0,59,0.39565661642700434,0.783032457344234,1.1859116796404123,5,12,20,0,,
2026-05-15T23:58:34.893094,noisy,persist,{'bins': 6},59,1,2,ok,59,118,0.40636481903493404,0.6010051993653178,1.0139887602999806,5,19,38,0,,
2026-05-15T23:58:35.485934,noisy,persist,{'bins': 6},59,2,2,ok,118,177,0.40377072617411613,0.17212638165801764,0.5825011720880866,5,9,19,0,,
2026-05-15T23:58:36.124091,noisy,persist,{'bins': 6},59,3,2,ok,177,236,0.4038726380094886,0.21572768967598677,0.6263189064338803,5,18,34,0,,
2026-05-15T23:58:38.213778,noisy,persist,{'bins': 6},59,4,2,ok,236,295,0.3982861749827862,1.6353377318009734,2.0413529742509127,5,22,37,0,,
2026-05-15T23:58:39.039329,noisy,persist,{'bins': 6},60,0,2,ok,0,60,0.40834587067365646,0.29692355170845985,0.7123612724244595,5,22,40,0,,
2026-05-15T23:58:40.068333,noisy,persist,{'bins': 6},60,1,2,ok,60,120,0.41111521143466234,0.6013050125911832,1.0191815439611673,5,19,38,0,,
2026-05-15T23:58:40.870824,noisy,persist,{'bins': 6},60,2,2,ok,120,180,0.40222808811813593,0.36661980394273996,0.7759106596931815,5,20,37,0,,
2026-05-15T23:58:41.823478,noisy,persist,{'bins': 6},60,3,2,ok,180,240,0.40136457700282335,0.5096306866034865,0.9182274686172605,5,17,28,0,,
2026-05-15T23:58:43.524293,noisy,persist,{'bins': 6},60,4,2,ok,240,300,0.41369655076414347,1.26605589594692,1.6866213688626885,5,7,19,0,,
2026-05-15T23:58:44.491255,noisy,persist,{'bins': 6},61,0,2,ok,0,61,0.41198619827628136,0.43162784073501825,0.8507358860224485,5,6,15,0,,
2026-05-15T23:58:45.420480,noisy,persist,{'bins': 6},61,1,2,ok,61,122,0.4164808997884393,0.49741978012025356,0.9206743435934186,5,15,33,0,,
2026-05-15T23:58:46.109485,noisy,persist,{'bins': 6},61,2,2,ok,122,183,0.41328180208802223,0.24206828512251377,0.6625772025436163,5,9,19,0,,
2026-05-15T23:58:46.947173,noisy,persist,{'bins': 6},61,3,2,ok,183,244,0.4169738460332155,0.4061688408255577,0.8301785122603178,5,12,27,0,,
2026-05-15T23:58:47.892847,noisy,persist,{'bins': 6},61,4,2,ok,244,305,0.40677730459719896,0.5223424844443798,0.935977409593761,5,11,26,0,,
2026-05-15T23:58:48.800108,noisy,persist,{'bins': 6},62,0,2,ok,0,62,0.4079412203282118,0.3700878182426095,0.7853774512186646,5,11,22,0,,
2026-05-15T23:58:49.484657,noisy,persist,{'bins': 6},62,1,2,ok,62,124,0.41120219603180885,0.25243785232305527,0.6707708220928907,5,17,30,0,,
2026-05-15T23:58:50.106758,noisy,persist,{'bins': 6},62,2,2,ok,124,186,0.4130999594926834,0.1868348279967904,0.606981324031949,5,17,32,0,,
2026-05-15T23:58:50.683550,noisy,persist,{'bins': 6},62,3,2,ok,186,248,0.4137823423370719,0.14845599047839642,0.5691226236522198,5,16,30,0,,
2026-05-15T23:58:52.213150,noisy,persist,{'bins': 6},62,4,2,ok,248,310,0.42107021156698465,1.0879678279161453,1.5161632234230638,5,24,47,0,,
2026-05-15T23:58:53.165560,noisy,persist,{'bins': 6},63,0,2,ok,0,63,0.41699931491166353,0.41397572588175535,0.8383021932095289,5,6,15,0,,
2026-05-15T23:58:53.931623,noisy,persist,{'bins': 6},63,1,2,ok,63,126,0.4121034471318126,0.32184799667447805,0.7414755076169968,5,7,15,0,,
2026-05-15T23:58:54.667445,noisy,persist,{'bins': 6},63,2,2,ok,126,189,0.42611417546868324,0.2954411180689931,0.7285967590287328,5,6,18,0,,
2026-05-15T23:58:55.358491,noisy,persist,{'bins': 6},63,3,2,ok,189,252,0.4134129583835602,0.26172544807195663,0.6821042699739337,5,17,32,0,,
2026-05-15T23:58:56.086382,noisy,persist,{'bins': 6},63,4,2,ok,252,315,0.4242575680837035,0.289282257668674,0.720488278195262,5,14,28,0,,
2026-05-15T23:58:57.007948,noisy,persist,{'bins': 6},64,0,2,ok,0,64,0.4251731773838401,0.3786657527089119,0.8111590892076492,5,6,15,0,,
2026-05-15T23:58:57.949504,noisy,persist,{'bins': 6},64,1,2,ok,64,128,0.42819571401923895,0.4968011286109686,0.9321124088019133,5,15,33,0,,
2026-05-15T23:58:58.569575,noisy,persist,{'bins': 6},64,2,2,ok,128,192,0.4211650900542736,0.18174063973128796,0.6100440779700875,5,9,19,0,,
2026-05-15T23:58:59.595873,noisy,persist,{'bins': 6},64,3,2,ok,192,256,0.43075761664658785,0.5795963350683451,1.0175756579264998,5,23,50,0,,
2026-05-15T23:59:00.386227,noisy,persist,{'bins': 6},64,4,2,ok,256,320,0.42121961060911417,0.33294862881302834,0.7617648197337985,5,13,26,0,,
2026-05-15T23:59:01.360468,noisy,persist,{'bins': 6},65,0,2,ok,0,65,0.42437493801116943,0.43190175760537386,0.8637256659567356,5,6,15,0,,
2026-05-15T23:59:02.135114,noisy,persist,{'bins': 6},65,1,2,ok,65,130,0.4249398587271571,0.31260089855641127,0.745169366709888,5,16,29,0,,
2026-05-15T23:59:02.742856,noisy,persist,{'bins': 6},65,2,2,ok,130,195,0.42611092887818813,0.16013987734913826,0.5939335459843278,5,9,19,0,,
2026-05-15T23:59:03.426323,noisy,persist,{'bins': 6},65,3,2,ok,195,260,0.42344412952661514,0.2441449575126171,0.6749439211562276,5,18,33,0,,
2026-05-15T23:59:04.120497,noisy,persist,{'bins': 6},65,4,2,ok,260,325,0.4191985260695219,0.25627276673913,0.6831259997561574,5,10,18,0,,
2026-05-15T23:59:05.041815,noisy,persist,{'bins': 6},66,0,2,ok,0,66,0.4334763437509537,0.3689788654446602,0.8099967949092388,5,6,15,0,,
2026-05-15T23:59:09.565121,noisy,persist,{'bins': 6},66,1,2,ok,66,132,0.4244371550157666,4.0096724685281515,4.442648041062057,5,8,16,0,,
2026-05-15T23:59:10.260059,noisy,persist,{'bins': 6},66,2,2,ok,132,198,0.4373140623793006,0.24228519294410944,0.6867522411048412,5,6,18,0,,
2026-05-15T23:59:11.293079,noisy,persist,{'bins': 6},66,3,2,ok,198,264,0.4383864374831319,0.5770594915375113,1.0227012056857347,5,9,21,0,,
2026-05-15T23:59:15.779922,noisy,persist,{'bins': 6},66,4,2,ok,264,330,0.4274690393358469,3.9660948459059,4.401939136907458,5,6,16,0,,
2026-05-15T23:59:16.897392,noisy,persist,{'bins': 6},67,0,2,ok,0,67,0.4295067582279444,0.5614325478672981,0.9990129508078098,5,20,33,0,,
2026-05-15T23:59:17.527038,noisy,persist,{'bins': 6},67,1,2,ok,67,134,0.4343775063753128,0.17968027852475643,0.6217337334528565,5,16,28,0,,
2026-05-15T23:59:18.546765,noisy,persist,{'bins': 6},67,2,2,ok,134,201,0.43853310216218233,0.5406280616298318,0.9873696211725473,5,12,22,0,,
2026-05-15T23:59:20.603485,noisy,persist,{'bins': 6},67,3,2,ok,201,268,0.43796534556895494,1.550431190058589,1.996704370714724,5,10,19,0,,
2026-05-15T23:59:21.468360,noisy,persist,{'bins': 6},67,4,2,ok,268,335,0.4377414742484689,0.39601391553878784,0.8414988862350583,5,24,41,0,,
2026-05-15T23:59:22.684051,noisy,persist,{'bins': 6},68,0,2,ok,0,68,0.44652792904525995,0.6572347581386566,1.111328849568963,5,22,44,0,,
2026-05-15T23:59:23.526826,noisy,persist,{'bins': 6},68,1,2,ok,68,136,0.437260402366519,0.36134174186736345,0.8066244516521692,5,16,27,0,,
2026-05-15T23:59:24.383491,noisy,persist,{'bins': 6},68,2,2,ok,136,204,0.4375421106815338,0.3747736709192395,0.8205010266974568,5,17,30,0,,
2026-05-15T23:59:25.253988,noisy,persist,{'bins': 6},68,3,2,ok,204,272,0.43467371352016926,0.4192960178479552,0.8618012610822916,5,6,14,0,,
2026-05-15T23:59:26.262295,noisy,persist,{'bins': 6},68,4,2,ok,272,340,0.43578945752233267,0.5321114147081971,0.9760314440354705,5,14,23,0,,
2026-05-15T23:59:27.979778,noisy,persist,{'bins': 6},69,0,2,ok,0,69,0.43791612423956394,1.1378397643566132,1.5840557683259249,5,11,19,0,,
2026-05-15T23:59:28.955452,noisy,persist,{'bins': 6},69,1,2,ok,69,138,0.4484962858259678,0.5100368605926633,0.9661914007738233,5,22,43,0,,
2026-05-15T23:59:32.073325,noisy,persist,{'bins': 6},69,2,2,ok,138,207,0.44686962105333805,2.5843830993399024,3.0402918783947825,5,14,28,0,,
2026-05-15T23:59:33.298350,noisy,persist,{'bins': 6},69,3,2,ok,207,276,0.4493960468098521,0.7558115683495998,1.2128277383744717,5,13,35,0,,
2026-05-15T23:59:34.582865,noisy,persist,{'bins': 6},69,4,2,ok,276,345,0.4459318285807967,0.7843282716348767,1.2385098366066813,5,13,22,0,,
2026-05-15T23:59:35.593397,noisy,persist,{'bins': 6},70,0,2,ok,0,70,0.4473268482834101,0.4402175275608897,0.8956495998427272,5,5,14,0,,
2026-05-15T23:59:36.376139,noisy,persist,{'bins': 6},70,1,2,ok,70,140,0.4468394136056304,0.303386521525681,0.7584064919501543,5,16,29,0,,
2026-05-15T23:59:37.195041,noisy,persist,{'bins': 6},70,2,2,ok,140,210,0.4537171432748437,0.3495300952345133,0.8113075885921717,5,10,23,0,,
2026-05-15T23:59:38.143515,noisy,persist,{'bins': 6},70,3,2,ok,210,280,0.444390082731843,0.4866578755900264,0.9388411976397038,5,23,46,0,,
2026-05-15T23:59:39.049064,noisy,persist,{'bins': 6},70,4,2,ok,280,350,0.45080529246479273,0.43313018418848515,0.8917799619957805,5,14,27,0,,
2026-05-15T23:59:40.278705,noisy,persist,{'bins': 6},71,0,2,ok,0,71,0.45943241752684116,0.6575497491285205,1.1248881770297885,5,22,44,0,,
2026-05-15T23:59:52.963366,noisy,persist,{'bins': 6},71,1,2,ok,71,142,0.4539842652156949,12.129528786987066,12.593456638976932,5,16,32,0,,
2026-05-15T23:59:54.506717,noisy,persist,{'bins': 6},71,2,2,ok,142,213,0.5051020625978708,0.9686125805601478,1.482741697691381,5,10,20,0,,
2026-05-15T23:59:55.420220,noisy,persist,{'bins': 6},71,3,2,ok,213,284,0.45453306566923857,0.4400255847722292,0.9024253869429231,5,24,46,0,,
2026-05-15T23:59:56.394494,noisy,persist,{'bins': 6},71,4,2,ok,284,355,0.4464226718991995,0.5009787464514375,0.9554915726184845,5,16,29,0,,
2026-05-15T23:59:57.629285,noisy,persist,{'bins': 6},72,0,2,ok,0,72,0.4635788453742862,0.6581673184409738,1.1301126405596733,5,22,44,0,,
2026-05-15T23:59:58.388937,noisy,persist,{'bins': 6},72,1,2,ok,72,144,0.4471722198650241,0.28680857364088297,0.7421723995357752,5,8,17,0,,
2026-05-15T23:59:59.160312,noisy,persist,{'bins': 6},72,2,2,ok,144,216,0.46409887354820967,0.29193727765232325,0.764102571643889,5,10,23,0,,
2026-05-16T00:00:00.143370,noisy,persist,{'bins': 6},72,3,2,ok,216,288,0.45014364179223776,0.4926716135814786,0.9513303190469742,5,9,20,0,,
2026-05-16T00:00:01.299994,noisy,persist,{'bins': 6},72,4,2,ok,288,360,0.45916707068681717,0.6644906466826797,1.1319607626646757,5,18,34,0,,
2026-05-16T00:00:02.307769,noisy,persist,{'bins': 6},73,0,2,ok,0,73,0.4593239352107048,0.343101860024035,0.8107273979112506,5,6,14,0,,
2026-05-16T00:00:02.973869,noisy,persist,{'bins': 6},73,1,2,ok,73,146,0.45720365177839994,0.19247810821980238,0.6577273234724998,5,17,29,0,,
2026-05-16T00:00:03.764170,noisy,persist,{'bins': 6},73,2,2,ok,146,219,0.45763751585036516,0.291251128539443,0.7574683697894216,5,11,23,0,,
2026-05-16T00:00:05.080427,noisy,persist,{'bins': 6},73,3,2,ok,219,292,0.4675617478787899,0.8287423057481647,1.304469021037221,5,30,60,0,,
2026-05-16T00:00:06.287194,noisy,persist,{'bins': 6},73,4,2,ok,292,365,0.45676039904356003,0.7026001289486885,1.1681063864380121,5,11,20,0,,
2026-05-16T00:00:07.252601,noisy,persist,{'bins': 6},74,0,2,ok,0,74,0.46714151930063963,0.38510373421013355,0.8605800690129399,5,5,13,0,,
2026-05-16T00:00:08.295944,noisy,persist,{'bins': 6},74,1,2,ok,74,148,0.47163329645991325,0.5535585889592767,1.0333466622978449,5,22,43,0,,
2026-05-16T00:00:09.198953,noisy,persist,{'bins': 6},74,2,2,ok,148,222,0.46812380384653807,0.39952233619987965,0.8763367747887969,5,14,23,0,,
2026-05-16T00:00:10.519391,noisy,persist,{'bins': 6},74,3,2,ok,222,296,0.4716289071366191,0.8293621893972158,1.3092441596090794,5,30,60,0,,
2026-05-16T00:00:11.987890,noisy,persist,{'bins': 6},74,4,2,ok,296,370,0.47395657002925873,0.9729973562061787,1.455307967029512,5,16,32,0,,
2026-05-16T00:00:13.063506,noisy,persist,{'bins': 6},75,0,2,ok,0,75,0.4619802851229906,0.4892239570617676,0.95985774602741,5,20,33,0,,
2026-05-16T00:00:13.983964,noisy,persist,{'bins': 6},75,1,2,ok,75,150,0.4648084258660674,0.41347886342555285,0.8871363708749413,5,10,19,0,,
2026-05-16T00:00:17.720890,noisy,persist,{'bins': 6},75,2,2,ok,150,225,0.46657193917781115,3.1766639333218336,3.652409323491156,5,11,23,0,,
2026-05-16T00:00:18.700240,noisy,persist,{'bins': 6},75,3,2,ok,225,300,0.4666458470746875,0.47052768990397453,0.9459794769063592,5,18,35,0,,
2026-05-16T00:00:19.924410,noisy,persist,{'bins': 6},75,4,2,ok,300,375,0.46238241996616125,0.7337285783141851,1.2046862561255693,5,20,35,0,,
2026-05-16T00:00:21.171625,noisy,persist,{'bins': 6},76,0,2,ok,0,76,0.480672805570066,0.6540477322414517,1.1431135525926948,5,22,44,0,,
2026-05-16T00:00:21.985743,noisy,persist,{'bins': 6},76,1,2,ok,76,152,0.4687444996088743,0.3227641489356756,0.8001002576202154,5,14,26,0,,
2026-05-16T00:00:24.166131,noisy,persist,{'bins': 6},76,2,2,ok,152,228,0.4700513556599617,1.6265716794878244,2.1059845685958862,5,17,29,0,,
2026-05-16T00:00:25.276502,noisy,persist,{'bins': 6},76,3,2,ok,228,304,0.4771605674177408,0.5830341037362814,1.069254158064723,5,16,31,0,,
2026-05-16T00:00:26.703245,noisy,persist,{'bins': 6},76,4,2,ok,304,380,0.4814206901937723,0.9236834887415171,1.413592742756009,5,4,12,0,,
2026-05-16T00:00:27.752677,noisy,persist,{'bins': 6},77,0,2,ok,0,77,0.48052345402538776,0.4405427370220423,0.9299660995602608,5,6,15,0,,
2026-05-16T00:00:28.615496,noisy,persist,{'bins': 6},77,1,2,ok,77,154,0.4731674874201417,0.36211713775992393,0.8439980624243617,5,14,26,0,,
2026-05-16T00:00:29.290714,noisy,persist,{'bins': 6},77,2,2,ok,154,231,0.4795852517709136,0.17594815883785486,0.6641153804957867,5,14,27,0,,
2026-05-16T00:00:31.739956,noisy,persist,{'bins': 6},77,3,2,ok,231,308,0.48162340093404055,1.88872975949198,2.3799099307507277,5,13,26,0,,
2026-05-16T00:00:32.903076,noisy,persist,{'bins': 6},77,4,2,ok,308,385,0.46891303546726704,0.6670599635690451,1.1450617806985974,5,12,23,0,,
2026-05-16T00:00:33.832187,noisy,persist,{'bins': 6},78,0,2,ok,0,78,0.47978556901216507,0.33345472160726786,0.8219615016132593,5,6,14,0,,
2026-05-16T00:00:34.895516,noisy,persist,{'bins': 6},78,1,2,ok,78,156,0.4770022314041853,0.5296022519469261,1.0160116218030453,5,11,20,0,,
2026-05-16T00:00:35.714296,noisy,persist,{'bins': 6},78,2,2,ok,156,234,0.47801830898970366,0.31228905357420444,0.7991705909371376,5,7,16,0,,
2026-05-16T00:00:39.316048,noisy,persist,{'bins': 6},78,3,2,ok,234,312,0.4791730483993888,3.0339558105915785,3.5230164509266615,5,11,22,0,,
2026-05-16T00:00:40.664928,noisy,persist,{'bins': 6},78,4,2,ok,312,390,0.49086136277765036,0.8361317571252584,1.335728708654642,5,15,28,0,,
2026-05-16T00:00:41.621394,noisy,persist,{'bins': 6},79,0,2,ok,0,79,0.4847019435837865,0.3467643400654197,0.8404490062966943,5,20,37,0,,
2026-05-16T00:00:42.516609,noisy,persist,{'bins': 6},79,1,2,ok,79,158,0.49479593336582184,0.37220899388194084,0.8764981394633651,5,25,45,0,,
2026-05-16T00:00:43.502064,noisy,persist,{'bins': 6},79,2,2,ok,158,237,0.49532418604940176,0.4458073964342475,0.9503443771973252,5,20,39,0,,
2026-05-16T00:00:44.375914,noisy,persist,{'bins': 6},79,3,2,ok,237,316,0.4838603436946869,0.36856507882475853,0.861354473978281,5,21,34,0,,
2026-05-16T00:00:46.021856,noisy,persist,{'bins': 6},79,4,2,ok,316,395,0.5001241620630026,1.1211831402033567,1.63027526717633,5,21,44,0,,
2026-05-16T00:00:47.220225,noisy,persist,{'bins': 6},80,0,2,ok,0,80,0.500017530284822,0.583998816087842,1.092910443432629,5,8,21,0,,
2026-05-16T00:00:48.402330,noisy,persist,{'bins': 6},80,1,2,ok,80,160,0.4953374704346061,0.6182429678738117,1.1232202760875225,5,25,45,0,,
2026-05-16T00:00:50.684282,noisy,persist,{'bins': 6},80,2,2,ok,160,240,0.49411255959421396,1.708087763749063,2.2120048496872187,5,16,28,0,,
2026-05-16T00:00:51.648224,noisy,persist,{'bins': 6},80,3,2,ok,240,320,0.49534882232546806,0.4384594550356269,0.9429043224081397,5,20,34,0,,
2026-05-16T00:00:53.067378,noisy,persist,{'bins': 6},80,4,2,ok,320,400,0.49966451805084944,0.8771612634882331,1.386138535104692,5,26,50,0,,
2026-05-16T00:01:01.202589,noisy,persist,{'bins': 6},81,0,2,ok,0,81,0.49221857357770205,7.458134810440242,7.96061543840915,5,16,35,0,,
2026-05-16T00:01:08.476207,noisy,persist,{'bins': 6},81,1,2,ok,81,162,0.49112323485314846,6.631361814215779,7.133000068366528,5,13,24,0,,
2026-05-16T00:01:09.470629,noisy,persist,{'bins': 6},81,2,2,ok,162,243,0.49077900871634483,0.4552956186234951,0.9555193977430463,5,24,44,0,,
2026-05-16T00:01:21.891877,noisy,persist,{'bins': 6},81,3,2,ok,243,324,0.49796050786972046,11.790215851739049,12.29893010854721,5,8,19,0,,
2026-05-16T00:01:23.012234,noisy,persist,{'bins': 6},81,4,2,ok,324,405,0.502956141717732,0.5967830810695887,1.1086934609338641,5,26,50,0,,
2026-05-16T00:01:24.316023,noisy,persist,{'bins': 6},82,0,2,ok,0,82,0.5087907202541828,0.6818616054952145,1.2000718992203474,5,23,48,0,,
2026-05-16T00:01:25.118719,noisy,persist,{'bins': 6},82,1,2,ok,82,164,0.493804631754756,0.24789812695235014,0.7514710864052176,5,17,28,0,,
2026-05-16T00:01:26.252482,noisy,persist,{'bins': 6},82,2,2,ok,164,246,0.5100249592214823,0.6054564407095313,1.1246147463098168,5,11,30,0,,
2026-05-16T00:01:27.386992,noisy,persist,{'bins': 6},82,3,2,ok,246,328,0.5090390462428331,0.6057149777188897,1.1238838322460651,5,19,35,0,,
2026-05-16T00:01:28.820844,noisy,persist,{'bins': 6},82,4,2,ok,328,410,0.5081825172528625,0.9036087617278099,1.4209861503913999,5,30,59,0,,
2026-05-16T00:01:33.954629,noisy,persist,{'bins': 6},83,0,2,ok,0,83,0.5041154688224196,4.464561914093792,4.979637248441577,5,21,40,0,,
2026-05-16T00:01:34.966897,noisy,persist,{'bins': 6},83,1,2,ok,83,166,0.5038623427972198,0.4361683512106538,0.9498875290155411,5,7,16,0,,
2026-05-16T00:01:35.866145,noisy,persist,{'bins': 6},83,2,2,ok,166,249,0.5040448065847158,0.328164292499423,0.8419495653361082,5,16,27,0,,
2026-05-16T00:01:36.858640,noisy,persist,{'bins': 6},83,3,2,ok,249,332,0.512744546867907,0.46087194327265024,0.9828063724562526,5,17,33,0,,
2026-05-16T00:01:39.237184,noisy,persist,{'bins': 6},83,4,2,ok,332,415,0.5083614736795425,1.7859546458348632,2.304425088688731,5,23,42,0,,
2026-05-16T00:01:40.368938,noisy,persist,{'bins': 6},84,0,2,ok,0,84,0.5520260911434889,0.4623193321749568,1.0237803952768445,5,14,29,0,,
2026-05-16T00:01:41.352711,noisy,persist,{'bins': 6},84,1,2,ok,84,168,0.568698157556355,0.36335460282862186,0.9419462736696005,5,7,16,0,,
2026-05-16T00:01:42.918769,noisy,persist,{'bins': 6},84,2,2,ok,168,252,0.5789877753704786,0.9647722980007529,1.55309387575835,5,8,21,0,,
2026-05-16T00:01:52.181250,noisy,persist,{'bins': 6},84,3,2,ok,252,336,0.5620035734027624,8.57568798866123,9.148767987266183,5,8,16,0,,
2026-05-16T00:01:53.272370,noisy,persist,{'bins': 6},84,4,2,ok,336,420,0.5693298038095236,0.490096197463572,1.0687677571550012,5,11,20,0,,
2026-05-16T00:01:54.440711,noisy,persist,{'bins': 6},85,0,2,ok,0,85,0.5694605484604836,0.46917377691715956,1.0486660785973072,5,10,23,0,,
2026-05-16T00:01:55.309079,noisy,persist,{'bins': 6},85,1,2,ok,85,170,0.5672091906890273,0.2784203886985779,0.8550670957192779,5,7,16,0,,
2026-05-16T00:01:56.355358,noisy,persist,{'bins': 6},85,2,2,ok,170,255,0.5711445529013872,0.44459163397550583,1.0253674667328596,5,16,32,0,,
2026-05-16T00:01:57.574052,noisy,persist,{'bins': 6},85,3,2,ok,255,340,0.5599718671292067,0.6170134106650949,1.1868000822141767,5,20,31,0,,
2026-05-16T00:01:58.593768,noisy,persist,{'bins': 6},85,4,2,ok,340,425,0.5691833486780524,0.4264465728774667,1.0051359459757805,5,8,17,0,,
2026-05-16T00:01:59.980185,noisy,persist,{'bins': 6},86,0,2,ok,0,86,0.5883179306983948,0.6844137096777558,1.2822187701240182,5,23,48,0,,
2026-05-16T00:02:00.934920,noisy,persist,{'bins': 6},86,1,2,ok,86,172,0.5743961101397872,0.3534237192943692,0.9374402994289994,5,18,35,0,,
2026-05-16T00:02:06.708136,noisy,persist,{'bins': 6},86,2,2,ok,172,258,0.5804461035877466,5.106858616694808,5.697916552424431,5,13,26,0,,
2026-05-16T00:02:07.803044,noisy,persist,{'bins': 6},86,3,2,ok,258,344,0.5695467814803123,0.498764107003808,1.0784616153687239,5,15,26,0,,
2026-05-16T00:02:10.152193,noisy,persist,{'bins': 6},86,4,2,ok,344,430,0.5682067349553108,1.6937323613092303,2.272622643969953,5,12,21,0,,
2026-05-16T00:02:11.409679,noisy,persist,{'bins': 6},87,0,2,ok,0,87,0.5879631722345948,0.535100819543004,1.133547424338758,5,9,22,0,,
2026-05-16T00:02:12.442921,noisy,persist,{'bins': 6},87,1,2,ok,87,174,0.5743523873388767,0.4314935803413391,1.0155800012871623,5,22,38,0,,
2026-05-16T00:02:13.817307,noisy,persist,{'bins': 6},87,2,2,ok,174,261,0.5780954975634813,0.7364191738888621,1.32487041503191,5,17,35,0,,
2026-05-16T00:02:15.774691,noisy,persist,{'bins': 6},87,3,2,ok,261,348,0.5845296839252114,1.29793936945498,1.893009482882917,5,11,20,0,,
2026-05-16T00:02:16.972110,noisy,persist,{'bins': 6},87,4,2,ok,348,435,0.5795169295743108,0.5875588431954384,1.1769967377185822,5,15,30,0,,
2026-05-16T00:02:18.053780,noisy,persist,{'bins': 6},88,0,2,ok,0,88,0.5986092807725072,0.37126959953457117,0.9795523704960942,5,9,21,0,,
2026-05-16T00:02:18.930785,noisy,persist,{'bins': 6},88,1,2,ok,88,176,0.5791309121996164,0.27923915442079306,0.8679765723645687,5,15,29,0,,
2026-05-16T00:02:19.798613,noisy,persist,{'bins': 6},88,2,2,ok,176,264,0.5846606511622667,0.26144758705049753,0.8558239573612809,5,10,20,0,,
2026-05-16T00:02:20.762730,noisy,persist,{'bins': 6},88,3,2,ok,264,352,0.5783379953354597,0.36544679291546345,0.9534395635128021,5,11,20,0,,
2026-05-16T00:02:21.925112,noisy,persist,{'bins': 6},88,4,2,ok,352,440,0.5765228262171149,0.5208103880286217,1.1078615598380566,5,11,20,0,,
2026-05-16T00:02:24.640526,noisy,persist,{'bins': 6},89,0,2,ok,0,89,0.5835128454491496,1.9369497783482075,2.5313194263726473,5,12,23,0,,
2026-05-16T00:02:25.614370,noisy,persist,{'bins': 6},89,1,2,ok,89,178,0.5915227001532912,0.34837144892662764,0.9497300935909152,5,18,34,0,,
2026-05-16T00:02:26.724117,noisy,persist,{'bins': 6},89,2,2,ok,178,267,0.5815046913921833,0.478190453723073,1.070235975086689,5,11,18,0,,
2026-05-16T00:02:28.190009,noisy,persist,{'bins': 6},89,3,2,ok,267,356,0.603719980455935,0.8391515612602234,1.4528018040582538,5,8,19,0,,
2026-05-16T00:02:29.469028,noisy,persist,{'bins': 6},89,4,2,ok,356,445,0.5942954486235976,0.6167911235243082,1.2216882146894932,5,15,28,0,,
2026-05-16T00:02:30.870972,noisy,persist,{'bins': 6},90,0,2,ok,0,90,0.6026147343218327,0.6845166934654117,1.2972099585458636,5,23,48,0,,
2026-05-16T00:02:31.830095,noisy,persist,{'bins': 6},90,1,2,ok,90,180,0.5860413927584887,0.3527567572891712,0.9488189928233624,5,8,20,0,,
2026-05-16T00:02:33.521554,noisy,persist,{'bins': 6},90,2,2,ok,180,270,0.6026994539424777,1.0640889294445515,1.6769952457398176,5,22,50,0,,
2026-05-16T00:02:34.921859,noisy,persist,{'bins': 6},90,3,2,ok,270,360,0.5932268807664514,0.755869678221643,1.3596547013148665,5,12,23,0,,
2026-05-16T00:02:36.150389,noisy,persist,{'bins': 6},90,4,2,ok,360,450,0.5815361123532057,0.6011778358370066,1.1931935921311378,5,14,28,0,,
2026-05-16T00:02:37.332975,noisy,persist,{'bins': 6},91,0,2,ok,0,91,0.5971912583336234,0.4560044901445508,1.0635812962427735,5,10,23,0,,
2026-05-16T00:02:38.347980,noisy,persist,{'bins': 6},91,1,2,ok,91,182,0.5941648622974753,0.3919067531824112,0.9964685449376702,5,9,22,0,,
2026-05-16T00:02:39.393801,noisy,persist,{'bins': 6},91,2,2,ok,182,273,0.592905918136239,0.4313266770914197,1.0342580871656537,5,7,15,0,,
2026-05-16T00:02:40.741755,noisy,persist,{'bins': 6},91,3,2,ok,273,364,0.5868018325418234,0.7116302531212568,1.3091280665248632,5,11,22,0,,
2026-05-16T00:02:41.876031,noisy,persist,{'bins': 6},91,4,2,ok,364,455,0.600738019682467,0.4869199702516198,1.0982381431385875,5,18,32,0,,
2026-05-16T00:02:43.183530,noisy,persist,{'bins': 6},92,0,2,ok,0,92,0.5985501706600189,0.5777753973379731,1.187494887970388,5,17,35,0,,
2026-05-16T00:02:44.216672,noisy,persist,{'bins': 6},92,1,2,ok,92,184,0.603433633223176,0.3981453822925687,1.0121576748788357,5,22,43,0,,
2026-05-16T00:02:45.583181,noisy,persist,{'bins': 6},92,2,2,ok,184,276,0.5904900608584285,0.7188440226018429,1.3201476149260998,5,13,30,0,,
2026-05-16T00:02:47.165367,noisy,persist,{'bins': 6},92,3,2,ok,276,368,0.6161909149959683,0.9420002168044448,1.568497709929943,5,19,35,0,,
2026-05-16T00:02:48.653482,noisy,persist,{'bins': 6},92,4,2,ok,368,460,0.6149470889940858,0.8518072227016091,1.4769181422889233,5,32,71,0,,
2026-05-16T00:02:49.948869,noisy,persist,{'bins': 6},93,0,2,ok,0,93,0.5986712174490094,0.5512936161831021,1.1610103100538254,5,19,36,0,,
2026-05-16T00:02:51.918557,noisy,persist,{'bins': 6},93,1,2,ok,93,186,0.6089119426906109,1.2885897383093834,1.9085838673636317,5,20,36,0,,
2026-05-16T00:02:53.495724,noisy,persist,{'bins': 6},93,2,2,ok,186,279,0.6047863941639662,0.9076879965141416,1.5236324993893504,5,18,40,0,,
2026-05-16T00:02:56.102196,noisy,persist,{'bins': 6},93,3,2,ok,279,372,0.613109627738595,1.8857145523652434,2.5102756088599563,5,11,20,0,,
2026-05-16T00:02:57.258714,noisy,persist,{'bins': 6},93,4,2,ok,372,465,0.6103658135980368,0.5174722271040082,1.1383419716730714,5,20,37,0,,
2026-05-16T00:02:58.748170,noisy,persist,{'bins': 6},94,0,2,ok,0,94,0.6249732822179794,0.7483517583459616,1.3837554324418306,5,23,48,0,,
2026-05-16T00:03:00.306475,noisy,persist,{'bins': 6},94,1,2,ok,94,188,0.6232851417735219,0.9098332459107041,1.5436449404805899,5,33,65,0,,
2026-05-16T00:03:07.042793,noisy,persist,{'bins': 6},94,2,2,ok,188,282,0.6152584450319409,5.977773316204548,6.604930399917066,5,16,34,0,,
2026-05-16T00:03:08.673282,noisy,persist,{'bins': 6},94,3,2,ok,282,376,0.6229229709133506,0.9835036331787705,1.6170410923659801,5,16,32,0,,
2026-05-16T00:03:10.029167,noisy,persist,{'bins': 6},94,4,2,ok,376,470,0.6060465816408396,0.698030598461628,1.3150971690192819,5,27,52,0,,
2026-05-16T00:03:11.515937,noisy,persist,{'bins': 6},95,0,2,ok,0,95,0.6288738586008549,0.741916530765593,1.3813922628760338,5,23,48,0,,
2026-05-16T00:03:12.939968,noisy,persist,{'bins': 6},95,1,2,ok,95,190,0.6063291123136878,0.7705147275701165,1.3878646409139037,5,24,42,0,,
2026-05-16T00:03:14.664988,noisy,persist,{'bins': 6},95,2,2,ok,190,285,0.6293065911158919,1.07103818282485,1.7110417569056153,5,21,49,0,,
2026-05-16T00:03:16.478343,noisy,persist,{'bins': 6},95,3,2,ok,285,380,0.6314516896381974,1.156510661356151,1.798661787994206,5,19,36,0,,
2026-05-16T00:03:23.395816,noisy,persist,{'bins': 6},95,4,2,ok,380,475,0.6193815991282463,6.172488620504737,6.8038658406585455,5,13,27,0,,
2026-05-16T00:03:26.433842,noisy,persist,{'bins': 6},96,0,2,ok,0,96,0.6141977915540338,2.2271981863304973,2.8532220907509327,5,11,23,0,,
2026-05-16T00:03:27.542405,noisy,persist,{'bins': 6},96,1,2,ok,96,192,0.6200416991487145,0.42243360448628664,1.053929247893393,5,17,32,0,,
2026-05-16T00:03:29.048853,noisy,persist,{'bins': 6},96,2,2,ok,192,288,0.6167511576786637,0.8309656260535121,1.4596090717241168,5,17,38,0,,
2026-05-16T00:03:30.311230,noisy,persist,{'bins': 6},96,3,2,ok,288,384,0.6235681930556893,0.5772881424054503,1.2122170543298125,5,13,21,0,,
2026-05-16T00:03:32.451496,noisy,persist,{'bins': 6},96,4,2,ok,384,480,0.6427441518753767,1.4713673684746027,2.1250102715566754,5,8,21,0,,
2026-05-16T00:03:34.405702,noisy,persist,{'bins': 6},97,0,2,ok,0,97,0.6250115940347314,1.1530658602714539,1.7898129168897867,5,13,26,0,,
2026-05-16T00:03:35.373474,noisy,persist,{'bins': 6},97,1,2,ok,97,194,0.6237203385680914,0.31765151768922806,0.952296094968915,5,17,32,0,,
2026-05-16T00:03:36.663875,noisy,persist,{'bins': 6},97,2,2,ok,194,291,0.6226257830858231,0.6454949490725994,1.278892183676362,5,23,46,0,,
2026-05-16T00:03:38.117914,noisy,persist,{'bins': 6},97,3,2,ok,291,388,0.6127508645877242,0.8062429279088974,1.4301785109564662,5,15,27,0,,
2026-05-16T00:03:39.579647,noisy,persist,{'bins': 6},97,4,2,ok,388,485,0.6377369854599237,0.7676958730444312,1.4168314598500729,5,22,45,0,,
2026-05-16T00:03:41.303510,noisy,persist,{'bins': 6},98,0,2,ok,0,98,0.6482080649584532,0.9566141767427325,1.615777388215065,5,7,17,0,,
2026-05-16T00:03:42.286068,noisy,persist,{'bins': 6},98,1,2,ok,98,196,0.6394319608807564,0.3119766777381301,0.9625521311536431,5,17,32,0,,
2026-05-16T00:03:47.298420,noisy,persist,{'bins': 6},98,2,2,ok,196,294,0.6371895186603069,4.216790114529431,4.866591462865472,5,16,31,0,,
2026-05-16T00:03:50.947973,noisy,persist,{'bins': 6},98,3,2,ok,294,392,0.6237055715173483,2.902960427105427,3.539045280776918,5,16,25,0,,
2026-05-16T00:04:07.365389,noisy,persist,{'bins': 6},98,4,2,ok,392,490,0.6433656997978687,15.594915396533906,16.25113094225526,5,15,37,0,,
2026-05-16T00:04:08.930680,noisy,persist,{'bins': 6},99,0,2,ok,0,99,0.7567327516153455,0.6674813870340586,1.4365612398833036,5,19,40,0,,
2026-05-16T00:04:10.213584,noisy,persist,{'bins': 6},99,1,2,ok,99,198,0.6914069978520274,0.5451012272387743,1.2479858826845884,5,12,27,0,,
2026-05-16T00:04:11.401067,noisy,persist,{'bins': 6},99,2,2,ok,198,297,0.7035411801189184,0.41051931492984295,1.1259650457650423,5,17,31,0,,
2026-05-16T00:04:12.900445,noisy,persist,{'bins': 6},99,3,2,ok,297,396,0.6962970029562712,0.7564250743016601,1.464231445454061,5,20,35,0,,
2026-05-16T00:04:15.016288,noisy,persist,{'bins': 6},99,4,2,ok,396,495,0.7231762120500207,1.3663171995431185,2.100619800388813,5,40,81,0,,
2026-05-16T00:04:16.390039,noisy,persist,{'bins': 6},100,0,2,ok,0,100,0.7120100166648626,0.5439706537872553,1.2671861769631505,5,19,39,0,,
2026-05-16T00:04:17.454596,noisy,persist,{'bins': 6},100,1,2,ok,100,200,0.7089173085987568,0.3263271125033498,1.0466384831815958,5,17,32,0,,
2026-05-16T00:04:19.090419,noisy,persist,{'bins': 6},100,2,2,ok,200,300,0.7109002526849508,0.8535395674407482,1.5764435473829508,5,23,47,0,,
2026-05-16T00:04:20.798903,noisy,persist,{'bins': 6},100,3,2,ok,300,400,0.7041571587324142,0.9241692451760173,1.6404402265325189,5,20,35,0,,
2026-05-16T00:04:22.581315,noisy,persist,{'bins': 6},100,4,2,ok,400,500,0.7124453252181411,1.0074659446254373,1.7319206781685352,5,19,36,0,,
