timestamp,dataset,method,params,trace_count,repeat,tag_k,status,trace_indices_start,trace_indices_end,disc_time,learn_time,total_time,actual_bins,n_states,n_edges,n_inconsistencies,error_type,error_msg
2026-05-16T03:22:12.567684,clean,naive,{'bins': 10},1,0,2,ok,0,1,0.000467727892100811,0.00885508768260479,0.00962210725992918,10,18,22,0,,
2026-05-16T03:22:12.581579,clean,naive,{'bins': 10},1,1,2,ok,1,2,0.0003502173349261284,0.01079913042485714,0.011401590891182423,10,15,21,0,,
2026-05-16T03:22:12.593827,clean,naive,{'bins': 10},1,2,2,ok,2,3,0.00033607054501771927,0.009835670702159405,0.010418955236673355,10,17,22,0,,
2026-05-16T03:22:12.606107,clean,naive,{'bins': 10},1,3,2,ok,3,4,0.0003346884623169899,0.010244637727737427,0.010830849409103394,10,19,24,0,,
2026-05-16T03:22:12.615895,clean,naive,{'bins': 10},1,4,2,ok,4,5,0.00033224374055862427,0.007705319672822952,0.008279488421976566,10,19,23,0,,
2026-05-16T03:22:12.657263,clean,naive,{'bins': 10},2,0,2,ok,0,2,0.0005565555766224861,0.035865251906216145,0.036893212236464024,10,24,32,0,,
2026-05-16T03:22:12.693181,clean,naive,{'bins': 10},2,1,2,ok,2,4,0.0006084628403186798,0.03287842124700546,0.033882517367601395,10,16,25,0,,
2026-05-16T03:22:12.743456,clean,naive,{'bins': 10},2,2,2,ok,4,6,0.0007063057273626328,0.04682970140129328,0.04797090496867895,10,17,28,0,,
2026-05-16T03:22:12.786532,clean,naive,{'bins': 10},2,3,2,ok,6,8,0.0006979405879974365,0.0394083047285676,0.040584443137049675,10,14,26,0,,
2026-05-16T03:22:12.820586,clean,naive,{'bins': 10},2,4,2,ok,8,10,0.0007234783843159676,0.03083785157650709,0.032002788968384266,10,18,26,0,,
2026-05-16T03:22:12.877944,clean,naive,{'bins': 10},3,0,2,ok,0,3,0.0008462294936180115,0.05150938872247934,0.052915800362825394,10,12,20,0,,
2026-05-16T03:22:12.950208,clean,naive,{'bins': 10},3,1,2,ok,3,6,0.0008517485111951828,0.067872678861022,0.0692505156621337,10,20,33,0,,
2026-05-16T03:22:13.021918,clean,naive,{'bins': 10},3,2,2,ok,6,9,0.0009377803653478622,0.06773333717137575,0.06924762018024921,10,14,26,0,,
2026-05-16T03:22:13.071924,clean,naive,{'bins': 10},3,3,2,ok,9,12,0.0008538831025362015,0.04633087478578091,0.04771236889064312,10,15,25,0,,
2026-05-16T03:22:13.133399,clean,naive,{'bins': 10},3,4,2,ok,12,15,0.00086959358304739,0.057495550252497196,0.05890568904578686,10,19,31,0,,
2026-05-16T03:22:13.227553,clean,naive,{'bins': 10},4,0,2,ok,0,4,0.0010576359927654266,0.08732557948678732,0.08904013782739639,10,16,29,0,,
2026-05-16T03:22:13.354482,clean,naive,{'bins': 10},4,1,2,ok,4,8,0.001066482625901699,0.12199047580361366,0.1237344816327095,10,29,46,0,,
2026-05-16T03:22:13.438315,clean,naive,{'bins': 10},4,2,2,ok,8,12,0.0011527137830853462,0.07885941118001938,0.08070914354175329,10,18,29,0,,
2026-05-16T03:22:13.544578,clean,naive,{'bins': 10},4,3,2,ok,12,16,0.0011776518076658249,0.10076124966144562,0.10265295207500458,10,30,43,0,,
2026-05-16T03:22:13.622287,clean,naive,{'bins': 10},4,4,2,ok,16,20,0.0011930298060178757,0.07272663246840239,0.0746440039947629,10,21,30,0,,
2026-05-16T03:22:13.750005,clean,naive,{'bins': 10},5,0,2,ok,0,5,0.0014850785955786705,0.1197228180244565,0.12225617561489344,10,11,21,0,,
2026-05-16T03:22:13.860109,clean,naive,{'bins': 10},5,1,2,ok,5,10,0.0013015242293477058,0.10462636779993773,0.10687137395143509,10,11,22,0,,
2026-05-16T03:22:13.982912,clean,naive,{'bins': 10},5,2,2,ok,10,15,0.0012885304167866707,0.11676892079412937,0.11901785433292389,10,20,33,0,,
2026-05-16T03:22:14.107714,clean,naive,{'bins': 10},5,3,2,ok,15,20,0.0013054106384515762,0.11885730270296335,0.12123218178749084,10,32,45,0,,
2026-05-16T03:22:14.242822,clean,naive,{'bins': 10},5,4,2,ok,20,25,0.0013232342898845673,0.12894634902477264,0.131237231194973,10,21,31,0,,
2026-05-16T03:22:14.439057,clean,naive,{'bins': 10},6,0,2,ok,0,6,0.0015423567965626717,0.1870780661702156,0.1897702720016241,10,24,38,0,,
2026-05-16T03:22:14.625096,clean,naive,{'bins': 10},6,1,2,ok,6,12,0.001611294224858284,0.17884906195104122,0.18163179699331522,10,23,36,0,,
2026-05-16T03:22:14.854075,clean,naive,{'bins': 10},6,2,2,ok,12,18,0.001597849652171135,0.221132917329669,0.223866268992424,10,32,49,0,,
2026-05-16T03:22:15.004610,clean,naive,{'bins': 10},6,3,2,ok,18,24,0.001597079448401928,0.14263052586466074,0.14546620193868876,10,24,37,0,,
2026-05-16T03:22:15.183580,clean,naive,{'bins': 10},6,4,2,ok,24,30,0.0018411977216601372,0.17156886029988527,0.17458217963576317,10,17,31,0,,
2026-05-16T03:22:15.479482,clean,naive,{'bins': 10},7,0,2,ok,0,7,0.002461962401866913,0.2822513021528721,0.2871345514431596,10,24,41,0,,
2026-05-16T03:22:15.690689,clean,naive,{'bins': 10},7,1,2,ok,7,14,0.0021184682846069336,0.20191813353449106,0.20541385747492313,10,26,41,0,,
2026-05-16T03:22:15.882347,clean,naive,{'bins': 10},7,2,2,ok,14,21,0.002542193979024887,0.18168302346020937,0.18568935804069042,10,19,30,0,,
2026-05-16T03:22:16.098442,clean,naive,{'bins': 10},7,3,2,ok,21,28,0.0019642384722828865,0.20770682394504547,0.21104074362665415,10,10,21,0,,
2026-05-16T03:22:16.295893,clean,naive,{'bins': 10},7,4,2,ok,28,35,0.001861325465142727,0.1901804506778717,0.19332565646618605,10,9,20,0,,
2026-05-16T03:22:16.592761,clean,naive,{'bins': 10},8,0,2,ok,0,8,0.002069566398859024,0.28566501289606094,0.28924034629017115,10,7,16,0,,
2026-05-16T03:22:16.849158,clean,naive,{'bins': 10},8,1,2,ok,8,16,0.002303064800798893,0.24670348595827818,0.2505263462662697,10,18,30,0,,
2026-05-16T03:22:17.058204,clean,naive,{'bins': 10},8,2,2,ok,16,24,0.0021426137536764145,0.1993908565491438,0.2030366025865078,10,8,17,0,,
2026-05-16T03:22:17.413221,clean,naive,{'bins': 10},8,3,2,ok,24,32,0.0025712475180625916,0.3455308750271797,0.3496662601828575,10,20,33,0,,
2026-05-16T03:22:17.657815,clean,naive,{'bins': 10},8,4,2,ok,32,40,0.0023176223039627075,0.23550762049853802,0.2392674209550023,10,17,29,0,,
2026-05-16T03:22:18.004615,clean,naive,{'bins': 10},9,0,2,ok,0,9,0.002214948646724224,0.33562555350363255,0.33946278877556324,10,9,19,0,,
2026-05-16T03:22:18.369951,clean,naive,{'bins': 10},9,1,2,ok,9,18,0.0022492846474051476,0.3557085869833827,0.35950934514403343,10,15,25,0,,
2026-05-16T03:22:18.641471,clean,naive,{'bins': 10},9,2,2,ok,18,27,0.0024552708491683006,0.2619779612869024,0.2660333560779691,10,13,25,0,,
2026-05-16T03:22:18.965523,clean,naive,{'bins': 10},9,3,2,ok,27,36,0.0021889405325055122,0.3143186401575804,0.31801581382751465,10,33,51,0,,
2026-05-16T03:22:19.274443,clean,naive,{'bins': 10},9,4,2,ok,36,45,0.0022902507334947586,0.29933701641857624,0.3031713766977191,10,18,31,0,,
2026-05-16T03:22:19.681332,clean,naive,{'bins': 10},10,0,2,ok,0,10,0.0025787632912397385,0.39367012586444616,0.39789906796067953,10,9,19,0,,
2026-05-16T03:22:20.146658,clean,naive,{'bins': 10},10,1,2,ok,10,20,0.003108317032456398,0.45337128918617964,0.4583324957638979,10,17,29,0,,
2026-05-16T03:22:20.502939,clean,naive,{'bins': 10},10,2,2,ok,20,30,0.002698175609111786,0.34503521397709846,0.349377628415823,10,20,32,0,,
2026-05-16T03:22:20.835262,clean,naive,{'bins': 10},10,3,2,ok,30,40,0.002696193754673004,0.32152848970144987,0.32587115559726954,10,14,26,0,,
2026-05-16T03:22:21.163178,clean,naive,{'bins': 10},10,4,2,ok,40,50,0.0026022568345069885,0.3179000662639737,0.3221072470769286,10,17,28,0,,
2026-05-16T03:22:21.629563,clean,naive,{'bins': 10},11,0,2,ok,0,11,0.0027924636378884315,0.45274090487509966,0.4572841161862016,10,9,19,0,,
2026-05-16T03:22:22.119423,clean,naive,{'bins': 10},11,1,2,ok,11,22,0.0032095778733491898,0.476914269849658,0.48201977740973234,10,25,39,0,,
2026-05-16T03:22:22.654397,clean,naive,{'bins': 10},11,2,2,ok,22,33,0.002933618612587452,0.5229433476924896,0.5276921158656478,10,21,34,0,,
2026-05-16T03:22:23.041078,clean,naive,{'bins': 10},11,3,2,ok,33,44,0.002938958816230297,0.37472734320908785,0.3794770920649171,10,18,33,0,,
2026-05-16T03:22:23.520860,clean,naive,{'bins': 10},11,4,2,ok,44,55,0.0030498066917061806,0.46778048761188984,0.4726002886891365,10,18,32,0,,
2026-05-16T03:22:24.017754,clean,naive,{'bins': 10},12,0,2,ok,0,12,0.0031754737719893456,0.4815657250583172,0.4866769341751933,10,17,30,0,,
2026-05-16T03:22:24.571985,clean,naive,{'bins': 10},12,1,2,ok,12,24,0.0037575261667370796,0.5394482025876641,0.5452545573934913,10,25,42,0,,
2026-05-16T03:22:25.124672,clean,naive,{'bins': 10},12,2,2,ok,24,36,0.004126047715544701,0.538382331840694,0.5447622826322913,10,18,32,0,,
2026-05-16T03:22:25.598821,clean,naive,{'bins': 10},12,3,2,ok,36,48,0.0032614050433039665,0.4609086839482188,0.46605106070637703,10,25,41,0,,
2026-05-16T03:22:26.144155,clean,naive,{'bins': 10},12,4,2,ok,48,60,0.0035245390608906746,0.532078112475574,0.5375792235136032,10,15,28,0,,
2026-05-16T03:22:26.688355,clean,naive,{'bins': 10},13,0,2,ok,0,13,0.003408201038837433,0.5279627237468958,0.5334706278517842,10,7,16,0,,
2026-05-16T03:22:27.198631,clean,naive,{'bins': 10},13,1,2,ok,13,26,0.003776872530579567,0.49620502535253763,0.5021107764914632,10,14,26,0,,
2026-05-16T03:22:27.830864,clean,naive,{'bins': 10},13,2,2,ok,26,39,0.003589310683310032,0.6176530653610826,0.6233162702992558,10,23,36,0,,
2026-05-16T03:22:28.388974,clean,naive,{'bins': 10},13,3,2,ok,39,52,0.003472261130809784,0.5441656922921538,0.5496299136430025,10,18,29,0,,
2026-05-16T03:22:28.973362,clean,naive,{'bins': 10},13,4,2,ok,52,65,0.0037662526592612267,0.5706265727058053,0.5764888618141413,10,19,35,0,,
2026-05-16T03:22:29.595110,clean,naive,{'bins': 10},14,0,2,ok,0,14,0.0036583496257662773,0.6053137835115194,0.6112268669530749,10,7,16,0,,
2026-05-16T03:22:30.169446,clean,naive,{'bins': 10},14,1,2,ok,14,28,0.004008146934211254,0.5594702027738094,0.5656610187143087,10,14,27,0,,
2026-05-16T03:22:30.797106,clean,naive,{'bins': 10},14,2,2,ok,28,42,0.003940599039196968,0.6124505344778299,0.6185472030192614,10,18,31,0,,
2026-05-16T03:22:31.453232,clean,naive,{'bins': 10},14,3,2,ok,42,56,0.0039070481434464455,0.6414669556543231,0.6476039504632354,10,15,28,0,,
2026-05-16T03:22:32.057489,clean,naive,{'bins': 10},14,4,2,ok,56,70,0.0037554726004600525,0.5905611384660006,0.5965089276432991,10,20,32,0,,
2026-05-16T03:22:32.754516,clean,naive,{'bins': 10},15,0,2,ok,0,15,0.003910643979907036,0.6789033766835928,0.6851403499022126,10,7,16,0,,
2026-05-16T03:22:33.455330,clean,naive,{'bins': 10},15,1,2,ok,15,30,0.003941901959478855,0.6851225756108761,0.6914514908567071,10,15,27,0,,
2026-05-16T03:22:34.179666,clean,naive,{'bins': 10},15,2,2,ok,30,45,0.004121468402445316,0.7086476851254702,0.7151781274005771,10,10,20,0,,
2026-05-16T03:22:34.878634,clean,naive,{'bins': 10},15,3,2,ok,45,60,0.00403995718806982,0.6835327614098787,0.6899382900446653,10,11,22,0,,
2026-05-16T03:22:35.454328,clean,naive,{'bins': 10},15,4,2,ok,60,75,0.0041089775040745735,0.5603087274357677,0.5668034143745899,10,13,25,0,,
2026-05-16T03:22:36.258849,clean,naive,{'bins': 10},16,0,2,ok,0,16,0.004221477545797825,0.7854045573621988,0.7923907767981291,10,7,16,0,,
2026-05-16T03:22:37.093431,clean,naive,{'bins': 10},16,1,2,ok,16,32,0.00416584312915802,0.8176404135301709,0.8243441814556718,10,15,27,0,,
2026-05-16T03:22:37.830544,clean,naive,{'bins': 10},16,2,2,ok,32,48,0.004140013828873634,0.7205728590488434,0.7272575404495001,10,17,30,0,,
2026-05-16T03:22:38.525520,clean,naive,{'bins': 10},16,3,2,ok,48,64,0.004370827227830887,0.6783095924183726,0.6851664278656244,10,16,26,0,,
2026-05-16T03:22:39.189070,clean,naive,{'bins': 10},16,4,2,ok,64,80,0.004270639270544052,0.6460563242435455,0.6528753386810422,10,21,33,0,,
2026-05-16T03:22:40.127201,clean,naive,{'bins': 10},17,0,2,ok,0,17,0.0052564311772584915,0.9167117085307837,0.9249674119055271,10,8,17,0,,
2026-05-16T03:22:40.970060,clean,naive,{'bins': 10},17,1,2,ok,17,34,0.00447437260299921,0.8242459865286946,0.8314302787184715,10,13,24,0,,
2026-05-16T03:22:41.817267,clean,naive,{'bins': 10},17,2,2,ok,34,51,0.0051190536469221115,0.8269994985312223,0.8351196274161339,10,21,33,0,,
2026-05-16T03:22:42.656026,clean,naive,{'bins': 10},17,3,2,ok,51,68,0.004781830124557018,0.8206186443567276,0.8281693048775196,10,14,28,0,,
2026-05-16T03:22:43.562832,clean,naive,{'bins': 10},17,4,2,ok,68,85,0.004735943861305714,0.8874617693945765,0.8949796380475163,10,6,15,0,,
2026-05-16T03:22:44.543204,clean,naive,{'bins': 10},18,0,2,ok,0,18,0.004964162595570087,0.9578411867842078,0.9657270153984427,10,14,25,0,,
2026-05-16T03:22:45.378053,clean,naive,{'bins': 10},18,1,2,ok,18,36,0.004853704944252968,0.8152329912409186,0.8228682586923242,10,22,35,0,,
2026-05-16T03:22:46.463692,clean,naive,{'bins': 10},18,2,2,ok,36,54,0.005102621391415596,1.0664682686328888,1.0744528220966458,10,10,22,0,,
2026-05-16T03:22:47.349376,clean,naive,{'bins': 10},18,3,2,ok,54,72,0.004795906133949757,0.867044779472053,0.8745526485145092,10,26,42,0,,
2026-05-16T03:22:48.220252,clean,naive,{'bins': 10},18,4,2,ok,72,90,0.004699585027992725,0.8508653659373522,0.8583782333880663,10,17,30,0,,
2026-05-16T03:22:49.268149,clean,naive,{'bins': 10},19,0,2,ok,0,19,0.005161483772099018,1.0239459555596113,1.032113273628056,10,25,41,0,,
2026-05-16T03:22:50.400749,clean,naive,{'bins': 10},19,1,2,ok,19,38,0.004931560717523098,1.1122037442401052,1.1200658390298486,10,20,34,0,,
2026-05-16T03:22:51.443432,clean,naive,{'bins': 10},19,2,2,ok,38,57,0.005193532444536686,1.0228189788758755,1.0310912830755115,10,12,25,0,,
2026-05-16T03:22:52.393994,clean,naive,{'bins': 10},19,3,2,ok,57,76,0.004972447641193867,0.9315426899120212,0.9394809575751424,10,7,16,0,,
2026-05-16T03:22:53.489124,clean,naive,{'bins': 10},19,4,2,ok,76,95,0.004962017759680748,1.074818879365921,1.0827455446124077,10,17,31,0,,
2026-05-16T03:22:54.670308,clean,naive,{'bins': 10},20,0,2,ok,0,20,0.005220003426074982,1.1573442947119474,1.1656530778855085,10,11,22,0,,
2026-05-16T03:22:55.849983,clean,naive,{'bins': 10},20,1,2,ok,20,40,0.005378309637308121,1.1570892054587603,1.165673085488379,10,23,36,0,,
2026-05-16T03:22:56.946460,clean,naive,{'bins': 10},20,2,2,ok,40,60,0.005204874090850353,1.0759114725515246,1.0842115795239806,10,8,18,0,,
2026-05-16T03:22:57.870393,clean,naive,{'bins': 10},20,3,2,ok,60,80,0.005049973726272583,0.9042978174984455,0.912328508682549,10,13,24,0,,
2026-05-16T03:22:59.268755,clean,naive,{'bins': 10},20,4,2,ok,80,100,0.004798870533704758,1.3769962806254625,1.3845822857692838,10,13,25,0,,
2026-05-16T03:23:00.577176,clean,naive,{'bins': 10},21,0,2,ok,0,21,0.005123712122440338,1.2835792219266295,1.2917066048830748,10,18,32,0,,
2026-05-16T03:23:01.707377,clean,naive,{'bins': 10},21,1,2,ok,21,42,0.005085901357233524,1.1087869498878717,1.1168332202360034,10,19,33,0,,
2026-05-16T03:23:02.940951,clean,naive,{'bins': 10},21,2,2,ok,42,63,0.005036488175392151,1.1592396944761276,1.2202516896650195,10,25,40,0,,
2026-05-16T03:23:04.019824,clean,naive,{'bins': 10},21,3,2,ok,63,84,0.004950286820530891,1.0580250835046172,1.0659068655222654,10,16,31,0,,
2026-05-16T03:23:05.456703,clean,naive,{'bins': 10},21,4,2,ok,84,105,0.0050915321335196495,1.41434764303267,1.4223117604851723,10,19,35,0,,
2026-05-16T03:23:06.864281,clean,naive,{'bins': 10},22,0,2,ok,0,22,0.00543665885925293,1.381513323634863,1.3899862542748451,10,18,32,0,,
2026-05-16T03:23:08.075245,clean,naive,{'bins': 10},22,1,2,ok,22,44,0.005379490554332733,1.1887573078274727,1.1971319830045104,10,17,30,0,,
2026-05-16T03:23:09.450711,clean,naive,{'bins': 10},22,2,2,ok,44,66,0.0053616976365447044,1.352817696519196,1.3611733568832278,10,27,44,0,,
2026-05-16T03:23:10.591541,clean,naive,{'bins': 10},22,3,2,ok,66,88,0.005205866880714893,1.1177085228264332,1.12601219676435,10,17,29,0,,
2026-05-16T03:23:11.956846,clean,naive,{'bins': 10},22,4,2,ok,88,110,0.005343505181372166,1.341570995748043,1.3498482005670667,10,29,51,0,,
2026-05-16T03:23:13.486547,clean,naive,{'bins': 10},23,0,2,ok,0,23,0.0053453585132956505,1.5028180731460452,1.5113749923184514,10,18,32,0,,
2026-05-16T03:23:14.962256,clean,naive,{'bins': 10},23,1,2,ok,23,46,0.005757622420787811,1.4501999411731958,1.4592439653351903,10,23,35,0,,
2026-05-16T03:23:16.249998,clean,naive,{'bins': 10},23,2,2,ok,46,69,0.005500819534063339,1.2647892870008945,1.2734142038971186,10,18,32,0,,
2026-05-16T03:23:17.690156,clean,naive,{'bins': 10},23,3,2,ok,69,92,0.005382458679378033,1.4164345422759652,1.4250485291704535,10,11,22,0,,
2026-05-16T03:23:19.209250,clean,naive,{'bins': 10},23,4,2,ok,92,115,0.005562355741858482,1.494153993204236,1.5029050270095468,10,16,28,0,,
2026-05-16T03:23:20.745377,clean,naive,{'bins': 10},24,0,2,ok,0,24,0.005680137313902378,1.5084536662325263,1.5173824140802026,10,18,32,0,,
2026-05-16T03:23:22.431730,clean,naive,{'bins': 10},24,1,2,ok,24,48,0.005572064779698849,1.6606133989989758,1.6695021819323301,10,26,39,0,,
2026-05-16T03:23:23.763095,clean,naive,{'bins': 10},24,2,2,ok,48,72,0.005584005266427994,1.3078843764960766,1.3166262218728662,10,8,18,0,,
2026-05-16T03:23:25.410282,clean,naive,{'bins': 10},24,3,2,ok,72,96,0.005653055384755135,1.6214053696021438,1.6303274342790246,10,17,31,0,,
2026-05-16T03:23:27.037939,clean,naive,{'bins': 10},24,4,2,ok,96,120,0.006506278179585934,1.59995680116117,1.611215784214437,10,17,30,0,,
2026-05-16T03:23:28.651462,clean,naive,{'bins': 10},25,0,2,ok,0,25,0.005967697128653526,1.5856865225359797,1.59506206959486,10,10,20,0,,
2026-05-16T03:23:30.500962,clean,naive,{'bins': 10},25,1,2,ok,25,50,0.0058817751705646515,1.8227819968014956,1.8320638770237565,10,25,38,0,,
2026-05-16T03:23:31.969687,clean,naive,{'bins': 10},25,2,2,ok,50,75,0.006029724143445492,1.444162723608315,1.4535714127123356,10,9,21,0,,
2026-05-16T03:23:33.802039,clean,naive,{'bins': 10},25,3,2,ok,75,100,0.005888298153877258,1.806230734102428,1.8155752625316381,10,18,33,0,,
2026-05-16T03:23:35.446138,clean,naive,{'bins': 10},25,4,2,ok,100,125,0.005986051633954048,1.6174921207129955,1.6268886672332883,10,11,23,0,,
2026-05-16T03:23:35.476558,clean,sax,"{'w': 144, 'bins': 10}",1,0,2,ok,0,1,0.01178781595081091,0.00332485418766737,0.015363351441919804,10,18,19,0,,
2026-05-16T03:23:35.492595,clean,sax,"{'w': 144, 'bins': 10}",1,1,2,ok,1,2,0.01071413978934288,0.003920260816812515,0.01481557171791792,10,20,21,0,,
2026-05-16T03:23:35.506585,clean,sax,"{'w': 144, 'bins': 10}",1,2,2,ok,2,3,0.010773682035505772,0.0020868591964244843,0.013036772608757019,10,20,19,0,,
2026-05-16T03:23:35.521385,clean,sax,"{'w': 144, 'bins': 10}",1,3,2,ok,3,4,0.010588234290480614,0.0030455905944108963,0.013813852332532406,10,19,19,0,,
2026-05-16T03:23:35.535795,clean,sax,"{'w': 144, 'bins': 10}",1,4,2,ok,4,5,0.010553117841482162,0.0026276148855686188,0.01335515920072794,10,18,18,0,,
2026-05-16T03:23:35.578545,clean,sax,"{'w': 144, 'bins': 10}",2,0,2,ok,0,2,0.020853091031312943,0.013701200485229492,0.03480100445449352,10,23,26,0,,
2026-05-16T03:23:35.608306,clean,sax,"{'w': 144, 'bins': 10}",2,1,2,ok,2,4,0.020714309997856617,0.007259213365614414,0.028214314952492714,10,22,22,0,,
2026-05-16T03:23:35.639498,clean,sax,"{'w': 144, 'bins': 10}",2,2,2,ok,4,6,0.020838542841374874,0.008704626001417637,0.02978486195206642,10,21,22,0,,
2026-05-16T03:23:35.676611,clean,sax,"{'w': 144, 'bins': 10}",2,3,2,ok,6,8,0.020750227384269238,0.014824770390987396,0.03582025691866875,10,26,29,0,,
2026-05-16T03:23:35.713773,clean,sax,"{'w': 144, 'bins': 10}",2,4,2,ok,8,10,0.02079626265913248,0.014835850335657597,0.03587483987212181,10,22,25,0,,
2026-05-16T03:23:35.780054,clean,sax,"{'w': 144, 'bins': 10}",3,0,2,ok,0,3,0.031000937335193157,0.026903020218014717,0.058210523799061775,10,33,37,0,,
2026-05-16T03:23:35.831378,clean,sax,"{'w': 144, 'bins': 10}",3,1,2,ok,3,6,0.031221462413668633,0.018280218355357647,0.049801052547991276,10,20,22,0,,
2026-05-16T03:23:35.883854,clean,sax,"{'w': 144, 'bins': 10}",3,2,2,ok,6,9,0.031053105369210243,0.019630735740065575,0.05099148862063885,10,17,21,0,,
2026-05-16T03:23:35.944008,clean,sax,"{'w': 144, 'bins': 10}",3,3,2,ok,9,12,0.031037265434861183,0.027175714261829853,0.058517842553555965,10,27,32,0,,
2026-05-16T03:23:35.992844,clean,sax,"{'w': 144, 'bins': 10}",3,4,2,ok,12,15,0.031138976104557514,0.01579388976097107,0.04724008310586214,10,16,20,0,,
2026-05-16T03:23:36.071017,clean,sax,"{'w': 144, 'bins': 10}",4,0,2,ok,0,4,0.041279939003288746,0.02824505139142275,0.06989315245300531,10,21,25,0,,
2026-05-16T03:23:36.141027,clean,sax,"{'w': 144, 'bins': 10}",4,1,2,ok,4,8,0.04118443001061678,0.02663344517350197,0.06818259973078966,10,22,26,0,,
2026-05-16T03:23:36.216110,clean,sax,"{'w': 144, 'bins': 10}",4,2,2,ok,8,12,0.04114721994847059,0.031920875422656536,0.07342966459691525,10,15,19,0,,
2026-05-16T03:23:36.285924,clean,sax,"{'w': 144, 'bins': 10}",4,3,2,ok,12,16,0.041641988791525364,0.025948939844965935,0.06796971056610346,10,25,31,0,,
2026-05-16T03:23:36.354275,clean,sax,"{'w': 144, 'bins': 10}",4,4,2,ok,16,20,0.04327113926410675,0.022814303636550903,0.06662211008369923,10,23,25,0,,
2026-05-16T03:23:36.447944,clean,sax,"{'w': 144, 'bins': 10}",5,0,2,ok,0,5,0.05174652487039566,0.03234224580228329,0.08455293253064156,10,22,26,0,,
2026-05-16T03:23:36.542705,clean,sax,"{'w': 144, 'bins': 10}",5,1,2,ok,5,10,0.05145373474806547,0.04088892601430416,0.0927747217938304,10,15,19,0,,
2026-05-16T03:23:36.629252,clean,sax,"{'w': 144, 'bins': 10}",5,2,2,ok,10,15,0.05152132175862789,0.03252778481692076,0.08448446448892355,10,15,20,0,,
2026-05-16T03:23:36.711457,clean,sax,"{'w': 144, 'bins': 10}",5,3,2,ok,15,20,0.0518032219260931,0.027935841120779514,0.08016082551330328,10,22,26,0,,
2026-05-16T03:23:36.786381,clean,sax,"{'w': 144, 'bins': 10}",5,4,2,ok,20,25,0.05198502354323864,0.02057051844894886,0.07298167236149311,10,19,23,0,,
2026-05-16T03:23:36.903363,clean,sax,"{'w': 144, 'bins': 10}",6,0,2,ok,0,6,0.06146675907075405,0.046126059256494045,0.10812942683696747,10,25,29,0,,
2026-05-16T03:23:37.015169,clean,sax,"{'w': 144, 'bins': 10}",6,1,2,ok,6,12,0.06216499116271734,0.0465424619615078,0.1092677153646946,10,15,19,0,,
2026-05-16T03:23:37.113163,clean,sax,"{'w': 144, 'bins': 10}",6,2,2,ok,12,18,0.06122332066297531,0.033750309608876705,0.09550753328949213,10,23,29,0,,
2026-05-16T03:23:37.214321,clean,sax,"{'w': 144, 'bins': 10}",6,3,2,ok,18,24,0.062344727106392384,0.03571399673819542,0.09859298821538687,10,16,21,0,,
2026-05-16T03:23:37.319658,clean,sax,"{'w': 144, 'bins': 10}",6,4,2,ok,24,30,0.06188479345291853,0.0398482708260417,0.10224384441971779,10,22,27,0,,
2026-05-16T03:23:37.464527,clean,sax,"{'w': 144, 'bins': 10}",7,0,2,ok,0,7,0.07215266581624746,0.06199302710592747,0.13473969884216785,10,23,30,0,,
2026-05-16T03:23:37.586023,clean,sax,"{'w': 144, 'bins': 10}",7,1,2,ok,7,14,0.07220409251749516,0.04572966601699591,0.11851693410426378,10,12,17,0,,
2026-05-16T03:23:37.709786,clean,sax,"{'w': 144, 'bins': 10}",7,2,2,ok,14,21,0.07204593624919653,0.04800456762313843,0.12064543087035418,10,11,18,0,,
2026-05-16T03:23:37.817643,clean,sax,"{'w': 144, 'bins': 10}",7,3,2,ok,21,28,0.07172124553471804,0.032448526471853256,0.1047632060945034,10,21,24,0,,
2026-05-16T03:23:37.938956,clean,sax,"{'w': 144, 'bins': 10}",7,4,2,ok,28,35,0.07162394374608994,0.04651348851621151,0.11873755883425474,10,18,24,0,,
2026-05-16T03:23:38.110629,clean,sax,"{'w': 144, 'bins': 10}",8,0,2,ok,0,8,0.08419846650213003,0.0758800059556961,0.1609863769263029,10,25,32,0,,
2026-05-16T03:23:38.263047,clean,sax,"{'w': 144, 'bins': 10}",8,1,2,ok,8,16,0.08239790610969067,0.06644908431917429,0.14950169995427132,10,10,18,0,,
2026-05-16T03:23:38.405464,clean,sax,"{'w': 144, 'bins': 10}",8,2,2,ok,16,24,0.08279446046799421,0.04126319754868746,0.12473148293793201,10,14,19,0,,
2026-05-16T03:23:38.562764,clean,sax,"{'w': 144, 'bins': 10}",8,3,2,ok,24,32,0.0825655609369278,0.07094682194292545,0.15416646096855402,10,19,25,0,,
2026-05-16T03:23:38.742553,clean,sax,"{'w': 144, 'bins': 10}",8,4,2,ok,32,40,0.10213632322847843,0.05865917634218931,0.1614472633227706,10,12,20,0,,
2026-05-16T03:23:38.932333,clean,sax,"{'w': 144, 'bins': 10}",9,0,2,ok,0,9,0.09233306348323822,0.08664734568446875,0.1797170015051961,10,13,19,0,,
2026-05-16T03:23:39.088040,clean,sax,"{'w': 144, 'bins': 10}",9,1,2,ok,9,18,0.09252765774726868,0.059102569706737995,0.15244167111814022,10,20,28,0,,
2026-05-16T03:23:39.259502,clean,sax,"{'w': 144, 'bins': 10}",9,2,2,ok,18,27,0.09303093235939741,0.0745327565819025,0.16832214314490557,10,21,28,0,,
2026-05-16T03:23:39.425507,clean,sax,"{'w': 144, 'bins': 10}",9,3,2,ok,27,36,0.09301283955574036,0.06898037903010845,0.16271362081170082,10,20,27,0,,
2026-05-16T03:23:39.572433,clean,sax,"{'w': 144, 'bins': 10}",9,4,2,ok,36,45,0.09454101976007223,0.04847577307373285,0.1437442982569337,10,22,28,0,,
2026-05-16T03:23:39.777480,clean,sax,"{'w': 144, 'bins': 10}",10,0,2,ok,0,10,0.10196077264845371,0.09145505353808403,0.1943765403702855,10,13,19,0,,
2026-05-16T03:23:39.950271,clean,sax,"{'w': 144, 'bins': 10}",10,1,2,ok,10,20,0.10204297676682472,0.06640809774398804,0.16938051115721464,10,23,31,0,,
2026-05-16T03:23:40.138850,clean,sax,"{'w': 144, 'bins': 10}",10,2,2,ok,20,30,0.10243294853717089,0.08179593458771706,0.18514794949442148,10,19,26,0,,
2026-05-16T03:23:40.302596,clean,sax,"{'w': 144, 'bins': 10}",10,3,2,ok,30,40,0.10212886799126863,0.05725284572690725,0.16029725316911936,10,19,25,0,,
2026-05-16T03:23:40.517254,clean,sax,"{'w': 144, 'bins': 10}",10,4,2,ok,40,50,0.10303505044430494,0.05211687088012695,0.21035844460129738,10,28,34,0,,
2026-05-16T03:23:40.754370,clean,sax,"{'w': 144, 'bins': 10}",11,0,2,ok,0,11,0.1123289642855525,0.11316771805286407,0.22649674024432898,10,24,33,0,,
2026-05-16T03:23:40.960843,clean,sax,"{'w': 144, 'bins': 10}",11,1,2,ok,11,22,0.11329836398363113,0.08822013903409243,0.20252581499516964,10,25,34,0,,
2026-05-16T03:23:41.142055,clean,sax,"{'w': 144, 'bins': 10}",11,2,2,ok,22,33,0.1146390913054347,0.061787500977516174,0.17745703738182783,10,22,27,0,,
2026-05-16T03:23:41.315069,clean,sax,"{'w': 144, 'bins': 10}",11,3,2,ok,33,44,0.11299669649451971,0.05515633895993233,0.16913457866758108,10,23,30,0,,
2026-05-16T03:23:41.492828,clean,sax,"{'w': 144, 'bins': 10}",11,4,2,ok,44,55,0.11251593474298716,0.06068282574415207,0.17414454650133848,10,18,23,0,,
2026-05-16T03:23:41.751015,clean,sax,"{'w': 144, 'bins': 10}",12,0,2,ok,0,12,0.12221121042966843,0.12395734153687954,0.2472377698868513,10,15,21,0,,
2026-05-16T03:23:41.946068,clean,sax,"{'w': 144, 'bins': 10}",12,1,2,ok,12,24,0.1220652274787426,0.06782525964081287,0.19099401868879795,10,18,24,0,,
2026-05-16T03:23:42.155832,clean,sax,"{'w': 144, 'bins': 10}",12,2,2,ok,24,36,0.12284947000443935,0.08152076788246632,0.20562397316098213,10,22,28,0,,
2026-05-16T03:23:42.353117,clean,sax,"{'w': 144, 'bins': 10}",12,3,2,ok,36,48,0.12281042616814375,0.06917630601674318,0.1930588260293007,10,22,29,0,,
2026-05-16T03:23:42.568400,clean,sax,"{'w': 144, 'bins': 10}",12,4,2,ok,48,60,0.12307572457939386,0.08700750209391117,0.21113493107259274,10,18,23,0,,
2026-05-16T03:23:42.843545,clean,sax,"{'w': 144, 'bins': 10}",13,0,2,ok,0,13,0.13364254776388407,0.1296151652932167,0.26439344603568316,10,15,21,0,,
2026-05-16T03:23:43.045661,clean,sax,"{'w': 144, 'bins': 10}",13,1,2,ok,13,26,0.13366844784468412,0.06252546701580286,0.1973612466827035,10,28,36,0,,
2026-05-16T03:23:43.293601,clean,sax,"{'w': 144, 'bins': 10}",13,2,2,ok,26,39,0.1361155016347766,0.10559204313904047,0.24321357253938913,10,24,31,0,,
2026-05-16T03:23:43.501204,clean,sax,"{'w': 144, 'bins': 10}",13,3,2,ok,39,52,0.13346966449171305,0.06868247035890818,0.2033145371824503,10,29,34,0,,
2026-05-16T03:23:43.740650,clean,sax,"{'w': 144, 'bins': 10}",13,4,2,ok,52,65,0.1332401828840375,0.10032189544290304,0.23496767785400152,10,20,26,0,,
2026-05-16T03:23:44.035076,clean,sax,"{'w': 144, 'bins': 10}",14,0,2,ok,0,14,0.14332887902855873,0.13820328284054995,0.28279231768101454,10,15,21,0,,
2026-05-16T03:23:44.274226,clean,sax,"{'w': 144, 'bins': 10}",14,1,2,ok,14,28,0.14315414149314165,0.08976137265563011,0.2344680791720748,10,20,28,0,,
2026-05-16T03:23:44.514715,clean,sax,"{'w': 144, 'bins': 10}",14,2,2,ok,28,42,0.14390630181878805,0.0903620719909668,0.23555160406976938,10,27,35,0,,
2026-05-16T03:23:44.768290,clean,sax,"{'w': 144, 'bins': 10}",14,3,2,ok,42,56,0.142965255305171,0.10409329738467932,0.24861830193549395,10,19,26,0,,
2026-05-16T03:23:45.006320,clean,sax,"{'w': 144, 'bins': 10}",14,4,2,ok,56,70,0.14333073236048222,0.08900037407875061,0.2335706539452076,10,13,19,0,,
2026-05-16T03:23:45.348086,clean,sax,"{'w': 144, 'bins': 10}",15,0,2,ok,0,15,0.15293974708765745,0.17532573640346527,0.3298931987956166,10,17,26,0,,
2026-05-16T03:23:45.614423,clean,sax,"{'w': 144, 'bins': 10}",15,1,2,ok,15,30,0.15504267625510693,0.1053539952263236,0.26172960363328457,10,22,31,0,,
2026-05-16T03:23:45.850236,clean,sax,"{'w': 144, 'bins': 10}",15,2,2,ok,30,45,0.15353314112871885,0.07558610383421183,0.23064365796744823,10,25,33,0,,
2026-05-16T03:23:46.110490,clean,sax,"{'w': 144, 'bins': 10}",15,3,2,ok,45,60,0.15354158636182547,0.10066283587366343,0.2555050943046808,10,15,21,0,,
2026-05-16T03:23:46.397413,clean,sax,"{'w': 144, 'bins': 10}",15,4,2,ok,60,75,0.15345946326851845,0.1268554637208581,0.2818908952176571,10,12,21,0,,
2026-05-16T03:23:46.743954,clean,sax,"{'w': 144, 'bins': 10}",16,0,2,ok,0,16,0.16262522526085377,0.16983480378985405,0.3338473839685321,10,14,24,0,,
2026-05-16T03:23:47.050252,clean,sax,"{'w': 144, 'bins': 10}",16,1,2,ok,16,32,0.16495345626026392,0.13448687456548214,0.30128300189971924,10,21,28,0,,
2026-05-16T03:23:47.339552,clean,sax,"{'w': 144, 'bins': 10}",16,2,2,ok,32,48,0.16345974151045084,0.11887371446937323,0.2839480582624674,10,23,32,0,,
2026-05-16T03:23:47.616353,clean,sax,"{'w': 144, 'bins': 10}",16,3,2,ok,48,64,0.16421529091894627,0.10605017188936472,0.2716755410656333,10,17,23,0,,
2026-05-16T03:23:47.891423,clean,sax,"{'w': 144, 'bins': 10}",16,4,2,ok,64,80,0.1641968060284853,0.10442985035479069,0.2700139619410038,10,16,23,0,,
2026-05-16T03:23:48.255501,clean,sax,"{'w': 144, 'bins': 10}",17,0,2,ok,0,17,0.17478078231215477,0.17481062840670347,0.35144264716655016,10,14,24,0,,
2026-05-16T03:23:48.572802,clean,sax,"{'w': 144, 'bins': 10}",17,1,2,ok,17,34,0.17477481067180634,0.1359509127214551,0.3121778108179569,10,21,28,0,,
2026-05-16T03:23:48.876101,clean,sax,"{'w': 144, 'bins': 10}",17,2,2,ok,34,51,0.17289553210139275,0.12332787923514843,0.297696977853775,10,23,32,0,,
2026-05-16T03:23:49.156761,clean,sax,"{'w': 144, 'bins': 10}",17,3,2,ok,51,68,0.17506091762334108,0.09846936725080013,0.27526372019201517,10,13,19,0,,
2026-05-16T03:23:49.425771,clean,sax,"{'w': 144, 'bins': 10}",17,4,2,ok,68,85,0.17326390463858843,0.0890711871907115,0.26384441554546356,10,18,24,0,,
2026-05-16T03:23:49.821283,clean,sax,"{'w': 144, 'bins': 10}",18,0,2,ok,0,18,0.18533395044505596,0.19652325194329023,0.3836988313123584,10,11,21,0,,
2026-05-16T03:23:50.143377,clean,sax,"{'w': 144, 'bins': 10}",18,1,2,ok,18,36,0.18429787456989288,0.1305314851924777,0.3165773320943117,10,18,26,0,,
2026-05-16T03:23:50.457323,clean,sax,"{'w': 144, 'bins': 10}",18,2,2,ok,36,54,0.18383348267525434,0.12262324523180723,0.3080829018726945,10,21,28,0,,
2026-05-16T03:23:50.781508,clean,sax,"{'w': 144, 'bins': 10}",18,3,2,ok,54,72,0.18481143936514854,0.13151604495942593,0.317884418182075,10,18,27,0,,
2026-05-16T03:23:51.144256,clean,sax,"{'w': 144, 'bins': 10}",18,4,2,ok,72,90,0.18519393727183342,0.16976866032928228,0.35672061890363693,10,16,23,0,,
2026-05-16T03:23:51.550776,clean,sax,"{'w': 144, 'bins': 10}",19,0,2,ok,0,19,0.194650175049901,0.19790726155042648,0.39400945231318474,10,11,21,0,,
2026-05-16T03:23:51.928274,clean,sax,"{'w': 144, 'bins': 10}",19,1,2,ok,19,38,0.19516418129205704,0.17439332511276007,0.37103118374943733,10,27,34,0,,
2026-05-16T03:23:52.251730,clean,sax,"{'w': 144, 'bins': 10}",19,2,2,ok,38,57,0.19618351478129625,0.11962987389415503,0.31732380483299494,10,23,30,0,,
2026-05-16T03:23:52.646194,clean,sax,"{'w': 144, 'bins': 10}",19,3,2,ok,57,76,0.21788637153804302,0.16816468723118305,0.38773745484650135,10,13,23,0,,
2026-05-16T03:23:53.016499,clean,sax,"{'w': 144, 'bins': 10}",19,4,2,ok,76,95,0.1968108732253313,0.16599975246936083,0.3642595764249563,10,15,25,0,,
2026-05-16T03:23:53.435748,clean,sax,"{'w': 144, 'bins': 10}",20,0,2,ok,0,20,0.2057103654369712,0.19909613393247128,0.40637966338545084,10,11,21,0,,
2026-05-16T03:23:53.800724,clean,sax,"{'w': 144, 'bins': 10}",20,1,2,ok,20,40,0.20534504856914282,0.15148775931447744,0.3584065642207861,10,26,34,0,,
2026-05-16T03:23:54.157321,clean,sax,"{'w': 144, 'bins': 10}",20,2,2,ok,40,60,0.2063625603914261,0.1425028769299388,0.35041254200041294,10,19,27,0,,
2026-05-16T03:23:54.541282,clean,sax,"{'w': 144, 'bins': 10}",20,3,2,ok,60,80,0.2054564179852605,0.17043371871113777,0.3774532116949558,10,19,28,0,,
2026-05-16T03:23:54.916702,clean,sax,"{'w': 144, 'bins': 10}",20,4,2,ok,80,100,0.20526007935404778,0.1620431924238801,0.36902092676609755,10,20,30,0,,
2026-05-16T03:23:55.410379,clean,sax,"{'w': 144, 'bins': 10}",21,0,2,ok,0,21,0.2148440582677722,0.2634411994367838,0.47992833238095045,10,13,23,0,,
2026-05-16T03:23:55.798101,clean,sax,"{'w': 144, 'bins': 10}",21,1,2,ok,21,42,0.21624610107392073,0.16356444917619228,0.3814279669895768,10,17,25,0,,
2026-05-16T03:23:56.190912,clean,sax,"{'w': 144, 'bins': 10}",21,2,2,ok,42,63,0.214435669593513,0.17021049931645393,0.3862941637635231,10,15,23,0,,
2026-05-16T03:23:56.581115,clean,sax,"{'w': 144, 'bins': 10}",21,3,2,ok,63,84,0.21552587766200304,0.16609050333499908,0.3833084683865309,10,15,23,0,,
2026-05-16T03:23:56.968361,clean,sax,"{'w': 144, 'bins': 10}",21,4,2,ok,84,105,0.2132079852744937,0.16543147526681423,0.3803639989346266,10,23,34,0,,
2026-05-16T03:23:57.440478,clean,sax,"{'w': 144, 'bins': 10}",22,0,2,ok,0,22,0.2222940782085061,0.2341440198943019,0.4583769692108035,10,19,27,0,,
2026-05-16T03:23:57.836169,clean,sax,"{'w': 144, 'bins': 10}",22,1,2,ok,22,44,0.2242558216676116,0.16255760751664639,0.3887537634000182,10,17,25,0,,
2026-05-16T03:23:58.309795,clean,sax,"{'w': 144, 'bins': 10}",22,2,2,ok,44,66,0.22476735152304173,0.23981322720646858,0.4665098926052451,10,13,21,0,,
2026-05-16T03:23:58.725477,clean,sax,"{'w': 144, 'bins': 10}",22,3,2,ok,66,88,0.22316055465489626,0.1838780576363206,0.408732102252543,10,19,28,0,,
2026-05-16T03:23:59.097057,clean,sax,"{'w': 144, 'bins': 10}",22,4,2,ok,88,110,0.22346215043216944,0.1392911160364747,0.36439153365790844,10,22,31,0,,
2026-05-16T03:23:59.621380,clean,sax,"{'w': 144, 'bins': 10}",23,0,2,ok,0,23,0.23302108328789473,0.27541335113346577,0.5101991780102253,10,13,23,0,,
2026-05-16T03:24:00.029867,clean,sax,"{'w': 144, 'bins': 10}",23,1,2,ok,23,46,0.23302792478352785,0.1667183805257082,0.4015387622639537,10,13,22,0,,
2026-05-16T03:24:00.415681,clean,sax,"{'w': 144, 'bins': 10}",23,2,2,ok,46,69,0.23224741872400045,0.14468022529035807,0.37867327220737934,10,17,23,0,,
2026-05-16T03:24:00.858745,clean,sax,"{'w': 144, 'bins': 10}",23,3,2,ok,69,92,0.2325715282931924,0.20156826730817556,0.4359173234552145,10,17,25,0,,
2026-05-16T03:24:01.367677,clean,sax,"{'w': 144, 'bins': 10}",23,4,2,ok,92,115,0.2355679962784052,0.2638540044426918,0.50121592823416,10,27,39,0,,
2026-05-16T03:24:01.919651,clean,sax,"{'w': 144, 'bins': 10}",24,0,2,ok,0,24,0.2434431342408061,0.29250307381153107,0.5378159694373608,10,13,23,0,,
2026-05-16T03:24:02.344203,clean,sax,"{'w': 144, 'bins': 10}",24,1,2,ok,24,48,0.2447381354868412,0.170273058116436,0.41683016903698444,10,26,37,0,,
2026-05-16T03:24:02.757726,clean,sax,"{'w': 144, 'bins': 10}",24,2,2,ok,48,72,0.24395627807825804,0.1592153012752533,0.40500602405518293,10,25,33,0,,
2026-05-16T03:24:03.237658,clean,sax,"{'w': 144, 'bins': 10}",24,3,2,ok,72,96,0.24521355796605349,0.22521406132727861,0.4723869487643242,10,17,26,0,,
2026-05-16T03:24:03.674928,clean,sax,"{'w': 144, 'bins': 10}",24,4,2,ok,96,120,0.2458079131320119,0.18168403580784798,0.4295093286782503,10,18,30,0,,
2026-05-16T03:24:04.193403,clean,sax,"{'w': 144, 'bins': 10}",25,0,2,ok,0,25,0.2548569981008768,0.245383245870471,0.5024318499490619,10,19,27,0,,
2026-05-16T03:24:04.662109,clean,sax,"{'w': 144, 'bins': 10}",25,1,2,ok,25,50,0.2553658839315176,0.20348971523344517,0.4610155150294304,10,14,24,0,,
2026-05-16T03:24:05.150237,clean,sax,"{'w': 144, 'bins': 10}",25,2,2,ok,50,75,0.2535816030576825,0.22391066327691078,0.479621154256165,10,16,28,0,,
2026-05-16T03:24:05.617889,clean,sax,"{'w': 144, 'bins': 10}",25,3,2,ok,75,100,0.253698131069541,0.20368057396262884,0.45953383203595877,10,19,29,0,,
2026-05-16T03:24:06.130120,clean,sax,"{'w': 144, 'bins': 10}",25,4,2,ok,100,125,0.2540362263098359,0.24748819041997194,0.5036631440743804,10,15,26,0,,
2026-05-16T03:24:06.448181,clean,persist,{'bins': 11},1,0,2,ok,0,1,0.2721700305119157,0.016593901440501213,0.2892780676484108,10,15,23,0,,
2026-05-16T03:24:06.720987,clean,persist,{'bins': 11},1,1,2,ok,1,2,0.2572484705597162,0.01361919566988945,0.2711711451411247,10,21,26,0,,
2026-05-16T03:24:06.991431,clean,persist,{'bins': 11},1,2,2,ok,2,3,0.2551080100238323,0.01350872777402401,0.26892650965601206,10,12,20,0,,
2026-05-16T03:24:07.292390,clean,persist,{'bins': 11},1,3,2,ok,3,4,0.277759226039052,0.02124716993421316,0.2993175610899925,10,7,16,0,,
2026-05-16T03:24:07.578623,clean,persist,{'bins': 11},1,4,2,ok,4,5,0.26371858082711697,0.020607237704098225,0.2846404891461134,10,21,30,0,,
2026-05-16T03:24:07.927795,clean,persist,{'bins': 11},2,0,2,ok,0,2,0.27163670863956213,0.0635601207613945,0.3356716213747859,10,24,33,0,,
2026-05-16T03:24:08.263731,clean,persist,{'bins': 11},2,1,2,ok,2,4,0.2844881033524871,0.0487819779664278,0.3337311362847686,10,8,16,0,,
2026-05-16T03:24:08.607202,clean,persist,{'bins': 11},2,2,2,ok,4,6,0.2718011988326907,0.06872282363474369,0.3410318661481142,10,18,30,0,,
2026-05-16T03:24:08.932547,clean,persist,{'bins': 11},2,3,2,ok,6,8,0.27050566487014294,0.052151646465063095,0.32312129251658916,10,20,32,0,,
2026-05-16T03:24:09.258725,clean,persist,{'bins': 11},2,4,2,ok,8,10,0.27651168312877417,0.047037482261657715,0.3240082776173949,10,22,33,0,,
2026-05-16T03:24:09.626867,clean,persist,{'bins': 11},3,0,2,ok,0,3,0.2829740587621927,0.07104690000414848,0.3546149246394634,10,17,32,0,,
2026-05-16T03:24:10.002662,clean,persist,{'bins': 11},3,1,2,ok,3,6,0.29703560564666986,0.07574327755719423,0.3733662562444806,10,11,22,0,,
2026-05-16T03:24:10.395086,clean,persist,{'bins': 11},3,2,2,ok,6,9,0.2900872165337205,0.09908032324165106,0.3897772552445531,10,9,22,0,,
2026-05-16T03:24:10.757923,clean,persist,{'bins': 11},3,3,2,ok,9,12,0.26685313507914543,0.09264472778886557,0.3600645177066326,10,24,37,0,,
2026-05-16T03:24:11.140616,clean,persist,{'bins': 11},3,4,2,ok,12,15,0.28447179216891527,0.09487757179886103,0.3799588782712817,10,21,35,0,,
2026-05-16T03:24:11.571554,clean,persist,{'bins': 11},4,0,2,ok,0,4,0.2841418320313096,0.13145847711712122,0.4162953235208988,10,9,21,0,,
2026-05-16T03:24:12.018996,clean,persist,{'bins': 11},4,1,2,ok,4,8,0.289869106374681,0.15291956067085266,0.4435210321098566,10,22,36,0,,
2026-05-16T03:24:12.431466,clean,persist,{'bins': 11},4,2,2,ok,8,12,0.28961392864584923,0.11875721532851458,0.4091109726577997,10,16,31,0,,
2026-05-16T03:24:12.942335,clean,persist,{'bins': 11},4,3,2,ok,12,16,0.29740639217197895,0.20928057935088873,0.5074226437136531,10,20,40,0,,
2026-05-16T03:24:13.332684,clean,persist,{'bins': 11},4,4,2,ok,16,20,0.28761367220431566,0.09856060706079006,0.3868758464232087,10,25,36,0,,
2026-05-16T03:24:13.886365,clean,persist,{'bins': 11},5,0,2,ok,0,5,0.3106761621311307,0.22630284447222948,0.5379831325262785,10,20,34,0,,
2026-05-16T03:24:14.387531,clean,persist,{'bins': 11},5,1,2,ok,5,10,0.289433179423213,0.20628729928284883,0.49670066963881254,10,23,40,0,,
2026-05-16T03:24:14.907666,clean,persist,{'bins': 11},5,2,2,ok,10,15,0.3060727873817086,0.20877018105238676,0.515831514261663,10,24,39,0,,
2026-05-16T03:24:15.388379,clean,persist,{'bins': 11},5,3,2,ok,15,20,0.3025403320789337,0.1734434412792325,0.47694422770291567,10,20,35,0,,
2026-05-16T03:24:15.845750,clean,persist,{'bins': 11},5,4,2,ok,20,25,0.29379460867494345,0.15898192394524813,0.453773976303637,10,11,22,0,,
2026-05-16T03:24:16.389699,clean,persist,{'bins': 11},6,0,2,ok,0,6,0.3149366620928049,0.2116167163476348,0.5276913959532976,10,20,31,0,,
2026-05-16T03:24:16.939670,clean,persist,{'bins': 11},6,1,2,ok,6,12,0.3070663521066308,0.2372101889923215,0.5453909439966083,10,16,29,0,,
2026-05-16T03:24:17.561496,clean,persist,{'bins': 11},6,2,2,ok,12,18,0.3149298997595906,0.3006585296243429,0.6170481899753213,10,23,40,0,,
2026-05-16T03:24:18.155005,clean,persist,{'bins': 11},6,3,2,ok,18,24,0.30796509981155396,0.27882592007517815,0.5879256408661604,10,26,45,0,,
2026-05-16T03:24:18.839927,clean,persist,{'bins': 11},6,4,2,ok,24,30,0.33183806110173464,0.3471467699855566,0.6801259238272905,10,19,39,0,,
2026-05-16T03:24:19.475083,clean,persist,{'bins': 11},7,0,2,ok,0,7,0.3159064734354615,0.3013197621330619,0.6185011193156242,10,15,30,0,,
2026-05-16T03:24:20.099132,clean,persist,{'bins': 11},7,1,2,ok,7,14,0.32888766191899776,0.28888609167188406,0.6189801292493939,10,25,41,0,,
2026-05-16T03:24:20.724199,clean,persist,{'bins': 11},7,2,2,ok,14,21,0.3241559751331806,0.29413190204650164,0.6195581536740065,10,24,38,0,,
2026-05-16T03:24:21.306387,clean,persist,{'bins': 11},7,3,2,ok,21,28,0.3154824674129486,0.26022881641983986,0.577019159682095,10,10,21,0,,
2026-05-16T03:24:22.120248,clean,persist,{'bins': 11},7,4,2,ok,28,35,0.3112576939165592,0.4952554339542985,0.8077624635770917,10,23,44,0,,
2026-05-16T03:24:22.808433,clean,persist,{'bins': 11},8,0,2,ok,0,8,0.33784062415361404,0.33194720558822155,0.6712543936446309,10,18,30,0,,
2026-05-16T03:24:23.807531,clean,persist,{'bins': 11},8,1,2,ok,8,16,0.3349947817623615,0.6563459979370236,0.99280094075948,10,8,24,0,,
2026-05-16T03:24:24.529945,clean,persist,{'bins': 11},8,2,2,ok,16,24,0.3055358473211527,0.40984973032027483,0.7167104864493012,10,17,33,0,,
2026-05-16T03:24:25.400741,clean,persist,{'bins': 11},8,3,2,ok,24,32,0.31871915608644485,0.5445902207866311,0.8646616861224174,10,31,61,0,,
2026-05-16T03:24:26.226190,clean,persist,{'bins': 11},8,4,2,ok,32,40,0.34842297714203596,0.4683465324342251,0.8181461840867996,10,48,75,0,,
2026-05-16T03:24:26.975251,clean,persist,{'bins': 11},9,0,2,ok,0,9,0.33095441199839115,0.3996019959449768,0.7321230601519346,10,10,20,0,,
2026-05-16T03:24:27.887096,clean,persist,{'bins': 11},9,1,2,ok,9,18,0.3456368539482355,0.5573058184236288,0.9045334104448557,10,22,42,0,,
2026-05-16T03:24:28.731116,clean,persist,{'bins': 11},9,2,2,ok,18,27,0.3283202648162842,0.5079725263640285,0.8377866568043828,10,18,36,0,,
2026-05-16T03:24:29.689662,clean,persist,{'bins': 11},9,3,2,ok,27,36,0.3406922286376357,0.6100312722846866,0.9521724823862314,10,23,46,0,,
2026-05-16T03:24:30.572305,clean,persist,{'bins': 11},9,4,2,ok,36,45,0.32111735828220844,0.5530566405504942,0.8756747171282768,10,27,45,0,,
2026-05-16T03:24:31.420994,clean,persist,{'bins': 11},10,0,2,ok,0,10,0.3358060633763671,0.4927809778600931,0.8302689287811518,10,22,39,0,,
2026-05-16T03:24:32.493826,clean,persist,{'bins': 11},10,1,2,ok,10,20,0.35958637949079275,0.7037670398131013,1.064936101436615,10,33,54,0,,
2026-05-16T03:24:33.666285,clean,persist,{'bins': 11},10,2,2,ok,20,30,0.3742196410894394,0.7888613482937217,1.1646618684753776,10,23,45,0,,
2026-05-16T03:24:34.683577,clean,persist,{'bins': 11},10,3,2,ok,30,40,0.37527081463485956,0.6335507612675428,1.0103480722755194,10,15,33,0,,
2026-05-16T03:24:35.606760,clean,persist,{'bins': 11},10,4,2,ok,40,50,0.3689751513302326,0.5458088582381606,0.9162820130586624,10,19,43,0,,
2026-05-16T03:24:36.615591,clean,persist,{'bins': 11},11,0,2,ok,0,11,0.3738444559276104,0.613549049012363,0.9891587095335126,10,26,47,0,,
2026-05-16T03:24:37.638590,clean,persist,{'bins': 11},11,1,2,ok,11,22,0.38391303457319736,0.62923120893538,1.01489142421633,10,23,41,0,,
2026-05-16T03:24:38.862032,clean,persist,{'bins': 11},11,2,2,ok,22,33,0.3461565310135484,0.867245557717979,1.215176030062139,10,20,41,0,,
2026-05-16T03:24:39.907596,clean,persist,{'bins': 11},11,3,2,ok,33,44,0.34904926270246506,0.6863944362848997,1.0371622163802385,10,19,40,0,,
2026-05-16T03:24:41.037905,clean,persist,{'bins': 11},11,4,2,ok,44,55,0.36657016538083553,0.7536302190274,1.1218886049464345,10,23,44,0,,
2026-05-16T03:24:42.268393,clean,persist,{'bins': 11},12,0,2,ok,0,12,0.3736226288601756,0.834688188508153,1.2101437700912356,10,33,54,0,,
2026-05-16T03:24:43.349122,clean,persist,{'bins': 11},12,1,2,ok,12,24,0.36865866649895906,0.7020340859889984,1.0724425483494997,10,11,27,0,,
2026-05-16T03:24:44.668360,clean,persist,{'bins': 11},12,2,2,ok,24,36,0.3912039054557681,0.9159939037635922,1.309019349515438,10,41,73,0,,
2026-05-16T03:24:45.778151,clean,persist,{'bins': 11},12,3,2,ok,36,48,0.35208449233323336,0.7467437069863081,1.1006579967215657,10,14,27,0,,
2026-05-16T03:24:47.072929,clean,persist,{'bins': 11},12,4,2,ok,48,60,0.3639672864228487,0.9207098288461566,1.286488026380539,10,19,41,0,,
2026-05-16T03:24:48.352113,clean,persist,{'bins': 11},13,0,2,ok,0,13,0.38624935131520033,0.869800977408886,1.2579865641891956,10,25,45,0,,
2026-05-16T03:24:49.787628,clean,persist,{'bins': 11},13,1,2,ok,13,26,0.38506561797112226,1.0383029486984015,1.4253986794501543,10,35,60,0,,
2026-05-16T03:24:51.401153,clean,persist,{'bins': 11},13,2,2,ok,26,39,0.3869792316108942,1.2128617148846388,1.601942672394216,10,30,52,0,,
2026-05-16T03:24:52.419853,clean,persist,{'bins': 11},13,3,2,ok,39,52,0.3721456965431571,0.6361955674365163,1.010299190878868,10,21,39,0,,
2026-05-16T03:24:54.032136,clean,persist,{'bins': 11},13,4,2,ok,52,65,0.39555012714117765,1.2039995826780796,1.601531982421875,10,10,23,0,,
2026-05-16T03:24:55.441797,clean,persist,{'bins': 11},14,0,2,ok,0,14,0.3822233295068145,1.0038354014977813,1.3880982315167785,10,22,40,0,,
2026-05-16T03:24:57.014615,clean,persist,{'bins': 11},14,1,2,ok,14,28,0.3947258098050952,1.164761575870216,1.561648483388126,10,32,53,0,,
2026-05-16T03:24:58.930561,clean,persist,{'bins': 11},14,2,2,ok,28,42,0.4021183820441365,1.5001498647034168,1.9045242443680763,10,20,39,0,,
2026-05-16T03:25:00.572312,clean,persist,{'bins': 11},14,3,2,ok,42,56,0.37380201555788517,1.2542806454002857,1.630235644057393,10,26,50,0,,
2026-05-16T03:25:02.027198,clean,persist,{'bins': 11},14,4,2,ok,56,70,0.4115114212036133,1.0312663549557328,1.4448539158329368,10,31,55,0,,
2026-05-16T03:25:03.735241,clean,persist,{'bins': 11},15,0,2,ok,0,15,0.3624402601271868,1.3202926702797413,1.685069939121604,10,16,33,0,,
2026-05-16T03:25:05.190328,clean,persist,{'bins': 11},15,1,2,ok,15,30,0.36728410609066486,1.07407452352345,1.4436084954068065,10,13,28,0,,
2026-05-16T03:25:06.738028,clean,persist,{'bins': 11},15,2,2,ok,30,45,0.37967760022729635,1.154838833026588,1.5367344385012984,10,20,40,0,,
2026-05-16T03:25:08.304403,clean,persist,{'bins': 11},15,3,2,ok,45,60,0.3963361233472824,1.1567824324592948,1.5552860666066408,10,28,50,0,,
2026-05-16T03:25:10.221790,clean,persist,{'bins': 11},15,4,2,ok,60,75,0.4201513659209013,1.483681458979845,1.906041193753481,10,21,41,0,,
2026-05-16T03:25:11.720263,clean,persist,{'bins': 11},16,0,2,ok,0,16,0.4086661785840988,1.066753827035427,1.4777347827330232,10,17,35,0,,
2026-05-16T03:25:13.206612,clean,persist,{'bins': 11},16,1,2,ok,16,32,0.3980385409668088,1.0739392107352614,1.4743050718680024,10,37,57,0,,
2026-05-16T03:25:14.866897,clean,persist,{'bins': 11},16,2,2,ok,32,48,0.4109993791207671,1.2350816614925861,1.648426815867424,10,22,41,0,,
2026-05-16T03:25:16.617114,clean,persist,{'bins': 11},16,3,2,ok,48,64,0.3952914020046592,1.3400606717914343,1.7377610178664327,10,24,46,0,,
2026-05-16T03:25:18.379443,clean,persist,{'bins': 11},16,4,2,ok,64,80,0.4244867991656065,1.3217527316883206,1.7486813561990857,10,22,40,0,,
2026-05-16T03:25:20.105375,clean,persist,{'bins': 11},17,0,2,ok,0,17,0.4267553184181452,1.2747789807617664,1.7039437824860215,10,12,28,0,,
2026-05-16T03:25:21.833469,clean,persist,{'bins': 11},17,1,2,ok,17,34,0.421504526399076,1.291803010739386,1.7158542899414897,10,26,50,0,,
2026-05-16T03:25:23.612086,clean,persist,{'bins': 11},17,2,2,ok,34,51,0.3966616643592715,1.3663717433810234,1.7655538599938154,10,28,54,0,,
2026-05-16T03:25:25.332835,clean,persist,{'bins': 11},17,3,2,ok,51,68,0.42137489281594753,1.2851372119039297,1.7090417258441448,10,24,42,0,,
2026-05-16T03:25:27.017781,clean,persist,{'bins': 11},17,4,2,ok,68,85,0.4236713256686926,1.2467881850898266,1.6729198517277837,10,25,49,0,,
2026-05-16T03:25:28.911511,clean,persist,{'bins': 11},18,0,2,ok,0,18,0.4250513967126608,1.4409720357507467,1.8686683792620897,10,15,32,0,,
2026-05-16T03:25:30.950851,clean,persist,{'bins': 11},18,1,2,ok,18,36,0.4308957429602742,1.5926795583218336,2.026211502030492,10,14,30,0,,
2026-05-16T03:25:32.899847,clean,persist,{'bins': 11},18,2,2,ok,36,54,0.4467052835971117,1.4859668416902423,1.9353007413446903,10,26,49,0,,
2026-05-16T03:25:34.646287,clean,persist,{'bins': 11},18,3,2,ok,54,72,0.41660525742918253,1.3146961713209748,1.733974939212203,10,24,43,0,,
2026-05-16T03:25:36.362262,clean,persist,{'bins': 11},18,4,2,ok,72,90,0.4015114130452275,1.2988691991195083,1.7030575890094042,10,28,46,0,,
2026-05-16T03:25:38.810794,clean,persist,{'bins': 11},19,0,2,ok,0,19,0.43536376394331455,1.9843575740233064,2.4225169382989407,10,12,28,0,,
2026-05-16T03:25:41.585176,clean,persist,{'bins': 11},19,1,2,ok,19,38,0.4281300501897931,2.3265520744025707,2.7576344897970557,10,24,44,0,,
2026-05-16T03:25:43.603098,clean,persist,{'bins': 11},19,2,2,ok,38,57,0.46254022791981697,1.5392472185194492,2.004527021199465,10,18,37,0,,
2026-05-16T03:25:46.038944,clean,persist,{'bins': 11},19,3,2,ok,57,76,0.4702633824199438,1.9486131612211466,2.421679897233844,10,31,56,0,,
2026-05-16T03:25:48.270287,clean,persist,{'bins': 11},19,4,2,ok,76,95,0.42652402352541685,1.7871562587097287,2.216438992880285,10,25,45,0,,
2026-05-16T03:25:50.863713,clean,persist,{'bins': 11},20,0,2,ok,0,20,0.46450678166002035,2.098418390378356,2.565866345539689,10,30,54,0,,
2026-05-16T03:25:53.789382,clean,persist,{'bins': 11},20,1,2,ok,20,40,0.47798049356788397,2.42913487739861,2.9100523069500923,10,32,62,0,,
2026-05-16T03:25:56.096565,clean,persist,{'bins': 11},20,2,2,ok,40,60,0.48016925621777773,1.80981404799968,2.2928189085796475,10,21,43,0,,
2026-05-16T03:25:58.404329,clean,persist,{'bins': 11},20,3,2,ok,60,80,0.4552470725029707,1.8348173722624779,2.2930355044081807,10,30,58,0,,
2026-05-16T03:26:01.303048,clean,persist,{'bins': 11},20,4,2,ok,80,100,0.4328025346621871,2.4461353924125433,2.881912843324244,10,19,40,0,,
2026-05-16T03:26:04.062440,clean,persist,{'bins': 11},21,0,2,ok,0,21,0.47058603819459677,2.2573601193726063,2.731035909615457,10,31,49,0,,
2026-05-16T03:26:06.585265,clean,persist,{'bins': 11},21,1,2,ok,21,42,0.4648998398333788,2.0389255192130804,2.5068878205493093,10,28,53,0,,
2026-05-16T03:26:09.025046,clean,persist,{'bins': 11},21,2,2,ok,42,63,0.43720799777656794,1.9832228450104594,2.4234232315793633,10,38,70,0,,
2026-05-16T03:26:11.592399,clean,persist,{'bins': 11},21,3,2,ok,63,84,0.44002623949199915,2.1086813639849424,2.5517871072515845,10,21,42,0,,
2026-05-16T03:26:13.925698,clean,persist,{'bins': 11},21,4,2,ok,84,105,0.4392676744610071,1.8763122167438269,2.318639377132058,10,13,27,0,,
2026-05-16T03:26:16.269934,clean,persist,{'bins': 11},22,0,2,ok,0,22,0.4566968660801649,1.8561569368466735,2.316003207117319,10,29,47,0,,
2026-05-16T03:26:18.955118,clean,persist,{'bins': 11},22,1,2,ok,22,44,0.4529509227722883,2.2115430999547243,2.6677069449797273,10,19,37,0,,
2026-05-16T03:26:22.091933,clean,persist,{'bins': 11},22,2,2,ok,44,66,0.4886936526745558,2.6276506828144193,3.1195477610453963,10,31,56,0,,
2026-05-16T03:26:24.768182,clean,persist,{'bins': 11},22,3,2,ok,66,88,0.45581558160483837,2.199228083714843,2.6583603443577886,10,30,59,0,,
2026-05-16T03:26:27.296228,clean,persist,{'bins': 11},22,4,2,ok,88,110,0.4698708448559046,2.0369131304323673,2.5099692875519395,10,26,45,0,,
2026-05-16T03:26:29.806701,clean,persist,{'bins': 11},23,0,2,ok,0,23,0.48029310815036297,1.9967642556875944,2.4804140171036124,10,33,55,0,,
2026-05-16T03:26:32.592143,clean,persist,{'bins': 11},23,1,2,ok,23,46,0.4758303267881274,2.2883908143267035,2.767540654167533,10,23,42,0,,
2026-05-16T03:26:35.525537,clean,persist,{'bins': 11},23,2,2,ok,46,69,0.502751873806119,2.4098804611712694,2.9159943480044603,10,27,52,0,,
2026-05-16T03:26:38.616791,clean,persist,{'bins': 11},23,3,2,ok,69,92,0.4730174243450165,2.5968854604288936,3.0731955878436565,10,36,61,0,,
2026-05-16T03:26:41.378510,clean,persist,{'bins': 11},23,4,2,ok,92,115,0.48513947892934084,2.255962106399238,2.744424866512418,10,9,23,0,,
2026-05-16T03:26:44.279207,clean,persist,{'bins': 11},24,0,2,ok,0,24,0.44846352376043797,2.4199787555262446,2.8717961478978395,10,24,47,0,,
2026-05-16T03:26:46.925862,clean,persist,{'bins': 11},24,1,2,ok,24,48,0.46943393535912037,2.1555790966376662,2.628437392413616,10,20,38,0,,
2026-05-16T03:26:49.815189,clean,persist,{'bins': 11},24,2,2,ok,48,72,0.45413027610629797,2.4146968061104417,2.872183104045689,10,22,45,0,,
2026-05-16T03:26:52.985806,clean,persist,{'bins': 11},24,3,2,ok,72,96,0.47433011047542095,2.675002235919237,3.1526786806061864,10,25,48,0,,
2026-05-16T03:26:55.644529,clean,persist,{'bins': 11},24,4,2,ok,96,120,0.45840967167168856,2.1801799749955535,2.641959554515779,10,22,44,0,,
2026-05-16T03:26:59.167954,clean,persist,{'bins': 11},25,0,2,ok,0,25,0.5036696465685964,2.9842304093763232,3.4914908399805427,10,31,56,0,,
2026-05-16T03:27:03.415977,clean,persist,{'bins': 11},25,1,2,ok,25,50,0.5105021381750703,3.711092062294483,4.225241118110716,10,37,64,0,,
2026-05-16T03:27:06.715628,clean,persist,{'bins': 11},25,2,2,ok,50,75,0.5026408946141601,2.775510893203318,3.281709329225123,10,25,55,0,,
2026-05-16T03:27:09.760631,clean,persist,{'bins': 11},25,3,2,ok,75,100,0.4765577130019665,2.5466256765648723,3.026687511242926,10,30,56,0,,
2026-05-16T03:27:13.034638,clean,persist,{'bins': 11},25,4,2,ok,100,125,0.5142664965242147,2.7359223710373044,3.2538269199430943,10,25,50,0,,
2026-05-16T03:27:13.221122,noisy,naive,{'bins': 10},1,0,2,ok,0,1,0.0005367277190089226,0.13994657713919878,0.14090714138001204,10,31,58,0,,
2026-05-16T03:27:13.590163,noisy,naive,{'bins': 10},1,1,2,ok,1,2,0.00043292343616485596,0.36465366743505,0.3654413064941764,10,1,10,0,,
2026-05-16T03:27:13.820103,noisy,naive,{'bins': 10},1,2,2,ok,2,3,0.0006956970319151878,0.22464554384350777,0.22574797458946705,10,48,79,0,,
2026-05-16T03:27:13.941770,noisy,naive,{'bins': 10},1,3,2,ok,3,4,0.0005152476951479912,0.11792638432234526,0.1187985222786665,10,33,55,0,,
2026-05-16T03:27:14.112282,noisy,naive,{'bins': 10},1,4,2,ok,4,5,0.000499999150633812,0.16648659761995077,0.1673341691493988,10,41,69,0,,
2026-05-16T03:27:14.608128,noisy,naive,{'bins': 10},2,0,2,ok,0,2,0.0006143646314740181,0.472399665042758,0.47361710108816624,10,22,46,0,,
2026-05-16T03:27:14.855049,noisy,naive,{'bins': 10},2,1,2,ok,2,4,0.0006783241406083107,0.24102677684277296,0.24222132097929716,10,25,46,0,,
2026-05-16T03:27:15.492829,noisy,naive,{'bins': 10},2,2,2,ok,4,6,0.0007361415773630142,0.6311230529099703,0.6323976768180728,10,28,55,0,,
2026-05-16T03:27:15.557628,noisy,naive,{'bins': 10},2,3,2,ok,6,8,0.000746091827750206,0.06088557839393616,0.06207820866256952,10,7,12,0,,
2026-05-16T03:27:15.731638,noisy,naive,{'bins': 10},2,4,2,ok,8,10,0.0006715105846524239,0.16927226912230253,0.1704071294516325,10,28,45,0,,
2026-05-16T03:27:16.187518,noisy,naive,{'bins': 10},3,0,2,ok,0,3,0.0009481003507971764,0.4328529294580221,0.4345123255625367,10,20,41,0,,
2026-05-16T03:27:17.150494,noisy,naive,{'bins': 10},3,1,2,ok,3,6,0.0008989991620182991,0.9548138352110982,0.956406407058239,10,14,31,0,,
2026-05-16T03:27:17.292490,noisy,naive,{'bins': 10},3,2,2,ok,6,9,0.0008752541616559029,0.13657776173204184,0.13802538067102432,10,11,20,0,,
2026-05-16T03:27:17.529273,noisy,naive,{'bins': 10},3,3,2,ok,9,12,0.0009781569242477417,0.23016565013676882,0.23176846001297235,10,29,50,0,,
2026-05-16T03:27:17.836355,noisy,naive,{'bins': 10},3,4,2,ok,12,15,0.0009763333946466446,0.3000919856131077,0.3017030917108059,10,22,42,0,,
2026-05-16T03:27:18.549980,noisy,naive,{'bins': 10},4,0,2,ok,0,4,0.0010097166523337364,0.6876646429300308,0.6894589429721236,10,34,65,0,,
2026-05-16T03:27:18.763030,noisy,naive,{'bins': 10},4,1,2,ok,4,8,0.0011074095964431763,0.205763665959239,0.20758856274187565,10,13,22,0,,
2026-05-16T03:27:19.265327,noisy,naive,{'bins': 10},4,2,2,ok,8,12,0.0010116202756762505,0.49459114763885736,0.4963222090154886,10,38,67,0,,
2026-05-16T03:27:20.017602,noisy,naive,{'bins': 10},4,3,2,ok,12,16,0.00116732157766819,0.7430644389241934,0.7450188584625721,10,39,71,0,,
2026-05-16T03:27:20.423227,noisy,naive,{'bins': 10},4,4,2,ok,16,20,0.0012289686128497124,0.39735143166035414,0.3993521183729172,10,27,41,0,,
2026-05-16T03:27:21.478233,noisy,naive,{'bins': 10},5,0,2,ok,0,5,0.0012627607211470604,1.0278211487457156,1.0302436174824834,10,32,68,0,,
2026-05-16T03:27:21.808784,noisy,naive,{'bins': 10},5,1,2,ok,5,10,0.0013047996908426285,0.3224587384611368,0.32473916187882423,10,14,26,0,,
2026-05-16T03:27:22.320774,noisy,naive,{'bins': 10},5,2,2,ok,10,15,0.0013375822454690933,0.5037771984934807,0.5061063831672072,10,17,39,0,,
2026-05-16T03:27:22.996200,noisy,naive,{'bins': 10},5,3,2,ok,15,20,0.0013643819838762283,0.665048441849649,0.6674460135400295,10,33,51,0,,
2026-05-16T03:27:23.406638,noisy,naive,{'bins': 10},5,4,2,ok,20,25,0.0014326097443699837,0.40133912954479456,0.40377198811620474,10,17,31,0,,
2026-05-16T03:27:25.081906,noisy,naive,{'bins': 10},6,0,2,ok,0,6,0.0014104293659329414,1.6460784589871764,1.6487506181001663,10,31,69,0,,
2026-05-16T03:27:25.654832,noisy,naive,{'bins': 10},6,1,2,ok,6,12,0.0015361448749899864,0.5627406071871519,0.5654306188225746,10,27,44,0,,
2026-05-16T03:27:26.324393,noisy,naive,{'bins': 10},6,2,2,ok,12,18,0.0015209363773465157,0.6590839717537165,0.6617808565497398,10,20,36,0,,
2026-05-16T03:27:27.006937,noisy,naive,{'bins': 10},6,3,2,ok,18,24,0.001527758315205574,0.6711273174732924,0.6738570332527161,10,20,40,0,,
2026-05-16T03:27:27.560445,noisy,naive,{'bins': 10},6,4,2,ok,24,30,0.00167031679302454,0.5437016040086746,0.5465952577069402,10,19,37,0,,
2026-05-16T03:27:29.234681,noisy,naive,{'bins': 10},7,0,2,ok,0,7,0.0018898984417319298,1.6424173135310411,1.6458792751654983,10,24,54,0,,
2026-05-16T03:27:29.958722,noisy,naive,{'bins': 10},7,1,2,ok,7,14,0.001757861115038395,0.7125030793249607,0.715562934987247,10,26,49,0,,
2026-05-16T03:27:30.993513,noisy,naive,{'bins': 10},7,2,2,ok,14,21,0.0017358288168907166,1.0209663035348058,1.0241090655326843,10,31,54,0,,
2026-05-16T03:27:31.756624,noisy,naive,{'bins': 10},7,3,2,ok,21,28,0.0017706556245684624,0.7519178856164217,0.7550001135095954,10,16,37,0,,
2026-05-16T03:27:32.366019,noisy,naive,{'bins': 10},7,4,2,ok,28,35,0.0018513472750782967,0.5987598691135645,0.6019230494275689,10,14,30,0,,
2026-05-16T03:27:33.177825,noisy,naive,{'bins': 10},8,0,2,ok,0,8,0.0018817540258169174,0.7825266262516379,0.7858588444069028,10,20,36,0,,
2026-05-16T03:27:34.319140,noisy,naive,{'bins': 10},8,1,2,ok,8,16,0.001981000415980816,1.1281213527545333,1.1315979417413473,10,26,55,0,,
2026-05-16T03:27:35.486639,noisy,naive,{'bins': 10},8,2,2,ok,16,24,0.0019652610644698143,1.153822966851294,1.1573505718261003,10,13,34,0,,
2026-05-16T03:27:36.029485,noisy,naive,{'bins': 10},8,3,2,ok,24,32,0.001974068582057953,0.5309398276731372,0.5343081839382648,10,28,47,0,,
2026-05-16T03:27:37.216818,noisy,naive,{'bins': 10},8,4,2,ok,32,40,0.002185824327170849,1.171729446388781,1.175701454281807,10,25,50,0,,
2026-05-16T03:27:38.206972,noisy,naive,{'bins': 10},9,0,2,ok,0,9,0.0020934008061885834,0.9596094209700823,0.9633094500750303,10,19,35,0,,
2026-05-16T03:27:39.606068,noisy,naive,{'bins': 10},9,1,2,ok,9,18,0.0021856343373656273,1.3839733116328716,1.3878583470359445,10,22,46,0,,
2026-05-16T03:27:40.824295,noisy,naive,{'bins': 10},9,2,2,ok,18,27,0.0022047003731131554,1.2035018214955926,1.2073539244011045,10,28,59,0,,
2026-05-16T03:27:41.779465,noisy,naive,{'bins': 10},9,3,2,ok,27,36,0.002191034145653248,0.941580755636096,0.9453919129446149,10,17,35,0,,
2026-05-16T03:27:43.304672,noisy,naive,{'bins': 10},9,4,2,ok,36,45,0.002301052212715149,1.5093261515721679,1.5133011769503355,10,30,58,0,,
2026-05-16T03:27:44.418060,noisy,naive,{'bins': 10},10,0,2,ok,0,10,0.002489093691110611,1.0821869112551212,1.0863517224788666,10,21,40,0,,
2026-05-16T03:27:46.050212,noisy,naive,{'bins': 10},10,1,2,ok,10,20,0.0025341976433992386,1.6143605783581734,1.6186274299398065,10,34,63,0,,
2026-05-16T03:27:47.592697,noisy,naive,{'bins': 10},10,2,2,ok,20,30,0.0025464221835136414,1.5262239445000887,1.5304318768903613,10,36,68,0,,
2026-05-16T03:27:48.851586,noisy,naive,{'bins': 10},10,3,2,ok,30,40,0.0025484953075647354,1.24282087944448,1.2470769118517637,10,17,34,0,,
2026-05-16T03:27:50.262275,noisy,naive,{'bins': 10},10,4,2,ok,40,50,0.0026202714070677757,1.3941711308434606,1.3984322929754853,10,22,47,0,,
2026-05-16T03:27:51.652282,noisy,naive,{'bins': 10},11,0,2,ok,0,11,0.002601304091513157,1.3573124827817082,1.3617303986102343,10,24,45,0,,
2026-05-16T03:27:53.500226,noisy,naive,{'bins': 10},11,1,2,ok,11,22,0.0026349592953920364,1.8304233253002167,1.8348405007272959,10,21,48,0,,
2026-05-16T03:27:54.423705,noisy,naive,{'bins': 10},11,2,2,ok,22,33,0.002722863107919693,0.9090560674667358,0.9134890418499708,10,20,37,0,,
2026-05-16T03:27:56.366287,noisy,naive,{'bins': 10},11,3,2,ok,33,44,0.002565787173807621,1.923973853699863,1.9283371763303876,10,30,56,0,,
2026-05-16T03:27:58.026470,noisy,naive,{'bins': 10},11,4,2,ok,44,55,0.0027955789119005203,1.6413244344294071,1.6459432169795036,10,18,40,0,,
2026-05-16T03:27:59.638489,noisy,naive,{'bins': 10},12,0,2,ok,0,12,0.00285946112126112,1.5768335554748774,1.5815758015960455,10,13,28,0,,
2026-05-16T03:28:01.629798,noisy,naive,{'bins': 10},12,1,2,ok,12,24,0.002867935225367546,1.9710637452080846,1.975909343920648,10,35,67,0,,
2026-05-16T03:28:02.628199,noisy,naive,{'bins': 10},12,2,2,ok,24,36,0.0029313666746020317,0.9827232481911778,0.9874845407903194,10,17,33,0,,
2026-05-16T03:28:05.106396,noisy,naive,{'bins': 10},12,3,2,ok,36,48,0.0028273696079850197,2.457631195895374,2.4623917462304235,10,29,61,0,,
2026-05-16T03:28:06.548219,noisy,naive,{'bins': 10},12,4,2,ok,48,60,0.003060608170926571,1.4221817320212722,1.4272064790129662,10,23,44,0,,
2026-05-16T03:28:08.404992,noisy,naive,{'bins': 10},13,0,2,ok,0,13,0.003283596597611904,1.8198156049475074,1.825245400890708,10,25,45,0,,
2026-05-16T03:28:10.376809,noisy,naive,{'bins': 10},13,1,2,ok,13,26,0.003278616815805435,1.9512888304889202,1.956604733131826,10,14,36,0,,
2026-05-16T03:28:12.217642,noisy,naive,{'bins': 10},13,2,2,ok,26,39,0.003490554168820381,1.8203742736950517,1.8259585797786713,10,19,40,0,,
2026-05-16T03:28:14.838353,noisy,naive,{'bins': 10},13,3,2,ok,39,52,0.0032597407698631287,2.5982549441978335,2.60361195448786,10,35,72,0,,
2026-05-16T03:28:16.353590,noisy,naive,{'bins': 10},13,4,2,ok,52,65,0.0033323075622320175,1.4949405184015632,1.5002705873921514,10,23,46,0,,
2026-05-16T03:28:18.584047,noisy,naive,{'bins': 10},14,0,2,ok,0,14,0.0032960092648863792,2.191857237368822,2.1973884142935276,10,25,47,0,,
2026-05-16T03:28:20.726546,noisy,naive,{'bins': 10},14,1,2,ok,14,28,0.0035065850242972374,2.1210723174735904,2.126778013072908,10,13,32,0,,
2026-05-16T03:28:22.845894,noisy,naive,{'bins': 10},14,2,2,ok,28,42,0.003482108935713768,2.0979104628786445,2.1037017684429884,10,21,45,0,,
2026-05-16T03:28:25.633314,noisy,naive,{'bins': 10},14,3,2,ok,42,56,0.00375201553106308,2.7635158617049456,2.769589346833527,10,26,56,0,,
2026-05-16T03:28:27.633152,noisy,naive,{'bins': 10},14,4,2,ok,56,70,0.0035307910293340683,1.9783199820667505,1.9840226909145713,10,16,34,0,,
2026-05-16T03:28:30.091585,noisy,naive,{'bins': 10},15,0,2,ok,0,15,0.0038177799433469772,2.417832348495722,2.424092344008386,10,24,44,0,,
2026-05-16T03:28:32.667108,noisy,naive,{'bins': 10},15,1,2,ok,15,30,0.003983190283179283,2.550589735619724,2.5569816092029214,10,30,53,0,,
2026-05-16T03:28:35.197232,noisy,naive,{'bins': 10},15,2,2,ok,30,45,0.003710969351232052,2.5063557494431734,2.5124313682317734,10,30,59,0,,
2026-05-16T03:28:37.431776,noisy,naive,{'bins': 10},15,3,2,ok,45,60,0.0036845700815320015,2.2090556640177965,2.2151241209357977,10,24,48,0,,
2026-05-16T03:28:39.912501,noisy,naive,{'bins': 10},15,4,2,ok,60,75,0.004056718200445175,2.4553259685635567,2.4618258345872164,10,35,59,0,,
2026-05-16T03:28:42.663729,noisy,naive,{'bins': 10},16,0,2,ok,0,16,0.003949195146560669,2.708495448343456,2.7152286721393466,10,22,43,0,,
2026-05-16T03:28:44.627999,noisy,naive,{'bins': 10},16,1,2,ok,16,32,0.04480467829853296,1.901102876290679,1.9486752022057772,10,16,32,0,,
2026-05-16T03:28:48.557443,noisy,naive,{'bins': 10},16,2,2,ok,32,48,0.003955858759582043,3.8995479932054877,3.9062862768769264,10,40,74,0,,
2026-05-16T03:28:50.562847,noisy,naive,{'bins': 10},16,3,2,ok,48,64,0.004259638488292694,1.9805937632918358,1.987368836067617,10,25,45,0,,
2026-05-16T03:28:52.420861,noisy,naive,{'bins': 10},16,4,2,ok,64,80,0.004001224413514137,1.8321546968072653,1.8386323126032948,10,22,39,0,,
2026-05-16T03:28:55.013695,noisy,naive,{'bins': 10},17,0,2,ok,0,17,0.004084150306880474,2.549975913949311,2.55671629216522,10,14,30,0,,
2026-05-16T03:28:57.143861,noisy,naive,{'bins': 10},17,1,2,ok,17,34,0.004146256484091282,2.106098299846053,2.112831142731011,10,14,30,0,,
2026-05-16T03:29:01.316566,noisy,naive,{'bins': 10},17,2,2,ok,34,51,0.00419891532510519,4.143387512303889,4.150321314111352,10,26,61,0,,
2026-05-16T03:29:03.756408,noisy,naive,{'bins': 10},17,3,2,ok,51,68,0.004475804977118969,2.412651550024748,2.4199465606361628,10,7,23,0,,
2026-05-16T03:29:06.027163,noisy,naive,{'bins': 10},17,4,2,ok,68,85,0.004347785376012325,2.245688719674945,2.252636787481606,10,11,25,0,,
2026-05-16T03:29:08.847781,noisy,naive,{'bins': 10},18,0,2,ok,0,18,0.004294173792004585,2.77637239638716,2.7834948422387242,10,14,30,0,,
2026-05-16T03:29:11.457316,noisy,naive,{'bins': 10},18,1,2,ok,18,36,0.004396486096084118,2.5835200380533934,2.590563784353435,10,17,34,0,,
2026-05-16T03:29:15.904233,noisy,naive,{'bins': 10},18,2,2,ok,36,54,0.004366731271147728,4.415238495916128,4.422561228275299,10,29,63,0,,
2026-05-16T03:29:18.981355,noisy,naive,{'bins': 10},18,3,2,ok,54,72,0.004343276843428612,3.048537931405008,3.05572980735451,10,19,38,0,,
2026-05-16T03:29:21.150295,noisy,naive,{'bins': 10},18,4,2,ok,72,90,0.006705593317747116,2.136664832942188,2.1467777946963906,10,15,33,0,,
2026-05-16T03:29:24.135453,noisy,naive,{'bins': 10},19,0,2,ok,0,19,0.0046609630808234215,2.9407757939770818,2.9483780916780233,10,12,28,0,,
2026-05-16T03:29:26.890025,noisy,naive,{'bins': 10},19,1,2,ok,19,38,0.0046468572691082954,2.72718549054116,2.734715891070664,10,24,43,0,,
2026-05-16T03:29:31.313566,noisy,naive,{'bins': 10},19,2,2,ok,38,57,0.004608293063938618,4.389825134538114,4.397394107654691,10,30,64,0,,
2026-05-16T03:29:34.652555,noisy,naive,{'bins': 10},19,3,2,ok,57,76,0.004750651307404041,3.3085788870230317,3.3163413740694523,10,22,44,0,,
2026-05-16T03:29:37.107852,noisy,naive,{'bins': 10},19,4,2,ok,76,95,0.004788914695382118,2.4271916151046753,2.4349007038399577,10,17,35,0,,
2026-05-16T03:29:40.513484,noisy,naive,{'bins': 10},20,0,2,ok,0,20,0.004748747684061527,3.35798941552639,3.365911291912198,10,14,30,0,,
2026-05-16T03:29:43.460946,noisy,naive,{'bins': 10},20,1,2,ok,20,40,0.004825150594115257,2.917196774855256,2.9250669134780765,10,20,39,0,,
2026-05-16T03:29:47.604670,noisy,naive,{'bins': 10},20,2,2,ok,40,60,0.005134922452270985,4.10841129347682,4.116794486530125,10,28,57,0,,
2026-05-16T03:29:50.411992,noisy,naive,{'bins': 10},20,3,2,ok,60,80,0.004951459355652332,2.7757205041125417,2.783707292750478,10,25,46,0,,
2026-05-16T03:29:53.786927,noisy,naive,{'bins': 10},20,4,2,ok,80,100,0.005016090348362923,3.342710073105991,3.3507941849529743,10,22,44,0,,
2026-05-16T03:29:57.402318,noisy,naive,{'bins': 10},21,0,2,ok,0,21,0.005019295960664749,3.5653371596708894,3.57363404892385,10,14,30,0,,
2026-05-16T03:30:00.562052,noisy,naive,{'bins': 10},21,1,2,ok,21,42,0.005079960450530052,3.1283202581107616,3.136506510898471,10,27,48,0,,
2026-05-16T03:30:04.087581,noisy,naive,{'bins': 10},21,2,2,ok,42,63,0.004951870068907738,3.492296162992716,3.500491484068334,10,19,39,0,,
2026-05-16T03:30:07.176469,noisy,naive,{'bins': 10},21,3,2,ok,63,84,0.004916884005069733,3.0542691964656115,3.062403571791947,10,16,32,0,,
2026-05-16T03:30:09.010927,noisy,naive,{'bins': 10},21,4,2,ok,84,105,0.005118631757795811,1.809084185399115,1.8171713817864656,10,13,26,0,,
2026-05-16T03:30:12.800727,noisy,naive,{'bins': 10},22,0,2,ok,0,22,0.005153648555278778,3.7394934287294745,3.7480256827548146,10,23,46,0,,
2026-05-16T03:30:16.199101,noisy,naive,{'bins': 10},22,1,2,ok,22,44,0.005797788500785828,3.3640495780855417,3.3733957493677735,10,29,54,0,,
2026-05-16T03:30:20.393324,noisy,naive,{'bins': 10},22,2,2,ok,44,66,0.005303509533405304,4.160743962042034,4.169413101859391,10,33,64,0,,
2026-05-16T03:30:23.556996,noisy,naive,{'bins': 10},22,3,2,ok,66,88,0.005351029336452484,3.1275380002334714,3.1362212263047695,10,16,34,0,,
2026-05-16T03:30:25.593392,noisy,naive,{'bins': 10},22,4,2,ok,88,110,0.005405140109360218,2.007401468232274,2.015924953855574,10,15,29,0,,
2026-05-16T03:30:29.588031,noisy,naive,{'bins': 10},23,0,2,ok,0,23,0.005514886230230331,3.9429181842133403,3.9519820054993033,10,23,46,0,,
2026-05-16T03:30:33.284812,noisy,naive,{'bins': 10},23,1,2,ok,23,46,0.005480882711708546,3.6609867410734296,3.6700333701446652,10,18,38,0,,
2026-05-16T03:30:37.577779,noisy,naive,{'bins': 10},23,2,2,ok,46,69,0.005456716753542423,4.255499344319105,4.264538589864969,10,22,44,0,,
2026-05-16T03:30:40.956607,noisy,naive,{'bins': 10},23,3,2,ok,69,92,0.005514415912330151,3.343579337000847,3.3525863718241453,10,12,28,0,,
2026-05-16T03:30:43.152907,noisy,naive,{'bins': 10},23,4,2,ok,92,115,0.0055765425786376,2.1639368794858456,2.172872760333121,10,17,31,0,,
2026-05-16T03:30:47.409984,noisy,naive,{'bins': 10},24,0,2,ok,0,24,0.005657044239342213,4.203224980272353,4.212449283339083,10,23,46,0,,
2026-05-16T03:30:51.622294,noisy,naive,{'bins': 10},24,1,2,ok,24,48,0.00618378259241581,4.174128669314086,4.1839803801849484,10,20,41,0,,
2026-05-16T03:30:56.202653,noisy,naive,{'bins': 10},24,2,2,ok,48,72,0.006121666170656681,4.538328446447849,4.5481680342927575,10,11,28,0,,
2026-05-16T03:30:59.896985,noisy,naive,{'bins': 10},24,3,2,ok,72,96,0.006064597517251968,3.654174921102822,3.6638299115002155,10,18,37,0,,
2026-05-16T03:31:03.558015,noisy,naive,{'bins': 10},24,4,2,ok,96,120,0.006848800927400589,3.615776582621038,3.6264135278761387,10,25,43,0,,
2026-05-16T03:31:08.227935,noisy,naive,{'bins': 10},25,0,2,ok,0,25,0.006258754059672356,4.612060269340873,4.622207986190915,10,23,46,0,,
2026-05-16T03:31:12.577999,noisy,naive,{'bins': 10},25,1,2,ok,25,50,0.0065716905519366264,4.309956414625049,4.3203063905239105,10,18,39,0,,
2026-05-16T03:31:17.335660,noisy,naive,{'bins': 10},25,2,2,ok,50,75,0.006396401673555374,4.714250924997032,4.724497597664595,10,23,43,0,,
2026-05-16T03:31:21.214007,noisy,naive,{'bins': 10},25,3,2,ok,75,100,0.006461495533585548,3.7867911038920283,3.8502777367830276,10,23,43,0,,
2026-05-16T03:31:25.001148,noisy,naive,{'bins': 10},25,4,2,ok,100,125,0.006097239442169666,3.7065290780737996,3.7570705004036427,10,20,36,0,,
2026-05-16T03:31:25.088942,noisy,sax,"{'w': 144, 'bins': 10}",1,0,2,ok,0,1,0.011034181341528893,0.020075569860637188,0.03139306325465441,10,19,27,0,,
2026-05-16T03:31:25.175949,noisy,sax,"{'w': 144, 'bins': 10}",1,1,2,ok,1,2,0.01044854149222374,0.07417098712176085,0.08484973106533289,10,43,59,0,,
2026-05-16T03:31:25.228485,noisy,sax,"{'w': 144, 'bins': 10}",1,2,2,ok,2,3,0.01068651769310236,0.0398981049656868,0.050817170180380344,10,35,47,0,,
2026-05-16T03:31:25.256337,noisy,sax,"{'w': 144, 'bins': 10}",1,3,2,ok,3,4,0.01082355622202158,0.015232747420668602,0.02630126290023327,10,20,26,0,,
2026-05-16T03:31:25.293318,noisy,sax,"{'w': 144, 'bins': 10}",1,4,2,ok,4,5,0.010793258436024189,0.024116668850183487,0.03519646544009447,10,31,40,0,,
2026-05-16T03:31:25.428582,noisy,sax,"{'w': 144, 'bins': 10}",2,0,2,ok,0,2,0.0207351790741086,0.09113963227719069,0.11222214344888926,10,16,31,0,,
2026-05-16T03:31:25.494507,noisy,sax,"{'w': 144, 'bins': 10}",2,1,2,ok,2,4,0.02086345013231039,0.0426798090338707,0.06385794002562761,10,14,27,0,,
2026-05-16T03:31:25.619865,noisy,sax,"{'w': 144, 'bins': 10}",2,2,2,ok,4,6,0.020826078951358795,0.10152711998671293,0.12277583219110966,10,38,59,0,,
2026-05-16T03:31:25.652534,noisy,sax,"{'w': 144, 'bins': 10}",2,3,2,ok,6,8,0.021071912720799446,0.009935478679835796,0.03129270672798157,10,11,16,0,,
2026-05-16T03:31:25.716756,noisy,sax,"{'w': 144, 'bins': 10}",2,4,2,ok,8,10,0.020805159583687782,0.04127341788262129,0.06236831285059452,10,16,26,0,,
2026-05-16T03:31:25.870909,noisy,sax,"{'w': 144, 'bins': 10}",3,0,2,ok,0,3,0.030761067755520344,0.10046940203756094,0.1316254111006856,10,15,24,0,,
2026-05-16T03:31:26.107581,noisy,sax,"{'w': 144, 'bins': 10}",3,1,2,ok,3,6,0.0309921707957983,0.20116102416068316,0.23258387297391891,10,45,73,0,,
2026-05-16T03:31:26.161265,noisy,sax,"{'w': 144, 'bins': 10}",3,2,2,ok,6,9,0.0306400703266263,0.02099814172834158,0.05199125502258539,10,20,27,0,,
2026-05-16T03:31:26.260322,noisy,sax,"{'w': 144, 'bins': 10}",3,3,2,ok,9,12,0.030952506698668003,0.06559003330767155,0.09690096229314804,10,25,38,0,,
2026-05-16T03:31:26.419783,noisy,sax,"{'w': 144, 'bins': 10}",3,4,2,ok,12,15,0.030800500884652138,0.1251693069934845,0.1563727455213666,10,24,41,0,,
2026-05-16T03:31:26.582049,noisy,sax,"{'w': 144, 'bins': 10}",4,0,2,ok,0,4,0.04091230034828186,0.09818871039897203,0.13957326766103506,10,17,29,0,,
2026-05-16T03:31:26.666510,noisy,sax,"{'w': 144, 'bins': 10}",4,1,2,ok,4,8,0.04093790799379349,0.04096123203635216,0.08231650292873383,10,16,24,0,,
2026-05-16T03:31:26.816633,noisy,sax,"{'w': 144, 'bins': 10}",4,2,2,ok,8,12,0.04104470741003752,0.10556286666542292,0.14719670172780752,10,25,41,0,,
2026-05-16T03:31:27.050052,noisy,sax,"{'w': 144, 'bins': 10}",4,3,2,ok,12,16,0.041156296618282795,0.1880671139806509,0.22976931650191545,10,26,44,0,,
2026-05-16T03:31:27.175770,noisy,sax,"{'w': 144, 'bins': 10}",4,4,2,ok,16,20,0.041425143368542194,0.08099529147148132,0.12300998158752918,10,19,28,0,,
2026-05-16T03:31:27.447442,noisy,sax,"{'w': 144, 'bins': 10}",5,0,2,ok,0,5,0.05059233773499727,0.19661377370357513,0.24779222253710032,10,17,41,0,,
2026-05-16T03:31:27.585068,noisy,sax,"{'w': 144, 'bins': 10}",5,1,2,ok,5,10,0.05204290058463812,0.08210500609129667,0.1346605196595192,10,25,38,0,,
2026-05-16T03:31:27.873334,noisy,sax,"{'w': 144, 'bins': 10}",5,2,2,ok,10,15,0.05148092657327652,0.23221061285585165,0.28426289185881615,10,22,46,0,,
2026-05-16T03:31:28.044888,noisy,sax,"{'w': 144, 'bins': 10}",5,3,2,ok,15,20,0.05154230259358883,0.1156091345474124,0.1677105063572526,10,24,37,0,,
2026-05-16T03:31:28.174104,noisy,sax,"{'w': 144, 'bins': 10}",5,4,2,ok,20,25,0.051415503956377506,0.0741415610536933,0.1260778922587633,10,18,31,0,,
2026-05-16T03:31:28.658967,noisy,sax,"{'w': 144, 'bins': 10}",6,0,2,ok,0,6,0.061402528546750546,0.3970042001456022,0.4591971728950739,10,19,44,0,,
2026-05-16T03:31:28.834911,noisy,sax,"{'w': 144, 'bins': 10}",6,1,2,ok,6,12,0.061646067537367344,0.11020296160131693,0.1724428739398718,10,29,44,0,,
2026-05-16T03:31:29.052310,noisy,sax,"{'w': 144, 'bins': 10}",6,2,2,ok,12,18,0.06110802572220564,0.15162584092468023,0.21354337688535452,10,29,43,0,,
2026-05-16T03:31:29.350065,noisy,sax,"{'w': 144, 'bins': 10}",6,3,2,ok,18,24,0.062100429087877274,0.23048581462353468,0.29342144168913364,10,19,39,0,,
2026-05-16T03:31:29.649039,noisy,sax,"{'w': 144, 'bins': 10}",6,4,2,ok,24,30,0.061727979220449924,0.23220152501016855,0.29471529088914394,10,31,54,0,,
2026-05-16T03:31:30.437441,noisy,sax,"{'w': 144, 'bins': 10}",7,0,2,ok,0,7,0.07159898616373539,0.6891967542469501,0.7617570850998163,10,41,83,0,,
2026-05-16T03:31:30.675265,noisy,sax,"{'w': 144, 'bins': 10}",7,1,2,ok,7,14,0.07125817611813545,0.16181178856641054,0.2337627960368991,10,16,35,0,,
2026-05-16T03:31:30.967490,noisy,sax,"{'w': 144, 'bins': 10}",7,2,2,ok,14,21,0.07452439144253731,0.21180468145757914,0.2872835947200656,10,26,41,0,,
2026-05-16T03:31:31.249440,noisy,sax,"{'w': 144, 'bins': 10}",7,3,2,ok,21,28,0.07215304765850306,0.20075475051999092,0.2737382175400853,10,27,46,0,,
2026-05-16T03:31:31.477623,noisy,sax,"{'w': 144, 'bins': 10}",7,4,2,ok,28,35,0.07212020456790924,0.15180096868425608,0.22459698375314474,10,17,34,0,,
2026-05-16T03:31:31.837779,noisy,sax,"{'w': 144, 'bins': 10}",8,0,2,ok,0,8,0.08203112799674273,0.2504799598827958,0.33340177964419127,10,27,48,0,,
2026-05-16T03:31:32.369980,noisy,sax,"{'w': 144, 'bins': 10}",8,1,2,ok,8,16,0.08222415018826723,0.443283649161458,0.5263441298156977,10,29,52,0,,
2026-05-16T03:31:32.682513,noisy,sax,"{'w': 144, 'bins': 10}",8,2,2,ok,16,24,0.08158440794795752,0.2259406168013811,0.3083016434684396,10,21,41,0,,
2026-05-16T03:31:32.982457,noisy,sax,"{'w': 144, 'bins': 10}",8,3,2,ok,24,32,0.0814383840188384,0.21349246241152287,0.29576819855719805,10,26,49,0,,
2026-05-16T03:31:33.325993,noisy,sax,"{'w': 144, 'bins': 10}",8,4,2,ok,32,40,0.0813152240589261,0.2564905481413007,0.3387480806559324,10,29,48,0,,
2026-05-16T03:31:33.771006,noisy,sax,"{'w': 144, 'bins': 10}",9,0,2,ok,0,9,0.09092891681939363,0.3277494367212057,0.41953621432185173,10,8,23,0,,
2026-05-16T03:31:34.208739,noisy,sax,"{'w': 144, 'bins': 10}",9,1,2,ok,9,18,0.09169027768075466,0.3393243523314595,0.4319865945726633,10,25,47,0,,
2026-05-16T03:31:34.655337,noisy,sax,"{'w': 144, 'bins': 10}",9,2,2,ok,18,27,0.09162669721990824,0.3486861428245902,0.4411456435918808,10,27,44,0,,
2026-05-16T03:31:35.017585,noisy,sax,"{'w': 144, 'bins': 10}",9,3,2,ok,27,36,0.09184184018522501,0.26469173934310675,0.35732818208634853,10,16,31,0,,
2026-05-16T03:31:35.541988,noisy,sax,"{'w': 144, 'bins': 10}",9,4,2,ok,36,45,0.09193035773932934,0.425787802785635,0.5187399899587035,10,5,23,0,,
2026-05-16T03:31:36.170238,noisy,sax,"{'w': 144, 'bins': 10}",10,0,2,ok,0,10,0.10164888855069876,0.4988471530377865,0.6015987619757652,10,22,44,0,,
2026-05-16T03:31:36.793664,noisy,sax,"{'w': 144, 'bins': 10}",10,1,2,ok,10,20,0.10210503358393908,0.5137511715292931,0.6168985338881612,10,22,48,0,,
2026-05-16T03:31:37.208597,noisy,sax,"{'w': 144, 'bins': 10}",10,2,2,ok,20,30,0.10154832992702723,0.30731743574142456,0.4099321784451604,10,21,40,0,,
2026-05-16T03:31:37.736090,noisy,sax,"{'w': 144, 'bins': 10}",10,3,2,ok,30,40,0.10250727087259293,0.41836487501859665,0.5219084918498993,10,19,42,0,,
2026-05-16T03:31:38.212181,noisy,sax,"{'w': 144, 'bins': 10}",10,4,2,ok,40,50,0.10167592857033014,0.3677123924717307,0.47058081068098545,10,26,48,0,,
2026-05-16T03:31:38.832580,noisy,sax,"{'w': 144, 'bins': 10}",11,0,2,ok,0,11,0.1120787151157856,0.4796457840129733,0.5928498823195696,10,28,57,0,,
2026-05-16T03:31:39.570147,noisy,sax,"{'w': 144, 'bins': 10}",11,1,2,ok,11,22,0.11244417168200016,0.6162380333989859,0.729842402972281,10,42,71,0,,
2026-05-16T03:31:40.017715,noisy,sax,"{'w': 144, 'bins': 10}",11,2,2,ok,22,33,0.11230864655226469,0.32869628444314003,0.4423044016584754,10,12,30,0,,
2026-05-16T03:31:40.429143,noisy,sax,"{'w': 144, 'bins': 10}",11,3,2,ok,33,44,0.11295640282332897,0.29218418803066015,0.4064087215811014,10,12,28,0,,
2026-05-16T03:31:40.958384,noisy,sax,"{'w': 144, 'bins': 10}",11,4,2,ok,44,55,0.11285204626619816,0.40924174152314663,0.523204954341054,10,23,47,0,,
2026-05-16T03:31:41.792085,noisy,sax,"{'w': 144, 'bins': 10}",12,0,2,ok,0,12,0.12197737395763397,0.6819395441561937,0.8052972396835685,10,26,51,0,,
2026-05-16T03:31:42.546912,noisy,sax,"{'w': 144, 'bins': 10}",12,1,2,ok,12,24,0.12484633084386587,0.6214555418118834,0.7476743794977665,10,25,58,0,,
2026-05-16T03:31:42.999356,noisy,sax,"{'w': 144, 'bins': 10}",12,2,2,ok,24,36,0.12203728593885899,0.3234296441078186,0.4468656461685896,10,18,36,0,,
2026-05-16T03:31:43.715640,noisy,sax,"{'w': 144, 'bins': 10}",12,3,2,ok,36,48,0.1224391795694828,0.5852782148867846,0.7091529304161668,10,9,28,0,,
2026-05-16T03:31:44.327999,noisy,sax,"{'w': 144, 'bins': 10}",12,4,2,ok,48,60,0.12293016258627176,0.4809889458119869,0.6053741816431284,10,27,47,0,,
2026-05-16T03:31:45.441148,noisy,sax,"{'w': 144, 'bins': 10}",13,0,2,ok,0,13,0.13193742651492357,0.9501831140369177,1.0837079714983702,10,31,64,0,,
2026-05-16T03:31:46.221125,noisy,sax,"{'w': 144, 'bins': 10}",13,1,2,ok,13,26,0.13275492191314697,0.6389381717890501,0.7731831828132272,10,16,44,0,,
2026-05-16T03:31:46.928371,noisy,sax,"{'w': 144, 'bins': 10}",13,2,2,ok,26,39,0.13188133109360933,0.5666000582277775,0.6999951424077153,10,21,45,0,,
2026-05-16T03:31:47.650813,noisy,sax,"{'w': 144, 'bins': 10}",13,3,2,ok,39,52,0.13219854701310396,0.581728688441217,0.7153807552531362,10,30,58,0,,
2026-05-16T03:31:48.274620,noisy,sax,"{'w': 144, 'bins': 10}",13,4,2,ok,52,65,0.13149149995297194,0.48395926505327225,0.6167711950838566,10,27,52,0,,
2026-05-16T03:31:49.285751,noisy,sax,"{'w': 144, 'bins': 10}",14,0,2,ok,0,14,0.14212308544665575,0.8398087006062269,0.9833190618082881,10,21,47,0,,
2026-05-16T03:31:50.062228,noisy,sax,"{'w': 144, 'bins': 10}",14,1,2,ok,14,28,0.1427588388323784,0.6244071749970317,0.7685763221234083,10,24,50,0,,
2026-05-16T03:31:50.858692,noisy,sax,"{'w': 144, 'bins': 10}",14,2,2,ok,28,42,0.14298328943550587,0.6447823969647288,0.7891208119690418,10,29,62,0,,
2026-05-16T03:31:51.703664,noisy,sax,"{'w': 144, 'bins': 10}",14,3,2,ok,42,56,0.14284807723015547,0.6925085429102182,0.8367573898285627,10,24,49,0,,
2026-05-16T03:31:52.525536,noisy,sax,"{'w': 144, 'bins': 10}",14,4,2,ok,56,70,0.14281554520130157,0.6697278330102563,0.813927317969501,10,12,31,0,,
2026-05-16T03:31:53.646945,noisy,sax,"{'w': 144, 'bins': 10}",15,0,2,ok,0,15,0.15330778900533915,0.9369737580418587,1.0918380804359913,10,27,51,0,,
2026-05-16T03:31:54.720462,noisy,sax,"{'w': 144, 'bins': 10}",15,1,2,ok,15,30,0.1537159252911806,0.9093819633126259,1.064716207794845,10,32,64,0,,
2026-05-16T03:31:55.703151,noisy,sax,"{'w': 144, 'bins': 10}",15,2,2,ok,30,45,0.15353035647422075,0.8186855018138885,0.9738274654373527,10,30,64,0,,
2026-05-16T03:31:56.502114,noisy,sax,"{'w': 144, 'bins': 10}",15,3,2,ok,45,60,0.15317315701395273,0.6355542773380876,0.7903570141643286,10,24,51,0,,
2026-05-16T03:31:57.717362,noisy,sax,"{'w': 144, 'bins': 10}",15,4,2,ok,60,75,0.15548985730856657,1.049061369150877,1.2060646386817098,10,45,85,0,,
2026-05-16T03:31:59.111257,noisy,sax,"{'w': 144, 'bins': 10}",16,0,2,ok,0,16,0.16372975055128336,1.1967304395511746,1.36223238799721,10,17,41,0,,
2026-05-16T03:31:59.878815,noisy,sax,"{'w': 144, 'bins': 10}",16,1,2,ok,16,32,0.16278509609401226,0.5955028552561998,0.7598102008923888,10,12,31,0,,
2026-05-16T03:32:01.129459,noisy,sax,"{'w': 144, 'bins': 10}",16,2,2,ok,32,48,0.16238719876855612,1.077133377082646,1.2410990297794342,10,28,60,0,,
2026-05-16T03:32:01.940815,noisy,sax,"{'w': 144, 'bins': 10}",16,3,2,ok,48,64,0.16289172787219286,0.6393225332722068,0.8038158295676112,10,21,45,0,,
2026-05-16T03:32:02.855302,noisy,sax,"{'w': 144, 'bins': 10}",16,4,2,ok,64,80,0.16253395471721888,0.7414252050220966,0.9056644719094038,10,22,47,0,,
2026-05-16T03:32:04.570694,noisy,sax,"{'w': 144, 'bins': 10}",17,0,2,ok,0,17,0.17235874570906162,1.5102368388324976,1.684446059167385,10,26,65,0,,
2026-05-16T03:32:05.654584,noisy,sax,"{'w': 144, 'bins': 10}",17,1,2,ok,17,34,0.174479597248137,0.89853585511446,1.0748374043032527,10,22,48,0,,
2026-05-16T03:32:07.056043,noisy,sax,"{'w': 144, 'bins': 10}",17,2,2,ok,34,51,0.17226887680590153,1.2182932533323765,1.392307667993009,10,16,44,0,,
2026-05-16T03:32:07.939890,noisy,sax,"{'w': 144, 'bins': 10}",17,3,2,ok,51,68,0.17352484539151192,0.6996470792219043,0.874881824478507,10,24,43,0,,
2026-05-16T03:32:08.801391,noisy,sax,"{'w': 144, 'bins': 10}",17,4,2,ok,68,85,0.17416800372302532,0.6779339630156755,0.8537785848602653,10,9,29,0,,
2026-05-16T03:32:10.131374,noisy,sax,"{'w': 144, 'bins': 10}",18,0,2,ok,0,18,0.18350628949701786,1.1141674127429724,1.29949292819947,10,9,28,0,,
2026-05-16T03:32:11.129500,noisy,sax,"{'w': 144, 'bins': 10}",18,1,2,ok,18,36,0.18554714228957891,0.8015920929610729,0.9890237143263221,10,22,47,0,,
2026-05-16T03:32:12.510397,noisy,sax,"{'w': 144, 'bins': 10}",18,2,2,ok,36,54,0.18187442608177662,1.1864139763638377,1.3700427459552884,10,39,77,0,,
2026-05-16T03:32:13.544214,noisy,sax,"{'w': 144, 'bins': 10}",18,3,2,ok,54,72,0.18266590125858784,0.8401096565648913,1.024535933509469,10,13,31,0,,
2026-05-16T03:32:14.540221,noisy,sax,"{'w': 144, 'bins': 10}",18,4,2,ok,72,90,0.18402948137372732,0.8002635277807713,0.9860870083793998,10,28,54,0,,
2026-05-16T03:32:16.218399,noisy,sax,"{'w': 144, 'bins': 10}",19,0,2,ok,0,19,0.1933712549507618,1.4502082103863358,1.6452982630580664,10,36,72,0,,
2026-05-16T03:32:17.367368,noisy,sax,"{'w': 144, 'bins': 10}",19,1,2,ok,19,38,0.19294950366020203,0.9443078925833106,1.138910248875618,10,27,56,0,,
2026-05-16T03:32:18.498294,noisy,sax,"{'w': 144, 'bins': 10}",19,2,2,ok,38,57,0.19319727923721075,0.9254183890298009,1.1203275322914124,10,27,49,0,,
2026-05-16T03:32:19.856421,noisy,sax,"{'w': 144, 'bins': 10}",19,3,2,ok,57,76,0.19454068131744862,1.151332527399063,1.3475814461708069,10,36,67,0,,
2026-05-16T03:32:21.088799,noisy,sax,"{'w': 144, 'bins': 10}",19,4,2,ok,76,95,0.19259671960026026,1.0285109682008624,1.2227762322872877,10,7,25,0,,
2026-05-16T03:32:22.891947,noisy,sax,"{'w': 144, 'bins': 10}",20,0,2,ok,0,20,0.2031704355031252,1.565678765065968,1.7706363471224904,10,33,74,0,,
2026-05-16T03:32:24.177648,noisy,sax,"{'w': 144, 'bins': 10}",20,1,2,ok,20,40,0.20228629559278488,1.0714412676170468,1.2754043927416205,10,27,53,0,,
2026-05-16T03:32:25.749273,noisy,sax,"{'w': 144, 'bins': 10}",20,2,2,ok,40,60,0.20335662551224232,1.3552131680771708,1.560397706925869,10,11,33,0,,
2026-05-16T03:32:27.002743,noisy,sax,"{'w': 144, 'bins': 10}",20,3,2,ok,60,80,0.20343861170113087,1.0379505334421992,1.243134181946516,10,35,70,0,,
2026-05-16T03:32:28.728168,noisy,sax,"{'w': 144, 'bins': 10}",20,4,2,ok,80,100,0.204465689137578,1.508264514617622,1.7145236916840076,10,9,33,0,,
2026-05-16T03:32:30.486706,noisy,sax,"{'w': 144, 'bins': 10}",21,0,2,ok,0,21,0.21424359176307917,1.5091476626694202,1.7252664966508746,10,34,67,0,,
2026-05-16T03:32:31.714659,noisy,sax,"{'w': 144, 'bins': 10}",21,1,2,ok,21,42,0.21397665981203318,1.0015566991642118,1.2175203412771225,10,22,50,0,,
2026-05-16T03:32:33.016186,noisy,sax,"{'w': 144, 'bins': 10}",21,2,2,ok,42,63,0.21490317024290562,1.074284888803959,1.291187352500856,10,8,25,0,,
2026-05-16T03:32:34.510185,noisy,sax,"{'w': 144, 'bins': 10}",21,3,2,ok,63,84,0.21238625422120094,1.2687948420643806,1.4830707246437669,10,34,69,0,,
2026-05-16T03:32:36.482665,noisy,sax,"{'w': 144, 'bins': 10}",21,4,2,ok,84,105,0.21211061626672745,1.7459473041817546,1.9599500028416514,10,30,67,0,,
2026-05-16T03:32:38.461717,noisy,sax,"{'w': 144, 'bins': 10}",22,0,2,ok,0,22,0.228194129653275,1.715671829879284,1.9460621839389205,10,30,64,0,,
2026-05-16T03:32:39.922686,noisy,sax,"{'w': 144, 'bins': 10}",22,1,2,ok,22,44,0.22428909689188004,1.2232361547648907,1.449626026675105,10,17,40,0,,
2026-05-16T03:32:41.163725,noisy,sax,"{'w': 144, 'bins': 10}",22,2,2,ok,44,66,0.22359460219740868,1.0045252051204443,1.229997131973505,10,24,52,0,,
2026-05-16T03:32:42.478698,noisy,sax,"{'w': 144, 'bins': 10}",22,3,2,ok,66,88,0.22278546169400215,1.0785501981154084,1.3032304476946592,10,41,71,0,,
2026-05-16T03:32:44.257896,noisy,sax,"{'w': 144, 'bins': 10}",22,4,2,ok,88,110,0.22326301038265228,1.5400309292599559,1.7652763426303864,10,16,33,0,,
2026-05-16T03:32:46.441747,noisy,sax,"{'w': 144, 'bins': 10}",23,0,2,ok,0,23,0.23335564322769642,1.9149855943396688,2.150406134314835,10,30,62,0,,
2026-05-16T03:32:48.065518,noisy,sax,"{'w': 144, 'bins': 10}",23,1,2,ok,23,46,0.23458437994122505,1.3735357457771897,1.6101424032822251,10,34,65,0,,
2026-05-16T03:32:49.607776,noisy,sax,"{'w': 144, 'bins': 10}",23,2,2,ok,46,69,0.2344104228541255,1.294481698423624,1.5308759063482285,10,18,47,0,,
2026-05-16T03:32:50.979460,noisy,sax,"{'w': 144, 'bins': 10}",23,3,2,ok,69,92,0.23190379608422518,1.1264377562329173,1.3603523895144463,10,23,50,0,,
2026-05-16T03:32:53.315270,noisy,sax,"{'w': 144, 'bins': 10}",23,4,2,ok,92,115,0.2330351509153843,2.0849435813724995,2.320049681700766,10,36,71,0,,
2026-05-16T03:32:55.622520,noisy,sax,"{'w': 144, 'bins': 10}",24,0,2,ok,0,24,0.2442502211779356,2.0248573841527104,2.2714388025924563,10,32,70,0,,
2026-05-16T03:32:57.266168,noisy,sax,"{'w': 144, 'bins': 10}",24,1,2,ok,24,48,0.24363842327147722,1.3850392196327448,1.6307437224313617,10,24,51,0,,
2026-05-16T03:32:59.073642,noisy,sax,"{'w': 144, 'bins': 10}",24,2,2,ok,48,72,0.24328439868986607,1.54948097653687,1.794969093054533,10,24,52,0,,
2026-05-16T03:33:00.844493,noisy,sax,"{'w': 144, 'bins': 10}",24,3,2,ok,72,96,0.2425134601071477,1.5133794313296676,1.7580633275210857,10,20,49,0,,
2026-05-16T03:33:04.036073,noisy,sax,"{'w': 144, 'bins': 10}",24,4,2,ok,96,120,0.24342521280050278,2.9283746061846614,3.1739796018227935,10,15,37,0,,
2026-05-16T03:33:06.765552,noisy,sax,"{'w': 144, 'bins': 10}",25,0,2,ok,0,25,0.2531122528016567,2.4386967504397035,2.694139781408012,10,11,34,0,,
2026-05-16T03:33:08.596148,noisy,sax,"{'w': 144, 'bins': 10}",25,1,2,ok,25,50,0.2587357433512807,1.5561997732147574,1.8172436421737075,10,26,54,0,,
2026-05-16T03:33:10.647369,noisy,sax,"{'w': 144, 'bins': 10}",25,2,2,ok,50,75,0.2536027245223522,1.7813507784157991,2.0370490085333586,10,37,74,0,,
2026-05-16T03:33:12.460775,noisy,sax,"{'w': 144, 'bins': 10}",25,3,2,ok,75,100,0.2574260653927922,1.539990084245801,1.7998203644528985,10,19,44,0,,
2026-05-16T03:33:15.085220,noisy,sax,"{'w': 144, 'bins': 10}",25,4,2,ok,100,125,0.2546121599152684,2.352872781455517,2.609838250093162,10,5,22,0,,
2026-05-16T03:33:15.549978,noisy,persist,{'bins': 11},1,0,2,ok,0,1,0.27244634088128805,0.11956825945526361,0.3924540560692549,10,50,70,0,,
2026-05-16T03:33:15.989777,noisy,persist,{'bins': 11},1,1,2,ok,1,2,0.2625997606664896,0.17286905460059643,0.435954786837101,10,48,70,0,,
2026-05-16T03:33:16.420420,noisy,persist,{'bins': 11},1,2,2,ok,2,3,0.25170178432017565,0.1747695431113243,0.4269439959898591,10,48,73,0,,
2026-05-16T03:33:16.773961,noisy,persist,{'bins': 11},1,3,2,ok,3,4,0.25213250424712896,0.09842362254858017,0.351010519079864,10,33,54,0,,
2026-05-16T03:33:17.143103,noisy,persist,{'bins': 11},1,4,2,ok,4,5,0.2553346985951066,0.11064004339277744,0.36641414649784565,10,49,71,0,,
2026-05-16T03:33:17.600185,noisy,persist,{'bins': 11},2,0,2,ok,0,2,0.29418564680963755,0.13359993044286966,0.42833998799324036,10,51,75,0,,
2026-05-16T03:33:18.237176,noisy,persist,{'bins': 11},2,1,2,ok,2,4,0.2765279756858945,0.35542292427271605,0.6325934873893857,10,13,33,0,,
2026-05-16T03:33:19.231304,noisy,persist,{'bins': 11},2,2,2,ok,4,6,0.2918180702254176,0.6962150949984789,0.9886786267161369,10,66,116,0,,
2026-05-16T03:33:19.616930,noisy,persist,{'bins': 11},2,3,2,ok,6,8,0.2629990205168724,0.119077417999506,0.3826599735766649,10,28,48,0,,
2026-05-16T03:33:19.995056,noisy,persist,{'bins': 11},2,4,2,ok,8,10,0.2903528679162264,0.08448276203125715,0.37537984177470207,10,33,51,0,,
2026-05-16T03:33:20.993445,noisy,persist,{'bins': 11},3,0,2,ok,0,3,0.2767503345385194,0.6894622128456831,0.9669534489512444,10,60,98,0,,
2026-05-16T03:33:21.834395,noisy,persist,{'bins': 11},3,1,2,ok,3,6,0.27352444641292095,0.560859426856041,0.8351908391341567,10,17,36,0,,
2026-05-16T03:33:22.300658,noisy,persist,{'bins': 11},3,2,2,ok,6,9,0.29309027921408415,0.1685599209740758,0.4623560765758157,10,28,52,0,,
2026-05-16T03:33:22.828826,noisy,persist,{'bins': 11},3,3,2,ok,9,12,0.27396940160542727,0.2493968466296792,0.5240820730105042,10,36,62,0,,
2026-05-16T03:33:23.665077,noisy,persist,{'bins': 11},3,4,2,ok,12,15,0.28011563420295715,0.54933643899858,0.8302410133183002,10,54,92,0,,
2026-05-16T03:33:24.563408,noisy,persist,{'bins': 11},4,0,2,ok,0,4,0.2911933157593012,0.5747383125126362,0.8668276313692331,10,18,41,0,,
2026-05-16T03:33:25.003559,noisy,persist,{'bins': 11},4,1,2,ok,4,8,0.3005152028053999,0.13502170890569687,0.4363429257646203,10,27,47,0,,
2026-05-16T03:33:25.926089,noisy,persist,{'bins': 11},4,2,2,ok,8,12,0.3053099066019058,0.6109818741679192,0.9171814806759357,10,39,76,0,,
2026-05-16T03:33:26.582092,noisy,persist,{'bins': 11},4,3,2,ok,12,16,0.31738011352717876,0.3325042463839054,0.6507383035495877,10,42,69,0,,
2026-05-16T03:33:28.000802,noisy,persist,{'bins': 11},4,4,2,ok,16,20,0.29612730257213116,1.114849254488945,1.4119020653888583,10,37,76,0,,
2026-05-16T03:33:30.057436,noisy,persist,{'bins': 11},5,0,2,ok,0,5,0.2955250209197402,1.7256032526493073,2.0223340084776282,10,25,44,0,,
2026-05-16T03:33:30.704125,noisy,persist,{'bins': 11},5,1,2,ok,5,10,0.3026616144925356,0.3381229294463992,0.6418318999931216,10,33,60,0,,
2026-05-16T03:33:31.505336,noisy,persist,{'bins': 11},5,2,2,ok,10,15,0.3170389514416456,0.4772718772292137,0.7954001044854522,10,18,38,0,,
2026-05-16T03:33:33.752041,noisy,persist,{'bins': 11},5,3,2,ok,15,20,0.2981237322092056,1.9380612503737211,2.2373485174030066,10,58,113,0,,
2026-05-16T03:33:34.660385,noisy,persist,{'bins': 11},5,4,2,ok,20,25,0.2926754606887698,0.6084802774712443,0.9022801984101534,10,22,45,0,,
2026-05-16T03:33:36.391179,noisy,persist,{'bins': 11},6,0,2,ok,0,6,0.30768286250531673,1.388580970466137,1.6975887613371015,10,35,72,0,,
2026-05-16T03:33:37.002089,noisy,persist,{'bins': 11},6,1,2,ok,6,12,0.30899279192090034,0.2956580715253949,0.6058128159493208,10,32,59,0,,
2026-05-16T03:33:38.290415,noisy,persist,{'bins': 11},6,2,2,ok,12,18,0.3101255903020501,0.9690357586368918,1.2804770302027464,10,24,45,0,,
2026-05-16T03:33:39.717379,noisy,persist,{'bins': 11},6,3,2,ok,18,24,0.3286678306758404,1.08894282579422,1.4188808118924499,10,25,50,0,,
2026-05-16T03:33:42.129300,noisy,persist,{'bins': 11},6,4,2,ok,24,30,0.31626342609524727,2.0855573564767838,2.4031962854787707,10,16,43,0,,
2026-05-16T03:33:44.775161,noisy,persist,{'bins': 11},7,0,2,ok,0,7,0.3046921659260988,2.3036850607022643,2.6099016396328807,10,10,29,0,,
2026-05-16T03:33:45.600749,noisy,persist,{'bins': 11},7,1,2,ok,7,14,0.31240031216293573,0.505573115311563,0.8192829061299562,10,35,61,0,,
2026-05-16T03:33:49.071261,noisy,persist,{'bins': 11},7,2,2,ok,14,21,0.33857642859220505,3.119395898655057,3.4595071403309703,10,3,15,0,,
2026-05-16T03:33:50.372617,noisy,persist,{'bins': 11},7,3,2,ok,21,28,0.3178796311840415,0.9744108328595757,1.2936801444739103,10,23,51,0,,
2026-05-16T03:33:51.985580,noisy,persist,{'bins': 11},7,4,2,ok,28,35,0.3335422743111849,1.2702451860532165,1.6051871692761779,10,41,84,0,,
2026-05-16T03:33:53.126974,noisy,persist,{'bins': 11},8,0,2,ok,0,8,0.31979118194431067,0.7855592165142298,1.1068978533148766,10,31,58,0,,
2026-05-16T03:33:54.522712,noisy,persist,{'bins': 11},8,1,2,ok,8,16,0.3482103794813156,1.0379195483401418,1.3876197161152959,10,29,63,0,,
2026-05-16T03:33:57.331261,noisy,persist,{'bins': 11},8,2,2,ok,16,24,0.33642772398889065,2.459700034931302,2.79774403385818,10,14,36,0,,
2026-05-16T03:33:58.705509,noisy,persist,{'bins': 11},8,3,2,ok,24,32,0.34210292156785727,1.0215107323601842,1.3651371151208878,10,42,80,0,,
2026-05-16T03:34:00.471155,noisy,persist,{'bins': 11},8,4,2,ok,32,40,0.34876990132033825,1.4065549848601222,1.7568584270775318,10,24,51,0,,
2026-05-16T03:34:01.537762,noisy,persist,{'bins': 11},9,0,2,ok,0,9,0.38009163085371256,0.6529344385489821,1.0346364630386233,10,23,50,0,,
2026-05-16T03:34:03.199368,noisy,persist,{'bins': 11},9,1,2,ok,9,18,0.35922122932970524,1.2884748307988048,1.6494580684229732,10,51,92,0,,
2026-05-16T03:34:04.976981,noisy,persist,{'bins': 11},9,2,2,ok,18,27,0.3580584740266204,1.4067861791700125,1.7665517190471292,10,35,70,0,,
2026-05-16T03:34:08.118801,noisy,persist,{'bins': 11},9,3,2,ok,27,36,0.3611491685733199,2.7652353765442967,3.1281678127124906,10,49,101,0,,
2026-05-16T03:34:10.594923,noisy,persist,{'bins': 11},9,4,2,ok,36,45,0.3293449217453599,2.133651774376631,2.464784142561257,10,34,73,0,,
2026-05-16T03:34:11.376373,noisy,persist,{'bins': 11},10,0,2,ok,0,10,0.34553517680615187,0.4034596038982272,0.750543650239706,10,36,67,0,,
2026-05-16T03:34:14.428878,noisy,persist,{'bins': 11},10,1,2,ok,10,20,0.33765690214931965,2.6979745561257005,3.037499806843698,10,64,122,0,,
2026-05-16T03:34:16.580490,noisy,persist,{'bins': 11},10,2,2,ok,20,30,0.3470219783484936,1.7926249224692583,2.1413564225658774,10,27,57,0,,
2026-05-16T03:34:18.975882,noisy,persist,{'bins': 11},10,3,2,ok,30,40,0.3525142427533865,2.027850558049977,2.3820765148848295,10,64,116,0,,
2026-05-16T03:34:21.371157,noisy,persist,{'bins': 11},10,4,2,ok,40,50,0.332366406917572,2.050453064031899,2.384528359398246,10,23,54,0,,
2026-05-16T03:34:22.183183,noisy,persist,{'bins': 11},11,0,2,ok,0,11,0.3704306595027447,0.40851436648517847,0.7805855059996247,10,38,69,0,,
2026-05-16T03:34:29.500776,noisy,persist,{'bins': 11},11,1,2,ok,11,22,0.35715042892843485,6.939722313545644,7.298978286795318,10,13,34,0,,
2026-05-16T03:34:31.887431,noisy,persist,{'bins': 11},11,2,2,ok,22,33,0.34967528097331524,2.020829684101045,2.3723666816949844,10,40,85,0,,
2026-05-16T03:34:35.772964,noisy,persist,{'bins': 11},11,3,2,ok,33,44,0.3496573967859149,3.519010274671018,3.870613096281886,10,48,91,0,,
2026-05-16T03:34:41.014095,noisy,persist,{'bins': 11},11,4,2,ok,44,55,0.37986559607088566,4.844639169052243,5.226484282873571,10,3,18,0,,
2026-05-16T03:34:42.153630,noisy,persist,{'bins': 11},12,0,2,ok,0,12,0.368444187566638,0.7339479736983776,1.1042862795293331,10,38,69,0,,
2026-05-16T03:34:47.759005,noisy,persist,{'bins': 11},12,1,2,ok,12,24,0.4336836617439985,5.15015853010118,5.586009391583502,10,64,125,0,,
2026-05-16T03:34:50.809884,noisy,persist,{'bins': 11},12,2,2,ok,24,36,0.3670684639364481,2.667868150398135,3.037031958810985,10,11,36,0,,
2026-05-16T03:34:54.541982,noisy,persist,{'bins': 11},12,3,2,ok,36,48,0.3619885165244341,3.3529031900689006,3.7170171570032835,10,48,104,0,,
2026-05-16T03:34:55.970181,noisy,persist,{'bins': 11},12,4,2,ok,48,60,0.3709276122972369,1.0416853511705995,1.414558426477015,10,37,65,0,,
2026-05-16T03:34:57.085757,noisy,persist,{'bins': 11},13,0,2,ok,0,13,0.4433612460270524,0.6384450877085328,1.0835296902805567,10,37,76,0,,
2026-05-16T03:35:03.023746,noisy,persist,{'bins': 11},13,1,2,ok,13,26,0.4017525790259242,5.51839788351208,5.922440152615309,10,5,27,0,,
2026-05-16T03:35:08.355080,noisy,persist,{'bins': 11},13,2,2,ok,26,39,0.3925732094794512,4.920331063680351,5.315153738483787,10,20,56,0,,
2026-05-16T03:35:13.413813,noisy,persist,{'bins': 11},13,3,2,ok,39,52,0.3695140276104212,4.671799291856587,5.043455963023007,10,24,56,0,,
2026-05-16T03:35:16.394952,noisy,persist,{'bins': 11},13,4,2,ok,52,65,0.3668916318565607,2.600326783955097,2.969299955293536,10,5,22,0,,
2026-05-16T03:35:17.723348,noisy,persist,{'bins': 11},14,0,2,ok,0,14,0.38015036191791296,0.9106317330151796,1.2928499775007367,10,34,65,0,,
2026-05-16T03:35:22.306184,noisy,persist,{'bins': 11},14,1,2,ok,14,28,0.38512565568089485,4.178750686347485,4.566274014301598,10,6,24,0,,
2026-05-16T03:35:26.619281,noisy,persist,{'bins': 11},14,2,2,ok,28,42,0.37538081500679255,3.9184385323897004,4.296189347282052,10,6,28,0,,
2026-05-16T03:35:30.537775,noisy,persist,{'bins': 11},14,3,2,ok,42,56,0.401417750865221,3.496999823488295,3.900735537521541,10,41,85,0,,
2026-05-16T03:35:36.041459,noisy,persist,{'bins': 11},14,4,2,ok,56,70,0.39230528846383095,5.089242417365313,5.484047619625926,10,10,29,0,,
2026-05-16T03:35:38.490941,noisy,persist,{'bins': 11},15,0,2,ok,0,15,0.4205853845924139,1.9887176910415292,2.41148045565933,10,64,127,0,,
2026-05-16T03:35:42.231869,noisy,persist,{'bins': 11},15,1,2,ok,15,30,0.42399962805211544,3.2957765124738216,3.7223139870911837,10,53,96,0,,
2026-05-16T03:35:47.695699,noisy,persist,{'bins': 11},15,2,2,ok,30,45,0.3915483970195055,5.048059130087495,5.442180028185248,10,43,90,0,,
2026-05-16T03:35:51.732205,noisy,persist,{'bins': 11},15,3,2,ok,45,60,0.38032942824065685,3.633258817717433,4.01610607560724,10,36,77,0,,
2026-05-16T03:35:55.165723,noisy,persist,{'bins': 11},15,4,2,ok,60,75,0.3887889552861452,3.0243848115205765,3.415584865026176,10,52,103,0,,
2026-05-16T03:35:57.852129,noisy,persist,{'bins': 11},16,0,2,ok,0,16,0.39258288871496916,2.2473890176042914,2.6425361409783363,10,31,62,0,,
2026-05-16T03:36:01.227818,noisy,persist,{'bins': 11},16,1,2,ok,16,32,0.44552144315093756,2.9116578195244074,3.359778464771807,10,25,62,0,,
2026-05-16T03:36:06.488520,noisy,persist,{'bins': 11},16,2,2,ok,32,48,0.3998945998027921,4.836088176816702,5.23864259198308,10,23,51,0,,
2026-05-16T03:36:09.116336,noisy,persist,{'bins': 11},16,3,2,ok,48,64,0.42161918710917234,2.1828696355223656,2.6070375787094235,10,43,83,0,,
2026-05-16T03:36:10.601049,noisy,persist,{'bins': 11},16,4,2,ok,64,80,0.4578039087355137,1.0132309263572097,1.473339262418449,10,38,70,0,,
2026-05-16T03:36:12.606002,noisy,persist,{'bins': 11},17,0,2,ok,0,17,0.38930005487054586,1.5750087909400463,1.9668210437521338,10,27,62,0,,
2026-05-16T03:36:15.789559,noisy,persist,{'bins': 11},17,1,2,ok,17,34,0.3969807578250766,2.7672310592606664,3.166876971721649,10,23,58,0,,
2026-05-16T03:36:21.328873,noisy,persist,{'bins': 11},17,2,2,ok,34,51,0.4804252190515399,5.035558145493269,5.518669169396162,10,41,99,0,,
2026-05-16T03:36:26.204969,noisy,persist,{'bins': 11},17,3,2,ok,51,68,0.4081787271425128,4.449419596232474,4.860320704989135,10,19,59,0,,
2026-05-16T03:36:28.962974,noisy,persist,{'bins': 11},17,4,2,ok,68,85,0.3944549551233649,2.3439919194206595,2.7410964304581285,10,19,46,0,,
2026-05-16T03:36:30.726187,noisy,persist,{'bins': 11},18,0,2,ok,0,18,0.41961937118321657,1.3004961283877492,1.7227464197203517,10,41,75,0,,
2026-05-16T03:36:37.374907,noisy,persist,{'bins': 11},18,1,2,ok,18,36,0.4255063468590379,6.200309788808227,6.628686346113682,10,37,92,0,,
2026-05-16T03:36:43.451861,noisy,persist,{'bins': 11},18,2,2,ok,36,54,0.43609630409628153,5.60920649394393,6.048457441851497,10,29,66,0,,
2026-05-16T03:36:47.383247,noisy,persist,{'bins': 11},18,3,2,ok,54,72,0.4241497693583369,3.4854443976655602,3.912464678287506,10,18,47,0,,
2026-05-16T03:36:49.626411,noisy,persist,{'bins': 11},18,4,2,ok,72,90,0.5100869629532099,1.7118918467313051,2.2247303668409586,10,24,57,0,,
2026-05-16T03:36:52.262359,noisy,persist,{'bins': 11},19,0,2,ok,0,19,0.43391602020710707,2.1550040170550346,2.5917386198416352,10,26,60,0,,
2026-05-16T03:36:56.221811,noisy,persist,{'bins': 11},19,1,2,ok,19,38,0.39816808700561523,3.536025917157531,3.937234563753009,10,20,46,0,,
2026-05-16T03:37:00.777826,noisy,persist,{'bins': 11},19,2,2,ok,38,57,0.4187522027641535,4.111255292780697,4.533042905852199,10,38,70,0,,
2026-05-16T03:37:07.045735,noisy,persist,{'bins': 11},19,3,2,ok,57,76,0.41407629381865263,5.827864868566394,6.245031455531716,10,32,78,0,,
2026-05-16T03:37:09.267664,noisy,persist,{'bins': 11},19,4,2,ok,76,95,0.452182593755424,1.7540635345503688,2.2090355660766363,10,21,51,0,,
2026-05-16T03:37:11.228134,noisy,persist,{'bins': 11},20,0,2,ok,0,20,0.457412363961339,1.4585813861340284,1.9188431911170483,10,35,70,0,,
2026-05-16T03:37:16.489025,noisy,persist,{'bins': 11},20,1,2,ok,20,40,0.4453154383227229,4.793321365490556,5.241571343503892,10,18,45,0,,
2026-05-16T03:37:24.527325,noisy,persist,{'bins': 11},20,2,2,ok,40,60,0.4679167000576854,7.537931966595352,8.009065576829016,10,20,52,0,,
2026-05-16T03:37:26.703911,noisy,persist,{'bins': 11},20,3,2,ok,60,80,0.4500350598245859,1.7081915233284235,2.1610789401456714,10,14,34,0,,
2026-05-16T03:37:28.189542,noisy,persist,{'bins': 11},20,4,2,ok,80,100,0.4450331972911954,1.0282537937164307,1.4760001562535763,10,28,55,0,,
2026-05-16T03:37:31.671155,noisy,persist,{'bins': 11},21,0,2,ok,0,21,0.44479136262089014,2.9867522520944476,3.4347366420552135,10,11,34,0,,
2026-05-16T03:37:34.426260,noisy,persist,{'bins': 11},21,1,2,ok,21,42,0.42310832627117634,2.310337889008224,2.7365827756002545,10,34,70,0,,
2026-05-16T03:37:37.639447,noisy,persist,{'bins': 11},21,2,2,ok,42,63,0.47728617396205664,2.7117183124646544,3.1921789282932878,10,32,70,0,,
2026-05-16T03:37:41.547446,noisy,persist,{'bins': 11},21,3,2,ok,63,84,0.4649512507021427,3.4151923013851047,3.8835900044068694,10,43,88,0,,
2026-05-16T03:37:45.193195,noisy,persist,{'bins': 11},21,4,2,ok,84,105,0.43853280134499073,3.1802404103800654,3.6220793798565865,10,27,58,0,,
2026-05-16T03:37:48.979114,noisy,persist,{'bins': 11},22,0,2,ok,0,22,0.48505761940032244,3.252443067729473,3.740670358762145,10,46,108,0,,
2026-05-16T03:37:56.164247,noisy,persist,{'bins': 11},22,1,2,ok,22,44,0.44534328021109104,6.705911407247186,7.154713312163949,10,42,96,0,,
2026-05-16T03:37:59.868554,noisy,persist,{'bins': 11},22,2,2,ok,44,66,0.4603734044358134,3.1608174573630095,3.6778918681666255,10,38,79,0,,
2026-05-16T03:38:01.797802,noisy,persist,{'bins': 11},22,3,2,ok,66,88,0.46082480158656836,1.4493744373321533,1.9132393477484584,10,37,70,0,,
2026-05-16T03:38:05.904811,noisy,persist,{'bins': 11},22,4,2,ok,88,110,0.48660146817564964,3.5929687442258,4.083010642789304,10,40,78,0,,
2026-05-16T03:38:09.317441,noisy,persist,{'bins': 11},23,0,2,ok,0,23,0.4474009843543172,2.9142464669421315,3.3650820907205343,10,34,69,0,,
2026-05-16T03:38:19.267117,noisy,persist,{'bins': 11},23,1,2,ok,23,46,0.47820278629660606,9.43747622333467,9.91940261144191,10,25,59,0,,
2026-05-16T03:38:27.442677,noisy,persist,{'bins': 11},23,2,2,ok,46,69,0.47608797531574965,7.66976482886821,8.14963289257139,10,47,104,0,,
2026-05-16T03:38:30.458301,noisy,persist,{'bins': 11},23,3,2,ok,69,92,0.49585069715976715,2.496454605832696,2.9955669678747654,10,60,110,0,,
2026-05-16T03:38:34.640734,noisy,persist,{'bins': 11},23,4,2,ok,92,115,0.4535763403400779,3.6978367753326893,4.1549030197784305,10,32,71,0,,
2026-05-16T03:38:40.386716,noisy,persist,{'bins': 11},24,0,2,ok,0,24,0.5013531409204006,5.1968812281265855,5.701615286991,10,43,99,0,,
2026-05-16T03:38:49.413838,noisy,persist,{'bins': 11},24,1,2,ok,24,48,0.5083314850926399,8.482885763980448,8.994834691286087,10,20,51,0,,
2026-05-16T03:38:54.262614,noisy,persist,{'bins': 11},24,2,2,ok,48,72,0.4530890164896846,4.323404255323112,4.820728288963437,10,31,68,0,,
2026-05-16T03:38:58.553443,noisy,persist,{'bins': 11},24,3,2,ok,72,96,0.4869602918624878,3.769414340145886,4.260014838539064,10,26,60,0,,
2026-05-16T03:39:05.422729,noisy,persist,{'bins': 11},24,4,2,ok,96,120,0.5045035667717457,6.336136903613806,6.844279644079506,10,46,101,0,,
2026-05-16T03:39:09.479304,noisy,persist,{'bins': 11},25,0,2,ok,0,25,0.5148122757673264,3.489909714087844,4.008311620913446,10,19,44,0,,
2026-05-16T03:39:16.922809,noisy,persist,{'bins': 11},25,1,2,ok,25,50,0.5111912451684475,6.897706192918122,7.412678629159927,10,24,51,0,,
2026-05-16T03:39:24.683682,noisy,persist,{'bins': 11},25,2,2,ok,50,75,0.47759888134896755,7.24851874820888,7.729883722029626,10,6,28,0,,
2026-05-16T03:39:27.859035,noisy,persist,{'bins': 11},25,3,2,ok,75,100,0.49416628386825323,2.6524560702964664,3.150179765187204,10,30,69,0,,
2026-05-16T03:39:38.472148,noisy,persist,{'bins': 11},25,4,2,ok,100,125,0.49041695427149534,10.075134470127523,10.569559440948069,10,55,114,0,,
