time_ms;ecg_value
0;-0.15000
2778;-0.13000
5556;-0.14000
8333;-0.14500
11111;-0.15500
13889;-0.18500
16667;-0.19500
19444;-0.20000
22222;-0.21000
25000;-0.22500
27778;-0.24500
30556;-0.25000
33333;-0.24500
36111;-0.23500
38889;-0.23500
41667;-0.25000
44444;-0.23000
47222;-0.26000
50000;-0.26000
52778;-0.26000
55556;-0.26500
58333;-0.27500
61111;-0.28000
63889;-0.30500
66667;-0.29500
69444;-0.30000
72222;-0.29000
75000;-0.31500
77778;-0.33000
80556;-0.33500
83333;-0.33500
86111;-0.33000
88889;-0.33500
91667;-0.34500
94444;-0.34000
97222;-0.35500
100000;-0.35000
102778;-0.35000
105556;-0.35000
108333;-0.34500
111111;-0.36000
113889;-0.37500
116667;-0.37500
119444;-0.35500
122222;-0.36000
125000;-0.37000
127778;-0.38500
130556;-0.39000
133333;-0.38500
136111;-0.39000
138889;-0.37000
141667;-0.38000
144444;-0.37500
147222;-0.38000
150000;-0.38500
152778;-0.37000
155556;-0.36500
158333;-0.37000
161111;-0.38500
163889;-0.40000
166667;-0.42000
169444;-0.42500
172222;-0.42500
175000;-0.40500
177778;-0.38500
180556;-0.37000
183333;-0.35000
186111;-0.36500
188889;-0.37000
191667;-0.37000
194444;-0.34500
197222;-0.23000
200000;-0.06000
202778;0.11000
205555;0.26500
208333;0.43500
211111;0.64000
213889;0.83000
216667;0.90500
219444;0.83000
222222;0.51000
225000;0.07500
227778;-0.27500
230555;-0.46500
233333;-0.53000
236111;-0.51000
238889;-0.45500
241667;-0.41500
244444;-0.41000
247222;-0.43000
250000;-0.40500
252778;-0.41500
255555;-0.39500
258333;-0.40000
261111;-0.40500
263889;-0.43000
266667;-0.42000
269444;-0.41000
272222;-0.40500
275000;-0.41000
277778;-0.41000
280555;-0.41500
283333;-0.42000
286111;-0.42000
288889;-0.40500
291667;-0.40500
294444;-0.43000
297222;-0.43000
300000;-0.42000
302778;-0.41000
305555;-0.40000
308333;-0.41000
311111;-0.41000
313889;-0.41500
316667;-0.41500
319444;-0.42000
322222;-0.40000
325000;-0.41000
327778;-0.41500
330555;-0.43000
333333;-0.41500
336111;-0.40000
338889;-0.40500
341667;-0.39500
344444;-0.40500
347222;-0.43000
350000;-0.41500
352778;-0.40500
355555;-0.40000
358333;-0.42000
361111;-0.42500
363889;-0.41500
366667;-0.41500
369444;-0.40500
372222;-0.39500
375000;-0.39000
377778;-0.40500
380555;-0.40500
383333;-0.39500
386111;-0.38500
388889;-0.38000
391667;-0.39000
394444;-0.39500
397222;-0.40000
400000;-0.40000
402778;-0.39500
405555;-0.38500
408333;-0.38500
411111;-0.39500
413889;-0.40000
416667;-0.40500
419444;-0.39000
422222;-0.39000
425000;-0.39500
427778;-0.40000
430555;-0.40000
433333;-0.40000
436111;-0.39500
438889;-0.39000
441667;-0.39500
444444;-0.39500
447222;-0.41000
450000;-0.40000
452778;-0.39000
455555;-0.39000
458333;-0.38500
461111;-0.39500
463889;-0.40500
466667;-0.40500
469444;-0.40000
472222;-0.40000
475000;-0.39000
477778;-0.40000
480555;-0.42000
483333;-0.41000
486111;-0.40500
488889;-0.41000
491667;-0.41000
494444;-0.41500
497222;-0.43000
500000;-0.42500
502778;-0.41500
505555;-0.41000
508333;-0.42500
511111;-0.42500
513889;-0.43000
516667;-0.42500
519444;-0.39500
522222;-0.38500
525000;-0.38500
527778;-0.39500
530555;-0.42000
533333;-0.40000
536111;-0.40000
538889;-0.39000
541667;-0.39500
544444;-0.38000
547222;-0.38000
550000;-0.37000
552778;-0.36500
555555;-0.36500
558333;-0.37500
561111;-0.39000
563889;-0.39500
566667;-0.39500
569444;-0.38500
572222;-0.38000
575000;-0.37000
577778;-0.37500
580555;-0.39000
583333;-0.39000
586111;-0.37500
588889;-0.37500
591667;-0.37500
594444;-0.37500
597222;-0.39000
600000;-0.37000
602778;-0.37500
605555;-0.36500
608333;-0.37000
611111;-0.37000
613889;-0.38000
616666;-0.38000
619444;-0.38000
622222;-0.37000
625000;-0.37000
627778;-0.39500
630555;-0.39000
633333;-0.38000
636111;-0.38000
638889;-0.38000
641666;-0.37000
644444;-0.38000
647222;-0.38500
650000;-0.39000
652778;-0.38500
655555;-0.36500
658333;-0.37500
661111;-0.39500
663889;-0.39000
666666;-0.39500
669444;-0.39500
672222;-0.37500
675000;-0.37500
677778;-0.38500
680555;-0.38000
683333;-0.37000
686111;-0.38000
688889;-0.37500
691666;-0.37500
694444;-0.37500
697222;-0.37500
700000;-0.38000
702778;-0.39000
705555;-0.38000
708333;-0.39000
711111;-0.39500
713889;-0.41000
716666;-0.39000
719444;-0.39000
722222;-0.39000
725000;-0.38500
727778;-0.39000
730555;-0.40000
733333;-0.39000
736111;-0.38000
738889;-0.37000
741666;-0.39000
744444;-0.38500
747222;-0.40000
750000;-0.40000
752778;-0.40500
755555;-0.40000
758333;-0.39000
761111;-0.38000
763889;-0.40000
766666;-0.39000
769444;-0.39500
772222;-0.38500
775000;-0.39500
777778;-0.41000
780555;-0.41000
783333;-0.41000
786111;-0.40000
788889;-0.39000
791666;-0.39500
794444;-0.40500
797222;-0.41000
800000;-0.41500
802778;-0.39500
805555;-0.38500
808333;-0.39000
811111;-0.40500
813889;-0.41000
816666;-0.40000
819444;-0.39000
822222;-0.39000
825000;-0.39000
827778;-0.39000
830555;-0.41000
833333;-0.41500
836111;-0.39500
838889;-0.39000
841666;-0.39000
844444;-0.40000
847222;-0.41000
850000;-0.41000
852778;-0.39500
855555;-0.38000
858333;-0.39000
861111;-0.41000
863889;-0.41000
866666;-0.41500
869444;-0.40000
872222;-0.39000
875000;-0.39000
877778;-0.39500
880555;-0.40500
883333;-0.40000
886111;-0.39000
888889;-0.39000
891666;-0.39000
894444;-0.40500
897222;-0.40500
900000;-0.40500
902778;-0.39500
905555;-0.39500
908333;-0.41000
911111;-0.40500
913889;-0.41500
916666;-0.40500
919444;-0.40000
922222;-0.39500
925000;-0.40500
927778;-0.40000
930555;-0.41500
933333;-0.40500
936111;-0.40000
938889;-0.39000
941666;-0.39500
944444;-0.39000
947222;-0.42000
950000;-0.39500
952778;-0.40000
955555;-0.40000
958333;-0.40000
961111;-0.39500
963889;-0.40500
966666;-0.40000
969444;-0.40000
972222;-0.38500
975000;-0.38500
977778;-0.39500
980555;-0.39500
983333;-0.40000
986111;-0.35500
988889;-0.34500
991666;-0.34500
994444;-0.34000
997222;-0.34500
1000000;-0.33500
1002777;-0.31000
1005555;-0.29000
1008333;-0.29000
1011111;-0.29000
1013889;-0.29500
1016666;-0.29500
1019444;-0.29000
1022222;-0.27500
1025000;-0.29000
1027777;-0.31500
1030555;-0.32000
1033333;-0.31000
1036111;-0.30500
1038889;-0.30500
1041666;-0.33500
1044444;-0.33500
1047222;-0.33500
1050000;-0.31000
1052777;-0.28500
1055555;-0.27500
1058333;-0.29500
1061111;-0.31500
1063889;-0.33500
1066666;-0.33500
1069444;-0.33000
1072222;-0.34000
1075000;-0.33500
1077777;-0.35000
1080555;-0.38000
1083333;-0.39000
1086111;-0.39000
1088889;-0.39500
1091666;-0.40000
1094444;-0.41000
1097222;-0.41500
1100000;-0.41000
1102777;-0.39500
1105555;-0.39000
1108333;-0.39500
1111111;-0.41000
1113889;-0.43000
1116666;-0.42000
1119444;-0.41500
1122222;-0.42000
1125000;-0.42000
1127777;-0.42000
1130555;-0.43000
1133333;-0.43000
1136111;-0.42000
1138889;-0.41500
1141666;-0.41500
1144444;-0.41500
1147222;-0.43500
1150000;-0.45000
1152777;-0.47500
1155555;-0.49500
1158333;-0.51500
1161111;-0.55500
1163889;-0.59500
1166666;-0.57500
1169444;-0.49500
1172222;-0.35500
1175000;-0.21500
1177777;-0.03500
1180555;0.20000
1183333;0.49500
1186111;0.73000
1188889;0.85000
1191666;0.80500
1194444;0.55500
1197222;0.14500
1200000;-0.24500
1202777;-0.47000
1205555;-0.52500
1208333;-0.50500
1211111;-0.47500
1213889;-0.44000
1216666;-0.44500
1219444;-0.42500
1222222;-0.42000
1225000;-0.43000
1227777;-0.43000
1230555;-0.44500
1233333;-0.43000
1236111;-0.41500
1238889;-0.41500
1241666;-0.41500
1244444;-0.42500
1247222;-0.43500
1250000;-0.43000
1252777;-0.43000
1255555;-0.42000
1258333;-0.42000
1261111;-0.43500
1263889;-0.44000
1266666;-0.43500
1269444;-0.44500
1272222;-0.43000
1275000;-0.42000
1277777;-0.43500
1280555;-0.43500
1283333;-0.42500
1286111;-0.42500
1288889;-0.43000
1291666;-0.41500
1294444;-0.43500
1297222;-0.45000
1300000;-0.44500
1302777;-0.42500
1305555;-0.42000
1308333;-0.42000
1311111;-0.42500
1313889;-0.43000
1316666;-0.43000
1319444;-0.42500
1322222;-0.42000
1325000;-0.41000
1327777;-0.42000
1330555;-0.42500
1333333;-0.42500
1336111;-0.41500
1338889;-0.40500
1341666;-0.40000
1344444;-0.40500
1347222;-0.41500
1350000;-0.40500
1352777;-0.39500
1355555;-0.39500
1358333;-0.39500
1361111;-0.40500
1363889;-0.42000
1366666;-0.42000
1369444;-0.42000
1372222;-0.41000
1375000;-0.41500
1377777;-0.41500
1380555;-0.42500
1383333;-0.42500
1386111;-0.42500
1388888;-0.41000
1391666;-0.42000
1394444;-0.41500
1397222;-0.42000
1400000;-0.42500
1402777;-0.43000
1405555;-0.41000
1408333;-0.41000
1411111;-0.43500
1413888;-0.43500
1416666;-0.44500
1419444;-0.42000
1422222;-0.42500
1425000;-0.44000
1427777;-0.44500
1430555;-0.44000
1433333;-0.44500
1436111;-0.46500
1438888;-0.45000
1441666;-0.46000
1444444;-0.47000
1447222;-0.48500
1450000;-0.47500
1452777;-0.46500
1455555;-0.45500
1458333;-0.46000
1461111;-0.47500
1463888;-0.47500
1466666;-0.46500
1469444;-0.46000
1472222;-0.45000
1475000;-0.43500
1477777;-0.44000
1480555;-0.43500
1483333;-0.42000
1486111;-0.40000
1488888;-0.38500
1491666;-0.36500
1494444;-0.36000
1497222;-0.36000
1500000;-0.34500
1502777;-0.33500
1505555;-0.31000
1508333;-0.31000
1511111;-0.31000
1513888;-0.30500
1516666;-0.30000
1519444;-0.29000
1522222;-0.28000
1525000;-0.28500
1527777;-0.29000
1530555;-0.29000
1533333;-0.28500
1536111;-0.26500
1538888;-0.27000
1541666;-0.27000
1544444;-0.27000
1547222;-0.28000
1550000;-0.28000
1552777;-0.27500
1555555;-0.27000
1558333;-0.26000
1561111;-0.27000
1563888;-0.27500
1566666;-0.27000
1569444;-0.26500
1572222;-0.26000
1575000;-0.26000
1577777;-0.27000
1580555;-0.29000
1583333;-0.28000
1586111;-0.27000
1588888;-0.26000
1591666;-0.27500
1594444;-0.29500
1597222;-0.30000
1600000;-0.29000
1602777;-0.28500
1605555;-0.27500
1608333;-0.28000
1611111;-0.30000
1613888;-0.29000
1616666;-0.29500
1619444;-0.27500
1622222;-0.27500
1625000;-0.27500
1627777;-0.28500
1630555;-0.30500
1633333;-0.30000
1636111;-0.29500
1638888;-0.28000
1641666;-0.28500
1644444;-0.29500
1647222;-0.31000
1650000;-0.30500
1652777;-0.29500
1655555;-0.29000
1658333;-0.30000
1661111;-0.31000
1663888;-0.31500
1666666;-0.30500
1669444;-0.31500
1672222;-0.30500
1675000;-0.31000
1677777;-0.32000
1680555;-0.33000
1683333;-0.32000
1686111;-0.31000
1688888;-0.30500
1691666;-0.31000
1694444;-0.31000
1697222;-0.31500
1700000;-0.31500
1702777;-0.30000
1705555;-0.29500
1708333;-0.30500
1711111;-0.30500
1713888;-0.31500
1716666;-0.31000
1719444;-0.30500
1722222;-0.29000
1725000;-0.30500
1727777;-0.31000
1730555;-0.32000
1733333;-0.31000
1736111;-0.32000
1738888;-0.31000
1741666;-0.31500
1744444;-0.31000
1747222;-0.33000
1750000;-0.33000
1752777;-0.31000
1755555;-0.30500
1758333;-0.30500
1761111;-0.31000
1763888;-0.33000
1766666;-0.32000
1769444;-0.30000
1772222;-0.29000
1775000;-0.30000
1777777;-0.29500
1780555;-0.30000
1783333;-0.28500
1786111;-0.27500
1788888;-0.25000
1791666;-0.24500
1794444;-0.25000
1797222;-0.25000
1799999;-0.25000
1802777;-0.23500
1805555;-0.21500
1808333;-0.20000
1811111;-0.21000
1813888;-0.21000
1816666;-0.20000
1819444;-0.19000
1822222;-0.19000
1824999;-0.19500
1827777;-0.21500
1830555;-0.24500
1833333;-0.23500
1836111;-0.23000
1838888;-0.22000
1841666;-0.22000
1844444;-0.23000
1847222;-0.24500
1849999;-0.24500
1852777;-0.22500
1855555;-0.20000
1858333;-0.18000
1861111;-0.19000
1863888;-0.22500
1866666;-0.25500
1869444;-0.26500
1872222;-0.26500
1874999;-0.28500
1877777;-0.30500
1880555;-0.32500
1883333;-0.32500
1886111;-0.32000
1888888;-0.33000
1891666;-0.32500
1894444;-0.32500
1897222;-0.33000
1899999;-0.31500
1902777;-0.32500
1905555;-0.31500
1908333;-0.32000
1911111;-0.32000
1913888;-0.33500
1916666;-0.34000
1919444;-0.32000
1922222;-0.32500
1924999;-0.32000
1927777;-0.33500
1930555;-0.34500
1933333;-0.35000
1936111;-0.33500
1938888;-0.34000
1941666;-0.36000
1944444;-0.38500
1947222;-0.44500
1949999;-0.47000
1952777;-0.48500
1955555;-0.51000
1958333;-0.55500
1961111;-0.58500
1963888;-0.54000
1966666;-0.44000
1969444;-0.32000
1972222;-0.22500
1974999;-0.10000
1977777;0.07500
1980555;0.30500
1983333;0.59000
1986111;0.81500
1988888;0.94500
1991666;0.91500
1994444;0.71500
1997222;0.33000
1999999;-0.09500
2002777;-0.37500
2005555;-0.47000
2008333;-0.44000
2011111;-0.38500
2013888;-0.36000
2016666;-0.35000
2019444;-0.35500
2022222;-0.35000
2024999;-0.35000
2027777;-0.36000
2030555;-0.37500
2033333;-0.37500
2036111;-0.37500
2038888;-0.36000
2041666;-0.36000
2044444;-0.36500
2047222;-0.37500
2049999;-0.37000
2052777;-0.36000
2055555;-0.34500
2058333;-0.36000
2061111;-0.36000
2063888;-0.37000
2066666;-0.36500
2069444;-0.35500
2072222;-0.35000
2074999;-0.35500
2077777;-0.36500
2080555;-0.36000
2083333;-0.36000
2086111;-0.35500
2088888;-0.35500
2091666;-0.36000
2094444;-0.37000
2097222;-0.37000
2099999;-0.37000
2102777;-0.35500
2105555;-0.35500
2108333;-0.35000
2111111;-0.35500
2113888;-0.37000
2116666;-0.35500
2119444;-0.34000
2122222;-0.33500
2124999;-0.34000
2127777;-0.34500
2130555;-0.35500
2133333;-0.35000
2136111;-0.34000
2138888;-0.33000
2141666;-0.34000
2144444;-0.35000
2147222;-0.35500
2149999;-0.35500
2152777;-0.34000
2155555;-0.34500
2158333;-0.35000
2161111;-0.35000
2163888;-0.35500
2166666;-0.35000
2169444;-0.35000
2172222;-0.34500
2174999;-0.34500
2177777;-0.34500
2180555;-0.35000
2183333;-0.35000
2186110;-0.33000
2188888;-0.31500
2191666;-0.33000
2194444;-0.32500
2197222;-0.34000
2199999;-0.32000
2202777;-0.33000
2205555;-0.33500
2208333;-0.32500
2211110;-0.34500
2213888;-0.35000
2216666;-0.33500
2219444;-0.33000
2222222;-0.34000
2224999;-0.33000
2227777;-0.34000
2230555;-0.35500
2233333;-0.33500
2236110;-0.33000
2238888;-0.32500
2241666;-0.33000
2244444;-0.33000
2247222;-0.35500
2249999;-0.34000
2252777;-0.33000
2255555;-0.33000
2258333;-0.32500
2261110;-0.32500
2263888;-0.32000
2266666;-0.30500
2269444;-0.29500
2272222;-0.27500
2274999;-0.27000
2277777;-0.27000
2280555;-0.28000
2283333;-0.26500
2286110;-0.25000
2288888;-0.23500
2291666;-0.23500
2294444;-0.24500
2297222;-0.25500
2299999;-0.25000
2302777;-0.24500
2305555;-0.22500
2308333;-0.22500
2311110;-0.24500
2313888;-0.25500
2316666;-0.24000
2319444;-0.22500
2322222;-0.22000
2324999;-0.22500
2327777;-0.23500
2330555;-0.24000
2333333;-0.23000
2336110;-0.23000
2338888;-0.22500
2341666;-0.23000
2344444;-0.23000
2347222;-0.24000
2349999;-0.24000
2352777;-0.23500
2355555;-0.23000
2358333;-0.23000
2361110;-0.24000
2363888;-0.24500
2366666;-0.24500
2369444;-0.24000
2372222;-0.24000
2374999;-0.24000
2377777;-0.24500
2380555;-0.26000
2383333;-0.25500
2386110;-0.24500
2388888;-0.24500
2391666;-0.23000
2394444;-0.24500
2397222;-0.27000
2399999;-0.26000
2402777;-0.25000
2405555;-0.25500
2408333;-0.26000
2411110;-0.25500
2413888;-0.27500
2416666;-0.26500
2419444;-0.27000
2422222;-0.26500
2424999;-0.26500
2427777;-0.26500
2430555;-0.28000
2433333;-0.28000
2436110;-0.27500
2438888;-0.26500
2441666;-0.27000
2444444;-0.29000
2447222;-0.30000
2449999;-0.29000
2452777;-0.28500
2455555;-0.27500
2458333;-0.28500
2461110;-0.28500
2463888;-0.30000
2466666;-0.29500
2469444;-0.28500
2472222;-0.28000
2474999;-0.28000
2477777;-0.28500
2480555;-0.29500
2483333;-0.29000
2486110;-0.28500
2488888;-0.28000
2491666;-0.27500
2494444;-0.28000
2497222;-0.29500
2499999;-0.29500
2502777;-0.29000
2505555;-0.27500
2508333;-0.27500
2511110;-0.27000
2513888;-0.28500
2516666;-0.28000
2519444;-0.28000
2522222;-0.27500
2524999;-0.27500
2527777;-0.28500
2530555;-0.30000
2533333;-0.28500
2536110;-0.29500
2538888;-0.28000
2541666;-0.27500
2544444;-0.28000
2547222;-0.27000
2549999;-0.26000
2552777;-0.23500
2555555;-0.21000
2558333;-0.21500
2561110;-0.22000
2563888;-0.22500
2566666;-0.21500
2569444;-0.21500
2572222;-0.19500
2574999;-0.18500
2577777;-0.18500
2580555;-0.18500
2583333;-0.18500
2586110;-0.17500
2588888;-0.16500
2591666;-0.17500
2594444;-0.19000
2597221;-0.19500
2599999;-0.18500
2602777;-0.19500
2605555;-0.18000
2608333;-0.17000
2611110;-0.20000
2613888;-0.22500
2616666;-0.21500
2619444;-0.19000
2622221;-0.16000
2624999;-0.15000
2627777;-0.17500
2630555;-0.22000
2633333;-0.23000
2636110;-0.23500
2638888;-0.24500
2641666;-0.27500
2644444;-0.29500
2647221;-0.30500
2649999;-0.30000
2652777;-0.29500
2655555;-0.29000
2658333;-0.28500
2661110;-0.29500
2663888;-0.29500
2666666;-0.30000
2669444;-0.30000
2672221;-0.30000
2674999;-0.30500
2677777;-0.30500
2680555;-0.32500
2683333;-0.31500
2686110;-0.30500
2688888;-0.30500
2691666;-0.30000
2694444;-0.30500
2697221;-0.32500
2699999;-0.31000
2702777;-0.31500
2705555;-0.31000
2708333;-0.30500
2711110;-0.32500
2713888;-0.33500
2716666;-0.34000
2719444;-0.34500
2722221;-0.37500
2724999;-0.41000
2727777;-0.44000
2730555;-0.48000
2733333;-0.51500
2736110;-0.54000
2738888;-0.50000
2741666;-0.41000
2744444;-0.29000
2747221;-0.17000
2749999;0.01500
2752777;0.30000
2755555;0.56000
2758333;0.76000
2761110;0.84500
2763888;0.80500
2766666;0.59000
2769444;0.25000
2772221;-0.08500
2774999;-0.33500
2777777;-0.45500
2780555;-0.46000
2783333;-0.42000
2786110;-0.38000
2788888;-0.36000
2791666;-0.36500
2794444;-0.36000
2797221;-0.36000
2799999;-0.36000
2802777;-0.35500
2805555;-0.34000
2808333;-0.35000
2811110;-0.36000
2813888;-0.38500
2816666;-0.37500
2819444;-0.36500
2822221;-0.35000
2824999;-0.35500
2827777;-0.36500
2830555;-0.36500
2833333;-0.37000
2836110;-0.36000
2838888;-0.34000
2841666;-0.34500
2844444;-0.35500
2847221;-0.37000
2849999;-0.35500
2852777;-0.34500
2855555;-0.34000
2858333;-0.34000
2861110;-0.36500
2863888;-0.38500
2866666;-0.38000
2869444;-0.37000
2872221;-0.35500
2874999;-0.35500
2877777;-0.37000
2880555;-0.37000
2883333;-0.37500
2886110;-0.36500
2888888;-0.34500
2891666;-0.36500
2894444;-0.36500
2897221;-0.37500
2899999;-0.37000
2902777;-0.37500
2905555;-0.35500
2908333;-0.35000
2911110;-0.36000
2913888;-0.36500
2916666;-0.36000
2919444;-0.35000
2922221;-0.32500
2924999;-0.34000
2927777;-0.35500
2930555;-0.37000
2933333;-0.36500
2936110;-0.35500
2938888;-0.35000
2941666;-0.35000
2944444;-0.35000
2947221;-0.36000
2949999;-0.36000
2952777;-0.35000
2955555;-0.34000
2958333;-0.33500
2961110;-0.35000
2963888;-0.36500
2966666;-0.35000
2969444;-0.35000
2972221;-0.34500
2974999;-0.36000
2977777;-0.37000
2980555;-0.37000
2983332;-0.37000
2986110;-0.35500
2988888;-0.35000
2991666;-0.33500
2994444;-0.35000
2997221;-0.37000
2999999;-0.36500
3002777;-0.36000
3005555;-0.35000
3008332;-0.36000
3011110;-0.37000
3013888;-0.37500
3016666;-0.37500
3019444;-0.36000
3022221;-0.36000
3024999;-0.36000
3027777;-0.38000
3030555;-0.38000
3033332;-0.38500
3036110;-0.37500
3038888;-0.39000
3041666;-0.36000
3044444;-0.37000
3047221;-0.38500
3049999;-0.38500
3052777;-0.38000
3055555;-0.36500
3058332;-0.35000
3061110;-0.35500
3063888;-0.35000
3066666;-0.33500
3069444;-0.31000
3072221;-0.30000
3074999;-0.29000
3077777;-0.28000
3080555;-0.30000
3083332;-0.29000
3086110;-0.28500
3088888;-0.28000
3091666;-0.27500
3094444;-0.28000
3097221;-0.28000
3099999;-0.28500
3102777;-0.26500
3105555;-0.26500
3108332;-0.26500
3111110;-0.26000
3113888;-0.27000
3116666;-0.29000
3119444;-0.27000
3122221;-0.27000
3124999;-0.27500
3127777;-0.28500
3130555;-0.29000
3133332;-0.30000
3136110;-0.28500
3138888;-0.29000
3141666;-0.28500
3144444;-0.28500
3147221;-0.29000
3149999;-0.29500
3152777;-0.28500
3155555;-0.26500
3158332;-0.25500
3161110;-0.27000
3163888;-0.29000
3166666;-0.29000
3169444;-0.28000
3172221;-0.27000
3174999;-0.28500
3177777;-0.29500
3180555;-0.30000
3183332;-0.30000
3186110;-0.29000
3188888;-0.29000
3191666;-0.31000
3194444;-0.29500
3197221;-0.31500
3199999;-0.31000
3202777;-0.31500
3205555;-0.30500
3208332;-0.31500
3211110;-0.32500
3213888;-0.34000
3216666;-0.33000
3219444;-0.31000
3222221;-0.30500
3224999;-0.31500
3227777;-0.31000
3230555;-0.33500
3233332;-0.33000
3236110;-0.33000
3238888;-0.32000
3241666;-0.32000
3244444;-0.31500
3247221;-0.34500
3249999;-0.32500
3252777;-0.33000
3255555;-0.32000
3258332;-0.33000
3261110;-0.32500
3263888;-0.34000
3266666;-0.33000
3269444;-0.32000
3272221;-0.32500
3274999;-0.33000
3277777;-0.33500
3280555;-0.35500
3283332;-0.34500
3286110;-0.33000
3288888;-0.31500
3291666;-0.31500
3294444;-0.32500
3297221;-0.33500
3299999;-0.33500
3302777;-0.34000
3305555;-0.31500
3308332;-0.31500
3311110;-0.32000
3313888;-0.32500
3316666;-0.33500
3319444;-0.32500
3322221;-0.30500
3324999;-0.31000
3327777;-0.32000
3330555;-0.35000
3333332;-0.34500
3336110;-0.32000
3338888;-0.30500
3341666;-0.30000
3344444;-0.29000
3347221;-0.29500
3349999;-0.28500
3352777;-0.26500
3355555;-0.26500
3358332;-0.26000
3361110;-0.26500
3363888;-0.27000
3366666;-0.26500
3369444;-0.25000
3372221;-0.22500
3374999;-0.24500
3377777;-0.24500
3380555;-0.25500
3383332;-0.25000
3386110;-0.24000
3388888;-0.24000
3391666;-0.24500
3394443;-0.24500
3397221;-0.25500
3399999;-0.25000
3402777;-0.25500
3405555;-0.25500
3408332;-0.26000
3411110;-0.25500
3413888;-0.24000
3416666;-0.23000
3419443;-0.23000
3422221;-0.24000
3424999;-0.26000
3427777;-0.28500
3430555;-0.31500
3433332;-0.31500
3436110;-0.33500
3438888;-0.33500
3441666;-0.32000
3444443;-0.34500
3447221;-0.36000
3449999;-0.35500
3452777;-0.37500
3455555;-0.37000
3458332;-0.37000
3461110;-0.37000
3463888;-0.37500
3466666;-0.38000
3469443;-0.35000
3472221;-0.35000
3474999;-0.34000
3477777;-0.36500
3480555;-0.37000
3483332;-0.37000
3486110;-0.36500
3488888;-0.35500
3491666;-0.35000
3494443;-0.36500
3497221;-0.37000
3499999;-0.37000
3502777;-0.37000
3505555;-0.36000
3508332;-0.38500
3511110;-0.40000
3513888;-0.42500
3516666;-0.46000
3519443;-0.48000
3522221;-0.49500
3524999;-0.53000
3527777;-0.57000
3530555;-0.58500
3533332;-0.50000
3536110;-0.38000
3538888;-0.23000
3541666;-0.05500
3544443;0.17500
3547221;0.42500
3549999;0.69000
3552777;0.82500
3555555;0.82000
3558332;0.61000
3561110;0.24500
3563888;-0.12500
3566666;-0.37000
3569443;-0.48500
3572221;-0.48500
3574999;-0.45500
3577777;-0.42000
3580555;-0.41000
3583332;-0.40000
3586110;-0.40000
3588888;-0.39000
3591666;-0.38500
3594443;-0.39500
3597221;-0.39000
3599999;-0.39000
3602777;-0.38500
3605555;-0.38500
3608332;-0.39500
3611110;-0.41000
3613888;-0.41500
3616666;-0.42500
3619443;-0.41500
3622221;-0.41000
3624999;-0.41500
3627777;-0.41000
3630555;-0.43000
3633332;-0.42000
3636110;-0.40500
3638888;-0.40000
3641666;-0.40500
3644443;-0.42000
3647221;-0.44000
3649999;-0.43000
3652777;-0.41500
3655555;-0.41500
3658332;-0.42000
3661110;-0.41000
3663888;-0.42000
3666666;-0.42000
3669443;-0.41500
3672221;-0.42000
3674999;-0.40000
3677777;-0.41500
3680555;-0.42500
3683332;-0.42000
3686110;-0.41500
3688888;-0.40000
3691666;-0.42000
3694443;-0.41500
3697221;-0.42500
3699999;-0.42000
3702777;-0.41500
3705555;-0.40000
3708332;-0.39500
3711110;-0.41000
3713888;-0.41500
3716666;-0.41500
3719443;-0.40500
3722221;-0.40000
3724999;-0.40000
3727777;-0.42000
3730555;-0.42000
3733332;-0.43000
3736110;-0.41000
3738888;-0.41000
3741666;-0.40500
3744443;-0.41000
3747221;-0.42500
3749999;-0.42000
3752777;-0.41500
3755555;-0.40000
3758332;-0.40000
3761110;-0.40500
3763888;-0.41500
3766666;-0.41500
3769443;-0.40000
3772221;-0.39500
3774999;-0.40500
3777777;-0.42000
3780554;-0.42500
3783332;-0.42500
3786110;-0.41000
3788888;-0.41000
3791666;-0.41000
3794443;-0.42500
3797221;-0.43500
3799999;-0.43000
3802777;-0.43500
3805554;-0.43000
3808332;-0.44500
3811110;-0.44500
3813888;-0.47000
3816666;-0.45500
3819443;-0.46500
3822221;-0.45000
3824999;-0.45500
3827777;-0.44500
3830554;-0.46000
3833332;-0.45500
3836110;-0.45000
3838888;-0.43000
3841666;-0.41500
3844443;-0.41500
3847221;-0.40500
3849999;-0.39500
3852777;-0.38000
3855554;-0.35500
3858332;-0.34000
3861110;-0.35500
3863888;-0.35000
3866666;-0.34500
3869443;-0.31500
3872221;-0.30000
3874999;-0.30000
3877777;-0.30000
3880554;-0.31000
3883332;-0.30500
3886110;-0.30000
3888888;-0.27500
3891666;-0.28500
3894443;-0.30000
3897221;-0.30500
3899999;-0.30500
3902777;-0.29500
3905554;-0.28500
3908332;-0.29000
3911110;-0.30000
3913888;-0.30500
3916666;-0.31000
3919443;-0.28500
3922221;-0.27500
3924999;-0.27500
3927777;-0.30000
3930554;-0.30500
3933332;-0.28500
3936110;-0.29000
3938888;-0.29000
3941666;-0.29000
3944443;-0.29500
3947221;-0.30000
3949999;-0.31000
3952777;-0.29500
3955554;-0.29000
3958332;-0.30000
3961110;-0.31500
3963888;-0.32000
3966666;-0.32000
3969443;-0.31500
3972221;-0.31000
3974999;-0.30500
3977777;-0.31500
3980554;-0.32000
3983332;-0.31500
3986110;-0.31000
3988888;-0.30000
3991666;-0.29500
3994443;-0.31500
3997221;-0.32000
3999999;-0.32500
4002777;-0.31000
4005554;-0.31500
4008332;-0.31500
4011110;-0.31500
4013888;-0.33500
4016666;-0.32500
4019443;-0.32000
4022221;-0.31000
4024999;-0.31500
4027777;-0.32000
4030554;-0.33000
4033332;-0.33000
4036110;-0.32000
4038888;-0.32000
4041666;-0.32000
4044443;-0.33500
4047221;-0.34000
4049999;-0.34000
4052777;-0.32500
4055554;-0.31500
4058332;-0.31500
4061110;-0.32500
4063888;-0.33500
4066666;-0.32500
4069443;-0.32000
4072221;-0.31000
4074999;-0.32000
4077777;-0.31000
4080554;-0.34000
4083332;-0.32000
4086110;-0.32000
4088888;-0.31500
4091666;-0.32000
4094443;-0.32000
4097221;-0.33500
4099999;-0.32000
4102777;-0.32000
4105554;-0.30500
4108332;-0.31000
4111110;-0.31000
4113888;-0.32000
4116666;-0.33000
4119443;-0.31000
4122221;-0.29500
4124999;-0.30000
4127777;-0.30000
4130554;-0.30000
4133332;-0.28500
4136110;-0.27000
4138888;-0.25500
4141666;-0.24000
4144443;-0.25500
4147221;-0.25500
4149999;-0.24500
4152777;-0.24000
4155554;-0.23500
4158332;-0.23000
4161110;-0.23000
4163888;-0.23500
4166666;-0.22500
4169443;-0.23000
4172221;-0.19000
4174999;-0.19500
4177777;-0.21000
4180554;-0.22000
4183332;-0.22000
4186110;-0.21500
4188888;-0.21500
4191665;-0.22000
4194443;-0.23000
4197221;-0.24500
4199999;-0.24000
4202777;-0.25000
4205554;-0.25000
4208332;-0.23500
4211110;-0.23000
4213888;-0.21000
4216665;-0.22500
4219443;-0.24000
4222221;-0.26000
4224999;-0.27000
4227777;-0.28500
4230554;-0.31500
4233332;-0.33500
4236110;-0.32500
4238888;-0.33000
4241665;-0.32500
4244443;-0.34000
4247221;-0.35500
4249999;-0.35500
4252777;-0.34000
4255554;-0.33500
4258332;-0.33500
4261110;-0.34500
4263888;-0.36000
4266665;-0.36000
4269443;-0.35000
4272221;-0.34500
4274999;-0.35000
4277777;-0.36000
4280554;-0.37500
4283332;-0.36000
4286110;-0.37000
4288888;-0.35500
4291665;-0.36500
4294443;-0.37000
4297221;-0.37500
4299999;-0.37500
4302777;-0.37500
4305554;-0.40500
4308332;-0.43500
4311110;-0.46000
4313888;-0.49500
4316665;-0.48500
4319443;-0.47500
4322221;-0.51000
4324999;-0.56000
4327777;-0.60500
4330554;-0.59500
4333332;-0.54000
4336110;-0.45500
4338888;-0.35000
4341665;-0.22000
4344443;-0.09500
4347221;0.09500
4349999;0.36500
4352777;0.65500
4355554;0.86000
4358332;0.93500
4361110;0.87500
4363888;0.58500
4366665;0.15000
4369443;-0.23500
4372221;-0.45000
4374999;-0.49000
4377777;-0.47000
4380554;-0.42000
4383332;-0.38000
4386110;-0.37500
4388888;-0.38500
4391665;-0.38000
4394443;-0.40000
4397221;-0.40000
4399999;-0.39500
4402777;-0.39000
4405554;-0.39000
4408332;-0.39500
4411110;-0.39500
4413888;-0.40500
4416665;-0.40500
4419443;-0.39000
4422221;-0.39000
4424999;-0.39000
4427777;-0.40500
4430554;-0.42000
4433332;-0.41000
4436110;-0.41000
4438888;-0.41500
4441665;-0.40500
4444443;-0.40500
4447221;-0.42000
4449999;-0.41500
4452777;-0.40000
4455554;-0.40000
4458332;-0.39000
4461110;-0.40500
4463888;-0.41500
4466665;-0.41000
4469443;-0.40000
4472221;-0.39000
4474999;-0.38500
4477777;-0.39500
4480554;-0.41000
4483332;-0.41000
4486110;-0.39500
4488888;-0.40000
4491665;-0.39000
4494443;-0.40000
4497221;-0.41000
4499999;-0.40500
4502777;-0.40500
4505554;-0.40000
4508332;-0.39500
4511110;-0.40500
4513888;-0.40500
4516665;-0.40500
4519443;-0.41000
4522221;-0.40000
4524999;-0.39000
4527777;-0.39500
4530554;-0.40500
4533332;-0.41000
4536110;-0.40000
4538888;-0.38500
4541665;-0.38500
4544443;-0.40500
4547221;-0.40500
4549999;-0.40500
4552777;-0.39000
4555554;-0.38500
4558332;-0.38500
4561110;-0.39000
4563888;-0.40500
4566665;-0.40000
4569443;-0.39000
4572221;-0.38500
4574999;-0.39000
4577776;-0.39000
4580554;-0.39500
4583332;-0.40000
4586110;-0.38500
4588888;-0.38500
4591665;-0.38500
4594443;-0.39000
4597221;-0.41000
4599999;-0.41000
4602776;-0.39000
4605554;-0.38500
4608332;-0.38500
4611110;-0.40000
4613888;-0.40000
4616665;-0.40500
4619443;-0.40000
4622221;-0.38000
4624999;-0.38500
4627776;-0.39000
4630554;-0.38500
4633332;-0.39000
4636110;-0.38000
4638888;-0.37500
4641665;-0.38000
4644443;-0.38000
4647221;-0.39000
4649999;-0.39500
4652776;-0.38000
4655554;-0.37000
4658332;-0.37000
4661110;-0.35500
4663888;-0.36000
4666665;-0.35000
4669443;-0.34000
4672221;-0.31500
4674999;-0.31000
4677776;-0.31000
4680554;-0.30500
4683332;-0.30000
4686110;-0.30000
4688888;-0.29000
4691665;-0.28500
4694443;-0.29000
4697221;-0.30000
4699999;-0.30000
4702776;-0.30000
4705554;-0.29000
4708332;-0.28000
4711110;-0.29000
4713888;-0.29000
4716665;-0.30500
4719443;-0.29000
4722221;-0.28000
4724999;-0.29500
4727776;-0.30000
4730554;-0.31000
4733332;-0.30000
4736110;-0.30000
4738888;-0.30000
4741665;-0.31000
4744443;-0.30500
4747221;-0.31500
4749999;-0.31500
4752776;-0.30000
4755554;-0.28500
4758332;-0.28500
4761110;-0.29500
4763888;-0.32000
4766665;-0.31500
4769443;-0.31000
4772221;-0.30000
4774999;-0.30500
4777776;-0.31500
4780554;-0.32500
4783332;-0.32500
4786110;-0.32000
4788888;-0.32000
4791665;-0.32000
4794443;-0.33000
4797221;-0.34000
4799999;-0.35500
4802776;-0.34000
4805554;-0.33000
4808332;-0.32500
4811110;-0.33500
4813888;-0.34000
4816665;-0.35000
4819443;-0.34500
4822221;-0.32000
4824999;-0.33000
4827776;-0.34500
4830554;-0.35000
4833332;-0.35000
4836110;-0.34500
4838888;-0.33500
4841665;-0.34000
4844443;-0.35000
4847221;-0.36000
4849999;-0.35000
4852776;-0.34500
4855554;-0.35500
4858332;-0.34500
4861110;-0.35500
4863888;-0.35500
4866665;-0.35000
4869443;-0.36000
4872221;-0.35000
4874999;-0.35000
4877776;-0.35000
4880554;-0.36000
4883332;-0.36500
4886110;-0.35000
4888888;-0.33500
4891665;-0.33500
4894443;-0.34000
4897221;-0.35000
4899999;-0.35500
4902776;-0.34000
4905554;-0.33000
4908332;-0.34000
4911110;-0.33000
4913888;-0.34000
4916665;-0.35500
4919443;-0.34500
4922221;-0.33500
4924999;-0.32500
4927776;-0.33500
4930554;-0.34500
4933332;-0.33500
4936110;-0.33000
4938888;-0.31000
4941665;-0.30500
4944443;-0.29500
4947221;-0.30000
4949999;-0.29000
4952776;-0.28000
4955554;-0.26000
4958332;-0.26000
4961110;-0.26000
4963887;-0.26500
4966665;-0.25500
4969443;-0.22500
4972221;-0.21500
4974999;-0.21500
4977776;-0.22000
4980554;-0.23500
4983332;-0.24500
4986110;-0.24500
4988887;-0.23500
4991665;-0.25000
4994443;-0.25500
4997221;-0.25500
4999999;-0.25500
5002776;-0.25000
5005554;-0.25500
5008332;-0.26000
5011110;-0.24000
5013887;-0.24500
5016665;-0.22500
5019443;-0.21500
5022221;-0.21500
5024999;-0.24500
5027776;-0.26500
5030554;-0.29000
5033332;-0.31000
5036110;-0.31500
5038887;-0.31500
5041665;-0.32500
5044443;-0.34000
5047221;-0.35500
5049999;-0.34500
5052776;-0.35000
5055554;-0.34000
5058332;-0.33500
5061110;-0.35000
5063887;-0.36000
5066665;-0.36000
5069443;-0.36000
5072221;-0.35000
5074999;-0.35000
5077776;-0.36000
5080554;-0.36500
5083332;-0.36500
5086110;-0.36000
5088887;-0.36500
5091665;-0.37000
5094443;-0.35500
5097221;-0.37500
5099999;-0.37500
5102776;-0.38000
5105554;-0.36000
5108332;-0.37000
5111110;-0.38000
5113887;-0.40500
5116665;-0.44000
5119443;-0.45000
5122221;-0.47500
5124999;-0.50000
5127776;-0.52500
5130554;-0.57000
5133332;-0.56000
5136110;-0.50500
5138887;-0.39000
5141665;-0.28500
5144443;-0.16000
5147221;-0.02000
5149999;0.18500
5152776;0.42000
5155554;0.65500
5158332;0.79000
5161110;0.90000
5163887;0.95500
5166665;0.94000
5169443;0.81500
5172221;0.56500
5174999;0.21000
5177776;-0.13000
5180554;-0.37500
5183332;-0.48500
5186110;-0.50500
5188887;-0.46000
5191665;-0.42500
5194443;-0.40500
5197221;-0.41000
5199999;-0.42000
5202776;-0.40500
5205554;-0.39000
5208332;-0.39500
5211110;-0.42000
5213887;-0.42000
5216665;-0.41500
5219443;-0.41500
5222221;-0.39500
5224999;-0.41000
5227776;-0.42000
5230554;-0.42500
5233332;-0.42500
5236110;-0.42500
5238887;-0.41000
5241665;-0.42000
5244443;-0.42000
5247221;-0.42000
5249999;-0.41500
5252776;-0.41000
5255554;-0.40000
5258332;-0.40000
5261110;-0.40500
5263887;-0.41500
5266665;-0.40500
5269443;-0.41000
5272221;-0.40000
5274999;-0.40500
5277776;-0.40500
5280554;-0.41000
5283332;-0.42000
5286110;-0.42000
5288887;-0.40500
5291665;-0.40000
5294443;-0.40500
5297221;-0.41500
5299999;-0.42000
5302776;-0.39000
5305554;-0.38500
5308332;-0.38500
5311110;-0.40500
5313887;-0.40500
5316665;-0.40000
5319443;-0.40000
5322221;-0.40000
5324999;-0.40000
5327776;-0.39000
5330554;-0.38500
5333332;-0.39500
5336110;-0.39500
5338887;-0.37500
5341665;-0.38500
5344443;-0.39500
5347221;-0.40000
5349999;-0.40000
5352776;-0.39000
5355554;-0.38500
5358332;-0.38500
5361110;-0.40000
5363887;-0.40000
5366665;-0.40500
5369443;-0.39000
5372221;-0.38500
5374998;-0.37500
5377776;-0.39000
5380554;-0.39000
5383332;-0.40000
5386110;-0.39000
5388887;-0.38000
5391665;-0.38500
5394443;-0.39000
5397221;-0.40000
5399998;-0.39500
5402776;-0.38500
5405554;-0.39000
5408332;-0.38500
5411110;-0.38500
5413887;-0.39000
5416665;-0.39000
5419443;-0.39500
5422221;-0.38500
5424998;-0.38000
5427776;-0.40000
5430554;-0.41000
5433332;-0.41500
5436110;-0.40500
5438887;-0.39000
5441665;-0.39000
5444443;-0.40000
5447221;-0.41000
5449998;-0.41500
5452776;-0.39500
5455554;-0.38500
5458332;-0.38000
5461110;-0.38500
5463887;-0.38500
5466665;-0.38000
5469443;-0.37000
5472221;-0.35000
5474998;-0.34500
5477776;-0.35000
5480554;-0.35000
5483332;-0.34500
5486110;-0.33500
5488887;-0.32500
5491665;-0.31000
5494443;-0.32000
5497221;-0.32000
5499998;-0.32500
5502776;-0.32000
5505554;-0.30000
5508332;-0.31000
5511110;-0.31500
5513887;-0.32000
5516665;-0.33000
5519443;-0.32000
5522221;-0.31500
5524998;-0.32000
5527776;-0.32500
5530554;-0.32000
5533332;-0.33000
5536110;-0.31500
5538887;-0.30500
5541665;-0.32500
5544443;-0.31500
5547221;-0.33000
5549998;-0.32000
5552776;-0.32500
5555554;-0.31000
5558332;-0.31500
5561110;-0.32000
5563887;-0.32500
5566665;-0.33500
5569443;-0.32500
5572221;-0.32500
5574998;-0.32500
5577776;-0.34000
5580554;-0.33500
5583332;-0.33500
5586110;-0.34000
5588887;-0.33500
5591665;-0.34500
5594443;-0.35500
5597221;-0.35000
5599998;-0.36000
5602776;-0.35000
5605554;-0.33500
5608332;-0.34500
5611110;-0.35500
5613887;-0.36000
5616665;-0.37000
5619443;-0.36000
5622221;-0.35500
5624998;-0.35000
5627776;-0.35500
5630554;-0.37000
5633332;-0.38000
5636110;-0.37500
5638887;-0.36000
5641665;-0.36000
5644443;-0.37000
5647221;-0.38000
5649998;-0.38000
5652776;-0.38000
5655554;-0.37500
5658332;-0.37000
5661110;-0.37000
5663887;-0.38500
5666665;-0.39500
5669443;-0.39000
5672221;-0.38000
5674998;-0.38500
5677776;-0.39500
5680554;-0.39500
5683332;-0.39500
5686110;-0.39000
5688887;-0.38000
5691665;-0.38000
5694443;-0.38500
5697221;-0.38500
5699998;-0.39500
5702776;-0.37500
5705554;-0.36500
5708332;-0.36500
5711110;-0.36500
5713887;-0.39000
5716665;-0.39000
5719443;-0.38500
5722221;-0.38000
5724998;-0.37500
5727776;-0.39000
5730554;-0.39500
5733332;-0.40000
5736110;-0.40000
5738887;-0.39000
5741665;-0.38500
5744443;-0.38000
5747221;-0.37000
5749998;-0.38500
5752776;-0.36000
5755554;-0.34000
5758332;-0.32500
5761109;-0.32500
5763887;-0.33000
5766665;-0.33500
5769443;-0.32000
5772221;-0.30500
5774998;-0.29500
5777776;-0.31000
5780554;-0.32000
5783332;-0.30500
5786109;-0.28500
5788887;-0.26500
5791665;-0.28000
5794443;-0.28000
5797221;-0.30000
5799998;-0.31000
5802776;-0.30500
5805554;-0.29000
5808332;-0.30000
5811109;-0.32000
5813887;-0.33000
5816665;-0.33500
5819443;-0.33000
5822221;-0.32000
5824998;-0.33000
5827776;-0.32500
5830554;-0.33000
5833332;-0.31000
5836109;-0.29000
5838887;-0.28500
5841665;-0.28500
5844443;-0.31500
5847221;-0.34000
5849998;-0.36500
5852776;-0.36000
5855554;-0.36500
5858332;-0.39000
5861109;-0.39500
5863887;-0.40500
5866665;-0.42000
5869443;-0.42500
5872221;-0.41000
5874998;-0.40500
5877776;-0.41500
5880554;-0.42000
5883332;-0.42000
5886109;-0.42500
5888887;-0.42000
5891665;-0.41500
5894443;-0.42500
5897221;-0.43000
5899998;-0.43500
5902776;-0.43500
5905554;-0.43500
5908332;-0.44500
5911109;-0.44500
5913887;-0.45500
5916665;-0.45000
5919443;-0.43000
5922221;-0.42000
5924998;-0.42500
5927776;-0.42500
5930554;-0.46000
5933332;-0.48500
5936109;-0.51500
5938887;-0.52500
5941665;-0.54500
5944443;-0.57500
5947221;-0.61000
5949998;-0.64000
5952776;-0.61000
5955554;-0.52000
5958332;-0.41500
5961109;-0.28500
5963887;-0.13500
5966665;0.09500
5969443;0.35500
5972221;0.58500
5974998;0.72000
5977776;0.73500
5980554;0.60500
5983332;0.31000
5986109;-0.03000
5988887;-0.31000
5991665;-0.47500
5994443;-0.55500
5997221;-0.57500
5999998;-0.54000
6002776;-0.49000
6005554;-0.47000
6008332;-0.47000
6011109;-0.47000
6013887;-0.48000
6016665;-0.47500
6019443;-0.47500
6022221;-0.46000
6024998;-0.47500
6027776;-0.47000
6030554;-0.48000
6033332;-0.48000
6036109;-0.48000
6038887;-0.46500
6041665;-0.47000
6044443;-0.48000
6047221;-0.48500
6049998;-0.48500
6052776;-0.48000
6055554;-0.47000
6058332;-0.47500
6061109;-0.47500
6063887;-0.48500
6066665;-0.49500
6069443;-0.48500
6072221;-0.47000
6074998;-0.46500
6077776;-0.47500
6080554;-0.49000
6083332;-0.49500
6086109;-0.48000
6088887;-0.47500
6091665;-0.47000
6094443;-0.48000
6097221;-0.49000
6099998;-0.50000
6102776;-0.48500
6105554;-0.47000
6108332;-0.47500
6111109;-0.47000
6113887;-0.48500
6116665;-0.48500
6119443;-0.49000
6122221;-0.47000
6124998;-0.47000
6127776;-0.47500
6130554;-0.47500
6133332;-0.48500
6136109;-0.46000
6138887;-0.46000
6141665;-0.48000
6144443;-0.48000
6147221;-0.50000
6149998;-0.50000
6152776;-0.49000
6155554;-0.47500
6158332;-0.47500
6161109;-0.48500
6163887;-0.49000
6166665;-0.49500
6169443;-0.47500
6172220;-0.46000
6174998;-0.46500
6177776;-0.45500
6180554;-0.47000
6183332;-0.47500
6186109;-0.47500
6188887;-0.46500
6191665;-0.46500
6194443;-0.46500
6197220;-0.47500
6199998;-0.47500
6202776;-0.47000
6205554;-0.47000
6208332;-0.46500
6211109;-0.47500
6213887;-0.49500
6216665;-0.49000
6219443;-0.49000
6222220;-0.48000
6224998;-0.47500
6227776;-0.48500
6230554;-0.50500
6233332;-0.51500
6236109;-0.50500
6238887;-0.50500
6241665;-0.52000
6244443;-0.51000
6247220;-0.51500
6249998;-0.51500
6252776;-0.51500
6255554;-0.51000
6258332;-0.52000
6261109;-0.52500
6263887;-0.52500
6266665;-0.52500
6269443;-0.51500
6272220;-0.51000
6274998;-0.49500
6277776;-0.49000
6280554;-0.49500
6283332;-0.50000
6286109;-0.48500
6288887;-0.47000
6291665;-0.46000
6294443;-0.45000
6297220;-0.43500
6299998;-0.43500
6302776;-0.42500
6305554;-0.41000
6308332;-0.40000
6311109;-0.40500
6313887;-0.41500
6316665;-0.41000
6319443;-0.39500
6322220;-0.38500
6324998;-0.38500
6327776;-0.39500
6330554;-0.40000
6333332;-0.39500
6336109;-0.39500
6338887;-0.37000
6341665;-0.37500
6344443;-0.37500
6347220;-0.38000
6349998;-0.38000
6352776;-0.36000
6355554;-0.34500
6358332;-0.36500
6361109;-0.38500
6363887;-0.39500
6366665;-0.38000
6369443;-0.38000
6372220;-0.37000
6374998;-0.37500
6377776;-0.38500
6380554;-0.39000
6383332;-0.40000
6386109;-0.39500
6388887;-0.38500
6391665;-0.38500
6394443;-0.38500
6397220;-0.40000
6399998;-0.40000
6402776;-0.38000
6405554;-0.36500
6408332;-0.37000
6411109;-0.40000
6413887;-0.40500
6416665;-0.42500
6419443;-0.41500
6422220;-0.39500
6424998;-0.39500
6427776;-0.41500
6430554;-0.42000
6433332;-0.42500
6436109;-0.41500
6438887;-0.41500
6441665;-0.40500
6444443;-0.42000
6447220;-0.42500
6449998;-0.43500
6452776;-0.42000
6455554;-0.41000
6458332;-0.41500
6461109;-0.42000
6463887;-0.43000
6466665;-0.43500
6469443;-0.42000
6472220;-0.41000
6474998;-0.42000
6477776;-0.42000
6480554;-0.43500
6483332;-0.44000
6486109;-0.43000
6488887;-0.43000
6491665;-0.41500
6494443;-0.42000
6497220;-0.42500
6499998;-0.43000
6502776;-0.42000
6505554;-0.41000
6508332;-0.40000
6511109;-0.41000
6513887;-0.42500
6516665;-0.42500
6519443;-0.43000
6522220;-0.41500
6524998;-0.40500
6527776;-0.42500
6530554;-0.43000
6533332;-0.43500
6536109;-0.43000
6538887;-0.41500
6541665;-0.42000
6544443;-0.43000
6547220;-0.43000
6549998;-0.42500
6552776;-0.41000
6555554;-0.40000
6558331;-0.39000
6561109;-0.39500
6563887;-0.38500
6566665;-0.37000
6569443;-0.36000
6572220;-0.34000
6574998;-0.34000
6577776;-0.34000
6580554;-0.34000
6583331;-0.34000
6586109;-0.33500
6588887;-0.30500
6591665;-0.31000
6594443;-0.30000
6597220;-0.32000
6599998;-0.32000
6602776;-0.31500
6605554;-0.30000
6608331;-0.30500
6611109;-0.31000
6613887;-0.32000
6616665;-0.31500
6619443;-0.30500
6622220;-0.31500
6624998;-0.32500
6627776;-0.31500
6630554;-0.30500
6633331;-0.29500
6636109;-0.29500
6638887;-0.30500
6641665;-0.33000
6644443;-0.34000
6647220;-0.35000
6649998;-0.37500
6652776;-0.37500
6655554;-0.37000
6658331;-0.38000
6661109;-0.39500
6663887;-0.40000
6666665;-0.40500
6669443;-0.42000
6672220;-0.40000
6674998;-0.41000
6677776;-0.41500
6680554;-0.41500
6683331;-0.43000
6686109;-0.42000
6688887;-0.41000
6691665;-0.41500
6694443;-0.42500
6697220;-0.42500
6699998;-0.42000
6702776;-0.41500
6705554;-0.41500
6708331;-0.41500
6711109;-0.42000
6713887;-0.43000
6716665;-0.43000
6719443;-0.42000
6722220;-0.42000
6724998;-0.41500
6727776;-0.42500
6730554;-0.43000
6733331;-0.47500
6736109;-0.48500
6738887;-0.51000
6741665;-0.53500
6744443;-0.56500
6747220;-0.60500
6749998;-0.62000
6752776;-0.58500
6755554;-0.47500
6758331;-0.37000
6761109;-0.22000
6763887;-0.06000
6766665;0.16000
6769443;0.44000
6772220;0.67500
6774998;0.82000
6777776;0.84000
6780554;0.71500
6783331;0.41500
6786109;0.03500
6788887;-0.27000
6791665;-0.46500
6794443;-0.53500
6797220;-0.54000
6799998;-0.50000
6802776;-0.45000
6805554;-0.43500
6808331;-0.44500
6811109;-0.44500
6813887;-0.44500
6816665;-0.44000
6819443;-0.44000
6822220;-0.42500
6824998;-0.43500
6827776;-0.45000
6830554;-0.46500
6833331;-0.46000
6836109;-0.45000
6838887;-0.43500
6841665;-0.42500
6844443;-0.43500
6847220;-0.45500
6849998;-0.45000
6852776;-0.44000
6855554;-0.43500
6858331;-0.43000
6861109;-0.42500
6863887;-0.44500
6866665;-0.45000
6869443;-0.44000
6872220;-0.43500
6874998;-0.43500
6877776;-0.43000
6880554;-0.44000
6883331;-0.44500
6886109;-0.44000
6888887;-0.42500
6891665;-0.45000
6894443;-0.44500
6897220;-0.45000
6899998;-0.44500
6902776;-0.44000
6905554;-0.44000
6908331;-0.44000
6911109;-0.43500
6913887;-0.43500
6916665;-0.44500
6919443;-0.43000
6922220;-0.42000
6924998;-0.43000
6927776;-0.44000
6930554;-0.43500
6933331;-0.42000
6936109;-0.42000
6938887;-0.42500
6941665;-0.42500
6944442;-0.42000
6947220;-0.43500
6949998;-0.42500
6952776;-0.42500
6955554;-0.42500
6958331;-0.41500
6961109;-0.41500
6963887;-0.43000
6966665;-0.43500
6969442;-0.42000
6972220;-0.42000
6974998;-0.40500
6977776;-0.42000
6980554;-0.43000
6983331;-0.43000
6986109;-0.41000
6988887;-0.42000
6991665;-0.41000
6994442;-0.40500
6997220;-0.42500
6999998;-0.43000
7002776;-0.42000
7005554;-0.41500
7008331;-0.39500
7011109;-0.41000
7013887;-0.41500
7016665;-0.43000
7019442;-0.41500
7022220;-0.40500
7024998;-0.41000
7027776;-0.41500
7030554;-0.42500
7033331;-0.43000
7036109;-0.44000
7038887;-0.42500
7041665;-0.43500
7044442;-0.43500
7047220;-0.44500
7049998;-0.45500
7052776;-0.44000
7055554;-0.44500
7058331;-0.44500
7061109;-0.45000
7063887;-0.46000
7066665;-0.45500
7069442;-0.45000
7072220;-0.44000
7074998;-0.43000
7077776;-0.43000
7080554;-0.43000
7083331;-0.42000
7086109;-0.41000
7088887;-0.38000
7091665;-0.38000
7094442;-0.37000
7097220;-0.37000
7099998;-0.36500
7102776;-0.35000
7105554;-0.33000
7108331;-0.32000
7111109;-0.32000
7113887;-0.32500
7116665;-0.33000
7119442;-0.31000
7122220;-0.30500
7124998;-0.30500
7127776;-0.31000
7130554;-0.32000
7133331;-0.32500
7136109;-0.32000
7138887;-0.30500
7141665;-0.29000
7144442;-0.29500
7147220;-0.31000
7149998;-0.31000
7152776;-0.29500
7155554;-0.30000
7158331;-0.30500
7161109;-0.31000
7163887;-0.30000
7166665;-0.31500
7169442;-0.30500
7172220;-0.29500
7174998;-0.30000
7177776;-0.30000
7180554;-0.31000
7183331;-0.31000
7186109;-0.30000
7188887;-0.30000
7191665;-0.30000
7194442;-0.30000
7197220;-0.31500
7199998;-0.31000
7202776;-0.30500
7205554;-0.30000
7208331;-0.29000
7211109;-0.30500
7213887;-0.31000
7216665;-0.32000
7219442;-0.31500
7222220;-0.31500
7224998;-0.32000
7227776;-0.32000
7230554;-0.32000
7233331;-0.33500
7236109;-0.31000
7238887;-0.30500
7241665;-0.32000
7244442;-0.32000
7247220;-0.32500
7249998;-0.34000
7252776;-0.31500
7255554;-0.31500
7258331;-0.31500
7261109;-0.33000
7263887;-0.35500
7266665;-0.35500
7269442;-0.35000
7272220;-0.35000
7274998;-0.35000
7277776;-0.35500
7280554;-0.36000
7283331;-0.35500
7286109;-0.36500
7288887;-0.34500
7291665;-0.34500
7294442;-0.34500
7297220;-0.35500
7299998;-0.35500
7302776;-0.35500
7305554;-0.34500
7308331;-0.33500
7311109;-0.35000
7313887;-0.35000
7316665;-0.36000
7319442;-0.35500
7322220;-0.33500
7324998;-0.34000
7327776;-0.33500
7330554;-0.33500
7333331;-0.33500
7336109;-0.33500
7338887;-0.33000
7341665;-0.32500
7344442;-0.33500
7347220;-0.34500
7349998;-0.34500
7352776;-0.34000
7355553;-0.34000
7358331;-0.33500
7361109;-0.33000
7363887;-0.33000
7366665;-0.32000
7369442;-0.31000
7372220;-0.29000
7374998;-0.27500
7377776;-0.27000
7380553;-0.27000
7383331;-0.26500
7386109;-0.25500
7388887;-0.24000
7391665;-0.25000
7394442;-0.25500
7397220;-0.25000
7399998;-0.25000
7402776;-0.22000
7405553;-0.22000
7408331;-0.22000
7411109;-0.21500
7413887;-0.22000
7416665;-0.24000
7419442;-0.24000
7422220;-0.22500
7424998;-0.23500
7427776;-0.25000
7430553;-0.25000
7433331;-0.24500
7436109;-0.24500
7438887;-0.25000
7441665;-0.24000
7444442;-0.24500
7447220;-0.23000
7449998;-0.21500
7452776;-0.20500
7455553;-0.22000
7458331;-0.25000
7461109;-0.27000
7463887;-0.29500
7466665;-0.31500
7469442;-0.31000
7472220;-0.31500
7474998;-0.33000
7477776;-0.34000
7480553;-0.36000
7483331;-0.35000
7486109;-0.34500
7488887;-0.34500
7491665;-0.35500
7494442;-0.34000
7497220;-0.35500
7499998;-0.37000
7502776;-0.34500
7505553;-0.34000
7508331;-0.33500
7511109;-0.34500
7513887;-0.36000
7516665;-0.36000
7519442;-0.35000
7522220;-0.34500
7524998;-0.34500
7527776;-0.35000
7530553;-0.36500
7533331;-0.36000
7536109;-0.36500
7538887;-0.34500
7541665;-0.34500
7544442;-0.37000
7547220;-0.38000
7549998;-0.42500
7552776;-0.44500
7555553;-0.47500
7558331;-0.48000
7561109;-0.52000
7563887;-0.55000
7566665;-0.52000
7569442;-0.41500
7572220;-0.27500
7574998;-0.12000
7577776;0.05500
7580553;0.27500
7583331;0.53500
7586109;0.77500
7588887;0.92500
7591665;0.96000
7594442;0.81500
7597220;0.54000
7599998;0.13000
7602776;-0.21500
7605553;-0.42500
7608331;-0.47000
7611109;-0.46000
7613887;-0.42000
7616665;-0.39000
7619442;-0.37500
7622220;-0.36500
7624998;-0.37000
7627776;-0.38500
7630553;-0.39500
7633331;-0.39000
7636109;-0.39500
7638887;-0.38500
7641665;-0.39000
7644442;-0.39000
7647220;-0.40500
7649998;-0.40500
7652776;-0.40000
7655553;-0.38500
7658331;-0.40500
7661109;-0.41000
7663887;-0.41500
7666665;-0.39500
7669442;-0.39000
7672220;-0.37500
7674998;-0.36500
7677776;-0.38500
7680553;-0.39000
7683331;-0.39000
7686109;-0.39500
7688887;-0.37500
7691665;-0.38500
7694442;-0.38500
7697220;-0.39000
7699998;-0.39000
7702776;-0.38000
7705553;-0.38000
7708331;-0.38500
7711109;-0.37500
7713887;-0.38500
7716665;-0.39000
7719442;-0.38500
7722220;-0.38000
7724998;-0.37000
7727776;-0.38000
7730553;-0.39500
7733331;-0.38500
7736109;-0.37500
7738887;-0.37000
7741664;-0.36500
7744442;-0.37500
7747220;-0.38000
7749998;-0.38500
7752776;-0.37500
7755553;-0.36000
7758331;-0.37000
7761109;-0.37000
7763887;-0.38500
7766664;-0.38500
7769442;-0.38000
7772220;-0.37000
7774998;-0.36500
7777776;-0.37000
7780553;-0.38000
7783331;-0.38000
7786109;-0.37000
7788887;-0.37000
7791664;-0.36000
7794442;-0.37000
7797220;-0.37000
7799998;-0.38500
7802776;-0.36500
7805553;-0.36000
7808331;-0.37000
7811109;-0.37000
7813887;-0.37500
7816664;-0.37000
7819442;-0.36000
7822220;-0.35000
7824998;-0.35500
7827776;-0.35000
7830553;-0.37500
7833331;-0.37500
7836109;-0.37500
7838887;-0.36500
7841664;-0.35500
7844442;-0.36500
7847220;-0.37000
7849998;-0.37000
7852776;-0.37500
7855553;-0.36500
7858331;-0.35500
7861109;-0.36500
7863887;-0.37500
7866664;-0.36500
7869442;-0.36500
7872220;-0.36500
7874998;-0.35500
7877776;-0.34500
7880553;-0.35500
7883331;-0.33500
7886109;-0.33500
7888887;-0.31500
7891664;-0.30000
7894442;-0.30000
7897220;-0.31000
7899998;-0.31000
7902776;-0.29500
7905553;-0.29000
7908331;-0.27500
7911109;-0.28500
7913887;-0.27500
7916664;-0.28500
7919442;-0.28500
7922220;-0.26500
7924998;-0.25500
7927776;-0.27000
7930553;-0.27500
7933331;-0.27500
7936109;-0.26500
7938887;-0.24500
7941664;-0.25000
7944442;-0.26500
7947220;-0.26000
7949998;-0.27000
7952776;-0.25500
7955553;-0.24500
7958331;-0.26000
7961109;-0.25500
7963887;-0.26000
7966664;-0.27500
7969442;-0.25500
7972220;-0.25000
7974998;-0.26000
7977776;-0.26000
7980553;-0.27000
7983331;-0.27000
7986109;-0.27000
7988887;-0.25500
7991664;-0.26500
7994442;-0.27000
7997220;-0.28000
7999998;-0.28500
8002776;-0.28500
8005553;-0.27500
8008331;-0.26000
8011109;-0.27500
8013887;-0.28500
8016664;-0.28500
8019442;-0.28000
8022220;-0.27500
8024998;-0.27500
8027776;-0.27500
8030553;-0.28500
8033331;-0.30000
8036109;-0.29000
8038887;-0.29500
8041664;-0.29500
8044442;-0.29500
8047220;-0.30000
8049998;-0.32000
8052776;-0.30500
8055553;-0.28000
8058331;-0.29500
8061109;-0.29000
8063887;-0.29500
8066664;-0.30500
8069442;-0.30500
8072220;-0.29500
8074998;-0.29000
8077776;-0.28500
8080553;-0.30000
8083331;-0.30000
8086109;-0.29000
8088887;-0.28000
8091664;-0.29000
8094442;-0.28500
8097220;-0.30500
8099998;-0.31500
8102776;-0.30000
8105553;-0.30000
8108331;-0.29000
8111109;-0.29500
8113887;-0.30500
8116664;-0.30500
8119442;-0.30000
8122220;-0.29500
8124998;-0.29500
8127776;-0.31000
8130553;-0.32000
8133331;-0.32000
8136109;-0.30500
8138887;-0.31000
8141664;-0.29500
8144442;-0.29500
8147220;-0.30000
8149998;-0.29000
8152775;-0.28500
8155553;-0.28500
8158331;-0.27500
8161109;-0.27500
8163887;-0.28000
8166664;-0.26500
8169442;-0.24500
8172220;-0.22500
8174998;-0.22000
8177775;-0.22500
8180553;-0.22500
8183331;-0.23500
8186109;-0.22000
8188887;-0.20000
8191664;-0.19000
8194442;-0.20000
8197220;-0.20000
8199998;-0.19500
8202775;-0.19000
8205553;-0.18500
8208331;-0.20000
8211109;-0.19500
8213887;-0.20500
8216664;-0.21500
8219442;-0.21500
8222220;-0.20500
8224998;-0.18500
8227775;-0.20000
8230553;-0.23000
8233331;-0.23000
8236109;-0.20500
8238887;-0.17500
8241664;-0.17500
8244442;-0.19500
8247220;-0.21500
8249998;-0.26500
8252775;-0.26500
8255553;-0.29000
8258331;-0.30000
8261109;-0.31000
8263887;-0.33000
8266664;-0.33500
8269442;-0.34000
8272220;-0.33500
8274998;-0.32000
8277775;-0.33000
8280553;-0.33500
8283331;-0.33500
8286109;-0.32500
8288887;-0.32000
8291664;-0.32500
8294442;-0.33000
8297220;-0.34000
8299998;-0.33500
8302775;-0.32000
8305553;-0.32000
8308331;-0.31500
8311109;-0.32500
8313887;-0.33500
8316664;-0.34500
8319442;-0.34000
8322220;-0.33000
8324998;-0.31500
8327775;-0.33500
8330553;-0.36000
8333331;-0.37500
8336109;-0.41000
8338887;-0.44500
8341664;-0.46000
8344442;-0.49000
8347220;-0.53500
8349998;-0.56500
8352775;-0.49500
8355553;-0.39500
8358331;-0.26000
8361109;-0.11500
8363887;0.11000
8366664;0.38500
8369442;0.67000
8372220;0.83500
8374998;0.87000
8377775;0.73000
8380553;0.41500
8383331;0.00000
8386109;-0.31000
8388887;-0.44000
8391664;-0.46500
8394442;-0.43500
8397220;-0.40000
8399998;-0.38500
8402775;-0.38000
8405553;-0.37500
8408331;-0.36000
8411109;-0.37000
8413887;-0.37500
8416664;-0.39000
8419442;-0.39000
8422220;-0.38000
8424998;-0.38000
8427775;-0.38500
8430553;-0.39500
8433331;-0.39500
8436109;-0.38000
8438887;-0.36500
8441664;-0.36500
8444442;-0.37500
8447220;-0.38500
8449998;-0.39000
8452775;-0.38000
8455553;-0.36500
8458331;-0.37000
8461109;-0.37000
8463887;-0.38500
8466664;-0.38500
8469442;-0.37500
8472220;-0.36500
8474998;-0.37500
8477775;-0.37000
8480553;-0.38500
8483331;-0.39000
8486109;-0.39000
8488887;-0.38000
8491664;-0.37000
8494442;-0.38500
8497220;-0.38000
8499998;-0.39500
8502775;-0.38000
8505553;-0.37500
8508331;-0.37000
8511109;-0.38000
8513887;-0.39000
8516664;-0.40000
8519442;-0.39000
8522220;-0.38500
8524998;-0.39000
8527775;-0.38000
8530553;-0.40000
8533331;-0.40000
8536109;-0.38500
8538886;-0.36500
8541664;-0.37000
8544442;-0.37500
8547220;-0.39000
8549998;-0.38500
8552775;-0.37500
8555553;-0.37000
8558331;-0.37000
8561109;-0.37500
8563886;-0.38000
8566664;-0.39500
8569442;-0.39000
8572220;-0.38500
8574998;-0.37500
8577775;-0.38000
8580553;-0.38000
8583331;-0.39000
8586109;-0.38500
8588886;-0.37000
8591664;-0.37000
8594442;-0.38000
8597220;-0.38500
8599998;-0.38500
8602775;-0.38000
8605553;-0.36000
8608331;-0.37000
8611109;-0.37500
8613886;-0.37500
8616664;-0.39500
8619442;-0.38500
8622220;-0.37500
8624998;-0.38000
8627775;-0.39000
8630553;-0.40500
8633331;-0.41500
8636109;-0.42000
8638886;-0.39500
8641664;-0.40500
8644442;-0.40500
8647220;-0.41000
8649998;-0.41500
8652775;-0.39500
8655553;-0.38500
8658331;-0.37500
8661109;-0.38500
8663886;-0.38000
8666664;-0.37500
8669442;-0.33500
8672220;-0.32500
8674998;-0.30500
8677775;-0.31000
8680553;-0.31500
8683331;-0.31500
8686109;-0.31000
8688886;-0.28500
8691664;-0.29000
8694442;-0.30500
8697220;-0.29500
8699998;-0.30500
8702775;-0.30000
8705553;-0.28500
8708331;-0.27500
8711109;-0.29000
8713886;-0.29000
8716664;-0.30000
8719442;-0.29000
8722220;-0.28500
8724998;-0.30000
8727775;-0.30000
8730553;-0.30000
8733331;-0.30500
8736109;-0.30500
8738886;-0.28500
8741664;-0.29000
8744442;-0.30500
8747220;-0.30500
8749998;-0.32500
8752775;-0.31500
8755553;-0.30000
8758331;-0.29000
8761109;-0.29500
8763886;-0.30000
8766664;-0.30500
8769442;-0.30000
8772220;-0.30500
8774998;-0.30500
8777775;-0.31500
8780553;-0.32000
8783331;-0.33000
8786109;-0.33000
8788886;-0.31500
8791664;-0.30500
8794442;-0.31500
8797220;-0.32000
8799998;-0.32000
8802775;-0.32000
8805553;-0.30000
8808331;-0.30000
8811109;-0.30500
8813886;-0.32000
8816664;-0.34500
8819442;-0.34500
8822220;-0.34000
8824998;-0.33500
8827775;-0.34000
8830553;-0.34500
8833331;-0.34500
8836109;-0.35000
8838886;-0.33000
8841664;-0.32500
8844442;-0.33000
8847220;-0.34500
8849998;-0.36500
8852775;-0.36000
8855553;-0.34500
8858331;-0.34000
8861109;-0.34500
8863886;-0.35000
8866664;-0.35500
8869442;-0.34500
8872220;-0.35000
8874998;-0.34000
8877775;-0.34500
8880553;-0.33000
8883331;-0.34500
8886109;-0.34000
8888886;-0.34000
8891664;-0.35500
8894442;-0.36000
8897220;-0.36000
8899998;-0.36500
8902775;-0.35000
8905553;-0.34500
8908331;-0.35000
8911109;-0.34500
8913886;-0.35000
8916664;-0.35500
8919442;-0.34500
8922220;-0.33500
8924998;-0.33500
8927775;-0.35000
8930553;-0.33500
8933331;-0.33000
8936109;-0.30000
8938886;-0.28000
8941664;-0.26500
8944442;-0.28000
8947220;-0.28000
8949997;-0.29000
8952775;-0.26500
8955553;-0.25000
8958331;-0.24500
8961109;-0.25500
8963886;-0.25500
8966664;-0.25500
8969442;-0.26000
8972220;-0.25500
8974997;-0.24500
8977775;-0.25000
8980553;-0.26500
8983331;-0.26000
8986109;-0.26000
8988886;-0.24500
8991664;-0.26000
8994442;-0.27000
8997220;-0.28500
8999997;-0.29000
9002775;-0.26000
9005553;-0.23000
9008331;-0.22500
9011109;-0.24000
9013886;-0.27500
9016664;-0.29500
9019442;-0.31000
9022220;-0.32500
9024997;-0.34500
9027775;-0.37500
9030553;-0.39000
9033331;-0.37500
9036109;-0.38000
9038886;-0.36500
9041664;-0.37000
9044442;-0.37000
9047220;-0.39500
9049997;-0.40000
9052775;-0.39000
9055553;-0.38000
9058331;-0.38500
9061109;-0.38500
9063886;-0.39500
9066664;-0.39500
9069442;-0.39000
9072220;-0.38500
9074997;-0.38500
9077775;-0.39000
9080553;-0.39000
9083331;-0.41000
9086109;-0.38500
9088886;-0.39000
9091664;-0.41000
9094442;-0.45500
9097220;-0.49500
9099997;-0.51500
9102775;-0.53000
9105553;-0.55500
9108331;-0.60500
9111109;-0.62500
9113886;-0.59500
9116664;-0.56000
9119442;-0.47500
9122220;-0.38000
9124997;-0.27000
9127775;-0.16000
9130553;-0.00500
9133331;0.24000
9136109;0.52500
9138886;0.74500
9141664;0.85500
9144442;0.77500
9147220;0.50000
9149997;0.07000
9152775;-0.28000
9155553;-0.46500
9158331;-0.52000
9161109;-0.49000
9163886;-0.46000
9166664;-0.44500
9169442;-0.43500
9172220;-0.43000
9174997;-0.41500
9177775;-0.41500
9180553;-0.43500
9183331;-0.43500
9186109;-0.43000
9188886;-0.43000
9191664;-0.42000
9194442;-0.41500
9197220;-0.42500
9199997;-0.43000
9202775;-0.41500
9205553;-0.40000
9208331;-0.40000
9211109;-0.41500
9213886;-0.41500
9216664;-0.43000
9219442;-0.42000
9222220;-0.41500
9224997;-0.42000
9227775;-0.42000
9230553;-0.42500
9233331;-0.44000
9236109;-0.42000
9238886;-0.42500
9241664;-0.40000
9244442;-0.41000
9247220;-0.42500
9249997;-0.42000
9252775;-0.42500
9255553;-0.40500
9258331;-0.40500
9261109;-0.42000
9263886;-0.41500
9266664;-0.41000
9269442;-0.43000
9272220;-0.41000
9274997;-0.40500
9277775;-0.40500
9280553;-0.42500
9283331;-0.41500
9286109;-0.41500
9288886;-0.41500
9291664;-0.41000
9294442;-0.41000
9297220;-0.42000
9299997;-0.43500
9302775;-0.42500
9305553;-0.42000
9308331;-0.41500
9311109;-0.42000
9313886;-0.42500
9316664;-0.42500
9319442;-0.41000
9322220;-0.40500
9324997;-0.40500
9327775;-0.40500
9330553;-0.42000
9333331;-0.42500
9336108;-0.42000
9338886;-0.40500
9341664;-0.40000
9344442;-0.40000
9347220;-0.42000
9349997;-0.43000
9352775;-0.42000
9355553;-0.41500
9358331;-0.42500
9361108;-0.43000
9363886;-0.45000
9366664;-0.45500
9369442;-0.46000
9372220;-0.44500
9374997;-0.45000
9377775;-0.45000
9380553;-0.46000
9383331;-0.47500
9386108;-0.45500
9388886;-0.45000
9391664;-0.44500
9394442;-0.43000
9397220;-0.44500
9399997;-0.44000
9402775;-0.43000
9405553;-0.41500
9408331;-0.40000
9411108;-0.40000
9413886;-0.40000
9416664;-0.39500
9419442;-0.37500
9422220;-0.36000
9424997;-0.35500
9427775;-0.36000
9430553;-0.36500
9433331;-0.36000
9436108;-0.34500
9438886;-0.33500
9441664;-0.32500
9444442;-0.32000
9447220;-0.32500
9449997;-0.32500
9452775;-0.32500
9455553;-0.31500
9458331;-0.30500
9461108;-0.30000
9463886;-0.30500
9466664;-0.30500
9469442;-0.29500
9472220;-0.29000
9474997;-0.29000
9477775;-0.29500
9480553;-0.29500
9483331;-0.30000
9486108;-0.30000
9488886;-0.29000
9491664;-0.29000
9494442;-0.29000
9497220;-0.29500
9499997;-0.31000
9502775;-0.31000
9505553;-0.30000
9508331;-0.29500
9511108;-0.31000
9513886;-0.32500
9516664;-0.32000
9519442;-0.31000
9522220;-0.31000
9524997;-0.30000
9527775;-0.30500
9530553;-0.31000
9533331;-0.32000
9536108;-0.31000
9538886;-0.30500
9541664;-0.30000
9544442;-0.29500
9547220;-0.31500
9549997;-0.32000
9552775;-0.31000
9555553;-0.30500
9558331;-0.31000
9561108;-0.31500
9563886;-0.32500
9566664;-0.33000
9569442;-0.33500
9572220;-0.33000
9574997;-0.31500
9577775;-0.30500
9580553;-0.32000
9583331;-0.34000
9586108;-0.32500
9588886;-0.32000
9591664;-0.32000
9594442;-0.33500
9597220;-0.32500
9599997;-0.35500
9602775;-0.33000
9605553;-0.33500
9608331;-0.33000
9611108;-0.33000
9613886;-0.32000
9616664;-0.33500
9619442;-0.33500
9622220;-0.33000
9624997;-0.32000
9627775;-0.32500
9630553;-0.32500
9633331;-0.34500
9636108;-0.33000
9638886;-0.32000
9641664;-0.31500
9644442;-0.32500
9647220;-0.33000
9649997;-0.33500
9652775;-0.33000
9655553;-0.33500
9658331;-0.32000
9661108;-0.33000
9663886;-0.33500
9666664;-0.34500
9669442;-0.34500
9672220;-0.34500
9674997;-0.32500
9677775;-0.33000
9680553;-0.33000
9683331;-0.33500
9686108;-0.33000
9688886;-0.31000
9691664;-0.30500
9694442;-0.30500
9697220;-0.31500
9699997;-0.31500
9702775;-0.29000
9705553;-0.27500
9708331;-0.26000
9711108;-0.25000
9713886;-0.25500
9716664;-0.25500
9719442;-0.24500
9722220;-0.25000
9724997;-0.22500
9727775;-0.23000
9730553;-0.22000
9733331;-0.22500
9736108;-0.21500
9738886;-0.20500
9741664;-0.19500
9744442;-0.20500
9747219;-0.21500
9749997;-0.23000
9752775;-0.23000
9755553;-0.22500
9758331;-0.22500
9761108;-0.23500
9763886;-0.24500
9766664;-0.25500
9769442;-0.24000
9772219;-0.24000
9774997;-0.24500
9777775;-0.24500
9780553;-0.22500
9783331;-0.22500
9786108;-0.19500
9788886;-0.21500
9791664;-0.23500
9794442;-0.26000
9797219;-0.28500
9799997;-0.30500
9802775;-0.31000
9805553;-0.32000
9808331;-0.33000
9811108;-0.33500
9813886;-0.34500
9816664;-0.35000
9819442;-0.34000
9822219;-0.33000
9824997;-0.33000
9827775;-0.34000
9830553;-0.35000
9833331;-0.37000
9836108;-0.36500
9838886;-0.35000
9841664;-0.35000
9844442;-0.34500
9847219;-0.36000
9849997;-0.35500
9852775;-0.37000
9855553;-0.34000
9858331;-0.35000
9861108;-0.34500
9863886;-0.35500
9866664;-0.35500
9869442;-0.34500
9872219;-0.34000
9874997;-0.35500
9877775;-0.37000
9880553;-0.40500
9883331;-0.44500
9886108;-0.45500
9888886;-0.47500
9891664;-0.49500
9894442;-0.53500
9897219;-0.55500
9899997;-0.50500
9902775;-0.38500
9905553;-0.24000
9908331;-0.06500
9911108;0.13500
9913886;0.41000
9916664;0.67500
9919442;0.88500
9922219;0.95000
9924997;0.86500
9927775;0.57000
9930553;0.17500
9933331;-0.21500
9936108;-0.43000
9938886;-0.47500
9941664;-0.44500
9944442;-0.40000
9947219;-0.37500
9949997;-0.38000
9952775;-0.38000
9955553;-0.37500
9958331;-0.37000
9961108;-0.38000
9963886;-0.38500
9966664;-0.39500
9969442;-0.39500
9972219;-0.38500
9974997;-0.38000
9977775;-0.39000
9980553;-0.40500
9983331;-0.40500
9986108;-0.40500
9988886;-0.40000
9991664;-0.39500
9994442;-0.40500
9997219;-0.40000
9999997;-0.41000
10002775;-0.40500
10005553;-0.39500
10008331;-0.38500
10011108;-0.38500
10013886;-0.41000
10016664;-0.41000
10019442;-0.39000
10022219;-0.39500
10024997;-0.38500
10027775;-0.40000
10030553;-0.39500
10033331;-0.40000
10036108;-0.40000
10038886;-0.38000
10041664;-0.39000
10044442;-0.39000
10047219;-0.40500
10049997;-0.41000
10052775;-0.41000
10055553;-0.39500
10058331;-0.39000
10061108;-0.39500
10063886;-0.39500
10066664;-0.41000
10069442;-0.40000
10072219;-0.38000
10074997;-0.39000
10077775;-0.39500
10080553;-0.39500
10083331;-0.40000
10086108;-0.40500
10088886;-0.38500
10091664;-0.38000
10094442;-0.38500
10097219;-0.39500
10099997;-0.40500
10102775;-0.40000
10105553;-0.39500
10108331;-0.39500
10111108;-0.39500
10113886;-0.38500
10116664;-0.41000
10119442;-0.40000
10122219;-0.38500
10124997;-0.38500
10127775;-0.38500
10130553;-0.38500
10133330;-0.40000
10136108;-0.39500
10138886;-0.39000
10141664;-0.38500
10144442;-0.39500
10147219;-0.39000
10149997;-0.40500
10152775;-0.40500
10155553;-0.39000
10158330;-0.39000
10161108;-0.40000
10163886;-0.39500
10166664;-0.41000
10169442;-0.39500
10172219;-0.40000
10174997;-0.39500
10177775;-0.39500
10180553;-0.39000
10183330;-0.40500
10186108;-0.40000
10188886;-0.39500
10191664;-0.39000
10194442;-0.38500
10197219;-0.40000
10199997;-0.41500
10202775;-0.40500
10205553;-0.39000
10208330;-0.38000
10211108;-0.38000
10213886;-0.38500
10216664;-0.39000
10219442;-0.37500
10222219;-0.36500
10224997;-0.34500
10227775;-0.34000
10230553;-0.33000
10233330;-0.33500
10236108;-0.33000
10238886;-0.31500
10241664;-0.30500
10244442;-0.30500
10247219;-0.30500
10249997;-0.30500
10252775;-0.30000
10255553;-0.28500
10258330;-0.28500
10261108;-0.29000
10263886;-0.29500
10266664;-0.30000
10269442;-0.29500
10272219;-0.29500
10274997;-0.28000
10277775;-0.28500
10280553;-0.30000
10283330;-0.30000
10286108;-0.29500
10288886;-0.30000
10291664;-0.28000
10294442;-0.29500
10297219;-0.31000
10299997;-0.31000
10302775;-0.29500
10305553;-0.29500
10308330;-0.29000
10311108;-0.30000
10313886;-0.30000
10316664;-0.31500
10319442;-0.31000
10322219;-0.29500
10324997;-0.29000
10327775;-0.30000
10330553;-0.31500
10333330;-0.32500
10336108;-0.31500
10338886;-0.30500
10341664;-0.30000
10344442;-0.30000
10347219;-0.31000
10349997;-0.31500
10352775;-0.31500
10355553;-0.30500
10358330;-0.30000
10361108;-0.30500
10363886;-0.33000
10366664;-0.34000
10369442;-0.33000
10372219;-0.33000
10374997;-0.31500
10377775;-0.32000
10380553;-0.33000
10383330;-0.33500
10386108;-0.34000
10388886;-0.33500
10391664;-0.33000
10394442;-0.32500
10397219;-0.34000
10399997;-0.34000
10402775;-0.33000
10405553;-0.33500
10408330;-0.33000
10411108;-0.33500
10413886;-0.34500
10416664;-0.35500
10419442;-0.35500
10422219;-0.34500
10424997;-0.33500
10427775;-0.34000
10430553;-0.34000
10433330;-0.35500
10436108;-0.34500
10438886;-0.34500
10441664;-0.34000
10444442;-0.34500
10447219;-0.36500
10449997;-0.37500
10452775;-0.36500
10455553;-0.36000
10458330;-0.34000
10461108;-0.34500
10463886;-0.35000
10466664;-0.35500
10469442;-0.35500
10472219;-0.33500
10474997;-0.33500
10477775;-0.34000
10480553;-0.34000
10483330;-0.35500
10486108;-0.36000
10488886;-0.34000
10491664;-0.32500
10494442;-0.32000
10497219;-0.32500
10499997;-0.33500
10502775;-0.32500
10505553;-0.32500
10508330;-0.32000
10511108;-0.32000
10513886;-0.33500
10516664;-0.33500
10519441;-0.32500
10522219;-0.30500
10524997;-0.28500
10527775;-0.28000
10530553;-0.28000
10533330;-0.27500
10536108;-0.27000
10538886;-0.24500
10541664;-0.26000
10544441;-0.25500
10547219;-0.25000
10549997;-0.26000
10552775;-0.23500
10555553;-0.22500
10558330;-0.21500
10561108;-0.21000
10563886;-0.21500
10566664;-0.23500
10569441;-0.22500
10572219;-0.22000
10574997;-0.21500
10577775;-0.22500
10580553;-0.22500
10583330;-0.24000
10586108;-0.24000
10588886;-0.24000
10591664;-0.23500
10594441;-0.23000
10597219;-0.25000
10599997;-0.26000
10602775;-0.26500
10605553;-0.24500
10608330;-0.22500
10611108;-0.20500
10613886;-0.22500
10616664;-0.25500
10619441;-0.29000
10622219;-0.29000
10624997;-0.30000
10627775;-0.31500
10630553;-0.32500
10633330;-0.34500
10636108;-0.34000
10638886;-0.34000
10641664;-0.35500
10644441;-0.34500
10647219;-0.35000
10649997;-0.35000
10652775;-0.34500
10655553;-0.34500
10658330;-0.34000
10661108;-0.34500
10663886;-0.36500
10666664;-0.37000
10669441;-0.36000
10672219;-0.35500
10674997;-0.34000
10677775;-0.34500
10680553;-0.36000
10683330;-0.36500
10686108;-0.35500
10688886;-0.35000
10691664;-0.35000
10694441;-0.36500
10697219;-0.37000
10699997;-0.38000
10702775;-0.40000
10705553;-0.42000
10708330;-0.44500
10711108;-0.46000
10713886;-0.48500
10716664;-0.52000
10719441;-0.56500
10722219;-0.54500
10724997;-0.47000
10727775;-0.36000
10730553;-0.23000
10733330;-0.09500
10736108;0.11000
10738886;0.37000
10741664;0.60500
10744441;0.80000
10747219;0.86000
10749997;0.81000
10752775;0.59000
10755553;0.26500
10758330;-0.09500
10761108;-0.37000
10763886;-0.49500
10766664;-0.51000
10769441;-0.46000
10772219;-0.41500
10774997;-0.38500
10777775;-0.36500
10780553;-0.37500
10783330;-0.39500
10786108;-0.39000
10788886;-0.37000
10791664;-0.37000
10794441;-0.37000
10797219;-0.38000
10799997;-0.39000
10802775;-0.39500
10805553;-0.39500
10808330;-0.37500
10811108;-0.37500
10813886;-0.39500
10816664;-0.40500
10819441;-0.39500
10822219;-0.37500
10824997;-0.37500
10827775;-0.38500
10830553;-0.40000
10833330;-0.39000
10836108;-0.38500
10838886;-0.38500
10841664;-0.39000
10844441;-0.38000
10847219;-0.38500
10849997;-0.40500
10852775;-0.39000
10855553;-0.39500
10858330;-0.38000
10861108;-0.39000
10863886;-0.39500
10866664;-0.38500
10869441;-0.39000
10872219;-0.39000
10874997;-0.38500
10877775;-0.38000
10880553;-0.38500
10883330;-0.40000
10886108;-0.39500
10888886;-0.38000
10891664;-0.36500
10894441;-0.37500
10897219;-0.38500
10899997;-0.40000
10902775;-0.38500
10905553;-0.37500
10908330;-0.37500
10911108;-0.37000
10913886;-0.38500
10916664;-0.39000
10919441;-0.39000
10922219;-0.37500
10924997;-0.38000
10927775;-0.37500
10930552;-0.38500
10933330;-0.39500
10936108;-0.38500
10938886;-0.38000
10941664;-0.37500
10944441;-0.37000
10947219;-0.38000
10949997;-0.38500
10952775;-0.38500
10955552;-0.38500
10958330;-0.36500
10961108;-0.37000
10963886;-0.38000
10966664;-0.38500
10969441;-0.37500
10972219;-0.36500
10974997;-0.36500
10977775;-0.36500
10980552;-0.36000
10983330;-0.36000
10986108;-0.36500
10988886;-0.35500
10991664;-0.35000
10994441;-0.35500
10997219;-0.37000
10999997;-0.38000
11002775;-0.37000
11005552;-0.37500
11008330;-0.37500
11011108;-0.37000
11013886;-0.37500
11016664;-0.39000
11019441;-0.37500
11022219;-0.36500
11024997;-0.37000
11027775;-0.38000
11030552;-0.38000
11033330;-0.38000
11036108;-0.36500
11038886;-0.37000
11041664;-0.36500
11044441;-0.37000
11047219;-0.36500
11049997;-0.36500
11052775;-0.34500
11055552;-0.33000
11058330;-0.32000
11061108;-0.31000
11063886;-0.32000
11066664;-0.32000
11069441;-0.31000
11072219;-0.29500
11074997;-0.30000
11077775;-0.29500
11080552;-0.30000
11083330;-0.29000
11086108;-0.28000
11088886;-0.28000
11091664;-0.27500
11094441;-0.27000
11097219;-0.28500
11099997;-0.29500
11102775;-0.29500
11105552;-0.28000
11108330;-0.28500
11111108;-0.28000
11113886;-0.29000
11116664;-0.29500
11119441;-0.27500
11122219;-0.26500
11124997;-0.26000
11127775;-0.26500
11130552;-0.27500
11133330;-0.29000
11136108;-0.28000
11138886;-0.26500
11141664;-0.27000
11144441;-0.27500
11147219;-0.28500
11149997;-0.28500
11152775;-0.28000
11155552;-0.27500
11158330;-0.28500
11161108;-0.29000
11163886;-0.30000
11166664;-0.30500
11169441;-0.29500
11172219;-0.29500
11174997;-0.28500
11177775;-0.29000
11180552;-0.29500
11183330;-0.31500
11186108;-0.31000
11188886;-0.31000
11191664;-0.29500
11194441;-0.31000
11197219;-0.30500
11199997;-0.31000
11202775;-0.30500
11205552;-0.29500
11208330;-0.28500
11211108;-0.30000
11213886;-0.31500
11216664;-0.33000
11219441;-0.33000
11222219;-0.31000
11224997;-0.30000
11227775;-0.30500
11230552;-0.31500
11233330;-0.32000
11236108;-0.33000
11238886;-0.30500
11241664;-0.32000
11244441;-0.30000
11247219;-0.32500
11249997;-0.34000
11252775;-0.34500
11255552;-0.33000
11258330;-0.33500
11261108;-0.33000
11263886;-0.33500
11266664;-0.33500
11269441;-0.34000
11272219;-0.33000
11274997;-0.31500
11277775;-0.32500
11280552;-0.32500
11283330;-0.32500
11286108;-0.32000
11288886;-0.31000
11291664;-0.30500
11294441;-0.32500
11297219;-0.33000
11299997;-0.34500
11302775;-0.34000
11305552;-0.32500
11308330;-0.32000
11311108;-0.32000
11313886;-0.33000
11316663;-0.33500
11319441;-0.34500
11322219;-0.33000
11324997;-0.33000
11327775;-0.32500
11330552;-0.33000
11333330;-0.33500
11336108;-0.32000
11338886;-0.31500
11341663;-0.30000
11344441;-0.28500
11347219;-0.29000
11349997;-0.29000
11352775;-0.27500
11355552;-0.26000
11358330;-0.25500
11361108;-0.25500
11363886;-0.25500
11366663;-0.25500
11369441;-0.24000
11372219;-0.22000
11374997;-0.19500
11377775;-0.22000
11380552;-0.22000
11383330;-0.22000
11386108;-0.22000
11388886;-0.21500
11391663;-0.21500
11394441;-0.21000
11397219;-0.21500
11399997;-0.23000
11402775;-0.22500
11405552;-0.23500
11408330;-0.22500
11411108;-0.22500
11413886;-0.24000
11416663;-0.26500
11419441;-0.27000
11422219;-0.26000
11424997;-0.22500
11427775;-0.22000
11430552;-0.22500
11433330;-0.25500
11436108;-0.27000
11438886;-0.28000
11441663;-0.29000
11444441;-0.29500
11447219;-0.31000
11449997;-0.33500
11452775;-0.33500
11455552;-0.32000
11458330;-0.33500
11461108;-0.35000
11463886;-0.34000
11466663;-0.35000
11469441;-0.34000
11472219;-0.35000
11474997;-0.33500
11477775;-0.35000
11480552;-0.35500
11483330;-0.36500
11486108;-0.36000
11488886;-0.36000
11491663;-0.35500
11494441;-0.36500
11497219;-0.38500
11499997;-0.37500
11502775;-0.37000
11505552;-0.37000
11508330;-0.36000
11511108;-0.35000
11513886;-0.35500
11516663;-0.36000
11519441;-0.35000
11522219;-0.35500
11524997;-0.37000
11527775;-0.39000
11530552;-0.42500
11533330;-0.46000
11536108;-0.44500
11538886;-0.44000
11541663;-0.46500
11544441;-0.51000
11547219;-0.56500
11549997;-0.57500
11552775;-0.51500
11555552;-0.41500
11558330;-0.29000
11561108;-0.16500
11563886;0.01500
11566663;0.25000
11569441;0.51000
11572219;0.71000
11574997;0.82500
11577775;0.81500
11580552;0.64500
11583330;0.33000
11586108;-0.02500
11588886;-0.29500
11591663;-0.45000
11594441;-0.49500
11597219;-0.48000
11599997;-0.44500
11602775;-0.40500
11605552;-0.40000
11608330;-0.39000
11611108;-0.39000
11613886;-0.39500
11616663;-0.40000
11619441;-0.40000
11622219;-0.39000
11624997;-0.38500
11627775;-0.38500
11630552;-0.41000
11633330;-0.42000
11636108;-0.41000
11638886;-0.40000
11641663;-0.38000
11644441;-0.39500
11647219;-0.40000
11649997;-0.41500
11652775;-0.40000
11655552;-0.39000
11658330;-0.38500
11661108;-0.38500
11663886;-0.40500
11666663;-0.41500
11669441;-0.41000
11672219;-0.39500
11674997;-0.39000
11677775;-0.39500
11680552;-0.40500
11683330;-0.41000
11686108;-0.39500
11688886;-0.39500
11691663;-0.39000
11694441;-0.37500
11697219;-0.38500
11699997;-0.41000
11702775;-0.40000
11705552;-0.39000
11708330;-0.38500
11711108;-0.37500
11713886;-0.40000
11716663;-0.41000
11719441;-0.39000
11722219;-0.39500
11724997;-0.37500
11727774;-0.39500
11730552;-0.41500
11733330;-0.40500
11736108;-0.40500
11738886;-0.39000
11741663;-0.39500
11744441;-0.40000
11747219;-0.40000
11749997;-0.41500
11752774;-0.39000
11755552;-0.39000
11758330;-0.39500
11761108;-0.39500
11763886;-0.40000
11766663;-0.41500
11769441;-0.40000
11772219;-0.38500
11774997;-0.37000
11777774;-0.37500
11780552;-0.38500
11783330;-0.37500
11786108;-0.38500
11788886;-0.38000
11791663;-0.36500
11794441;-0.38500
11797219;-0.38500
11799997;-0.39500
11802774;-0.38000
11805552;-0.38000
11808330;-0.37500
11811108;-0.39000
11813886;-0.40000
11816663;-0.42000
11819441;-0.41500
11822219;-0.42000
11824997;-0.43000
11827774;-0.43000
11830552;-0.44000
11833330;-0.43500
11836108;-0.42500
11838886;-0.41500
11841663;-0.43000
11844441;-0.42500
11847219;-0.43000
11849997;-0.44000
11852774;-0.43500
11855552;-0.41000
11858330;-0.41500
11861108;-0.43000
11863886;-0.43500
11866663;-0.43000
11869441;-0.43000
11872219;-0.40000
11874997;-0.39000
11877774;-0.38000
11880552;-0.38500
11883330;-0.40000
11886108;-0.37500
11888886;-0.35000
11891663;-0.33000
11894441;-0.32000
11897219;-0.33500
11899997;-0.33500
11902774;-0.32000
11905552;-0.32000
11908330;-0.32000
11911108;-0.31500
11913886;-0.31500
11916663;-0.33000
11919441;-0.30000
11922219;-0.29000
11924997;-0.28000
11927774;-0.27500
11930552;-0.28000
11933330;-0.29000
11936108;-0.28500
11938886;-0.28000
11941663;-0.27000
11944441;-0.27000
11947219;-0.28000
11949997;-0.29500
11952774;-0.29500
11955552;-0.28000
11958330;-0.27500
11961108;-0.27500
11963886;-0.29500
11966663;-0.31500
11969441;-0.30500
11972219;-0.28500
11974997;-0.27500
11977774;-0.28500
11980552;-0.29000
11983330;-0.31000
11986108;-0.31500
11988886;-0.30500
11991663;-0.28500
11994441;-0.28000
11997219;-0.30500
11999997;-0.31000
12002774;-0.31500
12005552;-0.30000
12008330;-0.29000
12011108;-0.28500
12013886;-0.29500
12016663;-0.31000
12019441;-0.30000
12022219;-0.29500
12024997;-0.29500
12027774;-0.30000
12030552;-0.30500
12033330;-0.31500
12036108;-0.31500
12038886;-0.32000
12041663;-0.30000
12044441;-0.31500
12047219;-0.31500
12049997;-0.33000
12052774;-0.32500
12055552;-0.32000
12058330;-0.32000
12061108;-0.31500
12063886;-0.31500
12066663;-0.33500
12069441;-0.33000
12072219;-0.31000
12074997;-0.30500
12077774;-0.32000
12080552;-0.32500
12083330;-0.34000
12086108;-0.32500
12088886;-0.33500
12091663;-0.31500
12094441;-0.31500
12097219;-0.32000
12099997;-0.33000
12102774;-0.31500
12105552;-0.30500
12108330;-0.31000
12111108;-0.31000
12113885;-0.32000
12116663;-0.33500
12119441;-0.32500
12122219;-0.32000
12124997;-0.31500
12127774;-0.33000
12130552;-0.33000
12133330;-0.33500
12136108;-0.32000
12138885;-0.32000
12141663;-0.30500
12144441;-0.30000
12147219;-0.31000
12149997;-0.32000
12152774;-0.30500
12155552;-0.29500
12158330;-0.29000
12161108;-0.29000
12163885;-0.30000
12166663;-0.30500
12169441;-0.30000
12172219;-0.28000
12174997;-0.26000
12177774;-0.25000
12180552;-0.25500
12183330;-0.26500
12186108;-0.25500
12188885;-0.24000
12191663;-0.23500
12194441;-0.21500
12197219;-0.22000
12199997;-0.22500
12202774;-0.21500
12205552;-0.22500
12208330;-0.20500
12211108;-0.21000
12213885;-0.21000
12216663;-0.21500
12219441;-0.21000
12222219;-0.22000
12224997;-0.20500
12227774;-0.21500
12230552;-0.22000
12233330;-0.24000
12236108;-0.24500
12238885;-0.23500
12241663;-0.21000
12244441;-0.19500
12247219;-0.21500
12249997;-0.23000
12252774;-0.24500
12255552;-0.27000
12258330;-0.27500
12261108;-0.28000
12263885;-0.32000
12266663;-0.33000
12269441;-0.32500
12272219;-0.32000
12274997;-0.30500
12277774;-0.32000
12280552;-0.32500
12283330;-0.34000
12286108;-0.33000
12288885;-0.31500
12291663;-0.31500
12294441;-0.32500
12297219;-0.32000
12299997;-0.34000
12302774;-0.34000
12305552;-0.32000
12308330;-0.32000
12311108;-0.32000
12313885;-0.33000
12316663;-0.33500
12319441;-0.34000
12322219;-0.32000
12324997;-0.31000
12327774;-0.31500
12330552;-0.33000
12333330;-0.35000
12336108;-0.34500
12338885;-0.35500
12341663;-0.39000
12344441;-0.42000
12347219;-0.44500
12349997;-0.45000
12352774;-0.46000
12355552;-0.49000
12358330;-0.54000
12361108;-0.57000
12363885;-0.57000
12366663;-0.53500
12369441;-0.49500
12372219;-0.40000
12374997;-0.29500
12377774;-0.17500
12380552;-0.03000
12383330;0.16500
12386108;0.42500
12388885;0.69000
12391663;0.88000
12394441;0.96000
12397219;0.90000
12399997;0.64500
12402774;0.25500
12405552;-0.09000
12408330;-0.31000
12411108;-0.42000
12413885;-0.43000
12416663;-0.41500
12419441;-0.37500
12422219;-0.33500
12424997;-0.33000
12427774;-0.34500
12430552;-0.34000
12433330;-0.34500
12436108;-0.34000
12438885;-0.33500
12441663;-0.32000
12444441;-0.33000
12447219;-0.33000
12449997;-0.34500
12452774;-0.34000
12455552;-0.35500
12458330;-0.34000
12461108;-0.34000
12463885;-0.34500
12466663;-0.34500
12469441;-0.34000
12472219;-0.33000
12474997;-0.32500
12477774;-0.32000
12480552;-0.32000
12483330;-0.34000
12486108;-0.32500
12488885;-0.33000
12491663;-0.32000
12494441;-0.32000
12497219;-0.34000
12499996;-0.34500
12502774;-0.35000
12505552;-0.33500
12508330;-0.33500
12511108;-0.33000
12513885;-0.32000
12516663;-0.33500
12519441;-0.33000
12522219;-0.31500
12524996;-0.31500
12527774;-0.32000
12530552;-0.32500
12533330;-0.33500
12536108;-0.32000
12538885;-0.33000
12541663;-0.33000
12544441;-0.33500
12547219;-0.33000
12549996;-0.34000
12552774;-0.33500
12555552;-0.32500
12558330;-0.30500
12561108;-0.31500
12563885;-0.32500
12566663;-0.33500
12569441;-0.34000
12572219;-0.32000
12574996;-0.32500
12577774;-0.32000
12580552;-0.32500
12583330;-0.34000
12586108;-0.34000
12588885;-0.33500
12591663;-0.33000
12594441;-0.32000
12597219;-0.34000
12599996;-0.34500
12602774;-0.32500
12605552;-0.31500
12608330;-0.31000
12611108;-0.31000
12613885;-0.32500
12616663;-0.33500
12619441;-0.32500
12622219;-0.33000
12624996;-0.32500
12627774;-0.33500
12630552;-0.33500
12633330;-0.35500
12636108;-0.34500
12638885;-0.34000
12641663;-0.33500
12644441;-0.33500
12647219;-0.35500
12649996;-0.36000
12652774;-0.35500
12655552;-0.34500
12658330;-0.34000
12661108;-0.35000
12663885;-0.35000
12666663;-0.36000
12669441;-0.35000
12672219;-0.35000
12674996;-0.33000
12677774;-0.32500
12680552;-0.33000
12683330;-0.35000
12686108;-0.32000
12688885;-0.29500
12691663;-0.29000
12694441;-0.27500
12697219;-0.28000
12699996;-0.28000
12702774;-0.26500
12705552;-0.25500
12708330;-0.24500
12711108;-0.24000
12713885;-0.25000
12716663;-0.26000
12719441;-0.24500
12722219;-0.24000
12724996;-0.23500
12727774;-0.21500
12730552;-0.23000
12733330;-0.23000
12736108;-0.22500
12738885;-0.21000
12741663;-0.21000
12744441;-0.20500
12747219;-0.21500
12749996;-0.21000
12752774;-0.21000
12755552;-0.21000
12758330;-0.20000
12761108;-0.21000
12763885;-0.22000
12766663;-0.23500
12769441;-0.22000
12772219;-0.22500
12774996;-0.21500
12777774;-0.23000
12780552;-0.23500
12783330;-0.24500
12786108;-0.23500
12788885;-0.22500
12791663;-0.21000
12794441;-0.22000
12797219;-0.21500
12799996;-0.23000
12802774;-0.22500
12805552;-0.22500
12808330;-0.22000
12811108;-0.23500
12813885;-0.23000
12816663;-0.23500
12819441;-0.23000
12822219;-0.23000
12824996;-0.22000
12827774;-0.21500
12830552;-0.23500
12833330;-0.25000
12836108;-0.23500
12838885;-0.23500
12841663;-0.23000
12844441;-0.23500
12847219;-0.23500
12849996;-0.26000
12852774;-0.24500
12855552;-0.25000
12858330;-0.24500
12861108;-0.24000
12863885;-0.24500
12866663;-0.25500
12869441;-0.25000
12872219;-0.24000
12874996;-0.23500
12877774;-0.24000
12880552;-0.24500
12883330;-0.26000
12886108;-0.25500
12888885;-0.25000
12891663;-0.23500
12894441;-0.23500
12897219;-0.25500
12899996;-0.27000
12902774;-0.27000
12905552;-0.25500
12908330;-0.24000
12911107;-0.24500
12913885;-0.25000
12916663;-0.26000
12919441;-0.25000
12922219;-0.24500
12924996;-0.23500
12927774;-0.24000
12930552;-0.24500
12933330;-0.26500
12936107;-0.26000
12938885;-0.25000
12941663;-0.24000
12944441;-0.24000
12947219;-0.24500
12949996;-0.26500
12952774;-0.25000
12955552;-0.25000
12958330;-0.23500
12961107;-0.24000
12963885;-0.25000
12966663;-0.25000
12969441;-0.25500
12972219;-0.24500
12974996;-0.23000
12977774;-0.24000
12980552;-0.24000
12983330;-0.25000
12986107;-0.25500
12988885;-0.24500
12991663;-0.23000
12994441;-0.23500
12997219;-0.23500
12999996;-0.24000
13002774;-0.21500
13005552;-0.19000
13008330;-0.18500
13011107;-0.17500
13013885;-0.17500
13016663;-0.18000
13019441;-0.17000
13022219;-0.16000
13024996;-0.15000
13027774;-0.14000
13030552;-0.14500
13033330;-0.14000
13036107;-0.13000
13038885;-0.12500
13041663;-0.12500
13044441;-0.13000
13047219;-0.14500
13049996;-0.15500
13052774;-0.16500
13055552;-0.15500
13058330;-0.15000
13061107;-0.15000
13063885;-0.16500
13066663;-0.18500
13069441;-0.17000
13072219;-0.14500
13074996;-0.11500
13077774;-0.11000
13080552;-0.13500
13083330;-0.17000
13086107;-0.19000
13088885;-0.19000
13091663;-0.18500
13094441;-0.21500
13097219;-0.23500
13099996;-0.25500
13102774;-0.24000
13105552;-0.24000
13108330;-0.24500
13111107;-0.25000
13113885;-0.24000
13116663;-0.26500
13119441;-0.25500
13122219;-0.25500
13124996;-0.24500
13127774;-0.26000
13130552;-0.26500
13133330;-0.28000
13136107;-0.28000
13138885;-0.27500
13141663;-0.26000
13144441;-0.27000
13147219;-0.26500
13149996;-0.28000
13152774;-0.27500
13155552;-0.26500
13158330;-0.26500
13161107;-0.26000
13163885;-0.27500
13166663;-0.28000
13169441;-0.27500
13172219;-0.27000
13174996;-0.26500
13177774;-0.27500
13180552;-0.33000
13183330;-0.37000
13186107;-0.40500
13188885;-0.40500
13191663;-0.44000
13194441;-0.47000
13197219;-0.45500
13199996;-0.39000
13202774;-0.25500
13205552;-0.09000
13208330;0.09000
13211107;0.33500
13213885;0.61500
13216663;0.86500
13219441;1.01500
13222219;1.02000
13224996;0.85500
13227774;0.47500
13230552;0.06500
13233330;-0.26000
13236107;-0.39000
13238885;-0.39500
13241663;-0.34500
13244441;-0.30500
13247219;-0.29000
13249996;-0.31500
13252774;-0.31000
13255552;-0.32000
13258330;-0.30500
13261107;-0.31000
13263885;-0.32000
13266663;-0.34000
13269441;-0.33000
13272219;-0.31500
13274996;-0.31500
13277774;-0.30500
13280552;-0.31500
13283330;-0.32500
13286107;-0.32000
13288885;-0.31000
13291663;-0.30000
13294441;-0.30000
13297218;-0.31500
13299996;-0.32500
13302774;-0.31500
13305552;-0.30500
13308330;-0.30500
13311107;-0.31000
13313885;-0.31500
13316663;-0.32000
13319441;-0.32000
13322218;-0.31000
13324996;-0.31000
13327774;-0.31000
13330552;-0.32500
13333330;-0.32500
13336107;-0.32000
13338885;-0.32000
13341663;-0.31500
13344441;-0.31500
13347218;-0.33000
13349996;-0.34000
13352774;-0.32500
13355552;-0.32500
13358330;-0.30000
13361107;-0.30500
13363885;-0.32000
13366663;-0.33500
13369441;-0.32500
13372218;-0.31500
13374996;-0.30500
13377774;-0.30500
13380552;-0.31500
13383330;-0.31000
13386107;-0.32500
13388885;-0.31000
13391663;-0.29500
13394441;-0.31000
13397218;-0.31500
13399996;-0.32500
13402774;-0.33000
13405552;-0.30000
13408330;-0.30000
13411107;-0.30500
13413885;-0.30000
13416663;-0.31000
13419441;-0.31000
13422218;-0.31000
13424996;-0.29500
13427774;-0.29000
13430552;-0.31500
13433330;-0.32000
13436107;-0.31500
13438885;-0.30500
13441663;-0.31000
13444441;-0.31000
13447218;-0.31000
13449996;-0.32500
13452774;-0.31500
13455552;-0.30500
13458330;-0.30500
13461107;-0.31000
13463885;-0.33000
13466663;-0.32000
13469441;-0.31500
13472218;-0.32000
13474996;-0.30500
13477774;-0.30500
13480552;-0.31500
13483330;-0.32000
13486107;-0.32000
13488885;-0.31500
13491663;-0.31000
13494441;-0.31500
13497218;-0.33000
13499996;-0.33500
13502774;-0.31500
13505552;-0.30000
13508330;-0.29000
13511107;-0.28500
13513885;-0.28500
13516663;-0.27500
13519441;-0.26000
13522218;-0.25500
13524996;-0.23000
13527774;-0.23500
13530552;-0.23000
13533330;-0.23500
13536107;-0.23000
13538885;-0.22000
13541663;-0.20000
13544441;-0.20500
13547218;-0.21000
13549996;-0.21500
13552774;-0.23000
13555552;-0.22500
13558330;-0.22500
13561107;-0.19500
13563885;-0.20500
13566663;-0.22500
13569441;-0.22500
13572218;-0.20500
13574996;-0.21000
13577774;-0.20000
13580552;-0.20500
13583330;-0.21500
13586107;-0.21500
13588885;-0.20500
13591663;-0.19500
13594441;-0.20000
13597218;-0.20500
13599996;-0.22000
13602774;-0.22500
13605552;-0.21500
13608330;-0.21000
13611107;-0.21000
13613885;-0.22000
13616663;-0.23500
13619441;-0.23500
13622218;-0.22500
13624996;-0.22000
13627774;-0.22000
13630552;-0.22500
13633330;-0.24500
13636107;-0.24500
13638885;-0.24000
13641663;-0.23000
13644441;-0.23000
13647218;-0.23500
13649996;-0.24000
13652774;-0.25500
13655552;-0.23000
13658330;-0.23000
13661107;-0.24500
13663885;-0.25000
13666663;-0.24500
13669441;-0.24500
13672218;-0.25000
13674996;-0.23500
13677774;-0.24500
13680552;-0.26500
13683330;-0.27000
13686107;-0.27000
13688885;-0.25500
13691663;-0.26000
13694441;-0.24500
13697218;-0.25500
13699996;-0.27500
13702774;-0.27500
13705552;-0.27000
13708329;-0.26500
13711107;-0.26500
13713885;-0.27000
13716663;-0.28500
13719441;-0.27000
13722218;-0.26000
13724996;-0.26000
13727774;-0.26500
13730552;-0.26500
13733329;-0.28000
13736107;-0.26000
13738885;-0.26000
13741663;-0.24500
13744441;-0.25000
13747218;-0.26500
13749996;-0.26500
13752774;-0.26000
13755552;-0.26000
13758329;-0.25000
13761107;-0.24500
13763885;-0.24500
13766663;-0.26000
13769441;-0.25500
13772218;-0.25000
13774996;-0.24000
13777774;-0.24500
13780552;-0.24500
13783329;-0.26500
13786107;-0.26000
13788885;-0.25500
13791663;-0.24000
13794441;-0.23500
13797218;-0.22500
13799996;-0.23500
13802774;-0.20500
13805552;-0.19500
13808329;-0.18000
13811107;-0.18500
13813885;-0.19000
13816663;-0.19500
13819441;-0.18000
13822218;-0.16000
13824996;-0.15000
13827774;-0.14000
13830552;-0.14500
13833329;-0.15000
13836107;-0.15500
13838885;-0.14000
13841663;-0.14000
13844441;-0.16000
13847218;-0.17000
13849996;-0.19500
13852774;-0.18500
13855552;-0.17000
13858329;-0.17500
13861107;-0.18500
13863885;-0.20000
13866663;-0.21000
13869441;-0.19500
13872218;-0.16000
13874996;-0.14000
13877774;-0.12000
13880552;-0.15000
13883329;-0.18500
13886107;-0.21500
13888885;-0.21500
13891663;-0.22000
13894441;-0.24000
13897218;-0.25500
13899996;-0.27500
13902774;-0.27500
13905552;-0.28500
13908329;-0.27000
13911107;-0.27000
13913885;-0.27500
13916663;-0.29000
13919441;-0.29500
13922218;-0.29000
13924996;-0.27500
13927774;-0.28500
13930552;-0.30500
13933329;-0.31000
13936107;-0.30500
13938885;-0.30000
13941663;-0.29000
13944441;-0.29500
13947218;-0.29000
13949996;-0.31000
13952774;-0.30500
13955552;-0.30000
13958329;-0.29500
13961107;-0.31000
13963885;-0.34000
13966663;-0.39000
13969441;-0.42000
13972218;-0.42500
13974996;-0.44000
13977774;-0.48000
13980552;-0.52000
13983329;-0.50500
13986107;-0.40500
13988885;-0.27000
13991663;-0.15000
13994441;0.01000
13997218;0.20000
13999996;0.43500
14002774;0.66000
14005552;0.83500
14008329;0.94000
14011107;0.98500
14013885;0.92500
14016663;0.68500
14019441;0.30500
14022218;-0.06000
14024996;-0.31000
14027774;-0.42000
14030552;-0.43500
14033329;-0.40000
14036107;-0.34500
14038885;-0.33500
14041663;-0.33000
14044441;-0.34000
14047218;-0.34000
14049996;-0.34500
14052774;-0.33000
14055552;-0.33500
14058329;-0.32500
14061107;-0.33500
14063885;-0.35000
14066663;-0.35500
14069441;-0.36500
14072218;-0.35000
14074996;-0.35000
14077774;-0.36500
14080552;-0.36000
14083329;-0.35500
14086107;-0.36500
14088885;-0.35000
14091663;-0.34500
14094440;-0.34000
14097218;-0.35500
14099996;-0.36000
14102774;-0.36000
14105552;-0.35000
14108329;-0.34500
14111107;-0.34000
14113885;-0.35500
14116663;-0.35500
14119440;-0.36000
14122218;-0.35000
14124996;-0.35000
14127774;-0.35000
14130552;-0.36000
14133329;-0.37000
14136107;-0.36500
14138885;-0.36000
14141663;-0.35500
14144440;-0.36500
14147218;-0.36500
14149996;-0.38500
14152774;-0.37000
14155552;-0.35500
14158329;-0.34500
14161107;-0.34500
14163885;-0.35500
14166663;-0.35500
14169440;-0.36000
14172218;-0.34000
14174996;-0.33000
14177774;-0.34500
14180552;-0.36000
14183329;-0.36000
14186107;-0.35500
14188885;-0.34500
14191663;-0.34500
14194440;-0.34500
14197218;-0.35500
14199996;-0.37500
14202774;-0.36500
14205552;-0.35500
14208329;-0.35500
14211107;-0.35000
14213885;-0.36000
14216663;-0.37500
14219440;-0.37500
14222218;-0.36500
14224996;-0.36500
14227774;-0.36500
14230552;-0.37000
14233329;-0.39000
14236107;-0.38500
14238885;-0.37000
14241663;-0.36500
14244440;-0.36000
14247218;-0.35500
14249996;-0.37500
14252774;-0.37000
14255552;-0.37500
14258329;-0.36000
14261107;-0.35000
14263885;-0.36000
14266663;-0.39000
14269440;-0.38000
14272218;-0.38000
14274996;-0.37500
14277774;-0.37500
14280552;-0.39000
14283329;-0.39500
14286107;-0.38500
14288885;-0.39000
14291663;-0.38500
14294440;-0.37000
14297218;-0.38500
14299996;-0.39000
14302774;-0.37500
14305552;-0.37500
14308329;-0.35500
14311107;-0.35000
14313885;-0.34000
14316663;-0.34500
14319440;-0.33000
14322218;-0.32000
14324996;-0.31500
14327774;-0.29500
14330552;-0.30000
14333329;-0.31000
14336107;-0.30500
14338885;-0.29500
14341663;-0.27500
14344440;-0.28500
14347218;-0.30000
14349996;-0.29000
14352774;-0.28000
14355552;-0.26500
14358329;-0.27500
14361107;-0.26000
14363885;-0.27000
14366663;-0.27500
14369440;-0.27000
14372218;-0.27000
14374996;-0.27000
14377774;-0.29000
14380552;-0.28500
14383329;-0.29500
14386107;-0.29500
14388885;-0.29500
14391663;-0.28000
14394440;-0.29000
14397218;-0.30500
14399996;-0.31000
14402774;-0.31000
14405552;-0.30000
14408329;-0.30500
14411107;-0.28000
14413885;-0.29500
14416663;-0.31000
14419440;-0.30000
14422218;-0.29000
14424996;-0.29500
14427774;-0.29000
14430552;-0.30000
14433329;-0.30000
14436107;-0.30000
14438885;-0.29500
14441663;-0.31000
14444440;-0.31000
14447218;-0.32000
14449996;-0.33500
14452774;-0.33500
14455552;-0.32000
14458329;-0.31500
14461107;-0.31500
14463885;-0.32500
14466663;-0.34000
14469440;-0.35000
14472218;-0.33500
14474996;-0.33500
14477774;-0.33500
14480552;-0.35000
14483329;-0.35000
14486107;-0.33500
14488885;-0.33000
14491663;-0.33000
14494440;-0.33500
14497218;-0.34500
14499996;-0.36000
14502774;-0.34500
14505551;-0.33000
14508329;-0.33000
14511107;-0.33000
14513885;-0.32500
14516663;-0.34000
14519440;-0.34500
14522218;-0.33000
14524996;-0.33000
14527774;-0.34000
14530551;-0.34000
14533329;-0.36000
14536107;-0.36000
14538885;-0.35000
14541663;-0.34000
14544440;-0.33000
14547218;-0.34500
14549996;-0.35500
14552774;-0.34500
14555551;-0.34000
14558329;-0.33500
14561107;-0.32500
14563885;-0.33000
14566663;-0.34000
14569440;-0.34000
14572218;-0.33000
14574996;-0.32500
14577774;-0.32500
14580551;-0.31500
14583329;-0.33000
14586107;-0.32500
14588885;-0.30500
14591663;-0.29000
14594440;-0.28500
14597218;-0.28500
14599996;-0.29000
14602774;-0.29000
14605551;-0.27500
14608329;-0.26000
14611107;-0.26500
14613885;-0.26500
14616663;-0.28000
14619440;-0.26500
14622218;-0.25500
14624996;-0.24500
14627774;-0.23500
14630551;-0.24500
14633329;-0.25500
14636107;-0.25500
14638885;-0.26500
14641663;-0.24500
14644440;-0.24500
14647218;-0.24000
14649996;-0.26000
14652774;-0.25500
14655551;-0.25500
14658329;-0.25000
14661107;-0.25500
14663885;-0.24500
14666663;-0.23500
14669440;-0.24500
14672218;-0.28000
14674996;-0.30000
14677774;-0.32000
14680551;-0.33500
14683329;-0.35500
14686107;-0.37500
14688885;-0.37000
14691663;-0.37000
14694440;-0.37500
14697218;-0.38500
14699996;-0.38500
14702774;-0.37500
14705551;-0.37500
14708329;-0.35500
14711107;-0.36000
14713885;-0.37000
14716663;-0.39000
14719440;-0.38000
14722218;-0.37500
14724996;-0.38000
14727774;-0.37500
14730551;-0.37500
14733329;-0.40000
14736107;-0.39500
14738885;-0.39000
14741663;-0.38000
14744440;-0.37000
14747218;-0.39000
14749996;-0.41000
14752774;-0.41000
14755551;-0.43000
14758329;-0.45500
14761107;-0.49000
14763885;-0.51500
14766663;-0.52500
14769440;-0.54000
14772218;-0.56500
14774996;-0.59000
14777774;-0.56000
14780551;-0.48000
14783329;-0.39500
14786107;-0.24000
14788885;-0.06000
14791663;0.16500
14794440;0.44000
14797218;0.66000
14799996;0.79500
14802774;0.81500
14805551;0.63500
14808329;0.29000
14811107;-0.09500
14813885;-0.37000
14816663;-0.50000
14819440;-0.53000
14822218;-0.50500
14824996;-0.46500
14827774;-0.43500
14830551;-0.44500
14833329;-0.45000
14836107;-0.44000
14838885;-0.43500
14841663;-0.42500
14844440;-0.40500
14847218;-0.42000
14849996;-0.43000
14852774;-0.42500
14855551;-0.41000
14858329;-0.40000
14861107;-0.40500
14863885;-0.42500
14866663;-0.44000
14869440;-0.44500
14872218;-0.43500
14874996;-0.43000
14877774;-0.43000
14880551;-0.43500
14883329;-0.44000
14886107;-0.43500
14888885;-0.43500
14891662;-0.43000
14894440;-0.43000
14897218;-0.44000
14899996;-0.45000
14902774;-0.45500
14905551;-0.44500
14908329;-0.43000
14911107;-0.43000
14913885;-0.44000
14916662;-0.44000
14919440;-0.44000
14922218;-0.42500
14924996;-0.42000
14927774;-0.42500
14930551;-0.45000
14933329;-0.45000
14936107;-0.44500
14938885;-0.43500
14941662;-0.42000
14944440;-0.42000
14947218;-0.43000
14949996;-0.44500
14952774;-0.45000
14955551;-0.44500
14958329;-0.43500
14961107;-0.42500
14963885;-0.42500
14966662;-0.43500
14969440;-0.43500
14972218;-0.42500
14974996;-0.42500
14977774;-0.42500
14980551;-0.43500
14983329;-0.45000
14986107;-0.44500
14988885;-0.43500
14991662;-0.43000
14994440;-0.44000
14997218;-0.44500
14999996;-0.44500
15002774;-0.44500
15005551;-0.43000
15008329;-0.43000
15011107;-0.43500
15013885;-0.44000
15016662;-0.44000
15019440;-0.44000
15022218;-0.43500
15024996;-0.43000
15027774;-0.43500
15030551;-0.44500
15033329;-0.45000
15036107;-0.45500
15038885;-0.44500
15041662;-0.45500
15044440;-0.46000
15047218;-0.47000
15049996;-0.48500
15052774;-0.47500
15055551;-0.47000
15058329;-0.46500
15061107;-0.47000
15063885;-0.49000
15066662;-0.50000
15069440;-0.49500
15072218;-0.49000
15074996;-0.47500
15077774;-0.48000
15080551;-0.48000
15083329;-0.48500
15086107;-0.49000
15088885;-0.48000
15091662;-0.46500
15094440;-0.47000
15097218;-0.46000
15099996;-0.46500
15102774;-0.46500
15105551;-0.44000
15108329;-0.42500
15111107;-0.42500
15113885;-0.42500
15116662;-0.41500
15119440;-0.40000
15122218;-0.38000
15124996;-0.36500
15127774;-0.37000
15130551;-0.36500
15133329;-0.36500
15136107;-0.35500
15138885;-0.34500
15141662;-0.32500
15144440;-0.33500
15147218;-0.34500
15149996;-0.34500
15152774;-0.34500
15155551;-0.33500
15158329;-0.32000
15161107;-0.31500
15163885;-0.33500
15166662;-0.33500
15169440;-0.34000
15172218;-0.33000
15174996;-0.32000
15177774;-0.31500
15180551;-0.33000
15183329;-0.34000
15186107;-0.33500
15188885;-0.33500
15191662;-0.32000
15194440;-0.33500
15197218;-0.32500
15199996;-0.34500
15202774;-0.35000
15205551;-0.34500
15208329;-0.33500
15211107;-0.34000
15213885;-0.35500
15216662;-0.35500
15219440;-0.36000
15222218;-0.34500
15224996;-0.33500
15227774;-0.34500
15230551;-0.34500
15233329;-0.36000
15236107;-0.35000
15238885;-0.34500
15241662;-0.33500
15244440;-0.33500
15247218;-0.34000
15249996;-0.35000
15252774;-0.35000
15255551;-0.34500
15258329;-0.34500
15261107;-0.34000
15263885;-0.34500
15266662;-0.36500
15269440;-0.35500
15272218;-0.35000
15274996;-0.34000
15277774;-0.34500
15280551;-0.35500
15283329;-0.36500
15286107;-0.37000
15288885;-0.36500
15291662;-0.35000
15294440;-0.35500
15297218;-0.38000
15299996;-0.36500
15302773;-0.36500
15305551;-0.35000
15308329;-0.34500
15311107;-0.35000
15313885;-0.35500
15316662;-0.36000
15319440;-0.35500
15322218;-0.34500
15324996;-0.34000
15327773;-0.33500
15330551;-0.35500
15333329;-0.36500
15336107;-0.36000
15338885;-0.35000
15341662;-0.34000
15344440;-0.34000
15347218;-0.34500
15349996;-0.35500
15352773;-0.35000
15355551;-0.34000
15358329;-0.33000
15361107;-0.33500
15363885;-0.34500
15366662;-0.34500
15369440;-0.34500
15372218;-0.33000
15374996;-0.32000
15377773;-0.33500
15380551;-0.34500
15383329;-0.34000
15386107;-0.34000
15388885;-0.33500
15391662;-0.32500
15394440;-0.33000
15397218;-0.32000
15399996;-0.30500
15402773;-0.29500
15405551;-0.28500
15408329;-0.27500
15411107;-0.27000
15413885;-0.28000
15416662;-0.28000
15419440;-0.26500
15422218;-0.24000
15424996;-0.22500
15427773;-0.22500
15430551;-0.23500
15433329;-0.23000
15436107;-0.23500
15438885;-0.23500
15441662;-0.22500
15444440;-0.23500
15447218;-0.26000
15449996;-0.26000
15452773;-0.26500
15455551;-0.26000
15458329;-0.26500
15461107;-0.26500
15463885;-0.25500
15466662;-0.23500
15469440;-0.24500
15472218;-0.25000
15474996;-0.27000
15477773;-0.29500
15480551;-0.31000
15483329;-0.35000
15486107;-0.35500
15488885;-0.36000
15491662;-0.35000
15494440;-0.34500
15497218;-0.35000
15499996;-0.36000
15502773;-0.35500
15505551;-0.35500
15508329;-0.33500
15511107;-0.35000
15513885;-0.36000
15516662;-0.36000
15519440;-0.35500
15522218;-0.35500
15524996;-0.35000
15527773;-0.36500
15530551;-0.38000
15533329;-0.37500
15536107;-0.37000
15538885;-0.37000
15541662;-0.36000
15544440;-0.37000
15547218;-0.38000
15549996;-0.39000
15552773;-0.39000
15555551;-0.39000
15558329;-0.38500
15561107;-0.42500
15563885;-0.48000
15566662;-0.50000
15569440;-0.51000
15572218;-0.53500
15574996;-0.56000
15577773;-0.54000
15580551;-0.45000
15583329;-0.33500
15586107;-0.18000
15588885;0.01500
15591662;0.25500
15594440;0.53500
15597218;0.76500
15599996;0.88000
15602773;0.88000
15605551;0.70000
15608329;0.33000
15611107;-0.09500
15613885;-0.39500
15616662;-0.53000
15619440;-0.52000
15622218;-0.45000
15624996;-0.39500
15627773;-0.39500
15630551;-0.39500
15633329;-0.41000
15636107;-0.41000
15638885;-0.39500
15641662;-0.39500
15644440;-0.40000
15647218;-0.41000
15649996;-0.42500
15652773;-0.43000
15655551;-0.42500
15658329;-0.40500
15661107;-0.39500
15663885;-0.41500
15666662;-0.41000
15669440;-0.41000
15672218;-0.40500
15674996;-0.39000
15677773;-0.40500
15680551;-0.41500
15683329;-0.43000
15686107;-0.43000
15688884;-0.41500
15691662;-0.40500
15694440;-0.41500
15697218;-0.41500
15699996;-0.42000
15702773;-0.42500
15705551;-0.41500
15708329;-0.40000
15711107;-0.40500
15713884;-0.40500
15716662;-0.41000
15719440;-0.41000
15722218;-0.41500
15724996;-0.39500
15727773;-0.41000
15730551;-0.42000
15733329;-0.41000
15736107;-0.41500
15738884;-0.40500
15741662;-0.39000
15744440;-0.40000
15747218;-0.40500
15749996;-0.41000
15752773;-0.41000
15755551;-0.40500
15758329;-0.40000
15761107;-0.40000
15763884;-0.41500
15766662;-0.41500
15769440;-0.42000
15772218;-0.42000
15774996;-0.40000
15777773;-0.41000
15780551;-0.42000
15783329;-0.41500
15786107;-0.42000
15788884;-0.39500
15791662;-0.39500
15794440;-0.40000
15797218;-0.40000
15799996;-0.40000
15802773;-0.41500
15805551;-0.41500
15808329;-0.39000
15811107;-0.40500
15813884;-0.40500
15816662;-0.41000
15819440;-0.41500
15822218;-0.40500
15824996;-0.40500
15827773;-0.40000
15830551;-0.41500
15833329;-0.41500
15836107;-0.43500
15838884;-0.42000
15841662;-0.41000
15844440;-0.42000
15847218;-0.42000
15849996;-0.44000
15852773;-0.44500
15855551;-0.42000
15858329;-0.42000
15861107;-0.41500
15863884;-0.43000
15866662;-0.43000
15869440;-0.42500
15872218;-0.40500
15874996;-0.40500
15877773;-0.40000
15880551;-0.39500
15883329;-0.40000
15886107;-0.40000
15888884;-0.38500
15891662;-0.36500
15894440;-0.35500
15897218;-0.34500
15899996;-0.34500
15902773;-0.35500
15905551;-0.33500
15908329;-0.32000
15911107;-0.31500
15913884;-0.33000
15916662;-0.32000
15919440;-0.31500
15922218;-0.30000
15924996;-0.29000
15927773;-0.29500
15930551;-0.30500
15933329;-0.31000
15936107;-0.30500
15938884;-0.29500
15941662;-0.29500
15944440;-0.29500
15947218;-0.29500
15949996;-0.29500
15952773;-0.30000
15955551;-0.30500
15958329;-0.29000
15961107;-0.29000
15963884;-0.28000
15966662;-0.29000
15969440;-0.30500
15972218;-0.30000
15974996;-0.28000
15977773;-0.29000
15980551;-0.31000
15983329;-0.31500
15986107;-0.30500
15988884;-0.31000
15991662;-0.29500
15994440;-0.30000
15997218;-0.31500
15999996;-0.31500
16002773;-0.31000
16005551;-0.30000
16008329;-0.30500
16011107;-0.31500
16013884;-0.31500
16016662;-0.32500
16019440;-0.34000
16022218;-0.32000
16024996;-0.30500
16027773;-0.31500
16030551;-0.30500
16033329;-0.32500
16036107;-0.32000
16038884;-0.32000
16041662;-0.32000
16044440;-0.31500
16047218;-0.33000
16049996;-0.33000
16052773;-0.34000
16055551;-0.33500
16058329;-0.33000
16061107;-0.32500
16063884;-0.33500
16066662;-0.34500
16069440;-0.34500
16072218;-0.33500
16074995;-0.32500
16077773;-0.32500
16080551;-0.33000
16083329;-0.34000
16086107;-0.34000
16088884;-0.33000
16091662;-0.32500
16094440;-0.33500
16097218;-0.33000
16099995;-0.34000
16102773;-0.35000
16105551;-0.34000
16108329;-0.32500
16111107;-0.33500
16113884;-0.33500
16116662;-0.34000
16119440;-0.34000
16122218;-0.34000
16124995;-0.33000
16127773;-0.34000
16130551;-0.33500
16133329;-0.35000
16136107;-0.35000
16138884;-0.32500
16141662;-0.33000
16144440;-0.33000
16147218;-0.34000
16149995;-0.34500
16152773;-0.33500
16155551;-0.32000
16158329;-0.31000
16161107;-0.32000
16163884;-0.32500
16166662;-0.33000
16169440;-0.33000
16172218;-0.32000
16174995;-0.29500
16177773;-0.31000
16180551;-0.32500
16183329;-0.33000
16186107;-0.34000
16188884;-0.33000
16191662;-0.31000
16194440;-0.31000
16197218;-0.30500
16199995;-0.30000
16202773;-0.30000
16205551;-0.28000
16208329;-0.27000
16211107;-0.27000
16213884;-0.25500
16216662;-0.25500
16219440;-0.26000
16222218;-0.22000
16224995;-0.21000
16227773;-0.20000
16230551;-0.21000
16233329;-0.23000
16236107;-0.23000
16238884;-0.22000
16241662;-0.22000
16244440;-0.23500
16247218;-0.23000
16249995;-0.24500
16252773;-0.24500
16255551;-0.24500
16258329;-0.24000
16261107;-0.24000
16263884;-0.21500
16266662;-0.22000
16269440;-0.24000
16272218;-0.26000
16274995;-0.28500
16277773;-0.28500
16280551;-0.31000
16283329;-0.32500
16286107;-0.34500
16288884;-0.34000
16291662;-0.34500
16294440;-0.35000
16297218;-0.34500
16299995;-0.34500
16302773;-0.34000
16305551;-0.34000
16308329;-0.33500
16311107;-0.35000
16313884;-0.36000
16316662;-0.36500
16319440;-0.36500
16322218;-0.35500
16324995;-0.35500
16327773;-0.35000
16330551;-0.36500
16333329;-0.37000
16336107;-0.36000
16338884;-0.36500
16341662;-0.35500
16344440;-0.35000
16347218;-0.36000
16349995;-0.37500
16352773;-0.37000
16355551;-0.38000
16358329;-0.39500
16361107;-0.43500
16363884;-0.46000
16366662;-0.48500
16369440;-0.51000
16372218;-0.54500
16374995;-0.56000
16377773;-0.56000
16380551;-0.49000
16383329;-0.37500
16386107;-0.24000
16388884;-0.07000
16391662;0.13000
16394440;0.40000
16397218;0.65500
16399995;0.83500
16402773;0.91000
16405551;0.86500
16408329;0.63000
16411107;0.23000
16413884;-0.17000
16416662;-0.42500
16419440;-0.52500
16422218;-0.47500
16424995;-0.41000
16427773;-0.38500
16430551;-0.38500
16433329;-0.39500
16436107;-0.41000
16438884;-0.39000
16441662;-0.37000
16444440;-0.38000
16447218;-0.39000
16449995;-0.40500
16452773;-0.41000
16455551;-0.39500
16458329;-0.38500
16461107;-0.38500
16463884;-0.39500
16466662;-0.39500
16469440;-0.40500
16472218;-0.39500
16474995;-0.38500
16477773;-0.38500
16480551;-0.39000
16483329;-0.40000
16486106;-0.41500
16488884;-0.39500
16491662;-0.38500
16494440;-0.39000
16497218;-0.40000
16499995;-0.39500
16502773;-0.39500
16505551;-0.39500
16508329;-0.38000
16511106;-0.40000
16513884;-0.38500
16516662;-0.39000
16519440;-0.40000
16522218;-0.38500
16524995;-0.38000
16527773;-0.38000
16530551;-0.39500
16533329;-0.41000
16536106;-0.41500
16538884;-0.38500
16541662;-0.38000
16544440;-0.38000
16547218;-0.39500
16549995;-0.40500
16552773;-0.40000
16555551;-0.39500
16558329;-0.39000
16561106;-0.39000
16563884;-0.39500
16566662;-0.39500
16569440;-0.41000
16572218;-0.38000
16574995;-0.38500
16577773;-0.38000
16580551;-0.39500
16583329;-0.39500
16586106;-0.39500
16588884;-0.38500
16591662;-0.37500
16594440;-0.38000
16597218;-0.39000
16599995;-0.40000
16602773;-0.40000
16605551;-0.39000
16608329;-0.38000
16611106;-0.38000
16613884;-0.38500
16616662;-0.39500
16619440;-0.39000
16622218;-0.39000
16624995;-0.39000
16627773;-0.38500
16630551;-0.39500
16633329;-0.41500
16636106;-0.42000
16638884;-0.41500
16641662;-0.40000
16644440;-0.39500
16647218;-0.40500
16649995;-0.41000
16652773;-0.41500
16655551;-0.39000
16658329;-0.38000
16661106;-0.37000
16663884;-0.39000
16666662;-0.40500
16669440;-0.40500
16672218;-0.40000
16674995;-0.38500
16677773;-0.39000
16680551;-0.39000
16683329;-0.39000
16686106;-0.40500
16688884;-0.38500
16691662;-0.36500
16694440;-0.37000
16697218;-0.37500
16699995;-0.37000
16702773;-0.36500
16705551;-0.35500
16708329;-0.34500
16711106;-0.34000
16713884;-0.33500
16716662;-0.33500
16719440;-0.32000
16722218;-0.30500
16724995;-0.29000
16727773;-0.29000
16730551;-0.30000
16733329;-0.29500
16736106;-0.29500
16738884;-0.28000
16741662;-0.26500
16744440;-0.27500
16747218;-0.28500
16749995;-0.30000
16752773;-0.29000
16755551;-0.28500
16758329;-0.27000
16761106;-0.28000
16763884;-0.28500
16766662;-0.29500
16769440;-0.30500
16772218;-0.29000
16774995;-0.28500
16777773;-0.30000
16780551;-0.29500
16783329;-0.30000
16786106;-0.30000
16788884;-0.29500
16791662;-0.27500
16794440;-0.29500
16797218;-0.29000
16799995;-0.30000
16802773;-0.30500
16805551;-0.29000
16808329;-0.28500
16811106;-0.28500
16813884;-0.29500
16816662;-0.29500
16819440;-0.31000
16822218;-0.30000
16824995;-0.29500
16827773;-0.30000
16830551;-0.30500
16833329;-0.32000
16836106;-0.31500
16838884;-0.31000
16841662;-0.30500
16844440;-0.31000
16847218;-0.31500
16849995;-0.32000
16852773;-0.32500
16855551;-0.32000
16858329;-0.30500
16861106;-0.31500
16863884;-0.32000
16866662;-0.34000
16869440;-0.35000
16872217;-0.33500
16874995;-0.32000
16877773;-0.31500
16880551;-0.33000
16883329;-0.33000
16886106;-0.35000
16888884;-0.32500
16891662;-0.31500
16894440;-0.32500
16897217;-0.33500
16899995;-0.34000
16902773;-0.33500
16905551;-0.33000
16908329;-0.31500
16911106;-0.33000
16913884;-0.33000
16916662;-0.33500
16919440;-0.33500
16922217;-0.34000
16924995;-0.32500
16927773;-0.33000
16930551;-0.33000
16933329;-0.33500
16936106;-0.34000
16938884;-0.33000
16941662;-0.32500
16944440;-0.32000
16947217;-0.32000
16949995;-0.33000
16952773;-0.31500
16955551;-0.32000
16958329;-0.31000
16961106;-0.30500
16963884;-0.31000
16966662;-0.33000
16969440;-0.33500
16972217;-0.31000
16974995;-0.30000
16977773;-0.31000
16980551;-0.31500
16983329;-0.32000
16986106;-0.32000
16988884;-0.31000
16991662;-0.30000
16994440;-0.31000
16997217;-0.32000
16999995;-0.31500
17002773;-0.32000
17005551;-0.31000
17008329;-0.30500
17011106;-0.29500
17013884;-0.28500
17016662;-0.28000
17019440;-0.27000
17022217;-0.26500
17024995;-0.26000
17027773;-0.25000
17030551;-0.26500
17033329;-0.26000
17036106;-0.25000
17038884;-0.24000
17041662;-0.21000
17044440;-0.20500
17047217;-0.21000
17049995;-0.20500
17052773;-0.22000
17055551;-0.21500
17058329;-0.19000
17061106;-0.21000
17063884;-0.21500
17066662;-0.23500
17069440;-0.25500
17072217;-0.25000
17074995;-0.22000
17077773;-0.24000
17080551;-0.24000
17083329;-0.24000
17086106;-0.22000
17088884;-0.21000
17091662;-0.21000
17094440;-0.24000
17097217;-0.27000
17099995;-0.28500
17102773;-0.30500
17105551;-0.30500
17108329;-0.31500
17111106;-0.31000
17113884;-0.32000
17116662;-0.33000
17119440;-0.35500
17122217;-0.34000
17124995;-0.32500
17127773;-0.32500
17130551;-0.34000
17133329;-0.35000
17136106;-0.35000
17138884;-0.34500
17141662;-0.33000
17144440;-0.33000
17147217;-0.33500
17149995;-0.34500
17152773;-0.35500
17155551;-0.34000
17158329;-0.32500
17161106;-0.33000
17163884;-0.33500
17166662;-0.33000
17169440;-0.34000
17172217;-0.33000
17174995;-0.33000
17177773;-0.33000
17180551;-0.34500
17183329;-0.34500
17186106;-0.35500
17188884;-0.35500
17191662;-0.35500
17194440;-0.38500
17197217;-0.43500
17199995;-0.47500
17202773;-0.50000
17205551;-0.51500
17208329;-0.55500
17211106;-0.58000
17213884;-0.53500
17216662;-0.43500
17219440;-0.31000
17222217;-0.14500
17224995;0.04500
17227773;0.31000
17230551;0.56000
17233329;0.74000
17236106;0.82500
17238884;0.80500
17241662;0.63500
17244440;0.31500
17247217;-0.05000
17249995;-0.31500
17252773;-0.47000
17255551;-0.50000
17258329;-0.46500
17261106;-0.41500
17263884;-0.39500
17266662;-0.41000
17269440;-0.40000
17272217;-0.40000
17274995;-0.38500
17277773;-0.38500
17280551;-0.39000
17283328;-0.39500
17286106;-0.41000
17288884;-0.38500
17291662;-0.38000
17294440;-0.38500
17297217;-0.39500
17299995;-0.40500
17302773;-0.40000
17305551;-0.39000
17308328;-0.39000
17311106;-0.38000
17313884;-0.39000
17316662;-0.39500
17319440;-0.40500
17322217;-0.38500
17324995;-0.37500
17327773;-0.38500
17330551;-0.40000
17333328;-0.38000
17336106;-0.39000
17338884;-0.38000
17341662;-0.37500
17344440;-0.38000
17347217;-0.38000
17349995;-0.39000
17352773;-0.40000
17355551;-0.39000
17358328;-0.38500
17361106;-0.39000
17363884;-0.40000
17366662;-0.40000
17369440;-0.39500
17372217;-0.39500
17374995;-0.38000
17377773;-0.37500
17380551;-0.38000
17383328;-0.38000
17386106;-0.38500
17388884;-0.38500
17391662;-0.38000
17394440;-0.38500
17397217;-0.38500
17399995;-0.38500
17402773;-0.39000
17405551;-0.39000
17408328;-0.37500
17411106;-0.36500
17413884;-0.38000
17416662;-0.40000
17419440;-0.39500
17422217;-0.39500
17424995;-0.39500
17427773;-0.39000
17430551;-0.39500
17433328;-0.39500
17436106;-0.40000
17438884;-0.38500
17441662;-0.37500
17444440;-0.37000
17447217;-0.36500
17449995;-0.38000
17452773;-0.38500
17455551;-0.37500
17458328;-0.36000
17461106;-0.36500
17463884;-0.37500
17466662;-0.37000
17469440;-0.36500
17472217;-0.37000
17474995;-0.36000
17477773;-0.37000
17480551;-0.37500
17483328;-0.38500
17486106;-0.39500
17488884;-0.38000
17491662;-0.39500
17494440;-0.40000
17497217;-0.40000
17499995;-0.41000
17502773;-0.41500
17505551;-0.39500
17508328;-0.39500
17511106;-0.39000
17513884;-0.40000
17516662;-0.42000
17519440;-0.43500
17522217;-0.42000
17524995;-0.41500
17527773;-0.40000
17530551;-0.40000
17533328;-0.41000
17536106;-0.41000
17538884;-0.40500
17541662;-0.40000
17544440;-0.39000
17547217;-0.38500
17549995;-0.38500
17552773;-0.38500
17555551;-0.37000
17558328;-0.35500
17561106;-0.34500
17563884;-0.34000
17566662;-0.33500
17569440;-0.33000
17572217;-0.32500
17574995;-0.31000
17577773;-0.31500
17580551;-0.29500
17583328;-0.32000
17586106;-0.31000
17588884;-0.29500
17591662;-0.28000
17594440;-0.29000
17597217;-0.28500
17599995;-0.28500
17602773;-0.29000
17605551;-0.28500
17608328;-0.27500
17611106;-0.27500
17613884;-0.28500
17616662;-0.29000
17619440;-0.28500
17622217;-0.29000
17624995;-0.28000
17627773;-0.28500
17630551;-0.29500
17633328;-0.31000
17636106;-0.30500
17638884;-0.30000
17641662;-0.29500
17644440;-0.30000
17647217;-0.29500
17649995;-0.31000
17652773;-0.32000
17655551;-0.31000
17658328;-0.29500
17661106;-0.30000
17663884;-0.31000
17666662;-0.31500
17669439;-0.32000
17672217;-0.31500
17674995;-0.30500
17677773;-0.30500
17680551;-0.30500
17683328;-0.31000
17686106;-0.30000
17688884;-0.29500
17691662;-0.30000
17694439;-0.31000
17697217;-0.32000
17699995;-0.32500
17702773;-0.33000
17705551;-0.32000
17708328;-0.31000
17711106;-0.31000
17713884;-0.32000
17716662;-0.32000
17719439;-0.33000
17722217;-0.32000
17724995;-0.31500
17727773;-0.31000
17730551;-0.33500
17733328;-0.34000
17736106;-0.35500
17738884;-0.35000
17741662;-0.34000
17744439;-0.32000
17747217;-0.33000
17749995;-0.33000
17752773;-0.33500
17755551;-0.32500
17758328;-0.31000
17761106;-0.32000
17763884;-0.32500
17766662;-0.33500
17769439;-0.33000
17772217;-0.34000
17774995;-0.32500
17777773;-0.33000
17780551;-0.34000
17783328;-0.33000
17786106;-0.34500
17788884;-0.33500
17791662;-0.33000
17794439;-0.33000
17797217;-0.33500
17799995;-0.33000
17802773;-0.35000
17805551;-0.33500
17808328;-0.32000
17811106;-0.33000
17813884;-0.34500
17816662;-0.34500
17819439;-0.33500
17822217;-0.32000
17824995;-0.30500
17827773;-0.31000
17830551;-0.31500
17833328;-0.32500
17836106;-0.32500
17838884;-0.32500
17841662;-0.32000
17844439;-0.32500
17847217;-0.33000
17849995;-0.34000
17852773;-0.33500
17855551;-0.31500
17858328;-0.29500
17861106;-0.28500
17863884;-0.27000
17866662;-0.27500
17869439;-0.28500
17872217;-0.27500
17874995;-0.26000
17877773;-0.26500
17880551;-0.27000
17883328;-0.27500
17886106;-0.27500
17888884;-0.26500
17891662;-0.26500
17894439;-0.25500
17897217;-0.24500
17899995;-0.25000
17902773;-0.24000
17905551;-0.23000
17908328;-0.21500
17911106;-0.22500
17913884;-0.23000
17916662;-0.24000
17919439;-0.24500
17922217;-0.24000
17924995;-0.23000
17927773;-0.22000
17930551;-0.22500
17933328;-0.22500
17936106;-0.24000
17938884;-0.25000
17941662;-0.25000
17944439;-0.24000
17947217;-0.23000
17949995;-0.23000
17952773;-0.23500
17955551;-0.24000
17958328;-0.26000
17961106;-0.27500
17963884;-0.29500
17966662;-0.32000
17969439;-0.34000
17972217;-0.34500
17974995;-0.34500
17977773;-0.34000
17980551;-0.33500
17983328;-0.32500
17986106;-0.33500
17988884;-0.34000
17991662;-0.32500
17994439;-0.33500
17997217;-0.35000
17999995;-0.37000
18002773;-0.35500
18005551;-0.35500
18008328;-0.34500
18011106;-0.35000
18013884;-0.37000
18016662;-0.38000
18019439;-0.38000
18022217;-0.35500
18024995;-0.35000
18027773;-0.35500
18030551;-0.37000
18033328;-0.36500
18036106;-0.36500
18038884;-0.36000
18041662;-0.36000
18044439;-0.40000
18047217;-0.44000
18049995;-0.47000
18052773;-0.47000
18055550;-0.47000
18058328;-0.49000
18061106;-0.54000
18063884;-0.56500
18066662;-0.55000
18069439;-0.46000
18072217;-0.34500
18074995;-0.22500
18077773;-0.10500
18080550;0.06000
18083328;0.26500
18086106;0.52500
18088884;0.74000
18091662;0.88000
18094439;0.92000
18097217;0.81500
18099995;0.55000
18102773;0.16500
18105550;-0.17000
18108328;-0.36000
18111106;-0.45500
18113884;-0.48000
18116662;-0.47000
18119439;-0.43500
18122217;-0.39500
18124995;-0.38500
18127773;-0.39500
18130550;-0.39000
18133328;-0.40000
18136106;-0.40000
18138884;-0.38000
18141662;-0.38000
18144439;-0.38500
18147217;-0.38500
18149995;-0.40500
18152773;-0.41500
18155550;-0.39000
18158328;-0.38000
18161106;-0.37500
18163884;-0.38500
18166662;-0.38500
18169439;-0.39000
18172217;-0.38500
18174995;-0.37500
18177773;-0.38500
18180550;-0.40000
18183328;-0.41000
18186106;-0.40000
18188884;-0.39000
18191662;-0.37500
18194439;-0.38500
18197217;-0.39000
18199995;-0.39000
18202773;-0.39000
18205550;-0.38500
18208328;-0.38000
18211106;-0.37000
18213884;-0.38000
18216662;-0.39000
18219439;-0.39000
18222217;-0.37500
18224995;-0.37000
18227773;-0.36500
18230550;-0.37000
18233328;-0.38500
18236106;-0.39000
18238884;-0.37000
18241662;-0.37500
18244439;-0.36500
18247217;-0.36500
18249995;-0.38000
18252773;-0.37500
18255550;-0.37000
18258328;-0.36000
18261106;-0.37000
18263884;-0.37500
18266662;-0.39000
18269439;-0.39500
18272217;-0.38000
18274995;-0.36000
18277773;-0.37000
18280550;-0.38500
18283328;-0.39000
18286106;-0.41000
18288884;-0.39000
18291662;-0.37000
18294439;-0.37500
18297217;-0.37000
18299995;-0.39000
18302773;-0.38500
18305550;-0.38500
18308328;-0.37000
18311106;-0.36500
18313884;-0.37000
18316662;-0.38000
18319439;-0.38500
18322217;-0.38000
18324995;-0.37000
18327773;-0.38000
18330550;-0.38500
18333328;-0.40000
18336106;-0.41500
18338884;-0.41000
18341662;-0.39500
18344439;-0.40000
18347217;-0.41000
18349995;-0.41000
18352773;-0.42000
18355550;-0.43000
18358328;-0.41500
18361106;-0.41500
18363884;-0.41500
18366662;-0.42500
18369439;-0.43000
18372217;-0.42000
18374995;-0.40500
18377773;-0.40000
18380550;-0.40000
18383328;-0.40500
18386106;-0.40500
18388884;-0.39500
18391662;-0.37000
18394439;-0.37500
18397217;-0.36000
18399995;-0.36000
18402773;-0.34500
18405550;-0.32500
18408328;-0.30500
18411106;-0.28000
18413884;-0.27500
18416662;-0.28000
18419439;-0.27000
18422217;-0.26000
18424995;-0.24500
18427773;-0.26500
18430550;-0.26000
18433328;-0.26500
18436106;-0.26000
18438884;-0.26000
18441662;-0.24500
18444439;-0.24500
18447217;-0.25000
18449995;-0.25500
18452773;-0.26000
18455550;-0.25500
18458328;-0.24000
18461106;-0.23000
18463884;-0.24500
18466661;-0.24500
18469439;-0.24500
18472217;-0.23500
18474995;-0.23000
18477773;-0.23000
18480550;-0.23500
18483328;-0.24500
18486106;-0.24500
18488884;-0.23500
18491661;-0.23500
18494439;-0.23000
18497217;-0.24000
18499995;-0.26000
18502773;-0.24500
18505550;-0.24000
18508328;-0.23000
18511106;-0.23000
18513884;-0.25000
18516661;-0.25500
18519439;-0.26000
18522217;-0.25500
18524995;-0.25000
18527773;-0.25000
18530550;-0.25000
18533328;-0.26500
18536106;-0.27000
18538884;-0.24500
18541661;-0.23000
18544439;-0.22500
18547217;-0.24500
18549995;-0.25000
18552773;-0.25000
18555550;-0.25000
18558328;-0.23500
18561106;-0.24500
18563884;-0.25000
18566661;-0.26500
18569439;-0.26000
18572217;-0.25000
18574995;-0.24500
18577773;-0.25000
18580550;-0.26000
18583328;-0.26500
18586106;-0.26500
18588884;-0.26500
18591661;-0.25000
18594439;-0.26000
18597217;-0.27000
18599995;-0.26500
18602773;-0.27000
18605550;-0.26500
18608328;-0.26000
18611106;-0.24500
18613884;-0.25500
18616661;-0.26500
18619439;-0.27000
18622217;-0.25000
18624995;-0.25500
18627773;-0.24000
18630550;-0.25000
18633328;-0.26000
18636106;-0.27000
18638884;-0.25500
18641661;-0.25500
18644439;-0.24500
18647217;-0.25500
18649995;-0.26000
18652773;-0.25000
18655550;-0.25500
18658328;-0.24500
18661106;-0.25000
18663884;-0.25000
18666661;-0.25500
18669439;-0.27500
18672217;-0.24500
18674995;-0.24000
18677773;-0.22500
18680550;-0.24500
18683328;-0.24000
18686106;-0.24500
18688884;-0.23000
18691661;-0.22500
18694439;-0.20500
18697217;-0.20500
18699995;-0.20500
18702773;-0.19500
18705550;-0.18000
18708328;-0.17500
18711106;-0.16000
18713884;-0.15500
18716661;-0.17500
18719439;-0.16500
18722217;-0.15000
18724995;-0.13500
18727773;-0.12000
18730550;-0.13000
18733328;-0.13500
18736106;-0.13500
18738884;-0.12500
18741661;-0.11500
18744439;-0.11500
18747217;-0.11500
18749995;-0.14500
18752773;-0.14000
18755550;-0.14500
18758328;-0.13500
18761106;-0.15000
18763884;-0.15500
18766661;-0.15000
18769439;-0.16000
18772217;-0.15000
18774995;-0.15000
18777773;-0.14500
18780550;-0.12500
18783328;-0.12500
18786106;-0.11500
18788884;-0.13500
18791661;-0.14500
18794439;-0.17500
18797217;-0.19500
18799995;-0.21500
18802773;-0.23500
18805550;-0.24000
18808328;-0.24000
18811106;-0.25500
18813884;-0.25000
18816661;-0.26000
18819439;-0.26000
18822217;-0.25000
18824995;-0.24500
18827773;-0.25000
18830550;-0.27500
18833328;-0.27000
18836106;-0.28000
18838884;-0.25500
18841661;-0.24500
18844439;-0.25500
18847217;-0.25500
18849995;-0.25500
18852772;-0.27000
18855550;-0.25500
18858328;-0.25000
18861106;-0.25500
18863884;-0.26000
18866661;-0.26500
18869439;-0.27500
18872217;-0.30000
18874995;-0.29500
18877772;-0.34500
18880550;-0.39000
18883328;-0.41500
18886106;-0.43000
18888884;-0.47000
18891661;-0.48500
18894439;-0.45500
18897217;-0.40000
18899995;-0.30500
18902772;-0.20500
18905550;-0.08500
18908328;0.04500
18911106;0.22500
18913884;0.47500
18916661;0.74500
18919439;0.92500
18922217;1.05500
18924995;1.08000
18927772;0.93000
18930550;0.60500
18933328;0.21500
18936106;-0.15000
18938884;-0.36000
18941661;-0.38500
18944439;-0.36500
18947217;-0.32500
18949995;-0.29500
18952772;-0.29000
18955550;-0.28000
18958328;-0.28000
18961106;-0.28000
18963884;-0.28000
18966661;-0.30500
18969439;-0.30500
18972217;-0.30500
18974995;-0.30000
18977772;-0.30500
18980550;-0.30500
18983328;-0.29500
18986106;-0.32000
18988884;-0.29500
18991661;-0.28500
18994439;-0.28500
18997217;-0.29000
18999995;-0.29500
19002772;-0.30500
19005550;-0.28500
19008328;-0.29000
19011106;-0.28000
19013884;-0.29000
19016661;-0.30500
19019439;-0.30500
19022217;-0.30000
19024995;-0.29000
19027772;-0.29000
19030550;-0.29000
19033328;-0.31000
19036106;-0.31500
19038884;-0.30000
19041661;-0.29000
19044439;-0.28000
19047217;-0.29500
19049995;-0.29500
19052772;-0.29500
19055550;-0.29500
19058328;-0.28500
19061106;-0.29000
19063884;-0.29500
19066661;-0.30000
19069439;-0.30500
19072217;-0.28500
19074995;-0.29000
19077772;-0.28500
19080550;-0.28000
19083328;-0.28500
19086106;-0.29500
19088884;-0.28000
19091661;-0.27500
19094439;-0.28000
19097217;-0.30000
19099995;-0.29500
19102772;-0.29500
19105550;-0.29000
19108328;-0.29000
19111106;-0.28500
19113884;-0.29000
19116661;-0.30500
19119439;-0.30500
19122217;-0.28000
19124995;-0.29000
19127772;-0.28500
19130550;-0.29000
19133328;-0.30500
19136106;-0.30000
19138884;-0.29500
19141661;-0.28000
19144439;-0.29000
19147217;-0.29000
19149995;-0.30000
19152772;-0.29500
19155550;-0.30000
19158328;-0.29000
19161106;-0.29500
19163884;-0.30000
19166661;-0.30500
19169439;-0.30500
19172217;-0.29500
19174995;-0.29000
19177772;-0.29500
19180550;-0.30000
19183328;-0.31000
19186106;-0.32000
19188884;-0.30000
19191661;-0.30000
19194439;-0.29500
19197217;-0.29500
19199995;-0.31500
19202772;-0.30500
19205550;-0.29000
19208328;-0.28500
19211106;-0.27000
19213884;-0.28000
19216661;-0.25000
19219439;-0.25000
19222217;-0.24000
19224995;-0.22000
19227772;-0.20500
19230550;-0.21000
19233328;-0.21000
19236106;-0.20500
19238884;-0.18500
19241661;-0.18000
19244439;-0.18500
19247217;-0.18500
19249995;-0.18000
19252772;-0.19500
19255550;-0.18000
19258328;-0.16500
19261106;-0.17500
19263883;-0.18000
19266661;-0.18000
19269439;-0.20000
19272217;-0.18500
19274995;-0.17000
19277772;-0.16500
19280550;-0.17500
19283328;-0.19500
19286106;-0.20500
19288883;-0.19500
19291661;-0.17500
19294439;-0.19000
19297217;-0.19500
19299995;-0.19500
19302772;-0.19500
19305550;-0.19500
19308328;-0.18500
19311106;-0.17500
19313883;-0.18000
19316661;-0.19000
19319439;-0.20500
19322217;-0.20000
19324995;-0.17500
19327772;-0.19000
19330550;-0.20000
19333328;-0.20500
19336106;-0.21500
19338883;-0.21000
19341661;-0.20000
19344439;-0.20000
19347217;-0.20500
19349995;-0.22000
19352772;-0.22000
19355550;-0.21000
19358328;-0.21500
19361106;-0.21000
19363883;-0.21500
19366661;-0.22500
19369439;-0.23500
19372217;-0.21500
19374995;-0.22500
19377772;-0.22500
19380550;-0.22000
19383328;-0.24500
19386106;-0.23000
19388883;-0.24000
19391661;-0.23500
19394439;-0.21500
19397217;-0.21000
19399995;-0.23500
19402772;-0.23500
19405550;-0.22500
19408328;-0.23500
19411106;-0.23000
19413883;-0.23000
19416661;-0.24000
19419439;-0.24000
19422217;-0.23500
19424995;-0.22500
19427772;-0.24000
19430550;-0.24000
19433328;-0.24500
19436106;-0.25500
19438883;-0.24500
19441661;-0.23500
19444439;-0.23500
19447217;-0.23500
19449995;-0.25000
19452772;-0.25500
19455550;-0.23000
19458328;-0.23500
19461106;-0.23000
19463883;-0.22500
19466661;-0.24500
19469439;-0.24500
19472217;-0.23000
19474995;-0.22000
19477772;-0.21500
19480550;-0.22500
19483328;-0.23000
19486106;-0.24000
19488883;-0.23000
19491661;-0.21500
19494439;-0.21500
19497217;-0.20500
19499995;-0.20500
19502772;-0.20000
19505550;-0.17000
19508328;-0.16500
19511106;-0.15500
19513883;-0.15500
19516661;-0.16000
19519439;-0.14000
19522217;-0.14000
19524995;-0.12000
19527772;-0.11500
19530550;-0.12000
19533328;-0.12500
19536106;-0.13500
19538883;-0.12500
19541661;-0.13000
19544439;-0.12500
19547217;-0.13000
19549995;-0.15000
19552772;-0.15000
19555550;-0.13500
19558328;-0.13000
19561106;-0.13500
19563883;-0.15000
19566661;-0.15500
19569439;-0.16000
19572217;-0.15000
19574995;-0.15500
19577772;-0.15500
19580550;-0.14000
19583328;-0.13500
19586106;-0.14000
19588883;-0.14000
19591661;-0.14500
19594439;-0.16500
19597217;-0.19500
19599995;-0.21000
19602772;-0.22000
19605550;-0.22500
19608328;-0.22500
19611106;-0.24000
19613883;-0.25000
19616661;-0.26000
19619439;-0.26000
19622217;-0.25000
19624995;-0.25000
19627772;-0.25000
19630550;-0.25500
19633328;-0.27000
19636106;-0.27000
19638883;-0.26500
19641661;-0.25500
19644439;-0.25000
19647217;-0.26000
19649994;-0.26500
19652772;-0.27000
19655550;-0.26500
19658328;-0.25500
19661106;-0.26500
19663883;-0.26500
19666661;-0.28000
19669439;-0.29000
19672217;-0.29000
19674994;-0.30500
19677772;-0.34500
19680550;-0.37000
19683328;-0.39500
19686106;-0.42000
19688883;-0.44000
19691661;-0.40500
19694439;-0.34500
19697217;-0.24500
19699994;-0.14500
19702772;-0.02000
19705550;0.16000
19708328;0.36000
19711106;0.58000
19713883;0.74000
19716661;0.82000
