time_ms;ecg_value
0;-0.19500
2778;-0.17000
5556;-0.15000
8333;-0.12500
11111;-0.14000
13889;-0.18000
16667;-0.21000
19444;-0.22000
22222;-0.22000
25000;-0.23500
27778;-0.25000
30556;-0.26500
33333;-0.29000
36111;-0.29500
38889;-0.28000
41667;-0.28000
44444;-0.27500
47222;-0.29500
50000;-0.29500
52778;-0.29500
55556;-0.28500
58333;-0.29000
61111;-0.29500
63889;-0.29500
66667;-0.30000
69444;-0.30000
72222;-0.30500
75000;-0.30000
77778;-0.30000
80556;-0.30000
83333;-0.30500
86111;-0.30000
88889;-0.29500
91667;-0.29500
94444;-0.29000
97222;-0.31000
100000;-0.34500
102778;-0.35000
105556;-0.38500
108333;-0.40500
111111;-0.42000
113889;-0.42500
116667;-0.42500
119444;-0.42500
122222;-0.44500
125000;-0.48000
127778;-0.52000
130556;-0.52500
133333;-0.45500
136111;-0.34000
138889;-0.16500
141667;0.01000
144444;0.21000
147222;0.46500
150000;0.75000
152778;1.00500
155556;1.14000
158333;1.12500
161111;0.90000
163889;0.49500
166667;0.03500
169444;-0.28500
172222;-0.41500
175000;-0.39000
177778;-0.36500
180556;-0.32000
183333;-0.32500
186111;-0.31500
188889;-0.31000
191667;-0.31500
194444;-0.32000
197222;-0.33500
200000;-0.34000
202778;-0.34000
205555;-0.34000
208333;-0.33000
211111;-0.32500
213889;-0.33500
216667;-0.34000
219444;-0.32500
222222;-0.32500
225000;-0.32000
227778;-0.33000
230555;-0.34000
233333;-0.35000
236111;-0.34500
238889;-0.32500
241667;-0.33000
244444;-0.33000
247222;-0.35500
250000;-0.35000
252778;-0.35000
255555;-0.33000
258333;-0.32500
261111;-0.32500
263889;-0.34000
266667;-0.34000
269444;-0.33500
272222;-0.32500
275000;-0.33000
277778;-0.33000
280555;-0.34000
283333;-0.35000
286111;-0.35000
288889;-0.34000
291667;-0.33000
294444;-0.34000
297222;-0.34000
300000;-0.34000
302778;-0.31500
305555;-0.32000
308333;-0.32500
311111;-0.32500
313889;-0.32000
316667;-0.33500
319444;-0.33000
322222;-0.32500
325000;-0.32000
327778;-0.32000
330555;-0.34000
333333;-0.34500
336111;-0.33500
338889;-0.33000
341667;-0.32500
344444;-0.34000
347222;-0.34000
350000;-0.35000
352778;-0.34500
355555;-0.33000
358333;-0.34000
361111;-0.34000
363889;-0.34500
366667;-0.34500
369444;-0.33500
372222;-0.34500
375000;-0.32500
377778;-0.33500
380555;-0.34000
383333;-0.35000
386111;-0.35500
388889;-0.33500
391667;-0.33000
394444;-0.34000
397222;-0.34000
400000;-0.35000
402778;-0.35500
405555;-0.35000
408333;-0.35000
411111;-0.35000
413889;-0.36000
416667;-0.36500
419444;-0.36500
422222;-0.35500
425000;-0.36000
427778;-0.35000
430555;-0.36000
433333;-0.36500
436111;-0.35500
438889;-0.35500
441667;-0.34500
444444;-0.33500
447222;-0.33000
450000;-0.35000
452778;-0.33000
455555;-0.31500
458333;-0.30500
461111;-0.30500
463889;-0.30000
466667;-0.30500
469444;-0.30000
472222;-0.30500
475000;-0.28000
477778;-0.28000
480555;-0.27500
483333;-0.26500
486111;-0.26000
488889;-0.26000
491667;-0.25000
494444;-0.25500
497222;-0.26500
500000;-0.28000
502778;-0.26500
505555;-0.25000
508333;-0.25000
511111;-0.25000
513889;-0.25500
516667;-0.27000
519444;-0.25500
522222;-0.26000
525000;-0.25000
527778;-0.25500
530555;-0.27000
533333;-0.27000
536111;-0.27000
538889;-0.25500
541667;-0.26000
544444;-0.26000
547222;-0.27500
550000;-0.29000
552778;-0.28000
555555;-0.28000
558333;-0.27000
561111;-0.29000
563889;-0.28500
566667;-0.28500
569444;-0.27000
572222;-0.27500
575000;-0.26500
577778;-0.27000
580555;-0.28000
583333;-0.31000
586111;-0.29000
588889;-0.28500
591667;-0.29500
594444;-0.30500
597222;-0.30000
600000;-0.31500
602778;-0.31000
605555;-0.29500
608333;-0.28500
611111;-0.28500
613889;-0.31000
616666;-0.32000
619444;-0.30000
622222;-0.29500
625000;-0.30500
627778;-0.31000
630555;-0.34000
633333;-0.34500
636111;-0.34500
638889;-0.34000
641666;-0.34000
644444;-0.34500
647222;-0.34000
650000;-0.35000
652778;-0.35500
655555;-0.34500
658333;-0.34500
661111;-0.33000
663889;-0.34000
666666;-0.34500
669444;-0.33500
672222;-0.33000
675000;-0.34000
677778;-0.34500
680555;-0.34000
683333;-0.34000
686111;-0.34000
688889;-0.33000
691666;-0.32500
694444;-0.33000
697222;-0.33500
700000;-0.34500
702778;-0.34000
705555;-0.32500
708333;-0.33000
711111;-0.34000
713889;-0.35500
716666;-0.37000
719444;-0.36000
722222;-0.35500
725000;-0.33500
727778;-0.33000
730555;-0.33000
733333;-0.33000
736111;-0.33500
738889;-0.33000
741666;-0.34000
744444;-0.33500
747222;-0.34500
750000;-0.33500
752778;-0.34000
755555;-0.33500
758333;-0.32000
761111;-0.33500
763889;-0.34000
766666;-0.33000
769444;-0.32500
772222;-0.30000
775000;-0.29000
777778;-0.28500
780555;-0.27500
783333;-0.28000
786111;-0.28000
788889;-0.27500
791666;-0.26500
794444;-0.27500
797222;-0.25500
800000;-0.26000
802778;-0.25000
805555;-0.23000
808333;-0.21500
811111;-0.20500
813889;-0.22000
816666;-0.23000
819444;-0.22500
822222;-0.22000
825000;-0.22000
827778;-0.23500
830555;-0.25000
833333;-0.27500
836111;-0.26000
838889;-0.24500
841666;-0.24000
844444;-0.25500
847222;-0.26000
850000;-0.26500
852778;-0.24000
855555;-0.21500
858333;-0.22500
861111;-0.25500
863889;-0.27500
866666;-0.31000
869444;-0.30000
872222;-0.31500
875000;-0.31500
877778;-0.33000
880555;-0.35500
883333;-0.36500
886111;-0.37000
888889;-0.36500
891666;-0.35500
894444;-0.35500
897222;-0.36500
900000;-0.37500
902778;-0.37000
905555;-0.36000
908333;-0.35000
911111;-0.35000
913889;-0.37000
916666;-0.38500
919444;-0.39000
922222;-0.37500
925000;-0.36500
927778;-0.36000
930555;-0.36500
933333;-0.40000
936111;-0.40000
938889;-0.37500
941666;-0.39000
944444;-0.38000
947222;-0.39000
950000;-0.39500
952778;-0.41000
955555;-0.44000
958333;-0.47000
961111;-0.50000
963889;-0.54500
966666;-0.58500
969444;-0.59000
972222;-0.51000
975000;-0.36500
977778;-0.21000
980555;-0.04500
983333;0.15500
986111;0.43500
988889;0.69000
991666;0.88500
994444;0.95500
997222;0.86500
1000000;0.57000
1002777;0.15500
1005555;-0.19500
1008333;-0.41500
1011111;-0.50000
1013889;-0.52500
1016666;-0.52000
1019444;-0.48000
1022222;-0.44000
1025000;-0.42000
1027777;-0.40000
1030555;-0.39500
1033333;-0.41000
1036111;-0.39500
1038889;-0.40000
1041666;-0.39000
1044444;-0.40000
1047222;-0.41000
1050000;-0.43500
1052777;-0.42500
1055555;-0.42000
1058333;-0.41500
1061111;-0.40500
1063889;-0.41500
1066666;-0.41000
1069444;-0.40500
1072222;-0.40000
1075000;-0.40000
1077777;-0.40000
1080555;-0.42000
1083333;-0.44000
1086111;-0.41500
1088889;-0.41500
1091666;-0.40000
1094444;-0.40500
1097222;-0.41500
1100000;-0.40500
1102777;-0.42000
1105555;-0.42000
1108333;-0.41000
1111111;-0.39000
1113889;-0.39500
1116666;-0.41000
1119444;-0.41000
1122222;-0.40000
1125000;-0.41500
1127777;-0.41500
1130555;-0.42500
1133333;-0.42000
1136111;-0.41500
1138889;-0.42500
1141666;-0.41000
1144444;-0.41000
1147222;-0.41500
1150000;-0.42500
1152777;-0.42000
1155555;-0.41500
1158333;-0.42000
1161111;-0.43000
1163889;-0.42500
1166666;-0.42000
1169444;-0.41500
1172222;-0.41500
1175000;-0.41500
1177777;-0.41500
1180555;-0.42000
1183333;-0.42500
1186111;-0.42000
1188889;-0.42000
1191666;-0.41500
1194444;-0.42000
1197222;-0.42500
1200000;-0.43500
1202777;-0.42500
1205555;-0.42500
1208333;-0.41000
1211111;-0.40500
1213889;-0.41500
1216666;-0.42500
1219444;-0.43000
1222222;-0.41000
1225000;-0.41000
1227777;-0.44500
1230555;-0.45500
1233333;-0.47500
1236111;-0.46500
1238889;-0.46500
1241666;-0.45000
1244444;-0.47000
1247222;-0.46000
1250000;-0.47500
1252777;-0.46500
1255555;-0.46000
1258333;-0.46000
1261111;-0.45500
1263889;-0.46500
1266666;-0.47000
1269444;-0.45500
1272222;-0.46000
1275000;-0.46500
1277777;-0.47000
1280555;-0.47000
1283333;-0.48000
1286111;-0.46000
1288889;-0.43000
1291666;-0.41000
1294444;-0.40500
1297222;-0.40000
1300000;-0.37500
1302777;-0.36000
1305555;-0.35500
1308333;-0.34500
1311111;-0.34500
1313889;-0.35000
1316666;-0.34000
1319444;-0.32000
1322222;-0.30500
1325000;-0.31000
1327777;-0.31500
1330555;-0.32500
1333333;-0.32500
1336111;-0.32500
1338889;-0.30500
1341666;-0.29500
1344444;-0.28000
1347222;-0.29000
1350000;-0.29500
1352777;-0.29000
1355555;-0.26500
1358333;-0.27500
1361111;-0.27500
1363889;-0.29000
1366666;-0.30500
1369444;-0.30500
1372222;-0.29000
1375000;-0.29500
1377777;-0.31500
1380555;-0.33000
1383333;-0.34500
1386111;-0.32000
1388888;-0.30000
1391666;-0.29000
1394444;-0.29500
1397222;-0.31000
1400000;-0.32000
1402777;-0.31000
1405555;-0.29000
1408333;-0.29000
1411111;-0.31000
1413888;-0.32500
1416666;-0.34000
1419444;-0.34000
1422222;-0.32500
1425000;-0.32000
1427777;-0.32000
1430555;-0.32500
1433333;-0.32500
1436111;-0.32500
1438888;-0.32000
1441666;-0.32500
1444444;-0.32500
1447222;-0.33500
1450000;-0.34000
1452777;-0.33500
1455555;-0.32500
1458333;-0.30500
1461111;-0.31000
1463888;-0.32500
1466666;-0.33500
1469444;-0.35000
1472222;-0.34000
1475000;-0.32500
1477777;-0.32500
1480555;-0.33500
1483333;-0.35000
1486111;-0.35500
1488888;-0.33500
1491666;-0.32500
1494444;-0.32500
1497222;-0.32500
1500000;-0.34500
1502777;-0.35000
1505555;-0.34500
1508333;-0.35000
1511111;-0.33500
1513888;-0.36000
1516666;-0.35000
1519444;-0.33500
1522222;-0.33000
1525000;-0.30500
1527777;-0.32000
1530555;-0.33000
1533333;-0.35000
1536111;-0.33500
1538888;-0.32500
1541666;-0.32000
1544444;-0.31000
1547222;-0.32500
1550000;-0.33000
1552777;-0.33000
1555555;-0.34500
1558333;-0.34500
1561111;-0.33500
1563888;-0.33500
1566666;-0.34500
1569444;-0.34000
1572222;-0.32500
1575000;-0.31000
1577777;-0.30500
1580555;-0.31500
1583333;-0.30500
1586111;-0.28000
1588888;-0.27500
1591666;-0.26000
1594444;-0.25500
1597222;-0.24500
1600000;-0.25500
1602777;-0.25000
1605555;-0.24000
1608333;-0.23500
1611111;-0.24000
1613888;-0.22500
1616666;-0.25000
1619444;-0.24500
1622222;-0.22500
1625000;-0.22500
1627777;-0.22000
1630555;-0.23500
1633333;-0.24000
1636111;-0.25000
1638888;-0.24000
1641666;-0.24500
1644444;-0.25000
1647222;-0.26500
1650000;-0.27000
1652777;-0.26500
1655555;-0.25000
1658333;-0.25000
1661111;-0.22000
1663888;-0.21500
1666666;-0.24000
1669444;-0.25500
1672222;-0.27000
1675000;-0.28500
1677777;-0.29500
1680555;-0.33000
1683333;-0.34500
1686111;-0.35000
1688888;-0.33500
1691666;-0.35000
1694444;-0.34000
1697222;-0.35000
1700000;-0.36500
1702777;-0.35500
1705555;-0.35500
1708333;-0.34000
1711111;-0.35000
1713888;-0.36000
1716666;-0.36000
1719444;-0.35000
1722222;-0.33500
1725000;-0.33000
1727777;-0.33000
1730555;-0.35000
1733333;-0.36000
1736111;-0.35500
1738888;-0.33500
1741666;-0.33000
1744444;-0.33500
1747222;-0.35500
1750000;-0.36500
1752777;-0.36500
1755555;-0.37500
1758333;-0.40500
1761111;-0.45500
1763888;-0.49000
1766666;-0.50500
1769444;-0.53500
1772222;-0.55000
1775000;-0.51500
1777777;-0.40000
1780555;-0.26500
1783333;-0.08500
1786111;0.14000
1788888;0.39500
1791666;0.66500
1794444;0.87500
1797222;1.00500
1799999;1.01000
1802777;0.83000
1805555;0.46500
1808333;0.01000
1811111;-0.33000
1813888;-0.49000
1816666;-0.50000
1819444;-0.44500
1822222;-0.38500
1824999;-0.36500
1827777;-0.37000
1830555;-0.39000
1833333;-0.38500
1836111;-0.38500
1838888;-0.39000
1841666;-0.37500
1844444;-0.38500
1847222;-0.39500
1849999;-0.39500
1852777;-0.39000
1855555;-0.38500
1858333;-0.37500
1861111;-0.36500
1863888;-0.37500
1866666;-0.38000
1869444;-0.39000
1872222;-0.38500
1874999;-0.36500
1877777;-0.36500
1880555;-0.39000
1883333;-0.39500
1886111;-0.38000
1888888;-0.38000
1891666;-0.37000
1894444;-0.38500
1897222;-0.40000
1899999;-0.39000
1902777;-0.38000
1905555;-0.38500
1908333;-0.39000
1911111;-0.38000
1913888;-0.38500
1916666;-0.40500
1919444;-0.40500
1922222;-0.39500
1924999;-0.38000
1927777;-0.38500
1930555;-0.38500
1933333;-0.39500
1936111;-0.39500
1938888;-0.39000
1941666;-0.38000
1944444;-0.38500
1947222;-0.38500
1949999;-0.39500
1952777;-0.39500
1955555;-0.38000
1958333;-0.38000
1961111;-0.38500
1963888;-0.40500
1966666;-0.41000
1969444;-0.40500
1972222;-0.39500
1974999;-0.39000
1977777;-0.38500
1980555;-0.40000
1983333;-0.41000
1986111;-0.40500
1988888;-0.39000
1991666;-0.38500
1994444;-0.39500
1997222;-0.40000
1999999;-0.41000
2002777;-0.40500
2005555;-0.39000
2008333;-0.40000
2011111;-0.39500
2013888;-0.41500
2016666;-0.43000
2019444;-0.41000
2022222;-0.41500
2024999;-0.41000
2027777;-0.43000
2030555;-0.43000
2033333;-0.45000
2036111;-0.45500
2038888;-0.44500
2041666;-0.44000
2044444;-0.43500
2047222;-0.44500
2049999;-0.46000
2052777;-0.45500
2055555;-0.45500
2058333;-0.45000
2061111;-0.44000
2063888;-0.44000
2066666;-0.44500
2069444;-0.43500
2072222;-0.42000
2074999;-0.40500
2077777;-0.40000
2080555;-0.38500
2083333;-0.39000
2086111;-0.39500
2088888;-0.36000
2091666;-0.36000
2094444;-0.34000
2097222;-0.32500
2099999;-0.33500
2102777;-0.32500
2105555;-0.30500
2108333;-0.29000
2111111;-0.29000
2113888;-0.29000
2116666;-0.31000
2119444;-0.29000
2122222;-0.28000
2124999;-0.27000
2127777;-0.28000
2130555;-0.29000
2133333;-0.30000
2136111;-0.29500
2138888;-0.27500
2141666;-0.26500
2144444;-0.27000
2147222;-0.28500
2149999;-0.29500
2152777;-0.28000
2155555;-0.27500
2158333;-0.26500
2161111;-0.27000
2163888;-0.28000
2166666;-0.29000
2169444;-0.28500
2172222;-0.28000
2174999;-0.27500
2177777;-0.29500
2180555;-0.30000
2183333;-0.31000
2186110;-0.29500
2188888;-0.29000
2191666;-0.29500
2194444;-0.29500
2197222;-0.30500
2199999;-0.30500
2202777;-0.31000
2205555;-0.30000
2208333;-0.30000
2211110;-0.30000
2213888;-0.31000
2216666;-0.32000
2219444;-0.31500
2222222;-0.30000
2224999;-0.30000
2227777;-0.29500
2230555;-0.32000
2233333;-0.31500
2236110;-0.31500
2238888;-0.30500
2241666;-0.31000
2244444;-0.31000
2247222;-0.31000
2249999;-0.33500
2252777;-0.34000
2255555;-0.32500
2258333;-0.32500
2261110;-0.33000
2263888;-0.33000
2266666;-0.34000
2269444;-0.33000
2272222;-0.33000
2274999;-0.32500
2277777;-0.31000
2280555;-0.32500
2283333;-0.34000
2286110;-0.32000
2288888;-0.31000
2291666;-0.30000
2294444;-0.31500
2297222;-0.32500
2299999;-0.32500
2302777;-0.32000
2305555;-0.32000
2308333;-0.30000
2311110;-0.31000
2313888;-0.31500
2316666;-0.34000
2319444;-0.33500
2322222;-0.33500
2324999;-0.32500
2327777;-0.32000
2330555;-0.34000
2333333;-0.34500
2336110;-0.33000
2338888;-0.32500
2341666;-0.32500
2344444;-0.32000
2347222;-0.33500
2349999;-0.34500
2352777;-0.33500
2355555;-0.32000
2358333;-0.31000
2361110;-0.32000
2363888;-0.33000
2366666;-0.34000
2369444;-0.32000
2372222;-0.32000
2374999;-0.30000
2377777;-0.30500
2380555;-0.31000
2383333;-0.31500
2386110;-0.32000
2388888;-0.30000
2391666;-0.28500
2394444;-0.27000
2397222;-0.26500
2399999;-0.26000
2402777;-0.25500
2405555;-0.24000
2408333;-0.23000
2411110;-0.24000
2413888;-0.23500
2416666;-0.22500
2419444;-0.22500
2422222;-0.21000
2424999;-0.21000
2427777;-0.21000
2430555;-0.23000
2433333;-0.24500
2436110;-0.24000
2438888;-0.23000
2441666;-0.23000
2444444;-0.22500
2447222;-0.22500
2449999;-0.23500
2452777;-0.24000
2455555;-0.22500
2458333;-0.20500
2461110;-0.19500
2463888;-0.20500
2466666;-0.24000
2469444;-0.26500
2472222;-0.28000
2474999;-0.28500
2477777;-0.30000
2480555;-0.32000
2483333;-0.34000
2486110;-0.34000
2488888;-0.33500
2491666;-0.33500
2494444;-0.35000
2497222;-0.33500
2499999;-0.36000
2502777;-0.35000
2505555;-0.33000
2508333;-0.34000
2511110;-0.33500
2513888;-0.34000
2516666;-0.36000
2519444;-0.35500
2522222;-0.34000
2524999;-0.33000
2527777;-0.34500
2530555;-0.36000
2533333;-0.35500
2536110;-0.35500
2538888;-0.34500
2541666;-0.34500
2544444;-0.34500
2547222;-0.36000
2549999;-0.36500
2552777;-0.36500
2555555;-0.37000
2558333;-0.36500
2561110;-0.40000
2563888;-0.45000
2566666;-0.48500
2569444;-0.51000
2572222;-0.51500
2574999;-0.54500
2577777;-0.52500
2580555;-0.41500
2583333;-0.24500
2586110;-0.03000
2588888;0.19500
2591666;0.47500
2594444;0.79000
2597221;1.02500
2599999;1.13000
2602777;1.10000
2605555;0.87000
2608333;0.42000
2611110;-0.09000
2613888;-0.40500
2616666;-0.49000
2619444;-0.43000
2622221;-0.36500
2624999;-0.34000
2627777;-0.35000
2630555;-0.37500
2633333;-0.38500
2636110;-0.38000
2638888;-0.37500
2641666;-0.37000
2644444;-0.38000
2647221;-0.39500
2649999;-0.41000
2652777;-0.41000
2655555;-0.40000
2658333;-0.39000
2661110;-0.38000
2663888;-0.40000
2666666;-0.41000
2669444;-0.40500
2672221;-0.40000
2674999;-0.38500
2677777;-0.38500
2680555;-0.39000
2683333;-0.39500
2686110;-0.40000
2688888;-0.38500
2691666;-0.38000
2694444;-0.39000
2697221;-0.40500
2699999;-0.42000
2702777;-0.41000
2705555;-0.40000
2708333;-0.39000
2711110;-0.40000
2713888;-0.41000
2716666;-0.42000
2719444;-0.40500
2722221;-0.41000
2724999;-0.40000
2727777;-0.40500
2730555;-0.41000
2733333;-0.41000
2736110;-0.41500
2738888;-0.40000
2741666;-0.39000
2744444;-0.39000
2747221;-0.40000
2749999;-0.40500
2752777;-0.40000
2755555;-0.40000
2758333;-0.38500
2761110;-0.38500
2763888;-0.40000
2766666;-0.40500
2769444;-0.40500
2772221;-0.39000
2774999;-0.40000
2777777;-0.40500
2780555;-0.41000
2783333;-0.42000
2786110;-0.42500
2788888;-0.41000
2791666;-0.40000
2794444;-0.39000
2797221;-0.40000
2799999;-0.40500
2802777;-0.41500
2805555;-0.40500
2808333;-0.39500
2811110;-0.40000
2813888;-0.41500
2816666;-0.42500
2819444;-0.42000
2822221;-0.41000
2824999;-0.40500
2827777;-0.40500
2830555;-0.41500
2833333;-0.43000
2836110;-0.41500
2838888;-0.40000
2841666;-0.39500
2844444;-0.41000
2847221;-0.41500
2849999;-0.42000
2852777;-0.43000
2855555;-0.41500
2858333;-0.41000
2861110;-0.42000
2863888;-0.42500
2866666;-0.43000
2869444;-0.42000
2872221;-0.41500
2874999;-0.39500
2877777;-0.39500
2880555;-0.39500
2883333;-0.40500
2886110;-0.38500
2888888;-0.37500
2891666;-0.35000
2894444;-0.35000
2897221;-0.35000
2899999;-0.34500
2902777;-0.32000
2905555;-0.31500
2908333;-0.30500
2911110;-0.30000
2913888;-0.29500
2916666;-0.30500
2919444;-0.30000
2922221;-0.30000
2924999;-0.28500
2927777;-0.30000
2930555;-0.31000
2933333;-0.31500
2936110;-0.30000
2938888;-0.29500
2941666;-0.29000
2944444;-0.29500
2947221;-0.31000
2949999;-0.31500
2952777;-0.30500
2955555;-0.30000
2958333;-0.30000
2961110;-0.29500
2963888;-0.31000
2966666;-0.32500
2969444;-0.31000
2972221;-0.31000
2974999;-0.30000
2977777;-0.28500
2980555;-0.30500
2983332;-0.31000
2986110;-0.31000
2988888;-0.30500
2991666;-0.30000
2994444;-0.30000
2997221;-0.31500
2999999;-0.32500
3002777;-0.33500
3005555;-0.32000
3008332;-0.31500
3011110;-0.32500
3013888;-0.32000
3016666;-0.33500
3019444;-0.33000
3022221;-0.34000
3024999;-0.32000
3027777;-0.32500
3030555;-0.33000
3033332;-0.34000
3036110;-0.35000
3038888;-0.32500
3041666;-0.31000
3044444;-0.31000
3047221;-0.32500
3049999;-0.34000
3052777;-0.34000
3055555;-0.33500
3058332;-0.32000
3061110;-0.33500
3063888;-0.34500
3066666;-0.36000
3069444;-0.35500
3072221;-0.34500
3074999;-0.34500
3077777;-0.35500
3080555;-0.36000
3083332;-0.36000
3086110;-0.36500
3088888;-0.35000
3091666;-0.35000
3094444;-0.34500
3097221;-0.35000
3099999;-0.36000
3102777;-0.35500
3105555;-0.34500
3108332;-0.34500
3111110;-0.34000
3113888;-0.36000
3116666;-0.36500
3119444;-0.36000
3122221;-0.33500
3124999;-0.33500
3127777;-0.34000
3130555;-0.36000
3133332;-0.36500
3136110;-0.34500
3138888;-0.35000
3141666;-0.34000
3144444;-0.34000
3147221;-0.34500
3149999;-0.35000
3152777;-0.34500
3155555;-0.33500
3158332;-0.32000
3161110;-0.32000
3163888;-0.33500
3166666;-0.33000
3169444;-0.32500
3172221;-0.32000
3174999;-0.31500
3177777;-0.32000
3180555;-0.32500
3183332;-0.34500
3186110;-0.34000
3188888;-0.33000
3191666;-0.30500
3194444;-0.30500
3197221;-0.30000
3199999;-0.28500
3202777;-0.27000
3205555;-0.27000
3208332;-0.25000
3211110;-0.26000
3213888;-0.26000
3216666;-0.27500
3219444;-0.25500
3222221;-0.24500
3224999;-0.23000
3227777;-0.23000
3230555;-0.23000
3233332;-0.23500
3236110;-0.23500
3238888;-0.23500
3241666;-0.21000
3244444;-0.22500
3247221;-0.24000
3249999;-0.24000
3252777;-0.24500
3255555;-0.24500
3258332;-0.23500
3261110;-0.23000
3263888;-0.24000
3266666;-0.26000
3269444;-0.25500
3272221;-0.24000
3274999;-0.21000
3277777;-0.21000
3280555;-0.22000
3283332;-0.25500
3286110;-0.28500
3288888;-0.29000
3291666;-0.30000
3294444;-0.31500
3297221;-0.33500
3299999;-0.34500
3302777;-0.35500
3305555;-0.35500
3308332;-0.35500
3311110;-0.34500
3313888;-0.36000
3316666;-0.36500
3319444;-0.35000
3322221;-0.35500
3324999;-0.35000
3327777;-0.35500
3330555;-0.36000
3333332;-0.37000
3336110;-0.35500
3338888;-0.35500
3341666;-0.35000
3344444;-0.36500
3347221;-0.36000
3349999;-0.36500
3352777;-0.37500
3355555;-0.36500
3358332;-0.36000
3361110;-0.37500
3363888;-0.38500
3366666;-0.42000
3369444;-0.45500
3372221;-0.48500
3374999;-0.50000
3377777;-0.52000
3380555;-0.55000
3383332;-0.59500
3386110;-0.54500
3388888;-0.43000
3391666;-0.25500
3394443;-0.07500
3397221;0.11500
3399999;0.35000
3402777;0.66000
3405555;0.93000
3408332;1.10000
3411110;1.19000
3413888;1.15000
3416666;0.97000
3419443;0.67000
3422221;0.34500
3424999;0.05000
3427777;-0.18000
3430555;-0.36000
3433332;-0.47500
3436110;-0.54000
3438888;-0.55000
3441666;-0.52000
3444443;-0.49500
3447221;-0.44000
3449999;-0.42000
3452777;-0.40500
3455555;-0.39500
3458332;-0.38500
3461110;-0.40000
3463888;-0.39500
3466666;-0.41000
3469443;-0.41500
3472221;-0.42500
3474999;-0.40000
3477777;-0.40500
3480555;-0.41000
3483332;-0.41500
3486110;-0.42000
3488888;-0.40000
3491666;-0.39000
3494443;-0.39500
3497221;-0.39000
3499999;-0.40500
3502777;-0.40500
3505555;-0.39500
3508332;-0.38500
3511110;-0.39000
3513888;-0.40000
3516666;-0.41000
3519443;-0.41000
3522221;-0.40500
3524999;-0.39000
3527777;-0.39500
3530555;-0.39500
3533332;-0.41000
3536110;-0.40000
3538888;-0.40500
3541666;-0.38500
3544443;-0.38500
3547221;-0.39500
3549999;-0.39500
3552777;-0.40000
3555555;-0.39000
3558332;-0.38000
3561110;-0.38000
3563888;-0.38500
3566666;-0.39500
3569443;-0.39500
3572221;-0.38500
3574999;-0.39000
3577777;-0.38500
3580555;-0.40000
3583332;-0.41000
3586110;-0.41000
3588888;-0.40000
3591666;-0.39000
3594443;-0.39500
3597221;-0.41000
3599999;-0.42500
3602777;-0.41000
3605555;-0.40000
3608332;-0.39500
3611110;-0.38000
3613888;-0.38500
3616666;-0.39500
3619443;-0.40000
3622221;-0.38500
3624999;-0.37000
3627777;-0.38500
3630555;-0.39500
3633332;-0.40500
3636110;-0.40500
3638888;-0.40000
3641666;-0.39500
3644443;-0.39500
3647221;-0.41000
3649999;-0.41500
3652777;-0.42500
3655555;-0.42000
3658332;-0.41000
3661110;-0.41500
3663888;-0.43500
3666666;-0.43500
3669443;-0.44000
3672221;-0.42500
3674999;-0.41500
3677777;-0.41000
3680555;-0.41000
3683332;-0.42000
3686110;-0.41500
3688888;-0.39000
3691666;-0.38500
3694443;-0.38000
3697221;-0.38500
3699999;-0.38500
3702777;-0.37500
3705555;-0.36000
3708332;-0.34500
3711110;-0.35000
3713888;-0.34500
3716666;-0.35000
3719443;-0.33500
3722221;-0.33000
3724999;-0.31500
3727777;-0.30500
3730555;-0.31500
3733332;-0.32500
3736110;-0.30500
3738888;-0.29500
3741666;-0.29000
3744443;-0.29500
3747221;-0.29000
3749999;-0.31000
3752777;-0.30500
3755555;-0.29500
3758332;-0.28000
3761110;-0.28500
3763888;-0.29000
3766666;-0.30500
3769443;-0.31000
3772221;-0.29000
3774999;-0.28000
3777777;-0.28000
3780554;-0.27500
3783332;-0.29500
3786110;-0.29000
3788888;-0.28000
3791666;-0.27000
3794443;-0.28500
3797221;-0.30000
3799999;-0.32000
3802777;-0.31000
3805554;-0.31000
3808332;-0.29500
3811110;-0.30500
3813888;-0.31000
3816666;-0.32500
3819443;-0.32000
3822221;-0.32000
3824999;-0.31500
3827777;-0.33000
3830554;-0.33000
3833332;-0.33000
3836110;-0.32500
3838888;-0.32000
3841666;-0.32000
3844443;-0.32500
3847221;-0.32500
3849999;-0.34000
3852777;-0.33500
3855554;-0.33000
3858332;-0.32500
3861110;-0.33000
3863888;-0.33000
3866666;-0.35000
3869443;-0.35500
3872221;-0.34500
3874999;-0.33500
3877777;-0.35000
3880554;-0.35500
3883332;-0.36500
3886110;-0.36000
3888888;-0.35500
3891666;-0.35000
3894443;-0.35500
3897221;-0.36000
3899999;-0.36500
3902777;-0.36000
3905554;-0.35500
3908332;-0.35500
3911110;-0.35000
3913888;-0.36500
3916666;-0.37000
3919443;-0.36500
3922221;-0.36000
3924999;-0.34500
3927777;-0.35500
3930554;-0.35000
3933332;-0.36500
3936110;-0.35500
3938888;-0.34000
3941666;-0.34500
3944443;-0.34000
3947221;-0.34500
3949999;-0.36000
3952777;-0.35500
3955554;-0.36000
3958332;-0.35500
3961110;-0.36500
3963888;-0.36000
3966666;-0.37000
3969443;-0.36500
3972221;-0.35000
3974999;-0.35500
3977777;-0.35000
3980554;-0.35000
3983332;-0.38000
3986110;-0.38000
3988888;-0.37000
3991666;-0.35000
3994443;-0.33500
3997221;-0.34000
3999999;-0.35500
4002777;-0.35500
4005554;-0.34500
4008332;-0.33500
4011110;-0.33000
4013888;-0.33500
4016666;-0.33500
4019443;-0.32500
4022221;-0.29000
4024999;-0.28000
4027777;-0.28000
4030554;-0.29000
4033332;-0.28500
4036110;-0.28000
4038888;-0.27000
4041666;-0.25000
4044443;-0.25500
4047221;-0.25500
4049999;-0.26000
4052777;-0.25000
4055554;-0.25500
4058332;-0.26000
4061110;-0.27000
4063888;-0.28500
4066666;-0.29500
4069443;-0.29000
4072221;-0.27500
4074999;-0.27000
4077777;-0.28000
4080554;-0.27500
4083332;-0.27000
4086110;-0.25500
4088888;-0.25500
4091666;-0.28000
4094443;-0.30500
4097221;-0.33000
4099999;-0.36500
4102777;-0.37000
4105554;-0.37500
4108332;-0.38000
4111110;-0.38000
4113888;-0.40000
4116666;-0.41500
4119443;-0.42000
4122221;-0.40000
4124999;-0.38000
4127777;-0.38000
4130554;-0.39500
4133332;-0.41500
4136110;-0.41500
4138888;-0.41500
4141666;-0.41000
4144443;-0.41500
4147221;-0.42000
4149999;-0.43000
4152777;-0.42500
4155554;-0.40500
4158332;-0.40000
4161110;-0.41000
4163888;-0.40500
4166666;-0.42000
4169443;-0.42500
4172221;-0.42000
4174999;-0.43000
4177777;-0.47000
4180554;-0.51500
4183332;-0.56500
4186110;-0.57500
4188888;-0.60500
4191665;-0.63000
4194443;-0.66000
4197221;-0.63000
4199999;-0.58500
4202777;-0.49500
4205554;-0.37500
4208332;-0.27500
4211110;-0.14000
4213888;0.03000
4216665;0.27000
4219443;0.55000
4222221;0.78000
4224999;0.89500
4227777;0.87000
4230554;0.68000
4233332;0.31500
4236110;-0.09000
4238888;-0.38500
4241665;-0.51500
4244443;-0.55000
4247221;-0.52500
4249999;-0.48500
4252777;-0.46000
4255554;-0.45000
4258332;-0.44500
4261110;-0.43000
4263888;-0.44000
4266665;-0.46000
4269443;-0.45500
4272221;-0.45000
4274999;-0.44500
4277777;-0.45000
4280554;-0.47000
4283332;-0.46000
4286110;-0.47000
4288888;-0.46500
4291665;-0.45500
4294443;-0.46500
4297221;-0.46000
4299999;-0.48000
4302777;-0.46500
4305554;-0.45500
4308332;-0.44500
4311110;-0.44000
4313888;-0.44500
4316665;-0.46500
4319443;-0.45000
4322221;-0.44500
4324999;-0.43000
4327777;-0.44000
4330554;-0.45500
4333332;-0.47000
4336110;-0.47000
4338888;-0.47000
4341665;-0.45500
4344443;-0.46000
4347221;-0.46500
4349999;-0.48000
4352777;-0.47000
4355554;-0.44500
4358332;-0.42500
4361110;-0.43500
4363888;-0.44500
4366665;-0.46500
4369443;-0.48000
4372221;-0.45000
4374999;-0.45000
4377777;-0.45500
4380554;-0.46000
4383332;-0.47500
4386110;-0.45500
4388888;-0.44500
4391665;-0.43500
4394443;-0.43000
4397221;-0.44000
4399999;-0.45500
4402777;-0.44500
4405554;-0.45000
4408332;-0.45500
4411110;-0.46500
4413888;-0.47500
4416665;-0.47000
4419443;-0.45500
4422221;-0.44500
4424999;-0.44500
4427777;-0.44500
4430554;-0.44500
4433332;-0.46000
4436110;-0.47000
4438888;-0.45500
4441665;-0.45500
4444443;-0.45500
4447221;-0.45000
4449999;-0.47500
4452777;-0.47000
4455554;-0.48000
4458332;-0.47500
4461110;-0.47500
4463888;-0.48500
4466665;-0.49500
4469443;-0.47500
4472221;-0.48000
4474999;-0.48500
4477777;-0.49000
4480554;-0.49000
4483332;-0.50500
4486110;-0.49000
4488888;-0.49500
4491665;-0.49000
4494443;-0.50000
4497221;-0.51000
4499999;-0.51500
4502777;-0.50000
4505554;-0.50000
4508332;-0.47500
4511110;-0.47500
4513888;-0.47500
4516665;-0.47500
4519443;-0.46000
4522221;-0.44000
4524999;-0.42500
4527777;-0.41500
4530554;-0.41000
4533332;-0.42500
4536110;-0.41500
4538888;-0.39000
4541665;-0.38000
4544443;-0.36000
4547221;-0.35500
4549999;-0.35500
4552777;-0.37000
4555554;-0.36500
4558332;-0.35000
4561110;-0.34500
4563888;-0.35500
4566665;-0.35500
4569443;-0.36000
4572221;-0.35000
4574999;-0.34500
4577776;-0.34000
4580554;-0.36500
4583332;-0.37500
4586110;-0.36500
4588888;-0.36000
4591665;-0.34000
4594443;-0.34000
4597221;-0.35000
4599999;-0.36500
4602776;-0.36000
4605554;-0.36000
4608332;-0.35500
4611110;-0.36000
4613888;-0.36500
4616665;-0.37500
4619443;-0.38000
4622221;-0.36500
4624999;-0.34500
4627776;-0.36000
4630554;-0.36000
4633332;-0.37500
4636110;-0.36500
4638888;-0.35500
4641665;-0.34500
4644443;-0.34500
4647221;-0.35500
4649999;-0.38000
4652776;-0.40000
4655554;-0.39500
4658332;-0.36500
4661110;-0.38000
4663888;-0.38000
4666665;-0.40000
4669443;-0.41000
4672221;-0.39500
4674999;-0.41000
4677776;-0.39500
4680554;-0.40000
4683332;-0.39000
4686110;-0.39500
4688888;-0.39000
4691665;-0.38500
4694443;-0.38500
4697221;-0.40500
4699999;-0.42500
4702776;-0.42000
4705554;-0.39500
4708332;-0.38000
4711110;-0.37000
4713888;-0.37500
4716665;-0.38000
4719443;-0.38500
4722221;-0.38000
4724999;-0.37500
4727776;-0.38000
4730554;-0.39000
4733332;-0.39000
4736110;-0.39500
4738888;-0.38500
4741665;-0.38000
4744443;-0.38000
4747221;-0.41000
4749999;-0.39500
4752776;-0.39000
4755554;-0.39000
4758332;-0.38000
4761110;-0.38500
4763888;-0.40000
4766665;-0.41500
4769443;-0.41500
4772221;-0.41500
4774999;-0.40000
4777776;-0.40000
4780554;-0.41000
4783332;-0.42000
4786110;-0.40000
4788888;-0.39000
4791665;-0.38000
4794443;-0.37500
4797221;-0.40000
4799999;-0.40500
4802776;-0.40500
4805554;-0.40000
4808332;-0.38500
4811110;-0.37000
4813888;-0.36000
4816665;-0.36500
4819443;-0.35500
4822221;-0.34000
4824999;-0.33000
4827776;-0.33000
4830554;-0.34000
4833332;-0.35000
4836110;-0.33500
4838888;-0.33000
4841665;-0.30500
4844443;-0.29500
4847221;-0.30500
4849999;-0.31000
4852776;-0.30000
4855554;-0.29000
4858332;-0.29500
4861110;-0.28500
4863888;-0.29000
4866665;-0.31500
4869443;-0.30500
4872221;-0.31000
4874999;-0.30000
4877776;-0.29500
4880554;-0.31000
4883332;-0.33000
4886110;-0.34000
4888888;-0.30000
4891665;-0.27000
4894443;-0.28500
4897221;-0.31500
4899999;-0.35000
4902776;-0.37000
4905554;-0.38500
4908332;-0.39000
4911110;-0.39500
4913888;-0.40500
4916665;-0.41500
4919443;-0.41000
4922221;-0.39500
4924999;-0.40500
4927776;-0.41500
4930554;-0.43000
4933332;-0.43500
4936110;-0.42500
4938888;-0.41000
4941665;-0.40500
4944443;-0.41500
4947221;-0.42000
4949999;-0.43000
4952776;-0.43000
4955554;-0.43000
4958332;-0.42000
4961110;-0.43000
4963887;-0.43500
4966665;-0.44500
4969443;-0.43000
4972221;-0.41000
4974999;-0.41500
4977776;-0.41000
4980554;-0.41500
4983332;-0.43000
4986110;-0.44500
4988887;-0.48500
4991665;-0.51000
4994443;-0.53500
4997221;-0.54500
4999999;-0.56500
5002776;-0.58500
5005554;-0.63000
5008332;-0.64000
5011110;-0.60000
5013887;-0.50500
5016665;-0.36500
5019443;-0.18500
5022221;0.02500
5024999;0.27000
5027776;0.54500
5030554;0.77000
5033332;0.91500
5036110;0.93500
5038887;0.74000
5041665;0.35500
5044443;-0.09000
5047221;-0.40000
5049999;-0.54500
5052776;-0.55500
5055554;-0.52500
5058332;-0.46500
5061110;-0.45000
5063887;-0.45000
5066665;-0.46000
5069443;-0.45500
5072221;-0.45500
5074999;-0.45000
5077776;-0.44500
5080554;-0.45000
5083332;-0.46500
5086110;-0.46500
5088887;-0.44500
5091665;-0.44000
5094443;-0.43000
5097221;-0.43500
5099999;-0.44500
5102776;-0.44000
5105554;-0.43500
5108332;-0.43500
5111110;-0.44500
5113887;-0.45000
5116665;-0.45500
5119443;-0.45000
5122221;-0.45000
5124999;-0.43500
5127776;-0.44500
5130554;-0.46000
5133332;-0.47000
5136110;-0.44500
5138887;-0.45500
5141665;-0.44500
5144443;-0.44000
5147221;-0.45500
5149999;-0.46000
5152776;-0.48000
5155554;-0.47000
5158332;-0.46000
5161110;-0.44000
5163887;-0.45500
5166665;-0.46000
5169443;-0.45500
5172221;-0.45500
5174999;-0.43500
5177776;-0.42000
5180554;-0.43500
5183332;-0.44000
5186110;-0.44500
5188887;-0.43500
5191665;-0.43500
5194443;-0.43000
5197221;-0.44000
5199999;-0.43500
5202776;-0.44000
5205554;-0.43000
5208332;-0.42000
5211110;-0.43000
5213887;-0.43500
5216665;-0.45000
5219443;-0.44000
5222221;-0.43000
5224999;-0.43500
5227776;-0.43500
5230554;-0.44500
5233332;-0.45000
5236110;-0.45000
5238887;-0.44000
5241665;-0.43000
5244443;-0.43500
5247221;-0.46000
5249999;-0.46000
5252776;-0.45500
5255554;-0.44500
5258332;-0.44000
5261110;-0.44500
5263887;-0.46000
5266665;-0.47500
5269443;-0.47500
5272221;-0.46500
5274999;-0.46500
5277776;-0.46500
5280554;-0.47000
5283332;-0.50000
5286110;-0.49500
5288887;-0.50000
5291665;-0.49000
5294443;-0.50000
5297221;-0.49500
5299999;-0.52000
5302776;-0.51500
5305554;-0.51000
5308332;-0.50000
5311110;-0.51000
5313887;-0.51500
5316665;-0.51000
5319443;-0.51000
5322221;-0.48500
5324999;-0.47500
5327776;-0.45000
5330554;-0.45500
5333332;-0.45500
5336110;-0.42500
5338887;-0.41500
5341665;-0.39500
5344443;-0.37500
5347221;-0.37000
5349999;-0.37000
5352776;-0.36500
5355554;-0.34000
5358332;-0.34000
5361110;-0.32500
5363887;-0.33500
5366665;-0.34500
5369443;-0.33500
5372221;-0.33500
5374998;-0.32500
5377776;-0.32500
5380554;-0.33000
5383332;-0.34000
5386110;-0.33500
5388887;-0.32000
5391665;-0.31500
5394443;-0.32000
5397221;-0.32000
5399998;-0.34000
5402776;-0.33000
5405554;-0.32500
5408332;-0.31500
5411110;-0.32000
5413887;-0.32000
5416665;-0.33500
5419443;-0.33000
5422221;-0.31500
5424998;-0.30500
5427776;-0.31000
5430554;-0.33000
5433332;-0.33500
5436110;-0.32000
5438887;-0.32000
5441665;-0.32500
5444443;-0.32000
5447221;-0.33000
5449998;-0.34500
5452776;-0.35500
5455554;-0.34000
5458332;-0.32500
5461110;-0.34000
5463887;-0.34000
5466665;-0.35000
5469443;-0.35000
5472221;-0.34000
5474998;-0.32500
5477776;-0.33000
5480554;-0.35000
5483332;-0.35500
5486110;-0.34000
5488887;-0.32500
5491665;-0.32500
5494443;-0.33500
5497221;-0.34500
5499998;-0.35000
5502776;-0.35000
5505554;-0.34000
5508332;-0.33500
5511110;-0.34500
5513887;-0.35000
5516665;-0.36500
5519443;-0.35500
5522221;-0.35500
5524998;-0.34500
5527776;-0.34500
5530554;-0.36000
5533332;-0.36000
5536110;-0.35000
5538887;-0.34000
5541665;-0.34000
5544443;-0.34000
5547221;-0.35000
5549998;-0.35000
5552776;-0.35500
5555554;-0.35000
5558332;-0.34000
5561110;-0.35500
5563887;-0.36000
5566665;-0.36000
5569443;-0.36000
5572221;-0.34000
5574998;-0.33500
5577776;-0.33500
5580554;-0.34500
5583332;-0.35500
5586110;-0.34500
5588887;-0.34500
5591665;-0.32000
5594443;-0.34000
5597221;-0.35000
5599998;-0.36000
5602776;-0.35500
5605554;-0.34000
5608332;-0.34000
5611110;-0.34000
5613887;-0.35000
5616665;-0.36000
5619443;-0.34500
5622221;-0.33500
5624998;-0.33000
5627776;-0.33000
5630554;-0.34000
5633332;-0.35500
5636110;-0.34500
5638887;-0.32500
5641665;-0.32500
5644443;-0.33000
5647221;-0.33000
5649998;-0.34500
5652776;-0.35000
5655554;-0.33500
5658332;-0.33000
5661110;-0.31000
5663887;-0.30000
5666665;-0.29500
5669443;-0.28500
5672221;-0.26500
5674998;-0.26000
5677776;-0.24500
5680554;-0.25500
5683332;-0.26500
5686110;-0.25000
5688887;-0.23000
5691665;-0.21500
5694443;-0.20500
5697221;-0.21500
5699998;-0.23000
5702776;-0.23000
5705554;-0.22500
5708332;-0.23000
5711110;-0.24500
5713887;-0.25000
5716665;-0.26000
5719443;-0.25500
5722221;-0.25500
5724998;-0.25500
5727776;-0.26000
5730554;-0.24500
5733332;-0.24000
5736110;-0.21500
5738887;-0.21000
5741665;-0.23500
5744443;-0.26500
5747221;-0.29000
5749998;-0.30000
5752776;-0.29500
5755554;-0.30000
5758332;-0.30500
5761109;-0.31000
5763887;-0.32000
5766665;-0.34000
5769443;-0.33500
5772221;-0.34000
5774998;-0.34000
5777776;-0.34500
5780554;-0.35000
5783332;-0.36000
5786109;-0.36500
5788887;-0.35000
5791665;-0.35000
5794443;-0.34500
5797221;-0.36000
5799998;-0.36500
5802776;-0.37000
5805554;-0.35500
5808332;-0.36000
5811109;-0.37500
5813887;-0.37500
5816665;-0.39000
5819443;-0.38000
5822221;-0.37000
5824998;-0.36000
5827776;-0.36000
5830554;-0.36500
5833332;-0.38500
5836109;-0.39000
5838887;-0.39500
5841665;-0.41500
5844443;-0.45000
5847221;-0.49500
5849998;-0.52500
5852776;-0.54500
5855554;-0.56000
5858332;-0.53000
5861109;-0.43500
5863887;-0.29500
5866665;-0.14000
5869443;0.06000
5872221;0.30500
5874998;0.57500
5877776;0.85000
5880554;1.05000
5883332;1.15000
5886109;1.13500
5888887;0.93500
5891665;0.53000
5894443;0.04500
5897221;-0.32500
5899998;-0.49000
5902776;-0.51500
5905554;-0.47500
5908332;-0.42000
5911109;-0.39000
5913887;-0.37000
5916665;-0.39000
5919443;-0.38500
5922221;-0.38000
5924998;-0.37500
5927776;-0.39000
5930554;-0.38500
5933332;-0.40000
5936109;-0.39500
5938887;-0.39000
5941665;-0.38500
5944443;-0.38500
5947221;-0.38500
5949998;-0.41000
5952776;-0.40000
5955554;-0.40000
5958332;-0.40000
5961109;-0.40500
5963887;-0.41000
5966665;-0.41500
5969443;-0.42500
5972221;-0.41000
5974998;-0.40500
5977776;-0.41000
5980554;-0.42000
5983332;-0.43500
5986109;-0.42000
5988887;-0.42500
5991665;-0.41500
5994443;-0.41000
5997221;-0.41500
5999998;-0.42500
6002776;-0.42000
6005554;-0.41000
6008332;-0.40500
6011109;-0.40000
6013887;-0.40000
6016665;-0.41000
6019443;-0.40500
6022221;-0.40000
6024998;-0.39000
6027776;-0.39500
6030554;-0.39000
6033332;-0.40500
6036109;-0.40000
6038887;-0.40000
6041665;-0.39500
6044443;-0.40500
6047221;-0.40500
6049998;-0.42000
6052776;-0.42500
6055554;-0.41500
6058332;-0.40500
6061109;-0.40500
6063887;-0.41000
6066665;-0.41500
6069443;-0.42000
6072221;-0.41500
6074998;-0.40500
6077776;-0.40500
6080554;-0.40500
6083332;-0.42000
6086109;-0.41500
6088887;-0.41000
6091665;-0.40500
6094443;-0.39500
6097221;-0.40000
6099998;-0.42000
6102776;-0.41500
6105554;-0.41000
6108332;-0.40500
6111109;-0.39500
6113887;-0.40500
6116665;-0.43000
6119443;-0.41000
6122221;-0.41000
6124998;-0.41500
6127776;-0.41500
6130554;-0.42500
6133332;-0.43500
6136109;-0.43000
6138887;-0.43000
6141665;-0.41000
6144443;-0.42000
6147221;-0.42500
6149998;-0.44500
6152776;-0.43000
6155554;-0.42500
6158332;-0.42000
6161109;-0.42500
6163887;-0.42500
6166665;-0.43000
6169443;-0.44000
6172220;-0.41500
6174998;-0.41000
6177776;-0.39500
6180554;-0.39500
6183332;-0.39500
6186109;-0.38500
6188887;-0.37000
6191665;-0.34500
6194443;-0.34500
6197220;-0.35500
6199998;-0.35500
6202776;-0.34000
6205554;-0.32000
6208332;-0.31000
6211109;-0.31000
6213887;-0.32500
6216665;-0.31500
6219443;-0.31000
6222220;-0.31000
6224998;-0.29500
6227776;-0.29500
6230554;-0.30500
6233332;-0.30000
6236109;-0.29500
6238887;-0.29000
6241665;-0.28000
6244443;-0.28000
6247220;-0.29500
6249998;-0.30000
6252776;-0.30500
6255554;-0.28500
6258332;-0.28000
6261109;-0.28500
6263887;-0.28000
6266665;-0.30000
6269443;-0.29000
6272220;-0.28000
6274998;-0.27500
6277776;-0.28000
6280554;-0.28500
6283332;-0.29500
6286109;-0.31000
6288887;-0.27500
6291665;-0.29000
6294443;-0.29000
6297220;-0.29500
6299998;-0.31000
6302776;-0.31500
6305554;-0.30500
6308332;-0.29500
6311109;-0.30000
6313887;-0.30500
6316665;-0.31500
6319443;-0.32000
6322220;-0.31000
6324998;-0.30500
6327776;-0.31000
6330554;-0.31500
6333332;-0.32500
6336109;-0.32000
6338887;-0.31500
6341665;-0.31000
6344443;-0.31000
6347220;-0.31500
6349998;-0.32000
6352776;-0.32500
6355554;-0.32000
6358332;-0.31500
6361109;-0.33000
6363887;-0.33000
6366665;-0.33500
6369443;-0.34500
6372220;-0.34000
6374998;-0.33000
6377776;-0.33000
6380554;-0.35500
6383332;-0.35500
6386109;-0.34500
6388887;-0.34500
6391665;-0.33500
6394443;-0.33500
6397220;-0.34000
6399998;-0.36000
6402776;-0.35500
6405554;-0.34000
6408332;-0.34000
6411109;-0.34500
6413887;-0.34000
6416665;-0.35000
6419443;-0.35000
6422220;-0.33000
6424998;-0.33000
6427776;-0.34000
6430554;-0.34000
6433332;-0.36000
6436109;-0.35000
6438887;-0.34000
6441665;-0.34000
6444443;-0.33500
6447220;-0.35000
6449998;-0.36500
6452776;-0.36000
6455554;-0.35500
6458332;-0.34000
6461109;-0.33000
6463887;-0.34500
6466665;-0.35000
6469443;-0.35000
6472220;-0.34000
6474998;-0.33500
6477776;-0.33000
6480554;-0.35000
6483332;-0.34500
6486109;-0.34000
6488887;-0.32500
6491665;-0.32000
6494443;-0.31500
6497220;-0.33000
6499998;-0.33500
6502776;-0.32500
6505554;-0.31000
6508332;-0.29000
6511109;-0.28000
6513887;-0.27500
6516665;-0.28000
6519443;-0.28000
6522220;-0.27000
6524998;-0.25500
6527776;-0.26000
6530554;-0.26500
6533332;-0.28000
6536109;-0.26000
6538887;-0.24500
6541665;-0.23500
6544443;-0.21500
6547220;-0.23500
6549998;-0.25000
6552776;-0.22000
6555554;-0.21500
6558331;-0.20500
6561109;-0.21000
6563887;-0.22500
6566665;-0.24000
6569443;-0.24000
6572220;-0.24500
6574998;-0.24000
6577776;-0.23000
6580554;-0.23500
6583331;-0.25500
6586109;-0.26000
6588887;-0.24500
6591665;-0.21000
6594443;-0.19000
6597220;-0.23000
6599998;-0.27000
6602776;-0.29000
6605554;-0.28000
6608331;-0.30500
6611109;-0.31500
6613887;-0.33000
6616665;-0.35000
6619443;-0.36000
6622220;-0.35500
6624998;-0.32500
6627776;-0.33500
6630554;-0.34500
6633331;-0.36000
6636109;-0.35500
6638887;-0.34000
6641665;-0.34000
6644443;-0.34500
6647220;-0.37000
6649998;-0.38000
6652776;-0.38000
6655554;-0.37000
6658331;-0.37000
6661109;-0.37000
6663887;-0.36500
6666665;-0.38500
6669443;-0.36500
6672220;-0.36500
6674998;-0.36000
6677776;-0.37000
6680554;-0.39500
6683331;-0.43500
6686109;-0.48500
6688887;-0.50000
6691665;-0.52000
6694443;-0.55500
6697220;-0.57500
6699998;-0.54500
6702776;-0.43000
6705554;-0.25500
6708331;-0.06500
6711109;0.12500
6713887;0.36000
6716665;0.62500
6719443;0.89000
6722220;1.08500
6724998;1.15000
6727776;1.06000
6730554;0.78500
6733331;0.35000
6736109;-0.08000
6738887;-0.38000
6741665;-0.47500
6744443;-0.49500
6747220;-0.47000
6749998;-0.45000
6752776;-0.41500
6755554;-0.39000
6758331;-0.38000
6761109;-0.37500
6763887;-0.39000
6766665;-0.40000
6769443;-0.40000
6772220;-0.39000
6774998;-0.38500
6777776;-0.39500
6780554;-0.40000
6783331;-0.40500
6786109;-0.41000
6788887;-0.40000
6791665;-0.38500
6794443;-0.39000
6797220;-0.40500
6799998;-0.39500
6802776;-0.40500
6805554;-0.40000
6808331;-0.40000
6811109;-0.38500
6813887;-0.39000
6816665;-0.40500
6819443;-0.41500
6822220;-0.40500
6824998;-0.39500
6827776;-0.39500
6830554;-0.40000
6833331;-0.41500
6836109;-0.41000
6838887;-0.39000
6841665;-0.39500
6844443;-0.39000
6847220;-0.39000
6849998;-0.41000
6852776;-0.40500
6855554;-0.39500
6858331;-0.39000
6861109;-0.39000
6863887;-0.39500
6866665;-0.40000
6869443;-0.39500
6872220;-0.38500
6874998;-0.38500
6877776;-0.38500
6880554;-0.38000
6883331;-0.39500
6886109;-0.40000
6888887;-0.38500
6891665;-0.38000
6894443;-0.37500
6897220;-0.39000
6899998;-0.40000
6902776;-0.39000
6905554;-0.38000
6908331;-0.38000
6911109;-0.38500
6913887;-0.39000
6916665;-0.40500
6919443;-0.40000
6922220;-0.39000
6924998;-0.38500
6927776;-0.37500
6930554;-0.38500
6933331;-0.39500
6936109;-0.39500
6938887;-0.39000
6941665;-0.37500
6944442;-0.38500
6947220;-0.39500
6949998;-0.40500
6952776;-0.39000
6955554;-0.39000
6958331;-0.39000
6961109;-0.38500
6963887;-0.40500
6966665;-0.40500
6969442;-0.40000
6972220;-0.41000
6974998;-0.39500
6977776;-0.39500
6980554;-0.40000
6983331;-0.41000
6986109;-0.41000
6988887;-0.40000
6991665;-0.40000
6994442;-0.39500
6997220;-0.40500
6999998;-0.41500
7002776;-0.41000
7005554;-0.40500
7008331;-0.40000
7011109;-0.40000
7013887;-0.40500
7016665;-0.41000
7019442;-0.41000
7022220;-0.39500
7024998;-0.38000
7027776;-0.37500
7030554;-0.38000
7033331;-0.39000
7036109;-0.36500
7038887;-0.35500
7041665;-0.33500
7044442;-0.32500
7047220;-0.32500
7049998;-0.33500
7052776;-0.31000
7055554;-0.30500
7058331;-0.28000
7061109;-0.28500
7063887;-0.28500
7066665;-0.27500
7069442;-0.28500
7072220;-0.28000
7074998;-0.26000
7077776;-0.26000
7080554;-0.26500
7083331;-0.28000
7086109;-0.28000
7088887;-0.27000
7091665;-0.26500
7094442;-0.27500
7097220;-0.28500
7099998;-0.29000
7102776;-0.29000
7105554;-0.29000
7108331;-0.27500
7111109;-0.28000
7113887;-0.28500
7116665;-0.29000
7119442;-0.30500
7122220;-0.28500
7124998;-0.27500
7127776;-0.29000
7130554;-0.30000
7133331;-0.30000
7136109;-0.30000
7138887;-0.29000
7141665;-0.29000
7144442;-0.28500
7147220;-0.28500
7149998;-0.30000
7152776;-0.30000
7155554;-0.28500
7158331;-0.28500
7161109;-0.28500
7163887;-0.29000
7166665;-0.30500
7169442;-0.30500
7172220;-0.30000
7174998;-0.28500
7177776;-0.30000
7180554;-0.31000
7183331;-0.32000
7186109;-0.32500
7188887;-0.31500
7191665;-0.30500
7194442;-0.32000
7197220;-0.31500
7199998;-0.34000
7202776;-0.34000
7205554;-0.33000
7208331;-0.31000
7211109;-0.31000
7213887;-0.32000
7216665;-0.34000
7219442;-0.33000
7222220;-0.33000
7224998;-0.33000
7227776;-0.32000
7230554;-0.32000
7233331;-0.34000
7236109;-0.33000
7238887;-0.31500
7241665;-0.31500
7244442;-0.31000
7247220;-0.32000
7249998;-0.32000
7252776;-0.32500
7255554;-0.31500
7258331;-0.30000
7261109;-0.32500
7263887;-0.32500
7266665;-0.33500
7269442;-0.31500
7272220;-0.32500
7274998;-0.32500
7277776;-0.32500
7280554;-0.33500
7283331;-0.35500
7286109;-0.35000
7288887;-0.33500
7291665;-0.32500
7294442;-0.33000
7297220;-0.34000
7299998;-0.34500
7302776;-0.34000
7305554;-0.34000
7308331;-0.32500
7311109;-0.33000
7313887;-0.33500
7316665;-0.34500
7319442;-0.33500
7322220;-0.31500
7324998;-0.31500
7327776;-0.30500
7330554;-0.30500
7333331;-0.32000
7336109;-0.32500
7338887;-0.32000
7341665;-0.30000
7344442;-0.31000
7347220;-0.31500
7349998;-0.32000
7352776;-0.32000
7355553;-0.30500
7358331;-0.30500
7361109;-0.30000
7363887;-0.29000
7366665;-0.30000
7369442;-0.28000
7372220;-0.26500
7374998;-0.25500
7377776;-0.25500
7380553;-0.25500
7383331;-0.27000
7386109;-0.27500
7388887;-0.25500
7391665;-0.22500
7394442;-0.21500
7397220;-0.22000
7399998;-0.21000
7402776;-0.22000
7405553;-0.20000
7408331;-0.20000
7411109;-0.20500
7413887;-0.20500
7416665;-0.21000
7419442;-0.22500
7422220;-0.22000
7424998;-0.20500
7427776;-0.20500
7430553;-0.22500
7433331;-0.24500
7436109;-0.24500
7438887;-0.22000
7441665;-0.19500
7444442;-0.21500
7447220;-0.24500
7449998;-0.28500
7452776;-0.29000
7455553;-0.29500
7458331;-0.30000
7461109;-0.32500
7463887;-0.34000
7466665;-0.34500
7469442;-0.36000
7472220;-0.34500
7474998;-0.33500
7477776;-0.33000
7480553;-0.34000
7483331;-0.35000
7486109;-0.35000
7488887;-0.35000
7491665;-0.34500
7494442;-0.34000
7497220;-0.35500
7499998;-0.36500
7502776;-0.36000
7505553;-0.36000
7508331;-0.33500
7511109;-0.33500
7513887;-0.34000
7516665;-0.35500
7519442;-0.36000
7522220;-0.36000
7524998;-0.34500
7527776;-0.35500
7530553;-0.36500
7533331;-0.38000
7536109;-0.39000
7538887;-0.41000
7541665;-0.44500
7544442;-0.48500
7547220;-0.51000
7549998;-0.54500
7552776;-0.58500
7555553;-0.61000
7558331;-0.58000
7561109;-0.49500
7563887;-0.40000
7566665;-0.26000
7569442;-0.10500
7572220;0.08500
7574998;0.33500
7577776;0.63500
7580553;0.85000
7583331;0.97000
7586109;0.95500
7588887;0.74500
7591665;0.36500
7594442;-0.08500
7597220;-0.39500
7599998;-0.51000
7602776;-0.48500
7605553;-0.42500
7608331;-0.38000
7611109;-0.38000
7613887;-0.40500
7616665;-0.40500
7619442;-0.41000
7622220;-0.39500
7624998;-0.39000
7627776;-0.40000
7630553;-0.40000
7633331;-0.41000
7636109;-0.40000
7638887;-0.40500
7641665;-0.39000
7644442;-0.39000
7647220;-0.38500
7649998;-0.40000
7652776;-0.39500
7655553;-0.39000
7658331;-0.40000
7661109;-0.39500
7663887;-0.41000
7666665;-0.42000
7669442;-0.40000
7672220;-0.39000
7674998;-0.39500
7677776;-0.39000
7680553;-0.40000
7683331;-0.40500
7686109;-0.41000
7688887;-0.40000
7691665;-0.40500
7694442;-0.40500
7697220;-0.41000
7699998;-0.41500
7702776;-0.41500
7705553;-0.40500
7708331;-0.38500
7711109;-0.39500
7713887;-0.39000
7716665;-0.40500
7719442;-0.40500
7722220;-0.40000
7724998;-0.39000
7727776;-0.38500
7730553;-0.38500
7733331;-0.39000
7736109;-0.39500
7738887;-0.39000
7741664;-0.39000
7744442;-0.40500
7747220;-0.41500
7749998;-0.42000
7752776;-0.42000
7755553;-0.41500
7758331;-0.41000
7761109;-0.41000
7763887;-0.41000
7766664;-0.41000
7769442;-0.41500
7772220;-0.39000
7774998;-0.39500
7777776;-0.39000
7780553;-0.40000
7783331;-0.41500
7786109;-0.40500
7788887;-0.41500
7791664;-0.39000
7794442;-0.39500
7797220;-0.41000
7799998;-0.42000
7802776;-0.41000
7805553;-0.39000
7808331;-0.40000
7811109;-0.40000
7813887;-0.41500
7816664;-0.42500
7819442;-0.43500
7822220;-0.43500
7824998;-0.42000
7827776;-0.41500
7830553;-0.43000
7833331;-0.43500
7836109;-0.43000
7838887;-0.43000
7841664;-0.43500
7844442;-0.43500
7847220;-0.45500
7849998;-0.46000
7852776;-0.45000
7855553;-0.43500
7858331;-0.42500
7861109;-0.42500
7863887;-0.42000
7866664;-0.43500
7869442;-0.41500
7872220;-0.39500
7874998;-0.38000
7877776;-0.37000
7880553;-0.36500
7883331;-0.37500
7886109;-0.36500
7888887;-0.35500
7891664;-0.35000
7894442;-0.34500
7897220;-0.35000
7899998;-0.34500
7902776;-0.32500
7905553;-0.33500
7908331;-0.32500
7911109;-0.33000
7913887;-0.33000
7916664;-0.33500
7919442;-0.32500
7922220;-0.32000
7924998;-0.31000
7927776;-0.31000
7930553;-0.30500
7933331;-0.33000
7936109;-0.33000
7938887;-0.31500
7941664;-0.30000
7944442;-0.29500
7947220;-0.31000
7949998;-0.32500
7952776;-0.32500
7955553;-0.32000
7958331;-0.31000
7961109;-0.30500
7963887;-0.31500
7966664;-0.32000
7969442;-0.31500
7972220;-0.31000
7974998;-0.30000
7977776;-0.30500
7980553;-0.31000
7983331;-0.32500
7986109;-0.33500
7988887;-0.33500
7991664;-0.33000
7994442;-0.33000
7997220;-0.33500
7999998;-0.33500
8002776;-0.34000
8005553;-0.33000
8008331;-0.33000
8011109;-0.33500
8013887;-0.35000
8016664;-0.36000
8019442;-0.36000
8022220;-0.34500
8024998;-0.33000
8027776;-0.33500
8030553;-0.34000
8033331;-0.35000
8036109;-0.35000
8038887;-0.34500
8041664;-0.33500
8044442;-0.34500
8047220;-0.35500
8049998;-0.36500
8052776;-0.35000
8055553;-0.34500
8058331;-0.34500
8061109;-0.36000
8063887;-0.38000
8066664;-0.38500
8069442;-0.37500
8072220;-0.38500
8074998;-0.36000
8077776;-0.36500
8080553;-0.37000
8083331;-0.38000
8086109;-0.39500
8088887;-0.37500
8091664;-0.35500
8094442;-0.35500
8097220;-0.36000
8099998;-0.37000
8102776;-0.38000
8105553;-0.37500
8108331;-0.36000
8111109;-0.36000
8113887;-0.36000
8116664;-0.37500
8119442;-0.37500
8122220;-0.36000
8124998;-0.36000
8127776;-0.36000
8130553;-0.35000
8133331;-0.36000
8136109;-0.36000
8138887;-0.35500
8141664;-0.35500
8144442;-0.35500
8147220;-0.36500
8149998;-0.37000
8152775;-0.36000
8155553;-0.35000
8158331;-0.34500
8161109;-0.35000
8163887;-0.37500
8166664;-0.38500
8169442;-0.39000
8172220;-0.38000
8174998;-0.36500
8177775;-0.36500
8180553;-0.36500
8183331;-0.36000
8186109;-0.33500
8188887;-0.31500
8191664;-0.30000
8194442;-0.29500
8197220;-0.30000
8199998;-0.30500
8202775;-0.30000
8205553;-0.29000
8208331;-0.27500
8211109;-0.26000
8213887;-0.24500
8216664;-0.26000
8219442;-0.27500
8222220;-0.27000
8224998;-0.25500
8227775;-0.26000
8230553;-0.26000
8233331;-0.27000
8236109;-0.29500
8238887;-0.28500
8241664;-0.29000
8244442;-0.31000
8247220;-0.30000
8249998;-0.30500
8252775;-0.29000
8255553;-0.30000
8258331;-0.29500
8261109;-0.32000
8263887;-0.34500
8266664;-0.39500
8269442;-0.40000
8272220;-0.39000
8274998;-0.38000
8277775;-0.38500
8280553;-0.40000
8283331;-0.40500
8286109;-0.40500
8288887;-0.39500
8291664;-0.39500
8294442;-0.41500
8297220;-0.41000
8299998;-0.40000
8302775;-0.39500
8305553;-0.40500
8308331;-0.40000
8311109;-0.40000
8313887;-0.41000
8316664;-0.40500
8319442;-0.41500
8322220;-0.40500
8324998;-0.39500
8327775;-0.41500
8330553;-0.41000
8333331;-0.42500
8336109;-0.45000
8338887;-0.46500
8341664;-0.48000
8344442;-0.51000
8347220;-0.55000
8349998;-0.59000
8352775;-0.63500
8355553;-0.64500
8358331;-0.60500
8361109;-0.53500
8363887;-0.42000
8366664;-0.28000
8369442;-0.11500
8372220;0.09000
8374998;0.35500
8377775;0.63000
8380553;0.84000
8383331;0.93500
8386109;0.90000
8388887;0.67000
8391664;0.25500
8394442;-0.17000
8397220;-0.45000
8399998;-0.54500
8402775;-0.52500
8405553;-0.47500
8408331;-0.43500
8411109;-0.42500
8413887;-0.44000
8416664;-0.45500
8419442;-0.46000
8422220;-0.44000
8424998;-0.42000
8427775;-0.41000
8430553;-0.43000
8433331;-0.44500
8436109;-0.43500
8438887;-0.43000
8441664;-0.42000
8444442;-0.41500
8447220;-0.43000
8449998;-0.43500
8452775;-0.43000
8455553;-0.41500
8458331;-0.41500
8461109;-0.43000
8463887;-0.45000
8466664;-0.45500
8469442;-0.44000
8472220;-0.43000
8474998;-0.42500
8477775;-0.43000
8480553;-0.44000
8483331;-0.44500
8486109;-0.45500
8488887;-0.43000
8491664;-0.42000
8494442;-0.44000
8497220;-0.45500
8499998;-0.45000
8502775;-0.44000
8505553;-0.44000
8508331;-0.44000
8511109;-0.45000
8513887;-0.45000
8516664;-0.45500
8519442;-0.45000
8522220;-0.42500
8524998;-0.41500
8527775;-0.42000
8530553;-0.42000
8533331;-0.45500
8536109;-0.45500
8538886;-0.44500
8541664;-0.42000
8544442;-0.41500
8547220;-0.42000
8549998;-0.43000
8552775;-0.45000
8555553;-0.44500
8558331;-0.44500
8561109;-0.45000
8563886;-0.45000
8566664;-0.45500
8569442;-0.43000
8572220;-0.43500
8574998;-0.42500
8577775;-0.43000
8580553;-0.45000
8583331;-0.45000
8586109;-0.45500
8588886;-0.44500
8591664;-0.44000
8594442;-0.44500
8597220;-0.44500
8599998;-0.47000
8602775;-0.46000
8605553;-0.46000
8608331;-0.45000
8611109;-0.46500
8613886;-0.48500
8616664;-0.50000
8619442;-0.50500
8622220;-0.50000
8624998;-0.50000
8627775;-0.51500
8630553;-0.51500
8633331;-0.52000
8636109;-0.52000
8638886;-0.51000
8641664;-0.49500
8644442;-0.48500
8647220;-0.48000
8649998;-0.47500
8652775;-0.46500
8655553;-0.43500
8658331;-0.41000
8661109;-0.39500
8663886;-0.40500
8666664;-0.40000
8669442;-0.39500
8672220;-0.38500
8674998;-0.36000
8677775;-0.35500
8680553;-0.36500
8683331;-0.37000
8686109;-0.35500
8688886;-0.33000
8691664;-0.31500
8694442;-0.32500
8697220;-0.32500
8699998;-0.32500
8702775;-0.33000
8705553;-0.32000
8708331;-0.30500
8711109;-0.31500
8713886;-0.31500
8716664;-0.31500
8719442;-0.33000
8722220;-0.31500
8724998;-0.30000
8727775;-0.30000
8730553;-0.30500
8733331;-0.32500
8736109;-0.30500
8738886;-0.29000
8741664;-0.29000
8744442;-0.29000
8747220;-0.30500
8749998;-0.30500
8752775;-0.30500
8755553;-0.30500
8758331;-0.29000
8761109;-0.30500
8763886;-0.32000
8766664;-0.32500
8769442;-0.32000
8772220;-0.31000
8774998;-0.30000
8777775;-0.31000
8780553;-0.32500
8783331;-0.32500
8786109;-0.33500
8788886;-0.32500
8791664;-0.31000
8794442;-0.31500
8797220;-0.32000
8799998;-0.33000
8802775;-0.33000
8805553;-0.32000
8808331;-0.31000
8811109;-0.32000
8813886;-0.31500
8816664;-0.33000
8819442;-0.33500
8822220;-0.30500
8824998;-0.31000
8827775;-0.31500
8830553;-0.32000
8833331;-0.33500
8836109;-0.32000
8838886;-0.32000
8841664;-0.31000
8844442;-0.32000
8847220;-0.31500
8849998;-0.32500
8852775;-0.33500
8855553;-0.31500
8858331;-0.30000
8861109;-0.31000
8863886;-0.30500
8866664;-0.31000
8869442;-0.32000
8872220;-0.31500
8874998;-0.30000
8877775;-0.30500
8880553;-0.32000
8883331;-0.32500
8886109;-0.32000
8888886;-0.31500
8891664;-0.30000
8894442;-0.29500
8897220;-0.30000
8899998;-0.31500
8902775;-0.31000
8905553;-0.30500
8908331;-0.28500
8911109;-0.30000
8913886;-0.30500
8916664;-0.31000
8919442;-0.31500
8922220;-0.32000
8924998;-0.30500
8927775;-0.31000
8930553;-0.31500
8933331;-0.31000
8936109;-0.31500
8938886;-0.31000
8941664;-0.30000
8944442;-0.30500
8947220;-0.30500
8949997;-0.30500
8952775;-0.29500
8955553;-0.27500
8958331;-0.26000
8961109;-0.25500
8963886;-0.23500
8966664;-0.23000
8969442;-0.22500
8972220;-0.21500
8974997;-0.21000
8977775;-0.19500
8980553;-0.19500
8983331;-0.20000
8986109;-0.20000
8988886;-0.18500
8991664;-0.17500
8994442;-0.18500
8997220;-0.20000
8999997;-0.20500
9002775;-0.21500
9005553;-0.21500
9008331;-0.20000
9011109;-0.20000
9013886;-0.20500
9016664;-0.21500
9019442;-0.22500
9022220;-0.21000
9024997;-0.18000
9027775;-0.17000
9030553;-0.17500
9033331;-0.21000
9036109;-0.23500
9038886;-0.25000
9041664;-0.23500
9044442;-0.25500
9047220;-0.27500
9049997;-0.28500
9052775;-0.30000
9055553;-0.29000
9058331;-0.29000
9061109;-0.30500
9063886;-0.31000
9066664;-0.31500
9069442;-0.31000
9072220;-0.30500
9074997;-0.30500
9077775;-0.31000
9080553;-0.32500
9083331;-0.33000
9086109;-0.33000
9088886;-0.33000
9091664;-0.31500
9094442;-0.32000
9097220;-0.32500
9099997;-0.33000
9102775;-0.33500
9105553;-0.32000
9108331;-0.31500
9111109;-0.31500
9113886;-0.32000
9116664;-0.32500
9119442;-0.33000
9122220;-0.33500
9124997;-0.36000
9127775;-0.41500
9130553;-0.44500
9133331;-0.49000
9136109;-0.53000
9138886;-0.51500
9141664;-0.42500
9144442;-0.26500
9147220;-0.05500
9149997;0.17000
9152775;0.45500
9155553;0.78000
9158331;1.04500
9161109;1.18000
9163886;1.13500
9166664;0.85500
9169442;0.34500
9172220;-0.15500
9174997;-0.41500
9177775;-0.45000
9180553;-0.39500
9183331;-0.33000
9186109;-0.31000
9188886;-0.30500
9191664;-0.31500
9194442;-0.32000
9197220;-0.32000
9199997;-0.33500
9202775;-0.34500
9205553;-0.34000
9208331;-0.33000
9211109;-0.34000
9213886;-0.34000
9216664;-0.35500
9219442;-0.35500
9222220;-0.35500
9224997;-0.34000
9227775;-0.34500
9230553;-0.35000
9233331;-0.35000
9236109;-0.35000
9238886;-0.34500
9241664;-0.34000
9244442;-0.34000
9247220;-0.35500
9249997;-0.35000
9252775;-0.35000
9255553;-0.34000
9258331;-0.33500
9261109;-0.33500
9263886;-0.34000
9266664;-0.35500
9269442;-0.34500
9272220;-0.34500
9274997;-0.32500
9277775;-0.33500
9280553;-0.33500
9283331;-0.34500
9286109;-0.34000
9288886;-0.33000
9291664;-0.31500
9294442;-0.34000
9297220;-0.34000
9299997;-0.35500
9302775;-0.35500
9305553;-0.33500
9308331;-0.34000
9311109;-0.33500
9313886;-0.35000
9316664;-0.36000
9319442;-0.34500
9322220;-0.34000
9324997;-0.33000
9327775;-0.34000
9330553;-0.34500
9333331;-0.35000
9336108;-0.34500
9338886;-0.34000
9341664;-0.33500
9344442;-0.33000
9347220;-0.33500
9349997;-0.33500
9352775;-0.34000
9355553;-0.32500
9358331;-0.32000
9361108;-0.32500
9363886;-0.33000
9366664;-0.34000
9369442;-0.36000
9372220;-0.33500
9374997;-0.33500
9377775;-0.36000
9380553;-0.35500
9383331;-0.37000
9386108;-0.37500
9388886;-0.36500
9391664;-0.35000
9394442;-0.35500
9397220;-0.37000
9399997;-0.39000
9402775;-0.38000
9405553;-0.38500
9408331;-0.37000
9411108;-0.37500
9413886;-0.36500
9416664;-0.38000
9419442;-0.37500
9422220;-0.37000
9424997;-0.36000
9427775;-0.36000
9430553;-0.35000
9433331;-0.35500
9436108;-0.34500
9438886;-0.31500
9441664;-0.29500
9444442;-0.29500
9447220;-0.28500
9449997;-0.29000
9452775;-0.27500
9455553;-0.25000
9458331;-0.23500
9461108;-0.24000
9463886;-0.23500
9466664;-0.23500
9469442;-0.24000
9472220;-0.22500
9474997;-0.22500
9477775;-0.22500
9480553;-0.22500
9483331;-0.22500
9486108;-0.22000
9488886;-0.22000
9491664;-0.20000
9494442;-0.21000
9497220;-0.21500
9499997;-0.21000
9502775;-0.22000
9505553;-0.20500
9508331;-0.19500
9511108;-0.21000
9513886;-0.21500
9516664;-0.21000
9519442;-0.22000
9522220;-0.21000
9524997;-0.19000
9527775;-0.21000
9530553;-0.21000
9533331;-0.22500
9536108;-0.23000
9538886;-0.21500
9541664;-0.20500
9544442;-0.21500
9547220;-0.22000
9549997;-0.23000
9552775;-0.23500
9555553;-0.23500
9558331;-0.22000
9561108;-0.22500
9563886;-0.24000
9566664;-0.24500
9569442;-0.24000
9572220;-0.23500
9574997;-0.22500
9577775;-0.23000
9580553;-0.23000
9583331;-0.24000
9586108;-0.24500
9588886;-0.24500
9591664;-0.23500
9594442;-0.23500
9597220;-0.24500
9599997;-0.26000
9602775;-0.25500
9605553;-0.25000
9608331;-0.25000
9611108;-0.26000
9613886;-0.26000
9616664;-0.27000
9619442;-0.26500
9622220;-0.25500
9624997;-0.25000
9627775;-0.25500
9630553;-0.26000
9633331;-0.27000
9636108;-0.26500
9638886;-0.25000
9641664;-0.24500
9644442;-0.25000
9647220;-0.27000
9649997;-0.26500
9652775;-0.27000
9655553;-0.26000
9658331;-0.24500
9661108;-0.26000
9663886;-0.25500
9666664;-0.28000
9669442;-0.28500
9672220;-0.26500
9674997;-0.25500
9677775;-0.25500
9680553;-0.26000
9683331;-0.27000
9686108;-0.27500
9688886;-0.27500
9691664;-0.25500
9694442;-0.25000
9697220;-0.25000
9699997;-0.27000
9702775;-0.26000
9705553;-0.25000
9708331;-0.23000
9711108;-0.24000
9713886;-0.24500
9716664;-0.25000
9719442;-0.26000
9722220;-0.24500
9724997;-0.23000
9727775;-0.24500
9730553;-0.23500
9733331;-0.24500
9736108;-0.23000
9738886;-0.22500
9741664;-0.19500
9744442;-0.19000
9747219;-0.18500
9749997;-0.19500
9752775;-0.18500
9755553;-0.17500
9758331;-0.16500
9761108;-0.15500
9763886;-0.15500
9766664;-0.16000
9769442;-0.15000
9772219;-0.14500
9774997;-0.13000
9777775;-0.13000
9780553;-0.14500
9783331;-0.15500
9786108;-0.15500
9788886;-0.16000
9791664;-0.15000
9794442;-0.16000
9797219;-0.17500
9799997;-0.18000
9802775;-0.18500
9805553;-0.17000
9808331;-0.13500
9811108;-0.13000
9813886;-0.14000
9816664;-0.17500
9819442;-0.20500
9822219;-0.21000
9824997;-0.21500
9827775;-0.23500
9830553;-0.26000
9833331;-0.25000
9836108;-0.26000
9838886;-0.25000
9841664;-0.25000
9844442;-0.25500
9847219;-0.27000
9849997;-0.28500
9852775;-0.28500
9855553;-0.27500
9858331;-0.25000
9861108;-0.24500
9863886;-0.26500
9866664;-0.27000
9869442;-0.28500
9872219;-0.27000
9874997;-0.27000
9877775;-0.27000
9880553;-0.28000
9883331;-0.29000
9886108;-0.29000
9888886;-0.29000
9891664;-0.28000
9894442;-0.30000
9897219;-0.28500
9899997;-0.30000
9902775;-0.29500
9905553;-0.29500
9908331;-0.30500
9911108;-0.32500
9913886;-0.37500
9916664;-0.42500
9919442;-0.44500
9922219;-0.46000
9924997;-0.48000
9927775;-0.48000
9930553;-0.40000
9933331;-0.25500
9936108;-0.05000
9938886;0.14500
9941664;0.40500
9944442;0.71000
9947219;0.99000
9949997;1.17500
9952775;1.28500
9955553;1.34000
9958331;1.25000
9961108;0.93500
9963886;0.45000
9966664;-0.03500
9969442;-0.34000
9972219;-0.40500
9974997;-0.34500
9977775;-0.30000
9980553;-0.27000
9983331;-0.28500
9986108;-0.29500
9988886;-0.30000
9991664;-0.28500
9994442;-0.29000
9997219;-0.30500
9999997;-0.30000
10002775;-0.30500
10005553;-0.30000
10008331;-0.27500
10011108;-0.29000
10013886;-0.30000
10016664;-0.31500
10019442;-0.31000
10022219;-0.30000
10024997;-0.29500
10027775;-0.30000
10030553;-0.31500
10033331;-0.33000
10036108;-0.32000
10038886;-0.31500
10041664;-0.30000
10044442;-0.31500
10047219;-0.31000
10049997;-0.32500
10052775;-0.32000
10055553;-0.30500
10058331;-0.30000
10061108;-0.30500
10063886;-0.31000
10066664;-0.31000
10069442;-0.31500
10072219;-0.30000
10074997;-0.29000
10077775;-0.29000
10080553;-0.30500
10083331;-0.31000
10086108;-0.32000
10088886;-0.30500
10091664;-0.29500
10094442;-0.30000
10097219;-0.31000
10099997;-0.31000
10102775;-0.31500
10105553;-0.30500
10108331;-0.30000
10111108;-0.31000
10113886;-0.32000
10116664;-0.32000
10119442;-0.32000
10122219;-0.31000
10124997;-0.31000
10127775;-0.31000
10130553;-0.32500
10133330;-0.33000
10136108;-0.32000
10138886;-0.32000
10141664;-0.31000
10144442;-0.30500
10147219;-0.31000
10149997;-0.31500
10152775;-0.31500
10155553;-0.30500
10158330;-0.29000
10161108;-0.30000
10163886;-0.31000
10166664;-0.31000
10169442;-0.31000
10172219;-0.30000
10174997;-0.30500
10177775;-0.30500
10180553;-0.31500
10183330;-0.32000
10186108;-0.34000
10188886;-0.31000
10191664;-0.31000
10194442;-0.31500
10197219;-0.32000
10199997;-0.33500
10202775;-0.33500
10205553;-0.32000
10208330;-0.31500
10211108;-0.31500
10213886;-0.32000
10216664;-0.31500
10219442;-0.31500
10222219;-0.30500
10224997;-0.28500
10227775;-0.30500
10230553;-0.30000
10233330;-0.30500
10236108;-0.31000
10238886;-0.29000
10241664;-0.27500
10244442;-0.28000
10247219;-0.25500
10249997;-0.27000
10252775;-0.27000
10255553;-0.25000
10258330;-0.23000
10261108;-0.23000
10263886;-0.22000
10266664;-0.21500
10269442;-0.21000
10272219;-0.19500
10274997;-0.18500
10277775;-0.18500
10280553;-0.20000
10283330;-0.19500
10286108;-0.19000
10288886;-0.19000
10291664;-0.17000
10294442;-0.18000
10297219;-0.17500
10299997;-0.18500
10302775;-0.19000
10305553;-0.19000
10308330;-0.19000
10311108;-0.18500
10313886;-0.19000
10316664;-0.20000
10319442;-0.18500
10322219;-0.19000
10324997;-0.19000
10327775;-0.19000
10330553;-0.19000
10333330;-0.20500
10336108;-0.20500
10338886;-0.19000
10341664;-0.19000
10344442;-0.19000
10347219;-0.19000
10349997;-0.20000
10352775;-0.21000
10355553;-0.19500
10358330;-0.18000
10361108;-0.18500
10363886;-0.18500
10366664;-0.19500
10369442;-0.20500
10372219;-0.19000
10374997;-0.17500
10377775;-0.18500
10380553;-0.20000
10383330;-0.21000
10386108;-0.22000
10388886;-0.21500
10391664;-0.21000
10394442;-0.21500
10397219;-0.23000
10399997;-0.23000
10402775;-0.23500
10405553;-0.23000
10408330;-0.22000
10411108;-0.23500
10413886;-0.23500
10416664;-0.24500
10419442;-0.26000
10422219;-0.24500
10424997;-0.23000
10427775;-0.23500
10430553;-0.24000
10433330;-0.24500
10436108;-0.25500
10438886;-0.23500
10441664;-0.22000
10444442;-0.23000
10447219;-0.23000
10449997;-0.24000
10452775;-0.24000
10455553;-0.23500
10458330;-0.21500
10461108;-0.22500
10463886;-0.23000
10466664;-0.24500
10469442;-0.24000
10472219;-0.24000
10474997;-0.23000
10477775;-0.24000
10480553;-0.24500
10483330;-0.23500
10486108;-0.24500
10488886;-0.24500
10491664;-0.23500
10494442;-0.24000
10497219;-0.24500
10499997;-0.25000
10502775;-0.24500
10505553;-0.24000
10508330;-0.23500
10511108;-0.23000
10513886;-0.23500
10516664;-0.24500
10519441;-0.23500
10522219;-0.23000
10524997;-0.21500
10527775;-0.21500
10530553;-0.22000
10533330;-0.22000
10536108;-0.22500
10538886;-0.21000
10541664;-0.21000
10544441;-0.22000
10547219;-0.22000
10549997;-0.22000
10552775;-0.22000
10555553;-0.21000
10558330;-0.19500
10561108;-0.18500
10563886;-0.18000
10566664;-0.17500
10569441;-0.16000
10572219;-0.15500
10574997;-0.14500
10577775;-0.13500
10580553;-0.14500
10583330;-0.14500
10586108;-0.13000
10588886;-0.11000
10591664;-0.10000
10594441;-0.10000
10597219;-0.09500
10599997;-0.11500
10602775;-0.11500
10605553;-0.10500
10608330;-0.09000
10611108;-0.11000
10613886;-0.12000
10616664;-0.12000
10619441;-0.12500
10622219;-0.12000
10624997;-0.12500
10627775;-0.14000
10630553;-0.13500
10633330;-0.12000
10636108;-0.10500
10638886;-0.11000
10641664;-0.11500
10644441;-0.14500
10647219;-0.16500
10649997;-0.18500
10652775;-0.19000
10655553;-0.20000
10658330;-0.20000
10661108;-0.20500
10663886;-0.22500
10666664;-0.22000
10669441;-0.21500
10672219;-0.21500
10674997;-0.22000
10677775;-0.23000
10680553;-0.24000
10683330;-0.24000
10686108;-0.25000
10688886;-0.23500
10691664;-0.22000
10694441;-0.22500
10697219;-0.24000
10699997;-0.25000
10702775;-0.26000
10705553;-0.25000
10708330;-0.23500
10711108;-0.25000
10713886;-0.25000
10716664;-0.26000
10719441;-0.26500
10722219;-0.26000
10724997;-0.25000
10727775;-0.25500
10730553;-0.26000
10733330;-0.25500
10736108;-0.26500
10738886;-0.26000
10741664;-0.28000
10744441;-0.30500
10747219;-0.36000
10749997;-0.39000
10752775;-0.41000
10755553;-0.43500
10758330;-0.45000
10761108;-0.45500
10763886;-0.39500
10766664;-0.26500
10769441;-0.10000
10772219;0.07500
10774997;0.30000
10777775;0.57500
10780553;0.85000
10783330;1.05000
10786108;1.12500
10788886;1.11000
10791664;0.89000
10794441;0.48000
10797219;0.02500
10799997;-0.28000
10802775;-0.39500
10805553;-0.37500
10808330;-0.31500
10811108;-0.27000
10813886;-0.28500
10816664;-0.28000
10819441;-0.28500
10822219;-0.28000
10824997;-0.26000
10827775;-0.26000
10830553;-0.28500
10833330;-0.28000
10836108;-0.29500
10838886;-0.28500
10841664;-0.27000
10844441;-0.28500
10847219;-0.29500
10849997;-0.29000
10852775;-0.30000
10855553;-0.29500
10858330;-0.28500
10861108;-0.28500
10863886;-0.29000
10866664;-0.30500
10869441;-0.29500
10872219;-0.29500
10874997;-0.29000
10877775;-0.29500
10880553;-0.31000
10883330;-0.30500
10886108;-0.32000
10888886;-0.31000
10891664;-0.29500
10894441;-0.29500
10897219;-0.29000
10899997;-0.28500
10902775;-0.28500
10905553;-0.27500
10908330;-0.26500
10911108;-0.27000
10913886;-0.29000
10916664;-0.29000
10919441;-0.30500
10922219;-0.29500
10924997;-0.29000
10927775;-0.28500
10930552;-0.28500
10933330;-0.29500
10936108;-0.30500
10938886;-0.29500
10941664;-0.29000
10944441;-0.30000
10947219;-0.31000
10949997;-0.30500
10952775;-0.30500
10955552;-0.30000
10958330;-0.28000
10961108;-0.29000
10963886;-0.29000
10966664;-0.30500
10969441;-0.31000
10972219;-0.30000
10974997;-0.28500
10977775;-0.29500
10980552;-0.29000
10983330;-0.31000
10986108;-0.31500
10988886;-0.30500
10991664;-0.29000
10994441;-0.30000
10997219;-0.30500
10999997;-0.30500
11002775;-0.31000
11005552;-0.30000
11008330;-0.29000
11011108;-0.29500
11013886;-0.29500
11016664;-0.29500
11019441;-0.30000
11022219;-0.31000
11024997;-0.29000
11027775;-0.29500
11030552;-0.30500
11033330;-0.31000
11036108;-0.31500
11038886;-0.32000
11041664;-0.31000
11044441;-0.31000
11047219;-0.32000
11049997;-0.32000
11052775;-0.35500
11055552;-0.33500
11058330;-0.32000
11061108;-0.30500
11063886;-0.32000
11066664;-0.32500
11069441;-0.33500
11072219;-0.33500
11074997;-0.31000
11077775;-0.31000
11080552;-0.31000
11083330;-0.30500
11086108;-0.29000
11088886;-0.27500
11091664;-0.25000
11094441;-0.25000
11097219;-0.24500
11099997;-0.25500
11102775;-0.24500
11105552;-0.23500
11108330;-0.21500
11111108;-0.21500
11113886;-0.21500
11116664;-0.23000
11119441;-0.24000
11122219;-0.22000
11124997;-0.21500
11127775;-0.22000
11130552;-0.22000
11133330;-0.22500
11136108;-0.23500
11138886;-0.23000
11141664;-0.21000
11144441;-0.21500
11147219;-0.22000
11149997;-0.23000
11152775;-0.22500
11155552;-0.22500
11158330;-0.21000
11161108;-0.22000
11163886;-0.22500
11166664;-0.24000
11169441;-0.23000
11172219;-0.23000
11174997;-0.19500
11177775;-0.21000
11180552;-0.21500
11183330;-0.22500
11186108;-0.24000
11188886;-0.23500
11191664;-0.23000
11194441;-0.24500
11197219;-0.24500
11199997;-0.25000
11202775;-0.26500
11205552;-0.24500
11208330;-0.25000
11211108;-0.24500
11213886;-0.25500
11216664;-0.26000
11219441;-0.26500
11222219;-0.26000
11224997;-0.25500
11227775;-0.24500
11230552;-0.24000
11233330;-0.23500
11236108;-0.22000
11238886;-0.20500
11241664;-0.20000
11244441;-0.19500
11247219;-0.20500
11249997;-0.21000
11252775;-0.20500
11255552;-0.20000
11258330;-0.17500
11261108;-0.17000
11263886;-0.20000
11266664;-0.21000
11269441;-0.22000
11272219;-0.19000
11274997;-0.15500
11277775;-0.16000
11280552;-0.17500
11283330;-0.20000
11286108;-0.21000
11288886;-0.20000
11291664;-0.20000
11294441;-0.22500
11297219;-0.24000
11299997;-0.25500
11302775;-0.27000
11305552;-0.25500
11308330;-0.25000
11311108;-0.26000
11313886;-0.26000
11316663;-0.26000
11319441;-0.25500
11322219;-0.25500
11324997;-0.25500
11327775;-0.26500
11330552;-0.28000
11333330;-0.29500
11336108;-0.31500
11338886;-0.31500
11341663;-0.30500
11344441;-0.29500
11347219;-0.30500
11349997;-0.32000
11352775;-0.33500
11355552;-0.32500
11358330;-0.32000
11361108;-0.31500
11363886;-0.32000
11366663;-0.31500
11369441;-0.32500
11372219;-0.32500
11374997;-0.32000
11377775;-0.32000
11380552;-0.34500
11383330;-0.34500
11386108;-0.35500
11388886;-0.32500
11391663;-0.31000
11394441;-0.32500
11397219;-0.34500
11399997;-0.38000
11402775;-0.41500
11405552;-0.45000
11408330;-0.46000
11411108;-0.50000
11413886;-0.53000
11416663;-0.50500
11419441;-0.39500
11422219;-0.26500
11424997;-0.12500
11427775;0.00500
11430552;0.17000
11433330;0.34500
11436108;0.58000
11438886;0.80000
11441663;0.95000
11444441;1.05500
11447219;1.05000
11449997;0.88000
11452775;0.50500
11455552;0.08000
11458330;-0.23500
11461108;-0.39500
11463886;-0.44000
11466663;-0.42500
11469441;-0.39000
11472219;-0.36000
11474997;-0.34000
11477775;-0.34500
11480552;-0.35500
11483330;-0.36000
11486108;-0.35500
11488886;-0.34000
11491663;-0.33500
11494441;-0.33500
11497219;-0.36000
11499997;-0.36500
11502775;-0.37000
11505552;-0.36500
11508330;-0.34500
11511108;-0.34000
11513886;-0.35000
11516663;-0.35500
11519441;-0.36000
11522219;-0.35500
11524997;-0.35500
11527775;-0.36000
11530552;-0.36000
11533330;-0.35000
11536108;-0.34500
11538886;-0.33000
11541663;-0.33000
11544441;-0.34000
11547219;-0.35000
11549997;-0.36500
11552775;-0.37500
11555552;-0.38500
11558330;-0.37000
11561108;-0.38000
11563886;-0.38500
11566663;-0.39500
11569441;-0.39500
11572219;-0.37500
11574997;-0.37000
11577775;-0.35500
11580552;-0.36500
11583330;-0.37000
11586108;-0.37500
11588886;-0.36500
11591663;-0.35500
11594441;-0.35000
11597219;-0.36000
11599997;-0.36500
11602775;-0.37500
11605552;-0.36000
11608330;-0.37000
11611108;-0.36000
11613886;-0.37500
11616663;-0.38000
11619441;-0.38500
11622219;-0.37000
11624997;-0.35500
11627775;-0.36000
11630552;-0.37500
11633330;-0.39000
11636108;-0.39500
11638886;-0.39500
11641663;-0.39000
11644441;-0.39000
11647219;-0.38500
11649997;-0.38000
11652775;-0.37500
11655552;-0.36500
11658330;-0.35500
11661108;-0.36000
11663886;-0.38000
11666663;-0.39500
11669441;-0.39500
11672219;-0.39000
11674997;-0.38000
11677775;-0.38500
11680552;-0.39500
11683330;-0.39500
11686108;-0.41500
11688886;-0.40500
11691663;-0.39000
11694441;-0.40000
11697219;-0.41000
11699997;-0.43000
11702775;-0.41000
11705552;-0.41500
11708330;-0.41500
11711108;-0.42500
11713886;-0.43500
11716663;-0.44000
11719441;-0.43000
11722219;-0.42500
11724997;-0.41000
11727774;-0.41000
11730552;-0.41000
11733330;-0.42500
11736108;-0.42500
11738886;-0.44500
11741663;-0.42500
11744441;-0.42000
11747219;-0.41000
11749997;-0.40000
11752774;-0.39500
11755552;-0.38000
11758330;-0.36000
11761108;-0.35000
11763886;-0.34000
11766663;-0.33000
11769441;-0.32000
11772219;-0.30000
11774997;-0.29000
11777774;-0.29500
11780552;-0.29500
11783330;-0.30500
11786108;-0.30500
11788886;-0.28000
11791663;-0.27500
11794441;-0.26500
11797219;-0.28000
11799997;-0.28500
11802774;-0.29500
11805552;-0.28000
11808330;-0.28500
11811108;-0.28500
11813886;-0.28500
11816663;-0.30000
11819441;-0.29500
11822219;-0.29000
11824997;-0.27500
11827774;-0.28000
11830552;-0.29000
11833330;-0.28500
11836108;-0.31000
11838886;-0.30000
11841663;-0.30000
11844441;-0.30000
11847219;-0.30000
11849997;-0.30500
11852774;-0.30000
11855552;-0.30000
11858330;-0.29000
11861108;-0.29500
11863886;-0.29500
11866663;-0.31500
11869441;-0.31500
11872219;-0.31000
11874997;-0.30000
11877774;-0.30500
11880552;-0.31000
11883330;-0.31000
11886108;-0.32000
11888886;-0.32000
11891663;-0.31000
11894441;-0.31000
11897219;-0.30000
11899997;-0.32500
11902774;-0.31500
11905552;-0.32000
11908330;-0.31000
11911108;-0.30500
11913886;-0.31500
11916663;-0.32000
11919441;-0.33500
11922219;-0.31000
11924997;-0.31500
11927774;-0.31500
11930552;-0.32000
11933330;-0.32500
11936108;-0.34500
11938886;-0.34000
11941663;-0.34000
11944441;-0.33000
11947219;-0.32000
11949997;-0.33500
11952774;-0.33000
11955552;-0.34500
11958330;-0.33000
11961108;-0.33000
11963886;-0.34000
11966663;-0.33500
11969441;-0.32500
11972219;-0.32000
11974997;-0.31500
11977774;-0.32000
11980552;-0.31500
11983330;-0.33000
11986108;-0.31500
11988886;-0.33500
11991663;-0.33000
11994441;-0.32000
11997219;-0.32500
11999997;-0.33000
12002774;-0.34500
12005552;-0.34500
12008330;-0.32500
12011108;-0.31500
12013886;-0.31500
12016663;-0.31500
12019441;-0.32500
12022219;-0.33500
12024997;-0.33000
12027774;-0.34000
12030552;-0.34500
12033330;-0.34500
12036108;-0.34000
12038886;-0.32000
12041663;-0.31000
12044441;-0.32000
12047219;-0.33000
12049997;-0.33000
12052774;-0.33000
12055552;-0.32500
12058330;-0.32000
12061108;-0.34000
12063886;-0.34500
12066663;-0.36000
12069441;-0.34500
12072219;-0.33000
12074997;-0.33000
12077774;-0.33000
12080552;-0.34000
12083330;-0.34500
12086108;-0.34000
12088886;-0.32500
12091663;-0.31500
12094441;-0.33500
12097219;-0.33500
12099997;-0.32000
12102774;-0.31500
12105552;-0.31000
12108330;-0.29500
12111108;-0.30500
12113885;-0.32000
12116663;-0.33000
12119441;-0.34000
12122219;-0.32500
12124997;-0.32000
12127774;-0.32000
12130552;-0.32500
12133330;-0.34000
12136108;-0.33000
12138885;-0.32000
12141663;-0.31500
12144441;-0.32000
12147219;-0.33500
12149997;-0.34500
12152774;-0.35000
12155552;-0.34000
12158330;-0.33500
12161108;-0.33000
12163885;-0.34000
12166663;-0.33500
12169441;-0.34000
12172219;-0.34500
12174997;-0.33500
12177774;-0.33000
12180552;-0.32000
12183330;-0.33000
12186108;-0.35000
12188885;-0.32500
12191663;-0.31000
12194441;-0.31500
12197219;-0.31000
12199997;-0.33000
12202774;-0.32500
12205552;-0.31500
12208330;-0.32000
12211108;-0.31500
12213885;-0.32000
12216663;-0.30500
12219441;-0.28500
12222219;-0.28000
12224997;-0.26500
12227774;-0.26000
12230552;-0.25500
12233330;-0.26000
12236108;-0.25000
12238885;-0.24500
12241663;-0.22000
12244441;-0.21500
12247219;-0.22500
12249997;-0.22500
12252774;-0.21500
12255552;-0.19000
12258330;-0.19000
12261108;-0.19500
12263885;-0.20000
12266663;-0.20500
12269441;-0.22500
12272219;-0.21500
12274997;-0.22000
12277774;-0.21500
12280552;-0.21500
12283330;-0.23500
12286108;-0.25500
12288885;-0.26000
12291663;-0.25500
12294441;-0.24000
12297219;-0.23000
12299997;-0.23500
12302774;-0.25500
12305552;-0.26000
12308330;-0.27500
12311108;-0.28500
12313885;-0.31500
12316663;-0.32000
12319441;-0.33500
12322219;-0.32000
12324997;-0.32000
12327774;-0.33000
12330552;-0.32500
12333330;-0.32500
12336108;-0.32500
12338885;-0.32000
12341663;-0.32000
12344441;-0.32000
12347219;-0.33500
12349997;-0.35000
12352774;-0.35500
12355552;-0.35000
12358330;-0.33000
12361108;-0.32000
12363885;-0.33000
12366663;-0.34000
12369441;-0.35000
12372219;-0.33500
12374997;-0.32500
12377774;-0.32500
12380552;-0.33500
12383330;-0.34000
12386108;-0.35000
12388885;-0.35500
12391663;-0.38000
12394441;-0.41500
12397219;-0.44500
12399997;-0.47500
12402774;-0.49500
12405552;-0.52000
12408330;-0.49000
12411108;-0.41000
12413885;-0.27000
12416663;-0.12000
12419441;0.05500
12422219;0.30500
12424997;0.57500
12427774;0.82500
12430552;1.02500
12433330;1.11000
12436108;1.03000
12438885;0.76000
12441663;0.34000
12444441;-0.10000
12447219;-0.37500
12449997;-0.47000
12452774;-0.45500
12455552;-0.40500
12458330;-0.36500
12461108;-0.34500
12463885;-0.36500
12466663;-0.37000
12469441;-0.36000
12472219;-0.36000
12474997;-0.34500
12477774;-0.34000
12480552;-0.35500
12483330;-0.36500
12486108;-0.37000
12488885;-0.35500
12491663;-0.34500
12494441;-0.35500
12497219;-0.35000
12499996;-0.36500
12502774;-0.37500
12505552;-0.37500
12508330;-0.36500
12511108;-0.36500
12513885;-0.37000
12516663;-0.38500
12519441;-0.37000
12522219;-0.37000
12524996;-0.35500
12527774;-0.37000
12530552;-0.37500
12533330;-0.38500
12536108;-0.38000
12538885;-0.36500
12541663;-0.36500
12544441;-0.36000
12547219;-0.37000
12549996;-0.37000
12552774;-0.38000
12555552;-0.36500
12558330;-0.36000
12561108;-0.37000
12563885;-0.36500
12566663;-0.37500
12569441;-0.37500
12572219;-0.36000
12574996;-0.36000
12577774;-0.36500
12580552;-0.37500
12583330;-0.37500
12586108;-0.38000
12588885;-0.37500
12591663;-0.37000
12594441;-0.37000
12597219;-0.38000
12599996;-0.39000
12602774;-0.39000
12605552;-0.38000
12608330;-0.37000
12611108;-0.37500
12613885;-0.37500
12616663;-0.39000
12619441;-0.38000
12622219;-0.36500
12624996;-0.35000
12627774;-0.34500
12630552;-0.36000
12633330;-0.35500
12636108;-0.37000
12638885;-0.36000
12641663;-0.36000
12644441;-0.36500
12647219;-0.37000
12649996;-0.37500
12652774;-0.38500
12655552;-0.37000
12658330;-0.36500
12661108;-0.37000
12663885;-0.39000
12666663;-0.40000
12669441;-0.41000
12672219;-0.40500
12674996;-0.38500
12677774;-0.40000
12680552;-0.41000
12683330;-0.42000
12686108;-0.44000
12688885;-0.42500
12691663;-0.42000
12694441;-0.43000
12697219;-0.43000
12699996;-0.43500
12702774;-0.42500
12705552;-0.44000
12708330;-0.41500
12711108;-0.42000
12713885;-0.42000
12716663;-0.43500
12719441;-0.44000
12722219;-0.42000
12724996;-0.41500
12727774;-0.41000
12730552;-0.40500
12733330;-0.40000
12736108;-0.41000
12738885;-0.40000
12741663;-0.38500
12744441;-0.37500
12747219;-0.37000
12749996;-0.36500
12752774;-0.33500
12755552;-0.32000
12758330;-0.30000
12761108;-0.30000
12763885;-0.29000
12766663;-0.30000
12769441;-0.27500
12772219;-0.26000
12774996;-0.25000
12777774;-0.24000
12780552;-0.24000
12783330;-0.24000
12786108;-0.23500
12788885;-0.22500
12791663;-0.21500
12794441;-0.19500
12797219;-0.21000
12799996;-0.22500
12802774;-0.22000
12805552;-0.22000
12808330;-0.20000
12811108;-0.21500
12813885;-0.22500
12816663;-0.23000
12819441;-0.24500
12822219;-0.22000
12824996;-0.22500
12827774;-0.23000
12830552;-0.23000
12833330;-0.22500
12836108;-0.23000
12838885;-0.22500
12841663;-0.21500
12844441;-0.22000
12847219;-0.22500
12849996;-0.22500
12852774;-0.24500
12855552;-0.24500
12858330;-0.22500
12861108;-0.24500
12863885;-0.23000
12866663;-0.24000
12869441;-0.23500
12872219;-0.24000
12874996;-0.23000
12877774;-0.23000
12880552;-0.24000
12883330;-0.25000
12886108;-0.26000
12888885;-0.26000
12891663;-0.25000
12894441;-0.26500
12897219;-0.26000
12899996;-0.27000
12902774;-0.26500
12905552;-0.26500
12908330;-0.26000
12911107;-0.26000
12913885;-0.25500
12916663;-0.27500
12919441;-0.27500
12922219;-0.26000
12924996;-0.25000
12927774;-0.25000
12930552;-0.26000
12933330;-0.27000
12936107;-0.27500
12938885;-0.27000
12941663;-0.25500
12944441;-0.26500
12947219;-0.26500
12949996;-0.27000
12952774;-0.28500
12955552;-0.27000
12958330;-0.27500
12961107;-0.26500
12963885;-0.28000
12966663;-0.28500
12969441;-0.28000
12972219;-0.28000
12974996;-0.28000
12977774;-0.28000
12980552;-0.28000
12983330;-0.29000
12986107;-0.29500
12988885;-0.28500
12991663;-0.27500
12994441;-0.27500
12997219;-0.28500
12999996;-0.28500
13002774;-0.29000
13005552;-0.27500
13008330;-0.27500
13011107;-0.26500
13013885;-0.27000
13016663;-0.28000
13019441;-0.28000
13022219;-0.26000
13024996;-0.26000
13027774;-0.26500
13030552;-0.26000
13033330;-0.27000
13036107;-0.28000
13038885;-0.27000
13041663;-0.27000
13044441;-0.27000
13047219;-0.27000
13049996;-0.28000
13052774;-0.29000
13055552;-0.27000
13058330;-0.25000
13061107;-0.25000
13063885;-0.25500
13066663;-0.25500
13069441;-0.25000
13072219;-0.23500
13074996;-0.21500
13077774;-0.19000
13080552;-0.20000
13083330;-0.21000
13086107;-0.20000
13088885;-0.19000
13091663;-0.17000
13094441;-0.16500
13097219;-0.15000
13099996;-0.15500
13102774;-0.15000
13105552;-0.13000
13108330;-0.13500
13111107;-0.12500
13113885;-0.14500
13116663;-0.15000
13119441;-0.16000
13122219;-0.17500
13124996;-0.16500
13127774;-0.16500
13130552;-0.17000
13133330;-0.17500
13136107;-0.19000
13138885;-0.18000
13141663;-0.16000
13144441;-0.14500
13147219;-0.14000
13149996;-0.14000
13152774;-0.17000
13155552;-0.20000
13158330;-0.20500
13161107;-0.22500
13163885;-0.24000
13166663;-0.26500
13169441;-0.27000
13172219;-0.25500
13174996;-0.26000
13177774;-0.26000
13180552;-0.27500
13183330;-0.27500
13186107;-0.28000
13188885;-0.26500
13191663;-0.27000
13194441;-0.26000
13197219;-0.27500
13199996;-0.28500
13202774;-0.29000
13205552;-0.28000
13208330;-0.27000
13211107;-0.28000
13213885;-0.27500
13216663;-0.29000
13219441;-0.30000
13222219;-0.28500
13224996;-0.28500
13227774;-0.28500
13230552;-0.28000
13233330;-0.30000
13236107;-0.29500
13238885;-0.29500
13241663;-0.27000
13244441;-0.28500
13247219;-0.29500
13249996;-0.32000
13252774;-0.37500
13255552;-0.40000
13258330;-0.42000
13261107;-0.45000
13263885;-0.48500
13266663;-0.50500
13269441;-0.45000
13272219;-0.30500
13274996;-0.12000
13277774;0.07500
13280552;0.27500
13283330;0.53000
13286107;0.81000
13288885;1.07500
13291663;1.22000
13294441;1.25500
13297218;1.09500
13299996;0.71000
13302774;0.19500
13305552;-0.21000
13308330;-0.38000
13311107;-0.38500
13313885;-0.34500
13316663;-0.31000
13319441;-0.29500
13322218;-0.30000
13324996;-0.30500
13327774;-0.30500
13330552;-0.31500
13333330;-0.32500
13336107;-0.34000
13338885;-0.33500
13341663;-0.34500
13344441;-0.32000
13347218;-0.32500
13349996;-0.34500
13352774;-0.35000
13355552;-0.35000
13358330;-0.34000
13361107;-0.35000
13363885;-0.33500
13366663;-0.35000
13369441;-0.36500
13372218;-0.35000
13374996;-0.35000
13377774;-0.34000
13380552;-0.35000
13383330;-0.36000
13386107;-0.35000
13388885;-0.33000
13391663;-0.32500
13394441;-0.32000
13397218;-0.33000
13399996;-0.34500
13402774;-0.34500
13405552;-0.32500
13408330;-0.32000
13411107;-0.32500
13413885;-0.34000
13416663;-0.35000
13419441;-0.35000
13422218;-0.34000
13424996;-0.33500
13427774;-0.33500
13430552;-0.34000
13433330;-0.34000
13436107;-0.35000
13438885;-0.33500
13441663;-0.33000
13444441;-0.32500
13447218;-0.32500
13449996;-0.33500
13452774;-0.34500
13455552;-0.33000
13458330;-0.31500
13461107;-0.32000
13463885;-0.32500
13466663;-0.34000
13469441;-0.33000
13472218;-0.33000
13474996;-0.32000
13477774;-0.33000
13480552;-0.34000
13483330;-0.34500
13486107;-0.35500
13488885;-0.35000
13491663;-0.33500
13494441;-0.34000
13497218;-0.34000
13499996;-0.34500
13502774;-0.35500
13505552;-0.34500
13508330;-0.34500
13511107;-0.33500
13513885;-0.34500
13516663;-0.35000
13519441;-0.34500
13522218;-0.35500
13524996;-0.33500
13527774;-0.33500
13530552;-0.35000
13533330;-0.35500
13536107;-0.36500
13538885;-0.34000
13541663;-0.32500
13544441;-0.33500
13547218;-0.34500
13549996;-0.35500
13552774;-0.36000
13555552;-0.36500
13558330;-0.36000
13561107;-0.35500
13563885;-0.36000
13566663;-0.36000
13569441;-0.37500
13572218;-0.35500
13574996;-0.36000
13577774;-0.35000
13580552;-0.35000
13583330;-0.35500
13586107;-0.36000
13588885;-0.34500
13591663;-0.32000
13594441;-0.32000
13597218;-0.30500
13599996;-0.30500
13602774;-0.30000
13605552;-0.28500
13608330;-0.26000
13611107;-0.26000
13613885;-0.26500
13616663;-0.26000
13619441;-0.25000
13622218;-0.25000
13624996;-0.23500
13627774;-0.22500
13630552;-0.23000
13633330;-0.24000
13636107;-0.23000
13638885;-0.22500
13641663;-0.21500
13644441;-0.22000
13647218;-0.21000
13649996;-0.22500
13652774;-0.23000
13655552;-0.22000
13658330;-0.20500
13661107;-0.22500
13663885;-0.22500
13666663;-0.23500
13669441;-0.25000
13672218;-0.21500
13674996;-0.22500
13677774;-0.21500
13680552;-0.23000
13683330;-0.23500
13686107;-0.24000
13688885;-0.22500
13691663;-0.22500
13694441;-0.22500
13697218;-0.22500
13699996;-0.24000
13702774;-0.24500
13705552;-0.22500
13708329;-0.22000
13711107;-0.22500
13713885;-0.23500
13716663;-0.24500
13719441;-0.25500
13722218;-0.24000
13724996;-0.24000
13727774;-0.24000
13730552;-0.26500
13733329;-0.28000
13736107;-0.27500
13738885;-0.26000
13741663;-0.27000
13744441;-0.26500
13747218;-0.27500
13749996;-0.28500
13752774;-0.29000
13755552;-0.29500
13758329;-0.28500
13761107;-0.31000
13763885;-0.29500
13766663;-0.30000
13769441;-0.29500
13772218;-0.30500
13774996;-0.29500
13777774;-0.28500
13780552;-0.29000
13783329;-0.29000
13786107;-0.29000
13788885;-0.28500
13791663;-0.27500
13794441;-0.27500
13797218;-0.28000
13799996;-0.28500
13802774;-0.29000
13805552;-0.29500
13808329;-0.27000
13811107;-0.28000
13813885;-0.28500
13816663;-0.29500
13819441;-0.31000
13822218;-0.28500
13824996;-0.27500
13827774;-0.28500
13830552;-0.29000
13833329;-0.30500
13836107;-0.29500
13838885;-0.29000
13841663;-0.28000
13844441;-0.28000
13847218;-0.29000
13849996;-0.29000
13852774;-0.29000
13855552;-0.27000
13858329;-0.27000
13861107;-0.27000
13863885;-0.27500
13866663;-0.28000
13869441;-0.29000
13872218;-0.27500
13874996;-0.27000
13877774;-0.27000
13880552;-0.27000
13883329;-0.27000
13886107;-0.28000
13888885;-0.26500
13891663;-0.24500
13894441;-0.22000
13897218;-0.21500
13899996;-0.22500
13902774;-0.22000
13905552;-0.21000
13908329;-0.20500
13911107;-0.20000
13913885;-0.19500
13916663;-0.19000
13919441;-0.19500
13922218;-0.16500
13924996;-0.15500
13927774;-0.15500
13930552;-0.16000
13933329;-0.18500
13936107;-0.18500
13938885;-0.18000
13941663;-0.17500
13944441;-0.17500
13947218;-0.18000
13949996;-0.18500
13952774;-0.21500
13955552;-0.21500
13958329;-0.19000
13961107;-0.16500
13963885;-0.15500
13966663;-0.15500
13969441;-0.18500
13972218;-0.21000
13974996;-0.21500
13977774;-0.22500
13980552;-0.25500
13983329;-0.27000
13986107;-0.29500
13988885;-0.28500
13991663;-0.28000
13994441;-0.28500
13997218;-0.29500
13999996;-0.31500
14002774;-0.30500
14005552;-0.31000
14008329;-0.29500
14011107;-0.29500
14013885;-0.30000
14016663;-0.32000
14019441;-0.32500
14022218;-0.31000
14024996;-0.32000
14027774;-0.30000
14030552;-0.32000
14033329;-0.32500
14036107;-0.33500
14038885;-0.31500
14041663;-0.31500
14044441;-0.33000
14047218;-0.31500
14049996;-0.33500
14052774;-0.34500
14055552;-0.33500
14058329;-0.34000
14061107;-0.38000
14063885;-0.41000
14066663;-0.46000
14069441;-0.48000
14072218;-0.49000
14074996;-0.51500
14077774;-0.50500
14080552;-0.42000
14083329;-0.28500
14086107;-0.10000
14088885;0.09500
14091663;0.33500
14094440;0.63000
14097218;0.91500
14099996;1.10500
14102774;1.20000
14105552;1.14500
14108329;0.87500
14111107;0.41000
14113885;-0.04500
14116663;-0.35000
14119440;-0.47000
14122218;-0.46500
14124996;-0.43500
14127774;-0.39500
14130552;-0.37000
14133329;-0.36000
14136107;-0.34000
14138885;-0.36000
14141663;-0.35000
14144440;-0.34000
14147218;-0.35000
14149996;-0.36000
14152774;-0.37000
14155552;-0.36000
14158329;-0.35000
14161107;-0.35500
14163885;-0.36500
14166663;-0.35500
14169440;-0.37500
14172218;-0.37500
14174996;-0.36000
14177774;-0.36500
14180552;-0.37500
14183329;-0.37500
14186107;-0.39500
14188885;-0.38000
14191663;-0.36500
14194440;-0.37500
14197218;-0.38500
14199996;-0.38000
14202774;-0.38500
14205552;-0.38500
14208329;-0.36000
14211107;-0.36500
14213885;-0.37000
14216663;-0.37000
14219440;-0.38500
14222218;-0.36500
14224996;-0.36000
14227774;-0.35500
14230552;-0.37000
14233329;-0.37500
14236107;-0.36000
14238885;-0.36500
14241663;-0.35000
14244440;-0.35000
14247218;-0.35000
14249996;-0.36500
14252774;-0.37500
14255552;-0.36500
14258329;-0.36000
14261107;-0.35000
14263885;-0.34500
14266663;-0.37000
14269440;-0.38500
14272218;-0.36500
14274996;-0.35500
14277774;-0.36500
14280552;-0.36500
14283329;-0.36500
14286107;-0.38000
14288885;-0.37000
14291663;-0.35000
14294440;-0.34500
14297218;-0.34000
14299996;-0.36000
14302774;-0.35500
14305552;-0.35000
14308329;-0.33500
14311107;-0.34000
14313885;-0.33500
14316663;-0.35000
14319440;-0.35000
14322218;-0.34000
14324996;-0.34500
14327774;-0.34500
14330552;-0.35000
14333329;-0.37000
14336107;-0.38000
14338885;-0.37500
14341663;-0.37500
14344440;-0.37500
14347218;-0.37500
14349996;-0.40000
14352774;-0.40000
14355552;-0.39000
14358329;-0.39000
14361107;-0.39000
14363885;-0.38500
14366663;-0.40000
14369440;-0.40500
14372218;-0.40500
14374996;-0.38500
14377774;-0.39000
14380552;-0.40000
14383329;-0.39500
14386107;-0.38500
14388885;-0.38500
14391663;-0.37000
14394440;-0.36500
14397218;-0.36500
14399996;-0.36500
14402774;-0.37000
14405552;-0.35000
14408329;-0.32500
14411107;-0.31500
14413885;-0.31500
14416663;-0.31000
14419440;-0.31000
14422218;-0.30000
14424996;-0.29000
14427774;-0.27500
14430552;-0.28000
14433329;-0.29000
14436107;-0.29500
14438885;-0.28500
14441663;-0.27500
14444440;-0.26500
14447218;-0.26500
14449996;-0.27000
14452774;-0.28500
14455552;-0.28000
14458329;-0.27000
14461107;-0.26500
14463885;-0.26500
14466663;-0.27500
14469440;-0.29000
14472218;-0.28500
14474996;-0.27000
14477774;-0.27500
14480552;-0.28000
14483329;-0.29500
14486107;-0.29500
14488885;-0.29500
14491663;-0.28000
14494440;-0.28000
14497218;-0.29000
14499996;-0.30000
14502774;-0.30000
14505551;-0.29500
14508329;-0.29000
14511107;-0.28500
14513885;-0.29000
14516663;-0.30500
14519440;-0.30500
14522218;-0.30000
14524996;-0.28500
14527774;-0.30500
14530551;-0.29000
14533329;-0.29000
14536107;-0.31000
14538885;-0.29500
14541663;-0.28500
14544440;-0.29000
14547218;-0.30000
14549996;-0.31500
14552774;-0.32000
14555551;-0.31500
14558329;-0.31000
14561107;-0.32000
14563885;-0.33500
14566663;-0.34500
14569440;-0.34000
14572218;-0.34000
14574996;-0.33500
14577774;-0.33000
14580551;-0.32500
14583329;-0.34000
14586107;-0.34500
14588885;-0.35000
14591663;-0.34000
14594440;-0.34000
14597218;-0.35000
14599996;-0.35000
14602774;-0.35000
14605551;-0.35000
14608329;-0.34500
14611107;-0.33500
14613885;-0.34000
14616663;-0.35000
14619440;-0.34500
14622218;-0.33500
14624996;-0.33000
14627774;-0.33000
14630551;-0.33500
14633329;-0.35500
14636107;-0.34500
14638885;-0.35000
14641663;-0.33000
14644440;-0.33500
14647218;-0.34500
14649996;-0.36000
14652774;-0.36500
14655551;-0.35500
14658329;-0.35000
14661107;-0.34000
14663885;-0.34000
14666663;-0.34500
14669440;-0.35500
14672218;-0.34000
14674996;-0.34000
14677774;-0.33000
14680551;-0.34000
14683329;-0.34500
14686107;-0.35500
14688885;-0.35000
14691663;-0.35000
14694440;-0.33000
14697218;-0.33000
14699996;-0.31000
14702774;-0.30000
14705551;-0.29500
14708329;-0.26000
14711107;-0.26000
14713885;-0.26500
14716663;-0.27500
14719440;-0.27500
14722218;-0.26000
14724996;-0.24000
14727774;-0.23500
14730551;-0.23500
14733329;-0.24000
14736107;-0.24500
14738885;-0.23000
14741663;-0.23500
14744440;-0.24500
14747218;-0.24000
14749996;-0.25500
14752774;-0.27500
14755551;-0.27000
14758329;-0.27500
14761107;-0.26500
14763885;-0.26000
14766663;-0.24000
14769440;-0.24000
14772218;-0.24500
14774996;-0.28000
14777774;-0.29000
14780551;-0.30500
14783329;-0.31500
14786107;-0.34000
14788885;-0.34500
14791663;-0.34500
14794440;-0.35000
14797218;-0.36000
14799996;-0.37000
14802774;-0.39000
14805551;-0.39500
14808329;-0.39000
14811107;-0.39500
14813885;-0.40000
14816663;-0.39500
14819440;-0.40000
14822218;-0.38500
14824996;-0.38000
14827774;-0.38500
14830551;-0.39000
14833329;-0.41500
14836107;-0.41000
14838885;-0.40000
14841663;-0.39500
14844440;-0.39500
14847218;-0.40000
14849996;-0.40000
14852774;-0.41500
14855551;-0.41000
14858329;-0.41500
14861107;-0.41000
14863885;-0.41500
14866663;-0.42500
14869440;-0.46500
14872218;-0.50000
14874996;-0.54000
14877774;-0.55000
14880551;-0.57000
14883329;-0.62500
14886107;-0.65500
14888885;-0.60500
14891662;-0.48500
14894440;-0.33000
14897218;-0.15000
14899996;0.05000
14902774;0.35500
14905551;0.67000
14908329;0.90500
14911107;0.99500
14913885;0.91500
14916662;0.62500
14919440;0.18000
14922218;-0.22500
14924996;-0.45000
14927774;-0.54500
14930551;-0.53500
14933329;-0.50500
14936107;-0.47500
14938885;-0.46000
14941662;-0.45000
14944440;-0.43500
14947218;-0.42500
14949996;-0.43500
14952774;-0.44500
14955551;-0.45000
14958329;-0.44000
14961107;-0.45000
14963885;-0.45500
14966662;-0.45500
14969440;-0.46500
14972218;-0.46000
14974996;-0.43000
14977774;-0.42000
14980551;-0.41500
14983329;-0.43000
14986107;-0.44500
14988885;-0.44000
14991662;-0.44500
14994440;-0.45500
14997218;-0.46000
14999996;-0.46000
15002774;-0.45500
15005551;-0.44000
15008329;-0.43000
15011107;-0.42500
15013885;-0.44000
15016662;-0.44500
15019440;-0.45000
15022218;-0.45500
15024996;-0.44000
15027774;-0.44000
15030551;-0.45000
15033329;-0.45500
15036107;-0.46500
15038885;-0.45500
15041662;-0.46000
15044440;-0.44500
15047218;-0.44500
15049996;-0.46500
15052774;-0.46500
15055551;-0.45000
15058329;-0.43500
15061107;-0.43000
15063885;-0.45000
15066662;-0.45000
15069440;-0.45500
15072218;-0.44000
15074996;-0.44000
15077774;-0.42500
15080551;-0.43000
15083329;-0.44000
15086107;-0.45500
15088885;-0.44000
15091662;-0.45000
15094440;-0.45500
15097218;-0.46000
15099996;-0.47500
15102774;-0.47500
15105551;-0.46000
15108329;-0.45000
15111107;-0.44000
15113885;-0.44500
15116662;-0.44000
15119440;-0.47000
15122218;-0.46000
15124996;-0.46500
15127774;-0.47500
15130551;-0.47500
15133329;-0.46500
15136107;-0.46500
15138885;-0.45500
15141662;-0.45000
15144440;-0.46000
15147218;-0.48000
15149996;-0.47000
15152774;-0.48000
15155551;-0.46500
15158329;-0.47000
15161107;-0.47000
15163885;-0.48000
15166662;-0.50000
15169440;-0.51000
15172218;-0.51500
15174996;-0.50500
15177774;-0.50000
15180551;-0.49500
15183329;-0.50500
15186107;-0.51500
15188885;-0.51000
15191662;-0.49500
15194440;-0.50000
15197218;-0.47500
15199996;-0.46000
15202774;-0.45000
15205551;-0.42000
15208329;-0.41500
15211107;-0.40000
15213885;-0.39000
15216662;-0.39500
15219440;-0.39000
15222218;-0.38500
15224996;-0.37000
15227774;-0.36500
15230551;-0.37500
15233329;-0.37500
15236107;-0.37500
15238885;-0.36500
15241662;-0.37000
15244440;-0.36500
15247218;-0.35000
15249996;-0.36500
15252774;-0.36000
15255551;-0.36500
15258329;-0.35000
15261107;-0.33500
15263885;-0.34000
15266662;-0.34500
15269440;-0.34000
15272218;-0.32500
15274996;-0.31000
15277774;-0.32000
15280551;-0.31500
15283329;-0.32500
15286107;-0.33500
15288885;-0.33000
15291662;-0.32000
15294440;-0.34000
15297218;-0.36000
15299996;-0.37000
15302773;-0.37500
15305551;-0.37500
15308329;-0.37500
15311107;-0.37000
15313885;-0.37000
15316662;-0.36500
15319440;-0.36000
15322218;-0.36500
15324996;-0.35000
15327773;-0.36000
15330551;-0.37000
15333329;-0.37500
15336107;-0.38500
15338885;-0.38000
15341662;-0.38000
15344440;-0.37500
15347218;-0.38000
15349996;-0.38500
15352773;-0.39500
15355551;-0.39000
15358329;-0.37500
15361107;-0.38500
15363885;-0.38500
15366662;-0.40500
15369440;-0.41000
15372218;-0.40000
15374996;-0.40000
15377773;-0.38000
15380551;-0.38000
15383329;-0.39500
15386107;-0.38000
15388885;-0.38500
15391662;-0.38000
15394440;-0.39000
15397218;-0.39500
15399996;-0.41000
15402773;-0.40500
15405551;-0.40500
15408329;-0.40000
15411107;-0.39000
15413885;-0.39500
15416662;-0.41000
15419440;-0.41500
15422218;-0.40000
15424996;-0.38500
15427773;-0.38500
15430551;-0.38000
15433329;-0.38500
15436107;-0.39000
15438885;-0.40000
15441662;-0.38000
15444440;-0.38500
15447218;-0.39500
15449996;-0.40500
15452773;-0.41000
15455551;-0.40500
15458329;-0.40000
15461107;-0.40500
15463885;-0.41000
15466662;-0.40000
15469440;-0.40500
15472218;-0.40000
15474996;-0.39500
15477773;-0.40000
15480551;-0.39000
15483329;-0.39000
15486107;-0.38000
15488885;-0.37000
15491662;-0.35000
15494440;-0.34500
15497218;-0.34000
15499996;-0.33500
15502773;-0.34500
15505551;-0.33000
15508329;-0.31000
15511107;-0.29000
15513885;-0.29500
15516662;-0.30000
15519440;-0.30500
15522218;-0.27500
15524996;-0.28000
15527773;-0.29500
15530551;-0.31500
15533329;-0.33000
15536107;-0.34500
15538885;-0.33000
15541662;-0.31500
15544440;-0.32000
15547218;-0.33500
15549996;-0.35000
15552773;-0.34000
15555551;-0.31000
15558329;-0.28500
15561107;-0.27000
15563885;-0.28000
15566662;-0.29000
15569440;-0.30500
15572218;-0.31000
15574996;-0.33500
15577773;-0.34500
15580551;-0.37000
15583329;-0.40000
15586107;-0.41500
15588885;-0.41000
15591662;-0.40500
15594440;-0.40500
15597218;-0.41000
15599996;-0.41500
15602773;-0.43000
15605551;-0.41500
15608329;-0.41000
15611107;-0.42500
15613885;-0.42500
15616662;-0.45500
15619440;-0.45500
15622218;-0.45500
15624996;-0.43000
15627773;-0.43500
15630551;-0.44000
15633329;-0.44000
15636107;-0.44500
15638885;-0.43000
15641662;-0.43500
15644440;-0.44000
15647218;-0.46500
15649996;-0.47500
15652773;-0.49000
15655551;-0.52500
15658329;-0.52500
15661107;-0.54500
15663885;-0.60000
15666662;-0.63000
15669440;-0.59000
15672218;-0.44500
15674996;-0.25000
15677773;-0.06000
15680551;0.17500
15683329;0.46000
15686107;0.73500
15688884;0.94000
15691662;1.02000
15694440;0.91000
15697218;0.59500
15699996;0.13500
15702773;-0.27500
15705551;-0.50500
15708329;-0.57000
15711107;-0.54000
15713884;-0.50000
15716662;-0.47500
15719440;-0.48000
15722218;-0.46000
15724996;-0.44500
15727773;-0.44500
15730551;-0.46500
15733329;-0.46500
15736107;-0.48500
15738884;-0.48500
15741662;-0.48000
15744440;-0.46500
15747218;-0.46500
15749996;-0.46500
15752773;-0.47000
15755551;-0.47000
15758329;-0.45000
15761107;-0.46000
15763884;-0.45500
15766662;-0.46500
15769440;-0.46500
15772218;-0.47000
15774996;-0.47000
15777773;-0.46500
15780551;-0.46000
15783329;-0.47000
15786107;-0.48000
15788884;-0.46500
15791662;-0.45500
15794440;-0.45500
15797218;-0.45500
15799996;-0.46500
15802773;-0.46500
15805551;-0.45500
15808329;-0.45000
15811107;-0.45000
15813884;-0.45500
15816662;-0.47000
15819440;-0.47500
15822218;-0.47000
15824996;-0.45500
15827773;-0.44500
15830551;-0.46500
15833329;-0.47000
15836107;-0.46500
15838884;-0.46500
15841662;-0.44500
15844440;-0.44500
15847218;-0.45000
15849996;-0.45000
15852773;-0.46500
15855551;-0.44500
15858329;-0.44500
15861107;-0.43500
15863884;-0.44500
15866662;-0.46000
15869440;-0.47000
15872218;-0.45500
15874996;-0.44500
15877773;-0.44000
15880551;-0.46000
15883329;-0.47000
15886107;-0.48000
15888884;-0.46000
15891662;-0.45500
15894440;-0.46000
15897218;-0.46000
15899996;-0.47000
15902773;-0.46500
15905551;-0.46000
15908329;-0.46000
15911107;-0.46500
15913884;-0.47000
15916662;-0.47500
15919440;-0.48500
15922218;-0.48500
15924996;-0.47000
15927773;-0.47500
15930551;-0.48000
15933329;-0.49000
15936107;-0.50000
15938884;-0.50500
15941662;-0.49500
15944440;-0.50000
15947218;-0.51000
15949996;-0.51000
15952773;-0.50500
15955551;-0.50500
15958329;-0.49000
15961107;-0.50000
15963884;-0.50500
15966662;-0.50000
15969440;-0.50000
15972218;-0.47000
15974996;-0.46000
15977773;-0.46000
15980551;-0.44500
15983329;-0.44000
15986107;-0.43500
15988884;-0.41500
15991662;-0.39500
15994440;-0.37500
15997218;-0.37000
15999996;-0.37500
16002773;-0.37500
16005551;-0.35500
16008329;-0.34000
16011107;-0.33500
16013884;-0.31000
16016662;-0.33000
16019440;-0.33500
16022218;-0.32500
16024996;-0.31500
16027773;-0.29000
16030551;-0.30500
16033329;-0.31500
16036107;-0.32000
16038884;-0.31500
16041662;-0.29500
16044440;-0.30000
16047218;-0.30000
16049996;-0.31500
16052773;-0.32000
16055551;-0.31000
16058329;-0.30500
16061107;-0.29500
16063884;-0.29500
16066662;-0.30000
16069440;-0.31000
16072218;-0.30500
16074995;-0.30000
16077773;-0.29500
16080551;-0.30000
16083329;-0.31000
16086107;-0.31500
16088884;-0.30000
16091662;-0.29000
16094440;-0.30500
16097218;-0.29000
16099995;-0.31500
16102773;-0.32000
16105551;-0.32000
16108329;-0.31000
16111107;-0.30500
16113884;-0.31000
16116662;-0.33500
16119440;-0.32500
16122218;-0.31500
16124995;-0.32000
16127773;-0.31000
16130551;-0.31500
16133329;-0.32000
16136107;-0.32000
16138884;-0.32000
16141662;-0.30500
16144440;-0.29500
16147218;-0.31000
16149995;-0.32000
16152773;-0.32500
16155551;-0.32000
16158329;-0.31000
16161107;-0.29500
16163884;-0.31000
16166662;-0.33000
16169440;-0.32000
16172218;-0.31500
16174995;-0.31000
16177773;-0.30000
16180551;-0.30500
16183329;-0.31500
16186107;-0.33500
16188884;-0.33000
16191662;-0.32000
16194440;-0.31500
16197218;-0.33000
16199995;-0.31500
16202773;-0.32500
16205551;-0.32000
16208329;-0.30500
16211107;-0.30000
16213884;-0.31000
16216662;-0.32000
16219440;-0.33500
16222218;-0.30500
16224995;-0.30000
16227773;-0.29500
16230551;-0.31000
16233329;-0.31500
16236107;-0.31500
16238884;-0.30500
16241662;-0.30500
16244440;-0.30000
16247218;-0.30000
16249995;-0.31000
16252773;-0.31500
16255551;-0.31000
16258329;-0.31000
16261107;-0.30000
16263884;-0.30500
16266662;-0.30500
16269440;-0.31000
16272218;-0.30000
16274995;-0.28500
16277773;-0.28000
16280551;-0.28500
16283329;-0.28500
16286107;-0.27000
16288884;-0.25500
16291662;-0.23500
16294440;-0.22500
16297218;-0.22500
16299995;-0.22500
16302773;-0.21500
16305551;-0.21500
16308329;-0.20000
16311107;-0.18000
16313884;-0.18500
16316662;-0.18000
16319440;-0.19000
16322218;-0.19000
16324995;-0.18000
16327773;-0.16000
16330551;-0.17000
16333329;-0.19000
16336107;-0.20000
16338884;-0.19000
16341662;-0.19000
16344440;-0.19500
16347218;-0.19500
16349995;-0.20500
16352773;-0.20500
16355551;-0.19500
16358329;-0.20000
16361107;-0.20500
16363884;-0.19000
16366662;-0.17000
16369440;-0.17500
16372218;-0.18500
16374995;-0.21000
16377773;-0.22000
16380551;-0.25000
16383329;-0.27000
16386107;-0.29000
16388884;-0.29500
16391662;-0.30000
16394440;-0.28500
16397218;-0.31000
16399995;-0.32000
16402773;-0.32500
16405551;-0.31500
16408329;-0.31000
16411107;-0.32000
16413884;-0.32000
16416662;-0.32500
16419440;-0.34500
16422218;-0.32500
16424995;-0.31000
16427773;-0.32000
16430551;-0.32000
16433329;-0.32500
16436107;-0.32000
16438884;-0.32500
16441662;-0.31500
16444440;-0.30500
16447218;-0.32500
16449995;-0.33500
16452773;-0.35500
16455551;-0.38000
16458329;-0.42000
16461107;-0.45500
16463884;-0.49000
16466662;-0.52500
16469440;-0.55500
16472218;-0.52000
16474995;-0.40000
16477773;-0.22000
16480551;-0.02500
16483329;0.18500
16486106;0.45500
16488884;0.78500
16491662;1.04500
16494440;1.22500
16497218;1.26000
16499995;1.10500
16502773;0.73000
16505551;0.21500
16508329;-0.20500
16511106;-0.42500
16513884;-0.45500
16516662;-0.40500
16519440;-0.36500
16522218;-0.32500
16524995;-0.31500
16527773;-0.33000
16530551;-0.34000
16533329;-0.35000
16536106;-0.35000
16538884;-0.34500
16541662;-0.34000
16544440;-0.34000
16547218;-0.36000
16549995;-0.36500
16552773;-0.37000
16555551;-0.35500
16558329;-0.35500
16561106;-0.35500
16563884;-0.36000
16566662;-0.36500
16569440;-0.36500
16572218;-0.35500
16574995;-0.34000
16577773;-0.35000
16580551;-0.35000
16583329;-0.37000
16586106;-0.37500
16588884;-0.36500
16591662;-0.36500
16594440;-0.36000
16597218;-0.37000
16599995;-0.37500
16602773;-0.37500
16605551;-0.37000
16608329;-0.36000
16611106;-0.37000
16613884;-0.36500
16616662;-0.36500
16619440;-0.36500
16622218;-0.35500
16624995;-0.35000
16627773;-0.34500
16630551;-0.35500
16633329;-0.35500
16636106;-0.36500
16638884;-0.34500
16641662;-0.34500
16644440;-0.34000
16647218;-0.34500
16649995;-0.35000
16652773;-0.35500
16655551;-0.35000
16658329;-0.34500
16661106;-0.35000
16663884;-0.35000
16666662;-0.36000
16669440;-0.36500
16672218;-0.36000
16674995;-0.35500
16677773;-0.35000
16680551;-0.35500
16683329;-0.36000
16686106;-0.36500
16688884;-0.34500
16691662;-0.34000
16694440;-0.34000
16697218;-0.34000
16699995;-0.35000
16702773;-0.35000
16705551;-0.35500
16708329;-0.34500
16711106;-0.34500
16713884;-0.35000
16716662;-0.35500
16719440;-0.36000
16722218;-0.34500
16724995;-0.34500
16727773;-0.34500
16730551;-0.35500
16733329;-0.37000
16736106;-0.37000
16738884;-0.37000
16741662;-0.36500
16744440;-0.37500
16747218;-0.37500
16749995;-0.39500
16752773;-0.39000
16755551;-0.37000
16758329;-0.37000
16761106;-0.37000
16763884;-0.36000
16766662;-0.39000
16769440;-0.38500
16772218;-0.37500
16774995;-0.36500
16777773;-0.35500
16780551;-0.35500
16783329;-0.35500
16786106;-0.35000
16788884;-0.34000
16791662;-0.33000
16794440;-0.29500
16797218;-0.29000
16799995;-0.29000
16802773;-0.28500
16805551;-0.26500
16808329;-0.25000
16811106;-0.23500
16813884;-0.24500
16816662;-0.23500
16819440;-0.24500
16822218;-0.23000
16824995;-0.22500
16827773;-0.22500
16830551;-0.22500
16833329;-0.23500
16836106;-0.24000
16838884;-0.23000
16841662;-0.22000
16844440;-0.21500
16847218;-0.22000
16849995;-0.22000
16852773;-0.23500
16855551;-0.22500
16858329;-0.22000
16861106;-0.22000
16863884;-0.22500
16866662;-0.23500
16869440;-0.24500
16872217;-0.23000
16874995;-0.21500
16877773;-0.22500
16880551;-0.23000
16883329;-0.22500
16886106;-0.23000
16888884;-0.21500
16891662;-0.21500
16894440;-0.20500
16897217;-0.22000
16899995;-0.24000
16902773;-0.24000
16905551;-0.22500
16908329;-0.23000
16911106;-0.23000
16913884;-0.23500
16916662;-0.24500
16919440;-0.25500
16922217;-0.26000
16924995;-0.25000
16927773;-0.25000
16930551;-0.26000
16933329;-0.26500
16936106;-0.27000
16938884;-0.25500
16941662;-0.25500
16944440;-0.26500
16947217;-0.26000
16949995;-0.27000
16952773;-0.28000
16955551;-0.27500
16958329;-0.28000
16961106;-0.26500
16963884;-0.26500
16966662;-0.27500
16969440;-0.28500
16972217;-0.28500
16974995;-0.27000
16977773;-0.27000
16980551;-0.27500
16983329;-0.28500
16986106;-0.28500
16988884;-0.28500
16991662;-0.28000
16994440;-0.28500
16997217;-0.28500
16999995;-0.29000
17002773;-0.30000
17005551;-0.29000
17008329;-0.28500
17011106;-0.27500
17013884;-0.27000
17016662;-0.28500
17019440;-0.29000
17022217;-0.28000
17024995;-0.27000
17027773;-0.27000
17030551;-0.27500
17033329;-0.28500
17036106;-0.29500
17038884;-0.28500
17041662;-0.26500
17044440;-0.25500
17047217;-0.27500
17049995;-0.28000
17052773;-0.29500
17055551;-0.26500
17058329;-0.26000
17061106;-0.26000
17063884;-0.26500
17066662;-0.28500
17069440;-0.28000
17072217;-0.28000
17074995;-0.28000
17077773;-0.27000
17080551;-0.27000
17083329;-0.28500
17086106;-0.29000
17088884;-0.26500
17091662;-0.26500
17094440;-0.26500
17097217;-0.26000
17099995;-0.27000
17102773;-0.27000
17105551;-0.25500
17108329;-0.23500
17111106;-0.22500
17113884;-0.22000
17116662;-0.21500
17119440;-0.21000
17122217;-0.21500
17124995;-0.19500
17127773;-0.19000
17130551;-0.19500
17133329;-0.18000
17136106;-0.18500
17138884;-0.17000
17141662;-0.16000
17144440;-0.15500
17147217;-0.16000
17149995;-0.17000
17152773;-0.18000
17155551;-0.18000
17158329;-0.18500
17161106;-0.19000
17163884;-0.19000
17166662;-0.18500
17169440;-0.19000
17172217;-0.19000
17174995;-0.19500
17177773;-0.18500
17180551;-0.18000
17183329;-0.16000
17186106;-0.17500
17188884;-0.17500
17191662;-0.21000
17194440;-0.22000
17197217;-0.24000
17199995;-0.25500
17202773;-0.27000
17205551;-0.28500
17208329;-0.28000
17211106;-0.29000
17213884;-0.29500
17216662;-0.31000
17219440;-0.32000
17222217;-0.31500
17224995;-0.31000
17227773;-0.30500
17230551;-0.31500
17233329;-0.32000
17236106;-0.33000
17238884;-0.32500
17241662;-0.31500
17244440;-0.33000
17247217;-0.33000
17249995;-0.33500
17252773;-0.35000
17255551;-0.33000
17258329;-0.32000
17261106;-0.31500
17263884;-0.31000
17266662;-0.31500
17269440;-0.32000
17272217;-0.32500
17274995;-0.31000
17277773;-0.31500
17280551;-0.32500
17283328;-0.32500
17286106;-0.34000
17288884;-0.34500
17291662;-0.36500
17294440;-0.40000
17297217;-0.45000
17299995;-0.47000
17302773;-0.50000
17305551;-0.53000
17308328;-0.54500
17311106;-0.51000
17313884;-0.42000
17316662;-0.27500
17319440;-0.11500
17322217;0.09000
17324995;0.33500
17327773;0.63500
17330551;0.91500
17333328;1.10000
17336106;1.16000
17338884;1.12500
17341662;0.88000
17344440;0.45000
17347217;-0.02500
17349995;-0.32500
17352773;-0.41500
17355551;-0.41000
17358328;-0.35000
17361106;-0.33000
17363884;-0.31500
17366662;-0.33000
17369440;-0.34000
17372217;-0.33500
17374995;-0.33000
17377773;-0.33000
17380551;-0.33500
17383328;-0.35000
17386106;-0.37500
17388884;-0.35000
17391662;-0.36000
17394440;-0.35000
17397217;-0.36000
17399995;-0.37000
17402773;-0.36500
17405551;-0.37000
17408328;-0.35500
17411106;-0.34500
17413884;-0.35000
17416662;-0.35000
17419440;-0.37000
17422217;-0.35500
17424995;-0.35500
17427773;-0.35000
17430551;-0.35500
17433328;-0.35500
17436106;-0.35500
17438884;-0.34000
17441662;-0.34000
17444440;-0.33500
17447217;-0.35500
17449995;-0.35000
17452773;-0.35500
17455551;-0.35000
17458328;-0.35000
17461106;-0.33500
17463884;-0.34000
17466662;-0.34500
17469440;-0.35000
17472217;-0.34500
17474995;-0.33500
17477773;-0.34500
17480551;-0.35500
17483328;-0.35500
17486106;-0.36500
17488884;-0.35000
17491662;-0.34500
17494440;-0.33500
17497217;-0.34000
17499995;-0.35000
17502773;-0.35500
17505551;-0.33000
17508328;-0.33500
17511106;-0.33500
17513884;-0.33000
17516662;-0.34500
17519440;-0.35000
17522217;-0.33500
17524995;-0.33000
17527773;-0.34000
17530551;-0.34500
17533328;-0.35000
17536106;-0.33500
17538884;-0.34500
17541662;-0.32500
17544440;-0.32500
17547217;-0.34500
17549995;-0.34500
17552773;-0.35500
17555551;-0.34500
17558328;-0.33000
17561106;-0.34000
17563884;-0.34500
17566662;-0.35000
17569440;-0.36000
17572217;-0.35000
17574995;-0.35000
17577773;-0.35000
17580551;-0.35000
17583328;-0.36500
17586106;-0.36500
17588884;-0.36000
17591662;-0.35500
17594440;-0.36500
17597217;-0.36500
17599995;-0.36500
17602773;-0.35000
17605551;-0.35000
17608328;-0.34500
17611106;-0.34000
17613884;-0.34500
17616662;-0.36000
17619440;-0.36000
17622217;-0.35500
17624995;-0.36000
17627773;-0.36000
17630551;-0.35500
17633328;-0.35000
17636106;-0.36000
17638884;-0.35000
17641662;-0.33000
17644440;-0.33500
17647217;-0.32500
17649995;-0.32500
17652773;-0.32000
17655551;-0.29500
17658328;-0.28500
17661106;-0.28000
17663884;-0.27500
17666662;-0.26500
17669439;-0.26500
17672217;-0.24500
17674995;-0.24000
17677773;-0.22500
17680551;-0.23500
17683328;-0.23000
17686106;-0.23500
17688884;-0.22000
17691662;-0.21500
17694439;-0.20500
17697217;-0.21500
17699995;-0.22500
17702773;-0.24000
17705551;-0.22000
17708328;-0.21500
17711106;-0.22500
17713884;-0.22500
17716662;-0.24000
17719439;-0.24500
17722217;-0.24000
17724995;-0.24000
17727773;-0.22000
17730551;-0.22500
17733328;-0.23500
17736106;-0.24000
17738884;-0.23500
17741662;-0.23000
17744439;-0.22000
17747217;-0.22000
17749995;-0.23500
17752773;-0.24000
17755551;-0.24500
17758328;-0.22000
17761106;-0.22500
17763884;-0.23000
17766662;-0.24500
17769439;-0.25000
17772217;-0.24500
17774995;-0.23500
17777773;-0.24000
17780551;-0.24000
17783328;-0.25500
17786106;-0.27000
17788884;-0.26000
17791662;-0.25000
17794439;-0.26000
17797217;-0.26500
17799995;-0.27500
17802773;-0.28500
17805551;-0.27500
17808328;-0.27500
17811106;-0.27500
17813884;-0.27500
17816662;-0.27500
17819439;-0.28500
17822217;-0.27500
17824995;-0.27000
17827773;-0.27000
17830551;-0.27500
17833328;-0.27500
17836106;-0.28500
17838884;-0.28000
17841662;-0.26500
17844439;-0.27000
17847217;-0.28000
17849995;-0.28000
17852773;-0.28500
17855551;-0.27000
17858328;-0.27500
17861106;-0.26500
17863884;-0.26500
17866662;-0.27500
17869439;-0.27500
17872217;-0.27500
17874995;-0.27000
17877773;-0.26000
17880551;-0.28000
17883328;-0.28000
17886106;-0.29000
17888884;-0.29000
17891662;-0.28000
17894439;-0.28000
17897217;-0.27500
17899995;-0.28000
17902773;-0.29000
17905551;-0.27000
17908328;-0.26500
17911106;-0.26000
17913884;-0.26500
17916662;-0.27000
17919439;-0.27000
17922217;-0.27500
17924995;-0.26500
17927773;-0.25500
17930551;-0.26500
17933328;-0.26000
17936106;-0.27000
17938884;-0.26000
17941662;-0.24500
17944439;-0.25000
17947217;-0.25500
17949995;-0.26000
17952773;-0.26500
17955551;-0.25000
17958328;-0.25000
17961106;-0.24000
17963884;-0.25500
17966662;-0.26000
17969439;-0.27000
17972217;-0.25500
17974995;-0.25000
17977773;-0.23500
17980551;-0.23000
17983328;-0.23000
17986106;-0.22000
17988884;-0.20500
17991662;-0.19000
17994439;-0.19500
17997217;-0.18500
17999995;-0.20500
18002773;-0.19500
18005551;-0.18500
18008328;-0.16000
18011106;-0.15500
18013884;-0.15000
18016662;-0.14500
18019439;-0.15500
18022217;-0.14500
18024995;-0.14500
18027773;-0.14500
18030551;-0.16000
18033328;-0.16500
18036106;-0.18000
18038884;-0.16500
18041662;-0.16500
18044439;-0.17500
18047217;-0.18500
18049995;-0.19500
18052773;-0.21000
18055550;-0.17000
18058328;-0.14000
18061106;-0.12500
18063884;-0.15000
18066662;-0.19000
18069439;-0.23000
18072217;-0.23000
18074995;-0.23000
18077773;-0.25500
18080550;-0.25500
18083328;-0.27500
18086106;-0.29000
18088884;-0.30000
18091662;-0.29000
18094439;-0.28000
18097217;-0.29000
18099995;-0.28000
18102773;-0.29500
18105550;-0.27500
18108328;-0.28500
18111106;-0.29500
18113884;-0.30000
18116662;-0.30000
18119439;-0.31000
18122217;-0.31000
18124995;-0.29500
18127773;-0.29500
18130550;-0.29500
18133328;-0.30000
18136106;-0.30500
18138884;-0.30000
18141662;-0.30000
18144439;-0.30500
18147217;-0.31000
18149995;-0.32000
18152773;-0.33000
18155550;-0.32500
18158328;-0.32500
18161106;-0.35000
18163884;-0.40000
18166662;-0.44000
18169439;-0.46500
18172217;-0.50000
18174995;-0.51500
18177773;-0.50000
18180550;-0.40500
18183328;-0.26500
18186106;-0.10500
18188884;0.08000
18191662;0.33000
18194439;0.60500
18197217;0.86000
18199995;1.02000
18202773;1.07000
18205550;0.99500
18208328;0.74000
18211106;0.31000
18213884;-0.09500
18216662;-0.35000
18219439;-0.44500
18222217;-0.45000
18224995;-0.41000
18227773;-0.38000
18230550;-0.35500
18233328;-0.33000
18236106;-0.34000
18238884;-0.33500
18241662;-0.33000
18244439;-0.32000
18247217;-0.32500
18249995;-0.34000
18252773;-0.35500
18255550;-0.34000
18258328;-0.33000
18261106;-0.33000
18263884;-0.33500
18266662;-0.35500
18269439;-0.35500
18272217;-0.35000
18274995;-0.35000
18277773;-0.34500
18280550;-0.35000
18283328;-0.36000
18286106;-0.36000
18288884;-0.36000
18291662;-0.34000
18294439;-0.34000
18297217;-0.34000
18299995;-0.34500
18302773;-0.36000
18305550;-0.36000
18308328;-0.34000
18311106;-0.34500
18313884;-0.34500
18316662;-0.34500
18319439;-0.35000
18322217;-0.34500
18324995;-0.35000
18327773;-0.35000
18330550;-0.33500
18333328;-0.34000
18336106;-0.35500
18338884;-0.34000
18341662;-0.33500
18344439;-0.34000
18347217;-0.34500
18349995;-0.34500
18352773;-0.35000
18355550;-0.33500
18358328;-0.35500
18361106;-0.35000
18363884;-0.34500
18366662;-0.35500
18369439;-0.36000
18372217;-0.36500
18374995;-0.36500
18377773;-0.34500
18380550;-0.35500
18383328;-0.35000
18386106;-0.35500
18388884;-0.36500
18391662;-0.35000
18394439;-0.34500
18397217;-0.34500
18399995;-0.36000
18402773;-0.37500
18405550;-0.36000
18408328;-0.35000
18411106;-0.34000
18413884;-0.35000
18416662;-0.34500
18419439;-0.36000
18422217;-0.35500
18424995;-0.35000
18427773;-0.34000
18430550;-0.35000
18433328;-0.36500
18436106;-0.37500
18438884;-0.36000
18441662;-0.37500
18444439;-0.37000
18447217;-0.38500
18449995;-0.39500
18452773;-0.39000
18455550;-0.38500
18458328;-0.38000
18461106;-0.37000
18463884;-0.39000
18466661;-0.40500
18469439;-0.42000
18472217;-0.40500
18474995;-0.40000
18477773;-0.39000
18480550;-0.39500
18483328;-0.39500
18486106;-0.39500
18488884;-0.38500
18491661;-0.36500
18494439;-0.37000
18497217;-0.37500
18499995;-0.37000
18502773;-0.37500
18505550;-0.34500
18508328;-0.34500
18511106;-0.33000
18513884;-0.34000
18516661;-0.35000
18519439;-0.33500
18522217;-0.33500
18524995;-0.32500
18527773;-0.30500
18530550;-0.30000
18533328;-0.31500
18536106;-0.30500
18538884;-0.29500
18541661;-0.27500
18544439;-0.28000
18547217;-0.27000
18549995;-0.28500
18552773;-0.28000
18555550;-0.26500
18558328;-0.26500
18561106;-0.26500
18563884;-0.27000
18566661;-0.27000
18569439;-0.28000
18572217;-0.27500
18574995;-0.27500
18577773;-0.28000
18580550;-0.28500
18583328;-0.29000
18586106;-0.31000
18588884;-0.30500
18591661;-0.28000
18594439;-0.28500
18597217;-0.29500
18599995;-0.30500
18602773;-0.31500
18605550;-0.31000
18608328;-0.30500
18611106;-0.29000
18613884;-0.30000
18616661;-0.30000
18619439;-0.30500
18622217;-0.30000
18624995;-0.30000
18627773;-0.30000
18630550;-0.30500
18633328;-0.31000
18636106;-0.30500
18638884;-0.31000
18641661;-0.29000
18644439;-0.28500
18647217;-0.30500
18649995;-0.30500
18652773;-0.32000
18655550;-0.32000
18658328;-0.32000
18661106;-0.31000
18663884;-0.32000
18666661;-0.33000
18669439;-0.33000
18672217;-0.33500
18674995;-0.32500
18677773;-0.32500
18680550;-0.33500
18683328;-0.33500
18686106;-0.34500
18688884;-0.33000
18691661;-0.32500
18694439;-0.32000
18697217;-0.32500
18699995;-0.33500
18702773;-0.35500
18705550;-0.35000
18708328;-0.33000
18711106;-0.33000
18713884;-0.33500
18716661;-0.34500
18719439;-0.34500
18722217;-0.34500
18724995;-0.33500
18727773;-0.32500
18730550;-0.33500
18733328;-0.33500
18736106;-0.34000
18738884;-0.34500
18741661;-0.33000
18744439;-0.32500
18747217;-0.33500
18749995;-0.35500
18752773;-0.34500
18755550;-0.34000
18758328;-0.33000
18761106;-0.34000
18763884;-0.34000
18766661;-0.34500
18769439;-0.33500
18772217;-0.33000
18774995;-0.32500
18777773;-0.32500
18780550;-0.33000
18783328;-0.33500
18786106;-0.33000
18788884;-0.32500
18791661;-0.32500
18794439;-0.32000
18797217;-0.33000
18799995;-0.33500
18802773;-0.34500
18805550;-0.32000
18808328;-0.31500
18811106;-0.29000
18813884;-0.28500
18816661;-0.28500
18819439;-0.28500
18822217;-0.28000
18824995;-0.26500
18827773;-0.26500
18830550;-0.27500
18833328;-0.26500
18836106;-0.25500
18838884;-0.24500
18841661;-0.23000
18844439;-0.22000
18847217;-0.20500
18849995;-0.21000
18852772;-0.22500
18855550;-0.23500
18858328;-0.22000
18861106;-0.23000
18863884;-0.24500
18866661;-0.25500
18869439;-0.26500
18872217;-0.24500
18874995;-0.24500
18877772;-0.24500
18880550;-0.24500
18883328;-0.24500
18886106;-0.24000
18888884;-0.24500
18891661;-0.25500
18894439;-0.27500
18897217;-0.29500
18899995;-0.31500
18902772;-0.34000
18905550;-0.35000
18908328;-0.34500
18911106;-0.35500
18913884;-0.35000
18916661;-0.36000
18919439;-0.36000
18922217;-0.35000
18924995;-0.34000
18927772;-0.34000
18930550;-0.35000
18933328;-0.37500
18936106;-0.37000
18938884;-0.36500
18941661;-0.36000
18944439;-0.36000
18947217;-0.36000
18949995;-0.37000
18952772;-0.38000
18955550;-0.37500
18958328;-0.37500
18961106;-0.37000
18963884;-0.38000
18966661;-0.39000
18969439;-0.39000
18972217;-0.38500
18974995;-0.38000
18977772;-0.37500
18980550;-0.37000
18983328;-0.39000
18986106;-0.39500
18988884;-0.39000
18991661;-0.41500
18994439;-0.43000
18997217;-0.47500
18999995;-0.51000
19002772;-0.53500
19005550;-0.57500
19008328;-0.57500
19011106;-0.51000
19013884;-0.40500
19016661;-0.27500
19019439;-0.12500
19022217;0.06500
19024995;0.28500
19027772;0.54000
19030550;0.77000
19033328;0.92000
19036106;0.96000
19038884;0.86000
19041661;0.55500
19044439;0.15500
19047217;-0.19500
19049995;-0.41000
19052772;-0.49500
19055550;-0.51000
19058328;-0.50000
19061106;-0.47500
19063884;-0.44000
19066661;-0.44000
19069439;-0.44000
19072217;-0.41500
19074995;-0.39500
19077772;-0.39500
19080550;-0.39500
19083328;-0.40500
19086106;-0.42000
19088884;-0.41500
19091661;-0.41500
19094439;-0.42000
19097217;-0.40500
19099995;-0.41000
19102772;-0.42000
19105550;-0.42000
19108328;-0.41500
19111106;-0.41500
19113884;-0.42500
19116661;-0.44500
19119439;-0.44000
19122217;-0.42500
19124995;-0.42500
19127772;-0.42500
19130550;-0.41000
19133328;-0.42000
19136106;-0.43000
19138884;-0.42000
19141661;-0.42000
19144439;-0.43500
19147217;-0.44000
19149995;-0.44500
19152772;-0.44000
19155550;-0.42500
19158328;-0.39500
19161106;-0.40000
19163884;-0.41000
19166661;-0.43000
19169439;-0.44500
19172217;-0.43500
19174995;-0.43000
19177772;-0.42500
19180550;-0.41500
19183328;-0.42000
19186106;-0.43000
19188884;-0.43000
19191661;-0.42500
19194439;-0.43500
19197217;-0.45500
19199995;-0.45500
19202772;-0.45000
19205550;-0.44500
19208328;-0.43500
19211106;-0.43500
19213884;-0.44500
19216661;-0.45000
19219439;-0.44000
19222217;-0.43500
19224995;-0.42500
19227772;-0.42500
19230550;-0.41500
19233328;-0.42000
19236106;-0.43500
19238884;-0.43000
19241661;-0.42000
19244439;-0.41500
19247217;-0.41000
19249995;-0.42500
19252772;-0.42500
19255550;-0.41000
19258328;-0.40000
19261106;-0.41000
19263883;-0.41000
19266661;-0.42500
19269439;-0.44000
19272217;-0.44500
19274995;-0.44500
19277772;-0.44000
19280550;-0.45500
19283328;-0.48000
19286106;-0.49500
19288883;-0.50000
19291661;-0.49000
19294439;-0.51000
19297217;-0.50000
19299995;-0.52000
19302772;-0.50500
