timestamp,dataset,method,params,trace_count,repeat,tag_k,disc_time,learn_time,total_time,actual_bins,n_states,n_edges,n_inconsistencies
2026-05-15T00:27:51.340537,clean,naive,{'bins': 10},1,0,2,0.0004900302737951279,0.008622447028756142,0.009404425509274006,10,18,22,0
2026-05-15T00:27:51.351551,clean,naive,{'bins': 10},1,1,2,0.0003341473639011383,0.00795444380491972,0.008535975590348244,10,18,22,0
2026-05-15T00:27:51.361527,clean,naive,{'bins': 10},1,2,2,0.00031656399369239807,0.007808559574186802,0.008369361981749535,10,18,22,0
2026-05-15T00:27:51.371202,clean,naive,{'bins': 10},1,3,2,0.0003120666369795799,0.007859254255890846,0.008425747975707054,10,18,22,0
2026-05-15T00:27:51.380805,clean,naive,{'bins': 10},1,4,2,0.0003123357892036438,0.00781585369259119,0.00837064441293478,10,18,22,0
2026-05-15T00:27:51.419929,clean,naive,{'bins': 10},2,0,2,0.0005557937547564507,0.035497269593179226,0.036511694081127644,10,24,32,0
2026-05-15T00:27:51.457934,clean,naive,{'bins': 10},2,1,2,0.000555272214114666,0.0352842016145587,0.03621134161949158,10,24,32,0
2026-05-15T00:27:51.496141,clean,naive,{'bins': 10},2,2,2,0.0005467263981699944,0.03542093839496374,0.036342828534543514,10,24,32,0
2026-05-15T00:27:51.534300,clean,naive,{'bins': 10},2,3,2,0.0005432404577732086,0.03553918935358524,0.036454938352108,10,24,32,0
2026-05-15T00:27:51.572507,clean,naive,{'bins': 10},2,4,2,0.0005425289273262024,0.03546656295657158,0.036381942220032215,10,24,32,0
2026-05-15T00:27:51.628851,clean,naive,{'bins': 10},3,0,2,0.0007657166570425034,0.05224958062171936,0.05352956335991621,10,12,20,0
2026-05-15T00:27:51.683912,clean,naive,{'bins': 10},3,1,2,0.0007689334452152252,0.051574002020061016,0.052871507592499256,10,12,20,0
2026-05-15T00:27:51.738795,clean,naive,{'bins': 10},3,2,2,0.0007684333249926567,0.05151559319347143,0.05279785115271807,10,12,20,0
2026-05-15T00:27:51.793621,clean,naive,{'bins': 10},3,3,2,0.0007610572502017021,0.05126300919800997,0.05254238937050104,10,12,20,0
2026-05-15T00:27:51.848001,clean,naive,{'bins': 10},3,4,2,0.0007851943373680115,0.05100605543702841,0.052306015975773335,10,12,20,0
2026-05-15T00:27:51.940466,clean,naive,{'bins': 10},4,0,2,0.00097749475389719,0.08741222135722637,0.08913635835051537,10,16,29,0
2026-05-15T00:27:52.032035,clean,naive,{'bins': 10},4,1,2,0.000987914390861988,0.08735824190080166,0.08900829963386059,10,16,29,0
2026-05-15T00:27:52.123776,clean,naive,{'bins': 10},4,2,2,0.0010000364854931831,0.08743537589907646,0.08907594624906778,10,16,29,0
2026-05-15T00:27:52.215513,clean,naive,{'bins': 10},4,3,2,0.0009911293163895607,0.08756599202752113,0.08920146152377129,10,16,29,0
2026-05-15T00:27:52.307746,clean,naive,{'bins': 10},4,4,2,0.0009929044172167778,0.08793174847960472,0.08956744987517595,10,16,29,0
2026-05-15T00:27:52.433545,clean,naive,{'bins': 10},5,0,2,0.0011889422312378883,0.12021540571004152,0.12220017239451408,10,11,21,0
2026-05-15T00:27:52.559105,clean,naive,{'bins': 10},5,1,2,0.0012377938255667686,0.12056007329374552,0.12258110754191875,10,11,21,0
2026-05-15T00:27:52.683937,clean,naive,{'bins': 10},5,2,2,0.0012065749615430832,0.11992468032985926,0.1219176510348916,10,11,21,0
2026-05-15T00:27:52.809353,clean,naive,{'bins': 10},5,3,2,0.0012373123317956924,0.12039243709295988,0.12241937313228846,10,11,21,0
2026-05-15T00:27:52.935393,clean,naive,{'bins': 10},5,4,2,0.001318083144724369,0.12098991964012384,0.12314568646252155,10,11,21,0
2026-05-15T00:27:53.132819,clean,naive,{'bins': 10},6,0,2,0.0014495206996798515,0.1902306191623211,0.19274460896849632,10,24,38,0
2026-05-15T00:27:53.328878,clean,naive,{'bins': 10},6,1,2,0.001470360904932022,0.18965172208845615,0.19206484220921993,10,24,38,0
2026-05-15T00:27:53.525672,clean,naive,{'bins': 10},6,2,2,0.0015211766585707664,0.1901685418561101,0.19260475598275661,10,24,38,0
2026-05-15T00:27:53.721640,clean,naive,{'bins': 10},6,3,2,0.0014546401798725128,0.1892689038068056,0.19165089540183544,10,24,38,0
2026-05-15T00:27:53.916701,clean,naive,{'bins': 10},6,4,2,0.001493995077908039,0.18875474762171507,0.19117627386003733,10,24,38,0
2026-05-15T00:27:54.199972,clean,naive,{'bins': 10},7,0,2,0.0016969647258520126,0.27530655544251204,0.2782410643994808,10,24,41,0
2026-05-15T00:27:54.484634,clean,naive,{'bins': 10},7,1,2,0.0017229551449418068,0.2774699367582798,0.2803133949637413,10,24,41,0
2026-05-15T00:27:54.770703,clean,naive,{'bins': 10},7,2,2,0.001711944118142128,0.27799160685390234,0.2807761849835515,10,24,41,0
2026-05-15T00:27:55.054050,clean,naive,{'bins': 10},7,3,2,0.001697096973657608,0.27590755373239517,0.2786746881902218,10,24,41,0
2026-05-15T00:27:55.386407,clean,naive,{'bins': 10},7,4,2,0.0024702679365873337,0.32363185845315456,0.3273379970341921,10,24,41,0
2026-05-15T00:27:55.684663,clean,naive,{'bins': 10},8,0,2,0.00202008243650198,0.2878609746694565,0.29123498871922493,10,7,16,0
2026-05-15T00:27:55.977718,clean,naive,{'bins': 10},8,1,2,0.001955881714820862,0.2852867729961872,0.28843615483492613,10,7,16,0
2026-05-15T00:27:56.276497,clean,naive,{'bins': 10},8,2,2,0.001909775659441948,0.29074892681092024,0.29386449605226517,10,7,16,0
2026-05-15T00:27:56.573632,clean,naive,{'bins': 10},8,3,2,0.002450922504067421,0.28793690726161003,0.2917089993134141,10,7,16,0
2026-05-15T00:27:56.869014,clean,naive,{'bins': 10},8,4,2,0.0019359244033694267,0.28760356176644564,0.29075175151228905,10,7,16,0
2026-05-15T00:27:57.217644,clean,naive,{'bins': 10},9,0,2,0.002300058491528034,0.3391512939706445,0.3428012663498521,10,9,19,0
2026-05-15T00:27:57.562756,clean,naive,{'bins': 10},9,1,2,0.002300078049302101,0.33624936640262604,0.33992803283035755,10,9,19,0
2026-05-15T00:27:57.909740,clean,naive,{'bins': 10},9,2,2,0.0022608349099755287,0.3380239773541689,0.3416793402284384,10,9,19,0
2026-05-15T00:27:58.309359,clean,naive,{'bins': 10},9,3,2,0.002755042165517807,0.39013500791043043,0.39438668079674244,10,9,19,0
2026-05-15T00:27:58.654302,clean,naive,{'bins': 10},9,4,2,0.0024674534797668457,0.3355654329061508,0.33945480547845364,10,9,19,0
2026-05-15T00:27:59.049924,clean,naive,{'bins': 10},10,0,2,0.0024685338139533997,0.3846437195315957,0.38870944269001484,10,9,19,0
2026-05-15T00:27:59.443112,clean,naive,{'bins': 10},10,1,2,0.002502718009054661,0.38331213872879744,0.38744919560849667,10,9,19,0
2026-05-15T00:27:59.837701,clean,naive,{'bins': 10},10,2,2,0.0024933209642767906,0.3847179478034377,0.38883915450423956,10,9,19,0
2026-05-15T00:28:00.233829,clean,naive,{'bins': 10},10,3,2,0.0025026481598615646,0.3862255085259676,0.3903652001172304,10,9,19,0
2026-05-15T00:28:00.629531,clean,naive,{'bins': 10},10,4,2,0.0030115433037281036,0.38505211658775806,0.389849042519927,10,9,19,0
2026-05-15T00:28:01.145749,clean,naive,{'bins': 10},11,0,2,0.002782312221825123,0.5047423569485545,0.5092662684619427,10,9,19,0
2026-05-15T00:28:01.608504,clean,naive,{'bins': 10},11,1,2,0.002909300848841667,0.4518154626712203,0.4565276885405183,10,9,19,0
2026-05-15T00:28:02.073262,clean,naive,{'bins': 10},11,2,2,0.002729363739490509,0.45406440552324057,0.4585290476679802,10,9,19,0
2026-05-15T00:28:02.538399,clean,naive,{'bins': 10},11,3,2,0.0027436716482043266,0.45453145261853933,0.4590101111680269,10,9,19,0
2026-05-15T00:28:03.007673,clean,naive,{'bins': 10},11,4,2,0.0027410564944148064,0.45819548051804304,0.46268680319190025,10,9,19,0
2026-05-15T00:28:03.501686,clean,naive,{'bins': 10},12,0,2,0.0033378759399056435,0.4797235671430826,0.48510616179555655,10,17,30,0
2026-05-15T00:28:04.045187,clean,naive,{'bins': 10},12,1,2,0.003009379841387272,0.5310672875493765,0.5360110690817237,10,17,30,0
2026-05-15T00:28:04.539268,clean,naive,{'bins': 10},12,2,2,0.0031513655558228493,0.48187676910310984,0.48705755453556776,10,17,30,0
2026-05-15T00:28:05.030896,clean,naive,{'bins': 10},12,3,2,0.003008417785167694,0.479607199318707,0.4845769591629505,10,17,30,0
2026-05-15T00:28:05.526885,clean,naive,{'bins': 10},12,4,2,0.002963664010167122,0.4839133732020855,0.4888442801311612,10,17,30,0
2026-05-15T00:28:06.068095,clean,naive,{'bins': 10},13,0,2,0.003203383646905422,0.5276296734809875,0.5329376580193639,10,7,16,0
2026-05-15T00:28:06.654382,clean,naive,{'bins': 10},13,1,2,0.003306197002530098,0.573328466154635,0.5786950709298253,10,7,16,0
2026-05-15T00:28:07.194127,clean,naive,{'bins': 10},13,2,2,0.003858562558889389,0.5255083311349154,0.5316083217039704,10,7,16,0
2026-05-15T00:28:07.730158,clean,naive,{'bins': 10},13,3,2,0.00325017049908638,0.5234395070001483,0.528749524615705,10,7,16,0
2026-05-15T00:28:08.268402,clean,naive,{'bins': 10},13,4,2,0.0032585784792900085,0.5255925599485636,0.5309349093586206,10,7,16,0
2026-05-15T00:28:08.892293,clean,naive,{'bins': 10},14,0,2,0.0034326333552598953,0.6092935847118497,0.6149616558104753,10,7,16,0
2026-05-15T00:28:09.570105,clean,naive,{'bins': 10},14,1,2,0.0034980764612555504,0.6634432319551706,0.6692252671346068,10,7,16,0
2026-05-15T00:28:10.191695,clean,naive,{'bins': 10},14,2,2,0.0036841770634055138,0.6072024088352919,0.6131400158628821,10,7,16,0
2026-05-15T00:28:10.814825,clean,naive,{'bins': 10},14,3,2,0.0035319197922945023,0.6091625997796655,0.6148878773674369,10,7,16,0
2026-05-15T00:28:11.440154,clean,naive,{'bins': 10},14,4,2,0.0034906230866909027,0.6114578172564507,0.6171701615676284,10,7,16,0
2026-05-15T00:28:12.192150,clean,naive,{'bins': 10},15,0,2,0.0037074098363518715,0.7357430951669812,0.7417930234223604,10,7,16,0
2026-05-15T00:28:12.889422,clean,naive,{'bins': 10},15,1,2,0.004071413539350033,0.681593706831336,0.6880794325843453,10,7,16,0
2026-05-15T00:28:13.584607,clean,naive,{'bins': 10},15,2,2,0.003758004866540432,0.680066691711545,0.6861947365105152,10,7,16,0
2026-05-15T00:28:14.287855,clean,naive,{'bins': 10},15,3,2,0.0037628356367349625,0.6880774581804872,0.6942352000623941,10,7,16,0
2026-05-15T00:28:15.028115,clean,naive,{'bins': 10},15,4,2,0.00379274133592844,0.7248846301808953,0.7310446556657553,10,7,16,0
2026-05-15T00:28:15.832717,clean,naive,{'bins': 10},16,0,2,0.003985793329775333,0.787374334409833,0.7939390894025564,10,7,16,0
2026-05-15T00:28:16.635273,clean,naive,{'bins': 10},16,1,2,0.00412069633603096,0.7864809669554234,0.7932450855150819,10,7,16,0
2026-05-15T00:28:17.446744,clean,naive,{'bins': 10},16,2,2,0.004059480503201485,0.7952332077547908,0.8018428152427077,10,7,16,0
2026-05-15T00:28:18.307703,clean,naive,{'bins': 10},16,3,2,0.004010980017483234,0.8448426015675068,0.8513602679595351,10,7,16,0
2026-05-15T00:28:19.111273,clean,naive,{'bins': 10},16,4,2,0.0045257871970534325,0.786451131105423,0.7936006132513285,10,7,16,0
2026-05-15T00:28:19.983417,clean,naive,{'bins': 10},17,0,2,0.004215222783386707,0.8547009592875838,0.8615790214389563,10,8,17,0
2026-05-15T00:28:20.857696,clean,naive,{'bins': 10},17,1,2,0.004276127554476261,0.8574907574802637,0.8644270189106464,10,8,17,0
2026-05-15T00:28:21.785180,clean,naive,{'bins': 10},17,2,2,0.004327923990786076,0.9104879321530461,0.9174622446298599,10,8,17,0
2026-05-15T00:28:22.659629,clean,naive,{'bins': 10},17,3,2,0.004395831376314163,0.8564233323559165,0.8635869203135371,10,8,17,0
2026-05-15T00:28:23.535996,clean,naive,{'bins': 10},17,4,2,0.004284624010324478,0.8592028021812439,0.8661664752289653,10,8,17,0
2026-05-15T00:28:24.515539,clean,naive,{'bins': 10},18,0,2,0.004542597569525242,0.9599906355142593,0.9674101239070296,10,14,25,0
2026-05-15T00:28:25.553689,clean,naive,{'bins': 10},18,1,2,0.00465733278542757,1.0193663835525513,1.0269716503098607,10,14,25,0
2026-05-15T00:28:26.539768,clean,naive,{'bins': 10},18,2,2,0.004723167046904564,0.967233432456851,0.9748025527223945,10,14,25,0
2026-05-15T00:28:27.520886,clean,naive,{'bins': 10},18,3,2,0.004597530700266361,0.9626833302900195,0.9701406601816416,10,14,25,0
2026-05-15T00:28:28.544396,clean,naive,{'bins': 10},18,4,2,0.0045464253053069115,1.005091275088489,1.0125726805999875,10,14,25,0
2026-05-15T00:28:29.618434,clean,naive,{'bins': 10},19,0,2,0.004813948646187782,1.0523102506995201,1.0601594671607018,10,25,41,0
2026-05-15T00:28:30.670458,clean,naive,{'bins': 10},19,1,2,0.0047606779262423515,1.0317049268633127,1.0395104810595512,10,25,41,0
2026-05-15T00:28:31.756376,clean,naive,{'bins': 10},19,2,2,0.004777790047228336,1.065627321600914,1.0733916880562901,10,25,41,0
2026-05-15T00:28:32.814405,clean,naive,{'bins': 10},19,3,2,0.004902984946966171,1.0373154506087303,1.0452291872352362,10,25,41,0
2026-05-15T00:28:33.867868,clean,naive,{'bins': 10},19,4,2,0.005392574705183506,1.032442882657051,1.040991522371769,10,25,41,0
2026-05-15T00:28:35.103421,clean,naive,{'bins': 10},20,0,2,0.005026737228035927,1.214493335224688,1.2226762967184186,10,11,22,0
2026-05-15T00:28:36.286831,clean,naive,{'bins': 10},20,1,2,0.0051253726705908775,1.1625038804486394,1.1708955951035023,10,11,22,0
2026-05-15T00:28:37.465840,clean,naive,{'bins': 10},20,2,2,0.005034801550209522,1.1586201507598162,1.1667875638231635,10,11,22,0
2026-05-15T00:28:38.681283,clean,naive,{'bins': 10},20,3,2,0.004959670826792717,1.1951357945799828,1.2032291982322931,10,11,22,0
2026-05-15T00:28:39.880519,clean,naive,{'bins': 10},20,4,2,0.004999985918402672,1.179017735645175,1.1868750555440784,10,11,22,0
2026-05-15T00:28:41.196721,clean,naive,{'bins': 10},21,0,2,0.004929935559630394,1.294234405271709,1.3022008910775185,10,18,32,0
2026-05-15T00:28:42.570061,clean,naive,{'bins': 10},21,1,2,0.005122356116771698,1.3510916167870164,1.3591814441606402,10,18,32,0
2026-05-15T00:28:43.889710,clean,naive,{'bins': 10},21,2,2,0.005173953250050545,1.2981161130592227,1.306279158219695,10,18,32,0
2026-05-15T00:28:45.273501,clean,naive,{'bins': 10},21,3,2,0.005611274391412735,1.3611488677561283,1.369911728426814,10,18,32,0
2026-05-15T00:28:46.584636,clean,naive,{'bins': 10},21,4,2,0.00521369744092226,1.2894638311117887,1.2977940496057272,10,18,32,0
2026-05-15T00:28:48.039055,clean,naive,{'bins': 10},22,0,2,0.005220420658588409,1.4308412438258529,1.4392085615545511,10,18,32,0
2026-05-15T00:28:49.462418,clean,naive,{'bins': 10},22,1,2,0.0054139746353030205,1.400574803352356,1.4092049160972238,10,18,32,0
2026-05-15T00:28:50.916715,clean,naive,{'bins': 10},22,2,2,0.005405809730291367,1.4314207918941975,1.439986102283001,10,18,32,0
2026-05-15T00:28:52.331449,clean,naive,{'bins': 10},22,3,2,0.0053908200934529305,1.3919758293777704,1.4006624780595303,10,18,32,0
2026-05-15T00:28:53.753519,clean,naive,{'bins': 10},22,4,2,0.005297805182635784,1.3989119417965412,1.4074389897286892,10,18,32,0
2026-05-15T00:28:55.299809,clean,naive,{'bins': 10},23,0,2,0.005493363365530968,1.5218195216730237,1.5306519530713558,10,18,32,0
2026-05-15T00:28:56.787224,clean,naive,{'bins': 10},23,1,2,0.005630080588161945,1.4636476831510663,1.4726826753467321,10,18,32,0
2026-05-15T00:28:58.325588,clean,naive,{'bins': 10},23,2,2,0.006247297860682011,1.513719986192882,1.5233562365174294,10,18,32,0
2026-05-15T00:28:59.802684,clean,naive,{'bins': 10},23,3,2,0.005653182975947857,1.452880217693746,1.4619569992646575,10,18,32,0
2026-05-15T00:29:01.344894,clean,naive,{'bins': 10},23,4,2,0.005581969395279884,1.5180952306836843,1.5270399823784828,10,18,32,0
2026-05-15T00:29:02.887031,clean,naive,{'bins': 10},24,0,2,0.005754703655838966,1.516259454190731,1.5255529414862394,10,18,32,0
2026-05-15T00:29:04.456186,clean,naive,{'bins': 10},24,1,2,0.005819113925099373,1.54446008708328,1.5537753039970994,10,18,32,0
2026-05-15T00:29:06.023107,clean,naive,{'bins': 10},24,2,2,0.005822211503982544,1.5416283188387752,1.550991858355701,10,18,32,0
2026-05-15T00:29:07.598469,clean,naive,{'bins': 10},24,3,2,0.00577898882329464,1.5506276758387685,1.5598635133355856,10,18,32,0
2026-05-15T00:29:09.128348,clean,naive,{'bins': 10},24,4,2,0.00590517558157444,1.5049633868038654,1.5143253523856401,10,18,32,0
2026-05-15T00:29:10.793707,clean,naive,{'bins': 10},25,0,2,0.006005323491990566,1.6391751188784838,1.6487100897356868,10,10,20,0
2026-05-15T00:29:12.434852,clean,naive,{'bins': 10},25,1,2,0.006164133548736572,1.615231478586793,1.6250453535467386,10,10,20,0
2026-05-15T00:29:14.096762,clean,naive,{'bins': 10},25,2,2,0.0060095228254795074,1.6365584563463926,1.6461699306964874,10,10,20,0
2026-05-15T00:29:15.753676,clean,naive,{'bins': 10},25,3,2,0.006021805107593536,1.6309910342097282,1.6407173741608858,10,10,20,0
2026-05-15T00:29:17.414125,clean,naive,{'bins': 10},25,4,2,0.006037725135684013,1.6346841277554631,1.644376965239644,10,10,20,0
2026-05-15T00:29:19.131083,clean,naive,{'bins': 10},26,0,2,0.006156887859106064,1.688979148864746,1.6989419320598245,10,10,20,0
2026-05-15T00:29:20.896162,clean,naive,{'bins': 10},26,1,2,0.006299355998635292,1.738942977041006,1.7489718655124307,10,10,20,0
2026-05-15T00:29:22.659591,clean,naive,{'bins': 10},26,2,2,0.00634725671261549,1.7366238832473755,1.7466804338619113,10,10,20,0
2026-05-15T00:29:24.367074,clean,naive,{'bins': 10},26,3,2,0.0064042722806334496,1.6807972267270088,1.6909489752724767,10,10,20,0
2026-05-15T00:29:26.115825,clean,naive,{'bins': 10},26,4,2,0.006228173151612282,1.7222280474379659,1.7322143260389566,10,10,20,0
2026-05-15T00:29:27.971488,clean,naive,{'bins': 10},27,0,2,0.006376801989972591,1.827158018015325,1.83747639041394,10,10,20,0
2026-05-15T00:29:29.875966,clean,naive,{'bins': 10},27,1,2,0.0065960027277469635,1.8767440980300307,1.8872319478541613,10,10,20,0
2026-05-15T00:29:31.745618,clean,naive,{'bins': 10},27,2,2,0.007110738195478916,1.8408303763717413,1.8520590458065271,10,10,20,0
2026-05-15T00:29:33.653316,clean,naive,{'bins': 10},27,3,2,0.00656806118786335,1.8797056581825018,1.890196131542325,10,10,20,0
2026-05-15T00:29:35.507806,clean,naive,{'bins': 10},27,4,2,0.006499822251498699,1.8262006407603621,1.8366415714845061,10,10,20,0
2026-05-15T00:29:37.595604,clean,naive,{'bins': 10},28,0,2,0.006764770485460758,2.05734674166888,2.0681602926924825,10,10,20,0
2026-05-15T00:29:39.656244,clean,naive,{'bins': 10},28,1,2,0.006807400844991207,2.030588185414672,2.041522203013301,10,10,20,0
2026-05-15T00:29:41.761382,clean,naive,{'bins': 10},28,2,2,0.006830302067101002,2.075505972839892,2.0864581540226936,10,10,20,0
2026-05-15T00:29:43.903201,clean,naive,{'bins': 10},28,3,2,0.006805116310715675,2.1121371733024716,2.1229336420074105,10,10,20,0
2026-05-15T00:29:45.944945,clean,naive,{'bins': 10},28,4,2,0.006844027899205685,2.012513774447143,2.0233742836862803,10,10,20,0
2026-05-15T00:29:48.167923,clean,naive,{'bins': 10},29,0,2,0.006924880668520927,2.191885528154671,2.2030383851379156,10,10,20,0
2026-05-15T00:29:50.359714,clean,naive,{'bins': 10},29,1,2,0.007096593268215656,2.1609270879998803,2.1721952818334103,10,10,20,0
2026-05-15T00:29:52.653342,clean,naive,{'bins': 10},29,2,2,0.007058301009237766,2.2632509442046285,2.274459577165544,10,10,20,0
2026-05-15T00:29:54.931904,clean,naive,{'bins': 10},29,3,2,0.007745140232145786,2.246979628689587,2.2589328289031982,10,10,20,0
2026-05-15T00:29:57.156211,clean,naive,{'bins': 10},29,4,2,0.007086263969540596,2.1937445364892483,2.2050524363294244,10,10,20,0
2026-05-15T00:29:59.463147,clean,naive,{'bins': 10},30,0,2,0.007245342247188091,2.2740488471463323,2.2857288541272283,10,10,20,0
2026-05-15T00:30:01.846275,clean,naive,{'bins': 10},30,1,2,0.0073165446519851685,2.350760701112449,2.362454324029386,10,10,20,0
2026-05-15T00:30:04.150416,clean,naive,{'bins': 10},30,2,2,0.007276812568306923,2.272139753215015,2.283875225111842,10,10,20,0
2026-05-15T00:30:06.495691,clean,naive,{'bins': 10},30,3,2,0.0072263870388269424,2.313783010467887,2.325330269522965,10,10,20,0
2026-05-15T00:30:08.840733,clean,naive,{'bins': 10},30,4,2,0.007306457497179508,2.312646146863699,2.3243492878973484,10,10,20,0
2026-05-15T00:30:11.319406,clean,naive,{'bins': 10},31,0,2,0.007507293485105038,2.4446638403460383,2.4567182399332523,10,10,20,0
2026-05-15T00:30:13.801445,clean,naive,{'bins': 10},31,1,2,0.007568207569420338,2.448902548290789,2.460980030708015,10,10,20,0
2026-05-15T00:30:16.238450,clean,naive,{'bins': 10},31,2,2,0.007608492858707905,2.4038053043186665,2.4159386726096272,10,10,20,0
2026-05-15T00:30:18.707481,clean,naive,{'bins': 10},31,3,2,0.007452391088008881,2.43593995179981,2.44789020717144,10,10,20,0
2026-05-15T00:30:21.172488,clean,naive,{'bins': 10},31,4,2,0.007505370303988457,2.4318778458982706,2.4439710592851043,10,10,20,0
2026-05-15T00:30:23.785660,clean,naive,{'bins': 10},32,0,2,0.007670530118048191,2.5783327827230096,2.590518339537084,10,10,20,0
2026-05-15T00:30:26.343019,clean,naive,{'bins': 10},32,1,2,0.008002243004739285,2.521794400177896,2.5344733325764537,10,10,20,0
2026-05-15T00:30:28.986224,clean,naive,{'bins': 10},32,2,2,0.007866437546908855,2.609312592074275,2.6217801682651043,10,10,20,0
2026-05-15T00:30:31.601319,clean,naive,{'bins': 10},32,3,2,0.0077238911762833595,2.5804883101955056,2.5927915684878826,10,10,20,0
2026-05-15T00:30:34.267498,clean,naive,{'bins': 10},32,4,2,0.007827244699001312,2.6319411545991898,2.64441220741719,10,10,20,0
2026-05-15T00:30:37.031922,clean,naive,{'bins': 10},33,0,2,0.007912593893706799,2.728048891760409,2.7409325083717704,10,10,20,0
2026-05-15T00:30:39.728232,clean,naive,{'bins': 10},33,1,2,0.008151252754032612,2.660451637580991,2.6734670819714665,10,10,20,0
2026-05-15T00:30:42.534140,clean,naive,{'bins': 10},33,2,2,0.008046907372772694,2.770566111430526,2.7834593364968896,10,10,20,0
2026-05-15T00:30:45.303813,clean,naive,{'bins': 10},33,3,2,0.008057577535510063,2.73435368668288,2.7471436392515898,10,10,20,0
2026-05-15T00:30:48.042389,clean,naive,{'bins': 10},33,4,2,0.008037599734961987,2.7027284875512123,2.7155857952311635,10,10,20,0
2026-05-15T00:30:50.939023,clean,naive,{'bins': 10},34,0,2,0.008101627230644226,2.858760753646493,2.8717975663021207,10,10,20,0
2026-05-15T00:30:53.802620,clean,naive,{'bins': 10},34,1,2,0.008364222943782806,2.826385572552681,2.839692254550755,10,10,20,0
2026-05-15T00:30:56.637734,clean,naive,{'bins': 10},34,2,2,0.00830937922000885,2.7979127913713455,2.811177171766758,10,10,20,0
2026-05-15T00:30:59.479620,clean,naive,{'bins': 10},34,3,2,0.00837575364857912,2.8051758455112576,2.8184090284630656,10,10,20,0
2026-05-15T00:31:02.354060,clean,naive,{'bins': 10},34,4,2,0.00825896579772234,2.8376414831727743,2.8508030930534005,10,10,20,0
2026-05-15T00:31:05.352355,clean,naive,{'bins': 10},35,0,2,0.009090756066143513,2.959111095406115,2.973318728618324,10,10,20,0
2026-05-15T00:31:08.443641,clean,naive,{'bins': 10},35,1,2,0.008505596779286861,3.052755587734282,3.0664320224896073,10,10,20,0
2026-05-15T00:31:11.474485,clean,naive,{'bins': 10},35,2,2,0.008541074581444263,2.9929191349074244,3.0065301777794957,10,10,20,0
2026-05-15T00:31:14.417198,clean,naive,{'bins': 10},35,3,2,0.008561774156987667,2.9049985576421022,2.9186197593808174,10,10,20,0
2026-05-15T00:31:17.475940,clean,naive,{'bins': 10},35,4,2,0.008575580082833767,3.02058401145041,3.034259074367583,10,10,20,0
2026-05-15T00:31:20.645396,clean,naive,{'bins': 10},36,0,2,0.008646512404084206,3.129439930431545,3.143340847454965,10,10,20,0
2026-05-15T00:31:23.841446,clean,naive,{'bins': 10},36,1,2,0.008841157890856266,3.1571849873289466,3.171178569085896,10,10,20,0
2026-05-15T00:31:27.028857,clean,naive,{'bins': 10},36,2,2,0.008771526627242565,3.147941403090954,3.1619419176131487,10,10,20,0
2026-05-15T00:31:30.167369,clean,naive,{'bins': 10},36,3,2,0.00881346594542265,3.0989886736497283,3.1129535399377346,10,10,20,0
2026-05-15T00:31:33.317617,clean,naive,{'bins': 10},36,4,2,0.008815119042992592,3.1113456217572093,3.125397433526814,10,10,20,0
2026-05-15T00:31:36.661457,clean,naive,{'bins': 10},37,0,2,0.008952527306973934,3.3017741218209267,3.316173275001347,10,10,20,0
2026-05-15T00:31:40.024472,clean,naive,{'bins': 10},37,1,2,0.009011908434331417,3.321391941048205,3.3357540545985103,10,10,20,0
2026-05-15T00:31:43.380816,clean,naive,{'bins': 10},37,2,2,0.00907007697969675,3.3152702478691936,3.329768445342779,10,10,20,0
2026-05-15T00:31:46.690045,clean,naive,{'bins': 10},37,3,2,0.008961743675172329,3.2680489579215646,3.2824612744152546,10,10,20,0
2026-05-15T00:31:50.066270,clean,naive,{'bins': 10},37,4,2,0.009132273495197296,3.3348735217005014,3.349361339583993,10,10,20,0
2026-05-15T00:31:53.697913,clean,naive,{'bins': 10},38,0,2,0.009179581888020039,3.589108037762344,3.603800630196929,10,10,20,0
2026-05-15T00:31:57.231191,clean,naive,{'bins': 10},38,1,2,0.010111302137374878,3.436773482710123,3.5048851808533072,10,10,20,0
2026-05-15T00:32:00.771186,clean,naive,{'bins': 10},38,2,2,0.00928474124521017,3.4979499708861113,3.512748332694173,10,10,20,0
2026-05-15T00:32:04.303782,clean,naive,{'bins': 10},38,3,2,0.009294037707149982,3.4898495646193624,3.5046364944428205,10,10,20,0
2026-05-15T00:32:07.910732,clean,naive,{'bins': 10},38,4,2,0.009269402362406254,3.524658393114805,3.579428516328335,10,10,20,0
2026-05-15T00:32:11.671681,clean,naive,{'bins': 10},39,0,2,0.009425675496459007,3.7165431771427393,3.731707545928657,10,12,23,0
2026-05-15T00:32:15.321943,clean,naive,{'bins': 10},39,1,2,0.009505665861070156,3.6065452629700303,3.6217427141964436,10,12,23,0
2026-05-15T00:32:19.072896,clean,naive,{'bins': 10},39,2,2,0.00966779887676239,3.7070729779079556,3.7223328556865454,10,12,23,0
2026-05-15T00:32:22.776397,clean,naive,{'bins': 10},39,3,2,0.009472583420574665,3.6594012416899204,3.6745637468993664,10,12,23,0
2026-05-15T00:32:26.456527,clean,naive,{'bins': 10},39,4,2,0.00970034021884203,3.636640922166407,3.6519854702055454,10,12,23,0
2026-05-15T00:32:30.369782,clean,naive,{'bins': 10},40,0,2,0.009707033634185791,3.86682871542871,3.8824144853278995,10,12,23,0
2026-05-15T00:32:34.196602,clean,naive,{'bins': 10},40,1,2,0.009801890701055527,3.7819552775472403,3.797572586685419,10,12,23,0
2026-05-15T00:32:38.046792,clean,naive,{'bins': 10},40,2,2,0.009813273325562477,3.8052631337195635,3.8208590736612678,10,12,23,0
2026-05-15T00:32:41.860901,clean,naive,{'bins': 10},40,3,2,0.009874147363007069,3.769256348721683,3.7849193532019854,10,12,23,0
2026-05-15T00:32:45.807538,clean,naive,{'bins': 10},40,4,2,0.009780772030353546,3.902270872145891,3.917843187227845,10,12,23,0
2026-05-15T00:32:49.813282,clean,naive,{'bins': 10},41,0,2,0.0099565414711833,3.959173457697034,3.97517491877079,10,12,23,0
2026-05-15T00:32:53.809759,clean,naive,{'bins': 10},41,1,2,0.0099675627425313,3.95019253809005,3.966213264502585,10,12,23,0
2026-05-15T00:32:57.857181,clean,naive,{'bins': 10},41,2,2,0.06292703468352556,3.94821276050061,4.017574846744537,10,12,23,0
2026-05-15T00:33:01.851124,clean,naive,{'bins': 10},41,3,2,0.010121121071279049,3.9480299754068255,3.964055030606687,10,12,23,0
2026-05-15T00:33:05.899868,clean,naive,{'bins': 10},41,4,2,0.01007762923836708,4.001948069781065,4.018051431514323,10,12,23,0
2026-05-15T00:33:10.053589,clean,naive,{'bins': 10},42,0,2,0.010284877382218838,4.1056228540837765,4.121963189914823,10,18,32,0
2026-05-15T00:33:14.324865,clean,naive,{'bins': 10},42,1,2,0.010251997038722038,4.223834937438369,4.24028685502708,10,18,32,0
2026-05-15T00:33:18.560591,clean,naive,{'bins': 10},42,2,2,0.01039938349276781,4.18857869040221,4.205118220299482,10,18,32,0
2026-05-15T00:33:22.823442,clean,naive,{'bins': 10},42,3,2,0.010743188671767712,4.2148907678201795,4.231950554996729,10,18,32,0
2026-05-15T00:33:26.989413,clean,naive,{'bins': 10},42,4,2,0.010325495153665543,4.118841229006648,4.13539026863873,10,18,32,0
2026-05-15T00:33:31.428663,clean,naive,{'bins': 10},43,0,2,0.010585803538560867,4.388464174233377,4.4053671872243285,10,23,38,0
2026-05-15T00:33:35.886438,clean,naive,{'bins': 10},43,1,2,0.013064307160675526,4.405213468708098,4.425276774913073,10,23,38,0
2026-05-15T00:33:40.363326,clean,naive,{'bins': 10},43,2,2,0.01070534810423851,4.426966946572065,4.444083230569959,10,23,38,0
2026-05-15T00:33:44.746950,clean,naive,{'bins': 10},43,3,2,0.010684618726372719,4.334249445237219,4.351177344098687,10,23,38,0
2026-05-15T00:33:49.247472,clean,naive,{'bins': 10},43,4,2,0.010622832924127579,4.410071329213679,4.467783283442259,10,23,38,0
2026-05-15T00:33:53.736869,clean,naive,{'bins': 10},44,0,2,0.010761372745037079,4.437140345573425,4.45442290045321,10,23,38,0
2026-05-15T00:33:58.261993,clean,naive,{'bins': 10},44,1,2,0.011929485015571117,4.472899046726525,4.491590927354991,10,23,38,0
2026-05-15T00:34:02.825555,clean,naive,{'bins': 10},44,2,2,0.01169147901237011,4.509055375121534,4.529348242096603,10,23,38,0
2026-05-15T00:34:07.414161,clean,naive,{'bins': 10},44,3,2,0.011752583086490631,4.536235793493688,4.554524928331375,10,23,38,0
2026-05-15T00:34:11.928912,clean,naive,{'bins': 10},44,4,2,0.011658266186714172,4.460832886397839,4.479001544415951,10,23,38,0
2026-05-15T00:34:16.600587,clean,naive,{'bins': 10},45,0,2,0.011728107929229736,4.617481017485261,4.635966100730002,10,23,38,0
2026-05-15T00:34:21.291866,clean,naive,{'bins': 10},45,1,2,0.06451376527547836,4.585493647493422,4.656671763397753,10,23,38,0
2026-05-15T00:34:25.942262,clean,naive,{'bins': 10},45,2,2,0.011102002114057541,4.598195382393897,4.615904728882015,10,23,38,0
2026-05-15T00:34:30.621981,clean,naive,{'bins': 10},45,3,2,0.011917494237422943,4.626668236218393,4.6453795144334435,10,23,38,0
2026-05-15T00:34:35.287030,clean,naive,{'bins': 10},45,4,2,0.011280297301709652,4.61247827578336,4.63027039822191,10,23,38,0
2026-05-15T00:34:40.204602,clean,naive,{'bins': 10},46,0,2,0.012002171948552132,4.864409026689827,4.88332721311599,10,22,40,0
2026-05-15T00:34:45.031860,clean,naive,{'bins': 10},46,1,2,0.011391323991119862,4.776123344898224,4.794254492036998,10,22,40,0
2026-05-15T00:34:49.843748,clean,naive,{'bins': 10},46,2,2,0.011312548071146011,4.759828021749854,4.777962447144091,10,22,40,0
2026-05-15T00:34:54.789967,clean,naive,{'bins': 10},46,3,2,0.012287627905607224,4.8931871224194765,4.9124720664694905,10,22,40,0
2026-05-15T00:34:59.654616,clean,naive,{'bins': 10},46,4,2,0.011298030614852905,4.813687323592603,4.831858106888831,10,22,40,0
2026-05-15T00:35:04.725672,clean,naive,{'bins': 10},47,0,2,0.051437586545944214,4.975280972197652,5.0337185095995665,10,10,21,0
2026-05-15T00:35:09.803320,clean,naive,{'bins': 10},47,1,2,0.011739648878574371,5.023106035776436,5.041779411956668,10,10,21,0
2026-05-15T00:35:14.906257,clean,naive,{'bins': 10},47,2,2,0.012484206818044186,5.046865710988641,5.066528555005789,10,10,21,0
2026-05-15T00:35:19.935780,clean,naive,{'bins': 10},47,3,2,0.011899079196155071,4.974829814396799,4.993718366138637,10,10,21,0
2026-05-15T00:35:24.969508,clean,naive,{'bins': 10},47,4,2,0.05132101755589247,4.939438131637871,4.997956541366875,10,10,21,0
2026-05-15T00:35:30.223912,clean,naive,{'bins': 10},48,0,2,0.011811763979494572,5.197712783701718,5.216579341329634,10,10,21,0
2026-05-15T00:35:35.472639,clean,naive,{'bins': 10},48,1,2,0.014809302054345608,5.1887707356363535,5.211697346530855,10,10,21,0
2026-05-15T00:35:40.838603,clean,naive,{'bins': 10},48,2,2,0.013609590008854866,5.307057821191847,5.328298807144165,10,10,21,0
2026-05-15T00:35:46.099294,clean,naive,{'bins': 10},48,3,2,0.013088922947645187,5.202868262305856,5.223605543375015,10,10,21,0
2026-05-15T00:35:51.432163,clean,naive,{'bins': 10},48,4,2,0.013736727647483349,5.274324440397322,5.295783394947648,10,10,21,0
2026-05-15T00:35:56.914534,clean,naive,{'bins': 10},49,0,2,0.013132133521139622,5.42238240595907,5.443312859162688,10,10,21,0
2026-05-15T00:36:02.322987,clean,naive,{'bins': 10},49,1,2,0.012758152559399605,5.3496473571285605,5.370063555426896,10,10,21,0
2026-05-15T00:36:07.778864,clean,naive,{'bins': 10},49,2,2,0.013348730280995369,5.3960173996165395,5.417118413373828,10,10,21,0
2026-05-15T00:36:13.299720,clean,naive,{'bins': 10},49,3,2,0.014341974630951881,5.460191425867379,5.482588653452694,10,10,21,0
2026-05-15T00:36:18.846743,clean,naive,{'bins': 10},49,4,2,0.013847777619957924,5.4865268766880035,5.508815419860184,10,10,21,0
2026-05-15T00:36:24.559437,clean,naive,{'bins': 10},50,0,2,0.01274289283901453,5.65214912686497,5.672628873959184,10,10,21,0
2026-05-15T00:36:30.260880,clean,naive,{'bins': 10},50,1,2,0.015451128594577312,5.638717070221901,5.6625434113666415,10,10,21,0
2026-05-15T00:36:36.061786,clean,naive,{'bins': 10},50,2,2,0.0156866991892457,5.737958169542253,5.761709759943187,10,10,21,0
2026-05-15T00:36:41.927743,clean,naive,{'bins': 10},50,3,2,0.018650122918188572,5.794355968944728,5.8254697900265455,10,10,21,0
2026-05-15T00:36:47.767924,clean,naive,{'bins': 10},50,4,2,0.01845693029463291,5.763906775042415,5.800842626020312,10,10,21,0
2026-05-15T00:36:47.802601,clean,sax,"{'w': 144, 'bins': 10}",1,0,2,0.01284106820821762,0.004030677489936352,0.0172667158767581,10,18,19,0
2026-05-15T00:36:47.820853,clean,sax,"{'w': 144, 'bins': 10}",1,1,2,0.012205904349684715,0.003608393482863903,0.0162530317902565,10,18,19,0
2026-05-15T00:36:47.838177,clean,sax,"{'w': 144, 'bins': 10}",1,2,2,0.011630634777247906,0.0037903860211372375,0.0158282658085227,10,18,19,0
2026-05-15T00:36:47.855251,clean,sax,"{'w': 144, 'bins': 10}",1,3,2,0.01140477042645216,0.0035019544884562492,0.015255339443683624,10,18,19,0
2026-05-15T00:36:47.871795,clean,sax,"{'w': 144, 'bins': 10}",1,4,2,0.011219372972846031,0.0034621600061655045,0.014953121542930603,10,18,19,0
2026-05-15T00:36:47.909951,clean,sax,"{'w': 144, 'bins': 10}",2,0,2,0.021580363623797894,0.014039046131074429,0.03604863490909338,10,23,26,0
2026-05-15T00:36:47.948274,clean,sax,"{'w': 144, 'bins': 10}",2,1,2,0.022033534944057465,0.013807251118123531,0.03628215380012989,10,23,26,0
2026-05-15T00:36:47.986056,clean,sax,"{'w': 144, 'bins': 10}",2,2,2,0.02181222941726446,0.01381385326385498,0.036026474088430405,10,23,26,0
2026-05-15T00:36:48.023750,clean,sax,"{'w': 144, 'bins': 10}",2,3,2,0.021804604679346085,0.013721460476517677,0.035928220488131046,10,23,26,0
2026-05-15T00:36:48.062410,clean,sax,"{'w': 144, 'bins': 10}",2,4,2,0.022297038696706295,0.014249952509999275,0.037074120715260506,10,23,26,0
2026-05-15T00:36:48.126081,clean,sax,"{'w': 144, 'bins': 10}",3,0,2,0.03237674292176962,0.027759854681789875,0.06077105924487114,10,33,37,0
2026-05-15T00:36:48.188499,clean,sax,"{'w': 144, 'bins': 10}",3,1,2,0.032336074858903885,0.027010898105800152,0.05995595641434193,10,33,37,0
2026-05-15T00:36:48.251193,clean,sax,"{'w': 144, 'bins': 10}",3,2,2,0.03296779189258814,0.026952099055051804,0.060449143871665,10,33,37,0
2026-05-15T00:36:48.313151,clean,sax,"{'w': 144, 'bins': 10}",3,3,2,0.03251366876065731,0.026895372197031975,0.05991890747100115,10,33,37,0
2026-05-15T00:36:48.376853,clean,sax,"{'w': 144, 'bins': 10}",3,4,2,0.03341512195765972,0.027364312671124935,0.06144434213638306,10,33,37,0
2026-05-15T00:36:48.453195,clean,sax,"{'w': 144, 'bins': 10}",4,0,2,0.043253129348158836,0.0286822272464633,0.07270367909222841,10,21,25,0
2026-05-15T00:36:48.528613,clean,sax,"{'w': 144, 'bins': 10}",4,1,2,0.04394612181931734,0.028344922699034214,0.07294310908764601,10,21,25,0
2026-05-15T00:36:48.603242,clean,sax,"{'w': 144, 'bins': 10}",4,2,2,0.0431950818747282,0.02843578439205885,0.07224434800446033,10,21,25,0
2026-05-15T00:36:48.681806,clean,sax,"{'w': 144, 'bins': 10}",4,3,2,0.043046372942626476,0.03218919038772583,0.07583071012049913,10,21,25,0
2026-05-15T00:36:48.761257,clean,sax,"{'w': 144, 'bins': 10}",4,4,2,0.04727122467011213,0.028552512638270855,0.07675395347177982,10,21,25,0
2026-05-15T00:36:48.851740,clean,sax,"{'w': 144, 'bins': 10}",5,0,2,0.053427872247993946,0.032559105195105076,0.08660921640694141,10,22,26,0
2026-05-15T00:36:48.944493,clean,sax,"{'w': 144, 'bins': 10}",5,1,2,0.05496936570852995,0.03441418707370758,0.09030987229198217,10,22,26,0
2026-05-15T00:36:49.036000,clean,sax,"{'w': 144, 'bins': 10}",5,2,2,0.0549008883535862,0.033402858301997185,0.08916623517870903,10,22,26,0
2026-05-15T00:36:49.125909,clean,sax,"{'w': 144, 'bins': 10}",5,3,2,0.05385714955627918,0.03275567386299372,0.08728435449302197,10,22,26,0
2026-05-15T00:36:49.217218,clean,sax,"{'w': 144, 'bins': 10}",5,4,2,0.054569194093346596,0.03317559137940407,0.08871811348944902,10,22,26,0
2026-05-15T00:36:49.334542,clean,sax,"{'w': 144, 'bins': 10}",6,0,2,0.06522030103951693,0.04707580804824829,0.1132969781756401,10,25,29,0
2026-05-15T00:36:49.448156,clean,sax,"{'w': 144, 'bins': 10}",6,1,2,0.06403840240091085,0.04615542013198137,0.1109090456739068,10,25,29,0
2026-05-15T00:36:49.564562,clean,sax,"{'w': 144, 'bins': 10}",6,2,2,0.06525733042508364,0.04691053740680218,0.11311844177544117,10,25,29,0
2026-05-15T00:36:49.679777,clean,sax,"{'w': 144, 'bins': 10}",6,3,2,0.06506514083594084,0.0464462349191308,0.11243242397904396,10,25,29,0
2026-05-15T00:36:49.797744,clean,sax,"{'w': 144, 'bins': 10}",6,4,2,0.06656207144260406,0.047892981208860874,0.11534795816987753,10,25,29,0
2026-05-15T00:36:49.942553,clean,sax,"{'w': 144, 'bins': 10}",7,0,2,0.0766476346179843,0.06289035640656948,0.14067641831934452,10,23,30,0
2026-05-15T00:36:50.084759,clean,sax,"{'w': 144, 'bins': 10}",7,1,2,0.07568675931543112,0.06266443245112896,0.1391769526526332,10,23,30,0
2026-05-15T00:36:50.228464,clean,sax,"{'w': 144, 'bins': 10}",7,2,2,0.07582391705363989,0.0635771369561553,0.1405372368171811,10,23,30,0
2026-05-15T00:36:50.370790,clean,sax,"{'w': 144, 'bins': 10}",7,3,2,0.07559243310242891,0.06285944953560829,0.1392907975241542,10,23,30,0
2026-05-15T00:36:50.514096,clean,sax,"{'w': 144, 'bins': 10}",7,4,2,0.0756114087998867,0.06332224793732166,0.1401213062927127,10,23,30,0
2026-05-15T00:36:50.805197,clean,sax,"{'w': 144, 'bins': 10}",8,0,2,0.08672164659947157,0.19885151274502277,0.2868125457316637,10,25,32,0
2026-05-15T00:36:50.975063,clean,sax,"{'w': 144, 'bins': 10}",8,1,2,0.08774926606565714,0.0770190916955471,0.16600125189870596,10,25,32,0
2026-05-15T00:36:51.141025,clean,sax,"{'w': 144, 'bins': 10}",8,2,2,0.08526018355041742,0.07663611322641373,0.1627674512565136,10,25,32,0
2026-05-15T00:36:51.310174,clean,sax,"{'w': 144, 'bins': 10}",8,3,2,0.08718552719801664,0.07725431211292744,0.16560771223157644,10,25,32,0
2026-05-15T00:36:51.476397,clean,sax,"{'w': 144, 'bins': 10}",8,4,2,0.08530503697693348,0.07663162425160408,0.1627702359110117,10,25,32,0
2026-05-15T00:36:51.667157,clean,sax,"{'w': 144, 'bins': 10}",9,0,2,0.09645807463675737,0.08888705167919397,0.18634219840168953,10,13,19,0
2026-05-15T00:36:51.861309,clean,sax,"{'w': 144, 'bins': 10}",9,1,2,0.10072111897170544,0.08893835730850697,0.1907741790637374,10,13,19,0
2026-05-15T00:36:52.050999,clean,sax,"{'w': 144, 'bins': 10}",9,2,2,0.0966107714921236,0.08828625362366438,0.18598354421555996,10,13,19,0
2026-05-15T00:36:52.239869,clean,sax,"{'w': 144, 'bins': 10}",9,3,2,0.09576711803674698,0.0882616676390171,0.1851298427209258,10,13,19,0
2026-05-15T00:36:52.428752,clean,sax,"{'w': 144, 'bins': 10}",9,4,2,0.09630517847836018,0.08815972600132227,0.18549148179590702,10,13,19,0
2026-05-15T00:36:52.634707,clean,sax,"{'w': 144, 'bins': 10}",10,0,2,0.10601681005209684,0.09403019677847624,0.20103999227285385,10,13,19,0
2026-05-15T00:36:52.842222,clean,sax,"{'w': 144, 'bins': 10}",10,1,2,0.10828319378197193,0.0938479145988822,0.2035370683297515,10,13,19,0
2026-05-15T00:36:53.048165,clean,sax,"{'w': 144, 'bins': 10}",10,2,2,0.10733451414853334,0.09362309332937002,0.20210701506584883,10,13,19,0
2026-05-15T00:36:53.253937,clean,sax,"{'w': 144, 'bins': 10}",10,3,2,0.1067806938663125,0.09440949000418186,0.20218289829790592,10,13,19,0
2026-05-15T00:36:53.458429,clean,sax,"{'w': 144, 'bins': 10}",10,4,2,0.10616015922278166,0.09325265698134899,0.20058512687683105,10,13,19,0
2026-05-15T00:36:53.696542,clean,sax,"{'w': 144, 'bins': 10}",11,0,2,0.11642857640981674,0.11522206105291843,0.23288615699857473,10,24,33,0
2026-05-15T00:36:53.939175,clean,sax,"{'w': 144, 'bins': 10}",11,1,2,0.11905837338417768,0.11726454645395279,0.23844964243471622,10,24,33,0
2026-05-15T00:36:54.176830,clean,sax,"{'w': 144, 'bins': 10}",11,2,2,0.11642574146389961,0.11572504602372646,0.2333241095766425,10,24,33,0
2026-05-15T00:36:54.413923,clean,sax,"{'w': 144, 'bins': 10}",11,3,2,0.11604312341660261,0.11584929842501879,0.2330752732232213,10,24,33,0
2026-05-15T00:36:54.653969,clean,sax,"{'w': 144, 'bins': 10}",11,4,2,0.11785168759524822,0.11629026662558317,0.2355831302702427,10,24,33,0
2026-05-15T00:36:54.921604,clean,sax,"{'w': 144, 'bins': 10}",12,0,2,0.13061588071286678,0.13037655223160982,0.26237954664975405,10,15,21,0
2026-05-15T00:36:55.184650,clean,sax,"{'w': 144, 'bins': 10}",12,1,2,0.128929584287107,0.12823279667645693,0.25847373344004154,10,15,21,0
2026-05-15T00:36:55.444895,clean,sax,"{'w': 144, 'bins': 10}",12,2,2,0.12680042814463377,0.1272550020366907,0.2559183668345213,10,15,21,0
2026-05-15T00:36:55.706570,clean,sax,"{'w': 144, 'bins': 10}",12,3,2,0.12928582448512316,0.12655243277549744,0.2570695886388421,10,15,21,0
2026-05-15T00:36:55.973417,clean,sax,"{'w': 144, 'bins': 10}",12,4,2,0.1318969763815403,0.1287454292178154,0.2629917860031128,10,15,21,0
2026-05-15T00:36:56.253769,clean,sax,"{'w': 144, 'bins': 10}",13,0,2,0.14040814526379108,0.13288825750350952,0.27494072914123535,10,15,21,0
2026-05-15T00:36:56.531015,clean,sax,"{'w': 144, 'bins': 10}",13,1,2,0.139492804184556,0.13123872131109238,0.272576529532671,10,15,21,0
2026-05-15T00:36:56.810774,clean,sax,"{'w': 144, 'bins': 10}",13,2,2,0.13872511498630047,0.13491516280919313,0.27494626864790916,10,15,21,0
2026-05-15T00:36:57.091461,clean,sax,"{'w': 144, 'bins': 10}",13,3,2,0.14195910654962063,0.13249190337955952,0.27601814176887274,10,15,21,0
2026-05-15T00:36:57.369793,clean,sax,"{'w': 144, 'bins': 10}",13,4,2,0.14060435257852077,0.13163801934570074,0.2738685756921768,10,15,21,0
2026-05-15T00:36:57.667307,clean,sax,"{'w': 144, 'bins': 10}",14,0,2,0.15099991858005524,0.1395100587978959,0.29202755633741617,10,15,21,0
2026-05-15T00:36:57.973614,clean,sax,"{'w': 144, 'bins': 10}",14,1,2,0.15623965580016375,0.14374205376952887,0.3016594396904111,10,15,21,0
2026-05-15T00:36:58.270526,clean,sax,"{'w': 144, 'bins': 10}",14,2,2,0.14992004167288542,0.1401765290647745,0.2917801821604371,10,15,21,0
2026-05-15T00:36:58.567207,clean,sax,"{'w': 144, 'bins': 10}",14,3,2,0.14945713244378567,0.14060904178768396,0.2917507980018854,10,15,21,0
2026-05-15T00:36:58.865167,clean,sax,"{'w': 144, 'bins': 10}",14,4,2,0.14931300189346075,0.14211351610720158,0.29283844865858555,10,15,21,0
2026-05-15T00:36:59.212531,clean,sax,"{'w': 144, 'bins': 10}",15,0,2,0.1602092869579792,0.17897322494536638,0.3410931592807174,10,17,26,0
2026-05-15T00:36:59.560247,clean,sax,"{'w': 144, 'bins': 10}",15,1,2,0.16151403822004795,0.17922758217900991,0.34249637369066477,10,17,26,0
2026-05-15T00:36:59.907900,clean,sax,"{'w': 144, 'bins': 10}",15,2,2,0.15948173310607672,0.18175238091498613,0.3429036382585764,10,17,26,0
2026-05-15T00:37:00.255097,clean,sax,"{'w': 144, 'bins': 10}",15,3,2,0.15972815454006195,0.1803265456110239,0.3416950907558203,10,17,26,0
2026-05-15T00:37:00.601479,clean,sax,"{'w': 144, 'bins': 10}",15,4,2,0.16081662848591805,0.17873832397162914,0.34140218049287796,10,17,26,0
2026-05-15T00:37:00.952096,clean,sax,"{'w': 144, 'bins': 10}",16,0,2,0.16902718227356672,0.17279215063899755,0.3443192867562175,10,14,24,0
2026-05-15T00:37:01.303697,clean,sax,"{'w': 144, 'bins': 10}",16,1,2,0.17172935511916876,0.17242243606597185,0.3461580276489258,10,14,24,0
2026-05-15T00:37:01.653010,clean,sax,"{'w': 144, 'bins': 10}",16,2,2,0.17001910507678986,0.17227094154804945,0.34409058652818203,10,14,24,0
2026-05-15T00:37:02.008466,clean,sax,"{'w': 144, 'bins': 10}",16,3,2,0.17052135802805424,0.17745137587189674,0.3498341590166092,10,14,24,0
2026-05-15T00:37:02.366393,clean,sax,"{'w': 144, 'bins': 10}",16,4,2,0.17725094221532345,0.17259514052420855,0.3520111767575145,10,14,24,0
2026-05-15T00:37:02.734173,clean,sax,"{'w': 144, 'bins': 10}",17,0,2,0.1821059249341488,0.17775821406394243,0.36148352921009064,10,14,24,0
2026-05-15T00:37:03.103891,clean,sax,"{'w': 144, 'bins': 10}",17,1,2,0.1841384507715702,0.17819881159812212,0.36428825464099646,10,14,24,0
2026-05-15T00:37:03.471640,clean,sax,"{'w': 144, 'bins': 10}",17,2,2,0.1810298254713416,0.1791512994095683,0.3620876735076308,10,14,24,0
2026-05-15T00:37:03.837670,clean,sax,"{'w': 144, 'bins': 10}",17,3,2,0.18124730419367552,0.17690361011773348,0.3596921171993017,10,14,24,0
2026-05-15T00:37:04.209689,clean,sax,"{'w': 144, 'bins': 10}",17,4,2,0.18552886229008436,0.17859316151589155,0.36647755559533834,10,14,24,0
2026-05-15T00:37:04.609546,clean,sax,"{'w': 144, 'bins': 10}",18,0,2,0.191722990013659,0.19940765760838985,0.3931574523448944,10,11,21,0
2026-05-15T00:37:05.127844,clean,sax,"{'w': 144, 'bins': 10}",18,1,2,0.19108789693564177,0.31932478211820126,0.5121707702055573,10,11,21,0
2026-05-15T00:37:05.521167,clean,sax,"{'w': 144, 'bins': 10}",18,2,2,0.18850165326148272,0.19727479200810194,0.3873943630605936,10,11,21,0
2026-05-15T00:37:05.922500,clean,sax,"{'w': 144, 'bins': 10}",18,3,2,0.19096402637660503,0.20319967530667782,0.39603437297046185,10,11,21,0
2026-05-15T00:37:06.323119,clean,sax,"{'w': 144, 'bins': 10}",18,4,2,0.1934112086892128,0.1992905279621482,0.3945723483338952,10,11,21,0
2026-05-15T00:37:06.736944,clean,sax,"{'w': 144, 'bins': 10}",19,0,2,0.20313934236764908,0.20108959451317787,0.40681853890419006,10,11,21,0
2026-05-15T00:37:07.153632,clean,sax,"{'w': 144, 'bins': 10}",19,1,2,0.2046683132648468,0.20251899771392345,0.4103897027671337,10,11,21,0
2026-05-15T00:37:07.565717,clean,sax,"{'w': 144, 'bins': 10}",19,2,2,0.20197159983217716,0.20232528448104858,0.40611904580146074,10,11,21,0
2026-05-15T00:37:07.981212,clean,sax,"{'w': 144, 'bins': 10}",19,3,2,0.20244840439409018,0.20411968417465687,0.4094760175794363,10,11,21,0
2026-05-15T00:37:08.393891,clean,sax,"{'w': 144, 'bins': 10}",19,4,2,0.2023509331047535,0.20206432417035103,0.4064079886302352,10,11,21,0
2026-05-15T00:37:08.820203,clean,sax,"{'w': 144, 'bins': 10}",20,0,2,0.21364569664001465,0.20209074579179287,0.41828394401818514,10,11,21,0
2026-05-15T00:37:09.245136,clean,sax,"{'w': 144, 'bins': 10}",20,1,2,0.21575703099370003,0.2006787732243538,0.41876144986599684,10,11,21,0
2026-05-15T00:37:09.670427,clean,sax,"{'w': 144, 'bins': 10}",20,2,2,0.2106249164789915,0.20463573187589645,0.4187219263985753,10,11,21,0
2026-05-15T00:37:10.096913,clean,sax,"{'w': 144, 'bins': 10}",20,3,2,0.21344736404716969,0.20309100300073624,0.4195261765271425,10,11,21,0
2026-05-15T00:37:10.519530,clean,sax,"{'w': 144, 'bins': 10}",20,4,2,0.21329818479716778,0.20019971393048763,0.4159970600157976,10,11,21,0
2026-05-15T00:37:11.013632,clean,sax,"{'w': 144, 'bins': 10}",21,0,2,0.217388273216784,0.26669058110564947,0.4859903119504452,10,13,23,0
2026-05-15T00:37:11.508698,clean,sax,"{'w': 144, 'bins': 10}",21,1,2,0.22072782181203365,0.2654858287423849,0.4882043180987239,10,13,23,0
2026-05-15T00:37:12.010331,clean,sax,"{'w': 144, 'bins': 10}",21,2,2,0.2228878177702427,0.2693180441856384,0.494702878408134,10,13,23,0
2026-05-15T00:37:12.504025,clean,sax,"{'w': 144, 'bins': 10}",21,3,2,0.22110837697982788,0.26382254622876644,0.4869555337354541,10,13,23,0
2026-05-15T00:37:12.994425,clean,sax,"{'w': 144, 'bins': 10}",21,4,2,0.21729278285056353,0.26430344861000776,0.48347907699644566,10,13,23,0
2026-05-15T00:37:13.474511,clean,sax,"{'w': 144, 'bins': 10}",22,0,2,0.22935896553099155,0.2407589377835393,0.4720679335296154,10,19,27,0
2026-05-15T00:37:13.957255,clean,sax,"{'w': 144, 'bins': 10}",22,1,2,0.22988849971443415,0.2434315960854292,0.4754360979422927,10,19,27,0
2026-05-15T00:37:14.435362,clean,sax,"{'w': 144, 'bins': 10}",22,2,2,0.2297132220119238,0.23902097530663013,0.47068413719534874,10,19,27,0
2026-05-15T00:37:15.030250,clean,sax,"{'w': 144, 'bins': 10}",22,3,2,0.22783230990171432,0.24049587454646826,0.5877288607880473,10,19,27,0
2026-05-15T00:37:15.515439,clean,sax,"{'w': 144, 'bins': 10}",22,4,2,0.23399134166538715,0.24011735245585442,0.4775170236825943,10,19,27,0
2026-05-15T00:37:16.045310,clean,sax,"{'w': 144, 'bins': 10}",23,0,2,0.23803167790174484,0.2804483687505126,0.5206274082884192,10,13,23,0
2026-05-15T00:37:16.580065,clean,sax,"{'w': 144, 'bins': 10}",23,1,2,0.24231199361383915,0.2806157022714615,0.5271817222237587,10,13,23,0
2026-05-15T00:37:17.116536,clean,sax,"{'w': 144, 'bins': 10}",23,2,2,0.24283757992088795,0.28308282420039177,0.5290314648300409,10,13,23,0
2026-05-15T00:37:17.653848,clean,sax,"{'w': 144, 'bins': 10}",23,3,2,0.24523399863392115,0.2815613877028227,0.528989365324378,10,13,23,0
2026-05-15T00:37:18.186645,clean,sax,"{'w': 144, 'bins': 10}",23,4,2,0.2408654373139143,0.2826297441497445,0.525753540918231,10,13,23,0
2026-05-15T00:37:18.755775,clean,sax,"{'w': 144, 'bins': 10}",24,0,2,0.2552944952622056,0.3017664095386863,0.5604029605165124,10,13,23,0
2026-05-15T00:37:19.328643,clean,sax,"{'w': 144, 'bins': 10}",24,1,2,0.2615681244060397,0.2997156484052539,0.565034574829042,10,13,23,0
2026-05-15T00:37:19.895873,clean,sax,"{'w': 144, 'bins': 10}",24,2,2,0.2535148849710822,0.3032465083524585,0.5591919869184494,10,13,23,0
2026-05-15T00:37:20.466163,clean,sax,"{'w': 144, 'bins': 10}",24,3,2,0.260305262170732,0.29881475772708654,0.5628079436719418,10,13,23,0
2026-05-15T00:37:21.031580,clean,sax,"{'w': 144, 'bins': 10}",24,4,2,0.2529844790697098,0.3019824558869004,0.5576737662777305,10,13,23,0
2026-05-15T00:37:21.566445,clean,sax,"{'w': 144, 'bins': 10}",25,0,2,0.26723292749375105,0.25482679810374975,0.5255821384489536,10,19,27,0
2026-05-15T00:37:22.097993,clean,sax,"{'w': 144, 'bins': 10}",25,1,2,0.26277058105915785,0.25733510684221983,0.5234501864761114,10,19,27,0
2026-05-15T00:37:22.629685,clean,sax,"{'w': 144, 'bins': 10}",25,2,2,0.26758930645883083,0.2527053151279688,0.5233695143833756,10,19,27,0
2026-05-15T00:37:23.160380,clean,sax,"{'w': 144, 'bins': 10}",25,3,2,0.26257347129285336,0.2566425958648324,0.5225953413173556,10,19,27,0
2026-05-15T00:37:23.690824,clean,sax,"{'w': 144, 'bins': 10}",25,4,2,0.265207776799798,0.2538469582796097,0.5218150168657303,10,19,27,0
2026-05-15T00:37:24.240526,clean,sax,"{'w': 144, 'bins': 10}",26,0,2,0.2736743623390794,0.2635797392576933,0.5402812846004963,10,19,27,0
2026-05-15T00:37:24.790166,clean,sax,"{'w': 144, 'bins': 10}",26,1,2,0.27736018039286137,0.26011375337839127,0.5411802409216762,10,19,27,0
2026-05-15T00:37:25.338806,clean,sax,"{'w': 144, 'bins': 10}",26,2,2,0.2762646144255996,0.2606438482180238,0.5400219177827239,10,19,27,0
2026-05-15T00:37:25.882402,clean,sax,"{'w': 144, 'bins': 10}",26,3,2,0.2724185539409518,0.259655081667006,0.5348564200103283,10,19,27,0
2026-05-15T00:37:26.436149,clean,sax,"{'w': 144, 'bins': 10}",26,4,2,0.27997769322246313,0.26131380535662174,0.5447648903355002,10,19,27,0
2026-05-15T00:37:27.097821,clean,sax,"{'w': 144, 'bins': 10}",27,0,2,0.286713850684464,0.3627665676176548,0.652213690802455,10,9,17,0
2026-05-15T00:37:27.665277,clean,sax,"{'w': 144, 'bins': 10}",27,1,2,0.28356100153177977,0.27221065293997526,0.5588517971336842,10,9,17,0
2026-05-15T00:37:28.234103,clean,sax,"{'w': 144, 'bins': 10}",27,2,2,0.28388004191219807,0.2739248415455222,0.5608148435130715,10,9,17,0
2026-05-15T00:37:28.805084,clean,sax,"{'w': 144, 'bins': 10}",27,3,2,0.28654625453054905,0.27230068296194077,0.5625889031216502,10,9,17,0
2026-05-15T00:37:29.375777,clean,sax,"{'w': 144, 'bins': 10}",27,4,2,0.28683367650955915,0.2726683719083667,0.5626429654657841,10,9,17,0
2026-05-15T00:37:29.976572,clean,sax,"{'w': 144, 'bins': 10}",28,0,2,0.2943987688049674,0.29394182935357094,0.5914427926763892,10,9,17,0
2026-05-15T00:37:30.576991,clean,sax,"{'w': 144, 'bins': 10}",28,1,2,0.29878072440624237,0.28941507264971733,0.5919136358425021,10,9,17,0
2026-05-15T00:37:31.178411,clean,sax,"{'w': 144, 'bins': 10}",28,2,2,0.29492093808948994,0.2951947534456849,0.5927063347771764,10,9,17,0
2026-05-15T00:37:31.776257,clean,sax,"{'w': 144, 'bins': 10}",28,3,2,0.29433309379965067,0.29192729759961367,0.5890196524560452,10,9,17,0
2026-05-15T00:37:32.370810,clean,sax,"{'w': 144, 'bins': 10}",28,4,2,0.2913004020228982,0.2922522583976388,0.5860048048198223,10,9,17,0
2026-05-15T00:37:32.985160,clean,sax,"{'w': 144, 'bins': 10}",29,0,2,0.3056956771761179,0.2960869371891022,0.604870050214231,10,9,17,0
2026-05-15T00:37:33.602503,clean,sax,"{'w': 144, 'bins': 10}",29,1,2,0.30391424149274826,0.30213799607008696,0.6086193481460214,10,9,17,0
2026-05-15T00:37:34.218704,clean,sax,"{'w': 144, 'bins': 10}",29,2,2,0.3013306222856045,0.3036127043887973,0.6074853288009763,10,9,17,0
2026-05-15T00:37:34.833957,clean,sax,"{'w': 144, 'bins': 10}",29,3,2,0.30390758998692036,0.2994356928393245,0.6061332104727626,10,9,17,0
2026-05-15T00:37:35.503490,clean,sax,"{'w': 144, 'bins': 10}",29,4,2,0.3600454395636916,0.2980736568570137,0.6605896055698395,10,9,17,0
2026-05-15T00:37:36.144255,clean,sax,"{'w': 144, 'bins': 10}",30,0,2,0.30984478536993265,0.3184917187318206,0.6308921920135617,10,9,17,0
2026-05-15T00:37:36.786093,clean,sax,"{'w': 144, 'bins': 10}",30,1,2,0.31751316133886576,0.31225022207945585,0.6325948387384415,10,9,17,0
2026-05-15T00:37:37.426592,clean,sax,"{'w': 144, 'bins': 10}",30,2,2,0.3120457073673606,0.3167037023231387,0.6313199950382113,10,9,17,0
2026-05-15T00:37:38.067156,clean,sax,"{'w': 144, 'bins': 10}",30,3,2,0.31214847043156624,0.31720224767923355,0.6318540088832378,10,9,17,0
2026-05-15T00:37:38.701163,clean,sax,"{'w': 144, 'bins': 10}",30,4,2,0.3090264005586505,0.3136250823736191,0.6252170084044337,10,9,17,0
2026-05-15T00:37:39.318576,clean,sax,"{'w': 144, 'bins': 10}",31,0,2,0.3223100071772933,0.28255260828882456,0.607461154460907,10,7,15,0
2026-05-15T00:37:39.932392,clean,sax,"{'w': 144, 'bins': 10}",31,1,2,0.32187594287097454,0.2797786705195904,0.6044782251119614,10,7,15,0
2026-05-15T00:37:40.543427,clean,sax,"{'w': 144, 'bins': 10}",31,2,2,0.3222395349293947,0.2770971367135644,0.6019704360514879,10,7,15,0
2026-05-15T00:37:41.157040,clean,sax,"{'w': 144, 'bins': 10}",31,3,2,0.3216116977855563,0.2803511545062065,0.6047625280916691,10,7,15,0
2026-05-15T00:37:41.770194,clean,sax,"{'w': 144, 'bins': 10}",31,4,2,0.319482839666307,0.28199626319110394,0.6040927199646831,10,7,15,0
2026-05-15T00:37:42.456959,clean,sax,"{'w': 144, 'bins': 10}",32,0,2,0.3316896967589855,0.34193207416683435,0.6765167359262705,10,9,17,0
2026-05-15T00:37:43.143587,clean,sax,"{'w': 144, 'bins': 10}",32,1,2,0.33011452946811914,0.34426737762987614,0.677251324057579,10,9,17,0
2026-05-15T00:37:43.831009,clean,sax,"{'w': 144, 'bins': 10}",32,2,2,0.3339078910648823,0.34085478261113167,0.6778237503021955,10,9,17,0
2026-05-15T00:37:44.513394,clean,sax,"{'w': 144, 'bins': 10}",32,3,2,0.3313256027176976,0.3388834809884429,0.6731831058859825,10,9,17,0
2026-05-15T00:37:45.200722,clean,sax,"{'w': 144, 'bins': 10}",32,4,2,0.3289766935631633,0.34630936197936535,0.6779838800430298,10,9,17,0
2026-05-15T00:37:45.902638,clean,sax,"{'w': 144, 'bins': 10}",33,0,2,0.34142506308853626,0.3463170975446701,0.6904800906777382,10,11,20,0
2026-05-15T00:37:46.605680,clean,sax,"{'w': 144, 'bins': 10}",33,1,2,0.34045980032533407,0.3496750211343169,0.6929023275151849,10,11,20,0
2026-05-15T00:37:47.314206,clean,sax,"{'w': 144, 'bins': 10}",33,2,2,0.34188010822981596,0.3538835123181343,0.6985154561698437,10,11,20,0
2026-05-15T00:37:48.076226,clean,sax,"{'w': 144, 'bins': 10}",33,3,2,0.3393268743529916,0.4099150523543358,0.7519528558477759,10,11,20,0
2026-05-15T00:37:48.782639,clean,sax,"{'w': 144, 'bins': 10}",33,4,2,0.3420483432710171,0.35078958328813314,0.6959119280800223,10,11,20,0
2026-05-15T00:37:49.470947,clean,sax,"{'w': 144, 'bins': 10}",34,0,2,0.3504652641713619,0.32389185577630997,0.6772785745561123,10,9,17,0
2026-05-15T00:37:50.161322,clean,sax,"{'w': 144, 'bins': 10}",34,1,2,0.35092392563819885,0.3263136139139533,0.680037796497345,10,9,17,0
2026-05-15T00:37:50.849194,clean,sax,"{'w': 144, 'bins': 10}",34,2,2,0.3498451793566346,0.32519921101629734,0.6778821684420109,10,9,17,0
2026-05-15T00:37:51.534358,clean,sax,"{'w': 144, 'bins': 10}",34,3,2,0.3514316789805889,0.3204997908324003,0.674971716478467,10,9,17,0
2026-05-15T00:37:52.227199,clean,sax,"{'w': 144, 'bins': 10}",34,4,2,0.35220426972955465,0.32577783707529306,0.6808488890528679,10,9,17,0
2026-05-15T00:37:52.951979,clean,sax,"{'w': 144, 'bins': 10}",35,0,2,0.36074567399919033,0.3501037750393152,0.7139856172725558,10,9,17,0
2026-05-15T00:37:53.678942,clean,sax,"{'w': 144, 'bins': 10}",35,1,2,0.3607693091034889,0.3521535340696573,0.7160001900047064,10,9,17,0
2026-05-15T00:37:54.406492,clean,sax,"{'w': 144, 'bins': 10}",35,2,2,0.3608690956607461,0.35285232588648796,0.7169059095904231,10,9,17,0
2026-05-15T00:37:55.137402,clean,sax,"{'w': 144, 'bins': 10}",35,3,2,0.3662640042603016,0.35133408661931753,0.7205847771838307,10,9,17,0
2026-05-15T00:37:55.869567,clean,sax,"{'w': 144, 'bins': 10}",35,4,2,0.36511124949902296,0.3535542031750083,0.7216330245137215,10,9,17,0
2026-05-15T00:37:56.651428,clean,sax,"{'w': 144, 'bins': 10}",36,0,2,0.3749010590836406,0.39141062274575233,0.7693463992327452,10,12,21,0
2026-05-15T00:37:57.430424,clean,sax,"{'w': 144, 'bins': 10}",36,1,2,0.3717076741158962,0.3929950278252363,0.7679191399365664,10,12,21,0
2026-05-15T00:37:58.210540,clean,sax,"{'w': 144, 'bins': 10}",36,2,2,0.3728169063106179,0.393273220397532,0.7690938552841544,10,12,21,0
2026-05-15T00:37:58.994396,clean,sax,"{'w': 144, 'bins': 10}",36,3,2,0.3736754385754466,0.39572339970618486,0.7724448461085558,10,12,21,0
2026-05-15T00:37:59.777351,clean,sax,"{'w': 144, 'bins': 10}",36,4,2,0.37513909488916397,0.39378468971699476,0.7720165820792317,10,12,21,0
2026-05-15T00:38:00.572038,clean,sax,"{'w': 144, 'bins': 10}",37,0,2,0.38236458133906126,0.3958661472424865,0.78160319942981,10,22,32,0
2026-05-15T00:38:01.363642,clean,sax,"{'w': 144, 'bins': 10}",37,1,2,0.38511358201503754,0.39117343816906214,0.7794193001464009,10,22,32,0
2026-05-15T00:38:02.216597,clean,sax,"{'w': 144, 'bins': 10}",37,2,2,0.3857313208281994,0.4517993628978729,0.8406615015119314,10,22,32,0
2026-05-15T00:38:03.014634,clean,sax,"{'w': 144, 'bins': 10}",37,3,2,0.3868204355239868,0.39526124205440283,0.7853112006559968,10,22,32,0
2026-05-15T00:38:03.809165,clean,sax,"{'w': 144, 'bins': 10}",37,4,2,0.38346659764647484,0.3956563025712967,0.7821895387023687,10,22,32,0
2026-05-15T00:38:04.638959,clean,sax,"{'w': 144, 'bins': 10}",38,0,2,0.3902615960687399,0.4229890862479806,0.8164998823776841,10,16,26,0
2026-05-15T00:38:05.472005,clean,sax,"{'w': 144, 'bins': 10}",38,1,2,0.3960963897407055,0.4201654363423586,0.820280971005559,10,16,26,0
2026-05-15T00:38:06.304766,clean,sax,"{'w': 144, 'bins': 10}",38,2,2,0.3918475219979882,0.4249558299779892,0.820235856808722,10,16,26,0
2026-05-15T00:38:07.134383,clean,sax,"{'w': 144, 'bins': 10}",38,3,2,0.39712964836508036,0.4171880967915058,0.8175364779308438,10,16,26,0
2026-05-15T00:38:07.966005,clean,sax,"{'w': 144, 'bins': 10}",38,4,2,0.3913388689979911,0.4250981966033578,0.8196296384558082,10,16,26,0
2026-05-15T00:38:08.823229,clean,sax,"{'w': 144, 'bins': 10}",39,0,2,0.4104342767968774,0.42983958683907986,0.8438896927982569,10,16,26,0
2026-05-15T00:38:09.673847,clean,sax,"{'w': 144, 'bins': 10}",39,1,2,0.40604552812874317,0.4284837022423744,0.8377885390073061,10,16,26,0
2026-05-15T00:38:10.521481,clean,sax,"{'w': 144, 'bins': 10}",39,2,2,0.404885608702898,0.42703022342175245,0.8352359654381871,10,16,26,0
2026-05-15T00:38:11.367629,clean,sax,"{'w': 144, 'bins': 10}",39,3,2,0.4053253848105669,0.4248870303854346,0.8336802450940013,10,16,26,0
2026-05-15T00:38:12.209587,clean,sax,"{'w': 144, 'bins': 10}",39,4,2,0.4035519463941455,0.42237402126193047,0.8295090142637491,10,16,26,0
2026-05-15T00:38:13.134076,clean,sax,"{'w': 144, 'bins': 10}",40,0,2,0.4178949724882841,0.4886061120778322,0.9106382019817829,10,16,26,0
2026-05-15T00:38:13.998082,clean,sax,"{'w': 144, 'bins': 10}",40,1,2,0.41442183312028646,0.4327075518667698,0.8510858425870538,10,16,26,0
2026-05-15T00:38:14.868841,clean,sax,"{'w': 144, 'bins': 10}",40,2,2,0.4261562032625079,0.4269780544564128,0.8572622574865818,10,16,26,0
2026-05-15T00:38:15.739194,clean,sax,"{'w': 144, 'bins': 10}",40,3,2,0.42367522418498993,0.42939675506204367,0.857339090667665,10,16,26,0
2026-05-15T00:38:16.605019,clean,sax,"{'w': 144, 'bins': 10}",40,4,2,0.4162559565156698,0.4322785045951605,0.8529824716970325,10,16,26,0
2026-05-15T00:38:17.508579,clean,sax,"{'w': 144, 'bins': 10}",41,0,2,0.4349189028143883,0.44873085245490074,0.8881384218111634,10,16,26,0
2026-05-15T00:38:18.407813,clean,sax,"{'w': 144, 'bins': 10}",41,1,2,0.4395705657079816,0.4404140701517463,0.8847959879785776,10,16,26,0
2026-05-15T00:38:19.292304,clean,sax,"{'w': 144, 'bins': 10}",41,2,2,0.424021665006876,0.44357275031507015,0.8711449205875397,10,16,26,0
2026-05-15T00:38:20.179311,clean,sax,"{'w': 144, 'bins': 10}",41,3,2,0.42722339648753405,0.4431578405201435,0.8739692531526089,10,16,26,0
2026-05-15T00:38:21.075272,clean,sax,"{'w': 144, 'bins': 10}",41,4,2,0.43109164759516716,0.4461962739005685,0.8823976647108793,10,16,26,0
2026-05-15T00:38:21.986524,clean,sax,"{'w': 144, 'bins': 10}",42,0,2,0.44096679612994194,0.4510302897542715,0.8963556382805109,10,18,29,0
2026-05-15T00:38:22.908669,clean,sax,"{'w': 144, 'bins': 10}",42,1,2,0.44343266543000937,0.46049679070711136,0.9084666445851326,10,18,29,0
2026-05-15T00:38:23.889094,clean,sax,"{'w': 144, 'bins': 10}",42,2,2,0.4431063625961542,0.5188267175108194,0.9663403341546655,10,18,29,0
2026-05-15T00:38:24.811544,clean,sax,"{'w': 144, 'bins': 10}",42,3,2,0.4481228915974498,0.4554062858223915,0.9085243046283722,10,18,29,0
2026-05-15T00:38:25.736617,clean,sax,"{'w': 144, 'bins': 10}",42,4,2,0.44369388557970524,0.4623250234872103,0.9114601947367191,10,18,29,0
2026-05-15T00:38:26.677973,clean,sax,"{'w': 144, 'bins': 10}",43,0,2,0.45865699741989374,0.46222957503050566,0.9256754629313946,10,16,26,0
2026-05-15T00:38:27.613175,clean,sax,"{'w': 144, 'bins': 10}",43,1,2,0.45516551472246647,0.46085433196276426,0.9210221171379089,10,16,26,0
2026-05-15T00:38:28.554495,clean,sax,"{'w': 144, 'bins': 10}",43,2,2,0.45714746322482824,0.4652906907722354,0.9270871421322227,10,16,26,0
2026-05-15T00:38:29.499956,clean,sax,"{'w': 144, 'bins': 10}",43,3,2,0.459935849532485,0.4667363855987787,0.9315775344148278,10,16,26,0
2026-05-15T00:38:30.438657,clean,sax,"{'w': 144, 'bins': 10}",43,4,2,0.45545050874352455,0.46468592528253794,0.9246107237413526,10,16,26,0
2026-05-15T00:38:31.409022,clean,sax,"{'w': 144, 'bins': 10}",44,0,2,0.46879596170037985,0.48036201670765877,0.9544343436136842,10,20,31,0
2026-05-15T00:38:32.368464,clean,sax,"{'w': 144, 'bins': 10}",44,1,2,0.45890876092016697,0.4809921393170953,0.9448237307369709,10,20,31,0
2026-05-15T00:38:33.342213,clean,sax,"{'w': 144, 'bins': 10}",44,2,2,0.470112944021821,0.48424383345991373,0.9592178929597139,10,20,31,0
2026-05-15T00:38:34.293669,clean,sax,"{'w': 144, 'bins': 10}",44,3,2,0.45962728932499886,0.47323212120682,0.936833631247282,10,20,31,0
2026-05-15T00:38:35.262353,clean,sax,"{'w': 144, 'bins': 10}",44,4,2,0.4714381927624345,0.47850916627794504,0.9542379844933748,10,20,31,0
2026-05-15T00:38:36.159737,clean,sax,"{'w': 144, 'bins': 10}",45,0,2,0.47419339418411255,0.40362453274428844,0.881884821690619,10,6,14,0
2026-05-15T00:38:37.114254,clean,sax,"{'w': 144, 'bins': 10}",45,1,2,0.5310834171250463,0.40508853271603584,0.9403616646304727,10,6,14,0
2026-05-15T00:38:38.005873,clean,sax,"{'w': 144, 'bins': 10}",45,2,2,0.4742563124746084,0.3991030938923359,0.8780187135562301,10,6,14,0
2026-05-15T00:38:38.901226,clean,sax,"{'w': 144, 'bins': 10}",45,3,2,0.4670859416946769,0.41058108303695917,0.8815535306930542,10,6,14,0
2026-05-15T00:38:39.794121,clean,sax,"{'w': 144, 'bins': 10}",45,4,2,0.4699091222137213,0.404940964654088,0.8788462383672595,10,6,14,0
2026-05-15T00:38:40.778548,clean,sax,"{'w': 144, 'bins': 10}",46,0,2,0.4821354737505317,0.48287995252758265,0.9694615434855223,10,6,14,0
2026-05-15T00:38:41.770366,clean,sax,"{'w': 144, 'bins': 10}",46,1,2,0.47960174828767776,0.4938406888395548,0.9770238315686584,10,6,14,0
2026-05-15T00:38:42.757270,clean,sax,"{'w': 144, 'bins': 10}",46,2,2,0.47980406787246466,0.48848269134759903,0.9723049029707909,10,6,14,0
2026-05-15T00:38:43.809812,clean,sax,"{'w': 144, 'bins': 10}",46,3,2,0.48211572878062725,0.5521407397463918,1.0384885827079415,10,6,14,0
2026-05-15T00:38:44.788331,clean,sax,"{'w': 144, 'bins': 10}",46,4,2,0.4736084071919322,0.48749454598873854,0.9647648073732853,10,6,14,0
2026-05-15T00:38:45.815287,clean,sax,"{'w': 144, 'bins': 10}",47,0,2,0.48961144033819437,0.5168580114841461,1.0109454542398453,10,19,32,0
2026-05-15T00:38:46.845730,clean,sax,"{'w': 144, 'bins': 10}",47,1,2,0.4850671887397766,0.5256795836612582,1.0148970521986485,10,19,32,0
2026-05-15T00:38:47.886818,clean,sax,"{'w': 144, 'bins': 10}",47,2,2,0.4906745459884405,0.5305227041244507,1.0252810465171933,10,19,32,0
2026-05-15T00:38:48.918073,clean,sax,"{'w': 144, 'bins': 10}",47,3,2,0.4890875658020377,0.5226912125945091,1.01591563411057,10,19,32,0
2026-05-15T00:38:49.979346,clean,sax,"{'w': 144, 'bins': 10}",47,4,2,0.5057705156505108,0.5331259220838547,1.0454529970884323,10,19,32,0
2026-05-15T00:38:51.018354,clean,sax,"{'w': 144, 'bins': 10}",48,0,2,0.5020994041115046,0.515981244854629,1.0229848753660917,10,6,15,0
2026-05-15T00:38:52.123196,clean,sax,"{'w': 144, 'bins': 10}",48,1,2,0.5086470972746611,0.576492085121572,1.0898849610239267,10,6,15,0
2026-05-15T00:38:53.166597,clean,sax,"{'w': 144, 'bins': 10}",48,2,2,0.5042515033856034,0.5201058778911829,1.0285870525985956,10,6,15,0
2026-05-15T00:38:54.208548,clean,sax,"{'w': 144, 'bins': 10}",48,3,2,0.5059251459315419,0.5163259617984295,1.0273224487900734,10,6,15,0
2026-05-15T00:38:55.257745,clean,sax,"{'w': 144, 'bins': 10}",48,4,2,0.5038353726267815,0.5261286441236734,1.034168771468103,10,6,15,0
2026-05-15T00:38:56.309806,clean,sax,"{'w': 144, 'bins': 10}",49,0,2,0.5087053356692195,0.5214880630373955,1.0361785450950265,10,6,15,0
2026-05-15T00:38:57.355999,clean,sax,"{'w': 144, 'bins': 10}",49,1,2,0.5163479940965772,0.5100771803408861,1.0309813683852553,10,6,15,0
2026-05-15T00:38:58.402345,clean,sax,"{'w': 144, 'bins': 10}",49,2,2,0.5140739139169455,0.5127198016270995,1.0310427024960518,10,6,15,0
2026-05-15T00:38:59.450818,clean,sax,"{'w': 144, 'bins': 10}",49,3,2,0.5121761513873935,0.516957126557827,1.0332960030063987,10,6,15,0
2026-05-15T00:39:00.553987,clean,sax,"{'w': 144, 'bins': 10}",49,4,2,0.5097513701766729,0.5743605131283402,1.0883844941854477,10,6,15,0
2026-05-15T00:39:01.664902,clean,sax,"{'w': 144, 'bins': 10}",50,0,2,0.5244017336517572,0.5647185323759913,1.0935909086838365,10,19,32,0
2026-05-15T00:39:02.787261,clean,sax,"{'w': 144, 'bins': 10}",50,1,2,0.5224292101338506,0.5790638718754053,1.1058077532798052,10,19,32,0
2026-05-15T00:39:03.903773,clean,sax,"{'w': 144, 'bins': 10}",50,2,2,0.5212463494390249,0.5746598541736603,1.1002149526029825,10,19,32,0
2026-05-15T00:39:05.022622,clean,sax,"{'w': 144, 'bins': 10}",50,3,2,0.5161273777484894,0.5817286977544427,1.102190412580967,10,19,32,0
2026-05-15T00:39:06.144934,clean,sax,"{'w': 144, 'bins': 10}",50,4,2,0.5253021232783794,0.57609473913908,1.105843709781766,10,19,32,0
2026-05-15T00:39:06.452010,clean,persist,{'bins': 11},1,0,2,0.26814319752156734,0.01625461596995592,0.2848159782588482,10,15,23,0
2026-05-15T00:39:06.734522,clean,persist,{'bins': 11},1,1,2,0.26419847179204226,0.01629075314849615,0.28089831303805113,10,15,23,0
2026-05-15T00:39:07.015614,clean,persist,{'bins': 11},1,2,2,0.2626528097316623,0.016218066215515137,0.279306554235518,10,15,23,0
2026-05-15T00:39:07.298102,clean,persist,{'bins': 11},1,3,2,0.2638553474098444,0.01617331337183714,0.2804505731910467,10,15,23,0
2026-05-15T00:39:07.582618,clean,persist,{'bins': 11},1,4,2,0.2653790879994631,0.016255606897175312,0.28206955175846815,10,15,23,0
2026-05-15T00:39:07.922297,clean,persist,{'bins': 11},2,0,2,0.2726542158052325,0.06349353864789009,0.33668724820017815,10,24,33,0
2026-05-15T00:39:08.262221,clean,persist,{'bins': 11},2,1,2,0.2736729793250561,0.06346112862229347,0.33769548032432795,10,24,33,0
2026-05-15T00:39:08.604131,clean,persist,{'bins': 11},2,2,2,0.27516300696879625,0.0636802390217781,0.3394486317411065,10,24,33,0
2026-05-15T00:39:08.946933,clean,persist,{'bins': 11},2,3,2,0.27432217821478844,0.06544333975762129,0.34031542018055916,10,24,33,0
2026-05-15T00:39:09.286329,clean,persist,{'bins': 11},2,4,2,0.2725090142339468,0.06359717436134815,0.33675112947821617,10,24,33,0
2026-05-15T00:39:09.641543,clean,persist,{'bins': 11},3,0,2,0.28001217916607857,0.07082498352974653,0.3514581974595785,10,17,32,0
2026-05-15T00:39:09.997611,clean,persist,{'bins': 11},3,1,2,0.27909502666443586,0.07321775518357754,0.3529966361820698,10,17,32,0
2026-05-15T00:39:10.355104,clean,persist,{'bins': 11},3,2,2,0.28254326060414314,0.07131214812397957,0.3546079620718956,10,17,32,0
2026-05-15T00:39:10.711765,clean,persist,{'bins': 11},3,3,2,0.2814020086079836,0.07179401069879532,0.35387885197997093,10,17,32,0
2026-05-15T00:39:11.069045,clean,persist,{'bins': 11},3,4,2,0.2813720628619194,0.07284706924110651,0.3549537807703018,10,17,32,0
2026-05-15T00:39:11.488659,clean,persist,{'bins': 11},4,0,2,0.2834167620167136,0.131388321518898,0.41564869694411755,10,9,21,0
2026-05-15T00:39:11.906325,clean,persist,{'bins': 11},4,1,2,0.28227176144719124,0.13156278897076845,0.4144944790750742,10,9,21,0
2026-05-15T00:39:12.323301,clean,persist,{'bins': 11},4,2,2,0.2826980920508504,0.1307839173823595,0.4141341233626008,10,9,21,0
2026-05-15T00:39:12.743487,clean,persist,{'bins': 11},4,3,2,0.2808832237496972,0.13583051040768623,0.4173586554825306,10,9,21,0
2026-05-15T00:39:13.163552,clean,persist,{'bins': 11},4,4,2,0.28260060865432024,0.13292125891894102,0.4163823639973998,10,9,21,0
2026-05-15T00:39:13.706252,clean,persist,{'bins': 11},5,0,2,0.30771051812916994,0.229442423209548,0.5379450879991055,10,20,34,0
2026-05-15T00:39:14.186989,clean,persist,{'bins': 11},5,1,2,0.30657664965838194,0.1693746456876397,0.4767661551013589,10,20,34,0
2026-05-15T00:39:14.669395,clean,persist,{'bins': 11},5,2,2,0.3078337302431464,0.17004743963479996,0.4786434806883335,10,20,34,0
2026-05-15T00:39:15.153348,clean,persist,{'bins': 11},5,3,2,0.31093440018594265,0.1682856408879161,0.4801856940612197,10,20,34,0
2026-05-15T00:39:15.635823,clean,persist,{'bins': 11},5,4,2,0.3074908163398504,0.1700225407257676,0.47830501291900873,10,20,34,0
2026-05-15T00:39:16.165180,clean,persist,{'bins': 11},6,0,2,0.3117224099114537,0.21172783616930246,0.5243548844009638,10,20,31,0
2026-05-15T00:39:16.698642,clean,persist,{'bins': 11},6,1,2,0.3118244335055351,0.21623846422880888,0.5289821634069085,10,20,31,0
2026-05-15T00:39:17.228597,clean,persist,{'bins': 11},6,2,2,0.31213123816996813,0.21253563277423382,0.5256747724488378,10,20,31,0
2026-05-15T00:39:17.758088,clean,persist,{'bins': 11},6,3,2,0.3118794448673725,0.21236753650009632,0.5251657068729401,10,20,31,0
2026-05-15T00:39:18.293611,clean,persist,{'bins': 11},6,4,2,0.31304869148880243,0.21733295917510986,0.5313005754724145,10,20,31,0
2026-05-15T00:39:18.924699,clean,persist,{'bins': 11},7,0,2,0.3171580955386162,0.3062325147911906,0.6250024354085326,10,15,30,0
2026-05-15T00:39:19.549135,clean,persist,{'bins': 11},7,1,2,0.31644002720713615,0.3011966496706009,0.6187981283292174,10,15,30,0
2026-05-15T00:39:20.259927,clean,persist,{'bins': 11},7,2,2,0.31645416282117367,0.38590769190341234,0.703497126698494,10,15,30,0
2026-05-15T00:39:20.901180,clean,persist,{'bins': 11},7,3,2,0.32732725609093904,0.3069571442902088,0.6358544267714024,10,15,30,0
2026-05-15T00:39:21.545410,clean,persist,{'bins': 11},7,4,2,0.3257260713726282,0.3118940619751811,0.6391397165134549,10,15,30,0
2026-05-15T00:39:22.252952,clean,persist,{'bins': 11},8,0,2,0.3524606302380562,0.34642007015645504,0.7007015775889158,10,18,30,0
2026-05-15T00:39:22.963347,clean,persist,{'bins': 11},8,1,2,0.35120714642107487,0.35186238773167133,0.7045650715008378,10,18,30,0
2026-05-15T00:39:23.664564,clean,persist,{'bins': 11},8,2,2,0.34706921968609095,0.3469709735363722,0.6954695768654346,10,18,30,0
2026-05-15T00:39:24.368231,clean,persist,{'bins': 11},8,3,2,0.3466555420309305,0.34955254942178726,0.6976809166371822,10,18,30,0
2026-05-15T00:39:25.129934,clean,persist,{'bins': 11},8,4,2,0.3463329868391156,0.4077022885903716,0.755599151365459,10,18,30,0
2026-05-15T00:39:25.892186,clean,persist,{'bins': 11},9,0,2,0.34033242240548134,0.4134155446663499,0.7553125638514757,10,10,20,0
2026-05-15T00:39:26.653057,clean,persist,{'bins': 11},9,1,2,0.34081212244927883,0.4120797961950302,0.7545633967965841,10,10,20,0
2026-05-15T00:39:27.408955,clean,persist,{'bins': 11},9,2,2,0.33337227534502745,0.41474059130996466,0.7497004568576813,10,10,20,0
2026-05-15T00:39:28.177578,clean,persist,{'bins': 11},9,3,2,0.3501928122714162,0.4107405822724104,0.7627559769898653,10,10,20,0
2026-05-15T00:39:28.932385,clean,persist,{'bins': 11},9,4,2,0.3396398210898042,0.40767259150743484,0.7488146340474486,10,10,20,0
2026-05-15T00:39:29.780996,clean,persist,{'bins': 11},10,0,2,0.3333459561690688,0.5043928800150752,0.8395702838897705,10,22,39,0
2026-05-15T00:39:30.696391,clean,persist,{'bins': 11},10,1,2,0.3365258853882551,0.5699166003614664,0.9085070611909032,10,22,39,0
2026-05-15T00:39:31.542666,clean,persist,{'bins': 11},10,2,2,0.3311164192855358,0.5064498819410801,0.8392388112843037,10,22,39,0
2026-05-15T00:39:32.406733,clean,persist,{'bins': 11},10,3,2,0.34459430258721113,0.509363871999085,0.8563618771731853,10,22,39,0
2026-05-15T00:39:33.271615,clean,persist,{'bins': 11},10,4,2,0.3322337968274951,0.5227939961478114,0.8579970570281148,10,22,39,0
2026-05-15T00:39:34.315381,clean,persist,{'bins': 11},11,0,2,0.39233937580138445,0.6403143117204309,1.0347215794026852,10,26,47,0
2026-05-15T00:39:35.341596,clean,persist,{'bins': 11},11,1,2,0.39142924826592207,0.6238748580217361,1.0177006451413035,10,26,47,0
2026-05-15T00:39:36.414427,clean,persist,{'bins': 11},11,2,2,0.37831904646009207,0.6842712229117751,1.0647273613139987,10,26,47,0
2026-05-15T00:39:37.452014,clean,persist,{'bins': 11},11,3,2,0.38337529823184013,0.6434136498719454,1.0289988266304135,10,26,47,0
2026-05-15T00:39:38.471459,clean,persist,{'bins': 11},11,4,2,0.38251390121877193,0.6267519909888506,1.0117389047518373,10,26,47,0
2026-05-15T00:39:39.663375,clean,persist,{'bins': 11},12,0,2,0.372774095274508,0.8067156532779336,1.1814340688288212,10,33,54,0
2026-05-15T00:39:40.920681,clean,persist,{'bins': 11},12,1,2,0.38480262737721205,0.8603131351992488,1.2473056027665734,10,33,54,0
2026-05-15T00:39:42.144019,clean,persist,{'bins': 11},12,2,2,0.3931189812719822,0.8174338852986693,1.2137482455000281,10,33,54,0
2026-05-15T00:39:43.349575,clean,persist,{'bins': 11},12,3,2,0.37841276079416275,0.8153746295720339,1.1959834527224302,10,33,54,0
2026-05-15T00:39:44.535663,clean,persist,{'bins': 11},12,4,2,0.37743463553488255,0.7971096001565456,1.1767209023237228,10,33,54,0
2026-05-15T00:39:45.910863,clean,persist,{'bins': 11},13,0,2,0.38753889314830303,0.9751724749803543,1.3647898007184267,10,25,45,0
2026-05-15T00:39:47.221005,clean,persist,{'bins': 11},13,1,2,0.39317324198782444,0.9046493098139763,1.300204312428832,10,25,45,0
2026-05-15T00:39:48.554573,clean,persist,{'bins': 11},13,2,2,0.40131768211722374,0.9194602640345693,1.323797645047307,10,25,45,0
2026-05-15T00:39:50.010378,clean,persist,{'bins': 11},13,3,2,0.3993480447679758,1.0429154820740223,1.4454125380143523,10,25,45,0
2026-05-15T00:39:51.318797,clean,persist,{'bins': 11},13,4,2,0.40191628597676754,0.89428208488971,1.298902657814324,10,25,45,0
2026-05-15T00:39:52.762379,clean,persist,{'bins': 11},14,0,2,0.3868773030117154,1.042396598495543,1.4316222295165062,10,22,40,0
2026-05-15T00:39:54.260252,clean,persist,{'bins': 11},14,1,2,0.3873600494116545,1.0976111153140664,1.4872817620635033,10,22,40,0
2026-05-15T00:39:55.712192,clean,persist,{'bins': 11},14,2,2,0.39270585495978594,1.0464248014613986,1.4423291301354766,10,22,40,0
2026-05-15T00:39:57.137400,clean,persist,{'bins': 11},14,3,2,0.384609785862267,1.028111970052123,1.4151271926239133,10,22,40,0
2026-05-15T00:39:58.565469,clean,persist,{'bins': 11},14,4,2,0.38601788878440857,1.0296786231920123,1.4181592958047986,10,22,40,0
2026-05-15T00:40:00.435335,clean,persist,{'bins': 11},15,0,2,0.4887919304892421,1.365692806430161,1.857041908428073,10,16,33,0
2026-05-15T00:40:02.277992,clean,persist,{'bins': 11},15,1,2,0.36977481469511986,1.4578843619674444,1.830424509011209,10,16,33,0
2026-05-15T00:40:04.006326,clean,persist,{'bins': 11},15,2,2,0.3720243079587817,1.3415228528901935,1.7161229262128472,10,16,33,0
2026-05-15T00:40:05.798194,clean,persist,{'bins': 11},15,3,2,0.36752440966665745,1.409398597665131,1.7796875378116965,10,16,33,0
2026-05-15T00:40:07.521633,clean,persist,{'bins': 11},15,4,2,0.36759475339204073,1.340632589533925,1.7112472020089626,10,16,33,0
2026-05-15T00:40:09.048420,clean,persist,{'bins': 11},16,0,2,0.41161111649125814,1.1019853567704558,1.5160752972587943,10,17,35,0
2026-05-15T00:40:10.644277,clean,persist,{'bins': 11},16,1,2,0.41181581001728773,1.1713714692741632,1.5858732210472226,10,17,35,0
2026-05-15T00:40:12.181862,clean,persist,{'bins': 11},16,2,2,0.41642918065190315,1.1077124392613769,1.5268587907776237,10,17,35,0
2026-05-15T00:40:13.690045,clean,persist,{'bins': 11},16,3,2,0.4109505470842123,1.0848317425698042,1.4983405927196145,10,17,35,0
2026-05-15T00:40:15.288780,clean,persist,{'bins': 11},16,4,2,0.4132422376424074,1.1726621817797422,1.5884429849684238,10,17,35,0
2026-05-15T00:40:16.995451,clean,persist,{'bins': 11},17,0,2,0.4293986801058054,1.2613216247409582,1.6948367226868868,10,12,28,0
2026-05-15T00:40:18.807316,clean,persist,{'bins': 11},17,1,2,0.43639676831662655,1.3617506762966514,1.8015454430133104,10,12,28,0
2026-05-15T00:40:20.519496,clean,persist,{'bins': 11},17,2,2,0.4344542622566223,1.2639581859111786,1.7013793168589473,10,12,28,0
2026-05-15T00:40:22.286057,clean,persist,{'bins': 11},17,3,2,0.4334713751450181,1.319066122174263,1.7558164931833744,10,12,28,0
2026-05-15T00:40:23.988342,clean,persist,{'bins': 11},17,4,2,0.4347648248076439,1.254276229068637,1.6918867258355021,10,12,28,0
2026-05-15T00:40:25.991844,clean,persist,{'bins': 11},18,0,2,0.4270908469334245,1.5612399457022548,1.99113910458982,10,15,32,0
2026-05-15T00:40:27.873450,clean,persist,{'bins': 11},18,1,2,0.4280117265880108,1.4389282949268818,1.8699938347563148,10,15,32,0
2026-05-15T00:40:29.775224,clean,persist,{'bins': 11},18,2,2,0.42653826996684074,1.4608936607837677,1.8902584770694375,10,15,32,0
2026-05-15T00:40:31.618150,clean,persist,{'bins': 11},18,3,2,0.42271173652261496,1.405856056138873,1.8312320746481419,10,15,32,0
2026-05-15T00:40:33.513937,clean,persist,{'bins': 11},18,4,2,0.4235151335597038,1.4582286989316344,1.8843897795304656,10,15,32,0
2026-05-15T00:40:35.954967,clean,persist,{'bins': 11},19,0,2,0.4330054512247443,1.9896122477948666,2.4255615258589387,10,12,28,0
2026-05-15T00:40:38.460738,clean,persist,{'bins': 11},19,1,2,0.43450381327420473,2.05368310213089,2.491012940183282,10,12,28,0
2026-05-15T00:40:40.990744,clean,persist,{'bins': 11},19,2,2,0.43454825785011053,2.078270049765706,2.515713492408395,10,12,28,0
2026-05-15T00:40:43.535234,clean,persist,{'bins': 11},19,3,2,0.43322472367435694,2.0943709276616573,2.5303799975663424,10,12,28,0
2026-05-15T00:40:45.971921,clean,persist,{'bins': 11},19,4,2,0.43411361053586006,1.9853778406977654,2.422266270034015,10,12,28,0
2026-05-15T00:40:48.638088,clean,persist,{'bins': 11},20,0,2,0.46787592489272356,2.1788791781291366,2.649987651966512,10,30,54,0
2026-05-15T00:40:51.263314,clean,persist,{'bins': 11},20,1,2,0.4677139911800623,2.1385260112583637,2.6094713089987636,10,30,54,0
2026-05-15T00:40:53.904704,clean,persist,{'bins': 11},20,2,2,0.4732912015169859,2.1488806903362274,2.625586211681366,10,30,54,0
2026-05-15T00:40:56.518211,clean,persist,{'bins': 11},20,3,2,0.46473619993776083,2.129277949221432,2.5972042996436357,10,30,54,0
2026-05-15T00:40:59.205386,clean,persist,{'bins': 11},20,4,2,0.4642406804487109,2.2044434314593673,2.671729138121009,10,30,54,0
2026-05-15T00:41:01.991153,clean,persist,{'bins': 11},21,0,2,0.46798878721892834,2.2965723387897015,2.767813871614635,10,31,49,0
2026-05-15T00:41:04.826876,clean,persist,{'bins': 11},21,1,2,0.4704326167702675,2.344815387390554,2.818469110876322,10,31,49,0
2026-05-15T00:41:07.605981,clean,persist,{'bins': 11},21,2,2,0.47248645033687353,2.286320743151009,2.7621434358879924,10,31,49,0
2026-05-15T00:41:10.363680,clean,persist,{'bins': 11},21,3,2,0.46821545250713825,2.2694560615345836,2.7407842483371496,10,31,49,0
2026-05-15T00:41:13.085962,clean,persist,{'bins': 11},21,4,2,0.4689371772110462,2.2328382786363363,2.7050235932692885,10,31,49,0
2026-05-15T00:41:15.468099,clean,persist,{'bins': 11},22,0,2,0.45421349443495274,1.9080269848927855,2.3654278134927154,10,29,47,0
2026-05-15T00:41:17.811343,clean,persist,{'bins': 11},22,1,2,0.4542781161144376,1.8704586364328861,2.3277839235961437,10,29,47,0
2026-05-15T00:41:20.169814,clean,persist,{'bins': 11},22,2,2,0.45548719726502895,1.8841878911480308,2.342977258376777,10,29,47,0
2026-05-15T00:41:22.506891,clean,persist,{'bins': 11},22,3,2,0.45408548414707184,1.8646335005760193,2.3218316389247775,10,29,47,0
2026-05-15T00:41:24.854515,clean,persist,{'bins': 11},22,4,2,0.45522838179022074,1.8735877815634012,2.332031519152224,10,29,47,0
2026-05-15T00:41:27.438576,clean,persist,{'bins': 11},23,0,2,0.47851677145808935,2.08347209636122,2.5653026988729835,10,33,55,0
2026-05-15T00:41:29.949918,clean,persist,{'bins': 11},23,1,2,0.47900208178907633,2.011479309760034,2.493850057013333,10,33,55,0
2026-05-15T00:41:32.493991,clean,persist,{'bins': 11},23,2,2,0.47803881391882896,2.044720777310431,2.526066900230944,10,33,55,0
2026-05-15T00:41:35.009758,clean,persist,{'bins': 11},23,3,2,0.4881694922223687,2.0064002461731434,2.4982752948999405,10,33,55,0
2026-05-15T00:41:37.578032,clean,persist,{'bins': 11},23,4,2,0.4827676508575678,2.064279453828931,2.5504817124456167,10,33,55,0
2026-05-15T00:41:40.507056,clean,persist,{'bins': 11},24,0,2,0.4487596871331334,2.4583359956741333,2.910730586387217,10,24,47,0
2026-05-15T00:41:43.378493,clean,persist,{'bins': 11},24,1,2,0.44914216455072165,2.4013222297653556,2.8539158143103123,10,24,47,0
2026-05-15T00:41:46.303094,clean,persist,{'bins': 11},24,2,2,0.44914013147354126,2.4545770781114697,2.907374174334109,10,24,47,0
2026-05-15T00:41:49.229242,clean,persist,{'bins': 11},24,3,2,0.4490785961970687,2.4557865392416716,2.9084111116826534,10,24,47,0
2026-05-15T00:41:52.154052,clean,persist,{'bins': 11},24,4,2,0.447543072514236,2.45641933567822,2.9075134256854653,10,24,47,0
2026-05-15T00:41:55.711208,clean,persist,{'bins': 11},25,0,2,0.5026822788640857,3.029989675618708,3.5362869910895824,10,31,56,0
2026-05-15T00:41:59.251485,clean,persist,{'bins': 11},25,1,2,0.5078329164534807,3.009098486043513,3.520720616914332,10,31,56,0
2026-05-15T00:42:02.782822,clean,persist,{'bins': 11},25,2,2,0.5017076293006539,3.006372448988259,3.5117374137043953,10,31,56,0
2026-05-15T00:42:06.336440,clean,persist,{'bins': 11},25,3,2,0.5028931936249137,3.027192666195333,3.5338455978780985,10,31,56,0
2026-05-15T00:42:09.873313,clean,persist,{'bins': 11},25,4,2,0.5028344029560685,3.0103608667850494,3.5170069048181176,10,31,56,0
2026-05-15T00:42:12.725338,clean,persist,{'bins': 11},26,0,2,0.5070694647729397,2.323649230413139,2.8344568433240056,10,16,37,0
2026-05-15T00:42:15.517450,clean,persist,{'bins': 11},26,1,2,0.5070606581866741,2.265219809487462,2.775956889614463,10,16,37,0
2026-05-15T00:42:18.380495,clean,persist,{'bins': 11},26,2,2,0.5090078935027122,2.333433961495757,2.846195662394166,10,16,37,0
2026-05-15T00:42:21.175107,clean,persist,{'bins': 11},26,3,2,0.5077806301414967,2.266993318684399,2.7783533092588186,10,16,37,0
2026-05-15T00:42:23.973296,clean,persist,{'bins': 11},26,4,2,0.5086103770881891,2.2695683324709535,2.781792825087905,10,16,37,0
2026-05-15T00:42:26.821134,clean,persist,{'bins': 11},27,0,2,0.49030889943242073,2.335582533851266,2.82964707352221,10,13,28,0
2026-05-15T00:42:29.713786,clean,persist,{'bins': 11},27,1,2,0.49072505068033934,2.380407896824181,2.874958610162139,10,13,28,0
2026-05-15T00:42:32.614956,clean,persist,{'bins': 11},27,2,2,0.491974625736475,2.3879136377945542,2.883830163627863,10,13,28,0
2026-05-15T00:42:35.550128,clean,persist,{'bins': 11},27,3,2,0.49093195889145136,2.4230209654197097,2.917716539464891,10,13,28,0
2026-05-15T00:42:38.433763,clean,persist,{'bins': 11},27,4,2,0.4908961309120059,2.371026595123112,2.8657973101362586,10,13,28,0
2026-05-15T00:42:41.839558,clean,persist,{'bins': 11},28,0,2,0.5098969927057624,2.8706060871481895,3.384507106617093,10,35,60,0
2026-05-15T00:42:45.229099,clean,persist,{'bins': 11},28,1,2,0.5106649342924356,2.853880929760635,3.368567173369229,10,35,60,0
2026-05-15T00:42:48.723731,clean,persist,{'bins': 11},28,2,2,0.5093799605965614,2.9606360951438546,3.4739104583859444,10,35,60,0
2026-05-15T00:42:52.143969,clean,persist,{'bins': 11},28,3,2,0.5120277022942901,2.883435733616352,3.399461722932756,10,35,60,0
2026-05-15T00:42:55.579331,clean,persist,{'bins': 11},28,4,2,0.5109717110171914,2.899807528592646,3.4147465573623776,10,35,60,0
2026-05-15T00:42:59.277906,clean,persist,{'bins': 11},29,0,2,0.5699727665632963,3.1037096744403243,3.6777806943282485,10,20,46,0
2026-05-15T00:43:02.939805,clean,persist,{'bins': 11},29,1,2,0.5715349977836013,3.066806433722377,3.642399870790541,10,20,46,0
2026-05-15T00:43:06.609443,clean,persist,{'bins': 11},29,2,2,0.5709234606474638,3.0750632733106613,3.6500642597675323,10,20,46,0
2026-05-15T00:43:10.290132,clean,persist,{'bins': 11},29,3,2,0.5704959481954575,3.086028370074928,3.660644914023578,10,20,46,0
2026-05-15T00:43:13.971272,clean,persist,{'bins': 11},29,4,2,0.5737662566825747,3.0831390162929893,3.661169297993183,10,20,46,0
2026-05-15T00:43:17.954856,clean,persist,{'bins': 11},30,0,2,0.5533535946160555,3.4044347181916237,3.9620009316131473,10,19,40,0
2026-05-15T00:43:21.964328,clean,persist,{'bins': 11},30,1,2,0.5559593569487333,3.4286786131560802,3.9887793650850654,10,19,40,0
2026-05-15T00:43:25.962829,clean,persist,{'bins': 11},30,2,2,0.5549947377294302,3.4183364072814584,3.977599657140672,10,19,40,0
2026-05-15T00:43:29.960633,clean,persist,{'bins': 11},30,3,2,0.5557570774108171,3.4170752987265587,3.977077887393534,10,19,40,0
2026-05-15T00:43:34.016533,clean,persist,{'bins': 11},30,4,2,0.5562244653701782,3.4744376381859183,4.034993514418602,10,19,40,0
2026-05-15T00:43:38.667924,clean,persist,{'bins': 11},31,0,2,0.5341827357187867,4.08662433270365,4.625375354662538,10,17,37,0
2026-05-15T00:43:43.369036,clean,persist,{'bins': 11},31,1,2,0.5361031396314502,4.134881127625704,4.675495056435466,10,17,37,0
2026-05-15T00:43:48.025463,clean,persist,{'bins': 11},31,2,2,0.5378867788240314,4.089147429913282,4.631494182161987,10,17,37,0
2026-05-15T00:43:52.634810,clean,persist,{'bins': 11},31,3,2,0.536508671939373,4.043480087071657,4.584611397236586,10,17,37,0
2026-05-15T00:43:57.285299,clean,persist,{'bins': 11},31,4,2,0.5350554436445236,4.086042721755803,4.6256918497383595,10,17,37,0
2026-05-15T00:44:01.598504,clean,persist,{'bins': 11},32,0,2,0.5753092328086495,3.707258462905884,4.2871819688007236,10,40,67,0
2026-05-15T00:44:05.889751,clean,persist,{'bins': 11},32,1,2,0.5782450260594487,3.6831883443519473,4.266097035259008,10,40,67,0
2026-05-15T00:44:10.189459,clean,persist,{'bins': 11},32,2,2,0.576633220538497,3.693285080604255,4.274432544596493,10,40,67,0
2026-05-15T00:44:14.488977,clean,persist,{'bins': 11},32,3,2,0.5793734844774008,3.6891968762502074,4.273538737557828,10,40,67,0
2026-05-15T00:44:18.972069,clean,persist,{'bins': 11},32,4,2,0.5768642425537109,3.8767700251191854,4.4581854017451406,10,40,67,0
2026-05-15T00:44:23.798886,clean,persist,{'bins': 11},33,0,2,0.5774523373693228,4.219260477460921,4.801378614269197,10,15,34,0
2026-05-15T00:44:28.681853,clean,persist,{'bins': 11},33,1,2,0.6190798860043287,4.234581971541047,4.858495362102985,10,15,34,0
2026-05-15T00:44:33.503133,clean,persist,{'bins': 11},33,2,2,0.577749464660883,4.213523245416582,4.795980408787727,10,15,34,0
2026-05-15T00:44:38.313800,clean,persist,{'bins': 11},33,3,2,0.5772915743291378,4.203877378255129,4.785883653908968,10,15,34,0
2026-05-15T00:44:43.165411,clean,persist,{'bins': 11},33,4,2,0.5780937308445573,4.243681884370744,4.8265851540490985,10,15,34,0
2026-05-15T00:44:47.663235,clean,persist,{'bins': 11},34,0,2,0.5670339381322265,3.899384679272771,4.471227175556123,10,7,24,0
2026-05-15T00:44:52.158175,clean,persist,{'bins': 11},34,1,2,0.5651033949106932,3.8992656460031867,4.469101174734533,10,7,24,0
2026-05-15T00:44:56.701376,clean,persist,{'bins': 11},34,2,2,0.5685796104371548,3.944669065065682,4.518023509532213,10,7,24,0
2026-05-15T00:45:01.182554,clean,persist,{'bins': 11},34,3,2,0.564796288497746,3.886158239096403,4.455671011470258,10,7,24,0
2026-05-15T00:45:05.700065,clean,persist,{'bins': 11},34,4,2,0.56747408490628,3.9198682941496372,4.492005693726242,10,7,24,0
2026-05-15T00:45:10.658935,clean,persist,{'bins': 11},35,0,2,0.5657305205240846,4.361277942545712,4.9319451013579965,10,21,41,0
2026-05-15T00:45:15.631788,clean,persist,{'bins': 11},35,1,2,0.5680857123807073,4.373773370869458,4.947579161264002,10,21,41,0
2026-05-15T00:45:20.604469,clean,persist,{'bins': 11},35,2,2,0.5665446184575558,4.375705198384821,4.947281412780285,10,21,41,0
2026-05-15T00:45:25.550520,clean,persist,{'bins': 11},35,3,2,0.5678088935092092,4.347785101272166,4.920923820696771,10,21,41,0
2026-05-15T00:45:30.508431,clean,persist,{'bins': 11},35,4,2,0.5681826751679182,4.359426278620958,4.932587098330259,10,21,41,0
2026-05-15T00:45:35.882046,clean,persist,{'bins': 11},36,0,2,0.6378563866019249,4.702978532761335,5.345923672430217,10,24,48,0
2026-05-15T00:45:41.193291,clean,persist,{'bins': 11},36,1,2,0.6399597451090813,4.638449789956212,5.2838517324998975,10,24,48,0
2026-05-15T00:45:46.596773,clean,persist,{'bins': 11},36,2,2,0.6492491737008095,4.722011994570494,5.376741146668792,10,24,48,0
2026-05-15T00:45:51.969874,clean,persist,{'bins': 11},36,3,2,0.6399233657866716,4.700590911321342,5.345831499435008,10,24,48,0
2026-05-15T00:45:57.401741,clean,persist,{'bins': 11},36,4,2,0.6397081334143877,4.759515681304038,5.404656553640962,10,24,48,0
2026-05-15T00:46:03.497286,clean,persist,{'bins': 11},37,0,2,0.6231432454660535,5.43714155908674,6.06569679453969,10,38,68,0
2026-05-15T00:46:09.738429,clean,persist,{'bins': 11},37,1,2,0.6324555780738592,5.571765825152397,6.210481965914369,10,38,68,0
2026-05-15T00:46:15.895500,clean,persist,{'bins': 11},37,2,2,0.6415369957685471,5.479605128057301,6.1275514960289,10,38,68,0
2026-05-15T00:46:22.091704,clean,persist,{'bins': 11},37,3,2,0.6335877422243357,5.527556117624044,6.167072741314769,10,38,68,0
2026-05-15T00:46:28.090605,clean,persist,{'bins': 11},37,4,2,0.6243612524122,5.339039548300207,5.969169800169766,10,38,68,0
2026-05-15T00:46:35.124937,clean,persist,{'bins': 11},38,0,2,0.6265228176489472,6.3704481879249215,7.002479538321495,10,21,44,0
2026-05-15T00:46:42.197278,clean,persist,{'bins': 11},38,1,2,0.6259754318743944,6.41039835754782,7.041692836210132,10,21,44,0
2026-05-15T00:46:49.399644,clean,persist,{'bins': 11},38,2,2,0.6261922288686037,6.539424384944141,7.17104069609195,10,21,44,0
2026-05-15T00:46:56.425194,clean,persist,{'bins': 11},38,3,2,0.626321179792285,6.363243040628731,6.995016506873071,10,21,44,0
2026-05-15T00:47:03.527405,clean,persist,{'bins': 11},38,4,2,0.6269453233107924,6.438466962426901,7.07088421843946,10,21,44,0
2026-05-15T00:47:08.981708,clean,persist,{'bins': 11},39,0,2,0.6016105506569147,4.815464846789837,5.422469404526055,10,14,32,0
2026-05-15T00:47:14.510595,clean,persist,{'bins': 11},39,1,2,0.6059547355398536,4.888774475082755,5.5003099180758,10,14,32,0
2026-05-15T00:47:19.977616,clean,persist,{'bins': 11},39,2,2,0.602316745556891,4.830375329591334,5.438147988170385,10,14,32,0
2026-05-15T00:47:25.421624,clean,persist,{'bins': 11},39,3,2,0.6021423097699881,4.807590474374592,5.4152177311480045,10,14,32,0
2026-05-15T00:47:30.838403,clean,persist,{'bins': 11},39,4,2,0.6034433608874679,4.779598924331367,5.388402769342065,10,14,32,0
2026-05-15T00:47:38.691144,clean,persist,{'bins': 11},40,0,2,0.678575330413878,7.131879456341267,7.816155248321593,10,19,43,0
2026-05-15T00:47:46.362844,clean,persist,{'bins': 11},40,1,2,0.6756220459938049,6.95542264636606,7.6367186941206455,10,19,43,0
2026-05-15T00:47:54.149868,clean,persist,{'bins': 11},40,2,2,0.6771104596555233,7.069087604992092,7.751922250725329,10,19,43,0
2026-05-15T00:48:01.918921,clean,persist,{'bins': 11},40,3,2,0.6775348465889692,7.050381105393171,7.733612435869873,10,19,43,0
2026-05-15T00:48:09.826641,clean,persist,{'bins': 11},40,4,2,0.676635698415339,7.190628297626972,7.872857968322933,10,19,43,0
2026-05-15T00:48:16.709341,clean,persist,{'bins': 11},41,0,2,0.6928331274539232,6.147549940273166,6.846189848147333,10,46,78,0
2026-05-15T00:48:23.425612,clean,persist,{'bins': 11},41,1,2,0.6917883045971394,5.983969342894852,6.681506350636482,10,46,78,0
2026-05-15T00:48:30.332615,clean,persist,{'bins': 11},41,2,2,0.6938706440851092,6.171211932785809,6.870920515619218,10,46,78,0
2026-05-15T00:48:37.243343,clean,persist,{'bins': 11},41,3,2,0.6924436762928963,6.177458638325334,6.87563434522599,10,46,78,0
2026-05-15T00:48:43.942363,clean,persist,{'bins': 11},41,4,2,0.6920984769240022,5.966622387059033,6.664437346160412,10,46,78,0
2026-05-15T00:48:53.191449,clean,persist,{'bins': 11},42,0,2,0.6228290544822812,8.574696481227875,9.203762464225292,10,26,43,0
2026-05-15T00:49:02.333821,clean,persist,{'bins': 11},42,1,2,0.6203584270551801,8.471288247965276,9.09778425656259,10,26,43,0
2026-05-15T00:49:11.529920,clean,persist,{'bins': 11},42,2,2,0.62285565584898,8.520807882770896,9.149769380688667,10,26,43,0
2026-05-15T00:49:20.746589,clean,persist,{'bins': 11},42,3,2,0.6205521514639258,8.529740823432803,9.156357018277049,10,26,43,0
2026-05-15T00:49:29.795522,clean,persist,{'bins': 11},42,4,2,0.6203874005004764,8.376971191726625,9.003456049598753,10,26,43,0
2026-05-15T00:49:35.697749,clean,persist,{'bins': 11},43,0,2,0.6376371551305056,5.223781468346715,5.867394872941077,10,25,43,0
2026-05-15T00:49:41.777044,clean,persist,{'bins': 11},43,1,2,0.6788620287552476,5.360874908976257,6.046030793339014,10,25,43,0
2026-05-15T00:49:47.714053,clean,persist,{'bins': 11},43,2,2,0.6365987844765186,5.260453232564032,5.902947305701673,10,25,43,0
2026-05-15T00:49:53.768610,clean,persist,{'bins': 11},43,3,2,0.6378764342516661,5.377199986949563,6.0211405251175165,10,25,43,0
2026-05-15T00:49:59.719386,clean,persist,{'bins': 11},43,4,2,0.6397889936342835,5.271626899950206,5.917445503175259,10,25,43,0
2026-05-15T00:50:08.447116,clean,persist,{'bins': 11},44,0,2,0.6517411945387721,8.023618387058377,8.681622576899827,10,30,50,0
2026-05-15T00:50:17.302682,clean,persist,{'bins': 11},44,1,2,0.6523238252848387,8.152206242084503,8.810918661765754,10,30,50,0
2026-05-15T00:50:26.237693,clean,persist,{'bins': 11},44,2,2,0.6540257036685944,8.229573438875377,8.889909750781953,10,30,50,0
2026-05-15T00:50:34.911493,clean,persist,{'bins': 11},44,3,2,0.6539259981364012,7.969331595115364,8.629504992626607,10,30,50,0
2026-05-15T00:50:43.849116,clean,persist,{'bins': 11},44,4,2,0.6522600091993809,8.233736420981586,8.89228789228946,10,30,50,0
2026-05-15T00:50:52.543059,clean,persist,{'bins': 11},45,0,2,0.7169561134651303,7.932128135114908,8.655478372238576,10,30,58,0
2026-05-15T00:51:01.248535,clean,persist,{'bins': 11},45,1,2,0.7186390617862344,7.941339808516204,8.666464226320386,10,30,58,0
2026-05-15T00:51:09.976879,clean,persist,{'bins': 11},45,2,2,0.7179795037955046,7.9653444634750485,8.689625177532434,10,30,58,0
2026-05-15T00:51:18.799019,clean,persist,{'bins': 11},45,3,2,0.7176467087119818,8.058990779332817,8.782889516092837,10,30,58,0
2026-05-15T00:51:27.597469,clean,persist,{'bins': 11},45,4,2,0.7176751429215074,8.035990166477859,8.759945058263838,10,30,58,0
2026-05-15T00:51:36.023538,clean,persist,{'bins': 11},46,0,2,0.6630424223840237,7.718592193908989,8.388182068243623,10,37,65,0
2026-05-15T00:51:44.475427,clean,persist,{'bins': 11},46,1,2,0.6632168190553784,7.744153533130884,8.41383243445307,10,37,65,0
2026-05-15T00:51:52.850543,clean,persist,{'bins': 11},46,2,2,0.6620013769716024,7.6693137641996145,8.337703495286405,10,37,65,0
2026-05-15T00:52:01.391642,clean,persist,{'bins': 11},46,3,2,0.6634458797052503,7.833387834019959,8.5033976463601,10,37,65,0
2026-05-15T00:52:09.875976,clean,persist,{'bins': 11},46,4,2,0.6628928715363145,7.777769832871854,8.447136367671192,10,37,65,0
2026-05-15T00:52:19.604217,clean,persist,{'bins': 11},47,0,2,0.7568463133648038,8.922689243219793,9.686092137359083,10,14,33,0
2026-05-15T00:52:29.277665,clean,persist,{'bins': 11},47,1,2,0.757356371730566,8.867695855908096,9.631758246570826,10,14,33,0
2026-05-15T00:52:39.105209,clean,persist,{'bins': 11},47,2,2,0.7599097955971956,9.019897145219147,9.786597789265215,10,14,33,0
2026-05-15T00:52:48.934231,clean,persist,{'bins': 11},47,3,2,0.7580548319965601,9.02197022549808,9.786610511131585,10,14,33,0
2026-05-15T00:52:58.812019,clean,persist,{'bins': 11},47,4,2,0.7592867650091648,9.070493994280696,9.836395387537777,10,14,33,0
2026-05-15T00:53:10.961100,clean,persist,{'bins': 11},48,0,2,0.7698643235489726,11.32582431845367,12.10258392803371,10,40,76,0
2026-05-15T00:53:23.123594,clean,persist,{'bins': 11},48,1,2,0.7716871360316873,11.336817826144397,12.115317893214524,10,40,76,0
2026-05-15T00:53:35.112353,clean,persist,{'bins': 11},48,2,2,0.7702484652400017,11.164681125432253,11.941695402376354,10,40,76,0
2026-05-15T00:53:47.070040,clean,persist,{'bins': 11},48,3,2,0.7712689014151692,11.132835915312171,11.91096353251487,10,40,76,0
2026-05-15T00:53:58.998254,clean,persist,{'bins': 11},48,4,2,0.7705354429781437,11.104356283321977,11.881728893145919,10,40,76,0
2026-05-15T00:54:06.549502,clean,persist,{'bins': 11},49,0,2,0.7727107163518667,6.726204422302544,7.505827627144754,10,49,85,0
2026-05-15T00:54:13.923361,clean,persist,{'bins': 11},49,1,2,0.7747990069910884,6.548727188259363,7.330376375466585,10,49,85,0
2026-05-15T00:54:21.380603,clean,persist,{'bins': 11},49,2,2,0.7715426636859775,6.63516443874687,7.413586458191276,10,49,85,0
2026-05-15T00:54:28.912677,clean,persist,{'bins': 11},49,3,2,0.7739619547501206,6.707762367092073,7.488466541282833,10,49,85,0
2026-05-15T00:54:36.357664,clean,persist,{'bins': 11},49,4,2,0.7736218180507421,6.620756505988538,7.401156649924815,10,49,85,0
2026-05-15T00:54:45.616637,clean,persist,{'bins': 11},50,0,2,0.8003451293334365,8.409410937689245,9.216669575311244,10,19,39,0
2026-05-15T00:54:54.878360,clean,persist,{'bins': 11},50,1,2,0.8024440901353955,8.411394689232111,9.220809526741505,10,19,39,0
2026-05-15T00:55:04.078128,clean,persist,{'bins': 11},50,2,2,0.803019680082798,8.348030183464289,9.158148380927742,10,19,39,0
2026-05-15T00:55:13.454168,clean,persist,{'bins': 11},50,3,2,0.8025521822273731,8.524594895541668,9.334210037253797,10,19,39,0
2026-05-15T00:55:22.702527,clean,persist,{'bins': 11},50,4,2,0.8025369327515364,8.397035437636077,9.2065797066316,10,19,39,0
2026-05-15T00:55:22.874619,noisy,naive,{'bins': 10},1,0,2,0.00045117735862731934,0.1410692911595106,0.14188643544912338,10,31,58,0
2026-05-15T00:55:23.020126,noisy,naive,{'bins': 10},1,1,2,0.00031675491482019424,0.14189624320715666,0.142540673725307,10,31,58,0
2026-05-15T00:55:23.165801,noisy,naive,{'bins': 10},1,2,2,0.0003139795735478401,0.14207161124795675,0.1427027666941285,10,31,58,0
2026-05-15T00:55:23.312541,noisy,naive,{'bins': 10},1,3,2,0.00032653287053108215,0.14308247901499271,0.14373327139765024,10,31,58,0
2026-05-15T00:55:23.457948,noisy,naive,{'bins': 10},1,4,2,0.0003091813996434212,0.1417594263330102,0.14238911867141724,10,31,58,0
2026-05-15T00:55:23.941324,noisy,naive,{'bins': 10},2,0,2,0.0005634082481265068,0.477086597122252,0.4781702319160104,10,22,46,0
2026-05-15T00:55:24.463240,noisy,naive,{'bins': 10},2,1,2,0.0005563143640756607,0.5161429923027754,0.5172277493402362,10,22,46,0
2026-05-15T00:55:24.942484,noisy,naive,{'bins': 10},2,2,2,0.0006285710260272026,0.47329017892479897,0.4744853423908353,10,22,46,0
2026-05-15T00:55:25.421699,noisy,naive,{'bins': 10},2,3,2,0.0005382103845477104,0.47329713217914104,0.474345319904387,10,22,46,0
2026-05-15T00:55:25.900878,noisy,naive,{'bins': 10},2,4,2,0.0005472768098115921,0.47339059691876173,0.47444030828773975,10,22,46,0
2026-05-15T00:55:26.286938,noisy,naive,{'bins': 10},3,0,2,0.0007934104651212692,0.37892874982208014,0.3803987205028534,10,20,41,0
2026-05-15T00:55:26.673400,noisy,naive,{'bins': 10},3,1,2,0.0007582632824778557,0.379947111941874,0.3813381837680936,10,20,41,0
2026-05-15T00:55:27.102685,noisy,naive,{'bins': 10},3,2,2,0.000775766558945179,0.42281019501388073,0.42420367058366537,10,20,41,0
2026-05-15T00:55:27.486921,noisy,naive,{'bins': 10},3,3,2,0.0008401768282055855,0.3775291331112385,0.3790304306894541,10,20,41,0
2026-05-15T00:55:27.870574,noisy,naive,{'bins': 10},3,4,2,0.0007552066817879677,0.3773862048983574,0.378754572942853,10,20,41,0
2026-05-15T00:55:28.566660,noisy,naive,{'bins': 10},4,0,2,0.0009925039485096931,0.6870586676523089,0.6889208843931556,10,34,65,0
2026-05-15T00:55:29.264331,noisy,naive,{'bins': 10},4,1,2,0.0009918119758367538,0.6891477210447192,0.690937040373683,10,34,65,0
2026-05-15T00:55:30.009923,noisy,naive,{'bins': 10},4,2,2,0.0009994562715291977,0.7362391818314791,0.738020065240562,10,34,65,0
2026-05-15T00:55:30.702482,noisy,naive,{'bins': 10},4,3,2,0.0010787863284349442,0.6838402058929205,0.6857425281777978,10,34,65,0
2026-05-15T00:55:31.395586,noisy,naive,{'bins': 10},4,4,2,0.0009782463312149048,0.6846199305728078,0.6863797940313816,10,34,65,0
2026-05-15T00:55:32.430879,noisy,naive,{'bins': 10},5,0,2,0.0012889504432678223,1.0246243923902512,1.0268919495865703,10,32,68,0
2026-05-15T00:55:33.539850,noisy,naive,{'bins': 10},5,1,2,0.001262761652469635,1.0987693537026644,1.1009702859446406,10,32,68,0
2026-05-15T00:55:34.569971,noisy,naive,{'bins': 10},5,2,2,0.0013742400333285332,1.0196984838694334,1.0220595058053732,10,32,68,0
2026-05-15T00:55:35.643803,noisy,naive,{'bins': 10},5,3,2,0.0012138700112700462,1.0637533841654658,1.0658994438126683,10,32,68,0
2026-05-15T00:55:36.690367,noisy,naive,{'bins': 10},5,4,2,0.0013485625386238098,1.035980542190373,1.038322288542986,10,32,68,0
2026-05-15T00:55:38.394351,noisy,naive,{'bins': 10},6,0,2,0.001505066640675068,1.6910790856927633,1.6937053371220827,10,31,69,0
2026-05-15T00:55:40.051518,noisy,naive,{'bins': 10},6,1,2,0.0015627043321728706,1.644458838738501,1.6471744580194354,10,31,69,0
2026-05-15T00:55:41.773129,noisy,naive,{'bins': 10},6,2,2,0.0015052659437060356,1.7088954551145434,1.7115428559482098,10,31,69,0
2026-05-15T00:55:43.435995,noisy,naive,{'bins': 10},6,3,2,0.0015804767608642578,1.6502022417262197,1.6529348213225603,10,31,69,0
2026-05-15T00:55:45.140852,noisy,naive,{'bins': 10},6,4,2,0.0015003271400928497,1.6922841994091868,1.6949158404022455,10,31,69,0
2026-05-15T00:55:46.744718,noisy,naive,{'bins': 10},7,0,2,0.0017924653366208076,1.5883914148434997,1.591488960199058,10,24,54,0
2026-05-15T00:55:48.403514,noisy,naive,{'bins': 10},7,1,2,0.0017200494185090065,1.6433951118960977,1.6464046826586127,10,24,54,0
2026-05-15T00:55:50.013938,noisy,naive,{'bins': 10},7,2,2,0.0018085464835166931,1.5958737218752503,1.5990261007100344,10,24,54,0
2026-05-15T00:55:51.674512,noisy,naive,{'bins': 10},7,3,2,0.001735779456794262,1.6465629190206528,1.6495684124529362,10,24,54,0
2026-05-15T00:55:53.279778,noisy,naive,{'bins': 10},7,4,2,0.002189761959016323,1.590013480745256,1.5936373146250844,10,24,54,0
2026-05-15T00:55:54.077337,noisy,naive,{'bins': 10},8,0,2,0.0019456036388874054,0.7851284490898252,0.7884500660002232,10,20,36,0
2026-05-15T00:55:54.931275,noisy,naive,{'bins': 10},8,1,2,0.001971171237528324,0.842315886169672,0.8455554079264402,10,20,36,0
2026-05-15T00:55:55.728622,noisy,naive,{'bins': 10},8,2,2,0.002035040408372879,0.7853553351014853,0.7887060260400176,10,20,36,0
2026-05-15T00:55:56.533798,noisy,naive,{'bins': 10},8,3,2,0.0019597988575696945,0.7933220826089382,0.7965594902634621,10,20,36,0
2026-05-15T00:55:57.326661,noisy,naive,{'bins': 10},8,4,2,0.0019656503573060036,0.7813743716105819,0.7846322180703282,10,20,36,0
2026-05-15T00:55:58.340737,noisy,naive,{'bins': 10},9,0,2,0.0021954411640763283,1.0002921493723989,1.0040514264255762,10,19,35,0
2026-05-15T00:55:59.318983,noisy,naive,{'bins': 10},9,1,2,0.0023047467693686485,0.9648606171831489,0.9686137530952692,10,19,35,0
2026-05-15T00:56:00.290735,noisy,naive,{'bins': 10},9,2,2,0.002159684896469116,0.9588043875992298,0.9623859813436866,10,19,35,0
2026-05-15T00:56:01.264292,noisy,naive,{'bins': 10},9,3,2,0.00217306986451149,0.9606955768540502,0.964338687248528,10,19,35,0
2026-05-15T00:56:02.287745,noisy,naive,{'bins': 10},9,4,2,0.0021998900920152664,1.0104843936860561,1.0140946619212627,10,19,35,0
2026-05-15T00:56:03.402281,noisy,naive,{'bins': 10},10,0,2,0.0025098221376538277,1.099041836336255,1.1032410394400358,10,21,40,0
2026-05-15T00:56:04.535372,noisy,naive,{'bins': 10},10,1,2,0.002417447976768017,1.1186486072838306,1.1227343874052167,10,21,40,0
2026-05-15T00:56:05.695851,noisy,naive,{'bins': 10},10,2,2,0.0024326061829924583,1.1457544565200806,1.149865634739399,10,21,40,0
2026-05-15T00:56:06.814740,noisy,naive,{'bins': 10},10,3,2,0.002499944530427456,1.1036230670288205,1.1078177820891142,10,21,40,0
2026-05-15T00:56:07.947894,noisy,naive,{'bins': 10},10,4,2,0.002430233173072338,1.1178627097979188,1.1219727471470833,10,21,40,0
2026-05-15T00:56:09.372800,noisy,naive,{'bins': 10},11,0,2,0.002672567032277584,1.40767181199044,1.4121747957542539,10,24,45,0
2026-05-15T00:56:10.759685,noisy,naive,{'bins': 10},11,1,2,0.0027448926120996475,1.3698720261454582,1.374517877586186,10,24,45,0
2026-05-15T00:56:12.145669,noisy,naive,{'bins': 10},11,2,2,0.0026496639475226402,1.3692962136119604,1.3737559067085385,10,24,45,0
2026-05-15T00:56:13.568191,noisy,naive,{'bins': 10},11,3,2,0.002666015177965164,1.4059899542480707,1.4105153502896428,10,24,45,0
2026-05-15T00:56:14.948747,noisy,naive,{'bins': 10},11,4,2,0.0027848584577441216,1.3632051385939121,1.3678601179271936,10,24,45,0
2026-05-15T00:56:16.612673,noisy,naive,{'bins': 10},12,0,2,0.0029193107038736343,1.6446166951209307,1.649529928341508,10,13,28,0
2026-05-15T00:56:18.222424,noisy,naive,{'bins': 10},12,1,2,0.0029837219044566154,1.5917602088302374,1.596767369657755,10,13,28,0
2026-05-15T00:56:19.886844,noisy,naive,{'bins': 10},12,2,2,0.0029089907184243202,1.645885406062007,1.6507905954495072,10,13,28,0
2026-05-15T00:56:21.500334,noisy,naive,{'bins': 10},12,3,2,0.00296718068420887,1.595387659035623,1.6003641122952104,10,13,28,0
2026-05-15T00:56:23.148790,noisy,naive,{'bins': 10},12,4,2,0.002918398939073086,1.6299261739477515,1.6349098701030016,10,13,28,0
2026-05-15T00:56:24.936111,noisy,naive,{'bins': 10},13,0,2,0.0032020919024944305,1.7667658040300012,1.7721068812534213,10,25,45,0
2026-05-15T00:56:26.763142,noisy,naive,{'bins': 10},13,1,2,0.0031785881146788597,1.8072666618973017,1.8126018485054374,10,25,45,0
2026-05-15T00:56:28.553120,noisy,naive,{'bins': 10},13,2,2,0.003217930905520916,1.7704159943386912,1.7758300499990582,10,25,45,0
2026-05-15T00:56:30.393858,noisy,naive,{'bins': 10},13,3,2,0.0031644608825445175,1.8212138265371323,1.8265519179403782,10,25,45,0
2026-05-15T00:56:32.205189,noisy,naive,{'bins': 10},13,4,2,0.0032483991235494614,1.7909451173618436,1.7964262384921312,10,25,45,0
2026-05-15T00:56:34.423872,noisy,naive,{'bins': 10},14,0,2,0.0033947424963116646,2.196540182456374,2.2022504517808557,10,25,47,0
2026-05-15T00:56:36.631067,noisy,naive,{'bins': 10},14,1,2,0.0034951912239193916,2.1852967441082,2.191166122443974,10,25,47,0
2026-05-15T00:56:38.778381,noisy,naive,{'bins': 10},14,2,2,0.003502306528389454,2.125382898375392,2.1312103094533086,10,25,47,0
2026-05-15T00:56:40.965096,noisy,naive,{'bins': 10},14,3,2,0.003422294743359089,2.1651711985468864,2.1709004854783416,10,25,47,0
2026-05-15T00:56:43.147767,noisy,naive,{'bins': 10},14,4,2,0.003505951724946499,2.1609960701316595,2.16682549379766,10,25,47,0
2026-05-15T00:56:45.622850,noisy,naive,{'bins': 10},15,0,2,0.00364892091602087,2.451203979551792,2.4573679119348526,10,24,44,0
2026-05-15T00:56:48.113565,noisy,naive,{'bins': 10},15,1,2,0.003736053593456745,2.4673270601779222,2.473556324839592,10,24,44,0
2026-05-15T00:56:50.516907,noisy,naive,{'bins': 10},15,2,2,0.0037246420979499817,2.3799644308164716,2.386227138340473,10,24,44,0
2026-05-15T00:56:52.959352,noisy,naive,{'bins': 10},15,3,2,0.003678244538605213,2.4191825818270445,2.425323700532317,10,24,44,0
2026-05-15T00:56:55.433204,noisy,naive,{'bins': 10},15,4,2,0.004151282832026482,2.450005459599197,2.456779858097434,10,24,44,0
2026-05-15T00:56:58.207251,noisy,naive,{'bins': 10},16,0,2,0.003943232819437981,2.747369734570384,2.7539575025439262,10,22,43,0
2026-05-15T00:57:00.988677,noisy,naive,{'bins': 10},16,1,2,0.003924397751688957,2.7554017454385757,2.761945500969887,10,22,43,0
2026-05-15T00:57:03.779816,noisy,naive,{'bins': 10},16,2,2,0.003995520994067192,2.764764292165637,2.771463911049068,10,22,43,0
2026-05-15T00:57:06.584151,noisy,naive,{'bins': 10},16,3,2,0.0039554163813591,2.7781513575464487,2.7847708044573665,10,22,43,0
2026-05-15T00:57:09.377143,noisy,naive,{'bins': 10},16,4,2,0.003983909264206886,2.7664829390123487,2.7731277039274573,10,22,43,0
2026-05-15T00:57:11.911771,noisy,naive,{'bins': 10},17,0,2,0.004161623306572437,2.5076823849231005,2.51459735725075,10,14,30,0
2026-05-15T00:57:14.521872,noisy,naive,{'bins': 10},17,1,2,0.004267972894012928,2.5842335550114512,2.591265397146344,10,14,30,0
2026-05-15T00:57:17.113867,noisy,naive,{'bins': 10},17,2,2,0.004207008518278599,2.5496627502143383,2.5566781908273697,10,14,30,0
2026-05-15T00:57:19.698811,noisy,naive,{'bins': 10},17,3,2,0.004193834029138088,2.558721366338432,2.5656524701043963,10,14,30,0
2026-05-15T00:57:22.299774,noisy,naive,{'bins': 10},17,4,2,0.004201818257570267,2.574772502295673,2.581707902252674,10,14,30,0
2026-05-15T00:57:25.184975,noisy,naive,{'bins': 10},18,0,2,0.004387248307466507,2.8565232437103987,2.863871570676565,10,14,30,0
2026-05-15T00:57:28.056303,noisy,naive,{'bins': 10},18,1,2,0.004418345168232918,2.8435495868325233,2.8509086230769753,10,14,30,0
2026-05-15T00:57:30.897670,noisy,naive,{'bins': 10},18,2,2,0.004415400326251984,2.813892789185047,2.8212205674499273,10,14,30,0
2026-05-15T00:57:33.761489,noisy,naive,{'bins': 10},18,3,2,0.004427663050591946,2.8358343252912164,2.8431516932323575,10,14,30,0
2026-05-15T00:57:36.614949,noisy,naive,{'bins': 10},18,4,2,0.0044733090326189995,2.8251991849392653,2.8326159100979567,10,14,30,0
2026-05-15T00:57:39.596992,noisy,naive,{'bins': 10},19,0,2,0.004631645046174526,2.9528579469770193,2.9606251986697316,10,12,28,0
2026-05-15T00:57:42.581550,noisy,naive,{'bins': 10},19,1,2,0.004689725115895271,2.955968256108463,2.963693019002676,10,12,28,0
2026-05-15T00:57:45.490944,noisy,naive,{'bins': 10},19,2,2,0.0046397615224123,2.8808341454714537,2.8885352443903685,10,12,28,0
2026-05-15T00:57:48.512116,noisy,naive,{'bins': 10},19,3,2,0.004676801152527332,2.993001224473119,3.0007712626829743,10,12,28,0
2026-05-15T00:57:51.496795,noisy,naive,{'bins': 10},19,4,2,0.004689354449510574,2.9563720645383,2.9642455261200666,10,12,28,0
2026-05-15T00:57:54.943829,noisy,naive,{'bins': 10},20,0,2,0.00485110841691494,3.4145983597263694,3.4227316305041313,10,14,30,0
2026-05-15T00:57:58.362910,noisy,naive,{'bins': 10},20,1,2,0.00504191592335701,3.3872692408040166,3.395551179535687,10,14,30,0
2026-05-15T00:58:01.781041,noisy,naive,{'bins': 10},20,2,2,0.004992373287677765,3.3862805757671595,3.3944617956876755,10,14,30,0
2026-05-15T00:58:05.236593,noisy,naive,{'bins': 10},20,3,2,0.004934223368763924,3.423663057386875,3.4319362798705697,10,14,30,0
2026-05-15T00:58:08.660992,noisy,naive,{'bins': 10},20,4,2,0.004989078268408775,3.3925586007535458,3.4008191395550966,10,14,30,0
2026-05-15T00:58:12.284168,noisy,naive,{'bins': 10},21,0,2,0.005168073810636997,3.589265126734972,3.597770876251161,10,14,30,0
2026-05-15T00:58:15.917565,noisy,naive,{'bins': 10},21,1,2,0.005206095054745674,3.6004500659182668,3.6091048549860716,10,14,30,0
2026-05-15T00:58:19.621011,noisy,naive,{'bins': 10},21,2,2,0.0051984405145049095,3.67021194845438,3.6788606168702245,10,14,30,0
2026-05-15T00:58:23.288043,noisy,naive,{'bins': 10},21,3,2,0.00520540215075016,3.6339365346357226,3.642521722242236,10,14,30,0
2026-05-15T00:58:26.898659,noisy,naive,{'bins': 10},21,4,2,0.0051727211102843285,3.577605925500393,3.5861547961831093,10,14,30,0
2026-05-15T00:58:30.691885,noisy,naive,{'bins': 10},22,0,2,0.00539633072912693,3.7588880648836493,3.7678665900602937,10,23,46,0
2026-05-15T00:58:34.544277,noisy,naive,{'bins': 10},22,1,2,0.005430364981293678,3.8185343462973833,3.8275060085579753,10,23,46,0
2026-05-15T00:58:38.405110,noisy,naive,{'bins': 10},22,2,2,0.005379971116781235,3.826030789874494,3.835079178214073,10,23,46,0
2026-05-15T00:58:42.239205,noisy,naive,{'bins': 10},22,3,2,0.0054223500192165375,3.80028229765594,3.809368005953729,10,23,46,0
2026-05-15T00:58:46.019286,noisy,naive,{'bins': 10},22,4,2,0.005384298972785473,3.7469170577824116,3.7559094708412886,10,23,46,0
2026-05-15T00:58:50.021474,noisy,naive,{'bins': 10},23,0,2,0.005631753243505955,3.966484533622861,3.975838866084814,10,23,46,0
2026-05-15T00:58:54.080425,noisy,naive,{'bins': 10},23,1,2,0.005671568214893341,4.023786664940417,4.033164822496474,10,23,46,0
2026-05-15T00:58:58.139623,noisy,naive,{'bins': 10},23,2,2,0.00580169353634119,4.024115212261677,4.033676162362099,10,23,46,0
2026-05-15T00:59:02.187624,noisy,naive,{'bins': 10},23,3,2,0.005584864877164364,4.013068061321974,4.022392567247152,10,23,46,0
2026-05-15T00:59:06.239611,noisy,naive,{'bins': 10},23,4,2,0.0056699346750974655,4.016635908745229,4.025961606763303,10,23,46,0
2026-05-15T00:59:10.473367,noisy,naive,{'bins': 10},24,0,2,0.005853990092873573,4.195613340474665,4.2052779244259,10,23,46,0
2026-05-15T00:59:14.734540,noisy,naive,{'bins': 10},24,1,2,0.04719140939414501,4.182088036090136,4.233448253013194,10,23,46,0
2026-05-15T00:59:19.048813,noisy,naive,{'bins': 10},24,2,2,0.00591683853417635,4.235362624749541,4.286692293360829,10,23,46,0
2026-05-15T00:59:23.310546,noisy,naive,{'bins': 10},24,3,2,0.005928471684455872,4.224567016586661,4.234346888028085,10,23,46,0
2026-05-15T00:59:27.640844,noisy,naive,{'bins': 10},24,4,2,0.005931557156145573,4.292975980788469,4.3028281684964895,10,23,46,0
2026-05-15T00:59:32.312943,noisy,naive,{'bins': 10},25,0,2,0.0061264317482709885,4.632765757851303,4.64298019465059,10,23,46,0
2026-05-15T00:59:36.976461,noisy,naive,{'bins': 10},25,1,2,0.0061413599178195,4.624769966118038,4.634982569143176,10,23,46,0
2026-05-15T00:59:41.688624,noisy,naive,{'bins': 10},25,2,2,0.006157140247523785,4.673229015432298,4.6834265403449535,10,23,46,0
2026-05-15T00:59:46.384953,noisy,naive,{'bins': 10},25,3,2,0.0062359971925616264,4.657183480449021,4.667424296960235,10,23,46,0
2026-05-15T00:59:51.062305,noisy,naive,{'bins': 10},25,4,2,0.006174092181026936,4.638835150748491,4.648976560682058,10,23,46,0
2026-05-15T00:59:56.074749,noisy,naive,{'bins': 10},26,0,2,0.006360672414302826,4.972012594342232,4.982647109776735,10,19,41,0
2026-05-15T01:00:01.065157,noisy,naive,{'bins': 10},26,1,2,0.006568631157279015,4.950858247466385,4.961634969338775,10,19,41,0
2026-05-15T01:00:06.004038,noisy,naive,{'bins': 10},26,2,2,0.0063490597531199455,4.899184552021325,4.909748464822769,10,19,41,0
2026-05-15T01:00:10.975773,noisy,naive,{'bins': 10},26,3,2,0.0063560232520103455,4.932741994038224,4.9433334693312645,10,19,41,0
2026-05-15T01:00:15.918495,noisy,naive,{'bins': 10},26,4,2,0.006376731209456921,4.902659525163472,4.913240579888225,10,19,41,0
2026-05-15T01:00:21.236741,noisy,naive,{'bins': 10},27,0,2,0.006611422635614872,5.277351498603821,5.288327354937792,10,15,34,0
2026-05-15T01:00:26.528347,noisy,naive,{'bins': 10},27,1,2,0.006659504026174545,5.251360511407256,5.262277979403734,10,15,34,0
2026-05-15T01:00:31.819520,noisy,naive,{'bins': 10},27,2,2,0.006636369042098522,5.251116261817515,5.262191594578326,10,15,34,0
2026-05-15T01:00:37.173704,noisy,naive,{'bins': 10},27,3,2,0.006716489791870117,5.313705541193485,5.324771296232939,10,15,34,0
2026-05-15T01:00:42.476491,noisy,naive,{'bins': 10},27,4,2,0.006670825183391571,5.262112496420741,5.2732371827587485,10,15,34,0
2026-05-15T01:00:48.146048,noisy,naive,{'bins': 10},28,0,2,0.006886519491672516,5.626580604352057,5.638034909963608,10,13,32,0
2026-05-15T01:00:53.763245,noisy,naive,{'bins': 10},28,1,2,0.00694475881755352,5.575405946932733,5.586901769973338,10,13,32,0
2026-05-15T01:00:59.483818,noisy,naive,{'bins': 10},28,2,2,0.0076291244477033615,5.67769052926451,5.689879884943366,10,13,32,0
2026-05-15T01:01:05.065795,noisy,naive,{'bins': 10},28,3,2,0.0069531043991446495,5.540339049883187,5.551697304472327,10,13,32,0
2026-05-15T01:01:10.781793,noisy,naive,{'bins': 10},28,4,2,0.006931234151124954,5.674221865832806,5.68570848274976,10,13,32,0
2026-05-15T01:01:16.633513,noisy,naive,{'bins': 10},29,0,2,0.007096963003277779,5.806656123138964,5.818393990397453,10,13,32,0
2026-05-15T01:01:22.475475,noisy,naive,{'bins': 10},29,1,2,0.007055005989968777,5.797793515026569,5.80958370026201,10,13,32,0
2026-05-15T01:01:28.372846,noisy,naive,{'bins': 10},29,2,2,0.007197221741080284,5.853690007701516,5.86559543851763,10,13,32,0
2026-05-15T01:01:34.187884,noisy,naive,{'bins': 10},29,3,2,0.007143751718103886,5.769785000011325,5.78162578959018,10,13,32,0
2026-05-15T01:01:40.043245,noisy,naive,{'bins': 10},29,4,2,0.00717165507376194,5.811285302974284,5.823183191008866,10,13,32,0
2026-05-15T01:01:46.390619,noisy,naive,{'bins': 10},30,0,2,0.0073593370616436005,6.3004570957273245,6.3126380154863,10,13,32,0
2026-05-15T01:01:52.704059,noisy,naive,{'bins': 10},30,1,2,0.007358686067163944,6.267180109396577,6.279369314201176,10,13,32,0
2026-05-15T01:01:59.073867,noisy,naive,{'bins': 10},30,2,2,0.008107932284474373,6.322601608932018,6.3356265518814325,10,13,32,0
2026-05-15T01:02:05.413975,noisy,naive,{'bins': 10},30,3,2,0.007362822070717812,6.293873102404177,6.306139441207051,10,13,32,0
2026-05-15T01:02:11.777679,noisy,naive,{'bins': 10},30,4,2,0.007289345376193523,6.316926833242178,6.329084688797593,10,13,32,0
2026-05-15T01:02:17.516871,noisy,naive,{'bins': 10},31,0,2,0.007607663050293922,5.689828461967409,5.702329942956567,10,17,35,0
2026-05-15T01:02:23.248822,noisy,naive,{'bins': 10},31,1,2,0.007669489830732346,5.682430672459304,5.695028273388743,10,17,35,0
2026-05-15T01:02:29.084875,noisy,naive,{'bins': 10},31,2,2,0.007727758027613163,5.787700449116528,5.800390984863043,10,17,35,0
2026-05-15T01:02:34.803299,noisy,naive,{'bins': 10},31,3,2,0.007624033838510513,5.669616584666073,5.6821497939527035,10,17,35,0
2026-05-15T01:02:40.493144,noisy,naive,{'bins': 10},31,4,2,0.007643420249223709,5.64130477886647,5.653899574652314,10,17,35,0
2026-05-15T01:02:46.661556,noisy,naive,{'bins': 10},32,0,2,0.007943824864923954,6.116303291171789,6.129401342011988,10,17,35,0
2026-05-15T01:02:52.705227,noisy,naive,{'bins': 10},32,1,2,0.007826313376426697,5.9939602073282,6.006809841841459,10,17,35,0
2026-05-15T01:02:58.725492,noisy,naive,{'bins': 10},32,2,2,0.008678382262587547,5.9685082929208875,5.98237950541079,10,17,35,0
2026-05-15T01:03:04.756415,noisy,naive,{'bins': 10},32,3,2,0.007809212431311607,5.980658855289221,5.993655586615205,10,17,35,0
2026-05-15T01:03:10.724614,noisy,naive,{'bins': 10},32,4,2,0.007955505512654781,5.9169884361326694,5.929962383583188,10,17,35,0
2026-05-15T01:03:17.184234,noisy,naive,{'bins': 10},33,0,2,0.008091442286968231,6.404441751539707,6.4178043296560645,10,24,45,0
2026-05-15T01:03:23.659688,noisy,naive,{'bins': 10},33,1,2,0.008172464556992054,6.420886584557593,6.43429758399725,10,24,45,0
2026-05-15T01:03:30.070714,noisy,naive,{'bins': 10},33,2,2,0.008115886710584164,6.357071856036782,6.370427169837058,10,24,45,0
2026-05-15T01:03:36.484124,noisy,naive,{'bins': 10},33,3,2,0.00809375662356615,6.360113807022572,6.373493987135589,10,24,45,0
2026-05-15T01:03:42.873342,noisy,naive,{'bins': 10},33,4,2,0.00821232795715332,6.334653235971928,6.3480728501454,10,24,45,0
2026-05-15T01:03:49.663710,noisy,naive,{'bins': 10},34,0,2,0.008279564790427685,6.732177592813969,6.745941204018891,10,24,45,0
2026-05-15T01:03:56.333756,noisy,naive,{'bins': 10},34,1,2,0.008320772089064121,6.613434019498527,6.627233806997538,10,24,45,0
2026-05-15T01:04:03.020937,noisy,naive,{'bins': 10},34,2,2,0.009159086272120476,6.629868030548096,6.644548082724214,10,24,45,0
2026-05-15T01:04:09.677158,noisy,naive,{'bins': 10},34,3,2,0.008370726369321346,6.59997271373868,6.6138285379856825,10,24,45,0
2026-05-15T01:04:16.439445,noisy,naive,{'bins': 10},34,4,2,0.008428012952208519,6.7063311049714684,6.720157643780112,10,24,45,0
2026-05-15T01:04:23.488074,noisy,naive,{'bins': 10},35,0,2,0.008669416420161724,6.988879002630711,7.0032286224886775,10,24,45,0
2026-05-15T01:04:30.625995,noisy,naive,{'bins': 10},35,1,2,0.00851209182292223,7.079729207791388,7.093811525963247,10,24,45,0
2026-05-15T01:04:37.825207,noisy,naive,{'bins': 10},35,2,2,0.008648657239973545,7.1408711373806,7.155180101282895,10,24,45,0
2026-05-15T01:04:44.944045,noisy,naive,{'bins': 10},35,3,2,0.008587682619690895,7.060919742099941,7.0751126781105995,10,24,45,0
2026-05-15T01:04:51.986453,noisy,naive,{'bins': 10},35,4,2,0.008722055703401566,6.984136365354061,6.998514820821583,10,24,45,0
2026-05-15T01:04:59.590940,noisy,naive,{'bins': 10},36,0,2,0.009585064835846424,7.542401945218444,7.5579081466421485,10,24,45,0
2026-05-15T01:05:07.253177,noisy,naive,{'bins': 10},36,1,2,0.00886882096529007,7.6014517564326525,7.616185077466071,10,24,45,0
2026-05-15T01:05:14.787534,noisy,naive,{'bins': 10},36,2,2,0.008868991397321224,7.4744655061513186,7.489075114950538,10,24,45,0
2026-05-15T01:05:22.336141,noisy,naive,{'bins': 10},36,3,2,0.008868681266903877,7.487606927752495,7.502277570776641,10,24,45,0
2026-05-15T01:05:29.837481,noisy,naive,{'bins': 10},36,4,2,0.008865343406796455,7.440895940177143,7.455529874190688,10,24,45,0
2026-05-15T01:05:38.149228,noisy,naive,{'bins': 10},37,0,2,0.00890938751399517,8.252896722406149,8.26777462568134,10,18,40,0
2026-05-15T01:05:46.355786,noisy,naive,{'bins': 10},37,1,2,0.009121575392782688,8.149195067584515,8.164194718003273,10,18,40,0
2026-05-15T01:05:54.590867,noisy,naive,{'bins': 10},37,2,2,0.009138345718383789,8.176629612222314,8.191651975736022,10,18,40,0
2026-05-15T01:06:02.740954,noisy,naive,{'bins': 10},37,3,2,0.009993152692914009,8.091332913376391,8.10738904774189,10,18,40,0
2026-05-15T01:06:10.910143,noisy,naive,{'bins': 10},37,4,2,0.009162111207842827,8.11154078040272,8.126699740067124,10,18,40,0
2026-05-15T01:06:19.403436,noisy,naive,{'bins': 10},38,0,2,0.009321610443294048,8.43344231043011,8.448794002644718,10,18,40,0
2026-05-15T01:06:28.091827,noisy,naive,{'bins': 10},38,1,2,0.009298807941377163,8.628992703743279,8.644364844076335,10,18,40,0
2026-05-15T01:06:36.671640,noisy,naive,{'bins': 10},38,2,2,0.009454019367694855,8.520249213092029,8.535792785696685,10,18,40,0
2026-05-15T01:06:45.170846,noisy,naive,{'bins': 10},38,3,2,0.009374130517244339,8.439590780995786,8.45502895489335,10,18,40,0
2026-05-15T01:06:53.680428,noisy,naive,{'bins': 10},38,4,2,0.009337510913610458,8.450591553002596,8.466012024320662,10,18,40,0
2026-05-15T01:07:02.611462,noisy,naive,{'bins': 10},39,0,2,0.01025846041738987,8.861281037330627,8.878037245944142,10,24,46,0
2026-05-15T01:07:11.784479,noisy,naive,{'bins': 10},39,1,2,0.009634407237172127,9.106998244300485,9.12291203159839,10,24,46,0
2026-05-15T01:07:20.935595,noisy,naive,{'bins': 10},39,2,2,0.009605294093489647,9.085086364299059,9.100914581678808,10,24,46,0
2026-05-15T01:07:30.028317,noisy,naive,{'bins': 10},39,3,2,0.009595755487680435,9.025040602311492,9.040983914397657,10,24,46,0
2026-05-15T01:07:39.169827,noisy,naive,{'bins': 10},39,4,2,0.009594252333045006,9.0755071984604,9.091393704526126,10,24,46,0
2026-05-15T01:07:48.573765,noisy,naive,{'bins': 10},40,0,2,0.009786203503608704,9.334419859573245,9.350652826949954,10,24,46,0
2026-05-15T01:07:58.024028,noisy,naive,{'bins': 10},40,1,2,0.009822000749409199,9.381787036545575,9.398032217286527,10,24,46,0
2026-05-15T01:08:07.564336,noisy,naive,{'bins': 10},40,2,2,0.010153403505682945,9.470457759685814,9.487021858803928,10,24,46,0
2026-05-15T01:08:16.980120,noisy,naive,{'bins': 10},40,3,2,0.009814275428652763,9.347272475250065,9.363405955024064,10,24,46,0
2026-05-15T01:08:26.386758,noisy,naive,{'bins': 10},40,4,2,0.009909024462103844,9.33763141464442,9.353899877518415,10,24,46,0
2026-05-15T01:08:36.445950,noisy,naive,{'bins': 10},41,0,2,0.010028437711298466,9.987827674485743,10.004438801668584,10,24,46,0
2026-05-15T01:08:46.515859,noisy,naive,{'bins': 10},41,1,2,0.010020171292126179,9.999830669723451,10.01640803180635,10,24,46,0
2026-05-15T01:08:56.327549,noisy,naive,{'bins': 10},41,2,2,0.01012810505926609,9.740811235271394,9.757589605636895,10,24,46,0
2026-05-15T01:09:06.142943,noisy,naive,{'bins': 10},41,3,2,0.010948183946311474,9.743882580660284,9.761512529104948,10,24,46,0
2026-05-15T01:09:15.953042,noisy,naive,{'bins': 10},41,4,2,0.01011144369840622,9.739732757210732,9.75635920278728,10,24,46,0
2026-05-15T01:09:26.322106,noisy,naive,{'bins': 10},42,0,2,0.010362787172198296,10.296166276559234,10.31329155806452,10,24,46,0
2026-05-15T01:09:36.537576,noisy,naive,{'bins': 10},42,1,2,0.0104609290137887,10.14304904639721,10.160213129594922,10,24,46,0
2026-05-15T01:09:46.950703,noisy,naive,{'bins': 10},42,2,2,0.010446563363075256,10.340122047811747,10.357261264696717,10,24,46,0
2026-05-15T01:09:57.221071,noisy,naive,{'bins': 10},42,3,2,0.010465899482369423,10.197091144509614,10.214337192475796,10,24,46,0
2026-05-15T01:10:07.491652,noisy,naive,{'bins': 10},42,4,2,0.011223651468753815,10.140988172031939,10.214786022901535,10,24,46,0
2026-05-15T01:10:18.075912,noisy,naive,{'bins': 10},43,0,2,0.010587346740067005,10.507990835234523,10.52546605374664,10,25,48,0
2026-05-15T01:10:28.823173,noisy,naive,{'bins': 10},43,1,2,0.010630057193338871,10.671975233592093,10.689572271890938,10,25,48,0
2026-05-15T01:10:39.661817,noisy,naive,{'bins': 10},43,2,2,0.01067895907908678,10.76275960355997,10.780388000421226,10,25,48,0
2026-05-15T01:10:50.478379,noisy,naive,{'bins': 10},43,3,2,0.010538814589381218,10.740172837860882,10.757612709887326,10,25,48,0
2026-05-15T01:11:01.090904,noisy,naive,{'bins': 10},43,4,2,0.010698816739022732,10.535888846032321,10.55337140802294,10,25,48,0
2026-05-15T01:11:12.252264,noisy,naive,{'bins': 10},44,0,2,0.01109759509563446,11.082158300094306,11.100402902811766,10,25,48,0
2026-05-15T01:11:23.501122,noisy,naive,{'bins': 10},44,1,2,0.010863235220313072,11.170304507017136,11.188336831517518,10,25,48,0
2026-05-15T01:11:34.814703,noisy,naive,{'bins': 10},44,2,2,0.010977478697896004,11.235524391755462,11.253610135987401,10,25,48,0
2026-05-15T01:11:46.053981,noisy,naive,{'bins': 10},44,3,2,0.010908069089055061,11.16180510725826,11.179794000461698,10,25,48,0
2026-05-15T01:11:57.394216,noisy,naive,{'bins': 10},44,4,2,0.010789877735078335,11.262374558486044,11.280189303681254,10,25,48,0
2026-05-15T01:12:09.219121,noisy,naive,{'bins': 10},45,0,2,0.011357122100889683,11.74412885773927,11.762775615788996,10,25,48,0
2026-05-15T01:12:21.002786,noisy,naive,{'bins': 10},45,1,2,0.011147387325763702,11.70475706923753,11.723213738761842,10,25,48,0
2026-05-15T01:12:32.678469,noisy,naive,{'bins': 10},45,2,2,0.011096954345703125,11.594872334972024,11.61332449875772,10,25,48,0
2026-05-15T01:12:44.413760,noisy,naive,{'bins': 10},45,3,2,0.011171613819897175,11.655149090103805,11.67360962741077,10,25,48,0
2026-05-15T01:12:56.210628,noisy,naive,{'bins': 10},45,4,2,0.011164380237460136,11.71647541411221,11.73491536360234,10,25,48,0
2026-05-15T01:13:07.980925,noisy,naive,{'bins': 10},46,0,2,0.011532160453498363,11.68755644839257,11.706591354683042,10,24,47,0
2026-05-15T01:13:19.957946,noisy,naive,{'bins': 10},46,1,2,0.01135227270424366,11.895964117720723,11.914859001524746,10,24,47,0
2026-05-15T01:13:32.057112,noisy,naive,{'bins': 10},46,2,2,0.011328297667205334,12.018321854062378,12.037020118907094,10,24,47,0
2026-05-15T01:13:43.844099,noisy,naive,{'bins': 10},46,3,2,0.011426311917603016,11.704571486450732,11.723511724732816,10,24,47,0
2026-05-15T01:13:55.701213,noisy,naive,{'bins': 10},46,4,2,0.011377059854567051,11.775733256712556,11.794709403067827,10,24,47,0
2026-05-15T01:14:08.239655,noisy,naive,{'bins': 10},47,0,2,0.011778152547776699,12.449798147194088,12.46922448836267,10,18,39,0
2026-05-15T01:14:20.772918,noisy,naive,{'bins': 10},47,1,2,0.011608152650296688,12.4462744994089,12.465505302883685,10,18,39,0
2026-05-15T01:14:33.483993,noisy,naive,{'bins': 10},47,2,2,0.011630464345216751,12.62362783588469,12.642772157676518,10,18,39,0
2026-05-15T01:14:45.972212,noisy,naive,{'bins': 10},47,3,2,0.011669748462736607,12.401688667945564,12.420994472689927,10,18,39,0
2026-05-15T01:14:58.428476,noisy,naive,{'bins': 10},47,4,2,0.011564752086997032,12.368841988965869,12.388017369434237,10,18,39,0
2026-05-15T01:15:11.331079,noisy,naive,{'bins': 10},48,0,2,0.012042298913002014,12.807656260207295,12.82754008192569,10,17,38,0
2026-05-15T01:15:24.110655,noisy,naive,{'bins': 10},48,1,2,0.011869263835251331,12.685903416015208,12.705422481521964,10,17,38,0
2026-05-15T01:15:37.021187,noisy,naive,{'bins': 10},48,2,2,0.011868190951645374,12.817129362374544,12.836583324708045,10,17,38,0
2026-05-15T01:15:49.871054,noisy,naive,{'bins': 10},48,3,2,0.011782660149037838,12.754774753004313,12.774274442344904,10,17,38,0
2026-05-15T01:16:02.840574,noisy,naive,{'bins': 10},48,4,2,0.011808078736066818,12.875662920996547,12.895201402716339,10,17,38,0
2026-05-15T01:16:16.217269,noisy,naive,{'bins': 10},49,0,2,0.01227471511811018,13.276847234927118,13.297028874978423,10,17,38,0
2026-05-15T01:16:29.608118,noisy,naive,{'bins': 10},49,1,2,0.012141845189034939,13.290121753700078,13.310287513770163,10,17,38,0
2026-05-15T01:16:42.755827,noisy,naive,{'bins': 10},49,2,2,0.01204346027225256,13.049191121943295,13.069272252731025,10,17,38,0
2026-05-15T01:16:56.522979,noisy,naive,{'bins': 10},49,3,2,0.01220713835209608,13.667180482298136,13.687472348101437,10,17,38,0
2026-05-15T01:17:10.021166,noisy,naive,{'bins': 10},49,4,2,0.012372339144349098,13.398762822151184,13.419147854670882,10,17,38,0
2026-05-15T01:17:22.864914,noisy,naive,{'bins': 10},50,0,2,0.01237008348107338,12.7520418073982,12.772653424181044,10,16,34,0
2026-05-15T01:17:35.714927,noisy,naive,{'bins': 10},50,1,2,0.012419176287949085,12.757988959550858,12.778617288917303,10,16,34,0
2026-05-15T01:17:48.777610,noisy,naive,{'bins': 10},50,2,2,0.012435167096555233,12.970586045645177,12.991040627472103,10,16,34,0
2026-05-15T01:18:01.926979,noisy,naive,{'bins': 10},50,3,2,0.012328686192631721,13.05793698783964,13.07844162452966,10,16,34,0
2026-05-15T01:18:14.900473,noisy,naive,{'bins': 10},50,4,2,0.012586159631609917,12.880870996043086,12.901636200957,10,16,34,0
2026-05-15T01:18:14.969258,noisy,sax,"{'w': 144, 'bins': 10}",1,0,2,0.010807670652866364,0.020297948271036148,0.031361659057438374,10,19,27,0
2026-05-15T01:18:15.001764,noisy,sax,"{'w': 144, 'bins': 10}",1,1,2,0.010581064969301224,0.020234709605574608,0.03103394340723753,10,19,27,0
2026-05-15T01:18:15.034437,noisy,sax,"{'w': 144, 'bins': 10}",1,2,2,0.010526834055781364,0.020502622239291668,0.031238739378750324,10,19,27,0
2026-05-15T01:18:15.067194,noisy,sax,"{'w': 144, 'bins': 10}",1,3,2,0.010578269138932228,0.020215903408825397,0.031009778380393982,10,19,27,0
2026-05-15T01:18:15.099767,noisy,sax,"{'w': 144, 'bins': 10}",1,4,2,0.0106010427698493,0.020182250067591667,0.03100488893687725,10,19,27,0
2026-05-15T01:18:15.215726,noisy,sax,"{'w': 144, 'bins': 10}",2,0,2,0.02101440355181694,0.0917823351919651,0.11310339439660311,10,16,31,0
2026-05-15T01:18:15.331327,noisy,sax,"{'w': 144, 'bins': 10}",2,1,2,0.020671389065682888,0.09212561044842005,0.11310880444943905,10,16,31,0
2026-05-15T01:18:15.446677,noisy,sax,"{'w': 144, 'bins': 10}",2,2,2,0.02079643402248621,0.09162921644747257,0.1127357929944992,10,16,31,0
2026-05-15T01:18:15.561910,noisy,sax,"{'w': 144, 'bins': 10}",2,3,2,0.020677651278674603,0.09207790996879339,0.11306985095143318,10,16,31,0
2026-05-15T01:18:15.677060,noisy,sax,"{'w': 144, 'bins': 10}",2,4,2,0.020948569290339947,0.09175145719200373,0.11301406659185886,10,16,31,0
2026-05-15T01:18:15.758697,noisy,sax,"{'w': 144, 'bins': 10}",3,0,2,0.031106511130928993,0.04765560012310743,0.0791211649775505,10,15,24,0
2026-05-15T01:18:15.839989,noisy,sax,"{'w': 144, 'bins': 10}",3,1,2,0.030954355373978615,0.047754716128110886,0.07908163033425808,10,15,24,0
2026-05-15T01:18:15.921389,noisy,sax,"{'w': 144, 'bins': 10}",3,2,2,0.03139028325676918,0.04768935404717922,0.07943782955408096,10,15,24,0
2026-05-15T01:18:16.002992,noisy,sax,"{'w': 144, 'bins': 10}",3,3,2,0.031327164731919765,0.04760314151644707,0.07929247617721558,10,15,24,0
2026-05-15T01:18:16.084069,noisy,sax,"{'w': 144, 'bins': 10}",3,4,2,0.030804974026978016,0.04790888540446758,0.0790841244161129,10,15,24,0
2026-05-15T01:18:16.227920,noisy,sax,"{'w': 144, 'bins': 10}",4,0,2,0.041097698733210564,0.09874037746340036,0.14028034638613462,10,17,29,0
2026-05-15T01:18:16.371326,noisy,sax,"{'w': 144, 'bins': 10}",4,1,2,0.04116634652018547,0.09894691593945026,0.14055227674543858,10,17,29,0
2026-05-15T01:18:16.514439,noisy,sax,"{'w': 144, 'bins': 10}",4,2,2,0.04098119027912617,0.09884659666568041,0.14027389511466026,10,17,29,0
2026-05-15T01:18:16.657792,noisy,sax,"{'w': 144, 'bins': 10}",4,3,2,0.04147758148610592,0.09878567326813936,0.1406971486285329,10,17,29,0
2026-05-15T01:18:16.801667,noisy,sax,"{'w': 144, 'bins': 10}",4,4,2,0.041505313478410244,0.09910085517913103,0.14104238711297512,10,17,29,0
2026-05-15T01:18:17.057715,noisy,sax,"{'w': 144, 'bins': 10}",5,0,2,0.050974251702427864,0.20047164149582386,0.25197550747543573,10,17,41,0
2026-05-15T01:18:17.312757,noisy,sax,"{'w': 144, 'bins': 10}",5,1,2,0.05159179959446192,0.1993571687489748,0.2515037003904581,10,17,41,0
2026-05-15T01:18:17.567929,noisy,sax,"{'w': 144, 'bins': 10}",5,2,2,0.051356807351112366,0.19976249057799578,0.2516449447721243,10,17,41,0
2026-05-15T01:18:17.824291,noisy,sax,"{'w': 144, 'bins': 10}",5,3,2,0.051536726765334606,0.20075627602636814,0.25282339844852686,10,17,41,0
2026-05-15T01:18:18.123862,noisy,sax,"{'w': 144, 'bins': 10}",5,4,2,0.05163165461272001,0.24394224397838116,0.2961068293079734,10,17,41,0
2026-05-15T01:18:18.592632,noisy,sax,"{'w': 144, 'bins': 10}",6,0,2,0.06190480384975672,0.4009377220645547,0.4635500432923436,10,19,44,0
2026-05-15T01:18:19.059716,noisy,sax,"{'w': 144, 'bins': 10}",6,1,2,0.061367934569716454,0.4008002234622836,0.46277393586933613,10,19,44,0
2026-05-15T01:18:19.526653,noisy,sax,"{'w': 144, 'bins': 10}",6,2,2,0.06163451448082924,0.40037560649216175,0.4626201866194606,10,19,44,0
2026-05-15T01:18:19.995596,noisy,sax,"{'w': 144, 'bins': 10}",6,3,2,0.061944846995174885,0.4020692156627774,0.4646176164969802,10,19,44,0
2026-05-15T01:18:20.465649,noisy,sax,"{'w': 144, 'bins': 10}",6,4,2,0.06201216299086809,0.4023505449295044,0.4649799568578601,10,19,44,0
2026-05-15T01:18:21.241143,noisy,sax,"{'w': 144, 'bins': 10}",7,0,2,0.07179804425686598,0.6967840427532792,0.7692743977531791,10,41,83,0
2026-05-15T01:18:21.972315,noisy,sax,"{'w': 144, 'bins': 10}",7,1,2,0.07239293307065964,0.6516791619360447,0.7248014444485307,10,41,83,0
2026-05-15T01:18:22.703527,noisy,sax,"{'w': 144, 'bins': 10}",7,2,2,0.07181721180677414,0.6531132543459535,0.7256388068199158,10,41,83,0
2026-05-15T01:18:23.434218,noisy,sax,"{'w': 144, 'bins': 10}",7,3,2,0.07163704372942448,0.6524501405656338,0.7247876785695553,10,41,83,0
2026-05-15T01:18:24.164143,noisy,sax,"{'w': 144, 'bins': 10}",7,4,2,0.07170071359723806,0.6518995556980371,0.724300604313612,10,41,83,0
2026-05-15T01:18:24.505497,noisy,sax,"{'w': 144, 'bins': 10}",8,0,2,0.08091738726943731,0.2547059431672096,0.33644305914640427,10,27,48,0
2026-05-15T01:18:24.892583,noisy,sax,"{'w': 144, 'bins': 10}",8,1,2,0.0820364085957408,0.300120965577662,0.3828704422339797,10,27,48,0
2026-05-15T01:18:25.232633,noisy,sax,"{'w': 144, 'bins': 10}",8,2,2,0.08216340746730566,0.2526391027495265,0.33553853165358305,10,27,48,0
2026-05-15T01:18:25.572812,noisy,sax,"{'w': 144, 'bins': 10}",8,3,2,0.08188650663942099,0.25330395996570587,0.3358983751386404,10,27,48,0
2026-05-15T01:18:25.914413,noisy,sax,"{'w': 144, 'bins': 10}",8,4,2,0.08158352691680193,0.25487262569367886,0.33716876059770584,10,27,48,0
2026-05-15T01:18:26.344318,noisy,sax,"{'w': 144, 'bins': 10}",9,0,2,0.09173700027167797,0.33227913081645966,0.42480605468153954,10,8,23,0
2026-05-15T01:18:26.773204,noisy,sax,"{'w': 144, 'bins': 10}",9,1,2,0.09159351047128439,0.33213696349412203,0.42450317461043596,10,8,23,0
2026-05-15T01:18:27.203515,noisy,sax,"{'w': 144, 'bins': 10}",9,2,2,0.09298486169427633,0.3321179384365678,0.4258982641622424,10,8,23,0
2026-05-15T01:18:27.633382,noisy,sax,"{'w': 144, 'bins': 10}",9,3,2,0.09213446639478207,0.33270615339279175,0.4256282076239586,10,8,23,0
2026-05-15T01:18:28.108920,noisy,sax,"{'w': 144, 'bins': 10}",9,4,2,0.09205922577530146,0.377968979999423,0.4708272460848093,10,8,23,0
2026-05-15T01:18:28.719403,noisy,sax,"{'w': 144, 'bins': 10}",10,0,2,0.10293349158018827,0.5002464391291142,0.6040705116465688,10,22,44,0
2026-05-15T01:18:29.332935,noisy,sax,"{'w': 144, 'bins': 10}",10,1,2,0.10328966844826937,0.5038196463137865,0.607989177107811,10,22,44,0
2026-05-15T01:18:29.941995,noisy,sax,"{'w': 144, 'bins': 10}",10,2,2,0.10237664449959993,0.5001556184142828,0.6034036483615637,10,22,44,0
2026-05-15T01:18:30.557391,noisy,sax,"{'w': 144, 'bins': 10}",10,3,2,0.10242062713950872,0.5066255237907171,0.6099304119125009,10,22,44,0
2026-05-15T01:18:31.167720,noisy,sax,"{'w': 144, 'bins': 10}",10,4,2,0.10231036134064198,0.5016396129503846,0.6048155091702938,10,22,44,0
2026-05-15T01:18:31.823241,noisy,sax,"{'w': 144, 'bins': 10}",11,0,2,0.11296491418033838,0.5349174402654171,0.6489554680883884,10,28,57,0
2026-05-15T01:18:32.428263,noisy,sax,"{'w': 144, 'bins': 10}",11,1,2,0.11393134854733944,0.4839740367606282,0.5988715989515185,10,28,57,0
2026-05-15T01:18:33.033228,noisy,sax,"{'w': 144, 'bins': 10}",11,2,2,0.11228076927363873,0.48540772777050734,0.5986238140612841,10,28,57,0
2026-05-15T01:18:33.641512,noisy,sax,"{'w': 144, 'bins': 10}",11,3,2,0.11260191258043051,0.4889062065631151,0.6024300493299961,10,28,57,0
2026-05-15T01:18:34.245261,noisy,sax,"{'w': 144, 'bins': 10}",11,4,2,0.11210010945796967,0.4845230486243963,0.5975661780685186,10,28,57,0
2026-05-15T01:18:35.117828,noisy,sax,"{'w': 144, 'bins': 10}",12,0,2,0.12407680600881577,0.7398255905136466,0.8650857573375106,10,26,51,0
2026-05-15T01:18:35.932527,noisy,sax,"{'w': 144, 'bins': 10}",12,1,2,0.12239456735551357,0.6839610878378153,0.8074075905606151,10,26,51,0
2026-05-15T01:18:36.758308,noisy,sax,"{'w': 144, 'bins': 10}",12,2,2,0.12421544641256332,0.6936908150091767,0.818929192610085,10,26,51,0
2026-05-15T01:18:37.574742,noisy,sax,"{'w': 144, 'bins': 10}",12,3,2,0.12413799948990345,0.6843210738152266,0.809497894719243,10,26,51,0
2026-05-15T01:18:38.441146,noisy,sax,"{'w': 144, 'bins': 10}",12,4,2,0.12203247752040625,0.7363700922578573,0.8594423420727253,10,26,51,0
2026-05-15T01:18:39.550375,noisy,sax,"{'w': 144, 'bins': 10}",13,0,2,0.13288599345833063,0.966236581094563,1.1002362156286836,10,31,64,0
2026-05-15T01:18:40.655600,noisy,sax,"{'w': 144, 'bins': 10}",13,1,2,0.13234101049602032,0.9636908620595932,1.0971795674413443,10,31,64,0
2026-05-15T01:18:41.808483,noisy,sax,"{'w': 144, 'bins': 10}",13,2,2,0.13490409310907125,1.0087422411888838,1.1448002308607101,10,31,64,0
2026-05-15T01:18:42.916776,noisy,sax,"{'w': 144, 'bins': 10}",13,3,2,0.13369195722043514,0.9654552340507507,1.1002789856866002,10,31,64,0
2026-05-15T01:18:44.027243,noisy,sax,"{'w': 144, 'bins': 10}",13,4,2,0.132188243791461,0.9692156752571464,1.1025379579514265,10,31,64,0
2026-05-15T01:18:45.063719,noisy,sax,"{'w': 144, 'bins': 10}",14,0,2,0.14414521306753159,0.8828404517844319,1.02813336905092,10,21,47,0
2026-05-15T01:18:46.065899,noisy,sax,"{'w': 144, 'bins': 10}",14,1,2,0.1431426703929901,0.8505498981103301,0.9948519552126527,10,21,47,0
2026-05-15T01:18:47.066467,noisy,sax,"{'w': 144, 'bins': 10}",14,2,2,0.14209407195448875,0.8502518385648727,0.9934753905981779,10,21,47,0
2026-05-15T01:18:48.107839,noisy,sax,"{'w': 144, 'bins': 10}",14,3,2,0.14334516040980816,0.8901814734563231,1.0346788065508008,10,21,47,0
2026-05-15T01:18:49.111544,noisy,sax,"{'w': 144, 'bins': 10}",14,4,2,0.14251824747771025,0.8530433187261224,0.9967300100252032,10,21,47,0
2026-05-15T01:18:50.228055,noisy,sax,"{'w': 144, 'bins': 10}",15,0,2,0.15216184314340353,0.9535499941557646,1.1071472214534879,10,27,51,0
2026-05-15T01:18:51.386699,noisy,sax,"{'w': 144, 'bins': 10}",15,1,2,0.15348072908818722,0.9953389801084995,1.1500828200951219,10,27,51,0
2026-05-15T01:18:52.492006,noisy,sax,"{'w': 144, 'bins': 10}",15,2,2,0.15332541801035404,0.9422885095700622,1.0968803958967328,10,27,51,0
2026-05-15T01:18:53.609571,noisy,sax,"{'w': 144, 'bins': 10}",15,3,2,0.1546854106709361,0.9528660587966442,1.108859034255147,10,27,51,0
2026-05-15T01:18:54.786907,noisy,sax,"{'w': 144, 'bins': 10}",15,4,2,0.1533693904057145,1.0140342880040407,1.1686803549528122,10,27,51,0
2026-05-15T01:18:56.113653,noisy,sax,"{'w': 144, 'bins': 10}",16,0,2,0.16320456564426422,1.1525778034701943,1.3171139089390635,10,17,41,0
2026-05-15T01:18:57.435785,noisy,sax,"{'w': 144, 'bins': 10}",16,1,2,0.16440612077713013,1.1476735156029463,1.313402029685676,10,17,41,0
2026-05-15T01:18:58.805750,noisy,sax,"{'w': 144, 'bins': 10}",16,2,2,0.16390833724290133,1.196221581660211,1.3614553967490792,10,17,41,0
2026-05-15T01:19:00.124278,noisy,sax,"{'w': 144, 'bins': 10}",16,3,2,0.16599417198449373,1.1425210116431117,1.30986787378788,10,17,41,0
2026-05-15T01:19:01.503544,noisy,sax,"{'w': 144, 'bins': 10}",16,4,2,0.1645303936675191,1.2047805292531848,1.3706709267571568,10,17,41,0
2026-05-15T01:19:03.215270,noisy,sax,"{'w': 144, 'bins': 10}",17,0,2,0.17488669697195292,1.5248738136142492,1.7012071767821908,10,26,65,0
2026-05-15T01:19:04.957444,noisy,sax,"{'w': 144, 'bins': 10}",17,1,2,0.17251504492014647,1.557898834347725,1.731853622943163,10,26,65,0
2026-05-15T01:19:06.667711,noisy,sax,"{'w': 144, 'bins': 10}",17,2,2,0.17315242066979408,1.5264252554625273,1.7010123105719686,10,26,65,0
2026-05-15T01:19:08.428613,noisy,sax,"{'w': 144, 'bins': 10}",17,3,2,0.174102115444839,1.576070711016655,1.751594465225935,10,26,65,0
2026-05-15T01:19:10.142993,noisy,sax,"{'w': 144, 'bins': 10}",17,4,2,0.17342908028513193,1.53001962415874,1.7048631301149726,10,26,65,0
2026-05-15T01:19:11.512389,noisy,sax,"{'w': 144, 'bins': 10}",18,0,2,0.18410651665180922,1.1738702589645982,1.3595735542476177,10,9,28,0
2026-05-15T01:19:12.828156,noisy,sax,"{'w': 144, 'bins': 10}",18,1,2,0.18335673958063126,1.1220275275409222,1.3068785620853305,10,9,28,0
2026-05-15T01:19:14.204248,noisy,sax,"{'w': 144, 'bins': 10}",18,2,2,0.18411138653755188,1.1813122304156423,1.366915256716311,10,9,28,0
2026-05-15T01:19:15.518127,noisy,sax,"{'w': 144, 'bins': 10}",18,3,2,0.18244132120162249,1.1207006657496095,1.3046383876353502,10,9,28,0
2026-05-15T01:19:16.841406,noisy,sax,"{'w': 144, 'bins': 10}",18,4,2,0.18618103116750717,1.1264802971854806,1.3141313381493092,10,9,28,0
2026-05-15T01:19:18.485320,noisy,sax,"{'w': 144, 'bins': 10}",19,0,2,0.19642890058457851,1.434524167329073,1.632622743025422,10,36,72,0
2026-05-15T01:19:20.093830,noisy,sax,"{'w': 144, 'bins': 10}",19,1,2,0.19338339380919933,1.4032486993819475,1.598311947658658,10,36,72,0
2026-05-15T01:19:21.741681,noisy,sax,"{'w': 144, 'bins': 10}",19,2,2,0.19325199723243713,1.4420345984399319,1.636933697387576,10,36,72,0
2026-05-15T01:19:23.350977,noisy,sax,"{'w': 144, 'bins': 10}",19,3,2,0.19557224214076996,1.4012584034353495,1.5984871359542012,10,36,72,0
2026-05-15T01:19:24.961771,noisy,sax,"{'w': 144, 'bins': 10}",19,4,2,0.194328217767179,1.4045227225869894,1.6004910487681627,10,36,72,0
2026-05-15T01:19:26.771984,noisy,sax,"{'w': 144, 'bins': 10}",20,0,2,0.20417473278939724,1.5921208141371608,1.798041334375739,10,33,74,0
2026-05-15T01:19:28.575476,noisy,sax,"{'w': 144, 'bins': 10}",20,1,2,0.2048553815111518,1.5859118569642305,1.7925230655819178,10,33,74,0
2026-05-15T01:19:30.338584,noisy,sax,"{'w': 144, 'bins': 10}",20,2,2,0.20559739414602518,1.5449543530121446,1.7523417081683874,10,33,74,0
2026-05-15T01:19:32.168021,noisy,sax,"{'w': 144, 'bins': 10}",20,3,2,0.20563512668013573,1.6111583365127444,1.8185882614925504,10,33,74,0
2026-05-15T01:19:33.922982,noisy,sax,"{'w': 144, 'bins': 10}",20,4,2,0.2045866958796978,1.5376790445297956,1.7440176606178284,10,33,74,0
2026-05-15T01:19:35.667190,noisy,sax,"{'w': 144, 'bins': 10}",21,0,2,0.21387289091944695,1.5160122755914927,1.7317184088751674,10,34,67,0
2026-05-15T01:19:37.390276,noisy,sax,"{'w': 144, 'bins': 10}",21,1,2,0.21553154569119215,1.493729400448501,1.7111297948285937,10,34,67,0
2026-05-15T01:19:39.154239,noisy,sax,"{'w': 144, 'bins': 10}",21,2,2,0.21601504366844893,1.5342072360217571,1.7520500412210822,10,34,67,0
2026-05-15T01:19:40.872483,noisy,sax,"{'w': 144, 'bins': 10}",21,3,2,0.21493399236351252,1.4895233949646354,1.7062913803383708,10,34,67,0
2026-05-15T01:19:42.627854,noisy,sax,"{'w': 144, 'bins': 10}",21,4,2,0.21461236011236906,1.5268447631970048,1.7433045720681548,10,34,67,0
2026-05-15T01:19:44.622702,noisy,sax,"{'w': 144, 'bins': 10}",22,0,2,0.2257201336324215,1.754469652660191,1.9820852745324373,10,30,64,0
2026-05-15T01:19:46.656255,noisy,sax,"{'w': 144, 'bins': 10}",22,1,2,0.22358112782239914,1.7963922685012221,2.0218968177214265,10,30,64,0
2026-05-15T01:19:48.629879,noisy,sax,"{'w': 144, 'bins': 10}",22,2,2,0.22711008228361607,1.7326710373163223,1.961682709865272,10,30,64,0
2026-05-15T01:19:50.673113,noisy,sax,"{'w': 144, 'bins': 10}",22,3,2,0.22641235310584307,1.8030056962743402,2.031321662478149,10,30,64,0
2026-05-15T01:19:52.653727,noisy,sax,"{'w': 144, 'bins': 10}",22,4,2,0.22492052149027586,1.7418012488633394,1.9686634158715606,10,30,64,0
2026-05-15T01:19:54.862786,noisy,sax,"{'w': 144, 'bins': 10}",23,0,2,0.238178844563663,1.9556326605379581,2.1958278408274055,10,30,62,0
2026-05-15T01:19:56.986966,noisy,sax,"{'w': 144, 'bins': 10}",23,1,2,0.235481689684093,1.8743120282888412,2.1118108248338103,10,30,62,0
2026-05-15T01:19:59.209938,noisy,sax,"{'w': 144, 'bins': 10}",23,2,2,0.2342031104490161,1.9744515921920538,2.2106220964342356,10,30,62,0
2026-05-15T01:20:01.345389,noisy,sax,"{'w': 144, 'bins': 10}",23,3,2,0.23467274196445942,1.8863938199356198,2.1230558464303613,10,30,62,0
2026-05-15T01:20:03.563938,noisy,sax,"{'w': 144, 'bins': 10}",23,4,2,0.23527631536126137,1.9687933595851064,2.2060335017740726,10,30,62,0
2026-05-15T01:20:05.863144,noisy,sax,"{'w': 144, 'bins': 10}",24,0,2,0.2464203266426921,2.0370559580624104,2.285595653578639,10,32,70,0
2026-05-15T01:20:08.096798,noisy,sax,"{'w': 144, 'bins': 10}",24,1,2,0.24596912879496813,1.9723622808232903,2.220410032197833,10,32,70,0
2026-05-15T01:20:10.424458,noisy,sax,"{'w': 144, 'bins': 10}",24,2,2,0.2474476946517825,2.0650236140936613,2.3145768623799086,10,32,70,0
2026-05-15T01:20:12.714165,noisy,sax,"{'w': 144, 'bins': 10}",24,3,2,0.2487907474860549,2.025123023428023,2.2760714516043663,10,32,70,0
2026-05-15T01:20:14.951468,noisy,sax,"{'w': 144, 'bins': 10}",24,4,2,0.2474036617204547,1.974403933621943,2.2238672534003854,10,32,70,0
2026-05-15T01:20:17.679647,noisy,sax,"{'w': 144, 'bins': 10}",25,0,2,0.257079167291522,2.4542729519307613,2.713555687107146,10,11,34,0
2026-05-15T01:20:20.440413,noisy,sax,"{'w': 144, 'bins': 10}",25,1,2,0.25729348976165056,2.4870703583583236,2.7465872522443533,10,11,34,0
2026-05-15T01:20:23.179388,noisy,sax,"{'w': 144, 'bins': 10}",25,2,2,0.2580269072204828,2.464285269379616,2.7245889706537127,10,11,34,0
2026-05-15T01:20:25.863579,noisy,sax,"{'w': 144, 'bins': 10}",25,3,2,0.26085672061890364,2.4070528000593185,2.6700981091707945,10,11,34,0
2026-05-15T01:20:28.594090,noisy,sax,"{'w': 144, 'bins': 10}",25,4,2,0.25954754278063774,2.4545906791463494,2.716320177540183,10,11,34,0
2026-05-15T01:20:30.700715,noisy,sax,"{'w': 144, 'bins': 10}",26,0,2,0.26923841517418623,1.8219257360324264,2.0934123722836375,10,28,62,0
2026-05-15T01:20:32.763676,noisy,sax,"{'w': 144, 'bins': 10}",26,1,2,0.2667479207739234,1.7809928255155683,2.049951617605984,10,28,62,0
2026-05-15T01:20:34.913274,noisy,sax,"{'w': 144, 'bins': 10}",26,2,2,0.2675184765830636,1.8669019052758813,2.1367153404280543,10,28,62,0
2026-05-15T01:20:37.030110,noisy,sax,"{'w': 144, 'bins': 10}",26,3,2,0.26726660411804914,1.8343233512714505,2.1037930715829134,10,28,62,0
2026-05-15T01:20:39.148891,noisy,sax,"{'w': 144, 'bins': 10}",26,4,2,0.2700811866670847,1.833280734717846,2.105573372915387,10,28,62,0
2026-05-15T01:20:41.464964,noisy,sax,"{'w': 144, 'bins': 10}",27,0,2,0.28011824283748865,2.0181568348780274,2.30053916759789,10,41,84,0
2026-05-15T01:20:43.828685,noisy,sax,"{'w': 144, 'bins': 10}",27,1,2,0.2759893499314785,2.0706653064116836,2.3489892100915313,10,41,84,0
2026-05-15T01:20:46.173799,noisy,sax,"{'w': 144, 'bins': 10}",27,2,2,0.27786500193178654,2.050031056627631,2.3302317932248116,10,41,84,0
2026-05-15T01:20:48.485942,noisy,sax,"{'w': 144, 'bins': 10}",27,3,2,0.2759315110743046,2.0186080606654286,2.2968639275059104,10,41,84,0
2026-05-15T01:20:50.829524,noisy,sax,"{'w': 144, 'bins': 10}",27,4,2,0.27641218435019255,2.0501573123037815,2.32895546592772,10,41,84,0
2026-05-15T01:20:53.222948,noisy,sax,"{'w': 144, 'bins': 10}",28,0,2,0.28740622475743294,2.0880983350798488,2.377874850295484,10,22,50,0
2026-05-15T01:20:55.598514,noisy,sax,"{'w': 144, 'bins': 10}",28,1,2,0.286904682405293,2.071736667305231,2.361106127500534,10,22,50,0
2026-05-15T01:20:57.982959,noisy,sax,"{'w': 144, 'bins': 10}",28,2,2,0.289198849350214,2.0782302264124155,2.3698506634682417,10,22,50,0
2026-05-15T01:21:00.319474,noisy,sax,"{'w': 144, 'bins': 10}",28,3,2,0.28781887888908386,2.031146933324635,2.3213721700012684,10,22,50,0
2026-05-15T01:21:02.734229,noisy,sax,"{'w': 144, 'bins': 10}",28,4,2,0.2866627490147948,2.111042721197009,2.400156321004033,10,22,50,0
2026-05-15T01:21:05.389621,noisy,sax,"{'w': 144, 'bins': 10}",29,0,2,0.2971751755103469,2.335140308365226,2.6348399333655834,10,31,67,0
2026-05-15T01:21:08.063201,noisy,sax,"{'w': 144, 'bins': 10}",29,1,2,0.2956231813877821,2.359826515428722,2.6579997343942523,10,31,67,0
2026-05-15T01:21:10.687270,noisy,sax,"{'w': 144, 'bins': 10}",29,2,2,0.29782246984541416,2.30748285446316,2.607817430049181,10,31,67,0
2026-05-15T01:21:13.330215,noisy,sax,"{'w': 144, 'bins': 10}",29,3,2,0.2984168855473399,2.3264361759647727,2.6274110451340675,10,31,67,0
2026-05-15T01:21:16.008337,noisy,sax,"{'w': 144, 'bins': 10}",29,4,2,0.29873283859342337,2.361075279302895,2.6623509218916297,10,31,67,0
2026-05-15T01:21:18.695882,noisy,sax,"{'w': 144, 'bins': 10}",30,0,2,0.30655228067189455,2.361759524792433,2.6709226658567786,10,28,65,0
2026-05-15T01:21:21.363756,noisy,sax,"{'w': 144, 'bins': 10}",30,1,2,0.30796762742102146,2.341339997947216,2.6518840212374926,10,28,65,0
2026-05-15T01:21:24.045135,noisy,sax,"{'w': 144, 'bins': 10}",30,2,2,0.3093679454177618,2.3530438700690866,2.6650942526757717,10,28,65,0
2026-05-15T01:21:26.789079,noisy,sax,"{'w': 144, 'bins': 10}",30,3,2,0.31038509495556355,2.414724251255393,2.727725338190794,10,28,65,0
2026-05-15T01:21:29.476552,noisy,sax,"{'w': 144, 'bins': 10}",30,4,2,0.3065443355590105,2.3619144037365913,2.6710319500416517,10,28,65,0
2026-05-15T01:21:32.215500,noisy,sax,"{'w': 144, 'bins': 10}",31,0,2,0.32090855203568935,2.397088631056249,2.7206067219376564,10,28,59,0
2026-05-15T01:21:34.996511,noisy,sax,"{'w': 144, 'bins': 10}",31,1,2,0.31755100935697556,2.443537444807589,2.7638463620096445,10,28,59,0
2026-05-15T01:21:37.818286,noisy,sax,"{'w': 144, 'bins': 10}",31,2,2,0.31703460961580276,2.4846298629418015,2.804335276596248,10,28,59,0
2026-05-15T01:21:40.633003,noisy,sax,"{'w': 144, 'bins': 10}",31,3,2,0.31989614199846983,2.4746831990778446,2.797257177531719,10,28,59,0
2026-05-15T01:21:43.450442,noisy,sax,"{'w': 144, 'bins': 10}",31,4,2,0.3208546210080385,2.4764380734413862,2.799922372214496,10,28,59,0
2026-05-15T01:21:46.554333,noisy,sax,"{'w': 144, 'bins': 10}",32,0,2,0.3260207111015916,2.7554273260757327,3.084178963676095,10,49,91,0
2026-05-15T01:21:49.669097,noisy,sax,"{'w': 144, 'bins': 10}",32,1,2,0.331491831690073,2.762082600966096,3.0963424583896995,10,49,91,0
2026-05-15T01:21:52.836015,noisy,sax,"{'w': 144, 'bins': 10}",32,2,2,0.32663518469780684,2.8190901270136237,3.14846046641469,10,49,91,0
2026-05-15T01:21:55.989717,noisy,sax,"{'w': 144, 'bins': 10}",32,3,2,0.333468752913177,2.7984625613316894,3.134772407822311,10,49,91,0
2026-05-15T01:21:59.098210,noisy,sax,"{'w': 144, 'bins': 10}",32,4,2,0.3274038676172495,2.759851399809122,3.0900604045018554,10,49,91,0
2026-05-15T01:22:02.754416,noisy,sax,"{'w': 144, 'bins': 10}",33,0,2,0.3376091970130801,3.297371445223689,3.6378185702487826,10,11,40,0
2026-05-15T01:22:06.431292,noisy,sax,"{'w': 144, 'bins': 10}",33,1,2,0.3379527013748884,3.3182193655520678,3.6590131213888526,10,11,40,0
2026-05-15T01:22:10.034669,noisy,sax,"{'w': 144, 'bins': 10}",33,2,2,0.3357041394338012,3.247149827890098,3.5856812857091427,10,11,40,0
2026-05-15T01:22:13.709875,noisy,sax,"{'w': 144, 'bins': 10}",33,3,2,0.3347483053803444,3.3198282960802317,3.657362001016736,10,11,40,0
2026-05-15T01:22:17.311740,noisy,sax,"{'w': 144, 'bins': 10}",33,4,2,0.3381779342889786,3.2432222049683332,3.5843008244410157,10,11,40,0
2026-05-15T01:22:21.398720,noisy,sax,"{'w': 144, 'bins': 10}",34,0,2,0.3521615080535412,3.712589076720178,4.067683259025216,10,35,78,0
2026-05-15T01:22:25.549701,noisy,sax,"{'w': 144, 'bins': 10}",34,1,2,0.351025203242898,3.7785742077976465,4.132561132311821,10,35,78,0
2026-05-15T01:22:29.712708,noisy,sax,"{'w': 144, 'bins': 10}",34,2,2,0.3526606336236,3.7889096215367317,4.144520765170455,10,35,78,0
2026-05-15T01:22:33.835738,noisy,sax,"{'w': 144, 'bins': 10}",34,3,2,0.35122787579894066,3.7500447649508715,4.104206037707627,10,35,78,0
2026-05-15T01:22:37.960906,noisy,sax,"{'w': 144, 'bins': 10}",34,4,2,0.3505945950746536,3.7529814494773746,4.106551210395992,10,35,78,0
2026-05-15T01:22:41.816968,noisy,sax,"{'w': 144, 'bins': 10}",35,0,2,0.36077586002647877,3.4722598642110825,3.8360215416178107,10,23,51,0
2026-05-15T01:22:45.529240,noisy,sax,"{'w': 144, 'bins': 10}",35,1,2,0.35945696476846933,3.330218894407153,3.6926715932786465,10,23,51,0
2026-05-15T01:22:49.255692,noisy,sax,"{'w': 144, 'bins': 10}",35,2,2,0.35545264557003975,3.3486557258293033,3.7071630163118243,10,23,51,0
2026-05-15T01:22:53.032475,noisy,sax,"{'w': 144, 'bins': 10}",35,3,2,0.3586753271520138,3.3956703832373023,3.757352645508945,10,23,51,0
2026-05-15T01:22:56.839289,noisy,sax,"{'w': 144, 'bins': 10}",35,4,2,0.36200161278247833,3.4219781029969454,3.78709458373487,10,23,51,0
2026-05-15T01:23:00.878817,noisy,sax,"{'w': 144, 'bins': 10}",36,0,2,0.3678037254139781,3.6474057575687766,4.018283714540303,10,31,65,0
2026-05-15T01:23:04.914215,noisy,sax,"{'w': 144, 'bins': 10}",36,1,2,0.36656124144792557,3.6451671235263348,4.014824608340859,10,31,65,0
2026-05-15T01:23:09.047631,noisy,sax,"{'w': 144, 'bins': 10}",36,2,2,0.36753361858427525,3.7420994779095054,4.112785925157368,10,31,65,0
2026-05-15T01:23:13.114460,noisy,sax,"{'w': 144, 'bins': 10}",36,3,2,0.37015259359031916,3.6726446310058236,4.045897806994617,10,31,65,0
2026-05-15T01:23:17.209233,noisy,sax,"{'w': 144, 'bins': 10}",36,4,2,0.3683720910921693,3.7015622621402144,4.073162404820323,10,31,65,0
2026-05-15T01:23:21.521604,noisy,sax,"{'w': 144, 'bins': 10}",37,0,2,0.3799633225426078,3.909068630076945,4.292141631245613,10,28,63,0
2026-05-15T01:23:25.837546,noisy,sax,"{'w': 144, 'bins': 10}",37,1,2,0.37758977711200714,3.9150971062481403,4.2958351848647,10,28,63,0
2026-05-15T01:23:30.198099,noisy,sax,"{'w': 144, 'bins': 10}",37,2,2,0.3779485207051039,3.959877028129995,4.3409254383295774,10,28,63,0
2026-05-15T01:23:34.445530,noisy,sax,"{'w': 144, 'bins': 10}",37,3,2,0.3776139114052057,3.8470965903252363,4.2279256684705615,10,28,63,0
2026-05-15T01:23:38.728084,noisy,sax,"{'w': 144, 'bins': 10}",37,4,2,0.3753145756199956,3.8847220800817013,4.26322587300092,10,28,63,0
2026-05-15T01:23:42.771805,noisy,sax,"{'w': 144, 'bins': 10}",38,0,2,0.38763146940618753,3.6311192587018013,4.022010467946529,10,34,74,0
2026-05-15T01:23:46.870637,noisy,sax,"{'w': 144, 'bins': 10}",38,1,2,0.390688999556005,3.6835328210145235,4.077467614784837,10,34,74,0
2026-05-15T01:23:50.854124,noisy,sax,"{'w': 144, 'bins': 10}",38,2,2,0.38828118052333593,3.5709440940991044,3.9625265523791313,10,34,74,0
2026-05-15T01:23:54.885644,noisy,sax,"{'w': 144, 'bins': 10}",38,3,2,0.3894017832353711,3.6177173079922795,4.010358612984419,10,34,74,0
2026-05-15T01:23:58.921025,noisy,sax,"{'w': 144, 'bins': 10}",38,4,2,0.39308450650423765,3.6176104256883264,4.014076561667025,10,34,74,0
2026-05-15T01:24:03.085187,noisy,sax,"{'w': 144, 'bins': 10}",39,0,2,0.40304300282150507,3.7351551186293364,4.141648028045893,10,40,81,0
2026-05-15T01:24:07.263613,noisy,sax,"{'w': 144, 'bins': 10}",39,1,2,0.40232201013714075,3.75066682882607,4.156318659894168,10,40,81,0
2026-05-15T01:24:11.486041,noisy,sax,"{'w': 144, 'bins': 10}",39,2,2,0.4036452956497669,3.793137103319168,4.200141876004636,10,40,81,0
2026-05-15T01:24:15.629814,noisy,sax,"{'w': 144, 'bins': 10}",39,3,2,0.39618964679539204,3.7221289006993175,4.121683195233345,10,40,81,0
2026-05-15T01:24:19.861507,noisy,sax,"{'w': 144, 'bins': 10}",39,4,2,0.3998865159228444,3.806135457009077,4.209470609202981,10,40,81,0
2026-05-15T01:24:24.580008,noisy,sax,"{'w': 144, 'bins': 10}",40,0,2,0.4111904203891754,4.280633302405477,4.695195832289755,10,17,49,0
2026-05-15T01:24:29.312066,noisy,sax,"{'w': 144, 'bins': 10}",40,1,2,0.40812949277460575,4.2980739222839475,4.709614017978311,10,17,49,0
2026-05-15T01:24:33.975314,noisy,sax,"{'w': 144, 'bins': 10}",40,2,2,0.40877717081457376,4.228793449699879,4.641076663509011,10,17,49,0
2026-05-15T01:24:38.742983,noisy,sax,"{'w': 144, 'bins': 10}",40,3,2,0.409719449467957,4.331997143104672,4.745174325071275,10,17,49,0
2026-05-15T01:24:43.507257,noisy,sax,"{'w': 144, 'bins': 10}",40,4,2,0.4129189373925328,4.325450791046023,4.741800590418279,10,17,49,0
2026-05-15T01:24:48.160118,noisy,sax,"{'w': 144, 'bins': 10}",41,0,2,0.4198546502739191,4.205706435255706,4.6291548032313585,10,45,91,0
2026-05-15T01:24:52.771570,noisy,sax,"{'w': 144, 'bins': 10}",41,1,2,0.4164251387119293,4.168494733050466,4.588480217382312,10,45,91,0
2026-05-15T01:24:57.460614,noisy,sax,"{'w': 144, 'bins': 10}",41,2,2,0.42194041702896357,4.239775716327131,4.665336871519685,10,45,91,0
2026-05-15T01:25:02.108586,noisy,sax,"{'w': 144, 'bins': 10}",41,3,2,0.4169885590672493,4.204105096869171,4.62454139906913,10,45,91,0
2026-05-15T01:25:06.714584,noisy,sax,"{'w': 144, 'bins': 10}",41,4,2,0.4187686098739505,4.159051848575473,4.581289563328028,10,45,91,0
2026-05-15T01:25:11.440225,noisy,sax,"{'w': 144, 'bins': 10}",42,0,2,0.42861734330654144,4.267980942502618,4.700148481875658,10,18,45,0
2026-05-15T01:25:16.177884,noisy,sax,"{'w': 144, 'bins': 10}",42,1,2,0.42864688858389854,4.280881186015904,4.713084141723812,10,18,45,0
2026-05-15T01:25:20.965674,noisy,sax,"{'w': 144, 'bins': 10}",42,2,2,0.43331256974488497,4.326350231654942,4.763364621438086,10,18,45,0
2026-05-15T01:25:25.638539,noisy,sax,"{'w': 144, 'bins': 10}",42,3,2,0.4285174859687686,4.216405819170177,4.648544454015791,10,18,45,0
2026-05-15T01:25:30.362118,noisy,sax,"{'w': 144, 'bins': 10}",42,4,2,0.42773830238729715,4.268318833783269,4.699617501348257,10,18,45,0
2026-05-15T01:25:35.724696,noisy,sax,"{'w': 144, 'bins': 10}",43,0,2,0.4375241780653596,4.896097078919411,5.33723990060389,10,38,85,0
2026-05-15T01:25:41.093223,noisy,sax,"{'w': 144, 'bins': 10}",43,1,2,0.4400547184050083,4.900312422774732,5.344087798148394,10,38,85,0
2026-05-15T01:25:46.532569,noisy,sax,"{'w': 144, 'bins': 10}",43,2,2,0.4372595399618149,4.973467404022813,5.414377989247441,10,38,85,0
2026-05-15T01:25:51.923076,noisy,sax,"{'w': 144, 'bins': 10}",43,3,2,0.4419905040413141,4.91880008392036,5.364449759013951,10,38,85,0
2026-05-15T01:25:57.415163,noisy,sax,"{'w': 144, 'bins': 10}",43,4,2,0.4474773555994034,5.015609952621162,5.4673337414860725,10,38,85,0
2026-05-15T01:26:02.891551,noisy,sax,"{'w': 144, 'bins': 10}",44,0,2,0.4519351441413164,4.996200456283987,5.451874702237546,10,18,56,0
2026-05-15T01:26:08.359276,noisy,sax,"{'w': 144, 'bins': 10}",44,1,2,0.45067407842725515,4.988994162529707,5.4434774639084935,10,18,56,0
2026-05-15T01:26:13.859285,noisy,sax,"{'w': 144, 'bins': 10}",44,2,2,0.45170922204852104,5.020457539707422,5.476118993014097,10,18,56,0
2026-05-15T01:26:19.304345,noisy,sax,"{'w': 144, 'bins': 10}",44,3,2,0.44931829161942005,4.967495271936059,5.420566820539534,10,18,56,0
2026-05-15T01:26:24.780245,noisy,sax,"{'w': 144, 'bins': 10}",44,4,2,0.44984061270952225,4.99829831905663,5.451887610368431,10,18,56,0
2026-05-15T01:26:30.346763,noisy,sax,"{'w': 144, 'bins': 10}",45,0,2,0.46190456487238407,5.073083822615445,5.538929548114538,10,10,40,0
2026-05-15T01:26:35.875606,noisy,sax,"{'w': 144, 'bins': 10}",45,1,2,0.46156502701342106,5.036908865906298,5.502368966117501,10,10,40,0
2026-05-15T01:26:41.414733,noisy,sax,"{'w': 144, 'bins': 10}",45,2,2,0.461440603248775,5.047030659392476,5.512342842295766,10,10,40,0
2026-05-15T01:26:46.984782,noisy,sax,"{'w': 144, 'bins': 10}",45,3,2,0.46631472557783127,5.073702841065824,5.543945401906967,10,10,40,0
2026-05-15T01:26:52.511441,noisy,sax,"{'w': 144, 'bins': 10}",45,4,2,0.4638674007728696,5.032740084454417,5.500439900904894,10,10,40,0
2026-05-15T01:26:58.379551,noisy,sax,"{'w': 144, 'bins': 10}",46,0,2,0.4740692861378193,5.360655375756323,5.838844017125666,10,27,65,0
2026-05-15T01:27:04.257781,noisy,sax,"{'w': 144, 'bins': 10}",46,1,2,0.47110261488705873,5.375109676271677,5.850263528525829,10,27,65,0
2026-05-15T01:27:10.131494,noisy,sax,"{'w': 144, 'bins': 10}",46,2,2,0.4681974099949002,5.373793642967939,5.845868183299899,10,27,65,0
2026-05-15T01:27:16.063108,noisy,sax,"{'w': 144, 'bins': 10}",46,3,2,0.4676283011212945,5.432481910102069,5.90411601215601,10,27,65,0
2026-05-15T01:27:21.986108,noisy,sax,"{'w': 144, 'bins': 10}",46,4,2,0.4758137511089444,5.415384133346379,5.895249572582543,10,27,65,0
2026-05-15T01:27:27.777019,noisy,sax,"{'w': 144, 'bins': 10}",47,0,2,0.4791731294244528,5.277579567395151,5.760805876925588,10,15,41,0
2026-05-15T01:27:33.510765,noisy,sax,"{'w': 144, 'bins': 10}",47,1,2,0.48186061438173056,5.218544005416334,5.704306306317449,10,15,41,0
2026-05-15T01:27:39.289529,noisy,sax,"{'w': 144, 'bins': 10}",47,2,2,0.4860935313627124,5.258364765904844,5.748571560718119,10,15,41,0
2026-05-15T01:27:45.113650,noisy,sax,"{'w': 144, 'bins': 10}",47,3,2,0.47874586656689644,5.311290582641959,5.793939728289843,10,15,41,0
2026-05-15T01:27:50.967096,noisy,sax,"{'w': 144, 'bins': 10}",47,4,2,0.4861889807507396,5.333633234724402,5.823875105008483,10,15,41,0
2026-05-15T01:27:57.320546,noisy,sax,"{'w': 144, 'bins': 10}",48,0,2,0.49067465402185917,5.8279888071119785,6.322769140824676,10,13,38,0
2026-05-15T01:28:03.546843,noisy,sax,"{'w': 144, 'bins': 10}",48,1,2,0.48808176442980766,5.704042051918805,6.196246528998017,10,13,38,0
2026-05-15T01:28:09.777848,noisy,sax,"{'w': 144, 'bins': 10}",48,2,2,0.487926353700459,5.708882238715887,6.200867953710258,10,13,38,0
2026-05-15T01:28:16.104621,noisy,sax,"{'w': 144, 'bins': 10}",48,3,2,0.488426161929965,5.803496181964874,6.295960456132889,10,13,38,0
2026-05-15T01:28:22.360399,noisy,sax,"{'w': 144, 'bins': 10}",48,4,2,0.4910173863172531,5.730708288028836,6.225770368240774,10,13,38,0
2026-05-15T01:28:29.140419,noisy,sax,"{'w': 144, 'bins': 10}",49,0,2,0.5082748821005225,6.234769064933062,6.747188539244235,10,30,66,0
2026-05-15T01:28:35.830170,noisy,sax,"{'w': 144, 'bins': 10}",49,1,2,0.5003759386017919,6.153399746865034,6.658140131272376,10,30,66,0
2026-05-15T01:28:42.624280,noisy,sax,"{'w': 144, 'bins': 10}",49,2,2,0.5008494276553392,6.256735225208104,6.761882012709975,10,30,66,0
2026-05-15T01:28:49.367913,noisy,sax,"{'w': 144, 'bins': 10}",49,3,2,0.5052479570731521,6.201624674722552,6.711191621609032,10,30,66,0
2026-05-15T01:28:56.245352,noisy,sax,"{'w': 144, 'bins': 10}",49,4,2,0.5042432015761733,6.337430131621659,6.845816331915557,10,30,66,0
2026-05-15T01:29:02.918663,noisy,sax,"{'w': 144, 'bins': 10}",50,0,2,0.51848020311445,6.117614375427365,6.640422344207764,10,35,73,0
2026-05-15T01:29:09.569028,noisy,sax,"{'w': 144, 'bins': 10}",50,1,2,0.5114355739206076,6.102297123521566,6.618103574030101,10,35,73,0
2026-05-15T01:29:16.202110,noisy,sax,"{'w': 144, 'bins': 10}",50,2,2,0.5075459321960807,6.089385004714131,6.601407362148166,10,35,73,0
2026-05-15T01:29:22.968360,noisy,sax,"{'w': 144, 'bins': 10}",50,3,2,0.5150522654876113,6.214419588446617,6.7339018024504185,10,35,73,0
2026-05-15T01:29:29.617394,noisy,sax,"{'w': 144, 'bins': 10}",50,4,2,0.513489231467247,6.099282845854759,6.617172810249031,10,35,73,0
2026-05-15T01:29:30.049959,noisy,persist,{'bins': 11},1,0,2,0.2681623036041856,0.11905135028064251,0.3875683806836605,10,50,70,0
2026-05-15T01:29:30.441597,noisy,persist,{'bins': 11},1,1,2,0.26868010591715574,0.11994743347167969,0.38893987610936165,10,50,70,0
2026-05-15T01:29:30.835776,noisy,persist,{'bins': 11},1,2,2,0.2697887886315584,0.12104292027652264,0.39115351252257824,10,50,70,0
2026-05-15T01:29:31.228521,noisy,persist,{'bins': 11},1,3,2,0.2700283583253622,0.119644895195961,0.39000498596578836,10,50,70,0
2026-05-15T01:29:31.620872,noisy,persist,{'bins': 11},1,4,2,0.26998590864241123,0.11939148046076298,0.3897032104432583,10,50,70,0
2026-05-15T01:29:32.045005,noisy,persist,{'bins': 11},2,0,2,0.28457589261233807,0.13567721843719482,0.4206594545394182,10,51,75,0
2026-05-15T01:29:32.468721,noisy,persist,{'bins': 11},2,1,2,0.2847271477803588,0.13575329165905714,0.42088889610022306,10,51,75,0
2026-05-15T01:29:32.893501,noisy,persist,{'bins': 11},2,2,2,0.2860317472368479,0.13564786408096552,0.42208859883248806,10,51,75,0
2026-05-15T01:29:33.315035,noisy,persist,{'bins': 11},2,3,2,0.28346226271241903,0.1352295484393835,0.4191022217273712,10,51,75,0
2026-05-15T01:29:33.737909,noisy,persist,{'bins': 11},2,4,2,0.2841392941772938,0.13551440369337797,0.42005868814885616,10,51,75,0
2026-05-15T01:29:34.665421,noisy,persist,{'bins': 11},3,0,2,0.2673167958855629,0.6531070293858647,0.9210797958076,10,60,98,0
2026-05-15T01:29:35.601671,noisy,persist,{'bins': 11},3,1,2,0.26659365836530924,0.6632467983290553,0.930480076931417,10,60,98,0
2026-05-15T01:29:36.580666,noisy,persist,{'bins': 11},3,2,2,0.26578151248395443,0.7023490285500884,0.9687572782859206,10,60,98,0
2026-05-15T01:29:37.503667,noisy,persist,{'bins': 11},3,3,2,0.2647436549887061,0.6517104264348745,0.917113178409636,10,60,98,0
2026-05-15T01:29:38.432099,noisy,persist,{'bins': 11},3,4,2,0.2650045044720173,0.6570216193795204,0.9226502655074,10,60,98,0
2026-05-15T01:29:39.305861,noisy,persist,{'bins': 11},4,0,2,0.2875724006444216,0.5793547742068768,0.8676881240680814,10,18,41,0
2026-05-15T01:29:40.177620,noisy,persist,{'bins': 11},4,1,2,0.2871819967404008,0.5784624787047505,0.8664160445332527,10,18,41,0
2026-05-15T01:29:41.098258,noisy,persist,{'bins': 11},4,2,2,0.2883834224194288,0.6260303361341357,0.9151643682271242,10,18,41,0
2026-05-15T01:29:41.965607,noisy,persist,{'bins': 11},4,3,2,0.287806348875165,0.5731003312394023,0.8616710547357798,10,18,41,0
2026-05-15T01:29:42.836692,noisy,persist,{'bins': 11},4,4,2,0.2869893154129386,0.5779899219051003,0.8657255386933684,10,18,41,0
2026-05-15T01:29:44.914098,noisy,persist,{'bins': 11},5,0,2,0.2904295939952135,1.7765208035707474,2.0680100470781326,10,25,44,0
2026-05-15T01:29:46.949276,noisy,persist,{'bins': 11},5,1,2,0.2915840018540621,1.734385747462511,2.026936865411699,10,25,44,0
2026-05-15T01:29:49.006255,noisy,persist,{'bins': 11},5,2,2,0.29195033106952906,1.7556477496400476,2.048543045297265,10,25,44,0
2026-05-15T01:29:51.043150,noisy,persist,{'bins': 11},5,3,2,0.291980616748333,1.7357116369530559,2.028634814545512,10,25,44,0
2026-05-15T01:29:53.111350,noisy,persist,{'bins': 11},5,4,2,0.2917701620608568,1.767041283659637,2.059747983701527,10,25,44,0
2026-05-15T01:29:54.783755,noisy,persist,{'bins': 11},6,0,2,0.3053814694285393,1.3565060887485743,1.663125411607325,10,35,72,0
2026-05-15T01:29:56.503221,noisy,persist,{'bins': 11},6,1,2,0.30485590267926455,1.4057663343846798,1.7116409987211227,10,35,72,0
2026-05-15T01:29:58.172121,noisy,persist,{'bins': 11},6,2,2,0.3049826007336378,1.3548815175890923,1.6609082790091634,10,35,72,0
2026-05-15T01:29:59.874851,noisy,persist,{'bins': 11},6,3,2,0.3033724669367075,1.3895968422293663,1.6939837941899896,10,35,72,0
2026-05-15T01:30:01.542119,noisy,persist,{'bins': 11},6,4,2,0.3037907024845481,1.353720085695386,1.6585704684257507,10,35,72,0
2026-05-15T01:30:04.185997,noisy,persist,{'bins': 11},7,0,2,0.30234823282808065,2.329233080148697,2.632842540740967,10,10,29,0
2026-05-15T01:30:06.812654,noisy,persist,{'bins': 11},7,1,2,0.3025212688371539,2.312360357493162,2.6161408303305507,10,10,29,0
2026-05-15T01:30:09.402391,noisy,persist,{'bins': 11},7,2,2,0.3008290911093354,2.2773210257291794,2.5793965868651867,10,10,29,0
2026-05-15T01:30:12.027079,noisy,persist,{'bins': 11},7,3,2,0.30048477463424206,2.3126012785360217,2.614330350421369,10,10,29,0
2026-05-15T01:30:14.656235,noisy,persist,{'bins': 11},7,4,2,0.30106328055262566,2.3164180275052786,2.618740651756525,10,10,29,0
2026-05-15T01:30:15.785856,noisy,persist,{'bins': 11},8,0,2,0.31752213556319475,0.8009619005024433,1.1197160594165325,10,31,58,0
2026-05-15T01:30:16.903394,noisy,persist,{'bins': 11},8,1,2,0.31810973957180977,0.7897942634299397,1.1091525666415691,10,31,58,0
2026-05-15T01:30:18.068776,noisy,persist,{'bins': 11},8,2,2,0.3178076921030879,0.8377584340050817,1.156800413504243,10,31,58,0
2026-05-15T01:30:19.197147,noisy,persist,{'bins': 11},8,3,2,0.3163652941584587,0.7927265679463744,1.110363288782537,10,31,58,0
2026-05-15T01:30:20.316006,noisy,persist,{'bins': 11},8,4,2,0.317353961057961,0.7917697513476014,1.1103497445583344,10,31,58,0
2026-05-15T01:30:21.327762,noisy,persist,{'bins': 11},9,0,2,0.3454550737515092,0.6574287824332714,1.0042769722640514,10,23,50,0
2026-05-15T01:30:22.337633,noisy,persist,{'bins': 11},9,1,2,0.345516019500792,0.6560970805585384,1.0029351329430938,10,23,50,0
2026-05-15T01:30:23.396476,noisy,persist,{'bins': 11},9,2,2,0.3472982356324792,0.7034525088965893,1.0520763834938407,10,23,50,0
2026-05-15T01:30:24.408469,noisy,persist,{'bins': 11},9,3,2,0.3460734663531184,0.6573924636468291,1.0047713406383991,10,23,50,0
2026-05-15T01:30:25.416408,noisy,persist,{'bins': 11},9,4,2,0.34620821848511696,0.6535183796659112,1.0010157581418753,10,23,50,0
2026-05-15T01:30:26.169850,noisy,persist,{'bins': 11},10,0,2,0.34272729232907295,0.40222368855029345,0.7463787915185094,10,36,67,0
2026-05-15T01:30:26.921943,noisy,persist,{'bins': 11},10,1,2,0.34308324102312326,0.4014205699786544,0.7460684888064861,10,36,67,0
2026-05-15T01:30:27.677817,noisy,persist,{'bins': 11},10,2,2,0.3436052296310663,0.4041636111214757,0.7492105178534985,10,36,67,0
2026-05-15T01:30:28.476650,noisy,persist,{'bins': 11},10,3,2,0.3441399447619915,0.44700018409639597,0.7925968132913113,10,36,67,0
2026-05-15T01:30:29.227148,noisy,persist,{'bins': 11},10,4,2,0.34312234446406364,0.3999062357470393,0.7444885522127151,10,36,67,0
2026-05-15T01:30:30.013026,noisy,persist,{'bins': 11},11,0,2,0.3677530223503709,0.4104597121477127,0.7796971313655376,10,38,69,0
2026-05-15T01:30:30.800416,noisy,persist,{'bins': 11},11,1,2,0.36925790924578905,0.4111873786896467,0.7819551527500153,10,38,69,0
2026-05-15T01:30:31.588137,noisy,persist,{'bins': 11},11,2,2,0.36822234466671944,0.41058469843119383,0.7803385881707072,10,38,69,0
2026-05-15T01:30:32.373345,noisy,persist,{'bins': 11},11,3,2,0.3683516774326563,0.40965613443404436,0.7795449374243617,10,38,69,0
2026-05-15T01:30:33.159804,noisy,persist,{'bins': 11},11,4,2,0.36879095155745745,0.41048762388527393,0.7807807270437479,10,38,69,0
2026-05-15T01:30:34.327749,noisy,persist,{'bins': 11},12,0,2,0.3654066761955619,0.790205854922533,1.1574549805372953,10,38,69,0
2026-05-15T01:30:35.444174,noisy,persist,{'bins': 11},12,1,2,0.36476248782128096,0.740511454641819,1.1070717573165894,10,38,69,0
2026-05-15T01:30:36.559487,noisy,persist,{'bins': 11},12,2,2,0.3645932786166668,0.7393518975004554,1.105702075175941,10,38,69,0
2026-05-15T01:30:37.681141,noisy,persist,{'bins': 11},12,3,2,0.3645268650725484,0.7456896863877773,1.111996573396027,10,38,69,0
2026-05-15T01:30:38.802345,noisy,persist,{'bins': 11},12,4,2,0.3645669296383858,0.7455803817138076,1.1119626704603434,10,38,69,0
2026-05-15T01:30:39.853251,noisy,persist,{'bins': 11},13,0,2,0.3928571315482259,0.6497876634821296,1.0443934882059693,10,37,76,0
2026-05-15T01:30:40.855504,noisy,persist,{'bins': 11},13,1,2,0.39441584702581167,0.6000046264380217,0.9962359126657248,10,37,76,0
2026-05-15T01:30:41.860306,noisy,persist,{'bins': 11},13,2,2,0.3932899720966816,0.6036518653854728,0.9986809426918626,10,37,76,0
2026-05-15T01:30:42.870429,noisy,persist,{'bins': 11},13,3,2,0.39349980652332306,0.6089188056066632,1.0041496623307467,10,37,76,0
2026-05-15T01:30:43.878368,noisy,persist,{'bins': 11},13,4,2,0.3945483146235347,0.6053190566599369,1.001596787944436,10,37,76,0
2026-05-15T01:30:45.264023,noisy,persist,{'bins': 11},14,0,2,0.377423420548439,0.9955364493653178,1.3749901223927736,10,34,65,0
2026-05-15T01:30:46.573644,noisy,persist,{'bins': 11},14,1,2,0.37686662562191486,0.9207542622461915,1.2996509494259953,10,34,65,0
2026-05-15T01:30:47.875795,noisy,persist,{'bins': 11},14,2,2,0.3758583618327975,0.9144545337185264,1.2923187417909503,10,34,65,0
2026-05-15T01:30:49.189329,noisy,persist,{'bins': 11},14,3,2,0.3773249452933669,0.9241693550720811,1.3035180000588298,10,34,65,0
2026-05-15T01:30:50.530663,noisy,persist,{'bins': 11},14,4,2,0.4190421970561147,0.9102530647069216,1.3314755847677588,10,34,65,0
2026-05-15T01:30:52.952452,noisy,persist,{'bins': 11},15,0,2,0.4160653781145811,1.9914211118593812,2.4096004785969853,10,64,127,0
2026-05-15T01:30:55.444882,noisy,persist,{'bins': 11},15,1,2,0.4175317408517003,2.0614067120477557,2.4811353478580713,10,64,127,0
2026-05-15T01:30:57.879327,noisy,persist,{'bins': 11},15,2,2,0.41556926630437374,2.005577581934631,2.42329572327435,10,64,127,0
2026-05-15T01:31:00.368857,noisy,persist,{'bins': 11},15,3,2,0.41719795390963554,2.0590852927416563,2.4784168424084783,10,64,127,0
2026-05-15T01:31:02.791827,noisy,persist,{'bins': 11},15,4,2,0.4152499455958605,1.994426865130663,2.4118054378777742,10,64,127,0
2026-05-15T01:31:05.507893,noisy,persist,{'bins': 11},16,0,2,0.3909081695601344,2.3043861780315638,2.6978071769699454,10,31,62,0
2026-05-15T01:31:08.242792,noisy,persist,{'bins': 11},16,1,2,0.3901010537520051,2.3248293744400144,2.717359540052712,10,31,62,0
2026-05-15T01:31:10.902824,noisy,persist,{'bins': 11},16,2,2,0.38941974472254515,2.250723807141185,2.6425907174125314,10,31,62,0
2026-05-15T01:31:13.628687,noisy,persist,{'bins': 11},16,3,2,0.38937034271657467,2.3164899945259094,2.7083061896264553,10,31,62,0
2026-05-15T01:31:16.346705,noisy,persist,{'bins': 11},16,4,2,0.3895733840763569,2.3083508126437664,2.7004586244001985,10,31,62,0
2026-05-15T01:31:18.306372,noisy,persist,{'bins': 11},17,0,2,0.38504133373498917,1.5582286734133959,1.9458610825240612,10,27,62,0
2026-05-15T01:31:20.298988,noisy,persist,{'bins': 11},17,1,2,0.38567890133708715,1.590897373855114,1.9791649859398603,10,27,62,0
2026-05-15T01:31:22.238135,noisy,persist,{'bins': 11},17,2,2,0.38547801412642,1.5366159211844206,1.9246624074876308,10,27,62,0
2026-05-15T01:31:24.219146,noisy,persist,{'bins': 11},17,3,2,0.3865097612142563,1.578930303454399,1.9679475827142596,10,27,62,0
2026-05-15T01:31:26.176322,noisy,persist,{'bins': 11},17,4,2,0.38651588279753923,1.5549204908311367,1.944011939689517,10,27,62,0
2026-05-15T01:31:27.971318,noisy,persist,{'bins': 11},18,0,2,0.4184374110773206,1.3588269595056772,1.7799727655947208,10,41,75,0
2026-05-15T01:31:29.679446,noisy,persist,{'bins': 11},18,1,2,0.4168950244784355,1.2746511958539486,1.6941881701350212,10,41,75,0
2026-05-15T01:31:31.389923,noisy,persist,{'bins': 11},18,2,2,0.41850500740110874,1.275246954523027,1.6963345305994153,10,41,75,0
2026-05-15T01:31:33.163933,noisy,persist,{'bins': 11},18,3,2,0.4180095074698329,1.3393789529800415,1.7599947331473231,10,41,75,0
2026-05-15T01:31:34.874131,noisy,persist,{'bins': 11},18,4,2,0.4168694680556655,1.2765223179012537,1.6959695359691978,10,41,75,0
2026-05-15T01:31:37.491449,noisy,persist,{'bins': 11},19,0,2,0.4291489729657769,2.1662000473588705,2.5981573835015297,10,26,60,0
2026-05-15T01:31:40.134262,noisy,persist,{'bins': 11},19,1,2,0.42853035125881433,2.1930560329928994,2.624446013942361,10,26,60,0
2026-05-15T01:31:42.726535,noisy,persist,{'bins': 11},19,2,2,0.42937797401100397,2.1413399456068873,2.573569403961301,10,26,60,0
2026-05-15T01:31:45.383548,noisy,persist,{'bins': 11},19,3,2,0.43003202229738235,2.2056000251322985,2.638553412631154,10,26,60,0
2026-05-15T01:31:48.012587,noisy,persist,{'bins': 11},19,4,2,0.4289811374619603,2.1783374464139342,2.610143086872995,10,26,60,0
2026-05-15T01:31:49.957600,noisy,persist,{'bins': 11},20,0,2,0.4532493259757757,1.4729710659012198,1.929134713485837,10,35,70,0
2026-05-15T01:31:51.899927,noisy,persist,{'bins': 11},20,1,2,0.4551737392321229,1.4691197229549289,1.9271156312897801,10,35,70,0
2026-05-15T01:31:53.906030,noisy,persist,{'bins': 11},20,2,2,0.4528110232204199,1.5356021653860807,1.9912804923951626,10,35,70,0
2026-05-15T01:31:55.846425,noisy,persist,{'bins': 11},20,3,2,0.4537350879982114,1.468666641972959,1.9252437958493829,10,35,70,0
2026-05-15T01:31:57.884740,noisy,persist,{'bins': 11},20,4,2,0.45415688026696444,1.5661828247830272,2.0231810305267572,10,35,70,0
2026-05-15T01:32:01.313668,noisy,persist,{'bins': 11},21,0,2,0.4394190777093172,2.964750944636762,3.4073062613606453,10,11,34,0
2026-05-15T01:32:04.837122,noisy,persist,{'bins': 11},21,1,2,0.4406345095485449,3.059089820832014,3.5028418647125363,10,11,34,0
2026-05-15T01:32:08.362351,noisy,persist,{'bins': 11},21,2,2,0.4416298884898424,3.0593694765120745,3.5042198821902275,10,11,34,0
2026-05-15T01:32:11.824089,noisy,persist,{'bins': 11},21,3,2,0.4401644663885236,2.9975704979151487,3.4408449633046985,10,11,34,0
2026-05-15T01:32:15.294550,noisy,persist,{'bins': 11},21,4,2,0.4397948030382395,3.0065954830497503,3.4495037524029613,10,11,34,0
2026-05-15T01:32:19.063403,noisy,persist,{'bins': 11},22,0,2,0.48006010614335537,3.2674525678157806,3.750668049789965,10,46,108,0
2026-05-15T01:32:22.831694,noisy,persist,{'bins': 11},22,1,2,0.48156135622411966,3.265785868279636,3.7506297677755356,10,46,108,0
2026-05-15T01:32:26.605433,noisy,persist,{'bins': 11},22,2,2,0.48193013947457075,3.2712362594902515,3.7563046319410205,10,46,108,0
2026-05-15T01:32:30.379255,noisy,persist,{'bins': 11},22,3,2,0.4827871983870864,3.27035696990788,3.7563886903226376,10,46,108,0
2026-05-15T01:32:34.165038,noisy,persist,{'bins': 11},22,4,2,0.48226911574602127,3.282694905065,3.7680611656978726,10,46,108,0
2026-05-15T01:32:37.613000,noisy,persist,{'bins': 11},23,0,2,0.4435756206512451,2.9797435896471143,3.4266841895878315,10,34,69,0
2026-05-15T01:32:41.027303,noisy,persist,{'bins': 11},23,1,2,0.4444899773225188,2.946355728432536,3.3941434379667044,10,34,69,0
2026-05-15T01:32:44.439535,noisy,persist,{'bins': 11},23,2,2,0.4447512375190854,2.943783068098128,3.391880499199033,10,34,69,0
2026-05-15T01:32:47.885125,noisy,persist,{'bins': 11},23,3,2,0.48663831781595945,2.935157671570778,3.4253509948030114,10,34,69,0
2026-05-15T01:32:51.331328,noisy,persist,{'bins': 11},23,4,2,0.44503313675522804,2.976929996162653,3.425382824614644,10,34,69,0
2026-05-15T01:32:57.063583,noisy,persist,{'bins': 11},24,0,2,0.49667859077453613,5.214242250658572,5.71424743719399,10,43,99,0
2026-05-15T01:33:02.806072,noisy,persist,{'bins': 11},24,1,2,0.49993667751550674,5.218672838062048,5.72196364402771,10,43,99,0
2026-05-15T01:33:08.521290,noisy,persist,{'bins': 11},24,2,2,0.4986376091837883,5.1957442639395595,5.697778770700097,10,43,99,0
2026-05-15T01:33:14.262493,noisy,persist,{'bins': 11},24,3,2,0.49882626347243786,5.221380609087646,5.723512649536133,10,43,99,0
2026-05-15T01:33:19.965448,noisy,persist,{'bins': 11},24,4,2,0.49890272598713636,5.182644623331726,5.684894886799157,10,43,99,0
2026-05-15T01:33:24.089562,noisy,persist,{'bins': 11},25,0,2,0.5104826400056481,3.5868215588852763,4.100895191542804,10,19,44,0
2026-05-15T01:33:28.141378,noisy,persist,{'bins': 11},25,1,2,0.5112723121419549,3.514605961740017,4.029522666707635,10,19,44,0
2026-05-15T01:33:32.235200,noisy,persist,{'bins': 11},25,2,2,0.5115638496354222,3.5562106799334288,4.071328823454678,10,19,44,0
2026-05-15T01:33:36.276651,noisy,persist,{'bins': 11},25,3,2,0.510286521166563,3.505262667313218,4.019076010212302,10,19,44,0
2026-05-15T01:33:40.366150,noisy,persist,{'bins': 11},25,4,2,0.51207644212991,3.5516624385491014,4.067391308955848,10,19,44,0
2026-05-15T01:33:46.072153,noisy,persist,{'bins': 11},26,0,2,0.5084624961018562,5.168868190608919,5.6811382956802845,10,46,102,0
2026-05-15T01:33:51.792237,noisy,persist,{'bins': 11},26,1,2,0.5094069391489029,5.182785481214523,5.695825502276421,10,46,102,0
2026-05-15T01:33:57.577699,noisy,persist,{'bins': 11},26,2,2,0.5080799972638488,5.249204243533313,5.7611223179847,10,46,102,0
2026-05-15T01:34:03.309871,noisy,persist,{'bins': 11},26,3,2,0.5099738333374262,5.193885901942849,5.707581604830921,10,46,102,0
2026-05-15T01:34:08.960073,noisy,persist,{'bins': 11},26,4,2,0.5098772728815675,5.111825837753713,5.625459142960608,10,46,102,0
2026-05-15T01:34:15.435374,noisy,persist,{'bins': 11},27,0,2,0.48825081437826157,5.9489137921482325,6.441404167562723,10,39,87,0
2026-05-15T01:34:21.787274,noisy,persist,{'bins': 11},27,1,2,0.4885111628100276,5.826544592157006,6.319200778380036,10,39,87,0
2026-05-15T01:34:28.229874,noisy,persist,{'bins': 11},27,2,2,0.4871792821213603,5.918214517645538,6.409596420824528,10,39,87,0
2026-05-15T01:34:34.675778,noisy,persist,{'bins': 11},27,3,2,0.4882383197546005,5.920166239142418,6.412583385594189,10,39,87,0
2026-05-15T01:34:41.158809,noisy,persist,{'bins': 11},27,4,2,0.48915733583271503,5.957418543286622,6.450715152546763,10,39,87,0
2026-05-15T01:34:46.832870,noisy,persist,{'bins': 11},28,0,2,0.5106667038053274,5.130014281719923,5.6447388948872685,10,49,105,0
2026-05-15T01:34:52.488385,noisy,persist,{'bins': 11},28,1,2,0.510774165391922,5.111841226927936,5.626770854927599,10,49,105,0
2026-05-15T01:34:58.252881,noisy,persist,{'bins': 11},28,2,2,0.5164117906242609,5.214881982654333,5.735700177028775,10,49,105,0
2026-05-15T01:35:04.010868,noisy,persist,{'bins': 11},28,3,2,0.5115812197327614,5.213774040341377,5.7294560903683305,10,49,105,0
2026-05-15T01:35:09.686951,noisy,persist,{'bins': 11},28,4,2,0.5108929574489594,5.131852428428829,5.646879218518734,10,49,105,0
2026-05-15T01:35:17.950950,noisy,persist,{'bins': 11},29,0,2,0.5074333613738418,7.713239746168256,8.225029928609729,10,16,42,0
2026-05-15T01:35:26.240223,noisy,persist,{'bins': 11},29,1,2,0.5077475914731622,7.739246975630522,8.251399508677423,10,16,42,0
2026-05-15T01:35:34.520002,noisy,persist,{'bins': 11},29,2,2,0.5076304106041789,7.7291207099333405,8.241103093139827,10,16,42,0
2026-05-15T01:35:42.810974,noisy,persist,{'bins': 11},29,3,2,0.5097868898883462,7.739121385850012,8.253201046027243,10,16,42,0
2026-05-15T01:35:51.053064,noisy,persist,{'bins': 11},29,4,2,0.5078032752498984,7.691977631300688,8.20417616982013,10,16,42,0
2026-05-15T01:35:57.831472,noisy,persist,{'bins': 11},30,0,2,0.6018155384808779,6.142775844782591,6.748878162354231,10,45,108,0
2026-05-15T01:36:04.581411,noisy,persist,{'bins': 11},30,1,2,0.563318844884634,6.152455338276923,6.7201022291556,10,45,108,0
2026-05-15T01:36:11.289877,noisy,persist,{'bins': 11},30,2,2,0.5624629268422723,6.112300989218056,6.67916015163064,10,45,108,0
2026-05-15T01:36:18.078656,noisy,persist,{'bins': 11},30,3,2,0.56285759806633,6.192212404683232,6.7593706184998155,10,45,108,0
2026-05-15T01:36:24.877186,noisy,persist,{'bins': 11},30,4,2,0.5637342035770416,6.201271903701127,6.7693722657859325,10,45,108,0
2026-05-15T01:36:34.769143,noisy,persist,{'bins': 11},31,0,2,0.5471661547198892,9.306561694480479,9.858124886639416,10,55,103,0
2026-05-15T01:36:44.822104,noisy,persist,{'bins': 11},31,1,2,0.5475028669461608,9.467435878701508,10.019530347548425,10,55,103,0
2026-05-15T01:36:54.862920,noisy,persist,{'bins': 11},31,2,2,0.5461251297965646,9.457130605354905,10.007730698212981,10,55,103,0
2026-05-15T01:37:04.881912,noisy,persist,{'bins': 11},31,3,2,0.549334516748786,9.431875030510128,9.985798112116754,10,55,103,0
2026-05-15T01:37:14.934203,noisy,persist,{'bins': 11},31,4,2,0.5460933595895767,9.468042926862836,10.018580380827188,10,55,103,0
2026-05-15T01:37:24.042865,noisy,persist,{'bins': 11},32,0,2,0.5561045464128256,8.517510794103146,9.078210979700089,10,48,111,0
2026-05-15T01:37:33.111343,noisy,persist,{'bins': 11},32,1,2,0.5574959488585591,8.476450563408434,9.038566538132727,10,48,111,0
2026-05-15T01:37:42.056546,noisy,persist,{'bins': 11},32,2,2,0.5580194620415568,8.352906746789813,8.915655639022589,10,48,111,0
2026-05-15T01:37:51.071349,noisy,persist,{'bins': 11},32,3,2,0.5578624680638313,8.421769754961133,8.984327017329633,10,48,111,0
2026-05-15T01:38:00.072867,noisy,persist,{'bins': 11},32,4,2,0.5578264286741614,8.409173720516264,8.97152277175337,10,48,111,0
2026-05-15T01:38:05.217941,noisy,persist,{'bins': 11},33,0,2,0.5828672768548131,4.521832638420165,5.109388078562915,10,39,81,0
2026-05-15T01:38:10.275948,noisy,persist,{'bins': 11},33,1,2,0.583232051692903,4.435445942915976,5.023342874832451,10,39,81,0
2026-05-15T01:38:15.339831,noisy,persist,{'bins': 11},33,2,2,0.5828039674088359,4.441717988811433,5.029119258746505,10,39,81,0
2026-05-15T01:38:20.478144,noisy,persist,{'bins': 11},33,3,2,0.5828988654538989,4.515336658805609,5.103024496696889,10,39,81,0
2026-05-15T01:38:25.566982,noisy,persist,{'bins': 11},33,4,2,0.5829392420127988,4.466631295159459,5.054286932572722,10,39,81,0
2026-05-15T01:38:35.277540,noisy,persist,{'bins': 11},34,0,2,0.5666018147021532,9.099435796029866,9.671034313738346,10,48,104,0
2026-05-15T01:38:44.898495,noisy,persist,{'bins': 11},34,1,2,0.5684815440326929,9.008615301921964,9.58210860658437,10,48,104,0
2026-05-15T01:38:54.657489,noisy,persist,{'bins': 11},34,2,2,0.5681778248399496,9.146161833778024,9.71936727873981,10,48,104,0
2026-05-15T01:39:04.437477,noisy,persist,{'bins': 11},34,3,2,0.5689328610897064,9.166821491904557,9.740772265940905,10,48,104,0
2026-05-15T01:39:14.051188,noisy,persist,{'bins': 11},34,4,2,0.5686287097632885,9.000624308362603,9.574183746241033,10,48,104,0
2026-05-15T01:39:24.284806,noisy,persist,{'bins': 11},35,0,2,0.5824877731502056,9.605776071548462,10.193344383500516,10,43,99,0
2026-05-15T01:39:34.526738,noisy,persist,{'bins': 11},35,1,2,0.5845948290079832,9.61218239646405,10.20189209934324,10,43,99,0
2026-05-15T01:39:44.766627,noisy,persist,{'bins': 11},35,2,2,0.58451440744102,9.611093719489872,10.200818158686161,10,43,99,0
2026-05-15T01:39:54.956844,noisy,persist,{'bins': 11},35,3,2,0.5838405918329954,9.561198367737234,10.150220919400454,10,43,99,0
2026-05-15T01:40:05.082930,noisy,persist,{'bins': 11},35,4,2,0.585756940767169,9.495226822793484,10.086174870841205,10,43,99,0
2026-05-15T01:40:18.149911,noisy,persist,{'bins': 11},36,0,2,0.5801583686843514,12.431171651929617,13.016735999844968,10,53,113,0
2026-05-15T01:40:31.186201,noisy,persist,{'bins': 11},36,1,2,0.5812339968979359,12.39978352934122,12.986413017846644,10,53,113,0
2026-05-15T01:40:44.249998,noisy,persist,{'bins': 11},36,2,2,0.5812635533511639,12.42751991096884,13.01418683025986,10,53,113,0
2026-05-15T01:40:57.450709,noisy,persist,{'bins': 11},36,3,2,0.5811740141361952,12.564484486356378,13.151057729497552,10,53,113,0
2026-05-15T01:41:10.352238,noisy,persist,{'bins': 11},36,4,2,0.5807601371780038,12.265573258511722,12.851750987581909,10,53,113,0
2026-05-15T01:41:23.513755,noisy,persist,{'bins': 11},37,0,2,0.6049165744334459,12.504594712518156,13.11499553360045,10,54,116,0
2026-05-15T01:41:36.561315,noisy,persist,{'bins': 11},37,1,2,0.6064979936927557,12.389372808858752,13.001362163573503,10,54,116,0
2026-05-15T01:41:49.773415,noisy,persist,{'bins': 11},37,2,2,0.6060615731403232,12.554343550466001,13.16599864512682,10,54,116,0
2026-05-15T01:42:02.875013,noisy,persist,{'bins': 11},37,3,2,0.6073094168677926,12.442969420924783,13.055705056525767,10,54,116,0
2026-05-15T01:42:16.067773,noisy,persist,{'bins': 11},37,4,2,0.6074454011395574,12.533506321720779,13.146437302231789,10,54,116,0
2026-05-15T01:42:31.593923,noisy,persist,{'bins': 11},38,0,2,0.6449382789433002,14.819970136508346,15.470471320673823,10,15,39,0
2026-05-15T01:42:47.236152,noisy,persist,{'bins': 11},38,1,2,0.6461106222122908,14.935100918635726,15.586788673885167,10,15,39,0
2026-05-15T01:43:02.727259,noisy,persist,{'bins': 11},38,2,2,0.6471248064190149,14.783098586834967,15.435775308869779,10,15,39,0
2026-05-15T01:43:18.125168,noisy,persist,{'bins': 11},38,3,2,0.6453545112162828,14.690687724389136,15.341610941104591,10,15,39,0
2026-05-15T01:43:33.662589,noisy,persist,{'bins': 11},38,4,2,0.6467003477737308,14.830000066198409,15.4822613960132,10,15,39,0
2026-05-15T01:43:47.802258,noisy,persist,{'bins': 11},39,0,2,0.6489624148234725,13.43837508186698,14.093055063858628,10,29,70,0
2026-05-15T01:44:02.020885,noisy,persist,{'bins': 11},39,1,2,0.6499640056863427,13.517383590340614,14.173062857240438,10,29,70,0
2026-05-15T01:44:16.244732,noisy,persist,{'bins': 11},39,2,2,0.651692389510572,13.520607190206647,14.178113136440516,10,29,70,0
2026-05-15T01:44:30.262441,noisy,persist,{'bins': 11},39,3,2,0.6506006186828017,13.3158099334687,13.972306955605745,10,29,70,0
2026-05-15T01:44:44.468073,noisy,persist,{'bins': 11},39,4,2,0.6513539934530854,13.502517094835639,14.159545654430985,10,29,70,0
2026-05-15T01:44:51.988735,noisy,persist,{'bins': 11},40,0,2,0.5913473647087812,6.875666267238557,7.47271575871855,10,25,60,0
2026-05-15T01:44:59.558900,noisy,persist,{'bins': 11},40,1,2,0.5919709149748087,6.925845459103584,7.523586809635162,10,25,60,0
2026-05-15T01:45:07.041155,noisy,persist,{'bins': 11},40,2,2,0.5906237633898854,6.839280555956066,7.435623809695244,10,25,60,0
2026-05-15T01:45:14.488292,noisy,persist,{'bins': 11},40,3,2,0.5909359008073807,6.804108256474137,7.400761483237147,10,25,60,0
2026-05-15T01:45:22.084736,noisy,persist,{'bins': 11},40,4,2,0.5901947477832437,6.953388226218522,7.549289029091597,10,25,60,0
2026-05-15T01:45:33.644972,noisy,persist,{'bins': 11},41,0,2,0.5949294492602348,10.91235473845154,11.513308841735125,10,15,47,0
2026-05-15T01:45:45.165330,noisy,persist,{'bins': 11},41,1,2,0.594850710593164,10.873071716167033,11.47397314850241,10,15,47,0
2026-05-15T01:45:56.853318,noisy,persist,{'bins': 11},41,2,2,0.5952812395989895,11.041047636419535,11.642348930239677,10,15,47,0
2026-05-15T01:46:08.500832,noisy,persist,{'bins': 11},41,3,2,0.5955531680956483,11.000457950867712,11.602064135484397,10,15,47,0
2026-05-15T01:46:20.010321,noisy,persist,{'bins': 11},41,4,2,0.593152379617095,10.864527155645192,11.46378241572529,10,15,47,0
2026-05-15T01:46:29.200839,noisy,persist,{'bins': 11},42,0,2,0.5975916562601924,8.53931421879679,9.14296920131892,10,22,53,0
2026-05-15T01:46:38.302959,noisy,persist,{'bins': 11},42,1,2,0.5981898792088032,8.450717892497778,9.055101942270994,10,22,53,0
2026-05-15T01:46:47.603692,noisy,persist,{'bins': 11},42,2,2,0.5982446307316422,8.649209907278419,9.253682893700898,10,22,53,0
2026-05-15T01:46:56.735093,noisy,persist,{'bins': 11},42,3,2,0.5983504094183445,8.480094994418323,9.084577228873968,10,22,53,0
2026-05-15T01:47:06.048608,noisy,persist,{'bins': 11},42,4,2,0.5998080959543586,8.66059882286936,9.266555083915591,10,22,53,0
2026-05-15T01:47:20.637372,noisy,persist,{'bins': 11},43,0,2,0.6773998942226171,13.852150454185903,14.535640474408865,10,30,72,0
2026-05-15T01:47:35.509060,noisy,persist,{'bins': 11},43,1,2,0.678564541041851,14.136222339235246,14.82103069499135,10,30,72,0
2026-05-15T01:47:50.182987,noisy,persist,{'bins': 11},43,2,2,0.6777498805895448,13.939718117937446,14.623578422702849,10,30,72,0
2026-05-15T01:48:04.835664,noisy,persist,{'bins': 11},43,3,2,0.6793657951056957,13.915684446692467,14.601222010329366,10,30,72,0
2026-05-15T01:48:19.406463,noisy,persist,{'bins': 11},43,4,2,0.6807137932628393,13.833423607982695,14.520208992995322,10,30,72,0
2026-05-15T01:48:35.727700,noisy,persist,{'bins': 11},44,0,2,0.6328540155664086,15.62680107820779,16.266038729809225,10,53,109,0
2026-05-15T01:48:52.176340,noisy,persist,{'bins': 11},44,1,2,0.6336766500025988,15.753425881266594,16.393580905161798,10,53,109,0
2026-05-15T01:49:08.624828,noisy,persist,{'bins': 11},44,2,2,0.6400813153013587,15.746255450882018,16.392973156645894,10,53,109,0
2026-05-15T01:49:24.858270,noisy,persist,{'bins': 11},44,3,2,0.676667844876647,15.495571833103895,16.178839560598135,10,53,109,0
2026-05-15T01:49:41.389149,noisy,persist,{'bins': 11},44,4,2,0.634971247985959,15.834993894211948,16.47640055604279,10,53,109,0
2026-05-15T01:49:53.438355,noisy,persist,{'bins': 11},45,0,2,0.7381984926760197,11.250510247424245,11.995095462538302,10,19,50,0
2026-05-15T01:50:05.516521,noisy,persist,{'bins': 11},45,1,2,0.7373862164095044,11.280513187870383,12.024289773777127,10,19,50,0
2026-05-15T01:50:17.755040,noisy,persist,{'bins': 11},45,2,2,0.7337584653869271,11.44477769639343,12.184886906296015,10,19,50,0
2026-05-15T01:50:29.955313,noisy,persist,{'bins': 11},45,3,2,0.7333852732554078,11.407147137448192,12.146903924643993,10,19,50,0
2026-05-15T01:50:42.068676,noisy,persist,{'bins': 11},45,4,2,0.7333411984145641,11.319372119382024,12.059127963148057,10,19,50,0
2026-05-15T01:50:56.821467,noisy,persist,{'bins': 11},46,0,2,0.7018986381590366,13.984893223270774,14.693583524785936,10,20,58,0
2026-05-15T01:51:11.776897,noisy,persist,{'bins': 11},46,1,2,0.7040871270000935,14.185495930723846,14.896510955877602,10,20,58,0
2026-05-15T01:51:26.743455,noisy,persist,{'bins': 11},46,2,2,0.7032632399350405,14.197052989155054,14.90709491726011,10,20,58,0
2026-05-15T01:51:41.609885,noisy,persist,{'bins': 11},46,3,2,0.7031914833933115,14.097813248634338,14.807776217348874,10,20,58,0
2026-05-15T01:51:56.595955,noisy,persist,{'bins': 11},46,4,2,0.7021728502586484,14.21826701797545,14.927143245004117,10,20,58,0
2026-05-15T01:52:07.444991,noisy,persist,{'bins': 11},47,0,2,0.7523992825299501,10.037012290209532,10.796072399243712,10,23,53,0
2026-05-15T01:52:18.268129,noisy,persist,{'bins': 11},47,1,2,0.7522574234753847,10.01036730967462,10.769171527586877,10,23,53,0
2026-05-15T01:52:29.104865,noisy,persist,{'bins': 11},47,2,2,0.7523311525583267,10.02618966344744,10.78519117180258,10,23,53,0
2026-05-15T01:52:40.098734,noisy,persist,{'bins': 11},47,3,2,0.7517848769202828,10.182640400715172,10.941024349071085,10,23,53,0
2026-05-15T01:52:51.013858,noisy,persist,{'bins': 11},47,4,2,0.7512513650581241,10.104814325459301,10.862740234471858,10,23,53,0
2026-05-15T01:53:00.665153,noisy,persist,{'bins': 11},48,0,2,0.7109783906489611,8.880908595398068,9.598705019801855,10,9,33,0
2026-05-15T01:53:10.361509,noisy,persist,{'bins': 11},48,1,2,0.7125424984842539,8.924966098740697,9.64421864785254,10,9,33,0
2026-05-15T01:53:20.039151,noisy,persist,{'bins': 11},48,2,2,0.7115789884701371,8.906834478490055,9.625082518905401,10,9,33,0
2026-05-15T01:53:29.785421,noisy,persist,{'bins': 11},48,3,2,0.7126568118110299,8.97516982909292,9.694542951881886,10,9,33,0
2026-05-15T01:53:39.459432,noisy,persist,{'bins': 11},48,4,2,0.7116850465536118,8.903572271578014,9.621912225149572,10,9,33,0
2026-05-15T01:53:54.470210,noisy,persist,{'bins': 11},49,0,2,0.7879815120249987,14.14001357741654,14.935040157288313,10,23,58,0
2026-05-15T01:54:09.572373,noisy,persist,{'bins': 11},49,1,2,0.7888860888779163,14.230297644622624,15.0264086201787,10,23,58,0
2026-05-15T01:54:24.606967,noisy,persist,{'bins': 11},49,2,2,0.7860900079831481,14.165956407785416,14.95901118312031,10,23,58,0
2026-05-15T01:54:39.642457,noisy,persist,{'bins': 11},49,3,2,0.7872902909293771,14.165390560403466,14.959626794792712,10,23,58,0
2026-05-15T01:54:54.695535,noisy,persist,{'bins': 11},49,4,2,0.7863137079402804,14.184142982587218,14.977598760277033,10,23,58,0
2026-05-15T01:55:13.202971,noisy,persist,{'bins': 11},50,0,2,0.7758758161216974,17.631557025015354,18.414933745749295,10,23,52,0
2026-05-15T01:55:31.650926,noisy,persist,{'bins': 11},50,1,2,0.774465617723763,17.57636431977153,18.35827726125717,10,23,52,0
2026-05-15T01:55:50.211066,noisy,persist,{'bins': 11},50,2,2,0.7758663864806294,17.687859777361155,18.47095373645425,10,23,52,0
2026-05-15T01:56:08.568159,noisy,persist,{'bins': 11},50,3,2,0.7755418373271823,17.483528962358832,18.266526870429516,10,23,52,0
2026-05-15T01:56:27.316522,noisy,persist,{'bins': 11},50,4,2,0.7742262659594417,17.876350005157292,18.657967429608107,10,23,52,0
