time_seconds;temperature
0;49.14198
300;49.55577
600;49.45095
900;49.29617
1200;49.32531
1500;49.35000
1800;49.38398
2100;49.61192
2400;49.81268
2700;49.95878
3000;50.38992
3300;50.81713
