time_seconds;temperature
0;25.18000
300;25.16000
600;25.28000
900;25.30000
1200;25.18000
1500;25.18000
1800;25.11000
2100;25.21000
2400;25.28000
2700;25.21000
3000;25.07000
3300;25.11000
