time_seconds;temperature
0;55.69325
300;55.87688
600;56.07968
900;56.18082
1200;56.22591
1500;56.24553
1800;56.25405
2100;56.25775
2400;56.25936
2700;56.26005
3000;56.26035
3300;56.26048
