time_seconds;temperature
0;25.86000
300;25.93000
600;26.00000
900;25.84000
1200;25.91000
1500;25.72000
1800;25.86000
2100;25.77000
2400;25.74000
2700;25.70000
3000;25.77000
3300;25.60000
