time_seconds;temperature
0;52.41054
300;52.41544
600;52.41791
900;52.41903
1200;52.41954
1500;52.41977
1800;52.41987
2100;52.42948
2400;52.60770
2700;52.81140
3000;52.91945
3300;52.96906
