time_seconds;temperature
0;21.73000
300;21.85000
600;21.85000
900;21.87000
1200;21.87000
1500;21.90000
1800;21.83000
2100;21.85000
2400;21.92000
2700;21.80000
3000;21.78000
3300;21.95000
