time_seconds;temperature
0;23.09000
300;23.04000
600;23.04000
900;23.16000
1200;23.14000
1500;23.14000
1800;23.14000
2100;23.09000
2400;22.90000
2700;23.04000
3000;22.92000
3300;23.04000
