time_seconds;temperature
0;38.89450
300;39.00018
600;39.05350
900;39.07800
1200;39.09014
1500;39.16013
1800;39.53322
2100;39.90874
2400;40.12355
2700;40.22298
3000;40.15406
3300;39.95395
