time_seconds;temperature
0;20.58000
300;20.56000
600;20.61000
900;20.66000
1200;20.58000
1500;20.51000
1800;20.68000
2100;20.56000
2400;20.58000
2700;20.73000
3000;20.63000
3300;20.61000
