time_seconds;temperature
0;20.78000
300;20.91000
600;21.00000
900;20.87000
1200;20.91000
1500;21.00000
1800;20.82000
2100;21.00000
2400;20.91000
2700;20.91000
3000;20.89000
3300;20.78000
