time_seconds;temperature
0;20.73000
300;20.51000
600;20.63000
900;20.51000
1200;20.54000
1500;20.66000
1800;20.63000
2100;20.61000
2400;20.51000
2700;20.44000
3000;20.49000
3300;20.66000
