time_seconds;temperature
0;22.31000
300;22.31000
600;22.33000
900;22.19000
1200;22.24000
1500;22.38000
1800;22.26000
2100;22.29000
2400;22.29000
2700;22.29000
3000;22.19000
3300;22.22000
