time_seconds;temperature
0;24.66000
300;24.70000
600;24.72000
900;24.63000
1200;24.68000
1500;24.88000
1800;24.95000
2100;25.11000
2400;24.88000
2700;24.81000
3000;24.70000
3300;24.68000
