time_seconds;temperature
0;21.16000
300;21.25000
600;21.07000
900;21.05000
1200;21.14000
1500;21.10000
1800;21.23000
2100;21.07000
2400;21.12000
2700;21.19000
3000;21.19000
3300;21.14000
