time_seconds;temperature
0;21.78000
300;21.61000
600;21.75000
900;21.68000
1200;21.85000
1500;21.80000
1800;21.68000
2100;21.78000
2400;21.73000
2700;21.63000
3000;21.73000
3300;21.75000
