time_seconds;temperature
0;24.52000
300;24.56000
600;24.56000
900;24.56000
1200;24.52000
1500;24.43000
1800;24.66000
2100;24.50000
2400;24.41000
2700;24.43000
3000;24.43000
3300;24.45000
