time_seconds;temperature
0;23.50000
300;23.38000
600;23.50000
900;23.54000
1200;23.45000
1500;23.48000
1800;23.48000
2100;23.43000
2400;23.43000
2700;23.38000
3000;23.43000
3300;23.45000
