time_seconds;temperature
0;23.70000
300;23.63000
600;23.75000
900;23.80000
1200;23.87000
1500;23.87000
1800;23.48000
2100;23.63000
2400;23.59000
2700;23.61000
3000;23.89000
3300;23.73000
