time_seconds;temperature
0;23.23000
300;23.38000
600;23.36000
900;23.23000
1200;23.23000
1500;23.25000
1800;23.25000
2100;23.38000
2400;23.16000
2700;23.25000
3000;23.25000
3300;23.16000
