time_seconds;temperature
0;20.89000
300;20.87000
600;20.91000
900;21.03000
1200;21.05000
1500;21.12000
1800;20.91000
2100;20.94000
2400;20.29000
2700;20.87000
3000;20.98000
3300;20.94000
