time_seconds;temperature
0;44.51892
300;44.51892
600;44.51892
900;44.51892
1200;44.51892
1500;44.51892
1800;44.51892
2100;44.51892
2400;44.51892
2700;44.51892
3000;44.51892
3300;44.51892
