time_seconds;temperature
0;20.80000
300;20.76000
600;20.68000
900;20.82000
1200;20.82000
1500;20.89000
1800;20.85000
2100;20.78000
2400;20.63000
2700;20.80000
3000;20.87000
3300;20.66000
