time_seconds;temperature
0;19.87000
300;19.89000
600;20.01000
900;19.87000
1200;19.91000
1500;19.98000
1800;19.91000
2100;19.87000
2400;19.96000
2700;19.96000
3000;19.89000
3300;19.91000
