time_seconds;temperature
0;51.57800
300;51.58531
600;51.55733
900;51.58112
1200;51.57477
1500;51.56119
1800;51.58194
2100;51.57160
2400;51.59511
2700;51.59511
3000;51.59511
3300;51.59511
