time_seconds;temperature
0;46.96896
300;46.97052
600;46.99634
900;47.21176
1200;47.39656
1500;47.48832
1800;47.52946
2100;47.54804
2400;47.55614
2700;47.55978
3000;47.56138
3300;47.56208
