time_seconds;temperature
0;53.00895
300;53.01004
600;53.01051
900;53.01071
1200;53.01077
1500;53.01077
1800;53.01077
2100;53.01077
2400;53.01077
2700;53.09124
3000;53.33308
3300;53.48126
