time_seconds;temperature
0;24.54000
300;24.63000
600;24.61000
900;24.56000
1200;24.52000
1500;24.54000
1800;24.52000
2100;24.52000
2400;24.50000
2700;24.38000
3000;24.38000
3300;24.41000
