time_seconds;temperature
0;25.07000
300;25.04000
600;25.16000
900;25.11000
1200;25.07000
1500;25.00000
1800;24.88000
2100;24.97000
2400;25.00000
2700;25.00000
3000;24.88000
3300;24.95000
