time_seconds;temperature
0;25.51000
300;25.49000
600;25.53000
900;25.42000
1200;25.39000
1500;25.49000
1800;25.46000
2100;25.39000
2400;25.49000
2700;25.37000
3000;25.49000
3300;25.37000
