time_seconds;temperature
0;49.37078
300;49.37078
600;49.37078
900;49.37078
1200;49.37078
1500;49.37078
1800;49.37078
2100;49.37078
2400;49.37078
2700;49.37078
3000;49.37078
3300;49.37078
