time_seconds;temperature
0;59.15090
300;59.15090
600;59.15090
900;59.15090
1200;59.15090
1500;59.14012
1800;58.97971
2100;58.78154
2400;58.62573
2700;58.54071
3000;58.48431
3300;58.45521
