time_seconds;temperature
0;32.76828
300;33.04294
600;33.23256
900;33.32093
1200;33.35979
1500;33.37668
1800;33.38400
2100;33.38718
2400;33.38855
2700;33.38913
3000;33.38937
3300;33.38937
