time_seconds;temperature
0;26.08000
300;26.00000
600;25.98000
900;25.89000
1200;26.03000
1500;26.03000
1800;26.03000
2100;26.05000
2400;25.91000
2700;26.05000
3000;25.96000
3300;25.89000
