time_seconds;temperature
0;25.18000
300;25.04000
600;25.02000
900;26.57000
1200;25.04000
1500;25.02000
1800;24.70000
2100;24.70000
2400;24.75000
2700;24.61000
3000;24.56000
3300;24.66000
