time_seconds;temperature
0;22.06000
300;22.10000
600;22.19000
900;22.06000
1200;22.01000
1500;22.06000
1800;22.08000
2100;22.04000
2400;22.06000
2700;22.10000
3000;22.10000
3300;21.99000
