time_seconds;temperature
0;26.17000
300;25.79000
600;25.82000
900;25.72000
1200;25.74000
1500;25.86000
1800;25.79000
2100;25.98000
2400;25.77000
2700;25.63000
3000;25.63000
3300;25.72000
