time_seconds;temperature
0;62.50173
300;62.50173
600;62.50173
900;62.50173
1200;62.50173
1500;62.50173
1800;62.50173
2100;62.50173
2400;62.50173
2700;62.50173
3000;62.50173
3300;62.50173
