time_seconds;temperature
0;24.97000
300;25.09000
600;24.84000
900;24.81000
1200;24.81000
1500;24.61000
1800;24.84000
2100;24.95000
2400;24.81000
2700;24.84000
3000;24.81000
3300;24.68000
