time_seconds;temperature
0;52.47346
300;52.47346
600;52.47346
900;52.47346
1200;52.47346
1500;52.47346
1800;52.47346
2100;52.47346
2400;52.47346
2700;52.47346
3000;52.60105
3300;52.90064
