time_seconds;temperature
0;40.04422
300;40.18635
600;40.25522
900;40.28859
1200;40.30398
1500;40.31147
1800;40.31495
2100;40.31659
2400;40.31735
2700;40.31771
3000;40.31782
3300;40.31782
