time_seconds;temperature
0;42.64896
300;43.17035
600;43.56790
900;43.78726
1200;43.76369
1500;43.62805
1800;43.72794
2100;43.68789
2400;43.68503
2700;44.03109
3000;44.30857
3300;44.46178
