time_seconds;temperature
0;21.00000
300;21.05000
600;21.12000
900;21.03000
1200;20.98000
1500;21.03000
1800;21.07000
2100;20.98000
2400;20.94000
2700;21.14000
3000;21.00000
3300;21.00000
