time_seconds;temperature
0;46.43372
300;46.66411
600;46.82402
900;46.90335
1200;47.06573
1500;47.30385
1800;47.44022
2100;47.50587
2400;47.53639
2700;47.55053
3000;47.55703
3300;47.56007
