time_seconds;temperature
0;38.06791
300;38.06918
600;38.16021
900;38.29529
1200;38.36632
1500;38.39813
1800;38.41200
2100;38.41802
2400;38.42064
2700;38.42178
3000;38.42227
3300;38.42248
