time_seconds;temperature
0;25.42000
300;25.18000
600;25.39000
900;25.32000
1200;25.32000
1500;25.32000
1800;25.35000
2100;25.37000
2400;25.23000
2700;25.42000
3000;25.30000
3300;25.35000
