time_seconds;temperature
0;39.96189
300;40.07876
600;40.13641
900;40.16201
1200;40.17321
1500;40.17806
1800;40.18016
2100;40.18107
2400;40.18146
2700;40.18164
3000;40.24822
3300;40.39097
