time_seconds;temperature
0;40.08401
300;40.13881
600;40.16308
900;40.17367
1200;40.17826
1500;40.18025
1800;40.18111
2100;40.18148
2400;40.18164
2700;40.18166
3000;40.18166
3300;40.18166
