time_seconds;temperature
0;22.87000
300;22.92000
600;22.94000
900;22.87000
1200;22.94000
1500;22.87000
1800;22.90000
2100;22.90000
2400;22.92000
2700;22.94000
3000;22.80000
3300;22.85000
