time_seconds;temperature
0;22.24000
300;22.10000
600;22.17000
900;22.08000
1200;22.15000
1500;22.13000
1800;22.01000
2100;22.08000
2400;22.10000
2700;21.99000
3000;22.10000
3300;22.06000
