time_seconds;temperature
0;19.91000
300;20.08000
600;19.75000
900;19.87000
1200;19.75000
1500;19.85000
1800;19.85000
2100;19.89000
2400;19.91000
2700;19.89000
3000;19.73000
3300;19.82000
