time_seconds;temperature
0;25.14000
300;24.97000
600;25.09000
900;25.02000
1200;24.97000
1500;24.97000
1800;24.97000
2100;24.95000
2400;25.00000
2700;24.93000
3000;24.95000
3300;24.95000
