time_seconds;temperature
0;51.30252
300;51.10975
600;51.10975
900;51.10975
1200;51.10975
1500;51.10975
1800;51.10975
2100;51.10975
2400;51.10975
2700;51.10975
3000;51.10975
3300;51.10975
