time_seconds;temperature
0;21.92000
300;21.61000
600;21.49000
900;21.47000
1200;21.37000
1500;21.35000
1800;21.25000
2100;21.30000
2400;21.35000
2700;21.35000
3000;21.73000
3300;21.59000
