time_seconds;temperature
0;24.29000
300;24.24000
600;24.20000
900;24.13000
1200;24.08000
1500;24.13000
1800;24.32000
2100;24.20000
2400;24.08000
2700;24.20000
3000;24.10000
3300;24.17000
