time_seconds;temperature
0;26.48000
300;26.37000
600;26.51000
900;26.42000
1200;26.35000
1500;26.39000
1800;26.42000
2100;26.35000
2400;26.35000
2700;26.35000
3000;26.35000
3300;26.32000
