time_seconds;temperature
0;25.72000
300;25.74000
600;25.74000
900;25.89000
1200;25.79000
1500;25.89000
1800;25.89000
2100;25.82000
2400;25.84000
2700;25.84000
3000;25.89000
3300;25.79000
