time_seconds;temperature
0;20.94000
300;20.98000
600;20.94000
900;21.07000
1200;20.98000
1500;20.94000
1800;21.00000
2100;20.87000
2400;20.87000
2700;20.89000
3000;20.87000
3300;20.98000
