time_seconds;temperature
0;26.03000
300;26.05000
600;26.14000
900;26.03000
1200;26.03000
1500;26.12000
1800;25.96000
2100;25.98000
2400;26.00000
2700;25.96000
3000;25.84000
3300;25.93000
