time_seconds;temperature
0;37.26815
300;37.26858
600;37.29608
900;37.49864
1200;37.83063
1500;38.14204
1800;38.32413
2100;38.40790
2400;38.45009
2700;38.46885
3000;38.47821
3300;38.48237
