time_seconds;temperature
0;52.40114
300;52.41168
600;52.41628
900;52.42699
1200;52.61194
1500;52.81886
1800;52.92424
2100;52.97247
2400;53.10195
2700;53.34552
3000;53.48498
3300;53.54986
