time_seconds;temperature
0;26.08000
300;25.79000
600;25.96000
900;25.96000
1200;25.77000
1500;25.79000
1800;25.77000
2100;25.67000
2400;25.79000
2700;25.91000
3000;25.77000
3300;25.84000
