time_seconds;temperature
0;60.26173
300;60.26173
600;60.26173
900;60.26173
1200;60.26173
1500;60.26173
1800;60.26173
2100;60.26173
2400;60.26173
2700;60.26173
3000;60.26173
3300;60.26173
