time_seconds;temperature
0;27.79000
300;27.61000
600;27.68000
900;27.52000
1200;27.49000
1500;27.54000
1800;27.49000
2100;27.56000
2400;27.63000
2700;27.49000
3000;27.49000
3300;27.43000
