time_seconds;temperature
0;25.28000
300;25.32000
600;25.23000
900;25.21000
1200;25.25000
1500;25.37000
1800;25.21000
2100;25.35000
2400;25.42000
2700;25.32000
3000;25.32000
3300;25.42000
