time_seconds;temperature
0;37.20070
300;37.27019
600;37.34333
900;37.50256
1200;37.67690
1500;37.85072
1800;37.81891
2100;37.73977
2400;37.57562
2700;37.46116
3000;37.40757
3300;37.38403
