time_seconds;temperature
0;24.24000
300;24.17000
600;24.06000
900;24.08000
1200;24.03000
1500;24.06000
1800;24.13000
2100;24.08000
2400;23.96000
2700;24.03000
3000;23.87000
3300;24.01000
