time_seconds;temperature
0;24.43000
300;24.43000
600;24.52000
900;24.47000
1200;24.36000
1500;24.38000
1800;24.45000
2100;24.43000
2400;24.52000
2700;24.38000
3000;24.32000
3300;24.43000
