time_seconds;temperature
0;25.65000
300;25.63000
600;25.39000
900;25.49000
1200;25.37000
1500;25.51000
1800;25.42000
2100;25.46000
2400;25.39000
2700;25.49000
3000;25.37000
3300;25.25000
