time_seconds;temperature
0;24.45000
300;24.61000
600;24.38000
900;24.72000
1200;25.00000
1500;25.02000
1800;25.09000
2100;25.14000
2400;25.21000
2700;25.35000
3000;25.30000
3300;25.42000
