time_seconds;temperature
0;52.82685
300;52.82685
600;52.82685
900;52.82685
1200;52.82685
1500;52.82685
1800;52.82685
2100;52.82685
2400;52.82685
2700;52.82685
3000;52.82685
3300;52.82685
