time_seconds;temperature
0;20.87000
300;20.76000
600;20.82000
900;20.96000
1200;20.78000
1500;20.66000
1800;20.89000
2100;20.76000
2400;20.87000
2700;20.89000
3000;20.71000
3300;20.78000
