time_seconds;temperature
0;25.53000
300;25.56000
600;25.42000
900;25.44000
1200;25.35000
1500;25.58000
1800;25.67000
2100;25.72000
2400;25.56000
2700;25.65000
3000;25.49000
3300;25.70000
