time_seconds;temperature
0;56.24082
300;56.25200
600;56.25686
900;56.25897
1200;56.25989
1500;56.26028
1800;56.26045
2100;56.26102
2400;56.39460
2700;56.63012
3000;56.75756
3300;56.81496
