time_seconds;temperature
0;65.93546
300;65.93546
600;65.93546
900;65.93546
1200;65.93546
1500;65.93546
1800;65.95029
2100;66.08442
2400;66.22066
2700;66.29755
3000;66.33754
3300;66.35740
