time_seconds;temperature
0;20.73000
300;20.73000
600;20.56000
900;20.61000
1200;20.51000
1500;20.71000
1800;20.61000
2100;20.56000
2400;20.56000
2700;20.58000
3000;20.46000
3300;20.58000
