time_seconds;temperature
0;26.35000
300;26.39000
600;26.37000
900;26.21000
1200;26.30000
1500;26.39000
1800;26.21000
2100;26.26000
2400;26.21000
2700;26.12000
3000;26.30000
3300;26.17000
