time_seconds;temperature
0;26.12000
300;26.14000
600;26.03000
900;26.17000
1200;26.05000
1500;26.08000
1800;26.14000
2100;26.10000
2400;26.12000
2700;26.08000
3000;26.12000
3300;25.86000
