time_seconds;temperature
0;57.72836
300;57.84448
600;57.91409
900;57.94652
1200;57.96165
1500;57.96858
1800;57.97180
2100;57.97327
2400;57.97395
2700;57.97426
3000;57.97440
3300;57.97447
