time_seconds;temperature
0;20.44000
300;20.44000
600;20.39000
900;20.46000
1200;20.49000
1500;20.61000
1800;20.41000
2100;20.36000
2400;20.44000
2700;20.44000
3000;20.46000
3300;20.39000
