time_seconds;temperature
0;21.05000
300;21.10000
600;21.07000
900;21.14000
1200;21.10000
1500;21.03000
1800;21.16000
2100;21.05000
2400;21.03000
2700;21.05000
3000;20.98000
3300;21.00000
