time_seconds;temperature
0;64.23035
300;64.44503
600;64.57780
900;64.64376
1200;64.80148
1500;65.04472
1800;65.34924
2100;65.56285
2400;65.66780
2700;65.60471
3000;65.43154
3300;65.32991
