time_seconds;temperature
0;57.44653
300;57.44653
600;57.44653
900;57.44653
1200;57.44653
1500;57.44653
1800;57.44653
2100;57.44653
2400;57.44653
2700;57.44653
3000;57.44653
3300;57.44653
