time_seconds;temperature
0;29.57302
300;29.57302
600;29.57302
900;29.57302
1200;29.57302
1500;29.57302
1800;29.57302
2100;29.57302
2400;29.57302
2700;29.57302
3000;29.57302
3300;29.57302
