time_seconds;temperature
0;30.45965
300;30.41992
600;30.39307
900;30.37063
1200;30.35656
1500;30.34487
1800;30.33781
2100;30.33197
2400;30.32816
2700;30.32509
3000;30.32312
3300;30.32142
