time_seconds;temperature
0;25.46000
300;25.39000
600;25.39000
900;25.46000
1200;25.39000
1500;25.39000
1800;25.39000
2100;25.44000
2400;25.37000
2700;25.42000
3000;25.30000
3300;25.32000
