time_seconds;temperature
0;22.17000
300;22.22000
600;22.22000
900;22.08000
1200;22.08000
1500;22.24000
1800;22.01000
2100;21.99000
2400;22.15000
2700;22.10000
3000;22.01000
3300;22.04000
