time_seconds;temperature
0;60.67624
300;60.67624
600;60.67624
900;60.67624
1200;60.67624
1500;60.67624
1800;60.67624
2100;60.67624
2400;60.67624
2700;60.67624
3000;60.67624
3300;60.67624
