time_seconds;temperature
0;52.41717
300;52.41841
600;52.41906
900;52.41946
1200;52.41967
1500;52.41980
1800;52.41986
2100;52.41991
2400;52.41991
2700;52.41991
3000;52.41991
3300;52.41991
