time_seconds;temperature
0;26.39000
300;26.35000
600;26.21000
900;26.14000
1200;26.17000
1500;26.26000
1800;26.12000
2100;26.19000
2400;26.28000
2700;26.17000
3000;26.08000
3300;26.14000
