time_seconds;temperature
0;25.46000
300;25.63000
600;25.53000
900;25.58000
1200;25.67000
1500;25.70000
1800;25.58000
2100;25.53000
2400;25.53000
2700;25.39000
3000;25.37000
3300;25.42000
