time_seconds;temperature
0;19.66000
300;20.32000
600;20.36000
900;20.29000
1200;20.41000
1500;20.24000
1800;20.29000
2100;20.22000
2400;20.34000
2700;20.34000
3000;20.29000
3300;20.27000
