time_seconds;temperature
0;48.72276
300;48.74843
600;48.75958
900;48.76441
1200;48.84861
1500;49.09620
1800;49.24765
2100;49.31702
2400;49.34750
2700;49.36071
3000;49.36644
3300;49.36893
