time_seconds;temperature
0;25.42000
300;25.44000
600;25.39000
900;25.70000
1200;25.56000
1500;25.63000
1800;25.49000
2100;25.53000
2400;25.42000
2700;25.51000
3000;25.18000
3300;25.28000
