time_seconds;temperature
0;35.06776
300;35.06776
600;35.06776
900;35.06776
1200;35.06776
1500;35.06776
1800;35.06776
2100;35.06776
2400;35.06776
2700;35.06776
3000;35.06776
3300;35.06776
