time_seconds;temperature
0;39.48443
300;39.48506
600;39.48547
900;39.48573
1200;39.48593
1500;39.48605
1800;39.48614
2100;39.48619
2400;39.48624
2700;39.48626
3000;39.48626
3300;39.48776
