time_seconds;temperature
0;24.75000
300;24.81000
600;24.79000
900;24.70000
1200;24.91000
1500;24.81000
1800;24.95000
2100;24.95000
2400;24.88000
2700;24.93000
3000;24.93000
3300;24.93000
