time_seconds;temperature
0;26.05000
300;25.86000
600;25.91000
900;25.93000
1200;25.96000
1500;26.00000
1800;26.08000
2100;25.82000
2400;25.74000
2700;25.86000
3000;26.00000
3300;25.89000
