time_seconds;temperature
0;41.71128
300;41.53345
600;41.47954
900;41.32875
1200;41.15893
1500;41.04465
1800;40.95359
2100;40.90025
2400;40.85944
2700;40.83628
3000;40.81927
3300;40.80915
