time_seconds;temperature
0;27.95000
300;28.12000
600;28.00000
900;27.84000
1200;27.81000
1500;27.91000
1800;27.79000
2100;27.77000
2400;27.84000
2700;27.77000
3000;27.74000
3300;27.61000
