time_seconds;temperature
0;20.58000
300;20.76000
600;20.68000
900;20.56000
1200;20.66000
1500;20.63000
1800;20.56000
2100;20.49000
2400;20.56000
2700;20.54000
3000;20.58000
3300;20.73000
