time_seconds;temperature
0;26.30000
300;26.17000
600;26.17000
900;26.14000
1200;26.19000
1500;26.12000
1800;26.21000
2100;26.23000
2400;26.08000
2700;26.00000
3000;26.08000
3300;25.98000
