time_seconds;temperature
0;20.17000
300;20.41000
600;20.03000
900;19.78000
1200;19.80000
1500;19.91000
1800;19.98000
2100;20.01000
2400;20.32000
2700;20.08000
3000;19.94000
3300;19.78000
