time_seconds;temperature
0;52.41357
300;52.41673
600;52.41819
900;52.41908
1200;52.41947
1500;52.41972
1800;52.41983
2100;52.41989
2400;52.41992
2700;52.41994
3000;52.41994
3300;52.41994
