time_seconds;temperature
0;20.91000
300;20.91000
600;21.03000
900;20.87000
1200;20.89000
1500;20.85000
1800;20.91000
2100;20.82000
2400;20.96000
2700;20.96000
3000;20.82000
3300;20.85000
