time_seconds;temperature
0;20.56000
300;20.68000
600;20.58000
900;20.51000
1200;20.51000
1500;20.56000
1800;20.89000
2100;21.12000
2400;20.96000
2700;20.73000
3000;21.00000
3300;20.85000
