time_seconds;temperature
0;27.45000
300;27.25000
600;27.40000
900;27.34000
1200;27.27000
1500;27.15000
1800;27.25000
2100;27.20000
2400;27.25000
2700;27.01000
3000;27.13000
3300;27.11000
