time_seconds;temperature
0;47.56245
300;47.60636
600;47.83838
900;48.01289
1200;48.09658
1500;48.13470
1800;48.15151
2100;48.15921
2400;48.16260
2700;48.16414
3000;48.16481
3300;48.16513
