time_seconds;temperature
0;24.91000
300;24.91000
600;24.95000
900;24.97000
1200;24.84000
1500;24.91000
1800;24.84000
2100;24.84000
2400;24.81000
2700;24.91000
3000;24.86000
3300;24.81000
