time_seconds;temperature
0;23.89000
300;23.89000
600;23.98000
900;23.87000
1200;23.45000
1500;23.87000
1800;23.77000
2100;23.84000
2400;23.96000
2700;23.84000
3000;23.94000
3300;23.77000
