time_seconds;temperature
0;21.92000
300;21.73000
600;21.75000
900;21.80000
1200;21.80000
1500;21.90000
1800;21.85000
2100;21.80000
2400;21.95000
2700;21.87000
3000;21.97000
3300;21.85000
