time_seconds;temperature
0;23.41000
300;23.29000
600;23.27000
900;23.29000
1200;23.27000
1500;23.43000
1800;23.43000
2100;23.34000
2400;23.38000
2700;23.41000
3000;23.43000
3300;23.34000
