time_seconds;temperature
0;23.63000
300;23.61000
600;23.52000
900;23.94000
1200;24.24000
1500;24.20000
1800;24.32000
2100;24.15000
2400;24.17000
2700;24.17000
3000;24.03000
3300;23.66000
