time_seconds;temperature
0;20.78000
300;20.87000
600;20.78000
900;20.80000
1200;20.89000
1500;20.82000
1800;20.85000
2100;20.85000
2400;20.89000
2700;20.80000
3000;20.76000
3300;20.76000
