time_seconds;temperature
0;38.05017
300;38.06032
600;38.06472
900;38.06664
1200;38.10110
1500;38.24464
1800;38.34218
2100;38.38751
2400;38.40736
2700;38.41602
3000;38.41978
3300;38.42140
