time_seconds;temperature
0;24.20000
300;24.20000
600;24.13000
900;24.17000
1200;24.17000
1500;24.13000
1800;24.13000
2100;24.13000
2400;24.13000
2700;24.20000
3000;23.98000
3300;24.08000
