time_seconds;temperature
0;38.84548
300;39.21395
600;39.59536
900;39.80654
1200;39.91500
1500;39.96596
1800;39.99214
2100;40.00440
2400;40.01065
2700;40.01361
3000;40.01511
3300;40.01582
