time_seconds;temperature
0;38.46463
300;38.44646
600;38.43615
900;38.43015
1200;38.42701
1500;38.42520
1800;38.42416
2100;38.42359
2400;38.42324
2700;38.42306
3000;38.42296
3300;38.42290
