time_seconds;temperature
0;28.94000
300;28.92000
600;28.78000
900;28.92000
1200;28.83000
1500;28.89000
1800;28.80000
2100;28.83000
2400;28.80000
2700;28.87000
3000;28.85000
3300;28.74000
