time_seconds;temperature
0;38.41562
300;38.41880
600;38.42009
900;38.42123
1200;38.42170
1500;38.42212
1800;38.42230
2100;38.46541
2400;38.54532
2700;38.63640
3000;38.68726
3300;38.72365
