time_seconds;temperature
0;40.17100
300;40.17695
600;40.17962
900;40.18082
1200;40.18135
1500;40.18163
1800;40.25756
2100;40.51123
2400;40.70436
2700;40.80030
3000;40.84287
3300;40.86280
