time_seconds;temperature
0;26.44000
300;26.51000
600;26.32000
900;26.00000
1200;25.63000
1500;25.42000
1800;25.11000
2100;24.75000
2400;24.52000
2700;24.43000
3000;24.66000
3300;24.81000
