time_seconds;temperature
0;39.09935
300;39.10009
600;39.10044
900;39.10061
1200;39.10065
1500;39.10065
1800;39.10065
2100;39.10065
2400;39.10065
2700;39.10065
3000;39.10065
3300;39.10065
