time_seconds;temperature
0;20.46000
300;20.44000
600;20.34000
900;20.56000
1200;20.41000
1500;20.41000
1800;20.54000
2100;20.61000
2400;20.51000
2700;20.46000
3000;20.49000
3300;20.36000
