time_seconds;temperature
0;21.05000
300;21.00000
600;20.89000
900;20.85000
1200;20.89000
1500;21.14000
1800;20.98000
2100;21.03000
2400;20.87000
2700;21.00000
3000;20.96000
3300;21.12000
