time_seconds;temperature
0;21.14000
300;21.42000
600;21.42000
900;21.44000
1200;21.54000
1500;21.44000
1800;21.44000
2100;21.16000
2400;21.16000
2700;21.16000
3000;21.14000
3300;21.19000
