time_seconds;temperature
0;37.71078
300;37.70758
600;37.66211
900;37.55972
1200;37.49542
1500;37.44431
1800;37.41480
2100;37.39564
2400;37.38390
2700;37.37722
3000;37.37259
3300;37.37025
