time_seconds;temperature
0;25.14000
300;25.04000
600;25.14000
900;25.00000
1200;25.11000
1500;25.07000
1800;25.25000
2100;25.14000
2400;25.02000
2700;24.86000
3000;25.21000
3300;25.23000
