time_seconds;temperature
0;26.53000
300;26.39000
600;26.60000
900;26.44000
1200;26.39000
1500;26.35000
1800;26.35000
2100;26.37000
2400;26.32000
2700;26.32000
3000;26.35000
3300;26.32000
