time_seconds;temperature
0;25.35000
300;25.28000
600;25.42000
900;25.39000
1200;25.23000
1500;25.35000
1800;25.23000
2100;25.23000
2400;25.25000
2700;25.23000
3000;25.32000
3300;25.18000
