time_seconds;temperature
0;39.84081
300;39.84081
600;39.84081
900;39.84167
1200;39.92606
1500;40.07288
1800;40.27395
2100;40.41697
2400;40.51389
2700;40.68052
3000;40.78861
3300;40.83851
