time_seconds;temperature
0;28.12000
300;28.24000
600;28.14000
900;28.26000
1200;28.05000
1500;27.93000
1800;28.02000
2100;27.88000
2400;27.77000
2700;27.81000
3000;27.65000
3300;27.68000
