time_seconds;temperature
0;21.92000
300;22.17000
600;21.99000
900;21.97000
1200;21.95000
1500;21.95000
1800;22.13000
2100;21.97000
2400;21.85000
2700;22.10000
3000;21.99000
3300;21.90000
