time_seconds;temperature
0;24.72000
300;24.91000
600;24.79000
900;24.77000
1200;24.88000
1500;24.61000
1800;24.70000
2100;24.75000
2400;24.79000
2700;24.66000
3000;24.75000
3300;24.77000
