time_seconds;temperature
0;22.19000
300;22.19000
600;22.26000
900;22.19000
1200;22.19000
1500;22.29000
1800;22.33000
2100;22.19000
2400;22.17000
2700;22.15000
3000;22.19000
3300;22.22000
