time_seconds;temperature
0;54.24829
300;54.19179
600;54.11921
900;53.99052
1200;53.88688
1500;53.66936
1800;53.41702
2100;53.27177
2400;53.21110
2700;53.20039
3000;54.01468
3300;54.49947
