time_seconds;temperature
0;56.11895
300;56.11895
600;56.11895
900;56.12898
1200;56.25815
1500;56.41524
1800;56.54868
2100;56.61543
2400;56.66736
2700;56.69181
3000;56.70996
3300;56.71875
