time_seconds;temperature
0;23.73000
300;23.68000
600;23.82000
900;23.73000
1200;23.68000
1500;23.82000
1800;23.73000
2100;23.73000
2400;23.61000
2700;23.63000
3000;23.73000
3300;23.61000
