time_seconds;temperature
0;22.92000
300;23.14000
600;23.16000
900;23.20000
1200;23.25000
1500;23.09000
1800;23.14000
2100;23.14000
2400;23.27000
2700;23.23000
3000;23.11000
3300;23.09000
