time_seconds;temperature
0;39.84075
300;39.84075
600;39.84075
900;39.84075
1200;39.84075
1500;39.84075
1800;39.84075
2100;39.84075
2400;39.84075
2700;39.84075
3000;39.84075
3300;39.84075
