time_seconds;temperature
0;26.48000
300;26.48000
600;26.71000
900;26.67000
1200;26.48000
1500;26.57000
1800;26.46000
2100;26.14000
2400;26.23000
2700;26.21000
3000;26.10000
3300;26.17000
