time_seconds;temperature
0;52.54068
300;52.72048
600;52.91652
900;53.01710
1200;53.07033
1500;53.09398
1800;53.10640
2100;53.11186
2400;53.11474
2700;53.11600
3000;53.11667
3300;53.11695
