time_seconds;temperature
0;40.18163
300;40.18166
600;40.18166
900;40.19023
1200;40.31129
1500;40.43127
1800;40.49016
2100;40.51627
2400;40.52762
2700;40.53254
3000;40.53468
3300;40.53561
