time_seconds;temperature
0;20.44000
300;20.51000
600;20.61000
900;20.63000
1200;20.56000
1500;20.49000
1800;20.44000
2100;20.46000
2400;20.56000
2700;20.49000
3000;20.56000
3300;20.56000
