time_seconds;temperature
0;20.94000
300;21.03000
600;20.98000
900;20.96000
1200;21.03000
1500;20.89000
1800;20.91000
2100;21.30000
2400;20.89000
2700;20.89000
3000;20.98000
3300;20.94000
