time_seconds;temperature
0;59.44618
300;59.29702
600;59.00996
900;59.17773
1200;57.48244
1500;55.64609
1800;53.60965
2100;52.54431
2400;52.20417
2700;53.54096
3000;56.13659
3300;59.14939
