time_seconds;temperature
0;52.38247
300;52.32216
600;52.28241
900;52.25892
1200;52.24607
1500;52.23809
1800;52.17236
2100;51.98682
2400;51.83699
2700;51.73555
3000;51.67738
3300;51.64203
