time_seconds;temperature
0;21.87000
300;22.13000
600;22.01000
900;22.17000
1200;21.95000
1500;21.95000
1800;21.87000
2100;21.85000
2400;22.08000
2700;21.95000
3000;21.87000
3300;22.06000
