time_seconds;temperature
0;56.26072
300;56.26072
600;56.26072
900;56.26072
1200;56.26072
1500;56.26072
1800;56.26072
2100;56.26072
2400;56.26072
2700;56.26072
3000;56.26072
3300;56.26072
