time_seconds;temperature
0;39.84084
300;39.84084
600;39.84084
900;39.84084
1200;39.84084
1500;39.84084
1800;39.84084
2100;39.84084
2400;39.84084
2700;39.84084
3000;39.84084
3300;39.84084
