time_seconds;temperature
0;20.17000
300;20.15000
600;20.08000
900;20.10000
1200;20.08000
1500;20.15000
1800;20.17000
2100;20.19000
2400;20.12000
2700;20.22000
3000;20.10000
3300;20.12000
