time_seconds;temperature
0;21.51000
300;21.59000
600;21.54000
900;21.59000
1200;21.85000
1500;21.59000
1800;21.54000
2100;21.59000
2400;21.56000
2700;21.56000
3000;21.66000
3300;21.54000
