time_seconds;temperature
0;29.92444
300;29.92444
600;29.92444
900;29.92444
1200;29.92444
1500;29.92444
1800;29.92444
2100;29.92444
2400;29.92444
2700;29.92444
3000;29.92444
3300;29.92444
