time_seconds;temperature
0;61.97382
300;61.97382
600;61.97382
900;61.97382
1200;61.97382
1500;61.97382
1800;61.97382
2100;61.97382
2400;61.97382
2700;61.97382
3000;61.97382
3300;61.97382
