time_seconds;temperature
0;60.85312
300;60.67145
600;60.67406
900;60.67532
1200;60.67591
1500;60.67621
1800;60.67624
2100;60.67624
2400;60.67624
2700;60.67624
3000;60.67624
3300;60.67624
