time_seconds;temperature
0;24.95000
300;24.95000
600;24.97000
900;24.88000
1200;24.91000
1500;25.04000
1800;24.93000
2100;24.79000
2400;24.86000
2700;24.86000
3000;24.84000
3300;24.93000
