time_seconds;temperature
0;20.51000
300;20.49000
600;20.51000
900;20.56000
1200;20.36000
1500;20.56000
1800;20.46000
2100;20.51000
2400;20.46000
2700;20.39000
3000;20.44000
3300;20.61000
