time_seconds;temperature
0;26.80000
300;26.69000
600;26.60000
900;26.73000
1200;26.60000
1500;26.62000
1800;26.60000
2100;26.57000
2400;26.55000
2700;26.51000
3000;26.55000
3300;26.46000
