time_seconds;temperature
0;24.15000
300;24.03000
600;24.15000
900;24.27000
1200;24.22000
1500;24.45000
1800;24.34000
2100;24.27000
2400;24.13000
2700;24.27000
3000;24.24000
3300;24.20000
