time_seconds;temperature
0;26.53000
300;26.46000
600;26.44000
900;26.55000
1200;26.44000
1500;26.60000
1800;26.42000
2100;26.42000
2400;26.37000
2700;26.46000
3000;26.44000
3300;26.35000
