time_seconds;temperature
0;24.43000
300;24.45000
600;24.66000
900;24.45000
1200;24.03000
1500;23.91000
1800;23.38000
2100;23.29000
2400;23.48000
2700;23.57000
3000;23.32000
3300;23.48000
