time_seconds;temperature
0;57.89864
300;58.12715
600;58.30125
900;58.38336
1200;58.41947
1500;58.43517
1800;58.44201
2100;58.44498
2400;58.44626
2700;58.44682
3000;58.44706
3300;58.44715
