time_seconds;temperature
0;52.38017
300;52.23961
600;52.10281
900;51.92618
1200;51.77681
1500;51.69283
1800;51.63307
2100;51.61834
2400;51.65791
2700;51.72909
3000;51.86952
3300;52.02497
