time_seconds;temperature
0;24.24000
300;24.38000
600;24.43000
900;24.24000
1200;24.34000
1500;24.38000
1800;24.41000
2100;24.32000
2400;24.32000
2700;24.34000
3000;24.27000
3300;24.22000
