time_seconds;temperature
0;24.50000
300;24.43000
600;24.66000
900;24.61000
1200;24.59000
1500;24.61000
1800;24.66000
2100;24.63000
2400;24.47000
2700;24.56000
3000;24.52000
3300;24.61000
