time_seconds;temperature
0;24.95000
300;24.93000
600;24.91000
900;24.86000
1200;24.93000
1500;24.86000
1800;25.02000
2100;24.93000
2400;24.91000
2700;24.79000
3000;24.91000
3300;24.81000
