time_seconds;temperature
0;26.69000
300;26.80000
600;26.78000
900;26.69000
1200;26.67000
1500;26.67000
1800;26.53000
2100;26.55000
2400;26.48000
2700;26.53000
3000;26.53000
3300;26.42000
