time_seconds;temperature
0;39.68732
300;39.69644
600;39.70041
900;39.70216
1200;39.80040
1500;40.04958
1800;40.19640
2100;40.26481
2400;40.29478
2700;40.30794
3000;40.31366
3300;40.31613
