time_seconds;temperature
0;20.91000
300;20.73000
600;20.94000
900;20.91000
1200;20.89000
1500;20.85000
1800;20.91000
2100;20.89000
2400;20.94000
2700;20.85000
3000;20.85000
3300;20.85000
