time_seconds;temperature
0;23.91000
300;24.03000
600;23.96000
900;23.91000
1200;23.84000
1500;23.91000
1800;23.89000
2100;23.87000
2400;23.96000
2700;23.77000
3000;23.84000
3300;23.82000
