time_seconds;temperature
0;30.69737
300;30.86199
600;30.99308
900;31.09151
1200;31.16235
1500;31.20837
1800;31.24646
2100;31.26881
2400;31.28892
2700;31.30027
3000;31.30998
3300;31.31595
