time_seconds;temperature
0;22.80000
300;22.85000
600;22.82000
900;22.82000
1200;22.94000
1500;22.92000
1800;22.87000
2100;22.94000
2400;22.90000
2700;22.85000
3000;23.09000
3300;22.92000
