time_seconds;temperature
0;24.32000
300;24.34000
600;24.34000
900;24.24000
1200;24.20000
1500;24.15000
1800;24.24000
2100;24.20000
2400;24.15000
2700;24.10000
3000;24.10000
3300;24.17000
