time_seconds;temperature
0;22.19000
300;22.15000
600;22.04000
900;22.15000
1200;22.10000
1500;22.01000
1800;22.17000
2100;21.99000
2400;22.10000
2700;21.97000
3000;22.06000
3300;22.08000
