time_seconds;temperature
0;22.10000
300;22.61000
600;22.49000
900;22.38000
1200;22.49000
1500;22.44000
1800;22.47000
2100;22.63000
2400;22.47000
2700;22.44000
3000;22.44000
3300;22.68000
