time_seconds;temperature
0;54.79510
300;55.20767
600;55.91081
900;56.39070
1200;56.33034
1500;56.94212
1800;57.72356
2100;58.42452
2400;58.60091
2700;58.09769
3000;57.30076
3300;56.31766
