time_seconds;temperature
0;24.50000
300;24.41000
600;24.27000
900;24.24000
1200;24.22000
1500;24.24000
1800;24.36000
2100;24.34000
2400;24.20000
2700;24.17000
3000;24.20000
3300;23.98000
