time_seconds;temperature
0;59.75481
300;59.75654
600;59.75768
900;59.75827
1200;59.75862
1500;59.75883
1800;59.75888
2100;59.75888
2400;59.79951
2700;59.97109
3000;60.13316
3300;60.23078
