time_seconds;temperature
0;58.01130
300;58.01130
600;58.01130
900;58.01130
1200;58.01130
1500;58.01130
1800;58.01130
2100;58.01130
2400;58.01130
2700;58.01130
3000;58.01130
3300;58.01130
