time_seconds;temperature
0;25.46000
300;25.53000
600;25.32000
900;25.44000
1200;25.39000
1500;24.97000
1800;25.44000
2100;25.35000
2400;25.37000
2700;25.35000
3000;25.39000
3300;25.46000
