time_seconds;temperature
0;27.91000
300;27.86000
600;27.88000
900;27.86000
1200;27.84000
1500;27.63000
1800;27.86000
2100;27.72000
2400;27.68000
2700;27.72000
3000;27.65000
3300;27.61000
