time_seconds;temperature
0;20.89000
300;20.89000
600;20.76000
900;20.71000
1200;20.76000
1500;20.80000
1800;20.82000
2100;20.89000
2400;20.91000
2700;20.80000
3000;20.76000
3300;20.87000
