time_seconds;temperature
0;39.82799
300;39.83758
600;39.83965
900;39.84039
1200;39.84069
1500;39.87067
1800;40.08692
2100;40.32128
2400;40.44114
2700;40.47731
3000;40.35783
3300;40.14102
