time_seconds;temperature
0;21.12000
300;21.12000
600;21.07000
900;21.07000
1200;21.12000
1500;21.07000
1800;21.05000
2100;21.19000
2400;21.19000
2700;21.10000
3000;21.05000
3300;20.98000
