time_seconds;temperature
0;25.51000
300;25.60000
600;25.58000
900;25.72000
1200;25.60000
1500;25.56000
1800;25.58000
2100;25.56000
2400;25.46000
2700;25.56000
3000;25.53000
3300;25.46000
