time_seconds;temperature
0;24.68000
300;24.68000
600;24.61000
900;24.59000
1200;24.68000
1500;24.59000
1800;24.54000
2100;24.47000
2400;24.43000
2700;24.41000
3000;24.43000
3300;24.45000
