time_seconds;temperature
0;24.17000
300;24.03000
600;24.08000
900;24.08000
1200;24.17000
1500;23.96000
1800;23.96000
2100;24.13000
2400;23.84000
2700;23.96000
3000;23.94000
3300;23.87000
