time_seconds;temperature
0;28.14000
300;28.05000
600;27.88000
900;27.86000
1200;27.86000
1500;27.88000
1800;27.79000
2100;27.79000
2400;27.63000
2700;27.74000
3000;27.68000
3300;27.72000
