time_seconds;temperature
0;22.87000
300;22.85000
600;22.68000
900;22.75000
1200;22.73000
1500;22.85000
1800;22.73000
2100;22.73000
2400;22.70000
2700;22.63000
3000;22.66000
3300;22.56000
