time_seconds;temperature
0;21.49000
300;21.37000
600;21.39000
900;21.37000
1200;21.42000
1500;21.32000
1800;21.37000
2100;21.54000
2400;21.42000
2700;21.51000
3000;21.39000
3300;21.49000
