time_seconds;temperature
0;20.98000
300;20.91000
600;20.85000
900;20.87000
1200;20.89000
1500;21.03000
1800;21.54000
2100;20.89000
2400;20.89000
2700;20.98000
3000;20.98000
3300;20.78000
