time_seconds;temperature
0;53.43035
300;53.42758
600;53.42638
900;53.42586
1200;53.42563
1500;53.42553
1800;53.42549
2100;53.42548
2400;53.42547
2700;53.42546
3000;53.42546
3300;53.42546
