time_seconds;temperature
0;24.47000
300;24.47000
600;24.45000
900;24.34000
1200;24.43000
1500;24.32000
1800;24.34000
2100;24.32000
2400;24.36000
2700;24.34000
3000;24.27000
3300;24.41000
