time_seconds;temperature
0;23.54000
300;23.59000
600;23.57000
900;23.57000
1200;23.45000
1500;23.54000
1800;23.50000
2100;23.61000
2400;23.54000
2700;23.63000
3000;23.59000
3300;23.48000
