time_seconds;temperature
0;24.66000
300;24.61000
600;24.59000
900;24.45000
1200;24.45000
1500;24.41000
1800;24.41000
2100;24.50000
2400;24.41000
2700;24.41000
3000;24.27000
3300;24.50000
