time_seconds;temperature
0;47.18775
300;47.30220
600;47.44064
900;47.50891
1200;47.53935
1500;47.55254
1800;47.57630
2100;47.79153
2400;47.99193
2700;48.08915
3000;48.13223
3300;48.15101
