time_seconds;temperature
0;25.18000
300;25.35000
600;25.35000
900;25.25000
1200;25.28000
1500;25.21000
1800;25.25000
2100;25.23000
2400;25.23000
2700;25.11000
3000;25.21000
3300;25.07000
