time_seconds;temperature
0;38.53417
300;38.76349
600;38.92759
900;39.01991
1200;39.06098
1500;39.08240
1800;39.09180
2100;39.09663
2400;39.09874
2700;39.09983
3000;39.10032
3300;39.10054
