time_seconds;temperature
0;25.79000
300;25.72000
600;25.58000
900;25.58000
1200;25.63000
1500;25.79000
1800;25.65000
2100;25.84000
2400;25.72000
2700;25.86000
3000;26.03000
3300;25.96000
