time_seconds;temperature
0;25.46000
300;25.25000
600;25.35000
900;25.25000
1200;25.39000
1500;25.30000
1800;25.25000
2100;25.37000
2400;25.28000
2700;25.18000
3000;25.23000
3300;25.14000
