time_seconds;temperature
0;26.48000
300;26.55000
600;26.55000
900;26.39000
1200;26.37000
1500;26.42000
1800;26.44000
2100;26.21000
2400;26.30000
2700;26.30000
3000;26.37000
3300;26.30000
