time_seconds;temperature
0;47.52857
300;47.54673
600;47.55523
900;47.55920
1200;47.56105
1500;47.56191
1800;47.56231
2100;47.56249
2400;47.56255
2700;47.56255
3000;47.56255
3300;47.56255
