time_seconds;temperature
0;26.14000
300;26.12000
600;26.21000
900;26.10000
1200;26.12000
1500;26.19000
1800;26.14000
2100;26.08000
2400;26.10000
2700;25.77000
3000;25.98000
3300;25.96000
