time_seconds;temperature
0;20.34000
300;20.56000
600;20.51000
900;20.54000
1200;20.46000
1500;20.44000
1800;20.49000
2100;20.46000
2400;21.07000
2700;20.46000
3000;20.54000
3300;20.54000
