time_seconds;temperature
0;25.77000
300;25.77000
600;25.82000
900;25.86000
1200;25.82000
1500;25.70000
1800;25.70000
2100;25.79000
2400;25.89000
2700;25.72000
3000;25.84000
3300;25.65000
