time_seconds;temperature
0;20.22000
300;20.19000
600;20.29000
900;20.22000
1200;20.19000
1500;20.05000
1800;20.12000
2100;20.10000
2400;20.27000
2700;20.19000
3000;20.10000
3300;20.29000
