time_seconds;temperature
0;20.54000
300;20.68000
600;20.66000
900;20.54000
1200;20.56000
1500;20.56000
1800;20.61000
2100;20.44000
2400;20.56000
2700;20.34000
3000;20.51000
3300;20.61000
