time_seconds;temperature
0;26.92000
300;26.76000
600;26.73000
900;26.78000
1200;26.78000
1500;26.73000
1800;26.62000
2100;26.67000
2400;26.60000
2700;26.73000
3000;26.57000
3300;26.69000
