time_seconds;temperature
0;55.36661
300;55.38199
600;55.39062
900;55.39468
1200;55.39654
1500;55.39741
1800;55.39780
2100;55.39799
2400;55.39804
2700;55.39804
3000;55.39804
3300;55.39804
