time_seconds;temperature
0;48.15415
300;48.16044
600;48.22519
900;48.46624
1200;48.62998
1500;48.70674
1800;48.74095
2100;48.75611
2400;48.78094
2700;48.99155
3000;49.19139
3300;49.29069
