time_seconds;temperature
0;36.66349
300;36.66349
600;36.66349
900;36.66349
1200;36.66349
1500;36.66349
1800;36.66349
2100;36.66349
2400;36.66349
2700;36.66349
3000;36.66349
3300;36.66349
