time_seconds;temperature
0;22.19000
300;22.15000
600;22.04000
900;22.10000
1200;21.97000
1500;22.10000
1800;22.06000
2100;22.13000
2400;21.99000
2700;22.06000
3000;21.92000
3300;22.04000
