time_seconds;temperature
0;20.12000
300;20.17000
600;20.10000
900;20.19000
1200;20.19000
1500;20.22000
1800;20.01000
2100;20.12000
2400;20.22000
2700;20.34000
3000;20.12000
3300;20.12000
