time_seconds;temperature
0;54.30116
300;54.30536
600;54.30786
900;54.30921
1200;54.30997
1500;54.31037
1800;54.31060
2100;54.31072
2400;54.31079
2700;54.31082
3000;54.31082
3300;54.31082
