time_seconds;temperature
0;26.08000
300;26.17000
600;25.98000
900;26.17000
1200;26.17000
1500;26.30000
1800;26.39000
2100;26.35000
2400;26.10000
2700;26.21000
3000;26.32000
3300;26.35000
