time_seconds;temperature
0;57.44675
300;57.44675
600;57.44675
900;57.44675
1200;57.44675
1500;57.44675
1800;57.44675
2100;57.44675
2400;57.44675
2700;57.44675
3000;57.44675
3300;57.44675
