time_seconds;temperature
0;39.13166
300;39.13166
600;39.13166
900;39.13408
1200;39.23104
1500;39.36127
1800;39.43002
2100;39.46130
2400;39.47523
2700;39.48140
3000;39.48414
3300;39.48535
