time_seconds;temperature
0;23.94000
300;23.96000
600;23.98000
900;23.84000
1200;23.96000
1500;23.87000
1800;23.84000
2100;23.94000
2400;23.89000
2700;23.91000
3000;23.84000
3300;23.80000
