time_seconds;temperature
0;27.59000
300;27.47000
600;27.38000
900;27.34000
1200;27.59000
1500;27.31000
1800;27.29000
2100;27.54000
2400;27.31000
2700;27.15000
3000;27.08000
3300;27.18000
