time_seconds;temperature
0;26.28000
300;26.39000
600;26.32000
900;26.21000
1200;26.10000
1500;26.32000
1800;26.08000
2100;26.03000
2400;26.03000
2700;26.03000
3000;25.98000
3300;26.10000
