time_seconds;temperature
0;50.61900
300;50.83707
600;51.03927
900;51.13750
1200;51.18105
1500;51.19996
1800;51.20817
2100;51.21174
2400;51.21329
2700;51.21396
3000;51.21424
3300;51.21436
