time_seconds;temperature
0;41.49408
300;41.52303
600;41.53621
900;41.54219
1200;41.54490
1500;41.54612
1800;41.54668
2100;41.54691
2400;41.54701
2700;41.54702
3000;41.54702
3300;41.56745
