time_seconds;temperature
0;40.52776
300;40.53261
600;40.53471
900;40.53562
1200;40.53601
1500;40.53618
1800;40.53620
2100;40.53620
2400;40.53620
2700;40.53620
3000;40.53620
3300;40.53620
