time_seconds;temperature
0;60.20005
300;60.20005
600;60.19965
900;60.10710
1200;58.87631
1500;56.82581
1800;55.51609
2100;53.61020
2400;53.06989
2700;53.95773
3000;54.48435
3300;56.08245
