time_seconds;temperature
0;25.56000
300;25.53000
600;25.63000
900;25.53000
1200;25.46000
1500;25.60000
1800;25.60000
2100;25.46000
2400;25.63000
2700;25.70000
3000;25.60000
3300;25.72000
