time_seconds;temperature
0;17.42000
300;17.25000
600;17.23000
900;17.11000
1200;16.80000
1500;16.94000
1800;16.99000
2100;17.08000
2400;16.91000
2700;16.82000
3000;16.77000
3300;16.94000
