time_seconds;temperature
0;24.66000
300;24.79000
600;24.72000
900;24.72000
1200;24.79000
1500;24.66000
1800;24.84000
2100;24.63000
2400;24.72000
2700;24.66000
3000;24.59000
3300;24.59000
