time_seconds;temperature
0;37.69932
300;37.70724
600;37.71076
900;37.71232
1200;37.71301
1500;37.71331
1800;37.71344
2100;37.71350
2400;37.71352
2700;37.71352
3000;37.71352
3300;37.71352
