time_seconds;temperature
0;26.46000
300;26.55000
600;26.57000
900;26.60000
1200;26.46000
1500;26.42000
1800;26.32000
2100;26.37000
2400;26.37000
2700;26.39000
3000;26.32000
3300;26.67000
