time_seconds;temperature
0;25.09000
300;25.00000
600;24.91000
900;24.93000
1200;24.97000
1500;24.95000
1800;24.95000
2100;24.86000
2400;24.86000
2700;24.86000
3000;24.84000
3300;24.86000
