time_seconds;temperature
0;20.71000
300;20.85000
600;20.80000
900;20.63000
1200;20.76000
1500;20.82000
1800;20.71000
2100;20.85000
2400;19.96000
2700;20.73000
3000;20.63000
3300;20.63000
