time_seconds;temperature
0;52.41829
300;52.41914
600;52.41955
900;52.41975
1200;52.41986
1500;52.41986
1800;52.41986
2100;52.41986
2400;52.41986
2700;52.41986
3000;52.41986
3300;52.41986
