time_seconds;temperature
0;20.36000
300;20.51000
600;20.46000
900;20.44000
1200;20.34000
1500;20.39000
1800;20.36000
2100;20.39000
2400;20.36000
2700;20.46000
3000;20.46000
3300;20.39000
