time_seconds;temperature
0;20.46000
300;20.29000
600;20.27000
900;20.41000
1200;20.34000
1500;20.29000
1800;20.34000
2100;20.34000
2400;20.39000
2700;20.32000
3000;20.44000
3300;20.19000
