time_seconds;temperature
0;40.18166
300;40.18166
600;40.18166
900;40.18166
1200;40.18166
1500;40.18166
1800;40.18166
2100;40.18166
2400;40.21615
2700;40.35960
3000;40.45658
3300;40.50148
