time_seconds;temperature
0;20.44000
300;20.36000
600;20.44000
900;20.44000
1200;20.56000
1500;20.46000
1800;20.44000
2100;20.41000
2400;20.49000
2700;20.49000
3000;20.41000
3300;20.44000
