time_seconds;temperature
0;25.25000
300;25.39000
600;25.30000
900;25.39000
1200;25.39000
1500;25.42000
1800;25.51000
2100;25.49000
2400;25.44000
2700;25.37000
3000;25.46000
3300;25.53000
