time_seconds;temperature
0;20.66000
300;20.51000
600;20.58000
900;20.49000
1200;20.51000
1500;20.66000
1800;20.56000
2100;20.51000
2400;20.56000
2700;20.66000
3000;20.61000
3300;20.54000
