time_seconds;temperature
0;58.21762
300;58.29558
600;58.34184
900;58.37093
1200;58.38812
1500;58.39795
1800;58.40402
2100;58.40725
2400;58.40948
2700;58.41056
3000;58.41138
3300;58.41174
