time_seconds;temperature
0;22.44000
300;22.49000
600;22.40000
900;22.51000
1200;22.49000
1500;22.33000
1800;22.42000
2100;22.47000
2400;22.40000
2700;22.38000
3000;22.33000
3300;22.33000
