time_seconds;temperature
0;21.16000
300;21.30000
600;21.28000
900;21.39000
1200;21.19000
1500;21.19000
1800;21.32000
2100;21.21000
2400;21.21000
2700;21.23000
3000;21.21000
3300;21.37000
