time_seconds;temperature
0;26.08000
300;26.05000
600;26.14000
900;25.98000
1200;26.00000
1500;25.89000
1800;25.98000
2100;26.08000
2400;26.00000
2700;25.93000
3000;25.91000
3300;25.86000
