time_seconds;temperature
0;61.47478
300;61.47478
600;61.47478
900;61.47478
1200;61.47478
1500;61.47478
1800;61.47478
2100;61.47478
2400;61.47478
2700;61.47478
3000;61.47478
3300;61.47478
