time_seconds;temperature
0;25.56000
300;25.56000
600;25.53000
900;25.56000
1200;25.49000
1500;25.60000
1800;25.70000
2100;25.53000
2400;25.58000
2700;25.56000
3000;25.51000
3300;25.51000
