time_seconds;temperature
0;42.16073
300;42.16129
600;42.16153
900;42.16154
1200;42.16155
1500;42.27752
1800;42.52443
2100;42.66408
2400;42.72743
2700;42.75507
3000;42.76705
3300;42.77229
