time_seconds;temperature
0;20.24000
300;20.22000
600;20.17000
900;20.27000
1200;20.19000
1500;20.12000
1800;20.32000
2100;20.24000
2400;20.36000
2700;20.15000
3000;20.22000
3300;20.12000
