time_seconds;temperature
0;23.63000
300;23.63000
600;23.34000
900;23.32000
1200;23.18000
1500;22.94000
1800;22.94000
2100;23.06000
2400;23.16000
2700;23.18000
3000;23.23000
3300;23.23000
