time_seconds;temperature
0;40.45293
300;40.49981
600;40.52047
900;40.52944
1200;40.53334
1500;40.53515
1800;40.60663
2100;40.74256
2400;40.81738
2700;40.85115
3000;40.86590
3300;40.87231
