time_seconds;temperature
0;20.63000
300;20.49000
600;20.56000
900;20.63000
1200;20.54000
1500;20.49000
1800;20.58000
2100;20.58000
2400;20.56000
2700;20.41000
3000;20.61000
3300;20.58000
