time_seconds;temperature
0;26.60000
300;26.51000
600;26.51000
900;26.48000
1200;26.46000
1500;26.46000
1800;26.32000
2100;26.42000
2400;26.51000
2700;26.53000
3000;26.44000
3300;26.30000
