time_seconds;temperature
0;25.72000
300;26.08000
600;26.39000
900;26.48000
1200;26.51000
1500;26.39000
1800;26.37000
2100;26.42000
2400;26.46000
2700;26.37000
3000;26.37000
3300;26.42000
