time_seconds;temperature
0;42.27458
300;42.32732
600;42.49012
900;42.65256
1200;42.77610
1500;42.85990
1800;42.91720
2100;42.95259
2400;42.97690
2700;42.99133
3000;43.00115
3300;43.00716
