time_seconds;temperature
0;23.48000
300;23.41000
600;23.48000
900;23.41000
1200;23.43000
1500;23.45000
1800;23.34000
2100;23.41000
2400;23.38000
2700;23.38000
3000;23.29000
3300;23.45000
