time_seconds;temperature
0;24.52000
300;24.54000
600;24.45000
900;24.38000
1200;24.45000
1500;24.32000
1800;24.32000
2100;24.45000
2400;24.32000
2700;24.36000
3000;24.32000
3300;24.32000
