time_seconds;temperature
0;22.75000
300;22.68000
600;22.73000
900;22.73000
1200;22.66000
1500;22.56000
1800;22.61000
2100;22.70000
2400;22.73000
2700;22.56000
3000;22.42000
3300;22.61000
