time_seconds;temperature
0;21.10000
300;21.10000
600;21.03000
900;20.98000
1200;21.05000
1500;21.05000
1800;21.05000
2100;21.03000
2400;20.91000
2700;20.89000
3000;20.89000
3300;21.07000
