time_seconds;temperature
0;32.85769
300;32.71230
600;32.71245
900;32.71257
1200;32.71264
1500;32.71272
1800;32.71272
2100;32.71272
2400;32.71272
2700;32.71272
3000;32.71272
3300;32.71272
