time_seconds;temperature
0;41.70972
300;41.53265
600;41.53265
900;41.53265
1200;41.53265
1500;41.53265
1800;41.53265
2100;41.53265
2400;41.53265
2700;41.53265
3000;41.53265
3300;41.53265
