time_seconds;temperature
0;25.02000
300;25.60000
600;25.56000
900;25.63000
1200;25.70000
1500;25.60000
1800;25.63000
2100;25.58000
2400;25.49000
2700;25.56000
3000;25.58000
3300;25.49000
