time_seconds;temperature
0;25.16000
300;25.28000
600;25.30000
900;25.16000
1200;25.16000
1500;25.25000
1800;25.23000
2100;25.35000
2400;25.23000
2700;25.23000
3000;25.35000
3300;25.42000
