time_seconds;temperature
0;24.06000
300;24.08000
600;23.94000
900;24.01000
1200;23.91000
1500;24.08000
1800;23.94000
2100;24.01000
2400;24.01000
2700;24.01000
3000;24.01000
3300;24.06000
