time_seconds;temperature
0;21.71000
300;21.85000
600;21.71000
900;21.75000
1200;21.73000
1500;21.63000
1800;21.68000
2100;21.63000
2400;21.73000
2700;21.63000
3000;21.71000
3300;21.59000
