time_seconds;temperature
0;21.00000
300;21.07000
600;20.96000
900;20.82000
1200;20.87000
1500;20.94000
1800;20.96000
2100;20.98000
2400;20.96000
2700;20.94000
3000;20.94000
3300;21.07000
