time_seconds;temperature
0;41.27553
300;41.41387
600;41.49424
900;41.53076
1200;41.54677
1500;41.55372
1800;41.55674
2100;41.55805
2400;41.55862
2700;41.55886
3000;41.55896
3300;41.55901
