time_seconds;temperature
0;26.53000
300;26.64000
600;26.53000
900;26.55000
1200;26.42000
1500;26.42000
1800;26.53000
2100;26.42000
2400;26.53000
2700;26.51000
3000;26.48000
3300;26.37000
