time_seconds;temperature
0;20.29000
300;20.17000
600;20.41000
900;20.08000
1200;20.12000
1500;20.39000
1800;20.22000
2100;20.24000
2400;20.24000
2700;20.27000
3000;20.22000
3300;20.12000
