time_seconds;temperature
0;65.95623
300;65.93538
600;65.87052
900;65.61808
1200;65.36726
1500;65.22044
1800;65.16708
2100;65.31950
2400;65.57782
2700;65.79882
3000;66.04837
3300;66.20667
