time_seconds;temperature
0;25.07000
300;24.88000
600;24.88000
900;24.91000
1200;24.88000
1500;24.88000
1800;24.97000
2100;24.79000
2400;25.00000
2700;24.77000
3000;24.79000
3300;24.81000
