time_seconds;temperature
0;41.17964
300;41.37118
600;41.62563
900;41.95136
1200;42.48516
1500;43.15683
1800;43.82130
2100;44.22881
2400;44.40023
2700;44.28204
3000;44.13278
3300;44.05230
