time_seconds;temperature
0;22.13000
300;22.22000
600;22.13000
900;22.06000
1200;22.10000
1500;22.10000
1800;22.13000
2100;22.06000
2400;22.08000
2700;22.15000
3000;22.15000
3300;22.13000
