time_seconds;temperature
0;25.28000
300;25.25000
600;25.11000
900;25.32000
1200;25.35000
1500;25.18000
1800;25.18000
2100;25.11000
2400;25.18000
2700;25.14000
3000;25.16000
3300;25.14000
