time_seconds;temperature
0;58.04519
300;58.04519
600;58.04519
900;58.04519
1200;58.04519
1500;58.04519
1800;58.04519
2100;58.04519
2400;58.04519
2700;58.04519
3000;58.04519
3300;58.04519
