time_seconds;temperature
0;22.56000
300;22.44000
600;22.56000
900;22.44000
1200;22.40000
1500;22.31000
1800;22.42000
2100;22.35000
2400;22.31000
2700;22.29000
3000;22.31000
3300;22.19000
