time_seconds;temperature
0;22.29000
300;22.22000
600;22.17000
900;22.15000
1200;22.29000
1500;22.31000
1800;22.26000
2100;22.22000
2400;22.26000
2700;22.22000
3000;22.15000
3300;22.19000
