time_seconds;temperature
0;22.51000
300;22.63000
600;22.66000
900;22.63000
1200;22.58000
1500;22.68000
1800;22.66000
2100;22.58000
2400;22.61000
2700;22.40000
3000;22.51000
3300;22.61000
