time_seconds;temperature
0;40.01684
300;40.01684
600;40.01684
900;40.01684
1200;40.01684
1500;40.01684
1800;40.01684
2100;40.01684
2400;40.01684
2700;40.01684
3000;40.01684
3300;40.01684
