time_seconds;temperature
0;20.44000
300;20.29000
600;20.34000
900;20.29000
1200;20.32000
1500;20.34000
1800;20.46000
2100;20.34000
2400;20.27000
2700;20.17000
3000;20.29000
3300;20.27000
