time_seconds;temperature
0;19.68000
300;19.75000
600;19.73000
900;19.82000
1200;19.80000
1500;19.73000
1800;19.80000
2100;19.78000
2400;19.68000
2700;19.82000
3000;19.85000
3300;19.75000
