time_seconds;temperature
0;23.98000
300;24.06000
600;24.03000
900;23.89000
1200;24.17000
1500;24.06000
1800;23.96000
2100;23.94000
2400;23.96000
2700;23.91000
3000;23.98000
3300;23.91000
