time_seconds;temperature
0;28.58000
300;28.60000
600;28.47000
900;28.49000
1200;28.38000
1500;28.40000
1800;28.43000
2100;28.45000
2400;28.26000
2700;28.31000
3000;28.09000
3300;28.33000
