time_seconds;temperature
0;21.28000
300;21.35000
600;21.30000
900;21.39000
1200;21.42000
1500;21.35000
1800;21.42000
2100;21.39000
2400;21.42000
2700;21.30000
3000;21.32000
3300;21.32000
