time_seconds;temperature
0;25.37000
300;25.25000
600;25.00000
900;25.42000
1200;25.42000
1500;25.39000
1800;25.30000
2100;25.32000
2400;25.32000
2700;25.23000
3000;25.39000
3300;25.30000
