time_seconds;temperature
0;37.22457
300;37.30012
600;37.33509
900;37.35109
1200;37.35591
1500;37.26416
1800;37.14098
2100;37.07462
2400;37.04090
2700;37.02555
3000;37.01799
3300;37.01458
