time_seconds;temperature
0;22.40000
300;22.24000
600;22.42000
900;22.26000
1200;22.29000
1500;22.35000
1800;22.35000
2100;22.38000
2400;22.26000
2700;22.33000
3000;22.35000
3300;22.26000
