time_seconds;temperature
0;38.06803
300;38.06803
600;38.06803
900;38.06803
1200;38.06803
1500;38.06803
1800;38.06803
2100;38.06803
2400;38.06803
2700;38.06803
3000;38.06803
3300;38.06803
