time_seconds;temperature
0;21.25000
300;21.25000
600;21.35000
900;21.28000
1200;21.23000
1500;21.12000
1800;21.21000
2100;21.14000
2400;21.14000
2700;21.05000
3000;21.16000
3300;21.10000
