time_seconds;temperature
0;38.42258
300;38.42258
600;38.42258
900;38.42258
1200;38.42258
1500;38.42258
1800;38.42258
2100;38.42258
2400;38.42258
2700;38.42258
3000;38.42258
3300;38.42258
