time_seconds;temperature
0;26.21000
300;26.10000
600;26.23000
900;26.32000
1200;26.44000
1500;26.53000
1800;26.53000
2100;26.32000
2400;26.42000
2700;26.57000
3000;26.57000
3300;26.57000
