time_seconds;temperature
0;26.00000
300;25.93000
600;25.84000
900;25.93000
1200;25.79000
1500;25.79000
1800;25.77000
2100;25.79000
2400;25.77000
2700;25.79000
3000;25.82000
3300;25.93000
