time_seconds;temperature
0;28.00000
300;27.79000
600;27.72000
900;27.38000
1200;27.36000
1500;27.31000
1800;26.92000
2100;26.73000
2400;26.85000
2700;27.01000
3000;26.97000
3300;26.85000
