time_seconds;temperature
0;25.72000
300;25.67000
600;25.65000
900;25.65000
1200;25.63000
1500;25.60000
1800;25.46000
2100;25.46000
2400;25.28000
2700;25.42000
3000;25.39000
3300;25.49000
