time_seconds;temperature
0;53.01067
300;53.01067
600;53.01067
900;53.01067
1200;53.01067
1500;53.01067
1800;53.01067
2100;53.01067
2400;53.01067
2700;53.01067
3000;53.01067
3300;53.01067
