time_seconds;temperature
0;25.84000
300;25.79000
600;25.79000
900;25.84000
1200;25.84000
1500;25.77000
1800;25.77000
2100;25.72000
2400;25.72000
2700;25.70000
3000;25.70000
3300;25.74000
