time_seconds;temperature
0;23.59000
300;23.59000
600;23.66000
900;23.52000
1200;23.66000
1500;23.54000
1800;23.45000
2100;23.61000
2400;23.59000
2700;23.50000
3000;23.52000
3300;23.61000
