time_seconds;temperature
0;25.04000
300;25.07000
600;25.14000
900;25.18000
1200;25.04000
1500;25.04000
1800;25.00000
2100;25.16000
2400;25.04000
2700;24.91000
3000;24.86000
3300;24.72000
