time_seconds;temperature
0;22.40000
300;22.44000
600;22.40000
900;22.33000
1200;22.40000
1500;22.29000
1800;22.29000
2100;22.40000
2400;22.26000
2700;22.24000
3000;22.26000
3300;22.26000
