time_seconds;temperature
0;47.17869
300;47.33136
600;47.44360
900;47.50947
1200;47.55020
1500;47.75951
1800;47.97526
2100;48.08169
2400;48.12902
2700;48.14960
3000;48.15853
3300;48.16241
