time_seconds;temperature
0;21.19000
300;21.32000
600;21.21000
900;21.16000
1200;21.16000
1500;21.19000
1800;21.03000
2100;21.03000
2400;21.10000
2700;21.16000
3000;21.12000
3300;21.21000
