time_seconds;temperature
0;38.47709
300;38.48217
600;38.48444
900;38.48543
1200;38.49201
1500;38.71260
1800;39.17139
2100;39.45752
2400;39.59410
2700;39.65478
3000;39.68201
3300;39.69321
