time_seconds;temperature
0;22.44000
300;22.58000
600;22.58000
900;22.51000
1200;22.63000
1500;22.38000
1800;22.56000
2100;22.51000
2400;22.51000
2700;22.26000
3000;22.44000
3300;22.40000
