time_seconds;temperature
0;25.07000
300;25.09000
600;25.21000
900;25.09000
1200;25.04000
1500;25.07000
1800;25.11000
2100;27.45000
2400;25.18000
2700;25.07000
3000;25.11000
3300;25.21000
