time_seconds;temperature
0;21.21000
300;21.12000
600;21.16000
900;21.14000
1200;21.21000
1500;21.25000
1800;21.14000
2100;21.12000
2400;21.25000
2700;21.12000
3000;21.19000
3300;21.00000
