time_seconds;temperature
0;39.84005
300;39.84050
600;39.85469
900;39.98046
1200;40.08887
1500;40.14099
1800;40.16403
2100;40.17407
2400;40.17843
2700;40.18033
3000;40.18114
3300;40.18149
