time_seconds;temperature
0;40.18166
300;40.18166
600;40.18166
900;40.18166
1200;40.18327
1500;40.27768
1800;40.41161
2100;40.48118
2400;40.51233
2700;40.52591
3000;40.53180
3300;40.53436
