time_seconds;temperature
0;20.78000
300;20.78000
600;20.78000
900;20.82000
1200;20.82000
1500;20.80000
1800;20.89000
2100;20.80000
2400;20.85000
2700;20.96000
3000;20.78000
3300;20.76000
