time_seconds;temperature
0;21.37000
300;21.35000
600;21.44000
900;21.37000
1200;21.35000
1500;21.16000
1800;21.32000
2100;21.37000
2400;21.25000
2700;21.30000
3000;21.39000
3300;21.30000
