time_seconds;temperature
0;21.90000
300;21.95000
600;21.95000
900;21.90000
1200;21.83000
1500;21.87000
1800;21.97000
2100;21.83000
2400;21.78000
2700;21.80000
3000;21.85000
3300;21.87000
