time_seconds;temperature
0;53.92399
300;53.98032
600;54.01853
900;54.04123
1200;54.05921
1500;54.06868
1800;54.07665
2100;54.08127
2400;54.08488
2700;54.08702
3000;54.08862
3300;54.08961
