time_seconds;temperature
0;40.17751
300;40.17988
600;40.18094
900;40.18140
1200;40.18161
1500;40.18166
1800;40.18166
2100;40.18166
2400;40.18166
2700;40.18166
3000;40.18166
3300;40.18166
