time_seconds;temperature
0;43.98076
300;44.16825
600;44.41324
900;44.74021
1200;44.90100
1500;44.75083
1800;44.42951
2100;44.18650
2400;44.07175
2700;44.00652
3000;43.78196
3300;43.57290
