time_seconds;temperature
0;20.91000
300;21.03000
600;20.96000
900;21.05000
1200;21.03000
1500;20.96000
1800;21.03000
2100;21.03000
2400;20.87000
2700;21.00000
3000;20.98000
3300;21.03000
