time_seconds;temperature
0;22.17000
300;22.15000
600;22.08000
900;22.19000
1200;22.15000
1500;22.19000
1800;22.08000
2100;22.29000
2400;22.04000
2700;22.17000
3000;22.13000
3300;22.10000
