time_seconds;temperature
0;48.76790
300;48.76790
600;48.76790
900;48.76790
1200;48.76790
1500;48.76790
1800;48.76790
2100;48.76790
2400;48.82630
2700;49.07007
3000;49.23498
3300;49.31150
