time_seconds;temperature
0;40.18166
300;40.18166
600;40.18166
900;40.18166
1200;40.21208
1500;40.35451
1800;40.45396
2100;40.50032
2400;40.52070
2700;40.52953
3000;40.53338
3300;40.53504
