time_seconds;temperature
0;20.73000
300;20.78000
600;20.66000
900;20.78000
1200;20.80000
1500;20.61000
1800;20.61000
2100;20.66000
2400;20.51000
2700;20.61000
3000;20.71000
3300;20.66000
