time_seconds;temperature
0;24.97000
300;24.86000
600;24.93000
900;25.02000
1200;24.97000
1500;24.91000
1800;25.04000
2100;24.91000
2400;24.84000
2700;24.97000
3000;24.81000
3300;24.77000
