time_seconds;temperature
0;36.47555
300;36.47555
600;36.47555
900;36.47555
1200;36.47555
1500;36.47555
1800;36.47555
2100;36.47555
2400;36.47555
2700;36.47555
3000;36.47555
3300;36.47555
