time_seconds;temperature
0;56.20626
300;56.19959
600;56.00561
900;55.52287
1200;54.76585
1500;53.87987
1800;53.18606
2100;52.92193
2400;53.12416
2700;53.66724
3000;54.27530
3300;55.17040
