time_seconds;temperature
0;26.76000
300;26.87000
600;26.83000
900;26.64000
1200;26.69000
1500;26.73000
1800;26.78000
2100;26.69000
2400;26.62000
2700;26.57000
3000;26.57000
3300;26.55000
