time_seconds;temperature
0;25.39000
300;25.32000
600;25.44000
900;25.30000
1200;25.44000
1500;26.60000
1800;26.85000
2100;26.73000
2400;26.71000
2700;26.76000
3000;25.89000
3300;25.23000
