time_seconds;temperature
0;45.03805
300;45.11977
600;45.15623
900;45.18633
1200;45.37979
1500;45.58518
1800;45.68846
2100;45.73795
2400;45.75967
2700;45.76989
3000;45.77434
3300;45.77647
