time_seconds;temperature
0;24.27000
300;24.47000
600;24.59000
900;24.52000
1200;24.66000
1500;24.68000
1800;24.66000
2100;24.77000
2400;24.77000
2700;24.70000
3000;24.77000
3300;24.75000
