time_seconds;temperature
0;23.80000
300;23.82000
600;23.63000
900;23.63000
1200;23.66000
1500;23.77000
1800;23.75000
2100;23.77000
2400;23.75000
2700;23.89000
3000;23.84000
3300;23.80000
