time_seconds;temperature
0;21.90000
300;21.95000
600;22.04000
900;22.06000
1200;22.06000
1500;22.06000
1800;22.13000
2100;21.87000
2400;21.71000
2700;21.73000
3000;21.75000
3300;21.71000
