time_seconds;temperature
0;20.76000
300;20.82000
600;20.89000
900;20.85000
1200;20.78000
1500;20.80000
1800;20.71000
2100;20.82000
2400;20.76000
2700;20.68000
3000;20.78000
3300;20.82000
