time_seconds;temperature
0;24.84000
300;24.72000
600;24.77000
900;24.70000
1200;24.59000
1500;24.72000
1800;24.66000
2100;24.77000
2400;24.68000
2700;24.77000
3000;24.66000
3300;24.63000
