time_seconds;temperature
0;24.88000
300;24.93000
600;24.86000
900;24.84000
1200;24.81000
1500;24.86000
1800;24.84000
2100;24.81000
2400;24.88000
2700;24.81000
3000;24.86000
3300;24.75000
