time_seconds;temperature
0;20.73000
300;20.51000
600;20.78000
900;20.63000
1200;20.51000
1500;20.73000
1800;20.71000
2100;20.71000
2400;20.68000
2700;20.56000
3000;20.71000
3300;20.71000
