time_seconds;temperature
0;26.35000
300;26.30000
600;26.26000
900;26.17000
1200;26.26000
1500;26.12000
1800;26.17000
2100;26.26000
2400;26.17000
2700;26.19000
3000;25.98000
3300;26.05000
