time_seconds;temperature
0;21.51000
300;21.49000
600;21.42000
900;21.32000
1200;21.39000
1500;21.39000
1800;21.39000
2100;21.30000
2400;21.39000
2700;21.44000
3000;21.32000
3300;21.32000
