time_seconds;temperature
0;46.97153
300;46.97154
600;46.97154
900;46.97154
1200;46.97154
1500;46.97154
1800;46.97154
2100;46.97154
2400;46.97154
2700;46.97154
3000;46.97154
3300;46.97154
