time_seconds;temperature
0;21.00000
300;20.98000
600;20.94000
900;20.94000
1200;21.05000
1500;21.03000
1800;20.89000
2100;21.03000
2400;20.96000
2700;20.91000
3000;20.91000
3300;20.98000
