time_seconds;temperature
0;27.08000
300;27.25000
600;27.08000
900;27.15000
1200;27.27000
1500;27.25000
1800;27.08000
2100;27.06000
2400;27.06000
2700;27.11000
3000;27.08000
3300;27.06000
