time_seconds;temperature
0;35.47808
300;35.76896
600;35.92141
900;35.99367
1200;36.02559
1500;36.04008
1800;36.04645
2100;36.05287
2400;36.21851
2700;36.44543
3000;36.63466
3300;36.93000
