time_seconds;temperature
0;21.51000
300;21.66000
600;21.42000
900;21.25000
1200;21.25000
1500;21.54000
1800;21.75000
2100;22.15000
2400;21.78000
2700;21.83000
3000;21.78000
3300;22.06000
