time_seconds;temperature
0;51.21536
300;51.21494
600;51.21476
900;51.21469
1200;51.21468
1500;51.21468
1800;51.21468
2100;51.21468
2400;51.21468
2700;51.21468
3000;51.21468
3300;51.21512
