time_seconds;temperature
0;20.05000
300;19.96000
600;19.98000
900;19.91000
1200;20.08000
1500;20.12000
1800;20.08000
2100;20.08000
2400;20.08000
2700;20.01000
3000;20.01000
3300;19.94000
