time_seconds;temperature
0;29.56703
300;29.56988
600;29.57128
900;29.57197
1200;29.57227
1500;29.57241
1800;29.57243
2100;29.57243
2400;29.57243
2700;29.57243
3000;29.57243
3300;29.57243
