time_seconds;temperature
0;24.52000
300;24.59000
600;24.56000
900;24.50000
1200;24.47000
1500;24.56000
1800;24.38000
2100;24.47000
2400;24.41000
2700;24.41000
3000;24.34000
3300;24.43000
