time_seconds;temperature
0;26.21000
300;26.23000
600;26.26000
900;26.30000
1200;26.23000
1500;26.14000
1800;26.08000
2100;26.28000
2400;25.98000
2700;25.98000
3000;25.93000
3300;26.00000
