time_seconds;temperature
0;20.46000
300;20.41000
600;20.41000
900;20.29000
1200;20.49000
1500;20.44000
1800;20.56000
2100;20.49000
2400;20.49000
2700;20.34000
3000;20.34000
3300;20.51000
