time_seconds;temperature
0;22.63000
300;22.66000
600;22.66000
900;22.58000
1200;22.68000
1500;22.63000
1800;22.56000
2100;22.70000
2400;22.66000
2700;22.68000
3000;22.66000
3300;22.66000
