time_seconds;temperature
0;56.01259
300;56.01259
600;56.01259
900;56.01553
1200;56.17798
1500;56.40491
1800;56.52233
2100;56.57484
2400;56.59783
2700;56.60779
3000;56.61212
3300;56.61400
