time_seconds;temperature
0;21.56000
300;21.49000
600;21.56000
900;21.54000
1200;21.59000
1500;21.49000
1800;21.49000
2100;21.66000
2400;21.59000
2700;21.49000
3000;21.68000
3300;21.56000
