time_seconds;temperature
0;53.60158
300;53.60158
600;53.62793
900;53.84485
1200;54.02871
1500;54.11937
1800;54.16000
2100;54.17823
2400;54.18627
2700;54.18985
3000;54.19142
3300;54.19212
