time_seconds;temperature
0;21.30000
300;21.05000
600;21.00000
900;21.19000
1200;21.00000
1500;21.07000
1800;21.23000
2100;21.16000
2400;21.12000
2700;21.07000
3000;21.21000
3300;21.16000
