time_seconds;temperature
0;20.89000
300;20.94000
600;20.98000
900;20.96000
1200;20.85000
1500;20.82000
1800;20.94000
2100;20.82000
2400;20.73000
2700;20.73000
3000;20.85000
3300;20.94000
