time_seconds;temperature
0;20.98000
300;21.05000
600;21.00000
900;20.96000
1200;21.07000
1500;20.98000
1800;21.05000
2100;21.05000
2400;20.94000
2700;21.03000
3000;21.03000
3300;20.96000
