time_seconds;temperature
0;67.96334
300;68.14103
600;68.22482
900;68.26169
1200;68.27771
1500;68.30791
1800;68.50872
2100;68.67680
2400;68.72166
2700;68.54927
3000;68.40871
3300;68.34203
