time_seconds;temperature
0;60.80045
300;60.84409
600;61.07080
900;61.23392
1200;61.18534
1500;60.99433
1800;60.88664
2100;60.83775
2400;60.81639
2700;60.80712
3000;60.80309
3300;60.80135
