time_seconds;temperature
0;61.54290
300;61.54290
600;61.54290
900;61.54290
1200;61.54837
1500;61.68227
1800;61.83721
2100;61.91496
2400;61.94954
2700;61.96461
3000;61.97117
3300;61.97401
