time_seconds;temperature
0;25.35000
300;25.49000
600;25.35000
900;25.25000
1200;25.37000
1500;25.39000
1800;25.39000
2100;25.32000
2400;25.07000
2700;25.23000
3000;25.18000
3300;25.11000
