time_seconds;temperature
0;25.56000
300;25.53000
600;25.49000
900;25.46000
1200;25.51000
1500;25.51000
1800;25.49000
2100;25.51000
2400;25.37000
2700;25.56000
3000;25.32000
3300;25.32000
