time_seconds;temperature
0;25.60000
300;25.63000
600;25.51000
900;25.46000
1200;25.56000
1500;25.53000
1800;25.51000
2100;25.53000
2400;25.42000
2700;25.49000
3000;25.46000
3300;25.49000
