time_seconds;temperature
0;21.10000
300;21.07000
600;21.21000
900;21.05000
1200;21.12000
1500;21.23000
1800;21.00000
2100;21.00000
2400;21.00000
2700;21.12000
3000;20.96000
3300;21.05000
