time_seconds;temperature
0;52.60180
300;53.26620
600;53.98089
900;54.82377
1200;55.31825
1500;55.19799
1800;55.09397
2100;55.32977
2400;55.24497
2700;54.70995
3000;53.96634
3300;53.18107
