time_seconds;temperature
0;24.70000
300;24.72000
600;24.63000
900;24.56000
1200;24.66000
1500;24.59000
1800;24.70000
2100;24.61000
2400;24.61000
2700;24.50000
3000;24.50000
3300;24.56000
