time_seconds;temperature
0;68.83699
300;68.30060
600;67.76675
900;67.36448
1200;67.10832
1500;66.96209
1800;66.86381
2100;66.66186
2400;66.44707
2700;66.30808
3000;66.22478
3300;66.17756
