time_seconds;temperature
0;26.42000
300;26.55000
600;26.55000
900;26.42000
1200;26.46000
1500;26.60000
1800;26.28000
2100;25.79000
2400;25.51000
2700;25.37000
3000;25.18000
3300;25.16000
