time_seconds;temperature
0;51.86149
300;51.20323
600;50.78406
900;50.39413
1200;50.05408
1500;49.85308
1800;49.74480
2100;50.15960
2400;51.64892
2700;52.22684
3000;52.22684
3300;52.22684
