time_seconds;temperature
0;22.87000
300;22.87000
600;22.82000
900;22.80000
1200;22.66000
1500;22.73000
1800;22.70000
2100;22.70000
2400;22.80000
2700;22.75000
3000;22.73000
3300;22.75000
