time_seconds;temperature
0;42.72504
300;42.49906
600;42.39725
900;42.33532
1200;42.30560
1500;42.28989
1800;42.28268
2100;42.27887
2400;42.27715
2700;42.27625
3000;42.27736
3300;42.43279
