time_seconds;temperature
0;26.21000
300;26.14000
600;26.12000
900;26.12000
1200;26.17000
1500;26.14000
1800;26.00000
2100;26.10000
2400;26.14000
2700;26.17000
3000;26.19000
3300;26.10000
