time_seconds;temperature
0;21.10000
300;21.12000
600;21.00000
900;21.12000
1200;21.14000
1500;21.05000
1800;20.94000
2100;20.96000
2400;21.07000
2700;20.96000
3000;20.91000
3300;20.96000
