time_seconds;temperature
0;45.71296
300;45.74755
600;45.65315
900;45.43445
1200;45.30488
1500;45.29567
1800;45.48889
2100;45.59746
2400;45.45565
2700;45.31940
3000;45.24888
3300;45.30565
