time_seconds;temperature
0;55.68467
300;55.68467
600;55.68467
900;55.68467
1200;55.68467
1500;55.68467
1800;55.68467
2100;55.68467
2400;55.68467
2700;55.68467
3000;55.68467
3300;55.68467
