time_seconds;temperature
0;24.17000
300;24.08000
600;24.10000
900;24.17000
1200;24.20000
1500;24.08000
1800;24.24000
2100;24.13000
2400;24.06000
2700;24.17000
3000;24.15000
3300;24.01000
