time_seconds;temperature
0;55.39794
300;55.39794
600;55.39794
900;55.39794
1200;55.39794
1500;55.39794
1800;55.39794
2100;55.39794
2400;55.39794
2700;55.39794
3000;55.39794
3300;55.39794
