time_seconds;temperature
0;22.38000
300;22.63000
600;22.61000
900;22.56000
1200;22.56000
1500;22.44000
1800;22.54000
2100;22.56000
2400;22.47000
2700;22.44000
3000;22.44000
3300;22.49000
