time_seconds;temperature
0;52.57344
300;53.69362
600;54.82051
900;56.35449
1200;57.88348
1500;60.01397
1800;60.20010
2100;60.20010
2400;60.19221
2700;60.11905
3000;60.05795
3300;60.20010
