time_seconds;temperature
0;22.04000
300;21.80000
600;21.80000
900;22.01000
1200;22.01000
1500;21.71000
1800;21.80000
2100;21.92000
2400;21.83000
2700;21.87000
3000;21.87000
3300;21.83000
