time_seconds;temperature
0;37.51486
300;37.61907
600;37.67073
900;37.69401
1200;37.70477
1500;37.70956
1800;37.72489
2100;37.84734
2400;37.96205
2700;38.01920
3000;38.04608
3300;38.05809
