time_seconds;temperature
0;23.89000
300;23.87000
600;23.77000
900;23.73000
1200;23.77000
1500;23.80000
1800;23.66000
2100;23.82000
2400;23.94000
2700;23.80000
3000;23.73000
3300;23.75000
