time_seconds;temperature
0;24.61000
300;24.81000
600;24.68000
900;24.68000
1200;24.56000
1500;24.66000
1800;24.56000
2100;24.47000
2400;24.47000
2700;24.34000
3000;24.45000
3300;24.43000
