time_seconds;temperature
0;20.05000
300;20.17000
600;20.05000
900;20.05000
1200;20.03000
1500;20.03000
1800;20.01000
2100;20.08000
2400;19.91000
2700;20.08000
3000;19.96000
3300;20.10000
