time_seconds;temperature
0;22.66000
300;22.56000
600;22.58000
900;22.56000
1200;22.54000
1500;22.54000
1800;22.61000
2100;22.58000
2400;22.61000
2700;22.61000
3000;22.61000
3300;22.58000
