time_seconds;temperature
0;25.89000
300;25.86000
600;25.89000
900;25.86000
1200;25.93000
1500;25.84000
1800;26.12000
2100;25.77000
2400;25.79000
2700;25.84000
3000;26.10000
3300;25.74000
