time_seconds;temperature
0;50.46817
300;50.46817
600;50.46817
900;50.46817
1200;50.46817
1500;50.46817
1800;50.46817
2100;50.46817
2400;50.46817
2700;50.46817
3000;50.46817
3300;50.46817
