time_seconds;temperature
0;37.01122
300;37.01122
600;37.01122
900;37.01122
1200;37.01122
1500;37.01122
1800;37.01122
2100;37.07539
2400;37.21874
2700;37.30029
3000;37.34631
3300;37.48194
