time_seconds;temperature
0;28.00000
300;27.95000
600;27.98000
900;27.86000
1200;27.95000
1500;27.88000
1800;27.84000
2100;27.70000
2400;27.84000
2700;27.93000
3000;27.84000
3300;27.88000
