time_seconds;temperature
0;56.58466
300;56.62905
600;56.78218
900;56.86843
1200;56.91218
1500;56.93183
1800;56.94138
2100;56.94562
2400;56.94770
2700;56.94861
3000;56.94905
3300;56.94925
