time_seconds;temperature
0;45.28918
300;45.52133
600;45.65352
900;45.72128
1200;45.85562
1500;46.09979
1800;46.23909
2100;46.30972
2400;46.34108
2700;46.35633
3000;46.36306
3300;46.41734
