time_seconds;temperature
0;28.87000
300;28.85000
600;28.87000
900;28.87000
1200;28.72000
1500;28.60000
1800;28.69000
2100;28.51000
2400;28.60000
2700;28.54000
3000;28.54000
3300;28.43000
