time_seconds;temperature
0;21.92000
300;21.80000
600;21.80000
900;21.87000
1200;21.80000
1500;21.85000
1800;21.80000
2100;21.83000
2400;21.78000
2700;21.71000
3000;21.75000
3300;21.75000
