time_seconds;temperature
0;52.41976
300;52.41976
600;52.41976
900;52.41976
1200;52.41976
1500;52.41976
1800;52.41976
2100;52.41976
2400;52.41976
2700;52.41976
3000;52.42074
3300;52.56082
