time_seconds;temperature
0;21.71000
300;21.63000
600;21.66000
900;21.61000
1200;21.51000
1500;21.54000
1800;21.56000
2100;21.61000
2400;21.59000
2700;21.49000
3000;21.51000
3300;21.44000
