time_seconds;temperature
0;24.08000
300;24.13000
600;24.06000
900;24.03000
1200;24.06000
1500;24.03000
1800;23.96000
2100;24.13000
2400;23.91000
2700;23.91000
3000;24.01000
3300;24.01000
