time_seconds;temperature
0;26.42000
300;26.37000
600;26.44000
900;26.39000
1200;26.23000
1500;26.37000
1800;26.35000
2100;26.19000
2400;26.42000
2700;26.19000
3000;26.44000
3300;26.21000
