time_seconds;temperature
0;24.29000
300;24.27000
600;24.17000
900;24.10000
1200;24.03000
1500;24.03000
1800;24.01000
2100;23.91000
2400;24.01000
2700;24.03000
3000;23.98000
3300;23.84000
