time_seconds;temperature
0;20.80000
300;20.85000
600;20.91000
900;20.78000
1200;20.82000
1500;20.78000
1800;20.82000
2100;20.80000
2400;20.85000
2700;20.68000
3000;20.82000
3300;20.80000
