time_seconds;temperature
0;63.59092
300;63.59004
600;63.58965
900;63.58945
1200;63.58943
1500;63.58943
1800;63.58943
2100;63.58943
2400;63.58943
2700;63.58943
3000;63.58943
3300;63.58943
