time_seconds;temperature
0;25.23000
300;25.25000
600;25.14000
900;25.32000
1200;25.25000
1500;25.28000
1800;25.28000
2100;25.21000
2400;24.77000
2700;25.14000
3000;25.16000
3300;25.07000
