time_seconds;temperature
0;25.51000
300;25.49000
600;25.53000
900;25.65000
1200;25.60000
1500;25.46000
1800;25.42000
2100;25.44000
2400;25.39000
2700;24.27000
3000;23.61000
3300;23.61000
