time_seconds;temperature
0;42.31096
300;42.54394
600;42.76156
900;42.88531
1200;42.94993
1500;42.98388
1800;42.91002
2100;42.65560
2400;42.47885
2700;42.37838
3000;42.32844
3300;42.30198
