time_seconds;temperature
0;25.14000
300;25.23000
600;25.21000
900;25.28000
1200;25.42000
1500;25.42000
1800;25.42000
2100;25.32000
2400;25.18000
2700;25.42000
3000;25.37000
3300;25.49000
