time_seconds;temperature
0;45.18132
300;45.18443
600;45.18594
900;45.18661
1200;45.18693
1500;45.18707
1800;45.18593
2100;45.06267
2400;44.83769
2700;44.72773
3000;44.86257
3300;45.02246
