time_seconds;temperature
0;20.85000
300;20.85000
600;20.91000
900;20.94000
1200;20.98000
1500;20.85000
1800;20.82000
2100;20.91000
2400;20.73000
2700;20.94000
3000;20.87000
3300;20.85000
