time_seconds;temperature
0;40.97375
300;40.78898
600;40.78898
900;40.78898
1200;40.78898
1500;40.78898
1800;40.78898
2100;40.78898
2400;40.78898
2700;40.78898
3000;40.78898
3300;40.78898
