time_seconds;temperature
0;38.40615
300;38.52012
600;38.65488
900;38.72323
1200;38.78488
1500;38.94088
1800;39.04550
2100;39.09405
2400;39.11540
2700;39.12468
3000;39.12869
3300;39.13044
