time_seconds;temperature
0;37.85616
300;37.85616
600;37.85616
900;37.85616
1200;37.85616
1500;37.85616
1800;37.85616
2100;37.85616
2400;37.85616
2700;37.85616
3000;37.85616
3300;37.85616
