time_seconds;temperature
0;21.21000
300;21.21000
600;21.23000
900;21.10000
1200;21.14000
1500;21.14000
1800;21.10000
2100;21.14000
2400;21.14000
2700;21.07000
3000;21.21000
3300;21.05000
