time_seconds;temperature
0;26.80000
300;26.85000
600;26.71000
900;26.62000
1200;26.73000
1500;26.73000
1800;26.69000
2100;26.67000
2400;26.62000
2700;26.62000
3000;26.67000
3300;26.55000
