time_seconds;temperature
0;25.35000
300;25.37000
600;25.21000
900;25.16000
1200;25.21000
1500;25.30000
1800;25.18000
2100;25.09000
2400;25.11000
2700;24.97000
3000;25.07000
3300;25.09000
