time_seconds;temperature
0;20.66000
300;20.63000
600;20.49000
900;20.61000
1200;20.56000
1500;20.66000
1800;20.63000
2100;20.58000
2400;20.58000
2700;20.76000
3000;20.76000
3300;20.56000
