time_seconds;temperature
0;25.16000
300;25.21000
600;25.07000
900;25.11000
1200;25.25000
1500;25.04000
1800;25.35000
2100;25.07000
2400;25.04000
2700;24.75000
3000;24.93000
3300;24.50000
