time_seconds;temperature
0;25.86000
300;25.72000
600;25.72000
900;25.70000
1200;25.65000
1500;25.74000
1800;25.86000
2100;25.70000
2400;25.63000
2700;25.74000
3000;25.70000
3300;25.53000
