time_seconds;temperature
0;20.76000
300;20.68000
600;20.78000
900;20.85000
1200;20.68000
1500;20.71000
1800;20.87000
2100;20.68000
2400;20.85000
2700;21.00000
3000;21.05000
3300;20.98000
