time_seconds;temperature
0;21.05000
300;21.00000
600;21.00000
900;21.07000
1200;21.00000
1500;21.05000
1800;20.89000
2100;20.91000
2400;20.98000
2700;20.94000
3000;21.00000
3300;21.10000
