time_seconds;temperature
0;26.17000
300;26.17000
600;26.17000
900;26.14000
1200;26.00000
1500;26.08000
1800;26.05000
2100;26.00000
2400;24.81000
2700;24.24000
3000;24.24000
3300;24.24000
