time_seconds;temperature
0;21.28000
300;21.35000
600;21.32000
900;21.23000
1200;21.25000
1500;21.23000
1800;21.39000
2100;21.39000
2400;21.30000
2700;21.25000
3000;21.21000
3300;21.25000
