time_seconds;temperature
0;24.24000
300;24.32000
600;24.38000
900;24.24000
1200;24.29000
1500;24.34000
1800;24.34000
2100;24.32000
2400;24.29000
2700;24.24000
3000;24.29000
3300;24.36000
