time_seconds;temperature
0;55.31825
300;55.30573
600;55.04377
900;54.61853
1200;54.02121
1500;53.63000
1800;53.71943
2100;53.45108
2400;54.16741
2700;54.96828
3000;55.31825
3300;55.31825
