time_seconds;temperature
0;21.78000
300;21.78000
600;21.54000
900;21.73000
1200;21.63000
1500;21.66000
1800;21.63000
2100;21.61000
2400;21.63000
2700;21.71000
3000;21.59000
3300;21.75000
