time_seconds;temperature
0;20.82000
300;20.78000
600;20.80000
900;20.85000
1200;20.82000
1500;20.89000
1800;20.71000
2100;20.80000
2400;20.63000
2700;20.80000
3000;20.82000
3300;20.76000
