time_seconds;temperature
0;33.86822
300;33.71423
600;33.71423
900;33.71423
1200;33.71423
1500;33.71423
1800;33.71423
2100;33.71423
2400;33.71423
2700;33.71423
3000;33.71423
3300;33.71423
