time_seconds;temperature
0;20.24000
300;20.39000
600;20.39000
900;20.24000
1200;20.29000
1500;20.39000
1800;20.27000
2100;20.17000
2400;20.32000
2700;20.17000
3000;20.27000
3300;20.32000
