time_seconds;temperature
0;35.74983
300;35.75374
600;35.75618
900;35.75729
1200;35.75783
1500;35.75808
1800;35.75819
2100;35.75824
2400;35.75824
2700;35.75824
3000;35.75824
3300;35.75824
