time_seconds;temperature
0;25.86000
300;25.96000
600;25.89000
900;25.84000
1200;25.98000
1500;25.91000
1800;25.79000
2100;25.77000
2400;25.79000
2700;25.89000
3000;25.72000
3300;25.77000
