time_seconds;temperature
0;55.27133
300;55.86348
600;56.45658
900;57.09149
1200;57.11792
1500;56.01152
1800;54.83023
2100;53.68440
2400;52.29571
2700;50.85077
3000;50.06761
3300;50.43337
