time_seconds;temperature
0;38.71852
300;38.90628
600;39.01126
900;39.06125
1200;39.08317
1500;39.09300
1800;39.09730
2100;39.09923
2400;39.13124
2700;39.35725
3000;39.65362
3300;39.93174
