time_seconds;temperature
0;26.30000
300;26.30000
600;26.32000
900;26.32000
1200;26.39000
1500;26.48000
1800;26.46000
2100;26.51000
2400;26.46000
2700;26.46000
3000;26.57000
3300;26.62000
