time_seconds;temperature
0;25.18000
300;25.04000
600;25.07000
900;25.04000
1200;25.07000
1500;24.95000
1800;24.86000
2100;24.84000
2400;24.84000
2700;24.91000
3000;24.93000
3300;24.81000
