time_seconds;temperature
0;23.23000
300;23.32000
600;23.27000
900;23.32000
1200;23.20000
1500;23.32000
1800;23.20000
2100;23.25000
2400;23.27000
2700;23.14000
3000;23.14000
3300;23.14000
