time_seconds;temperature
0;22.01000
300;22.24000
600;22.24000
900;22.08000
1200;21.80000
1500;21.99000
1800;21.87000
2100;21.83000
2400;21.80000
2700;21.90000
3000;21.73000
3300;21.90000
