time_seconds;temperature
0;21.56000
300;21.54000
600;21.54000
900;21.44000
1200;21.47000
1500;21.39000
1800;21.54000
2100;21.44000
2400;21.56000
2700;21.56000
3000;21.49000
3300;21.39000
