time_seconds;temperature
0;25.44000
300;25.53000
600;25.49000
900;25.56000
1200;25.46000
1500;25.53000
1800;25.42000
2100;25.42000
2400;25.42000
2700;25.56000
3000;25.39000
3300;25.53000
