time_seconds;temperature
0;48.74176
300;48.75535
600;48.76217
900;48.76518
1200;48.76676
1500;48.76744
1800;48.76780
2100;48.76795
2400;48.76800
2700;48.76800
3000;48.76800
3300;48.76800
