time_seconds;temperature
0;24.03000
300;23.89000
600;23.89000
900;23.77000
1200;23.89000
1500;23.87000
1800;23.84000
2100;23.84000
2400;23.87000
2700;23.84000
3000;23.77000
3300;23.77000
