time_seconds;temperature
0;24.79000
300;24.81000
600;24.86000
900;24.91000
1200;24.93000
1500;24.91000
1800;24.81000
2100;24.84000
2400;24.77000
2700;24.88000
3000;24.84000
3300;24.86000
