time_seconds;temperature
0;24.24000
300;24.27000
600;24.50000
900;24.47000
1200;24.17000
1500;23.91000
1800;24.27000
2100;24.29000
2400;24.22000
2700;24.08000
3000;23.98000
3300;23.73000
