time_seconds;temperature
0;20.49000
300;20.56000
600;20.39000
900;20.41000
1200;20.56000
1500;20.49000
1800;20.46000
2100;20.51000
2400;20.56000
2700;20.36000
3000;20.56000
3300;19.78000
