time_seconds;temperature
0;22.13000
300;22.10000
600;22.10000
900;22.15000
1200;22.13000
1500;22.10000
1800;22.13000
2100;22.04000
2400;22.13000
2700;22.04000
3000;22.06000
3300;22.04000
