time_seconds;temperature
0;21.75000
300;21.85000
600;21.71000
900;21.78000
1200;21.68000
1500;21.56000
1800;21.61000
2100;21.73000
2400;21.73000
2700;21.68000
3000;21.61000
3300;21.61000
