time_seconds;temperature
0;21.35000
300;21.32000
600;21.35000
900;21.21000
1200;21.37000
1500;21.30000
1800;21.37000
2100;21.21000
2400;21.32000
2700;21.32000
3000;21.37000
3300;21.39000
