time_seconds;temperature
0;25.89000
300;25.79000
600;25.82000
900;25.82000
1200;25.79000
1500;25.72000
1800;25.77000
2100;25.77000
2400;25.77000
2700;25.89000
3000;25.72000
3300;25.72000
