time_seconds;temperature
0;23.66000
300;23.63000
600;23.73000
900;23.66000
1200;23.61000
1500;23.57000
1800;23.63000
2100;23.63000
2400;23.54000
2700;23.59000
3000;23.52000
3300;23.50000
