time_seconds;temperature
0;24.08000
300;24.20000
600;23.98000
900;24.10000
1200;24.17000
1500;24.03000
1800;24.01000
2100;24.01000
2400;24.13000
2700;23.87000
3000;24.08000
3300;24.08000
