time_seconds;temperature
0;20.46000
300;20.56000
600;20.71000
900;20.61000
1200;20.61000
1500;20.51000
1800;20.68000
2100;20.66000
2400;20.66000
2700;20.71000
3000;20.63000
3300;20.56000
