time_seconds;temperature
0;20.56000
300;20.56000
600;20.66000
900;20.46000
1200;20.51000
1500;20.49000
1800;20.63000
2100;20.56000
2400;20.68000
2700;20.63000
3000;20.73000
3300;20.58000
