time_seconds;temperature
0;25.39000
300;25.37000
600;25.21000
900;25.11000
1200;25.18000
1500;25.11000
1800;25.02000
2100;24.88000
2400;24.81000
2700;24.79000
3000;24.79000
3300;24.81000
