time_seconds;temperature
0;24.20000
300;24.22000
600;24.20000
900;24.15000
1200;24.17000
1500;24.03000
1800;23.98000
2100;24.03000
2400;24.08000
2700;24.10000
3000;23.91000
3300;23.98000
