time_seconds;temperature
0;24.84000
300;25.04000
600;24.93000
900;24.95000
1200;24.86000
1500;25.11000
1800;24.84000
2100;24.91000
2400;24.84000
2700;24.91000
3000;24.81000
3300;24.93000
