time_seconds;temperature
0;24.50000
300;24.45000
600;24.50000
900;24.54000
1200;24.34000
1500;24.27000
1800;24.54000
2100;24.56000
2400;24.50000
2700;24.50000
3000;24.54000
3300;24.56000
