time_seconds;temperature
0;20.80000
300;20.91000
600;21.00000
900;20.94000
1200;20.91000
1500;20.82000
1800;20.85000
2100;20.87000
2400;20.94000
2700;20.80000
3000;21.00000
3300;21.00000
