time_seconds;temperature
0;21.75000
300;21.80000
600;21.80000
900;21.78000
1200;21.80000
1500;21.83000
1800;21.71000
2100;21.75000
2400;21.61000
2700;21.71000
3000;21.71000
3300;21.73000
