time_seconds;temperature
0;24.54000
300;24.54000
600;24.54000
900;24.56000
1200;24.54000
1500;24.47000
1800;24.45000
2100;24.52000
2400;24.47000
2700;24.43000
3000;24.50000
3300;24.38000
