time_seconds;temperature
0;24.22000
300;24.08000
600;24.20000
900;24.13000
1200;24.13000
1500;24.17000
1800;24.13000
2100;24.20000
2400;24.13000
2700;24.10000
3000;24.08000
3300;24.03000
