time_seconds;temperature
0;21.05000
300;21.00000
600;21.14000
900;21.12000
1200;20.96000
1500;21.03000
1800;21.14000
2100;21.03000
2400;21.00000
2700;21.12000
3000;21.07000
3300;21.16000
