time_seconds;temperature
0;20.85000
300;20.82000
600;20.87000
900;20.82000
1200;20.78000
1500;20.85000
1800;20.76000
2100;20.71000
2400;20.73000
2700;20.73000
3000;22.61000
3300;20.85000
