time_seconds;temperature
0;23.77000
300;24.01000
600;23.91000
900;23.96000
1200;23.96000
1500;23.94000
1800;23.89000
2100;23.84000
2400;23.98000
2700;23.96000
3000;23.89000
3300;23.87000
