time_seconds;temperature
0;21.85000
300;21.97000
600;21.97000
900;21.92000
1200;21.90000
1500;21.95000
1800;21.85000
2100;21.90000
2400;22.01000
2700;21.92000
3000;22.01000
3300;21.92000
