time_seconds;temperature
0;22.68000
300;22.56000
600;22.47000
900;22.61000
1200;22.54000
1500;22.58000
1800;22.58000
2100;22.47000
2400;22.54000
2700;22.63000
3000;22.61000
3300;22.51000
