time_seconds;temperature
0;20.12000
300;20.15000
600;20.17000
900;20.12000
1200;20.15000
1500;20.05000
1800;20.15000
2100;20.15000
2400;20.08000
2700;20.12000
3000;20.08000
3300;20.15000
