time_seconds;temperature
0;24.24000
300;24.24000
600;24.36000
900;24.32000
1200;24.15000
1500;24.13000
1800;24.27000
2100;24.17000
2400;24.20000
2700;23.98000
3000;24.24000
3300;24.17000
