time_seconds;temperature
0;27.22000
300;27.13000
600;27.04000
900;27.01000
1200;26.94000
1500;27.15000
1800;27.29000
2100;27.06000
2400;27.06000
2700;27.06000
3000;27.20000
3300;26.94000
