time_seconds;temperature
0;20.44000
300;20.51000
600;20.36000
900;20.29000
1200;20.46000
1500;20.46000
1800;20.41000
2100;20.54000
2400;20.46000
2700;20.49000
3000;20.56000
3300;20.34000
