time_seconds;temperature
0;24.97000
300;25.04000
600;25.09000
900;24.95000
1200;24.97000
1500;24.86000
1800;24.91000
2100;24.95000
2400;24.97000
2700;24.97000
3000;24.97000
3300;24.91000
