time_seconds;temperature
0;21.47000
300;21.28000
600;21.49000
900;21.32000
1200;21.39000
1500;21.28000
1800;21.37000
2100;21.28000
2400;21.42000
2700;21.37000
3000;21.54000
3300;21.39000
