time_seconds;temperature
0;25.18000
300;25.14000
600;25.25000
900;25.35000
1200;25.21000
1500;25.14000
1800;25.21000
2100;25.14000
2400;25.35000
2700;25.11000
3000;25.11000
3300;25.16000
