time_seconds;temperature
0;23.73000
300;23.63000
600;23.61000
900;23.73000
1200;23.82000
1500;23.68000
1800;23.68000
2100;23.57000
2400;23.68000
2700;23.57000
3000;23.59000
3300;23.66000
