time_seconds;temperature
0;21.07000
300;21.03000
600;21.00000
900;20.87000
1200;21.05000
1500;20.96000
1800;20.87000
2100;21.00000
2400;20.94000
2700;21.07000
3000;21.10000
3300;20.89000
