time_seconds;temperature
0;23.80000
300;23.68000
600;23.41000
900;22.97000
1200;23.29000
1500;23.45000
1800;22.82000
2100;22.70000
2400;22.66000
2700;23.63000
3000;24.06000
3300;23.57000
