time_seconds;temperature
0;25.23000
300;25.35000
600;25.37000
900;25.39000
1200;25.28000
1500;25.35000
1800;25.25000
2100;25.37000
2400;25.16000
2700;25.11000
3000;25.16000
3300;25.25000
