time_seconds;temperature
0;24.95000
300;24.79000
600;24.77000
900;24.84000
1200;24.79000
1500;24.81000
1800;24.79000
2100;24.68000
2400;24.79000
2700;24.77000
3000;24.66000
3300;24.77000
