time_seconds;temperature
0;24.56000
300;24.45000
600;24.38000
900;24.50000
1200;24.52000
1500;24.47000
1800;24.47000
2100;24.36000
2400;24.47000
2700;24.41000
3000;24.52000
3300;24.43000
