time_seconds;temperature
0;19.98000
300;19.94000
600;19.98000
900;20.03000
1200;19.94000
1500;20.08000
1800;20.68000
2100;19.94000
2400;19.89000
2700;20.05000
3000;20.08000
3300;19.98000
