time_seconds;temperature
0;26.08000
300;25.98000
600;26.00000
900;25.79000
1200;26.03000
1500;25.93000
1800;26.00000
2100;25.93000
2400;25.79000
2700;25.86000
3000;25.79000
3300;25.84000
