time_seconds;temperature
0;26.03000
300;26.12000
600;25.96000
900;26.00000
1200;25.98000
1500;26.05000
1800;26.05000
2100;26.00000
2400;25.89000
2700;25.98000
3000;26.00000
3300;25.93000
