time_seconds;temperature
0;20.80000
300;20.85000
600;20.78000
900;20.80000
1200;20.85000
1500;20.71000
1800;20.78000
2100;20.87000
2400;20.68000
2700;20.76000
3000;20.66000
3300;20.68000
