time_seconds;temperature
0;20.44000
300;20.44000
600;20.51000
900;20.61000
1200;20.46000
1500;20.61000
1800;20.51000
2100;20.39000
2400;20.54000
2700;20.56000
3000;20.51000
3300;20.56000
