time_seconds;temperature
0;28.38000
300;28.28000
600;28.40000
900;28.40000
1200;28.38000
1500;28.54000
1800;28.45000
2100;28.35000
2400;28.43000
2700;28.24000
3000;28.33000
3300;28.31000
