time_seconds;temperature
0;23.98000
300;24.01000
600;24.06000
900;23.94000
1200;24.10000
1500;23.91000
1800;24.03000
2100;23.89000
2400;23.80000
2700;23.91000
3000;23.89000
3300;23.80000
