time_seconds;temperature
0;20.51000
300;20.24000
600;20.41000
900;20.36000
1200;20.49000
1500;20.41000
1800;20.44000
2100;20.63000
2400;20.51000
2700;20.56000
3000;20.39000
3300;20.32000
