time_seconds;temperature
0;21.42000
300;21.28000
600;21.37000
900;21.37000
1200;21.49000
1500;21.35000
1800;21.25000
2100;21.39000
2400;21.32000
2700;21.25000
3000;21.35000
3300;21.42000
