time_seconds;temperature
0;20.12000
300;20.15000
600;20.19000
900;19.98000
1200;20.24000
1500;20.44000
1800;20.24000
2100;20.44000
2400;20.41000
2700;20.34000
3000;20.27000
3300;20.24000
