time_seconds;temperature
0;25.16000
300;25.18000
600;25.14000
900;25.14000
1200;25.16000
1500;25.14000
1800;25.09000
2100;25.04000
2400;25.04000
2700;25.07000
3000;25.11000
3300;24.97000
