timestamp,dataset,method,params,trace_count,repeat,tag_k,status,trace_indices_start,trace_indices_end,disc_time,learn_time,total_time,actual_bins,n_states,n_edges,n_inconsistencies,error_type,error_msg
2026-05-16T01:05:50.332251,clean,naive,{'bins': 15},1,0,4,ok,0,1,0.0003984086215496063,0.021782545372843742,0.022498690523207188,15,42,45,0,,
2026-05-16T01:05:50.356980,clean,naive,{'bins': 15},1,1,4,ok,1,2,0.00039399880915880203,0.021975185722112656,0.022658429108560085,15,49,51,0,,
2026-05-16T01:05:50.378559,clean,naive,{'bins': 15},1,2,4,ok,2,3,0.0004961816594004631,0.01844409666955471,0.01926830504089594,15,54,55,0,,
2026-05-16T01:05:50.396773,clean,naive,{'bins': 15},1,3,4,ok,3,4,0.0003210529685020447,0.016026086173951626,0.016606876626610756,15,51,52,0,,
2026-05-16T01:05:50.427128,clean,naive,{'bins': 15},1,4,4,ok,4,5,0.0003047725185751915,0.028009087778627872,0.028584599494934082,15,50,53,0,,
2026-05-16T01:05:50.554611,clean,naive,{'bins': 15},2,0,4,ok,0,2,0.0005145054310560226,0.12148585729300976,0.12243135180324316,15,81,89,0,,
2026-05-16T01:05:50.704788,clean,naive,{'bins': 15},2,1,4,ok,2,4,0.0006146840751171112,0.14609530102461576,0.14713436178863049,15,74,85,0,,
2026-05-16T01:05:50.873674,clean,naive,{'bins': 15},2,2,4,ok,4,6,0.0005718441680073738,0.16468373779207468,0.16567207407206297,15,85,94,0,,
2026-05-16T01:05:51.035401,clean,naive,{'bins': 15},2,3,4,ok,6,8,0.0006094453856348991,0.15733503736555576,0.15836609434336424,15,81,93,0,,
2026-05-16T01:05:51.195914,clean,naive,{'bins': 15},2,4,4,ok,8,10,0.000601048581302166,0.15583830699324608,0.1568612577393651,15,85,95,0,,
2026-05-16T01:05:51.674679,clean,naive,{'bins': 15},3,0,4,ok,0,3,0.000768653117120266,0.47032705042511225,0.47163579892367125,15,103,120,0,,
2026-05-16T01:05:51.975032,clean,naive,{'bins': 15},3,1,4,ok,3,6,0.000860605388879776,0.2935055997222662,0.2949385503306985,15,91,105,0,,
2026-05-16T01:05:52.273805,clean,naive,{'bins': 15},3,2,4,ok,6,9,0.0008019572123885155,0.2928248019888997,0.2941870717331767,15,80,93,0,,
2026-05-16T01:05:52.579874,clean,naive,{'bins': 15},3,3,4,ok,9,12,0.0008173743262887001,0.2999765230342746,0.30135249625891447,15,79,97,0,,
2026-05-16T01:05:52.953590,clean,naive,{'bins': 15},3,4,4,ok,12,15,0.000914878211915493,0.36670316848903894,0.3682139553129673,15,82,100,0,,
2026-05-16T01:05:53.560258,clean,naive,{'bins': 15},4,0,4,ok,0,4,0.0010059894993901253,0.5960146179422736,0.5977193601429462,15,107,126,0,,
2026-05-16T01:05:54.258238,clean,naive,{'bins': 15},4,1,4,ok,4,8,0.001139349304139614,0.6891382541507483,0.6910293959081173,15,113,133,0,,
2026-05-16T01:05:54.855910,clean,naive,{'bins': 15},4,2,4,ok,8,12,0.0011612093076109886,0.5877800649031997,0.5896750427782536,15,102,125,0,,
2026-05-16T01:05:55.617452,clean,naive,{'bins': 15},4,3,4,ok,12,16,0.0011640861630439758,0.7525485316291451,0.7544807195663452,15,91,117,0,,
2026-05-16T01:05:56.242703,clean,naive,{'bins': 15},4,4,4,ok,16,20,0.0011739442124962807,0.6170769920572639,0.6189820896834135,15,87,109,0,,
2026-05-16T01:05:56.956295,clean,naive,{'bins': 15},5,0,4,ok,0,5,0.0012051425874233246,0.6999971456825733,0.7021913565695286,15,87,109,0,,
2026-05-16T01:05:58.192072,clean,naive,{'bins': 15},5,1,4,ok,5,10,0.0017746929079294205,1.2238453049212694,1.2266828129068017,15,139,169,0,,
2026-05-16T01:05:59.054903,clean,naive,{'bins': 15},5,2,4,ok,10,15,0.0015533659607172012,0.8515970641747117,0.854165006428957,15,89,111,0,,
2026-05-16T01:06:00.039167,clean,naive,{'bins': 15},5,3,4,ok,15,20,0.0014611836522817612,0.9736959813162684,0.9761569537222385,15,92,116,0,,
2026-05-16T01:06:01.271424,clean,naive,{'bins': 15},5,4,4,ok,20,25,0.0013710549101233482,1.2214811947196722,1.2238384317606688,15,103,133,0,,
2026-05-16T01:06:02.101757,clean,naive,{'bins': 15},6,0,4,ok,0,6,0.0015275189653038979,0.8175280755385756,0.820187060162425,15,58,81,0,,
2026-05-16T01:06:03.730967,clean,naive,{'bins': 15},6,1,4,ok,6,12,0.001532907597720623,1.6168612940236926,1.6195421777665615,15,112,148,0,,
2026-05-16T01:06:05.261938,clean,naive,{'bins': 15},6,2,4,ok,12,18,0.0015456220135092735,1.518120901659131,1.5208693128079176,15,95,123,0,,
2026-05-16T01:06:06.956494,clean,naive,{'bins': 15},6,3,4,ok,18,24,0.0015524150803685188,1.6818928075954318,1.6846030373126268,15,100,131,0,,
2026-05-16T01:06:07.954871,clean,naive,{'bins': 15},6,4,4,ok,24,30,0.0015974696725606918,0.9855281226336956,0.988291721791029,15,104,130,0,,
2026-05-16T01:06:09.520677,clean,naive,{'bins': 15},7,0,4,ok,0,7,0.0016345195472240448,1.5499826250597835,1.5529066463932395,15,97,126,0,,
2026-05-16T01:06:12.005842,clean,naive,{'bins': 15},7,1,4,ok,7,14,0.0017927968874573708,2.4700491474941373,2.4731555711477995,15,115,154,0,,
2026-05-16T01:06:14.328276,clean,naive,{'bins': 15},7,2,4,ok,14,21,0.0020939819514751434,2.307407204993069,2.31085161305964,15,96,130,0,,
2026-05-16T01:06:16.249000,clean,naive,{'bins': 15},7,3,4,ok,21,28,0.002004905603826046,1.9065713686868548,1.9098889492452145,15,88,117,0,,
2026-05-16T01:06:18.178603,clean,naive,{'bins': 15},7,4,4,ok,28,35,0.001939903013408184,1.8587376633659005,1.9174504596740007,15,128,160,0,,
2026-05-16T01:06:20.608240,clean,naive,{'bins': 15},8,0,4,ok,0,8,0.0018657436594367027,2.411593015305698,2.4148666923865676,15,115,149,0,,
2026-05-16T01:06:23.206735,clean,naive,{'bins': 15},8,1,4,ok,8,16,0.0018947580829262733,2.580363587476313,2.5837489953264594,15,116,154,0,,
2026-05-16T01:06:25.413841,clean,naive,{'bins': 15},8,2,4,ok,16,24,0.001964157447218895,2.1928093833848834,2.1962389834225178,15,78,111,0,,
2026-05-16T01:06:27.378992,clean,naive,{'bins': 15},8,3,4,ok,24,32,0.0018712347373366356,1.9503202065825462,1.9536248231306672,15,84,113,0,,
2026-05-16T01:06:30.515287,clean,naive,{'bins': 15},8,4,4,ok,32,40,0.0020257439464330673,3.1184943094849586,3.121976999565959,15,128,171,0,,
2026-05-16T01:06:33.518379,clean,naive,{'bins': 15},9,0,4,ok,0,9,0.002222783863544464,2.9811203563585877,2.985034336335957,15,123,166,0,,
2026-05-16T01:06:36.580215,clean,naive,{'bins': 15},9,1,4,ok,9,18,0.0022291159257292747,3.0429505072534084,3.0467840060591698,15,112,151,0,,
2026-05-16T01:06:39.964902,clean,naive,{'bins': 15},9,2,4,ok,18,27,0.002153955399990082,3.365728259086609,3.3694851137697697,15,109,151,0,,
2026-05-16T01:06:42.789779,clean,naive,{'bins': 15},9,3,4,ok,27,36,0.002409684471786022,2.806879893876612,2.81093081086874,15,100,138,0,,
2026-05-16T01:06:46.407920,clean,naive,{'bins': 15},9,4,4,ok,36,45,0.0024045761674642563,3.5982558419927955,3.6023578252643347,15,105,142,0,,
2026-05-16T01:06:49.534148,clean,naive,{'bins': 15},10,0,4,ok,0,10,0.0026988480240106583,3.1065752897411585,3.1109953708946705,15,44,69,0,,
2026-05-16T01:06:52.627546,clean,naive,{'bins': 15},10,1,4,ok,10,20,0.0028612734749913216,3.070430443622172,3.075012980028987,15,118,153,0,,
2026-05-16T01:06:56.146355,clean,naive,{'bins': 15},10,2,4,ok,20,30,0.002844853326678276,3.4965268578380346,3.501065170392394,15,103,141,0,,
2026-05-16T01:06:58.889148,clean,naive,{'bins': 15},10,3,4,ok,30,40,0.00293864868581295,2.722707139328122,2.7274006130173802,15,86,119,0,,
2026-05-16T01:07:03.635900,clean,naive,{'bins': 15},10,4,4,ok,40,50,0.0029103951528668404,4.729941167868674,4.734629211015999,15,32,62,0,,
2026-05-16T01:07:07.233872,clean,naive,{'bins': 15},11,0,4,ok,0,11,0.0028959279879927635,3.5712218591943383,3.5760188279673457,15,124,170,0,,
2026-05-16T01:07:13.421510,clean,naive,{'bins': 15},11,1,4,ok,11,22,0.0032066423445940018,6.1625007232651114,6.167598316445947,15,133,185,0,,
2026-05-16T01:07:17.873554,clean,naive,{'bins': 15},11,2,4,ok,22,33,0.0031573688611388206,4.4279845003038645,4.4330184031277895,15,115,160,0,,
2026-05-16T01:07:22.106314,clean,naive,{'bins': 15},11,3,4,ok,33,44,0.0030341967940330505,4.209847181104124,4.214754827320576,15,104,147,0,,
2026-05-16T01:07:25.406499,clean,naive,{'bins': 15},11,4,4,ok,44,55,0.002944689244031906,3.2789865974336863,3.2837612126022577,15,80,117,0,,
2026-05-16T01:07:29.987395,clean,naive,{'bins': 15},12,0,4,ok,0,12,0.0030329562723636627,4.557009727694094,4.562012583017349,15,63,92,0,,
2026-05-16T01:07:35.083461,clean,naive,{'bins': 15},12,1,4,ok,12,24,0.0033061588183045387,5.071029313839972,5.076373981311917,15,101,146,0,,
2026-05-16T01:07:39.001377,clean,naive,{'bins': 15},12,2,4,ok,24,36,0.0033055972307920456,3.895684982649982,3.9010065961629152,15,66,100,0,,
2026-05-16T01:07:45.204098,clean,naive,{'bins': 15},12,3,4,ok,36,48,0.003426704555749893,6.179208570159972,6.184829846024513,15,67,103,0,,
2026-05-16T01:07:50.420407,clean,naive,{'bins': 15},12,4,4,ok,48,60,0.0035664886236190796,5.1861302657052875,5.191823748871684,15,163,216,0,,
2026-05-16T01:07:56.215561,clean,naive,{'bins': 15},13,0,4,ok,0,13,0.00340159609913826,5.766851109452546,5.7724089762195945,15,102,146,0,,
2026-05-16T01:08:03.047861,clean,naive,{'bins': 15},13,1,4,ok,13,26,0.0035052429884672165,6.810165827162564,6.815874558873475,15,37,63,0,,
2026-05-16T01:08:09.023862,clean,naive,{'bins': 15},13,2,4,ok,26,39,0.003506794571876526,5.946808325126767,5.9524832013994455,15,120,164,0,,
2026-05-16T01:08:16.380602,clean,naive,{'bins': 15},13,3,4,ok,39,52,0.0034937113523483276,7.326650737784803,7.332361833192408,15,134,183,0,,
2026-05-16T01:08:22.626556,clean,naive,{'bins': 15},13,4,4,ok,52,65,0.0037667127326130867,6.222307318821549,6.22842407412827,15,58,89,0,,
2026-05-16T01:08:29.671329,clean,naive,{'bins': 15},14,0,4,ok,0,14,0.00354559812694788,7.009934384375811,7.015872816555202,15,131,183,0,,
2026-05-16T01:08:38.783004,clean,naive,{'bins': 15},14,1,4,ok,14,28,0.00401836633682251,9.086059335619211,9.092608654871583,15,46,78,0,,
2026-05-16T01:08:44.354765,clean,naive,{'bins': 15},14,2,4,ok,28,42,0.004757624119520187,5.538619481027126,5.545950887724757,15,126,168,0,,
2026-05-16T01:08:52.275212,clean,naive,{'bins': 15},14,3,4,ok,42,56,0.004062549211084843,7.895110374316573,7.901553062722087,15,48,76,0,,
2026-05-16T01:08:58.674285,clean,naive,{'bins': 15},14,4,4,ok,56,70,0.003673388622701168,6.369639435783029,6.375580954365432,15,111,156,0,,
2026-05-16T01:09:06.579173,clean,naive,{'bins': 15},15,0,4,ok,0,15,0.0038505112752318382,7.86657499242574,7.8728050123900175,15,153,203,0,,
2026-05-16T01:09:15.299470,clean,naive,{'bins': 15},15,1,4,ok,15,30,0.004025770351290703,8.686456309631467,8.692909468896687,15,135,189,0,,
2026-05-16T01:09:23.697598,clean,naive,{'bins': 15},15,2,4,ok,30,45,0.0037693381309509277,8.362551403231919,8.368751677684486,15,144,196,0,,
2026-05-16T01:09:30.240189,clean,naive,{'bins': 15},15,3,4,ok,45,60,0.0040828874334692955,6.508072681725025,6.514590761624277,15,114,164,0,,
2026-05-16T01:09:39.261461,clean,naive,{'bins': 15},15,4,4,ok,60,75,0.004325193352997303,8.99779718928039,9.004552025347948,15,17,40,0,,
2026-05-16T01:09:46.986525,clean,naive,{'bins': 15},16,0,4,ok,0,16,0.003937955014407635,7.693966308608651,7.700425867922604,15,59,92,0,,
2026-05-16T01:09:57.372021,clean,naive,{'bins': 15},16,1,4,ok,16,32,0.003978712484240532,10.356929305940866,10.363462273962796,15,66,102,0,,
2026-05-16T01:10:08.084365,clean,naive,{'bins': 15},16,2,4,ok,32,48,0.004013547673821449,10.684580498374999,10.691177567467093,15,45,72,0,,
2026-05-16T01:10:15.773221,clean,naive,{'bins': 15},16,3,4,ok,48,64,0.004092304036021233,7.663045353256166,7.669672688469291,15,29,55,0,,
2026-05-16T01:10:28.314301,clean,naive,{'bins': 15},16,4,4,ok,64,80,0.004896145313978195,12.514533234760165,12.522312893532217,15,18,42,0,,
2026-05-16T01:10:37.146677,clean,naive,{'bins': 15},17,0,4,ok,0,17,0.004369295202195644,8.798625853843987,8.805778455920517,15,57,86,0,,
2026-05-16T01:10:46.663623,clean,naive,{'bins': 15},17,1,4,ok,17,34,0.0043025389313697815,9.479597478173673,9.48656143527478,15,123,171,0,,
2026-05-16T01:10:57.309731,clean,naive,{'bins': 15},17,2,4,ok,34,51,0.0045072538778185844,10.609865820035338,10.617120734415948,15,107,154,0,,
2026-05-16T01:11:07.179594,clean,naive,{'bins': 15},17,3,4,ok,51,68,0.004404481500387192,9.842158914543688,9.849210255779326,15,37,65,0,,
2026-05-16T01:11:16.542141,clean,naive,{'bins': 15},17,4,4,ok,68,85,0.004541068337857723,9.337295824661851,9.344582908786833,15,4,20,0,,
2026-05-16T01:11:26.937547,clean,naive,{'bins': 15},18,0,4,ok,0,18,0.004319481551647186,10.36148520000279,10.36863531731069,15,51,78,0,,
2026-05-16T01:11:35.890725,clean,naive,{'bins': 15},18,1,4,ok,18,36,0.004673115909099579,8.91286107338965,8.920380735769868,15,125,188,0,,
2026-05-16T01:11:48.657356,clean,naive,{'bins': 15},18,2,4,ok,36,54,0.004741883836686611,12.723735420033336,12.731385755352676,15,145,197,0,,
2026-05-16T01:11:58.243998,clean,naive,{'bins': 15},18,3,4,ok,54,72,0.004984719678759575,9.53937452007085,9.547299912199378,15,179,236,0,,
2026-05-16T01:12:10.274217,clean,naive,{'bins': 15},18,4,4,ok,72,90,0.004860256798565388,12.000919572077692,12.008622476831079,15,17,37,0,,
2026-05-16T01:12:21.023532,clean,naive,{'bins': 15},19,0,4,ok,0,19,0.005526318214833736,10.70364466495812,10.712424371391535,15,94,140,0,,
2026-05-16T01:12:32.032436,clean,naive,{'bins': 15},19,1,4,ok,19,38,0.005686488933861256,10.966512181796134,10.975736395455897,15,98,146,0,,
2026-05-16T01:12:46.369271,clean,naive,{'bins': 15},19,2,4,ok,38,57,0.005624993704259396,14.291920338757336,14.300696520134807,15,129,188,0,,
2026-05-16T01:12:57.539106,clean,naive,{'bins': 15},19,3,4,ok,57,76,0.005943571217358112,11.125881988555193,11.13516968023032,15,90,136,0,,
2026-05-16T01:13:08.956455,clean,naive,{'bins': 15},19,4,4,ok,76,95,0.006361647509038448,11.37650482263416,11.38633649609983,15,85,124,0,,
2026-05-16T01:13:18.016632,clean,naive,{'bins': 15},20,0,4,ok,0,20,0.005579107441008091,9.014875224791467,9.024027060717344,15,86,126,0,,
2026-05-16T01:13:31.367678,clean,naive,{'bins': 15},20,1,4,ok,20,40,0.006855824030935764,13.314597373828292,13.325108101591468,15,27,49,0,,
2026-05-16T01:13:43.082014,clean,naive,{'bins': 15},20,2,4,ok,40,60,0.005669676698744297,11.68121119402349,11.690217185765505,15,11,28,0,,
2026-05-16T01:13:58.616573,clean,naive,{'bins': 15},20,3,4,ok,60,80,0.005743274465203285,15.501216023229063,15.510433071292937,15,22,48,0,,
2026-05-16T01:14:09.921442,clean,naive,{'bins': 15},20,4,4,ok,80,100,0.005185707472264767,11.273565636016428,11.281886641867459,15,18,37,0,,
2026-05-16T01:14:20.117834,clean,naive,{'bins': 15},21,0,4,ok,0,21,0.005483577959239483,10.15892820712179,10.167766555212438,15,32,54,0,,
2026-05-16T01:14:32.648349,clean,naive,{'bins': 15},21,1,4,ok,21,42,0.005560653284192085,12.493561456911266,12.502563542686403,15,37,66,0,,
2026-05-16T01:14:47.738190,clean,naive,{'bins': 15},21,2,4,ok,42,63,0.005633829161524773,15.041411316022277,15.050527315586805,15,99,140,0,,
2026-05-16T01:15:01.500503,clean,naive,{'bins': 15},21,3,4,ok,63,84,0.005286047235131264,13.72835401352495,13.73707203567028,15,20,44,0,,
2026-05-16T01:15:17.035662,clean,naive,{'bins': 15},21,4,4,ok,84,105,0.005371567793190479,15.498360458761454,15.5072538908571,15,26,48,0,,
2026-05-16T01:15:28.575890,clean,naive,{'bins': 15},22,0,4,ok,0,22,0.005865604616701603,11.494624488987029,11.504215709865093,15,65,97,0,,
2026-05-16T01:15:40.193194,clean,naive,{'bins': 15},22,1,4,ok,22,44,0.005697448737919331,11.574435403570533,11.583672249689698,15,81,124,0,,
2026-05-16T01:15:53.815318,clean,naive,{'bins': 15},22,2,4,ok,44,66,0.005452239885926247,13.584451300092041,13.593477060087025,15,40,71,0,,
2026-05-16T01:16:10.634089,clean,naive,{'bins': 15},22,3,4,ok,66,88,0.005666411481797695,16.784110674634576,16.79328606557101,15,15,37,0,,
2026-05-16T01:16:29.730622,clean,naive,{'bins': 15},22,4,4,ok,88,110,0.005426380783319473,19.047571949660778,19.05650963447988,15,120,175,0,,
2026-05-16T01:16:42.438285,clean,naive,{'bins': 15},23,0,4,ok,0,23,0.005433894693851471,12.66355503257364,12.672573258168995,15,61,92,0,,
2026-05-16T01:17:05.733494,clean,naive,{'bins': 15},23,1,4,ok,23,46,0.005578625947237015,23.246677845716476,23.255854568444192,15,96,155,0,,
2026-05-16T01:17:21.441817,clean,naive,{'bins': 15},23,2,4,ok,46,69,0.0064631374552845955,15.670331517234445,15.680771943181753,15,27,56,0,,
2026-05-16T01:17:47.629210,clean,naive,{'bins': 15},23,3,4,ok,69,92,0.005747213028371334,26.120188914239407,26.129657917656004,15,231,326,0,,
2026-05-16T01:18:02.916741,clean,naive,{'bins': 15},23,4,4,ok,92,115,0.00612722709774971,15.24708971939981,15.256948453374207,15,44,72,0,,
2026-05-16T01:18:16.525782,clean,naive,{'bins': 15},24,0,4,ok,0,24,0.005845777690410614,13.562249423004687,13.571970467455685,15,58,88,0,,
2026-05-16T01:18:36.647579,clean,naive,{'bins': 15},24,1,4,ok,24,48,0.005993405357003212,20.06455642078072,20.07444361783564,15,124,184,0,,
2026-05-16T01:18:56.137775,clean,naive,{'bins': 15},24,2,4,ok,48,72,0.006896861828863621,19.442353554069996,19.45434001367539,15,69,109,0,,
2026-05-16T01:19:12.178537,clean,naive,{'bins': 15},24,3,4,ok,72,96,0.006056834943592548,15.993698470294476,16.003614612855017,15,78,126,0,,
2026-05-16T01:19:28.111924,clean,naive,{'bins': 15},24,4,4,ok,96,120,0.00587381049990654,15.887135796248913,15.896687393076718,15,66,98,0,,
2026-05-16T01:19:43.389143,clean,naive,{'bins': 15},25,0,4,ok,0,25,0.007663620635867119,15.223661837168038,15.235790063627064,15,58,88,0,,
2026-05-16T01:20:03.619802,clean,naive,{'bins': 15},25,1,4,ok,25,50,0.06205310206860304,20.123099102638662,20.190116927959025,15,78,123,0,,
2026-05-16T01:20:16.485091,clean,naive,{'bins': 15},25,2,4,ok,50,75,0.0070463018491864204,12.80433867778629,12.817952884361148,15,128,186,0,,
2026-05-16T01:20:33.288006,clean,naive,{'bins': 15},25,3,4,ok,75,100,0.006760806776583195,16.75878985505551,16.769581791944802,15,42,68,0,,
2026-05-16T01:20:56.247120,clean,naive,{'bins': 15},25,4,4,ok,100,125,0.006252181716263294,22.912189427763224,22.922388311475515,15,74,113,0,,
2026-05-16T01:20:56.279295,clean,sax,"{'w': 144, 'bins': 15}",1,0,4,ok,0,1,0.010925917886197567,0.004470295272767544,0.015670347958803177,15,32,31,0,,
2026-05-16T01:20:56.294121,clean,sax,"{'w': 144, 'bins': 15}",1,1,4,ok,1,2,0.010554560460150242,0.0030090603977441788,0.013769066892564297,15,26,25,0,,
2026-05-16T01:20:56.309591,clean,sax,"{'w': 144, 'bins': 15}",1,2,4,ok,2,3,0.010519474744796753,0.0037842364981770515,0.014499839395284653,15,29,28,0,,
2026-05-16T01:20:56.324789,clean,sax,"{'w': 144, 'bins': 15}",1,3,4,ok,3,4,0.010498585179448128,0.00348016619682312,0.014171402901411057,15,28,27,0,,
2026-05-16T01:20:56.341723,clean,sax,"{'w': 144, 'bins': 15}",1,4,4,ok,4,5,0.010462959297001362,0.005194284021854401,0.0158523702993989,15,26,26,0,,
2026-05-16T01:20:56.387744,clean,sax,"{'w': 144, 'bins': 15}",2,0,4,ok,0,2,0.02078580390661955,0.017387141473591328,0.038465735502541065,15,31,33,0,,
2026-05-16T01:20:56.420490,clean,sax,"{'w': 144, 'bins': 15}",2,1,4,ok,2,4,0.020600376650691032,0.010581200942397118,0.03144875913858414,15,32,32,0,,
2026-05-16T01:20:56.460577,clean,sax,"{'w': 144, 'bins': 15}",2,2,4,ok,4,6,0.02070289757102728,0.017714465968310833,0.03868491668254137,15,42,42,0,,
2026-05-16T01:20:56.496854,clean,sax,"{'w': 144, 'bins': 15}",2,3,4,ok,6,8,0.020676138810813427,0.013936420902609825,0.034879972226917744,15,31,32,0,,
2026-05-16T01:20:56.542341,clean,sax,"{'w': 144, 'bins': 15}",2,4,4,ok,8,10,0.020574087277054787,0.023007124662399292,0.04385524708777666,15,47,49,0,,
2026-05-16T01:20:56.616428,clean,sax,"{'w': 144, 'bins': 15}",3,0,4,ok,0,3,0.03083944506943226,0.03351905569434166,0.06470364890992641,15,39,42,0,,
2026-05-16T01:20:56.673634,clean,sax,"{'w': 144, 'bins': 15}",3,1,4,ok,3,6,0.031063854694366455,0.02392363641411066,0.05534639582037926,15,40,41,0,,
2026-05-16T01:20:56.729819,clean,sax,"{'w': 144, 'bins': 15}",3,2,4,ok,6,9,0.0312737999483943,0.022578250616788864,0.05430560279637575,15,39,41,0,,
2026-05-16T01:20:56.793634,clean,sax,"{'w': 144, 'bins': 15}",3,3,4,ok,9,12,0.031128556467592716,0.02974558062851429,0.06122235115617514,15,32,35,0,,
2026-05-16T01:20:56.872801,clean,sax,"{'w': 144, 'bins': 15}",3,4,4,ok,12,15,0.031156199984252453,0.04550600703805685,0.07700811605900526,15,44,49,0,,
2026-05-16T01:20:56.970845,clean,sax,"{'w': 144, 'bins': 15}",4,0,4,ok,0,4,0.04076779913157225,0.047592977061867714,0.08880497980862856,15,42,46,0,,
2026-05-16T01:20:57.119419,clean,sax,"{'w': 144, 'bins': 15}",4,1,4,ok,4,8,0.0449534896761179,0.09986032173037529,0.14553255029022694,15,49,57,0,,
2026-05-16T01:20:57.260726,clean,sax,"{'w': 144, 'bins': 15}",4,2,4,ok,8,12,0.04141328204423189,0.09680032450705767,0.13863050937652588,15,53,60,0,,
2026-05-16T01:20:57.386934,clean,sax,"{'w': 144, 'bins': 15}",4,3,4,ok,12,16,0.04136714432388544,0.08172963373363018,0.12351731769740582,15,50,57,0,,
2026-05-16T01:20:57.455520,clean,sax,"{'w': 144, 'bins': 15}",4,4,4,ok,16,20,0.04118561279028654,0.024870585650205612,0.06645981688052416,15,39,41,0,,
2026-05-16T01:20:57.589702,clean,sax,"{'w': 144, 'bins': 15}",5,0,4,ok,0,5,0.05155500676482916,0.07237064838409424,0.12442110478878021,15,43,49,0,,
2026-05-16T01:20:57.780640,clean,sax,"{'w': 144, 'bins': 15}",5,1,4,ok,5,10,0.05107107851654291,0.13604069501161575,0.1875977460294962,15,48,59,0,,
2026-05-16T01:20:57.926682,clean,sax,"{'w': 144, 'bins': 15}",5,2,4,ok,10,15,0.05231191776692867,0.09011654276400805,0.14307150896638632,15,47,54,0,,
2026-05-16T01:20:58.034478,clean,sax,"{'w': 144, 'bins': 15}",5,3,4,ok,15,20,0.05147933401167393,0.05317153222858906,0.10513377375900745,15,42,46,0,,
2026-05-16T01:20:58.188382,clean,sax,"{'w': 144, 'bins': 15}",5,4,4,ok,20,25,0.05201929900795221,0.0984274996444583,0.1510194754227996,15,41,47,0,,
2026-05-16T01:20:58.366253,clean,sax,"{'w': 144, 'bins': 15}",6,0,4,ok,0,6,0.061101995408535004,0.1056469976902008,0.167318282648921,15,54,61,0,,
2026-05-16T01:20:58.560548,clean,sax,"{'w': 144, 'bins': 15}",6,1,4,ok,6,12,0.06147841177880764,0.12894349824637175,0.1910115871578455,15,50,60,0,,
2026-05-16T01:20:58.712777,clean,sax,"{'w': 144, 'bins': 15}",6,2,4,ok,12,18,0.06187227088958025,0.08662690874189138,0.14904198981821537,15,43,50,0,,
2026-05-16T01:20:58.876048,clean,sax,"{'w': 144, 'bins': 15}",6,3,4,ok,18,24,0.06141810957342386,0.09823053050786257,0.1601862497627735,15,44,51,0,,
2026-05-16T01:20:59.028859,clean,sax,"{'w': 144, 'bins': 15}",6,4,4,ok,24,30,0.06169593147933483,0.08744261134415865,0.14969096053391695,15,44,50,0,,
2026-05-16T01:20:59.242431,clean,sax,"{'w': 144, 'bins': 15}",7,0,4,ok,0,7,0.07153528928756714,0.1311103766784072,0.20326425693929195,15,49,59,0,,
2026-05-16T01:20:59.453870,clean,sax,"{'w': 144, 'bins': 15}",7,1,4,ok,7,14,0.07181698828935623,0.13479059748351574,0.2072090646252036,15,54,63,0,,
2026-05-16T01:20:59.715620,clean,sax,"{'w': 144, 'bins': 15}",7,2,4,ok,14,21,0.07221845164895058,0.18325244635343552,0.25615592394024134,15,61,72,0,,
2026-05-16T01:20:59.928663,clean,sax,"{'w': 144, 'bins': 15}",7,3,4,ok,21,28,0.07169370539486408,0.13661420159041882,0.20892166066914797,15,49,57,0,,
2026-05-16T01:21:00.113027,clean,sax,"{'w': 144, 'bins': 15}",7,4,4,ok,28,35,0.07132648676633835,0.10908733867108822,0.1810226682573557,15,39,47,0,,
2026-05-16T01:21:00.345488,clean,sax,"{'w': 144, 'bins': 15}",8,0,4,ok,0,8,0.08235059771686792,0.13787122257053852,0.22091308888047934,15,48,58,0,,
2026-05-16T01:21:00.606577,clean,sax,"{'w': 144, 'bins': 15}",8,1,4,ok,8,16,0.08209075126796961,0.17347606737166643,0.25630386266857386,15,60,72,0,,
2026-05-16T01:21:00.821011,clean,sax,"{'w': 144, 'bins': 15}",8,2,4,ok,16,24,0.0823851628229022,0.12704216595739126,0.2103083236142993,15,45,52,0,,
2026-05-16T01:21:01.108662,clean,sax,"{'w': 144, 'bins': 15}",8,3,4,ok,24,32,0.08193402644246817,0.20051136706024408,0.2831150209531188,15,55,66,0,,
2026-05-16T01:21:01.301794,clean,sax,"{'w': 144, 'bins': 15}",8,4,4,ok,32,40,0.08175725489854813,0.10665450058877468,0.1890779659152031,15,47,54,0,,
2026-05-16T01:21:01.641589,clean,sax,"{'w': 144, 'bins': 15}",9,0,4,ok,0,9,0.0947714252397418,0.23248562309890985,0.32823418360203505,15,49,62,0,,
2026-05-16T01:21:01.942600,clean,sax,"{'w': 144, 'bins': 15}",9,1,4,ok,9,18,0.09233907610177994,0.2029107129201293,0.2959898794069886,15,62,74,0,,
2026-05-16T01:21:02.210312,clean,sax,"{'w': 144, 'bins': 15}",9,2,4,ok,18,27,0.09141970984637737,0.17041140142828226,0.2625854378566146,15,61,71,0,,
2026-05-16T01:21:02.458420,clean,sax,"{'w': 144, 'bins': 15}",9,3,4,ok,27,36,0.09221803862601519,0.15057700406759977,0.24353580363094807,15,50,59,0,,
2026-05-16T01:21:02.674075,clean,sax,"{'w': 144, 'bins': 15}",9,4,4,ok,36,45,0.09244270157068968,0.11802167724817991,0.21121878549456596,15,43,51,0,,
2026-05-16T01:21:03.051645,clean,sax,"{'w': 144, 'bins': 15}",10,0,4,ok,0,10,0.10273301601409912,0.2610012926161289,0.36477589420974255,15,58,72,0,,
2026-05-16T01:21:03.305325,clean,sax,"{'w': 144, 'bins': 15}",10,1,4,ok,10,20,0.10320152528584003,0.143782083876431,0.2484092963859439,15,50,59,0,,
2026-05-16T01:21:03.688697,clean,sax,"{'w': 144, 'bins': 15}",10,2,4,ok,20,30,0.10204447340220213,0.2750251181423664,0.37801892403513193,15,67,80,0,,
2026-05-16T01:21:03.934408,clean,sax,"{'w': 144, 'bins': 15}",10,3,4,ok,30,40,0.10250664129853249,0.1369663244113326,0.24044624343514442,15,53,63,0,,
2026-05-16T01:21:04.219662,clean,sax,"{'w': 144, 'bins': 15}",10,4,4,ok,40,50,0.10212315153330564,0.17712443880736828,0.2801915416494012,15,65,75,0,,
2026-05-16T01:21:04.689048,clean,sax,"{'w': 144, 'bins': 15}",11,0,4,ok,0,11,0.11258511710911989,0.3431438319385052,0.45676572620868683,15,66,82,0,,
2026-05-16T01:21:04.986814,clean,sax,"{'w': 144, 'bins': 15}",11,1,4,ok,11,22,0.11378481984138489,0.17731065768748522,0.2921744640916586,15,56,66,0,,
2026-05-16T01:21:05.350921,clean,sax,"{'w': 144, 'bins': 15}",11,2,4,ok,22,33,0.11203953251242638,0.24577558133751154,0.358829939737916,15,46,59,0,,
2026-05-16T01:21:05.677260,clean,sax,"{'w': 144, 'bins': 15}",11,3,4,ok,33,44,0.11230330727994442,0.20782962068915367,0.3212028369307518,15,46,56,0,,
2026-05-16T01:21:05.984998,clean,sax,"{'w': 144, 'bins': 15}",11,4,4,ok,44,55,0.11274596024304628,0.18902565818279982,0.3027833281084895,15,44,55,0,,
2026-05-16T01:21:06.523817,clean,sax,"{'w': 144, 'bins': 15}",12,0,4,ok,0,12,0.12265429645776749,0.4016322186216712,0.5257783364504576,15,59,75,0,,
2026-05-16T01:21:06.833749,clean,sax,"{'w': 144, 'bins': 15}",12,1,4,ok,12,24,0.1268315427005291,0.17529379948973656,0.3041621269658208,15,50,59,0,,
2026-05-16T01:21:07.288835,clean,sax,"{'w': 144, 'bins': 15}",12,2,4,ok,24,36,0.12281445693224669,0.3252954641357064,0.449290007352829,15,46,61,0,,
2026-05-16T01:21:07.734441,clean,sax,"{'w': 144, 'bins': 15}",12,3,4,ok,36,48,0.12338580936193466,0.3152782917022705,0.43981718737632036,15,59,72,0,,
2026-05-16T01:21:08.178810,clean,sax,"{'w': 144, 'bins': 15}",12,4,4,ok,48,60,0.12406089901924133,0.3129914868623018,0.43822026904672384,15,66,79,0,,
2026-05-16T01:21:08.793552,clean,sax,"{'w': 144, 'bins': 15}",13,0,4,ok,0,13,0.13411164283752441,0.46420865319669247,0.6006666123867035,15,73,87,0,,
2026-05-16T01:21:09.244380,clean,sax,"{'w': 144, 'bins': 15}",13,1,4,ok,13,26,0.13502988778054714,0.3058092584833503,0.44282640889286995,15,65,80,0,,
2026-05-16T01:21:09.777355,clean,sax,"{'w': 144, 'bins': 15}",13,2,4,ok,26,39,0.13303988985717297,0.39233823493123055,0.5266207884997129,15,54,70,0,,
2026-05-16T01:21:10.163654,clean,sax,"{'w': 144, 'bins': 15}",13,3,4,ok,39,52,0.13392936065793037,0.2446800321340561,0.37983473390340805,15,65,78,0,,
2026-05-16T01:21:10.552558,clean,sax,"{'w': 144, 'bins': 15}",13,4,4,ok,52,65,0.13595347106456757,0.24502473138272762,0.38272862881422043,15,54,65,0,,
2026-05-16T01:21:11.207028,clean,sax,"{'w': 144, 'bins': 15}",14,0,4,ok,0,14,0.14363339450210333,0.4930384745821357,0.6380441151559353,15,74,89,0,,
2026-05-16T01:21:11.730638,clean,sax,"{'w': 144, 'bins': 15}",14,1,4,ok,14,28,0.14474543184041977,0.3698648614808917,0.5161182759329677,15,43,54,0,,
2026-05-16T01:21:12.118716,clean,sax,"{'w': 144, 'bins': 15}",14,2,4,ok,28,42,0.1442913794890046,0.23566444218158722,0.3813501400873065,15,65,78,0,,
2026-05-16T01:21:12.629626,clean,sax,"{'w': 144, 'bins': 15}",14,3,4,ok,42,56,0.1458337353542447,0.3565333252772689,0.5040498515591025,15,61,76,0,,
2026-05-16T01:21:13.217590,clean,sax,"{'w': 144, 'bins': 15}",14,4,4,ok,56,70,0.14339367300271988,0.4357668226584792,0.5807795766741037,15,70,87,0,,
2026-05-16T01:21:14.111474,clean,sax,"{'w': 144, 'bins': 15}",15,0,4,ok,0,15,0.15569697879254818,0.7212479161098599,0.8785945829004049,15,69,88,0,,
2026-05-16T01:21:14.639605,clean,sax,"{'w': 144, 'bins': 15}",15,1,4,ok,15,30,0.1563748810440302,0.36004034243524075,0.5200374461710453,15,66,80,0,,
2026-05-16T01:21:15.053525,clean,sax,"{'w': 144, 'bins': 15}",15,2,4,ok,30,45,0.15376782603561878,0.25148317869752645,0.4070915915071964,15,49,61,0,,
2026-05-16T01:21:15.625114,clean,sax,"{'w': 144, 'bins': 15}",15,3,4,ok,45,60,0.1534488471224904,0.40556284971535206,0.5606424789875746,15,66,82,0,,
2026-05-16T01:21:16.332815,clean,sax,"{'w': 144, 'bins': 15}",15,4,4,ok,60,75,0.1531729493290186,0.5441157231107354,0.69877899158746,15,94,112,0,,
2026-05-16T01:21:17.219486,clean,sax,"{'w': 144, 'bins': 15}",16,0,4,ok,0,16,0.16384238563477993,0.7049508616328239,0.8704860350117087,15,69,88,0,,
2026-05-16T01:21:17.886092,clean,sax,"{'w': 144, 'bins': 15}",16,1,4,ok,16,32,0.16559470538049936,0.49033862352371216,0.6578151732683182,15,71,87,0,,
2026-05-16T01:21:18.478999,clean,sax,"{'w': 144, 'bins': 15}",16,2,4,ok,32,48,0.1623325301334262,0.42073342949151993,0.5846727872267365,15,66,82,0,,
2026-05-16T01:21:19.090064,clean,sax,"{'w': 144, 'bins': 15}",16,3,4,ok,48,64,0.16350989043712616,0.437712294049561,0.6027556546032429,15,68,83,0,,
2026-05-16T01:21:19.718587,clean,sax,"{'w': 144, 'bins': 15}",16,4,4,ok,64,80,0.16483684163540602,0.4534770483151078,0.6200329596176744,15,55,71,0,,
2026-05-16T01:21:20.620987,clean,sax,"{'w': 144, 'bins': 15}",17,0,4,ok,0,17,0.1736385514959693,0.709711229428649,0.8851581672206521,15,69,88,0,,
2026-05-16T01:21:21.419224,clean,sax,"{'w': 144, 'bins': 15}",17,1,4,ok,17,34,0.17359471879899502,0.6142428880557418,0.7894350262358785,15,65,83,0,,
2026-05-16T01:21:22.027424,clean,sax,"{'w': 144, 'bins': 15}",17,2,4,ok,34,51,0.17470234911888838,0.42320577148348093,0.5999579904600978,15,64,80,0,,
2026-05-16T01:21:22.816828,clean,sax,"{'w': 144, 'bins': 15}",17,3,4,ok,51,68,0.1732656816020608,0.5465924656018615,0.7807823587208986,15,80,96,0,,
2026-05-16T01:21:23.431862,clean,sax,"{'w': 144, 'bins': 15}",17,4,4,ok,68,85,0.17260218504816294,0.4323367001488805,0.6064201472327113,15,51,66,0,,
2026-05-16T01:21:24.387854,clean,sax,"{'w': 144, 'bins': 15}",18,0,4,ok,0,18,0.18397099524736404,0.7534992322325706,0.9391243746504188,15,63,83,0,,
2026-05-16T01:21:25.242370,clean,sax,"{'w': 144, 'bins': 15}",18,1,4,ok,18,36,0.1824416434392333,0.6604013899341226,0.8443963509052992,15,68,87,0,,
2026-05-16T01:21:25.964180,clean,sax,"{'w': 144, 'bins': 15}",18,2,4,ok,36,54,0.18246290273964405,0.5288849407806993,0.712908404879272,15,61,77,0,,
2026-05-16T01:21:26.885959,clean,sax,"{'w': 144, 'bins': 15}",18,3,4,ok,54,72,0.1846073204651475,0.7267846241593361,0.9130040621384978,15,65,83,0,,
2026-05-16T01:21:27.527019,clean,sax,"{'w': 144, 'bins': 15}",18,4,4,ok,72,90,0.18295744247734547,0.44685002509504557,0.6314228009432554,15,70,86,0,,
2026-05-16T01:21:28.633644,clean,sax,"{'w': 144, 'bins': 15}",19,0,4,ok,0,19,0.19659143593162298,0.890572746284306,1.0888098636642098,15,58,79,0,,
2026-05-16T01:21:29.542903,clean,sax,"{'w': 144, 'bins': 15}",19,1,4,ok,19,38,0.19596595223993063,0.6443689931184053,0.9002784853801131,15,60,79,0,,
2026-05-16T01:21:30.499919,clean,sax,"{'w': 144, 'bins': 15}",19,2,4,ok,38,57,0.19447377882897854,0.7502587763592601,0.9462337344884872,15,80,103,0,,
2026-05-16T01:21:31.512692,clean,sax,"{'w': 144, 'bins': 15}",19,3,4,ok,57,76,0.19404171779751778,0.8065479937940836,1.002126406878233,15,90,111,0,,
2026-05-16T01:21:32.425538,clean,sax,"{'w': 144, 'bins': 15}",19,4,4,ok,76,95,0.19573805294930935,0.706290147267282,0.9037456251680851,15,58,78,0,,
2026-05-16T01:21:33.564177,clean,sax,"{'w': 144, 'bins': 15}",20,0,4,ok,0,20,0.20445511303842068,0.9136041598394513,1.1196418944746256,15,70,91,0,,
2026-05-16T01:21:34.431870,clean,sax,"{'w': 144, 'bins': 15}",20,1,4,ok,20,40,0.20596620067954063,0.6500647086650133,0.8579840175807476,15,62,83,0,,
2026-05-16T01:21:35.238185,clean,sax,"{'w': 144, 'bins': 15}",20,2,4,ok,40,60,0.20495049376040697,0.587978514842689,0.7950454130768776,15,80,100,0,,
2026-05-16T01:21:36.147463,clean,sax,"{'w': 144, 'bins': 15}",20,3,4,ok,60,80,0.20444548409432173,0.6777200745418668,0.8837780067697167,15,83,100,0,,
2026-05-16T01:21:36.987635,clean,sax,"{'w': 144, 'bins': 15}",20,4,4,ok,80,100,0.20520623214542866,0.6234713289886713,0.8302498543635011,15,66,84,0,,
2026-05-16T01:21:38.146910,clean,sax,"{'w': 144, 'bins': 15}",21,0,4,ok,0,21,0.21453286800533533,0.9249930270016193,1.141279467381537,15,49,67,0,,
2026-05-16T01:21:39.158788,clean,sax,"{'w': 144, 'bins': 15}",21,1,4,ok,21,42,0.21557449456304312,0.7840890577062964,1.0015183659270406,15,59,77,0,,
2026-05-16T01:21:39.963392,clean,sax,"{'w': 144, 'bins': 15}",21,2,4,ok,42,63,0.21468345075845718,0.5768685918301344,0.7933115670457482,15,78,97,0,,
2026-05-16T01:21:40.973536,clean,sax,"{'w': 144, 'bins': 15}",21,3,4,ok,63,84,0.21766079310327768,0.7778950352221727,0.9976194743067026,15,95,119,0,,
2026-05-16T01:21:42.006514,clean,sax,"{'w': 144, 'bins': 15}",21,4,4,ok,84,105,0.2170101711526513,0.8020891416817904,1.0216738376766443,15,68,88,0,,
2026-05-16T01:21:43.457044,clean,sax,"{'w': 144, 'bins': 15}",22,0,4,ok,0,22,0.2253282619640231,1.2035339176654816,1.4306970657780766,15,82,105,0,,
2026-05-16T01:21:44.507553,clean,sax,"{'w': 144, 'bins': 15}",22,1,4,ok,22,44,0.22825939487665892,0.8093082783743739,1.0396476807072759,15,57,76,0,,
2026-05-16T01:21:45.441630,clean,sax,"{'w': 144, 'bins': 15}",22,2,4,ok,44,66,0.2278884006664157,0.6925037959590554,0.9225902445614338,15,79,97,0,,
2026-05-16T01:21:46.260620,clean,sax,"{'w': 144, 'bins': 15}",22,3,4,ok,66,88,0.22778948303312063,0.5782685112208128,0.8082360355183482,15,63,80,0,,
2026-05-16T01:21:47.141077,clean,sax,"{'w': 144, 'bins': 15}",22,4,4,ok,88,110,0.22824572958052158,0.6384922973811626,0.8688519764691591,15,73,90,0,,
2026-05-16T01:21:48.514981,clean,sax,"{'w': 144, 'bins': 15}",23,0,4,ok,0,23,0.23790939897298813,1.1141420556232333,1.3544234484434128,15,52,71,0,,
2026-05-16T01:21:49.705279,clean,sax,"{'w': 144, 'bins': 15}",23,1,4,ok,23,46,0.23817568831145763,0.9390207417309284,1.1793163502588868,15,58,84,0,,
2026-05-16T01:21:50.853182,clean,sax,"{'w': 144, 'bins': 15}",23,2,4,ok,46,69,0.23687678948044777,0.897267590276897,1.1363576957955956,15,68,88,0,,
2026-05-16T01:21:52.054192,clean,sax,"{'w': 144, 'bins': 15}",23,3,4,ok,69,92,0.23647428303956985,0.950857188552618,1.1895011868327856,15,68,92,0,,
2026-05-16T01:21:53.539280,clean,sax,"{'w': 144, 'bins': 15}",23,4,4,ok,92,115,0.23577344696968794,1.2334983702749014,1.4713057968765497,15,90,117,0,,
2026-05-16T01:21:54.946973,clean,sax,"{'w': 144, 'bins': 15}",24,0,4,ok,0,24,0.24846630450338125,1.1378442188724875,1.388861914165318,15,52,71,0,,
2026-05-16T01:21:56.117141,clean,sax,"{'w': 144, 'bins': 15}",24,1,4,ok,24,48,0.24576849769800901,0.9097028039395809,1.1575145479291677,15,74,98,0,,
2026-05-16T01:21:57.220573,clean,sax,"{'w': 144, 'bins': 15}",24,2,4,ok,48,72,0.24691598303616047,0.84212258271873,1.0913426419720054,15,69,91,0,,
2026-05-16T01:21:58.485135,clean,sax,"{'w': 144, 'bins': 15}",24,3,4,ok,72,96,0.24436982069164515,1.005608007311821,1.2520281989127398,15,71,95,0,,
2026-05-16T01:22:00.031960,clean,sax,"{'w': 144, 'bins': 15}",24,4,4,ok,96,120,0.24611749313771725,1.2290600454434752,1.5345673989504576,15,58,81,0,,
2026-05-16T01:22:01.549135,clean,sax,"{'w': 144, 'bins': 15}",25,0,4,ok,0,25,0.2571265371516347,1.231542157009244,1.491020180284977,15,83,110,0,,
2026-05-16T01:22:02.926745,clean,sax,"{'w': 144, 'bins': 15}",25,1,4,ok,25,50,0.25600017234683037,1.1063993275165558,1.3647487806156278,15,75,104,0,,
2026-05-16T01:22:04.486502,clean,sax,"{'w': 144, 'bins': 15}",25,2,4,ok,50,75,0.2568944813683629,1.2878919495269656,1.5470398925244808,15,77,103,0,,
2026-05-16T01:22:05.719007,clean,sax,"{'w': 144, 'bins': 15}",25,3,4,ok,75,100,0.2596670975908637,0.9586367597803473,1.220625096000731,15,55,76,0,,
2026-05-16T01:22:07.178714,clean,sax,"{'w': 144, 'bins': 15}",25,4,4,ok,100,125,0.2573705455288291,1.1866470677778125,1.4463235028088093,15,74,101,0,,
2026-05-16T01:22:07.571390,clean,persist,{'bins': 16},1,0,4,ok,0,1,0.3294430933892727,0.03331105597317219,0.3631963701918721,15,54,58,0,,
2026-05-16T01:22:07.917169,clean,persist,{'bins': 16},1,1,4,ok,1,2,0.32305227126926184,0.02026624884456396,0.34376032929867506,15,45,47,0,,
2026-05-16T01:22:08.260097,clean,persist,{'bins': 16},1,2,4,ok,2,3,0.31771389581263065,0.023030009120702744,0.3411900931969285,15,40,44,0,,
2026-05-16T01:22:08.651443,clean,persist,{'bins': 16},1,3,4,ok,3,4,0.3547894209623337,0.03408809658139944,0.389240138232708,15,63,65,0,,
2026-05-16T01:22:09.025949,clean,persist,{'bins': 16},1,4,4,ok,4,5,0.3378461040556431,0.03416862711310387,0.3724677711725235,15,62,65,0,,
2026-05-16T01:22:09.503627,clean,persist,{'bins': 16},2,0,4,ok,0,2,0.3412105021998286,0.12039668764919043,0.46215856447815895,15,92,100,0,,
2026-05-16T01:22:10.032694,clean,persist,{'bins': 16},2,1,4,ok,2,4,0.37932365480810404,0.1456098072230816,0.5255145831033587,15,72,80,0,,
2026-05-16T01:22:10.604109,clean,persist,{'bins': 16},2,2,4,ok,4,6,0.3467080853879452,0.22001088596880436,0.5672834124416113,15,98,109,0,,
2026-05-16T01:22:11.110032,clean,persist,{'bins': 16},2,3,4,ok,6,8,0.3366447575390339,0.16495735943317413,0.5021608965471387,15,92,102,0,,
2026-05-16T01:22:11.602896,clean,persist,{'bins': 16},2,4,4,ok,8,10,0.3483764389529824,0.14057028200477362,0.4895306481048465,15,82,92,0,,
2026-05-16T01:22:12.351321,clean,persist,{'bins': 16},3,0,4,ok,0,3,0.3538080882281065,0.37706321105360985,0.7315824842080474,15,101,115,0,,
2026-05-16T01:22:13.093487,clean,persist,{'bins': 16},3,1,4,ok,3,6,0.37773440033197403,0.3583559300750494,0.7368337567895651,15,107,123,0,,
2026-05-16T01:22:13.944279,clean,persist,{'bins': 16},3,2,4,ok,6,9,0.3793062921613455,0.46463921293616295,0.8447436643764377,15,112,132,0,,
2026-05-16T01:22:14.620861,clean,persist,{'bins': 16},3,3,4,ok,9,12,0.3246446019038558,0.3457283768802881,0.6710938224568963,15,94,110,0,,
2026-05-16T01:22:15.315036,clean,persist,{'bins': 16},3,4,4,ok,12,15,0.36173022724688053,0.3267199797555804,0.6891687158495188,15,99,114,0,,
2026-05-16T01:22:16.432400,clean,persist,{'bins': 16},4,0,4,ok,0,4,0.3570295376703143,0.7393526285886765,1.0972814047709107,15,108,132,0,,
2026-05-16T01:22:17.575175,clean,persist,{'bins': 16},4,1,4,ok,4,8,0.37350103072822094,0.7618831982836127,1.1362691009417176,15,88,114,0,,
2026-05-16T01:22:18.531999,clean,persist,{'bins': 16},4,2,4,ok,8,12,0.35655978694558144,0.5928734289482236,0.9502999130636454,15,93,114,0,,
2026-05-16T01:22:19.805649,clean,persist,{'bins': 16},4,3,4,ok,12,16,0.3753576781600714,0.8912941440939903,1.2675489261746407,15,78,103,0,,
2026-05-16T01:22:20.956527,clean,persist,{'bins': 16},4,4,4,ok,16,20,0.3746242616325617,0.7684765504673123,1.1439422015100718,15,134,158,0,,
2026-05-16T01:22:22.534858,clean,persist,{'bins': 16},5,0,4,ok,0,5,0.4097509868443012,1.1470466498285532,1.5579378074035048,15,134,163,0,,
2026-05-16T01:22:23.801007,clean,persist,{'bins': 16},5,1,4,ok,5,10,0.36447625420987606,0.8923445250838995,1.2579134814441204,15,110,134,0,,
2026-05-16T01:22:25.098392,clean,persist,{'bins': 16},5,2,4,ok,10,15,0.3995823711156845,0.8890115469694138,1.2898347675800323,15,101,124,0,,
2026-05-16T01:22:26.415247,clean,persist,{'bins': 16},5,3,4,ok,15,20,0.38805717695504427,0.9199121668934822,1.309087143279612,15,94,115,0,,
2026-05-16T01:22:28.199078,clean,persist,{'bins': 16},5,4,4,ok,20,25,0.36689581722021103,1.4087296053767204,1.7767269210889935,15,80,106,0,,
2026-05-16T01:22:30.532996,clean,persist,{'bins': 16},6,0,4,ok,0,6,0.41271314956247807,1.8991244062781334,2.313126386143267,15,87,119,0,,
2026-05-16T01:22:32.205108,clean,persist,{'bins': 16},6,1,4,ok,6,12,0.39543965086340904,1.2657946133986115,1.6624958021566272,15,114,138,0,,
2026-05-16T01:22:34.216844,clean,persist,{'bins': 16},6,2,4,ok,12,18,0.40047178138047457,1.6008721766993403,2.0026146238669753,15,90,122,0,,
2026-05-16T01:22:36.995557,clean,persist,{'bins': 16},6,3,4,ok,18,24,0.39773496240377426,2.3683405853807926,2.767337807454169,15,134,176,0,,
2026-05-16T01:22:39.412971,clean,persist,{'bins': 16},6,4,4,ok,24,30,0.4810020225122571,1.9233247432857752,2.4058606764301658,15,143,181,0,,
2026-05-16T01:22:41.937412,clean,persist,{'bins': 16},7,0,4,ok,0,7,0.39103530067950487,2.1090476689860225,2.501584849320352,15,100,134,0,,
2026-05-16T01:22:44.435166,clean,persist,{'bins': 16},7,1,4,ok,7,14,0.45720288809388876,2.027524613775313,2.4861202780157328,15,154,190,0,,
2026-05-16T01:22:47.180134,clean,persist,{'bins': 16},7,2,4,ok,14,21,0.41662017721682787,2.314277207478881,2.7323255762457848,15,152,190,0,,
2026-05-16T01:22:49.349302,clean,persist,{'bins': 16},7,3,4,ok,21,28,0.3744005495682359,1.7821246590465307,2.1579586006700993,15,118,152,0,,
2026-05-16T01:22:52.819012,clean,persist,{'bins': 16},7,4,4,ok,28,35,0.38581866305321455,3.0681373607367277,3.455410926602781,15,154,195,0,,
2026-05-16T01:22:56.047168,clean,persist,{'bins': 16},8,0,4,ok,0,8,0.4480305537581444,2.753751733340323,3.2033815914765,15,108,141,0,,
2026-05-16T01:22:59.941974,clean,persist,{'bins': 16},8,1,4,ok,8,16,0.43044476956129074,3.4480034969747066,3.880115787498653,15,120,165,0,,
2026-05-16T01:23:03.650503,clean,persist,{'bins': 16},8,2,4,ok,16,24,0.38624497409909964,3.307812176644802,3.6956145353615284,15,126,171,0,,
2026-05-16T01:23:07.789105,clean,persist,{'bins': 16},8,3,4,ok,24,32,0.4053627662360668,3.718002608977258,4.124951423145831,15,116,164,0,,
2026-05-16T01:23:11.660236,clean,persist,{'bins': 16},8,4,4,ok,32,40,0.46636951342225075,3.3885382367298007,3.856480773538351,15,157,206,0,,
2026-05-16T01:23:15.726152,clean,persist,{'bins': 16},9,0,4,ok,0,9,0.42598132602870464,3.6114592580124736,4.039174249395728,15,122,168,0,,
2026-05-16T01:23:20.249734,clean,persist,{'bins': 16},9,1,4,ok,9,18,0.44343426171690226,4.06697025988251,4.512116246856749,15,48,80,0,,
2026-05-16T01:23:24.406869,clean,persist,{'bins': 16},9,2,4,ok,18,27,0.42731420043855906,3.7131305215880275,4.142189127393067,15,141,185,0,,
2026-05-16T01:23:28.499059,clean,persist,{'bins': 16},9,3,4,ok,27,36,0.44028056878596544,3.6342219673097134,4.076173844747245,15,159,204,0,,
2026-05-16T01:23:33.189561,clean,persist,{'bins': 16},9,4,4,ok,36,45,0.3974549463018775,4.279094920493662,4.678398096933961,15,63,98,0,,
2026-05-16T01:23:37.527318,clean,persist,{'bins': 16},10,0,4,ok,0,10,0.42913666274398565,3.8793933149427176,4.310255438089371,15,122,169,0,,
2026-05-16T01:23:42.065722,clean,persist,{'bins': 16},10,1,4,ok,10,20,0.46559007931500673,4.053479588590562,4.520785350352526,15,148,196,0,,
2026-05-16T01:23:46.840443,clean,persist,{'bins': 16},10,2,4,ok,20,30,0.48816766031086445,4.267230621539056,4.757204603403807,15,123,171,0,,
2026-05-16T01:23:52.825445,clean,persist,{'bins': 16},10,3,4,ok,30,40,0.507874246686697,5.455388139933348,5.964996594004333,15,172,228,0,,
2026-05-16T01:23:59.163415,clean,persist,{'bins': 16},10,4,4,ok,40,50,0.4781498070806265,5.841901180334389,6.321857679635286,15,134,188,0,,
2026-05-16T01:24:04.577129,clean,persist,{'bins': 16},11,0,4,ok,0,11,0.4954235162585974,4.884592964313924,5.382014592178166,15,138,188,0,,
2026-05-16T01:24:10.444030,clean,persist,{'bins': 16},11,1,4,ok,11,22,0.49964531417936087,5.3443299839273095,5.845912866294384,15,164,220,0,,
2026-05-16T01:24:18.302137,clean,persist,{'bins': 16},11,2,4,ok,22,33,0.4464756343513727,7.39439354185015,7.842785926535726,15,80,121,0,,
2026-05-16T01:24:26.525415,clean,persist,{'bins': 16},11,3,4,ok,33,44,0.4509640736505389,7.750939827412367,8.203852700069547,15,131,187,0,,
2026-05-16T01:24:35.458138,clean,persist,{'bins': 16},11,4,4,ok,44,55,0.47492110542953014,8.436614206060767,8.913523012772202,15,129,182,0,,
2026-05-16T01:24:42.069653,clean,persist,{'bins': 16},12,0,4,ok,0,12,0.4952023606747389,6.081426735036075,6.578684755600989,15,139,192,0,,
2026-05-16T01:24:49.297005,clean,persist,{'bins': 16},12,1,4,ok,12,24,0.5464560519903898,6.664091345854104,7.212638715282083,15,65,98,0,,
2026-05-16T01:24:59.091476,clean,persist,{'bins': 16},12,2,4,ok,24,36,0.5370454704388976,9.22977350000292,9.768899155780673,15,197,260,0,,
2026-05-16T01:25:06.312942,clean,persist,{'bins': 16},12,3,4,ok,36,48,0.4390744771808386,6.756704652681947,7.197812097147107,15,164,220,0,,
2026-05-16T01:25:12.856009,clean,persist,{'bins': 16},12,4,4,ok,48,60,0.4717019582167268,6.048061101697385,6.521826114505529,15,155,213,0,,
2026-05-16T01:25:21.069927,clean,persist,{'bins': 16},13,0,4,ok,0,13,0.507800430059433,7.671298852190375,8.181300746276975,15,113,164,0,,
2026-05-16T01:25:29.198883,clean,persist,{'bins': 16},13,1,4,ok,13,26,0.49994284473359585,7.607390778139234,8.109510299749672,15,92,139,0,,
2026-05-16T01:25:37.906793,clean,persist,{'bins': 16},13,2,4,ok,26,39,0.4921440873295069,8.198667583987117,8.693030999973416,15,28,55,0,,
2026-05-16T01:25:43.376818,clean,persist,{'bins': 16},13,3,4,ok,39,52,0.5627181930467486,4.885288416408002,5.450206320732832,15,119,168,0,,
2026-05-16T01:25:52.808705,clean,persist,{'bins': 16},13,4,4,ok,52,65,0.5346064604818821,8.86891622748226,9.405752004124224,15,165,227,0,,
2026-05-16T01:26:00.511801,clean,persist,{'bins': 16},14,0,4,ok,0,14,0.5001674070954323,7.170670198276639,7.673188700340688,15,58,91,0,,
2026-05-16T01:26:12.795735,clean,persist,{'bins': 16},14,1,4,ok,14,28,0.5927600711584091,11.66601549088955,12.261237445287406,15,103,156,0,,
2026-05-16T01:26:24.822598,clean,persist,{'bins': 16},14,2,4,ok,28,42,0.5712947500869632,11.41855052113533,11.992453147657216,15,196,260,0,,
2026-05-16T01:26:36.560013,clean,persist,{'bins': 16},14,3,4,ok,42,56,0.5285868067294359,11.189813119359314,11.721875132061541,15,26,54,0,,
2026-05-16T01:26:44.749236,clean,persist,{'bins': 16},14,4,4,ok,56,70,0.5426187990233302,7.619705312885344,8.165004124864936,15,155,215,0,,
2026-05-16T01:26:59.935638,clean,persist,{'bins': 16},15,0,4,ok,0,15,0.47188728023320436,14.672630931250751,15.147210106253624,15,126,182,0,,
2026-05-16T01:27:12.649601,clean,persist,{'bins': 16},15,1,4,ok,15,30,0.47113688942044973,12.204717448912561,12.67848103120923,15,206,280,0,,
2026-05-16T01:27:25.000756,clean,persist,{'bins': 16},15,2,4,ok,30,45,0.5702202636748552,11.755375201813877,12.32812711969018,15,104,157,0,,
2026-05-16T01:27:49.183790,clean,persist,{'bins': 16},15,3,4,ok,45,60,0.5195463309064507,23.638450123369694,24.160516266711056,15,89,132,0,,
2026-05-16T01:28:04.204948,clean,persist,{'bins': 16},15,4,4,ok,60,75,0.5745404167100787,14.418170808814466,14.99522515758872,15,121,178,0,,
2026-05-16T01:28:17.101780,clean,persist,{'bins': 16},16,0,4,ok,0,16,0.5260365502908826,12.334479139186442,12.863237380050123,15,75,111,0,,
2026-05-16T01:28:28.352873,clean,persist,{'bins': 16},16,1,4,ok,16,32,0.5108124706894159,10.716315535828471,11.229822346009314,15,78,118,0,,
2026-05-16T01:28:48.174386,clean,persist,{'bins': 16},16,2,4,ok,32,48,0.5413886094465852,19.259595069102943,19.803625370375812,15,33,64,0,,
2026-05-16T01:29:01.340786,clean,persist,{'bins': 16},16,3,4,ok,48,64,0.5164149524644017,12.631226252764463,13.150206192396581,15,32,65,0,,
2026-05-16T01:29:16.458688,clean,persist,{'bins': 16},16,4,4,ok,64,80,0.5615429505705833,14.524867894127965,15.089032438583672,15,131,195,0,,
2026-05-16T01:29:29.740583,clean,persist,{'bins': 16},17,0,4,ok,0,17,0.6201377576217055,12.6244560405612,13.247363118454814,15,82,131,0,,
2026-05-16T01:29:53.500871,clean,persist,{'bins': 16},17,1,4,ok,17,34,0.5586990285664797,23.182064737193286,23.743499893695116,15,11,33,0,,
2026-05-16T01:30:07.340474,clean,persist,{'bins': 16},17,2,4,ok,34,51,0.5144403036683798,13.286796748638153,13.803973301313818,15,180,253,0,,
2026-05-16T01:30:20.266847,clean,persist,{'bins': 16},17,3,4,ok,51,68,0.5600860547274351,12.337647346779704,12.900706825777888,15,89,133,0,,
2026-05-16T01:30:36.693828,clean,persist,{'bins': 16},17,4,4,ok,68,85,0.5632923161610961,15.830910066142678,16.39687620382756,15,157,222,0,,
2026-05-16T01:30:50.086570,clean,persist,{'bins': 16},18,0,4,ok,0,18,0.5583346672356129,12.798392997123301,13.359682653099298,15,33,63,0,,
2026-05-16T01:31:11.503177,clean,persist,{'bins': 16},18,1,4,ok,18,36,0.6349585428833961,20.750690322369337,21.388587644323707,15,104,157,0,,
2026-05-16T01:31:26.254412,clean,persist,{'bins': 16},18,2,4,ok,36,54,0.5769392363727093,14.149096231907606,14.728974526748061,15,62,102,0,,
2026-05-16T01:31:43.210386,clean,persist,{'bins': 16},18,3,4,ok,54,72,0.5628140298649669,16.356419811025262,16.922114269807935,15,178,256,0,,
2026-05-16T01:32:05.270489,clean,persist,{'bins': 16},18,4,4,ok,72,90,0.5186767419800162,21.51078844536096,22.032327372580767,15,92,147,0,,
2026-05-16T01:32:22.260216,clean,persist,{'bins': 16},19,0,4,ok,0,19,0.5706307692453265,16.379354841075838,16.95304598659277,15,42,78,0,,
2026-05-16T01:32:53.771818,clean,persist,{'bins': 16},19,1,4,ok,19,38,0.6152128633111715,30.847565388306975,31.465978941880167,15,172,250,0,,
2026-05-16T01:33:14.420912,clean,persist,{'bins': 16},19,2,4,ok,38,57,0.6292650122195482,19.977376124821603,20.609673011116683,15,200,284,0,,
2026-05-16T01:33:37.732983,clean,persist,{'bins': 16},19,3,4,ok,57,76,0.6502931732684374,22.638356345705688,23.29158308915794,15,36,64,0,,
2026-05-16T01:34:02.059629,clean,persist,{'bins': 16},19,4,4,ok,76,95,0.6361204534769058,23.659898507408798,24.299064930528402,15,80,118,0,,
2026-05-16T01:34:19.528585,clean,persist,{'bins': 16},20,0,4,ok,0,20,0.6071045454591513,16.821784682571888,17.432145874015987,15,32,64,0,,
2026-05-16T01:34:46.654883,clean,persist,{'bins': 16},20,1,4,ok,20,40,0.645080279558897,26.443841805681586,27.092117296531796,15,125,194,0,,
2026-05-16T01:35:19.243760,clean,persist,{'bins': 16},20,2,4,ok,40,60,0.7847388749942183,31.76308120135218,32.55134982429445,15,149,213,0,,
2026-05-16T01:35:52.153461,clean,persist,{'bins': 16},20,3,4,ok,60,80,0.6038608262315392,32.2780400281772,32.885311398655176,15,43,81,0,,
2026-05-16T01:36:15.386560,clean,persist,{'bins': 16},20,4,4,ok,80,100,0.5357737671583891,22.64234626945108,23.181247739121318,15,236,327,0,,
2026-05-16T01:36:39.664264,clean,persist,{'bins': 16},21,0,4,ok,0,21,0.6143880980089307,23.604409402236342,24.222118525765836,15,165,234,0,,
2026-05-16T01:37:04.069014,clean,persist,{'bins': 16},21,1,4,ok,21,42,0.6403343919664621,23.723855420947075,24.36759919580072,15,133,198,0,,
2026-05-16T01:37:29.440084,clean,persist,{'bins': 16},21,2,4,ok,42,63,0.5704216444864869,24.718957575038075,25.34870800282806,15,15,39,0,,
2026-05-16T01:38:00.498874,clean,persist,{'bins': 16},21,3,4,ok,63,84,0.5536230392754078,30.454674740321934,31.01157396286726,15,222,310,0,,
2026-05-16T01:38:21.065182,clean,persist,{'bins': 16},21,4,4,ok,84,105,0.5694421464577317,19.960849340073764,20.533591794781387,15,114,169,0,,
2026-05-16T01:38:36.984968,clean,persist,{'bins': 16},22,0,4,ok,0,22,0.6871871706098318,15.18929476942867,15.879877687431872,15,74,120,0,,
2026-05-16T01:39:15.508306,clean,persist,{'bins': 16},22,1,4,ok,22,44,0.5824994584545493,37.901856570504606,38.48782996274531,15,97,142,0,,
2026-05-16T01:39:43.603262,clean,persist,{'bins': 16},22,2,4,ok,44,66,0.6576861524954438,27.409580381587148,28.070778558962047,15,9,29,0,,
2026-05-16T01:40:16.331538,clean,persist,{'bins': 16},22,3,4,ok,66,88,0.5943094277754426,32.097666195593774,32.69542242679745,15,79,126,0,,
2026-05-16T01:40:37.148580,clean,persist,{'bins': 16},22,4,4,ok,88,110,0.6296532806009054,20.154193728230894,20.787361389026046,15,40,76,0,,
2026-05-16T01:40:58.908170,clean,persist,{'bins': 16},23,0,4,ok,0,23,0.6261475495994091,21.074269138276577,21.703967676497996,15,169,238,0,,
2026-05-16T01:41:33.438312,clean,persist,{'bins': 16},23,1,4,ok,23,46,0.6149714915081859,33.8759933533147,34.49460605252534,15,79,128,0,,
2026-05-16T01:42:03.747601,clean,persist,{'bins': 16},23,2,4,ok,46,69,0.6925424942746758,29.56363362725824,30.259681925177574,15,199,290,0,,
2026-05-16T01:42:50.767175,clean,persist,{'bins': 16},23,3,4,ok,69,92,0.6323806568980217,46.357469614595175,46.993386081419885,15,25,55,0,,
2026-05-16T01:43:22.084804,clean,persist,{'bins': 16},23,4,4,ok,92,115,0.6554528465494514,30.604045337997377,31.26305260974914,15,206,294,0,,
2026-05-16T01:43:45.647243,clean,persist,{'bins': 16},24,0,4,ok,0,24,0.5513444701209664,22.965073203668,23.520173896104097,15,38,70,0,,
2026-05-16T01:45:08.920784,clean,persist,{'bins': 16},24,1,4,ok,24,48,0.595607633702457,82.63585534412414,83.23513795807958,15,104,158,0,,
2026-05-16T01:45:39.109229,clean,persist,{'bins': 16},24,2,4,ok,48,72,0.5808978313580155,29.570437302812934,30.155230318196118,15,60,102,0,,
2026-05-16T01:46:09.123739,clean,persist,{'bins': 16},24,3,4,ok,72,96,0.6111477585509419,29.359342710115016,29.974329218268394,15,135,195,0,,
2026-05-16T01:46:47.934072,clean,persist,{'bins': 16},24,4,4,ok,96,120,0.5991965057328343,38.17130514699966,38.77416031342,15,86,133,0,,
2026-05-16T01:47:12.302855,clean,persist,{'bins': 16},25,0,4,ok,0,25,0.6721691051498055,23.622363873757422,24.30085294600576,15,176,252,0,,
2026-05-16T01:47:48.255513,clean,persist,{'bins': 16},25,1,4,ok,25,50,0.6702448409050703,35.220202463679016,35.894371343776584,15,188,276,0,,
2026-05-16T01:48:25.474072,clean,persist,{'bins': 16},25,2,4,ok,50,75,0.6866374863311648,36.49198098387569,37.18245361279696,15,89,140,0,,
2026-05-16T01:49:06.085386,clean,persist,{'bins': 16},25,3,4,ok,75,100,0.6140221497043967,39.95107943471521,40.56918973196298,15,106,156,0,,
2026-05-16T01:49:40.670169,clean,persist,{'bins': 16},25,4,4,ok,100,125,0.8089515948668122,33.72695438656956,34.53977712150663,15,144,218,0,,
2026-05-16T01:49:41.060980,noisy,naive,{'bins': 15},1,0,4,ok,0,1,0.0003982977941632271,0.34278198052197695,0.3435716833919287,15,149,161,0,,
2026-05-16T01:49:41.552281,noisy,naive,{'bins': 15},1,1,4,ok,1,2,0.00034245382994413376,0.4832722134888172,0.48398601450026035,15,207,215,0,,
2026-05-16T01:49:41.937166,noisy,naive,{'bins': 15},1,2,4,ok,2,3,0.00034564919769763947,0.3778363708406687,0.37853718642145395,15,182,191,0,,
2026-05-16T01:49:42.244116,noisy,naive,{'bins': 15},1,3,4,ok,3,4,0.0003314018249511719,0.3011100646108389,0.3017996195703745,15,126,139,0,,
2026-05-16T01:49:42.684182,noisy,naive,{'bins': 15},1,4,4,ok,4,5,0.000338895246386528,0.4337891973555088,0.4344755159690976,15,145,157,0,,
2026-05-16T01:49:45.585858,noisy,naive,{'bins': 15},2,0,4,ok,0,2,0.0005863402038812637,2.8702317010611296,2.871396438218653,15,227,263,0,,
2026-05-16T01:49:46.751966,noisy,naive,{'bins': 15},2,1,4,ok,2,4,0.0005866019055247307,1.1557994429022074,1.1569257993251085,15,163,192,0,,
2026-05-16T01:49:49.529019,noisy,naive,{'bins': 15},2,2,4,ok,4,6,0.0006073908880352974,2.7613864885643125,2.762548671104014,15,253,287,0,,
2026-05-16T01:49:49.716201,noisy,naive,{'bins': 15},2,3,4,ok,6,8,0.0006139734759926796,0.18227255437523127,0.18336383439600468,15,39,54,0,,
2026-05-16T01:49:50.584963,noisy,naive,{'bins': 15},2,4,4,ok,8,10,0.0005768733099102974,0.8601016830652952,0.861189897172153,15,123,154,0,,
2026-05-16T01:49:53.421747,noisy,naive,{'bins': 15},3,0,4,ok,0,3,0.0007586553692817688,2.8067000145092607,2.8081773994490504,15,167,215,0,,
2026-05-16T01:49:59.309190,noisy,naive,{'bins': 15},3,1,4,ok,3,6,0.000924265943467617,5.864596099592745,5.866303656250238,15,276,332,0,,
2026-05-16T01:49:59.868258,noisy,naive,{'bins': 15},3,2,4,ok,6,9,0.0009155794978141785,0.5509391464293003,0.5525275897234678,15,74,96,0,,
2026-05-16T01:50:02.069792,noisy,naive,{'bins': 15},3,3,4,ok,9,12,0.0009619463235139847,2.189563475549221,2.1912332102656364,15,139,178,0,,
2026-05-16T01:50:04.693228,noisy,naive,{'bins': 15},3,4,4,ok,12,15,0.0008451668545603752,2.609955313615501,2.6114967269822955,15,153,198,0,,
2026-05-16T01:50:10.580985,noisy,naive,{'bins': 15},4,0,4,ok,0,4,0.000994797796010971,5.851075862534344,5.852944671176374,15,194,260,0,,
2026-05-16T01:50:11.737740,noisy,naive,{'bins': 15},4,1,4,ok,4,8,0.001143086701631546,1.1454326370730996,1.1474183853715658,15,78,111,0,,
2026-05-16T01:50:16.174490,noisy,naive,{'bins': 15},4,2,4,ok,8,12,0.0009828349575400352,4.41756391339004,4.419416983611882,15,193,252,0,,
2026-05-16T01:50:22.678697,noisy,naive,{'bins': 15},4,3,4,ok,12,16,0.0011890241876244545,6.484433708712459,6.486576394177973,15,179,241,0,,
2026-05-16T01:50:26.091548,noisy,naive,{'bins': 15},4,4,4,ok,16,20,0.0012018075212836266,3.39865405857563,3.4007339850068092,15,98,131,0,,
2026-05-16T01:50:37.899868,noisy,naive,{'bins': 15},5,0,4,ok,0,5,0.0012102331966161728,11.764902656897902,11.767344833351672,15,212,297,0,,
2026-05-16T01:50:39.788363,noisy,naive,{'bins': 15},5,1,4,ok,5,10,0.0014438116922974586,1.8733698772266507,1.8759205769747496,15,103,144,0,,
2026-05-16T01:50:43.957473,noisy,naive,{'bins': 15},5,2,4,ok,10,15,0.0012503191828727722,4.1490311892703176,4.151384329423308,15,152,208,0,,
2026-05-16T01:50:49.876396,noisy,naive,{'bins': 15},5,3,4,ok,15,20,0.0013607954606413841,5.899721783585846,5.902248288504779,15,116,161,0,,
2026-05-16T01:50:52.258249,noisy,naive,{'bins': 15},5,4,4,ok,20,25,0.0014325706288218498,2.3661203300580382,2.3686675438657403,15,107,151,0,,
2026-05-16T01:51:11.637069,noisy,naive,{'bins': 15},6,0,4,ok,0,6,0.001442238688468933,19.3394109653309,19.342262300662696,15,89,141,0,,
2026-05-16T01:51:14.437373,noisy,naive,{'bins': 15},6,1,4,ok,6,12,0.0016432255506515503,2.7838274221867323,2.7867316156625748,15,90,132,0,,
2026-05-16T01:51:20.209184,noisy,naive,{'bins': 15},6,2,4,ok,12,18,0.0015666820108890533,5.754880519583821,5.757745038717985,15,83,119,0,,
2026-05-16T01:51:28.035345,noisy,naive,{'bins': 15},6,3,4,ok,18,24,0.001603551208972931,7.801799247041345,7.804767129942775,15,154,211,0,,
2026-05-16T01:51:31.342041,noisy,naive,{'bins': 15},6,4,4,ok,24,30,0.0018032258376479149,3.288272830657661,3.2914287159219384,15,103,147,0,,
2026-05-16T01:51:54.113517,noisy,naive,{'bins': 15},7,0,4,ok,0,7,0.0016830414533615112,22.723044343292713,22.726328200660646,15,152,207,0,,
2026-05-16T01:51:59.264859,noisy,naive,{'bins': 15},7,1,4,ok,7,14,0.0018215412274003029,5.129199459217489,5.132474400103092,15,126,182,0,,
2026-05-16T01:52:09.131292,noisy,naive,{'bins': 15},7,2,4,ok,14,21,0.0017479415982961655,9.794677257537842,9.840843020007014,15,170,232,0,,
2026-05-16T01:52:17.376993,noisy,naive,{'bins': 15},7,3,4,ok,21,28,0.0017821164801716805,8.21912870183587,8.222399665042758,15,168,240,0,,
2026-05-16T01:52:22.800888,noisy,naive,{'bins': 15},7,4,4,ok,28,35,0.0017809337005019188,5.399917811155319,5.403132397681475,15,154,213,0,,
2026-05-16T01:52:30.520889,noisy,naive,{'bins': 15},8,0,4,ok,0,8,0.0018866630271077156,7.679891983047128,7.683410351164639,15,123,190,0,,
2026-05-16T01:52:44.286230,noisy,naive,{'bins': 15},8,1,4,ok,8,16,0.002257748506963253,13.734870223328471,13.738820501603186,15,162,231,0,,
2026-05-16T01:52:58.610588,noisy,naive,{'bins': 15},8,2,4,ok,16,24,0.0020215660333633423,14.290731742978096,14.294458281248808,15,177,264,0,,
2026-05-16T01:53:03.025335,noisy,naive,{'bins': 15},8,3,4,ok,24,32,0.002002379857003689,4.392504253424704,4.396091558970511,15,109,164,0,,
2026-05-16T01:53:19.445352,noisy,naive,{'bins': 15},8,4,4,ok,32,40,0.002048076130449772,16.38113061990589,16.384884398430586,15,220,315,0,,
2026-05-16T01:53:29.572109,noisy,naive,{'bins': 15},9,0,4,ok,0,9,0.0021205926313996315,10.086441153660417,10.09036099538207,15,76,114,0,,
2026-05-16T01:53:42.326676,noisy,naive,{'bins': 15},9,1,4,ok,9,18,0.0023244349285960197,12.727573661133647,12.7317716749385,15,102,166,0,,
2026-05-16T01:53:56.234522,noisy,naive,{'bins': 15},9,2,4,ok,18,27,0.002274591475725174,13.878523751161993,13.882667663507164,15,137,203,0,,
2026-05-16T01:54:07.619474,noisy,naive,{'bins': 15},9,3,4,ok,27,36,0.0022665662690997124,11.356839125975966,11.360916872508824,15,129,189,0,,
2026-05-16T01:54:52.801460,noisy,naive,{'bins': 15},9,4,4,ok,36,45,0.0022917725145816803,45.14533647429198,45.14950689487159,15,162,230,0,,
2026-05-16T01:55:05.806345,noisy,naive,{'bins': 15},10,0,4,ok,0,10,0.002518709748983383,12.960628747008741,12.965035161934793,15,62,97,0,,
2026-05-16T01:55:21.535019,noisy,naive,{'bins': 15},10,1,4,ok,10,20,0.0027003614231944084,15.694156001321971,15.698725852183998,15,148,221,0,,
2026-05-16T01:55:34.852341,noisy,naive,{'bins': 15},10,2,4,ok,20,30,0.002629888243973255,13.287449379451573,13.291953748092055,15,109,173,0,,
2026-05-16T01:55:49.376130,noisy,naive,{'bins': 15},10,3,4,ok,30,40,0.002672659233212471,14.49634134490043,14.50086133275181,15,82,127,0,,
2026-05-16T01:56:13.930362,noisy,naive,{'bins': 15},10,4,4,ok,40,50,0.002674313262104988,24.519607768394053,24.524225732311606,15,113,168,0,,
2026-05-16T01:56:27.604583,noisy,naive,{'bins': 15},11,0,4,ok,0,11,0.0027906103059649467,13.621821832843125,13.626708188094199,15,123,186,0,,
2026-05-16T01:56:56.853795,noisy,naive,{'bins': 15},11,1,4,ok,11,22,0.0029341503977775574,29.212977601215243,29.218002567999065,15,97,148,0,,
2026-05-16T01:57:05.443856,noisy,naive,{'bins': 15},11,2,4,ok,22,33,0.002996547147631645,8.55969271901995,8.564700732938945,15,115,180,0,,
2026-05-16T01:58:02.088211,noisy,naive,{'bins': 15},11,3,4,ok,33,44,0.0029971878975629807,56.60644193459302,56.611685732379556,15,91,147,0,,
2026-05-16T01:58:22.320848,noisy,naive,{'bins': 15},11,4,4,ok,44,55,0.003215777687728405,20.202406628988683,20.207785909995437,15,49,87,0,,
2026-05-16T01:58:45.997054,noisy,naive,{'bins': 15},12,0,4,ok,0,12,0.0034053949639201164,23.61692128609866,23.622609868645668,15,140,205,0,,
2026-05-16T01:59:19.227920,noisy,naive,{'bins': 15},12,1,4,ok,12,24,0.004057731479406357,33.180852451361716,33.187308916822076,15,167,242,0,,
2026-05-16T01:59:28.936116,noisy,naive,{'bins': 15},12,2,4,ok,24,36,0.003541930578649044,9.669529701583087,9.675429190509021,15,143,208,0,,
2026-05-16T02:00:50.252665,noisy,naive,{'bins': 15},12,3,4,ok,36,48,0.0034881802275776863,81.27998877316713,81.28591275773942,15,55,101,0,,
2026-05-16T02:01:08.344455,noisy,naive,{'bins': 15},12,4,4,ok,48,60,0.0032210880890488625,18.047938898205757,18.053395544178784,15,151,232,0,,
2026-05-16T02:01:28.033928,noisy,naive,{'bins': 15},13,0,4,ok,0,13,0.003277534618973732,19.634290196932852,19.63997131586075,15,63,102,0,,
2026-05-16T02:01:58.107466,noisy,naive,{'bins': 15},13,1,4,ok,13,26,0.003460739739239216,30.036759573966265,30.04259063396603,15,75,132,0,,
2026-05-16T02:02:22.620903,noisy,naive,{'bins': 15},13,2,4,ok,26,39,0.003918197937309742,24.465934810228646,24.47230288758874,15,164,244,0,,
2026-05-16T02:03:24.587549,noisy,naive,{'bins': 15},13,3,4,ok,39,52,0.003889523446559906,61.92209414858371,61.92850917391479,15,80,126,0,,
2026-05-16T02:03:42.503184,noisy,naive,{'bins': 15},13,4,4,ok,52,65,0.003949987702071667,17.869824117049575,17.8762536207214,15,132,201,0,,
2026-05-16T02:04:09.495328,noisy,naive,{'bins': 15},14,0,4,ok,0,14,0.004051137715578079,26.927921970374882,26.934865228831768,15,103,163,0,,
2026-05-16T02:04:31.879161,noisy,naive,{'bins': 15},14,1,4,ok,14,28,0.004106791689991951,22.33553463406861,22.342674512416124,15,145,224,0,,
2026-05-16T02:05:23.816628,noisy,naive,{'bins': 15},14,2,4,ok,28,42,0.004356111399829388,51.88956592511386,51.89701728802174,15,126,208,0,,
2026-05-16T02:06:00.911436,noisy,naive,{'bins': 15},14,3,4,ok,42,56,0.0038357628509402275,37.04670291766524,37.05323689803481,15,116,180,0,,
2026-05-16T02:06:24.071087,noisy,naive,{'bins': 15},14,4,4,ok,56,70,0.003817318007349968,23.111639158800244,23.11804303340614,15,115,172,0,,
2026-05-16T02:06:50.673053,noisy,naive,{'bins': 15},15,0,4,ok,0,15,0.0036733485758304596,26.53804102540016,26.544510333798826,15,98,162,0,,
2026-05-16T02:07:18.181405,noisy,naive,{'bins': 15},15,1,4,ok,15,30,0.003853827714920044,27.458742026239634,27.46545562427491,15,141,220,0,,
2026-05-16T02:08:22.515107,noisy,naive,{'bins': 15},15,2,4,ok,30,45,0.003839089535176754,64.28745500184596,64.29402612149715,15,73,120,0,,
2026-05-16T02:09:02.990289,noisy,naive,{'bins': 15},15,3,4,ok,45,60,0.004215647466480732,40.41120831668377,40.42050589714199,15,185,281,0,,
2026-05-16T02:09:37.230530,noisy,naive,{'bins': 15},15,4,4,ok,60,75,0.004037010483443737,34.20168362557888,34.20863111130893,15,48,87,0,,
2026-05-16T02:10:06.233623,noisy,naive,{'bins': 15},16,0,4,ok,0,16,0.004037030972540379,28.93494581244886,28.942003114148974,15,99,164,0,,
2026-05-16T02:10:26.706946,noisy,naive,{'bins': 15},16,1,4,ok,16,32,0.004043152555823326,20.434551128186285,20.44141644053161,15,43,82,0,,
2026-05-16T02:12:50.741057,noisy,naive,{'bins': 15},16,2,4,ok,32,48,0.004056228324770927,143.97020102571696,143.9772655731067,15,114,177,0,,
2026-05-16T02:13:20.222966,noisy,naive,{'bins': 15},16,3,4,ok,48,64,0.0047894436866045,29.42697197292,29.434690127149224,15,119,185,0,,
2026-05-16T02:13:32.931215,noisy,naive,{'bins': 15},16,4,4,ok,64,80,0.004474872723221779,12.662643889896572,12.67015009559691,15,112,174,0,,
2026-05-16T02:13:59.154806,noisy,naive,{'bins': 15},17,0,4,ok,0,17,0.005625785328447819,26.143625052645802,26.152551376260817,15,155,240,0,,
2026-05-16T02:14:24.116978,noisy,naive,{'bins': 15},17,1,4,ok,17,34,0.004423866979777813,24.91760305222124,24.92504716105759,15,56,104,0,,
2026-05-16T02:15:52.713192,noisy,naive,{'bins': 15},17,2,4,ok,34,51,0.00478602759540081,88.53605111967772,88.54396070353687,15,88,150,0,,
2026-05-16T02:16:34.645649,noisy,naive,{'bins': 15},17,3,4,ok,51,68,0.004371750168502331,41.882785096764565,41.89026730787009,15,81,140,0,,
2026-05-16T02:16:47.152364,noisy,naive,{'bins': 15},17,4,4,ok,68,85,0.00436826329678297,12.463818305172026,12.471125868149102,15,85,138,0,,
2026-05-16T02:17:19.640949,noisy,naive,{'bins': 15},18,0,4,ok,0,18,0.004575872793793678,32.407250135205686,32.415092803537846,15,183,283,0,,
2026-05-16T02:17:46.816619,noisy,naive,{'bins': 15},18,1,4,ok,18,36,0.004786898382008076,27.120193620212376,27.128216947428882,15,112,180,0,,
2026-05-16T02:19:50.573873,noisy,naive,{'bins': 15},18,2,4,ok,36,54,0.005261480808258057,123.68542895000428,123.69424124900252,15,145,233,0,,
2026-05-16T02:20:26.568877,noisy,naive,{'bins': 15},18,3,4,ok,54,72,0.004833896644413471,35.940715407952666,35.94875841215253,15,75,125,0,,
2026-05-16T02:20:44.398007,noisy,naive,{'bins': 15},18,4,4,ok,72,90,0.004727557301521301,17.779513332992792,17.78731188736856,15,105,173,0,,
2026-05-16T02:21:23.717830,noisy,naive,{'bins': 15},19,0,4,ok,0,19,0.0047866180539131165,39.241980673745275,39.25013935472816,15,139,231,0,,
2026-05-16T02:21:49.512854,noisy,naive,{'bins': 15},19,1,4,ok,19,38,0.004674206487834454,25.74133940320462,25.74928588513285,15,100,173,0,,
2026-05-16T02:24:24.674096,noisy,naive,{'bins': 15},19,2,4,ok,38,57,0.004724281840026379,155.09080372285098,155.0990030504763,15,111,175,0,,
2026-05-16T02:25:16.894573,noisy,naive,{'bins': 15},19,3,4,ok,57,76,0.004824439994990826,52.167300364002585,52.17546854261309,15,57,103,0,,
2026-05-16T02:25:39.122440,noisy,naive,{'bins': 15},19,4,4,ok,76,95,0.0048182373866438866,22.180682104080915,22.188751818612218,15,80,133,0,,
2026-05-16T02:26:34.500467,noisy,naive,{'bins': 15},20,0,4,ok,0,20,0.0050265491008758545,55.29786158632487,55.30660168919712,15,91,143,0,,
2026-05-16T02:27:03.565573,noisy,naive,{'bins': 15},20,1,4,ok,20,40,0.00497207697480917,29.006967430002987,29.01533959247172,15,119,197,0,,
2026-05-16T02:29:32.043969,noisy,naive,{'bins': 15},20,2,4,ok,40,60,0.004922914318740368,148.40528791118413,148.41385495010763,15,129,215,0,,
2026-05-16T02:29:51.304483,noisy,naive,{'bins': 15},20,3,4,ok,60,80,0.005013325251638889,19.203799787908792,19.212246800772846,15,91,142,0,,
2026-05-16T02:31:03.534455,noisy,naive,{'bins': 15},20,4,4,ok,80,100,0.005065452307462692,72.16433688253164,72.17295937426388,15,113,182,0,,
2026-05-16T02:32:01.010947,noisy,naive,{'bins': 15},21,0,4,ok,0,21,0.005143699236214161,57.398428280837834,57.40723863709718,15,65,108,0,,
2026-05-16T02:32:32.900141,noisy,naive,{'bins': 15},21,1,4,ok,21,42,0.005250691436231136,31.83100008033216,31.839808773249388,15,85,148,0,,
2026-05-16T02:34:14.038873,noisy,naive,{'bins': 15},21,2,4,ok,42,63,0.005229821428656578,101.08106036111712,101.0899632498622,15,50,98,0,,
2026-05-16T02:34:32.662465,noisy,naive,{'bins': 15},21,3,4,ok,63,84,0.005189545452594757,18.56302239280194,18.57179457694292,15,128,195,0,,
2026-05-16T02:34:49.506854,noisy,naive,{'bins': 15},21,4,4,ok,84,105,0.005272740498185158,16.789008025079966,16.79774619359523,15,123,185,0,,
2026-05-16T02:36:02.534195,noisy,naive,{'bins': 15},22,0,4,ok,0,22,0.005373520776629448,72.93657175451517,72.94577525742352,15,134,216,0,,
2026-05-16T02:36:51.196079,noisy,naive,{'bins': 15},22,1,4,ok,22,44,0.005451599135994911,48.5527604194358,48.60469900816679,15,103,177,0,,
2026-05-16T02:38:29.927255,noisy,naive,{'bins': 15},22,2,4,ok,44,66,0.005540062673389912,98.66120360698551,98.67063610069454,15,94,157,0,,
2026-05-16T02:38:59.896987,noisy,naive,{'bins': 15},22,3,4,ok,66,88,0.005450977012515068,29.901764436624944,29.910949666053057,15,129,198,0,,
2026-05-16T02:39:18.357412,noisy,naive,{'bins': 15},22,4,4,ok,88,110,0.005588294938206673,18.404987349174917,18.41425252892077,15,95,152,0,,
2026-05-16T02:40:31.856020,noisy,naive,{'bins': 15},23,0,4,ok,0,23,0.005524804815649986,73.4098033355549,73.41930942703038,15,117,194,0,,
2026-05-16T02:41:06.800743,noisy,naive,{'bins': 15},23,1,4,ok,23,46,0.005640491843223572,34.87340375222266,34.883045327849686,15,132,223,0,,
2026-05-16T02:42:23.258023,noisy,naive,{'bins': 15},23,2,4,ok,46,69,0.0058771464973688126,76.38819666672498,76.39836760703474,15,70,127,0,,
2026-05-16T02:42:46.888439,noisy,naive,{'bins': 15},23,3,4,ok,69,92,0.005711776204407215,23.559395726770163,23.569026553072035,15,136,208,0,,
2026-05-16T02:43:02.698291,noisy,naive,{'bins': 15},23,4,4,ok,92,115,0.005749035626649857,15.752662570215762,15.762194078415632,15,77,124,0,,
2026-05-16T02:44:15.203865,noisy,naive,{'bins': 15},24,0,4,ok,0,24,0.005793169140815735,72.41121862549335,72.42110102437437,15,118,189,0,,
2026-05-16T02:45:08.530182,noisy,naive,{'bins': 15},24,1,4,ok,24,48,0.005961495451629162,53.25994743593037,53.27006280235946,15,67,125,0,,
2026-05-16T02:46:41.733701,noisy,naive,{'bins': 15},24,2,4,ok,48,72,0.005900059826672077,93.12573351152241,93.13584839645773,15,96,160,0,,
2026-05-16T02:47:16.731817,noisy,naive,{'bins': 15},24,3,4,ok,72,96,0.005912723019719124,34.932587563060224,34.94255730509758,15,110,190,0,,
2026-05-16T02:47:42.001107,noisy,naive,{'bins': 15},24,4,4,ok,96,120,0.005983335897326469,25.15180046763271,25.204405506141484,15,147,232,0,,
2026-05-16T02:48:57.840332,noisy,naive,{'bins': 15},25,0,4,ok,0,25,0.0060146767646074295,75.7451604809612,75.75550897605717,15,98,164,0,,
2026-05-16T02:49:56.251707,noisy,naive,{'bins': 15},25,1,4,ok,25,50,0.006174976006150246,58.332041018642485,58.342509989626706,15,131,223,0,,
2026-05-16T02:51:18.094599,noisy,naive,{'bins': 15},25,2,4,ok,50,75,0.006230820901691914,81.76374295167625,81.77437184099108,15,73,122,0,,
2026-05-16T02:51:55.495337,noisy,naive,{'bins': 15},25,3,4,ok,75,100,0.0061665307730436325,37.32972834352404,37.34007912222296,15,101,179,0,,
2026-05-16T02:52:47.461317,noisy,naive,{'bins': 15},25,4,4,ok,100,125,0.006229589693248272,51.88894051499665,51.899424203671515,15,120,186,0,,
2026-05-16T02:52:47.558811,noisy,sax,"{'w': 144, 'bins': 15}",1,0,4,ok,0,1,0.01085174921900034,0.028048713691532612,0.03918551839888096,15,65,67,0,,
2026-05-16T02:52:47.622163,noisy,sax,"{'w': 144, 'bins': 15}",1,1,4,ok,1,2,0.010434516705572605,0.04956074245274067,0.060244726948440075,15,122,121,0,,
2026-05-16T02:52:47.683687,noisy,sax,"{'w': 144, 'bins': 15}",1,2,4,ok,2,3,0.010274193249642849,0.04871978331357241,0.059233106672763824,15,74,78,0,,
2026-05-16T02:52:47.735338,noisy,sax,"{'w': 144, 'bins': 15}",1,3,4,ok,3,4,0.010596169158816338,0.03858288563787937,0.04941213317215443,15,62,66,0,,
2026-05-16T02:52:47.785267,noisy,sax,"{'w': 144, 'bins': 15}",1,4,4,ok,4,5,0.01049912627786398,0.03724026493728161,0.04798294883221388,15,61,65,0,,
2026-05-16T02:52:48.039221,noisy,sax,"{'w': 144, 'bins': 15}",2,0,4,ok,0,2,0.020434865728020668,0.2090324005112052,0.22984468564391136,15,123,132,0,,
2026-05-16T02:52:48.182839,noisy,sax,"{'w': 144, 'bins': 15}",2,1,4,ok,2,4,0.02054934948682785,0.11949057690799236,0.14036038890480995,15,97,105,0,,
2026-05-16T02:52:48.425971,noisy,sax,"{'w': 144, 'bins': 15}",2,2,4,ok,4,6,0.020615254528820515,0.21798529382795095,0.23894080705940723,15,119,130,0,,
2026-05-16T02:52:48.461842,noisy,sax,"{'w': 144, 'bins': 15}",2,3,4,ok,6,8,0.020495669916272163,0.013332366943359375,0.034101090393960476,15,24,27,0,,
2026-05-16T02:52:48.574767,noisy,sax,"{'w': 144, 'bins': 15}",2,4,4,ok,8,10,0.02052598726004362,0.08915082085877657,0.10998443514108658,15,72,79,0,,
2026-05-16T02:52:48.809993,noisy,sax,"{'w': 144, 'bins': 15}",3,0,4,ok,0,3,0.03080238401889801,0.17915653716772795,0.21038637403398752,15,84,95,0,,
2026-05-16T02:52:49.355172,noisy,sax,"{'w': 144, 'bins': 15}",3,1,4,ok,3,6,0.030978726223111153,0.5068591739982367,0.5382700115442276,15,165,180,0,,
2026-05-16T02:52:49.439195,noisy,sax,"{'w': 144, 'bins': 15}",3,2,4,ok,6,9,0.030742713250219822,0.050598111003637314,0.08170486707240343,15,48,55,0,,
2026-05-16T02:52:49.674125,noisy,sax,"{'w': 144, 'bins': 15}",3,3,4,ok,9,12,0.03079327754676342,0.19980331044644117,0.23103684466332197,15,91,104,0,,
2026-05-16T02:52:50.099079,noisy,sax,"{'w': 144, 'bins': 15}",3,4,4,ok,12,15,0.030669284984469414,0.3878761697560549,0.41897265799343586,15,145,160,0,,
2026-05-16T02:52:50.634249,noisy,sax,"{'w': 144, 'bins': 15}",4,0,4,ok,0,4,0.04053471237421036,0.4664883501827717,0.5075448928400874,15,111,131,0,,
2026-05-16T02:52:50.899028,noisy,sax,"{'w': 144, 'bins': 15}",4,1,4,ok,4,8,0.04100625682622194,0.21923828683793545,0.2607188746333122,15,83,96,0,,
2026-05-16T02:52:51.338349,noisy,sax,"{'w': 144, 'bins': 15}",4,2,4,ok,8,12,0.04033880401402712,0.39283926971256733,0.4336528554558754,15,128,142,0,,
2026-05-16T02:52:52.175639,noisy,sax,"{'w': 144, 'bins': 15}",4,3,4,ok,12,16,0.04050338361412287,0.7885449435561895,0.8295399909839034,15,151,176,0,,
2026-05-16T02:52:52.463511,noisy,sax,"{'w': 144, 'bins': 15}",4,4,4,ok,16,20,0.040918913669884205,0.24223070591688156,0.28360533621162176,15,71,87,0,,
2026-05-16T02:52:53.617181,noisy,sax,"{'w': 144, 'bins': 15}",5,0,4,ok,0,5,0.05075049679726362,1.0697640487924218,1.1211516121402383,15,163,191,0,,
2026-05-16T02:52:53.974972,noisy,sax,"{'w': 144, 'bins': 15}",5,1,4,ok,5,10,0.05055145267397165,0.3020650325343013,0.35313910618424416,15,82,98,0,,
2026-05-16T02:52:54.931195,noisy,sax,"{'w': 144, 'bins': 15}",5,2,4,ok,10,15,0.0505645964294672,0.8963772775605321,0.9475406194105744,15,159,188,0,,
2026-05-16T02:52:55.686413,noisy,sax,"{'w': 144, 'bins': 15}",5,3,4,ok,15,20,0.05128685291856527,0.6963261645287275,0.7481800522655249,15,124,148,0,,
2026-05-16T02:52:56.260986,noisy,sax,"{'w': 144, 'bins': 15}",5,4,4,ok,20,25,0.051033226773142815,0.5179720036685467,0.5695591801777482,15,86,110,0,,
2026-05-16T02:52:58.441584,noisy,sax,"{'w': 144, 'bins': 15}",6,0,4,ok,0,6,0.06121199298650026,2.0860853446647525,2.148028220050037,15,173,211,0,,
2026-05-16T02:52:58.899475,noisy,sax,"{'w': 144, 'bins': 15}",6,1,4,ok,6,12,0.06080235354602337,0.3903744723647833,0.451778476126492,15,99,119,0,,
2026-05-16T02:52:59.875857,noisy,sax,"{'w': 144, 'bins': 15}",6,2,4,ok,12,18,0.060987540520727634,0.9066107757389545,0.9682218078523874,15,143,173,0,,
2026-05-16T02:53:01.421338,noisy,sax,"{'w': 144, 'bins': 15}",6,3,4,ok,18,24,0.06072249263525009,1.4744042614474893,1.535797423683107,15,144,182,0,,
2026-05-16T02:53:02.745912,noisy,sax,"{'w': 144, 'bins': 15}",6,4,4,ok,24,30,0.06100309081375599,1.25406333245337,1.3157239584252238,15,133,165,0,,
2026-05-16T02:53:05.728378,noisy,sax,"{'w': 144, 'bins': 15}",7,0,4,ok,0,7,0.07140444312244654,2.8749615121632814,2.947160417214036,15,199,247,0,,
2026-05-16T02:53:06.708308,noisy,sax,"{'w': 144, 'bins': 15}",7,1,4,ok,7,14,0.07149705663323402,0.8996158596128225,0.9718224396929145,15,117,148,0,,
2026-05-16T02:53:07.837166,noisy,sax,"{'w': 144, 'bins': 15}",7,2,4,ok,14,21,0.07074511423707008,1.0475921407341957,1.1190739292651415,15,134,164,0,,
2026-05-16T02:53:09.231054,noisy,sax,"{'w': 144, 'bins': 15}",7,3,4,ok,21,28,0.07119917962700129,1.3126211920753121,1.3845431683585048,15,135,169,0,,
2026-05-16T02:53:10.346557,noisy,sax,"{'w': 144, 'bins': 15}",7,4,4,ok,28,35,0.07052662596106529,1.036310363560915,1.1075330963358283,15,114,147,0,,
2026-05-16T02:53:12.011469,noisy,sax,"{'w': 144, 'bins': 15}",8,0,4,ok,0,8,0.08177075069397688,1.5502796610817313,1.6328564761206508,15,141,176,0,,
2026-05-16T02:53:14.632583,noisy,sax,"{'w': 144, 'bins': 15}",8,1,4,ok,8,16,0.0814496073871851,2.5248747374862432,2.607134717516601,15,180,227,0,,
2026-05-16T02:53:16.237058,noisy,sax,"{'w': 144, 'bins': 15}",8,2,4,ok,16,24,0.08145922608673573,1.5115447491407394,1.5938264904543757,15,135,172,0,,
2026-05-16T02:53:17.279005,noisy,sax,"{'w': 144, 'bins': 15}",8,3,4,ok,24,32,0.08144453726708889,0.9507673401385546,1.0329813230782747,15,119,151,0,,
2026-05-16T02:53:19.512285,noisy,sax,"{'w': 144, 'bins': 15}",8,4,4,ok,32,40,0.0811567772179842,2.1415928350761533,2.2235406385734677,15,115,155,0,,
2026-05-16T02:53:21.919910,noisy,sax,"{'w': 144, 'bins': 15}",9,0,4,ok,0,9,0.09097069781273603,2.2794540524482727,2.3712959457188845,15,151,194,0,,
2026-05-16T02:53:23.619097,noisy,sax,"{'w': 144, 'bins': 15}",9,1,4,ok,9,18,0.09148809965699911,1.593136765062809,1.6854923740029335,15,182,220,0,,
2026-05-16T02:53:26.140517,noisy,sax,"{'w': 144, 'bins': 15}",9,2,4,ok,18,27,0.09206043463200331,2.414826993830502,2.5077583948150277,15,162,211,0,,
2026-05-16T02:53:28.299324,noisy,sax,"{'w': 144, 'bins': 15}",9,3,4,ok,27,36,0.09100662544369698,2.0571343284100294,2.1490110773593187,15,89,130,0,,
2026-05-16T02:53:31.555407,noisy,sax,"{'w': 144, 'bins': 15}",9,4,4,ok,36,45,0.09159282594919205,3.1490574702620506,3.2415512781590223,15,165,218,0,,
2026-05-16T02:53:35.170358,noisy,sax,"{'w': 144, 'bins': 15}",10,0,4,ok,0,10,0.101382190361619,3.4775559920817614,3.5800546184182167,15,143,193,0,,
2026-05-16T02:53:39.617002,noisy,sax,"{'w': 144, 'bins': 15}",10,1,4,ok,10,20,0.10127572994679213,4.324858681298792,4.427267990075052,15,201,259,0,,
2026-05-16T02:53:42.518248,noisy,sax,"{'w': 144, 'bins': 15}",10,2,4,ok,20,30,0.10186854284256697,2.7821633433923125,2.885178209282458,15,181,230,0,,
2026-05-16T02:53:45.155538,noisy,sax,"{'w': 144, 'bins': 15}",10,3,4,ok,30,40,0.10149495210498571,2.5211719246581197,2.6237516347318888,15,150,196,0,,
2026-05-16T02:53:47.986888,noisy,sax,"{'w': 144, 'bins': 15}",10,4,4,ok,40,50,0.10067293792963028,2.71483445353806,2.816587229259312,15,161,212,0,,
2026-05-16T02:53:51.606438,noisy,sax,"{'w': 144, 'bins': 15}",11,0,4,ok,0,11,0.11160460766404867,3.4697350645437837,3.5825149100273848,15,164,214,0,,
2026-05-16T02:53:56.273585,noisy,sax,"{'w': 144, 'bins': 15}",11,1,4,ok,11,22,0.11186379473656416,4.53536272700876,4.648428197950125,15,172,234,0,,
2026-05-16T02:53:59.723358,noisy,sax,"{'w': 144, 'bins': 15}",11,2,4,ok,22,33,0.11125237587839365,3.322754324413836,3.4351709373295307,15,147,201,0,,
2026-05-16T02:54:03.046697,noisy,sax,"{'w': 144, 'bins': 15}",11,3,4,ok,33,44,0.11128000728785992,3.1954944683238864,3.3079205378890038,15,142,198,0,,
2026-05-16T02:54:06.637980,noisy,sax,"{'w': 144, 'bins': 15}",11,4,4,ok,44,55,0.11185648012906313,3.4668757962062955,3.5798950102180243,15,76,109,0,,
2026-05-16T02:54:11.199665,noisy,sax,"{'w': 144, 'bins': 15}",12,0,4,ok,0,12,0.12075306754559278,4.400428879074752,4.522509970702231,15,156,217,0,,
2026-05-16T02:54:16.057071,noisy,sax,"{'w': 144, 'bins': 15}",12,1,4,ok,12,24,0.12094633188098669,4.71372973266989,4.835986604914069,15,213,275,0,,
2026-05-16T02:54:19.078007,noisy,sax,"{'w': 144, 'bins': 15}",12,2,4,ok,24,36,0.12142349686473608,2.8822561223059893,3.0049077151343226,15,173,221,0,,
2026-05-16T02:54:24.748574,noisy,sax,"{'w': 144, 'bins': 15}",12,3,4,ok,36,48,0.12099632434546947,5.52508307993412,5.647378042340279,15,233,294,0,,
2026-05-16T02:54:28.354051,noisy,sax,"{'w': 144, 'bins': 15}",12,4,4,ok,48,60,0.12088576704263687,3.468119602650404,3.5902532627806067,15,141,195,0,,
2026-05-16T02:54:37.545153,noisy,sax,"{'w': 144, 'bins': 15}",13,0,4,ok,0,13,0.13091233558952808,9.01253686286509,9.1448530042544,15,224,300,0,,
2026-05-16T02:54:42.718531,noisy,sax,"{'w': 144, 'bins': 15}",13,1,4,ok,13,26,0.13019564095884562,5.023629246279597,5.155160405673087,15,167,226,0,,
2026-05-16T02:54:49.342031,noisy,sax,"{'w': 144, 'bins': 15}",13,2,4,ok,26,39,0.13272824604064226,6.472222196869552,6.606305347755551,15,135,194,0,,
2026-05-16T02:54:53.936290,noisy,sax,"{'w': 144, 'bins': 15}",13,3,4,ok,39,52,0.13106374070048332,4.441635414958,4.574014054611325,15,193,256,0,,
2026-05-16T02:54:58.040222,noisy,sax,"{'w': 144, 'bins': 15}",13,4,4,ok,52,65,0.13113325089216232,3.9561355225741863,4.088602317497134,15,115,162,0,,
2026-05-16T02:55:07.832938,noisy,sax,"{'w': 144, 'bins': 15}",14,0,4,ok,0,14,0.14133696258068085,9.605968257412314,9.748772244900465,15,174,245,0,,
2026-05-16T02:55:15.599063,noisy,sax,"{'w': 144, 'bins': 15}",14,1,4,ok,14,28,0.14174610283225775,7.600471051409841,7.7436659736558795,15,193,261,0,,
2026-05-16T02:55:21.462188,noisy,sax,"{'w': 144, 'bins': 15}",14,2,4,ok,28,42,0.1413507191464305,5.701519692316651,5.844296990893781,15,161,226,0,,
2026-05-16T02:55:29.998211,noisy,sax,"{'w': 144, 'bins': 15}",14,3,4,ok,42,56,0.140821635723114,8.37683073244989,8.519102562218904,15,93,137,0,,
2026-05-16T02:55:39.872966,noisy,sax,"{'w': 144, 'bins': 15}",14,4,4,ok,56,70,0.14125301595777273,9.719699991866946,9.862409362569451,15,32,59,0,,
2026-05-16T02:55:48.480280,noisy,sax,"{'w': 144, 'bins': 15}",15,0,4,ok,0,15,0.1518930671736598,8.40404729731381,8.557504180818796,15,223,300,0,,
2026-05-16T02:55:55.592963,noisy,sax,"{'w': 144, 'bins': 15}",15,1,4,ok,15,30,0.1532498151063919,6.932588114403188,7.087357473559678,15,216,293,0,,
2026-05-16T02:56:03.102627,noisy,sax,"{'w': 144, 'bins': 15}",15,2,4,ok,30,45,0.15154583472758532,7.335478883236647,7.488579247146845,15,157,225,0,,
2026-05-16T02:56:08.364211,noisy,sax,"{'w': 144, 'bins': 15}",15,3,4,ok,45,60,0.1519931945949793,5.091648769564927,5.245308143086731,15,95,152,0,,
2026-05-16T02:56:18.003805,noisy,sax,"{'w': 144, 'bins': 15}",15,4,4,ok,60,75,0.1524957288056612,9.46999749634415,9.624042354524136,15,79,126,0,,
2026-05-16T02:56:30.319929,noisy,sax,"{'w': 144, 'bins': 15}",16,0,4,ok,0,16,0.16177434474229813,12.101400184445083,12.264905289746821,15,239,326,0,,
2026-05-16T02:56:37.536668,noisy,sax,"{'w': 144, 'bins': 15}",16,1,4,ok,16,32,0.16168609634041786,7.03597332816571,7.1992576671764255,15,94,135,0,,
2026-05-16T02:56:48.379232,noisy,sax,"{'w': 144, 'bins': 15}",16,2,4,ok,32,48,0.16086991503834724,10.648550792597234,10.811087106354535,15,247,325,0,,
2026-05-16T02:56:53.173133,noisy,sax,"{'w': 144, 'bins': 15}",16,3,4,ok,48,64,0.16216406598687172,4.609588865190744,4.773361552506685,15,149,208,0,,
2026-05-16T02:57:04.627876,noisy,sax,"{'w': 144, 'bins': 15}",16,4,4,ok,64,80,0.16233598813414574,11.271715874783695,11.435727449133992,15,91,135,0,,
2026-05-16T02:57:19.592654,noisy,sax,"{'w': 144, 'bins': 15}",17,0,4,ok,0,17,0.17207671143114567,14.736604806035757,14.910464946180582,15,239,332,0,,
2026-05-16T02:57:28.235508,noisy,sax,"{'w': 144, 'bins': 15}",17,1,4,ok,17,34,0.1717862654477358,8.445749637670815,8.619239863939583,15,163,234,0,,
2026-05-16T02:57:44.342064,noisy,sax,"{'w': 144, 'bins': 15}",17,2,4,ok,34,51,0.17152834124863148,15.912178366445005,16.085510795004666,15,106,160,0,,
2026-05-16T02:57:51.227768,noisy,sax,"{'w': 144, 'bins': 15}",17,3,4,ok,51,68,0.172436797991395,6.686225064098835,6.8603647500276566,15,201,270,0,,
2026-05-16T02:57:57.682584,noisy,sax,"{'w': 144, 'bins': 15}",17,4,4,ok,68,85,0.1718121636658907,6.256995422765613,6.4304701099172235,15,188,258,0,,
2026-05-16T02:58:16.613466,noisy,sax,"{'w': 144, 'bins': 15}",18,0,4,ok,0,18,0.18155658431351185,18.69318466540426,18.876623975113034,15,219,306,0,,
2026-05-16T02:58:26.853312,noisy,sax,"{'w': 144, 'bins': 15}",18,1,4,ok,18,36,0.18148710392415524,10.026419981382787,10.209710511378944,15,213,291,0,,
2026-05-16T02:59:18.478588,noisy,sax,"{'w': 144, 'bins': 15}",18,2,4,ok,36,54,0.181250118650496,51.380374260246754,51.605562281794846,15,82,132,0,,
2026-05-16T02:59:24.335111,noisy,sax,"{'w': 144, 'bins': 15}",18,3,4,ok,54,72,0.18229153472930193,5.645966227166355,5.830032824538648,15,210,274,0,,
2026-05-16T02:59:34.032627,noisy,sax,"{'w': 144, 'bins': 15}",18,4,4,ok,72,90,0.18197398725897074,9.48493530601263,9.668679136782885,15,205,280,0,,
2026-05-16T02:59:50.620849,noisy,sax,"{'w': 144, 'bins': 15}",19,0,4,ok,0,19,0.19000320695340633,16.343747506849468,16.53554808907211,15,173,250,0,,
2026-05-16T03:00:00.206525,noisy,sax,"{'w': 144, 'bins': 15}",19,1,4,ok,19,38,0.1932686995714903,9.36255084630102,9.557563920505345,15,185,257,0,,
2026-05-16T03:00:16.649590,noisy,sax,"{'w': 144, 'bins': 15}",19,2,4,ok,38,57,0.1921659978106618,16.21588557306677,16.409817146137357,15,193,279,0,,
2026-05-16T03:00:44.898566,noisy,sax,"{'w': 144, 'bins': 15}",19,3,4,ok,57,76,0.19270603079348803,28.037317697890103,28.231787531636655,15,54,93,0,,
2026-05-16T03:00:57.198281,noisy,sax,"{'w': 144, 'bins': 15}",19,4,4,ok,76,95,0.19177597668021917,12.075714765116572,12.269235197454691,15,190,276,0,,
2026-05-16T03:01:30.689527,noisy,sax,"{'w': 144, 'bins': 15}",20,0,4,ok,0,20,0.20169588550925255,33.242501872591674,33.44611863512546,15,103,165,0,,
2026-05-16T03:01:41.968535,noisy,sax,"{'w': 144, 'bins': 15}",20,1,4,ok,20,40,0.20203292835503817,11.050351578742266,11.25420522596687,15,145,213,0,,
2026-05-16T03:01:57.406172,noisy,sax,"{'w': 144, 'bins': 15}",20,2,4,ok,40,60,0.20354592893272638,15.205108869820833,15.410549878142774,15,159,228,0,,
2026-05-16T03:02:22.265790,noisy,sax,"{'w': 144, 'bins': 15}",20,3,4,ok,60,80,0.20197426434606314,24.633385548368096,24.83716933056712,15,91,134,0,,
2026-05-16T03:02:47.433716,noisy,sax,"{'w': 144, 'bins': 15}",20,4,4,ok,80,100,0.2023544767871499,24.937859279103577,25.14213461242616,15,103,161,0,,
2026-05-16T03:03:07.536848,noisy,sax,"{'w': 144, 'bins': 15}",21,0,4,ok,0,21,0.2125037368386984,19.826156759634614,20.040626958943903,15,240,338,0,,
2026-05-16T03:03:33.713392,noisy,sax,"{'w': 144, 'bins': 15}",21,1,4,ok,21,42,0.21245637815445662,25.929371930658817,26.14375708065927,15,188,272,0,,
2026-05-16T03:03:43.411451,noisy,sax,"{'w': 144, 'bins': 15}",21,2,4,ok,42,63,0.2115104915574193,9.451576151885092,9.665043277665973,15,188,261,0,,
2026-05-16T03:04:01.791875,noisy,sax,"{'w': 144, 'bins': 15}",21,3,4,ok,63,84,0.21193096227943897,18.138138624839485,18.352005602791905,15,158,232,0,,
2026-05-16T03:04:26.245653,noisy,sax,"{'w': 144, 'bins': 15}",21,4,4,ok,84,105,0.21234783437103033,24.21055985521525,24.424863352440298,15,142,207,0,,
2026-05-16T03:05:30.478991,noisy,sax,"{'w': 144, 'bins': 15}",22,0,4,ok,0,22,0.22288405057042837,63.967634001746774,64.19255483709276,15,22,54,0,,
2026-05-16T03:06:04.655684,noisy,sax,"{'w': 144, 'bins': 15}",22,1,4,ok,22,44,0.22300199326127768,33.920800380408764,34.14589187782258,15,128,187,0,,
2026-05-16T03:06:15.112446,noisy,sax,"{'w': 144, 'bins': 15}",22,2,4,ok,44,66,0.22307110205292702,10.208393203094602,10.433455584570765,15,93,153,0,,
2026-05-16T03:06:31.237540,noisy,sax,"{'w': 144, 'bins': 15}",22,3,4,ok,66,88,0.22129090037196875,15.874452823773026,16.097825031727552,15,126,188,0,,
2026-05-16T03:07:01.634441,noisy,sax,"{'w': 144, 'bins': 15}",22,4,4,ok,88,110,0.22284348495304585,30.125625306740403,30.35060738772154,15,265,380,0,,
2026-05-16T03:07:27.124512,noisy,sax,"{'w': 144, 'bins': 15}",23,0,4,ok,0,23,0.2319808742031455,25.188028471544385,25.422145798802376,15,258,370,0,,
2026-05-16T03:07:57.966729,noisy,sax,"{'w': 144, 'bins': 15}",23,1,4,ok,23,46,0.23190121352672577,30.580352070741355,30.81439219135791,15,123,194,0,,
2026-05-16T03:08:15.733716,noisy,sax,"{'w': 144, 'bins': 15}",23,2,4,ok,46,69,0.2332715792581439,17.494969502091408,17.730346854776144,15,199,290,0,,
2026-05-16T03:08:34.011027,noisy,sax,"{'w': 144, 'bins': 15}",23,3,4,ok,69,92,0.23364173341542482,18.02139808330685,18.257124041207135,15,55,95,0,,
2026-05-16T03:09:59.821275,noisy,sax,"{'w': 144, 'bins': 15}",23,4,4,ok,92,115,0.23194940574467182,85.55001671425998,85.7841222891584,15,49,88,0,,
2026-05-16T03:10:47.548863,noisy,sax,"{'w': 144, 'bins': 15}",24,0,4,ok,0,24,0.2430732250213623,47.43513695895672,47.68051325902343,15,50,91,0,,
2026-05-16T03:11:17.136017,noisy,sax,"{'w': 144, 'bins': 15}",24,1,4,ok,24,48,0.24324457626789808,29.316277120262384,29.56176139228046,15,68,111,0,,
2026-05-16T03:11:40.145355,noisy,sax,"{'w': 144, 'bins': 15}",24,2,4,ok,48,72,0.2438495745882392,22.741408522240818,22.987534101121128,15,28,57,0,,
2026-05-16T03:12:03.428908,noisy,sax,"{'w': 144, 'bins': 15}",24,3,4,ok,72,96,0.2439748989418149,23.006260177120566,23.252465755678713,15,139,204,0,,
2026-05-16T03:12:50.813394,noisy,sax,"{'w': 144, 'bins': 15}",24,4,4,ok,96,120,0.24260624777525663,47.104923338629305,47.34995989035815,15,97,142,0,,
2026-05-16T03:13:57.774379,noisy,sax,"{'w': 144, 'bins': 15}",25,0,4,ok,0,25,0.2650588722899556,66.63392429519445,66.90340391919017,15,129,203,0,,
2026-05-16T03:14:25.752066,noisy,sax,"{'w': 144, 'bins': 15}",25,1,4,ok,25,50,0.25366605818271637,27.699247972108424,27.955451095476747,15,27,59,0,,
2026-05-16T03:14:53.894675,noisy,sax,"{'w': 144, 'bins': 15}",25,2,4,ok,50,75,0.2564732115715742,27.860066949389875,28.118867931887507,15,44,85,0,,
2026-05-16T03:15:13.148842,noisy,sax,"{'w': 144, 'bins': 15}",25,3,4,ok,75,100,0.25476014241576195,18.955726760439575,19.21275521349162,15,211,314,0,,
2026-05-16T03:17:05.703088,noisy,sax,"{'w': 144, 'bins': 15}",25,4,4,ok,100,125,0.25292117055505514,112.26534361112863,112.52076382469386,15,90,143,0,,
2026-05-16T03:17:06.411899,noisy,persist,{'bins': 16},1,0,4,ok,0,1,0.3416904592886567,0.2922999309375882,0.6343907127156854,15,143,150,0,,
2026-05-16T03:17:07.293805,noisy,persist,{'bins': 16},1,1,4,ok,1,2,0.33607624750584364,0.5379774076864123,0.8744406113401055,15,206,212,0,,
2026-05-16T03:17:07.950302,noisy,persist,{'bins': 16},1,2,4,ok,2,3,0.3134602773934603,0.3360002553090453,0.6498437821865082,15,193,199,0,,
2026-05-16T03:17:08.480940,noisy,persist,{'bins': 16},1,3,4,ok,3,4,0.29963084775954485,0.2257049810141325,0.5257113743573427,15,145,152,0,,
2026-05-16T03:17:09.075607,noisy,persist,{'bins': 16},1,4,4,ok,4,5,0.3102001650258899,0.278596174903214,0.5891627175733447,15,153,162,0,,
2026-05-16T03:17:10.496494,noisy,persist,{'bins': 16},2,0,4,ok,0,2,0.37702381424605846,1.005428104661405,1.3830994945019484,15,209,225,0,,
2026-05-16T03:17:11.990156,noisy,persist,{'bins': 16},2,1,4,ok,2,4,0.34434477519243956,1.1393015244975686,1.4842190444469452,15,176,203,0,,
2026-05-16T03:17:14.759110,noisy,persist,{'bins': 16},2,2,4,ok,4,6,0.3616520259529352,2.392166020348668,2.754396072588861,15,272,298,0,,
2026-05-16T03:17:15.374859,noisy,persist,{'bins': 16},2,3,4,ok,6,8,0.3324704971164465,0.2783197872340679,0.6113611664623022,15,71,88,0,,
2026-05-16T03:17:16.516106,noisy,persist,{'bins': 16},2,4,4,ok,8,10,0.3602426294237375,0.7731067473068833,1.1339139072224498,15,155,177,0,,
2026-05-16T03:17:20.444746,noisy,persist,{'bins': 16},3,0,4,ok,0,3,0.341631350107491,3.5442722514271736,3.8870185147970915,15,192,234,0,,
2026-05-16T03:17:25.857937,noisy,persist,{'bins': 16},3,1,4,ok,3,6,0.3413933217525482,5.048789205029607,5.391312178224325,15,273,324,0,,
2026-05-16T03:17:26.869864,noisy,persist,{'bins': 16},3,2,4,ok,6,9,0.3804837502539158,0.6234140004962683,1.0046217599883676,15,97,120,0,,
2026-05-16T03:17:29.277860,noisy,persist,{'bins': 16},3,3,4,ok,9,12,0.34034018497914076,2.0558604719117284,2.3969368701800704,15,168,207,0,,
2026-05-16T03:17:31.724201,noisy,persist,{'bins': 16},3,4,4,ok,12,15,0.3580870805308223,2.075021203607321,2.433893379755318,15,189,226,0,,
2026-05-16T03:17:38.495418,noisy,persist,{'bins': 16},4,0,4,ok,0,4,0.3521657632663846,6.366035575978458,6.719222926534712,15,245,306,0,,
2026-05-16T03:17:40.620131,noisy,persist,{'bins': 16},4,1,4,ok,4,8,0.3827960239723325,1.7297263946384192,2.113418991677463,15,132,167,0,,
2026-05-16T03:17:45.690671,noisy,persist,{'bins': 16},4,2,4,ok,8,12,0.3925404930487275,4.659250631928444,5.052729978226125,15,228,278,0,,
2026-05-16T03:17:51.273139,noisy,persist,{'bins': 16},4,3,4,ok,12,16,0.38142882473766804,5.1800982328131795,5.5625623119995,15,241,300,0,,
2026-05-16T03:17:54.792570,noisy,persist,{'bins': 16},4,4,4,ok,16,20,0.3726250920444727,3.1305955601856112,3.504229116253555,15,152,200,0,,
2026-05-16T03:18:14.326143,noisy,persist,{'bins': 16},5,0,4,ok,0,5,0.3689124910160899,19.108499211259186,19.47872184216976,15,224,299,0,,
2026-05-16T03:18:16.237579,noisy,persist,{'bins': 16},5,1,4,ok,5,10,0.3835563799366355,1.5137526290491223,1.8984771529212594,15,121,157,0,,
2026-05-16T03:18:26.068012,noisy,persist,{'bins': 16},5,2,4,ok,10,15,0.4164279205724597,9.394747474230826,9.812722119502723,15,121,162,0,,
2026-05-16T03:18:32.814048,noisy,persist,{'bins': 16},5,3,4,ok,15,20,0.3904898716136813,6.333775679580867,6.725529785268009,15,188,252,0,,
2026-05-16T03:18:36.748339,noisy,persist,{'bins': 16},5,4,4,ok,20,25,0.3663620026782155,3.551351851783693,3.9189675878733397,15,160,214,0,,
2026-05-16T03:18:55.012336,noisy,persist,{'bins': 16},6,0,4,ok,0,6,0.429892105050385,17.764042727649212,18.195619706995785,15,296,386,0,,
2026-05-16T03:18:58.179950,noisy,persist,{'bins': 16},6,1,4,ok,6,12,0.39464261941611767,2.755395053885877,3.151721485890448,15,128,177,0,,
2026-05-16T03:19:04.599168,noisy,persist,{'bins': 16},6,2,4,ok,12,18,0.37935997173190117,6.016292301006615,6.397073412314057,15,180,247,0,,
2026-05-16T03:19:19.456361,noisy,persist,{'bins': 16},6,3,4,ok,18,24,0.4242722522467375,14.399145006202161,14.82494182139635,15,261,349,0,,
2026-05-16T03:19:34.989453,noisy,persist,{'bins': 16},6,4,4,ok,24,30,0.4501133384183049,15.059544054791331,15.511149065569043,15,140,195,0,,
2026-05-16T03:19:56.277952,noisy,persist,{'bins': 16},7,0,4,ok,0,7,0.3782303109765053,20.846608630381525,21.226504988968372,15,266,360,0,,
2026-05-16T03:20:04.446392,noisy,persist,{'bins': 16},7,1,4,ok,7,14,0.3977897893637419,7.746839659288526,8.146159983240068,15,171,231,0,,
2026-05-16T03:20:25.337188,noisy,persist,{'bins': 16},7,2,4,ok,14,21,0.44677402917295694,20.400391687639058,20.84889041632414,15,302,405,0,,
2026-05-16T03:20:36.850483,noisy,persist,{'bins': 16},7,3,4,ok,21,28,0.3861621059477329,11.101284991949797,11.489316448569298,15,161,225,0,,
2026-05-16T03:20:44.936166,noisy,persist,{'bins': 16},7,4,4,ok,28,35,0.42021327931433916,7.638694739900529,8.060503746382892,15,180,243,0,,
2026-05-16T03:20:52.188375,noisy,persist,{'bins': 16},8,0,4,ok,0,8,0.40901860781013966,6.796082274988294,7.206766220740974,15,102,142,0,,
2026-05-16T03:21:11.928947,noisy,persist,{'bins': 16},8,1,4,ok,8,16,0.44086290895938873,19.266618728637695,19.709211215376854,15,185,245,0,,
2026-05-16T03:21:37.083884,noisy,persist,{'bins': 16},8,2,4,ok,16,24,0.4453833382576704,24.68018661532551,25.127349625341594,15,139,205,0,,
2026-05-16T03:21:46.478114,noisy,persist,{'bins': 16},8,3,4,ok,24,32,0.42767120618373156,8.944167382083833,9.373588655143976,15,103,152,0,,
2026-05-16T03:22:22.228711,noisy,persist,{'bins': 16},8,4,4,ok,32,40,0.4554748581722379,35.27532263472676,35.73260710015893,15,48,86,0,,
2026-05-16T03:22:31.027225,noisy,persist,{'bins': 16},9,0,4,ok,0,9,0.5034855781123042,8.242281935177743,8.747572833672166,15,160,230,0,,
2026-05-16T03:22:52.022808,noisy,persist,{'bins': 16},9,1,4,ok,9,18,0.4550340613350272,20.50318725500256,20.960083283483982,15,203,294,0,,
2026-05-16T03:23:14.168070,noisy,persist,{'bins': 16},9,2,4,ok,18,27,0.4602522421628237,21.646555370651186,22.10875702369958,15,219,293,0,,
2026-05-16T03:23:46.457711,noisy,persist,{'bins': 16},9,3,4,ok,27,36,0.45522059220820665,31.798072383739054,32.25523132644594,15,191,278,0,,
2026-05-16T03:24:20.674542,noisy,persist,{'bins': 16},9,4,4,ok,36,45,0.4375064969062805,33.74769157730043,34.18735064659268,15,113,163,0,,
2026-05-16T03:24:31.339250,noisy,persist,{'bins': 16},10,0,4,ok,0,10,0.508422240614891,10.104429334402084,10.6147653888911,15,113,159,0,,
2026-05-16T03:25:05.198289,noisy,persist,{'bins': 16},10,1,4,ok,10,20,0.4178648628294468,33.40793324075639,33.827867849729955,15,118,179,0,,
2026-05-16T03:25:34.937693,noisy,persist,{'bins': 16},10,2,4,ok,20,30,0.4340302785858512,29.276942000724375,29.71294652670622,15,89,138,0,,
2026-05-16T03:26:00.973076,noisy,persist,{'bins': 16},10,3,4,ok,30,40,0.4480847530066967,25.540926524437964,25.99102615006268,15,228,317,0,,
2026-05-16T03:27:07.209756,noisy,persist,{'bins': 16},10,4,4,ok,40,50,0.4136464009061456,65.78590555861592,66.20158088952303,15,156,226,0,,
2026-05-16T03:27:14.892586,noisy,persist,{'bins': 16},11,0,4,ok,0,11,0.4742104047909379,7.15139804314822,7.627630113624036,15,139,192,0,,
2026-05-16T03:27:47.551961,noisy,persist,{'bins': 16},11,1,4,ok,11,22,0.45539827831089497,32.15847746562213,32.61607014480978,15,187,287,0,,
2026-05-16T03:28:03.906866,noisy,persist,{'bins': 16},11,2,4,ok,22,33,0.456976150162518,15.8178123338148,16.31905915029347,15,190,267,0,,
2026-05-16T03:29:28.155581,noisy,persist,{'bins': 16},11,3,4,ok,33,44,0.447214319370687,83.76166199333966,84.21108793653548,15,140,206,0,,
2026-05-16T03:30:21.788780,noisy,persist,{'bins': 16},11,4,4,ok,44,55,0.5076443729922175,53.09395905211568,53.60391142964363,15,50,80,0,,
2026-05-16T03:30:55.129399,noisy,persist,{'bins': 16},12,0,4,ok,0,12,0.4594716280698776,32.81967851519585,33.28142320178449,15,120,180,0,,
2026-05-16T03:32:08.797610,noisy,persist,{'bins': 16},12,1,4,ok,12,24,0.5384280811995268,73.0883093830198,73.62925111595541,15,97,143,0,,
2026-05-16T03:33:25.241360,noisy,persist,{'bins': 16},12,2,4,ok,24,36,0.48436853382736444,75.92898806743324,76.41573387570679,15,67,117,0,,
2026-05-16T03:34:30.351913,noisy,persist,{'bins': 16},12,3,4,ok,36,48,0.4409603485837579,64.6338499803096,65.07719491701573,15,80,126,0,,
2026-05-16T03:34:46.738690,noisy,persist,{'bins': 16},12,4,4,ok,48,60,0.4753072177991271,15.864900563843548,16.34249885380268,15,219,304,0,,
2026-05-16T03:35:10.453032,noisy,persist,{'bins': 16},13,0,4,ok,0,13,0.5332621829584241,23.11322937346995,23.64897092245519,15,137,200,0,,
2026-05-16T03:35:55.583875,noisy,persist,{'bins': 16},13,1,4,ok,13,26,0.6173476492986083,44.48280037101358,45.10278967116028,15,22,52,0,,
2026-05-16T03:36:58.717769,noisy,persist,{'bins': 16},13,2,4,ok,26,39,0.5154437525197864,62.58402696996927,63.10208831820637,15,49,90,0,,
2026-05-16T03:37:40.884959,noisy,persist,{'bins': 16},13,3,4,ok,39,52,0.5163719449192286,41.61198612116277,42.13088366948068,15,146,231,0,,
2026-05-16T03:37:59.198008,noisy,persist,{'bins': 16},13,4,4,ok,52,65,0.5047612888738513,17.767434847541153,18.274975365027785,15,215,315,0,,
2026-05-16T03:38:49.918794,noisy,persist,{'bins': 16},14,0,4,ok,0,14,0.46676412504166365,50.18324479833245,50.65282608475536,15,128,189,0,,
2026-05-16T03:39:29.692035,noisy,persist,{'bins': 16},14,1,4,ok,14,28,0.5094402767717838,39.21564770396799,39.72789335809648,15,154,244,0,,
2026-05-16T03:40:22.997086,noisy,persist,{'bins': 16},14,2,4,ok,28,42,0.4889165861532092,52.72607255727053,53.274003164842725,15,31,65,0,,
2026-05-16T03:42:15.529352,noisy,persist,{'bins': 16},14,3,4,ok,42,56,0.5097910761833191,111.96832701563835,112.48097379505634,15,149,221,0,,
2026-05-16T03:43:08.282271,noisy,persist,{'bins': 16},14,4,4,ok,56,70,0.514510809443891,52.20474654715508,52.721992443315685,15,35,72,0,,
2026-05-16T03:44:14.286055,noisy,persist,{'bins': 16},15,0,4,ok,0,15,0.5592049909755588,65.37165325134993,65.93379991594702,15,113,160,0,,
2026-05-16T03:45:35.930506,noisy,persist,{'bins': 16},15,1,4,ok,15,30,0.5551814557984471,81.0492816567421,81.60741594806314,15,50,91,0,,
2026-05-16T03:46:38.771718,noisy,persist,{'bins': 16},15,2,4,ok,30,45,0.48951772786676884,62.310517153702676,62.802902806550264,15,79,136,0,,
2026-05-16T03:47:47.165117,noisy,persist,{'bins': 16},15,3,4,ok,45,60,0.4535505659878254,67.88975612539798,68.34640884678811,15,94,149,0,,
2026-05-16T03:48:40.336670,noisy,persist,{'bins': 16},15,4,4,ok,60,75,0.480325092561543,52.641583415679634,53.12484311964363,15,126,186,0,,
2026-05-16T03:49:19.066439,noisy,persist,{'bins': 16},16,0,4,ok,0,16,0.49825253896415234,38.15507252793759,38.65639463160187,15,117,177,0,,
2026-05-16T03:49:52.703109,noisy,persist,{'bins': 16},16,1,4,ok,16,32,0.5081092407926917,33.08185992203653,33.592854470945895,15,168,253,0,,
2026-05-16T03:54:51.378096,noisy,persist,{'bins': 16},16,2,4,ok,32,48,0.5170953357592225,298.09710565488786,298.6174415461719,15,129,202,0,,
2026-05-16T03:55:41.927946,noisy,persist,{'bins': 16},16,3,4,ok,48,64,0.5584326954558492,49.92963812220842,50.49111731816083,15,184,269,0,,
2026-05-16T03:56:03.568032,noisy,persist,{'bins': 16},16,4,4,ok,64,80,0.5263035176321864,21.066238639876246,21.595452993176877,15,143,207,0,,
2026-05-16T03:56:53.943705,noisy,persist,{'bins': 16},17,0,4,ok,0,17,0.46680063661187887,49.84320900309831,50.313050852157176,15,64,101,0,,
2026-05-16T03:57:18.097704,noisy,persist,{'bins': 16},17,1,4,ok,17,34,0.5112501783296466,23.609438655897975,24.12368179578334,15,66,114,0,,
2026-05-16T03:59:13.078916,noisy,persist,{'bins': 16},17,2,4,ok,34,51,0.5392340021207929,114.39146363176405,114.93407171871513,15,59,107,0,,
2026-05-16T04:00:49.391006,noisy,persist,{'bins': 16},17,3,4,ok,51,68,0.6275391932576895,95.6009512199089,96.23170035146177,15,267,400,0,,
2026-05-16T04:01:14.235704,noisy,persist,{'bins': 16},17,4,4,ok,68,85,0.479122175835073,24.32079736236483,24.802849699743092,15,113,174,0,,
2026-05-16T04:01:48.132825,noisy,persist,{'bins': 16},18,0,4,ok,0,18,0.5215077931061387,33.30291463341564,33.82754846755415,15,116,179,0,,
2026-05-16T04:03:07.382093,noisy,persist,{'bins': 16},18,1,4,ok,18,36,0.5397629654034972,78.66209813486785,79.20509495399892,15,75,126,0,,
2026-05-16T04:07:45.935273,noisy,persist,{'bins': 16},18,2,4,ok,36,54,0.5804070020094514,277.91483339108527,278.498748251237,15,74,124,0,,
2026-05-16T04:08:37.717239,noisy,persist,{'bins': 16},18,3,4,ok,54,72,0.5515306945890188,51.166633064858615,51.72141836117953,15,163,252,0,,
2026-05-16T04:09:12.815735,noisy,persist,{'bins': 16},18,4,4,ok,72,90,0.597753120586276,34.434184519574046,35.035264829173684,15,195,282,0,,
2026-05-16T04:10:33.998098,noisy,persist,{'bins': 16},19,0,4,ok,0,19,0.5682347742840648,80.52556211128831,81.09736216068268,15,64,105,0,,
2026-05-16T04:11:28.581870,noisy,persist,{'bins': 16},19,1,4,ok,19,38,0.4944154676049948,54.04002771805972,54.53784952312708,15,96,157,0,,
2026-05-16T04:13:20.272279,noisy,persist,{'bins': 16},19,2,4,ok,38,57,0.618438147008419,111.01290101371706,111.63501633517444,15,99,162,0,,
2026-05-16T04:15:57.395792,noisy,persist,{'bins': 16},19,3,4,ok,57,76,0.535737220197916,156.52557314373553,157.0649268962443,15,99,165,0,,
2026-05-16T04:16:25.575115,noisy,persist,{'bins': 16},19,4,4,ok,76,95,0.5957643603906035,27.53564787376672,28.134622984565794,15,163,246,0,,
2026-05-16T04:17:08.422642,noisy,persist,{'bins': 16},20,0,4,ok,0,20,0.5781707288697362,42.184634619392455,42.766342281363904,15,125,182,0,,
2026-05-16T04:19:18.803832,noisy,persist,{'bins': 16},20,1,4,ok,20,40,0.5845604883506894,129.73686318378896,130.32510919403285,15,125,202,0,,
2026-05-16T04:22:13.234910,noisy,persist,{'bins': 16},20,2,4,ok,40,60,0.6077078897505999,173.75373396091163,174.36528378538787,15,96,153,0,,
2026-05-16T04:23:43.513238,noisy,persist,{'bins': 16},20,3,4,ok,60,80,0.598720658570528,89.60421830695122,90.20644863694906,15,207,307,0,,
2026-05-16T04:24:19.112265,noisy,persist,{'bins': 16},20,4,4,ok,80,100,0.5597009379416704,34.96689539961517,35.53002021741122,15,183,256,0,,
2026-05-16T04:25:16.746451,noisy,persist,{'bins': 16},21,0,4,ok,0,21,0.5796608524397016,56.977595737203956,57.56092684250325,15,86,136,0,,
2026-05-16T04:26:34.104665,noisy,persist,{'bins': 16},21,1,4,ok,21,42,0.5280214119702578,76.78182214032859,77.31368087884039,15,46,85,0,,
2026-05-16T04:28:28.583164,noisy,persist,{'bins': 16},21,2,4,ok,42,63,0.6302155442535877,113.77446798048913,114.40862676966935,15,147,225,0,,
2026-05-16T04:28:57.304813,noisy,persist,{'bins': 16},21,3,4,ok,63,84,0.5984209422022104,28.068453757092357,28.670485979877412,15,147,213,0,,
2026-05-16T04:29:20.153731,noisy,persist,{'bins': 16},21,4,4,ok,84,105,0.5678779119625688,22.23198602627963,22.80329026374966,15,135,206,0,,
2026-05-16T04:32:03.969688,noisy,persist,{'bins': 16},22,0,4,ok,0,22,0.6424301909282804,163.07022162433714,163.71664010547101,15,128,186,0,,
2026-05-16T04:34:33.400681,noisy,persist,{'bins': 16},22,1,4,ok,22,44,0.580610366538167,148.78871897049248,149.37335111014545,15,45,86,0,,
2026-05-16T04:37:15.564314,noisy,persist,{'bins': 16},22,2,4,ok,44,66,0.6401337860152125,161.4499990446493,162.0940268561244,15,159,244,0,,
2026-05-16T04:38:11.507689,noisy,persist,{'bins': 16},22,3,4,ok,66,88,0.5853261649608612,55.293458396568894,55.8826406840235,15,86,136,0,,
2026-05-16T04:38:53.930444,noisy,persist,{'bins': 16},22,4,4,ok,88,110,0.6495152805000544,41.709234565496445,42.36257417779416,15,121,195,0,,
2026-05-16T04:40:12.243469,noisy,persist,{'bins': 16},23,0,4,ok,0,23,0.5480436915531754,77.67328876908869,78.22550012730062,15,97,158,0,,
2026-05-16T04:43:03.702277,noisy,persist,{'bins': 16},23,1,4,ok,23,46,0.6464978093281388,170.7047940539196,171.35552651714534,15,227,361,0,,
2026-05-16T04:46:05.983073,noisy,persist,{'bins': 16},23,2,4,ok,46,69,0.6251649977639318,181.56485113222152,182.19418852683157,15,152,234,0,,
2026-05-16T04:47:01.681908,noisy,persist,{'bins': 16},23,3,4,ok,69,92,0.6609913902357221,54.96146367397159,55.6265336740762,15,107,160,0,,
2026-05-16T04:47:20.543497,noisy,persist,{'bins': 16},23,4,4,ok,92,115,0.5775647638365626,18.23914117924869,18.82037926092744,15,97,153,0,,
2026-05-16T04:48:49.295589,noisy,persist,{'bins': 16},24,0,4,ok,0,24,0.6765625020489097,87.96500967349857,88.6459446568042,15,124,192,0,,
2026-05-16T04:53:06.749309,noisy,persist,{'bins': 16},24,1,4,ok,24,48,0.8127851421013474,256.5650962162763,257.3821384739131,15,64,105,0,,
2026-05-16T04:55:25.562557,noisy,persist,{'bins': 16},24,2,4,ok,48,72,0.5411805296316743,138.19006628543139,138.73579853400588,15,135,211,0,,
2026-05-16T04:56:52.483378,noisy,persist,{'bins': 16},24,3,4,ok,72,96,0.7372819231823087,86.0979353217408,86.83967099990696,15,144,222,0,,
2026-05-16T04:57:47.564658,noisy,persist,{'bins': 16},24,4,4,ok,96,120,0.690427515655756,54.33279725816101,55.027420826256275,15,110,168,0,,
2026-05-16T05:01:23.414563,noisy,persist,{'bins': 16},25,0,4,ok,0,25,0.7030802685767412,215.0126910554245,215.7204725239426,15,169,249,0,,
2026-05-16T05:05:03.016817,noisy,persist,{'bins': 16},25,1,4,ok,25,50,0.6808942807838321,218.81548830028623,219.50109440181404,15,187,289,0,,
2026-05-16T05:09:49.307707,noisy,persist,{'bins': 16},25,2,4,ok,50,75,0.6409326177090406,285.54751910082996,286.1932669430971,15,164,258,0,,
2026-05-16T05:12:35.028134,noisy,persist,{'bins': 16},25,3,4,ok,75,100,0.6454166304320097,164.99284353572875,165.64273896813393,15,97,155,0,,
2026-05-16T05:15:36.476888,noisy,persist,{'bins': 16},25,4,4,ok,100,125,0.7455159770324826,180.6073079686612,181.3574286736548,15,104,165,0,,
