time_ms;ecg_value
0;-0.14500
2778;-0.14500
5556;-0.14500
8333;-0.12000
11111;-0.13500
13889;-0.14500
16667;-0.15000
19444;-0.16000
22222;-0.15500
25000;-0.16000
27778;-0.17500
30556;-0.18000
33333;-0.18500
36111;-0.17000
38889;-0.15500
41667;-0.17500
44444;-0.18000
47222;-0.19000
50000;-0.18000
52778;-0.15500
55556;-0.13500
58333;-0.15500
61111;-0.19000
63889;-0.20500
66667;-0.23500
69444;-0.22500
72222;-0.24500
75000;-0.25000
77778;-0.26000
80556;-0.27500
83333;-0.27500
86111;-0.27500
88889;-0.26500
91667;-0.25500
94444;-0.26500
97222;-0.27500
100000;-0.29000
102778;-0.29000
105556;-0.29000
108333;-0.29000
111111;-0.28500
113889;-0.29500
116667;-0.30500
119444;-0.28500
122222;-0.27500
125000;-0.27500
127778;-0.28000
130556;-0.28500
133333;-0.30500
136111;-0.29000
138889;-0.30000
141667;-0.28000
144444;-0.29000
147222;-0.30000
150000;-0.31500
152778;-0.32000
155556;-0.33500
158333;-0.36000
161111;-0.38500
163889;-0.38500
166667;-0.40500
169444;-0.45500
172222;-0.48500
175000;-0.48500
177778;-0.42500
180556;-0.33000
183333;-0.22000
186111;-0.07000
188889;0.12000
191667;0.37500
194444;0.62000
197222;0.78000
200000;0.84000
202778;0.76500
205555;0.52000
208333;0.17000
211111;-0.16500
213889;-0.36500
216667;-0.43500
219444;-0.42500
222222;-0.37000
225000;-0.33000
227778;-0.32500
230555;-0.33500
233333;-0.34500
236111;-0.33000
238889;-0.32500
241667;-0.31500
244444;-0.31000
247222;-0.32000
250000;-0.33500
252778;-0.34000
255555;-0.32500
258333;-0.34500
261111;-0.33500
263889;-0.33000
266667;-0.33500
269444;-0.33000
272222;-0.32500
275000;-0.33000
277778;-0.33000
280555;-0.34500
283333;-0.35500
286111;-0.33500
288889;-0.32500
291667;-0.30500
294444;-0.32000
297222;-0.32000
300000;-0.33000
302778;-0.34000
305555;-0.33500
308333;-0.34000
311111;-0.34500
313889;-0.35500
316667;-0.35500
319444;-0.34000
322222;-0.33000
325000;-0.33000
327778;-0.33000
330555;-0.34000
333333;-0.35000
336111;-0.32500
338889;-0.32500
341667;-0.33000
344444;-0.33000
347222;-0.33500
350000;-0.33500
352778;-0.34000
355555;-0.33000
358333;-0.34000
361111;-0.35000
363889;-0.35500
366667;-0.35000
369444;-0.34500
372222;-0.33000
375000;-0.32000
377778;-0.33500
380555;-0.33000
383333;-0.34500
386111;-0.33000
388889;-0.33500
391667;-0.33500
394444;-0.34500
397222;-0.34500
400000;-0.35500
402778;-0.34000
405555;-0.34000
408333;-0.33500
411111;-0.33000
413889;-0.35000
416667;-0.35000
419444;-0.34500
422222;-0.33500
425000;-0.33500
427778;-0.33500
430555;-0.35000
433333;-0.35500
436111;-0.35500
438889;-0.34500
441667;-0.34500
444444;-0.33500
447222;-0.35000
450000;-0.36000
452778;-0.36000
455555;-0.36000
458333;-0.36500
461111;-0.36000
463889;-0.37000
466667;-0.38500
469444;-0.37000
472222;-0.36000
475000;-0.35500
477778;-0.36000
480555;-0.37500
483333;-0.37500
486111;-0.36500
488889;-0.36500
491667;-0.36000
494444;-0.36000
497222;-0.36500
500000;-0.37000
502778;-0.35500
505555;-0.33000
508333;-0.32500
511111;-0.32500
513889;-0.33500
516667;-0.34000
519444;-0.31500
522222;-0.30000
525000;-0.30000
527778;-0.29000
530555;-0.29500
533333;-0.29000
536111;-0.28500
538889;-0.27500
541667;-0.25500
544444;-0.25000
547222;-0.25000
550000;-0.26500
552778;-0.25500
555555;-0.24500
558333;-0.23000
561111;-0.24500
563889;-0.24500
566667;-0.25500
569444;-0.25500
572222;-0.24000
575000;-0.25000
577778;-0.25500
580555;-0.24500
583333;-0.25500
586111;-0.25000
588889;-0.25000
591667;-0.26500
594444;-0.26000
597222;-0.26000
600000;-0.26500
602778;-0.27000
605555;-0.26500
608333;-0.26000
611111;-0.27500
613889;-0.28000
616666;-0.29000
619444;-0.27500
622222;-0.27000
625000;-0.26000
627778;-0.28000
630555;-0.28000
633333;-0.28500
636111;-0.27500
638889;-0.27500
641666;-0.26500
644444;-0.27000
647222;-0.28500
650000;-0.29000
652778;-0.28000
655555;-0.27500
658333;-0.28500
661111;-0.28000
663889;-0.30000
666666;-0.30000
669444;-0.30500
672222;-0.29500
675000;-0.30000
677778;-0.31000
680555;-0.31000
683333;-0.30500
686111;-0.29500
688889;-0.28500
691666;-0.28500
694444;-0.29000
697222;-0.29500
700000;-0.31000
702778;-0.29000
705555;-0.29500
708333;-0.30000
711111;-0.30500
713889;-0.31000
716666;-0.32500
719444;-0.31000
722222;-0.30000
725000;-0.29000
727778;-0.31000
730555;-0.32500
733333;-0.33000
736111;-0.31500
738889;-0.30000
741666;-0.30500
744444;-0.31000
747222;-0.32000
750000;-0.33000
752778;-0.32500
755555;-0.31500
758333;-0.31000
761111;-0.30500
763889;-0.30500
766666;-0.31000
769444;-0.30000
772222;-0.30500
775000;-0.29000
777778;-0.30000
780555;-0.30000
783333;-0.30500
786111;-0.30500
788889;-0.29000
791666;-0.28000
794444;-0.29500
797222;-0.30500
800000;-0.31500
802778;-0.30500
805555;-0.29500
808333;-0.29000
811111;-0.28000
813889;-0.27000
816666;-0.27500
819444;-0.27500
822222;-0.27000
825000;-0.25000
827778;-0.25000
830555;-0.25500
833333;-0.22500
836111;-0.22000
838889;-0.20500
841666;-0.20000
844444;-0.20500
847222;-0.21500
850000;-0.23000
852778;-0.22000
855555;-0.22500
858333;-0.22500
861111;-0.22500
863889;-0.23000
866666;-0.23500
869444;-0.24000
872222;-0.23500
875000;-0.22000
877778;-0.21000
880555;-0.20500
883333;-0.24500
886111;-0.28500
888889;-0.28500
891666;-0.30000
894444;-0.31000
897222;-0.33000
900000;-0.33000
902778;-0.32500
905555;-0.31500
908333;-0.32000
911111;-0.31500
913889;-0.32500
916666;-0.34000
919444;-0.34500
922222;-0.34000
925000;-0.34000
927778;-0.35000
930555;-0.34500
933333;-0.35500
936111;-0.33000
938889;-0.33500
941666;-0.33000
944444;-0.32000
947222;-0.34500
950000;-0.35500
952778;-0.34000
955555;-0.33000
958333;-0.32500
961111;-0.33000
963889;-0.35000
966666;-0.36500
969444;-0.36000
972222;-0.38000
975000;-0.42500
977778;-0.44500
980555;-0.47500
983333;-0.51000
986111;-0.53500
988889;-0.50500
991666;-0.41500
994444;-0.30000
997222;-0.16000
1000000;-0.01500
1002777;0.23500
1005555;0.49000
1008333;0.72000
1011111;0.87500
1013889;0.94000
1016666;0.90500
1019444;0.75500
1022222;0.49000
1025000;0.16500
1027777;-0.11000
1030555;-0.27000
1033333;-0.39000
1036111;-0.45000
1038889;-0.47500
1041666;-0.45500
1044444;-0.42500
1047222;-0.39000
1050000;-0.39000
1052777;-0.38500
1055555;-0.39000
1058333;-0.38000
1061111;-0.38000
1063889;-0.38000
1066666;-0.39500
1069444;-0.38500
1072222;-0.38500
1075000;-0.38500
1077777;-0.37500
1080555;-0.39500
1083333;-0.41000
1086111;-0.41000
1088889;-0.40000
1091666;-0.39500
1094444;-0.39000
1097222;-0.40500
1100000;-0.39500
1102777;-0.38500
1105555;-0.37500
1108333;-0.39000
1111111;-0.39000
1113889;-0.40500
1116666;-0.41000
1119444;-0.41000
1122222;-0.39000
1125000;-0.39000
1127777;-0.39500
1130555;-0.40500
1133333;-0.41500
1136111;-0.40000
1138889;-0.41000
1141666;-0.40500
1144444;-0.41000
1147222;-0.41500
1150000;-0.41000
1152777;-0.40000
1155555;-0.40000
1158333;-0.39500
1161111;-0.39000
1163889;-0.40500
1166666;-0.41000
1169444;-0.39000
1172222;-0.39000
1175000;-0.38500
1177777;-0.38500
1180555;-0.41000
1183333;-0.40500
1186111;-0.39500
1188889;-0.39000
1191666;-0.37500
1194444;-0.39000
1197222;-0.39500
1200000;-0.41000
1202777;-0.40000
1205555;-0.39000
1208333;-0.39000
1211111;-0.38500
1213889;-0.40500
1216666;-0.41500
1219444;-0.41500
1222222;-0.40000
1225000;-0.39500
1227777;-0.40500
1230555;-0.41500
1233333;-0.42000
1236111;-0.42000
1238889;-0.41000
1241666;-0.41500
1244444;-0.42500
1247222;-0.42000
1250000;-0.43500
1252777;-0.43000
1255555;-0.43000
1258333;-0.42000
1261111;-0.43000
1263889;-0.45000
1266666;-0.45500
1269444;-0.45000
1272222;-0.43500
1275000;-0.44500
1277777;-0.45000
1280555;-0.45500
1283333;-0.47000
1286111;-0.46000
1288889;-0.45500
1291666;-0.45000
1294444;-0.45500
1297222;-0.47000
1300000;-0.47500
1302777;-0.46000
1305555;-0.45000
1308333;-0.44500
1311111;-0.44000
1313889;-0.43500
1316666;-0.44000
1319444;-0.41000
1322222;-0.39500
1325000;-0.37000
1327777;-0.36500
1330555;-0.36000
1333333;-0.36500
1336111;-0.34000
1338889;-0.32500
1341666;-0.31500
1344444;-0.32000
1347222;-0.33000
1350000;-0.33000
1352777;-0.32000
1355555;-0.31000
1358333;-0.30000
1361111;-0.30000
1363889;-0.32000
1366666;-0.32000
1369444;-0.31500
1372222;-0.30500
1375000;-0.30500
1377777;-0.29500
1380555;-0.32000
1383333;-0.33000
1386111;-0.30500
1388888;-0.31000
1391666;-0.30000
1394444;-0.30000
1397222;-0.32000
1400000;-0.32500
1402777;-0.31000
1405555;-0.30500
1408333;-0.31500
1411111;-0.30500
1413888;-0.31500
1416666;-0.31500
1419444;-0.31000
1422222;-0.29500
1425000;-0.29000
1427777;-0.30500
1430555;-0.31000
1433333;-0.32000
1436111;-0.31500
1438888;-0.30000
1441666;-0.31500
1444444;-0.31500
1447222;-0.31500
1450000;-0.33000
1452777;-0.31500
1455555;-0.32000
1458333;-0.31500
1461111;-0.32500
1463888;-0.33500
1466666;-0.34000
1469444;-0.33500
1472222;-0.33500
1475000;-0.33000
1477777;-0.32500
1480555;-0.34500
1483333;-0.35000
1486111;-0.34500
1488888;-0.33500
1491666;-0.33000
1494444;-0.33000
1497222;-0.34500
1500000;-0.34500
1502777;-0.34500
1505555;-0.32000
1508333;-0.33000
1511111;-0.33500
1513888;-0.34000
1516666;-0.35500
1519444;-0.33500
1522222;-0.33000
1525000;-0.33000
1527777;-0.33500
1530555;-0.35500
1533333;-0.36000
1536111;-0.35500
1538888;-0.35000
1541666;-0.34000
1544444;-0.34500
1547222;-0.34500
1550000;-0.34500
1552777;-0.34500
1555555;-0.33000
1558333;-0.33000
1561111;-0.33500
1563888;-0.34500
1566666;-0.35000
1569444;-0.35000
1572222;-0.34000
1575000;-0.33000
1577777;-0.34500
1580555;-0.34500
1583333;-0.35500
1586111;-0.35000
1588888;-0.34000
1591666;-0.33000
1594444;-0.34000
1597222;-0.34000
1600000;-0.34000
1602777;-0.33000
1605555;-0.33500
1608333;-0.33000
1611111;-0.33500
1613888;-0.34500
1616666;-0.34500
1619444;-0.34000
1622222;-0.33000
1625000;-0.31500
1627777;-0.29500
1630555;-0.30000
1633333;-0.29500
1636111;-0.28500
1638888;-0.27500
1641666;-0.26500
1644444;-0.26500
1647222;-0.26500
1650000;-0.25500
1652777;-0.25000
1655555;-0.24000
1658333;-0.22500
1661111;-0.21500
1663888;-0.24000
1666666;-0.24500
1669444;-0.24000
1672222;-0.24500
1675000;-0.23500
1677777;-0.24500
1680555;-0.25000
1683333;-0.27500
1686111;-0.27500
1688888;-0.26500
1691666;-0.25000
1694444;-0.22500
1697222;-0.22000
1700000;-0.23000
1702777;-0.26500
1705555;-0.27000
1708333;-0.28000
1711111;-0.28500
1713888;-0.30500
1716666;-0.32000
1719444;-0.34000
1722222;-0.33000
1725000;-0.33500
1727777;-0.33500
1730555;-0.35500
1733333;-0.37000
1736111;-0.36000
1738888;-0.34500
1741666;-0.35000
1744444;-0.35500
1747222;-0.36500
1750000;-0.37500
1752777;-0.38000
1755555;-0.37000
1758333;-0.36500
1761111;-0.36500
1763888;-0.38000
1766666;-0.38500
1769444;-0.38000
1772222;-0.37500
1775000;-0.35500
1777777;-0.37000
1780555;-0.39000
1783333;-0.40500
1786111;-0.41000
1788888;-0.43500
1791666;-0.46500
1794444;-0.49000
1797222;-0.52000
1799999;-0.55500
1802777;-0.57000
1805555;-0.52500
1808333;-0.40500
1811111;-0.25000
1813888;-0.09000
1816666;0.12000
1819444;0.41000
1822222;0.69000
1824999;0.88500
1827777;0.96000
1830555;0.85000
1833333;0.52000
1836111;0.05000
1838888;-0.32000
1841666;-0.50000
1844444;-0.50500
1847222;-0.44500
1849999;-0.41500
1852777;-0.39500
1855555;-0.39000
1858333;-0.39500
1861111;-0.39000
1863888;-0.39500
1866666;-0.40500
1869444;-0.39500
1872222;-0.40500
1874999;-0.39000
1877777;-0.39500
1880555;-0.39500
1883333;-0.41000
1886111;-0.40500
1888888;-0.40000
1891666;-0.40000
1894444;-0.41500
1897222;-0.40500
1899999;-0.42000
1902777;-0.41500
1905555;-0.40500
1908333;-0.40500
1911111;-0.42000
1913888;-0.42000
1916666;-0.43500
1919444;-0.42000
1922222;-0.41000
1924999;-0.41000
1927777;-0.40500
1930555;-0.42500
1933333;-0.43000
1936111;-0.42000
1938888;-0.41500
1941666;-0.41000
1944444;-0.41000
1947222;-0.42500
1949999;-0.42000
1952777;-0.40000
1955555;-0.39500
1958333;-0.40000
1961111;-0.40000
1963888;-0.39500
1966666;-0.41500
1969444;-0.40500
1972222;-0.39000
1974999;-0.40000
1977777;-0.40000
1980555;-0.41500
1983333;-0.42500
1986111;-0.42500
1988888;-0.41500
1991666;-0.41500
1994444;-0.41000
1997222;-0.42500
1999999;-0.42500
2002777;-0.42000
2005555;-0.41500
2008333;-0.40000
2011111;-0.40000
2013888;-0.41000
2016666;-0.42500
2019444;-0.41000
2022222;-0.40500
2024999;-0.39500
2027777;-0.40000
2030555;-0.40000
2033333;-0.40500
2036111;-0.38500
2038888;-0.40000
2041666;-0.39000
2044444;-0.39000
2047222;-0.40000
2049999;-0.41500
2052777;-0.40500
2055555;-0.40500
2058333;-0.41000
2061111;-0.41500
2063888;-0.42000
2066666;-0.42000
2069444;-0.42500
2072222;-0.41500
2074999;-0.41500
2077777;-0.41000
2080555;-0.43500
2083333;-0.43000
2086111;-0.43500
2088888;-0.42000
2091666;-0.42000
2094444;-0.42000
2097222;-0.42000
2099999;-0.42500
2102777;-0.42500
2105555;-0.41500
2108333;-0.39500
2111111;-0.39500
2113888;-0.39000
2116666;-0.37500
2119444;-0.36000
2122222;-0.34000
2124999;-0.33500
2127777;-0.33000
2130555;-0.33500
2133333;-0.33500
2136111;-0.32500
2138888;-0.32000
2141666;-0.30500
2144444;-0.30500
2147222;-0.31500
2149999;-0.31000
2152777;-0.30500
2155555;-0.30000
2158333;-0.30000
2161111;-0.30000
2163888;-0.31000
2166666;-0.31000
2169444;-0.31000
2172222;-0.31500
2174999;-0.30000
2177777;-0.30500
2180555;-0.31500
2183333;-0.32000
2186110;-0.32500
2188888;-0.31000
2191666;-0.30500
2194444;-0.30500
2197222;-0.32000
2199999;-0.32500
2202777;-0.30500
2205555;-0.31000
2208333;-0.29500
2211110;-0.31000
2213888;-0.32500
2216666;-0.33000
2219444;-0.32000
2222222;-0.32000
2224999;-0.32000
2227777;-0.32500
2230555;-0.35000
2233333;-0.35000
2236110;-0.34000
2238888;-0.33500
2241666;-0.33000
2244444;-0.33500
2247222;-0.34000
2249999;-0.36000
2252777;-0.35000
2255555;-0.35000
2258333;-0.35500
2261110;-0.36000
2263888;-0.35500
2266666;-0.36500
2269444;-0.35500
2272222;-0.35000
2274999;-0.34000
2277777;-0.35500
2280555;-0.35000
2283333;-0.36500
2286110;-0.36500
2288888;-0.35000
2291666;-0.35500
2294444;-0.35000
2297222;-0.37000
2299999;-0.38000
2302777;-0.37000
2305555;-0.36000
2308333;-0.36500
2311110;-0.36000
2313888;-0.36500
2316666;-0.38000
2319444;-0.37000
2322222;-0.36500
2324999;-0.35000
2327777;-0.35000
2330555;-0.35000
2333333;-0.37000
2336110;-0.36500
2338888;-0.34500
2341666;-0.34500
2344444;-0.34000
2347222;-0.35500
2349999;-0.36500
2352777;-0.36000
2355555;-0.35500
2358333;-0.35500
2361110;-0.35500
2363888;-0.37500
2366666;-0.38500
2369444;-0.35500
2372222;-0.36000
2374999;-0.35500
2377777;-0.36000
2380555;-0.36000
2383333;-0.37000
2386110;-0.36000
2388888;-0.34500
2391666;-0.35500
2394444;-0.34500
2397222;-0.34500
2399999;-0.34500
2402777;-0.34000
2405555;-0.31000
2408333;-0.30500
2411110;-0.30500
2413888;-0.31000
2416666;-0.30500
2419444;-0.29000
2422222;-0.28500
2424999;-0.27500
2427777;-0.28000
2430555;-0.28000
2433333;-0.27500
2436110;-0.26500
2438888;-0.25500
2441666;-0.24500
2444444;-0.26000
2447222;-0.26500
2449999;-0.27500
2452777;-0.28000
2455555;-0.26500
2458333;-0.27000
2461110;-0.27500
2463888;-0.28000
2466666;-0.27500
2469444;-0.28000
2472222;-0.27500
2474999;-0.26500
2477777;-0.25500
2480555;-0.24000
2483333;-0.26000
2486110;-0.28000
2488888;-0.31000
2491666;-0.31000
2494444;-0.34500
2497222;-0.36000
2499999;-0.38000
2502777;-0.38500
2505555;-0.38000
2508333;-0.37000
2511110;-0.37500
2513888;-0.38500
2516666;-0.39000
2519444;-0.39500
2522222;-0.38500
2524999;-0.38500
2527777;-0.38500
2530555;-0.39500
2533333;-0.40500
2536110;-0.40000
2538888;-0.37500
2541666;-0.37500
2544444;-0.39000
2547222;-0.39500
2549999;-0.41500
2552777;-0.40500
2555555;-0.40000
2558333;-0.39000
2561110;-0.40500
2563888;-0.42500
2566666;-0.46000
2569444;-0.47500
2572222;-0.50500
2574999;-0.51000
2577777;-0.52500
2580555;-0.54000
2583333;-0.60000
2586110;-0.64500
2588888;-0.63000
2591666;-0.57500
2594444;-0.49500
2597221;-0.38500
2599999;-0.27000
2602777;-0.11500
2605555;0.09000
2608333;0.37000
2611110;0.63500
2613888;0.81000
2616666;0.86000
2619444;0.77000
2622221;0.47500
2624999;0.06500
2627777;-0.30500
2630555;-0.50000
2633333;-0.52000
2636110;-0.47500
2638888;-0.41000
2641666;-0.39000
2644444;-0.39000
2647221;-0.40000
2649999;-0.41000
2652777;-0.40500
2655555;-0.38500
2658333;-0.39000
2661110;-0.39500
2663888;-0.40500
2666666;-0.41000
2669444;-0.40500
2672221;-0.40000
2674999;-0.39000
2677777;-0.39500
2680555;-0.41000
2683333;-0.41500
2686110;-0.41000
2688888;-0.39500
2691666;-0.40500
2694444;-0.41000
2697221;-0.40500
2699999;-0.40500
2702777;-0.41000
2705555;-0.39000
2708333;-0.38500
2711110;-0.39000
2713888;-0.39500
2716666;-0.40000
2719444;-0.40000
2722221;-0.40000
2724999;-0.39500
2727777;-0.39500
2730555;-0.40500
2733333;-0.40500
2736110;-0.40000
2738888;-0.39500
2741666;-0.38500
2744444;-0.37500
2747221;-0.38500
2749999;-0.39500
2752777;-0.39000
2755555;-0.38500
2758333;-0.37500
2761110;-0.38500
2763888;-0.39500
2766666;-0.39500
2769444;-0.38500
2772221;-0.37500
2774999;-0.37500
2777777;-0.38500
2780555;-0.39500
2783333;-0.39000
2786110;-0.39000
2788888;-0.36500
2791666;-0.37500
2794444;-0.38500
2797221;-0.39500
2799999;-0.38000
2802777;-0.38500
2805555;-0.37500
2808333;-0.38000
2811110;-0.39000
2813888;-0.38000
2816666;-0.37500
2819444;-0.37500
2822221;-0.37500
2824999;-0.37500
2827777;-0.38000
2830555;-0.39000
2833333;-0.39000
2836110;-0.36500
2838888;-0.37000
2841666;-0.37500
2844444;-0.38500
2847221;-0.39000
2849999;-0.39000
2852777;-0.37500
2855555;-0.36500
2858333;-0.38500
2861110;-0.38000
2863888;-0.39000
2866666;-0.37500
2869444;-0.37500
2872221;-0.36500
2874999;-0.37000
2877777;-0.38500
2880555;-0.39500
2883333;-0.38500
2886110;-0.38500
2888888;-0.37000
2891666;-0.36500
2894444;-0.37000
2897221;-0.37500
2899999;-0.35000
2902777;-0.33500
2905555;-0.32000
2908333;-0.31500
2911110;-0.32000
2913888;-0.32500
2916666;-0.31500
2919444;-0.29500
2922221;-0.28500
2924999;-0.30000
2927777;-0.29500
2930555;-0.28500
2933333;-0.28500
2936110;-0.28000
2938888;-0.27000
2941666;-0.28000
2944444;-0.29000
2947221;-0.29500
2949999;-0.29500
2952777;-0.29000
2955555;-0.28000
2958333;-0.29000
2961110;-0.29500
2963888;-0.31000
2966666;-0.29500
2969444;-0.28500
2972221;-0.28000
2974999;-0.27500
2977777;-0.29500
2980555;-0.30500
2983332;-0.30000
2986110;-0.29500
2988888;-0.29500
2991666;-0.28500
2994444;-0.30000
2997221;-0.30500
2999999;-0.30000
3002777;-0.29500
3005555;-0.30000
3008332;-0.30500
3011110;-0.31500
3013888;-0.31000
3016666;-0.31500
3019444;-0.29500
3022221;-0.30000
3024999;-0.31000
3027777;-0.33000
3030555;-0.34000
3033332;-0.33000
3036110;-0.32000
3038888;-0.32000
3041666;-0.31500
3044444;-0.32500
3047221;-0.33500
3049999;-0.33000
3052777;-0.31500
3055555;-0.32000
3058332;-0.32000
3061110;-0.33000
3063888;-0.34500
3066666;-0.34000
3069444;-0.33500
3072221;-0.33000
3074999;-0.33500
3077777;-0.34500
3080555;-0.35000
3083332;-0.34500
3086110;-0.34000
3088888;-0.33500
3091666;-0.33500
3094444;-0.33000
3097221;-0.33500
3099999;-0.34000
3102777;-0.33500
3105555;-0.32000
3108332;-0.34000
3111110;-0.34000
3113888;-0.35000
3116666;-0.36500
3119444;-0.36000
3122221;-0.34500
3124999;-0.34500
3127777;-0.35000
3130555;-0.35000
3133332;-0.35000
3136110;-0.34000
3138888;-0.34000
3141666;-0.34500
3144444;-0.34500
3147221;-0.38000
3149999;-0.36000
3152777;-0.36000
3155555;-0.34500
3158332;-0.34500
3161110;-0.35000
3163888;-0.35500
3166666;-0.34500
3169444;-0.33000
3172221;-0.33000
3174999;-0.33500
3177777;-0.33500
3180555;-0.34000
3183332;-0.33000
3186110;-0.32000
3188888;-0.29000
3191666;-0.29000
3194444;-0.30000
3197221;-0.30500
3199999;-0.28500
3202777;-0.28000
3205555;-0.27500
3208332;-0.28000
3211110;-0.27500
3213888;-0.27000
3216666;-0.26500
3219444;-0.25000
3222221;-0.23000
3224999;-0.24500
3227777;-0.24000
3230555;-0.25500
3233332;-0.25500
3236110;-0.24500
3238888;-0.23500
3241666;-0.25500
3244444;-0.26500
3247221;-0.26000
3249999;-0.25500
3252777;-0.27000
3255555;-0.26500
3258332;-0.28000
3261110;-0.25500
3263888;-0.25000
3266666;-0.24500
3269444;-0.26500
3272221;-0.28000
3274999;-0.30000
3277777;-0.31500
3280555;-0.32500
3283332;-0.33500
3286110;-0.34500
3288888;-0.33000
3291666;-0.33500
3294444;-0.34500
3297221;-0.36000
3299999;-0.35000
3302777;-0.34000
3305555;-0.33500
3308332;-0.34500
3311110;-0.36000
3313888;-0.36500
3316666;-0.37500
3319444;-0.37000
3322221;-0.36500
3324999;-0.36500
3327777;-0.38000
3330555;-0.37500
3333332;-0.37500
3336110;-0.36500
3338888;-0.37000
3341666;-0.36000
3344444;-0.37000
3347221;-0.38000
3349999;-0.36500
3352777;-0.36000
3355555;-0.35000
3358332;-0.35500
3361110;-0.37000
3363888;-0.38500
3366666;-0.39500
3369444;-0.43000
3372221;-0.44500
3374999;-0.48500
3377777;-0.51500
3380555;-0.56500
3383332;-0.55500
3386110;-0.47500
3388888;-0.35500
3391666;-0.22000
3394443;-0.05500
3397221;0.18500
3399999;0.47500
3402777;0.70500
3405555;0.82000
3408332;0.78000
3411110;0.53500
3413888;0.14500
3416666;-0.20000
3419443;-0.42000
3422221;-0.50000
3424999;-0.48000
3427777;-0.45000
3430555;-0.41000
3433332;-0.40000
3436110;-0.39000
3438888;-0.39000
3441666;-0.40000
3444443;-0.40500
3447221;-0.42500
3449999;-0.42500
3452777;-0.40500
3455555;-0.39500
3458332;-0.40500
3461110;-0.40500
3463888;-0.41500
3466666;-0.40500
3469443;-0.38500
3472221;-0.39000
3474999;-0.39500
3477777;-0.39500
3480555;-0.39500
3483332;-0.39500
3486110;-0.38500
3488888;-0.39000
3491666;-0.39000
3494443;-0.40000
3497221;-0.42500
3499999;-0.41000
3502777;-0.40000
3505555;-0.39500
3508332;-0.40000
3511110;-0.40500
3513888;-0.42500
3516666;-0.41500
3519443;-0.40500
3522221;-0.40500
3524999;-0.40500
3527777;-0.41000
3530555;-0.41500
3533332;-0.40500
3536110;-0.42000
3538888;-0.40500
3541666;-0.41000
3544443;-0.41000
3547221;-0.42000
3549999;-0.41500
3552777;-0.40500
3555555;-0.39500
3558332;-0.39500
3561110;-0.39500
3563888;-0.40000
3566666;-0.39500
3569443;-0.39500
3572221;-0.40500
3574999;-0.40500
3577777;-0.42000
3580555;-0.43500
3583332;-0.41500
3586110;-0.40500
3588888;-0.39500
3591666;-0.39000
3594443;-0.41500
3597221;-0.40500
3599999;-0.40500
3602777;-0.40000
3605555;-0.39500
3608332;-0.39500
3611110;-0.40500
3613888;-0.42000
3616666;-0.41500
3619443;-0.40000
3622221;-0.39500
3624999;-0.40000
3627777;-0.40500
3630555;-0.42500
3633332;-0.42500
3636110;-0.42500
3638888;-0.42000
3641666;-0.42500
3644443;-0.45000
3647221;-0.44500
3649999;-0.45000
3652777;-0.43500
3655555;-0.44500
3658332;-0.47000
3661110;-0.45500
3663888;-0.46000
3666666;-0.44000
3669443;-0.43500
3672221;-0.42500
3674999;-0.43000
3677777;-0.44500
3680555;-0.45000
3683332;-0.44500
3686110;-0.43000
3688888;-0.42000
3691666;-0.41000
3694443;-0.42500
3697221;-0.42000
3699999;-0.40500
3702777;-0.38000
3705555;-0.37000
3708332;-0.36500
3711110;-0.36500
3713888;-0.36500
3716666;-0.34500
3719443;-0.33000
3722221;-0.31500
3724999;-0.30500
3727777;-0.30500
3730555;-0.32000
3733332;-0.31000
3736110;-0.31000
3738888;-0.30500
3741666;-0.31000
3744443;-0.31500
3747221;-0.32000
3749999;-0.31500
3752777;-0.30500
3755555;-0.30500
3758332;-0.29500
3761110;-0.31000
3763888;-0.32000
3766666;-0.31000
3769443;-0.31500
3772221;-0.29500
3774999;-0.30000
3777777;-0.30500
3780554;-0.30000
3783332;-0.28500
3786110;-0.28000
3788888;-0.29000
3791666;-0.29500
3794443;-0.30500
3797221;-0.32500
3799999;-0.30500
3802777;-0.30000
3805554;-0.30000
3808332;-0.31500
3811110;-0.32500
3813888;-0.33500
3816666;-0.32500
3819443;-0.31500
3822221;-0.32000
3824999;-0.33500
3827777;-0.33000
3830554;-0.34000
3833332;-0.32500
3836110;-0.32500
3838888;-0.32000
3841666;-0.31500
3844443;-0.33500
3847221;-0.33500
3849999;-0.34500
3852777;-0.33500
3855554;-0.32500
3858332;-0.33000
3861110;-0.31500
3863888;-0.33500
3866666;-0.33000
3869443;-0.33000
3872221;-0.33000
3874999;-0.33000
3877777;-0.33500
3880554;-0.34000
3883332;-0.33000
3886110;-0.32000
3888888;-0.31500
3891666;-0.32500
3894443;-0.33500
3897221;-0.35500
3899999;-0.34500
3902777;-0.34000
3905554;-0.33500
3908332;-0.32000
3911110;-0.32500
3913888;-0.35000
3916666;-0.33000
3919443;-0.31500
3922221;-0.31500
3924999;-0.33000
3927777;-0.33000
3930554;-0.33500
3933332;-0.33500
3936110;-0.33000
3938888;-0.33000
3941666;-0.33000
3944443;-0.34000
3947221;-0.34000
3949999;-0.34000
3952777;-0.32500
3955554;-0.32500
3958332;-0.32500
3961110;-0.34500
3963888;-0.35000
3966666;-0.34000
3969443;-0.33000
3972221;-0.32000
3974999;-0.31000
3977777;-0.30500
3980554;-0.30500
3983332;-0.27500
3986110;-0.27000
3988888;-0.25500
3991666;-0.26000
3994443;-0.26500
3997221;-0.26000
3999999;-0.25000
4002777;-0.23500
4005554;-0.23500
4008332;-0.22000
4011110;-0.23500
4013888;-0.23500
4016666;-0.22000
4019443;-0.23000
4022221;-0.22500
4024999;-0.23500
4027777;-0.24500
4030554;-0.25500
4033332;-0.24000
4036110;-0.23000
4038888;-0.23000
4041666;-0.25000
4044443;-0.25500
4047221;-0.25000
4049999;-0.23000
4052777;-0.20500
4055554;-0.19500
4058332;-0.21000
4061110;-0.23000
4063888;-0.27000
4066666;-0.27000
4069443;-0.28500
4072221;-0.28500
4074999;-0.31000
4077777;-0.33000
4080554;-0.34000
4083332;-0.34000
4086110;-0.34500
4088888;-0.35000
4091666;-0.35000
4094443;-0.34000
4097221;-0.35500
4099999;-0.34500
4102777;-0.34000
4105554;-0.34000
4108332;-0.34500
4111110;-0.35500
4113888;-0.37000
4116666;-0.35500
4119443;-0.37000
4122221;-0.34500
4124999;-0.34000
4127777;-0.36000
4130554;-0.38000
4133332;-0.36000
4136110;-0.34500
4138888;-0.35000
4141666;-0.35000
4144443;-0.35500
4147221;-0.38000
4149999;-0.39000
4152777;-0.39500
4155554;-0.42500
4158332;-0.45500
4161110;-0.47500
4163888;-0.51000
4166666;-0.54500
4169443;-0.54000
4172221;-0.49500
4174999;-0.40500
4177777;-0.29500
4180554;-0.16000
4183332;0.04000
4186110;0.31500
4188888;0.59500
4191665;0.80000
4194443;0.88500
4197221;0.79500
4199999;0.52000
4202777;0.13000
4205554;-0.21500
4208332;-0.42500
4211110;-0.50000
4213888;-0.49000
4216665;-0.45000
4219443;-0.40000
4222221;-0.39000
4224999;-0.39500
4227777;-0.39500
4230554;-0.40000
4233332;-0.39000
4236110;-0.38000
4238888;-0.38500
4241665;-0.38500
4244443;-0.40000
4247221;-0.41000
4249999;-0.41000
4252777;-0.39000
4255554;-0.39000
4258332;-0.40500
4261110;-0.40500
4263888;-0.41500
4266665;-0.41000
4269443;-0.39500
4272221;-0.39500
4274999;-0.40000
4277777;-0.41500
4280554;-0.41500
4283332;-0.41500
4286110;-0.40000
4288888;-0.39000
4291665;-0.39000
4294443;-0.41000
4297221;-0.41500
4299999;-0.40500
4302777;-0.39500
4305554;-0.39500
4308332;-0.39500
4311110;-0.40500
4313888;-0.41000
4316665;-0.41000
4319443;-0.40000
4322221;-0.39000
4324999;-0.39500
4327777;-0.41000
4330554;-0.42500
4333332;-0.41500
4336110;-0.40500
4338888;-0.41000
4341665;-0.40500
4344443;-0.41500
4347221;-0.42500
4349999;-0.42500
4352777;-0.41000
4355554;-0.39500
4358332;-0.39000
4361110;-0.40000
4363888;-0.41000
4366665;-0.41000
4369443;-0.40000
4372221;-0.39000
4374999;-0.41000
4377777;-0.42000
4380554;-0.42000
4383332;-0.41500
4386110;-0.41500
4388888;-0.40500
4391665;-0.42000
4394443;-0.41500
4397221;-0.42500
4399999;-0.41000
4402777;-0.40000
4405554;-0.40500
4408332;-0.40000
4411110;-0.40000
4413888;-0.41000
4416665;-0.40000
4419443;-0.39500
4422221;-0.39500
4424999;-0.40500
4427777;-0.41000
4430554;-0.42500
4433332;-0.42500
4436110;-0.41000
4438888;-0.41000
4441665;-0.42000
4444443;-0.43000
4447221;-0.44500
4449999;-0.44000
4452777;-0.43500
4455554;-0.43000
4458332;-0.43000
4461110;-0.45000
4463888;-0.44500
4466665;-0.44500
4469443;-0.43500
4472221;-0.43500
4474999;-0.44500
4477777;-0.44000
4480554;-0.45000
4483332;-0.43000
4486110;-0.43000
4488888;-0.41500
4491665;-0.40000
4494443;-0.40000
4497221;-0.38500
4499999;-0.36500
4502777;-0.33500
4505554;-0.33000
4508332;-0.32500
4511110;-0.33000
4513888;-0.33000
4516665;-0.31000
4519443;-0.29500
4522221;-0.28500
4524999;-0.29000
4527777;-0.29000
4530554;-0.31000
4533332;-0.29500
4536110;-0.28500
4538888;-0.28000
4541665;-0.30000
4544443;-0.29000
4547221;-0.29500
4549999;-0.29000
4552777;-0.28000
4555554;-0.27500
4558332;-0.27500
4561110;-0.29000
4563888;-0.29000
4566665;-0.28500
4569443;-0.27000
4572221;-0.27000
4574999;-0.27000
4577776;-0.27500
4580554;-0.29000
4583332;-0.28500
4586110;-0.27500
4588888;-0.27500
4591665;-0.29000
4594443;-0.29500
4597221;-0.30500
4599999;-0.29500
4602776;-0.29500
4605554;-0.28500
4608332;-0.29000
4611110;-0.30000
4613888;-0.30500
4616665;-0.31000
4619443;-0.29500
4622221;-0.30000
4624999;-0.30500
4627776;-0.31000
4630554;-0.32500
4633332;-0.32500
4636110;-0.31500
4638888;-0.31000
4641665;-0.31500
4644443;-0.31500
4647221;-0.32500
4649999;-0.32000
4652776;-0.31000
4655554;-0.32000
4658332;-0.31500
4661110;-0.33000
4663888;-0.33000
4666665;-0.32000
4669443;-0.31000
4672221;-0.31000
4674999;-0.31000
4677776;-0.33000
4680554;-0.33500
4683332;-0.33000
4686110;-0.32000
4688888;-0.32500
4691665;-0.32500
4694443;-0.33000
4697221;-0.33500
4699999;-0.33000
4702776;-0.32500
4705554;-0.32500
4708332;-0.32000
4711110;-0.32500
4713888;-0.33000
4716665;-0.32500
4719443;-0.31500
4722221;-0.30500
4724999;-0.32500
4727776;-0.31500
4730554;-0.33500
4733332;-0.33000
4736110;-0.31000
4738888;-0.32000
4741665;-0.33000
4744443;-0.33000
4747221;-0.33500
4749999;-0.33000
4752776;-0.33000
4755554;-0.32000
4758332;-0.32000
4761110;-0.33000
4763888;-0.33000
4766665;-0.32500
4769443;-0.31500
4772221;-0.31500
4774999;-0.31500
4777776;-0.33000
4780554;-0.33000
4783332;-0.32000
4786110;-0.31500
4788888;-0.30500
4791665;-0.30500
4794443;-0.29500
4797221;-0.31500
4799999;-0.30000
4802776;-0.27500
4805554;-0.25500
4808332;-0.25500
4811110;-0.26000
4813888;-0.26500
4816665;-0.25500
4819443;-0.23500
4822221;-0.23000
4824999;-0.22500
4827776;-0.22000
4830554;-0.22000
4833332;-0.21500
4836110;-0.20000
4838888;-0.20500
4841665;-0.20500
4844443;-0.22500
4847221;-0.23500
4849999;-0.24000
4852776;-0.23000
4855554;-0.21500
4858332;-0.24000
4861110;-0.24000
4863888;-0.25000
4866665;-0.23500
4869443;-0.21000
4872221;-0.20000
4874999;-0.22000
4877776;-0.25500
4880554;-0.27500
4883332;-0.28500
4886110;-0.30000
4888888;-0.30500
4891665;-0.32000
4894443;-0.33000
4897221;-0.32500
4899999;-0.32000
4902776;-0.33000
4905554;-0.33000
4908332;-0.33500
4911110;-0.34000
4913888;-0.34500
4916665;-0.34000
4919443;-0.33500
4922221;-0.32000
4924999;-0.32500
4927776;-0.33500
4930554;-0.34500
4933332;-0.34500
4936110;-0.34500
4938888;-0.33500
4941665;-0.34000
4944443;-0.34500
4947221;-0.35500
4949999;-0.34000
4952776;-0.34000
4955554;-0.34000
4958332;-0.34000
4961110;-0.34500
4963887;-0.35500
4966665;-0.36500
4969443;-0.37000
4972221;-0.40500
4974999;-0.44500
4977776;-0.48000
4980554;-0.49500
4983332;-0.52000
4986110;-0.53500
4988887;-0.50500
4991665;-0.41500
4994443;-0.28000
4997221;-0.13500
4999999;0.06500
5002776;0.30000
5005554;0.58000
5008332;0.81000
5011110;0.94500
5013887;0.92000
5016665;0.77500
5019443;0.44500
5022221;0.02000
5024999;-0.29500
5027776;-0.44500
5030554;-0.47000
5033332;-0.42500
5036110;-0.38000
5038887;-0.36000
5041665;-0.36000
5044443;-0.37000
5047221;-0.38000
5049999;-0.38000
5052776;-0.37500
5055554;-0.37000
5058332;-0.36500
5061110;-0.37000
5063887;-0.38500
5066665;-0.38500
5069443;-0.37500
5072221;-0.37000
5074999;-0.37000
5077776;-0.38500
5080554;-0.39500
5083332;-0.38500
5086110;-0.38500
5088887;-0.39000
5091665;-0.38500
5094443;-0.39500
5097221;-0.41000
5099999;-0.40000
5102776;-0.39500
5105554;-0.38000
5108332;-0.39500
5111110;-0.39500
5113887;-0.40000
5116665;-0.40000
5119443;-0.39500
5122221;-0.39000
5124999;-0.39000
5127776;-0.39500
5130554;-0.40500
5133332;-0.39000
5136110;-0.38500
5138887;-0.37500
5141665;-0.37500
5144443;-0.38000
5147221;-0.39000
5149999;-0.38500
5152776;-0.37000
5155554;-0.37000
5158332;-0.37000
5161110;-0.37500
5163887;-0.38500
5166665;-0.37000
5169443;-0.39000
5172221;-0.37500
5174999;-0.37000
5177776;-0.38000
5180554;-0.39000
5183332;-0.39000
5186110;-0.38500
5188887;-0.37500
5191665;-0.37500
5194443;-0.38500
5197221;-0.39500
5199999;-0.39000
5202776;-0.38500
5205554;-0.37500
5208332;-0.38000
5211110;-0.38500
5213887;-0.39000
5216665;-0.38000
5219443;-0.38000
5222221;-0.37000
5224999;-0.37000
5227776;-0.36500
5230554;-0.39000
5233332;-0.36500
5236110;-0.36500
5238887;-0.36000
5241665;-0.37500
5244443;-0.38000
5247221;-0.40000
5249999;-0.39000
5252776;-0.37500
5255554;-0.37500
5258332;-0.37000
5261110;-0.38500
5263887;-0.39000
5266665;-0.39000
5269443;-0.39000
5272221;-0.39000
5274999;-0.37500
5277776;-0.38500
5280554;-0.39500
5283332;-0.38000
5286110;-0.37000
5288887;-0.37500
5291665;-0.37500
5294443;-0.39000
5297221;-0.40500
5299999;-0.37500
5302776;-0.37000
5305554;-0.36000
5308332;-0.37500
5311110;-0.38500
5313887;-0.38000
5316665;-0.37000
5319443;-0.36000
5322221;-0.34500
5324999;-0.34500
5327776;-0.33000
5330554;-0.33000
5333332;-0.31500
5336110;-0.31000
5338887;-0.29500
5341665;-0.28500
5344443;-0.28500
5347221;-0.29500
5349999;-0.28000
5352776;-0.27000
5355554;-0.28000
5358332;-0.28000
5361110;-0.28000
5363887;-0.29000
5366665;-0.29000
5369443;-0.28000
5372221;-0.27500
5374998;-0.28000
5377776;-0.28500
5380554;-0.29000
5383332;-0.29000
5386110;-0.28000
5388887;-0.28000
5391665;-0.28500
5394443;-0.29000
5397221;-0.30000
5399998;-0.29500
5402776;-0.28500
5405554;-0.28000
5408332;-0.28500
5411110;-0.28500
5413887;-0.29500
5416665;-0.28500
5419443;-0.28000
5422221;-0.27500
5424998;-0.28000
5427776;-0.29000
5430554;-0.31000
5433332;-0.30500
5436110;-0.28500
5438887;-0.27000
5441665;-0.27000
5444443;-0.27500
5447221;-0.28500
5449998;-0.28500
5452776;-0.27000
5455554;-0.26500
5458332;-0.26500
5461110;-0.26500
5463887;-0.28000
5466665;-0.26500
5469443;-0.24500
5472221;-0.23500
5474998;-0.23500
5477776;-0.25000
5480554;-0.25000
5483332;-0.24500
5486110;-0.21500
5488887;-0.22000
5491665;-0.24500
5494443;-0.25500
5497221;-0.23000
5499998;-0.20500
5502776;-0.21000
5505554;-0.22000
5508332;-0.23000
5511110;-0.24000
5513887;-0.24000
5516665;-0.24500
5519443;-0.25000
5522221;-0.27000
5524998;-0.28500
5527776;-0.31500
5530554;-0.32000
5533332;-0.32000
5536110;-0.31000
5538887;-0.33000
5541665;-0.34000
5544443;-0.34500
5547221;-0.36000
5549998;-0.36500
5552776;-0.36000
5555554;-0.35000
5558332;-0.35500
5561110;-0.37500
5563887;-0.38500
5566665;-0.37500
5569443;-0.37000
5572221;-0.36500
5574998;-0.36500
5577776;-0.37000
5580554;-0.38000
5583332;-0.36000
5586110;-0.35000
5588887;-0.35500
5591665;-0.35500
5594443;-0.35000
5597221;-0.36500
5599998;-0.35000
5602776;-0.35000
5605554;-0.34000
5608332;-0.35500
5611110;-0.35000
5613887;-0.37500
5616665;-0.36500
5619443;-0.37500
5622221;-0.40000
5624998;-0.43000
5627776;-0.47500
5630554;-0.52000
5633332;-0.52000
5636110;-0.55000
5638887;-0.57000
5641665;-0.54000
5644443;-0.44500
5647221;-0.30500
5649998;-0.14000
5652776;0.02500
5655554;0.26000
5658332;0.51000
5661110;0.73500
5663887;0.84500
5666665;0.87500
5669443;0.73500
5672221;0.40000
5674998;-0.02500
5677776;-0.33500
5680554;-0.48000
5683332;-0.47000
5686110;-0.41500
5688887;-0.37500
5691665;-0.36500
5694443;-0.38500
5697221;-0.40000
5699998;-0.38000
5702776;-0.39000
5705554;-0.37500
5708332;-0.38500
5711110;-0.39500
5713887;-0.40500
5716665;-0.39000
5719443;-0.38000
5722221;-0.38500
5724998;-0.38500
5727776;-0.39500
5730554;-0.40000
5733332;-0.40500
5736110;-0.40000
5738887;-0.39000
5741665;-0.39000
5744443;-0.39500
5747221;-0.40000
5749998;-0.39000
5752776;-0.38500
5755554;-0.39000
5758332;-0.38500
5761109;-0.41000
5763887;-0.42000
5766665;-0.40500
5769443;-0.41000
5772221;-0.39000
5774998;-0.39000
5777776;-0.39000
5780554;-0.40000
5783332;-0.40000
5786109;-0.39000
5788887;-0.37500
5791665;-0.38000
5794443;-0.39500
5797221;-0.40000
5799998;-0.39000
5802776;-0.40000
5805554;-0.39000
5808332;-0.39500
5811109;-0.41000
5813887;-0.41500
5816665;-0.40500
5819443;-0.38500
5822221;-0.38500
5824998;-0.38000
5827776;-0.40000
5830554;-0.40000
5833332;-0.39500
5836109;-0.39000
5838887;-0.38000
5841665;-0.37500
5844443;-0.39500
5847221;-0.39500
5849998;-0.38500
5852776;-0.38000
5855554;-0.37500
5858332;-0.38500
5861109;-0.39000
5863887;-0.40000
5866665;-0.40000
5869443;-0.38500
5872221;-0.38000
5874998;-0.39500
5877776;-0.39000
5880554;-0.40000
5883332;-0.39500
5886109;-0.38500
5888887;-0.38000
5891665;-0.38500
5894443;-0.39500
5897221;-0.40500
5899998;-0.40000
5902776;-0.39000
5905554;-0.38000
5908332;-0.38000
5911109;-0.38500
5913887;-0.40500
5916665;-0.39500
5919443;-0.40000
5922221;-0.39000
5924998;-0.40000
5927776;-0.40500
5930554;-0.42500
5933332;-0.42000
5936109;-0.40500
5938887;-0.40000
5941665;-0.40500
5944443;-0.40500
5947221;-0.41500
5949998;-0.40000
5952776;-0.39000
5955554;-0.38000
5958332;-0.38500
5961109;-0.39500
5963887;-0.40500
5966665;-0.39000
5969443;-0.37000
5972221;-0.37000
5974998;-0.37000
5977776;-0.38500
5980554;-0.37000
5983332;-0.35500
5986109;-0.34500
5988887;-0.34000
5991665;-0.33500
5994443;-0.34000
5997221;-0.35500
5999998;-0.33500
6002776;-0.32500
6005554;-0.31000
6008332;-0.30500
6011109;-0.30500
6013887;-0.32000
6016665;-0.31500
6019443;-0.31000
6022221;-0.30500
6024998;-0.30500
6027776;-0.33000
6030554;-0.32500
6033332;-0.34500
6036109;-0.32500
6038887;-0.31500
6041665;-0.31500
6044443;-0.30500
6047221;-0.31000
6049998;-0.31000
6052776;-0.30000
6055554;-0.30500
6058332;-0.30500
6061109;-0.31500
6063887;-0.32000
6066665;-0.32500
6069443;-0.31500
6072221;-0.30500
6074998;-0.31500
6077776;-0.32500
6080554;-0.32500
6083332;-0.33000
6086109;-0.31500
6088887;-0.31500
6091665;-0.31000
6094443;-0.33000
6097221;-0.34000
6099998;-0.33500
6102776;-0.33000
6105554;-0.34500
6108332;-0.35500
6111109;-0.36500
6113887;-0.37000
6116665;-0.34500
6119443;-0.34000
6122221;-0.34000
6124998;-0.34500
6127776;-0.36000
6130554;-0.36500
6133332;-0.36000
6136109;-0.36000
6138887;-0.34500
6141665;-0.35500
6144443;-0.36500
6147221;-0.35000
6149998;-0.36000
6152776;-0.35000
6155554;-0.34000
6158332;-0.34500
6161109;-0.35500
6163887;-0.37000
6166665;-0.35000
6169443;-0.35000
6172220;-0.35000
6174998;-0.34500
6177776;-0.35000
6180554;-0.35500
6183332;-0.36000
6186109;-0.34500
6188887;-0.35500
6191665;-0.35000
6194443;-0.36000
6197220;-0.37000
6199998;-0.35500
6202776;-0.35500
6205554;-0.35000
6208332;-0.35500
6211109;-0.36000
6213887;-0.39000
6216665;-0.38500
6219443;-0.36000
6222220;-0.36000
6224998;-0.37000
6227776;-0.37000
6230554;-0.39000
6233332;-0.37500
6236109;-0.37000
6238887;-0.35000
6241665;-0.34000
6244443;-0.34500
6247220;-0.36000
6249998;-0.36000
6252776;-0.35000
6255554;-0.35000
6258332;-0.33500
6261109;-0.36000
6263887;-0.36500
6266665;-0.36500
6269443;-0.36000
6272220;-0.36000
6274998;-0.36500
6277776;-0.37500
6280554;-0.38500
6283332;-0.38500
6286109;-0.36500
6288887;-0.37000
6291665;-0.37500
6294443;-0.37000
6297220;-0.37500
6299998;-0.36500
6302776;-0.35500
6305554;-0.35500
6308332;-0.36000
6311109;-0.36500
6313887;-0.37000
6316665;-0.36000
6319443;-0.35000
6322220;-0.34000
6324998;-0.34500
6327776;-0.34000
6330554;-0.35000
6333332;-0.34500
6336109;-0.35000
6338887;-0.36000
6341665;-0.35000
6344443;-0.36000
6347220;-0.37000
6349998;-0.36000
6352776;-0.36000
6355554;-0.35500
6358332;-0.36000
6361109;-0.37500
6363887;-0.37500
6366665;-0.37000
6369443;-0.35000
6372220;-0.35500
6374998;-0.36000
6377776;-0.36500
6380554;-0.37500
6383332;-0.37000
6386109;-0.36500
6388887;-0.36000
6391665;-0.35500
6394443;-0.36000
6397220;-0.36000
6399998;-0.35000
6402776;-0.34000
6405554;-0.34500
6408332;-0.34500
6411109;-0.35500
6413887;-0.36000
6416665;-0.36000
6419443;-0.36500
6422220;-0.34500
6424998;-0.35500
6427776;-0.35000
6430554;-0.36000
6433332;-0.35500
6436109;-0.36000
6438887;-0.34500
6441665;-0.33500
6444443;-0.33000
6447220;-0.33000
6449998;-0.31000
6452776;-0.30500
6455554;-0.30000
6458332;-0.30500
6461109;-0.29500
6463887;-0.30500
6466665;-0.28500
6469443;-0.27500
6472220;-0.26500
6474998;-0.25500
6477776;-0.25500
6480554;-0.26000
6483332;-0.26500
6486109;-0.25500
6488887;-0.25500
6491665;-0.26000
6494443;-0.28000
6497220;-0.29000
6499998;-0.28000
6502776;-0.27000
6505554;-0.25500
6508332;-0.27500
6511109;-0.29000
6513887;-0.32000
6516665;-0.30000
6519443;-0.29500
6522220;-0.27000
6524998;-0.26500
6527776;-0.27000
6530554;-0.28500
6533332;-0.30000
6536109;-0.31000
6538887;-0.31500
6541665;-0.32000
6544443;-0.35000
6547220;-0.37000
6549998;-0.36500
6552776;-0.36500
6555554;-0.36500
6558331;-0.37000
6561109;-0.37000
6563887;-0.37000
6566665;-0.38000
6569443;-0.36000
6572220;-0.37500
6574998;-0.37500
6577776;-0.40000
6580554;-0.42000
6583331;-0.40500
6586109;-0.40000
6588887;-0.38500
6591665;-0.38000
6594443;-0.40000
6597220;-0.41500
6599998;-0.40500
6602776;-0.39500
6605554;-0.39500
6608331;-0.39500
6611109;-0.41000
6613887;-0.43000
6616665;-0.44000
6619443;-0.45500
6622220;-0.49000
6624998;-0.48500
6627776;-0.52000
6630554;-0.57000
6633331;-0.57500
6636109;-0.52500
6638887;-0.42000
6641665;-0.30500
6644443;-0.19000
6647220;-0.02000
6649998;0.22000
6652776;0.48500
6655554;0.71500
6658331;0.84500
6661109;0.88500
6663887;0.79000
6666665;0.56000
6669443;0.22500
6672220;-0.07000
6674998;-0.28500
6677776;-0.42500
6680554;-0.50000
6683331;-0.55000
6686109;-0.53500
6688887;-0.50000
6691665;-0.46500
6694443;-0.45000
6697220;-0.45000
6699998;-0.43500
6702776;-0.42000
6705554;-0.41000
6708331;-0.41000
6711109;-0.41500
6713887;-0.42000
6716665;-0.42500
6719443;-0.42000
6722220;-0.43000
6724998;-0.43000
6727776;-0.44000
6730554;-0.45000
6733331;-0.45000
6736109;-0.43000
6738887;-0.43000
6741665;-0.43000
6744443;-0.44500
6747220;-0.44500
6749998;-0.44000
6752776;-0.42500
6755554;-0.43000
6758331;-0.43000
6761109;-0.42500
6763887;-0.44500
6766665;-0.44500
6769443;-0.43000
6772220;-0.43500
6774998;-0.43500
6777776;-0.44500
6780554;-0.44500
6783331;-0.43500
6786109;-0.43000
6788887;-0.42500
6791665;-0.43000
6794443;-0.43000
6797220;-0.44000
6799998;-0.42000
6802776;-0.43000
6805554;-0.42500
6808331;-0.43000
6811109;-0.44000
6813887;-0.44000
6816665;-0.43000
6819443;-0.43000
6822220;-0.41500
6824998;-0.42500
6827776;-0.43000
6830554;-0.45500
6833331;-0.44500
6836109;-0.44500
6838887;-0.43000
6841665;-0.43000
6844443;-0.44000
6847220;-0.44000
6849998;-0.43500
6852776;-0.43000
6855554;-0.41500
6858331;-0.41500
6861109;-0.42500
6863887;-0.42500
6866665;-0.42000
6869443;-0.40500
6872220;-0.40500
6874998;-0.41500
6877776;-0.41500
6880554;-0.42500
6883331;-0.43000
6886109;-0.40500
6888887;-0.40500
6891665;-0.40500
6894443;-0.40500
6897220;-0.43000
6899998;-0.41500
6902776;-0.41000
6905554;-0.41500
6908331;-0.43000
6911109;-0.44500
6913887;-0.46500
6916665;-0.46000
6919443;-0.45000
6922220;-0.45500
6924998;-0.46000
6927776;-0.46500
6930554;-0.48500
6933331;-0.49500
6936109;-0.47500
6938887;-0.49000
6941665;-0.50000
6944442;-0.49500
6947220;-0.51500
6949998;-0.50000
6952776;-0.48500
6955554;-0.49000
6958331;-0.48500
6961109;-0.50000
6963887;-0.50000
6966665;-0.49000
6969442;-0.48000
6972220;-0.46000
6974998;-0.46000
6977776;-0.47000
6980554;-0.46500
6983331;-0.44000
6986109;-0.43000
6988887;-0.42500
6991665;-0.41000
6994442;-0.41000
6997220;-0.40000
6999998;-0.39000
7002776;-0.38000
7005554;-0.35500
7008331;-0.35000
7011109;-0.35500
7013887;-0.35000
7016665;-0.34000
7019442;-0.33000
7022220;-0.32500
7024998;-0.30500
7027776;-0.32000
7030554;-0.31500
7033331;-0.30500
7036109;-0.30000
7038887;-0.30500
7041665;-0.30500
7044442;-0.31000
7047220;-0.33000
7049998;-0.31000
7052776;-0.31500
7055554;-0.31500
7058331;-0.32000
7061109;-0.32500
7063887;-0.32500
7066665;-0.32500
7069442;-0.31000
7072220;-0.31000
7074998;-0.31500
7077776;-0.32500
7080554;-0.33000
7083331;-0.32500
7086109;-0.32500
7088887;-0.31500
7091665;-0.32000
7094442;-0.33000
7097220;-0.33500
7099998;-0.33000
7102776;-0.31500
7105554;-0.32000
7108331;-0.32000
7111109;-0.33500
7113887;-0.33500
7116665;-0.32500
7119442;-0.32500
7122220;-0.32000
7124998;-0.32000
7127776;-0.32500
7130554;-0.35000
7133331;-0.34500
7136109;-0.34500
7138887;-0.33500
7141665;-0.34500
7144442;-0.35500
7147220;-0.35500
7149998;-0.35500
7152776;-0.34500
7155554;-0.33500
7158331;-0.33500
7161109;-0.34500
7163887;-0.35500
7166665;-0.34000
7169442;-0.33500
7172220;-0.33000
7174998;-0.33500
7177776;-0.34500
7180554;-0.35000
7183331;-0.35000
7186109;-0.34000
7188887;-0.33500
7191665;-0.33000
7194442;-0.36000
7197220;-0.35500
7199998;-0.34500
7202776;-0.33500
7205554;-0.34500
7208331;-0.35000
7211109;-0.36000
7213887;-0.38000
7216665;-0.37000
7219442;-0.34500
7222220;-0.34500
7224998;-0.35000
7227776;-0.35500
7230554;-0.36500
7233331;-0.36000
7236109;-0.34500
7238887;-0.34500
7241665;-0.35000
7244442;-0.36000
7247220;-0.36000
7249998;-0.35000
7252776;-0.35500
7255554;-0.34000
7258331;-0.34500
7261109;-0.35500
7263887;-0.35500
7266665;-0.35500
7269442;-0.34000
7272220;-0.34000
7274998;-0.34500
7277776;-0.36500
7280554;-0.37000
7283331;-0.35000
7286109;-0.33000
7288887;-0.32000
7291665;-0.31500
7294442;-0.29500
7297220;-0.30500
7299998;-0.29500
7302776;-0.30000
7305554;-0.28500
7308331;-0.27500
7311109;-0.26000
7313887;-0.27500
7316665;-0.26500
7319442;-0.26000
7322220;-0.25000
7324998;-0.24500
7327776;-0.25500
7330554;-0.26500
7333331;-0.26000
7336109;-0.26000
7338887;-0.25000
7341665;-0.26000
7344442;-0.28000
7347220;-0.28000
7349998;-0.27500
7352776;-0.28500
7355553;-0.28000
7358331;-0.25500
7361109;-0.24500
7363887;-0.24500
7366665;-0.26000
7369442;-0.28500
7372220;-0.29000
7374998;-0.30000
7377776;-0.32000
7380553;-0.33500
7383331;-0.35500
7386109;-0.35000
7388887;-0.35500
7391665;-0.35500
7394442;-0.37500
7397220;-0.38500
7399998;-0.38000
7402776;-0.36000
7405553;-0.35000
7408331;-0.36000
7411109;-0.36500
7413887;-0.37000
7416665;-0.37000
7419442;-0.36500
7422220;-0.36000
7424998;-0.36500
7427776;-0.37000
7430553;-0.38500
7433331;-0.38500
7436109;-0.36500
7438887;-0.36000
7441665;-0.38000
7444442;-0.38500
7447220;-0.39500
7449998;-0.39500
7452776;-0.38500
7455553;-0.38000
7458331;-0.39500
7461109;-0.42500
7463887;-0.46500
7466665;-0.50000
7469442;-0.51500
7472220;-0.53000
7474998;-0.56000
7477776;-0.58500
7480553;-0.53000
7483331;-0.41000
7486109;-0.25500
7488887;-0.10500
7491665;0.10500
7494442;0.35500
7497220;0.60000
7499998;0.81000
7502776;0.89000
7505553;0.83000
7508331;0.58000
7511109;0.18500
7513887;-0.20500
7516665;-0.45000
7519442;-0.52500
7522220;-0.49500
7524998;-0.46500
7527776;-0.43500
7530553;-0.41500
7533331;-0.41500
7536109;-0.41500
7538887;-0.40000
7541665;-0.39500
7544442;-0.40500
7547220;-0.42500
7549998;-0.43500
7552776;-0.41500
7555553;-0.41500
7558331;-0.41500
7561109;-0.41500
7563887;-0.43000
7566665;-0.42000
7569442;-0.41000
7572220;-0.40500
7574998;-0.42000
7577776;-0.41000
7580553;-0.42000
7583331;-0.40000
7586109;-0.39500
7588887;-0.38500
7591665;-0.40000
7594442;-0.40000
7597220;-0.40000
7599998;-0.40000
7602776;-0.39500
7605553;-0.40000
7608331;-0.40000
7611109;-0.40000
7613887;-0.41000
7616665;-0.39500
7619442;-0.41000
7622220;-0.40000
7624998;-0.39500
7627776;-0.40500
7630553;-0.41000
7633331;-0.41500
7636109;-0.40500
7638887;-0.40000
7641665;-0.39500
7644442;-0.40500
7647220;-0.41500
7649998;-0.40500
7652776;-0.41500
7655553;-0.41000
7658331;-0.40500
7661109;-0.40500
7663887;-0.41000
7666665;-0.40500
7669442;-0.40000
7672220;-0.39500
7674998;-0.40500
7677776;-0.40500
7680553;-0.40000
7683331;-0.39500
7686109;-0.39000
7688887;-0.39500
7691665;-0.39000
7694442;-0.39500
7697220;-0.42000
7699998;-0.41500
7702776;-0.40500
7705553;-0.40000
7708331;-0.40000
7711109;-0.41500
7713887;-0.42000
7716665;-0.41000
7719442;-0.39500
7722220;-0.40000
7724998;-0.40500
7727776;-0.41500
7730553;-0.43500
7733331;-0.41500
7736109;-0.41500
7738887;-0.40000
7741664;-0.40500
7744442;-0.42000
7747220;-0.43000
7749998;-0.42500
7752776;-0.41000
7755553;-0.41000
7758331;-0.40500
7761109;-0.41500
7763887;-0.42500
7766664;-0.42500
7769442;-0.42000
7772220;-0.41000
7774998;-0.41000
7777776;-0.42000
7780553;-0.43000
7783331;-0.42500
7786109;-0.42000
7788887;-0.40500
7791664;-0.41500
7794442;-0.41000
7797220;-0.41000
7799998;-0.38500
7802776;-0.37000
7805553;-0.36000
7808331;-0.35000
7811109;-0.35000
7813887;-0.35000
7816664;-0.33500
7819442;-0.32000
7822220;-0.30500
7824998;-0.31500
7827776;-0.31500
7830553;-0.32000
7833331;-0.30500
7836109;-0.30500
7838887;-0.29500
7841664;-0.29000
7844442;-0.29500
7847220;-0.29500
7849998;-0.28500
7852776;-0.28500
7855553;-0.27000
7858331;-0.28000
7861109;-0.28000
7863887;-0.29500
7866664;-0.28000
7869442;-0.28500
7872220;-0.27500
7874998;-0.28500
7877776;-0.29500
7880553;-0.30500
7883331;-0.29500
7886109;-0.28500
7888887;-0.28500
7891664;-0.29000
7894442;-0.30000
7897220;-0.31000
7899998;-0.29500
7902776;-0.30000
7905553;-0.29000
7908331;-0.28500
7911109;-0.30500
7913887;-0.31000
7916664;-0.30000
7919442;-0.29500
7922220;-0.30500
7924998;-0.30000
7927776;-0.30500
7930553;-0.32000
7933331;-0.32000
7936109;-0.31000
7938887;-0.30000
7941664;-0.31000
7944442;-0.32000
7947220;-0.34000
7949998;-0.33000
7952776;-0.31000
7955553;-0.31500
7958331;-0.32500
7961109;-0.32500
7963887;-0.34500
7966664;-0.33000
7969442;-0.32000
7972220;-0.32000
7974998;-0.33500
7977776;-0.33500
7980553;-0.35500
7983331;-0.34000
7986109;-0.32000
7988887;-0.31500
7991664;-0.33000
7994442;-0.34000
7997220;-0.34000
7999998;-0.35000
8002776;-0.33000
8005553;-0.33000
8008331;-0.34000
8011109;-0.35000
8013887;-0.35500
8016664;-0.34500
8019442;-0.33500
8022220;-0.33500
8024998;-0.34000
8027776;-0.34000
8030553;-0.34500
8033331;-0.33500
8036109;-0.33500
8038887;-0.32500
8041664;-0.32500
8044442;-0.33500
8047220;-0.34000
8049998;-0.34000
8052776;-0.32000
8055553;-0.31500
8058331;-0.32000
8061109;-0.33500
8063887;-0.33500
8066664;-0.32000
8069442;-0.32500
8072220;-0.31500
8074998;-0.32000
8077776;-0.32000
8080553;-0.34500
8083331;-0.33500
8086109;-0.32000
8088887;-0.31000
8091664;-0.32000
8094442;-0.32000
8097220;-0.34000
8099998;-0.33000
8102776;-0.32000
8105553;-0.31000
8108331;-0.31000
8111109;-0.31000
8113887;-0.29500
8116664;-0.28000
8119442;-0.25500
8122220;-0.25000
8124998;-0.25000
8127776;-0.25500
8130553;-0.26000
8133331;-0.24000
8136109;-0.22000
8138887;-0.23000
8141664;-0.23000
8144442;-0.21500
8147220;-0.22000
8149998;-0.22500
8152775;-0.23000
8155553;-0.23000
8158331;-0.23500
8161109;-0.24500
8163887;-0.25500
8166664;-0.24000
8169442;-0.23500
8172220;-0.24500
8174998;-0.23500
8177775;-0.23000
8180553;-0.22000
8183331;-0.19500
8186109;-0.22000
8188887;-0.24500
8191664;-0.26000
8194442;-0.27000
8197220;-0.29000
8199998;-0.30000
8202775;-0.30500
8205553;-0.30500
8208331;-0.32000
8211109;-0.33000
8213887;-0.35000
8216664;-0.35000
8219442;-0.33500
8222220;-0.33500
8224998;-0.33500
8227775;-0.34000
8230553;-0.35000
8233331;-0.35000
8236109;-0.34500
8238887;-0.33500
8241664;-0.34500
8244442;-0.35500
8247220;-0.37000
8249998;-0.35000
8252775;-0.34500
8255553;-0.33500
8258331;-0.33500
8261109;-0.33500
8263887;-0.35500
8266664;-0.35500
8269442;-0.34500
8272220;-0.35500
8274998;-0.39500
8277775;-0.45000
8280553;-0.48000
8283331;-0.50500
8286109;-0.52500
8288887;-0.54500
8291664;-0.50000
8294442;-0.39500
8297220;-0.25500
8299998;-0.07000
8302775;0.14500
8305553;0.42500
8308331;0.68500
8311109;0.87500
8313887;0.92500
8316664;0.79500
8319442;0.47000
8322220;0.02000
8324998;-0.32500
8327775;-0.47000
8330553;-0.48500
8333331;-0.41000
8336109;-0.36500
8338887;-0.35500
8341664;-0.36500
8344442;-0.38000
8347220;-0.38500
8349998;-0.38000
8352775;-0.37000
8355553;-0.37000
8358331;-0.37500
8361109;-0.38500
8363887;-0.39500
8366664;-0.38500
8369442;-0.38000
8372220;-0.38500
8374998;-0.37500
8377775;-0.39000
8380553;-0.40500
8383331;-0.40500
8386109;-0.39000
8388887;-0.38500
8391664;-0.38500
8394442;-0.39000
8397220;-0.41000
8399998;-0.40000
8402775;-0.39000
8405553;-0.38500
8408331;-0.38500
8411109;-0.39500
8413887;-0.39000
8416664;-0.39500
8419442;-0.38000
8422220;-0.37500
8424998;-0.38000
8427775;-0.38500
8430553;-0.40000
8433331;-0.38500
8436109;-0.38000
8438887;-0.37500
8441664;-0.38000
8444442;-0.39500
8447220;-0.39500
8449998;-0.38500
8452775;-0.37500
8455553;-0.37000
8458331;-0.36500
8461109;-0.38500
8463887;-0.39500
8466664;-0.38500
8469442;-0.38500
8472220;-0.37000
8474998;-0.37500
8477775;-0.37000
8480553;-0.37500
8483331;-0.37500
8486109;-0.37000
8488887;-0.35500
8491664;-0.36500
8494442;-0.38000
8497220;-0.37500
8499998;-0.37000
8502775;-0.38000
8505553;-0.36500
8508331;-0.37000
8511109;-0.37500
8513887;-0.39000
8516664;-0.38000
8519442;-0.37500
8522220;-0.38000
8524998;-0.37000
8527775;-0.37500
8530553;-0.38000
8533331;-0.38500
8536109;-0.38500
8538886;-0.37000
8541664;-0.37500
8544442;-0.37500
8547220;-0.38000
8549998;-0.38000
8552775;-0.38000
8555553;-0.38000
8558331;-0.37500
8561109;-0.39000
8563886;-0.39500
8566664;-0.38500
8569442;-0.38500
8572220;-0.37500
8574998;-0.37500
8577775;-0.38500
8580553;-0.38500
8583331;-0.39000
8586109;-0.37000
8588886;-0.36500
8591664;-0.36500
8594442;-0.37500
8597220;-0.38500
8599998;-0.35000
8602775;-0.34500
8605553;-0.32500
8608331;-0.32500
8611109;-0.33000
8613886;-0.32500
8616664;-0.32500
8619442;-0.31500
8622220;-0.31500
8624998;-0.31500
8627775;-0.30000
8630553;-0.30000
8633331;-0.28500
8636109;-0.27000
8638886;-0.26500
8641664;-0.26000
8644442;-0.27500
8647220;-0.28500
8649998;-0.26500
8652775;-0.25500
8655553;-0.25000
8658331;-0.27000
8661109;-0.28000
8663886;-0.28500
8666664;-0.28500
8669442;-0.28000
8672220;-0.27000
8674998;-0.27000
8677775;-0.27000
8680553;-0.28500
8683331;-0.28000
8686109;-0.27500
8688886;-0.27000
8691664;-0.26500
8694442;-0.27500
8697220;-0.29000
8699998;-0.28500
8702775;-0.28500
8705553;-0.27500
8708331;-0.27000
8711109;-0.28000
8713886;-0.29500
8716664;-0.28000
8719442;-0.27000
8722220;-0.27000
8724998;-0.27500
8727775;-0.28500
8730553;-0.30000
8733331;-0.29500
8736109;-0.29000
8738886;-0.29500
8741664;-0.30000
8744442;-0.29000
8747220;-0.30500
8749998;-0.29500
8752775;-0.29000
8755553;-0.29500
8758331;-0.29000
8761109;-0.31000
8763886;-0.32000
8766664;-0.31500
8769442;-0.31500
8772220;-0.30000
8774998;-0.30500
8777775;-0.31500
8780553;-0.33000
8783331;-0.32000
8786109;-0.30500
8788886;-0.31500
8791664;-0.30500
8794442;-0.31500
8797220;-0.32500
8799998;-0.31000
8802775;-0.29500
8805553;-0.30000
8808331;-0.30500
8811109;-0.31000
8813886;-0.32500
8816664;-0.31500
8819442;-0.31500
8822220;-0.30500
8824998;-0.30500
8827775;-0.32500
8830553;-0.32000
8833331;-0.32000
8836109;-0.31000
8838886;-0.30500
8841664;-0.32000
8844442;-0.32000
8847220;-0.32000
8849998;-0.31000
8852775;-0.30500
8855553;-0.29000
8858331;-0.28500
8861109;-0.29000
8863886;-0.30500
8866664;-0.31000
8869442;-0.30000
8872220;-0.30000
8874998;-0.31000
8877775;-0.31500
8880553;-0.31500
8883331;-0.31000
8886109;-0.29500
8888886;-0.30000
8891664;-0.29500
8894442;-0.31500
8897220;-0.31000
8899998;-0.29000
8902775;-0.26500
8905553;-0.24000
8908331;-0.25500
8911109;-0.24000
8913886;-0.25000
8916664;-0.22500
8919442;-0.22500
8922220;-0.21500
8924998;-0.21000
8927775;-0.20000
8930553;-0.19500
8933331;-0.19500
8936109;-0.18000
8938886;-0.17500
8941664;-0.18000
8944442;-0.20500
8947220;-0.21500
8949997;-0.21000
8952775;-0.21000
8955553;-0.21000
8958331;-0.21000
8961109;-0.21500
8963886;-0.22500
8966664;-0.21000
8969442;-0.18000
8972220;-0.17000
8974997;-0.18500
8977775;-0.24000
8980553;-0.25500
8983331;-0.25500
8986109;-0.27000
8988886;-0.27500
8991664;-0.28500
8994442;-0.30000
8997220;-0.30000
8999997;-0.31500
9002775;-0.30500
9005553;-0.30000
9008331;-0.29500
9011109;-0.30000
9013886;-0.31500
9016664;-0.31000
9019442;-0.31000
9022220;-0.30000
9024997;-0.30000
9027775;-0.30500
9030553;-0.31500
9033331;-0.32500
9036109;-0.32000
9038886;-0.32000
9041664;-0.32000
9044442;-0.32500
9047220;-0.34000
9049997;-0.33500
9052775;-0.32500
9055553;-0.31500
9058331;-0.32000
9061109;-0.34500
9063886;-0.37000
9066664;-0.39500
9069442;-0.42500
9072220;-0.44500
9074997;-0.46500
9077775;-0.51000
9080553;-0.53000
9083331;-0.48500
9086109;-0.37000
9088886;-0.23500
9091664;-0.09000
9094442;0.10500
9097220;0.37500
9099997;0.65500
9102775;0.82000
9105553;0.86500
9108331;0.73500
9111109;0.45000
9113886;0.06000
9116664;-0.27000
9119442;-0.43000
9122220;-0.46000
9124997;-0.41500
9127775;-0.38500
9130553;-0.36500
9133331;-0.35500
9136109;-0.35500
9138886;-0.34500
9141664;-0.35000
9144442;-0.35000
9147220;-0.36000
9149997;-0.34500
9152775;-0.34000
9155553;-0.34000
9158331;-0.33500
9161109;-0.33500
9163886;-0.35500
9166664;-0.34500
9169442;-0.34000
9172220;-0.33500
9174997;-0.34000
9177775;-0.35000
9180553;-0.36500
9183331;-0.36000
9186109;-0.36500
9188886;-0.35000
9191664;-0.34500
9194442;-0.36500
9197220;-0.36000
9199997;-0.35000
9202775;-0.35500
9205553;-0.35000
9208331;-0.35500
9211109;-0.35000
9213886;-0.36000
9216664;-0.33500
9219442;-0.33500
9222220;-0.33000
9224997;-0.34000
9227775;-0.35000
9230553;-0.35000
9233331;-0.34500
9236109;-0.33500
9238886;-0.34500
9241664;-0.35500
9244442;-0.35500
9247220;-0.37000
9249997;-0.35500
9252775;-0.35000
9255553;-0.34500
9258331;-0.36500
9261109;-0.36500
9263886;-0.37000
9266664;-0.36500
9269442;-0.35500
9272220;-0.34500
9274997;-0.34500
9277775;-0.34500
9280553;-0.34000
9283331;-0.33500
9286109;-0.32500
9288886;-0.33500
9291664;-0.34500
9294442;-0.35000
9297220;-0.35000
9299997;-0.35500
9302775;-0.35500
9305553;-0.36000
9308331;-0.35000
9311109;-0.36000
9313886;-0.36500
9316664;-0.34500
9319442;-0.34500
9322220;-0.33000
9324997;-0.35000
9327775;-0.34500
9330553;-0.35500
9333331;-0.35000
9336108;-0.34000
9338886;-0.33500
9341664;-0.35000
9344442;-0.36500
9347220;-0.38000
9349997;-0.38500
9352775;-0.35500
9355553;-0.36000
9358331;-0.35500
9361108;-0.37000
9363886;-0.38500
9366664;-0.37000
9369442;-0.37000
9372220;-0.35000
9374997;-0.34500
9377775;-0.36500
9380553;-0.36500
9383331;-0.36000
9386108;-0.34500
9388886;-0.33000
9391664;-0.33000
9394442;-0.33000
9397220;-0.33500
9399997;-0.31500
9402775;-0.31000
9405553;-0.28500
9408331;-0.29000
9411108;-0.29000
9413886;-0.30000
9416664;-0.28000
9419442;-0.27500
9422220;-0.26000
9424997;-0.26000
9427775;-0.27000
9430553;-0.26500
9433331;-0.25500
9436108;-0.25000
9438886;-0.24500
9441664;-0.24500
9444442;-0.25500
9447220;-0.26500
9449997;-0.26000
9452775;-0.25500
9455553;-0.24000
9458331;-0.25000
9461108;-0.25500
9463886;-0.27500
9466664;-0.27500
9469442;-0.26500
9472220;-0.27000
9474997;-0.27500
9477775;-0.28000
9480553;-0.29000
9483331;-0.28000
9486108;-0.27500
9488886;-0.27000
9491664;-0.27000
9494442;-0.28000
9497220;-0.29000
9499997;-0.28000
9502775;-0.28500
9505553;-0.27500
9508331;-0.29000
9511108;-0.28000
9513886;-0.29000
9516664;-0.28000
9519442;-0.28500
9522220;-0.27500
9524997;-0.28000
9527775;-0.29500
9530553;-0.30500
9533331;-0.30000
9536108;-0.30000
9538886;-0.30500
9541664;-0.31500
9544442;-0.32000
9547220;-0.31000
9549997;-0.31000
9552775;-0.30000
9555553;-0.31000
9558331;-0.31000
9561108;-0.32000
9563886;-0.32500
9566664;-0.31000
9569442;-0.32000
9572220;-0.31000
9574997;-0.31000
9577775;-0.31500
9580553;-0.32500
9583331;-0.31500
9586108;-0.30500
9588886;-0.31500
9591664;-0.31000
9594442;-0.32000
9597220;-0.32500
9599997;-0.32500
9602775;-0.32000
9605553;-0.30500
9608331;-0.30500
9611108;-0.30000
9613886;-0.31500
9616664;-0.30000
9619442;-0.31000
9622220;-0.31500
9624997;-0.30500
9627775;-0.31000
9630553;-0.32000
9633331;-0.31000
9636108;-0.30000
9638886;-0.29500
9641664;-0.30000
9644442;-0.31500
9647220;-0.32500
9649997;-0.32500
9652775;-0.30500
9655553;-0.31000
9658331;-0.29000
9661108;-0.31500
9663886;-0.32500
9666664;-0.32000
9669442;-0.29000
9672220;-0.28000
9674997;-0.26000
9677775;-0.26000
9680553;-0.26500
9683331;-0.26000
9686108;-0.25000
9688886;-0.23000
9691664;-0.22000
9694442;-0.22000
9697220;-0.23500
9699997;-0.22000
9702775;-0.20500
9705553;-0.20500
9708331;-0.21000
9711108;-0.21000
9713886;-0.23000
9716664;-0.24000
9719442;-0.23000
9722220;-0.22500
9724997;-0.23500
9727775;-0.25000
9730553;-0.26500
9733331;-0.26000
9736108;-0.24500
9738886;-0.21500
9741664;-0.21500
9744442;-0.24500
9747219;-0.28000
9749997;-0.27500
9752775;-0.27500
9755553;-0.29500
9758331;-0.31000
9761108;-0.32500
9763886;-0.34000
9766664;-0.34000
9769442;-0.32500
9772219;-0.31500
9774997;-0.31000
9777775;-0.31500
9780553;-0.33000
9783331;-0.33000
9786108;-0.32500
9788886;-0.32500
9791664;-0.33500
9794442;-0.34500
9797219;-0.35000
9799997;-0.35000
9802775;-0.35000
9805553;-0.34500
9808331;-0.35000
9811108;-0.36500
9813886;-0.36000
9816664;-0.35000
9819442;-0.35500
9822219;-0.34500
9824997;-0.34500
9827775;-0.35000
9830553;-0.36500
9833331;-0.38000
9836108;-0.40500
9838886;-0.42500
9841664;-0.44000
9844442;-0.47000
9847219;-0.52000
9849997;-0.54000
9852775;-0.49000
9855553;-0.39000
9858331;-0.26000
9861108;-0.11500
9863886;0.08500
9866664;0.36000
9869442;0.61500
9872219;0.78000
9874997;0.83500
9877775;0.72000
9880553;0.41000
9883331;0.03000
9886108;-0.25500
9888886;-0.41500
9891664;-0.47000
9894442;-0.46500
9897219;-0.43500
9899997;-0.39500
9902775;-0.37500
9905553;-0.37000
9908331;-0.37500
9911108;-0.37500
9913886;-0.39000
9916664;-0.40000
9919442;-0.38000
9922219;-0.38500
9924997;-0.38500
9927775;-0.38500
9930553;-0.38500
9933331;-0.37000
9936108;-0.37000
9938886;-0.36000
9941664;-0.38000
9944442;-0.38000
9947219;-0.38500
9949997;-0.37000
9952775;-0.37000
9955553;-0.36500
9958331;-0.37500
9961108;-0.38500
9963886;-0.39000
9966664;-0.39000
9969442;-0.38500
9972219;-0.38500
9974997;-0.39500
9977775;-0.39000
9980553;-0.40000
9983331;-0.40500
9986108;-0.39000
9988886;-0.39500
9991664;-0.39000
9994442;-0.40500
9997219;-0.40500
9999997;-0.40000
10002775;-0.37500
10005553;-0.38000
10008331;-0.39000
10011108;-0.39500
10013886;-0.39500
10016664;-0.39000
10019442;-0.39000
10022219;-0.38500
10024997;-0.40500
10027775;-0.40000
10030553;-0.40500
10033331;-0.39500
10036108;-0.39000
10038886;-0.39500
10041664;-0.39000
10044442;-0.40000
10047219;-0.40500
10049997;-0.40500
10052775;-0.39000
10055553;-0.39000
10058331;-0.39500
10061108;-0.40000
10063886;-0.40000
10066664;-0.39500
10069442;-0.38000
10072219;-0.37000
10074997;-0.38000
10077775;-0.38500
10080553;-0.39500
10083331;-0.39000
10086108;-0.38000
10088886;-0.38000
10091664;-0.38500
10094442;-0.39000
10097219;-0.39000
10099997;-0.40000
10102775;-0.40000
10105553;-0.40500
10108331;-0.41500
10111108;-0.42000
10113886;-0.43000
10116664;-0.43000
10119442;-0.42500
10122219;-0.42000
10124997;-0.43000
10127775;-0.44500
10130553;-0.46500
10133330;-0.45500
10136108;-0.44000
10138886;-0.42500
10141664;-0.43500
10144442;-0.45000
10147219;-0.44000
10149997;-0.44500
10152775;-0.42500
10155553;-0.42500
10158330;-0.42500
10161108;-0.43000
10163886;-0.43000
10166664;-0.41500
10169442;-0.41500
10172219;-0.38500
10174997;-0.37500
10177775;-0.38500
10180553;-0.37000
10183330;-0.36000
10186108;-0.35000
10188886;-0.33500
10191664;-0.33500
10194442;-0.32500
10197219;-0.32000
10199997;-0.32500
10202775;-0.30500
10205553;-0.29500
10208330;-0.30000
10211108;-0.29000
10213886;-0.29500
10216664;-0.29000
10219442;-0.29000
10222219;-0.28500
10224997;-0.28500
10227775;-0.28500
10230553;-0.29000
10233330;-0.29000
10236108;-0.28500
10238886;-0.27000
10241664;-0.27000
10244442;-0.28000
10247219;-0.29000
10249997;-0.28500
10252775;-0.27500
10255553;-0.27500
10258330;-0.27500
10261108;-0.29000
10263886;-0.30500
10266664;-0.30500
10269442;-0.30000
10272219;-0.28000
10274997;-0.29000
10277775;-0.30500
10280553;-0.31500
10283330;-0.31000
10286108;-0.29500
10288886;-0.29000
10291664;-0.30000
10294442;-0.30500
10297219;-0.30500
10299997;-0.31000
10302775;-0.30000
10305553;-0.29500
10308330;-0.30500
10311108;-0.30500
10313886;-0.31500
10316664;-0.31000
10319442;-0.31000
10322219;-0.29500
10324997;-0.30000
10327775;-0.30500
10330553;-0.31000
10333330;-0.30500
10336108;-0.30500
10338886;-0.29500
10341664;-0.30000
10344442;-0.31500
10347219;-0.32500
10349997;-0.32000
10352775;-0.32000
10355553;-0.31500
10358330;-0.31000
10361108;-0.32500
10363886;-0.33500
10366664;-0.33000
10369442;-0.32000
10372219;-0.32000
10374997;-0.31000
10377775;-0.33000
10380553;-0.33000
10383330;-0.32500
10386108;-0.31000
10388886;-0.30500
10391664;-0.30500
10394442;-0.32000
10397219;-0.33000
10399997;-0.32500
10402775;-0.30000
10405553;-0.31000
10408330;-0.30500
10411108;-0.31500
10413886;-0.33000
10416664;-0.33000
10419442;-0.33000
10422219;-0.32000
10424997;-0.32500
10427775;-0.32500
10430553;-0.33500
10433330;-0.32500
10436108;-0.31500
10438886;-0.31000
10441664;-0.31500
10444442;-0.32000
10447219;-0.32500
10449997;-0.31500
10452775;-0.31000
10455553;-0.30500
10458330;-0.31000
10461108;-0.31500
10463886;-0.32000
10466664;-0.31500
10469442;-0.31000
10472219;-0.29500
10474997;-0.29500
10477775;-0.30500
10480553;-0.31000
10483330;-0.30000
10486108;-0.28000
10488886;-0.27500
10491664;-0.26500
10494442;-0.27500
10497219;-0.27500
10499997;-0.26000
10502775;-0.24000
10505553;-0.24000
10508330;-0.23500
10511108;-0.24000
10513886;-0.23500
10516664;-0.22500
10519441;-0.21500
10522219;-0.20500
10524997;-0.20500
10527775;-0.21000
10530553;-0.21500
10533330;-0.22000
10536108;-0.22000
10538886;-0.21500
10541664;-0.22000
10544441;-0.22000
10547219;-0.23000
10549997;-0.23000
10552775;-0.24000
10555553;-0.21000
10558330;-0.22000
10561108;-0.23000
10563886;-0.25500
10566664;-0.23500
10569441;-0.21000
10572219;-0.19000
10574997;-0.20500
10577775;-0.22500
10580553;-0.26000
10583330;-0.27500
10586108;-0.28000
10588886;-0.28500
10591664;-0.30500
10594441;-0.32000
10597219;-0.31500
10599997;-0.33500
10602775;-0.32500
10605553;-0.33500
10608330;-0.32000
10611108;-0.32500
10613886;-0.32000
10616664;-0.32500
10619441;-0.32500
10622219;-0.31000
10624997;-0.30500
10627775;-0.32000
10630553;-0.32000
10633330;-0.33000
10636108;-0.32000
10638886;-0.32000
10641664;-0.33000
10644441;-0.33000
10647219;-0.36000
10649997;-0.35500
10652775;-0.33000
10655553;-0.32500
10658330;-0.32500
10661108;-0.33500
10663886;-0.35000
10666664;-0.34000
10669441;-0.34500
10672219;-0.35500
10674997;-0.38500
10677775;-0.42500
10680553;-0.45000
10683330;-0.47000
10686108;-0.48500
10688886;-0.51000
10691664;-0.51500
10694441;-0.45500
10697219;-0.32500
10699997;-0.16500
10702775;0.01000
10705553;0.25000
10708330;0.51500
10711108;0.74000
10713886;0.88500
10716664;0.93500
10719441;0.83500
10722219;0.52500
10724997;0.12000
10727775;-0.23000
10730553;-0.42500
10733330;-0.45500
10736108;-0.42000
10738886;-0.38000
10741664;-0.36000
10744441;-0.36500
10747219;-0.37500
10749997;-0.38000
10752775;-0.35500
10755553;-0.35500
10758330;-0.37000
10761108;-0.37500
10763886;-0.38500
10766664;-0.38000
10769441;-0.36500
10772219;-0.37000
10774997;-0.37000
10777775;-0.36500
10780553;-0.38000
10783330;-0.37000
10786108;-0.37500
10788886;-0.36500
10791664;-0.37000
10794441;-0.38000
10797219;-0.37500
10799997;-0.36500
10802775;-0.36000
10805553;-0.36000
10808330;-0.35500
10811108;-0.35500
10813886;-0.37000
10816664;-0.36500
10819441;-0.35500
10822219;-0.35000
10824997;-0.35000
10827775;-0.35000
10830553;-0.36000
10833330;-0.36000
10836108;-0.36000
10838886;-0.35000
10841664;-0.35500
10844441;-0.36500
10847219;-0.37000
10849997;-0.36000
10852775;-0.35000
10855553;-0.35500
10858330;-0.35000
10861108;-0.35500
10863886;-0.37000
10866664;-0.37500
10869441;-0.36000
10872219;-0.35000
10874997;-0.34500
10877775;-0.35000
10880553;-0.37000
10883330;-0.37000
10886108;-0.35500
10888886;-0.35000
10891664;-0.34500
10894441;-0.36000
10897219;-0.37000
10899997;-0.36500
10902775;-0.36000
10905553;-0.35000
10908330;-0.35500
10911108;-0.36500
10913886;-0.36500
10916664;-0.37000
10919441;-0.36500
10922219;-0.35000
10924997;-0.35000
10927775;-0.36000
10930552;-0.36000
10933330;-0.35500
10936108;-0.34500
10938886;-0.35000
10941664;-0.34500
10944441;-0.35500
10947219;-0.37000
10949997;-0.36500
10952775;-0.35500
10955552;-0.36000
10958330;-0.36500
10961108;-0.36500
10963886;-0.38000
10966664;-0.38500
10969441;-0.37500
10972219;-0.37000
10974997;-0.37500
10977775;-0.38500
10980552;-0.39500
10983330;-0.37500
10986108;-0.38500
10988886;-0.38000
10991664;-0.37000
10994441;-0.38500
10997219;-0.38500
10999997;-0.38000
11002775;-0.37000
11005552;-0.36000
11008330;-0.35000
11011108;-0.33500
11013886;-0.33000
11016664;-0.31500
11019441;-0.29500
11022219;-0.29000
11024997;-0.29000
11027775;-0.28500
11030552;-0.29000
11033330;-0.28000
11036108;-0.28000
11038886;-0.26000
11041664;-0.25500
11044441;-0.27000
11047219;-0.27500
11049997;-0.26000
11052775;-0.25000
11055552;-0.24500
11058330;-0.25000
11061108;-0.26000
11063886;-0.26500
11066664;-0.24500
11069441;-0.23500
11072219;-0.24500
11074997;-0.24000
11077775;-0.25000
11080552;-0.26500
11083330;-0.25000
11086108;-0.25000
11088886;-0.25000
11091664;-0.25000
11094441;-0.25500
11097219;-0.26500
11099997;-0.26000
11102775;-0.24000
11105552;-0.25000
11108330;-0.24500
11111108;-0.25000
11113886;-0.27000
11116664;-0.26500
11119441;-0.27000
11122219;-0.26500
11124997;-0.26500
11127775;-0.27500
11130552;-0.28500
11133330;-0.27500
11136108;-0.26500
11138886;-0.27000
11141664;-0.27000
11144441;-0.28000
11147219;-0.28500
11149997;-0.28500
11152775;-0.28000
11155552;-0.28500
11158330;-0.28000
11161108;-0.28500
11163886;-0.30000
11166664;-0.29000
11169441;-0.28500
11172219;-0.27000
11174997;-0.28000
11177775;-0.29500
11180552;-0.29000
11183330;-0.29000
11186108;-0.29500
11188886;-0.29000
11191664;-0.28500
11194441;-0.30500
11197219;-0.31500
11199997;-0.31000
11202775;-0.31000
11205552;-0.29000
11208330;-0.29500
11211108;-0.31000
11213886;-0.32000
11216664;-0.31500
11219441;-0.31000
11222219;-0.30000
11224997;-0.30000
11227775;-0.31500
11230552;-0.32000
11233330;-0.31500
11236108;-0.32000
11238886;-0.29000
11241664;-0.30000
11244441;-0.30000
11247219;-0.31500
11249997;-0.31000
11252775;-0.30000
11255552;-0.30000
11258330;-0.29000
11261108;-0.31000
11263886;-0.32500
11266664;-0.31500
11269441;-0.30500
11272219;-0.30500
11274997;-0.30500
11277775;-0.31500
11280552;-0.32500
11283330;-0.32000
11286108;-0.31000
11288886;-0.30000
11291664;-0.29500
11294441;-0.31500
11297219;-0.32000
11299997;-0.30500
11302775;-0.30000
11305552;-0.29000
11308330;-0.29500
11311108;-0.29500
11313886;-0.31000
11316663;-0.29500
11319441;-0.29500
11322219;-0.28500
11324997;-0.29500
11327775;-0.29500
11330552;-0.31000
11333330;-0.30000
11336108;-0.28500
11338886;-0.28000
11341663;-0.27500
11344441;-0.28000
11347219;-0.26500
11349997;-0.24500
11352775;-0.23000
11355552;-0.24000
11358330;-0.24000
11361108;-0.24000
11363886;-0.24500
11366663;-0.22000
11369441;-0.22000
11372219;-0.21500
11374997;-0.20000
11377775;-0.20000
11380552;-0.21000
11383330;-0.20500
11386108;-0.19500
11388886;-0.20500
11391663;-0.21000
11394441;-0.21500
11397219;-0.22500
11399997;-0.22500
11402775;-0.20000
11405552;-0.20000
11408330;-0.21000
11411108;-0.22500
11413886;-0.22000
11416663;-0.19500
11419441;-0.18000
11422219;-0.17500
11424997;-0.20500
11427775;-0.24500
11430552;-0.26500
11433330;-0.27500
11436108;-0.28000
11438886;-0.28500
11441663;-0.30000
11444441;-0.31000
11447219;-0.32500
11449997;-0.32000
11452775;-0.32500
11455552;-0.31000
11458330;-0.32500
11461108;-0.33000
11463886;-0.34000
11466663;-0.33500
11469441;-0.33000
11472219;-0.32500
11474997;-0.32000
11477775;-0.34000
11480552;-0.34500
11483330;-0.34000
11486108;-0.33000
11488886;-0.33500
11491663;-0.33000
11494441;-0.34000
11497219;-0.34000
11499997;-0.33500
11502775;-0.33500
11505552;-0.33000
11508330;-0.33500
11511108;-0.34500
11513886;-0.37500
11516663;-0.39500
11519441;-0.43000
11522219;-0.44000
11524997;-0.45000
11527775;-0.45000
11530552;-0.47500
11533330;-0.48000
11536108;-0.51000
11538886;-0.55000
11541663;-0.57500
11544441;-0.54500
11547219;-0.49000
11549997;-0.37500
11552775;-0.25000
11555552;-0.12000
11558330;0.06000
11561108;0.28500
11563886;0.52500
11566663;0.74000
11569441;0.86000
11572219;0.89000
11574997;0.73000
11577775;0.42500
11580552;0.01500
11583330;-0.28500
11586108;-0.43500
11588886;-0.45000
11591663;-0.43500
11594441;-0.38500
11597219;-0.38000
11599997;-0.37000
11602775;-0.37000
11605552;-0.37000
11608330;-0.36000
11611108;-0.36000
11613886;-0.37000
11616663;-0.38500
11619441;-0.36500
11622219;-0.36000
11624997;-0.36500
11627775;-0.36500
11630552;-0.37500
11633330;-0.38500
11636108;-0.36000
11638886;-0.36500
11641663;-0.35500
11644441;-0.37500
11647219;-0.38000
11649997;-0.37500
11652775;-0.35500
11655552;-0.35500
11658330;-0.36000
11661108;-0.36500
11663886;-0.38000
11666663;-0.37000
11669441;-0.35500
11672219;-0.35000
11674997;-0.35500
11677775;-0.36500
11680552;-0.38000
11683330;-0.36500
11686108;-0.35500
11688886;-0.35500
11691663;-0.36500
11694441;-0.38500
11697219;-0.39000
11699997;-0.37500
11702775;-0.35500
11705552;-0.36500
11708330;-0.36000
11711108;-0.35500
11713886;-0.36500
11716663;-0.36500
11719441;-0.35500
11722219;-0.34500
11724997;-0.34500
11727774;-0.36500
11730552;-0.36000
11733330;-0.37500
11736108;-0.35500
11738886;-0.36000
11741663;-0.36500
11744441;-0.36500
11747219;-0.37000
11749997;-0.36000
11752774;-0.35500
11755552;-0.36000
11758330;-0.36500
11761108;-0.38500
11763886;-0.38000
11766663;-0.36500
11769441;-0.35500
11772219;-0.33500
11774997;-0.36000
11777774;-0.36000
11780552;-0.38500
11783330;-0.38000
11786108;-0.37500
11788886;-0.36000
11791663;-0.36000
11794441;-0.36500
11797219;-0.37500
11799997;-0.36500
11802774;-0.35500
11805552;-0.36000
11808330;-0.35000
11811108;-0.36000
11813886;-0.37000
11816663;-0.37000
11819441;-0.36500
11822219;-0.37000
11824997;-0.38000
11827774;-0.39000
11830552;-0.38500
11833330;-0.38000
11836108;-0.37000
11838886;-0.37000
11841663;-0.36500
11844441;-0.36500
11847219;-0.39000
11849997;-0.37500
11852774;-0.37000
11855552;-0.35500
11858330;-0.36500
11861108;-0.36000
11863886;-0.37000
11866663;-0.35000
11869441;-0.34000
11872219;-0.32500
11874997;-0.32000
11877774;-0.31500
11880552;-0.32500
11883330;-0.31000
11886108;-0.29500
11888886;-0.28500
11891663;-0.29000
11894441;-0.29000
11897219;-0.27500
11899997;-0.27000
11902774;-0.26500
11905552;-0.26000
11908330;-0.26000
11911108;-0.27500
11913886;-0.27500
11916663;-0.28500
11919441;-0.26000
11922219;-0.26000
11924997;-0.26500
11927774;-0.27000
11930552;-0.28000
11933330;-0.27500
11936108;-0.25500
11938886;-0.25500
11941663;-0.24500
11944441;-0.25500
11947219;-0.26000
11949997;-0.25500
11952774;-0.25500
11955552;-0.26000
11958330;-0.26500
11961108;-0.28000
11963886;-0.29500
11966663;-0.29000
11969441;-0.27500
11972219;-0.28000
11974997;-0.28000
11977774;-0.28000
11980552;-0.28500
11983330;-0.28500
11986108;-0.28000
11988886;-0.27000
11991663;-0.28500
11994441;-0.30000
11997219;-0.31000
11999997;-0.30000
12002774;-0.29000
12005552;-0.28000
12008330;-0.30000
12011108;-0.29000
12013886;-0.31000
12016663;-0.30000
12019441;-0.29500
12022219;-0.29000
12024997;-0.28500
12027774;-0.29500
12030552;-0.32500
12033330;-0.31500
12036108;-0.31000
12038886;-0.30500
12041663;-0.30000
12044441;-0.31500
12047219;-0.33000
12049997;-0.32000
12052774;-0.32000
12055552;-0.31500
12058330;-0.32000
12061108;-0.32500
12063886;-0.33500
12066663;-0.33000
12069441;-0.32500
12072219;-0.31000
12074997;-0.31500
12077774;-0.31500
12080552;-0.33500
12083330;-0.32000
12086108;-0.31000
12088886;-0.31500
12091663;-0.31000
12094441;-0.32000
12097219;-0.33500
12099997;-0.32500
12102774;-0.32500
12105552;-0.31500
12108330;-0.31000
12111108;-0.32000
12113885;-0.33000
12116663;-0.32000
12119441;-0.32000
12122219;-0.31000
12124997;-0.33000
12127774;-0.33000
12130552;-0.34500
12133330;-0.34000
12136108;-0.33000
12138885;-0.32000
12141663;-0.31500
12144441;-0.33500
12147219;-0.33500
12149997;-0.33000
12152774;-0.31000
12155552;-0.31000
12158330;-0.31500
12161108;-0.33000
12163885;-0.32000
12166663;-0.31500
12169441;-0.30000
12172219;-0.28500
12174997;-0.28000
12177774;-0.26500
12180552;-0.26000
12183330;-0.26500
12186108;-0.26000
12188885;-0.25500
12191663;-0.26000
12194441;-0.25000
12197219;-0.25500
12199997;-0.24000
12202774;-0.23000
12205552;-0.20500
12208330;-0.21000
12211108;-0.22500
12213885;-0.23500
12216663;-0.22500
12219441;-0.22500
12222219;-0.23000
12224997;-0.22500
12227774;-0.24000
12230552;-0.24000
12233330;-0.23000
12236108;-0.23500
12238885;-0.25000
12241663;-0.25000
12244441;-0.25500
12247219;-0.23500
12249997;-0.22000
12252774;-0.20500
12255552;-0.21500
12258330;-0.24000
12261108;-0.26500
12263885;-0.28000
12266663;-0.28000
12269441;-0.27000
12272219;-0.27000
12274997;-0.29000
12277774;-0.32000
12280552;-0.33500
12283330;-0.34000
12286108;-0.33000
12288885;-0.33000
12291663;-0.33500
12294441;-0.35000
12297219;-0.36000
12299997;-0.35000
12302774;-0.35000
12305552;-0.34500
12308330;-0.35000
12311108;-0.35500
12313885;-0.36500
12316663;-0.36000
12319441;-0.35500
12322219;-0.35000
12324997;-0.34000
12327774;-0.36000
12330552;-0.37000
12333330;-0.37000
12336108;-0.35500
12338885;-0.34500
12341663;-0.35000
12344441;-0.37000
12347219;-0.38500
12349997;-0.41000
12352774;-0.44000
12355552;-0.46000
12358330;-0.49000
12361108;-0.54000
12363885;-0.56500
12366663;-0.55000
12369441;-0.48500
12372219;-0.36500
12374997;-0.25500
12377774;-0.12500
12380552;0.09000
12383330;0.36000
12386108;0.60000
12388885;0.75000
12391663;0.79500
12394441;0.70000
12397219;0.44000
12399997;0.09500
12402774;-0.18500
12405552;-0.37000
12408330;-0.47000
12411108;-0.49000
12413885;-0.47000
12416663;-0.44000
12419441;-0.42500
12422219;-0.41000
12424997;-0.41000
12427774;-0.41000
12430552;-0.42000
12433330;-0.40000
12436108;-0.39500
12438885;-0.40500
12441663;-0.41000
12444441;-0.40500
12447219;-0.42000
12449997;-0.39500
12452774;-0.39500
12455552;-0.39000
12458330;-0.39500
12461108;-0.39500
12463885;-0.41000
12466663;-0.40000
12469441;-0.40000
12472219;-0.41000
12474997;-0.40000
12477774;-0.40500
12480552;-0.41000
12483330;-0.41000
12486108;-0.40000
12488885;-0.39000
12491663;-0.39000
12494441;-0.40000
12497219;-0.40000
12499996;-0.39500
12502774;-0.39000
12505552;-0.38500
12508330;-0.39000
12511108;-0.41000
12513885;-0.41000
12516663;-0.41000
12519441;-0.41500
12522219;-0.41000
12524996;-0.40500
12527774;-0.42000
12530552;-0.42000
12533330;-0.42000
12536108;-0.41500
12538885;-0.41000
12541663;-0.41500
12544441;-0.42500
12547219;-0.42500
12549996;-0.42000
12552774;-0.42500
12555552;-0.42000
12558330;-0.41000
12561108;-0.41000
12563885;-0.41500
12566663;-0.41000
12569441;-0.41000
12572219;-0.40000
12574996;-0.40500
12577774;-0.40500
12580552;-0.42500
12583330;-0.42000
12586108;-0.41000
12588885;-0.40000
12591663;-0.40500
12594441;-0.41500
12597219;-0.42000
12599996;-0.41000
12602774;-0.41000
12605552;-0.40000
12608330;-0.41000
12611108;-0.41500
12613885;-0.42000
12616663;-0.41000
12619441;-0.40000
12622219;-0.39000
12624996;-0.40000
12627774;-0.41500
12630552;-0.42000
12633330;-0.41500
12636108;-0.41500
12638885;-0.40000
12641663;-0.41500
12644441;-0.43000
12647219;-0.45000
12649996;-0.44000
12652774;-0.44000
12655552;-0.43500
12658330;-0.43500
12661108;-0.44000
12663885;-0.45000
12666663;-0.43500
12669441;-0.44000
12672219;-0.43000
12674996;-0.44000
12677774;-0.44500
12680552;-0.44500
12683330;-0.44000
12686108;-0.43500
12688885;-0.42000
12691663;-0.41500
12694441;-0.41000
12697219;-0.40500
12699996;-0.38000
12702774;-0.37500
12705552;-0.37000
12708330;-0.37000
12711108;-0.37000
12713885;-0.36000
12716663;-0.35500
12719441;-0.32500
12722219;-0.30500
12724996;-0.31000
12727774;-0.32000
12730552;-0.32500
12733330;-0.32500
12736108;-0.31500
12738885;-0.30000
12741663;-0.30500
12744441;-0.32000
12747219;-0.33000
12749996;-0.33000
12752774;-0.31000
12755552;-0.31000
12758330;-0.31000
12761108;-0.30500
12763885;-0.31000
12766663;-0.32000
12769441;-0.30500
12772219;-0.30000
12774996;-0.30000
12777774;-0.30500
12780552;-0.32000
12783330;-0.32000
12786108;-0.31500
12788885;-0.31500
12791663;-0.31000
12794441;-0.33000
12797219;-0.33500
12799996;-0.33500
12802774;-0.32000
12805552;-0.31500
12808330;-0.31500
12811108;-0.32500
12813885;-0.33000
12816663;-0.33500
12819441;-0.32000
12822219;-0.30000
12824996;-0.30000
12827774;-0.32000
12830552;-0.32000
12833330;-0.33000
12836108;-0.32000
12838885;-0.32000
12841663;-0.32500
12844441;-0.34000
12847219;-0.35500
12849996;-0.34500
12852774;-0.35000
12855552;-0.34500
12858330;-0.34500
12861108;-0.36000
12863885;-0.36000
12866663;-0.34500
12869441;-0.34000
12872219;-0.34000
12874996;-0.35500
12877774;-0.35000
12880552;-0.35000
12883330;-0.35500
12886108;-0.34000
12888885;-0.33500
12891663;-0.34000
12894441;-0.35000
12897219;-0.35500
12899996;-0.35500
12902774;-0.35500
12905552;-0.34500
12908330;-0.34500
12911107;-0.35000
12913885;-0.36000
12916663;-0.36500
12919441;-0.36500
12922219;-0.35000
12924996;-0.35000
12927774;-0.36000
12930552;-0.37000
12933330;-0.36000
12936107;-0.35000
12938885;-0.33500
12941663;-0.35000
12944441;-0.35000
12947219;-0.34500
12949996;-0.34000
12952774;-0.34000
12955552;-0.34000
12958330;-0.34000
12961107;-0.34500
12963885;-0.35000
12966663;-0.36000
12969441;-0.35000
12972219;-0.33500
12974996;-0.34500
12977774;-0.35000
12980552;-0.35000
12983330;-0.35500
12986107;-0.34000
12988885;-0.33500
12991663;-0.33000
12994441;-0.34000
12997219;-0.35500
12999996;-0.35500
13002774;-0.33000
13005552;-0.31500
13008330;-0.31500
13011107;-0.31500
13013885;-0.32000
13016663;-0.30000
13019441;-0.30000
13022219;-0.28000
13024996;-0.26500
13027774;-0.28000
13030552;-0.28500
13033330;-0.26500
13036107;-0.23500
13038885;-0.23000
13041663;-0.23000
13044441;-0.24500
13047219;-0.25500
13049996;-0.25000
13052774;-0.24500
13055552;-0.25000
13058330;-0.25500
13061107;-0.26500
13063885;-0.27000
13066663;-0.29000
13069441;-0.28000
13072219;-0.27500
13074996;-0.26000
13077774;-0.25500
13080552;-0.26000
13083330;-0.27500
13086107;-0.29500
13088885;-0.30000
13091663;-0.30500
13094441;-0.33500
13097219;-0.35500
13099996;-0.35000
13102774;-0.35000
13105552;-0.35000
13108330;-0.35500
13111107;-0.37000
13113885;-0.37000
13116663;-0.36000
13119441;-0.36500
13122219;-0.35500
13124996;-0.36500
13127774;-0.37500
13130552;-0.38500
13133330;-0.38000
13136107;-0.37500
13138885;-0.35500
13141663;-0.37000
13144441;-0.38500
13147219;-0.39000
13149996;-0.39000
13152774;-0.37000
13155552;-0.36000
13158330;-0.37000
13161107;-0.38000
13163885;-0.38500
13166663;-0.38000
13169441;-0.37500
13172219;-0.37000
13174996;-0.38000
13177774;-0.40500
13180552;-0.44500
13183330;-0.46500
13186107;-0.48000
13188885;-0.48500
13191663;-0.52500
13194441;-0.55500
13197219;-0.53500
13199996;-0.45000
13202774;-0.32500
13205552;-0.18500
13208330;-0.02500
13211107;0.18500
13213885;0.43000
13216663;0.66000
13219441;0.81500
13222219;0.85000
13224996;0.75000
13227774;0.48500
13230552;0.11000
13233330;-0.21000
13236107;-0.39000
13238885;-0.46000
13241663;-0.48500
13244441;-0.47000
13247219;-0.45000
13249996;-0.42500
13252774;-0.41500
13255552;-0.40500
13258330;-0.41500
13261107;-0.41500
13263885;-0.42000
13266663;-0.40000
13269441;-0.39500
13272219;-0.38500
13274996;-0.39500
13277774;-0.40000
13280552;-0.42000
13283330;-0.41000
13286107;-0.40000
13288885;-0.40000
13291663;-0.40500
13294441;-0.40500
13297218;-0.43500
13299996;-0.42000
13302774;-0.41000
13305552;-0.40500
13308330;-0.41500
13311107;-0.43000
13313885;-0.44000
13316663;-0.43500
13319441;-0.41500
13322218;-0.42000
13324996;-0.43000
13327774;-0.41500
13330552;-0.43000
13333330;-0.42500
13336107;-0.42000
13338885;-0.42000
13341663;-0.41500
13344441;-0.42500
13347218;-0.42500
13349996;-0.42000
13352774;-0.41000
13355552;-0.41000
13358330;-0.41000
13361107;-0.42000
13363885;-0.43000
13366663;-0.42000
13369441;-0.41500
13372218;-0.39500
13374996;-0.40500
13377774;-0.41500
13380552;-0.43000
13383330;-0.42000
13386107;-0.42000
13388885;-0.41500
13391663;-0.42000
13394441;-0.42500
13397218;-0.44000
13399996;-0.43000
13402774;-0.42500
13405552;-0.41500
13408330;-0.42000
13411107;-0.42500
13413885;-0.44000
13416663;-0.43000
13419441;-0.43000
13422218;-0.42500
13424996;-0.42000
13427774;-0.41500
13430552;-0.42500
13433330;-0.43000
13436107;-0.42500
13438885;-0.41500
13441663;-0.40500
13444441;-0.40500
13447218;-0.42500
13449996;-0.41500
13452774;-0.42000
13455552;-0.42000
13458330;-0.42000
13461107;-0.43500
13463885;-0.43500
13466663;-0.44000
13469441;-0.42000
13472218;-0.43000
13474996;-0.45000
13477774;-0.45500
13480552;-0.46500
13483330;-0.46500
13486107;-0.46500
13488885;-0.46500
13491663;-0.46500
13494441;-0.47000
13497218;-0.49000
13499996;-0.48500
13502774;-0.46000
13505552;-0.45500
13508330;-0.46000
13511107;-0.45500
13513885;-0.45500
13516663;-0.44000
13519441;-0.42500
13522218;-0.41500
13524996;-0.40000
13527774;-0.40500
13530552;-0.40000
13533330;-0.38500
13536107;-0.36500
13538885;-0.36500
13541663;-0.36000
13544441;-0.37000
13547218;-0.37500
13549996;-0.35500
13552774;-0.34000
13555552;-0.33000
13558330;-0.33000
13561107;-0.33000
13563885;-0.34000
13566663;-0.33500
13569441;-0.32000
13572218;-0.30500
13574996;-0.31500
13577774;-0.32000
13580552;-0.32000
13583330;-0.32000
13586107;-0.31500
13588885;-0.31000
13591663;-0.31000
13594441;-0.31500
13597218;-0.33000
13599996;-0.32000
13602774;-0.32000
13605552;-0.31000
13608330;-0.32000
13611107;-0.33000
13613885;-0.34000
13616663;-0.33000
13619441;-0.32500
13622218;-0.32500
13624996;-0.32000
13627774;-0.34000
13630552;-0.35000
13633330;-0.34000
13636107;-0.32000
13638885;-0.31500
13641663;-0.32500
13644441;-0.34000
13647218;-0.34500
13649996;-0.34500
13652774;-0.34000
13655552;-0.33000
13658330;-0.33500
13661107;-0.34500
13663885;-0.36000
13666663;-0.35500
13669441;-0.34000
13672218;-0.33000
13674996;-0.33500
13677774;-0.34500
13680552;-0.36500
13683330;-0.37000
13686107;-0.35000
13688885;-0.34000
13691663;-0.33500
13694441;-0.36000
13697218;-0.35500
13699996;-0.34000
13702774;-0.33500
13705552;-0.33500
13708329;-0.32000
13711107;-0.33500
13713885;-0.35500
13716663;-0.35000
13719441;-0.34500
13722218;-0.34000
13724996;-0.33500
13727774;-0.35000
13730552;-0.37000
13733329;-0.36000
13736107;-0.35500
13738885;-0.35000
13741663;-0.34500
13744441;-0.36500
13747218;-0.36000
13749996;-0.36000
13752774;-0.35000
13755552;-0.34500
13758329;-0.35500
13761107;-0.35500
13763885;-0.36500
13766663;-0.36000
13769441;-0.34500
13772218;-0.34500
13774996;-0.35000
13777774;-0.35500
13780552;-0.36000
13783329;-0.35500
13786107;-0.35000
13788885;-0.33500
13791663;-0.33500
13794441;-0.35500
13797218;-0.34500
13799996;-0.34000
13802774;-0.33000
13805552;-0.34000
13808329;-0.34500
13811107;-0.35000
13813885;-0.35500
13816663;-0.35000
13819441;-0.33500
13822218;-0.33000
13824996;-0.33000
13827774;-0.33000
13830552;-0.33000
13833329;-0.30500
13836107;-0.28500
13838885;-0.27500
13841663;-0.28000
13844441;-0.28500
13847218;-0.29000
13849996;-0.27500
13852774;-0.26000
13855552;-0.24500
13858329;-0.24000
13861107;-0.24000
13863885;-0.24000
13866663;-0.23500
13869441;-0.22500
13872218;-0.22000
13874996;-0.23000
13877774;-0.24000
13880552;-0.25500
13883329;-0.25500
13886107;-0.24000
13888885;-0.24000
13891663;-0.25000
13894441;-0.27000
13897218;-0.27000
13899996;-0.24000
13902774;-0.23000
13905552;-0.22500
13908329;-0.26500
13911107;-0.29500
13913885;-0.30500
13916663;-0.32500
13919441;-0.31500
13922218;-0.32500
13924996;-0.33000
13927774;-0.34500
13930552;-0.36000
13933329;-0.36500
13936107;-0.35500
13938885;-0.34500
13941663;-0.34000
13944441;-0.33500
13947218;-0.36000
13949996;-0.35500
13952774;-0.34500
13955552;-0.33500
13958329;-0.35500
13961107;-0.35000
13963885;-0.37500
13966663;-0.37500
13969441;-0.36500
13972218;-0.36500
13974996;-0.35000
13977774;-0.37000
13980552;-0.38000
13983329;-0.36500
13986107;-0.37000
13988885;-0.35500
13991663;-0.37000
13994441;-0.38000
13997218;-0.38500
13999996;-0.38500
14002774;-0.40000
14005552;-0.43000
14008329;-0.46500
14011107;-0.48500
14013885;-0.52000
14016663;-0.55500
14019441;-0.52500
14022218;-0.43500
14024996;-0.30500
14027774;-0.15500
14030552;0.01000
14033329;0.26000
14036107;0.53500
14038885;0.76000
14041663;0.89000
14044441;0.90500
14047218;0.70500
14049996;0.36000
14052774;-0.03000
14055552;-0.32000
14058329;-0.45500
14061107;-0.47500
14063885;-0.44000
14066663;-0.39500
14069441;-0.38000
14072218;-0.38000
14074996;-0.38500
14077774;-0.39500
14080552;-0.40000
14083329;-0.40500
14086107;-0.39500
14088885;-0.41000
14091663;-0.39000
14094440;-0.39500
14097218;-0.40500
14099996;-0.40500
14102774;-0.39500
14105552;-0.38500
14108329;-0.38500
14111107;-0.40500
14113885;-0.40500
14116663;-0.40000
14119440;-0.38500
14122218;-0.38000
14124996;-0.38500
14127774;-0.40500
14130552;-0.41000
14133329;-0.40000
14136107;-0.39500
14138885;-0.38500
14141663;-0.39500
14144440;-0.41000
14147218;-0.40500
14149996;-0.40500
14152774;-0.39500
14155552;-0.39000
14158329;-0.39500
14161107;-0.39500
14163885;-0.40500
14166663;-0.41000
14169440;-0.40000
14172218;-0.38500
14174996;-0.39500
14177774;-0.40000
14180552;-0.39500
14183329;-0.38500
14186107;-0.38500
14188885;-0.37500
14191663;-0.37500
14194440;-0.38000
14197218;-0.39500
14199996;-0.38500
14202774;-0.39000
14205552;-0.38500
14208329;-0.38000
14211107;-0.39000
14213885;-0.40000
14216663;-0.40000
14219440;-0.39000
14222218;-0.36500
14224996;-0.37500
14227774;-0.38500
14230552;-0.40000
14233329;-0.40000
14236107;-0.39000
14238885;-0.38000
14241663;-0.37500
14244440;-0.38500
14247218;-0.39500
14249996;-0.38000
14252774;-0.37000
14255552;-0.36500
14258329;-0.36500
14261107;-0.37500
14263885;-0.38500
14266663;-0.37500
14269440;-0.37500
14272218;-0.36500
14274996;-0.37000
14277774;-0.37500
14280552;-0.40000
14283329;-0.39500
14286107;-0.40500
14288885;-0.37000
14291663;-0.38500
14294440;-0.40000
14297218;-0.41000
14299996;-0.40000
14302774;-0.39500
14305552;-0.37500
14308329;-0.38000
14311107;-0.38500
14313885;-0.40500
14316663;-0.38500
14319440;-0.37500
14322218;-0.37000
14324996;-0.36500
14327774;-0.36500
14330552;-0.35000
14333329;-0.35500
14336107;-0.32000
14338885;-0.31000
14341663;-0.31000
14344440;-0.30500
14347218;-0.31000
14349996;-0.29000
14352774;-0.28000
14355552;-0.28000
14358329;-0.27000
14361107;-0.28000
14363885;-0.28500
14366663;-0.28000
14369440;-0.28500
14372218;-0.26500
14374996;-0.27000
14377774;-0.27500
14380552;-0.29000
14383329;-0.29000
14386107;-0.27500
14388885;-0.27500
14391663;-0.27000
14394440;-0.27500
14397218;-0.29000
14399996;-0.28500
14402774;-0.28500
14405552;-0.26000
14408329;-0.26000
14411107;-0.27500
14413885;-0.28500
14416663;-0.27500
14419440;-0.26500
14422218;-0.27000
14424996;-0.28000
14427774;-0.29000
14430552;-0.29500
14433329;-0.30000
14436107;-0.28000
14438885;-0.28000
14441663;-0.27500
14444440;-0.29000
14447218;-0.30000
14449996;-0.30500
14452774;-0.28500
14455552;-0.28500
14458329;-0.28500
14461107;-0.29500
14463885;-0.30000
14466663;-0.30000
14469440;-0.29500
14472218;-0.28000
14474996;-0.29500
14477774;-0.29000
14480552;-0.30500
14483329;-0.30500
14486107;-0.30000
14488885;-0.28500
14491663;-0.28500
14494440;-0.31000
14497218;-0.31500
14499996;-0.30500
14502774;-0.30500
14505551;-0.29500
14508329;-0.30000
14511107;-0.32000
14513885;-0.33500
14516663;-0.32000
14519440;-0.32000
14522218;-0.31000
14524996;-0.31500
14527774;-0.31000
14530551;-0.33000
14533329;-0.32000
14536107;-0.31000
14538885;-0.30500
14541663;-0.30500
14544440;-0.31500
14547218;-0.31500
14549996;-0.31500
14552774;-0.30500
14555551;-0.30500
14558329;-0.30000
14561107;-0.31000
14563885;-0.31000
14566663;-0.31000
14569440;-0.31000
14572218;-0.29500
14574996;-0.30000
14577774;-0.32500
14580551;-0.32500
14583329;-0.33000
14586107;-0.32000
14588885;-0.31000
14591663;-0.30500
14594440;-0.31500
14597218;-0.33000
14599996;-0.32000
14602774;-0.31000
14605551;-0.30500
14608329;-0.30000
14611107;-0.29500
14613885;-0.32000
14616663;-0.31000
14619440;-0.30000
14622218;-0.27500
14624996;-0.27000
14627774;-0.26000
14630551;-0.25000
14633329;-0.23500
14636107;-0.23000
14638885;-0.22500
14641663;-0.23000
14644440;-0.23000
14647218;-0.24000
14649996;-0.23000
14652774;-0.22500
14655551;-0.20500
14658329;-0.20500
14661107;-0.20000
14663885;-0.21000
14666663;-0.19500
14669440;-0.20000
14672218;-0.19000
14674996;-0.20000
14677774;-0.21000
14680551;-0.22500
14683329;-0.22500
14686107;-0.22000
14688885;-0.22000
14691663;-0.22000
14694440;-0.23000
14697218;-0.25000
14699996;-0.24500
14702774;-0.23000
14705551;-0.20500
14708329;-0.18500
14711107;-0.19500
14713885;-0.22500
14716663;-0.25000
14719440;-0.25500
14722218;-0.26500
14724996;-0.27500
14727774;-0.30500
14730551;-0.32000
14733329;-0.32500
14736107;-0.32500
14738885;-0.33000
14741663;-0.33000
14744440;-0.32500
14747218;-0.33500
14749996;-0.34000
14752774;-0.33500
14755551;-0.32000
14758329;-0.33500
14761107;-0.34500
14763885;-0.35500
14766663;-0.35000
14769440;-0.35500
14772218;-0.35000
14774996;-0.34500
14777774;-0.34000
14780551;-0.35500
14783329;-0.35000
14786107;-0.34000
14788885;-0.34000
14791663;-0.34000
14794440;-0.35500
14797218;-0.40000
14799996;-0.43500
14802774;-0.45500
14805551;-0.47000
14808329;-0.50000
14811107;-0.54000
14813885;-0.54500
14816663;-0.46500
14819440;-0.35500
14822218;-0.21000
14824996;-0.03500
14827774;0.18500
14830551;0.43500
14833329;0.67500
14836107;0.82000
14838885;0.82500
14841663;0.64000
14844440;0.32000
14847218;-0.07000
14849996;-0.34000
14852774;-0.44500
14855551;-0.44500
14858329;-0.41000
14861107;-0.38000
14863885;-0.37500
14866663;-0.37500
14869440;-0.37000
14872218;-0.36500
14874996;-0.36000
14877774;-0.37000
14880551;-0.37500
14883329;-0.37000
14886107;-0.36000
14888885;-0.35000
14891662;-0.35500
14894440;-0.36500
14897218;-0.38000
14899996;-0.38000
14902774;-0.37000
14905551;-0.36500
14908329;-0.36500
14911107;-0.38000
14913885;-0.38500
14916662;-0.39000
14919440;-0.38000
14922218;-0.37500
14924996;-0.37500
14927774;-0.38000
14930551;-0.39000
14933329;-0.38000
14936107;-0.37500
14938885;-0.37000
14941662;-0.36500
14944440;-0.37500
14947218;-0.38500
14949996;-0.36500
14952774;-0.36000
14955551;-0.35000
14958329;-0.35500
14961107;-0.35500
14963885;-0.37000
14966662;-0.36500
14969440;-0.35000
14972218;-0.36000
14974996;-0.36500
14977774;-0.36500
14980551;-0.37500
14983329;-0.37500
14986107;-0.35500
14988885;-0.35500
14991662;-0.37000
14994440;-0.37500
14997218;-0.38000
14999996;-0.38500
15002774;-0.37000
15005551;-0.37000
15008329;-0.36000
15011107;-0.37000
15013885;-0.37500
15016662;-0.36500
15019440;-0.35500
15022218;-0.34500
15024996;-0.36000
15027774;-0.35500
15030551;-0.36500
15033329;-0.36000
15036107;-0.34500
15038885;-0.33500
15041662;-0.33500
15044440;-0.35500
15047218;-0.35500
15049996;-0.35000
15052774;-0.34000
15055551;-0.35000
15058329;-0.35000
15061107;-0.35500
15063885;-0.36500
15066662;-0.36000
15069440;-0.36500
15072218;-0.36500
15074996;-0.36500
15077774;-0.37000
15080551;-0.37500
15083329;-0.38000
15086107;-0.36500
15088885;-0.35000
15091662;-0.36000
15094440;-0.36500
15097218;-0.38000
15099996;-0.37500
15102774;-0.37000
15105551;-0.36000
15108329;-0.36500
15111107;-0.37500
15113885;-0.38000
15116662;-0.37500
15119440;-0.36000
15122218;-0.35500
15124996;-0.35500
15127774;-0.35500
15130551;-0.35000
15133329;-0.35000
15136107;-0.34000
15138885;-0.33000
15141662;-0.32500
15144440;-0.33500
15147218;-0.33500
15149996;-0.33000
15152774;-0.31000
15155551;-0.30000
15158329;-0.29500
15161107;-0.30500
15163885;-0.31000
15166662;-0.28500
15169440;-0.28500
15172218;-0.26500
15174996;-0.27000
15177774;-0.28500
15180551;-0.29000
15183329;-0.27500
15186107;-0.27000
15188885;-0.25500
15191662;-0.26500
15194440;-0.26500
15197218;-0.27500
15199996;-0.27000
15202774;-0.26000
15205551;-0.25000
15208329;-0.26000
15211107;-0.27000
15213885;-0.28000
15216662;-0.29000
15219440;-0.29000
15222218;-0.28000
15224996;-0.28000
15227774;-0.29000
15230551;-0.30500
15233329;-0.30000
15236107;-0.30000
15238885;-0.29500
15241662;-0.30000
15244440;-0.29000
15247218;-0.30000
15249996;-0.31000
15252774;-0.31000
15255551;-0.29500
15258329;-0.29500
15261107;-0.30000
15263885;-0.32000
15266662;-0.31500
15269440;-0.31500
15272218;-0.30000
15274996;-0.31000
15277774;-0.30500
15280551;-0.31500
15283329;-0.30500
15286107;-0.30500
15288885;-0.30500
15291662;-0.30000
15294440;-0.30500
15297218;-0.31000
15299996;-0.31500
15302773;-0.31500
15305551;-0.31500
15308329;-0.32000
15311107;-0.33500
15313885;-0.34500
15316662;-0.33500
15319440;-0.31000
15322218;-0.32500
15324996;-0.32000
15327773;-0.33000
15330551;-0.32500
15333329;-0.32500
15336107;-0.32000
15338885;-0.32000
15341662;-0.31500
15344440;-0.32500
15347218;-0.34500
15349996;-0.33500
15352773;-0.32500
15355551;-0.32500
15358329;-0.33000
15361107;-0.33500
15363885;-0.34000
15366662;-0.33500
15369440;-0.32500
15372218;-0.32000
15374996;-0.31500
15377773;-0.33500
15380551;-0.34500
15383329;-0.33500
15386107;-0.32500
15388885;-0.32500
15391662;-0.32000
15394440;-0.32500
15397218;-0.33500
15399996;-0.32000
15402773;-0.32000
15405551;-0.31000
15408329;-0.31000
15411107;-0.32000
15413885;-0.33000
15416662;-0.34000
15419440;-0.32500
15422218;-0.30500
15424996;-0.30500
15427773;-0.29000
15430551;-0.29000
15433329;-0.27000
15436107;-0.26500
15438885;-0.26500
15441662;-0.26000
15444440;-0.26000
15447218;-0.27000
15449996;-0.27500
15452773;-0.26000
15455551;-0.24500
15458329;-0.23500
15461107;-0.23000
15463885;-0.24500
15466662;-0.24000
15469440;-0.23000
15472218;-0.24000
15474996;-0.22500
15477773;-0.24000
15480551;-0.24500
15483329;-0.24000
15486107;-0.22000
15488885;-0.22000
15491662;-0.23000
15494440;-0.24500
15497218;-0.25500
15499996;-0.24000
15502773;-0.21500
15505551;-0.22500
15508329;-0.25500
15511107;-0.28500
15513885;-0.31000
15516662;-0.31000
15519440;-0.33000
15522218;-0.33500
15524996;-0.35000
15527773;-0.35000
15530551;-0.36000
15533329;-0.35500
15536107;-0.34000
15538885;-0.34000
15541662;-0.33500
15544440;-0.35000
15547218;-0.36000
15549996;-0.36000
15552773;-0.34500
15555551;-0.34500
15558329;-0.35000
15561107;-0.35000
15563885;-0.36000
15566662;-0.35000
15569440;-0.35000
15572218;-0.34500
15574996;-0.35500
15577773;-0.35500
15580551;-0.37000
15583329;-0.37500
15586107;-0.39000
15588885;-0.42500
15591662;-0.45500
15594440;-0.47500
15597218;-0.50000
15599996;-0.54000
15602773;-0.57000
15605551;-0.51000
15608329;-0.41500
15611107;-0.33500
15613885;-0.26000
15616662;-0.15000
15619440;-0.00500
15622218;0.20500
15624996;0.47000
15627773;0.68000
15630551;0.82500
15633329;0.92500
15636107;0.97000
15638885;0.88500
15641662;0.69000
15644440;0.41500
15647218;0.10500
15649996;-0.15000
15652773;-0.34500
15655551;-0.43500
15658329;-0.46500
15661107;-0.45500
15663885;-0.42500
15666662;-0.41500
15669440;-0.39500
15672218;-0.37500
15674996;-0.37000
15677773;-0.39500
15680551;-0.40000
15683329;-0.40000
15686107;-0.41000
15688884;-0.40000
15691662;-0.40500
15694440;-0.40000
15697218;-0.40500
15699996;-0.39500
15702773;-0.39000
15705551;-0.38000
15708329;-0.38500
15711107;-0.40500
15713884;-0.42000
15716662;-0.40500
15719440;-0.40000
15722218;-0.39000
15724996;-0.38000
15727773;-0.39500
15730551;-0.39500
15733329;-0.40000
15736107;-0.39000
15738884;-0.41000
15741662;-0.40500
15744440;-0.41000
15747218;-0.41000
15749996;-0.39500
15752773;-0.38500
15755551;-0.39500
15758329;-0.40500
15761107;-0.42000
15763884;-0.43500
15766662;-0.41500
15769440;-0.40500
15772218;-0.41000
15774996;-0.40000
15777773;-0.41000
15780551;-0.41500
15783329;-0.41000
15786107;-0.40000
15788884;-0.40500
15791662;-0.39000
15794440;-0.39000
15797218;-0.40000
15799996;-0.39000
15802773;-0.39000
15805551;-0.39000
15808329;-0.39500
15811107;-0.42000
15813884;-0.42000
15816662;-0.41500
15819440;-0.41000
15822218;-0.39500
15824996;-0.39500
15827773;-0.40000
15830551;-0.41500
15833329;-0.41500
15836107;-0.40000
15838884;-0.40000
15841662;-0.38500
15844440;-0.39000
15847218;-0.41000
15849996;-0.39500
15852773;-0.39000
15855551;-0.38000
15858329;-0.37500
15861107;-0.39000
15863884;-0.40500
15866662;-0.42000
15869440;-0.41500
15872218;-0.41500
15874996;-0.41500
15877773;-0.43500
15880551;-0.46500
15883329;-0.45500
15886107;-0.46500
15888884;-0.46000
15891662;-0.44500
15894440;-0.45500
15897218;-0.46500
15899996;-0.47500
15902773;-0.45500
15905551;-0.46000
15908329;-0.45000
15911107;-0.45500
15913884;-0.47000
15916662;-0.45500
15919440;-0.44000
15922218;-0.42000
15924996;-0.41500
15927773;-0.42000
15930551;-0.41000
15933329;-0.41000
15936107;-0.37000
15938884;-0.36000
15941662;-0.35000
15944440;-0.35000
15947218;-0.34500
15949996;-0.33500
15952773;-0.32000
15955551;-0.30000
15958329;-0.32000
15961107;-0.31500
15963884;-0.34000
15966662;-0.32500
15969440;-0.30000
15972218;-0.30000
15974996;-0.30000
15977773;-0.31000
15980551;-0.33000
15983329;-0.31000
15986107;-0.30500
15988884;-0.30000
15991662;-0.30500
15994440;-0.31500
15997218;-0.33000
15999996;-0.31000
16002773;-0.30500
16005551;-0.31000
16008329;-0.30500
16011107;-0.31000
16013884;-0.31000
16016662;-0.31000
16019440;-0.30000
16022218;-0.30500
16024996;-0.31000
16027773;-0.31000
16030551;-0.32000
16033329;-0.31500
16036107;-0.33000
16038884;-0.31500
16041662;-0.32000
16044440;-0.34000
16047218;-0.34000
16049996;-0.33500
16052773;-0.33000
16055551;-0.32000
16058329;-0.32000
16061107;-0.32500
16063884;-0.35000
16066662;-0.34000
16069440;-0.33500
16072218;-0.33500
16074995;-0.34500
16077773;-0.35000
16080551;-0.36000
16083329;-0.36000
16086107;-0.34500
16088884;-0.33500
16091662;-0.33500
16094440;-0.33500
16097218;-0.34500
16099995;-0.33500
16102773;-0.33500
16105551;-0.33000
16108329;-0.33500
16111107;-0.33500
16113884;-0.35000
16116662;-0.34500
16119440;-0.35500
16122218;-0.34500
16124995;-0.34500
16127773;-0.35500
16130551;-0.36500
16133329;-0.36000
16136107;-0.35500
16138884;-0.34500
16141662;-0.34500
16144440;-0.34500
16147218;-0.36000
16149995;-0.34500
16152773;-0.34000
16155551;-0.33500
16158329;-0.34000
16161107;-0.34500
16163884;-0.37000
16166662;-0.37000
16169440;-0.36000
16172218;-0.34000
16174995;-0.35000
16177773;-0.36500
16180551;-0.35500
16183329;-0.35000
16186107;-0.34000
16188884;-0.34000
16191662;-0.35500
16194440;-0.35500
16197218;-0.35000
16199995;-0.35000
16202773;-0.33500
16205551;-0.34000
16208329;-0.34000
16211107;-0.33000
16213884;-0.35000
16216662;-0.31500
16219440;-0.30000
16222218;-0.29000
16224995;-0.27500
16227773;-0.28000
16230551;-0.28500
16233329;-0.27500
16236107;-0.27000
16238884;-0.25500
16241662;-0.24000
16244440;-0.25000
16247218;-0.25500
16249995;-0.24000
16252773;-0.22500
16255551;-0.22500
16258329;-0.24000
16261107;-0.25500
16263884;-0.26000
16266662;-0.27500
16269440;-0.26000
16272218;-0.24500
16274995;-0.25500
16277773;-0.26500
16280551;-0.28000
16283329;-0.27000
16286107;-0.25000
16288884;-0.23500
16291662;-0.23000
16294440;-0.24500
16297218;-0.27000
16299995;-0.28000
16302773;-0.28000
16305551;-0.29000
16308329;-0.31500
16311107;-0.33500
16313884;-0.35500
16316662;-0.35500
16319440;-0.35500
16322218;-0.36000
16324995;-0.36000
16327773;-0.37500
16330551;-0.38000
16333329;-0.36000
16336107;-0.35500
16338884;-0.35000
16341662;-0.34500
16344440;-0.37000
16347218;-0.37000
16349995;-0.35500
16352773;-0.35500
16355551;-0.35000
16358329;-0.34500
16361107;-0.35500
16363884;-0.35500
16366662;-0.36000
16369440;-0.35500
16372218;-0.35500
16374995;-0.35500
16377773;-0.36000
16380551;-0.37500
16383329;-0.37000
16386107;-0.39000
16388884;-0.42500
16391662;-0.46500
16394440;-0.49000
16397218;-0.52500
16399995;-0.56000
16402773;-0.56000
16405551;-0.49500
16408329;-0.36000
16411107;-0.22000
16413884;-0.04500
16416662;0.19000
16419440;0.47500
16422218;0.72500
16424995;0.89500
16427773;0.89500
16430551;0.71000
16433329;0.35000
16436107;-0.05500
16438884;-0.35000
16441662;-0.48000
16444440;-0.49000
16447218;-0.46500
16449995;-0.41500
16452773;-0.40500
16455551;-0.39500
16458329;-0.40500
16461107;-0.42000
16463884;-0.39500
16466662;-0.41500
16469440;-0.40000
16472218;-0.39000
16474995;-0.38500
16477773;-0.39500
16480551;-0.40500
16483329;-0.39500
16486106;-0.40000
16488884;-0.39000
16491662;-0.39000
16494440;-0.40000
16497218;-0.41500
16499995;-0.40500
16502773;-0.39000
16505551;-0.38000
16508329;-0.38000
16511106;-0.40500
16513884;-0.39000
16516662;-0.40000
16519440;-0.39000
16522218;-0.38000
16524995;-0.38000
16527773;-0.40500
16530551;-0.40000
16533329;-0.41000
16536106;-0.40000
16538884;-0.39500
16541662;-0.40000
16544440;-0.40000
16547218;-0.40500
16549995;-0.39000
16552773;-0.38000
16555551;-0.38500
16558329;-0.38500
16561106;-0.39000
16563884;-0.40500
16566662;-0.40000
16569440;-0.40000
16572218;-0.39000
16574995;-0.39000
16577773;-0.41000
16580551;-0.41000
16583329;-0.40500
16586106;-0.40000
16588884;-0.41000
16591662;-0.40500
16594440;-0.41000
16597218;-0.41500
16599995;-0.41000
16602773;-0.40500
16605551;-0.39500
16608329;-0.40500
16611106;-0.40000
16613884;-0.40000
16616662;-0.39500
16619440;-0.40500
16622218;-0.38000
16624995;-0.38500
16627773;-0.39000
16630551;-0.41000
16633329;-0.39500
16636106;-0.39000
16638884;-0.38000
16641662;-0.38500
16644440;-0.40500
16647218;-0.40500
16649995;-0.40500
16652773;-0.40000
16655551;-0.41000
16658329;-0.41000
16661106;-0.41500
16663884;-0.43500
16666662;-0.43000
16669440;-0.41500
16672218;-0.42000
16674995;-0.42000
16677773;-0.44000
16680551;-0.44000
16683329;-0.43500
16686106;-0.43500
16688884;-0.43500
16691662;-0.43000
16694440;-0.44500
16697218;-0.44500
16699995;-0.42000
16702773;-0.42500
16705551;-0.41000
16708329;-0.40500
16711106;-0.40000
16713884;-0.41000
16716662;-0.38000
16719440;-0.37000
16722218;-0.35000
16724995;-0.34000
16727773;-0.35500
16730551;-0.34500
16733329;-0.34000
16736106;-0.31500
16738884;-0.32000
16741662;-0.30000
16744440;-0.30000
16747218;-0.31500
16749995;-0.30500
16752773;-0.30000
16755551;-0.28000
16758329;-0.29000
16761106;-0.29000
16763884;-0.30000
16766662;-0.29500
16769440;-0.29500
16772218;-0.28000
16774995;-0.28500
16777773;-0.29000
16780551;-0.29500
16783329;-0.28500
16786106;-0.28000
16788884;-0.27500
16791662;-0.26500
16794440;-0.28000
16797218;-0.29500
16799995;-0.28000
16802773;-0.28000
16805551;-0.27500
16808329;-0.29000
16811106;-0.29500
16813884;-0.31000
16816662;-0.29000
16819440;-0.29000
16822218;-0.27500
16824995;-0.27000
16827773;-0.29500
16830551;-0.31500
16833329;-0.31000
16836106;-0.30000
16838884;-0.29500
16841662;-0.29000
16844440;-0.30000
16847218;-0.31500
16849995;-0.30500
16852773;-0.30000
16855551;-0.29000
16858329;-0.31000
16861106;-0.31500
16863884;-0.33000
16866662;-0.31000
16869440;-0.30500
16872217;-0.29500
16874995;-0.29500
16877773;-0.30500
16880551;-0.32500
16883329;-0.31500
16886106;-0.31500
16888884;-0.31000
16891662;-0.30000
16894440;-0.31500
16897217;-0.33500
16899995;-0.32500
16902773;-0.32500
16905551;-0.31500
16908329;-0.31000
16911106;-0.32000
16913884;-0.33500
16916662;-0.32500
16919440;-0.31000
16922217;-0.30500
16924995;-0.30500
16927773;-0.32000
16930551;-0.32500
16933329;-0.31500
16936106;-0.31000
16938884;-0.30000
16941662;-0.31500
16944440;-0.32500
16947217;-0.32000
16949995;-0.32000
16952773;-0.32000
16955551;-0.31000
16958329;-0.31000
16961106;-0.31000
16963884;-0.31500
16966662;-0.30500
16969440;-0.28500
16972217;-0.29500
16974995;-0.30500
16977773;-0.31000
16980551;-0.31500
16983329;-0.30000
16986106;-0.31500
16988884;-0.30500
16991662;-0.30500
16994440;-0.32500
16997217;-0.32500
16999995;-0.31500
17002773;-0.30000
17005551;-0.29500
17008329;-0.31000
17011106;-0.31500
17013884;-0.32000
17016662;-0.31500
17019440;-0.31000
17022217;-0.29500
17024995;-0.28500
17027773;-0.27000
17030551;-0.25000
17033329;-0.24500
17036106;-0.23000
17038884;-0.22000
17041662;-0.22500
17044440;-0.23500
17047217;-0.23000
17049995;-0.22000
17052773;-0.20500
17055551;-0.19000
17058329;-0.19000
17061106;-0.19000
17063884;-0.20500
17066662;-0.20500
17069440;-0.20500
17072217;-0.21000
17074995;-0.21500
17077773;-0.22500
17080551;-0.23000
17083329;-0.22500
17086106;-0.22000
17088884;-0.22000
17091662;-0.24000
17094440;-0.24000
17097217;-0.23000
17099995;-0.20500
17102773;-0.19500
17105551;-0.19500
17108329;-0.22000
17111106;-0.24500
17113884;-0.27500
17116662;-0.26000
17119440;-0.27500
17122217;-0.28500
17124995;-0.30000
17127773;-0.30000
17130551;-0.31000
17133329;-0.31000
17136106;-0.32000
17138884;-0.32000
17141662;-0.32500
17144440;-0.33500
17147217;-0.34500
17149995;-0.33500
17152773;-0.33500
17155551;-0.33000
17158329;-0.33500
17161106;-0.34500
17163884;-0.36000
17166662;-0.34500
17169440;-0.33500
17172217;-0.34500
17174995;-0.34500
17177773;-0.35500
17180551;-0.36000
17183329;-0.35500
17186106;-0.34000
17188884;-0.34000
17191662;-0.35000
17194440;-0.35000
17197217;-0.35500
17199995;-0.35500
17202773;-0.35500
17205551;-0.37000
17208329;-0.42500
17211106;-0.46500
17213884;-0.48000
17216662;-0.50000
17219440;-0.53000
17222217;-0.53500
17224995;-0.48500
17227773;-0.39500
17230551;-0.25500
17233329;-0.09500
17236106;0.09500
17238884;0.35000
17241662;0.63000
17244440;0.84500
17247217;0.95500
17249995;0.97500
17252773;0.82500
17255551;0.48000
17258329;0.05500
17261106;-0.27000
17263884;-0.45500
17266662;-0.48500
17269440;-0.44000
17272217;-0.40500
17274995;-0.37500
17277773;-0.37500
17280551;-0.39000
17283328;-0.38000
17286106;-0.36000
17288884;-0.35500
17291662;-0.34500
17294440;-0.36500
17297217;-0.37500
17299995;-0.37000
17302773;-0.37000
17305551;-0.35500
17308328;-0.37000
17311106;-0.37500
17313884;-0.38000
17316662;-0.38500
17319440;-0.38000
17322217;-0.38000
17324995;-0.38000
17327773;-0.38500
17330551;-0.39500
17333328;-0.39500
17336106;-0.39000
17338884;-0.38500
17341662;-0.38000
17344440;-0.38000
17347217;-0.39500
17349995;-0.39000
17352773;-0.38000
17355551;-0.37000
17358328;-0.37500
17361106;-0.38500
17363884;-0.38000
17366662;-0.37500
17369440;-0.36500
17372217;-0.36000
17374995;-0.36500
17377773;-0.36500
17380551;-0.38500
17383328;-0.37000
17386106;-0.36500
17388884;-0.35500
17391662;-0.38500
17394440;-0.39500
17397217;-0.39500
17399995;-0.38500
17402773;-0.37000
17405551;-0.38000
17408328;-0.37000
17411106;-0.37500
17413884;-0.39000
17416662;-0.38500
17419440;-0.38000
17422217;-0.37000
17424995;-0.37000
17427773;-0.38500
17430551;-0.38500
17433328;-0.38000
17436106;-0.38500
17438884;-0.37000
17441662;-0.37500
17444440;-0.37500
17447217;-0.38000
17449995;-0.38000
17452773;-0.35500
17455551;-0.36000
17458328;-0.36500
17461106;-0.37000
17463884;-0.38000
17466662;-0.37000
17469440;-0.37500
17472217;-0.36000
17474995;-0.37000
17477773;-0.38000
17480551;-0.38500
17483328;-0.37500
17486106;-0.37500
17488884;-0.37000
17491662;-0.37000
17494440;-0.38500
17497217;-0.40000
17499995;-0.39500
17502773;-0.38500
17505551;-0.39500
17508328;-0.38000
17511106;-0.40000
17513884;-0.40000
17516662;-0.40000
17519440;-0.39000
17522217;-0.39000
17524995;-0.38500
17527773;-0.40000
17530551;-0.40000
17533328;-0.38500
17536106;-0.38000
17538884;-0.38000
17541662;-0.38500
17544440;-0.38500
17547217;-0.40500
17549995;-0.39500
17552773;-0.38000
17555551;-0.37000
17558328;-0.37000
17561106;-0.38000
17563884;-0.36500
17566662;-0.35500
17569440;-0.33500
17572217;-0.32500
17574995;-0.32000
17577773;-0.32000
17580551;-0.33000
17583328;-0.31500
17586106;-0.30000
17588884;-0.29500
17591662;-0.28500
17594440;-0.29500
17597217;-0.29000
17599995;-0.28500
17602773;-0.27000
17605551;-0.26000
17608328;-0.26500
17611106;-0.27500
17613884;-0.28000
17616662;-0.27500
17619440;-0.27000
17622217;-0.27000
17624995;-0.26000
17627773;-0.27000
17630551;-0.28000
17633328;-0.28500
17636106;-0.27500
17638884;-0.26500
17641662;-0.27000
17644440;-0.28500
17647217;-0.28500
17649995;-0.28500
17652773;-0.27500
17655551;-0.28000
17658328;-0.27500
17661106;-0.28500
17663884;-0.29500
17666662;-0.29500
17669439;-0.28500
17672217;-0.28000
17674995;-0.27000
17677773;-0.28500
17680551;-0.27500
17683328;-0.29000
17686106;-0.28500
17688884;-0.28000
17691662;-0.29000
17694439;-0.30000
17697217;-0.31000
17699995;-0.31000
17702773;-0.31000
17705551;-0.30000
17708328;-0.30000
17711106;-0.31500
17713884;-0.32500
17716662;-0.31500
17719439;-0.30500
17722217;-0.31000
17724995;-0.31000
17727773;-0.31500
17730551;-0.33000
17733328;-0.32500
17736106;-0.32000
17738884;-0.32000
17741662;-0.31500
17744439;-0.32500
17747217;-0.33000
17749995;-0.33500
17752773;-0.32500
17755551;-0.32000
17758328;-0.32000
17761106;-0.31500
17763884;-0.32000
17766662;-0.31000
17769439;-0.31000
17772217;-0.30000
17774995;-0.30500
17777773;-0.32000
17780551;-0.34000
17783328;-0.33500
17786106;-0.33000
17788884;-0.32000
17791662;-0.33000
17794439;-0.33000
17797217;-0.33500
17799995;-0.34000
17802773;-0.33500
17805551;-0.32500
17808328;-0.34000
17811106;-0.34500
17813884;-0.34000
17816662;-0.34000
17819439;-0.32500
17822217;-0.34000
17824995;-0.33500
17827773;-0.34000
17830551;-0.35000
17833328;-0.34000
17836106;-0.33000
17838884;-0.33000
17841662;-0.32500
17844439;-0.33500
17847217;-0.34000
17849995;-0.33500
17852773;-0.31500
17855551;-0.31500
17858328;-0.31000
17861106;-0.32000
17863884;-0.33000
17866662;-0.32000
17869439;-0.30500
17872217;-0.31000
17874995;-0.30500
17877773;-0.29500
17880551;-0.32000
17883328;-0.30500
17886106;-0.29000
17888884;-0.28500
17891662;-0.28500
17894439;-0.28500
17897217;-0.28500
17899995;-0.26500
17902773;-0.25000
17905551;-0.25000
17908328;-0.25000
17911106;-0.25000
17913884;-0.25000
17916662;-0.25000
17919439;-0.23000
17922217;-0.21500
17924995;-0.22500
17927773;-0.22500
17930551;-0.23000
17933328;-0.23000
17936106;-0.22500
17938884;-0.21500
17941662;-0.21500
17944439;-0.23000
17947217;-0.25000
17949995;-0.24000
17952773;-0.23000
17955551;-0.23000
17958328;-0.24000
17961106;-0.25000
17963884;-0.25500
17966662;-0.22000
17969439;-0.20000
17972217;-0.20000
17974995;-0.22500
17977773;-0.26500
17980551;-0.29000
17983328;-0.29000
17986106;-0.30000
17988884;-0.31000
17991662;-0.32500
17994439;-0.33500
17997217;-0.34000
17999995;-0.35000
18002773;-0.34000
18005551;-0.34000
18008328;-0.34500
18011106;-0.33000
18013884;-0.35000
18016662;-0.34500
18019439;-0.34500
18022217;-0.34000
18024995;-0.35000
18027773;-0.35500
18030551;-0.35500
18033328;-0.35500
18036106;-0.34500
18038884;-0.34000
18041662;-0.34000
18044439;-0.35500
18047217;-0.36000
18049995;-0.36000
18052773;-0.35500
18055550;-0.34500
18058328;-0.34500
18061106;-0.36000
18063884;-0.37000
18066662;-0.37500
18069439;-0.37000
18072217;-0.38000
18074995;-0.42000
18077773;-0.46500
18080550;-0.48500
18083328;-0.51500
18086106;-0.54500
18088884;-0.57500
18091662;-0.54500
18094439;-0.45000
18097217;-0.32500
18099995;-0.19500
18102773;-0.04500
18105550;0.16500
18108328;0.42500
18111106;0.65500
18113884;0.81000
18116662;0.87500
18119439;0.81500
18122217;0.59000
18124995;0.22000
18127773;-0.15000
18130550;-0.38000
18133328;-0.47000
18136106;-0.46500
18138884;-0.42500
18141662;-0.38500
18144439;-0.37500
18147217;-0.39500
18149995;-0.38500
18152773;-0.37500
18155550;-0.35500
18158328;-0.37000
18161106;-0.36000
18163884;-0.36500
18166662;-0.37000
18169439;-0.37000
18172217;-0.36000
18174995;-0.36500
18177773;-0.37500
18180550;-0.38000
18183328;-0.37000
18186106;-0.37000
18188884;-0.37000
18191662;-0.38000
18194439;-0.38500
18197217;-0.39500
18199995;-0.39000
18202773;-0.38000
18205550;-0.37500
18208328;-0.37500
18211106;-0.39500
18213884;-0.40000
18216662;-0.39500
18219439;-0.37000
18222217;-0.37000
18224995;-0.37000
18227773;-0.36500
18230550;-0.39000
18233328;-0.38500
18236106;-0.37500
18238884;-0.36000
18241662;-0.38000
18244439;-0.39000
18247217;-0.39000
18249995;-0.38500
18252773;-0.37500
18255550;-0.37500
18258328;-0.37500
18261106;-0.38000
18263884;-0.39000
18266662;-0.38000
18269439;-0.36500
18272217;-0.38000
18274995;-0.38000
18277773;-0.38500
18280550;-0.39000
18283328;-0.39000
18286106;-0.38000
18288884;-0.38000
18291662;-0.38500
18294439;-0.39500
18297217;-0.40000
18299995;-0.38500
18302773;-0.38000
18305550;-0.36000
18308328;-0.37000
18311106;-0.37500
18313884;-0.37000
18316662;-0.38500
18319439;-0.37000
18322217;-0.36500
18324995;-0.36000
18327773;-0.36500
18330550;-0.37500
18333328;-0.38000
18336106;-0.36500
18338884;-0.37000
18341662;-0.36000
18344439;-0.37000
18347217;-0.39500
18349995;-0.38500
18352773;-0.38500
18355550;-0.39000
18358328;-0.39000
18361106;-0.39000
18363884;-0.41000
18366662;-0.39000
18369439;-0.38000
18372217;-0.39000
18374995;-0.38000
18377773;-0.39500
18380550;-0.40500
18383328;-0.40500
18386106;-0.39500
18388884;-0.39000
18391662;-0.39000
18394439;-0.41000
18397217;-0.41500
18399995;-0.39000
18402773;-0.38000
18405550;-0.39000
18408328;-0.38500
18411106;-0.39000
18413884;-0.39000
18416662;-0.38000
18419439;-0.36000
18422217;-0.35500
18424995;-0.34500
18427773;-0.34000
18430550;-0.34500
18433328;-0.33000
18436106;-0.32000
18438884;-0.31500
18441662;-0.30000
18444439;-0.30500
18447217;-0.32000
18449995;-0.30000
18452773;-0.27500
18455550;-0.27500
18458328;-0.27500
18461106;-0.27500
18463884;-0.28000
18466661;-0.28500
18469439;-0.27500
18472217;-0.27500
18474995;-0.28000
18477773;-0.29500
18480550;-0.30500
18483328;-0.30500
18486106;-0.30000
18488884;-0.29000
18491661;-0.28500
18494439;-0.29500
18497217;-0.31000
18499995;-0.30000
18502773;-0.30000
18505550;-0.29500
18508328;-0.30000
18511106;-0.30500
18513884;-0.31000
18516661;-0.31500
18519439;-0.30500
18522217;-0.31000
18524995;-0.31000
18527773;-0.31500
18530550;-0.32000
18533328;-0.30500
18536106;-0.29000
18538884;-0.28500
18541661;-0.29500
18544439;-0.30000
18547217;-0.31500
18549995;-0.31000
18552773;-0.31500
18555550;-0.32000
18558328;-0.32000
18561106;-0.33000
18563884;-0.34000
18566661;-0.32000
18569439;-0.31000
18572217;-0.32000
18574995;-0.32000
18577773;-0.33000
18580550;-0.34500
18583328;-0.34000
18586106;-0.33000
18588884;-0.33000
18591661;-0.32000
18594439;-0.33000
18597217;-0.32500
18599995;-0.32500
18602773;-0.32000
18605550;-0.31500
18608328;-0.32000
18611106;-0.33000
18613884;-0.34500
18616661;-0.32000
18619439;-0.31500
18622217;-0.31500
18624995;-0.32000
18627773;-0.32500
18630550;-0.33500
18633328;-0.34000
18636106;-0.33000
18638884;-0.32500
18641661;-0.31500
18644439;-0.33500
18647217;-0.34500
18649995;-0.34000
18652773;-0.32500
18655550;-0.32000
18658328;-0.33000
18661106;-0.34500
18663884;-0.34000
18666661;-0.33000
18669439;-0.34000
18672217;-0.32500
18674995;-0.31500
18677773;-0.31000
18680550;-0.32500
18683328;-0.31500
18686106;-0.33000
18688884;-0.31500
18691661;-0.32000
18694439;-0.32500
18697217;-0.33000
18699995;-0.33000
18702773;-0.31500
18705550;-0.31000
18708328;-0.30500
18711106;-0.31000
18713884;-0.31000
18716661;-0.30000
18719439;-0.28500
18722217;-0.27500
18724995;-0.27000
18727773;-0.27000
18730550;-0.28000
18733328;-0.26500
18736106;-0.25500
18738884;-0.25000
18741661;-0.24500
18744439;-0.25000
18747217;-0.24500
18749995;-0.22500
18752773;-0.21500
18755550;-0.22000
18758328;-0.22000
18761106;-0.23000
18763884;-0.23500
18766661;-0.24000
18769439;-0.24000
18772217;-0.23000
18774995;-0.22500
18777773;-0.24000
18780550;-0.27000
18783328;-0.25000
18786106;-0.25500
18788884;-0.23500
18791661;-0.22500
18794439;-0.21500
18797217;-0.24000
18799995;-0.26000
18802773;-0.27500
18805550;-0.28500
18808328;-0.31500
18811106;-0.32000
18813884;-0.34500
18816661;-0.35000
18819439;-0.35000
18822217;-0.36000
18824995;-0.36500
18827773;-0.35500
18830550;-0.36000
18833328;-0.36000
18836106;-0.36000
18838884;-0.35000
18841661;-0.34500
18844439;-0.35500
18847217;-0.37500
18849995;-0.36500
18852772;-0.35000
18855550;-0.34500
18858328;-0.34000
18861106;-0.33500
18863884;-0.35500
18866661;-0.36500
18869439;-0.35000
18872217;-0.34500
18874995;-0.34500
18877772;-0.35500
18880550;-0.37000
18883328;-0.37000
18886106;-0.36500
18888884;-0.36000
18891661;-0.38500
18894439;-0.41500
18897217;-0.45500
18899995;-0.46500
18902772;-0.46000
18905550;-0.47500
18908328;-0.49500
18911106;-0.55500
18913884;-0.58500
18916661;-0.55000
18919439;-0.46000
18922217;-0.34500
18924995;-0.20500
18927772;-0.04000
18930550;0.19000
18933328;0.45500
18936106;0.68000
18938884;0.84000
18941661;0.88000
18944439;0.72500
18947217;0.40000
18949995;0.00000
18952772;-0.28000
18955550;-0.43500
18958328;-0.51000
18961106;-0.48500
18963884;-0.46000
18966661;-0.43000
18969439;-0.40500
18972217;-0.41000
18974995;-0.41000
18977772;-0.41500
18980550;-0.40500
18983328;-0.41500
18986106;-0.39500
18988884;-0.39000
18991661;-0.39500
18994439;-0.40500
18997217;-0.41000
18999995;-0.41000
19002772;-0.39500
19005550;-0.39000
19008328;-0.40000
19011106;-0.40000
19013884;-0.39500
19016661;-0.40000
19019439;-0.38500
19022217;-0.38500
19024995;-0.39500
19027772;-0.41000
19030550;-0.42000
19033328;-0.41000
19036106;-0.40000
19038884;-0.39000
19041661;-0.41000
19044439;-0.41500
19047217;-0.42500
19049995;-0.42500
19052772;-0.40500
19055550;-0.40000
19058328;-0.42500
19061106;-0.41500
19063884;-0.41500
19066661;-0.41000
19069439;-0.40500
19072217;-0.40000
19074995;-0.41000
19077772;-0.40500
19080550;-0.41500
19083328;-0.41000
19086106;-0.40000
19088884;-0.39500
19091661;-0.40000
19094439;-0.40500
19097217;-0.40500
19099995;-0.41500
19102772;-0.40500
19105550;-0.40000
19108328;-0.40500
19111106;-0.41000
19113884;-0.42000
19116661;-0.41500
19119439;-0.40000
19122217;-0.39500
19124995;-0.40000
19127772;-0.41500
19130550;-0.42000
19133328;-0.41000
19136106;-0.40000
19138884;-0.39500
19141661;-0.40000
19144439;-0.41500
19147217;-0.41000
19149995;-0.41500
19152772;-0.41500
19155550;-0.40500
19158328;-0.41000
19161106;-0.42000
19163884;-0.44000
19166661;-0.43000
19169439;-0.43000
19172217;-0.42500
19174995;-0.43500
19177772;-0.43500
19180550;-0.44000
19183328;-0.45000
19186106;-0.45000
19188884;-0.45000
19191661;-0.46500
19194439;-0.47000
19197217;-0.48500
19199995;-0.46500
19202772;-0.45500
19205550;-0.45000
19208328;-0.45000
19211106;-0.47000
19213884;-0.48500
19216661;-0.46000
19219439;-0.44500
19222217;-0.43500
19224995;-0.42500
19227772;-0.43000
19230550;-0.43000
19233328;-0.41500
19236106;-0.38500
19238884;-0.36500
19241661;-0.37500
19244439;-0.36000
19247217;-0.36000
19249995;-0.35000
19252772;-0.33500
19255550;-0.33500
19258328;-0.32500
19261106;-0.33500
19263883;-0.33500
19266661;-0.33500
19269439;-0.31000
19272217;-0.31000
19274995;-0.31500
19277772;-0.31500
19280550;-0.32000
19283328;-0.31500
19286106;-0.29500
19288883;-0.29500
19291661;-0.30000
19294439;-0.30500
19297217;-0.33000
19299995;-0.32500
19302772;-0.31500
19305550;-0.32500
19308328;-0.32000
19311106;-0.33000
19313883;-0.33500
19316661;-0.33500
19319439;-0.33000
19322217;-0.30500
19324995;-0.32500
19327772;-0.32500
19330550;-0.32500
19333328;-0.32500
19336106;-0.31000
19338883;-0.30500
19341661;-0.31500
19344439;-0.32500
19347217;-0.33000
19349995;-0.32500
19352772;-0.32500
19355550;-0.34000
19358328;-0.34000
19361106;-0.34000
19363883;-0.34500
19366661;-0.34000
19369439;-0.32500
19372217;-0.33000
19374995;-0.32000
19377772;-0.32500
19380550;-0.34000
19383328;-0.34000
19386106;-0.33500
19388883;-0.34000
19391661;-0.35000
19394439;-0.35500
19397217;-0.36000
19399995;-0.35000
19402772;-0.34500
19405550;-0.34500
19408328;-0.36000
19411106;-0.35500
19413883;-0.37000
19416661;-0.36500
19419439;-0.35000
19422217;-0.36000
19424995;-0.35000
19427772;-0.36000
19430550;-0.37000
19433328;-0.36000
19436106;-0.35500
19438883;-0.34500
19441661;-0.34500
19444439;-0.35000
19447217;-0.35000
19449995;-0.34500
19452772;-0.33500
19455550;-0.33000
19458328;-0.34000
19461106;-0.34500
19463883;-0.35000
19466661;-0.34500
19469439;-0.34500
19472217;-0.34000
19474995;-0.34000
19477772;-0.34500
19480550;-0.36000
19483328;-0.35000
19486106;-0.34500
19488883;-0.33500
19491661;-0.34500
19494439;-0.34500
19497217;-0.35500
19499995;-0.34500
19502772;-0.33500
19505550;-0.32500
19508328;-0.32000
19511106;-0.30500
19513883;-0.30500
19516661;-0.30000
19519439;-0.28500
19522217;-0.28000
19524995;-0.26500
19527772;-0.27500
19530550;-0.27000
19533328;-0.24500
19536106;-0.24000
19538883;-0.23000
19541661;-0.23500
19544439;-0.23000
19547217;-0.24500
19549995;-0.24500
19552772;-0.24000
19555550;-0.25000
19558328;-0.25500
19561106;-0.25500
19563883;-0.27000
19566661;-0.26500
19569439;-0.26500
19572217;-0.26500
19574995;-0.25500
19577772;-0.25000
19580550;-0.23500
19583328;-0.23000
19586106;-0.25000
19588883;-0.26000
19591661;-0.28000
19594439;-0.30500
19597217;-0.34000
19599995;-0.33000
19602772;-0.33500
19605550;-0.33000
19608328;-0.34500
19611106;-0.35000
19613883;-0.36000
19616661;-0.36000
19619439;-0.36000
19622217;-0.36500
19624995;-0.36500
19627772;-0.35500
19630550;-0.36500
19633328;-0.36000
19636106;-0.36000
19638883;-0.36000
19641661;-0.35500
19644439;-0.37500
19647217;-0.37500
19649994;-0.36500
19652772;-0.36000
19655550;-0.37000
19658328;-0.36000
19661106;-0.38000
19663883;-0.39000
19666661;-0.38500
19669439;-0.38500
19672217;-0.36500
19674994;-0.37500
19677772;-0.37500
19680550;-0.40000
19683328;-0.39500
19686106;-0.43000
19688883;-0.46000
19691661;-0.48000
19694439;-0.51000
19697217;-0.57000
19699994;-0.58500
19702772;-0.51500
19705550;-0.38500
19708328;-0.24000
19711106;-0.08500
19713883;0.12500
19716661;0.40500
19719439;0.67500
19722217;0.86500
19724994;0.93500
19727772;0.84000
19730550;0.55500
19733328;0.14000
19736106;-0.20000
19738883;-0.40500
19741661;-0.48500
19744439;-0.48500
19747217;-0.45000
19749994;-0.38500
19752772;-0.38500
19755550;-0.38500
19758328;-0.39000
19761106;-0.38500
19763883;-0.39500
19766661;-0.39000
19769439;-0.38500
19772217;-0.38500
19774994;-0.39000
19777772;-0.39500
19780550;-0.39000
19783328;-0.39000
19786106;-0.39500
19788883;-0.38000
19791661;-0.38500
19794439;-0.39000
19797217;-0.40500
19799994;-0.40000
19802772;-0.39500
19805550;-0.39000
19808328;-0.39000
19811106;-0.39000
19813883;-0.40500
19816661;-0.37500
19819439;-0.39000
19822217;-0.38000
19824994;-0.39000
19827772;-0.38500
19830550;-0.39000
19833328;-0.38500
19836106;-0.37000
19838883;-0.36500
19841661;-0.36500
19844439;-0.38000
19847217;-0.39000
19849994;-0.39000
19852772;-0.38500
19855550;-0.37500
19858328;-0.38000
19861106;-0.39000
19863883;-0.39000
19866661;-0.39500
19869439;-0.37500
19872217;-0.38500
19874994;-0.38500
19877772;-0.40000
19880550;-0.39000
19883328;-0.38500
19886106;-0.38500
19888883;-0.37500
19891661;-0.38000
19894439;-0.39500
19897217;-0.40500
19899994;-0.38500
19902772;-0.38000
19905550;-0.37500
19908328;-0.38000
19911106;-0.38000
19913883;-0.39000
19916661;-0.39000
19919439;-0.38000
19922217;-0.35500
19924994;-0.35500
19927772;-0.37000
19930550;-0.38500
19933328;-0.37500
19936106;-0.38500
19938883;-0.37500
19941661;-0.39000
19944439;-0.39000
19947217;-0.40000
19949994;-0.40000
19952772;-0.38500
19955550;-0.39000
19958328;-0.39000
19961106;-0.40500
19963883;-0.41500
19966661;-0.40500
19969439;-0.40500
19972217;-0.40500
19974994;-0.41000
19977772;-0.42500
19980550;-0.43000
19983328;-0.42000
19986106;-0.40500
19988883;-0.41000
19991661;-0.41000
19994439;-0.41000
19997217;-0.41000
19999994;-0.40000
20002772;-0.38500
20005550;-0.37000
20008328;-0.37500
20011106;-0.36000
20013883;-0.36500
20016661;-0.35500
20019439;-0.33500
20022217;-0.31500
20024994;-0.31500
20027772;-0.31000
20030550;-0.31500
20033328;-0.29500
20036106;-0.29000
20038883;-0.27000
20041661;-0.28500
20044439;-0.29000
20047217;-0.29000
20049994;-0.28000
20052772;-0.27500
20055550;-0.25500
20058328;-0.27000
20061105;-0.27500
20063883;-0.27500
20066661;-0.28000
20069439;-0.25500
20072217;-0.24500
20074994;-0.26000
20077772;-0.25500
20080550;-0.26500
20083328;-0.26000
20086105;-0.26000
20088883;-0.24000
20091661;-0.25000
20094439;-0.26000
20097217;-0.27500
20099994;-0.26500
20102772;-0.26000
20105550;-0.26000
20108328;-0.28500
20111105;-0.28500
20113883;-0.28000
20116661;-0.28500
20119439;-0.28500
20122217;-0.26500
20124994;-0.28000
20127772;-0.27500
20130550;-0.29500
20133328;-0.29500
20136105;-0.28000
20138883;-0.27500
20141661;-0.28000
20144439;-0.28500
20147217;-0.31000
20149994;-0.30500
20152772;-0.28000
20155550;-0.29000
20158328;-0.28500
20161105;-0.29000
20163883;-0.30000
20166661;-0.31000
20169439;-0.29500
20172217;-0.29500
20174994;-0.29000
20177772;-0.31500
20180550;-0.31000
20183328;-0.31000
20186105;-0.31500
20188883;-0.30500
20191661;-0.31000
20194439;-0.32000
20197217;-0.32500
20199994;-0.31000
20202772;-0.30500
20205550;-0.31000
20208328;-0.30500
20211105;-0.31500
20213883;-0.31500
20216661;-0.30500
20219439;-0.30500
20222217;-0.30000
20224994;-0.30000
20227772;-0.31500
20230550;-0.32000
20233328;-0.30500
20236105;-0.29500
20238883;-0.30000
20241661;-0.30500
20244439;-0.30000
20247217;-0.32000
20249994;-0.31000
20252772;-0.30500
20255550;-0.29500
20258328;-0.30000
20261105;-0.31000
20263883;-0.32500
20266661;-0.31500
20269439;-0.31500
20272217;-0.30000
20274994;-0.30000
20277772;-0.31000
20280550;-0.32000
20283328;-0.31500
20286105;-0.30500
20288883;-0.30000
20291661;-0.30000
20294439;-0.30000
20297217;-0.30000
20299994;-0.28500
20302772;-0.26000
20305550;-0.24500
20308328;-0.24000
20311105;-0.24500
20313883;-0.25000
20316661;-0.24000
20319439;-0.24500
20322217;-0.23000
20324994;-0.22000
20327772;-0.23000
20330550;-0.23500
20333328;-0.23000
20336105;-0.20500
20338883;-0.20000
20341661;-0.19500
20344439;-0.21000
20347217;-0.21500
20349994;-0.20500
20352772;-0.20500
20355550;-0.20500
20358328;-0.21000
20361105;-0.22500
20363883;-0.23000
20366661;-0.22500
20369439;-0.22000
20372217;-0.22000
20374994;-0.21500
20377772;-0.20000
20380550;-0.19000
20383328;-0.19000
20386105;-0.20500
20388883;-0.22500
20391661;-0.25000
20394439;-0.27000
20397217;-0.30000
20399994;-0.30500
20402772;-0.32000
20405550;-0.32000
20408328;-0.32500
20411105;-0.33500
20413883;-0.34000
20416661;-0.33500
20419439;-0.34500
20422217;-0.33000
20424994;-0.33000
20427772;-0.34500
20430550;-0.34500
20433328;-0.35000
20436105;-0.33500
20438883;-0.33500
20441661;-0.33500
20444439;-0.34000
20447216;-0.34500
20449994;-0.34000
20452772;-0.32000
20455550;-0.32500
20458328;-0.32500
20461105;-0.33500
20463883;-0.34500
20466661;-0.35000
20469439;-0.39500
20472216;-0.43000
20474994;-0.46000
20477772;-0.50500
20480550;-0.54500
20483328;-0.57500
20486105;-0.56000
20488883;-0.45500
20491661;-0.33000
20494439;-0.23500
20497216;-0.13000
20499994;0.00000
20502772;0.16000
20505550;0.35000
20508328;0.54500
20511105;0.70000
20513883;0.81500
20516661;0.93000
20519439;1.03500
20522216;1.05000
20524994;0.92000
20527772;0.57000
20530550;0.11500
20533328;-0.24500
20536105;-0.42000
20538883;-0.42500
20541661;-0.39000
20544439;-0.35500
20547216;-0.36000
20549994;-0.36500
20552772;-0.35500
20555550;-0.35000
20558328;-0.36000
20561105;-0.36500
20563883;-0.39000
20566661;-0.38500
20569439;-0.37500
20572216;-0.37000
20574994;-0.37000
20577772;-0.38000
20580550;-0.39500
20583328;-0.38500
20586105;-0.37500
20588883;-0.36500
20591661;-0.37000
20594439;-0.38500
20597216;-0.40000
20599994;-0.38500
20602772;-0.38500
20605550;-0.37000
20608328;-0.37500
20611105;-0.38500
20613883;-0.39500
20616661;-0.39000
20619439;-0.37000
20622216;-0.36000
20624994;-0.36000
20627772;-0.36500
20630550;-0.37000
20633328;-0.37000
20636105;-0.36500
20638883;-0.35500
20641661;-0.36000
20644439;-0.37000
20647216;-0.38000
20649994;-0.38000
20652772;-0.36500
20655550;-0.37000
20658328;-0.36500
20661105;-0.38000
20663883;-0.39000
20666661;-0.38000
20669439;-0.38000
20672216;-0.36500
20674994;-0.36500
20677772;-0.37500
20680550;-0.38500
20683328;-0.38500
20686105;-0.37500
20688883;-0.36000
20691661;-0.35500
20694439;-0.37000
20697216;-0.37500
20699994;-0.37000
20702772;-0.37000
20705550;-0.35500
20708328;-0.36500
20711105;-0.36000
20713883;-0.38500
20716661;-0.38500
20719439;-0.38000
20722216;-0.36000
20724994;-0.36500
20727772;-0.37500
20730550;-0.38000
20733328;-0.37000
20736105;-0.37000
20738883;-0.37000
20741661;-0.36000
20744439;-0.38500
20747216;-0.39500
20749994;-0.38000
20752772;-0.37500
20755550;-0.36500
20758328;-0.37500
20761105;-0.38500
20763883;-0.39000
20766661;-0.37500
20769439;-0.37000
20772216;-0.37000
20774994;-0.37000
20777772;-0.37000
20780550;-0.38500
20783328;-0.38000
20786105;-0.38500
20788883;-0.37000
20791661;-0.37000
20794439;-0.37000
20797216;-0.38000
20799994;-0.37000
20802772;-0.34500
20805550;-0.34000
20808328;-0.32500
20811105;-0.33500
20813883;-0.32500
20816661;-0.30500
20819439;-0.29500
20822216;-0.29500
20824994;-0.30000
20827772;-0.30000
20830550;-0.30500
20833328;-0.29500
20836105;-0.28000
20838883;-0.28500
20841661;-0.27500
20844439;-0.26500
20847216;-0.28000
20849994;-0.27500
20852772;-0.25500
20855550;-0.26500
20858327;-0.26000
20861105;-0.26500
20863883;-0.28500
20866661;-0.28500
20869439;-0.27500
20872216;-0.26000
20874994;-0.26500
20877772;-0.28500
20880550;-0.28500
20883327;-0.29000
20886105;-0.27500
20888883;-0.27500
20891661;-0.26500
20894439;-0.27500
20897216;-0.30500
20899994;-0.29000
20902772;-0.28500
20905550;-0.28500
20908327;-0.27500
20911105;-0.29500
20913883;-0.30000
20916661;-0.28000
20919439;-0.28000
20922216;-0.27000
20924994;-0.28000
20927772;-0.29500
20930550;-0.30000
20933327;-0.31000
20936105;-0.31500
20938883;-0.30500
20941661;-0.30500
20944439;-0.33500
20947216;-0.33500
20949994;-0.32000
20952772;-0.32000
20955550;-0.31000
20958327;-0.32000
20961105;-0.33000
20963883;-0.33000
20966661;-0.33000
20969439;-0.33000
20972216;-0.31000
20974994;-0.31500
20977772;-0.32000
20980550;-0.33500
20983327;-0.33000
20986105;-0.31500
20988883;-0.31000
20991661;-0.31500
20994439;-0.33000
20997216;-0.34000
20999994;-0.33500
21002772;-0.34000
21005550;-0.30500
21008327;-0.32000
21011105;-0.33000
21013883;-0.34000
21016661;-0.33500
21019439;-0.32000
21022216;-0.32000
21024994;-0.33000
21027772;-0.33000
21030550;-0.33500
21033327;-0.32500
21036105;-0.31500
21038883;-0.32000
21041661;-0.31500
21044439;-0.32000
21047216;-0.31000
21049994;-0.31000
21052772;-0.31000
21055550;-0.30500
21058327;-0.30000
21061105;-0.31000
21063883;-0.31000
21066661;-0.30000
21069439;-0.28500
21072216;-0.29000
21074994;-0.27500
21077772;-0.27500
21080550;-0.27500
21083327;-0.27000
21086105;-0.25500
21088883;-0.24000
21091661;-0.24500
21094439;-0.24000
21097216;-0.24500
21099994;-0.24500
21102772;-0.22000
21105550;-0.20500
21108327;-0.19000
21111105;-0.19500
21113883;-0.19000
21116661;-0.20000
21119439;-0.19500
21122216;-0.20000
21124994;-0.21000
21127772;-0.21500
21130550;-0.22000
21133327;-0.21000
21136105;-0.21000
21138883;-0.20000
21141661;-0.21000
21144439;-0.22000
21147216;-0.21500
21149994;-0.22000
21152772;-0.23500
21155550;-0.22500
21158327;-0.22500
21161105;-0.22000
21163883;-0.20000
21166661;-0.20500
21169439;-0.23000
21172216;-0.25000
21174994;-0.26000
21177772;-0.28500
21180550;-0.30000
21183327;-0.31500
21186105;-0.33000
21188883;-0.32500
21191661;-0.33500
21194439;-0.34000
21197216;-0.34500
21199994;-0.33000
21202772;-0.32000
21205550;-0.32000
21208327;-0.32500
21211105;-0.33500
21213883;-0.33500
21216661;-0.33500
21219439;-0.33000
21222216;-0.33000
21224994;-0.33500
21227772;-0.35000
21230550;-0.35500
21233327;-0.35000
21236105;-0.34500
21238883;-0.34000
21241661;-0.35000
21244438;-0.36000
21247216;-0.39000
21249994;-0.40000
21252772;-0.43500
21255550;-0.46500
21258327;-0.48000
21261105;-0.51500
21263883;-0.57000
21266661;-0.58000
21269438;-0.52000
21272216;-0.40000
21274994;-0.25000
21277772;-0.09500
21280550;0.10000
21283327;0.39500
21286105;0.66000
21288883;0.83000
21291661;0.88000
21294438;0.76000
21297216;0.46000
21299994;0.07000
21302772;-0.24000
21305550;-0.42500
21308327;-0.48500
21311105;-0.48000
21313883;-0.43000
21316661;-0.40000
21319438;-0.39500
21322216;-0.40000
21324994;-0.40000
21327772;-0.39500
21330550;-0.39000
21333327;-0.37500
21336105;-0.36500
21338883;-0.37000
21341661;-0.38500
21344438;-0.39500
21347216;-0.40500
21349994;-0.39000
21352772;-0.39000
21355550;-0.38500
21358327;-0.38000
21361105;-0.39500
21363883;-0.40000
21366661;-0.38000
21369438;-0.38000
21372216;-0.37500
21374994;-0.38500
21377772;-0.39500
21380550;-0.40500
21383327;-0.40000
21386105;-0.39500
21388883;-0.39500
21391661;-0.38000
21394438;-0.39500
21397216;-0.39000
21399994;-0.39500
21402772;-0.40000
21405550;-0.39000
21408327;-0.38500
21411105;-0.39000
21413883;-0.40000
21416661;-0.39000
21419438;-0.38000
21422216;-0.38000
21424994;-0.38500
21427772;-0.38000
21430550;-0.38500
21433327;-0.37000
21436105;-0.37500
21438883;-0.37000
21441661;-0.37000
21444438;-0.37500
21447216;-0.38500
21449994;-0.38500
21452772;-0.37500
21455550;-0.38500
21458327;-0.38000
21461105;-0.40000
21463883;-0.40500
21466661;-0.40000
21469438;-0.38500
21472216;-0.38000
21474994;-0.37500
21477772;-0.39500
21480550;-0.40500
21483327;-0.40500
21486105;-0.39500
21488883;-0.39000
21491661;-0.38000
21494438;-0.38500
21497216;-0.39500
21499994;-0.37500
21502772;-0.37500
21505550;-0.38000
21508327;-0.38500
21511105;-0.37500
21513883;-0.38500
21516661;-0.38500
21519438;-0.37500
21522216;-0.38000
21524994;-0.40000
21527772;-0.40500
21530550;-0.41500
21533327;-0.41000
21536105;-0.41500
21538883;-0.40000
21541661;-0.41000
21544438;-0.41000
21547216;-0.41500
21549994;-0.41500
21552772;-0.41500
21555550;-0.41500
21558327;-0.41500
21561105;-0.42500
21563883;-0.44500
21566661;-0.43000
21569438;-0.42000
21572216;-0.41500
21574994;-0.40000
21577772;-0.41000
21580550;-0.40500
21583327;-0.38500
21586105;-0.37500
21588883;-0.35000
21591661;-0.35000
21594438;-0.35000
21597216;-0.35500
21599994;-0.33500
21602772;-0.33000
21605550;-0.30500
21608327;-0.31000
21611105;-0.32500
21613883;-0.32500
21616661;-0.31500
21619438;-0.31500
21622216;-0.31000
21624994;-0.31000
21627772;-0.30500
21630549;-0.31500
21633327;-0.32000
21636105;-0.31000
21638883;-0.30500
21641661;-0.30500
21644438;-0.30500
21647216;-0.31000
21649994;-0.29500
21652772;-0.29500
21655549;-0.29000
21658327;-0.28500
21661105;-0.28500
21663883;-0.30500
21666661;-0.30500
21669438;-0.29500
21672216;-0.29000
21674994;-0.29500
21677772;-0.29500
21680549;-0.30500
21683327;-0.30500
21686105;-0.30000
21688883;-0.30000
21691661;-0.30000
21694438;-0.32000
21697216;-0.32000
21699994;-0.32500
21702772;-0.32000
21705549;-0.32000
21708327;-0.30500
21711105;-0.32500
21713883;-0.32000
21716661;-0.31500
21719438;-0.32000
21722216;-0.31000
21724994;-0.31500
21727772;-0.31000
21730549;-0.31500
21733327;-0.31500
21736105;-0.31500
21738883;-0.30500
21741661;-0.31000
21744438;-0.31500
21747216;-0.32500
21749994;-0.33000
21752772;-0.33000
21755549;-0.32500
21758327;-0.32500
21761105;-0.33000
21763883;-0.35000
21766661;-0.35000
21769438;-0.33000
21772216;-0.32500
21774994;-0.33000
21777772;-0.35000
21780549;-0.36000
21783327;-0.35000
21786105;-0.34000
21788883;-0.33000
21791661;-0.33000
21794438;-0.33000
21797216;-0.35000
21799994;-0.35000
21802772;-0.34000
21805549;-0.32500
21808327;-0.32000
21811105;-0.33000
21813883;-0.33500
21816661;-0.35000
21819438;-0.34000
21822216;-0.34500
21824994;-0.34000
21827772;-0.33000
21830549;-0.33500
21833327;-0.34000
21836105;-0.32000
21838883;-0.32500
21841661;-0.33000
21844438;-0.35000
21847216;-0.35000
21849994;-0.33500
21852772;-0.32000
21855549;-0.31000
21858327;-0.30500
21861105;-0.29500
21863883;-0.29500
21866661;-0.27500
21869438;-0.27000
21872216;-0.25500
21874994;-0.26500
21877772;-0.25000
21880549;-0.25000
21883327;-0.25000
21886105;-0.22500
21888883;-0.22000
21891661;-0.22000
21894438;-0.23000
21897216;-0.25000
21899994;-0.25000
21902772;-0.25000
21905549;-0.23500
21908327;-0.23000
21911105;-0.24500
21913883;-0.24000
21916661;-0.23500
21919438;-0.23500
21922216;-0.23000
21924994;-0.25500
21927772;-0.26000
21930549;-0.27500
21933327;-0.26500
21936105;-0.25500
21938883;-0.23000
21941661;-0.22500
21944438;-0.24000
21947216;-0.27000
21949994;-0.28500
21952772;-0.29500
21955549;-0.30500
21958327;-0.32000
21961105;-0.35500
21963883;-0.36500
21966661;-0.36000
21969438;-0.36500
21972216;-0.35500
21974994;-0.35500
21977772;-0.36000
21980549;-0.36500
21983327;-0.36500
21986105;-0.35500
21988883;-0.34500
21991661;-0.35500
21994438;-0.37000
21997216;-0.38500
21999994;-0.37000
22002772;-0.35000
22005549;-0.35000
22008327;-0.34500
22011105;-0.36000
22013883;-0.37000
22016661;-0.37000
22019438;-0.36000
22022216;-0.34500
22024994;-0.36000
22027772;-0.36500
22030549;-0.38500
22033327;-0.39000
22036105;-0.40500
22038883;-0.43000
22041660;-0.45000
22044438;-0.47000
22047216;-0.51500
22049994;-0.55000
22052772;-0.56500
22055549;-0.50500
22058327;-0.42000
22061105;-0.29500
22063883;-0.13000
22066660;0.08000
22069438;0.36000
22072216;0.62000
22074994;0.83500
22077772;0.92000
22080549;0.83000
22083327;0.54500
22086105;0.16000
22088883;-0.18000
22091660;-0.39500
22094438;-0.49000
22097216;-0.51500
22099994;-0.47000
22102772;-0.42500
22105549;-0.41000
22108327;-0.41000
22111105;-0.41500
22113883;-0.41000
22116660;-0.40500
22119438;-0.39500
22122216;-0.39500
22124994;-0.39500
22127772;-0.40500
22130549;-0.41000
22133327;-0.40000
22136105;-0.40500
22138883;-0.39500
22141660;-0.40000
22144438;-0.41000
22147216;-0.42000
22149994;-0.41500
22152772;-0.41500
22155549;-0.40500
22158327;-0.41000
22161105;-0.43000
22163883;-0.44500
22166660;-0.44500
22169438;-0.42500
22172216;-0.41500
22174994;-0.42000
22177772;-0.42000
22180549;-0.42500
22183327;-0.42000
22186105;-0.42500
22188883;-0.41000
22191660;-0.41500
22194438;-0.43500
22197216;-0.44000
22199994;-0.43500
22202772;-0.41500
22205549;-0.41500
22208327;-0.41000
22211105;-0.41000
22213883;-0.42000
22216660;-0.43000
22219438;-0.43500
22222216;-0.42500
22224994;-0.42000
22227772;-0.42000
22230549;-0.42500
22233327;-0.42500
22236105;-0.42500
22238883;-0.42000
22241660;-0.42500
22244438;-0.42500
22247216;-0.42500
22249994;-0.42000
22252772;-0.41500
22255549;-0.41500
22258327;-0.41500
22261105;-0.42000
22263883;-0.43000
22266660;-0.42500
22269438;-0.42000
22272216;-0.41500
22274994;-0.42000
22277772;-0.42000
22280549;-0.43000
22283327;-0.42000
22286105;-0.42000
22288883;-0.41000
22291660;-0.40500
22294438;-0.42500
22297216;-0.43500
22299994;-0.44000
22302772;-0.42000
22305549;-0.41500
22308327;-0.43000
22311105;-0.44000
22313883;-0.45000
22316660;-0.45000
22319438;-0.44500
22322216;-0.44500
22324994;-0.44500
22327772;-0.46500
22330549;-0.47500
22333327;-0.49000
22336105;-0.48000
22338883;-0.47500
22341660;-0.48000
22344438;-0.48500
22347216;-0.49000
22349994;-0.48500
22352772;-0.47500
22355549;-0.45500
22358327;-0.46500
22361105;-0.46000
22363883;-0.47000
22366660;-0.45500
22369438;-0.45000
22372216;-0.43500
22374994;-0.43000
22377772;-0.43000
22380549;-0.42000
22383327;-0.41500
22386105;-0.39000
22388883;-0.38500
22391660;-0.37500
22394438;-0.37500
22397216;-0.37500
22399994;-0.36000
22402772;-0.34500
22405549;-0.33500
22408327;-0.33000
22411105;-0.34500
22413883;-0.34000
22416660;-0.33500
22419438;-0.33000
22422216;-0.32500
22424994;-0.32000
22427771;-0.33000
22430549;-0.33500
22433327;-0.32500
22436105;-0.32000
22438883;-0.31000
22441660;-0.30500
22444438;-0.32500
22447216;-0.33000
22449994;-0.32500
22452771;-0.32000
22455549;-0.30500
22458327;-0.32000
22461105;-0.32000
22463883;-0.34000
22466660;-0.32500
22469438;-0.32500
22472216;-0.33000
22474994;-0.33000
22477771;-0.34500
22480549;-0.35500
22483327;-0.35000
22486105;-0.33000
22488883;-0.32500
22491660;-0.33500
22494438;-0.33500
22497216;-0.36000
22499994;-0.35000
22502771;-0.34500
22505549;-0.35500
22508327;-0.36000
22511105;-0.35000
22513883;-0.37000
22516660;-0.35000
22519438;-0.35500
22522216;-0.35000
22524994;-0.35000
22527771;-0.35000
22530549;-0.36500
22533327;-0.35500
22536105;-0.36000
22538883;-0.35000
22541660;-0.36000
22544438;-0.36500
22547216;-0.37500
22549994;-0.36500
22552771;-0.37500
22555549;-0.36500
22558327;-0.38000
22561105;-0.38000
22563883;-0.39500
22566660;-0.38500
22569438;-0.37500
22572216;-0.37000
22574994;-0.37500
22577771;-0.37500
22580549;-0.38500
22583327;-0.37500
22586105;-0.37500
22588883;-0.36000
22591660;-0.37000
22594438;-0.37500
22597216;-0.38000
22599994;-0.37500
22602771;-0.36500
22605549;-0.36000
22608327;-0.36000
22611105;-0.36500
22613883;-0.38000
22616660;-0.38000
22619438;-0.37500
22622216;-0.35500
22624994;-0.36500
22627771;-0.37000
22630549;-0.38500
22633327;-0.37500
22636105;-0.36000
22638883;-0.36500
22641660;-0.36500
22644438;-0.38000
22647216;-0.38000
22649994;-0.37000
22652771;-0.36000
22655549;-0.36000
22658327;-0.35000
22661105;-0.36000
22663883;-0.36500
22666660;-0.35000
22669438;-0.34500
22672216;-0.33500
22674994;-0.32500
22677771;-0.32000
22680549;-0.33000
22683327;-0.32000
22686105;-0.30000
22688883;-0.30000
22691660;-0.29500
22694438;-0.30500
22697216;-0.29500
22699994;-0.28500
22702771;-0.27000
22705549;-0.27000
22708327;-0.25500
22711105;-0.26500
22713883;-0.27000
22716660;-0.27500
22719438;-0.26500
22722216;-0.27500
22724994;-0.27000
22727771;-0.28500
22730549;-0.29500
22733327;-0.29500
22736105;-0.28500
22738883;-0.27500
22741660;-0.28000
22744438;-0.30000
22747216;-0.29000
22749994;-0.28500
22752771;-0.25500
22755549;-0.24000
22758327;-0.27000
22761105;-0.30000
22763883;-0.34000
22766660;-0.34000
22769438;-0.35000
22772216;-0.36000
22774994;-0.38000
22777771;-0.39000
22780549;-0.40500
22783327;-0.40000
22786105;-0.38500
22788883;-0.38500
22791660;-0.38500
22794438;-0.40500
22797216;-0.41000
22799994;-0.40500
22802771;-0.39000
22805549;-0.40000
22808327;-0.39500
22811105;-0.41500
22813883;-0.41500
22816660;-0.40500
22819438;-0.39500
22822216;-0.39000
22824994;-0.39000
22827771;-0.40500
22830549;-0.41500
22833327;-0.41500
22836105;-0.40000
22838882;-0.40500
22841660;-0.43000
22844438;-0.48000
22847216;-0.52500
22849994;-0.55000
22852771;-0.57000
22855549;-0.59500
22858327;-0.64500
22861105;-0.64000
22863882;-0.57000
22866660;-0.44000
22869438;-0.33500
22872216;-0.25000
22874994;-0.15000
22877771;-0.01500
22880549;0.16000
22883327;0.41000
22886105;0.66500
22888882;0.85500
22891660;0.95500
22894438;0.91000
22897216;0.64500
22899994;0.21500
22902771;-0.19500
22905549;-0.44500
22908327;-0.54000
22911105;-0.51000
22913882;-0.48500
22916660;-0.43500
22919438;-0.44500
22922216;-0.44000
22924994;-0.44000
22927771;-0.44000
22930549;-0.45000
22933327;-0.45500
22936105;-0.45500
22938882;-0.45000
22941660;-0.45500
22944438;-0.46000
22947216;-0.47000
22949994;-0.46500
22952771;-0.45000
22955549;-0.44000
22958327;-0.45000
22961105;-0.44500
22963882;-0.46000
22966660;-0.46000
22969438;-0.44000
22972216;-0.44500
22974994;-0.44500
22977771;-0.45000
22980549;-0.45500
22983327;-0.45000
22986105;-0.45500
22988882;-0.43500
22991660;-0.45500
22994438;-0.45000
22997216;-0.45500
22999994;-0.45500
23002771;-0.44500
23005549;-0.44000
23008327;-0.43500
23011105;-0.43500
23013882;-0.45000
23016660;-0.44500
23019438;-0.43000
23022216;-0.44000
23024994;-0.45000
23027771;-0.45000
23030549;-0.45500
23033327;-0.46000
23036105;-0.44000
23038882;-0.43500
23041660;-0.44500
23044438;-0.45500
23047216;-0.46000
23049994;-0.45500
23052771;-0.44000
23055549;-0.44500
23058327;-0.44000
23061105;-0.45000
23063882;-0.46500
23066660;-0.45000
23069438;-0.45500
23072216;-0.44000
23074994;-0.44000
23077771;-0.45000
23080549;-0.47500
23083327;-0.45500
23086105;-0.45000
23088882;-0.45000
23091660;-0.44000
23094438;-0.44000
23097216;-0.45500
23099994;-0.44000
23102771;-0.44000
23105549;-0.43500
23108327;-0.44000
23111105;-0.44500
23113882;-0.45500
23116660;-0.45000
23119438;-0.44000
23122216;-0.43500
23124994;-0.45000
23127771;-0.44500
23130549;-0.45500
23133327;-0.45000
23136105;-0.44500
23138882;-0.44500
23141660;-0.45500
23144438;-0.47000
23147216;-0.47000
23149994;-0.48000
23152771;-0.46500
23155549;-0.45500
23158327;-0.45500
23161105;-0.46500
23163882;-0.47000
23166660;-0.47000
23169438;-0.45500
23172216;-0.45500
23174994;-0.46000
23177771;-0.45000
23180549;-0.45500
23183327;-0.44500
23186105;-0.43500
23188882;-0.41000
23191660;-0.42000
23194438;-0.42000
23197216;-0.42500
23199994;-0.41000
23202771;-0.39000
23205549;-0.37000
23208327;-0.37000
23211105;-0.37500
23213882;-0.38000
23216660;-0.36000
23219438;-0.35000
23222216;-0.35000
23224993;-0.33500
23227771;-0.34000
23230549;-0.35500
23233327;-0.35500
23236105;-0.34000
23238882;-0.33000
23241660;-0.34500
23244438;-0.35000
23247216;-0.34500
23249993;-0.34500
23252771;-0.33000
23255549;-0.31500
23258327;-0.32500
23261105;-0.34000
23263882;-0.34000
23266660;-0.34000
23269438;-0.34000
23272216;-0.33500
23274993;-0.34500
23277771;-0.35000
23280549;-0.37000
23283327;-0.35000
23286105;-0.34500
23288882;-0.33500
23291660;-0.35500
23294438;-0.36500
23297216;-0.36000
23299993;-0.36500
23302771;-0.36000
23305549;-0.35000
23308327;-0.35500
23311105;-0.35500
23313882;-0.37500
23316660;-0.37500
23319438;-0.37000
23322216;-0.35500
23324993;-0.35500
23327771;-0.37500
23330549;-0.37500
23333327;-0.38500
23336105;-0.36500
23338882;-0.36000
23341660;-0.36500
23344438;-0.39000
23347216;-0.39000
23349993;-0.38500
23352771;-0.38000
23355549;-0.38500
23358327;-0.39000
23361105;-0.39000
23363882;-0.40500
23366660;-0.39000
23369438;-0.39500
23372216;-0.39000
23374993;-0.39500
23377771;-0.41000
23380549;-0.41500
23383327;-0.41500
23386105;-0.40500
23388882;-0.39500
23391660;-0.40500
23394438;-0.41500
23397216;-0.42000
23399993;-0.41000
23402771;-0.42000
23405549;-0.40000
23408327;-0.40000
23411105;-0.40500
23413882;-0.41500
23416660;-0.42000
23419438;-0.40000
23422216;-0.39500
23424993;-0.38500
23427771;-0.40500
23430549;-0.41000
23433327;-0.41000
23436105;-0.40500
23438882;-0.39500
23441660;-0.40500
23444438;-0.41000
23447216;-0.41000
23449993;-0.41500
23452771;-0.41500
23455549;-0.40500
23458327;-0.39500
23461105;-0.40500
23463882;-0.41000
23466660;-0.41000
23469438;-0.40000
23472216;-0.39500
23474993;-0.39500
23477771;-0.39500
23480549;-0.40500
23483327;-0.39000
23486105;-0.37000
23488882;-0.36500
23491660;-0.35500
23494438;-0.35500
23497216;-0.35500
23499993;-0.35000
23502771;-0.34000
23505549;-0.33000
23508327;-0.32500
23511105;-0.34000
23513882;-0.34500
23516660;-0.34500
23519438;-0.32500
23522216;-0.30000
23524993;-0.30500
23527771;-0.30500
23530549;-0.32000
23533327;-0.30000
23536105;-0.31500
23538882;-0.29500
23541660;-0.30500
23544438;-0.32000
23547216;-0.33000
23549993;-0.32000
23552771;-0.30000
23555549;-0.29500
23558327;-0.31000
23561105;-0.32500
23563882;-0.32000
23566660;-0.30000
23569438;-0.28000
23572216;-0.29500
23574993;-0.33000
23577771;-0.36500
23580549;-0.38500
23583327;-0.39000
23586105;-0.39500
23588882;-0.39500
23591660;-0.41000
23594438;-0.42000
23597216;-0.44000
23599993;-0.43000
23602771;-0.42000
23605549;-0.41500
23608327;-0.41000
23611104;-0.43000
23613882;-0.43500
23616660;-0.43000
23619438;-0.43000
23622216;-0.42000
23624993;-0.42000
23627771;-0.44000
23630549;-0.44500
23633327;-0.43000
23636104;-0.43000
23638882;-0.42500
23641660;-0.43000
23644438;-0.43000
23647216;-0.44500
23649993;-0.44000
23652771;-0.45500
23655549;-0.43000
23658327;-0.44000
23661104;-0.45500
23663882;-0.48000
23666660;-0.51000
23669438;-0.54500
23672216;-0.56500
23674993;-0.58000
23677771;-0.63500
23680549;-0.66500
23683327;-0.63000
23686104;-0.51000
23688882;-0.35500
23691660;-0.20000
23694438;-0.02500
23697216;0.24000
23699993;0.54000
23702771;0.75500
23705549;0.84500
23708327;0.79500
23711104;0.55000
23713882;0.12000
23716660;-0.28500
23719438;-0.52000
23722216;-0.58500
23724993;-0.56000
23727771;-0.52000
23730549;-0.50000
23733327;-0.47000
23736104;-0.47500
23738882;-0.47000
23741660;-0.46000
23744438;-0.48000
23747216;-0.48500
23749993;-0.48500
23752771;-0.47000
23755549;-0.46500
23758327;-0.47500
23761104;-0.48000
23763882;-0.49000
23766660;-0.48500
23769438;-0.47500
23772216;-0.47000
23774993;-0.47500
23777771;-0.49000
23780549;-0.49500
23783327;-0.49500
23786104;-0.49500
23788882;-0.48000
23791660;-0.49000
23794438;-0.48500
23797216;-0.49500
23799993;-0.49000
23802771;-0.48500
23805549;-0.48000
23808327;-0.47500
23811104;-0.48500
23813882;-0.49000
23816660;-0.48500
23819438;-0.48000
23822216;-0.47500
23824993;-0.48500
23827771;-0.48500
23830549;-0.51000
23833327;-0.49500
23836104;-0.49000
23838882;-0.48500
23841660;-0.47500
23844438;-0.47500
23847216;-0.49500
23849993;-0.47500
23852771;-0.47500
23855549;-0.47500
23858327;-0.47000
23861104;-0.49500
23863882;-0.49500
23866660;-0.49500
23869438;-0.49000
23872216;-0.47000
23874993;-0.48500
23877771;-0.49500
23880549;-0.50500
23883327;-0.49500
23886104;-0.49000
23888882;-0.49000
23891660;-0.48000
23894438;-0.49000
23897216;-0.50000
23899993;-0.49500
23902771;-0.49000
23905549;-0.47500
23908327;-0.48000
23911104;-0.49000
23913882;-0.50000
23916660;-0.48000
23919438;-0.48500
23922216;-0.47500
23924993;-0.48000
23927771;-0.48000
23930549;-0.48000
23933327;-0.47000
23936104;-0.46500
23938882;-0.46000
23941660;-0.47500
23944438;-0.47500
23947216;-0.48000
23949993;-0.49000
23952771;-0.48000
23955549;-0.47000
23958327;-0.48000
23961104;-0.49500
23963882;-0.50500
23966660;-0.50500
23969438;-0.48500
23972216;-0.48500
23974993;-0.48500
23977771;-0.49500
23980549;-0.50500
23983327;-0.50500
23986104;-0.49000
23988882;-0.48500
23991660;-0.50000
23994438;-0.49000
23997216;-0.50000
23999993;-0.48000
24002771;-0.47000
24005549;-0.44500
24008327;-0.45000
24011104;-0.45000
24013882;-0.45000
24016660;-0.42500
24019438;-0.40500
24022215;-0.38500
24024993;-0.38500
24027771;-0.39500
24030549;-0.39000
24033327;-0.38500
24036104;-0.37500
24038882;-0.37000
24041660;-0.37500
24044438;-0.38500
24047215;-0.39000
24049993;-0.39000
24052771;-0.38500
24055549;-0.37000
24058327;-0.37000
24061104;-0.39000
24063882;-0.38500
24066660;-0.38500
24069438;-0.38500
24072215;-0.37500
24074993;-0.37500
24077771;-0.38000
24080549;-0.39000
24083327;-0.37000
24086104;-0.38000
24088882;-0.36500
24091660;-0.37000
24094438;-0.37500
24097215;-0.39000
24099993;-0.38000
24102771;-0.36500
24105549;-0.36500
24108327;-0.37000
24111104;-0.37500
24113882;-0.39500
24116660;-0.39000
24119438;-0.39000
24122215;-0.38000
24124993;-0.39000
24127771;-0.40500
24130549;-0.41500
24133327;-0.41500
24136104;-0.41000
24138882;-0.39500
24141660;-0.39500
24144438;-0.41000
24147215;-0.42000
24149993;-0.41000
24152771;-0.41500
24155549;-0.40000
24158327;-0.42000
24161104;-0.42500
24163882;-0.43000
24166660;-0.43000
24169438;-0.42500
24172215;-0.41000
24174993;-0.41000
24177771;-0.41000
24180549;-0.42500
24183327;-0.42500
24186104;-0.41000
24188882;-0.41000
24191660;-0.42000
24194438;-0.42000
24197215;-0.44500
24199993;-0.45000
24202771;-0.43500
24205549;-0.43000
24208327;-0.43000
24211104;-0.44000
24213882;-0.45000
24216660;-0.44500
24219438;-0.44000
24222215;-0.42000
24224993;-0.42000
24227771;-0.43000
24230549;-0.44500
24233327;-0.44500
24236104;-0.43500
24238882;-0.42500
24241660;-0.42500
24244438;-0.44500
24247215;-0.45000
24249993;-0.44500
24252771;-0.43500
24255549;-0.42500
24258327;-0.42000
24261104;-0.43000
24263882;-0.43000
24266660;-0.43000
24269438;-0.42000
24272215;-0.40500
24274993;-0.41500
24277771;-0.42000
24280549;-0.42500
24283327;-0.42500
24286104;-0.42000
24288882;-0.42500
24291660;-0.42000
24294438;-0.42500
24297215;-0.44000
24299993;-0.44000
24302771;-0.42500
24305549;-0.42000
24308327;-0.42000
24311104;-0.41500
24313882;-0.42500
24316660;-0.40000
24319438;-0.38000
24322215;-0.36500
24324993;-0.37000
24327771;-0.37000
24330549;-0.36500
24333327;-0.35500
24336104;-0.34500
24338882;-0.33000
24341660;-0.32000
24344438;-0.32000
24347215;-0.33000
24349993;-0.32500
24352771;-0.31500
24355549;-0.31500
24358327;-0.31500
24361104;-0.32500
24363882;-0.34000
24366660;-0.34500
24369438;-0.33500
24372215;-0.32500
24374993;-0.33500
24377771;-0.35500
24380549;-0.38000
24383327;-0.36000
24386104;-0.34500
24388882;-0.30500
24391660;-0.29500
24394438;-0.31500
24397215;-0.33500
24399993;-0.36500
24402771;-0.37000
24405549;-0.37500
24408326;-0.38500
24411104;-0.40500
24413882;-0.43000
24416660;-0.43000
24419438;-0.43000
24422215;-0.43000
24424993;-0.43500
24427771;-0.45000
24430549;-0.46000
24433326;-0.46000
24436104;-0.46000
24438882;-0.45500
24441660;-0.45000
24444438;-0.45000
24447215;-0.46500
24449993;-0.47000
24452771;-0.47000
24455549;-0.46000
24458326;-0.47500
24461104;-0.48000
24463882;-0.49000
24466660;-0.48000
24469438;-0.46500
24472215;-0.46500
24474993;-0.48000
24477771;-0.48500
24480549;-0.49500
24483326;-0.49500
24486104;-0.49000
24488882;-0.49000
24491660;-0.52500
24494438;-0.55500
24497215;-0.60000
24499993;-0.61000
24502771;-0.62000
24505549;-0.65500
24508326;-0.68000
24511104;-0.65500
24513882;-0.57500
24516660;-0.44500
24519438;-0.31000
24522215;-0.13000
24524993;0.12500
24527771;0.39500
24530549;0.60000
24533326;0.72500
24536104;0.71500
24538882;0.53000
24541660;0.18500
24544438;-0.19500
24547215;-0.45500
24549993;-0.59000
24552771;-0.61500
24555549;-0.58500
24558326;-0.54500
24561104;-0.53500
24563882;-0.53500
24566660;-0.53500
24569438;-0.52500
24572215;-0.50500
24574993;-0.51500
24577771;-0.50500
24580549;-0.51500
24583326;-0.51500
24586104;-0.49000
24588882;-0.49500
24591660;-0.50000
