timestamp,dataset,method,params,trace_count,repeat,tag_k,status,trace_indices_start,trace_indices_end,disc_time,learn_time,total_time,actual_bins,n_states,n_edges,n_inconsistencies,error_type,error_msg
2026-05-16T00:16:47.001765,clean,naive,{'bins': 5},1,0,4,ok,0,1,0.0014054197818040848,0.0025449497625231743,0.004506554454565048,5,11,11,0,,
2026-05-16T00:16:47.005434,clean,naive,{'bins': 5},1,1,4,ok,1,2,0.0004021748900413513,0.001463448628783226,0.002082992345094681,5,16,15,0,,
2026-05-16T00:16:47.009362,clean,naive,{'bins': 5},1,2,4,ok,2,3,0.00035825278609991074,0.002034611999988556,0.002601606771349907,5,11,11,0,,
2026-05-16T00:16:47.013141,clean,naive,{'bins': 5},1,3,4,ok,3,4,0.0003598155453801155,0.0021243607625365257,0.0027075251564383507,5,13,13,0,,
2026-05-16T00:16:47.015642,clean,naive,{'bins': 5},1,4,4,ok,4,5,0.000342734158039093,0.0009859614074230194,0.0015285508707165718,5,12,11,0,,
2026-05-16T00:16:47.030013,clean,naive,{'bins': 5},2,0,4,ok,0,2,0.0005507450550794601,0.009563100524246693,0.010473450645804405,5,25,26,0,,
2026-05-16T00:16:47.041364,clean,naive,{'bins': 5},2,1,4,ok,2,4,0.0005646310746669769,0.009050738997757435,0.009934167377650738,5,14,16,0,,
2026-05-16T00:16:47.050248,clean,naive,{'bins': 5},2,2,4,ok,4,6,0.0006105666980147362,0.006643807515501976,0.0075823403894901276,5,25,26,0,,
2026-05-16T00:16:47.066080,clean,naive,{'bins': 5},2,3,4,ok,6,8,0.0006141439080238342,0.013517498970031738,0.014473765157163143,5,20,23,0,,
2026-05-16T00:16:47.075906,clean,naive,{'bins': 5},2,4,4,ok,8,10,0.0006617521867156029,0.007582741789519787,0.008579623885452747,5,19,20,0,,
2026-05-16T00:16:47.093204,clean,naive,{'bins': 5},3,0,4,ok,0,3,0.0007712095975875854,0.012623739428818226,0.013885430060327053,5,29,31,0,,
2026-05-16T00:16:47.108484,clean,naive,{'bins': 5},3,1,4,ok,3,6,0.0008169347420334816,0.012194182723760605,0.013432659208774567,5,25,27,0,,
2026-05-16T00:16:47.138415,clean,naive,{'bins': 5},3,2,4,ok,6,9,0.0010289335623383522,0.026667495258152485,0.02821373101323843,5,29,34,0,,
2026-05-16T00:16:47.150988,clean,naive,{'bins': 5},3,3,4,ok,9,12,0.0008884081616997719,0.00958824809640646,0.010896734893321991,5,27,29,0,,
2026-05-16T00:16:47.169063,clean,naive,{'bins': 5},3,4,4,ok,12,15,0.000863121822476387,0.014943166635930538,0.01623078528791666,5,27,28,0,,
2026-05-16T00:16:47.203026,clean,naive,{'bins': 5},4,0,4,ok,0,4,0.0009585898369550705,0.028666219674050808,0.030134777538478374,5,31,36,0,,
2026-05-16T00:16:47.227346,clean,naive,{'bins': 5},4,1,4,ok,4,8,0.001234377734363079,0.020264300517737865,0.022105107083916664,5,25,28,0,,
2026-05-16T00:16:47.249676,clean,naive,{'bins': 5},4,2,4,ok,8,12,0.001037820242345333,0.01862412877380848,0.02021029870957136,5,31,35,0,,
2026-05-16T00:16:47.288143,clean,naive,{'bins': 5},4,3,4,ok,12,16,0.0011205747723579407,0.034591639414429665,0.036280191503465176,5,28,33,0,,
2026-05-16T00:16:47.308870,clean,naive,{'bins': 5},4,4,4,ok,16,20,0.0011320561170578003,0.016931109130382538,0.018639767542481422,5,26,29,0,,
2026-05-16T00:16:47.360630,clean,naive,{'bins': 5},5,0,4,ok,0,5,0.0013134172186255455,0.04504931066185236,0.047164673916995525,5,28,34,0,,
2026-05-16T00:16:47.400395,clean,naive,{'bins': 5},5,1,4,ok,5,10,0.0014724349603056908,0.033960905857384205,0.037222751416265965,5,31,35,0,,
2026-05-16T00:16:47.467444,clean,naive,{'bins': 5},5,2,4,ok,10,15,0.001532568596303463,0.061841389164328575,0.0645501771941781,5,29,36,0,,
2026-05-16T00:16:47.497738,clean,naive,{'bins': 5},5,3,4,ok,15,20,0.0013777175918221474,0.02599278837442398,0.02817419543862343,5,28,33,0,,
2026-05-16T00:16:47.538750,clean,naive,{'bins': 5},5,4,4,ok,20,25,0.00200726930052042,0.03577348869293928,0.03885516617447138,5,37,43,0,,
2026-05-16T00:16:47.585709,clean,naive,{'bins': 5},6,0,4,ok,0,6,0.0015688668936491013,0.04003989230841398,0.042562429793179035,5,3,6,0,,
2026-05-16T00:16:47.618004,clean,naive,{'bins': 5},6,1,4,ok,6,12,0.0017319330945611,0.027592383325099945,0.030243552289903164,5,32,36,0,,
2026-05-16T00:16:47.679095,clean,naive,{'bins': 5},6,2,4,ok,12,18,0.001461694948375225,0.0564853698015213,0.05886817444115877,5,11,16,0,,
2026-05-16T00:16:47.728255,clean,naive,{'bins': 5},6,3,4,ok,18,24,0.0014619957655668259,0.04416044056415558,0.04651058465242386,5,30,36,0,,
2026-05-16T00:16:47.770032,clean,naive,{'bins': 5},6,4,4,ok,24,30,0.0016036918386816978,0.036734835244715214,0.03923030197620392,5,3,6,0,,
2026-05-16T00:16:47.831388,clean,naive,{'bins': 5},7,0,4,ok,0,7,0.0019502127543091774,0.053002106957137585,0.056426217779517174,5,11,14,0,,
2026-05-16T00:16:47.893892,clean,naive,{'bins': 5},7,1,4,ok,7,14,0.001725129783153534,0.056815870106220245,0.05963751953095198,5,19,26,0,,
2026-05-16T00:16:47.999350,clean,naive,{'bins': 5},7,2,4,ok,14,21,0.0018356572836637497,0.09892784431576729,0.10182168893516064,5,28,39,0,,
2026-05-16T00:16:48.052023,clean,naive,{'bins': 5},7,3,4,ok,21,28,0.0022114431485533714,0.04593191761523485,0.049225103110075,5,35,41,0,,
2026-05-16T00:16:48.097381,clean,naive,{'bins': 5},7,4,4,ok,28,35,0.0021512098610401154,0.03903038613498211,0.04231188911944628,5,35,40,0,,
2026-05-16T00:16:48.162964,clean,naive,{'bins': 5},8,0,4,ok,0,8,0.0021882103756070137,0.05630773585289717,0.05976629164069891,5,10,13,0,,
2026-05-16T00:16:48.227527,clean,naive,{'bins': 5},8,1,4,ok,8,16,0.0021253423765301704,0.05823173001408577,0.06153342127799988,5,16,21,0,,
2026-05-16T00:16:48.304801,clean,naive,{'bins': 5},8,2,4,ok,16,24,0.0021706651896238327,0.07100540027022362,0.07432907167822123,5,27,34,0,,
2026-05-16T00:16:48.349677,clean,naive,{'bins': 5},8,3,4,ok,24,32,0.0018846094608306885,0.03977878112345934,0.04277043975889683,5,3,6,0,,
2026-05-16T00:16:48.447544,clean,naive,{'bins': 5},8,4,4,ok,32,40,0.0019483491778373718,0.09196436498314142,0.09502485301345587,5,4,7,0,,
2026-05-16T00:16:48.531485,clean,naive,{'bins': 5},9,0,4,ok,0,9,0.002215261571109295,0.07507621590048075,0.07872966770082712,5,5,8,0,,
2026-05-16T00:16:48.622152,clean,naive,{'bins': 5},9,1,4,ok,9,18,0.002110583707690239,0.08388371858745813,0.08731321897357702,5,34,43,0,,
2026-05-16T00:16:48.690403,clean,naive,{'bins': 5},9,2,4,ok,18,27,0.002239466644823551,0.061309791170060635,0.06495027896016836,5,42,48,0,,
2026-05-16T00:16:48.753455,clean,naive,{'bins': 5},9,3,4,ok,27,36,0.002128598280251026,0.05637911055237055,0.059859887696802616,5,34,40,0,,
2026-05-16T00:16:48.838517,clean,naive,{'bins': 5},9,4,4,ok,36,45,0.002232031896710396,0.07834837213158607,0.08194535784423351,5,18,24,0,,
2026-05-16T00:16:48.939498,clean,naive,{'bins': 5},10,0,4,ok,0,10,0.0025534462183713913,0.09205371327698231,0.09610589407384396,5,7,11,0,,
2026-05-16T00:16:49.039718,clean,naive,{'bins': 5},10,1,4,ok,10,20,0.0025450196117162704,0.09207198861986399,0.09602001309394836,5,10,14,0,,
2026-05-16T00:16:49.156080,clean,naive,{'bins': 5},10,2,4,ok,20,30,0.003594059497117996,0.1073745284229517,0.11268895864486694,5,30,38,0,,
2026-05-16T00:16:49.290372,clean,naive,{'bins': 5},10,3,4,ok,30,40,0.002675163559615612,0.12726539745926857,0.1312155658379197,5,5,8,0,,
2026-05-16T00:16:49.373814,clean,naive,{'bins': 5},10,4,4,ok,40,50,0.002662740647792816,0.07647859118878841,0.08041966333985329,5,8,12,0,,
2026-05-16T00:16:49.486574,clean,naive,{'bins': 5},11,0,4,ok,0,11,0.0029910271987318993,0.10296586714684963,0.10744048189371824,5,12,18,0,,
2026-05-16T00:16:49.592801,clean,naive,{'bins': 5},11,1,4,ok,11,22,0.0028550419956445694,0.09847699850797653,0.10277299676090479,5,8,12,0,,
2026-05-16T00:16:49.680527,clean,naive,{'bins': 5},11,2,4,ok,22,33,0.0026983479037880898,0.07976199686527252,0.08389337733387947,5,25,32,0,,
2026-05-16T00:16:49.770541,clean,naive,{'bins': 5},11,3,4,ok,33,44,0.002905256114900112,0.07998660858720541,0.0846245689317584,5,38,44,0,,
2026-05-16T00:16:49.864878,clean,naive,{'bins': 5},11,4,4,ok,44,55,0.003111213445663452,0.08577017020434141,0.09043531306087971,5,10,14,0,,
2026-05-16T00:16:50.008947,clean,naive,{'bins': 5},12,0,4,ok,0,12,0.0031574796885252,0.13382940459996462,0.1386411925777793,5,13,18,0,,
2026-05-16T00:16:50.124951,clean,naive,{'bins': 5},12,1,4,ok,12,24,0.003059527836740017,0.10595501214265823,0.1105967415496707,5,8,12,0,,
2026-05-16T00:16:50.213211,clean,naive,{'bins': 5},12,2,4,ok,24,36,0.004095451906323433,0.07744007464498281,0.08348081074655056,5,13,19,0,,
2026-05-16T00:16:50.296638,clean,naive,{'bins': 5},12,3,4,ok,36,48,0.0034826695919036865,0.0716177998110652,0.07895789574831724,5,13,16,0,,
2026-05-16T00:16:50.438176,clean,naive,{'bins': 5},12,4,4,ok,48,60,0.0032800212502479553,0.1321181496605277,0.13696102611720562,5,15,20,0,,
2026-05-16T00:16:50.614035,clean,naive,{'bins': 5},13,0,4,ok,0,13,0.0040849726647138596,0.16383898817002773,0.16969621926546097,5,14,21,0,,
2026-05-16T00:16:50.748191,clean,naive,{'bins': 5},13,1,4,ok,13,26,0.0035400791093707085,0.12438018713146448,0.12964559718966484,5,25,31,0,,
2026-05-16T00:16:50.865538,clean,naive,{'bins': 5},13,2,4,ok,26,39,0.003277265466749668,0.10747391544282436,0.11258365213871002,5,8,12,0,,
2026-05-16T00:16:50.977174,clean,naive,{'bins': 5},13,3,4,ok,39,52,0.004286770708858967,0.10013920906931162,0.10699095763266087,5,8,12,0,,
2026-05-16T00:16:51.097936,clean,naive,{'bins': 5},13,4,4,ok,52,65,0.003368435427546501,0.10952435526996851,0.11458501033484936,5,4,7,0,,
2026-05-16T00:16:51.280611,clean,naive,{'bins': 5},14,0,4,ok,0,14,0.004452892579138279,0.1676394259557128,0.17429588828235865,5,5,8,0,,
2026-05-16T00:16:51.457565,clean,naive,{'bins': 5},14,1,4,ok,14,28,0.003734525293111801,0.16562273725867271,0.17131892684847116,5,23,30,0,,
2026-05-16T00:16:51.590965,clean,naive,{'bins': 5},14,2,4,ok,28,42,0.004062090069055557,0.12298655044287443,0.12893651612102985,5,12,19,0,,
2026-05-16T00:16:51.721917,clean,naive,{'bins': 5},14,3,4,ok,42,56,0.003926824778318405,0.12073474004864693,0.12652562744915485,5,7,11,0,,
2026-05-16T00:16:51.861561,clean,naive,{'bins': 5},14,4,4,ok,56,70,0.00380841176956892,0.12979795411229134,0.13550879899412394,5,5,8,0,,
2026-05-16T00:16:52.037311,clean,naive,{'bins': 5},15,0,4,ok,0,15,0.0037657227367162704,0.16252542100846767,0.1683391099795699,5,5,8,0,,
2026-05-16T00:16:52.162833,clean,naive,{'bins': 5},15,1,4,ok,15,30,0.004293925128877163,0.11276418063789606,0.11915038526058197,5,32,40,0,,
2026-05-16T00:16:52.339148,clean,naive,{'bins': 5},15,2,4,ok,30,45,0.00440034456551075,0.16366952937096357,0.17013690620660782,5,7,10,0,,
2026-05-16T00:16:52.557066,clean,naive,{'bins': 5},15,3,4,ok,45,60,0.004482618533074856,0.20624274015426636,0.21290215756744146,5,26,33,0,,
2026-05-16T00:16:52.743588,clean,naive,{'bins': 5},15,4,4,ok,60,75,0.003951713442802429,0.17404949478805065,0.1817108653485775,5,26,36,0,,
2026-05-16T00:16:52.941437,clean,naive,{'bins': 5},16,0,4,ok,0,16,0.004152558743953705,0.18419191520661116,0.1905256099998951,5,5,8,0,,
2026-05-16T00:16:53.126720,clean,naive,{'bins': 5},16,1,4,ok,16,32,0.0044662076979875565,0.17240198142826557,0.17920014914125204,5,7,11,0,,
2026-05-16T00:16:53.237168,clean,naive,{'bins': 5},16,2,4,ok,32,48,0.005294203758239746,0.09624465461820364,0.1039581224322319,5,3,6,0,,
2026-05-16T00:16:53.448192,clean,naive,{'bins': 5},16,3,4,ok,48,64,0.004613844677805901,0.1991077484562993,0.2061688806861639,5,11,16,0,,
2026-05-16T00:16:53.574310,clean,naive,{'bins': 5},16,4,4,ok,64,80,0.004079352132976055,0.11421607807278633,0.12044090963900089,5,31,41,0,,
2026-05-16T00:16:53.773797,clean,naive,{'bins': 5},17,0,4,ok,0,17,0.005097744055092335,0.18502205330878496,0.19250417686998844,5,5,8,0,,
2026-05-16T00:16:53.899422,clean,naive,{'bins': 5},17,1,4,ok,17,34,0.004341272637248039,0.11301427148282528,0.11947385221719742,5,17,24,0,,
2026-05-16T00:16:54.039484,clean,naive,{'bins': 5},17,2,4,ok,34,51,0.004468042403459549,0.1276948032900691,0.13438179343938828,5,3,6,0,,
2026-05-16T00:16:54.203367,clean,naive,{'bins': 5},17,3,4,ok,51,68,0.004938274621963501,0.15075515396893024,0.15837428346276283,5,8,12,0,,
2026-05-16T00:16:54.373811,clean,naive,{'bins': 5},17,4,4,ok,68,85,0.004617922939360142,0.1562430914491415,0.16476095002144575,5,5,8,0,,
2026-05-16T00:16:54.687909,clean,naive,{'bins': 5},18,0,4,ok,0,18,0.005316846072673798,0.29708840418606997,0.30492586363106966,5,5,8,0,,
2026-05-16T00:16:54.846536,clean,naive,{'bins': 5},18,1,4,ok,18,36,0.00463235005736351,0.14705987460911274,0.15385136008262634,5,12,17,0,,
2026-05-16T00:16:55.021077,clean,naive,{'bins': 5},18,2,4,ok,36,54,0.004456309601664543,0.16242164559662342,0.16915583331137896,5,21,28,0,,
2026-05-16T00:16:55.209341,clean,naive,{'bins': 5},18,3,4,ok,54,72,0.00446404330432415,0.17628781963139772,0.1831321232020855,5,5,8,0,,
2026-05-16T00:16:55.408174,clean,naive,{'bins': 5},18,4,4,ok,72,90,0.004736847244203091,0.1868862845003605,0.19399352371692657,5,7,11,0,,
2026-05-16T00:16:55.721560,clean,naive,{'bins': 5},19,0,4,ok,0,19,0.0047412049025297165,0.29867624677717686,0.30578496772795916,5,5,8,0,,
2026-05-16T00:16:55.876184,clean,naive,{'bins': 5},19,1,4,ok,19,38,0.004838859662413597,0.14200410805642605,0.14932332560420036,5,17,22,0,,
2026-05-16T00:16:56.048404,clean,naive,{'bins': 5},19,2,4,ok,38,57,0.004874054342508316,0.15977464523166418,0.1670989515259862,5,7,11,0,,
2026-05-16T00:16:56.285069,clean,naive,{'bins': 5},19,3,4,ok,57,76,0.00476045161485672,0.22401148173958063,0.23107043001800776,5,43,56,0,,
2026-05-16T00:16:56.462851,clean,naive,{'bins': 5},19,4,4,ok,76,95,0.004615720361471176,0.1645084461197257,0.1715195244178176,5,6,10,0,,
2026-05-16T00:16:56.681621,clean,naive,{'bins': 5},20,0,4,ok,0,20,0.004933596588671207,0.20188304223120213,0.20929462183266878,5,28,36,0,,
2026-05-16T00:16:56.937541,clean,naive,{'bins': 5},20,1,4,ok,20,40,0.005056156776845455,0.24273073114454746,0.25036125257611275,5,11,16,0,,
2026-05-16T00:16:57.094858,clean,naive,{'bins': 5},20,2,4,ok,40,60,0.004863913170993328,0.14421791676431894,0.15173073578625917,5,3,6,0,,
2026-05-16T00:16:57.302272,clean,naive,{'bins': 5},20,3,4,ok,60,80,0.00488935224711895,0.19436157494783401,0.20171488542109728,5,23,31,0,,
2026-05-16T00:16:57.489328,clean,naive,{'bins': 5},20,4,4,ok,80,100,0.005004258826375008,0.17411113157868385,0.18163353018462658,5,10,15,0,,
2026-05-16T00:16:57.726649,clean,naive,{'bins': 5},21,0,4,ok,0,21,0.005013285204768181,0.2216173354536295,0.22925404831767082,5,6,9,0,,
2026-05-16T00:16:57.965772,clean,naive,{'bins': 5},21,1,4,ok,21,42,0.004905142821371555,0.22581508941948414,0.2333663124591112,5,14,20,0,,
2026-05-16T00:16:58.141570,clean,naive,{'bins': 5},21,2,4,ok,42,63,0.0050286054611206055,0.16165736969560385,0.16922989301383495,5,37,46,0,,
2026-05-16T00:16:58.324121,clean,naive,{'bins': 5},21,3,4,ok,63,84,0.00491552148014307,0.16882093623280525,0.17649979796260595,5,25,33,0,,
2026-05-16T00:16:58.532033,clean,naive,{'bins': 5},21,4,4,ok,84,105,0.005304672755300999,0.19327382184565067,0.20142019167542458,5,10,15,0,,
2026-05-16T00:16:58.733241,clean,naive,{'bins': 5},22,0,4,ok,0,22,0.005472208373248577,0.18359292019158602,0.1919129565358162,5,29,40,0,,
2026-05-16T00:16:58.937528,clean,naive,{'bins': 5},22,1,4,ok,22,44,0.005595238879323006,0.19009980000555515,0.19839375745505095,5,15,21,0,,
2026-05-16T00:16:59.103296,clean,naive,{'bins': 5},22,2,4,ok,44,66,0.005347393453121185,0.15148650854825974,0.15964244678616524,5,24,34,0,,
2026-05-16T00:16:59.319583,clean,naive,{'bins': 5},22,3,4,ok,66,88,0.0054925065487623215,0.20178045891225338,0.21009811107069254,5,25,33,0,,
2026-05-16T00:16:59.474054,clean,naive,{'bins': 5},22,4,4,ok,88,110,0.005646785721182823,0.14022734202444553,0.14862298965454102,5,9,13,0,,
2026-05-16T00:16:59.675973,clean,naive,{'bins': 5},23,0,4,ok,0,23,0.005357152782380581,0.18503787368535995,0.19338663388043642,5,29,40,0,,
2026-05-16T00:16:59.887214,clean,naive,{'bins': 5},23,1,4,ok,23,46,0.0055997371673583984,0.19525123573839664,0.20375883486121893,5,32,42,0,,
2026-05-16T00:17:00.087237,clean,naive,{'bins': 5},23,2,4,ok,46,69,0.005973177962005138,0.18440659809857607,0.19326208904385567,5,33,46,0,,
2026-05-16T00:17:00.298458,clean,naive,{'bins': 5},23,3,4,ok,69,92,0.005535968579351902,0.1963292406871915,0.20479335822165012,5,22,28,0,,
2026-05-16T00:17:00.532783,clean,naive,{'bins': 5},23,4,4,ok,92,115,0.005882578901946545,0.21844787430018187,0.22722346615046263,5,5,8,0,,
2026-05-16T00:17:00.731354,clean,naive,{'bins': 5},24,0,4,ok,0,24,0.00728452205657959,0.17693715915083885,0.18783528823405504,5,25,34,0,,
2026-05-16T00:17:00.928431,clean,naive,{'bins': 5},24,1,4,ok,24,48,0.006610265001654625,0.17887244373559952,0.18896264489740133,5,23,32,0,,
2026-05-16T00:17:01.270128,clean,naive,{'bins': 5},24,2,4,ok,48,72,0.005993586033582687,0.3256748244166374,0.33525989577174187,5,6,10,0,,
2026-05-16T00:17:01.448982,clean,naive,{'bins': 5},24,3,4,ok,72,96,0.0057974886149168015,0.16373636573553085,0.17258096765726805,5,7,11,0,,
2026-05-16T00:17:01.706607,clean,naive,{'bins': 5},24,4,4,ok,96,120,0.0059112319722771645,0.24195623770356178,0.25088328309357166,5,23,32,0,,
2026-05-16T00:17:01.915127,clean,naive,{'bins': 5},25,0,4,ok,0,25,0.005932541564106941,0.18936087284237146,0.1985673140734434,5,25,34,0,,
2026-05-16T00:17:02.190150,clean,naive,{'bins': 5},25,1,4,ok,25,50,0.006369391456246376,0.2570376908406615,0.26669189240783453,5,24,31,0,,
2026-05-16T00:17:02.459515,clean,naive,{'bins': 5},25,2,4,ok,50,75,0.006010699085891247,0.2522601690143347,0.26139216031879187,5,6,9,0,,
2026-05-16T00:17:02.697334,clean,naive,{'bins': 5},25,3,4,ok,75,100,0.006978447549045086,0.21926783304661512,0.22989595495164394,5,8,12,0,,
2026-05-16T00:17:02.890745,clean,naive,{'bins': 5},25,4,4,ok,100,125,0.006584576331079006,0.17502496764063835,0.1850710352882743,5,5,8,0,,
2026-05-16T00:17:03.093426,clean,naive,{'bins': 5},26,0,4,ok,0,26,0.007348940707743168,0.18109983671456575,0.19200588017702103,5,5,8,0,,
2026-05-16T00:17:03.262526,clean,naive,{'bins': 5},26,1,4,ok,26,52,0.006878268904983997,0.1510422145947814,0.1611766181886196,5,12,15,0,,
2026-05-16T00:17:03.506460,clean,naive,{'bins': 5},26,2,4,ok,52,78,0.006548830308020115,0.22695874888449907,0.23700374457985163,5,5,8,0,,
2026-05-16T00:17:03.832643,clean,naive,{'bins': 5},26,3,4,ok,78,104,0.00640419777482748,0.30794063583016396,0.3180359769612551,5,5,8,0,,
2026-05-16T00:17:04.199158,clean,naive,{'bins': 5},26,4,4,ok,104,130,0.00690335500985384,0.3487781463190913,0.35901649575680494,5,5,8,0,,
2026-05-16T00:17:04.410274,clean,naive,{'bins': 5},27,0,4,ok,0,27,0.007344353944063187,0.18970448803156614,0.20070487912744284,5,5,8,0,,
2026-05-16T00:17:04.625690,clean,naive,{'bins': 5},27,1,4,ok,27,54,0.007604633457958698,0.19608570262789726,0.20738179981708527,5,7,11,0,,
2026-05-16T00:17:04.993648,clean,naive,{'bins': 5},27,2,4,ok,54,81,0.006834876723587513,0.34944311529397964,0.3596693119034171,5,5,8,0,,
2026-05-16T00:17:05.251500,clean,naive,{'bins': 5},27,3,4,ok,81,108,0.006946115754544735,0.2382770162075758,0.24864792451262474,5,16,23,0,,
2026-05-16T00:17:05.523481,clean,naive,{'bins': 5},27,4,4,ok,108,135,0.007836217992007732,0.25183335691690445,0.26343860384076834,5,5,8,0,,
2026-05-16T00:17:05.745810,clean,naive,{'bins': 5},28,0,4,ok,0,28,0.007532356306910515,0.1997033078223467,0.21164029743522406,5,5,8,0,,
2026-05-16T00:17:06.046501,clean,naive,{'bins': 5},28,1,4,ok,28,56,0.006971342489123344,0.28090621158480644,0.291563106700778,5,3,6,0,,
2026-05-16T00:17:06.306527,clean,naive,{'bins': 5},28,2,4,ok,56,84,0.007025254890322685,0.2410708125680685,0.2516297046095133,5,22,30,0,,
2026-05-16T00:17:06.589309,clean,naive,{'bins': 5},28,3,4,ok,84,112,0.006784222088754177,0.26301356591284275,0.27322260942310095,5,9,14,0,,
2026-05-16T00:17:06.812407,clean,naive,{'bins': 5},28,4,4,ok,112,140,0.008455961011350155,0.19838007166981697,0.2129197996109724,5,18,25,0,,
2026-05-16T00:17:07.051110,clean,naive,{'bins': 5},29,0,4,ok,0,29,0.010560323484241962,0.20706387236714363,0.22434020973742008,5,5,8,0,,
2026-05-16T00:17:07.306354,clean,naive,{'bins': 5},29,1,4,ok,29,58,0.008953566662967205,0.23381439503282309,0.24667723383754492,5,3,6,0,,
2026-05-16T00:17:07.539635,clean,naive,{'bins': 5},29,2,4,ok,58,87,0.0072382548823952675,0.21326360572129488,0.22426291462033987,5,5,8,0,,
2026-05-16T00:17:07.816792,clean,naive,{'bins': 5},29,3,4,ok,87,116,0.007868599146604538,0.25693113170564175,0.2686136541888118,5,26,36,0,,
2026-05-16T00:17:08.029383,clean,naive,{'bins': 5},29,4,4,ok,116,145,0.00764803308993578,0.19283276423811913,0.20423639100044966,5,16,20,0,,
2026-05-16T00:17:08.261093,clean,naive,{'bins': 5},30,0,4,ok,0,30,0.0073608048260211945,0.20895535498857498,0.22020294051617384,5,5,8,0,,
2026-05-16T00:17:08.500659,clean,naive,{'bins': 5},30,1,4,ok,30,60,0.007813184522092342,0.21856011543422937,0.23035578895360231,5,3,6,0,,
2026-05-16T00:17:08.800697,clean,naive,{'bins': 5},30,2,4,ok,60,90,0.007538417354226112,0.28050081990659237,0.291926559060812,5,20,28,0,,
2026-05-16T00:17:09.103224,clean,naive,{'bins': 5},30,3,4,ok,90,120,0.008108668960630894,0.28128040488809347,0.2933186935260892,5,5,8,0,,
2026-05-16T00:17:09.491431,clean,naive,{'bins': 5},30,4,4,ok,120,150,0.009906455874443054,0.36294537503272295,0.3783776294440031,5,5,8,0,,
2026-05-16T00:17:09.727688,clean,naive,{'bins': 5},31,0,4,ok,0,31,0.007947086356580257,0.2135651335120201,0.22549630235880613,5,5,8,0,,
2026-05-16T00:17:10.019508,clean,naive,{'bins': 5},31,1,4,ok,31,62,0.007303807884454727,0.26849515084177256,0.2797982497140765,5,3,6,0,,
2026-05-16T00:17:10.359268,clean,naive,{'bins': 5},31,2,4,ok,62,93,0.008717241697013378,0.31788184866309166,0.33065718226134777,5,19,27,0,,
2026-05-16T00:17:10.717075,clean,naive,{'bins': 5},31,3,4,ok,93,124,0.007418583147227764,0.338102656416595,0.3493812596425414,5,5,8,0,,
2026-05-16T00:17:11.027286,clean,naive,{'bins': 5},31,4,4,ok,124,155,0.007622056640684605,0.289820714853704,0.30139346048235893,5,6,9,0,,
2026-05-16T00:17:11.344943,clean,naive,{'bins': 5},32,0,4,ok,0,32,0.008313334546983242,0.2937266696244478,0.30605713929980993,5,5,8,0,,
2026-05-16T00:17:11.644038,clean,naive,{'bins': 5},32,1,4,ok,32,64,0.007663101889193058,0.278134205378592,0.28962254244834185,5,27,38,0,,
2026-05-16T00:17:11.903355,clean,naive,{'bins': 5},32,2,4,ok,64,96,0.007598521187901497,0.2393185831606388,0.25084884837269783,5,20,28,0,,
2026-05-16T00:17:12.188166,clean,naive,{'bins': 5},32,3,4,ok,96,128,0.007530564442276955,0.26410419400781393,0.2754811206832528,5,5,8,0,,
2026-05-16T00:17:12.449734,clean,naive,{'bins': 5},32,4,4,ok,128,160,0.008076038211584091,0.23993885703384876,0.251879402436316,5,3,6,0,,
2026-05-16T00:17:12.706977,clean,naive,{'bins': 5},33,0,4,ok,0,33,0.007833672687411308,0.23353060148656368,0.2454559588804841,5,5,8,0,,
2026-05-16T00:17:12.972285,clean,naive,{'bins': 5},33,1,4,ok,33,66,0.008012508973479271,0.24393781833350658,0.2560053030028939,5,6,10,0,,
2026-05-16T00:17:13.357657,clean,naive,{'bins': 5},33,2,4,ok,66,99,0.00790738221257925,0.36483675707131624,0.37675401009619236,5,20,28,0,,
2026-05-16T00:17:13.750510,clean,naive,{'bins': 5},33,3,4,ok,99,132,0.007990237325429916,0.3706075260415673,0.3825553562492132,5,20,28,0,,
2026-05-16T00:17:14.126700,clean,naive,{'bins': 5},33,4,4,ok,132,165,0.009141730144619942,0.35183344408869743,0.36651165317744017,5,7,11,0,,
2026-05-16T00:17:14.391631,clean,naive,{'bins': 5},34,0,4,ok,0,34,0.007860925048589706,0.2415699902921915,0.253567504696548,5,5,8,0,,
2026-05-16T00:17:14.668303,clean,naive,{'bins': 5},34,1,4,ok,34,68,0.007878297008574009,0.2553882831707597,0.26735314540565014,5,6,10,0,,
2026-05-16T00:17:15.056535,clean,naive,{'bins': 5},34,2,4,ok,68,102,0.007919063791632652,0.3643441218882799,0.37640871200710535,5,19,27,0,,
2026-05-16T00:17:15.391717,clean,naive,{'bins': 5},34,3,4,ok,102,136,0.01049636397510767,0.3106975434347987,0.3259468041360378,5,21,29,0,,
2026-05-16T00:17:15.738308,clean,naive,{'bins': 5},34,4,4,ok,136,170,0.008596666157245636,0.32387625612318516,0.33672300539910793,5,7,11,0,,
2026-05-16T00:17:16.017232,clean,naive,{'bins': 5},35,0,4,ok,0,35,0.008397040888667107,0.25421353802084923,0.26696749217808247,5,5,8,0,,
2026-05-16T00:17:16.284397,clean,naive,{'bins': 5},35,1,4,ok,35,70,0.008359360508620739,0.24409776832908392,0.2566833160817623,5,7,11,0,,
2026-05-16T00:17:16.613048,clean,naive,{'bins': 5},35,2,4,ok,70,105,0.008494243025779724,0.3060317914932966,0.31897908821702003,5,9,13,0,,
2026-05-16T00:17:16.902365,clean,naive,{'bins': 5},35,3,4,ok,105,140,0.00847562961280346,0.264837340451777,0.277606975287199,5,5,8,0,,
2026-05-16T00:17:17.167764,clean,naive,{'bins': 5},35,4,4,ok,140,175,0.01017996110022068,0.23690903652459383,0.25217181351035833,5,7,11,0,,
2026-05-16T00:17:17.585016,clean,naive,{'bins': 5},36,0,4,ok,0,36,0.00981799978762865,0.38799993228167295,0.4030872080475092,5,5,8,0,,
2026-05-16T00:17:17.926241,clean,naive,{'bins': 5},36,1,4,ok,36,72,0.00862120185047388,0.31807329691946507,0.3309913296252489,5,5,8,0,,
2026-05-16T00:17:18.348089,clean,naive,{'bins': 5},36,2,4,ok,72,108,0.008598689921200275,0.39581108279526234,0.40886564180254936,5,19,27,0,,
2026-05-16T00:17:18.625886,clean,naive,{'bins': 5},36,3,4,ok,108,144,0.01066786702722311,0.24979333579540253,0.26492237113416195,5,27,34,0,,
2026-05-16T00:17:18.922893,clean,naive,{'bins': 5},36,4,4,ok,144,180,0.009573041461408138,0.2705978797748685,0.2851624861359596,5,5,8,0,,
2026-05-16T00:17:19.232368,clean,naive,{'bins': 5},37,0,4,ok,0,37,0.010301237925887108,0.27921472396701574,0.2943893847987056,5,5,8,0,,
2026-05-16T00:17:19.610710,clean,naive,{'bins': 5},37,1,4,ok,37,74,0.0101295355707407,0.3528274307027459,0.3677587350830436,5,15,22,0,,
2026-05-16T00:17:19.976301,clean,naive,{'bins': 5},37,2,4,ok,74,111,0.009582357481122017,0.3407299602404237,0.3547846982255578,5,5,8,0,,
2026-05-16T00:17:20.274754,clean,naive,{'bins': 5},37,3,4,ok,111,148,0.00945028942078352,0.27287381421774626,0.2868134258314967,5,27,36,0,,
2026-05-16T00:17:20.677207,clean,naive,{'bins': 5},37,4,4,ok,148,185,0.009607435204088688,0.3764477549120784,0.3906879210844636,5,3,6,0,,
2026-05-16T00:17:20.988822,clean,naive,{'bins': 5},38,0,4,ok,0,38,0.009959915652871132,0.28065889701247215,0.2965716738253832,5,5,8,0,,
2026-05-16T00:17:21.370488,clean,naive,{'bins': 5},38,1,4,ok,38,76,0.009916335344314575,0.35297313425689936,0.36823352705687284,5,15,22,0,,
2026-05-16T00:17:21.715316,clean,naive,{'bins': 5},38,2,4,ok,76,114,0.011090490035712719,0.31509554479271173,0.3330111540853977,5,6,9,0,,
2026-05-16T00:17:22.027143,clean,naive,{'bins': 5},38,3,4,ok,114,152,0.009654633700847626,0.28512855153530836,0.29978113155812025,5,27,36,0,,
2026-05-16T00:17:22.415503,clean,naive,{'bins': 5},38,4,4,ok,152,190,0.011611749418079853,0.35342136677354574,0.372219443321228,5,3,6,0,,
2026-05-16T00:17:22.766575,clean,naive,{'bins': 5},39,0,4,ok,0,39,0.010536178015172482,0.31911461148411036,0.3347855545580387,5,13,19,0,,
2026-05-16T00:17:23.146190,clean,naive,{'bins': 5},39,1,4,ok,39,78,0.010347905568778515,0.3517705863341689,0.3674470502883196,5,19,27,0,,
2026-05-16T00:17:23.509769,clean,naive,{'bins': 5},39,2,4,ok,78,117,0.012526456266641617,0.33117432426661253,0.3507208451628685,5,14,20,0,,
2026-05-16T00:17:23.885863,clean,naive,{'bins': 5},39,3,4,ok,117,156,0.009802410379052162,0.34863895643502474,0.3636114364489913,5,18,25,0,,
2026-05-16T00:17:24.184405,clean,naive,{'bins': 5},39,4,4,ok,156,195,0.00999452080577612,0.27005720417946577,0.2853725291788578,5,25,32,0,,
2026-05-16T00:17:24.535249,clean,naive,{'bins': 5},40,0,4,ok,0,40,0.011246983893215656,0.3193416390568018,0.33573545049875975,5,13,19,0,,
2026-05-16T00:17:24.890619,clean,naive,{'bins': 5},40,1,4,ok,40,80,0.010964151471853256,0.32787282206118107,0.3442941037937999,5,15,21,0,,
2026-05-16T00:17:25.344545,clean,naive,{'bins': 5},40,2,4,ok,80,120,0.01089568343013525,0.4271197961643338,0.4430833077058196,5,5,8,0,,
2026-05-16T00:17:25.777411,clean,naive,{'bins': 5},40,3,4,ok,120,160,0.010204967111349106,0.4049981767311692,0.4203149750828743,5,7,11,0,,
2026-05-16T00:17:26.132965,clean,naive,{'bins': 5},40,4,4,ok,160,200,0.010454616509377956,0.329121557995677,0.3445421913638711,5,11,16,0,,
2026-05-16T00:17:26.573298,clean,naive,{'bins': 5},41,0,4,ok,0,41,0.009921173565089703,0.41039802972227335,0.42548354249447584,5,19,27,0,,
2026-05-16T00:17:26.954476,clean,naive,{'bins': 5},41,1,4,ok,41,82,0.011270016431808472,0.35231461841613054,0.36934027541428804,5,18,25,0,,
2026-05-16T00:17:27.423242,clean,naive,{'bins': 5},41,2,4,ok,82,123,0.010623592883348465,0.44023056980222464,0.45599360577762127,5,5,8,0,,
2026-05-16T00:17:27.755782,clean,naive,{'bins': 5},41,3,4,ok,123,164,0.01105041429400444,0.29935075249522924,0.31621297262609005,5,5,8,0,,
2026-05-16T00:17:28.046112,clean,naive,{'bins': 5},41,4,4,ok,164,205,0.012045572511851788,0.2606675699353218,0.27793061174452305,5,14,20,0,,
2026-05-16T00:17:28.490572,clean,naive,{'bins': 5},42,0,4,ok,0,42,0.010797139257192612,0.41365126986056566,0.4297462301328778,5,19,27,0,,
2026-05-16T00:17:28.839937,clean,naive,{'bins': 5},42,1,4,ok,42,84,0.015202812850475311,0.30935077648609877,0.336241340264678,5,12,16,0,,
2026-05-16T00:17:29.178872,clean,naive,{'bins': 5},42,2,4,ok,84,126,0.011370857246220112,0.3096492551267147,0.32648075837641954,5,5,8,0,,
2026-05-16T00:17:29.480734,clean,naive,{'bins': 5},42,3,4,ok,126,168,0.011565792374312878,0.27083846274763346,0.28819515090435743,5,5,8,0,,
2026-05-16T00:17:29.879348,clean,naive,{'bins': 5},42,4,4,ok,168,210,0.011123060248792171,0.36937400978058577,0.3860422149300575,5,11,16,0,,
2026-05-16T00:17:30.306940,clean,naive,{'bins': 5},43,0,4,ok,0,43,0.011114093475043774,0.3956246618181467,0.412651801481843,5,19,27,0,,
2026-05-16T00:17:30.743481,clean,naive,{'bins': 5},43,1,4,ok,43,86,0.010546669363975525,0.407404076308012,0.4233487332239747,5,10,15,0,,
2026-05-16T00:17:31.067222,clean,naive,{'bins': 5},43,2,4,ok,86,129,0.011772200465202332,0.293729635886848,0.3111261297017336,5,6,9,0,,
2026-05-16T00:17:31.493209,clean,naive,{'bins': 5},43,3,4,ok,129,172,0.011134002357721329,0.3968493118882179,0.41340162977576256,5,17,24,0,,
2026-05-16T00:17:31.837067,clean,naive,{'bins': 5},43,4,4,ok,172,215,0.011048800311982632,0.3099621729925275,0.3289919337257743,5,11,17,0,,
2026-05-16T00:17:32.291381,clean,naive,{'bins': 5},44,0,4,ok,0,44,0.011581141501665115,0.42064372170716524,0.4378286087885499,5,19,27,0,,
2026-05-16T00:17:32.608956,clean,naive,{'bins': 5},44,1,4,ok,44,88,0.012714890763163567,0.28452520817518234,0.30424283165484667,5,17,22,0,,
2026-05-16T00:17:32.954315,clean,naive,{'bins': 5},44,2,4,ok,88,132,0.010802949778735638,0.3100673211738467,0.33246759325265884,5,5,8,0,,
2026-05-16T00:17:33.367897,clean,naive,{'bins': 5},44,3,4,ok,132,176,0.012204021215438843,0.37833777349442244,0.4004410579800606,5,19,24,0,,
2026-05-16T00:17:33.727758,clean,naive,{'bins': 5},44,4,4,ok,176,220,0.011402465403079987,0.32703632209450006,0.3441924238577485,5,23,30,0,,
2026-05-16T00:17:34.194844,clean,naive,{'bins': 5},45,0,4,ok,0,45,0.012336860410869122,0.42723791766911745,0.4498086189851165,5,19,27,0,,
2026-05-16T00:17:34.510817,clean,naive,{'bins': 5},45,1,4,ok,45,90,0.012143286876380444,0.28311922773718834,0.30101764388382435,5,17,22,0,,
2026-05-16T00:17:34.995738,clean,naive,{'bins': 5},45,2,4,ok,90,135,0.012237153947353363,0.4536257889121771,0.4717949638143182,5,6,9,0,,
2026-05-16T00:17:35.373271,clean,naive,{'bins': 5},45,3,4,ok,135,180,0.011626035906374454,0.3462721398100257,0.36419978085905313,5,7,11,0,,
2026-05-16T00:17:35.749446,clean,naive,{'bins': 5},45,4,4,ok,180,225,0.011191819794476032,0.3444090113043785,0.3610928561538458,5,28,36,0,,
2026-05-16T00:17:36.252564,clean,naive,{'bins': 5},46,0,4,ok,0,46,0.012281105853617191,0.46480861119925976,0.4828229658305645,5,19,27,0,,
2026-05-16T00:17:36.636882,clean,naive,{'bins': 5},46,1,4,ok,46,92,0.012450112961232662,0.3505915738642216,0.369879218749702,5,6,9,0,,
2026-05-16T00:17:36.997372,clean,naive,{'bins': 5},46,2,4,ok,92,138,0.012637125328183174,0.3259489294141531,0.3453620411455631,5,28,36,0,,
2026-05-16T00:17:37.379609,clean,naive,{'bins': 5},46,3,4,ok,138,184,0.01336950995028019,0.34852143470197916,0.36821623519062996,5,7,11,0,,
2026-05-16T00:17:37.832161,clean,naive,{'bins': 5},46,4,4,ok,184,230,0.0122440867125988,0.4207026930525899,0.4386917594820261,5,17,24,0,,
2026-05-16T00:17:38.405800,clean,naive,{'bins': 5},47,0,4,ok,0,47,0.011413577012717724,0.5391105636954308,0.5564841749146581,5,20,28,0,,
2026-05-16T00:17:38.794326,clean,naive,{'bins': 5},47,1,4,ok,47,94,0.012172401882708073,0.3556986851617694,0.3736673127859831,5,6,9,0,,
2026-05-16T00:17:39.218526,clean,naive,{'bins': 5},47,2,4,ok,94,141,0.01310566533356905,0.3875747434794903,0.4095107028260827,5,20,28,0,,
2026-05-16T00:17:39.615470,clean,naive,{'bins': 5},47,3,4,ok,141,188,0.013403474353253841,0.35752049647271633,0.3784748921170831,5,3,6,0,,
2026-05-16T00:17:40.083042,clean,naive,{'bins': 5},47,4,4,ok,188,235,0.011915087699890137,0.43624533526599407,0.45407051406800747,5,17,24,0,,
2026-05-16T00:17:40.752648,clean,naive,{'bins': 5},48,0,4,ok,0,48,0.09006110951304436,0.5561205418780446,0.6524900104850531,5,20,28,0,,
2026-05-16T00:17:41.133435,clean,naive,{'bins': 5},48,1,4,ok,48,96,0.012436436489224434,0.3481805343180895,0.3667007880285382,5,6,9,0,,
2026-05-16T00:17:41.520177,clean,naive,{'bins': 5},48,2,4,ok,96,144,0.011616257019340992,0.3562515126541257,0.373713718727231,5,28,36,0,,
2026-05-16T00:17:42.033163,clean,naive,{'bins': 5},48,3,4,ok,144,192,0.012358902022242546,0.4792700242251158,0.49741242825984955,5,7,11,0,,
2026-05-16T00:17:42.432569,clean,naive,{'bins': 5},48,4,4,ok,192,240,0.011875784955918789,0.36799849569797516,0.38578318897634745,5,9,14,0,,
2026-05-16T00:17:42.980995,clean,naive,{'bins': 5},49,0,4,ok,0,49,0.011774956248700619,0.514702221378684,0.5323662981390953,5,20,28,0,,
2026-05-16T00:17:43.382191,clean,naive,{'bins': 5},49,1,4,ok,49,98,0.011785085313022137,0.36994212586432695,0.38769340608268976,5,6,9,0,,
2026-05-16T00:17:43.784107,clean,naive,{'bins': 5},49,2,4,ok,98,147,0.011744578368961811,0.37001299019902945,0.38764949422329664,5,28,36,0,,
2026-05-16T00:17:44.219522,clean,naive,{'bins': 5},49,3,4,ok,147,196,0.01266799308359623,0.401876044459641,0.42051722574979067,5,5,8,0,,
2026-05-16T00:17:44.608842,clean,naive,{'bins': 5},49,4,4,ok,196,245,0.011764726601541042,0.35804247576743364,0.3757602237164974,5,9,14,0,,
2026-05-16T00:17:45.226829,clean,naive,{'bins': 5},50,0,4,ok,0,50,0.011747904121875763,0.5826368844136596,0.6008860897272825,5,20,28,0,,
2026-05-16T00:17:45.620301,clean,naive,{'bins': 5},50,1,4,ok,50,100,0.011757612228393555,0.3610184043645859,0.3789470577612519,5,5,8,0,,
2026-05-16T00:17:46.030316,clean,naive,{'bins': 5},50,2,4,ok,100,150,0.011562976986169815,0.37752881553024054,0.3952516410499811,5,28,36,0,,
2026-05-16T00:17:46.494995,clean,naive,{'bins': 5},50,3,4,ok,150,200,0.01221257634460926,0.428895509801805,0.4471842795610428,5,7,11,0,,
2026-05-16T00:17:46.923088,clean,naive,{'bins': 5},50,4,4,ok,200,250,0.013405348174273968,0.39133155904710293,0.4125573458150029,5,5,8,0,,
2026-05-16T00:17:46.963944,clean,sax,"{'w': 144, 'bins': 5}",1,0,4,ok,0,1,0.013436747714877129,0.001014595851302147,0.014856874942779541,5,10,9,0,,
2026-05-16T00:17:46.977969,clean,sax,"{'w': 144, 'bins': 5}",1,1,4,ok,1,2,0.011380184441804886,0.0007610805332660675,0.012309440411627293,5,10,9,0,,
2026-05-16T00:17:46.991009,clean,sax,"{'w': 144, 'bins': 5}",1,2,4,ok,2,3,0.010908718220889568,0.0007733730599284172,0.011838545091450214,5,10,9,0,,
2026-05-16T00:17:47.004195,clean,sax,"{'w': 144, 'bins': 5}",1,3,4,ok,3,4,0.010887599550187588,0.0007627829909324646,0.011834117583930492,5,10,9,0,,
2026-05-16T00:17:47.016729,clean,sax,"{'w': 144, 'bins': 5}",1,4,4,ok,4,5,0.010806516744196415,0.0007515205070376396,0.011713890358805656,5,10,9,0,,
2026-05-16T00:17:47.054306,clean,sax,"{'w': 144, 'bins': 5}",2,0,4,ok,0,2,0.022256391122937202,0.001711915247142315,0.02440322283655405,5,10,9,0,,
2026-05-16T00:17:47.078887,clean,sax,"{'w': 144, 'bins': 5}",2,1,4,ok,2,4,0.021889992989599705,0.0011181198060512543,0.02332795411348343,5,10,9,0,,
2026-05-16T00:17:47.103696,clean,sax,"{'w': 144, 'bins': 5}",2,2,4,ok,4,6,0.021956127136945724,0.001115504652261734,0.023395461030304432,5,10,9,0,,
2026-05-16T00:17:47.129576,clean,sax,"{'w': 144, 'bins': 5}",2,3,4,ok,6,8,0.021463423036038876,0.0029102349653840065,0.024597197771072388,5,15,15,0,,
2026-05-16T00:17:47.155275,clean,sax,"{'w': 144, 'bins': 5}",2,4,4,ok,8,10,0.021442293189466,0.002731550484895706,0.024406390264630318,5,15,15,0,,
2026-05-16T00:17:47.201911,clean,sax,"{'w': 144, 'bins': 5}",3,0,4,ok,0,3,0.03218009974807501,0.0012447275221347809,0.033762591890990734,5,10,9,0,,
2026-05-16T00:17:47.236634,clean,sax,"{'w': 144, 'bins': 5}",3,1,4,ok,3,6,0.03181166760623455,0.0014156494289636612,0.033527991734445095,5,10,9,0,,
2026-05-16T00:17:47.274663,clean,sax,"{'w': 144, 'bins': 5}",3,2,4,ok,6,9,0.032359957695007324,0.0038657113909721375,0.03679996728897095,5,12,12,0,,
2026-05-16T00:17:47.314491,clean,sax,"{'w': 144, 'bins': 5}",3,3,4,ok,9,12,0.03314425051212311,0.004628652706742287,0.03834560886025429,5,12,13,0,,
2026-05-16T00:17:47.352752,clean,sax,"{'w': 144, 'bins': 5}",3,4,4,ok,12,15,0.032897437922656536,0.00324897188693285,0.03666300978511572,5,16,16,0,,
2026-05-16T00:17:47.412506,clean,sax,"{'w': 144, 'bins': 5}",4,0,4,ok,0,4,0.043352353386580944,0.0016319844871759415,0.0456567807123065,5,10,9,0,,
2026-05-16T00:17:47.466892,clean,sax,"{'w': 144, 'bins': 5}",4,1,4,ok,4,8,0.042922595515847206,0.009496204555034637,0.05282978247851133,5,13,14,0,,
2026-05-16T00:17:47.523010,clean,sax,"{'w': 144, 'bins': 5}",4,2,4,ok,8,12,0.042346153408288956,0.011845547705888748,0.054564911872148514,5,7,8,0,,
2026-05-16T00:17:47.573059,clean,sax,"{'w': 144, 'bins': 5}",4,3,4,ok,12,16,0.043397498317062855,0.004561837762594223,0.048596423119306564,5,14,14,0,,
2026-05-16T00:17:47.620372,clean,sax,"{'w': 144, 'bins': 5}",4,4,4,ok,16,20,0.04353388398885727,0.0016283784061670303,0.045751919969916344,5,10,9,0,,
2026-05-16T00:17:47.690696,clean,sax,"{'w': 144, 'bins': 5}",5,0,4,ok,0,5,0.05402455758303404,0.0018291352316737175,0.0565435690805316,5,10,9,0,,
2026-05-16T00:17:47.753025,clean,sax,"{'w': 144, 'bins': 5}",5,1,4,ok,5,10,0.05369752272963524,0.006479710340499878,0.06067174207419157,5,15,16,0,,
2026-05-16T00:17:47.814624,clean,sax,"{'w': 144, 'bins': 5}",5,2,4,ok,10,15,0.052841003984212875,0.006564809940755367,0.059819171205163,5,9,10,0,,
2026-05-16T00:17:47.871296,clean,sax,"{'w': 144, 'bins': 5}",5,3,4,ok,15,20,0.052941152825951576,0.0018598129972815514,0.0552034517750144,5,12,11,0,,
2026-05-16T00:17:47.930351,clean,sax,"{'w': 144, 'bins': 5}",5,4,4,ok,20,25,0.05271379556506872,0.004522704519331455,0.057632433250546455,5,15,15,0,,
2026-05-16T00:17:48.012163,clean,sax,"{'w': 144, 'bins': 5}",6,0,4,ok,0,6,0.0658043222501874,0.002345586195588112,0.06890777125954628,5,10,9,0,,
2026-05-16T00:17:48.085844,clean,sax,"{'w': 144, 'bins': 5}",6,1,4,ok,6,12,0.06403675302863121,0.0075361039489507675,0.07204329967498779,5,14,15,0,,
2026-05-16T00:17:48.156287,clean,sax,"{'w': 144, 'bins': 5}",6,2,4,ok,12,18,0.06348132900893688,0.0049193790182471275,0.06888572964817286,5,14,14,0,,
2026-05-16T00:17:48.226667,clean,sax,"{'w': 144, 'bins': 5}",6,3,4,ok,18,24,0.06354962754994631,0.004741154611110687,0.06875213794410229,5,16,16,0,,
2026-05-16T00:17:48.299938,clean,sax,"{'w': 144, 'bins': 5}",6,4,4,ok,24,30,0.06415353156626225,0.007259584963321686,0.07188706658780575,5,13,14,0,,
2026-05-16T00:17:48.393562,clean,sax,"{'w': 144, 'bins': 5}",7,0,4,ok,0,7,0.07387795578688383,0.005541177466511726,0.07997287344187498,5,10,11,0,,
2026-05-16T00:17:48.483548,clean,sax,"{'w': 144, 'bins': 5}",7,1,4,ok,7,14,0.07381683122366667,0.014025191776454449,0.08836930245161057,5,7,8,0,,
2026-05-16T00:17:48.567912,clean,sax,"{'w': 144, 'bins': 5}",7,2,4,ok,14,21,0.0735237505286932,0.00866289995610714,0.08270987309515476,5,18,19,0,,
2026-05-16T00:17:48.648131,clean,sax,"{'w': 144, 'bins': 5}",7,3,4,ok,21,28,0.07376800011843443,0.004431652836501598,0.07873859535902739,5,12,12,0,,
2026-05-16T00:17:48.726539,clean,sax,"{'w': 144, 'bins': 5}",7,4,4,ok,28,35,0.0736752450466156,0.0027330229058861732,0.0769412275403738,5,10,9,0,,
2026-05-16T00:17:48.836170,clean,sax,"{'w': 144, 'bins': 5}",8,0,4,ok,0,8,0.08458976354449987,0.011575371026992798,0.09676138497889042,5,13,14,0,,
2026-05-16T00:17:48.938882,clean,sax,"{'w': 144, 'bins': 5}",8,1,4,ok,8,16,0.08521457761526108,0.01498850155621767,0.10094706621021032,5,6,8,0,,
2026-05-16T00:17:49.032732,clean,sax,"{'w': 144, 'bins': 5}",8,2,4,ok,16,24,0.08614892233163118,0.005082936957478523,0.09212398435920477,5,14,14,0,,
2026-05-16T00:17:49.123909,clean,sax,"{'w': 144, 'bins': 5}",8,3,4,ok,24,32,0.08410526346415281,0.004867272451519966,0.0895438389852643,5,12,12,0,,
2026-05-16T00:17:49.217272,clean,sax,"{'w': 144, 'bins': 5}",8,4,4,ok,32,40,0.08387007378041744,0.007065179757773876,0.09150885045528412,5,15,16,0,,
2026-05-16T00:17:49.338915,clean,sax,"{'w': 144, 'bins': 5}",9,0,4,ok,0,9,0.09547371603548527,0.011669477447867393,0.10778568033128977,5,13,14,0,,
2026-05-16T00:17:49.447060,clean,sax,"{'w': 144, 'bins': 5}",9,1,4,ok,9,18,0.09445899073034525,0.011132638901472092,0.10622974764555693,5,13,15,0,,
2026-05-16T00:17:49.553151,clean,sax,"{'w': 144, 'bins': 5}",9,2,4,ok,18,27,0.09479382913559675,0.008638533763587475,0.10412032622843981,5,16,17,0,,
2026-05-16T00:17:49.658690,clean,sax,"{'w': 144, 'bins': 5}",9,3,4,ok,27,36,0.09693194553256035,0.0054131168872118,0.10351254511624575,5,12,12,0,,
2026-05-16T00:17:49.764271,clean,sax,"{'w': 144, 'bins': 5}",9,4,4,ok,36,45,0.09716308023780584,0.005512885749340057,0.10348232928663492,5,17,17,0,,
2026-05-16T00:17:49.893809,clean,sax,"{'w': 144, 'bins': 5}",10,0,4,ok,0,10,0.1059188349172473,0.009283284656703472,0.1161008682101965,5,14,15,0,,
2026-05-16T00:17:50.014615,clean,sax,"{'w': 144, 'bins': 5}",10,1,4,ok,10,20,0.10981066338717937,0.0059846993535757065,0.11814388446509838,5,14,14,0,,
2026-05-16T00:17:50.138009,clean,sax,"{'w': 144, 'bins': 5}",10,2,4,ok,20,30,0.10999572090804577,0.009585442952811718,0.12086695898324251,5,16,17,0,,
2026-05-16T00:17:50.256115,clean,sax,"{'w': 144, 'bins': 5}",10,3,4,ok,30,40,0.10655522905290127,0.007723264396190643,0.11591045930981636,5,15,16,0,,
2026-05-16T00:17:50.374086,clean,sax,"{'w': 144, 'bins': 5}",10,4,4,ok,40,50,0.10624709073454142,0.00839703157544136,0.11569977458566427,5,19,20,0,,
2026-05-16T00:17:50.516523,clean,sax,"{'w': 144, 'bins': 5}",11,0,4,ok,0,11,0.11596721690148115,0.009870339184999466,0.12680848967283964,5,12,13,0,,
2026-05-16T00:17:50.648668,clean,sax,"{'w': 144, 'bins': 5}",11,1,4,ok,11,22,0.11877121310681105,0.009791038930416107,0.12981283105909824,5,19,20,0,,
2026-05-16T00:17:50.774002,clean,sax,"{'w': 144, 'bins': 5}",11,2,4,ok,22,33,0.11655859742313623,0.005719012580811977,0.123223215341568,5,12,12,0,,
2026-05-16T00:17:50.904044,clean,sax,"{'w': 144, 'bins': 5}",11,3,4,ok,33,44,0.11734873056411743,0.009396307170391083,0.12796254456043243,5,14,16,0,,
2026-05-16T00:17:51.033771,clean,sax,"{'w': 144, 'bins': 5}",11,4,4,ok,44,55,0.11678508296608925,0.009050358086824417,0.12736418191343546,5,16,17,0,,
2026-05-16T00:17:51.191316,clean,sax,"{'w': 144, 'bins': 5}",12,0,4,ok,0,12,0.12982243951410055,0.010889681987464428,0.1429073540493846,5,14,15,0,,
2026-05-16T00:17:51.333960,clean,sax,"{'w': 144, 'bins': 5}",12,1,4,ok,12,24,0.1280028624460101,0.010753045789897442,0.1399332694709301,5,19,20,0,,
2026-05-16T00:17:51.471113,clean,sax,"{'w': 144, 'bins': 5}",12,2,4,ok,24,36,0.12673183530569077,0.0061244722455739975,0.1345447888597846,5,12,12,0,,
2026-05-16T00:17:51.615215,clean,sax,"{'w': 144, 'bins': 5}",12,3,4,ok,36,48,0.1276570027694106,0.012437138706445694,0.14121748134493828,5,21,23,0,,
2026-05-16T00:17:51.758537,clean,sax,"{'w': 144, 'bins': 5}",12,4,4,ok,48,60,0.12703543435782194,0.012342290952801704,0.14101723488420248,5,14,15,0,,
2026-05-16T00:17:51.933336,clean,sax,"{'w': 144, 'bins': 5}",13,0,4,ok,0,13,0.13753994461148977,0.018881442956626415,0.15792241599410772,5,11,12,0,,
2026-05-16T00:17:52.092674,clean,sax,"{'w': 144, 'bins': 5}",13,1,4,ok,13,26,0.14292264357209206,0.01172791700810194,0.15681141894310713,5,18,19,0,,
2026-05-16T00:17:52.248545,clean,sax,"{'w': 144, 'bins': 5}",13,2,4,ok,26,39,0.13951954152435064,0.011150051839649677,0.15197384264320135,5,14,15,0,,
2026-05-16T00:17:52.400294,clean,sax,"{'w': 144, 'bins': 5}",13,3,4,ok,39,52,0.13784483633935452,0.010101302526891232,0.14929331932216883,5,19,20,0,,
2026-05-16T00:17:52.561559,clean,sax,"{'w': 144, 'bins': 5}",13,4,4,ok,52,65,0.13740094285458326,0.019676044583320618,0.15885448548942804,5,13,15,0,,
2026-05-16T00:17:52.746794,clean,sax,"{'w': 144, 'bins': 5}",14,0,4,ok,0,14,0.1489925840869546,0.019563844427466393,0.16994733083993196,5,11,12,0,,
2026-05-16T00:17:52.909771,clean,sax,"{'w': 144, 'bins': 5}",14,1,4,ok,14,28,0.14794261194765568,0.011122869327664375,0.16035536490380764,5,18,19,0,,
2026-05-16T00:17:53.074161,clean,sax,"{'w': 144, 'bins': 5}",14,2,4,ok,28,42,0.14897730480879545,0.010296318680047989,0.1607246082276106,5,14,16,0,,
2026-05-16T00:17:53.246230,clean,sax,"{'w': 144, 'bins': 5}",14,3,4,ok,42,56,0.15110759623348713,0.016031079925596714,0.16860717441886663,5,20,22,0,,
2026-05-16T00:17:53.418918,clean,sax,"{'w': 144, 'bins': 5}",14,4,4,ok,56,70,0.1503462754189968,0.017754425294697285,0.16942353546619415,5,17,19,0,,
2026-05-16T00:17:53.608177,clean,sax,"{'w': 144, 'bins': 5}",15,0,4,ok,0,15,0.15987204853445292,0.011270808055996895,0.17299756035208702,5,17,18,0,,
2026-05-16T00:17:53.783545,clean,sax,"{'w': 144, 'bins': 5}",15,1,4,ok,15,30,0.15937220957130194,0.011807656846940517,0.17268542293459177,5,18,19,0,,
2026-05-16T00:17:53.957011,clean,sax,"{'w': 144, 'bins': 5}",15,2,4,ok,30,45,0.1583350719884038,0.010485653765499592,0.17096850834786892,5,14,16,0,,
2026-05-16T00:17:54.143943,clean,sax,"{'w': 144, 'bins': 5}",15,3,4,ok,45,60,0.16298256069421768,0.017642504535615444,0.18408250901848078,5,19,21,0,,
2026-05-16T00:17:54.339498,clean,sax,"{'w': 144, 'bins': 5}",15,4,4,ok,60,75,0.15873888973146677,0.032734441570937634,0.1926579363644123,5,25,29,0,,
2026-05-16T00:17:54.538903,clean,sax,"{'w': 144, 'bins': 5}",16,0,4,ok,0,16,0.16911823488771915,0.01306702196598053,0.1837409883737564,5,16,17,0,,
2026-05-16T00:17:54.722366,clean,sax,"{'w': 144, 'bins': 5}",16,1,4,ok,16,32,0.1681574396789074,0.011341309174895287,0.18071829993277788,5,16,17,0,,
2026-05-16T00:17:54.908956,clean,sax,"{'w': 144, 'bins': 5}",16,2,4,ok,32,48,0.1679222472012043,0.014580233953893185,0.18377596326172352,5,21,23,0,,
2026-05-16T00:17:55.101333,clean,sax,"{'w': 144, 'bins': 5}",16,3,4,ok,48,64,0.16961020696908236,0.016522282734513283,0.18844897020608187,5,20,22,0,,
2026-05-16T00:17:55.295797,clean,sax,"{'w': 144, 'bins': 5}",16,4,4,ok,64,80,0.17337822448462248,0.016644942574203014,0.19159629102796316,5,16,19,0,,
2026-05-16T00:17:55.507247,clean,sax,"{'w': 144, 'bins': 5}",17,0,4,ok,0,17,0.17999831773340702,0.013841986656188965,0.19527850672602654,5,16,17,0,,
2026-05-16T00:17:55.702304,clean,sax,"{'w': 144, 'bins': 5}",17,1,4,ok,17,34,0.1788596585392952,0.011768683791160583,0.19222606346011162,5,16,17,0,,
2026-05-16T00:17:55.900760,clean,sax,"{'w': 144, 'bins': 5}",17,2,4,ok,34,51,0.17920199315994978,0.01501059252768755,0.1955251907929778,5,21,23,0,,
2026-05-16T00:17:56.100729,clean,sax,"{'w': 144, 'bins': 5}",17,3,4,ok,51,68,0.17800846975296736,0.01749824546277523,0.19703743141144514,5,17,19,0,,
2026-05-16T00:17:56.294053,clean,sax,"{'w': 144, 'bins': 5}",17,4,4,ok,68,85,0.17734032589942217,0.011564620770514011,0.19032695796340704,5,13,15,0,,
2026-05-16T00:17:56.517765,clean,sax,"{'w': 144, 'bins': 5}",18,0,4,ok,0,18,0.19221226777881384,0.014399544335901737,0.20836946368217468,5,16,17,0,,
2026-05-16T00:17:56.725246,clean,sax,"{'w': 144, 'bins': 5}",18,1,4,ok,18,36,0.19029714167118073,0.012730971910059452,0.2046613609418273,5,18,19,0,,
2026-05-16T00:17:56.933312,clean,sax,"{'w': 144, 'bins': 5}",18,2,4,ok,36,54,0.18933386262506247,0.014351935125887394,0.20509202871471643,5,20,22,0,,
2026-05-16T00:17:57.165331,clean,sax,"{'w': 144, 'bins': 5}",18,3,4,ok,54,72,0.189344703219831,0.038090930320322514,0.22886235360056162,5,23,27,0,,
2026-05-16T00:17:57.371541,clean,sax,"{'w': 144, 'bins': 5}",18,4,4,ok,72,90,0.18978081177920103,0.012238064780831337,0.20345944166183472,5,16,17,0,,
2026-05-16T00:17:57.603102,clean,sax,"{'w': 144, 'bins': 5}",19,0,4,ok,0,19,0.19978966005146503,0.014728953130543232,0.21587655320763588,5,16,17,0,,
2026-05-16T00:17:57.828609,clean,sax,"{'w': 144, 'bins': 5}",19,1,4,ok,19,38,0.1998125221580267,0.020979203283786774,0.22209134697914124,5,18,20,0,,
2026-05-16T00:17:58.068085,clean,sax,"{'w': 144, 'bins': 5}",19,2,4,ok,38,57,0.2016328927129507,0.03207793924957514,0.23496893420815468,5,26,29,0,,
2026-05-16T00:17:58.320654,clean,sax,"{'w': 144, 'bins': 5}",19,3,4,ok,57,76,0.20269396528601646,0.04415648430585861,0.24859699979424477,5,26,31,0,,
2026-05-16T00:17:58.551092,clean,sax,"{'w': 144, 'bins': 5}",19,4,4,ok,76,95,0.20471893902868032,0.020962079986929893,0.22700394224375486,5,19,22,0,,
2026-05-16T00:17:58.794321,clean,sax,"{'w': 144, 'bins': 5}",20,0,4,ok,0,20,0.21077228616923094,0.015199598856270313,0.22770489007234573,5,16,17,0,,
2026-05-16T00:17:59.030023,clean,sax,"{'w': 144, 'bins': 5}",20,1,4,ok,20,40,0.20978599321097136,0.021510489284992218,0.23257528524845839,5,18,20,0,,
2026-05-16T00:17:59.266439,clean,sax,"{'w': 144, 'bins': 5}",20,2,4,ok,40,60,0.21137762442231178,0.018396172672510147,0.23268416244536638,5,21,23,0,,
2026-05-16T00:17:59.523612,clean,sax,"{'w': 144, 'bins': 5}",20,3,4,ok,60,80,0.21405396051704884,0.03812235966324806,0.2536535756662488,5,25,29,0,,
2026-05-16T00:17:59.755416,clean,sax,"{'w': 144, 'bins': 5}",20,4,4,ok,80,100,0.21004446130245924,0.016912132501602173,0.22864495497196913,5,18,20,0,,
2026-05-16T00:18:00.013968,clean,sax,"{'w': 144, 'bins': 5}",21,0,4,ok,0,21,0.22070507239550352,0.020974953658878803,0.24316175933927298,5,18,20,0,,
2026-05-16T00:18:00.259156,clean,sax,"{'w': 144, 'bins': 5}",21,1,4,ok,21,42,0.2238014591857791,0.016197661869227886,0.24189312849193811,5,13,15,0,,
2026-05-16T00:18:00.505899,clean,sax,"{'w': 144, 'bins': 5}",21,2,4,ok,42,63,0.22107878513634205,0.020713713951408863,0.24341470561921597,5,19,21,0,,
2026-05-16T00:18:00.761894,clean,sax,"{'w': 144, 'bins': 5}",21,3,4,ok,63,84,0.22094163671135902,0.030357446521520615,0.25288599357008934,5,20,24,0,,
2026-05-16T00:18:01.005868,clean,sax,"{'w': 144, 'bins': 5}",21,4,4,ok,84,105,0.22010697983205318,0.019325226545333862,0.24087384343147278,5,17,19,0,,
2026-05-16T00:18:01.274941,clean,sax,"{'w': 144, 'bins': 5}",22,0,4,ok,0,22,0.23001623153686523,0.02140672504901886,0.2532572215422988,5,18,20,0,,
2026-05-16T00:18:01.531135,clean,sax,"{'w': 144, 'bins': 5}",22,1,4,ok,22,44,0.23422023747116327,0.016476375050842762,0.252479150891304,5,13,15,0,,
2026-05-16T00:18:01.789806,clean,sax,"{'w': 144, 'bins': 5}",22,2,4,ok,44,66,0.23191228229552507,0.0213994812220335,0.25508431252092123,5,19,21,0,,
2026-05-16T00:18:02.045902,clean,sax,"{'w': 144, 'bins': 5}",22,3,4,ok,66,88,0.23159961495548487,0.019696714356541634,0.2528200503438711,5,16,19,0,,
2026-05-16T00:18:02.304030,clean,sax,"{'w': 144, 'bins': 5}",22,4,4,ok,88,110,0.2315311450511217,0.021184147335588932,0.254457525908947,5,18,20,0,,
2026-05-16T00:18:02.584868,clean,sax,"{'w': 144, 'bins': 5}",23,0,4,ok,0,23,0.2415853701531887,0.022174888290464878,0.2654099464416504,5,18,20,0,,
2026-05-16T00:18:02.857218,clean,sax,"{'w': 144, 'bins': 5}",23,1,4,ok,23,46,0.2480126703158021,0.01764532085508108,0.26831814739853144,5,13,15,0,,
2026-05-16T00:18:03.128015,clean,sax,"{'w': 144, 'bins': 5}",23,2,4,ok,46,69,0.2441230956465006,0.02009020373225212,0.26643999107182026,5,13,15,0,,
2026-05-16T00:18:03.396304,clean,sax,"{'w': 144, 'bins': 5}",23,3,4,ok,69,92,0.2430332489311695,0.01927338819950819,0.26438002195209265,5,15,18,0,,
2026-05-16T00:18:03.675176,clean,sax,"{'w': 144, 'bins': 5}",23,4,4,ok,92,115,0.24357027746737003,0.02946407813578844,0.27505757566541433,5,14,18,0,,
2026-05-16T00:18:03.969349,clean,sax,"{'w': 144, 'bins': 5}",24,0,4,ok,0,24,0.25254930183291435,0.02320176735520363,0.2777173025533557,5,18,20,0,,
2026-05-16T00:18:04.257296,clean,sax,"{'w': 144, 'bins': 5}",24,1,4,ok,24,48,0.25221465341746807,0.029238414019346237,0.28384636249393225,5,13,16,0,,
2026-05-16T00:18:04.551173,clean,sax,"{'w': 144, 'bins': 5}",24,2,4,ok,48,72,0.2538416786119342,0.033817024901509285,0.2900539617985487,5,19,23,0,,
2026-05-16T00:18:04.832475,clean,sax,"{'w': 144, 'bins': 5}",24,3,4,ok,72,96,0.25123846903443336,0.022440706379711628,0.27671955712139606,5,21,24,0,,
2026-05-16T00:18:05.132295,clean,sax,"{'w': 144, 'bins': 5}",24,4,4,ok,96,120,0.2538755126297474,0.039620534516870975,0.29573042411357164,5,11,15,0,,
2026-05-16T00:18:05.440809,clean,sax,"{'w': 144, 'bins': 5}",25,0,4,ok,0,25,0.26233692467212677,0.02369439322501421,0.28836508095264435,5,18,20,0,,
2026-05-16T00:18:05.736961,clean,sax,"{'w': 144, 'bins': 5}",25,1,4,ok,25,50,0.26217691507190466,0.028142936527729034,0.2921952437609434,5,13,16,0,,
2026-05-16T00:18:06.060157,clean,sax,"{'w': 144, 'bins': 5}",25,2,4,ok,50,75,0.26660045236349106,0.049126436933875084,0.31904558278620243,5,26,31,0,,
2026-05-16T00:18:06.358970,clean,sax,"{'w': 144, 'bins': 5}",25,3,4,ok,75,100,0.26589961536228657,0.02565016597509384,0.2941838586702943,5,19,22,0,,
2026-05-16T00:18:06.670764,clean,sax,"{'w': 144, 'bins': 5}",25,4,4,ok,100,125,0.2595364451408386,0.04600835219025612,0.30758389737457037,5,26,30,0,,
2026-05-16T00:18:06.988954,clean,sax,"{'w': 144, 'bins': 5}",26,0,4,ok,0,26,0.27546235639601946,0.02456966694444418,0.30234254244714975,5,18,20,0,,
2026-05-16T00:18:07.294255,clean,sax,"{'w': 144, 'bins': 5}",26,1,4,ok,26,52,0.27165102772414684,0.028154890052974224,0.3015394741669297,5,13,16,0,,
2026-05-16T00:18:07.613551,clean,sax,"{'w': 144, 'bins': 5}",26,2,4,ok,52,78,0.2706908546388149,0.04249177873134613,0.31501926202327013,5,25,29,0,,
2026-05-16T00:18:07.919709,clean,sax,"{'w': 144, 'bins': 5}",26,3,4,ok,78,104,0.27220180351287127,0.028017682954669,0.30226915515959263,5,18,21,0,,
2026-05-16T00:18:08.243513,clean,sax,"{'w': 144, 'bins': 5}",26,4,4,ok,104,130,0.27059836965054274,0.04742396157234907,0.3197096502408385,5,25,29,0,,
2026-05-16T00:18:08.569767,clean,sax,"{'w': 144, 'bins': 5}",27,0,4,ok,0,27,0.281207007355988,0.024734264239668846,0.30790350679308176,5,18,20,0,,
2026-05-16T00:18:08.885018,clean,sax,"{'w': 144, 'bins': 5}",27,1,4,ok,27,54,0.28038044460117817,0.02917370293289423,0.3114496674388647,5,13,16,0,,
2026-05-16T00:18:09.217707,clean,sax,"{'w': 144, 'bins': 5}",27,2,4,ok,54,81,0.2818841775879264,0.04436407424509525,0.3286006301641464,5,25,29,0,,
2026-05-16T00:18:09.526358,clean,sax,"{'w': 144, 'bins': 5}",27,3,4,ok,81,108,0.2798897111788392,0.022724982351064682,0.3046323535963893,5,17,19,0,,
2026-05-16T00:18:09.859499,clean,sax,"{'w': 144, 'bins': 5}",27,4,4,ok,108,135,0.2808943083509803,0.04617965314537287,0.3290079440921545,5,25,29,0,,
2026-05-16T00:18:10.194332,clean,sax,"{'w': 144, 'bins': 5}",28,0,4,ok,0,28,0.29164970852434635,0.024712685495615005,0.3184700831770897,5,18,20,0,,
2026-05-16T00:18:10.514803,clean,sax,"{'w': 144, 'bins': 5}",28,1,4,ok,28,56,0.2916373461484909,0.022769304923713207,0.3163094250485301,5,19,21,0,,
2026-05-16T00:18:10.860563,clean,sax,"{'w': 144, 'bins': 5}",28,2,4,ok,56,84,0.29220228735357523,0.04736825544387102,0.34147339686751366,5,25,29,0,,
2026-05-16T00:18:11.185823,clean,sax,"{'w': 144, 'bins': 5}",28,3,4,ok,84,112,0.2933434098958969,0.025012328289449215,0.32111961022019386,5,18,21,0,,
2026-05-16T00:18:11.525244,clean,sax,"{'w': 144, 'bins': 5}",28,4,4,ok,112,140,0.2914936663582921,0.04108190909028053,0.334712740033865,5,22,26,0,,
2026-05-16T00:18:11.870868,clean,sax,"{'w': 144, 'bins': 5}",29,0,4,ok,0,29,0.3019719859585166,0.025560757145285606,0.32981627248227596,5,18,20,0,,
2026-05-16T00:18:12.211032,clean,sax,"{'w': 144, 'bins': 5}",29,1,4,ok,29,58,0.30714327935129404,0.02618100307881832,0.3360778447240591,5,18,20,0,,
2026-05-16T00:18:12.572821,clean,sax,"{'w': 144, 'bins': 5}",29,2,4,ok,58,87,0.305444628931582,0.04906476195901632,0.3568172352388501,5,25,29,0,,
2026-05-16T00:18:12.916236,clean,sax,"{'w': 144, 'bins': 5}",29,3,4,ok,87,116,0.30405639111995697,0.032623241655528545,0.3389565395191312,5,14,18,0,,
2026-05-16T00:18:13.252860,clean,sax,"{'w': 144, 'bins': 5}",29,4,4,ok,116,145,0.3053480675444007,0.024338621646165848,0.33235014136880636,5,20,22,0,,
2026-05-16T00:18:13.614454,clean,sax,"{'w': 144, 'bins': 5}",30,0,4,ok,0,30,0.3146344581618905,0.026872712187469006,0.34453573916107416,5,18,20,0,,
2026-05-16T00:18:13.960768,clean,sax,"{'w': 144, 'bins': 5}",30,1,4,ok,30,60,0.3115715654566884,0.02633669413626194,0.34025258384644985,5,18,20,0,,
2026-05-16T00:18:14.337592,clean,sax,"{'w': 144, 'bins': 5}",30,2,4,ok,60,90,0.3204222498461604,0.048813008703291416,0.37204020749777555,5,24,28,0,,
2026-05-16T00:18:14.701893,clean,sax,"{'w': 144, 'bins': 5}",30,3,4,ok,90,120,0.3161165714263916,0.040813193656504154,0.35915395338088274,5,11,15,0,,
2026-05-16T00:18:15.044972,clean,sax,"{'w': 144, 'bins': 5}",30,4,4,ok,120,150,0.31206830870360136,0.024250325746834278,0.3385208612307906,5,20,22,0,,
2026-05-16T00:18:15.418671,clean,sax,"{'w': 144, 'bins': 5}",31,0,4,ok,0,31,0.3260183287784457,0.027643620036542416,0.3561174301430583,5,18,20,0,,
2026-05-16T00:18:15.790715,clean,sax,"{'w': 144, 'bins': 5}",31,1,4,ok,31,62,0.32320233061909676,0.04172143992036581,0.36721102707087994,5,23,26,0,,
2026-05-16T00:18:16.157486,clean,sax,"{'w': 144, 'bins': 5}",31,2,4,ok,62,93,0.3246437571942806,0.03473286423832178,0.36189715564250946,5,19,23,0,,
2026-05-16T00:18:16.540829,clean,sax,"{'w': 144, 'bins': 5}",31,3,4,ok,93,124,0.3213321063667536,0.05421712901443243,0.37792589981108904,5,18,22,0,,
2026-05-16T00:18:16.896708,clean,sax,"{'w': 144, 'bins': 5}",31,4,4,ok,124,155,0.3251907965168357,0.023079226724803448,0.35090947058051825,5,19,21,0,,
2026-05-16T00:18:17.284968,clean,sax,"{'w': 144, 'bins': 5}",32,0,4,ok,0,32,0.33808102551847696,0.02870116662234068,0.37097270227968693,5,18,20,0,,
2026-05-16T00:18:17.656734,clean,sax,"{'w': 144, 'bins': 5}",32,1,4,ok,32,64,0.3349774554371834,0.028283732011914253,0.3660622090101242,5,18,20,0,,
2026-05-16T00:18:18.030139,clean,sax,"{'w': 144, 'bins': 5}",32,2,4,ok,64,96,0.3389989687129855,0.02649387065321207,0.3681389894336462,5,21,24,0,,
2026-05-16T00:18:18.436331,clean,sax,"{'w': 144, 'bins': 5}",32,3,4,ok,96,128,0.33593847043812275,0.0617331163957715,0.4001429285854101,5,19,24,0,,
2026-05-16T00:18:18.828205,clean,sax,"{'w': 144, 'bins': 5}",32,4,4,ok,128,160,0.34781212266534567,0.03258898854255676,0.3858107505366206,5,22,25,0,,
2026-05-16T00:18:19.231233,clean,sax,"{'w': 144, 'bins': 5}",33,0,4,ok,0,33,0.35101049952208996,0.028787387534976006,0.38355981186032295,5,18,20,0,,
2026-05-16T00:18:19.625031,clean,sax,"{'w': 144, 'bins': 5}",33,1,4,ok,33,66,0.3532613357529044,0.028957387432456017,0.3886674251407385,5,18,20,0,,
2026-05-16T00:18:20.011050,clean,sax,"{'w': 144, 'bins': 5}",33,2,4,ok,66,99,0.35014142747968435,0.027489288710057735,0.3806285262107849,5,21,24,0,,
2026-05-16T00:18:20.434028,clean,sax,"{'w': 144, 'bins': 5}",33,3,4,ok,99,132,0.35096955206245184,0.06289350520819426,0.41678585670888424,5,19,24,0,,
2026-05-16T00:18:20.834148,clean,sax,"{'w': 144, 'bins': 5}",33,4,4,ok,132,165,0.3574562557041645,0.03264815919101238,0.3938481556251645,5,22,25,0,,
2026-05-16T00:18:21.251881,clean,sax,"{'w': 144, 'bins': 5}",34,0,4,ok,0,34,0.3623296497389674,0.029988774098455906,0.39591036923229694,5,18,20,0,,
2026-05-16T00:18:21.656107,clean,sax,"{'w': 144, 'bins': 5}",34,1,4,ok,34,68,0.3632283750921488,0.03061639331281185,0.39840579591691494,5,18,20,0,,
2026-05-16T00:18:22.057356,clean,sax,"{'w': 144, 'bins': 5}",34,2,4,ok,68,102,0.3596350373700261,0.032057881355285645,0.39466099347919226,5,20,23,0,,
2026-05-16T00:18:22.487032,clean,sax,"{'w': 144, 'bins': 5}",34,3,4,ok,102,136,0.3619211306795478,0.05735611543059349,0.4233288960531354,5,25,29,0,,
2026-05-16T00:18:22.901163,clean,sax,"{'w': 144, 'bins': 5}",34,4,4,ok,136,170,0.3682807656005025,0.0361329335719347,0.40821500960737467,5,20,23,0,,
2026-05-16T00:18:23.325627,clean,sax,"{'w': 144, 'bins': 5}",35,0,4,ok,0,35,0.37067935056984425,0.029812222346663475,0.40350304916501045,5,18,20,0,,
2026-05-16T00:18:23.742553,clean,sax,"{'w': 144, 'bins': 5}",35,1,4,ok,35,70,0.3765003141015768,0.030516275204718113,0.4110658038407564,5,18,20,0,,
2026-05-16T00:18:24.156484,clean,sax,"{'w': 144, 'bins': 5}",35,2,4,ok,70,105,0.37265510205179453,0.03212467581033707,0.40772464871406555,5,20,23,0,,
2026-05-16T00:18:24.593491,clean,sax,"{'w': 144, 'bins': 5}",35,3,4,ok,105,140,0.3727336088195443,0.05501006916165352,0.4306943900883198,5,25,29,0,,
2026-05-16T00:18:25.047725,clean,sax,"{'w': 144, 'bins': 5}",35,4,4,ok,140,175,0.3752657538279891,0.06917290948331356,0.44816325791180134,5,24,29,0,,
2026-05-16T00:18:25.478227,clean,sax,"{'w': 144, 'bins': 5}",36,0,4,ok,0,36,0.37920548394322395,0.03041506465524435,0.41239148285239935,5,18,20,0,,
2026-05-16T00:18:25.900082,clean,sax,"{'w': 144, 'bins': 5}",36,1,4,ok,36,72,0.37899133190512657,0.03441948629915714,0.41612983494997025,5,16,18,0,,
2026-05-16T00:18:26.322830,clean,sax,"{'w': 144, 'bins': 5}",36,2,4,ok,72,108,0.38096483889967203,0.03302294295281172,0.4169598938897252,5,20,23,0,,
2026-05-16T00:18:26.773403,clean,sax,"{'w': 144, 'bins': 5}",36,3,4,ok,108,144,0.38428116869181395,0.056818535551428795,0.4442497696727514,5,25,29,0,,
2026-05-16T00:18:27.257400,clean,sax,"{'w': 144, 'bins': 5}",36,4,4,ok,144,180,0.38232619501650333,0.09260690212249756,0.4777482748031616,5,28,35,0,,
2026-05-16T00:18:27.729084,clean,sax,"{'w': 144, 'bins': 5}",37,0,4,ok,0,37,0.3890488622710109,0.05911445617675781,0.4511527130380273,5,20,24,0,,
2026-05-16T00:18:28.191560,clean,sax,"{'w': 144, 'bins': 5}",37,1,4,ok,37,74,0.3903666464611888,0.061621956527233124,0.4567523207515478,5,16,20,0,,
2026-05-16T00:18:28.625195,clean,sax,"{'w': 144, 'bins': 5}",37,2,4,ok,74,111,0.3892649691551924,0.03491680044680834,0.4271397842094302,5,20,23,0,,
2026-05-16T00:18:29.083703,clean,sax,"{'w': 144, 'bins': 5}",37,3,4,ok,111,148,0.3914228016510606,0.05783058609813452,0.4522772366181016,5,25,29,0,,
2026-05-16T00:18:29.573631,clean,sax,"{'w': 144, 'bins': 5}",37,4,4,ok,148,185,0.3911629831418395,0.08967326208949089,0.4837839314714074,5,29,36,0,,
2026-05-16T00:18:30.042023,clean,sax,"{'w': 144, 'bins': 5}",38,0,4,ok,0,38,0.4058829406276345,0.04034378286451101,0.4496017824858427,5,23,26,0,,
2026-05-16T00:18:30.490034,clean,sax,"{'w': 144, 'bins': 5}",38,1,4,ok,38,76,0.4039603192359209,0.034943029284477234,0.4417346753180027,5,22,25,0,,
2026-05-16T00:18:30.955209,clean,sax,"{'w': 144, 'bins': 5}",38,2,4,ok,76,114,0.40067666955292225,0.0546732060611248,0.4582946663722396,5,22,27,0,,
2026-05-16T00:18:31.403544,clean,sax,"{'w': 144, 'bins': 5}",38,3,4,ok,114,152,0.4044392863288522,0.03372037224471569,0.4411876369267702,5,20,23,0,,
2026-05-16T00:18:31.872531,clean,sax,"{'w': 144, 'bins': 5}",38,4,4,ok,152,190,0.40330188162624836,0.056179434061050415,0.4626998910680413,5,23,28,0,,
2026-05-16T00:18:32.345769,clean,sax,"{'w': 144, 'bins': 5}",39,0,4,ok,0,39,0.41015286929905415,0.04108878131955862,0.4543330669403076,5,23,26,0,,
2026-05-16T00:18:32.803083,clean,sax,"{'w': 144, 'bins': 5}",39,1,4,ok,39,78,0.4123860029503703,0.035736038349568844,0.4510088739916682,5,22,25,0,,
2026-05-16T00:18:33.286613,clean,sax,"{'w': 144, 'bins': 5}",39,2,4,ok,78,117,0.4188423790037632,0.05532675329595804,0.47752601746469736,5,22,27,0,,
2026-05-16T00:18:33.746824,clean,sax,"{'w': 144, 'bins': 5}",39,3,4,ok,117,156,0.41564447339624166,0.03542956244200468,0.4541865820065141,5,13,16,0,,
2026-05-16T00:18:34.270169,clean,sax,"{'w': 144, 'bins': 5}",39,4,4,ok,156,195,0.417356850579381,0.09640020597726107,0.5171831510961056,5,22,28,0,,
2026-05-16T00:18:34.755773,clean,sax,"{'w': 144, 'bins': 5}",40,0,4,ok,0,40,0.42163571529090405,0.0419581551104784,0.466827142983675,5,23,26,0,,
2026-05-16T00:18:35.268779,clean,sax,"{'w': 144, 'bins': 5}",40,1,4,ok,40,80,0.4246654463931918,0.07801326271146536,0.5057045016437769,5,26,31,0,,
2026-05-16T00:18:35.750187,clean,sax,"{'w': 144, 'bins': 5}",40,2,4,ok,80,120,0.42561720311641693,0.04624395538121462,0.4750703349709511,5,11,15,0,,
2026-05-16T00:18:36.335983,clean,sax,"{'w': 144, 'bins': 5}",40,3,4,ok,120,160,0.4217648385092616,0.03563983831554651,0.5793818915262818,5,22,25,0,,
2026-05-16T00:18:36.865591,clean,sax,"{'w': 144, 'bins': 5}",40,4,4,ok,160,200,0.4215256189927459,0.09720859490334988,0.5222103223204613,5,27,34,0,,
2026-05-16T00:18:37.371617,clean,sax,"{'w': 144, 'bins': 5}",41,0,4,ok,0,41,0.44023657962679863,0.042652969248592854,0.4871014906093478,5,23,26,0,,
2026-05-16T00:18:37.883742,clean,sax,"{'w': 144, 'bins': 5}",41,1,4,ok,41,82,0.4373054560273886,0.06455245055258274,0.5058459872379899,5,26,31,0,,
2026-05-16T00:18:38.379598,clean,sax,"{'w': 144, 'bins': 5}",41,2,4,ok,82,123,0.4278468722477555,0.05959723424166441,0.49007153045386076,5,18,22,0,,
2026-05-16T00:18:38.866969,clean,sax,"{'w': 144, 'bins': 5}",41,3,4,ok,123,164,0.4399652210995555,0.03705423325300217,0.48105750884860754,5,22,25,0,,
2026-05-16T00:18:39.390842,clean,sax,"{'w': 144, 'bins': 5}",41,4,4,ok,164,205,0.43624416273087263,0.07754658535122871,0.5168980751186609,5,25,31,0,,
2026-05-16T00:18:39.918089,clean,sax,"{'w': 144, 'bins': 5}",42,0,4,ok,0,42,0.4496085038408637,0.054549142718315125,0.5078547997400165,5,20,24,0,,
2026-05-16T00:18:40.444705,clean,sax,"{'w': 144, 'bins': 5}",42,1,4,ok,42,84,0.4398451764136553,0.07643171213567257,0.5196606032550335,5,25,30,0,,
2026-05-16T00:18:40.975970,clean,sax,"{'w': 144, 'bins': 5}",42,2,4,ok,84,126,0.4479932598769665,0.0730037447065115,0.5249459417536855,5,19,24,0,,
2026-05-16T00:18:41.463063,clean,sax,"{'w': 144, 'bins': 5}",42,3,4,ok,126,168,0.4395951060578227,0.03773380070924759,0.4804564006626606,5,22,25,0,,
2026-05-16T00:18:42.029974,clean,sax,"{'w': 144, 'bins': 5}",42,4,4,ok,168,210,0.4396035121753812,0.11692833062261343,0.5597272654995322,5,28,36,0,,
2026-05-16T00:18:42.546367,clean,sax,"{'w': 144, 'bins': 5}",43,0,4,ok,0,43,0.4492285093292594,0.04408974852412939,0.49709287751466036,5,23,26,0,,
2026-05-16T00:18:43.085541,clean,sax,"{'w': 144, 'bins': 5}",43,1,4,ok,43,86,0.45098353549838066,0.07792119029909372,0.5321860490366817,5,25,30,0,,
2026-05-16T00:18:43.615640,clean,sax,"{'w': 144, 'bins': 5}",43,2,4,ok,86,129,0.4471226744353771,0.07311424054205418,0.5235257027670741,5,19,24,0,,
2026-05-16T00:18:44.119878,clean,sax,"{'w': 144, 'bins': 5}",43,3,4,ok,129,172,0.4485469302162528,0.04568947199732065,0.4974959837272763,5,23,27,0,,
2026-05-16T00:18:44.656358,clean,sax,"{'w': 144, 'bins': 5}",43,4,4,ok,172,215,0.4543127892538905,0.07167005818337202,0.5299261147156358,5,21,27,0,,
2026-05-16T00:18:45.195608,clean,sax,"{'w': 144, 'bins': 5}",44,0,4,ok,0,44,0.46080609504133463,0.05615093093365431,0.5202507730573416,5,20,24,0,,
2026-05-16T00:18:45.742205,clean,sax,"{'w': 144, 'bins': 5}",44,1,4,ok,44,88,0.45955925341695547,0.07669893465936184,0.5395568730309606,5,24,29,0,,
2026-05-16T00:18:46.284567,clean,sax,"{'w': 144, 'bins': 5}",44,2,4,ok,88,132,0.4634408224374056,0.06844512186944485,0.5353987431153655,5,23,28,0,,
2026-05-16T00:18:46.833574,clean,sax,"{'w': 144, 'bins': 5}",44,3,4,ok,132,176,0.4614571174606681,0.07710672914981842,0.5418773796409369,5,25,30,0,,
2026-05-16T00:18:47.380503,clean,sax,"{'w': 144, 'bins': 5}",44,4,4,ok,176,220,0.46106509026139975,0.07577915582805872,0.5400406904518604,5,21,27,0,,
2026-05-16T00:18:47.933340,clean,sax,"{'w': 144, 'bins': 5}",45,0,4,ok,0,45,0.4743145452812314,0.05389796011149883,0.531922934576869,5,20,24,0,,
2026-05-16T00:18:48.488712,clean,sax,"{'w': 144, 'bins': 5}",45,1,4,ok,45,90,0.4682656452059746,0.07692740298807621,0.5485243853181601,5,24,29,0,,
2026-05-16T00:18:49.037555,clean,sax,"{'w': 144, 'bins': 5}",45,2,4,ok,90,135,0.4691691920161247,0.06936461944133043,0.5419312827289104,5,23,28,0,,
2026-05-16T00:18:49.618015,clean,sax,"{'w': 144, 'bins': 5}",45,3,4,ok,135,180,0.4720587385818362,0.09819715097546577,0.5735824583098292,5,21,27,0,,
2026-05-16T00:18:50.157410,clean,sax,"{'w': 144, 'bins': 5}",45,4,4,ok,180,225,0.4732765769585967,0.0563358785584569,0.532944262959063,5,15,20,0,,
2026-05-16T00:18:50.707417,clean,sax,"{'w': 144, 'bins': 5}",46,0,4,ok,0,46,0.4806043189018965,0.04651159606873989,0.5305094392970204,5,23,26,0,,
2026-05-16T00:18:51.265900,clean,sax,"{'w': 144, 'bins': 5}",46,1,4,ok,46,92,0.4789975816383958,0.06864847429096699,0.550933700054884,5,25,30,0,,
2026-05-16T00:18:51.833808,clean,sax,"{'w': 144, 'bins': 5}",46,2,4,ok,92,138,0.48026727698743343,0.0774155892431736,0.5611467314884067,5,19,24,0,,
2026-05-16T00:18:52.419023,clean,sax,"{'w': 144, 'bins': 5}",46,3,4,ok,138,184,0.4798103868961334,0.09458004869520664,0.5778807615861297,5,22,28,0,,
2026-05-16T00:18:52.949003,clean,sax,"{'w': 144, 'bins': 5}",46,4,4,ok,184,230,0.48300182167440653,0.03602267615497112,0.5227409675717354,5,18,21,0,,
2026-05-16T00:18:53.511469,clean,sax,"{'w': 144, 'bins': 5}",47,0,4,ok,0,47,0.49231729842722416,0.04708758927881718,0.5429172338917851,5,23,26,0,,
2026-05-16T00:18:54.083894,clean,sax,"{'w': 144, 'bins': 5}",47,1,4,ok,47,94,0.49350419640541077,0.06660892348736525,0.5633543077856302,5,13,17,0,,
2026-05-16T00:18:54.669266,clean,sax,"{'w': 144, 'bins': 5}",47,2,4,ok,94,141,0.49248332995921373,0.08019400853663683,0.5772155225276947,5,19,24,0,,
2026-05-16T00:18:55.258422,clean,sax,"{'w': 144, 'bins': 5}",47,3,4,ok,141,188,0.48585792630910873,0.09346072562038898,0.582378308288753,5,22,28,0,,
2026-05-16T00:18:55.804036,clean,sax,"{'w': 144, 'bins': 5}",47,4,4,ok,188,235,0.49025767017155886,0.04211740382015705,0.538189965300262,5,20,24,0,,
2026-05-16T00:18:56.380068,clean,sax,"{'w': 144, 'bins': 5}",48,0,4,ok,0,48,0.5020320331677794,0.04830041714012623,0.5541067598387599,5,23,26,0,,
2026-05-16T00:18:56.971705,clean,sax,"{'w': 144, 'bins': 5}",48,1,4,ok,48,96,0.5056958151981235,0.0718850027769804,0.5835679033771157,5,25,30,0,,
2026-05-16T00:18:57.571465,clean,sax,"{'w': 144, 'bins': 5}",48,2,4,ok,96,144,0.5038897134363651,0.0824367506429553,0.5904258228838444,5,19,24,0,,
2026-05-16T00:18:58.191042,clean,sax,"{'w': 144, 'bins': 5}",48,3,4,ok,144,192,0.5102517819032073,0.09584185667335987,0.6110299713909626,5,22,28,0,,
2026-05-16T00:18:58.757429,clean,sax,"{'w': 144, 'bins': 5}",48,4,4,ok,192,240,0.506044790148735,0.04619485046714544,0.5585138956084847,5,21,25,0,,
2026-05-16T00:18:59.347931,clean,sax,"{'w': 144, 'bins': 5}",49,0,4,ok,0,49,0.5153258619830012,0.04976527765393257,0.5695678079500794,5,23,26,0,,
2026-05-16T00:18:59.947225,clean,sax,"{'w': 144, 'bins': 5}",49,1,4,ok,49,98,0.518552552908659,0.06858609616756439,0.5917008379474282,5,13,17,0,,
2026-05-16T00:19:00.544896,clean,sax,"{'w': 144, 'bins': 5}",49,2,4,ok,98,147,0.5164441028609872,0.06988266203552485,0.5902330819517374,5,23,28,0,,
2026-05-16T00:19:01.174644,clean,sax,"{'w': 144, 'bins': 5}",49,3,4,ok,147,196,0.5188486389815807,0.09719939809292555,0.6217075958848,5,22,28,0,,
2026-05-16T00:19:01.796178,clean,sax,"{'w': 144, 'bins': 5}",49,4,4,ok,196,245,0.5239509213715792,0.0830446220934391,0.6113451737910509,5,25,31,0,,
2026-05-16T00:19:02.401847,clean,sax,"{'w': 144, 'bins': 5}",50,0,4,ok,0,50,0.5307724038138986,0.04956652503460646,0.5849134605377913,5,23,26,0,,
2026-05-16T00:19:03.017204,clean,sax,"{'w': 144, 'bins': 5}",50,1,4,ok,50,100,0.5336342081427574,0.06968464981764555,0.6080514565110207,5,13,17,0,,
2026-05-16T00:19:03.634401,clean,sax,"{'w': 144, 'bins': 5}",50,2,4,ok,100,150,0.5240201614797115,0.08202192094177008,0.6099365167319775,5,21,26,0,,
2026-05-16T00:19:04.283957,clean,sax,"{'w': 144, 'bins': 5}",50,3,4,ok,150,200,0.5282570598646998,0.10869614034891129,0.6417372655123472,5,23,30,0,,
2026-05-16T00:19:04.903605,clean,sax,"{'w': 144, 'bins': 5}",50,4,4,ok,200,250,0.5284776026383042,0.07984128594398499,0.6117866318672895,5,28,33,0,,
2026-05-16T00:19:05.111876,clean,persist,{'bins': 6},1,0,4,ok,0,1,0.14862330071628094,0.005575711838901043,0.1545116901397705,5,14,16,0,,
2026-05-16T00:19:05.265110,clean,persist,{'bins': 6},1,1,4,ok,1,2,0.14457504730671644,0.006508384831249714,0.15139447525143623,5,16,17,0,,
2026-05-16T00:19:05.418091,clean,persist,{'bins': 6},1,2,4,ok,2,3,0.1461168034002185,0.0051328204572200775,0.1515476331114769,5,13,15,0,,
2026-05-16T00:19:05.575125,clean,persist,{'bins': 6},1,3,4,ok,3,4,0.15083546563982964,0.004777092486619949,0.15589306503534317,5,20,20,0,,
2026-05-16T00:19:05.742120,clean,persist,{'bins': 6},1,4,4,ok,4,5,0.15524108987301588,0.00982140563428402,0.1655782451853156,5,20,23,0,,
2026-05-16T00:19:05.939615,clean,persist,{'bins': 6},2,0,4,ok,0,2,0.1528281969949603,0.020693517290055752,0.17397366371005774,5,21,26,0,,
2026-05-16T00:19:06.119353,clean,persist,{'bins': 6},2,1,4,ok,2,4,0.1564039047807455,0.02118017990142107,0.1779874125495553,5,28,31,0,,
2026-05-16T00:19:06.300342,clean,persist,{'bins': 6},2,2,4,ok,4,6,0.15282556228339672,0.025923067703843117,0.17915725708007812,5,24,29,0,,
2026-05-16T00:19:06.488851,clean,persist,{'bins': 6},2,3,4,ok,6,8,0.15553946048021317,0.030864459462463856,0.18679882120341063,5,29,35,0,,
2026-05-16T00:19:06.669963,clean,persist,{'bins': 6},2,4,4,ok,8,10,0.15526903327554464,0.023395040072500706,0.17909879889339209,5,20,25,0,,
2026-05-16T00:19:06.896264,clean,persist,{'bins': 6},3,0,4,ok,0,3,0.15815305896103382,0.044722736813127995,0.20344323199242353,5,19,25,0,,
2026-05-16T00:19:07.085958,clean,persist,{'bins': 6},3,1,4,ok,3,6,0.1614222088828683,0.025734955444931984,0.18770559411495924,5,17,22,0,,
2026-05-16T00:19:07.320461,clean,persist,{'bins': 6},3,2,4,ok,6,9,0.1618100879713893,0.06964584719389677,0.23207406606525183,5,35,45,0,,
2026-05-16T00:19:07.532681,clean,persist,{'bins': 6},3,3,4,ok,9,12,0.15992626827210188,0.04945520497858524,0.2099286112934351,5,37,45,0,,
2026-05-16T00:19:07.729609,clean,persist,{'bins': 6},3,4,4,ok,12,15,0.15695739351212978,0.0373690752312541,0.19486947916448116,5,27,32,0,,
2026-05-16T00:19:07.983831,clean,persist,{'bins': 6},4,0,4,ok,0,4,0.16624499671161175,0.06397925317287445,0.23105603270232677,5,23,26,0,,
2026-05-16T00:19:08.242810,clean,persist,{'bins': 6},4,1,4,ok,4,8,0.16146917827427387,0.09367469698190689,0.25583347026258707,5,36,47,0,,
2026-05-16T00:19:08.479024,clean,persist,{'bins': 6},4,2,4,ok,8,12,0.16444449592381716,0.06860304903239012,0.2337436517700553,5,28,34,0,,
2026-05-16T00:19:08.735708,clean,persist,{'bins': 6},4,3,4,ok,12,16,0.1633430365473032,0.0900725619867444,0.25407133996486664,5,29,37,0,,
2026-05-16T00:19:08.978563,clean,persist,{'bins': 6},4,4,4,ok,16,20,0.15952496509999037,0.08022286184132099,0.24037143867462873,5,36,46,0,,
2026-05-16T00:19:09.307253,clean,persist,{'bins': 6},5,0,4,ok,0,5,0.16459101997315884,0.13849144149571657,0.3039832441136241,5,40,53,0,,
2026-05-16T00:19:09.583315,clean,persist,{'bins': 6},5,1,4,ok,5,10,0.16545039508491755,0.10649425443261862,0.2728654285892844,5,28,37,0,,
2026-05-16T00:19:09.847716,clean,persist,{'bins': 6},5,2,4,ok,10,15,0.16970557812601328,0.09032914415001869,0.2610971573740244,5,34,43,0,,
2026-05-16T00:19:10.123766,clean,persist,{'bins': 6},5,3,4,ok,15,20,0.168432024307549,0.10414252802729607,0.2734221341088414,5,11,18,0,,
2026-05-16T00:19:10.401943,clean,persist,{'bins': 6},5,4,4,ok,20,25,0.16753666382282972,0.10720864590257406,0.2755347630009055,5,24,34,0,,
2026-05-16T00:19:10.708701,clean,persist,{'bins': 6},6,0,4,ok,0,6,0.17380298301577568,0.10774656664580107,0.2827280331403017,5,23,33,0,,
2026-05-16T00:19:11.058592,clean,persist,{'bins': 6},6,1,4,ok,6,12,0.17245350871235132,0.17294125352054834,0.34660658799111843,5,43,57,0,,
2026-05-16T00:19:11.395850,clean,persist,{'bins': 6},6,2,4,ok,12,18,0.17299246974289417,0.15977163054049015,0.33374988101422787,5,38,52,0,,
2026-05-16T00:19:11.762654,clean,persist,{'bins': 6},6,3,4,ok,18,24,0.17438942287117243,0.18767432495951653,0.36306864582002163,5,39,50,0,,
2026-05-16T00:19:12.184849,clean,persist,{'bins': 6},6,4,4,ok,24,30,0.17485312558710575,0.24192340392619371,0.4178937179967761,5,45,60,0,,
2026-05-16T00:19:12.507316,clean,persist,{'bins': 6},7,0,4,ok,0,7,0.1746536996215582,0.12131344806402922,0.29711972177028656,5,22,31,0,,
2026-05-16T00:19:12.791076,clean,persist,{'bins': 6},7,1,4,ok,7,14,0.1802451927214861,0.0989074157550931,0.2802097136154771,5,31,39,0,,
2026-05-16T00:19:13.223099,clean,persist,{'bins': 6},7,2,4,ok,14,21,0.17770189512521029,0.24904166255146265,0.42808235343545675,5,38,52,0,,
2026-05-16T00:19:13.611127,clean,persist,{'bins': 6},7,3,4,ok,21,28,0.17692937422543764,0.20520473085343838,0.3834043610841036,5,36,50,0,,
2026-05-16T00:19:14.006652,clean,persist,{'bins': 6},7,4,4,ok,28,35,0.1756974309682846,0.21357845794409513,0.39078896027058363,5,46,62,0,,
2026-05-16T00:19:14.431507,clean,persist,{'bins': 6},8,0,4,ok,0,8,0.1832703836262226,0.215002853423357,0.39966535195708275,5,35,48,0,,
2026-05-16T00:19:14.900698,clean,persist,{'bins': 6},8,1,4,ok,8,16,0.1851034564897418,0.2770439675077796,0.46384160593152046,5,33,46,0,,
2026-05-16T00:19:15.191854,clean,persist,{'bins': 6},8,2,4,ok,16,24,0.17866939213126898,0.10708753019571304,0.28710861038416624,5,30,40,0,,
2026-05-16T00:19:15.662147,clean,persist,{'bins': 6},8,3,4,ok,24,32,0.1840043617412448,0.2799052009359002,0.46530281007289886,5,47,63,0,,
2026-05-16T00:19:16.318382,clean,persist,{'bins': 6},8,4,4,ok,32,40,0.1874376917257905,0.36689154617488384,0.651475204154849,5,46,66,0,,
2026-05-16T00:19:16.777299,clean,persist,{'bins': 6},9,0,4,ok,0,9,0.1828496726229787,0.24941257014870644,0.43365830462425947,5,28,44,0,,
2026-05-16T00:19:17.307339,clean,persist,{'bins': 6},9,1,4,ok,9,18,0.18873472698032856,0.334890672005713,0.5249824281781912,5,41,58,0,,
2026-05-16T00:19:17.765676,clean,persist,{'bins': 6},9,2,4,ok,18,27,0.18209908436983824,0.26983199175447226,0.45331448409706354,5,44,60,0,,
2026-05-16T00:19:18.221312,clean,persist,{'bins': 6},9,3,4,ok,27,36,0.18416844960302114,0.26500212121754885,0.4505047770217061,5,40,55,0,,
2026-05-16T00:19:18.712162,clean,persist,{'bins': 6},9,4,4,ok,36,45,0.1821503210812807,0.3024420887231827,0.4859677227213979,5,16,26,0,,
2026-05-16T00:19:19.172427,clean,persist,{'bins': 6},10,0,4,ok,0,10,0.1872727209702134,0.2471627052873373,0.43583449348807335,5,27,39,0,,
2026-05-16T00:19:19.571115,clean,persist,{'bins': 6},10,1,4,ok,10,20,0.19822444021701813,0.19412942975759506,0.39418213348835707,5,27,39,0,,
2026-05-16T00:19:20.285531,clean,persist,{'bins': 6},10,2,4,ok,20,30,0.19671890325844288,0.5096487700939178,0.7084285831078887,5,21,34,0,,
2026-05-16T00:19:20.905875,clean,persist,{'bins': 6},10,3,4,ok,30,40,0.19650855753570795,0.4170422684401274,0.6150334207341075,5,41,57,0,,
2026-05-16T00:19:21.345717,clean,persist,{'bins': 6},10,4,4,ok,40,50,0.19422359578311443,0.23823530692607164,0.43395745754241943,5,32,41,0,,
2026-05-16T00:19:21.966758,clean,persist,{'bins': 6},11,0,4,ok,0,11,0.20146086905151606,0.3873029723763466,0.5906102685257792,5,55,73,0,,
2026-05-16T00:19:22.427961,clean,persist,{'bins': 6},11,1,4,ok,11,22,0.20092928130179644,0.2524003414437175,0.4551446922123432,5,40,53,0,,
2026-05-16T00:19:23.179323,clean,persist,{'bins': 6},11,2,4,ok,22,33,0.19424026738852262,0.5481907688081264,0.7443396905437112,5,53,73,0,,
2026-05-16T00:19:23.743332,clean,persist,{'bins': 6},11,3,4,ok,33,44,0.19462743401527405,0.3611967610195279,0.5574887311086059,5,38,51,0,,
2026-05-16T00:19:24.332592,clean,persist,{'bins': 6},11,4,4,ok,44,55,0.19777226075530052,0.38310413621366024,0.5827148202806711,5,37,52,0,,
2026-05-16T00:19:25.036810,clean,persist,{'bins': 6},12,0,4,ok,0,12,0.20162724144756794,0.46745575312525034,0.6710654282942414,5,30,45,0,,
2026-05-16T00:19:25.533152,clean,persist,{'bins': 6},12,1,4,ok,12,24,0.1980334110558033,0.2886938462033868,0.488413505256176,5,14,21,0,,
2026-05-16T00:19:26.475393,clean,persist,{'bins': 6},12,2,4,ok,24,36,0.20551599469035864,0.7265723198652267,0.9341192888095975,5,74,102,0,,
2026-05-16T00:19:27.016639,clean,persist,{'bins': 6},12,3,4,ok,36,48,0.20801984705030918,0.3227955671027303,0.5335774123668671,5,38,48,0,,
2026-05-16T00:19:27.610136,clean,persist,{'bins': 6},12,4,4,ok,48,60,0.19916615914553404,0.3855112483724952,0.5866415463387966,5,46,64,0,,
2026-05-16T00:19:28.184994,clean,persist,{'bins': 6},13,0,4,ok,0,13,0.20811749249696732,0.3351458515971899,0.5451971562579274,5,29,39,0,,
2026-05-16T00:19:28.950074,clean,persist,{'bins': 6},13,1,4,ok,13,26,0.2052523698657751,0.5515345586463809,0.7586082890629768,5,11,19,0,,
2026-05-16T00:19:29.817555,clean,persist,{'bins': 6},13,2,4,ok,26,39,0.20874877739697695,0.6476653786376119,0.8584454609081149,5,47,67,0,,
2026-05-16T00:19:30.281142,clean,persist,{'bins': 6},13,3,4,ok,39,52,0.20770561788231134,0.2460584118962288,0.45785660576075315,5,21,30,0,,
2026-05-16T00:19:31.034001,clean,persist,{'bins': 6},13,4,4,ok,52,65,0.20569978933781385,0.5375082036480308,0.7449749717488885,5,31,46,0,,
2026-05-16T00:19:31.774897,clean,persist,{'bins': 6},14,0,4,ok,0,14,0.20630976557731628,0.5037579145282507,0.7120127538219094,5,56,74,0,,
2026-05-16T00:19:32.790329,clean,persist,{'bins': 6},14,1,4,ok,14,28,0.2098406171426177,0.7966528832912445,1.008413697592914,5,4,11,0,,
2026-05-16T00:19:33.935878,clean,persist,{'bins': 6},14,2,4,ok,28,42,0.2130967928096652,0.920656013302505,1.1357431253418326,5,45,66,0,,
2026-05-16T00:19:34.590869,clean,persist,{'bins': 6},14,3,4,ok,42,56,0.2051205625757575,0.4416279550641775,0.6486469628289342,5,11,19,0,,
2026-05-16T00:19:35.557658,clean,persist,{'bins': 6},14,4,4,ok,56,70,0.21015751268714666,0.74810622446239,0.9601407926529646,5,29,44,0,,
2026-05-16T00:19:36.377903,clean,persist,{'bins': 6},15,0,4,ok,0,15,0.21018598601222038,0.5799635928124189,0.7921576108783484,5,20,32,0,,
2026-05-16T00:19:37.119807,clean,persist,{'bins': 6},15,1,4,ok,15,30,0.20770051795989275,0.5244905659928918,0.7341338722035289,5,21,32,0,,
2026-05-16T00:19:37.835106,clean,persist,{'bins': 6},15,2,4,ok,30,45,0.21287146862596273,0.4919880609959364,0.7069782391190529,5,41,55,0,,
2026-05-16T00:19:38.977011,clean,persist,{'bins': 6},15,3,4,ok,45,60,0.2121304776519537,0.9209469901397824,1.1351277092471719,5,8,17,0,,
2026-05-16T00:19:39.762276,clean,persist,{'bins': 6},15,4,4,ok,60,75,0.2154441922903061,0.5606124978512526,0.7780373003333807,5,28,44,0,,
2026-05-16T00:19:40.377886,clean,persist,{'bins': 6},16,0,4,ok,0,16,0.21583164017647505,0.3701427737250924,0.5881101042032242,5,29,44,0,,
2026-05-16T00:19:41.272367,clean,persist,{'bins': 6},16,1,4,ok,16,32,0.21758759766817093,0.6664215177297592,0.8865827787667513,5,46,67,0,,
2026-05-16T00:19:42.333576,clean,persist,{'bins': 6},16,2,4,ok,32,48,0.21526854299008846,0.8349170312285423,1.0522846560925245,5,55,79,0,,
2026-05-16T00:19:43.386571,clean,persist,{'bins': 6},16,3,4,ok,48,64,0.2123722219839692,0.8296891208738089,1.04414470680058,5,55,77,0,,
2026-05-16T00:19:44.324513,clean,persist,{'bins': 6},16,4,4,ok,64,80,0.22024619113653898,0.7060219328850508,0.9284847369417548,5,23,33,0,,
2026-05-16T00:19:45.163356,clean,persist,{'bins': 6},17,0,4,ok,0,17,0.22414736729115248,0.5846782680600882,0.8110603224486113,5,26,40,0,,
2026-05-16T00:19:45.949893,clean,persist,{'bins': 6},17,1,4,ok,17,34,0.22586616594344378,0.549141613766551,0.7776706423610449,5,50,67,0,,
2026-05-16T00:19:46.614796,clean,persist,{'bins': 6},17,2,4,ok,34,51,0.26630969531834126,0.375449700281024,0.6440446581691504,5,44,54,0,,
2026-05-16T00:19:47.422765,clean,persist,{'bins': 6},17,3,4,ok,51,68,0.22168776765465736,0.5759318312630057,0.7998639447614551,5,32,47,0,,
2026-05-16T00:19:48.316450,clean,persist,{'bins': 6},17,4,4,ok,68,85,0.21783145517110825,0.665554297156632,0.8857031054794788,5,22,36,0,,
2026-05-16T00:19:49.223813,clean,persist,{'bins': 6},18,0,4,ok,0,18,0.2291991775855422,0.6467925198376179,0.8784658629447222,5,42,60,0,,
2026-05-16T00:19:50.608416,clean,persist,{'bins': 6},18,1,4,ok,18,36,0.22545546479523182,1.1440025474876165,1.371768611483276,5,11,21,0,,
2026-05-16T00:19:51.560664,clean,persist,{'bins': 6},18,2,4,ok,36,54,0.22833008505403996,0.7117829136550426,0.9425296662375331,5,47,65,0,,
2026-05-16T00:19:52.269405,clean,persist,{'bins': 6},18,3,4,ok,54,72,0.22418007906526327,0.47435505129396915,0.7010241560637951,5,25,39,0,,
2026-05-16T00:19:53.078922,clean,persist,{'bins': 6},18,4,4,ok,72,90,0.22147583961486816,0.5774872722104192,0.8012377750128508,5,31,41,0,,
2026-05-16T00:19:54.297876,clean,persist,{'bins': 6},19,0,4,ok,0,19,0.23191923461854458,0.9515445670112967,1.186002810485661,5,45,65,0,,
2026-05-16T00:19:55.647039,clean,persist,{'bins': 6},19,1,4,ok,19,38,0.23294293694198132,1.101058972068131,1.3364961137995124,5,47,72,0,,
2026-05-16T00:19:56.647955,clean,persist,{'bins': 6},19,2,4,ok,38,57,0.23228238709270954,0.7565902601927519,0.9913092628121376,5,38,55,0,,
2026-05-16T00:19:57.877682,clean,persist,{'bins': 6},19,3,4,ok,57,76,0.23518473841249943,0.982839155010879,1.2205139705911279,5,35,54,0,,
2026-05-16T00:19:58.599342,clean,persist,{'bins': 6},19,4,4,ok,76,95,0.22559582814574242,0.4844020111486316,0.712514616549015,5,30,43,0,,
2026-05-16T00:19:59.726260,clean,persist,{'bins': 6},20,0,4,ok,0,20,0.239633665420115,0.8549000220373273,1.097123240120709,5,41,60,0,,
2026-05-16T00:20:01.413513,clean,persist,{'bins': 6},20,1,4,ok,20,40,0.24467523209750652,1.4276521811261773,1.6753164771944284,5,48,70,0,,
2026-05-16T00:20:02.689092,clean,persist,{'bins': 6},20,2,4,ok,40,60,0.241822044365108,1.019812025129795,1.264249412342906,5,62,86,0,,
2026-05-16T00:20:03.933793,clean,persist,{'bins': 6},20,3,4,ok,60,80,0.23813391663134098,0.993188563734293,1.233907193876803,5,63,91,0,,
2026-05-16T00:20:05.354184,clean,persist,{'bins': 6},20,4,4,ok,80,100,0.23140855599194765,1.1757904114201665,1.409955563955009,5,8,16,0,,
2026-05-16T00:20:06.706396,clean,persist,{'bins': 6},21,0,4,ok,0,21,0.2426023194566369,1.074561565183103,1.3199304910376668,5,20,32,0,,
2026-05-16T00:20:07.954313,clean,persist,{'bins': 6},21,1,4,ok,21,42,0.2389983106404543,0.9953993540257215,1.2371686389669776,5,2,7,0,,
2026-05-16T00:20:09.008146,clean,persist,{'bins': 6},21,2,4,ok,42,63,0.2364105312153697,0.8054740307852626,1.0446411091834307,5,24,40,0,,
2026-05-16T00:20:10.292072,clean,persist,{'bins': 6},21,3,4,ok,63,84,0.23295807652175426,1.0382910519838333,1.2739933226257563,5,41,64,0,,
2026-05-16T00:20:11.455270,clean,persist,{'bins': 6},21,4,4,ok,84,105,0.23276872094720602,0.913255394436419,1.1516902260482311,5,57,81,0,,
2026-05-16T00:20:12.632425,clean,persist,{'bins': 6},22,0,4,ok,0,22,0.24104400351643562,0.9007879672572017,1.1446359464898705,5,57,81,0,,
2026-05-16T00:20:13.668782,clean,persist,{'bins': 6},22,1,4,ok,22,44,0.24104099720716476,0.7800276586785913,1.0239604469388723,5,45,66,0,,
2026-05-16T00:20:15.608583,clean,persist,{'bins': 6},22,2,4,ok,44,66,0.24949500616639853,1.6746760746464133,1.927151408046484,5,62,90,0,,
2026-05-16T00:20:17.029738,clean,persist,{'bins': 6},22,3,4,ok,66,88,0.23973213881254196,1.165772745385766,1.4084273129701614,5,53,80,0,,
2026-05-16T00:20:17.763321,clean,persist,{'bins': 6},22,4,4,ok,88,110,0.24048666562885046,0.4792742198333144,0.722656293772161,5,50,65,0,,
2026-05-16T00:20:19.323452,clean,persist,{'bins': 6},23,0,4,ok,0,23,0.24955648183822632,1.2753569623455405,1.5279855849221349,5,36,57,0,,
2026-05-16T00:20:21.252548,clean,persist,{'bins': 6},23,1,4,ok,23,46,0.24781939759850502,1.6649568108841777,1.9159226892516017,5,59,89,0,,
2026-05-16T00:20:22.719177,clean,persist,{'bins': 6},23,2,4,ok,46,69,0.25043515115976334,1.200735080987215,1.454225399531424,5,52,77,0,,
2026-05-16T00:20:24.059995,clean,persist,{'bins': 6},23,3,4,ok,69,92,0.24113040510565042,1.0851605413481593,1.3292328622192144,5,41,61,0,,
2026-05-16T00:20:24.796996,clean,persist,{'bins': 6},23,4,4,ok,92,115,0.2476658197119832,0.47605242021381855,0.7267611250281334,5,19,31,0,,
2026-05-16T00:20:25.781731,clean,persist,{'bins': 6},24,0,4,ok,0,24,0.2505299197509885,0.698242180980742,0.9519499689340591,5,18,28,0,,
2026-05-16T00:20:27.457258,clean,persist,{'bins': 6},24,1,4,ok,24,48,0.24768297281116247,1.4113355856388807,1.6622139597311616,5,54,77,0,,
2026-05-16T00:20:28.723529,clean,persist,{'bins': 6},24,2,4,ok,48,72,0.2463213037699461,1.0059150448068976,1.2553027579560876,5,30,48,0,,
2026-05-16T00:20:29.850872,clean,persist,{'bins': 6},24,3,4,ok,72,96,0.2521293330937624,0.8609549533575773,1.1160988686606288,5,27,40,0,,
2026-05-16T00:20:30.983420,clean,persist,{'bins': 6},24,4,4,ok,96,120,0.24540570471435785,0.8728688908740878,1.121340244077146,5,48,67,0,,
2026-05-16T00:20:32.883976,clean,persist,{'bins': 6},25,0,4,ok,0,25,0.26004422828555107,1.6021801652386785,1.8655328573659062,5,26,41,0,,
2026-05-16T00:20:34.430928,clean,persist,{'bins': 6},25,1,4,ok,25,50,0.2586496388539672,1.2694991901516914,1.5314865484833717,5,12,22,0,,
2026-05-16T00:20:35.904240,clean,persist,{'bins': 6},25,2,4,ok,50,75,0.2527676224708557,1.2048877906054258,1.4609524346888065,5,29,48,0,,
2026-05-16T00:20:37.061139,clean,persist,{'bins': 6},25,3,4,ok,75,100,0.25104162003844976,0.8910178272053599,1.1453006956726313,5,30,45,0,,
2026-05-16T00:20:38.650226,clean,persist,{'bins': 6},25,4,4,ok,100,125,0.2595795560628176,1.3118229638785124,1.574782327748835,5,62,90,0,,
2026-05-16T00:20:39.944038,clean,persist,{'bins': 6},26,0,4,ok,0,26,0.26298367884010077,0.9961032271385193,1.2623477103188634,5,50,72,0,,
2026-05-16T00:20:41.484814,clean,persist,{'bins': 6},26,1,4,ok,26,52,0.25464276410639286,1.2689178800210357,1.5270092710852623,5,42,65,0,,
2026-05-16T00:20:42.972136,clean,persist,{'bins': 6},26,2,4,ok,52,78,0.2637411514297128,1.2062882306054235,1.4734722785651684,5,52,75,0,,
2026-05-16T00:20:45.040136,clean,persist,{'bins': 6},26,3,4,ok,78,104,0.25957016833126545,1.7880239011719823,2.051081690005958,5,43,64,0,,
2026-05-16T00:20:46.197932,clean,persist,{'bins': 6},26,4,4,ok,104,130,0.2541360119357705,0.887042491696775,1.1445112032815814,5,32,48,0,,
2026-05-16T00:20:47.377957,clean,persist,{'bins': 6},27,0,4,ok,0,27,0.2613891055807471,0.8824277836829424,1.1472501968964934,5,40,57,0,,
2026-05-16T00:20:49.586169,clean,persist,{'bins': 6},27,1,4,ok,27,54,0.26790461130440235,1.920509192161262,2.19183733407408,5,61,91,0,,
2026-05-16T00:20:51.205295,clean,persist,{'bins': 6},27,2,4,ok,54,81,0.25800264347344637,1.3447900312021375,1.606249867938459,5,48,75,0,,
2026-05-16T00:20:53.252526,clean,persist,{'bins': 6},27,3,4,ok,81,108,0.2643179055303335,1.7652529841288924,2.033029355108738,5,65,99,0,,
2026-05-16T00:20:55.851701,clean,persist,{'bins': 6},27,4,4,ok,108,135,0.2647099616006017,2.3138772565871477,2.58220955170691,5,25,41,0,,
2026-05-16T00:20:57.105175,clean,persist,{'bins': 6},28,0,4,ok,0,28,0.2648404873907566,0.9527266873046756,1.221106211654842,5,42,65,0,,
2026-05-16T00:20:58.306117,clean,persist,{'bins': 6},28,1,4,ok,28,56,0.2639591423794627,0.9198872186243534,1.187448786571622,5,28,42,0,,
2026-05-16T00:21:00.307053,clean,persist,{'bins': 6},28,2,4,ok,56,84,0.2721123853698373,1.7098535038530827,1.9855558620765805,5,58,88,0,,
2026-05-16T00:21:01.517770,clean,persist,{'bins': 6},28,3,4,ok,84,112,0.2735203905031085,0.9200907312333584,1.1974877621978521,5,31,45,0,,
2026-05-16T00:21:03.159448,clean,persist,{'bins': 6},28,4,4,ok,112,140,0.2743426924571395,1.3485766425728798,1.6269715065136552,5,41,62,0,,
2026-05-16T00:21:04.738368,clean,persist,{'bins': 6},29,0,4,ok,0,29,0.2822185158729553,1.2564536901190877,1.542625610716641,5,61,87,0,,
2026-05-16T00:21:06.397220,clean,persist,{'bins': 6},29,1,4,ok,29,58,0.277514960616827,1.361688339151442,1.64288879185915,5,68,98,0,,
2026-05-16T00:21:07.980606,clean,persist,{'bins': 6},29,2,4,ok,58,87,0.2749468181282282,1.292020220309496,1.5707017425447702,5,38,67,0,,
2026-05-16T00:21:09.364451,clean,persist,{'bins': 6},29,3,4,ok,87,116,0.26783120445907116,1.0989781944081187,1.37044442538172,5,22,34,0,,
2026-05-16T00:21:11.101382,clean,persist,{'bins': 6},29,4,4,ok,116,145,0.2707496052607894,1.4439101461321115,1.7184720020741224,5,48,66,0,,
2026-05-16T00:21:12.558439,clean,persist,{'bins': 6},30,0,4,ok,0,30,0.2808745112270117,1.137009964324534,1.4216690938919783,5,34,50,0,,
2026-05-16T00:21:14.207568,clean,persist,{'bins': 6},30,1,4,ok,30,60,0.27688411623239517,1.3517481293529272,1.6325449151918292,5,51,72,0,,
2026-05-16T00:21:16.343962,clean,persist,{'bins': 6},30,2,4,ok,60,90,0.2817374709993601,1.8354428932070732,2.12092499807477,5,74,112,0,,
2026-05-16T00:21:17.967540,clean,persist,{'bins': 6},30,3,4,ok,90,120,0.2817101124674082,1.3219552943482995,1.6074225222691894,5,59,82,0,,
2026-05-16T00:21:19.750823,clean,persist,{'bins': 6},30,4,4,ok,120,150,0.2762992484495044,1.4871754674240947,1.7673601023852825,5,51,77,0,,
2026-05-16T00:21:21.298821,clean,persist,{'bins': 6},31,0,4,ok,0,31,0.2799811139702797,1.2269177874550223,1.5109195718541741,5,18,29,0,,
2026-05-16T00:21:25.648899,clean,persist,{'bins': 6},31,1,4,ok,31,62,0.28949035331606865,4.038380346260965,4.33182268217206,5,80,123,0,,
2026-05-16T00:21:27.983642,clean,persist,{'bins': 6},31,2,4,ok,62,93,0.27664849255234003,2.038578907959163,2.3192095812410116,5,25,42,0,,
2026-05-16T00:21:29.250127,clean,persist,{'bins': 6},31,3,4,ok,93,124,0.27669178508222103,0.9721541367471218,1.2527587106451392,5,24,38,0,,
2026-05-16T00:21:31.196121,clean,persist,{'bins': 6},31,4,4,ok,124,155,0.27906766813248396,1.6461473731324077,1.9292923398315907,5,44,64,0,,
2026-05-16T00:21:32.698700,clean,persist,{'bins': 6},32,0,4,ok,0,32,0.29168325290083885,1.1689964402467012,1.4647648548707366,5,38,58,0,,
2026-05-16T00:21:34.753258,clean,persist,{'bins': 6},32,1,4,ok,32,64,0.29222963843494654,1.7406080355867743,2.036988931708038,5,21,36,0,,
2026-05-16T00:21:36.834944,clean,persist,{'bins': 6},32,2,4,ok,64,96,0.29343143478035927,1.7679696967825294,2.0657336097210646,5,43,66,0,,
2026-05-16T00:21:38.280339,clean,persist,{'bins': 6},32,3,4,ok,96,128,0.2875054255127907,1.139188475906849,1.4310717033222318,5,47,71,0,,
2026-05-16T00:21:40.111043,clean,persist,{'bins': 6},32,4,4,ok,128,160,0.28711177594959736,1.5222493018954992,1.8134089102968574,5,31,46,0,,
2026-05-16T00:21:41.717381,clean,persist,{'bins': 6},33,0,4,ok,0,33,0.2916626622900367,1.274009863846004,1.5700029404833913,5,24,41,0,,
2026-05-16T00:21:44.579642,clean,persist,{'bins': 6},33,1,4,ok,33,66,0.2994687855243683,2.540002799592912,2.843793132342398,5,31,51,0,,
2026-05-16T00:21:46.343313,clean,persist,{'bins': 6},33,2,4,ok,66,99,0.285923533141613,1.455819402821362,1.7460588533431292,5,57,77,0,,
2026-05-16T00:21:47.668924,clean,persist,{'bins': 6},33,3,4,ok,99,132,0.28678274899721146,1.0182512244209647,1.3092098059132695,5,38,51,0,,
2026-05-16T00:21:50.481976,clean,persist,{'bins': 6},33,4,4,ok,132,165,0.294841474853456,2.496939329430461,2.7959448751062155,5,34,53,0,,
2026-05-16T00:21:52.003917,clean,persist,{'bins': 6},34,0,4,ok,0,34,0.2991121048107743,1.182228371500969,1.4857292799279094,5,34,53,0,,
2026-05-16T00:21:54.189972,clean,persist,{'bins': 6},34,1,4,ok,34,68,0.29500085301697254,1.8687356133013964,2.1680997209623456,5,28,46,0,,
2026-05-16T00:21:57.126503,clean,persist,{'bins': 6},34,2,4,ok,68,102,0.29365824069827795,2.618112815544009,2.9161546388641,5,5,11,0,,
2026-05-16T00:21:58.819145,clean,persist,{'bins': 6},34,3,4,ok,102,136,0.2903393693268299,1.3807626143097878,1.675390787422657,5,63,91,0,,
2026-05-16T00:22:00.613542,clean,persist,{'bins': 6},34,4,4,ok,136,170,0.29364664014428854,1.4808088084682822,1.7787305181846023,5,36,53,0,,
2026-05-16T00:22:02.235545,clean,persist,{'bins': 6},35,0,4,ok,0,35,0.2961450219154358,1.2843280443921685,1.5848451172932982,5,50,70,0,,
2026-05-16T00:22:04.676908,clean,persist,{'bins': 6},35,1,4,ok,35,70,0.2975893449038267,2.1204746840521693,2.4224694818258286,5,25,41,0,,
2026-05-16T00:22:07.395809,clean,persist,{'bins': 6},35,2,4,ok,70,105,0.30111672077327967,2.39323590695858,2.698903003707528,5,77,114,0,,
2026-05-16T00:22:09.160785,clean,persist,{'bins': 6},35,3,4,ok,105,140,0.2924565440043807,1.4513238901272416,1.7480970425531268,5,46,68,0,,
2026-05-16T00:22:12.114953,clean,persist,{'bins': 6},35,4,4,ok,140,175,0.3046763362362981,2.6245990367606282,2.9337280858308077,5,58,87,0,,
2026-05-16T00:22:14.198826,clean,persist,{'bins': 6},36,0,4,ok,0,36,0.3120369203388691,1.7264073453843594,2.0430420199409127,5,51,76,0,,
2026-05-16T00:22:17.719638,clean,persist,{'bins': 6},36,1,4,ok,36,72,0.302631595171988,3.193714125081897,3.5009584026411176,5,16,30,0,,
2026-05-16T00:22:20.020945,clean,persist,{'bins': 6},36,2,4,ok,72,108,0.3645781325176358,1.9134067436680198,2.28281139023602,5,41,64,0,,
2026-05-16T00:22:21.521377,clean,persist,{'bins': 6},36,3,4,ok,108,144,0.3046604059636593,1.175395779311657,1.4845477910712361,5,19,32,0,,
2026-05-16T00:22:23.842853,clean,persist,{'bins': 6},36,4,4,ok,144,180,0.30167015083134174,1.9955018814653158,2.3017784832045436,5,59,90,0,,
2026-05-16T00:22:25.701287,clean,persist,{'bins': 6},37,0,4,ok,0,37,0.30844144709408283,1.5067100757732987,1.819784545339644,5,24,40,0,,
2026-05-16T00:22:28.577959,clean,persist,{'bins': 6},37,1,4,ok,37,74,0.3062281897291541,2.5420173639431596,2.8530388372018933,5,49,73,0,,
2026-05-16T00:22:31.089276,clean,persist,{'bins': 6},37,2,4,ok,74,111,0.30574965104460716,2.1823840783908963,2.492756231687963,5,46,71,0,,
2026-05-16T00:22:33.051202,clean,persist,{'bins': 6},37,3,4,ok,111,148,0.30965816229581833,1.626899752765894,1.9412989998236299,5,61,88,0,,
2026-05-16T00:22:36.246521,clean,persist,{'bins': 6},37,4,4,ok,148,185,0.31462744530290365,2.8547822711989284,3.174087231978774,5,77,114,0,,
2026-05-16T00:22:39.517984,clean,persist,{'bins': 6},38,0,4,ok,0,38,0.3158175414428115,2.904452291317284,3.225279080681503,5,69,101,0,,
2026-05-16T00:22:43.763656,clean,persist,{'bins': 6},38,1,4,ok,38,76,0.32177803572267294,3.892856686376035,4.2200469467788935,5,23,40,0,,
2026-05-16T00:22:46.158108,clean,persist,{'bins': 6},38,2,4,ok,76,114,0.31672324147075415,2.0547923799604177,2.3764256834983826,5,55,85,0,,
2026-05-16T00:22:48.548618,clean,persist,{'bins': 6},38,3,4,ok,114,152,0.31715156603604555,2.047462472692132,2.369968855753541,5,31,53,0,,
2026-05-16T00:22:51.336457,clean,persist,{'bins': 6},38,4,4,ok,152,190,0.31702221278101206,2.4424662804231048,2.764298416674137,5,59,88,0,,
2026-05-16T00:22:52.948286,clean,persist,{'bins': 6},39,0,4,ok,0,39,0.31571827456355095,1.2529849149286747,1.573641624301672,5,22,34,0,,
2026-05-16T00:22:57.680551,clean,persist,{'bins': 6},39,1,4,ok,39,78,0.32393221091479063,4.381076207384467,4.709896380081773,5,45,74,0,,
2026-05-16T00:22:59.648397,clean,persist,{'bins': 6},39,2,4,ok,78,117,0.3126367162913084,1.6310718981549144,1.9487585192546248,5,76,107,0,,
2026-05-16T00:23:02.131114,clean,persist,{'bins': 6},39,3,4,ok,117,156,0.3132507400587201,2.1429765559732914,2.4612167859449983,5,60,87,0,,
2026-05-16T00:23:03.991472,clean,persist,{'bins': 6},39,4,4,ok,156,195,0.31931378692388535,1.514026646502316,1.838261135853827,5,44,64,0,,
2026-05-16T00:23:06.733272,clean,persist,{'bins': 6},40,0,4,ok,0,40,0.3279151115566492,2.363597950898111,2.6966206757351756,5,32,52,0,,
2026-05-16T00:23:09.137240,clean,persist,{'bins': 6},40,1,4,ok,40,80,0.3152792491018772,2.0638129925355315,2.3840533504262567,5,6,16,0,,
2026-05-16T00:23:12.573081,clean,persist,{'bins': 6},40,2,4,ok,80,120,0.3809410333633423,3.0282276421785355,3.4143037907779217,5,62,91,0,,
2026-05-16T00:23:15.703479,clean,persist,{'bins': 6},40,3,4,ok,120,160,0.32593328040093184,2.7590644164010882,3.089964024722576,5,48,75,0,,
2026-05-16T00:23:17.568357,clean,persist,{'bins': 6},40,4,4,ok,160,200,0.3272742787376046,1.508495538495481,1.8408554289489985,5,36,53,0,,
2026-05-16T00:23:20.151588,clean,persist,{'bins': 6},41,0,4,ok,0,41,0.33975688368082047,2.1928730197250843,2.5378879383206367,5,71,102,0,,
2026-05-16T00:23:24.114835,clean,persist,{'bins': 6},41,1,4,ok,41,82,0.3284783195704222,3.6035987501963973,3.9373158803209662,5,64,99,0,,
2026-05-16T00:23:27.506543,clean,persist,{'bins': 6},41,2,4,ok,82,123,0.33410258404910564,3.027767817489803,3.3674034932628274,5,89,130,0,,
2026-05-16T00:23:31.048775,clean,persist,{'bins': 6},41,3,4,ok,123,164,0.3320710379630327,3.178051397204399,3.5154751976951957,5,68,104,0,,
2026-05-16T00:23:34.457751,clean,persist,{'bins': 6},41,4,4,ok,164,205,0.33236368745565414,3.048692778684199,3.38622191734612,5,17,31,0,,
2026-05-16T00:23:36.136107,clean,persist,{'bins': 6},42,0,4,ok,0,42,0.3296822216361761,1.3008094383403659,1.6360528245568275,5,39,52,0,,
2026-05-16T00:23:39.099249,clean,persist,{'bins': 6},42,1,4,ok,42,84,0.3281330121681094,2.605611584149301,2.939121525734663,5,1,6,0,,
2026-05-16T00:23:41.255162,clean,persist,{'bins': 6},42,2,4,ok,84,126,0.3278646571561694,1.7998692588880658,2.1329972920939326,5,32,49,0,,
2026-05-16T00:23:43.477184,clean,persist,{'bins': 6},42,3,4,ok,126,168,0.33051803056150675,1.863587474450469,2.1994342328980565,5,46,68,0,,
2026-05-16T00:23:47.458709,clean,persist,{'bins': 6},42,4,4,ok,168,210,0.3353922050446272,3.6164740519598126,3.9570786068215966,5,24,39,0,,
2026-05-16T00:23:50.094288,clean,persist,{'bins': 6},43,0,4,ok,0,43,0.33126375265419483,2.2565670385956764,2.5932605788111687,5,40,61,0,,
2026-05-16T00:23:54.260334,clean,persist,{'bins': 6},43,1,4,ok,43,86,0.33280976582318544,3.802218192256987,4.140525292605162,5,57,92,0,,
2026-05-16T00:23:56.484203,clean,persist,{'bins': 6},43,2,4,ok,86,129,0.3322913506999612,1.8629340371116996,2.200755264610052,5,43,66,0,,
2026-05-16T00:23:58.576610,clean,persist,{'bins': 6},43,3,4,ok,129,172,0.33200068678706884,1.7282635923475027,2.065702421590686,5,2,7,0,,
2026-05-16T00:24:01.736516,clean,persist,{'bins': 6},43,4,4,ok,172,215,0.33921549562364817,2.7936514569446445,3.1382131539285183,5,56,88,0,,
2026-05-16T00:24:05.299093,clean,persist,{'bins': 6},44,0,4,ok,0,44,0.34494274388998747,3.160619417205453,3.511408139951527,5,33,52,0,,
2026-05-16T00:24:09.163679,clean,persist,{'bins': 6},44,1,4,ok,44,88,0.33984797447919846,3.4949959041550756,3.8403877206146717,5,57,92,0,,
2026-05-16T00:24:12.812838,clean,persist,{'bins': 6},44,2,4,ok,88,132,0.3357406100258231,3.2832735925912857,3.624582731164992,5,19,34,0,,
2026-05-16T00:24:16.481506,clean,persist,{'bins': 6},44,3,4,ok,132,176,0.344941389746964,3.2901185685768723,3.6405278388410807,5,2,7,0,,
2026-05-16T00:24:18.484522,clean,persist,{'bins': 6},44,4,4,ok,176,220,0.3314807079732418,1.6468015816062689,1.9837450198829174,5,36,54,0,,
2026-05-16T00:24:20.732768,clean,persist,{'bins': 6},45,0,4,ok,0,45,0.3390719974413514,1.8615353582426906,2.206223824992776,5,40,60,0,,
2026-05-16T00:24:23.835391,clean,persist,{'bins': 6},45,1,4,ok,45,90,0.33741703908890486,2.7355561228469014,3.078753028064966,5,44,70,0,,
2026-05-16T00:24:27.968635,clean,persist,{'bins': 6},45,2,4,ok,90,135,0.34742597583681345,3.7528980197384953,4.105992482975125,5,93,138,0,,
2026-05-16T00:24:30.387500,clean,persist,{'bins': 6},45,3,4,ok,135,180,0.3355154460296035,2.0551291033625603,2.396291675977409,5,51,74,0,,
2026-05-16T00:24:32.217600,clean,persist,{'bins': 6},45,4,4,ok,180,225,0.33507412765175104,1.4631058694794774,1.8038745131343603,5,49,69,0,,
2026-05-16T00:24:34.942909,clean,persist,{'bins': 6},46,0,4,ok,0,46,0.34333047457039356,2.3342534862458706,2.683275149203837,5,38,58,0,,
2026-05-16T00:24:39.930765,clean,persist,{'bins': 6},46,1,4,ok,46,92,0.34519126918166876,4.610151001252234,4.9611305221915245,5,73,116,0,,
2026-05-16T00:24:43.010834,clean,persist,{'bins': 6},46,2,4,ok,92,138,0.34393725357949734,2.701603594236076,3.0513067776337266,5,46,69,0,,
2026-05-16T00:24:44.855071,clean,persist,{'bins': 6},46,3,4,ok,138,184,0.342226080596447,1.4766770182177424,1.8245754223316908,5,25,44,0,,
2026-05-16T00:24:48.030773,clean,persist,{'bins': 6},46,4,4,ok,184,230,0.35034350771456957,2.791956653818488,3.1480967784300447,5,55,82,0,,
2026-05-16T00:24:52.100633,clean,persist,{'bins': 6},47,0,4,ok,0,47,0.35728577617555857,3.653037673793733,4.016392047517002,5,42,65,0,,
2026-05-16T00:24:56.856317,clean,persist,{'bins': 6},47,1,4,ok,47,94,0.3589654201641679,4.361827296204865,4.726795590482652,5,66,98,0,,
2026-05-16T00:25:03.106242,clean,persist,{'bins': 6},47,2,4,ok,94,141,0.3583664847537875,5.856787774711847,6.221192790195346,5,70,107,0,,
2026-05-16T00:25:07.743676,clean,persist,{'bins': 6},47,3,4,ok,141,188,0.35833118949085474,4.24209863319993,4.6063056187704206,5,105,152,0,,
2026-05-16T00:25:10.433445,clean,persist,{'bins': 6},47,4,4,ok,188,235,0.35518950782716274,2.302436358295381,2.663528843782842,5,52,76,0,,
2026-05-16T00:25:15.154419,clean,persist,{'bins': 6},48,0,4,ok,0,48,0.3622760083526373,4.296149050816894,4.664585740305483,5,38,61,0,,
2026-05-16T00:25:17.617235,clean,persist,{'bins': 6},48,1,4,ok,48,96,0.351856398396194,2.0804445389658213,2.4382782438769937,5,18,27,0,,
2026-05-16T00:25:20.761410,clean,persist,{'bins': 6},48,2,4,ok,96,144,0.36220129672437906,2.7518683606758714,3.119987031444907,5,43,70,0,,
2026-05-16T00:25:24.086919,clean,persist,{'bins': 6},48,3,4,ok,144,192,0.34855892322957516,2.9446667302399874,3.299126456491649,5,65,98,0,,
2026-05-16T00:25:26.819996,clean,persist,{'bins': 6},48,4,4,ok,192,240,0.36322012171149254,2.335252223536372,2.704500276595354,5,47,68,0,,
2026-05-16T00:25:29.696258,clean,persist,{'bins': 6},49,0,4,ok,0,49,0.36895662546157837,2.4550945982337,2.830147092230618,5,43,67,0,,
2026-05-16T00:25:34.775287,clean,persist,{'bins': 6},49,1,4,ok,49,98,0.35187491308897734,4.6901917811483145,5.048105255700648,5,1,6,0,,
2026-05-16T00:25:40.839263,clean,persist,{'bins': 6},49,2,4,ok,98,147,0.3626047745347023,5.662182801403105,6.031005163677037,5,36,59,0,,
2026-05-16T00:25:43.445913,clean,persist,{'bins': 6},49,3,4,ok,147,196,0.36227935273200274,2.210293497890234,2.578695290721953,5,52,76,0,,
2026-05-16T00:25:47.060654,clean,persist,{'bins': 6},49,4,4,ok,196,245,0.3653110582381487,3.2035967260599136,3.575686897151172,5,51,77,0,,
2026-05-16T00:25:49.691741,clean,persist,{'bins': 6},50,0,4,ok,0,50,0.37060538213700056,2.206661636941135,2.5835708286613226,5,49,73,0,,
2026-05-16T00:25:54.480867,clean,persist,{'bins': 6},50,1,4,ok,50,100,0.3703906983137131,4.383064773865044,4.759712102822959,5,83,127,0,,
2026-05-16T00:25:56.705840,clean,persist,{'bins': 6},50,2,4,ok,100,150,0.35874365270137787,1.8303927071392536,2.1954063065350056,5,14,26,0,,
2026-05-16T00:26:00.394098,clean,persist,{'bins': 6},50,3,4,ok,150,200,0.3656799113377929,3.2828774387016892,3.654845048673451,5,60,86,0,,
2026-05-16T00:26:02.025836,clean,persist,{'bins': 6},50,4,4,ok,200,250,0.36136054806411266,1.2393899010494351,1.6068862034007907,5,11,20,0,,
2026-05-16T00:26:02.135964,noisy,naive,{'bins': 5},1,0,4,ok,0,1,0.00043229199945926666,0.029669053852558136,0.030397160910069942,5,12,17,0,,
2026-05-16T00:26:02.267899,noisy,naive,{'bins': 5},1,1,4,ok,1,2,0.0003359513357281685,0.12831768300384283,0.1289321780204773,5,53,64,0,,
2026-05-16T00:26:02.325953,noisy,naive,{'bins': 5},1,2,4,ok,2,3,0.00033070147037506104,0.055002063512802124,0.055594656616449356,5,23,31,0,,
2026-05-16T00:26:02.351832,noisy,naive,{'bins': 5},1,3,4,ok,3,4,0.0003268737345933914,0.023322674445807934,0.02389035001397133,5,12,16,0,,
2026-05-16T00:26:02.385134,noisy,naive,{'bins': 5},1,4,4,ok,4,5,0.00033090170472860336,0.030849911272525787,0.03142769634723663,5,14,19,0,,
2026-05-16T00:26:02.521516,noisy,naive,{'bins': 5},2,0,4,ok,0,2,0.0005275914445519447,0.10316467192023993,0.10414605494588614,5,9,14,0,,
2026-05-16T00:26:02.571256,noisy,naive,{'bins': 5},2,1,4,ok,2,4,0.0005231229588389397,0.046200983226299286,0.04708773922175169,5,14,19,0,,
2026-05-16T00:26:02.702836,noisy,naive,{'bins': 5},2,2,4,ok,4,6,0.0005429685115814209,0.12734426371753216,0.12828668393194675,5,28,38,0,,
2026-05-16T00:26:02.710529,noisy,naive,{'bins': 5},2,3,4,ok,6,8,0.0005759503692388535,0.00552886538207531,0.006408756598830223,5,5,6,0,,
2026-05-16T00:26:02.748362,noisy,naive,{'bins': 5},2,4,4,ok,8,10,0.000572986900806427,0.034653315320611,0.0355713190510869,5,18,22,0,,
2026-05-16T00:26:02.840152,noisy,naive,{'bins': 5},3,0,4,ok,0,3,0.0007710084319114685,0.058621891774237156,0.05989197734743357,5,11,17,0,,
2026-05-16T00:26:02.983076,noisy,naive,{'bins': 5},3,1,4,ok,3,6,0.0007160753011703491,0.13782579079270363,0.13905441761016846,5,20,29,0,,
2026-05-16T00:26:03.004701,noisy,naive,{'bins': 5},3,2,4,ok,6,9,0.0007154038175940514,0.01861421950161457,0.019744332879781723,5,7,11,0,,
2026-05-16T00:26:03.065550,noisy,naive,{'bins': 5},3,3,4,ok,9,12,0.0008035292848944664,0.057218014262616634,0.05847511626780033,5,16,23,0,,
2026-05-16T00:26:03.147502,noisy,naive,{'bins': 5},3,4,4,ok,12,15,0.0008087195456027985,0.07770003378391266,0.07899889443069696,5,21,27,0,,
2026-05-16T00:26:03.296401,noisy,naive,{'bins': 5},4,0,4,ok,0,4,0.0009590722620487213,0.11500310525298119,0.11659898329526186,5,15,25,0,,
2026-05-16T00:26:03.325587,noisy,naive,{'bins': 5},4,1,4,ok,4,8,0.0009159715846180916,0.024945642799139023,0.026408259756863117,5,7,9,0,,
2026-05-16T00:26:03.424864,noisy,naive,{'bins': 5},4,2,4,ok,8,12,0.0009335633367300034,0.09489077236503363,0.09638534858822823,5,13,21,0,,
2026-05-16T00:26:03.548446,noisy,naive,{'bins': 5},4,3,4,ok,12,16,0.0009784875437617302,0.11832465417683125,0.11989496368914843,5,21,27,0,,
2026-05-16T00:26:03.606694,noisy,naive,{'bins': 5},4,4,4,ok,16,20,0.0010284911841154099,0.05396478436887264,0.05555528122931719,5,5,7,0,,
2026-05-16T00:26:03.856460,noisy,naive,{'bins': 5},5,0,4,ok,0,5,0.001173393800854683,0.21521631348878145,0.21726133488118649,5,9,17,0,,
2026-05-16T00:26:03.901565,noisy,naive,{'bins': 5},5,1,4,ok,5,10,0.001219569705426693,0.040582070127129555,0.042604167945683,5,11,15,0,,
2026-05-16T00:26:03.989354,noisy,naive,{'bins': 5},5,2,4,ok,10,15,0.001131405122578144,0.08336037583649158,0.08522585965692997,5,12,19,0,,
2026-05-16T00:26:04.081872,noisy,naive,{'bins': 5},5,3,4,ok,15,20,0.0011331578716635704,0.08744154125452042,0.08936177846044302,5,11,15,0,,
2026-05-16T00:26:04.171424,noisy,naive,{'bins': 5},5,4,4,ok,20,25,0.0012471815571188927,0.08433044794946909,0.08634563162922859,5,12,18,0,,
2026-05-16T00:26:04.426872,noisy,naive,{'bins': 5},6,0,4,ok,0,6,0.0013792011886835098,0.21882109344005585,0.22120418958365917,5,20,31,0,,
2026-05-16T00:26:04.491152,noisy,naive,{'bins': 5},6,1,4,ok,6,12,0.0013375626876950264,0.059143031015992165,0.06137338001281023,5,10,14,0,,
2026-05-16T00:26:04.661987,noisy,naive,{'bins': 5},6,2,4,ok,12,18,0.001312526874244213,0.16447121556848288,0.1667088996618986,5,12,18,0,,
2026-05-16T00:26:04.780516,noisy,naive,{'bins': 5},6,3,4,ok,18,24,0.0016784518957138062,0.11179411876946688,0.11447342112660408,5,21,29,0,,
2026-05-16T00:26:04.904254,noisy,naive,{'bins': 5},6,4,4,ok,24,30,0.0014797905460000038,0.11780916713178158,0.12019671127200127,5,14,22,0,,
2026-05-16T00:26:05.244578,noisy,naive,{'bins': 5},7,0,4,ok,0,7,0.0016623521223664284,0.3000486437231302,0.30289462860673666,5,7,14,0,,
2026-05-16T00:26:05.373714,noisy,naive,{'bins': 5},7,1,4,ok,7,14,0.001642945222556591,0.12225847411900759,0.12493584211915731,5,18,26,0,,
2026-05-16T00:26:05.550025,noisy,naive,{'bins': 5},7,2,4,ok,14,21,0.0015961667522788048,0.16814268194139004,0.17089330684393644,5,20,25,0,,
2026-05-16T00:26:05.738425,noisy,naive,{'bins': 5},7,3,4,ok,21,28,0.0023155594244599342,0.17918246611952782,0.18284848239272833,5,15,23,0,,
2026-05-16T00:26:05.869333,noisy,naive,{'bins': 5},7,4,4,ok,28,35,0.0020004762336611748,0.12371501885354519,0.12685950472950935,5,16,22,0,,
2026-05-16T00:26:06.024252,noisy,naive,{'bins': 5},8,0,4,ok,0,8,0.0019443817436695099,0.11608266364783049,0.11933379899710417,5,11,16,0,,
2026-05-16T00:26:06.236852,noisy,naive,{'bins': 5},8,1,4,ok,8,16,0.0018997984007000923,0.20496725477278233,0.20813282020390034,5,24,37,0,,
2026-05-16T00:26:06.467612,noisy,naive,{'bins': 5},8,2,4,ok,16,24,0.001897493377327919,0.22256865352392197,0.22575152106583118,5,13,22,0,,
2026-05-16T00:26:06.577505,noisy,naive,{'bins': 5},8,3,4,ok,24,32,0.0018895789980888367,0.10283117555081844,0.10597311612218618,5,9,15,0,,
2026-05-16T00:26:06.774719,noisy,naive,{'bins': 5},8,4,4,ok,32,40,0.002027217298746109,0.18891841173171997,0.1922798752784729,5,22,32,0,,
2026-05-16T00:26:06.981787,noisy,naive,{'bins': 5},9,0,4,ok,0,9,0.0021126186475157738,0.16822217032313347,0.17192963417619467,5,15,22,0,,
2026-05-16T00:26:07.267287,noisy,naive,{'bins': 5},9,1,4,ok,9,18,0.0021012872457504272,0.27579957991838455,0.27947831992059946,5,14,24,0,,
2026-05-16T00:26:07.534900,noisy,naive,{'bins': 5},9,2,4,ok,18,27,0.0020960569381713867,0.258274395018816,0.2617659028619528,5,12,20,0,,
2026-05-16T00:26:07.751237,noisy,naive,{'bins': 5},9,3,4,ok,27,36,0.0021407613530755043,0.20766445994377136,0.21119664516299963,5,11,17,0,,
2026-05-16T00:26:08.016558,noisy,naive,{'bins': 5},9,4,4,ok,36,45,0.0021022986620664597,0.2568427864462137,0.2602921649813652,5,21,32,0,,
2026-05-16T00:26:08.255254,noisy,naive,{'bins': 5},10,0,4,ok,0,10,0.002357177436351776,0.1994351139292121,0.20316415838897228,5,11,17,0,,
2026-05-16T00:26:08.547734,noisy,naive,{'bins': 5},10,1,4,ok,10,20,0.0022760750725865364,0.2823316678404808,0.2859644005075097,5,13,21,0,,
2026-05-16T00:26:08.771950,noisy,naive,{'bins': 5},10,2,4,ok,20,30,0.002318553626537323,0.2154140444472432,0.21904968284070492,5,15,22,0,,
2026-05-16T00:26:09.065098,noisy,naive,{'bins': 5},10,3,4,ok,30,40,0.0022957725450396538,0.2834634743630886,0.2871004054322839,5,17,26,0,,
2026-05-16T00:26:09.309031,noisy,naive,{'bins': 5},10,4,4,ok,40,50,0.0023821135982871056,0.2336134873330593,0.23736330959945917,5,22,30,0,,
2026-05-16T00:26:09.566263,noisy,naive,{'bins': 5},11,0,4,ok,0,11,0.00264944601804018,0.21679195389151573,0.2209488209336996,5,11,17,0,,
2026-05-16T00:26:09.944228,noisy,naive,{'bins': 5},11,1,4,ok,11,22,0.002530963160097599,0.3654747446998954,0.36952867917716503,5,17,27,0,,
2026-05-16T00:26:10.067276,noisy,naive,{'bins': 5},11,2,4,ok,22,33,0.0029276488348841667,0.11358175612986088,0.1179961683228612,5,9,15,0,,
2026-05-16T00:26:10.458088,noisy,naive,{'bins': 5},11,3,4,ok,33,44,0.002661139704287052,0.3797460896894336,0.383897808380425,5,21,35,0,,
2026-05-16T00:26:10.773709,noisy,naive,{'bins': 5},11,4,4,ok,44,55,0.0027687298133969307,0.30512949638068676,0.3093804903328419,5,24,33,0,,
2026-05-16T00:26:11.071189,noisy,naive,{'bins': 5},12,0,4,ok,0,12,0.002893504686653614,0.2548096068203449,0.2593794595450163,5,7,12,0,,
2026-05-16T00:26:11.450281,noisy,naive,{'bins': 5},12,1,4,ok,12,24,0.003104249946773052,0.36609665397554636,0.37089013680815697,5,11,19,0,,
2026-05-16T00:26:11.622091,noisy,naive,{'bins': 5},12,2,4,ok,24,36,0.0028913402929902077,0.1622997373342514,0.16674835234880447,5,9,15,0,,
2026-05-16T00:26:12.105908,noisy,naive,{'bins': 5},12,3,4,ok,36,48,0.002828202210366726,0.4723467594012618,0.47676224261522293,5,17,28,0,,
2026-05-16T00:26:12.350877,noisy,naive,{'bins': 5},12,4,4,ok,48,60,0.00301929097622633,0.23296871595084667,0.23764829523861408,5,9,16,0,,
2026-05-16T00:26:12.660019,noisy,naive,{'bins': 5},13,0,4,ok,0,13,0.003146621398627758,0.2659608321264386,0.27096547186374664,5,11,17,0,,
2026-05-16T00:26:13.051350,noisy,naive,{'bins': 5},13,1,4,ok,13,26,0.003317209891974926,0.37813080567866564,0.38327032793313265,5,16,25,0,,
2026-05-16T00:26:13.451466,noisy,naive,{'bins': 5},13,2,4,ok,26,39,0.0030928896740078926,0.38805252127349377,0.39285734575241804,5,8,16,0,,
2026-05-16T00:26:13.767368,noisy,naive,{'bins': 5},13,3,4,ok,39,52,0.0031425124034285545,0.3028287058696151,0.30765519104897976,5,17,25,0,,
2026-05-16T00:26:14.195628,noisy,naive,{'bins': 5},13,4,4,ok,52,65,0.004059294238686562,0.41364955622702837,0.4197548534721136,5,17,26,0,,
2026-05-16T00:26:14.632064,noisy,naive,{'bins': 5},14,0,4,ok,0,14,0.004225005395710468,0.3886886453256011,0.3951840652152896,5,15,24,0,,
2026-05-16T00:26:14.998119,noisy,naive,{'bins': 5},14,1,4,ok,14,28,0.0037259869277477264,0.35059999767690897,0.35630091466009617,5,16,25,0,,
2026-05-16T00:26:15.407377,noisy,naive,{'bins': 5},14,2,4,ok,28,42,0.003343678079545498,0.3964210795238614,0.4016288286074996,5,16,25,0,,
2026-05-16T00:26:15.758810,noisy,naive,{'bins': 5},14,3,4,ok,42,56,0.0033831335604190826,0.33825444150716066,0.3434568718075752,5,14,20,0,,
2026-05-16T00:26:16.137008,noisy,naive,{'bins': 5},14,4,4,ok,56,70,0.0034755580127239227,0.3648151271045208,0.3701057741418481,5,8,14,0,,
2026-05-16T00:26:16.601268,noisy,naive,{'bins': 5},15,0,4,ok,0,15,0.00373084656894207,0.4178516883403063,0.4236554792150855,5,11,19,0,,
2026-05-16T00:26:17.095348,noisy,naive,{'bins': 5},15,1,4,ok,15,30,0.0050460584461688995,0.4760036077350378,0.4835137343034148,5,19,29,0,,
2026-05-16T00:26:17.613923,noisy,naive,{'bins': 5},15,2,4,ok,30,45,0.003982109017670155,0.5033807773143053,0.5094724195078015,5,12,19,0,,
2026-05-16T00:26:17.991748,noisy,naive,{'bins': 5},15,3,4,ok,45,60,0.0035861050710082054,0.36187650728970766,0.3675357662141323,5,16,23,0,,
2026-05-16T00:26:18.489842,noisy,naive,{'bins': 5},15,4,4,ok,60,75,0.0038521448150277138,0.4822788843885064,0.4882187796756625,5,16,23,0,,
2026-05-16T00:26:18.960427,noisy,naive,{'bins': 5},16,0,4,ok,0,16,0.004007556475698948,0.4219577806070447,0.42822922952473164,5,11,19,0,,
2026-05-16T00:26:19.285991,noisy,naive,{'bins': 5},16,1,4,ok,16,32,0.003863115794956684,0.31098411325365305,0.3170231245458126,5,14,20,0,,
2026-05-16T00:26:19.943535,noisy,naive,{'bins': 5},16,2,4,ok,32,48,0.003875328227877617,0.6405865028500557,0.6466902764514089,5,8,15,0,,
2026-05-16T00:26:20.271514,noisy,naive,{'bins': 5},16,3,4,ok,48,64,0.00409275759011507,0.31206041388213634,0.3184115020558238,5,14,22,0,,
2026-05-16T00:26:20.819249,noisy,naive,{'bins': 5},16,4,4,ok,64,80,0.004141848534345627,0.5306839887052774,0.5371644990518689,5,13,20,0,,
2026-05-16T00:26:21.240249,noisy,naive,{'bins': 5},17,0,4,ok,0,17,0.004011744633316994,0.37515063863247633,0.3814383680000901,5,10,17,0,,
2026-05-16T00:26:21.548126,noisy,naive,{'bins': 5},17,1,4,ok,17,34,0.004328078590333462,0.29214847553521395,0.29879456758499146,5,18,25,0,,
2026-05-16T00:26:22.125638,noisy,naive,{'bins': 5},17,2,4,ok,34,51,0.004153410904109478,0.5604878142476082,0.5669924607500434,5,17,26,0,,
2026-05-16T00:26:22.556062,noisy,naive,{'bins': 5},17,3,4,ok,51,68,0.004109488800168037,0.4139636568725109,0.4204265149310231,5,11,18,0,,
2026-05-16T00:26:23.172349,noisy,naive,{'bins': 5},17,4,4,ok,68,85,0.004261714406311512,0.5966203678399324,0.6032338589429855,5,17,25,0,,
2026-05-16T00:26:23.612955,noisy,naive,{'bins': 5},18,0,4,ok,0,18,0.0043855467811226845,0.39225291926413774,0.3991038864478469,5,10,17,0,,
2026-05-16T00:26:24.027363,noisy,naive,{'bins': 5},18,1,4,ok,18,36,0.004571264609694481,0.39795913733541965,0.4049864951521158,5,13,19,0,,
2026-05-16T00:26:24.737996,noisy,naive,{'bins': 5},18,2,4,ok,36,54,0.004298283718526363,0.6920122597366571,0.6987758642062545,5,13,21,0,,
2026-05-16T00:26:25.378420,noisy,naive,{'bins': 5},18,3,4,ok,54,72,0.004161677323281765,0.6222775168716908,0.6288221590220928,5,14,22,0,,
2026-05-16T00:26:25.888360,noisy,naive,{'bins': 5},18,4,4,ok,72,90,0.004294966347515583,0.49095339700579643,0.4977052677422762,5,20,29,0,,
2026-05-16T00:26:26.328513,noisy,naive,{'bins': 5},19,0,4,ok,0,19,0.004762405529618263,0.3923354549333453,0.39964747801423073,5,10,17,0,,
2026-05-16T00:26:26.718908,noisy,naive,{'bins': 5},19,1,4,ok,19,38,0.004743066616356373,0.3733806647360325,0.3806901825591922,5,17,24,0,,
2026-05-16T00:26:27.504195,noisy,naive,{'bins': 5},19,2,4,ok,38,57,0.004466858692467213,0.76639558468014,0.7734168618917465,5,21,29,0,,
2026-05-16T00:26:28.189572,noisy,naive,{'bins': 5},19,3,4,ok,57,76,0.004459605552256107,0.665853007696569,0.6729200901463628,5,9,15,0,,
2026-05-16T00:26:28.542995,noisy,naive,{'bins': 5},19,4,4,ok,76,95,0.004511712118983269,0.33675203938037157,0.3436956191435456,5,15,24,0,,
2026-05-16T00:26:29.023744,noisy,naive,{'bins': 5},20,0,4,ok,0,20,0.004657668061554432,0.4327689856290817,0.44004287756979465,5,26,35,0,,
2026-05-16T00:26:29.502883,noisy,naive,{'bins': 5},20,1,4,ok,20,40,0.004600229673087597,0.461161483079195,0.46843007393181324,5,15,22,0,,
2026-05-16T00:26:30.119034,noisy,naive,{'bins': 5},20,2,4,ok,40,60,0.004574903286993504,0.5959696155041456,0.6032690955325961,5,27,36,0,,
2026-05-16T00:26:30.744131,noisy,naive,{'bins': 5},20,3,4,ok,60,80,0.005048993043601513,0.6044487114995718,0.6122668450698256,5,18,26,0,,
2026-05-16T00:26:31.181360,noisy,naive,{'bins': 5},20,4,4,ok,80,100,0.004963081330060959,0.4184819217771292,0.42600754648447037,5,9,16,0,,
2026-05-16T00:26:31.755883,noisy,naive,{'bins': 5},21,0,4,ok,0,21,0.004915992729365826,0.5245218239724636,0.5322365937754512,5,6,14,0,,
2026-05-16T00:26:32.201413,noisy,naive,{'bins': 5},21,1,4,ok,21,42,0.004977630451321602,0.4264056347310543,0.4341434584930539,5,11,17,0,,
2026-05-16T00:26:32.759760,noisy,naive,{'bins': 5},21,2,4,ok,42,63,0.004922405816614628,0.5377123178914189,0.5454072207212448,5,13,21,0,,
2026-05-16T00:26:33.442307,noisy,naive,{'bins': 5},21,3,4,ok,63,84,0.004902257584035397,0.660490688867867,0.6682693976908922,5,19,26,0,,
2026-05-16T00:26:33.698159,noisy,naive,{'bins': 5},21,4,4,ok,84,105,0.004909129813313484,0.23894776590168476,0.24652612023055553,5,7,12,0,,
2026-05-16T00:26:34.329002,noisy,naive,{'bins': 5},22,0,4,ok,0,22,0.005003166384994984,0.5767164751887321,0.5846527507528663,5,6,14,0,,
2026-05-16T00:26:34.750324,noisy,naive,{'bins': 5},22,1,4,ok,22,44,0.005087275058031082,0.3996282322332263,0.40752084646373987,5,11,18,0,,
2026-05-16T00:26:35.355236,noisy,naive,{'bins': 5},22,2,4,ok,44,66,0.005537780933082104,0.5823793597519398,0.5908541474491358,5,18,27,0,,
2026-05-16T00:26:36.090435,noisy,naive,{'bins': 5},22,3,4,ok,66,88,0.005296958610415459,0.7118916474282742,0.7201670799404383,5,20,29,0,,
2026-05-16T00:26:36.447591,noisy,naive,{'bins': 5},22,4,4,ok,88,110,0.005465085618197918,0.3387259365990758,0.34701645839959383,5,11,17,0,,
2026-05-16T00:26:37.021310,noisy,naive,{'bins': 5},23,0,4,ok,0,23,0.005750119686126709,0.5222842423245311,0.5311964610591531,5,15,24,0,,
2026-05-16T00:26:37.509100,noisy,naive,{'bins': 5},23,1,4,ok,23,46,0.005445457994937897,0.4675201838836074,0.4760376214981079,5,14,22,0,,
2026-05-16T00:26:38.279971,noisy,naive,{'bins': 5},23,2,4,ok,46,69,0.005348716862499714,0.7480618422850966,0.7566005792468786,5,20,29,0,,
2026-05-16T00:26:39.022847,noisy,naive,{'bins': 5},23,3,4,ok,69,92,0.005265269428491592,0.7176163299009204,0.7260147333145142,5,13,22,0,,
2026-05-16T00:26:39.382008,noisy,naive,{'bins': 5},23,4,4,ok,92,115,0.005375165492296219,0.33816802874207497,0.3464458351954818,5,7,12,0,,
2026-05-16T00:26:39.969475,noisy,naive,{'bins': 5},24,0,4,ok,0,24,0.005574370734393597,0.5359853636473417,0.5447650142014027,5,15,24,0,,
2026-05-16T00:26:40.558098,noisy,naive,{'bins': 5},24,1,4,ok,24,48,0.005615747533738613,0.566965501755476,0.5757220676168799,5,14,22,0,,
2026-05-16T00:26:41.330536,noisy,naive,{'bins': 5},24,2,4,ok,48,72,0.0055507756769657135,0.7479548193514347,0.7567164460197091,5,26,37,0,,
2026-05-16T00:26:42.078849,noisy,naive,{'bins': 5},24,3,4,ok,72,96,0.006327844224870205,0.7227312168106437,0.7325734011828899,5,20,31,0,,
2026-05-16T00:26:42.461242,noisy,naive,{'bins': 5},24,4,4,ok,96,120,0.006120454519987106,0.3616892360150814,0.3709321962669492,5,24,32,0,,
2026-05-16T00:26:43.136034,noisy,naive,{'bins': 5},25,0,4,ok,0,25,0.005937482230365276,0.6217054724693298,0.6309511372819543,5,19,30,0,,
2026-05-16T00:26:43.758816,noisy,naive,{'bins': 5},25,1,4,ok,25,50,0.005892527289688587,0.5999012403190136,0.609032079577446,5,14,22,0,,
2026-05-16T00:26:44.725217,noisy,naive,{'bins': 5},25,2,4,ok,50,75,0.006192370317876339,0.939559237100184,0.9491465231403708,5,20,29,0,,
2026-05-16T00:26:45.469388,noisy,naive,{'bins': 5},25,3,4,ok,75,100,0.005873461253941059,0.7212560651823878,0.7303584208711982,5,22,34,0,,
2026-05-16T00:26:45.969522,noisy,naive,{'bins': 5},25,4,4,ok,100,125,0.00625462643802166,0.47660623025149107,0.48622317146509886,5,20,28,0,,
2026-05-16T00:26:46.714166,noisy,naive,{'bins': 5},26,0,4,ok,0,26,0.006605255417525768,0.6882249768823385,0.6984395915642381,5,19,31,0,,
2026-05-16T00:26:47.603385,noisy,naive,{'bins': 5},26,1,4,ok,26,52,0.006834215484559536,0.8594211945310235,0.8715976532548666,5,12,20,0,,
2026-05-16T00:26:48.652797,noisy,naive,{'bins': 5},26,2,4,ok,52,78,0.008071999996900558,1.0200350433588028,1.032009002752602,5,28,39,0,,
2026-05-16T00:26:48.975113,noisy,naive,{'bins': 5},26,3,4,ok,78,104,0.006470934487879276,0.30299935583025217,0.31278964411467314,5,18,27,0,,
2026-05-16T00:26:50.475588,noisy,naive,{'bins': 5},26,4,4,ok,104,130,0.006170138716697693,1.465363989584148,1.4751732731238008,5,10,18,0,,
2026-05-16T00:26:51.225271,noisy,naive,{'bins': 5},27,0,4,ok,0,27,0.006573095917701721,0.6941278036683798,0.7043593106791377,5,19,31,0,,
2026-05-16T00:26:52.217495,noisy,naive,{'bins': 5},27,1,4,ok,27,54,0.0064469194039702415,0.9652087204158306,0.9752925606444478,5,12,20,0,,
2026-05-16T00:26:53.183260,noisy,naive,{'bins': 5},27,2,4,ok,54,81,0.006314178928732872,0.9390204651281238,0.9488727590069175,5,16,26,0,,
2026-05-16T00:26:53.610973,noisy,naive,{'bins': 5},27,3,4,ok,81,108,0.006582643836736679,0.4051033454015851,0.41514898277819157,5,11,17,0,,
2026-05-16T00:26:55.065587,noisy,naive,{'bins': 5},27,4,4,ok,108,135,0.006472195498645306,1.4204731369391084,1.4306802488863468,5,17,26,0,,
2026-05-16T00:26:55.839510,noisy,naive,{'bins': 5},28,0,4,ok,0,28,0.006793779321014881,0.7166478810831904,0.7271736897528172,5,16,27,0,,
2026-05-16T00:26:56.875953,noisy,naive,{'bins': 5},28,1,4,ok,28,56,0.006689864210784435,1.0096654389053583,1.0200369879603386,5,14,23,0,,
2026-05-16T00:26:57.880111,noisy,naive,{'bins': 5},28,2,4,ok,56,84,0.006684514693915844,0.975774415768683,0.9861772544682026,5,16,25,0,,
2026-05-16T00:26:58.310223,noisy,naive,{'bins': 5},28,3,4,ok,84,112,0.006591961719095707,0.4062805166468024,0.4164016656577587,5,11,17,0,,
2026-05-16T00:27:00.198315,noisy,naive,{'bins': 5},28,4,4,ok,112,140,0.007001349702477455,1.851859675720334,1.8629108630120754,5,27,40,0,,
2026-05-16T00:27:01.094750,noisy,naive,{'bins': 5},29,0,4,ok,0,29,0.0070463744923472404,0.837670061737299,0.8485706653445959,5,27,39,0,,
2026-05-16T00:27:02.049015,noisy,naive,{'bins': 5},29,1,4,ok,29,58,0.007149717770516872,0.9264069152995944,0.9373764470219612,5,14,23,0,,
2026-05-16T00:27:03.064537,noisy,naive,{'bins': 5},29,2,4,ok,58,87,0.0068183960393071175,0.9849337274208665,0.995540670119226,5,17,27,0,,
2026-05-16T00:27:03.495936,noisy,naive,{'bins': 5},29,3,4,ok,87,116,0.0067695435136556625,0.40629374142736197,0.416685258038342,5,11,17,0,,
2026-05-16T00:27:04.883943,noisy,naive,{'bins': 5},29,4,4,ok,116,145,0.007066912949085236,1.3519858568906784,1.3629712294787169,5,7,15,0,,
2026-05-16T00:27:05.747510,noisy,naive,{'bins': 5},30,0,4,ok,0,30,0.006963328458368778,0.8074442707002163,0.818259715102613,5,19,32,0,,
2026-05-16T00:27:06.779095,noisy,naive,{'bins': 5},30,1,4,ok,30,60,0.006951375864446163,1.0006951102986932,1.0115179875865579,5,10,17,0,,
2026-05-16T00:27:07.797631,noisy,naive,{'bins': 5},30,2,4,ok,60,90,0.007585878483951092,0.9860085463151336,0.9977234192192554,5,26,35,0,,
2026-05-16T00:27:08.199833,noisy,naive,{'bins': 5},30,3,4,ok,90,120,0.007214539684355259,0.3760411711409688,0.38715476449579,5,14,19,0,,
2026-05-16T00:27:09.685661,noisy,naive,{'bins': 5},30,4,4,ok,120,150,0.007208899594843388,1.4503379790112376,1.4616532921791077,5,20,30,0,,
2026-05-16T00:27:10.477457,noisy,naive,{'bins': 5},31,0,4,ok,0,31,0.0075713712722063065,0.7302766274660826,0.7419874928891659,5,21,31,0,,
2026-05-16T00:27:11.392168,noisy,naive,{'bins': 5},31,1,4,ok,31,62,0.007574185729026794,0.8841324355453253,0.8958241445943713,5,12,20,0,,
2026-05-16T00:27:12.439250,noisy,naive,{'bins': 5},31,2,4,ok,62,93,0.007321270182728767,1.0139569798484445,1.0253972560167313,5,19,29,0,,
2026-05-16T00:27:12.986501,noisy,naive,{'bins': 5},31,3,4,ok,93,124,0.008138395845890045,0.5164998974651098,0.528845083899796,5,15,20,0,,
2026-05-16T00:27:13.711822,noisy,naive,{'bins': 5},31,4,4,ok,124,155,0.007862967438995838,0.6934890327975154,0.7057182220742106,5,15,24,0,,
2026-05-16T00:27:14.529377,noisy,naive,{'bins': 5},32,0,4,ok,0,32,0.008419032208621502,0.7499384460970759,0.7628079866990447,5,21,31,0,,
2026-05-16T00:27:15.501188,noisy,naive,{'bins': 5},32,1,4,ok,32,64,0.009373855777084827,0.9364441260695457,0.9503821739926934,5,12,20,0,,
2026-05-16T00:27:16.519662,noisy,naive,{'bins': 5},32,2,4,ok,64,96,0.007995767518877983,0.9836568394675851,0.9960135780274868,5,20,30,0,,
2026-05-16T00:27:17.223451,noisy,naive,{'bins': 5},32,3,4,ok,96,128,0.009009872563183308,0.6730669485405087,0.6866993317380548,5,19,27,0,,
2026-05-16T00:27:18.037855,noisy,naive,{'bins': 5},32,4,4,ok,128,160,0.00801845919340849,0.7775579700246453,0.7899790983647108,5,15,25,0,,
2026-05-16T00:27:18.866628,noisy,naive,{'bins': 5},33,0,4,ok,0,33,0.008671866729855537,0.7556636091321707,0.7743750521913171,5,21,31,0,,
2026-05-16T00:27:20.037308,noisy,naive,{'bins': 5},33,1,4,ok,33,66,0.008337128907442093,1.135280785150826,1.147987731732428,5,12,20,0,,
2026-05-16T00:27:21.350933,noisy,naive,{'bins': 5},33,2,4,ok,66,99,0.00826346967369318,1.2765174834057689,1.2892977772280574,5,20,30,0,,
2026-05-16T00:27:22.073998,noisy,naive,{'bins': 5},33,3,4,ok,99,132,0.010723239742219448,0.68037842027843,0.6996534019708633,5,19,27,0,,
2026-05-16T00:27:23.074890,noisy,naive,{'bins': 5},33,4,4,ok,132,165,0.01020373497158289,0.9595305770635605,0.974729472771287,5,15,25,0,,
2026-05-16T00:27:23.917606,noisy,naive,{'bins': 5},34,0,4,ok,0,34,0.009679771028459072,0.7710056938230991,0.7856210041791201,5,21,31,0,,
2026-05-16T00:27:25.242691,noisy,naive,{'bins': 5},34,1,4,ok,34,68,0.009784867987036705,1.2889683078974485,1.3035954907536507,5,19,29,0,,
2026-05-16T00:27:26.434094,noisy,naive,{'bins': 5},34,2,4,ok,68,102,0.007996398955583572,1.1529444828629494,1.1654210453853011,5,20,31,0,,
2026-05-16T00:27:26.976669,noisy,naive,{'bins': 5},34,3,4,ok,102,136,0.009580964222550392,0.5092454515397549,0.5238800682127476,5,17,25,0,,
2026-05-16T00:27:28.161956,noisy,naive,{'bins': 5},34,4,4,ok,136,170,0.010060114786028862,1.1383134117349982,1.1552432095631957,5,12,21,0,,
2026-05-16T00:27:29.195215,noisy,naive,{'bins': 5},35,0,4,ok,0,35,0.009912286885082722,0.9600580781698227,0.9747393913567066,5,19,30,0,,
2026-05-16T00:27:30.480278,noisy,naive,{'bins': 5},35,1,4,ok,35,70,0.009529157541692257,1.2435006331652403,1.258296862244606,5,9,16,0,,
2026-05-16T00:27:30.891337,noisy,naive,{'bins': 5},35,2,4,ok,70,105,0.008831746876239777,0.3799430401995778,0.3933352520689368,5,14,22,0,,
2026-05-16T00:27:33.545548,noisy,naive,{'bins': 5},35,3,4,ok,105,140,0.010104497894644737,2.603520798496902,2.6187575152143836,5,21,32,0,,
2026-05-16T00:27:34.658682,noisy,naive,{'bins': 5},35,4,4,ok,140,175,0.008768469095230103,1.0784233566373587,1.091720461845398,5,13,23,0,,
2026-05-16T00:27:35.579781,noisy,naive,{'bins': 5},36,0,4,ok,0,36,0.008739533834159374,0.8545930348336697,0.8679718133062124,5,20,31,0,,
2026-05-16T00:27:36.950771,noisy,naive,{'bins': 5},36,1,4,ok,36,72,0.008516806177794933,1.3326973393559456,1.345908091403544,5,12,20,0,,
2026-05-16T00:27:37.439082,noisy,naive,{'bins': 5},36,2,4,ok,72,108,0.008739353157579899,0.458537514321506,0.4718168843537569,5,13,21,0,,
2026-05-16T00:27:39.385572,noisy,naive,{'bins': 5},36,3,4,ok,108,144,0.008592408150434494,1.9018284268677235,1.915496408008039,5,22,35,0,,
2026-05-16T00:27:40.719994,noisy,naive,{'bins': 5},36,4,4,ok,144,180,0.008745514787733555,1.2985140969976783,1.3120571123436093,5,27,39,0,,
2026-05-16T00:27:41.661404,noisy,naive,{'bins': 5},37,0,4,ok,0,37,0.008786824531853199,0.874942796304822,0.8884730385616422,5,20,31,0,,
2026-05-16T00:27:43.255345,noisy,naive,{'bins': 5},37,1,4,ok,37,74,0.008966679684817791,1.5547544807195663,1.5687086787074804,5,12,20,0,,
2026-05-16T00:27:43.779950,noisy,naive,{'bins': 5},37,2,4,ok,74,111,0.008548165671527386,0.4935938660055399,0.5067900205031037,5,13,21,0,,
2026-05-16T00:27:45.482527,noisy,naive,{'bins': 5},37,3,4,ok,111,148,0.008963385596871376,1.6579284807667136,1.671833717264235,5,15,24,0,,
2026-05-16T00:27:46.575732,noisy,naive,{'bins': 5},37,4,4,ok,148,185,0.008692195639014244,1.05709885712713,1.0705641573294997,5,15,24,0,,
2026-05-16T00:27:47.604780,noisy,naive,{'bins': 5},38,0,4,ok,0,38,0.009165373630821705,0.9597883699461818,0.9740577507764101,5,24,34,0,,
2026-05-16T00:27:49.281924,noisy,naive,{'bins': 5},38,1,4,ok,38,76,0.00927386712282896,1.629829104989767,1.6441605407744646,5,9,16,0,,
2026-05-16T00:27:49.836145,noisy,naive,{'bins': 5},38,2,4,ok,76,114,0.008963496424257755,0.521990149281919,0.5357415871694684,5,14,22,0,,
2026-05-16T00:27:50.651031,noisy,naive,{'bins': 5},38,3,4,ok,114,152,0.008894866332411766,0.7794363582506776,0.7931256992742419,5,19,29,0,,
2026-05-16T00:27:51.909188,noisy,naive,{'bins': 5},38,4,4,ok,152,190,0.00890517421066761,1.2227297518402338,1.2365805450826883,5,17,25,0,,
2026-05-16T00:27:52.984989,noisy,naive,{'bins': 5},39,0,4,ok,0,39,0.009026632644236088,1.0040382286533713,1.0180561961606145,5,20,29,0,,
2026-05-16T00:27:54.620270,noisy,naive,{'bins': 5},39,1,4,ok,39,78,0.009434588253498077,1.5928088948130608,1.607271877117455,5,11,20,0,,
2026-05-16T00:27:55.143943,noisy,naive,{'bins': 5},39,2,4,ok,78,117,0.009206952527165413,0.4921391233801842,0.5061851441860199,5,26,35,0,,
2026-05-16T00:27:56.108731,noisy,naive,{'bins': 5},39,3,4,ok,117,156,0.009139365516602993,0.9267446491867304,0.9408532176166773,5,20,29,0,,
2026-05-16T00:27:57.242275,noisy,naive,{'bins': 5},39,4,4,ok,156,195,0.009059024043381214,1.0960019240155816,1.1100470535457134,5,14,21,0,,
2026-05-16T00:27:58.377183,noisy,naive,{'bins': 5},40,0,4,ok,0,40,0.009436143562197685,1.0614996319636703,1.0762822972610593,5,20,29,0,,
2026-05-16T00:27:59.612755,noisy,naive,{'bins': 5},40,1,4,ok,40,80,0.009077569469809532,1.1958195995539427,1.210030971094966,5,28,38,0,,
2026-05-16T00:28:00.263669,noisy,naive,{'bins': 5},40,2,4,ok,80,120,0.009556178003549576,0.6124530639499426,0.6270576445385814,5,7,12,0,,
2026-05-16T00:28:01.360903,noisy,naive,{'bins': 5},40,3,4,ok,120,160,0.009231919422745705,1.0551348580047488,1.0694357780739665,5,15,25,0,,
2026-05-16T00:28:02.405864,noisy,naive,{'bins': 5},40,4,4,ok,160,200,0.00923864170908928,1.0096093947067857,1.0239054141566157,5,16,24,0,,
2026-05-16T00:28:03.594375,noisy,naive,{'bins': 5},41,0,4,ok,0,41,0.0094843041151762,1.114914764650166,1.1297732219099998,5,20,29,0,,
2026-05-16T00:28:04.964355,noisy,naive,{'bins': 5},41,1,4,ok,41,82,0.009470527991652489,1.3270444115623832,1.3417708706110716,5,22,30,0,,
2026-05-16T00:28:05.576853,noisy,naive,{'bins': 5},41,2,4,ok,82,123,0.009596003219485283,0.5715304249897599,0.5867409333586693,5,7,12,0,,
2026-05-16T00:28:06.725697,noisy,naive,{'bins': 5},41,3,4,ok,123,164,0.009368225000798702,1.1035363748669624,1.1181240929290652,5,15,25,0,,
2026-05-16T00:28:07.787593,noisy,naive,{'bins': 5},41,4,4,ok,164,205,0.00986319500952959,1.0241134045645595,1.0392961911857128,5,25,34,0,,
2026-05-16T00:28:09.035231,noisy,naive,{'bins': 5},42,0,4,ok,0,42,0.06727716978639364,1.1154369059950113,1.188288515433669,5,20,29,0,,
2026-05-16T00:28:10.431334,noisy,naive,{'bins': 5},42,1,4,ok,42,84,0.009660844691097736,1.350160357542336,1.3651961078867316,5,22,30,0,,
2026-05-16T00:28:11.051069,noisy,naive,{'bins': 5},42,2,4,ok,84,126,0.010111060924828053,0.5795698640868068,0.5949587672948837,5,11,17,0,,
2026-05-16T00:28:12.381771,noisy,naive,{'bins': 5},42,3,4,ok,126,168,0.009814453311264515,1.2925979252904654,1.307769169099629,5,22,36,0,,
2026-05-16T00:28:13.364501,noisy,naive,{'bins': 5},42,4,4,ok,168,210,0.009759729728102684,0.9453696496784687,0.9604701809585094,5,23,31,0,,
2026-05-16T00:28:14.573135,noisy,naive,{'bins': 5},43,0,4,ok,0,43,0.009963924065232277,1.131758219562471,1.1473990557715297,5,20,29,0,,
2026-05-16T00:28:16.076204,noisy,naive,{'bins': 5},43,1,4,ok,43,86,0.010432775132358074,1.455978493206203,1.4720333172008395,5,13,23,0,,
2026-05-16T00:28:16.791127,noisy,naive,{'bins': 5},43,2,4,ok,86,129,0.010027934797108173,0.6695443326607347,0.6849665986374021,5,7,12,0,,
2026-05-16T00:28:18.166111,noisy,naive,{'bins': 5},43,3,4,ok,129,172,0.009911355562508106,1.330061849206686,1.345458086580038,5,10,19,0,,
2026-05-16T00:28:19.865643,noisy,naive,{'bins': 5},43,4,4,ok,172,215,0.01038881205022335,1.650888618081808,1.6669312389567494,5,21,31,0,,
2026-05-16T00:28:21.133958,noisy,naive,{'bins': 5},44,0,4,ok,0,44,0.010478018783032894,1.1914123017340899,1.207492913119495,5,20,29,0,,
2026-05-16T00:28:22.711388,noisy,naive,{'bins': 5},44,1,4,ok,44,88,0.010315404273569584,1.5270434757694602,1.5430357120931149,5,13,23,0,,
2026-05-16T00:28:23.429737,noisy,naive,{'bins': 5},44,2,4,ok,88,132,0.012599914334714413,0.6628034012392163,0.6818481208756566,5,7,12,0,,
2026-05-16T00:28:25.028276,noisy,naive,{'bins': 5},44,3,4,ok,132,176,0.012587652541697025,1.5436535514891148,1.5630710311233997,5,11,20,0,,
2026-05-16T00:28:26.769664,noisy,naive,{'bins': 5},44,4,4,ok,176,220,0.010739841498434544,1.6887196423485875,1.705414648167789,5,11,18,0,,
2026-05-16T00:28:28.083265,noisy,naive,{'bins': 5},45,0,4,ok,0,45,0.010982837527990341,1.2328934902325273,1.2498583132401109,5,20,29,0,,
2026-05-16T00:28:29.544143,noisy,naive,{'bins': 5},45,1,4,ok,45,90,0.010705206543207169,1.4127457737922668,1.4294129684567451,5,13,23,0,,
2026-05-16T00:28:30.297968,noisy,naive,{'bins': 5},45,2,4,ok,90,135,0.010600910522043705,0.7038503242656589,0.7203312376514077,5,14,19,0,,
2026-05-16T00:28:32.202555,noisy,naive,{'bins': 5},45,3,4,ok,135,180,0.010971295647323132,1.8483898704871535,1.865279852412641,5,11,20,0,,
2026-05-16T00:28:33.384863,noisy,naive,{'bins': 5},45,4,4,ok,180,225,0.011928422376513481,1.1318596536293626,1.150025169365108,5,9,17,0,,
2026-05-16T00:28:34.764080,noisy,naive,{'bins': 5},46,0,4,ok,0,46,0.010678576305508614,1.298656715080142,1.3152835443615913,5,20,29,0,,
2026-05-16T00:28:36.379387,noisy,naive,{'bins': 5},46,1,4,ok,46,92,0.011251391842961311,1.5651091588661075,1.5825104620307684,5,13,23,0,,
2026-05-16T00:28:37.183714,noisy,naive,{'bins': 5},46,2,4,ok,92,138,0.011161474511027336,0.7511482080444694,0.7682060562074184,5,14,19,0,,
2026-05-16T00:28:38.834012,noisy,naive,{'bins': 5},46,3,4,ok,138,184,0.011044452898204327,1.5947542181238532,1.6118422821164131,5,11,20,0,,
2026-05-16T00:28:40.293115,noisy,naive,{'bins': 5},46,4,4,ok,184,230,0.01106821745634079,1.4127703001722693,1.4297806788235903,5,15,25,0,,
2026-05-16T00:28:41.682753,noisy,naive,{'bins': 5},47,0,4,ok,0,47,0.010890264064073563,1.3086804011836648,1.3256713133305311,5,20,29,0,,
2026-05-16T00:28:43.250045,noisy,naive,{'bins': 5},47,1,4,ok,47,94,0.011349726468324661,1.5150368148460984,1.5324261747300625,5,15,25,0,,
2026-05-16T00:28:44.143723,noisy,naive,{'bins': 5},47,2,4,ok,94,141,0.011432742699980736,0.8437878806143999,0.8612387469038367,5,14,20,0,,
2026-05-16T00:28:45.861822,noisy,naive,{'bins': 5},47,3,4,ok,141,188,0.010987366549670696,1.6658504186198115,1.6828942000865936,5,11,20,0,,
2026-05-16T00:28:46.916577,noisy,naive,{'bins': 5},47,4,4,ok,188,235,0.010917454957962036,1.0133751668035984,1.0301273800432682,5,28,38,0,,
2026-05-16T00:28:48.415884,noisy,naive,{'bins': 5},48,0,4,ok,0,48,0.01103777065873146,1.4173885956406593,1.4346345448866487,5,20,29,0,,
2026-05-16T00:28:50.098518,noisy,naive,{'bins': 5},48,1,4,ok,48,96,0.011536157689988613,1.6348659237846732,1.6526616085320711,5,24,35,0,,
2026-05-16T00:28:51.299048,noisy,naive,{'bins': 5},48,2,4,ok,96,144,0.011150212027132511,1.1515470873564482,1.1688399966806173,5,15,23,0,,
2026-05-16T00:28:52.937500,noisy,naive,{'bins': 5},48,3,4,ok,144,192,0.014360020868480206,1.5861179772764444,1.6086641028523445,5,17,28,0,,
2026-05-16T00:28:54.031888,noisy,naive,{'bins': 5},48,4,4,ok,192,240,0.011740990914404392,1.0451193768531084,1.0630305362865329,5,34,47,0,,
2026-05-16T00:28:55.621463,noisy,naive,{'bins': 5},49,0,4,ok,0,49,0.01325580757111311,1.4970101779326797,1.5170888295397162,5,20,29,0,,
2026-05-16T00:28:57.352085,noisy,naive,{'bins': 5},49,1,4,ok,49,98,0.013898104429244995,1.6764523917809129,1.698285928927362,5,24,35,0,,
2026-05-16T00:28:58.607576,noisy,naive,{'bins': 5},49,2,4,ok,98,147,0.014422478154301643,1.2013682899996638,1.223583584651351,5,20,29,0,,
2026-05-16T00:29:00.327259,noisy,naive,{'bins': 5},49,3,4,ok,147,196,0.013709618709981441,1.6611754288896918,1.6825721450150013,5,11,19,0,,
2026-05-16T00:29:01.707784,noisy,naive,{'bins': 5},49,4,4,ok,196,245,0.014158631674945354,1.3232441954314709,1.3444858398288488,5,30,42,0,,
2026-05-16T00:29:03.342655,noisy,naive,{'bins': 5},50,0,4,ok,0,50,0.012645130045711994,1.5511247348040342,1.5704324776306748,5,31,44,0,,
2026-05-16T00:29:05.352869,noisy,naive,{'bins': 5},50,1,4,ok,50,100,0.012904565781354904,1.9548918381333351,1.9747368805110455,5,24,35,0,,
2026-05-16T00:29:06.666842,noisy,naive,{'bins': 5},50,2,4,ok,100,150,0.01427061203867197,1.2599443066865206,1.2813368747010827,5,13,22,0,,
2026-05-16T00:29:08.078463,noisy,naive,{'bins': 5},50,3,4,ok,150,200,0.01284402422606945,1.3537579849362373,1.3733496125787497,5,11,19,0,,
2026-05-16T00:29:09.440678,noisy,naive,{'bins': 5},50,4,4,ok,200,250,0.012372667901217937,1.3067888990044594,1.3258227873593569,5,29,38,0,,
2026-05-16T00:29:09.564876,noisy,sax,"{'w': 144, 'bins': 5}",1,0,4,ok,0,1,0.01143133919686079,0.005636988207697868,0.01733827404677868,5,13,15,0,,
2026-05-16T00:29:09.598418,noisy,sax,"{'w': 144, 'bins': 5}",1,1,4,ok,1,2,0.0106492405757308,0.021052350290119648,0.03189000487327576,5,20,25,0,,
2026-05-16T00:29:09.619265,noisy,sax,"{'w': 144, 'bins': 5}",1,2,4,ok,2,3,0.010535736568272114,0.008874678052961826,0.01958407089114189,5,18,20,0,,
2026-05-16T00:29:09.633871,noisy,sax,"{'w': 144, 'bins': 5}",1,3,4,ok,3,4,0.01067059114575386,0.0028443718329072,0.01368553377687931,5,14,15,0,,
2026-05-16T00:29:09.650988,noisy,sax,"{'w': 144, 'bins': 5}",1,4,4,ok,4,5,0.010741595178842545,0.005272713489830494,0.01617617253214121,5,11,13,0,,
2026-05-16T00:29:09.733561,noisy,sax,"{'w': 144, 'bins': 5}",2,0,4,ok,0,2,0.021222049370408058,0.021695668809115887,0.04319923650473356,5,17,22,0,,
2026-05-16T00:29:09.764748,noisy,sax,"{'w': 144, 'bins': 5}",2,1,4,ok,2,4,0.02116289734840393,0.008531753905117512,0.029918101616203785,5,16,17,0,,
2026-05-16T00:29:09.814621,noisy,sax,"{'w': 144, 'bins': 5}",2,2,4,ok,4,6,0.021188105456531048,0.026634003035724163,0.04806503467261791,5,13,17,0,,
2026-05-16T00:29:09.838831,noisy,sax,"{'w': 144, 'bins': 5}",2,3,4,ok,6,8,0.021101271733641624,0.0018738694489002228,0.023178964853286743,5,5,6,0,,
2026-05-16T00:29:09.867712,noisy,sax,"{'w': 144, 'bins': 5}",2,4,4,ok,8,10,0.021235283464193344,0.006170609034597874,0.02761667873710394,5,22,23,0,,
2026-05-16T00:29:09.952138,noisy,sax,"{'w': 144, 'bins': 5}",3,0,4,ok,0,3,0.03164019528776407,0.01284326147288084,0.04480186477303505,5,7,11,0,,
2026-05-16T00:29:10.040538,noisy,sax,"{'w': 144, 'bins': 5}",3,1,4,ok,3,6,0.0312264496460557,0.05476950667798519,0.08631060738116503,5,23,30,0,,
2026-05-16T00:29:10.076944,noisy,sax,"{'w': 144, 'bins': 5}",3,2,4,ok,6,9,0.031454527750611305,0.0035867858678102493,0.03529965877532959,5,14,15,0,,
2026-05-16T00:29:10.122008,noisy,sax,"{'w': 144, 'bins': 5}",3,3,4,ok,9,12,0.03155844286084175,0.012023392133414745,0.0438499990850687,5,14,18,0,,
2026-05-16T00:29:10.187395,noisy,sax,"{'w': 144, 'bins': 5}",3,4,4,ok,12,15,0.031067710369825363,0.03240468259900808,0.06376062333583832,5,10,17,0,,
2026-05-16T00:29:10.296286,noisy,sax,"{'w': 144, 'bins': 5}",4,0,4,ok,0,4,0.041771733202040195,0.026423596777021885,0.06857498455792665,5,19,24,0,,
2026-05-16T00:29:10.345860,noisy,sax,"{'w': 144, 'bins': 5}",4,1,4,ok,4,8,0.041360532864928246,0.006498134694993496,0.048181974329054356,5,16,18,0,,
2026-05-16T00:29:10.417582,noisy,sax,"{'w': 144, 'bins': 5}",4,2,4,ok,8,12,0.04178375657647848,0.027816864661872387,0.06993912812322378,5,34,38,0,,
2026-05-16T00:29:10.501425,noisy,sax,"{'w': 144, 'bins': 5}",4,3,4,ok,12,16,0.04172110930085182,0.039861696772277355,0.08193458709865808,5,15,21,0,,
2026-05-16T00:29:10.562078,noisy,sax,"{'w': 144, 'bins': 5}",4,4,4,ok,16,20,0.04198254086077213,0.01672703679651022,0.05904142092913389,5,14,17,0,,
2026-05-16T00:29:10.701937,noisy,sax,"{'w': 144, 'bins': 5}",5,0,4,ok,0,5,0.05216485448181629,0.04638257436454296,0.09902079775929451,5,25,32,0,,
2026-05-16T00:29:10.782701,noisy,sax,"{'w': 144, 'bins': 5}",5,1,4,ok,5,10,0.05186878889799118,0.026452082209289074,0.07872270606458187,5,16,21,0,,
2026-05-16T00:29:10.901729,noisy,sax,"{'w': 144, 'bins': 5}",5,2,4,ok,10,15,0.05218043364584446,0.06386334728449583,0.11646706610918045,5,29,36,0,,
2026-05-16T00:29:10.991004,noisy,sax,"{'w': 144, 'bins': 5}",5,3,4,ok,15,20,0.0520792743191123,0.03032856248319149,0.08288262877613306,5,15,21,0,,
2026-05-16T00:29:11.066197,noisy,sax,"{'w': 144, 'bins': 5}",5,4,4,ok,20,25,0.05222905520349741,0.020671012811362743,0.07332467567175627,5,8,13,0,,
2026-05-16T00:29:11.278069,noisy,sax,"{'w': 144, 'bins': 5}",6,0,4,ok,0,6,0.06276487279683352,0.10635209828615189,0.1697196029126644,5,4,10,0,,
2026-05-16T00:29:11.368915,noisy,sax,"{'w': 144, 'bins': 5}",6,1,4,ok,6,12,0.06256505753844976,0.025203456170856953,0.08827843144536018,5,19,24,0,,
2026-05-16T00:29:11.471780,noisy,sax,"{'w': 144, 'bins': 5}",6,2,4,ok,12,18,0.06349585670977831,0.03629111032932997,0.1003953805193305,5,23,29,0,,
2026-05-16T00:29:11.612147,noisy,sax,"{'w': 144, 'bins': 5}",6,3,4,ok,18,24,0.06244696583598852,0.07420833688229322,0.13720323238521814,5,23,31,0,,
2026-05-16T00:29:11.733901,noisy,sax,"{'w': 144, 'bins': 5}",6,4,4,ok,24,30,0.06262261606752872,0.05591143108904362,0.11905830167233944,5,32,40,0,,
2026-05-16T00:29:11.937719,noisy,sax,"{'w': 144, 'bins': 5}",7,0,4,ok,0,7,0.0732845813035965,0.08504991885274649,0.15901209227740765,5,4,10,0,,
2026-05-16T00:29:12.065812,noisy,sax,"{'w': 144, 'bins': 5}",7,1,4,ok,7,14,0.07472924422472715,0.04960195068269968,0.12524417974054813,5,36,44,0,,
2026-05-16T00:29:12.188126,noisy,sax,"{'w': 144, 'bins': 5}",7,2,4,ok,14,21,0.07364630047231913,0.0450264485552907,0.11942585278302431,5,25,30,0,,
2026-05-16T00:29:12.308325,noisy,sax,"{'w': 144, 'bins': 5}",7,3,4,ok,21,28,0.0731545863673091,0.04382912814617157,0.11750428285449743,5,30,37,0,,
2026-05-16T00:29:12.418609,noisy,sax,"{'w': 144, 'bins': 5}",7,4,4,ok,28,35,0.07328954059630632,0.03412189707159996,0.10791569482535124,5,27,34,0,,
2026-05-16T00:29:12.586773,noisy,sax,"{'w': 144, 'bins': 5}",8,0,4,ok,0,8,0.08356871642172337,0.042474173940718174,0.12667509820312262,5,20,25,0,,
2026-05-16T00:29:12.741979,noisy,sax,"{'w': 144, 'bins': 5}",8,1,4,ok,8,16,0.08299036975950003,0.06877718679606915,0.15236089006066322,5,29,38,0,,
2026-05-16T00:29:12.886400,noisy,sax,"{'w': 144, 'bins': 5}",8,2,4,ok,16,24,0.08292721211910248,0.05827145464718342,0.14177558943629265,5,25,34,0,,
2026-05-16T00:29:13.025658,noisy,sax,"{'w': 144, 'bins': 5}",8,3,4,ok,24,32,0.08341687172651291,0.05306789092719555,0.1370541714131832,5,30,38,0,,
2026-05-16T00:29:13.167339,noisy,sax,"{'w': 144, 'bins': 5}",8,4,4,ok,32,40,0.08338005375117064,0.055410982109606266,0.13933777250349522,5,29,38,0,,
2026-05-16T00:29:13.380786,noisy,sax,"{'w': 144, 'bins': 5}",9,0,4,ok,0,9,0.09419086668640375,0.07669285219162703,0.17156601045280695,5,22,30,0,,
2026-05-16T00:29:13.531512,noisy,sax,"{'w': 144, 'bins': 5}",9,1,4,ok,9,18,0.0939382016658783,0.05363922379910946,0.14819106832146645,5,28,35,0,,
2026-05-16T00:29:13.690139,noisy,sax,"{'w': 144, 'bins': 5}",9,2,4,ok,18,27,0.09338434133678675,0.06188776530325413,0.15598962549120188,5,19,28,0,,
2026-05-16T00:29:13.850593,noisy,sax,"{'w': 144, 'bins': 5}",9,3,4,ok,27,36,0.09495536331087351,0.06139493081718683,0.1576564870774746,5,17,27,0,,
2026-05-16T00:29:14.046728,noisy,sax,"{'w': 144, 'bins': 5}",9,4,4,ok,36,45,0.0942682633176446,0.09766814764589071,0.19285122863948345,5,18,28,0,,
2026-05-16T00:29:14.297781,noisy,sax,"{'w': 144, 'bins': 5}",10,0,4,ok,0,10,0.1055540181696415,0.09906569309532642,0.20592519361525774,5,21,29,0,,
2026-05-16T00:29:14.549087,noisy,sax,"{'w': 144, 'bins': 5}",10,1,4,ok,10,20,0.11031236778944731,0.13388873636722565,0.2471859296783805,5,35,44,0,,
2026-05-16T00:29:14.754691,noisy,sax,"{'w': 144, 'bins': 5}",10,2,4,ok,20,30,0.10641999542713165,0.09462381061166525,0.20227148197591305,5,20,29,0,,
2026-05-16T00:29:14.941522,noisy,sax,"{'w': 144, 'bins': 5}",10,3,4,ok,30,40,0.10543364193290472,0.07701202295720577,0.18340416438877583,5,10,16,0,,
2026-05-16T00:29:15.150040,noisy,sax,"{'w': 144, 'bins': 5}",10,4,4,ok,40,50,0.10556031111627817,0.09866494964808226,0.20520159509032965,5,16,24,0,,
2026-05-16T00:29:15.418968,noisy,sax,"{'w': 144, 'bins': 5}",11,0,4,ok,0,11,0.115639160387218,0.10793450009077787,0.22461409401148558,5,25,35,0,,
2026-05-16T00:29:15.654934,noisy,sax,"{'w': 144, 'bins': 5}",11,1,4,ok,11,22,0.11626487597823143,0.11434606276452541,0.23197439964860678,5,15,22,0,,
2026-05-16T00:29:15.871330,noisy,sax,"{'w': 144, 'bins': 5}",11,2,4,ok,22,33,0.115285306237638,0.09655349422246218,0.21286058891564608,5,17,27,0,,
2026-05-16T00:29:16.103344,noisy,sax,"{'w': 144, 'bins': 5}",11,3,4,ok,33,44,0.11527418531477451,0.11263959668576717,0.2289207438006997,5,12,18,0,,
2026-05-16T00:29:16.307759,noisy,sax,"{'w': 144, 'bins': 5}",11,4,4,ok,44,55,0.11485107056796551,0.08498754166066647,0.20086612179875374,5,21,32,0,,
2026-05-16T00:29:16.616269,noisy,sax,"{'w': 144, 'bins': 5}",12,0,4,ok,0,12,0.1264161914587021,0.13556283060461283,0.2631874615326524,5,7,15,0,,
2026-05-16T00:29:16.855164,noisy,sax,"{'w': 144, 'bins': 5}",12,1,4,ok,12,24,0.1302723539993167,0.10259494092315435,0.2351636877283454,5,19,27,0,,
2026-05-16T00:29:17.072045,noisy,sax,"{'w': 144, 'bins': 5}",12,2,4,ok,24,36,0.1258936207741499,0.08668713364750147,0.2136407047510147,5,17,25,0,,
2026-05-16T00:29:17.326790,noisy,sax,"{'w': 144, 'bins': 5}",12,3,4,ok,36,48,0.12509956862777472,0.12477452866733074,0.2511005010455847,5,13,23,0,,
2026-05-16T00:29:17.534347,noisy,sax,"{'w': 144, 'bins': 5}",12,4,4,ok,48,60,0.125573318451643,0.07675310596823692,0.20341909676790237,5,13,18,0,,
2026-05-16T00:29:17.858876,noisy,sax,"{'w': 144, 'bins': 5}",13,0,4,ok,0,13,0.13832717295736074,0.13833532854914665,0.27821557875722647,5,27,37,0,,
2026-05-16T00:29:18.107522,noisy,sax,"{'w': 144, 'bins': 5}",13,1,4,ok,13,26,0.13510567229241133,0.10853428672999144,0.24476713594049215,5,7,13,0,,
2026-05-16T00:29:18.396736,noisy,sax,"{'w': 144, 'bins': 5}",13,2,4,ok,26,39,0.13631760887801647,0.1480701519176364,0.28571315947920084,5,22,33,0,,
2026-05-16T00:29:18.639149,noisy,sax,"{'w': 144, 'bins': 5}",13,3,4,ok,39,52,0.13794209994375706,0.09925822541117668,0.23854832630604506,5,25,36,0,,
2026-05-16T00:29:18.860447,noisy,sax,"{'w': 144, 'bins': 5}",13,4,4,ok,52,65,0.13601006101816893,0.079895437695086,0.21702110394835472,5,34,42,0,,
2026-05-16T00:29:19.184500,noisy,sax,"{'w': 144, 'bins': 5}",14,0,4,ok,0,14,0.14632145874202251,0.13148139510303736,0.2790120542049408,5,18,29,0,,
2026-05-16T00:29:19.497188,noisy,sax,"{'w': 144, 'bins': 5}",14,1,4,ok,14,28,0.14653395675122738,0.16082951612770557,0.30861145723611116,5,18,27,0,,
2026-05-16T00:29:19.733045,noisy,sax,"{'w': 144, 'bins': 5}",14,2,4,ok,28,42,0.14683114551007748,0.084178501740098,0.23216487746685743,5,20,29,0,,
2026-05-16T00:29:20.058040,noisy,sax,"{'w': 144, 'bins': 5}",14,3,4,ok,42,56,0.14564301259815693,0.17338707204908133,0.32040354423224926,5,34,48,0,,
2026-05-16T00:29:20.360478,noisy,sax,"{'w': 144, 'bins': 5}",14,4,4,ok,56,70,0.14650213811546564,0.150452415458858,0.29818443302065134,5,43,55,0,,
2026-05-16T00:29:20.706742,noisy,sax,"{'w': 144, 'bins': 5}",15,0,4,ok,0,15,0.1594737395644188,0.14044475834816694,0.30151919554919004,5,43,53,0,,
2026-05-16T00:29:21.030093,noisy,sax,"{'w': 144, 'bins': 5}",15,1,4,ok,15,30,0.15814828127622604,0.15765652619302273,0.317367191426456,5,28,38,0,,
2026-05-16T00:29:21.324002,noisy,sax,"{'w': 144, 'bins': 5}",15,2,4,ok,30,45,0.1565773691982031,0.13179635535925627,0.28967608138918877,5,17,30,0,,
2026-05-16T00:29:21.634856,noisy,sax,"{'w': 144, 'bins': 5}",15,3,4,ok,45,60,0.15699968207627535,0.14815173484385014,0.3064954010769725,5,12,24,0,,
2026-05-16T00:29:21.946073,noisy,sax,"{'w': 144, 'bins': 5}",15,4,4,ok,60,75,0.15822582598775625,0.1465442255139351,0.3065206492319703,5,29,38,0,,
2026-05-16T00:29:22.317997,noisy,sax,"{'w': 144, 'bins': 5}",16,0,4,ok,0,16,0.16702874843031168,0.15778858494013548,0.32626428082585335,5,31,42,0,,
2026-05-16T00:29:22.614889,noisy,sax,"{'w': 144, 'bins': 5}",16,1,4,ok,16,32,0.16833193693310022,0.12169187795370817,0.29146945010870695,5,30,39,0,,
2026-05-16T00:29:22.963161,noisy,sax,"{'w': 144, 'bins': 5}",16,2,4,ok,32,48,0.1672657448798418,0.17384754680097103,0.34250696934759617,5,27,39,0,,
2026-05-16T00:29:23.241586,noisy,sax,"{'w': 144, 'bins': 5}",16,3,4,ok,48,64,0.16750430315732956,0.10498182382434607,0.27385672088712454,5,31,39,0,,
2026-05-16T00:29:23.584740,noisy,sax,"{'w': 144, 'bins': 5}",16,4,4,ok,64,80,0.1682156976312399,0.16771795228123665,0.3373812697827816,5,41,53,0,,
2026-05-16T00:29:24.070866,noisy,sax,"{'w': 144, 'bins': 5}",17,0,4,ok,0,17,0.17808976396918297,0.2597344871610403,0.43941777385771275,5,23,33,0,,
2026-05-16T00:29:24.440928,noisy,sax,"{'w': 144, 'bins': 5}",17,1,4,ok,17,34,0.17769596446305513,0.1859934087842703,0.365145618095994,5,35,49,0,,
2026-05-16T00:29:24.898233,noisy,sax,"{'w': 144, 'bins': 5}",17,2,4,ok,34,51,0.1772353295236826,0.27423293702304363,0.4528557024896145,5,31,47,0,,
2026-05-16T00:29:25.225899,noisy,sax,"{'w': 144, 'bins': 5}",17,3,4,ok,51,68,0.17700483556836843,0.14473629090934992,0.3232990922406316,5,5,13,0,,
2026-05-16T00:29:25.541605,noisy,sax,"{'w': 144, 'bins': 5}",17,4,4,ok,68,85,0.17664145305752754,0.13271622452884912,0.31085467897355556,5,21,31,0,,
2026-05-16T00:29:25.953886,noisy,sax,"{'w': 144, 'bins': 5}",18,0,4,ok,0,18,0.1910441741347313,0.17516212537884712,0.36799030005931854,5,21,29,0,,
2026-05-16T00:29:26.339872,noisy,sax,"{'w': 144, 'bins': 5}",18,1,4,ok,18,36,0.18813766539096832,0.19146159756928682,0.38107625767588615,5,27,36,0,,
2026-05-16T00:29:26.724187,noisy,sax,"{'w': 144, 'bins': 5}",18,2,4,ok,36,54,0.18733838479965925,0.1906045088544488,0.37943000718951225,5,32,47,0,,
2026-05-16T00:29:27.080086,noisy,sax,"{'w': 144, 'bins': 5}",18,3,4,ok,54,72,0.18837161362171173,0.16078710742294788,0.35068450681865215,5,26,37,0,,
2026-05-16T00:29:27.433699,noisy,sax,"{'w': 144, 'bins': 5}",18,4,4,ok,72,90,0.1887942487373948,0.1580053921788931,0.3483439004048705,5,23,34,0,,
2026-05-16T00:29:27.871086,noisy,sax,"{'w': 144, 'bins': 5}",19,0,4,ok,0,19,0.19891277328133583,0.18982346169650555,0.3901530662551522,5,26,38,0,,
2026-05-16T00:29:28.274505,noisy,sax,"{'w': 144, 'bins': 5}",19,1,4,ok,19,38,0.19872555136680603,0.19677299447357655,0.39690070878714323,5,44,55,0,,
2026-05-16T00:29:28.740299,noisy,sax,"{'w': 144, 'bins': 5}",19,2,4,ok,38,57,0.1977591458708048,0.260564967058599,0.45975613221526146,5,16,27,0,,
2026-05-16T00:29:29.212905,noisy,sax,"{'w': 144, 'bins': 5}",19,3,4,ok,57,76,0.19966302160173655,0.2660017181187868,0.4671570025384426,5,20,32,0,,
2026-05-16T00:29:29.643672,noisy,sax,"{'w': 144, 'bins': 5}",19,4,4,ok,76,95,0.19955051131546497,0.2249826667830348,0.42594573087990284,5,5,13,0,,
2026-05-16T00:29:30.102455,noisy,sax,"{'w': 144, 'bins': 5}",20,0,4,ok,0,20,0.20928014442324638,0.20232155453413725,0.4131095018237829,5,14,22,0,,
2026-05-16T00:29:30.542504,noisy,sax,"{'w': 144, 'bins': 5}",20,1,4,ok,20,40,0.2088560787960887,0.22390885092318058,0.434242844581604,5,31,43,0,,
2026-05-16T00:29:30.949938,noisy,sax,"{'w': 144, 'bins': 5}",20,2,4,ok,40,60,0.20944754872471094,0.19035950861871243,0.40138451009988785,5,39,52,0,,
2026-05-16T00:29:31.306257,noisy,sax,"{'w': 144, 'bins': 5}",20,3,4,ok,60,80,0.2102877562865615,0.1383460471406579,0.35043293330818415,5,13,21,0,,
2026-05-16T00:29:31.905434,noisy,sax,"{'w': 144, 'bins': 5}",20,4,4,ok,80,100,0.21273026429116726,0.37726047076284885,0.592148588038981,5,23,38,0,,
2026-05-16T00:29:32.423949,noisy,sax,"{'w': 144, 'bins': 5}",21,0,4,ok,0,21,0.22357346955686808,0.24342847056686878,0.4698103154078126,5,40,53,0,,
2026-05-16T00:29:32.882947,noisy,sax,"{'w': 144, 'bins': 5}",21,1,4,ok,21,42,0.22540400922298431,0.22438099700957537,0.451750036329031,5,45,57,0,,
2026-05-16T00:29:33.342221,noisy,sax,"{'w': 144, 'bins': 5}",21,2,4,ok,42,63,0.22320872452110052,0.2275948626920581,0.4530541440472007,5,27,40,0,,
2026-05-16T00:29:33.785651,noisy,sax,"{'w': 144, 'bins': 5}",21,3,4,ok,63,84,0.22329310327768326,0.21126466151326895,0.4362279921770096,5,37,50,0,,
2026-05-16T00:29:34.320970,noisy,sax,"{'w': 144, 'bins': 5}",21,4,4,ok,84,105,0.2252834914252162,0.29980305302888155,0.5280287507921457,5,39,55,0,,
2026-05-16T00:29:34.863893,noisy,sax,"{'w': 144, 'bins': 5}",22,0,4,ok,0,22,0.23560145031660795,0.25622073747217655,0.49518723879009485,5,3,10,0,,
2026-05-16T00:29:35.628428,noisy,sax,"{'w': 144, 'bins': 5}",22,1,4,ok,22,44,0.23314095847308636,0.5210120920091867,0.7562259053811431,5,45,66,0,,
2026-05-16T00:29:36.005643,noisy,sax,"{'w': 144, 'bins': 5}",22,2,4,ok,44,66,0.23453490808606148,0.13469259534031153,0.37120007909834385,5,27,35,0,,
2026-05-16T00:29:36.516711,noisy,sax,"{'w': 144, 'bins': 5}",22,3,4,ok,66,88,0.23340218979865313,0.26888849027454853,0.504287370480597,5,12,22,0,,
2026-05-16T00:29:37.076999,noisy,sax,"{'w': 144, 'bins': 5}",22,4,4,ok,88,110,0.23600959684699774,0.31575029343366623,0.5540158785879612,5,11,19,0,,
2026-05-16T00:29:37.613899,noisy,sax,"{'w': 144, 'bins': 5}",23,0,4,ok,0,23,0.2434073518961668,0.24057571310549974,0.4859475940465927,5,30,45,0,,
2026-05-16T00:29:38.225181,noisy,sax,"{'w': 144, 'bins': 5}",23,1,4,ok,23,46,0.24251928366720676,0.35821754578500986,0.6026794882491231,5,46,63,0,,
2026-05-16T00:29:38.683155,noisy,sax,"{'w': 144, 'bins': 5}",23,2,4,ok,46,69,0.24393086414784193,0.2058660415932536,0.4517245665192604,5,12,20,0,,
2026-05-16T00:29:39.313899,noisy,sax,"{'w': 144, 'bins': 5}",23,3,4,ok,69,92,0.24377466179430485,0.3782354714348912,0.6238988805562258,5,54,74,0,,
2026-05-16T00:29:40.004802,noisy,sax,"{'w': 144, 'bins': 5}",23,4,4,ok,92,115,0.24105176702141762,0.4402822181582451,0.6831373423337936,5,50,69,0,,
2026-05-16T00:29:40.625727,noisy,sax,"{'w': 144, 'bins': 5}",24,0,4,ok,0,24,0.25317004788666964,0.31825668178498745,0.5736038088798523,5,30,43,0,,
2026-05-16T00:29:41.289980,noisy,sax,"{'w': 144, 'bins': 5}",24,1,4,ok,24,48,0.25326716993004084,0.4009654941037297,0.6562399035319686,5,25,37,0,,
2026-05-16T00:29:41.763674,noisy,sax,"{'w': 144, 'bins': 5}",24,2,4,ok,48,72,0.25373078137636185,0.2095568748190999,0.4652279503643513,5,4,11,0,,
2026-05-16T00:29:42.272191,noisy,sax,"{'w': 144, 'bins': 5}",24,3,4,ok,72,96,0.2565758153796196,0.24175047874450684,0.5006200615316629,5,26,38,0,,
2026-05-16T00:29:43.212536,noisy,sax,"{'w': 144, 'bins': 5}",24,4,4,ok,96,120,0.2539085354655981,0.6748709259554744,0.9313996518030763,5,12,23,0,,
2026-05-16T00:29:43.825715,noisy,sax,"{'w': 144, 'bins': 5}",25,0,4,ok,0,25,0.2653597816824913,0.2951191058382392,0.5627539604902267,5,34,49,0,,
2026-05-16T00:29:44.413426,noisy,sax,"{'w': 144, 'bins': 5}",25,1,4,ok,25,50,0.26519407145678997,0.31256164610385895,0.579837266355753,5,31,42,0,,
2026-05-16T00:29:45.013729,noisy,sax,"{'w': 144, 'bins': 5}",25,2,4,ok,50,75,0.2621838469058275,0.3269234001636505,0.5914326040074229,5,35,46,0,,
2026-05-16T00:29:45.580916,noisy,sax,"{'w': 144, 'bins': 5}",25,3,4,ok,75,100,0.26454510167241096,0.2925268756225705,0.5595227405428886,5,18,28,0,,
2026-05-16T00:29:46.221004,noisy,sax,"{'w': 144, 'bins': 5}",25,4,4,ok,100,125,0.2665743036195636,0.36236585676670074,0.6320269173011184,5,26,41,0,,
2026-05-16T00:29:46.833785,noisy,sax,"{'w': 144, 'bins': 5}",26,0,4,ok,0,26,0.2736702710390091,0.28639059234410524,0.5622373102232814,5,25,38,0,,
2026-05-16T00:29:47.399027,noisy,sax,"{'w': 144, 'bins': 5}",26,1,4,ok,26,52,0.2783277779817581,0.27660840936005116,0.5580311603844166,5,3,10,0,,
2026-05-16T00:29:47.944830,noisy,sax,"{'w': 144, 'bins': 5}",26,2,4,ok,52,78,0.2736152783036232,0.2610354805365205,0.537129994481802,5,39,54,0,,
2026-05-16T00:29:48.607727,noisy,sax,"{'w': 144, 'bins': 5}",26,3,4,ok,78,104,0.27635725773870945,0.37576444167643785,0.6553351944312453,5,44,65,0,,
2026-05-16T00:29:49.549048,noisy,sax,"{'w': 144, 'bins': 5}",26,4,4,ok,104,130,0.2805586690083146,0.6467374665662646,0.9310462791472673,5,37,54,0,,
2026-05-16T00:29:50.366462,noisy,sax,"{'w': 144, 'bins': 5}",27,0,4,ok,0,27,0.29083084035664797,0.4705209909006953,0.7651975248008966,5,30,44,0,,
2026-05-16T00:29:50.937340,noisy,sax,"{'w': 144, 'bins': 5}",27,1,4,ok,27,54,0.2861375156790018,0.27432516124099493,0.5630135582759976,5,9,19,0,,
2026-05-16T00:29:51.519559,noisy,sax,"{'w': 144, 'bins': 5}",27,2,4,ok,54,81,0.28877599257975817,0.2829183507710695,0.5741473296657205,5,17,27,0,,
2026-05-16T00:29:52.307729,noisy,sax,"{'w': 144, 'bins': 5}",27,3,4,ok,81,108,0.2842484787106514,0.4930325513705611,0.7796819694340229,5,8,17,0,,
2026-05-16T00:29:53.465924,noisy,sax,"{'w': 144, 'bins': 5}",27,4,4,ok,108,135,0.2849381435662508,0.8580949725583196,1.1453239284455776,5,51,72,0,,
2026-05-16T00:29:54.103280,noisy,sax,"{'w': 144, 'bins': 5}",28,0,4,ok,0,28,0.2965777851641178,0.2839732626453042,0.5843378594145179,5,52,65,0,,
2026-05-16T00:29:54.806549,noisy,sax,"{'w': 144, 'bins': 5}",28,1,4,ok,28,56,0.296637617982924,0.3954025264829397,0.6945099122822285,5,11,21,0,,
2026-05-16T00:29:55.345083,noisy,sax,"{'w': 144, 'bins': 5}",28,2,4,ok,56,84,0.29820158425718546,0.22849432192742825,0.5303299017250538,5,16,26,0,,
2026-05-16T00:29:56.166115,noisy,sax,"{'w': 144, 'bins': 5}",28,3,4,ok,84,112,0.29455734975636005,0.5138261457905173,0.8120449129492044,5,25,39,0,,
2026-05-16T00:29:57.349368,noisy,sax,"{'w': 144, 'bins': 5}",28,4,4,ok,112,140,0.29626461677253246,0.8691464494913816,1.1688693407922983,5,47,65,0,,
2026-05-16T00:29:58.056702,noisy,sax,"{'w': 144, 'bins': 5}",29,0,4,ok,0,29,0.3042699722573161,0.3477087076753378,0.6547271721065044,5,25,37,0,,
2026-05-16T00:29:58.786523,noisy,sax,"{'w': 144, 'bins': 5}",29,1,4,ok,29,58,0.31046747229993343,0.40606908965855837,0.7209979705512524,5,7,16,0,,
2026-05-16T00:29:59.454049,noisy,sax,"{'w': 144, 'bins': 5}",29,2,4,ok,58,87,0.3024793788790703,0.35245969146490097,0.659835847094655,5,8,18,0,,
2026-05-16T00:30:00.253010,noisy,sax,"{'w': 144, 'bins': 5}",29,3,4,ok,87,116,0.3030691556632519,0.48226409684866667,0.7876582397148013,5,17,27,0,,
2026-05-16T00:30:01.101102,noisy,sax,"{'w': 144, 'bins': 5}",29,4,4,ok,116,145,0.3087080279365182,0.5246782675385475,0.8361676903441548,5,18,28,0,,
2026-05-16T00:30:01.955175,noisy,sax,"{'w': 144, 'bins': 5}",30,0,4,ok,0,30,0.3181079030036926,0.47780243679881096,0.7985479738563299,5,15,25,0,,
2026-05-16T00:30:02.624804,noisy,sax,"{'w': 144, 'bins': 5}",30,1,4,ok,30,60,0.3219382371753454,0.3357739821076393,0.6608014209195971,5,32,48,0,,
2026-05-16T00:30:03.297540,noisy,sax,"{'w': 144, 'bins': 5}",30,2,4,ok,60,90,0.31781455036252737,0.34254030138254166,0.6630602926015854,5,46,58,0,,
2026-05-16T00:30:04.297812,noisy,sax,"{'w': 144, 'bins': 5}",30,3,4,ok,90,120,0.3158029643818736,0.6711006853729486,0.9897657344117761,5,8,17,0,,
2026-05-16T00:30:05.336595,noisy,sax,"{'w': 144, 'bins': 5}",30,4,4,ok,120,150,0.3168407930061221,0.7050565294921398,1.0249333148822188,5,28,45,0,,
2026-05-16T00:30:06.102518,noisy,sax,"{'w': 144, 'bins': 5}",31,0,4,ok,0,31,0.329757091589272,0.37988797668367624,0.7124863946810365,5,12,22,0,,
2026-05-16T00:30:06.848840,noisy,sax,"{'w': 144, 'bins': 5}",31,1,4,ok,31,62,0.33185543213039637,0.40371094923466444,0.738791829906404,5,13,25,0,,
2026-05-16T00:30:07.720670,noisy,sax,"{'w': 144, 'bins': 5}",31,2,4,ok,62,93,0.3288359921425581,0.5289637073874474,0.8608532529324293,5,8,17,0,,
2026-05-16T00:30:08.537654,noisy,sax,"{'w': 144, 'bins': 5}",31,3,4,ok,93,124,0.3259712103754282,0.47561750188469887,0.8050146279856563,5,49,65,0,,
2026-05-16T00:30:09.538107,noisy,sax,"{'w': 144, 'bins': 5}",31,4,4,ok,124,155,0.3298610169440508,0.6554495701566339,0.988886202685535,5,31,47,0,,
2026-05-16T00:30:10.315791,noisy,sax,"{'w': 144, 'bins': 5}",32,0,4,ok,0,32,0.33949225675314665,0.38146283384412527,0.7252500969916582,5,40,57,0,,
2026-05-16T00:30:10.993451,noisy,sax,"{'w': 144, 'bins': 5}",32,1,4,ok,32,64,0.3412867859005928,0.32371250819414854,0.667953472584486,5,30,44,0,,
2026-05-16T00:30:11.809993,noisy,sax,"{'w': 144, 'bins': 5}",32,2,4,ok,64,96,0.3419727152213454,0.46024443954229355,0.8060990357771516,5,26,40,0,,
2026-05-16T00:30:13.094055,noisy,sax,"{'w': 144, 'bins': 5}",32,3,4,ok,96,128,0.3416409008204937,0.9266158575192094,1.2716585574671626,5,5,12,0,,
2026-05-16T00:30:14.313933,noisy,sax,"{'w': 144, 'bins': 5}",32,4,4,ok,128,160,0.34356063697487116,0.8574604606255889,1.2051425287500024,5,19,30,0,,
2026-05-16T00:30:15.107519,noisy,sax,"{'w': 144, 'bins': 5}",33,0,4,ok,0,33,0.3490461790934205,0.3856353899464011,0.7385732382535934,5,30,42,0,,
2026-05-16T00:30:15.830858,noisy,sax,"{'w': 144, 'bins': 5}",33,1,4,ok,33,66,0.3519158000126481,0.35928479954600334,0.7156645637005568,5,19,32,0,,
2026-05-16T00:30:16.755163,noisy,sax,"{'w': 144, 'bins': 5}",33,2,4,ok,66,99,0.3485593842342496,0.5598854525014758,0.9120048433542252,5,27,40,0,,
2026-05-16T00:30:17.863364,noisy,sax,"{'w': 144, 'bins': 5}",33,3,4,ok,99,132,0.3461697371676564,0.7456113593652844,1.0946988267824054,5,12,22,0,,
2026-05-16T00:30:18.968496,noisy,sax,"{'w': 144, 'bins': 5}",33,4,4,ok,132,165,0.3489869488403201,0.7411453109234571,1.0937882959842682,5,22,34,0,,
2026-05-16T00:30:19.872546,noisy,sax,"{'w': 144, 'bins': 5}",34,0,4,ok,0,34,0.3635135320946574,0.48303366266191006,0.8509391732513905,5,15,26,0,,
2026-05-16T00:30:20.672355,noisy,sax,"{'w': 144, 'bins': 5}",34,1,4,ok,34,68,0.359047413803637,0.42622356303036213,0.7893819771707058,5,24,40,0,,
2026-05-16T00:30:21.566752,noisy,sax,"{'w': 144, 'bins': 5}",34,2,4,ok,68,102,0.3595586344599724,0.5193302929401398,0.8821419170126319,5,49,69,0,,
2026-05-16T00:30:22.869243,noisy,sax,"{'w': 144, 'bins': 5}",34,3,4,ok,102,136,0.3576368149369955,0.9259912744164467,1.2865058640018106,5,25,35,0,,
2026-05-16T00:30:23.627942,noisy,sax,"{'w': 144, 'bins': 5}",34,4,4,ok,136,170,0.35678806994110346,0.3877891767770052,0.7474940344691277,5,5,13,0,,
2026-05-16T00:30:24.475699,noisy,sax,"{'w': 144, 'bins': 5}",35,0,4,ok,0,35,0.3652377910912037,0.4275328516960144,0.7957266448065639,5,20,32,0,,
2026-05-16T00:30:25.436472,noisy,sax,"{'w': 144, 'bins': 5}",35,1,4,ok,35,70,0.3648013398051262,0.5827410202473402,0.950140249915421,5,47,64,0,,
2026-05-16T00:30:26.319481,noisy,sax,"{'w': 144, 'bins': 5}",35,2,4,ok,70,105,0.36582647543400526,0.5021355897188187,0.8707526167854667,5,26,39,0,,
2026-05-16T00:30:27.929482,noisy,sax,"{'w': 144, 'bins': 5}",35,3,4,ok,105,140,0.36836519464850426,1.223437529988587,1.5962034398689866,5,10,23,0,,
2026-05-16T00:30:28.854034,noisy,sax,"{'w': 144, 'bins': 5}",35,4,4,ok,140,175,0.3630745178088546,0.5468173185363412,0.9125985503196716,5,22,32,0,,
2026-05-16T00:30:29.920099,noisy,sax,"{'w': 144, 'bins': 5}",36,0,4,ok,0,36,0.3769223662093282,0.6327330330386758,1.012599860318005,5,43,60,0,,
2026-05-16T00:30:30.744785,noisy,sax,"{'w': 144, 'bins': 5}",36,1,4,ok,36,72,0.37414020113646984,0.4368256460875273,0.8137203902006149,5,31,45,0,,
2026-05-16T00:30:31.654461,noisy,sax,"{'w': 144, 'bins': 5}",36,2,4,ok,72,108,0.38393521681427956,0.5096916304901242,0.8982953764498234,5,15,25,0,,
2026-05-16T00:30:33.035431,noisy,sax,"{'w': 144, 'bins': 5}",36,3,4,ok,108,144,0.380359492264688,0.9823409775272012,1.366523901000619,5,43,60,0,,
2026-05-16T00:30:34.246522,noisy,sax,"{'w': 144, 'bins': 5}",36,4,4,ok,144,180,0.3819015780463815,0.8104689735919237,1.1964035658165812,5,51,71,0,,
2026-05-16T00:30:35.307352,noisy,sax,"{'w': 144, 'bins': 5}",37,0,4,ok,0,37,0.3935528816655278,0.6044919518753886,1.0040245540440083,5,35,56,0,,
2026-05-16T00:30:36.377680,noisy,sax,"{'w': 144, 'bins': 5}",37,1,4,ok,37,74,0.3987728152424097,0.6560737211257219,1.0597087191417813,5,12,21,0,,
2026-05-16T00:30:37.351580,noisy,sax,"{'w': 144, 'bins': 5}",37,2,4,ok,74,111,0.3974413648247719,0.5597289893776178,0.9622744703665376,5,51,68,0,,
2026-05-16T00:30:38.683224,noisy,sax,"{'w': 144, 'bins': 5}",37,3,4,ok,111,148,0.39862645976245403,0.9117677491158247,1.3155825035646558,5,36,50,0,,
2026-05-16T00:30:39.603152,noisy,sax,"{'w': 144, 'bins': 5}",37,4,4,ok,148,185,0.3982651121914387,0.5056946538388729,0.9082635482773185,5,18,27,0,,
2026-05-16T00:30:40.587154,noisy,sax,"{'w': 144, 'bins': 5}",38,0,4,ok,0,38,0.40569012705236673,0.5184826115146279,0.9292087769135833,5,32,46,0,,
2026-05-16T00:30:41.573495,noisy,sax,"{'w': 144, 'bins': 5}",38,1,4,ok,38,76,0.40503676049411297,0.5649401359260082,0.9742024634033442,5,15,24,0,,
2026-05-16T00:30:42.641399,noisy,sax,"{'w': 144, 'bins': 5}",38,2,4,ok,76,114,0.40378902666270733,0.6486879484727979,1.0555923469364643,5,32,50,0,,
2026-05-16T00:30:43.968072,noisy,sax,"{'w': 144, 'bins': 5}",38,3,4,ok,114,152,0.4080421542748809,0.8985017035156488,1.311315138824284,5,21,36,0,,
2026-05-16T00:30:45.049443,noisy,sax,"{'w': 144, 'bins': 5}",38,4,4,ok,152,190,0.4015181213617325,0.6629719873890281,1.0680362489074469,5,36,60,0,,
2026-05-16T00:30:46.150770,noisy,sax,"{'w': 144, 'bins': 5}",39,0,4,ok,0,39,0.41121975239366293,0.6284336475655437,1.0446635205298662,5,7,15,0,,
2026-05-16T00:30:47.243337,noisy,sax,"{'w': 144, 'bins': 5}",39,1,4,ok,39,78,0.411072907038033,0.6645113378763199,1.078440179117024,5,3,10,0,,
2026-05-16T00:30:48.510343,noisy,sax,"{'w': 144, 'bins': 5}",39,2,4,ok,78,117,0.4152090847492218,0.8341798158362508,1.2549645034596324,5,20,37,0,,
2026-05-16T00:30:49.722910,noisy,sax,"{'w': 144, 'bins': 5}",39,3,4,ok,117,156,0.41146945115178823,0.7822621250525117,1.199048132635653,5,20,34,0,,
2026-05-16T00:30:50.958884,noisy,sax,"{'w': 144, 'bins': 5}",39,4,4,ok,156,195,0.4127100119367242,0.8036416005343199,1.2204196220263839,5,6,14,0,,
2026-05-16T00:30:52.074260,noisy,sax,"{'w': 144, 'bins': 5}",40,0,4,ok,0,40,0.4281274378299713,0.6258671581745148,1.058065501973033,5,36,52,0,,
2026-05-16T00:30:53.051046,noisy,sax,"{'w': 144, 'bins': 5}",40,1,4,ok,40,80,0.43020130414515734,0.5296219037845731,0.9643838424235582,5,27,41,0,,
2026-05-16T00:30:54.289566,noisy,sax,"{'w': 144, 'bins': 5}",40,2,4,ok,80,120,0.42890963703393936,0.7909006699919701,1.2246149722486734,5,23,35,0,,
2026-05-16T00:30:55.598525,noisy,sax,"{'w': 144, 'bins': 5}",40,3,4,ok,120,160,0.4170381408184767,0.8734553726390004,1.2936127614229918,5,12,23,0,,
2026-05-16T00:30:56.912063,noisy,sax,"{'w': 144, 'bins': 5}",40,4,4,ok,160,200,0.41615030355751514,0.8778056027367711,1.2970854043960571,5,12,21,0,,
2026-05-16T00:30:57.940536,noisy,sax,"{'w': 144, 'bins': 5}",41,0,4,ok,0,41,0.4355014069005847,0.531817595474422,0.9727232735604048,5,29,38,0,,
2026-05-16T00:30:58.951678,noisy,sax,"{'w': 144, 'bins': 5}",41,1,4,ok,41,82,0.43472825549542904,0.5614305250346661,1.000257559120655,5,36,55,0,,
2026-05-16T00:31:00.576252,noisy,sax,"{'w': 144, 'bins': 5}",41,2,4,ok,82,123,0.4382489984855056,1.164868937805295,1.6086904630064964,5,9,19,0,,
2026-05-16T00:31:02.139019,noisy,sax,"{'w': 144, 'bins': 5}",41,3,4,ok,123,164,0.4339336436241865,1.1068678423762321,1.5442717829719186,5,39,57,0,,
2026-05-16T00:31:03.531674,noisy,sax,"{'w': 144, 'bins': 5}",41,4,4,ok,164,205,0.4358506239950657,0.9354431666433811,1.3763095512986183,5,11,21,0,,
2026-05-16T00:31:04.930433,noisy,sax,"{'w': 144, 'bins': 5}",42,0,4,ok,0,42,0.44234430976212025,0.8960507595911622,1.3437145315110683,5,27,44,0,,
2026-05-16T00:31:05.910662,noisy,sax,"{'w': 144, 'bins': 5}",42,1,4,ok,42,84,0.4405598072335124,0.5217517409473658,0.9658991675823927,5,5,13,0,,
2026-05-16T00:31:07.376338,noisy,sax,"{'w': 144, 'bins': 5}",42,2,4,ok,84,126,0.4447368225082755,0.9994114693254232,1.448912470601499,5,19,35,0,,
2026-05-16T00:31:08.906077,noisy,sax,"{'w': 144, 'bins': 5}",42,3,4,ok,126,168,0.44632683880627155,1.0590999461710453,1.5100449593737721,5,45,64,0,,
2026-05-16T00:31:10.580313,noisy,sax,"{'w': 144, 'bins': 5}",42,4,4,ok,168,210,0.4490443542599678,1.2003953829407692,1.653531943447888,5,22,38,0,,
2026-05-16T00:31:11.838248,noisy,sax,"{'w': 144, 'bins': 5}",43,0,4,ok,0,43,0.4519248241558671,0.741256139241159,1.1968592824414372,5,41,58,0,,
2026-05-16T00:31:12.801672,noisy,sax,"{'w': 144, 'bins': 5}",43,1,4,ok,43,86,0.45278042182326317,0.49171425588428974,0.950063836760819,5,14,24,0,,
2026-05-16T00:31:14.287483,noisy,sax,"{'w': 144, 'bins': 5}",43,2,4,ok,86,129,0.4523476269096136,1.011782675050199,1.4678284479305148,5,17,30,0,,
2026-05-16T00:31:15.922865,noisy,sax,"{'w': 144, 'bins': 5}",43,3,4,ok,129,172,0.4539224458858371,1.1607448915019631,1.618856786750257,5,39,57,0,,
2026-05-16T00:31:17.773451,noisy,sax,"{'w': 144, 'bins': 5}",43,4,4,ok,172,215,0.45142474491149187,1.3730055959895253,1.8288348829373717,5,52,76,0,,
2026-05-16T00:31:19.095645,noisy,sax,"{'w': 144, 'bins': 5}",44,0,4,ok,0,44,0.4610609235242009,0.7971682623028755,1.2633769530802965,5,27,42,0,,
2026-05-16T00:31:20.068416,noisy,sax,"{'w': 144, 'bins': 5}",44,1,4,ok,44,88,0.4719479912891984,0.4805098017677665,0.9584428137168288,5,37,51,0,,
2026-05-16T00:31:21.881349,noisy,sax,"{'w': 144, 'bins': 5}",44,2,4,ok,88,132,0.46926614362746477,1.3176630213856697,1.7946378337219357,5,47,70,0,,
2026-05-16T00:31:23.509002,noisy,sax,"{'w': 144, 'bins': 5}",44,3,4,ok,132,176,0.46550518088042736,1.139481426216662,1.6093597803264856,5,5,13,0,,
2026-05-16T00:31:25.088135,noisy,sax,"{'w': 144, 'bins': 5}",44,4,4,ok,176,220,0.47283724043518305,1.0822149887681007,1.5603902554139495,5,25,41,0,,
2026-05-16T00:31:26.416519,noisy,sax,"{'w': 144, 'bins': 5}",45,0,4,ok,0,45,0.4741441057994962,0.7894872957840562,1.2679863506928086,5,5,11,0,,
2026-05-16T00:31:27.664770,noisy,sax,"{'w': 144, 'bins': 5}",45,1,4,ok,45,90,0.48013852443546057,0.7504628701135516,1.2348441537469625,5,33,48,0,,
2026-05-16T00:31:29.381603,noisy,sax,"{'w': 144, 'bins': 5}",45,2,4,ok,90,135,0.4850948341190815,1.2103033913299441,1.7000629967078567,5,5,12,0,,
2026-05-16T00:31:30.671339,noisy,sax,"{'w': 144, 'bins': 5}",45,3,4,ok,135,180,0.48045996855944395,0.7874915366992354,1.274550880305469,5,19,30,0,,
2026-05-16T00:31:32.405717,noisy,sax,"{'w': 144, 'bins': 5}",45,4,4,ok,180,225,0.48922261130064726,1.2208602149039507,1.7144319145008922,5,24,41,0,,
2026-05-16T00:31:33.596933,noisy,sax,"{'w': 144, 'bins': 5}",46,0,4,ok,0,46,0.49444484524428844,0.6305786967277527,1.130487040616572,5,37,48,0,,
2026-05-16T00:31:34.772011,noisy,sax,"{'w': 144, 'bins': 5}",46,1,4,ok,46,92,0.4934416124597192,0.663155167363584,1.1625119568780065,5,8,18,0,,
2026-05-16T00:31:36.601876,noisy,sax,"{'w': 144, 'bins': 5}",46,2,4,ok,92,138,0.4927073335275054,1.3134060809388757,1.8109674490988255,5,8,18,0,,
2026-05-16T00:31:37.914314,noisy,sax,"{'w': 144, 'bins': 5}",46,3,4,ok,138,184,0.5652198866009712,0.7280262550339103,1.2974091079086065,5,12,21,0,,
2026-05-16T00:31:39.585673,noisy,sax,"{'w': 144, 'bins': 5}",46,4,4,ok,184,230,0.4866018835455179,1.1614902410656214,1.6520976144820452,5,35,51,0,,
2026-05-16T00:31:40.914959,noisy,sax,"{'w': 144, 'bins': 5}",47,0,4,ok,0,47,0.49370854534208775,0.7753331549465656,1.272544275969267,5,33,48,0,,
2026-05-16T00:31:42.197209,noisy,sax,"{'w': 144, 'bins': 5}",47,1,4,ok,47,94,0.49714399594813585,0.7667799461632967,1.267702947370708,5,38,56,0,,
2026-05-16T00:31:44.099383,noisy,sax,"{'w': 144, 'bins': 5}",47,2,4,ok,94,141,0.49395978823304176,1.3832936501130462,1.8827986093237996,5,7,16,0,,
2026-05-16T00:31:45.445698,noisy,sax,"{'w': 144, 'bins': 5}",47,3,4,ok,141,188,0.49951452761888504,0.8265031985938549,1.3305700533092022,5,4,11,0,,
2026-05-16T00:31:47.125866,noisy,sax,"{'w': 144, 'bins': 5}",47,4,4,ok,188,235,0.4987268503755331,1.1552423676475883,1.6587476786226034,5,11,22,0,,
2026-05-16T00:31:48.590631,noisy,sax,"{'w': 144, 'bins': 5}",48,0,4,ok,0,48,0.5059055667370558,0.8953018086031079,1.405435374006629,5,28,43,0,,
2026-05-16T00:31:50.047807,noisy,sax,"{'w': 144, 'bins': 5}",48,1,4,ok,48,96,0.5075640212744474,0.9304200541228056,1.441959579475224,5,28,43,0,,
2026-05-16T00:31:51.968659,noisy,sax,"{'w': 144, 'bins': 5}",48,2,4,ok,96,144,0.5070589631795883,1.3907150691375136,1.90184420440346,5,34,46,0,,
2026-05-16T00:31:53.546983,noisy,sax,"{'w': 144, 'bins': 5}",48,3,4,ok,144,192,0.5090770134702325,1.0506235575303435,1.563475739210844,5,25,42,0,,
2026-05-16T00:31:55.249342,noisy,sax,"{'w': 144, 'bins': 5}",48,4,4,ok,192,240,0.5049344357103109,1.1731668040156364,1.6825153371319175,5,25,39,0,,
2026-05-16T00:31:56.927083,noisy,sax,"{'w': 144, 'bins': 5}",49,0,4,ok,0,49,0.5165099585428834,1.098428813740611,1.6196739235892892,5,62,82,0,,
2026-05-16T00:31:58.390129,noisy,sax,"{'w': 144, 'bins': 5}",49,1,4,ok,49,98,0.5194865185767412,0.9238654021173716,1.4476522440090775,5,39,61,0,,
2026-05-16T00:32:00.409851,noisy,sax,"{'w': 144, 'bins': 5}",49,2,4,ok,98,147,0.5128835719078779,1.4836496114730835,2.0004060342907906,5,10,22,0,,
2026-05-16T00:32:01.984133,noisy,sax,"{'w': 144, 'bins': 5}",49,3,4,ok,147,196,0.5196984363719821,1.0333684859797359,1.5571087412536144,5,17,27,0,,
2026-05-16T00:32:03.603801,noisy,sax,"{'w': 144, 'bins': 5}",49,4,4,ok,196,245,0.5134025476872921,1.0823240214958787,1.5996691714972258,5,16,28,0,,
2026-05-16T00:32:05.022549,noisy,sax,"{'w': 144, 'bins': 5}",50,0,4,ok,0,50,0.5270329276099801,0.8306663436815143,1.3614227529615164,5,35,51,0,,
2026-05-16T00:32:06.512296,noisy,sax,"{'w': 144, 'bins': 5}",50,1,4,ok,50,100,0.5207991851493716,0.9480520663782954,1.4726128838956356,5,5,13,0,,
2026-05-16T00:32:08.497126,noisy,sax,"{'w': 144, 'bins': 5}",50,2,4,ok,100,150,0.5238668341189623,1.4364857776090503,1.9642350701615214,5,58,82,0,,
2026-05-16T00:32:09.882630,noisy,sax,"{'w': 144, 'bins': 5}",50,3,4,ok,150,200,0.5240238010883331,0.8425899920985103,1.3704949906095862,5,35,48,0,,
2026-05-16T00:32:11.949762,noisy,sax,"{'w': 144, 'bins': 5}",50,4,4,ok,200,250,0.5253602098673582,1.5156476069241762,2.0451784171164036,5,23,36,0,,
2026-05-16T00:32:12.267166,noisy,persist,{'bins': 6},1,0,4,ok,0,1,0.15099935419857502,0.03261253051459789,0.18395697139203548,5,62,64,0,,
2026-05-16T00:32:12.446864,noisy,persist,{'bins': 6},1,1,4,ok,1,2,0.14804034773260355,0.029223538003861904,0.17761015612632036,5,21,24,0,,
2026-05-16T00:32:12.622920,noisy,persist,{'bins': 6},1,2,4,ok,2,3,0.14625520631670952,0.02761046029627323,0.17416101973503828,5,22,25,0,,
2026-05-16T00:32:12.788648,noisy,persist,{'bins': 6},1,3,4,ok,3,4,0.14935821201652288,0.014749763533473015,0.16438233014196157,5,8,12,0,,
2026-05-16T00:32:12.956490,noisy,persist,{'bins': 6},1,4,4,ok,4,5,0.14907285571098328,0.01666871551424265,0.16619199700653553,5,18,22,0,,
2026-05-16T00:32:13.199065,noisy,persist,{'bins': 6},2,0,4,ok,0,2,0.1572896633297205,0.03246512357145548,0.19019725732505322,5,62,64,0,,
2026-05-16T00:32:13.427973,noisy,persist,{'bins': 6},2,1,4,ok,2,4,0.1550845243036747,0.0703080939128995,0.22582152299582958,5,47,54,0,,
2026-05-16T00:32:13.686329,noisy,persist,{'bins': 6},2,2,4,ok,4,6,0.15743942372500896,0.09748938772827387,0.25533680710941553,5,52,63,0,,
2026-05-16T00:32:13.877230,noisy,persist,{'bins': 6},2,3,4,ok,6,8,0.1535708112642169,0.03484230674803257,0.18882783595472574,5,32,37,0,,
2026-05-16T00:32:14.058466,noisy,persist,{'bins': 6},2,4,4,ok,8,10,0.15745504386723042,0.021748864091932774,0.1795959835872054,5,39,43,0,,
2026-05-16T00:32:14.450903,noisy,persist,{'bins': 6},3,0,4,ok,0,3,0.15695611760020256,0.1828893180936575,0.3405310921370983,5,48,60,0,,
2026-05-16T00:32:14.644738,noisy,persist,{'bins': 6},3,1,4,ok,3,6,0.1585561614483595,0.032624753192067146,0.19168434012681246,5,24,30,0,,
2026-05-16T00:32:14.863827,noisy,persist,{'bins': 6},3,2,4,ok,6,9,0.1617011558264494,0.05460163485258818,0.21683424897491932,5,38,46,0,,
2026-05-16T00:32:15.091433,noisy,persist,{'bins': 6},3,3,4,ok,9,12,0.15967061463743448,0.06479386240243912,0.2249622903764248,5,33,42,0,,
2026-05-16T00:32:15.630854,noisy,persist,{'bins': 6},3,4,4,ok,12,15,0.1582600949332118,0.3759630462154746,0.5348176872357726,5,77,98,0,,
2026-05-16T00:32:15.927284,noisy,persist,{'bins': 6},4,0,4,ok,0,4,0.16972769610583782,0.07367345318198204,0.24434805661439896,5,41,49,0,,
2026-05-16T00:32:16.150762,noisy,persist,{'bins': 6},4,1,4,ok,4,8,0.1661116061732173,0.05450708698481321,0.22119258157908916,5,38,46,0,,
2026-05-16T00:32:16.432326,noisy,persist,{'bins': 6},4,2,4,ok,8,12,0.1657469430938363,0.11211480665951967,0.2784452047199011,5,64,75,0,,
2026-05-16T00:32:16.634117,noisy,persist,{'bins': 6},4,3,4,ok,12,16,0.16655015014111996,0.03245009668171406,0.1995544070377946,5,48,53,0,,
2026-05-16T00:32:16.911198,noisy,persist,{'bins': 6},4,4,4,ok,16,20,0.16542422585189342,0.10807489231228828,0.27408665139228106,5,55,67,0,,
2026-05-16T00:32:17.509735,noisy,persist,{'bins': 6},5,0,4,ok,0,5,0.16642808075994253,0.37738429475575686,0.5447789104655385,5,33,52,0,,
2026-05-16T00:32:17.732622,noisy,persist,{'bins': 6},5,1,4,ok,5,10,0.17019276041537523,0.04886925220489502,0.21993516199290752,5,31,38,0,,
2026-05-16T00:32:17.954867,noisy,persist,{'bins': 6},5,2,4,ok,10,15,0.17074647825211287,0.048396033234894276,0.21993221528828144,5,48,55,0,,
2026-05-16T00:32:18.288529,noisy,persist,{'bins': 6},5,3,4,ok,15,20,0.1657824395224452,0.1625336892902851,0.32921434566378593,5,38,51,0,,
2026-05-16T00:32:18.550151,noisy,persist,{'bins': 6},5,4,4,ok,20,25,0.16779003851115704,0.09005622193217278,0.2586699975654483,5,32,45,0,,
2026-05-16T00:32:18.855765,noisy,persist,{'bins': 6},6,0,4,ok,0,6,0.17363193724304438,0.07709367480129004,0.2520640743896365,5,41,49,0,,
2026-05-16T00:32:19.091476,noisy,persist,{'bins': 6},6,1,4,ok,6,12,0.17476024478673935,0.05699261464178562,0.2327592195942998,5,31,38,0,,
2026-05-16T00:32:19.363168,noisy,persist,{'bins': 6},6,2,4,ok,12,18,0.17258073296397924,0.0949561009183526,0.2684924975037575,5,39,48,0,,
2026-05-16T00:32:19.609250,noisy,persist,{'bins': 6},6,3,4,ok,18,24,0.17539695091545582,0.06681080814450979,0.2431252421811223,5,54,62,0,,
2026-05-16T00:32:19.927088,noisy,persist,{'bins': 6},6,4,4,ok,24,30,0.17375382501631975,0.13818102702498436,0.3130057333037257,5,43,56,0,,
2026-05-16T00:32:20.392475,noisy,persist,{'bins': 6},7,0,4,ok,0,7,0.17632988281548023,0.23218475095927715,0.410031221807003,5,40,52,0,,
2026-05-16T00:32:20.637410,noisy,persist,{'bins': 6},7,1,4,ok,7,14,0.17664282862097025,0.06354100815951824,0.24190045148134232,5,29,38,0,,
2026-05-16T00:32:21.203714,noisy,persist,{'bins': 6},7,2,4,ok,14,21,0.18081625644117594,0.37782028410583735,0.559960856102407,5,80,100,0,,
2026-05-16T00:32:21.529693,noisy,persist,{'bins': 6},7,3,4,ok,21,28,0.17699733469635248,0.14383588451892138,0.3220950486138463,5,56,70,0,,
2026-05-16T00:32:22.099790,noisy,persist,{'bins': 6},7,4,4,ok,28,35,0.18087384570389986,0.38262635841965675,0.5646815607324243,5,68,89,0,,
2026-05-16T00:32:22.401852,noisy,persist,{'bins': 6},8,0,4,ok,0,8,0.1831203904002905,0.062197066843509674,0.24675230123102665,5,32,39,0,,
2026-05-16T00:32:22.644956,noisy,persist,{'bins': 6},8,1,4,ok,8,16,0.18584448657929897,0.05213652737438679,0.23946440871804953,5,50,58,0,,
2026-05-16T00:32:23.052743,noisy,persist,{'bins': 6},8,2,4,ok,16,24,0.18424733635038137,0.2168333986774087,0.40251469798386097,5,66,85,0,,
2026-05-16T00:32:23.448586,noisy,persist,{'bins': 6},8,3,4,ok,24,32,0.1848454400897026,0.20481993351131678,0.39097800850868225,5,55,72,0,,
2026-05-16T00:32:24.303052,noisy,persist,{'bins': 6},8,4,4,ok,32,40,0.18758850172162056,0.659634554758668,0.8489647964015603,5,53,79,0,,
2026-05-16T00:32:24.582327,noisy,persist,{'bins': 6},9,0,4,ok,0,9,0.18740506563335657,0.036148699931800365,0.2249388974159956,5,32,37,0,,
2026-05-16T00:32:25.018261,noisy,persist,{'bins': 6},9,1,4,ok,9,18,0.1905107768252492,0.23871701583266258,0.43080787919461727,5,55,72,0,,
2026-05-16T00:32:25.455896,noisy,persist,{'bins': 6},9,2,4,ok,18,27,0.19035089761018753,0.24134094174951315,0.4330517826601863,5,72,90,0,,
2026-05-16T00:32:26.492026,noisy,persist,{'bins': 6},9,3,4,ok,27,36,0.18894599936902523,0.8381947772577405,1.0287516517564654,5,44,71,0,,
2026-05-16T00:32:26.790295,noisy,persist,{'bins': 6},9,4,4,ok,36,45,0.1864793486893177,0.10612559132277966,0.29405191726982594,5,41,53,0,,
2026-05-16T00:32:27.089882,noisy,persist,{'bins': 6},10,0,4,ok,0,10,0.19518145732581615,0.047827296890318394,0.245130417868495,5,31,37,0,,
2026-05-16T00:32:27.387502,noisy,persist,{'bins': 6},10,1,4,ok,10,20,0.19495338760316372,0.0958615718409419,0.29234177712351084,5,32,42,0,,
2026-05-16T00:32:27.715827,noisy,persist,{'bins': 6},10,2,4,ok,20,30,0.18985570780932903,0.13254490587860346,0.32392919436097145,5,48,61,0,,
2026-05-16T00:32:28.366801,noisy,persist,{'bins': 6},10,3,4,ok,30,40,0.19227928761392832,0.45003410801291466,0.6438420657068491,5,55,82,0,,
2026-05-16T00:32:28.727296,noisy,persist,{'bins': 6},10,4,4,ok,40,50,0.1909062499180436,0.1618931172415614,0.3544639125466347,5,33,48,0,,
2026-05-16T00:32:29.031436,noisy,persist,{'bins': 6},11,0,4,ok,0,11,0.20314095076173544,0.047423108480870724,0.2526881480589509,5,36,43,0,,
2026-05-16T00:32:29.529122,noisy,persist,{'bins': 6},11,1,4,ok,11,22,0.19426113925874233,0.2962896004319191,0.49239922035485506,5,21,36,0,,
2026-05-16T00:32:29.998829,noisy,persist,{'bins': 6},11,2,4,ok,22,33,0.19189132936298847,0.26885049138218164,0.4623881224542856,5,38,49,0,,
2026-05-16T00:32:31.215806,noisy,persist,{'bins': 6},11,3,4,ok,33,44,0.19421656616032124,1.0139026436954737,1.2098099440336227,5,24,41,0,,
2026-05-16T00:32:31.600750,noisy,persist,{'bins': 6},11,4,4,ok,44,55,0.1997663164511323,0.1791325956583023,0.3806935613974929,5,57,74,0,,
2026-05-16T00:32:31.991778,noisy,persist,{'bins': 6},12,0,4,ok,0,12,0.20040731877088547,0.12989391945302486,0.331969179213047,5,31,38,0,,
2026-05-16T00:32:32.790264,noisy,persist,{'bins': 6},12,1,4,ok,12,24,0.20249702222645283,0.5885084280744195,0.79254016187042,5,86,112,0,,
2026-05-16T00:32:33.124337,noisy,persist,{'bins': 6},12,2,4,ok,24,36,0.19826581794768572,0.12974038068205118,0.3296297062188387,5,41,52,0,,
2026-05-16T00:32:33.479792,noisy,persist,{'bins': 6},12,3,4,ok,36,48,0.2039367463439703,0.14474297780543566,0.3504796028137207,5,44,56,0,,
2026-05-16T00:32:33.738845,noisy,persist,{'bins': 6},12,4,4,ok,48,60,0.20128363464027643,0.05029162485152483,0.2533376682549715,5,20,26,0,,
2026-05-16T00:32:34.049122,noisy,persist,{'bins': 6},13,0,4,ok,0,13,0.20779308583587408,0.04688974656164646,0.2566037690266967,5,36,43,0,,
2026-05-16T00:32:34.649537,noisy,persist,{'bins': 6},13,1,4,ok,13,26,0.20797942765057087,0.3834883188828826,0.5934958336874843,5,52,76,0,,
2026-05-16T00:32:36.174050,noisy,persist,{'bins': 6},13,2,4,ok,26,39,0.21211328823119402,1.299527925439179,1.5136470394209027,5,95,134,0,,
2026-05-16T00:32:36.599064,noisy,persist,{'bins': 6},13,3,4,ok,39,52,0.20573844946920872,0.21109090838581324,0.4186856132000685,5,33,47,0,,
2026-05-16T00:32:37.006278,noisy,persist,{'bins': 6},13,4,4,ok,52,65,0.2094793226569891,0.18882264848798513,0.4010143941268325,5,36,48,0,,
2026-05-16T00:32:37.329046,noisy,persist,{'bins': 6},14,0,4,ok,0,14,0.2051721354946494,0.06029693968594074,0.26726957503706217,5,28,36,0,,
2026-05-16T00:32:37.694401,noisy,persist,{'bins': 6},14,1,4,ok,14,28,0.20372083131223917,0.15409816429018974,0.3597835535183549,5,21,31,0,,
2026-05-16T00:32:38.612952,noisy,persist,{'bins': 6},14,2,4,ok,28,42,0.20882676728069782,0.6985825458541512,0.9093726491555572,5,23,40,0,,
2026-05-16T00:32:39.127737,noisy,persist,{'bins': 6},14,3,4,ok,42,56,0.21023012325167656,0.2972763143479824,0.5092679839581251,5,63,85,0,,
2026-05-16T00:32:39.520384,noisy,persist,{'bins': 6},14,4,4,ok,56,70,0.2092340523377061,0.1748155616223812,0.3863398637622595,5,44,58,0,,
2026-05-16T00:32:39.881599,noisy,persist,{'bins': 6},15,0,4,ok,0,15,0.21393933705985546,0.0899875434115529,0.30590838100761175,5,45,56,0,,
2026-05-16T00:32:40.487443,noisy,persist,{'bins': 6},15,1,4,ok,15,30,0.21470659784972668,0.38327159360051155,0.599950073286891,5,45,69,0,,
2026-05-16T00:32:41.066477,noisy,persist,{'bins': 6},15,2,4,ok,30,45,0.21071359980851412,0.3578813122585416,0.5707293590530753,5,57,76,0,,
2026-05-16T00:32:41.953767,noisy,persist,{'bins': 6},15,3,4,ok,45,60,0.2104707732796669,0.6664450885728002,0.8789731347933412,5,41,64,0,,
2026-05-16T00:32:42.275831,noisy,persist,{'bins': 6},15,4,4,ok,60,75,0.21121663507074118,0.10412965714931488,0.31739276461303234,5,41,52,0,,
2026-05-16T00:32:43.746200,noisy,persist,{'bins': 6},16,0,4,ok,0,16,0.21412096917629242,1.1900450130924582,1.4067677464336157,5,30,45,0,,
2026-05-16T00:32:44.814679,noisy,persist,{'bins': 6},16,1,4,ok,16,32,0.21329987607896328,0.8441103314980865,1.0597685854882002,5,14,26,0,,
2026-05-16T00:32:45.445194,noisy,persist,{'bins': 6},16,2,4,ok,32,48,0.21562841814011335,0.40500238351523876,0.6227685045450926,5,41,62,0,,
2026-05-16T00:32:45.877243,noisy,persist,{'bins': 6},16,3,4,ok,48,64,0.22349746245890856,0.20098800119012594,0.4268059805035591,5,59,76,0,,
2026-05-16T00:32:46.129689,noisy,persist,{'bins': 6},16,4,4,ok,64,80,0.21444557793438435,0.03268440626561642,0.24911710526794195,5,27,32,0,,
2026-05-16T00:32:46.792137,noisy,persist,{'bins': 6},17,0,4,ok,0,17,0.2174018882215023,0.3845638809725642,0.6042698854580522,5,31,41,0,,
2026-05-16T00:32:47.205138,noisy,persist,{'bins': 6},17,1,4,ok,17,34,0.2216527098789811,0.18175686337053776,0.40567109920084476,5,39,49,0,,
2026-05-16T00:32:47.673686,noisy,persist,{'bins': 6},17,2,4,ok,34,51,0.22204522602260113,0.23752498999238014,0.4618873968720436,5,55,74,0,,
2026-05-16T00:32:48.478216,noisy,persist,{'bins': 6},17,3,4,ok,51,68,0.2192078698426485,0.5752094127237797,0.7966794800013304,5,60,84,0,,
2026-05-16T00:32:48.792081,noisy,persist,{'bins': 6},17,4,4,ok,68,85,0.21875916700810194,0.08613120391964912,0.3072597198188305,5,25,33,0,,
2026-05-16T00:32:49.141875,noisy,persist,{'bins': 6},18,0,4,ok,0,18,0.22196380328387022,0.07199147623032331,0.2964054001495242,5,33,41,0,,
2026-05-16T00:32:49.515777,noisy,persist,{'bins': 6},18,1,4,ok,18,36,0.22536867670714855,0.14135645050555468,0.36913890950381756,5,41,52,0,,
2026-05-16T00:32:49.978233,noisy,persist,{'bins': 6},18,2,4,ok,36,54,0.22455992829054594,0.22759354393929243,0.4545410852879286,5,40,56,0,,
2026-05-16T00:32:50.360759,noisy,persist,{'bins': 6},18,3,4,ok,54,72,0.22440293431282043,0.14912310242652893,0.3759600166231394,5,43,56,0,,
2026-05-16T00:32:50.688685,noisy,persist,{'bins': 6},18,4,4,ok,72,90,0.22856118064373732,0.09324812702834606,0.32405397202819586,5,38,49,0,,
2026-05-16T00:32:51.090016,noisy,persist,{'bins': 6},19,0,4,ok,0,19,0.22559544164687395,0.11761279217898846,0.3457662872970104,5,33,41,0,,
2026-05-16T00:32:51.752342,noisy,persist,{'bins': 6},19,1,4,ok,19,38,0.22605591733008623,0.4227078277617693,0.6516014225780964,5,22,30,0,,
2026-05-16T00:32:52.166675,noisy,persist,{'bins': 6},19,2,4,ok,38,57,0.23102242220193148,0.17210173700004816,0.40557492058724165,5,40,55,0,,
2026-05-16T00:32:52.673486,noisy,persist,{'bins': 6},19,3,4,ok,57,76,0.22690828796476126,0.26992455311119556,0.49950513802468777,5,32,47,0,,
2026-05-16T00:32:53.011966,noisy,persist,{'bins': 6},19,4,4,ok,76,95,0.2341893883422017,0.09784341510385275,0.33440136071294546,5,38,49,0,,
2026-05-16T00:32:53.424939,noisy,persist,{'bins': 6},20,0,4,ok,0,20,0.2372914720326662,0.12015631794929504,0.35994815453886986,5,49,61,0,,
2026-05-16T00:32:53.837634,noisy,persist,{'bins': 6},20,1,4,ok,20,40,0.23151440639048815,0.1737485183402896,0.4077590210363269,5,36,50,0,,
2026-05-16T00:32:54.520760,noisy,persist,{'bins': 6},20,2,4,ok,40,60,0.23852860648185015,0.4355653589591384,0.6766945468261838,5,73,96,0,,
2026-05-16T00:32:54.868744,noisy,persist,{'bins': 6},20,3,4,ok,60,80,0.2347382791340351,0.10454787127673626,0.34186521358788013,5,33,44,0,,
2026-05-16T00:32:55.241843,noisy,persist,{'bins': 6},20,4,4,ok,80,100,0.23649329412728548,0.12882443144917488,0.36802886705845594,5,36,49,0,,
2026-05-16T00:32:56.383531,noisy,persist,{'bins': 6},21,0,4,ok,0,21,0.23677151557058096,0.8403904614970088,1.0801189094781876,5,25,36,0,,
2026-05-16T00:32:56.938687,noisy,persist,{'bins': 6},21,1,4,ok,21,42,0.23477927688509226,0.3076834473758936,0.5451653776690364,5,37,47,0,,
2026-05-16T00:32:57.509881,noisy,persist,{'bins': 6},21,2,4,ok,42,63,0.24492858070880175,0.31771742552518845,0.5655963961035013,5,64,86,0,,
2026-05-16T00:32:57.857079,noisy,persist,{'bins': 6},21,3,4,ok,63,84,0.24227420892566442,0.09774475917220116,0.3426118055358529,5,38,49,0,,
2026-05-16T00:32:59.499680,noisy,persist,{'bins': 6},21,4,4,ok,84,105,0.23386050015687943,1.3878877395763993,1.6248144768178463,5,32,45,0,,
2026-05-16T00:32:59.980132,noisy,persist,{'bins': 6},22,0,4,ok,0,22,0.30196113232523203,0.1216262374073267,0.42631675489246845,5,49,61,0,,
2026-05-16T00:33:00.635435,noisy,persist,{'bins': 6},22,1,4,ok,22,44,0.23824273981153965,0.4041668074205518,0.6454058429226279,5,28,40,0,,
2026-05-16T00:33:01.094968,noisy,persist,{'bins': 6},22,2,4,ok,44,66,0.24305591639131308,0.20649558305740356,0.45229691453278065,5,43,58,0,,
2026-05-16T00:33:01.427886,noisy,persist,{'bins': 6},22,3,4,ok,66,88,0.2405790165066719,0.08406385313719511,0.32733168825507164,5,33,42,0,,
2026-05-16T00:33:01.798689,noisy,persist,{'bins': 6},22,4,4,ok,88,110,0.24525696877390146,0.11798088252544403,0.36599817499518394,5,22,32,0,,
2026-05-16T00:33:02.470034,noisy,persist,{'bins': 6},23,0,4,ok,0,23,0.24726395681500435,0.36079789139330387,0.6110409423708916,5,30,37,0,,
2026-05-16T00:33:02.969460,noisy,persist,{'bins': 6},23,1,4,ok,23,46,0.24824973847717047,0.23884574230760336,0.4900816669687629,5,32,46,0,,
2026-05-16T00:33:03.479042,noisy,persist,{'bins': 6},23,2,4,ok,46,69,0.2479551751166582,0.24996774271130562,0.5008988259360194,5,51,67,0,,
2026-05-16T00:33:03.835606,noisy,persist,{'bins': 6},23,3,4,ok,69,92,0.2517903856933117,0.0978837301954627,0.3524696044623852,5,38,49,0,,
2026-05-16T00:33:05.550795,noisy,persist,{'bins': 6},23,4,4,ok,92,115,0.24240642599761486,1.4528134632855654,1.6983527019619942,5,50,72,0,,
2026-05-16T00:33:05.928554,noisy,persist,{'bins': 6},24,0,4,ok,0,24,0.25447146967053413,0.06708572711795568,0.3243574444204569,5,35,42,0,,
2026-05-16T00:33:07.063395,noisy,persist,{'bins': 6},24,1,4,ok,24,48,0.25549345929175615,0.8691183738410473,1.1275871489197016,5,24,40,0,,
2026-05-16T00:33:07.535824,noisy,persist,{'bins': 6},24,2,4,ok,48,72,0.24929061345756054,0.21346219535917044,0.46572613064199686,5,46,60,0,,
2026-05-16T00:33:08.168786,noisy,persist,{'bins': 6},24,3,4,ok,72,96,0.25256173498928547,0.3591585848480463,0.6149339228868484,5,45,61,0,,
2026-05-16T00:33:09.502706,noisy,persist,{'bins': 6},24,4,4,ok,96,120,0.2540744561702013,1.0665343534201384,1.3236478446051478,5,76,105,0,,
2026-05-16T00:33:10.009488,noisy,persist,{'bins': 6},25,0,4,ok,0,25,0.2586078755557537,0.19254099391400814,0.4540266627445817,5,64,79,0,,
2026-05-16T00:33:10.812468,noisy,persist,{'bins': 6},25,1,4,ok,25,50,0.2583631156012416,0.5346775101497769,0.7962175905704498,5,66,94,0,,
2026-05-16T00:33:11.337932,noisy,persist,{'bins': 6},25,2,4,ok,50,75,0.25486389826983213,0.2565381610766053,0.514642552472651,5,47,62,0,,
2026-05-16T00:33:11.947184,noisy,persist,{'bins': 6},25,3,4,ok,75,100,0.26273599825799465,0.332415834069252,0.5987571617588401,5,45,61,0,,
2026-05-16T00:33:12.831290,noisy,persist,{'bins': 6},25,4,4,ok,100,125,0.2529079057276249,0.6187118273228407,0.8748128386214375,5,33,48,0,,
2026-05-16T00:33:13.527958,noisy,persist,{'bins': 6},26,0,4,ok,0,26,0.26569291949272156,0.3709055818617344,0.6398445554077625,5,62,84,0,,
2026-05-16T00:33:14.632430,noisy,persist,{'bins': 6},26,1,4,ok,26,52,0.2618899894878268,0.8228667480871081,1.0881881499662995,5,46,70,0,,
2026-05-16T00:33:15.327299,noisy,persist,{'bins': 6},26,2,4,ok,52,78,0.27014515921473503,0.41457413136959076,0.6880478505045176,5,42,62,0,,
2026-05-16T00:33:15.807261,noisy,persist,{'bins': 6},26,3,4,ok,78,104,0.26595319900661707,0.20509911328554153,0.474445222876966,5,15,26,0,,
2026-05-16T00:33:16.668400,noisy,persist,{'bins': 6},26,4,4,ok,104,130,0.2686393018811941,0.5809539975598454,0.8530666399747133,5,30,43,0,,
2026-05-16T00:33:17.234579,noisy,persist,{'bins': 6},27,0,4,ok,0,27,0.2652761684730649,0.24032957945019007,0.5092311650514603,5,34,49,0,,
2026-05-16T00:33:20.035086,noisy,persist,{'bins': 6},27,1,4,ok,27,54,0.2777716387063265,2.507769581861794,2.789252679795027,5,21,39,0,,
2026-05-16T00:33:20.443670,noisy,persist,{'bins': 6},27,2,4,ok,54,81,0.2734401375055313,0.12295715790241957,0.399965925142169,5,33,44,0,,
2026-05-16T00:33:20.925925,noisy,persist,{'bins': 6},27,3,4,ok,81,108,0.260439476929605,0.21139369066804647,0.47505112923681736,5,16,26,0,,
2026-05-16T00:33:23.764062,noisy,persist,{'bins': 6},27,4,4,ok,108,135,0.2657391978427768,2.5364847499877214,2.8064530678093433,5,41,60,0,,
2026-05-16T00:33:24.346122,noisy,persist,{'bins': 6},28,0,4,ok,0,28,0.26901566982269287,0.25000776164233685,0.5224877260625362,5,46,62,0,,
2026-05-16T00:33:25.422647,noisy,persist,{'bins': 6},28,1,4,ok,28,56,0.2669366057962179,0.7939710188657045,1.0645192554220557,5,10,21,0,,
2026-05-16T00:33:25.925525,noisy,persist,{'bins': 6},28,2,4,ok,56,84,0.2716595344245434,0.2179510947316885,0.493068540468812,5,50,65,0,,
2026-05-16T00:33:26.378739,noisy,persist,{'bins': 6},28,3,4,ok,84,112,0.26813152991235256,0.16715187579393387,0.43924601562321186,5,31,39,0,,
2026-05-16T00:33:27.619808,noisy,persist,{'bins': 6},28,4,4,ok,112,140,0.27554210368543863,0.934279065579176,1.2136891214177012,5,39,54,0,,
2026-05-16T00:33:28.213873,noisy,persist,{'bins': 6},29,0,4,ok,0,29,0.26936468575149775,0.26401654444634914,0.5369200240820646,5,45,62,0,,
2026-05-16T00:33:29.962053,noisy,persist,{'bins': 6},29,1,4,ok,29,58,0.2769047413021326,1.4575751014053822,1.7380861043930054,5,42,75,0,,
2026-05-16T00:33:30.459257,noisy,persist,{'bins': 6},29,2,4,ok,58,87,0.27307741716504097,0.2120165303349495,0.4885287778452039,5,50,65,0,,
2026-05-16T00:33:31.045352,noisy,persist,{'bins': 6},29,3,4,ok,87,116,0.2729941103607416,0.29276555217802525,0.569427689537406,5,20,27,0,,
2026-05-16T00:33:32.379442,noisy,persist,{'bins': 6},29,4,4,ok,116,145,0.26800869032740593,1.0530521692708135,1.3244994757696986,5,59,82,0,,
2026-05-16T00:33:33.089334,noisy,persist,{'bins': 6},30,0,4,ok,0,30,0.2802121117711067,0.37198052275925875,0.6556641925126314,5,62,84,0,,
2026-05-16T00:33:34.678725,noisy,persist,{'bins': 6},30,1,4,ok,30,60,0.2861801590770483,1.2895264634862542,1.5797203183174133,5,42,65,0,,
2026-05-16T00:33:35.453129,noisy,persist,{'bins': 6},30,2,4,ok,60,90,0.2797735184431076,0.4724306231364608,0.7560392627492547,5,12,21,0,,
2026-05-16T00:33:35.868740,noisy,persist,{'bins': 6},30,3,4,ok,90,120,0.27191655803471804,0.12599942926317453,0.40166435576975346,5,22,29,0,,
2026-05-16T00:33:36.919601,noisy,persist,{'bins': 6},30,4,4,ok,120,150,0.2755098147317767,0.76053780131042,1.039634920656681,5,58,91,0,,
2026-05-16T00:33:37.538529,noisy,persist,{'bins': 6},31,0,4,ok,0,31,0.28208290599286556,0.27585190813988447,0.5617170846089721,5,58,75,0,,
2026-05-16T00:33:38.141826,noisy,persist,{'bins': 6},31,1,4,ok,31,62,0.28231001272797585,0.3067969884723425,0.5928467120975256,5,16,29,0,,
2026-05-16T00:33:38.539374,noisy,persist,{'bins': 6},31,2,4,ok,62,93,0.2878967421129346,0.10146773140877485,0.3932055151090026,5,38,49,0,,
2026-05-16T00:33:38.977419,noisy,persist,{'bins': 6},31,3,4,ok,93,124,0.27642183657735586,0.15078957751393318,0.43082075007259846,5,24,31,0,,
2026-05-16T00:33:39.722431,noisy,persist,{'bins': 6},31,4,4,ok,124,155,0.28018573485314846,0.44348128978163004,0.7278705770149827,5,29,39,0,,
2026-05-16T00:33:40.304678,noisy,persist,{'bins': 6},32,0,4,ok,0,32,0.28611889388412237,0.23596336506307125,0.5259297527372837,5,59,75,0,,
2026-05-16T00:33:41.466649,noisy,persist,{'bins': 6},32,1,4,ok,32,64,0.2904498362913728,0.8582149473950267,1.1524687465280294,5,78,108,0,,
2026-05-16T00:33:42.076102,noisy,persist,{'bins': 6},32,2,4,ok,64,96,0.2910103788599372,0.3080109376460314,0.6031172564253211,5,51,71,0,,
2026-05-16T00:33:44.034715,noisy,persist,{'bins': 6},32,3,4,ok,96,128,0.2898698765784502,1.651090556755662,1.9449766846373677,5,36,57,0,,
2026-05-16T00:33:44.455162,noisy,persist,{'bins': 6},32,4,4,ok,128,160,0.2880540695041418,0.12314519379287958,0.41489306651055813,5,38,49,0,,
2026-05-16T00:33:45.038536,noisy,persist,{'bins': 6},33,0,4,ok,0,33,0.29240015894174576,0.2322989646345377,0.5285746995359659,5,58,74,0,,
2026-05-16T00:33:45.739723,noisy,persist,{'bins': 6},33,1,4,ok,33,66,0.29026593174785376,0.3941303724423051,0.688506580889225,5,15,28,0,,
2026-05-16T00:33:46.350768,noisy,persist,{'bins': 6},33,2,4,ok,66,99,0.2850249605253339,0.30311423540115356,0.5922974329441786,5,40,56,0,,
2026-05-16T00:33:51.077788,noisy,persist,{'bins': 6},33,3,4,ok,99,132,0.28805099334567785,4.396507766097784,4.689567504450679,5,61,95,0,,
2026-05-16T00:33:51.754156,noisy,persist,{'bins': 6},33,4,4,ok,132,165,0.285936133004725,0.36652514338493347,0.6567318746820092,5,28,37,0,,
2026-05-16T00:33:52.367168,noisy,persist,{'bins': 6},34,0,4,ok,0,34,0.2924971515312791,0.25966461654752493,0.5561859533190727,5,59,76,0,,
2026-05-16T00:33:52.969174,noisy,persist,{'bins': 6},34,1,4,ok,34,68,0.2878178162500262,0.299388169310987,0.5912505192682147,5,30,45,0,,
2026-05-16T00:33:53.674448,noisy,persist,{'bins': 6},34,2,4,ok,68,102,0.2997230486944318,0.39496798627078533,0.6990163465961814,5,50,73,0,,
2026-05-16T00:33:58.508407,noisy,persist,{'bins': 6},34,3,4,ok,102,136,0.29667686857283115,4.502824668772519,4.804292222484946,5,68,108,0,,
2026-05-16T00:33:58.936790,noisy,persist,{'bins': 6},34,4,4,ok,136,170,0.297447026707232,0.12124545592814684,0.4231506818905473,5,38,49,0,,
2026-05-16T00:33:59.576508,noisy,persist,{'bins': 6},35,0,4,ok,0,35,0.2914664363488555,0.2834480917081237,0.5791309354826808,5,59,76,0,,
2026-05-16T00:34:00.268839,noisy,persist,{'bins': 6},35,1,4,ok,35,70,0.2927118958905339,0.3838533889502287,0.6808068286627531,5,16,29,0,,
2026-05-16T00:34:00.945808,noisy,persist,{'bins': 6},35,2,4,ok,70,105,0.2921804878860712,0.3601351771503687,0.6567816715687513,5,18,26,0,,
2026-05-16T00:34:01.723486,noisy,persist,{'bins': 6},35,3,4,ok,105,140,0.29486727248877287,0.458936664275825,0.7581288767978549,5,61,77,0,,
2026-05-16T00:34:02.173139,noisy,persist,{'bins': 6},35,4,4,ok,140,175,0.2906669666990638,0.1483484534546733,0.4430270120501518,5,35,48,0,,
2026-05-16T00:34:02.868804,noisy,persist,{'bins': 6},36,0,4,ok,0,36,0.29913791082799435,0.3282117284834385,0.632228059694171,5,51,65,0,,
2026-05-16T00:34:03.947811,noisy,persist,{'bins': 6},36,1,4,ok,36,72,0.30627790838479996,0.7591106612235308,1.0695679364725947,5,77,104,0,,
2026-05-16T00:34:04.482863,noisy,persist,{'bins': 6},36,2,4,ok,72,108,0.2977188164368272,0.22363478876650333,0.5255796210840344,5,18,30,0,,
2026-05-16T00:34:08.020247,noisy,persist,{'bins': 6},36,3,4,ok,108,144,0.3094048472121358,3.2103607105091214,3.5242256531491876,5,41,65,0,,
2026-05-16T00:34:08.605728,noisy,persist,{'bins': 6},36,4,4,ok,144,180,0.3494861042127013,0.22618402633816004,0.5798897026106715,5,61,78,0,,
2026-05-16T00:34:09.320409,noisy,persist,{'bins': 6},37,0,4,ok,0,37,0.3066856637597084,0.33904062304645777,0.650128441862762,5,61,78,0,,
2026-05-16T00:34:10.404671,noisy,persist,{'bins': 6},37,1,4,ok,37,74,0.31076561380177736,0.7597902799025178,1.0748400278389454,5,77,104,0,,
2026-05-16T00:34:10.970830,noisy,persist,{'bins': 6},37,2,4,ok,74,111,0.30290587805211544,0.25080231856554747,0.5580101143568754,5,16,28,0,,
2026-05-16T00:34:14.581271,noisy,persist,{'bins': 6},37,3,4,ok,111,148,0.31306815706193447,3.2771985130384564,3.5948265623301268,5,78,116,0,,
2026-05-16T00:34:15.160074,noisy,persist,{'bins': 6},37,4,4,ok,148,185,0.3018638612702489,0.2577878553420305,0.5640713647007942,5,31,45,0,,
2026-05-16T00:34:15.948491,noisy,persist,{'bins': 6},38,0,4,ok,0,38,0.3137033097445965,0.4147844174876809,0.7328665992245078,5,45,62,0,,
2026-05-16T00:34:16.588085,noisy,persist,{'bins': 6},38,1,4,ok,38,76,0.30476930644363165,0.3230987209826708,0.6323009710758924,5,15,27,0,,
2026-05-16T00:34:17.141264,noisy,persist,{'bins': 6},38,2,4,ok,76,114,0.3126931441947818,0.21936626639217138,0.5367160746827722,5,27,38,0,,
2026-05-16T00:34:17.614349,noisy,persist,{'bins': 6},38,3,4,ok,114,152,0.31380858831107616,0.1494672754779458,0.4676065053790808,5,48,60,0,,
2026-05-16T00:34:18.128643,noisy,persist,{'bins': 6},38,4,4,ok,152,190,0.315770061686635,0.18870558869093657,0.5086866468191147,5,54,69,0,,
2026-05-16T00:34:18.921154,noisy,persist,{'bins': 6},39,0,4,ok,0,39,0.3184392834082246,0.4148878725245595,0.737789393402636,5,45,62,0,,
2026-05-16T00:34:19.677798,noisy,persist,{'bins': 6},39,1,4,ok,39,78,0.3183576613664627,0.4210266685113311,0.7440168978646398,5,34,55,0,,
2026-05-16T00:34:20.259802,noisy,persist,{'bins': 6},39,2,4,ok,78,117,0.3155679227784276,0.2526131495833397,0.5727573735639453,5,16,28,0,,
2026-05-16T00:34:20.734581,noisy,persist,{'bins': 6},39,3,4,ok,117,156,0.3160291276872158,0.13731752336025238,0.4580055186524987,5,33,40,0,,
2026-05-16T00:34:21.405220,noisy,persist,{'bins': 6},39,4,4,ok,156,195,0.31272730976343155,0.33832190558314323,0.6557883527129889,5,27,39,0,,
2026-05-16T00:34:23.192301,noisy,persist,{'bins': 6},40,0,4,ok,0,40,0.3218541145324707,1.3882548231631517,1.7152856979519129,5,28,44,0,,
2026-05-16T00:34:23.841382,noisy,persist,{'bins': 6},40,1,4,ok,40,80,0.3195825098082423,0.3079908564686775,0.6329969586804509,5,26,35,0,,
2026-05-16T00:34:24.449460,noisy,persist,{'bins': 6},40,2,4,ok,80,120,0.31800325494259596,0.2598848445340991,0.5833309581503272,5,27,37,0,,
2026-05-16T00:34:24.958591,noisy,persist,{'bins': 6},40,3,4,ok,120,160,0.3246483625844121,0.1608245698735118,0.49126515816897154,5,35,44,0,,
2026-05-16T00:34:25.449982,noisy,persist,{'bins': 6},40,4,4,ok,160,200,0.32932863011956215,0.15109142661094666,0.48532302118837833,5,54,68,0,,
2026-05-16T00:34:27.074210,noisy,persist,{'bins': 6},41,0,4,ok,0,41,0.3293847646564245,1.207983773201704,1.544191287830472,5,17,28,0,,
2026-05-16T00:34:27.659828,noisy,persist,{'bins': 6},41,1,4,ok,41,82,0.3332723639905453,0.23057781718671322,0.5690650539472699,5,50,65,0,,
2026-05-16T00:34:28.119170,noisy,persist,{'bins': 6},41,2,4,ok,82,123,0.3280001860111952,0.11231755558401346,0.4457961469888687,5,22,30,0,,
2026-05-16T00:34:28.584585,noisy,persist,{'bins': 6},41,3,4,ok,123,164,0.3311362136155367,0.12338114809244871,0.4592153923586011,5,38,49,0,,
2026-05-16T00:34:31.089875,noisy,persist,{'bins': 6},41,4,4,ok,164,205,0.33334622345864773,2.133501016534865,2.4730774266645312,5,34,51,0,,
2026-05-16T00:34:32.858626,noisy,persist,{'bins': 6},42,0,4,ok,0,42,0.3326194388791919,1.3546097483485937,1.6926885871216655,5,35,51,0,,
2026-05-16T00:34:33.555704,noisy,persist,{'bins': 6},42,1,4,ok,42,84,0.3433375833556056,0.34066580794751644,0.690292770974338,5,55,74,0,,
2026-05-16T00:34:34.027660,noisy,persist,{'bins': 6},42,2,4,ok,84,126,0.3241211622953415,0.13423362467437983,0.46314094401896,5,37,46,0,,
2026-05-16T00:34:34.565601,noisy,persist,{'bins': 6},42,3,4,ok,126,168,0.33095531538128853,0.18486396688967943,0.5247510327026248,5,25,36,0,,
2026-05-16T00:34:35.256788,noisy,persist,{'bins': 6},42,4,4,ok,168,210,0.33005658723413944,0.33572416938841343,0.6708997376263142,5,38,55,0,,
2026-05-16T00:34:36.265637,noisy,persist,{'bins': 6},43,0,4,ok,0,43,0.33918924536556005,0.6010804967954755,0.9456473598256707,5,59,82,0,,
2026-05-16T00:34:36.961093,noisy,persist,{'bins': 6},43,1,4,ok,43,86,0.3402974959462881,0.3419921575114131,0.6871780026704073,5,55,74,0,,
2026-05-16T00:34:37.582422,noisy,persist,{'bins': 6},43,2,4,ok,86,129,0.407685162499547,0.1889043226838112,0.6019650287926197,5,21,30,0,,
2026-05-16T00:34:38.042569,noisy,persist,{'bins': 6},43,3,4,ok,129,172,0.34126545395702124,0.1092588622123003,0.45533180329948664,5,41,52,0,,
2026-05-16T00:34:39.454215,noisy,persist,{'bins': 6},43,4,4,ok,172,215,0.3336620982736349,1.0440113879740238,1.3830201253294945,5,53,84,0,,
2026-05-16T00:34:40.150392,noisy,persist,{'bins': 6},44,0,4,ok,0,44,0.33345541823655367,0.29329586680978537,0.6319538047537208,5,46,59,0,,
2026-05-16T00:34:40.846827,noisy,persist,{'bins': 6},44,1,4,ok,44,88,0.34147968608886003,0.3422707626596093,0.6887537026777864,5,55,74,0,,
2026-05-16T00:34:41.499646,noisy,persist,{'bins': 6},44,2,4,ok,88,132,0.3355765324085951,0.288240235298872,0.6292972378432751,5,26,36,0,,
2026-05-16T00:34:42.037123,noisy,persist,{'bins': 6},44,3,4,ok,132,176,0.3359915530309081,0.18210748303681612,0.5233165314421058,5,41,53,0,,
2026-05-16T00:34:45.898583,noisy,persist,{'bins': 6},44,4,4,ok,176,220,0.34107516799122095,3.4681657068431377,3.8151396196335554,5,50,72,0,,
2026-05-16T00:34:46.961970,noisy,persist,{'bins': 6},45,0,4,ok,0,45,0.34537937957793474,0.6534907147288322,1.0042181657627225,5,59,82,0,,
2026-05-16T00:34:47.655159,noisy,persist,{'bins': 6},45,1,4,ok,45,90,0.3398706866428256,0.32260230369865894,0.6678877165541053,5,50,65,0,,
2026-05-16T00:34:48.241201,noisy,persist,{'bins': 6},45,2,4,ok,90,135,0.3503583576530218,0.22264990489929914,0.5786118535324931,5,32,46,0,,
2026-05-16T00:34:48.869830,noisy,persist,{'bins': 6},45,3,4,ok,135,180,0.3448215024545789,0.27145165484398603,0.6213551787659526,5,37,53,0,,
2026-05-16T00:34:52.510956,noisy,persist,{'bins': 6},45,4,4,ok,180,225,0.343527352437377,3.252874558791518,3.60237985663116,5,66,97,0,,
2026-05-16T00:34:53.237396,noisy,persist,{'bins': 6},46,0,4,ok,0,46,0.34760325588285923,0.307274816557765,0.6610717913135886,5,58,75,0,,
2026-05-16T00:34:53.778447,noisy,persist,{'bins': 6},46,1,4,ok,46,92,0.3481232728809118,0.17955137323588133,0.5333433197811246,5,25,37,0,,
2026-05-16T00:34:54.279429,noisy,persist,{'bins': 6},46,2,4,ok,92,138,0.34516905527561903,0.13416000828146935,0.4852444203570485,5,24,33,0,,
2026-05-16T00:34:54.862317,noisy,persist,{'bins': 6},46,3,4,ok,138,184,0.3575676465407014,0.2132986979559064,0.5766322305426002,5,44,60,0,,
2026-05-16T00:34:57.154485,noisy,persist,{'bins': 6},46,4,4,ok,184,230,0.3539103679358959,1.91973178088665,2.2791010392829776,5,46,70,0,,
2026-05-16T00:34:58.174668,noisy,persist,{'bins': 6},47,0,4,ok,0,47,0.35844634659588337,0.5978657780215144,0.9619769202545285,5,59,82,0,,
2026-05-16T00:34:58.734658,noisy,persist,{'bins': 6},47,1,4,ok,47,94,0.3500281097367406,0.19487303216010332,0.5502176433801651,5,49,63,0,,
2026-05-16T00:34:59.389867,noisy,persist,{'bins': 6},47,2,4,ok,94,141,0.35816682036966085,0.2835532585158944,0.6473644757643342,5,19,27,0,,
2026-05-16T00:35:00.023672,noisy,persist,{'bins': 6},47,3,4,ok,141,188,0.3444418916478753,0.27030649594962597,0.6202063448727131,5,34,50,0,,
2026-05-16T00:35:00.740437,noisy,persist,{'bins': 6},47,4,4,ok,188,235,0.35216052271425724,0.35104867722839117,0.7083670943975449,5,68,89,0,,
2026-05-16T00:35:01.867629,noisy,persist,{'bins': 6},48,0,4,ok,0,48,0.3664111513644457,0.6690851086750627,1.0419624112546444,5,21,31,0,,
2026-05-16T00:35:02.978962,noisy,persist,{'bins': 6},48,1,4,ok,48,96,0.3610503552481532,0.7330275075510144,1.0995182981714606,5,25,42,0,,
2026-05-16T00:35:05.431485,noisy,persist,{'bins': 6},48,2,4,ok,96,144,0.42796314135193825,2.0016496358439326,2.4357225578278303,5,72,110,0,,
2026-05-16T00:35:05.957377,noisy,persist,{'bins': 6},48,3,4,ok,144,192,0.3663808247074485,0.141571463085711,0.5144614093005657,5,41,52,0,,
2026-05-16T00:35:06.742790,noisy,persist,{'bins': 6},48,4,4,ok,192,240,0.35839130356907845,0.4122985703870654,0.7764906352385879,5,70,92,0,,
2026-05-16T00:35:07.478704,noisy,persist,{'bins': 6},49,0,4,ok,0,49,0.36475797835737467,0.3010048856958747,0.6728445198386908,5,59,76,0,,
2026-05-16T00:35:08.544049,noisy,persist,{'bins': 6},49,1,4,ok,49,98,0.35438527166843414,0.6792042898014188,1.039703561924398,5,26,40,0,,
2026-05-16T00:35:36.257667,noisy,persist,{'bins': 6},49,2,4,ok,98,147,0.36947501357644796,27.265454418957233,27.64210149925202,5,45,79,0,,
2026-05-16T00:35:36.898277,noisy,persist,{'bins': 6},49,3,4,ok,147,196,0.3552334485575557,0.26207796949893236,0.6229827366769314,5,41,57,0,,
2026-05-16T00:35:37.592018,noisy,persist,{'bins': 6},49,4,4,ok,196,245,0.36540030874311924,0.29161414690315723,0.66305863391608,5,42,54,0,,
2026-05-16T00:35:38.356166,noisy,persist,{'bins': 6},50,0,4,ok,0,50,0.3768733208999038,0.3087422773241997,0.6923690987750888,5,59,76,0,,
2026-05-16T00:35:39.127417,noisy,persist,{'bins': 6},50,1,4,ok,50,100,0.3671742985025048,0.3780068289488554,0.7511879168450832,5,24,38,0,,
2026-05-16T00:35:43.573809,noisy,persist,{'bins': 6},50,2,4,ok,100,150,0.3653662446886301,4.032115300185978,4.404416074976325,5,31,47,0,,
2026-05-16T00:35:44.065997,noisy,persist,{'bins': 6},50,3,4,ok,150,200,0.3681495310738683,0.11181363370269537,0.48615460004657507,5,41,52,0,,
2026-05-16T00:35:45.048165,noisy,persist,{'bins': 6},50,4,4,ok,200,250,0.36992461420595646,0.5971584618091583,0.9727296773344278,5,55,81,0,,
