timestamp,dataset,method,params,trace_count,repeat,tag_k,status,trace_indices_start,trace_indices_end,disc_time,learn_time,total_time,actual_bins,n_states,n_edges,n_inconsistencies,error_type,error_msg
2026-05-16T03:22:36.613542,clean,naive,{'bins': 15},1,0,2,ok,0,1,0.000701666809618473,0.020890191197395325,0.021915745921432972,15,31,38,0,,
2026-05-16T03:22:36.648587,clean,naive,{'bins': 15},1,1,2,ok,1,2,0.00047747697681188583,0.03190481383353472,0.032700288109481335,15,28,37,0,,
2026-05-16T03:22:36.676180,clean,naive,{'bins': 15},1,2,2,ok,2,3,0.0005008205771446228,0.02367579098790884,0.024512101896107197,15,28,36,0,,
2026-05-16T03:22:36.702366,clean,naive,{'bins': 15},1,3,2,ok,3,4,0.00047037284821271896,0.023533763363957405,0.02433623094111681,15,34,41,0,,
2026-05-16T03:22:36.735046,clean,naive,{'bins': 15},1,4,2,ok,4,5,0.00046630483120679855,0.029827693477272987,0.030643154866993427,15,24,32,0,,
2026-05-16T03:22:36.823127,clean,naive,{'bins': 15},2,0,2,ok,0,2,0.0006014006212353706,0.08183309528976679,0.08290443755686283,15,31,49,0,,
2026-05-16T03:22:36.932577,clean,naive,{'bins': 15},2,1,2,ok,2,4,0.0006907172501087189,0.10555790737271309,0.1067246487364173,15,35,50,0,,
2026-05-16T03:22:37.030023,clean,naive,{'bins': 15},2,2,2,ok,4,6,0.0007008668035268784,0.09347664099186659,0.09467830788344145,15,18,35,0,,
2026-05-16T03:22:37.133900,clean,naive,{'bins': 15},2,3,2,ok,6,8,0.0006970791146159172,0.09998112451285124,0.10115847550332546,15,28,42,0,,
2026-05-16T03:22:37.230162,clean,naive,{'bins': 15},2,4,2,ok,8,10,0.0006956961005926132,0.09226007666438818,0.09343275800347328,15,27,46,0,,
2026-05-16T03:22:37.395162,clean,naive,{'bins': 15},3,0,2,ok,0,3,0.0008049625903367996,0.15789344906806946,0.15933804214000702,15,26,43,0,,
2026-05-16T03:22:37.625178,clean,naive,{'bins': 15},3,1,2,ok,3,6,0.0010172296315431595,0.22390789724886417,0.22560412250459194,15,41,63,0,,
2026-05-16T03:22:37.783440,clean,naive,{'bins': 15},3,2,2,ok,6,9,0.0010773427784442902,0.15249986108392477,0.15431527979671955,15,18,33,0,,
2026-05-16T03:22:37.998927,clean,naive,{'bins': 15},3,3,2,ok,9,12,0.0012592943385243416,0.20953273307532072,0.211622036062181,15,35,58,0,,
2026-05-16T03:22:38.169830,clean,naive,{'bins': 15},3,4,2,ok,12,15,0.0010506846010684967,0.16441186051815748,0.16624862048774958,15,19,36,0,,
2026-05-16T03:22:38.546517,clean,naive,{'bins': 15},4,0,2,ok,0,4,0.001484316773712635,0.35484866239130497,0.3573382068425417,15,32,54,0,,
2026-05-16T03:22:38.878557,clean,naive,{'bins': 15},4,1,2,ok,4,8,0.0012792320922017097,0.32509922608733177,0.3272268809378147,15,27,48,0,,
2026-05-16T03:22:39.169984,clean,naive,{'bins': 15},4,2,2,ok,8,12,0.0017139185220003128,0.28384176827967167,0.2865768149495125,15,31,53,0,,
2026-05-16T03:22:39.483660,clean,naive,{'bins': 15},4,3,2,ok,12,16,0.0013347873464226723,0.3061313359066844,0.30839849449694157,15,27,51,0,,
2026-05-16T03:22:39.800687,clean,naive,{'bins': 15},4,4,2,ok,16,20,0.001330006867647171,0.3096849797293544,0.31196161452680826,15,25,46,0,,
2026-05-16T03:22:40.217302,clean,naive,{'bins': 15},5,0,2,ok,0,5,0.0016071386635303497,0.40482491347938776,0.40773168206214905,15,13,29,0,,
2026-05-16T03:22:40.742530,clean,naive,{'bins': 15},5,1,2,ok,5,10,0.001620253548026085,0.5166384093463421,0.5194148533046246,15,34,59,0,,
2026-05-16T03:22:41.129876,clean,naive,{'bins': 15},5,2,2,ok,10,15,0.0019811103120446205,0.3778952918946743,0.3811994269490242,15,19,39,0,,
2026-05-16T03:22:41.595558,clean,naive,{'bins': 15},5,3,2,ok,15,20,0.0014437008649110794,0.4575249692425132,0.46010230854153633,15,20,38,0,,
2026-05-16T03:22:41.998504,clean,naive,{'bins': 15},5,4,2,ok,20,25,0.0014207176864147186,0.39430296421051025,0.39689261745661497,15,25,48,0,,
2026-05-16T03:22:42.523231,clean,naive,{'bins': 15},6,0,2,ok,0,6,0.0016853651031851768,0.5127594145014882,0.5158116547390819,15,38,63,0,,
2026-05-16T03:22:43.056968,clean,naive,{'bins': 15},6,1,2,ok,6,12,0.001674535684287548,0.5236011343076825,0.5265743173658848,15,40,64,0,,
2026-05-16T03:22:43.671166,clean,naive,{'bins': 15},6,2,2,ok,12,18,0.002001998946070671,0.603331059217453,0.6067162863910198,15,20,39,0,,
2026-05-16T03:22:44.432419,clean,naive,{'bins': 15},6,3,2,ok,18,24,0.0026518795639276505,0.7491979841142893,0.7535338457673788,15,40,64,0,,
2026-05-16T03:22:45.002270,clean,naive,{'bins': 15},6,4,2,ok,24,30,0.0018855007365345955,0.5600238433107734,0.5633333679288626,15,27,48,0,,
2026-05-16T03:22:45.770197,clean,naive,{'bins': 15},7,0,2,ok,0,7,0.0017976155504584312,0.7544682715088129,0.7577313901856542,15,33,57,0,,
2026-05-16T03:22:46.515770,clean,naive,{'bins': 15},7,1,2,ok,7,14,0.0020574135705828667,0.7339505301788449,0.7374934032559395,15,39,62,0,,
2026-05-16T03:22:47.224051,clean,naive,{'bins': 15},7,2,2,ok,14,21,0.001796073280274868,0.697449354454875,0.700654343701899,15,20,35,0,,
2026-05-16T03:22:47.962987,clean,naive,{'bins': 15},7,3,2,ok,21,28,0.0019811000674962997,0.7283970518037677,0.7318173348903656,15,14,31,0,,
2026-05-16T03:22:48.737782,clean,naive,{'bins': 15},7,4,2,ok,28,35,0.0017068246379494667,0.7638517925515771,0.7669389294460416,15,41,68,0,,
2026-05-16T03:22:49.694685,clean,naive,{'bins': 15},8,0,2,ok,0,8,0.0019018910825252533,0.9433469576761127,0.946795703843236,15,25,48,0,,
2026-05-16T03:22:50.546599,clean,naive,{'bins': 15},8,1,2,ok,8,16,0.0022339047864079475,0.8398837428539991,0.8437888165935874,15,13,30,0,,
2026-05-16T03:22:51.479842,clean,naive,{'bins': 15},8,2,2,ok,16,24,0.0019289320334792137,0.9211992369964719,0.9246667083352804,15,29,50,0,,
2026-05-16T03:22:52.554832,clean,naive,{'bins': 15},8,3,2,ok,24,32,0.0019283108413219452,1.0632967334240675,1.0667417421936989,15,34,64,0,,
2026-05-16T03:22:53.384393,clean,naive,{'bins': 15},8,4,2,ok,32,40,0.0020590173080563545,0.8178813941776752,0.8214906826615334,15,23,43,0,,
2026-05-16T03:22:54.505202,clean,naive,{'bins': 15},9,0,2,ok,0,9,0.002094293013215065,1.1072083842009306,1.1109977513551712,15,14,32,0,,
2026-05-16T03:22:55.691334,clean,naive,{'bins': 15},9,1,2,ok,9,18,0.002162621356546879,1.1725741354748607,1.1764058312401175,15,25,45,0,,
2026-05-16T03:22:57.061066,clean,naive,{'bins': 15},9,2,2,ok,18,27,0.002488202415406704,1.3543216912075877,1.3585511930286884,15,53,81,0,,
2026-05-16T03:22:58.111010,clean,naive,{'bins': 15},9,3,2,ok,27,36,0.0021835099905729294,1.037210624665022,1.041072316467762,15,25,46,0,,
2026-05-16T03:22:59.281903,clean,naive,{'bins': 15},9,4,2,ok,36,45,0.0021668290719389915,1.157345175743103,1.1613361909985542,15,19,39,0,,
2026-05-16T03:23:00.581130,clean,naive,{'bins': 15},10,0,2,ok,0,10,0.0025365538895130157,1.2833642177283764,1.2876424128189683,15,14,32,0,,
2026-05-16T03:23:01.885060,clean,naive,{'bins': 15},10,1,2,ok,10,20,0.00283828005194664,1.289223873987794,1.2939325161278248,15,18,39,0,,
2026-05-16T03:23:03.109201,clean,naive,{'bins': 15},10,2,2,ok,20,30,0.002620890736579895,1.2093717064708471,1.2138024270534515,15,23,44,0,,
2026-05-16T03:23:04.416254,clean,naive,{'bins': 15},10,3,2,ok,30,40,0.002544337883591652,1.2923601921647787,1.296604162082076,15,27,48,0,,
2026-05-16T03:23:06.063504,clean,naive,{'bins': 15},10,4,2,ok,40,50,0.0026381751522421837,1.631853548809886,1.6362327840179205,15,37,63,0,,
2026-05-16T03:23:07.491424,clean,naive,{'bins': 15},11,0,2,ok,0,11,0.0027344049885869026,1.4101476455107331,1.4148080479353666,15,17,37,0,,
2026-05-16T03:23:08.807581,clean,naive,{'bins': 15},11,1,2,ok,11,22,0.0030507687479257584,1.2996138241142035,1.3046181416139007,15,17,35,0,,
2026-05-16T03:23:10.253376,clean,naive,{'bins': 15},11,2,2,ok,22,33,0.0027946271002292633,1.4289819048717618,1.433726193383336,15,33,57,0,,
2026-05-16T03:23:11.685383,clean,naive,{'bins': 15},11,3,2,ok,33,44,0.0028343433514237404,1.4152126275002956,1.4199466779828072,15,31,54,0,,
2026-05-16T03:23:13.127479,clean,naive,{'bins': 15},11,4,2,ok,44,55,0.0027488311752676964,1.425933189690113,1.4305426366627216,15,26,45,0,,
2026-05-16T03:23:14.774705,clean,naive,{'bins': 15},12,0,2,ok,0,12,0.0029635047540068626,1.6280202604830265,1.6330216526985168,15,25,46,0,,
2026-05-16T03:23:16.729741,clean,naive,{'bins': 15},12,1,2,ok,12,24,0.002916155382990837,1.936563336290419,1.9414997966960073,15,42,71,0,,
2026-05-16T03:23:18.241012,clean,naive,{'bins': 15},12,2,2,ok,24,36,0.003084721975028515,1.4935199515894055,1.498698877170682,15,27,47,0,,
2026-05-16T03:23:20.095901,clean,naive,{'bins': 15},12,3,2,ok,36,48,0.003002649173140526,1.836550410836935,1.8417056826874614,15,27,51,0,,
2026-05-16T03:23:21.907149,clean,naive,{'bins': 15},12,4,2,ok,48,60,0.0031253891065716743,1.7933987565338612,1.7986396187916398,15,30,52,0,,
2026-05-16T03:23:23.680795,clean,naive,{'bins': 15},13,0,2,ok,0,13,0.003289096988737583,1.753118785098195,1.75872918125242,15,27,47,0,,
2026-05-16T03:23:25.835211,clean,naive,{'bins': 15},13,1,2,ok,13,26,0.0032939044758677483,2.133126343600452,2.138734514825046,15,33,56,0,,
2026-05-16T03:23:27.728803,clean,naive,{'bins': 15},13,2,2,ok,26,39,0.0035936692729592323,1.873446018435061,1.879260016605258,15,28,53,0,,
2026-05-16T03:23:29.677644,clean,naive,{'bins': 15},13,3,2,ok,39,52,0.003271413967013359,1.9303304022178054,1.935905502177775,15,17,34,0,,
2026-05-16T03:23:31.490841,clean,naive,{'bins': 15},13,4,2,ok,52,65,0.0033032428473234177,1.7950873579829931,1.800595642067492,15,20,40,0,,
2026-05-16T03:23:33.512993,clean,naive,{'bins': 15},14,0,2,ok,0,14,0.003396890126168728,1.999401992186904,2.0051859142258763,15,33,54,0,,
2026-05-16T03:23:35.768811,clean,naive,{'bins': 15},14,1,2,ok,14,28,0.0034154634922742844,2.235065557062626,2.2409756956622005,15,27,51,0,,
2026-05-16T03:23:37.928847,clean,naive,{'bins': 15},14,2,2,ok,28,42,0.003479965031147003,2.139164532534778,2.1451413771137595,15,27,50,0,,
2026-05-16T03:23:40.124841,clean,naive,{'bins': 15},14,3,2,ok,42,56,0.003499581478536129,2.1726729283109307,2.178662416525185,15,22,43,0,,
2026-05-16T03:23:42.243362,clean,naive,{'bins': 15},14,4,2,ok,56,70,0.004838244989514351,2.095371545292437,2.103030406869948,15,22,44,0,,
2026-05-16T03:23:44.419341,clean,naive,{'bins': 15},15,0,2,ok,0,15,0.003921473398804665,2.1500221444293857,2.156604154035449,15,35,57,0,,
2026-05-16T03:23:46.775056,clean,naive,{'bins': 15},15,1,2,ok,15,30,0.003994442522525787,2.3316784678027034,2.3384079355746508,15,34,55,0,,
2026-05-16T03:23:49.154063,clean,naive,{'bins': 15},15,2,2,ok,30,45,0.003954255022108555,2.356433715671301,2.363044439814985,15,21,42,0,,
2026-05-16T03:23:51.432306,clean,naive,{'bins': 15},15,3,2,ok,45,60,0.00386596005409956,2.2551329536363482,2.2617255337536335,15,24,42,0,,
2026-05-16T03:23:54.190717,clean,naive,{'bins': 15},15,4,2,ok,60,75,0.0038892338052392006,2.7361821476370096,2.7428256142884493,15,12,30,0,,
2026-05-16T03:23:56.763468,clean,naive,{'bins': 15},16,0,2,ok,0,16,0.0040933359414339066,2.545921115204692,2.552887186408043,15,21,40,0,,
2026-05-16T03:23:59.495376,clean,naive,{'bins': 15},16,1,2,ok,16,32,0.004805753938853741,2.705367000773549,2.7132132844999433,15,30,47,0,,
2026-05-16T03:24:02.501807,clean,naive,{'bins': 15},16,2,2,ok,32,48,0.004424269311130047,2.980994093231857,2.9884619684889913,15,29,55,0,,
2026-05-16T03:24:05.097584,clean,naive,{'bins': 15},16,3,2,ok,48,64,0.004629302769899368,2.5695596570149064,2.577129683457315,15,33,56,0,,
2026-05-16T03:24:08.379559,clean,naive,{'bins': 15},16,4,2,ok,64,80,0.005145462229847908,3.2556620249524713,3.2640141900628805,15,13,32,0,,
2026-05-16T03:24:11.261722,clean,naive,{'bins': 15},17,0,2,ok,0,17,0.0044699739664793015,2.852838329039514,2.860356426797807,15,23,43,0,,
2026-05-16T03:24:14.014160,clean,naive,{'bins': 15},17,1,2,ok,17,34,0.004604577086865902,2.7238979805260897,2.731540963985026,15,28,45,0,,
2026-05-16T03:24:17.499756,clean,naive,{'bins': 15},17,2,2,ok,34,51,0.00456098560243845,3.45999420247972,3.4675672948360443,15,18,39,0,,
2026-05-16T03:24:20.359105,clean,naive,{'bins': 15},17,3,2,ok,51,68,0.004587234929203987,2.8314502146095037,2.8389917770400643,15,46,74,0,,
2026-05-16T03:24:23.038715,clean,naive,{'bins': 15},17,4,2,ok,68,85,0.004379403777420521,2.6531678661704063,2.660599102266133,15,26,49,0,,
2026-05-16T03:24:26.142882,clean,naive,{'bins': 15},18,0,2,ok,0,18,0.004693163558840752,3.0737645691260695,3.0817420901730657,15,32,57,0,,
2026-05-16T03:24:29.686797,clean,naive,{'bins': 15},18,1,2,ok,18,36,0.004589539021253586,3.515572094358504,3.5233738254755735,15,39,68,0,,
2026-05-16T03:24:33.327826,clean,naive,{'bins': 15},18,2,2,ok,36,54,0.004899010062217712,3.612203639000654,3.6204211795702577,15,23,46,0,,
2026-05-16T03:24:36.707557,clean,naive,{'bins': 15},18,3,2,ok,54,72,0.005162054672837257,3.3499939031898975,3.35848942771554,15,39,65,0,,
2026-05-16T03:24:40.535859,clean,naive,{'bins': 15},18,4,2,ok,72,90,0.004692130722105503,3.800792491994798,3.808595805428922,15,26,51,0,,
2026-05-16T03:24:44.050575,clean,naive,{'bins': 15},19,0,2,ok,0,19,0.004887198098003864,3.482767380774021,3.4910240257158875,15,32,57,0,,
2026-05-16T03:24:47.780226,clean,naive,{'bins': 15},19,1,2,ok,19,38,0.005177313461899757,3.69887179415673,3.7075126012787223,15,28,48,0,,
2026-05-16T03:24:51.471727,clean,naive,{'bins': 15},19,2,2,ok,38,57,0.005221265368163586,3.66084436327219,3.6694980040192604,15,32,55,0,,
2026-05-16T03:24:55.301005,clean,naive,{'bins': 15},19,3,2,ok,57,76,0.004899070598185062,3.7988706240430474,3.807080070488155,15,31,58,0,,
2026-05-16T03:24:59.400139,clean,naive,{'bins': 15},19,4,2,ok,76,95,0.005257291719317436,4.0681150602176785,4.076732533052564,15,42,71,0,,
2026-05-16T03:25:03.248762,clean,naive,{'bins': 15},20,0,2,ok,0,20,0.0049616871401667595,3.817232545465231,3.825776521116495,15,21,41,0,,
2026-05-16T03:25:07.965125,clean,naive,{'bins': 15},20,1,2,ok,20,40,0.005112961865961552,4.682735824026167,4.691245162859559,15,39,70,0,,
2026-05-16T03:25:11.795028,clean,naive,{'bins': 15},20,2,2,ok,40,60,0.005530184134840965,3.7974725384265184,3.8065885668620467,15,25,50,0,,
2026-05-16T03:25:17.474296,clean,naive,{'bins': 15},20,3,2,ok,60,80,0.005298108793795109,5.6476493356749415,5.656352869234979,15,24,51,0,,
2026-05-16T03:25:21.235285,clean,naive,{'bins': 15},20,4,2,ok,80,100,0.004930599592626095,3.730577727779746,3.7385848239064217,15,25,47,0,,
2026-05-16T03:25:25.551532,clean,naive,{'bins': 15},21,0,2,ok,0,21,0.00509263388812542,4.278819897212088,4.287273743189871,15,49,76,0,,
2026-05-16T03:25:29.597868,clean,naive,{'bins': 15},21,1,2,ok,21,42,0.005388178862631321,4.013826514594257,4.0225834492594,15,16,35,0,,
2026-05-16T03:25:34.001997,clean,naive,{'bins': 15},21,2,2,ok,42,63,0.005253385752439499,4.369591289199889,4.378334417939186,15,30,55,0,,
2026-05-16T03:25:38.194492,clean,naive,{'bins': 15},21,3,2,ok,63,84,0.005411521531641483,4.16091309953481,4.169880258850753,15,13,30,0,,
2026-05-16T03:25:42.889790,clean,naive,{'bins': 15},21,4,2,ok,84,105,0.005412343889474869,4.663484944961965,4.672234215773642,15,13,30,0,,
2026-05-16T03:25:47.356705,clean,naive,{'bins': 15},22,0,2,ok,0,22,0.005370224826037884,4.427939493209124,4.436806444078684,15,50,81,0,,
2026-05-16T03:25:51.926701,clean,naive,{'bins': 15},22,1,2,ok,22,44,0.00564650259912014,4.5334289921447635,4.543400797992945,15,29,50,0,,
2026-05-16T03:25:56.334380,clean,naive,{'bins': 15},22,2,2,ok,44,66,0.00559754204005003,4.3728138115257025,4.3820670284330845,15,24,45,0,,
2026-05-16T03:26:00.589834,clean,naive,{'bins': 15},22,3,2,ok,66,88,0.0053555965423583984,4.2190191289409995,4.227955690585077,15,32,60,0,,
2026-05-16T03:26:05.079952,clean,naive,{'bins': 15},22,4,2,ok,88,110,0.005775164812803268,4.453867934644222,4.463127743452787,15,33,57,0,,
2026-05-16T03:26:09.734351,clean,naive,{'bins': 15},23,0,2,ok,0,23,0.005550103262066841,4.616170905530453,4.625457294285297,15,35,58,0,,
2026-05-16T03:26:14.981197,clean,naive,{'bins': 15},23,1,2,ok,23,46,0.005920326337218285,5.208145070821047,5.217707697302103,15,31,58,0,,
2026-05-16T03:26:19.619998,clean,naive,{'bins': 15},23,2,2,ok,46,69,0.005903325974941254,4.601856004446745,4.611667790450156,15,24,45,0,,
2026-05-16T03:26:24.567678,clean,naive,{'bins': 15},23,3,2,ok,69,92,0.005562496371567249,4.913486037403345,4.922572080977261,15,21,43,0,,
2026-05-16T03:26:28.841387,clean,naive,{'bins': 15},23,4,2,ok,92,115,0.005673264153301716,4.2381341168656945,4.247431427240372,15,29,52,0,,
2026-05-16T03:26:33.903631,clean,naive,{'bins': 15},24,0,2,ok,0,24,0.0061006853356957436,5.021312598139048,5.031346800737083,15,36,60,0,,
2026-05-16T03:26:39.202080,clean,naive,{'bins': 15},24,1,2,ok,24,48,0.006131423637270927,5.258097999729216,5.26803751476109,15,33,60,0,,
2026-05-16T03:26:43.890650,clean,naive,{'bins': 15},24,2,2,ok,48,72,0.005845877341926098,4.650926686823368,4.660401529632509,15,25,47,0,,
2026-05-16T03:26:48.796154,clean,naive,{'bins': 15},24,3,2,ok,72,96,0.00612832885235548,4.868591330945492,4.878496021963656,15,30,55,0,,
2026-05-16T03:26:53.339936,clean,naive,{'bins': 15},24,4,2,ok,96,120,0.0061484454199671745,4.506414465606213,4.516307633370161,15,29,51,0,,
2026-05-16T03:26:58.832153,clean,naive,{'bins': 15},25,0,2,ok,0,25,0.005983526818454266,5.449192770756781,5.458966314792633,15,41,66,0,,
2026-05-16T03:27:04.743162,clean,naive,{'bins': 15},25,1,2,ok,25,50,0.006620363332331181,5.870127549394965,5.880606648512185,15,22,42,0,,
2026-05-16T03:27:10.789004,clean,naive,{'bins': 15},25,2,2,ok,50,75,0.005874090828001499,6.006417330354452,6.016142413020134,15,32,63,0,,
2026-05-16T03:27:16.081835,clean,naive,{'bins': 15},25,3,2,ok,75,100,0.005965292453765869,5.253774354234338,5.263743565417826,15,26,50,0,,
2026-05-16T03:27:21.524863,clean,naive,{'bins': 15},25,4,2,ok,100,125,0.006090828217566013,5.405771071091294,5.41584403719753,15,21,41,0,,
2026-05-16T03:27:21.559526,clean,sax,"{'w': 144, 'bins': 15}",1,0,2,ok,0,1,0.011688810773193836,0.007333540357649326,0.01932497974485159,15,30,31,0,,
2026-05-16T03:27:21.574586,clean,sax,"{'w': 144, 'bins': 15}",1,1,2,ok,1,2,0.010670448653399944,0.0030704066157341003,0.013967921026051044,15,26,25,0,,
2026-05-16T03:27:21.590181,clean,sax,"{'w': 144, 'bins': 15}",1,2,2,ok,2,3,0.01061493344604969,0.0036647822707891464,0.014502054080367088,15,26,26,0,,
2026-05-16T03:27:21.605575,clean,sax,"{'w': 144, 'bins': 15}",1,3,2,ok,3,4,0.010595366358757019,0.0034091919660568237,0.014227557927370071,15,24,24,0,,
2026-05-16T03:27:21.624187,clean,sax,"{'w': 144, 'bins': 15}",1,4,2,ok,4,5,0.010388539172708988,0.006806852295994759,0.017417358234524727,15,20,22,0,,
2026-05-16T03:27:21.671537,clean,sax,"{'w': 144, 'bins': 15}",2,0,2,ok,0,2,0.02068875078111887,0.018321827054023743,0.03932978678494692,15,32,35,0,,
2026-05-16T03:27:21.706101,clean,sax,"{'w': 144, 'bins': 15}",2,1,2,ok,2,4,0.020666970871388912,0.011871853843331337,0.03288631699979305,15,25,27,0,,
2026-05-16T03:27:21.743971,clean,sax,"{'w': 144, 'bins': 15}",2,2,2,ok,4,6,0.020864542573690414,0.014914138242602348,0.03611971065402031,15,28,30,0,,
2026-05-16T03:27:21.780015,clean,sax,"{'w': 144, 'bins': 15}",2,3,2,ok,6,8,0.020952648483216763,0.013138623908162117,0.034427753649652004,15,31,32,0,,
2026-05-16T03:27:21.825290,clean,sax,"{'w': 144, 'bins': 15}",2,4,2,ok,8,10,0.020595216192305088,0.02269627247005701,0.04359732195734978,15,23,31,0,,
2026-05-16T03:27:21.891931,clean,sax,"{'w': 144, 'bins': 15}",3,0,2,ok,0,3,0.03047113213688135,0.027682987041771412,0.058531868271529675,15,36,40,0,,
2026-05-16T03:27:21.945870,clean,sax,"{'w': 144, 'bins': 15}",3,1,2,ok,3,6,0.0305222375318408,0.020884529687464237,0.051784747280180454,15,31,33,0,,
2026-05-16T03:27:21.999038,clean,sax,"{'w': 144, 'bins': 15}",3,2,2,ok,6,9,0.030625291168689728,0.02022491116076708,0.051238019950687885,15,31,34,0,,
2026-05-16T03:27:22.059369,clean,sax,"{'w': 144, 'bins': 15}",3,3,2,ok,9,12,0.030753803439438343,0.027194589376449585,0.05833667144179344,15,33,36,0,,
2026-05-16T03:27:22.119107,clean,sax,"{'w': 144, 'bins': 15}",3,4,2,ok,12,15,0.031058515422046185,0.026282917708158493,0.05773406010121107,15,30,37,0,,
2026-05-16T03:27:22.217521,clean,sax,"{'w': 144, 'bins': 15}",4,0,2,ok,0,4,0.040554498322308064,0.04831474181264639,0.08933332189917564,15,36,43,0,,
2026-05-16T03:27:22.320813,clean,sax,"{'w': 144, 'bins': 15}",4,1,2,ok,4,8,0.040633837692439556,0.0595110859721899,0.10061156004667282,15,27,34,0,,
2026-05-16T03:27:22.422192,clean,sax,"{'w': 144, 'bins': 15}",4,2,2,ok,8,12,0.040704960003495216,0.057844046503305435,0.09905712027102709,15,30,36,0,,
2026-05-16T03:27:22.505430,clean,sax,"{'w': 144, 'bins': 15}",4,3,2,ok,12,16,0.04128883685916662,0.03865962941199541,0.08050235640257597,15,32,39,0,,
2026-05-16T03:27:22.568191,clean,sax,"{'w': 144, 'bins': 15}",4,4,2,ok,16,20,0.04082800168544054,0.018925750628113747,0.06021316535770893,15,26,29,0,,
2026-05-16T03:27:22.697215,clean,sax,"{'w': 144, 'bins': 15}",5,0,2,ok,0,5,0.05055001750588417,0.06839511077851057,0.11949574202299118,15,35,44,0,,
2026-05-16T03:27:22.841359,clean,sax,"{'w': 144, 'bins': 15}",5,1,2,ok,5,10,0.05053477920591831,0.08999188710004091,0.14107473567128181,15,25,34,0,,
2026-05-16T03:27:22.950179,clean,sax,"{'w': 144, 'bins': 15}",5,2,2,ok,10,15,0.05110641289502382,0.0543208597227931,0.10596871003508568,15,34,43,0,,
2026-05-16T03:27:23.043620,clean,sax,"{'w': 144, 'bins': 15}",5,3,2,ok,15,20,0.051180873066186905,0.03909127973020077,0.09084888640791178,15,27,32,0,,
2026-05-16T03:27:23.171735,clean,sax,"{'w': 144, 'bins': 15}",5,4,2,ok,20,25,0.050916156731545925,0.07384414132684469,0.12537601497024298,15,32,40,0,,
2026-05-16T03:27:23.313271,clean,sax,"{'w': 144, 'bins': 15}",6,0,2,ok,0,6,0.0609238101169467,0.0697239562869072,0.13133940380066633,15,39,46,0,,
2026-05-16T03:27:23.470213,clean,sax,"{'w': 144, 'bins': 15}",6,1,2,ok,6,12,0.06120647024363279,0.09225119929760695,0.15406354703009129,15,24,32,0,,
2026-05-16T03:27:23.589304,clean,sax,"{'w': 144, 'bins': 15}",6,2,2,ok,12,18,0.0608842046931386,0.05471430905163288,0.11622355785220861,15,24,32,0,,
2026-05-16T03:27:23.728459,clean,sax,"{'w': 144, 'bins': 15}",6,3,2,ok,18,24,0.06103720236569643,0.07433541491627693,0.13598048966377974,15,33,40,0,,
2026-05-16T03:27:23.868803,clean,sax,"{'w': 144, 'bins': 15}",6,4,2,ok,24,30,0.060900164768099785,0.07558217644691467,0.137106123380363,15,33,39,0,,
2026-05-16T03:27:24.061754,clean,sax,"{'w': 144, 'bins': 15}",7,0,2,ok,0,7,0.07122781965881586,0.11036998499184847,0.18233191315084696,15,26,36,0,,
2026-05-16T03:27:24.214653,clean,sax,"{'w': 144, 'bins': 15}",7,1,2,ok,7,14,0.07128603756427765,0.07759275287389755,0.14958214201033115,15,33,41,0,,
2026-05-16T03:27:24.370969,clean,sax,"{'w': 144, 'bins': 15}",7,2,2,ok,14,21,0.07099745701998472,0.08085330575704575,0.1525564482435584,15,32,41,0,,
2026-05-16T03:27:24.554601,clean,sax,"{'w': 144, 'bins': 15}",7,3,2,ok,21,28,0.07101389672607183,0.10796187352389097,0.1796854929998517,15,30,38,0,,
2026-05-16T03:27:24.710352,clean,sax,"{'w': 144, 'bins': 15}",7,4,2,ok,28,35,0.07176134269684553,0.07981369271874428,0.1523220082744956,15,21,29,0,,
2026-05-16T03:27:24.920968,clean,sax,"{'w': 144, 'bins': 15}",8,0,2,ok,0,8,0.08137115649878979,0.11773082800209522,0.1998749766498804,15,25,35,0,,
2026-05-16T03:27:25.127618,clean,sax,"{'w': 144, 'bins': 15}",8,1,2,ok,8,16,0.08125970792025328,0.12044549640268087,0.20246942061930895,15,24,34,0,,
2026-05-16T03:27:25.281795,clean,sax,"{'w': 144, 'bins': 15}",8,2,2,ok,16,24,0.08208833541721106,0.06710128113627434,0.14994730800390244,15,31,36,0,,
2026-05-16T03:27:25.492033,clean,sax,"{'w': 144, 'bins': 15}",8,3,2,ok,24,32,0.081558539532125,0.12389753758907318,0.20621559396386147,15,30,40,0,,
2026-05-16T03:27:25.675488,clean,sax,"{'w': 144, 'bins': 15}",8,4,2,ok,32,40,0.08105769846588373,0.09770063310861588,0.17952733673155308,15,31,39,0,,
2026-05-16T03:27:25.952060,clean,sax,"{'w': 144, 'bins': 15}",9,0,2,ok,0,9,0.09116735402494669,0.17352165840566158,0.26552111469209194,15,28,40,0,,
2026-05-16T03:27:26.185373,clean,sax,"{'w': 144, 'bins': 15}",9,1,2,ok,9,18,0.09366806130856276,0.13394744228571653,0.2285849628970027,15,36,48,0,,
2026-05-16T03:27:26.417996,clean,sax,"{'w': 144, 'bins': 15}",9,2,2,ok,18,27,0.09142210334539413,0.13594646658748388,0.22819566261023283,15,41,50,0,,
2026-05-16T03:27:26.633493,clean,sax,"{'w': 144, 'bins': 15}",9,3,2,ok,27,36,0.09153924323618412,0.1188970385119319,0.21129487361758947,15,22,33,0,,
2026-05-16T03:27:26.830981,clean,sax,"{'w': 144, 'bins': 15}",9,4,2,ok,36,45,0.09157916717231274,0.10110871307551861,0.19344287738204002,15,26,36,0,,
2026-05-16T03:27:27.119189,clean,sax,"{'w': 144, 'bins': 15}",10,0,2,ok,0,10,0.10138243716210127,0.17494317796081305,0.27726414799690247,15,35,50,0,,
2026-05-16T03:27:27.317379,clean,sax,"{'w': 144, 'bins': 15}",10,1,2,ok,10,20,0.10121433157473803,0.09124961774796247,0.1936682816594839,15,35,43,0,,
2026-05-16T03:27:27.577090,clean,sax,"{'w': 144, 'bins': 15}",10,2,2,ok,20,30,0.1019026841968298,0.15221901424229145,0.2551405616104603,15,37,48,0,,
2026-05-16T03:27:27.812492,clean,sax,"{'w': 144, 'bins': 15}",10,3,2,ok,30,40,0.10251607652753592,0.1273541897535324,0.23082974832504988,15,33,44,0,,
2026-05-16T03:27:28.052198,clean,sax,"{'w': 144, 'bins': 15}",10,4,2,ok,40,50,0.10181218571960926,0.13233917206525803,0.23517323564738035,15,34,46,0,,
2026-05-16T03:27:28.400512,clean,sax,"{'w': 144, 'bins': 15}",11,0,2,ok,0,11,0.11153097450733185,0.2239708686247468,0.33660413324832916,15,25,38,0,,
2026-05-16T03:27:28.615178,clean,sax,"{'w': 144, 'bins': 15}",11,1,2,ok,11,22,0.11218923144042492,0.09618576802313328,0.2094893017783761,15,28,35,0,,
2026-05-16T03:27:28.890233,clean,sax,"{'w': 144, 'bins': 15}",11,2,2,ok,22,33,0.11270824633538723,0.1560787819325924,0.2700474252924323,15,29,41,0,,
2026-05-16T03:27:29.169228,clean,sax,"{'w': 144, 'bins': 15}",11,3,2,ok,33,44,0.11251842975616455,0.15998510736972094,0.2738237762823701,15,31,42,0,,
2026-05-16T03:27:29.431035,clean,sax,"{'w': 144, 'bins': 15}",11,4,2,ok,44,55,0.1127551132813096,0.14261156227439642,0.25664700008928776,15,29,41,0,,
2026-05-16T03:27:29.798794,clean,sax,"{'w': 144, 'bins': 15}",12,0,2,ok,0,12,0.122122204862535,0.23036848194897175,0.3542319657281041,15,38,53,0,,
2026-05-16T03:27:30.030368,clean,sax,"{'w': 144, 'bins': 15}",12,1,2,ok,12,24,0.12292221747338772,0.1018888084217906,0.2262072777375579,15,28,35,0,,
2026-05-16T03:27:30.363146,clean,sax,"{'w': 144, 'bins': 15}",12,2,2,ok,24,36,0.12220958899706602,0.20297765359282494,0.3269482795149088,15,39,53,0,,
2026-05-16T03:27:30.628104,clean,sax,"{'w': 144, 'bins': 15}",12,3,2,ok,36,48,0.12192840036004782,0.13574605900794268,0.2590839462354779,15,35,49,0,,
2026-05-16T03:27:30.989871,clean,sax,"{'w': 144, 'bins': 15}",12,4,2,ok,48,60,0.12221364676952362,0.23240689933300018,0.3563925726339221,15,29,41,0,,
2026-05-16T03:27:31.426359,clean,sax,"{'w': 144, 'bins': 15}",13,0,2,ok,0,13,0.13188136275857687,0.2900782013311982,0.4234595103189349,15,30,40,0,,
2026-05-16T03:27:31.763070,clean,sax,"{'w': 144, 'bins': 15}",13,1,2,ok,13,26,0.1332213981077075,0.19584476854652166,0.33054087590426207,15,38,51,0,,
2026-05-16T03:27:32.163489,clean,sax,"{'w': 144, 'bins': 15}",13,2,2,ok,26,39,0.13283783663064241,0.2608080143108964,0.39516516495496035,15,21,34,0,,
2026-05-16T03:27:32.457716,clean,sax,"{'w': 144, 'bins': 15}",13,3,2,ok,39,52,0.1325781513005495,0.15455550141632557,0.28862746711820364,15,35,49,0,,
2026-05-16T03:27:32.820275,clean,sax,"{'w': 144, 'bins': 15}",13,4,2,ok,52,65,0.1327829547226429,0.22255664225667715,0.3570956848561764,15,27,39,0,,
2026-05-16T03:27:33.294808,clean,sax,"{'w': 144, 'bins': 15}",14,0,2,ok,0,14,0.14307015296071768,0.3159093698486686,0.46060957480221987,15,31,42,0,,
2026-05-16T03:27:33.647486,clean,sax,"{'w': 144, 'bins': 15}",14,1,2,ok,14,28,0.14255696907639503,0.202020606957376,0.34616629034280777,15,35,47,0,,
2026-05-16T03:27:33.983819,clean,sax,"{'w': 144, 'bins': 15}",14,2,2,ok,28,42,0.14328356366604567,0.18531406298279762,0.3304621586576104,15,24,38,0,,
2026-05-16T03:27:34.351006,clean,sax,"{'w': 144, 'bins': 15}",14,3,2,ok,42,56,0.14267621282488108,0.21648422814905643,0.3607288971543312,15,36,50,0,,
2026-05-16T03:27:34.755734,clean,sax,"{'w': 144, 'bins': 15}",14,4,2,ok,56,70,0.14276947919279337,0.254631825722754,0.39902507420629263,15,16,29,0,,
2026-05-16T03:27:35.227663,clean,sax,"{'w': 144, 'bins': 15}",15,0,2,ok,0,15,0.15440701227635145,0.30141917895525694,0.45778855588287115,15,27,41,0,,
2026-05-16T03:27:35.623609,clean,sax,"{'w': 144, 'bins': 15}",15,1,2,ok,15,30,0.15405427105724812,0.23309548292309046,0.38910304196178913,15,37,49,0,,
2026-05-16T03:27:35.997713,clean,sax,"{'w': 144, 'bins': 15}",15,2,2,ok,30,45,0.15430092345923185,0.21178333088755608,0.3677763221785426,15,29,44,0,,
2026-05-16T03:27:36.428353,clean,sax,"{'w': 144, 'bins': 15}",15,3,2,ok,45,60,0.15244069043546915,0.27005131263285875,0.42418274749070406,15,23,37,0,,
2026-05-16T03:27:36.871449,clean,sax,"{'w': 144, 'bins': 15}",15,4,2,ok,60,75,0.15408264379948378,0.2251951154321432,0.4371338486671448,15,17,29,0,,
2026-05-16T03:27:37.364084,clean,sax,"{'w': 144, 'bins': 15}",16,0,2,ok,0,16,0.16263656690716743,0.31435896921902895,0.4788774698972702,15,27,41,0,,
2026-05-16T03:27:37.795977,clean,sax,"{'w': 144, 'bins': 15}",16,1,2,ok,16,32,0.1637727003544569,0.2588514508679509,0.4243037048727274,15,28,41,0,,
2026-05-16T03:27:38.181945,clean,sax,"{'w': 144, 'bins': 15}",16,2,2,ok,32,48,0.16306228656321764,0.21441361960023642,0.37936402205377817,15,32,47,0,,
2026-05-16T03:27:38.701845,clean,sax,"{'w': 144, 'bins': 15}",16,3,2,ok,48,64,0.16252416651695967,0.3489966653287411,0.5133851421996951,15,31,47,0,,
2026-05-16T03:27:39.100197,clean,sax,"{'w': 144, 'bins': 15}",16,4,2,ok,64,80,0.16842299420386553,0.221651341766119,0.3919730521738529,15,21,32,0,,
2026-05-16T03:27:39.609989,clean,sax,"{'w': 144, 'bins': 15}",17,0,2,ok,0,17,0.1742210816591978,0.3196418397128582,0.49561797734349966,15,21,35,0,,
2026-05-16T03:27:40.107556,clean,sax,"{'w': 144, 'bins': 15}",17,1,2,ok,17,34,0.17321073357015848,0.3153618313372135,0.49034534487873316,15,37,51,0,,
2026-05-16T03:27:40.530356,clean,sax,"{'w': 144, 'bins': 15}",17,2,2,ok,34,51,0.17335112765431404,0.24096867814660072,0.4161840369924903,15,24,40,0,,
2026-05-16T03:27:41.006768,clean,sax,"{'w': 144, 'bins': 15}",17,3,2,ok,51,68,0.17178607918322086,0.29577373806387186,0.4694344773888588,15,29,46,0,,
2026-05-16T03:27:41.433916,clean,sax,"{'w': 144, 'bins': 15}",17,4,2,ok,68,85,0.1726007889956236,0.24551846273243427,0.4197550630196929,15,39,55,0,,
2026-05-16T03:27:41.988373,clean,sax,"{'w': 144, 'bins': 15}",18,0,2,ok,0,18,0.18168912641704082,0.35655696131289005,0.540017394348979,15,25,41,0,,
2026-05-16T03:27:42.537101,clean,sax,"{'w': 144, 'bins': 15}",18,1,2,ok,18,36,0.18256493005901575,0.35689784307032824,0.5412729736417532,15,32,49,0,,
2026-05-16T03:27:42.950326,clean,sax,"{'w': 144, 'bins': 15}",18,2,2,ok,36,54,0.180987729690969,0.2225970784202218,0.4052698416635394,15,39,56,0,,
2026-05-16T03:27:43.532645,clean,sax,"{'w': 144, 'bins': 15}",18,3,2,ok,54,72,0.1822554999962449,0.3910108236595988,0.5750204185023904,15,28,48,0,,
2026-05-16T03:27:43.980368,clean,sax,"{'w': 144, 'bins': 15}",18,4,2,ok,72,90,0.18276595789939165,0.25572925712913275,0.4402009593322873,15,34,50,0,,
2026-05-16T03:27:44.559051,clean,sax,"{'w': 144, 'bins': 15}",19,0,2,ok,0,19,0.19153957348316908,0.3698621792718768,0.5631685005500913,15,39,56,0,,
2026-05-16T03:27:45.124623,clean,sax,"{'w': 144, 'bins': 15}",19,1,2,ok,19,38,0.19415961485356092,0.3615335179492831,0.5572928572073579,15,38,55,0,,
2026-05-16T03:27:45.680800,clean,sax,"{'w': 144, 'bins': 15}",19,2,2,ok,38,57,0.1919060330837965,0.35421708784997463,0.5477103414013982,15,35,53,0,,
2026-05-16T03:27:46.246810,clean,sax,"{'w': 144, 'bins': 15}",19,3,2,ok,57,76,0.1937314299866557,0.30701283272355795,0.5586979258805513,15,15,29,0,,
2026-05-16T03:27:46.827351,clean,sax,"{'w': 144, 'bins': 15}",19,4,2,ok,76,95,0.1925185127183795,0.37895013485103846,0.5729947034269571,15,24,42,0,,
2026-05-16T03:27:47.436523,clean,sax,"{'w': 144, 'bins': 15}",20,0,2,ok,0,20,0.2027409691363573,0.3879120349884033,0.5923289814963937,15,36,53,0,,
2026-05-16T03:27:48.012668,clean,sax,"{'w': 144, 'bins': 15}",20,1,2,ok,20,40,0.20164932869374752,0.36472957022488117,0.5680441772565246,15,27,42,0,,
2026-05-16T03:27:48.598925,clean,sax,"{'w': 144, 'bins': 15}",20,2,2,ok,40,60,0.20219790935516357,0.3741419753059745,0.5780230360105634,15,38,56,0,,
2026-05-16T03:27:49.089346,clean,sax,"{'w': 144, 'bins': 15}",20,3,2,ok,60,80,0.2040560794994235,0.27703527733683586,0.48287489637732506,15,17,29,0,,
2026-05-16T03:27:49.702451,clean,sax,"{'w': 144, 'bins': 15}",20,4,2,ok,80,100,0.2025150964036584,0.4005460198968649,0.6047398680821061,15,31,50,0,,
2026-05-16T03:27:50.346674,clean,sax,"{'w': 144, 'bins': 15}",21,0,2,ok,0,21,0.2123176632449031,0.41475605592131615,0.628824096173048,15,22,38,0,,
2026-05-16T03:27:50.998883,clean,sax,"{'w': 144, 'bins': 15}",21,1,2,ok,21,42,0.21296864561736584,0.4288910301402211,0.6436139298602939,15,28,43,0,,
2026-05-16T03:27:51.587221,clean,sax,"{'w': 144, 'bins': 15}",21,2,2,ok,42,63,0.213804486207664,0.3639680705964565,0.5794981773942709,15,31,47,0,,
2026-05-16T03:27:52.304195,clean,sax,"{'w': 144, 'bins': 15}",21,3,2,ok,63,84,0.2131176358088851,0.4932761490345001,0.7083541071042418,15,24,42,0,,
2026-05-16T03:27:52.998230,clean,sax,"{'w': 144, 'bins': 15}",21,4,2,ok,84,105,0.2118987776339054,0.4720391482114792,0.685730311088264,15,30,46,0,,
2026-05-16T03:27:53.685584,clean,sax,"{'w': 144, 'bins': 15}",22,0,2,ok,0,22,0.22177335154265165,0.44822905492037535,0.6718412395566702,15,21,38,0,,
2026-05-16T03:27:54.355654,clean,sax,"{'w': 144, 'bins': 15}",22,1,2,ok,22,44,0.2212199717760086,0.4375573033466935,0.6605839189141989,15,27,45,0,,
2026-05-16T03:27:55.001981,clean,sax,"{'w': 144, 'bins': 15}",22,2,2,ok,44,66,0.2231371821835637,0.4130178205668926,0.6379809314385056,15,19,33,0,,
2026-05-16T03:27:55.588451,clean,sax,"{'w': 144, 'bins': 15}",22,3,2,ok,66,88,0.2235073372721672,0.3525217054411769,0.5779880015179515,15,24,40,0,,
2026-05-16T03:27:56.108117,clean,sax,"{'w': 144, 'bins': 15}",22,4,2,ok,88,110,0.22342118434607983,0.2858522152528167,0.5114446878433228,15,26,41,0,,
2026-05-16T03:27:56.793215,clean,sax,"{'w': 144, 'bins': 15}",23,0,2,ok,0,23,0.2330790925770998,0.4335440779104829,0.6687118532136083,15,26,42,0,,
2026-05-16T03:27:57.587375,clean,sax,"{'w': 144, 'bins': 15}",23,1,2,ok,23,46,0.2338247923180461,0.549251725897193,0.7850014232099056,15,26,47,0,,
2026-05-16T03:27:58.306186,clean,sax,"{'w': 144, 'bins': 15}",23,2,2,ok,46,69,0.23197691328823566,0.4752598851919174,0.7092001354321837,15,32,49,0,,
2026-05-16T03:27:58.994615,clean,sax,"{'w': 144, 'bins': 15}",23,3,2,ok,69,92,0.23079496249556541,0.4464242560788989,0.6791574284434319,15,22,39,0,,
2026-05-16T03:27:59.796182,clean,sax,"{'w': 144, 'bins': 15}",23,4,2,ok,92,115,0.23264137003570795,0.5576189998537302,0.7922138078138232,15,22,43,0,,
2026-05-16T03:28:00.503358,clean,sax,"{'w': 144, 'bins': 15}",24,0,2,ok,0,24,0.24131395760923624,0.44694801792502403,0.6902250126004219,15,26,42,0,,
2026-05-16T03:28:01.199834,clean,sax,"{'w': 144, 'bins': 15}",24,1,2,ok,24,48,0.24317056313157082,0.44271850772202015,0.6878533782437444,15,12,27,0,,
2026-05-16T03:28:01.947551,clean,sax,"{'w': 144, 'bins': 15}",24,2,2,ok,48,72,0.24126088805496693,0.49573245272040367,0.7390018217265606,15,16,31,0,,
2026-05-16T03:28:02.677114,clean,sax,"{'w': 144, 'bins': 15}",24,3,2,ok,72,96,0.24655538983643055,0.47095466032624245,0.71979168523103,15,27,44,0,,
2026-05-16T03:28:03.483837,clean,sax,"{'w': 144, 'bins': 15}",24,4,2,ok,96,120,0.24236966855823994,0.5522357597947121,0.7967242375016212,15,26,45,0,,
2026-05-16T03:28:04.237579,clean,sax,"{'w': 144, 'bins': 15}",25,0,2,ok,0,25,0.2528536282479763,0.4803734999150038,0.7353858007118106,15,32,48,0,,
2026-05-16T03:28:05.048174,clean,sax,"{'w': 144, 'bins': 15}",25,1,2,ok,25,50,0.2529486659914255,0.545726977288723,0.8006126908585429,15,28,50,0,,
2026-05-16T03:28:05.843569,clean,sax,"{'w': 144, 'bins': 15}",25,2,2,ok,50,75,0.2515783216804266,0.5319422902539372,0.7854380635544658,15,26,43,0,,
2026-05-16T03:28:06.584880,clean,sax,"{'w': 144, 'bins': 15}",25,3,2,ok,75,100,0.255448910407722,0.47430774848908186,0.7320021660998464,15,19,38,0,,
2026-05-16T03:28:07.402342,clean,sax,"{'w': 144, 'bins': 15}",25,4,2,ok,100,125,0.2526032766327262,0.5528300069272518,0.8075129995122552,15,22,39,0,,
2026-05-16T03:28:07.796530,clean,persist,{'bins': 16},1,0,2,ok,0,1,0.33178643602877855,0.03131425566971302,0.36352576967328787,15,20,33,0,,
2026-05-16T03:28:08.143092,clean,persist,{'bins': 16},1,1,2,ok,1,2,0.3199530839920044,0.02426905557513237,0.3445832571014762,15,34,41,0,,
2026-05-16T03:28:08.482576,clean,persist,{'bins': 16},1,2,2,ok,2,3,0.31325194984674454,0.024166012182831764,0.33781053870916367,15,20,30,0,,
2026-05-16T03:28:08.876610,clean,persist,{'bins': 16},1,3,2,ok,3,4,0.3488448103889823,0.04244631063193083,0.391709316521883,15,17,30,0,,
2026-05-16T03:28:09.249779,clean,persist,{'bins': 16},1,4,2,ok,4,5,0.3322234973311424,0.03860902413725853,0.3712483420968056,15,26,39,0,,
2026-05-16T03:28:09.721107,clean,persist,{'bins': 16},2,0,2,ok,0,2,0.337202075868845,0.1192657109349966,0.45700966473668814,15,33,48,0,,
2026-05-16T03:28:10.182978,clean,persist,{'bins': 16},2,1,2,ok,2,4,0.37616267055273056,0.08234887383878231,0.4590866547077894,15,25,38,0,,
2026-05-16T03:28:10.680610,clean,persist,{'bins': 16},2,2,2,ok,4,6,0.34256724175065756,0.15136300586163998,0.4945044554769993,15,33,54,0,,
2026-05-16T03:28:11.137436,clean,persist,{'bins': 16},2,3,2,ok,6,8,0.3305032355710864,0.12264672014862299,0.45371811278164387,15,33,52,0,,
2026-05-16T03:28:11.581950,clean,persist,{'bins': 16},2,4,2,ok,8,10,0.34587348997592926,0.09545577690005302,0.4418901912868023,15,23,40,0,,
2026-05-16T03:28:12.095628,clean,persist,{'bins': 16},3,0,2,ok,0,3,0.3507408695295453,0.14772822055965662,0.49917191080749035,15,26,48,0,,
2026-05-16T03:28:12.672592,clean,persist,{'bins': 16},3,1,2,ok,3,6,0.373855116777122,0.19900555536150932,0.5735495155677199,15,16,36,0,,
2026-05-16T03:28:13.272026,clean,persist,{'bins': 16},3,2,2,ok,6,9,0.37366407830268145,0.22135318163782358,0.5957382740452886,15,15,35,0,,
2026-05-16T03:28:13.789643,clean,persist,{'bins': 16},3,3,2,ok,9,12,0.3221242008730769,0.19113669823855162,0.5139583991840482,15,23,44,0,,
2026-05-16T03:28:14.345882,clean,persist,{'bins': 16},3,4,2,ok,12,15,0.3575971955433488,0.19408913236111403,0.5523763336241245,15,34,56,0,,
2026-05-16T03:28:15.042721,clean,persist,{'bins': 16},4,0,2,ok,0,4,0.3572961110621691,0.3222269844263792,0.6803383259102702,15,35,58,0,,
2026-05-16T03:28:15.742299,clean,persist,{'bins': 16},4,1,2,ok,4,8,0.37002860102802515,0.3236286174505949,0.6945035569369793,15,24,46,0,,
2026-05-16T03:28:16.355286,clean,persist,{'bins': 16},4,2,2,ok,8,12,0.35146201588213444,0.25598602928221226,0.6082684053108096,15,31,52,0,,
2026-05-16T03:28:17.148771,clean,persist,{'bins': 16},4,3,2,ok,12,16,0.3715809276327491,0.41589457355439663,0.7882961314171553,15,24,52,0,,
2026-05-16T03:28:17.785695,clean,persist,{'bins': 16},4,4,2,ok,16,20,0.37059940304607153,0.26121216360479593,0.6326045766472816,15,38,59,0,,
2026-05-16T03:28:18.615453,clean,persist,{'bins': 16},5,0,2,ok,0,5,0.4065393749624491,0.405175494030118,0.8128261165693402,15,51,79,0,,
2026-05-16T03:28:19.383945,clean,persist,{'bins': 16},5,1,2,ok,5,10,0.36476082913577557,0.3971154894679785,0.7629917720332742,15,38,63,0,,
2026-05-16T03:28:20.209986,clean,persist,{'bins': 16},5,2,2,ok,10,15,0.3968971688300371,0.4229691280052066,0.8209808096289635,15,20,42,0,,
2026-05-16T03:28:20.989364,clean,persist,{'bins': 16},5,3,2,ok,15,20,0.385811859741807,0.38695478718727827,0.7738191643729806,15,47,77,0,,
2026-05-16T03:28:21.698282,clean,persist,{'bins': 16},5,4,2,ok,20,25,0.3638632632791996,0.33874931279569864,0.7037345627322793,15,19,38,0,,
2026-05-16T03:28:22.567927,clean,persist,{'bins': 16},6,0,2,ok,0,6,0.4081739252433181,0.44313156232237816,0.8525872947648168,15,20,38,0,,
2026-05-16T03:28:23.543034,clean,persist,{'bins': 16},6,1,2,ok,6,12,0.39796232897788286,0.5695264209061861,0.9689110713079572,15,17,38,0,,
2026-05-16T03:28:24.616211,clean,persist,{'bins': 16},6,2,2,ok,12,18,0.3965879585593939,0.6688845269382,1.0667498530820012,15,32,57,0,,
2026-05-16T03:28:25.659413,clean,persist,{'bins': 16},6,3,2,ok,18,24,0.39429614320397377,0.6409846739843488,1.0365637466311455,15,26,50,0,,
2026-05-16T03:28:26.752520,clean,persist,{'bins': 16},6,4,2,ok,24,30,0.44182016886770725,0.6429785080254078,1.086067228578031,15,38,67,0,,
2026-05-16T03:28:27.993512,clean,persist,{'bins': 16},7,0,2,ok,0,7,0.38746543787419796,0.8316084975376725,1.2205103524029255,15,44,77,0,,
2026-05-16T03:28:29.084328,clean,persist,{'bins': 16},7,1,2,ok,7,14,0.42671955190598965,0.6559554478153586,1.0841402523219585,15,32,61,0,,
2026-05-16T03:28:30.112945,clean,persist,{'bins': 16},7,2,2,ok,14,21,0.4157485803589225,0.60364353004843,1.0210858499631286,15,36,61,0,,
2026-05-16T03:28:31.267771,clean,persist,{'bins': 16},7,3,2,ok,21,28,0.37802353501319885,0.7679178928956389,1.147648342885077,15,22,44,0,,
2026-05-16T03:28:32.814405,clean,persist,{'bins': 16},7,4,2,ok,28,35,0.386487890034914,1.1496634865179658,1.537868993356824,15,42,76,0,,
2026-05-16T03:28:34.070844,clean,persist,{'bins': 16},8,0,2,ok,0,8,0.44462405517697334,0.788229857571423,1.2347963005304337,15,37,63,0,,
2026-05-16T03:28:35.849226,clean,persist,{'bins': 16},8,1,2,ok,8,16,0.4289177395403385,1.3393835062161088,1.769930224865675,15,16,42,0,,
2026-05-16T03:28:37.337217,clean,persist,{'bins': 16},8,2,2,ok,16,24,0.3860811060294509,1.092068781144917,1.4798157047480345,15,30,59,0,,
2026-05-16T03:28:38.966883,clean,persist,{'bins': 16},8,3,2,ok,24,32,0.4018572326749563,1.2170929741114378,1.6205404633656144,15,23,51,0,,
2026-05-16T03:28:40.459464,clean,persist,{'bins': 16},8,4,2,ok,32,40,0.4639094201847911,1.017133777961135,1.4826381644234061,15,52,84,0,,
2026-05-16T03:28:41.876665,clean,persist,{'bins': 16},9,0,2,ok,0,9,0.4251990569755435,0.9690134134143591,1.3960314560681581,15,22,44,0,,
2026-05-16T03:28:43.526357,clean,persist,{'bins': 16},9,1,2,ok,9,18,0.44108540937304497,1.1971924742683768,1.6399723859503865,15,29,57,0,,
2026-05-16T03:28:45.108308,clean,persist,{'bins': 16},9,2,2,ok,18,27,0.4231374254450202,1.1488202847540379,1.5737245781347156,15,19,44,0,,
2026-05-16T03:28:46.801669,clean,persist,{'bins': 16},9,3,2,ok,27,36,0.4397843973711133,1.241649149917066,1.683157503604889,15,45,80,0,,
2026-05-16T03:28:48.354677,clean,persist,{'bins': 16},9,4,2,ok,36,45,0.39396410062909126,1.1472175754606724,1.542957030236721,15,32,58,0,,
2026-05-16T03:28:50.050448,clean,persist,{'bins': 16},10,0,2,ok,0,10,0.4249616814777255,1.2463171444833279,1.6730163292959332,15,33,60,0,,
2026-05-16T03:28:51.924105,clean,persist,{'bins': 16},10,1,2,ok,10,20,0.4627705840393901,1.3978736950084567,1.8623936036601663,15,40,74,0,,
2026-05-16T03:28:54.087538,clean,persist,{'bins': 16},10,2,2,ok,20,30,0.4860247615724802,1.6640677452087402,2.151923975907266,15,31,62,0,,
2026-05-16T03:28:56.034697,clean,persist,{'bins': 16},10,3,2,ok,30,40,0.5082222875207663,1.4264082107692957,1.936405842192471,15,32,66,0,,
2026-05-16T03:28:58.009840,clean,persist,{'bins': 16},10,4,2,ok,40,50,0.4834506092593074,1.4792157988995314,1.9646820733323693,15,40,81,0,,
2026-05-16T03:29:00.162533,clean,persist,{'bins': 16},11,0,2,ok,0,11,0.49595615454018116,1.6301923701539636,2.1282157758250833,15,40,75,0,,
2026-05-16T03:29:02.265709,clean,persist,{'bins': 16},11,1,2,ok,11,22,0.49951420444995165,1.5897256983444095,2.091152463108301,15,35,66,0,,
2026-05-16T03:29:04.651749,clean,persist,{'bins': 16},11,2,2,ok,22,33,0.44670224841684103,1.9245740044862032,2.3732337383553386,15,44,81,0,,
2026-05-16T03:29:06.765006,clean,persist,{'bins': 16},11,3,2,ok,33,44,0.4514057310298085,1.6465406892821193,2.100032187998295,15,47,81,0,,
2026-05-16T03:29:08.895966,clean,persist,{'bins': 16},11,4,2,ok,44,55,0.4750209180638194,1.64194271620363,2.118869342841208,15,31,64,0,,
2026-05-16T03:29:11.479131,clean,persist,{'bins': 16},12,0,2,ok,0,12,0.4953334638848901,2.0612591775134206,2.5586946876719594,15,22,46,0,,
2026-05-16T03:29:13.852497,clean,persist,{'bins': 16},12,1,2,ok,12,24,0.48977990448474884,1.8695395244285464,2.3615879686549306,15,23,50,0,,
2026-05-16T03:29:16.486357,clean,persist,{'bins': 16},12,2,2,ok,24,36,0.5342664262279868,2.084641255438328,2.621121228672564,15,39,73,0,,
2026-05-16T03:29:18.651925,clean,persist,{'bins': 16},12,3,2,ok,36,48,0.4366174302995205,1.7116544283926487,2.150308803655207,15,41,73,0,,
2026-05-16T03:29:21.107189,clean,persist,{'bins': 16},12,4,2,ok,48,60,0.4696296537294984,1.972039089538157,2.44369126111269,15,20,46,0,,
2026-05-16T03:29:23.676929,clean,persist,{'bins': 16},13,0,2,ok,0,13,0.5041021201759577,2.0384787879884243,2.544730014167726,15,34,66,0,,
2026-05-16T03:29:26.947484,clean,persist,{'bins': 16},13,1,2,ok,13,26,0.49490985833108425,2.758901448920369,3.2559679467231035,15,47,87,0,,
2026-05-16T03:29:30.020828,clean,persist,{'bins': 16},13,2,2,ok,26,39,0.49126718658953905,2.5645636403933167,3.058004950173199,15,41,75,0,,
2026-05-16T03:29:32.255430,clean,persist,{'bins': 16},13,3,2,ok,39,52,0.4991575153544545,1.720387770794332,2.221697688102722,15,29,60,0,,
2026-05-16T03:29:35.336964,clean,persist,{'bins': 16},13,4,2,ok,52,65,0.5318076591938734,2.5332462890073657,3.0673582954332232,15,15,39,0,,
2026-05-16T03:29:38.024811,clean,persist,{'bins': 16},14,0,2,ok,0,14,0.4935150286182761,2.1642588516697288,2.660029415972531,15,45,78,0,,
2026-05-16T03:29:41.010723,clean,persist,{'bins': 16},14,1,2,ok,14,28,0.5206951713189483,2.4473754102364182,2.9704220769926906,15,42,76,0,,
2026-05-16T03:29:44.485892,clean,persist,{'bins': 16},14,2,2,ok,28,42,0.5010440777987242,2.9560505086556077,3.4595345286652446,15,27,55,0,,
2026-05-16T03:29:47.521585,clean,persist,{'bins': 16},14,3,2,ok,42,56,0.4612875683233142,2.5568779073655605,3.0205068020150065,15,37,67,0,,
2026-05-16T03:29:50.359272,clean,persist,{'bins': 16},14,4,2,ok,56,70,0.5378502365201712,2.2828855346888304,2.822963794693351,15,39,74,0,,
2026-05-16T03:29:53.493095,clean,persist,{'bins': 16},15,0,2,ok,0,15,0.46951024048030376,2.6333133671432734,3.105656808242202,15,28,57,0,,
2026-05-16T03:29:56.712498,clean,persist,{'bins': 16},15,1,2,ok,15,30,0.46943740267306566,2.73030028026551,3.2022233605384827,15,35,66,0,,
2026-05-16T03:29:59.985749,clean,persist,{'bins': 16},15,2,2,ok,30,45,0.4998784800991416,2.7535975417122245,3.255933846347034,15,50,91,0,,
2026-05-16T03:30:03.266058,clean,persist,{'bins': 16},15,3,2,ok,45,60,0.5165671296417713,2.746350832283497,3.2654118547216058,15,26,59,0,,
2026-05-16T03:30:07.098179,clean,persist,{'bins': 16},15,4,2,ok,60,75,0.5684763388708234,3.2453845236450434,3.816295986995101,15,12,35,0,,
2026-05-16T03:30:10.325607,clean,persist,{'bins': 16},16,0,2,ok,0,16,0.5223282277584076,2.6751791881397367,3.2001182194799185,15,27,58,0,,
2026-05-16T03:30:13.455433,clean,persist,{'bins': 16},16,1,2,ok,16,32,0.5101476544514298,2.598155082203448,3.1108511425554752,15,57,93,0,,
2026-05-16T03:30:16.490470,clean,persist,{'bins': 16},16,2,2,ok,32,48,0.5432809153571725,2.472507036291063,3.018396981060505,15,34,62,0,,
2026-05-16T03:30:19.977545,clean,persist,{'bins': 16},16,3,2,ok,48,64,0.5114116268232465,2.9548226539045572,3.4687936482951045,15,37,72,0,,
2026-05-16T03:30:23.670222,clean,persist,{'bins': 16},16,4,2,ok,64,80,0.556101000867784,3.1160875661298633,3.6748554250225425,15,29,58,0,,
2026-05-16T03:30:27.127537,clean,persist,{'bins': 16},17,0,2,ok,0,17,0.5418990291655064,2.880545238032937,3.4253068640828133,15,41,73,0,,
2026-05-16T03:30:30.841582,clean,persist,{'bins': 16},17,1,2,ok,17,34,0.5561512848362327,3.137240749783814,3.696236646734178,15,39,75,0,,
2026-05-16T03:30:34.789059,clean,persist,{'bins': 16},17,2,2,ok,34,51,0.5128425154834986,3.413409802131355,3.929074566811323,15,37,73,0,,
2026-05-16T03:30:38.229893,clean,persist,{'bins': 16},17,3,2,ok,51,68,0.5562111781910062,2.863537990488112,3.422584923915565,15,47,85,0,,
2026-05-16T03:30:41.907675,clean,persist,{'bins': 16},17,4,2,ok,68,85,0.5634921696037054,3.0942656779661775,3.6608139369636774,15,25,55,0,,
2026-05-16T03:30:46.338123,clean,persist,{'bins': 16},18,0,2,ok,0,18,0.5575541593134403,3.840165034867823,4.400533257983625,15,19,44,0,,
2026-05-16T03:30:50.483994,clean,persist,{'bins': 16},18,1,2,ok,18,36,0.5523531418293715,3.57230715919286,4.127547242678702,15,18,44,0,,
2026-05-16T03:30:54.371499,clean,persist,{'bins': 16},18,2,2,ok,36,54,0.5759531008079648,3.289941149763763,3.8687975024804473,15,29,61,0,,
2026-05-16T03:30:57.941600,clean,persist,{'bins': 16},18,3,2,ok,54,72,0.5605852911248803,2.9899272406473756,3.5533267464488745,15,12,32,0,,
2026-05-16T03:31:01.972343,clean,persist,{'bins': 16},18,4,2,ok,72,90,0.5169004956260324,3.491118624806404,4.010996951721609,15,34,64,0,,
2026-05-16T03:31:07.642524,clean,persist,{'bins': 16},19,0,2,ok,0,19,0.5709970640018582,5.062969267368317,5.637071833945811,15,22,53,0,,
2026-05-16T03:31:14.513815,clean,persist,{'bins': 16},19,1,2,ok,19,38,0.5339500131085515,6.308359355665743,6.845534554682672,15,47,89,0,,
2026-05-16T03:31:18.675933,clean,persist,{'bins': 16},19,2,2,ok,38,57,0.6274883402511477,3.511352733708918,4.141844564117491,15,29,53,0,,
2026-05-16T03:31:24.048314,clean,persist,{'bins': 16},19,3,2,ok,57,76,0.6467247940599918,4.702289723791182,5.352043827064335,15,37,78,0,,
2026-05-16T03:31:28.758775,clean,persist,{'bins': 16},19,4,2,ok,76,95,0.5517056556418538,4.134871349669993,4.689695892855525,15,28,58,0,,
2026-05-16T03:31:34.058734,clean,persist,{'bins': 16},20,0,2,ok,0,20,0.6028548302128911,4.659860375337303,5.265886412002146,15,35,69,0,,
2026-05-16T03:31:40.393925,clean,persist,{'bins': 16},20,1,2,ok,20,40,0.6425688900053501,5.667976912111044,6.313677013851702,15,40,84,0,,
2026-05-16T03:31:45.397434,clean,persist,{'bins': 16},20,2,2,ok,40,60,0.6642205398529768,4.31410903390497,4.981572904624045,15,35,69,0,,
2026-05-16T03:31:50.423515,clean,persist,{'bins': 16},20,3,2,ok,60,80,0.5905303256586194,4.412285392172635,5.00598431751132,15,27,60,0,,
2026-05-16T03:31:56.584399,clean,persist,{'bins': 16},20,4,2,ok,80,100,0.5355778001248837,5.598204298876226,6.136994351632893,15,40,84,0,,
2026-05-16T03:32:02.074691,clean,persist,{'bins': 16},21,0,2,ok,0,21,0.6140016037970781,4.836860038340092,5.454315227456391,15,47,87,0,,
2026-05-16T03:32:07.377900,clean,persist,{'bins': 16},21,1,2,ok,21,42,0.6354899974539876,4.6426453199237585,5.281479527242482,15,28,60,0,,
2026-05-16T03:32:13.192181,clean,persist,{'bins': 16},21,2,2,ok,42,63,0.5555120361968875,5.232356418855488,5.791287594474852,15,42,82,0,,
2026-05-16T03:32:18.642221,clean,persist,{'bins': 16},21,3,2,ok,63,84,0.554483943618834,4.8686890518292785,5.426472852937877,15,45,84,0,,
2026-05-16T03:32:24.608727,clean,persist,{'bins': 16},21,4,2,ok,84,105,0.5703109251335263,5.3720850786194205,5.945688697509468,15,24,52,0,,
2026-05-16T03:32:29.628347,clean,persist,{'bins': 16},22,0,2,ok,0,22,0.5888521140441298,4.390587947331369,4.982815811410546,15,47,85,0,,
2026-05-16T03:32:35.039672,clean,persist,{'bins': 16},22,1,2,ok,22,44,0.5872384756803513,4.797165898606181,5.388100614771247,15,17,42,0,,
2026-05-16T03:32:41.718606,clean,persist,{'bins': 16},22,2,2,ok,44,66,0.6616312693804502,5.988717985339463,6.653910902328789,15,41,82,0,,
2026-05-16T03:32:48.194689,clean,persist,{'bins': 16},22,3,2,ok,66,88,0.6017337059602141,5.845151849091053,6.45048255007714,15,32,72,0,,
2026-05-16T03:32:54.424537,clean,persist,{'bins': 16},22,4,2,ok,88,110,0.6375360898673534,5.559143962338567,6.200538116507232,15,38,71,0,,
2026-05-16T03:33:00.226929,clean,persist,{'bins': 16},23,0,2,ok,0,23,0.6307981768622994,5.127602973021567,5.762148788198829,15,48,92,0,,
2026-05-16T03:33:06.646822,clean,persist,{'bins': 16},23,1,2,ok,23,46,0.6204176526516676,5.765746344812214,6.390018335543573,15,46,88,0,,
2026-05-16T03:33:14.103321,clean,persist,{'bins': 16},23,2,2,ok,46,69,0.6994881900027394,6.725028587505221,7.428217978216708,15,61,117,0,,
2026-05-16T03:33:20.621881,clean,persist,{'bins': 16},23,3,2,ok,69,92,0.6314162369817495,5.858157316222787,6.493165699765086,15,43,79,0,,
2026-05-16T03:33:26.893511,clean,persist,{'bins': 16},23,4,2,ok,92,115,0.6545435087755322,5.587760332971811,6.246021132916212,15,25,57,0,,
2026-05-16T03:33:34.048507,clean,persist,{'bins': 16},24,0,2,ok,0,24,0.5535523556172848,6.558402493596077,7.115864682942629,15,22,48,0,,
2026-05-16T03:33:40.112591,clean,persist,{'bins': 16},24,1,2,ok,24,48,0.599090632982552,5.434883705340326,6.037880273535848,15,26,53,0,,
2026-05-16T03:33:46.738719,clean,persist,{'bins': 16},24,2,2,ok,48,72,0.5853301715105772,6.009394810535014,6.598727939650416,15,42,82,0,,
2026-05-16T03:33:53.531085,clean,persist,{'bins': 16},24,3,2,ok,72,96,0.617888162843883,6.1449825735762715,6.766804313287139,15,38,75,0,,
2026-05-16T03:33:59.741913,clean,persist,{'bins': 16},24,4,2,ok,96,120,0.6065995739772916,5.573900909163058,6.184540059417486,15,39,72,0,,
2026-05-16T03:34:08.763450,clean,persist,{'bins': 16},25,0,2,ok,0,25,0.6662600636482239,8.310206398367882,8.980381292290986,15,40,80,0,,
2026-05-16T03:34:17.554235,clean,persist,{'bins': 16},25,1,2,ok,25,50,0.6743563171476126,8.083281594328582,8.76165689714253,15,27,60,0,,
2026-05-16T03:34:25.475554,clean,persist,{'bins': 16},25,2,2,ok,50,75,0.6962592182680964,7.191688245162368,7.8925993191078305,15,56,105,0,,
2026-05-16T03:34:32.076441,clean,persist,{'bins': 16},25,3,2,ok,75,100,0.6186084356158972,5.94930715393275,6.571792480535805,15,50,95,0,,
2026-05-16T03:34:39.089417,clean,persist,{'bins': 16},25,4,2,ok,100,125,0.6873242193832994,6.293538734316826,6.984777805395424,15,25,57,0,,
2026-05-16T03:34:39.451398,noisy,naive,{'bins': 15},1,0,2,ok,0,1,0.0005069123581051826,0.31487449910491705,0.3157893577590585,15,59,98,0,,
2026-05-16T03:34:40.011333,noisy,naive,{'bins': 15},1,1,2,ok,1,2,0.0004842206835746765,0.5543274823576212,0.5552175547927618,15,76,125,0,,
2026-05-16T03:34:40.417757,noisy,naive,{'bins': 15},1,2,2,ok,2,3,0.0004970431327819824,0.4011385878548026,0.40203825663775206,15,79,121,0,,
2026-05-16T03:34:40.689509,noisy,naive,{'bins': 15},1,3,2,ok,3,4,0.0005243942141532898,0.2669904064387083,0.2678996939212084,15,61,94,0,,
2026-05-16T03:34:41.045700,noisy,naive,{'bins': 15},1,4,2,ok,4,5,0.0004883268848061562,0.35137161798775196,0.35222894698381424,15,74,109,0,,
2026-05-16T03:34:42.817845,noisy,naive,{'bins': 15},2,0,2,ok,0,2,0.0005718031898140907,1.7477147160097957,1.7489005327224731,15,49,75,0,,
2026-05-16T03:34:43.345826,noisy,naive,{'bins': 15},2,1,2,ok,2,4,0.0008917143568396568,0.5203964626416564,0.5219186907634139,15,50,83,0,,
2026-05-16T03:34:44.163685,noisy,naive,{'bins': 15},2,2,2,ok,4,6,0.0007399795576930046,0.8109671203419566,0.8123370427638292,15,3,19,0,,
2026-05-16T03:34:44.300329,noisy,naive,{'bins': 15},2,3,2,ok,6,8,0.0007446696981787682,0.13176446314901114,0.13301406055688858,15,14,25,0,,
2026-05-16T03:34:44.971258,noisy,naive,{'bins': 15},2,4,2,ok,8,10,0.0006926106289029121,0.6640326585620642,0.6652875253930688,15,65,111,0,,
2026-05-16T03:34:46.469614,noisy,naive,{'bins': 15},3,0,2,ok,0,3,0.0009496826678514481,1.4719378501176834,1.4736953899264336,15,55,102,0,,
2026-05-16T03:34:48.434337,noisy,naive,{'bins': 15},3,1,2,ok,3,6,0.0009103585034608841,1.9551509646698833,1.9568657241761684,15,3,20,0,,
2026-05-16T03:34:48.760951,noisy,naive,{'bins': 15},3,2,2,ok,6,9,0.0010102270171046257,0.3194141136482358,0.32125914841890335,15,26,47,0,,
2026-05-16T03:34:49.928929,noisy,naive,{'bins': 15},3,3,2,ok,9,12,0.0010990435257554054,1.1590426675975323,1.16091079544276,15,50,99,0,,
2026-05-16T03:34:51.155290,noisy,naive,{'bins': 15},3,4,2,ok,12,15,0.001005607657134533,1.2166745569556952,1.2184667317196727,15,55,102,0,,
2026-05-16T03:34:53.886225,noisy,naive,{'bins': 15},4,0,2,ok,0,4,0.001217275857925415,2.7006192840635777,2.7028643703088164,15,43,93,0,,
2026-05-16T03:34:54.525311,noisy,naive,{'bins': 15},4,1,2,ok,4,8,0.0014078440144658089,0.6299074348062277,0.6322667356580496,15,14,28,0,,
2026-05-16T03:34:56.406531,noisy,naive,{'bins': 15},4,2,2,ok,8,12,0.0012198416516184807,1.8710261946544051,1.8731313394382596,15,19,48,0,,
2026-05-16T03:34:59.158024,noisy,naive,{'bins': 15},4,3,2,ok,12,16,0.0014193756505846977,2.739416361786425,2.7418233221396804,15,27,57,0,,
2026-05-16T03:35:00.577598,noisy,naive,{'bins': 15},4,4,2,ok,16,20,0.001391182653605938,1.4086542297154665,1.411003070883453,15,30,59,0,,
2026-05-16T03:35:04.040934,noisy,naive,{'bins': 15},5,0,2,ok,0,5,0.001376073807477951,3.4333664448931813,3.4360700622200966,15,14,41,0,,
2026-05-16T03:35:04.995169,noisy,naive,{'bins': 15},5,1,2,ok,5,10,0.0016020582988858223,0.9418231165036559,0.9445989094674587,15,46,80,0,,
2026-05-16T03:35:06.915974,noisy,naive,{'bins': 15},5,2,2,ok,10,15,0.0014005107805132866,1.9068529354408383,1.9095037234947085,15,59,114,0,,
2026-05-16T03:35:09.257701,noisy,naive,{'bins': 15},5,3,2,ok,15,20,0.0016115577891469002,2.3269890369847417,2.3298811996355653,15,23,52,0,,
2026-05-16T03:35:10.628349,noisy,naive,{'bins': 15},5,4,2,ok,20,25,0.001437128521502018,1.3579355236142874,1.360502092167735,15,58,102,0,,
2026-05-16T03:35:16.454455,noisy,naive,{'bins': 15},6,0,2,ok,0,6,0.0017374716699123383,5.7925028232857585,5.795816235244274,15,3,24,0,,
2026-05-16T03:35:18.080065,noisy,naive,{'bins': 15},6,1,2,ok,6,12,0.001859721727669239,1.6116351820528507,1.6148834507912397,15,56,103,0,,
2026-05-16T03:35:20.320298,noisy,naive,{'bins': 15},6,2,2,ok,12,18,0.0016310829669237137,2.2252500103786588,2.2282538414001465,15,56,107,0,,
2026-05-16T03:35:23.164592,noisy,naive,{'bins': 15},6,3,2,ok,18,24,0.0018535405397415161,2.8281763875856996,2.83149769436568,15,37,81,0,,
2026-05-16T03:35:25.169439,noisy,naive,{'bins': 15},6,4,2,ok,24,30,0.0019094059243798256,1.9892296828329563,1.992565837688744,15,47,93,0,,
2026-05-16T03:35:31.492841,noisy,naive,{'bins': 15},7,0,2,ok,0,7,0.0023643802851438522,6.279130632057786,6.283410879783332,15,61,117,0,,
2026-05-16T03:35:33.849877,noisy,naive,{'bins': 15},7,1,2,ok,7,14,0.0021636728197336197,2.3406557021662593,2.3443381674587727,15,49,101,0,,
2026-05-16T03:35:38.077284,noisy,naive,{'bins': 15},7,2,2,ok,14,21,0.002097979187965393,4.208059097640216,4.2118152203038335,15,38,81,0,,
2026-05-16T03:35:41.111931,noisy,naive,{'bins': 15},7,3,2,ok,21,28,0.0022417595610022545,3.0175733007490635,3.0214020302519202,15,30,69,0,,
2026-05-16T03:35:43.401431,noisy,naive,{'bins': 15},7,4,2,ok,28,35,0.0019466252997517586,2.2719055162742734,2.2753874249756336,15,63,119,0,,
2026-05-16T03:35:46.307198,noisy,naive,{'bins': 15},8,0,2,ok,0,8,0.0022325627505779266,2.869327296502888,2.873348197899759,15,46,88,0,,
2026-05-16T03:35:52.090897,noisy,naive,{'bins': 15},8,1,2,ok,8,16,0.0021707871928811073,5.761557483114302,5.765457507222891,15,62,130,0,,
2026-05-16T03:35:56.922566,noisy,naive,{'bins': 15},8,2,2,ok,16,24,0.0024449406191706657,4.808425607159734,4.812687740661204,15,64,129,0,,
2026-05-16T03:35:59.008254,noisy,naive,{'bins': 15},8,3,2,ok,24,32,0.002292335033416748,2.0687564788386226,2.072765538468957,15,33,69,0,,
2026-05-16T03:36:04.637037,noisy,naive,{'bins': 15},8,4,2,ok,32,40,0.0023967111483216286,5.605762394145131,5.610018325969577,15,47,95,0,,
2026-05-16T03:36:08.234112,noisy,naive,{'bins': 15},9,0,2,ok,0,9,0.0022801822051405907,3.5589306568726897,3.5631008176133037,15,43,80,0,,
2026-05-16T03:36:13.914320,noisy,naive,{'bins': 15},9,1,2,ok,9,18,0.0025176173076033592,5.6582368072122335,5.662719374522567,15,42,90,0,,
2026-05-16T03:36:19.125621,noisy,naive,{'bins': 15},9,2,2,ok,18,27,0.0024763112887740135,5.189210433512926,5.193628931418061,15,65,129,0,,
2026-05-16T03:36:22.944785,noisy,naive,{'bins': 15},9,3,2,ok,27,36,0.0023311180993914604,3.7974468218162656,3.801720257848501,15,66,130,0,,
2026-05-16T03:36:29.029194,noisy,naive,{'bins': 15},9,4,2,ok,36,45,0.002406299114227295,6.059312025085092,6.063603213056922,15,58,110,0,,
2026-05-16T03:36:34.046000,noisy,naive,{'bins': 15},10,0,2,ok,0,10,0.0024926410987973213,4.9724546847864985,4.976856151595712,15,62,123,0,,
2026-05-16T03:36:40.163355,noisy,naive,{'bins': 15},10,1,2,ok,10,20,0.0025768987834453583,6.09334606025368,6.097829930484295,15,35,85,0,,
2026-05-16T03:36:46.592767,noisy,naive,{'bins': 15},10,2,2,ok,20,30,0.002833440899848938,6.406822663731873,6.4115878120064735,15,22,55,0,,
2026-05-16T03:36:51.875385,noisy,naive,{'bins': 15},10,3,2,ok,30,40,0.0026244288310408592,5.259493220597506,5.2640704568475485,15,29,66,0,,
2026-05-16T03:37:00.184073,noisy,naive,{'bins': 15},10,4,2,ok,40,50,0.002982310950756073,8.283292614854872,8.288218175061047,15,48,111,0,,
2026-05-16T03:37:06.643449,noisy,naive,{'bins': 15},11,0,2,ok,0,11,0.0028765127062797546,6.4143972443416715,6.419415649026632,15,63,132,0,,
2026-05-16T03:37:13.852128,noisy,naive,{'bins': 15},11,1,2,ok,11,22,0.0030986592173576355,7.178007391281426,7.183348160237074,15,68,138,0,,
2026-05-16T03:37:17.604074,noisy,naive,{'bins': 15},11,2,2,ok,22,33,0.0028915395960211754,3.7298630410805345,3.7348004328086972,15,36,76,0,,
2026-05-16T03:37:28.239312,noisy,naive,{'bins': 15},11,3,2,ok,33,44,0.002810398116707802,10.6014609253034,10.606459241360426,15,91,185,0,,
2026-05-16T03:37:37.119688,noisy,naive,{'bins': 15},11,4,2,ok,44,55,0.002996186725795269,8.852032575756311,8.857123876921833,15,74,154,0,,
2026-05-16T03:37:43.023979,noisy,naive,{'bins': 15},12,0,2,ok,0,12,0.003149072639644146,5.857885236851871,5.863346612080932,15,64,130,0,,
2026-05-16T03:37:53.573949,noisy,naive,{'bins': 15},12,1,2,ok,12,24,0.0033191638067364693,10.515594531781971,10.521221279166639,15,59,113,0,,
2026-05-16T03:37:57.710025,noisy,naive,{'bins': 15},12,2,2,ok,24,36,0.0029960768297314644,4.112518043257296,4.117660149931908,15,29,73,0,,
2026-05-16T03:38:08.910550,noisy,naive,{'bins': 15},12,3,2,ok,36,48,0.0033914493396878242,11.16804252192378,11.173907857388258,15,21,54,0,,
2026-05-16T03:38:16.824226,noisy,naive,{'bins': 15},12,4,2,ok,48,60,0.003338409587740898,7.882719651795924,7.888378959149122,15,70,148,0,,
2026-05-16T03:38:22.990398,noisy,naive,{'bins': 15},13,0,2,ok,0,13,0.0033009592443704605,6.118172338232398,6.123895335011184,15,44,94,0,,
2026-05-16T03:38:31.319575,noisy,naive,{'bins': 15},13,1,2,ok,13,26,0.003252788446843624,8.298541084863245,8.30418209824711,15,39,85,0,,
2026-05-16T03:38:38.071949,noisy,naive,{'bins': 15},13,2,2,ok,26,39,0.003280429169535637,6.721418111585081,6.7270944798365235,15,46,93,0,,
2026-05-16T03:38:46.811482,noisy,naive,{'bins': 15},13,3,2,ok,39,52,0.003295348957180977,8.70619700383395,8.711909771896899,15,38,87,0,,
2026-05-16T03:38:53.307171,noisy,naive,{'bins': 15},13,4,2,ok,52,65,0.003484192304313183,6.4637649822980165,6.469693103805184,15,56,115,0,,
2026-05-16T03:39:02.545040,noisy,naive,{'bins': 15},14,0,2,ok,0,14,0.0035412097349762917,9.187691084109247,9.193903230130672,15,30,70,0,,
2026-05-16T03:39:11.714294,noisy,naive,{'bins': 15},14,1,2,ok,14,28,0.003443787805736065,9.134894990362227,9.140829365700483,15,75,154,0,,
2026-05-16T03:39:19.659305,noisy,naive,{'bins': 15},14,2,2,ok,28,42,0.0037743784487247467,7.91205039806664,7.918402096256614,15,36,76,0,,
2026-05-16T03:39:32.058246,noisy,naive,{'bins': 15},14,3,2,ok,42,56,0.0034421244636178017,12.360074779950082,12.366168804466724,15,74,156,0,,
2026-05-16T03:39:41.317580,noisy,naive,{'bins': 15},14,4,2,ok,56,70,0.003560304641723633,9.22492067143321,9.231173162348568,15,66,141,0,,
2026-05-16T03:39:49.789660,noisy,naive,{'bins': 15},15,0,2,ok,0,15,0.0039057042449712753,8.415549063123763,8.422363930381835,15,59,125,0,,
2026-05-16T03:40:02.563983,noisy,naive,{'bins': 15},15,1,2,ok,15,30,0.0037337234243750572,12.736614140681922,12.74319567065686,15,70,145,0,,
2026-05-16T03:40:13.922613,noisy,naive,{'bins': 15},15,2,2,ok,30,45,0.003730965778231621,11.321006843820214,11.32754822820425,15,79,172,0,,
2026-05-16T03:40:25.661055,noisy,naive,{'bins': 15},15,3,2,ok,45,60,0.0037620365619659424,11.69827686343342,11.704849717207253,15,68,145,0,,
2026-05-16T03:40:35.393355,noisy,naive,{'bins': 15},15,4,2,ok,60,75,0.0037990445271134377,9.696657795459032,9.703319665975869,15,59,132,0,,
2026-05-16T03:40:46.180745,noisy,naive,{'bins': 15},16,0,2,ok,0,16,0.0038465233519673347,10.731205994263291,10.73800870962441,15,21,53,0,,
2026-05-16T03:40:54.426931,noisy,naive,{'bins': 15},16,1,2,ok,16,32,0.004250550642609596,8.209279731847346,8.216420650482178,15,52,112,0,,
2026-05-16T03:41:11.289608,noisy,naive,{'bins': 15},16,2,2,ok,32,48,0.003931482322514057,16.813886312767863,16.820868394337595,15,50,96,0,,
2026-05-16T03:41:21.025429,noisy,naive,{'bins': 15},16,3,2,ok,48,64,0.003971036523580551,9.6966025903821,9.703481798060238,15,68,138,0,,
2026-05-16T03:41:26.036373,noisy,naive,{'bins': 15},16,4,2,ok,64,80,0.004073791205883026,4.976884795352817,4.983790363185108,15,31,71,0,,
2026-05-16T03:41:36.273244,noisy,naive,{'bins': 15},17,0,2,ok,0,17,0.004079902544617653,10.181872951798141,10.188945975154638,15,26,63,0,,
2026-05-16T03:41:45.736062,noisy,naive,{'bins': 15},17,1,2,ok,17,34,0.004537612199783325,9.424105496145785,9.431830253452063,15,55,122,0,,
2026-05-16T03:42:03.074308,noisy,naive,{'bins': 15},17,2,2,ok,34,51,0.0042447615414857864,17.291846097446978,17.2992553813383,15,28,70,0,,
2026-05-16T03:42:13.757505,noisy,naive,{'bins': 15},17,3,2,ok,51,68,0.004203483462333679,10.643582513555884,10.650889645330608,15,13,43,0,,
2026-05-16T03:42:20.409032,noisy,naive,{'bins': 15},17,4,2,ok,68,85,0.004335411824285984,6.616204706951976,6.62350801192224,15,36,89,0,,
2026-05-16T03:42:32.596108,noisy,naive,{'bins': 15},18,0,2,ok,0,18,0.004434237256646156,12.12872923631221,12.13638614397496,15,49,120,0,,
2026-05-16T03:42:42.482826,noisy,naive,{'bins': 15},18,1,2,ok,18,36,0.004740252159535885,9.849777065217495,9.85783535707742,15,16,60,0,,
2026-05-16T03:42:56.267342,noisy,naive,{'bins': 15},18,2,2,ok,36,54,0.00474900845438242,13.73589534778148,13.744275405071676,15,29,79,0,,
2026-05-16T03:43:10.829777,noisy,naive,{'bins': 15},18,3,2,ok,54,72,0.004508857615292072,14.518023205921054,14.525848750956357,15,20,50,0,,
2026-05-16T03:43:19.226600,noisy,naive,{'bins': 15},18,4,2,ok,72,90,0.004855558276176453,8.357069000601768,8.365204929374158,15,31,76,0,,
2026-05-16T03:43:33.811395,noisy,naive,{'bins': 15},19,0,2,ok,0,19,0.00481648463755846,14.52378975879401,14.532077061012387,15,72,156,0,,
2026-05-16T03:43:44.794030,noisy,naive,{'bins': 15},19,1,2,ok,19,38,0.005723739042878151,10.937285277992487,10.946670182049274,15,47,116,0,,
2026-05-16T03:44:01.910885,noisy,naive,{'bins': 15},19,2,2,ok,38,57,0.005118711851537228,17.067160367034376,17.07575930468738,15,36,90,0,,
2026-05-16T03:44:16.555398,noisy,naive,{'bins': 15},19,3,2,ok,57,76,0.004696330055594444,14.601058480329812,14.609259401448071,15,24,64,0,,
2026-05-16T03:44:25.991805,noisy,naive,{'bins': 15},19,4,2,ok,76,95,0.004797949455678463,9.394022307358682,9.402073435485363,15,47,98,0,,
2026-05-16T03:44:39.642777,noisy,naive,{'bins': 15},20,0,2,ok,0,20,0.005058238282799721,13.585755825042725,13.594345975667238,15,58,126,0,,
2026-05-16T03:44:52.165113,noisy,naive,{'bins': 15},20,1,2,ok,20,40,0.00498444028198719,12.47646208293736,12.485001549124718,15,56,125,0,,
2026-05-16T03:45:10.093724,noisy,naive,{'bins': 15},20,2,2,ok,40,60,0.004971396178007126,17.8713937420398,17.879905636422336,15,60,132,0,,
2026-05-16T03:45:18.401908,noisy,naive,{'bins': 15},20,3,2,ok,60,80,0.0049456385895609856,8.265306507237256,8.273829413577914,15,55,113,0,,
2026-05-16T03:45:32.438449,noisy,naive,{'bins': 15},20,4,2,ok,80,100,0.005035587586462498,13.986218117177486,13.994796317070723,15,65,138,0,,
2026-05-16T03:45:47.537130,noisy,naive,{'bins': 15},21,0,2,ok,0,21,0.005106518976390362,15.028159075416625,15.036930567584932,15,87,168,0,,
2026-05-16T03:46:01.466202,noisy,naive,{'bins': 15},21,1,2,ok,21,42,0.005094457417726517,13.882746366783977,13.891557472757995,15,57,134,0,,
2026-05-16T03:46:16.651254,noisy,naive,{'bins': 15},21,2,2,ok,42,63,0.005155783146619797,15.133929336443543,15.14273933134973,15,37,88,0,,
2026-05-16T03:46:25.886494,noisy,naive,{'bins': 15},21,3,2,ok,63,84,0.005006801337003708,9.186311045661569,9.194830944761634,15,23,57,0,,
2026-05-16T03:46:34.355201,noisy,naive,{'bins': 15},21,4,2,ok,84,105,0.005236082710325718,8.425170032307506,8.43390269111842,15,60,116,0,,
2026-05-16T03:46:51.434764,noisy,naive,{'bins': 15},22,0,2,ok,0,22,0.006168493069708347,17.000685087405145,17.01127303019166,15,58,120,0,,
2026-05-16T03:47:07.122675,noisy,naive,{'bins': 15},22,1,2,ok,22,44,0.005704852752387524,15.637359449639916,15.646923718973994,15,43,99,0,,
2026-05-16T03:47:21.949205,noisy,naive,{'bins': 15},22,2,2,ok,44,66,0.005751029588282108,14.774797914549708,14.784510143101215,15,31,89,0,,
2026-05-16T03:47:32.036311,noisy,naive,{'bins': 15},22,3,2,ok,66,88,0.005458321422338486,10.038218336179852,10.04731538053602,15,48,108,0,,
2026-05-16T03:47:41.392288,noisy,naive,{'bins': 15},22,4,2,ok,88,110,0.005528180859982967,9.310705354437232,9.319920198060572,15,49,100,0,,
2026-05-16T03:47:59.116942,noisy,naive,{'bins': 15},23,0,2,ok,0,23,0.0058248089626431465,17.645078592002392,17.654982020147145,15,74,149,0,,
2026-05-16T03:48:16.858737,noisy,naive,{'bins': 15},23,1,2,ok,23,46,0.005997633561491966,17.68725138157606,17.69739649258554,15,31,81,0,,
2026-05-16T03:48:38.058656,noisy,naive,{'bins': 15},23,2,2,ok,46,69,0.005888378247618675,21.140408324077725,21.150497692637146,15,58,136,0,,
2026-05-16T03:48:52.039330,noisy,naive,{'bins': 15},23,3,2,ok,69,92,0.005955864675343037,13.930640528909862,13.940736358053982,15,33,92,0,,
2026-05-16T03:49:00.832642,noisy,naive,{'bins': 15},23,4,2,ok,92,115,0.006205172277987003,8.738804219290614,8.748860645107925,15,29,64,0,,
2026-05-16T03:49:21.085386,noisy,naive,{'bins': 15},24,0,2,ok,0,24,0.006011268123984337,20.177851303480566,20.188120988197625,15,38,94,0,,
2026-05-16T03:49:41.052037,noisy,naive,{'bins': 15},24,1,2,ok,24,48,0.006110434420406818,19.908830664120615,19.919210807420313,15,51,121,0,,
2026-05-16T03:50:01.389752,noisy,naive,{'bins': 15},24,2,2,ok,48,72,0.006172802299261093,20.273508483543992,20.284119179472327,15,63,136,0,,
2026-05-16T03:50:15.030021,noisy,naive,{'bins': 15},24,3,2,ok,72,96,0.00625231210142374,13.587653731927276,13.59810005966574,15,49,111,0,,
2026-05-16T03:50:25.913839,noisy,naive,{'bins': 15},24,4,2,ok,96,120,0.0063210707157850266,10.820998216047883,10.831432391889393,15,42,87,0,,
2026-05-16T03:50:45.793008,noisy,naive,{'bins': 15},25,0,2,ok,0,25,0.006263101473450661,19.80287397187203,19.81364679336548,15,30,84,0,,
2026-05-16T03:51:09.072859,noisy,naive,{'bins': 15},25,1,2,ok,25,50,0.006511920131742954,23.219406672753394,23.230374550446868,15,24,74,0,,
2026-05-16T03:51:33.161670,noisy,naive,{'bins': 15},25,2,2,ok,50,75,0.006868158467113972,24.017532093450427,24.029019556939602,15,44,101,0,,
2026-05-16T03:51:51.020882,noisy,naive,{'bins': 15},25,3,2,ok,75,100,0.006612738594412804,17.80096009839326,17.811842133291066,15,61,147,0,,
2026-05-16T03:52:09.646973,noisy,naive,{'bins': 15},25,4,2,ok,100,125,0.007302513346076012,18.56529047433287,18.577035279013216,15,58,127,0,,
2026-05-16T03:52:09.758449,noisy,sax,"{'w': 144, 'bins': 15}",1,0,2,ok,0,1,0.01153865922242403,0.03833033051341772,0.050316860899329185,15,36,47,0,,
2026-05-16T03:52:09.868721,noisy,sax,"{'w': 144, 'bins': 15}",1,1,2,ok,1,2,0.010925197042524815,0.09601821377873421,0.10733893420547247,15,56,75,0,,
2026-05-16T03:52:09.951125,noisy,sax,"{'w': 144, 'bins': 15}",1,2,2,ok,2,3,0.010950043797492981,0.06851126905530691,0.07986816670745611,15,46,59,0,,
2026-05-16T03:52:10.018080,noisy,sax,"{'w': 144, 'bins': 15}",1,3,2,ok,3,4,0.010928342118859291,0.053144571371376514,0.06445652432739735,15,33,47,0,,
2026-05-16T03:52:10.064008,noisy,sax,"{'w': 144, 'bins': 15}",1,4,2,ok,4,5,0.010954431258141994,0.032305678352713585,0.04364155512303114,15,31,43,0,,
2026-05-16T03:52:10.320642,noisy,sax,"{'w': 144, 'bins': 15}",2,0,2,ok,0,2,0.021121284924447536,0.2094015097245574,0.23102959711104631,15,54,80,0,,
2026-05-16T03:52:10.450223,noisy,sax,"{'w': 144, 'bins': 15}",2,1,2,ok,2,4,0.02126537449657917,0.10414446517825127,0.1258855639025569,15,51,73,0,,
2026-05-16T03:52:10.720979,noisy,sax,"{'w': 144, 'bins': 15}",2,2,2,ok,4,6,0.02107152994722128,0.2451525777578354,0.26672782376408577,15,64,94,0,,
2026-05-16T03:52:10.760431,noisy,sax,"{'w': 144, 'bins': 15}",2,3,2,ok,6,8,0.021341227926313877,0.015719139017164707,0.03748693782836199,15,17,22,0,,
2026-05-16T03:52:10.855526,noisy,sax,"{'w': 144, 'bins': 15}",2,4,2,ok,8,10,0.021419964730739594,0.07041402161121368,0.09230032283812761,15,36,51,0,,
2026-05-16T03:52:11.053313,noisy,sax,"{'w': 144, 'bins': 15}",3,0,2,ok,0,3,0.03144999127835035,0.1409695502370596,0.17299332935363054,15,42,61,0,,
2026-05-16T03:52:11.681005,noisy,sax,"{'w': 144, 'bins': 15}",3,1,2,ok,3,6,0.031465910375118256,0.590311991982162,0.6224113013595343,15,66,111,0,,
2026-05-16T03:52:11.758437,noisy,sax,"{'w': 144, 'bins': 15}",3,2,2,ok,6,9,0.031655396334826946,0.04249861929565668,0.07469382975250483,15,29,39,0,,
2026-05-16T03:52:11.954552,noisy,sax,"{'w': 144, 'bins': 15}",3,3,2,ok,9,12,0.03130994737148285,0.16064490005373955,0.192535107024014,15,42,66,0,,
2026-05-16T03:52:12.400491,noisy,sax,"{'w': 144, 'bins': 15}",3,4,2,ok,12,15,0.031537193804979324,0.4091992750763893,0.44136227387934923,15,64,104,0,,
2026-05-16T03:52:12.819893,noisy,sax,"{'w': 144, 'bins': 15}",4,0,2,ok,0,4,0.0436155553907156,0.3456775667145848,0.39019584748893976,15,49,79,0,,
2026-05-16T03:52:12.979040,noisy,sax,"{'w': 144, 'bins': 15}",4,1,2,ok,4,8,0.04180566780269146,0.11303785629570484,0.1554972119629383,15,31,52,0,,
2026-05-16T03:52:13.374411,noisy,sax,"{'w': 144, 'bins': 15}",4,2,2,ok,8,12,0.0420526722446084,0.34857279248535633,0.39131637290120125,15,39,72,0,,
2026-05-16T03:52:14.156207,noisy,sax,"{'w': 144, 'bins': 15}",4,3,2,ok,12,16,0.04205028805881739,0.7332437662407756,0.7760126935318112,15,77,127,0,,
2026-05-16T03:52:14.374561,noisy,sax,"{'w': 144, 'bins': 15}",4,4,2,ok,16,20,0.04248181730508804,0.17162808496505022,0.2147858515381813,15,35,56,0,,
2026-05-16T03:52:15.184971,noisy,sax,"{'w': 144, 'bins': 15}",5,0,2,ok,0,5,0.052011022344231606,0.728912090882659,0.7817442053928971,15,68,114,0,,
2026-05-16T03:52:15.485947,noisy,sax,"{'w': 144, 'bins': 15}",5,1,2,ok,5,10,0.05249492172151804,0.24327435065060854,0.29650415293872356,15,43,70,0,,
2026-05-16T03:52:16.128984,noisy,sax,"{'w': 144, 'bins': 15}",5,2,2,ok,10,15,0.05223981291055679,0.5846431646496058,0.6377131268382072,15,27,54,0,,
2026-05-16T03:52:16.666061,noisy,sax,"{'w': 144, 'bins': 15}",5,3,2,ok,15,20,0.052037233486771584,0.47844033502042294,0.5312991496175528,15,43,76,0,,
2026-05-16T03:52:16.961356,noisy,sax,"{'w': 144, 'bins': 15}",5,4,2,ok,20,25,0.05234035197645426,0.2382404264062643,0.2913355454802513,15,27,53,0,,
2026-05-16T03:52:18.330193,noisy,sax,"{'w': 144, 'bins': 15}",6,0,2,ok,0,6,0.06219097040593624,1.2749844938516617,1.3381304973736405,15,98,153,0,,
2026-05-16T03:52:18.664719,noisy,sax,"{'w': 144, 'bins': 15}",6,1,2,ok,6,12,0.06271069590002298,0.2658359482884407,0.32941875234246254,15,40,65,0,,
2026-05-16T03:52:19.143493,noisy,sax,"{'w': 144, 'bins': 15}",6,2,2,ok,12,18,0.06579777225852013,0.40671053156256676,0.4737526513636112,15,27,52,0,,
2026-05-16T03:52:19.843356,noisy,sax,"{'w': 144, 'bins': 15}",6,3,2,ok,18,24,0.06318027805536985,0.629362334497273,0.6934941299259663,15,42,75,0,,
2026-05-16T03:52:20.644935,noisy,sax,"{'w': 144, 'bins': 15}",6,4,2,ok,24,30,0.06270046718418598,0.7321932939812541,0.795813538134098,15,33,75,0,,
2026-05-16T03:52:22.457858,noisy,sax,"{'w': 144, 'bins': 15}",7,0,2,ok,0,7,0.07318562734872103,1.7086335141211748,1.7828567596152425,15,70,141,0,,
2026-05-16T03:52:23.049052,noisy,sax,"{'w': 144, 'bins': 15}",7,1,2,ok,7,14,0.07292311359196901,0.5115184430032969,0.5854178695008159,15,42,80,0,,
2026-05-16T03:52:23.830379,noisy,sax,"{'w': 144, 'bins': 15}",7,2,2,ok,14,21,0.07302935421466827,0.7008123826235533,0.7748321164399385,15,33,61,0,,
2026-05-16T03:52:24.545861,noisy,sax,"{'w': 144, 'bins': 15}",7,3,2,ok,21,28,0.0733251478523016,0.6343530369922519,0.7086505210027099,15,46,90,0,,
2026-05-16T03:52:25.315009,noisy,sax,"{'w': 144, 'bins': 15}",7,4,2,ok,28,35,0.0735830431804061,0.6880055014044046,0.7625540588051081,15,60,104,0,,
2026-05-16T03:52:26.460561,noisy,sax,"{'w': 144, 'bins': 15}",8,0,2,ok,0,8,0.08332404587417841,1.0328324818983674,1.1172415148466825,15,43,89,0,,
2026-05-16T03:52:27.636536,noisy,sax,"{'w': 144, 'bins': 15}",8,1,2,ok,8,16,0.08327758871018887,1.0836855890229344,1.1680754171684384,15,24,57,0,,
2026-05-16T03:52:28.601160,noisy,sax,"{'w': 144, 'bins': 15}",8,2,2,ok,16,24,0.08505799248814583,0.8702294547110796,0.9564379286020994,15,58,107,0,,
2026-05-16T03:52:29.264824,noisy,sax,"{'w': 144, 'bins': 15}",8,3,2,ok,24,32,0.08294217847287655,0.5722829140722752,0.6564737875014544,15,51,89,0,,
2026-05-16T03:52:30.554966,noisy,sax,"{'w': 144, 'bins': 15}",8,4,2,ok,32,40,0.08155209943652153,1.1997884521260858,1.2823080774396658,15,56,106,0,,
2026-05-16T03:52:32.155022,noisy,sax,"{'w': 144, 'bins': 15}",9,0,2,ok,0,9,0.09349845256656408,1.473929257132113,1.5687590707093477,15,45,96,0,,
2026-05-16T03:52:33.391596,noisy,sax,"{'w': 144, 'bins': 15}",9,1,2,ok,9,18,0.09283565822988749,1.1345529844984412,1.2285116212442517,15,64,123,0,,
2026-05-16T03:52:34.580797,noisy,sax,"{'w': 144, 'bins': 15}",9,2,2,ok,18,27,0.09188965242356062,1.0889625893905759,1.1818463783711195,15,22,55,0,,
2026-05-16T03:52:35.611186,noisy,sax,"{'w': 144, 'bins': 15}",9,3,2,ok,27,36,0.09232451766729355,0.9294417211785913,1.0227346774190664,15,37,78,0,,
2026-05-16T03:52:37.010477,noisy,sax,"{'w': 144, 'bins': 15}",9,4,2,ok,36,45,0.09238604456186295,1.2972475225105882,1.390680463053286,15,42,86,0,,
2026-05-16T03:52:38.911575,noisy,sax,"{'w': 144, 'bins': 15}",10,0,2,ok,0,10,0.10324192978441715,1.7668561916798353,1.8714608810842037,15,16,42,0,,
2026-05-16T03:52:41.002465,noisy,sax,"{'w': 144, 'bins': 15}",10,1,2,ok,10,20,0.10396283492445946,1.9764335518702865,2.08187834918499,15,17,48,0,,
2026-05-16T03:52:42.137950,noisy,sax,"{'w': 144, 'bins': 15}",10,2,2,ok,20,30,0.10397871397435665,1.0224923621863127,1.127762721851468,15,21,50,0,,
2026-05-16T03:52:43.363109,noisy,sax,"{'w': 144, 'bins': 15}",10,3,2,ok,30,40,0.10394232627004385,1.1106558563187718,1.216134186834097,15,52,94,0,,
2026-05-16T03:52:44.855578,noisy,sax,"{'w': 144, 'bins': 15}",10,4,2,ok,40,50,0.10373551864176989,1.377691530622542,1.4828568836674094,15,52,96,0,,
2026-05-16T03:52:46.923531,noisy,sax,"{'w': 144, 'bins': 15}",11,0,2,ok,0,11,0.11532835848629475,1.9208750873804092,2.037732306867838,15,25,62,0,,
2026-05-16T03:52:48.907363,noisy,sax,"{'w': 144, 'bins': 15}",11,1,2,ok,11,22,0.11512044630944729,1.8571201208978891,1.9740358786657453,15,20,51,0,,
2026-05-16T03:52:50.722863,noisy,sax,"{'w': 144, 'bins': 15}",11,2,2,ok,22,33,0.11816810071468353,1.6853528646752238,1.8058489682152867,15,33,72,0,,
2026-05-16T03:52:52.206934,noisy,sax,"{'w': 144, 'bins': 15}",11,3,2,ok,33,44,0.11410427000373602,1.359066342934966,1.4749381421133876,15,23,54,0,,
2026-05-16T03:52:53.627503,noisy,sax,"{'w': 144, 'bins': 15}",11,4,2,ok,44,55,0.11490723676979542,1.2939080111682415,1.4104558089748025,15,38,82,0,,
2026-05-16T03:52:55.734747,noisy,sax,"{'w': 144, 'bins': 15}",12,0,2,ok,0,12,0.12269311770796776,1.9493842357769608,2.0736783305183053,15,52,100,0,,
2026-05-16T03:52:58.171339,noisy,sax,"{'w': 144, 'bins': 15}",12,1,2,ok,12,24,0.12412470579147339,2.299684513360262,2.425309006124735,15,43,89,0,,
2026-05-16T03:52:59.493328,noisy,sax,"{'w': 144, 'bins': 15}",12,2,2,ok,24,36,0.12476368714123964,1.1862142104655504,1.312599672935903,15,49,92,0,,
2026-05-16T03:53:02.337538,noisy,sax,"{'w': 144, 'bins': 15}",12,3,2,ok,36,48,0.12327651400119066,2.707817055284977,2.83342198189348,15,31,67,0,,
2026-05-16T03:53:04.064739,noisy,sax,"{'w': 144, 'bins': 15}",12,4,2,ok,48,60,0.12412729114294052,1.5923449927940965,1.718009770847857,15,31,71,0,,
2026-05-16T03:53:07.844763,noisy,sax,"{'w': 144, 'bins': 15}",13,0,2,ok,0,13,0.13245979882776737,3.610924963839352,3.745058805681765,15,34,75,0,,
2026-05-16T03:53:10.293831,noisy,sax,"{'w': 144, 'bins': 15}",13,1,2,ok,13,26,0.13392794597893953,2.3031915184110403,2.4387199003249407,15,40,88,0,,
2026-05-16T03:53:12.519835,noisy,sax,"{'w': 144, 'bins': 15}",13,2,2,ok,26,39,0.13614556193351746,2.075755963101983,2.213807813823223,15,54,110,0,,
2026-05-16T03:53:14.278814,noisy,sax,"{'w': 144, 'bins': 15}",13,3,2,ok,39,52,0.13675461523234844,1.6101064579561353,1.7487267963588238,15,38,79,0,,
2026-05-16T03:53:16.268484,noisy,sax,"{'w': 144, 'bins': 15}",13,4,2,ok,52,65,0.1332267401739955,1.8425058964639902,1.9774189637973905,15,68,126,0,,
2026-05-16T03:53:19.739194,noisy,sax,"{'w': 144, 'bins': 15}",14,0,2,ok,0,14,0.14357005339115858,3.2905091671273112,3.4359622271731496,15,29,65,0,,
2026-05-16T03:53:22.250624,noisy,sax,"{'w': 144, 'bins': 15}",14,1,2,ok,14,28,0.1442572446539998,2.3544522328302264,2.500559041276574,15,22,54,0,,
2026-05-16T03:53:24.666652,noisy,sax,"{'w': 144, 'bins': 15}",14,2,2,ok,28,42,0.14423271920531988,2.2572609363123775,2.403213644400239,15,64,125,0,,
2026-05-16T03:53:27.474777,noisy,sax,"{'w': 144, 'bins': 15}",14,3,2,ok,42,56,0.14390110597014427,2.6519988933578134,2.7976174540817738,15,9,38,0,,
2026-05-16T03:53:29.848239,noisy,sax,"{'w': 144, 'bins': 15}",14,4,2,ok,56,70,0.1416917061433196,2.219877182506025,2.36318904068321,15,10,35,0,,
2026-05-16T03:53:33.162898,noisy,sax,"{'w': 144, 'bins': 15}",15,0,2,ok,0,15,0.15180151257663965,3.1289116283878684,3.2824648609384894,15,17,43,0,,
2026-05-16T03:53:36.082146,noisy,sax,"{'w': 144, 'bins': 15}",15,1,2,ok,15,30,0.15240160934627056,2.75334753934294,2.9074228117242455,15,23,56,0,,
2026-05-16T03:53:39.301879,noisy,sax,"{'w': 144, 'bins': 15}",15,2,2,ok,30,45,0.15223760064691305,3.0485300589352846,3.202656988054514,15,92,164,0,,
2026-05-16T03:53:41.418250,noisy,sax,"{'w': 144, 'bins': 15}",15,3,2,ok,45,60,0.15521650575101376,1.9479587404057384,2.105095360428095,15,14,45,0,,
2026-05-16T03:53:45.270065,noisy,sax,"{'w': 144, 'bins': 15}",15,4,2,ok,60,75,0.1543718697503209,3.682521356269717,3.838711860589683,15,46,105,0,,
2026-05-16T03:53:48.773162,noisy,sax,"{'w': 144, 'bins': 15}",16,0,2,ok,0,16,0.16535230912268162,3.2994131790474057,3.4669300029054284,15,44,85,0,,
2026-05-16T03:53:51.175612,noisy,sax,"{'w': 144, 'bins': 15}",16,1,2,ok,16,32,0.1621886668726802,2.2272560484707355,2.3912939485162497,15,13,42,0,,
2026-05-16T03:53:53.983188,noisy,sax,"{'w': 144, 'bins': 15}",16,2,2,ok,32,48,0.16242607403546572,2.63050034083426,2.7947370344772935,15,17,49,0,,
2026-05-16T03:53:56.543943,noisy,sax,"{'w': 144, 'bins': 15}",16,3,2,ok,48,64,0.16241694707423449,2.3845529397949576,2.548748357221484,15,12,38,0,,
2026-05-16T03:54:01.027674,noisy,sax,"{'w': 144, 'bins': 15}",16,4,2,ok,64,80,0.16405491344630718,4.30277986638248,4.468669635243714,15,62,126,0,,
2026-05-16T03:54:05.836541,noisy,sax,"{'w': 144, 'bins': 15}",17,0,2,ok,0,17,0.17344685923308134,4.596882759593427,4.772307673469186,15,23,69,0,,
2026-05-16T03:54:08.727862,noisy,sax,"{'w': 144, 'bins': 15}",17,1,2,ok,17,34,0.17445218935608864,2.700116354972124,2.876542130485177,15,43,90,0,,
2026-05-16T03:54:12.996211,noisy,sax,"{'w': 144, 'bins': 15}",17,2,2,ok,34,51,0.1736017307266593,4.078062424436212,4.253651006147265,15,18,50,0,,
2026-05-16T03:54:15.989394,noisy,sax,"{'w': 144, 'bins': 15}",17,3,2,ok,51,68,0.17476138938218355,2.8012740910053253,2.978837652131915,15,50,107,0,,
2026-05-16T03:54:18.361410,noisy,sax,"{'w': 144, 'bins': 15}",17,4,2,ok,68,85,0.17383540887385607,2.1837101727724075,2.3596334541216493,15,21,52,0,,
2026-05-16T03:54:24.309107,noisy,sax,"{'w': 144, 'bins': 15}",18,0,2,ok,0,18,0.18499351385980844,5.718377932906151,5.905549897812307,15,61,124,0,,
2026-05-16T03:54:27.579704,noisy,sax,"{'w': 144, 'bins': 15}",18,1,2,ok,18,36,0.1869802139699459,3.064104897901416,3.253419636748731,15,37,76,0,,
2026-05-16T03:54:31.989202,noisy,sax,"{'w': 144, 'bins': 15}",18,2,2,ok,36,54,0.1894478090107441,4.203717235475779,4.395577885210514,15,14,43,0,,
2026-05-16T03:54:35.750397,noisy,sax,"{'w': 144, 'bins': 15}",18,3,2,ok,54,72,0.18469110503792763,3.559656566940248,3.746573783457279,15,67,139,0,,
2026-05-16T03:54:38.560505,noisy,sax,"{'w': 144, 'bins': 15}",18,4,2,ok,72,90,0.18661767430603504,2.6071998942643404,2.79610594548285,15,32,75,0,,
2026-05-16T03:54:43.713271,noisy,sax,"{'w': 144, 'bins': 15}",19,0,2,ok,0,19,0.1907874345779419,4.9206509022042155,5.1133212530985475,15,63,132,0,,
2026-05-16T03:54:47.667905,noisy,sax,"{'w': 144, 'bins': 15}",19,1,2,ok,19,38,0.19345708843320608,3.7435602946206927,3.9389315275475383,15,38,83,0,,
2026-05-16T03:54:53.469210,noisy,sax,"{'w': 144, 'bins': 15}",19,2,2,ok,38,57,0.1927702585235238,5.592045350931585,5.786768637597561,15,9,37,0,,
2026-05-16T03:54:59.251327,noisy,sax,"{'w': 144, 'bins': 15}",19,3,2,ok,57,76,0.19401405472308397,5.571833144873381,5.767848767340183,15,20,52,0,,
2026-05-16T03:55:03.983017,noisy,sax,"{'w': 144, 'bins': 15}",19,4,2,ok,76,95,0.1939787482842803,4.519659901969135,4.715550829656422,15,30,67,0,,
2026-05-16T03:55:09.018754,noisy,sax,"{'w': 144, 'bins': 15}",20,0,2,ok,0,20,0.20277844183146954,4.791556904092431,4.996262515895069,15,31,69,0,,
2026-05-16T03:55:13.470074,noisy,sax,"{'w': 144, 'bins': 15}",20,1,2,ok,20,40,0.2068955348804593,4.212010099552572,4.4211242804303765,15,40,105,0,,
2026-05-16T03:55:18.713929,noisy,sax,"{'w': 144, 'bins': 15}",20,2,2,ok,40,60,0.20677924528717995,5.018501848913729,5.227564502507448,15,28,69,0,,
2026-05-16T03:55:23.367664,noisy,sax,"{'w': 144, 'bins': 15}",20,3,2,ok,60,80,0.2055895123630762,4.431022258475423,4.638719738461077,15,18,48,0,,
2026-05-16T03:55:29.612715,noisy,sax,"{'w': 144, 'bins': 15}",20,4,2,ok,80,100,0.20661287289112806,6.01909267436713,6.228033590130508,15,17,50,0,,
2026-05-16T03:55:36.279766,noisy,sax,"{'w': 144, 'bins': 15}",21,0,2,ok,0,21,0.21893667615950108,6.3782788794487715,6.600682306103408,15,37,83,0,,
2026-05-16T03:55:40.538021,noisy,sax,"{'w': 144, 'bins': 15}",21,1,2,ok,21,42,0.2158590378239751,4.023324242793024,4.2415588507428765,15,29,66,0,,
2026-05-16T03:55:44.085744,noisy,sax,"{'w': 144, 'bins': 15}",21,2,2,ok,42,63,0.21410865988582373,3.3153966860845685,3.531609768047929,15,18,48,0,,
2026-05-16T03:55:48.516534,noisy,sax,"{'w': 144, 'bins': 15}",21,3,2,ok,63,84,0.21383891347795725,4.196485496126115,4.412529109045863,15,42,88,0,,
2026-05-16T03:55:54.217576,noisy,sax,"{'w': 144, 'bins': 15}",21,4,2,ok,84,105,0.21631121635437012,5.462797493673861,5.681382279843092,15,50,111,0,,
2026-05-16T03:56:00.318368,noisy,sax,"{'w': 144, 'bins': 15}",22,0,2,ok,0,22,0.22623154614120722,5.8293221313506365,6.05796423368156,15,61,121,0,,
2026-05-16T03:56:05.301110,noisy,sax,"{'w': 144, 'bins': 15}",22,1,2,ok,22,44,0.22137820161879063,4.742063379846513,4.965700413100421,15,8,37,0,,
2026-05-16T03:56:09.172735,noisy,sax,"{'w': 144, 'bins': 15}",22,2,2,ok,44,66,0.22348171193152666,3.629764897748828,3.8554638735949993,15,15,44,0,,
2026-05-16T03:56:14.234818,noisy,sax,"{'w': 144, 'bins': 15}",22,3,2,ok,66,88,0.22583346907049417,4.815512892790139,5.043618198484182,15,27,64,0,,
2026-05-16T03:56:20.966946,noisy,sax,"{'w': 144, 'bins': 15}",22,4,2,ok,88,110,0.22600563149899244,6.483099735341966,6.711480688303709,15,23,56,0,,
2026-05-16T03:56:29.268732,noisy,sax,"{'w': 144, 'bins': 15}",23,0,2,ok,0,23,0.23513344302773476,8.021539182402194,8.259134258143604,15,27,73,0,,
2026-05-16T03:56:35.487648,noisy,sax,"{'w': 144, 'bins': 15}",23,1,2,ok,23,46,0.23674207367002964,5.962930979207158,6.202084621414542,15,18,53,0,,
2026-05-16T03:56:40.417068,noisy,sax,"{'w': 144, 'bins': 15}",23,2,2,ok,46,69,0.23451001197099686,4.674841493368149,4.9117919988930225,15,18,53,0,,
2026-05-16T03:56:45.600221,noisy,sax,"{'w': 144, 'bins': 15}",23,3,2,ok,69,92,0.23447585850954056,4.92680180631578,5.163611687719822,15,37,74,0,,
2026-05-16T03:56:52.319059,noisy,sax,"{'w': 144, 'bins': 15}",23,4,2,ok,92,115,0.23480152990669012,6.459323577582836,6.696628137491643,15,24,62,0,,
2026-05-16T03:56:59.137020,noisy,sax,"{'w': 144, 'bins': 15}",24,0,2,ok,0,24,0.24573142547160387,6.526627761311829,6.77492437325418,15,19,56,0,,
2026-05-16T03:57:05.407516,noisy,sax,"{'w': 144, 'bins': 15}",24,1,2,ok,24,48,0.24215169250965118,6.005426884628832,6.249922810122371,15,37,82,0,,
2026-05-16T03:57:11.568760,noisy,sax,"{'w': 144, 'bins': 15}",24,2,2,ok,48,72,0.24373177997767925,5.895989598706365,6.142021218314767,15,13,42,0,,
2026-05-16T03:57:17.315558,noisy,sax,"{'w': 144, 'bins': 15}",24,3,2,ok,72,96,0.24391882214695215,5.479971488006413,5.726171002723277,15,38,82,0,,
2026-05-16T03:57:27.352177,noisy,sax,"{'w': 144, 'bins': 15}",24,4,2,ok,96,120,0.24485911708325148,9.766507172957063,10.013858610764146,15,16,55,0,,
2026-05-16T03:57:34.873232,noisy,sax,"{'w': 144, 'bins': 15}",25,0,2,ok,0,25,0.2578925732523203,7.215472710318863,7.476084680296481,15,49,113,0,,
2026-05-16T03:57:40.896220,noisy,sax,"{'w': 144, 'bins': 15}",25,1,2,ok,25,50,0.25514113530516624,5.742805782705545,6.00069540925324,15,34,77,0,,
2026-05-16T03:57:48.910560,noisy,sax,"{'w': 144, 'bins': 15}",25,2,2,ok,50,75,0.25577057898044586,7.736866499297321,7.99535240791738,15,10,39,0,,
2026-05-16T03:57:54.916393,noisy,sax,"{'w': 144, 'bins': 15}",25,3,2,ok,75,100,0.2572938874363899,5.7240568632259965,5.984101948328316,15,36,84,0,,
2026-05-16T03:58:03.302275,noisy,sax,"{'w': 144, 'bins': 15}",25,4,2,ok,100,125,0.25523152481764555,8.103795626200736,8.361832078546286,15,20,51,0,,
2026-05-16T03:58:04.048195,noisy,persist,{'bins': 16},1,0,2,ok,0,1,0.3470500139519572,0.31998184137046337,0.6675854353234172,15,78,110,0,,
2026-05-16T03:58:04.960733,noisy,persist,{'bins': 16},1,1,2,ok,1,2,0.3381606098264456,0.5679947026073933,0.9067845242097974,15,87,132,0,,
2026-05-16T03:58:05.793266,noisy,persist,{'bins': 16},1,2,2,ok,2,3,0.31564809288829565,0.5115344440564513,0.8277404149994254,15,64,96,0,,
2026-05-16T03:58:06.334413,noisy,persist,{'bins': 16},1,3,2,ok,3,4,0.3018439505249262,0.2346409885212779,0.5370345711708069,15,46,70,0,,
2026-05-16T03:58:06.985577,noisy,persist,{'bins': 16},1,4,2,ok,4,5,0.31205045711249113,0.33448448590934277,0.6470649493858218,15,69,104,0,,
2026-05-16T03:58:08.091017,noisy,persist,{'bins': 16},2,0,2,ok,0,2,0.37796553038060665,0.6917189862579107,1.0704736895859241,15,86,134,0,,
2026-05-16T03:58:09.247588,noisy,persist,{'bins': 16},2,1,2,ok,2,4,0.3488463684916496,0.8008203618228436,1.1503979731351137,15,63,117,0,,
2026-05-16T03:58:11.717361,noisy,persist,{'bins': 16},2,2,2,ok,4,6,0.36433320119977,2.095928397960961,2.461107788607478,15,98,178,0,,
2026-05-16T03:58:12.239117,noisy,persist,{'bins': 16},2,3,2,ok,6,8,0.33330507203936577,0.18383817467838526,0.517857507802546,15,35,59,0,,
2026-05-16T03:58:13.169331,noisy,persist,{'bins': 16},2,4,2,ok,8,10,0.3589770421385765,0.5653304792940617,0.9249681122601032,15,66,107,0,,
2026-05-16T03:58:15.204958,noisy,persist,{'bins': 16},3,0,2,ok,0,3,0.34064612723886967,1.658101332373917,1.9996772557497025,15,64,115,0,,
2026-05-16T03:58:17.388719,noisy,persist,{'bins': 16},3,1,2,ok,3,6,0.3368052439764142,1.838540161959827,2.1763062607496977,15,5,23,0,,
2026-05-16T03:58:18.181373,noisy,persist,{'bins': 16},3,2,2,ok,6,9,0.3800662364810705,0.4060115600004792,0.78686364274472,15,50,85,0,,
2026-05-16T03:58:19.844593,noisy,persist,{'bins': 16},3,3,2,ok,9,12,0.34128727298229933,1.3138294639065862,1.655984085984528,15,58,111,0,,
2026-05-16T03:58:21.292350,noisy,persist,{'bins': 16},3,4,2,ok,12,15,0.35902219731360674,1.0798506084829569,1.4397253170609474,15,59,90,0,,
2026-05-16T03:58:24.211711,noisy,persist,{'bins': 16},4,0,2,ok,0,4,0.3516577463597059,2.5314514068886638,2.8841765485703945,15,2,20,0,,
2026-05-16T03:58:25.575164,noisy,persist,{'bins': 16},4,1,2,ok,4,8,0.385035527870059,0.9693458592519164,1.3554437421262264,15,39,73,0,,
2026-05-16T03:58:28.130197,noisy,persist,{'bins': 16},4,2,2,ok,8,12,0.39749799109995365,2.147098721936345,2.5457759480923414,15,59,121,0,,
2026-05-16T03:58:30.429737,noisy,persist,{'bins': 16},4,3,2,ok,12,16,0.3836515098810196,1.9041309468448162,2.288884957320988,15,50,91,0,,
2026-05-16T03:58:32.625114,noisy,persist,{'bins': 16},4,4,2,ok,16,20,0.37363443803042173,1.8114389879629016,2.186189031228423,15,44,91,0,,
2026-05-16T03:58:37.546489,noisy,persist,{'bins': 16},5,0,2,ok,0,5,0.37077547796070576,4.505217525176704,4.8774423757568,15,52,99,0,,
2026-05-16T03:58:38.979587,noisy,persist,{'bins': 16},5,1,2,ok,5,10,0.38484873715788126,1.0378881366923451,1.4239771123975515,15,55,98,0,,
2026-05-16T03:58:41.952252,noisy,persist,{'bins': 16},5,2,2,ok,10,15,0.41328274365514517,2.5466971891000867,2.9613575898110867,15,33,63,0,,
2026-05-16T03:58:45.417060,noisy,persist,{'bins': 16},5,3,2,ok,15,20,0.3899067062884569,3.062807605601847,3.4540477655828,15,33,72,0,,
2026-05-16T03:58:47.880167,noisy,persist,{'bins': 16},5,4,2,ok,20,25,0.34531756211072206,2.1064934097230434,2.4530839612707496,15,52,104,0,,
2026-05-16T03:58:51.787755,noisy,persist,{'bins': 16},6,0,2,ok,0,6,0.4018982546404004,3.4627284286543727,3.866207702085376,15,28,56,0,,
2026-05-16T03:58:53.585809,noisy,persist,{'bins': 16},6,1,2,ok,6,12,0.38882121723145247,1.397147199138999,1.7874275166541338,15,55,102,0,,
2026-05-16T03:58:56.645317,noisy,persist,{'bins': 16},6,2,2,ok,12,18,0.38037207070738077,2.66543136164546,3.04732814617455,15,48,101,0,,
2026-05-16T03:59:02.445152,noisy,persist,{'bins': 16},6,3,2,ok,18,24,0.4241175511851907,5.358732421882451,5.784454837441444,15,54,102,0,,
2026-05-16T03:59:07.844949,noisy,persist,{'bins': 16},6,4,2,ok,24,30,0.42124727088958025,4.964006067253649,5.3868168741464615,15,41,94,0,,
2026-05-16T03:59:11.849454,noisy,persist,{'bins': 16},7,0,2,ok,0,7,0.37866870127618313,3.583083877339959,3.9634875375777483,15,24,60,0,,
2026-05-16T03:59:14.770030,noisy,persist,{'bins': 16},7,1,2,ok,7,14,0.39755302481353283,2.5094264270737767,2.9085068507120013,15,41,85,0,,
2026-05-16T03:59:21.625413,noisy,persist,{'bins': 16},7,2,2,ok,14,21,0.4484789604321122,6.391289349645376,6.841374916955829,15,14,41,0,,
2026-05-16T03:59:25.201422,noisy,persist,{'bins': 16},7,3,2,ok,21,28,0.3805381925776601,3.1813102765008807,3.5635077450424433,15,32,79,0,,
2026-05-16T03:59:29.796536,noisy,persist,{'bins': 16},7,4,2,ok,28,35,0.42036793008446693,4.159874206408858,4.581841700710356,15,44,99,0,,
2026-05-16T03:59:32.716826,noisy,persist,{'bins': 16},8,0,2,ok,0,8,0.40919829346239567,2.468263005837798,2.879207999445498,15,59,114,0,,
2026-05-16T03:59:38.917462,noisy,persist,{'bins': 16},8,1,2,ok,8,16,0.439678224734962,5.743822534568608,6.185256986878812,15,35,80,0,,
2026-05-16T03:59:47.536836,noisy,persist,{'bins': 16},8,2,2,ok,16,24,0.44479886908084154,8.157179090194404,8.603834105655551,15,14,43,0,,
2026-05-16T03:59:51.417517,noisy,persist,{'bins': 16},8,3,2,ok,24,32,0.42719741538167,3.4369796253740788,3.8659642161801457,15,50,102,0,,
2026-05-16T03:59:57.992994,noisy,persist,{'bins': 16},8,4,2,ok,32,40,0.45672195963561535,6.099482557736337,6.558036227710545,15,63,136,0,,
2026-05-16T04:00:01.362668,noisy,persist,{'bins': 16},9,0,2,ok,0,9,0.4668891131877899,2.8596443608403206,3.328534391708672,15,31,69,0,,
2026-05-16T04:00:09.045803,noisy,persist,{'bins': 16},9,1,2,ok,9,18,0.4708984112367034,7.190822064876556,7.663846569135785,15,54,110,0,,
2026-05-16T04:00:14.688893,noisy,persist,{'bins': 16},9,2,2,ok,18,27,0.46123038697987795,5.159416423179209,5.622681241482496,15,52,108,0,,
2026-05-16T04:00:23.152710,noisy,persist,{'bins': 16},9,3,2,ok,27,36,0.45596167258918285,7.98430956620723,8.442321659065783,15,83,170,0,,
2026-05-16T04:00:31.486003,noisy,persist,{'bins': 16},9,4,2,ok,36,45,0.4317228542640805,7.876613711006939,8.310377237387002,15,46,88,0,,
2026-05-16T04:00:37.048009,noisy,persist,{'bins': 16},10,0,2,ok,0,10,0.4604143351316452,5.055818255059421,5.518127046525478,15,32,73,0,,
2026-05-16T04:00:48.652877,noisy,persist,{'bins': 16},10,1,2,ok,10,20,0.4178176512941718,11.161253934726119,11.581133336760104,15,59,123,0,,
2026-05-16T04:00:56.340539,noisy,persist,{'bins': 16},10,2,2,ok,20,30,0.43621728383004665,7.228267164900899,7.666440783068538,15,65,147,0,,
2026-05-16T04:01:05.366852,noisy,persist,{'bins': 16},10,3,2,ok,30,40,0.4478784631937742,8.552849682979286,9.002849370241165,15,62,121,0,,
2026-05-16T04:01:15.694183,noisy,persist,{'bins': 16},10,4,2,ok,40,50,0.41216828115284443,9.821241482160985,10.23551300354302,15,24,64,0,,
2026-05-16T04:01:20.584158,noisy,persist,{'bins': 16},11,0,2,ok,0,11,0.47342264372855425,4.36876711435616,4.844226923771203,15,47,93,0,,
2026-05-16T04:01:34.242250,noisy,persist,{'bins': 16},11,1,2,ok,11,22,0.455383125692606,13.174256587401032,13.6319190133363,15,56,131,0,,
2026-05-16T04:01:40.792446,noisy,persist,{'bins': 16},11,2,2,ok,22,33,0.4705987200140953,6.054746811278164,6.527755316346884,15,46,97,0,,
2026-05-16T04:01:52.568277,noisy,persist,{'bins': 16},11,3,2,ok,33,44,0.45298661570996046,11.291782069951296,11.747109802439809,15,74,145,0,,
2026-05-16T04:02:07.248637,noisy,persist,{'bins': 16},11,4,2,ok,44,55,0.52000692486763,14.132511992938817,14.655548276379704,15,22,59,0,,
2026-05-16T04:02:15.929914,noisy,persist,{'bins': 16},12,0,2,ok,0,12,0.46779151912778616,8.159892290830612,8.630142807029188,15,43,98,0,,
2026-05-16T04:02:26.850142,noisy,persist,{'bins': 16},12,1,2,ok,12,24,0.5410916404798627,10.349670305848122,10.893271939828992,15,26,66,0,,
2026-05-16T04:02:35.124336,noisy,persist,{'bins': 16},12,2,2,ok,24,36,0.483779301866889,7.765650413930416,8.251799697056413,15,24,62,0,,
2026-05-16T04:02:47.171491,noisy,persist,{'bins': 16},12,3,2,ok,36,48,0.44065913651138544,11.572261292487383,12.015588227659464,15,68,147,0,,
2026-05-16T04:02:54.826805,noisy,persist,{'bins': 16},12,4,2,ok,48,60,0.4823323767632246,7.144871387630701,7.6297636507079005,15,64,116,0,,
2026-05-16T04:03:00.648208,noisy,persist,{'bins': 16},13,0,2,ok,0,13,0.527191205881536,5.23920784983784,5.7690465692430735,15,39,82,0,,
2026-05-16T04:03:17.900904,noisy,persist,{'bins': 16},13,1,2,ok,13,26,0.5587376579642296,16.661920253187418,17.223935475572944,15,57,134,0,,
2026-05-16T04:03:31.923139,noisy,persist,{'bins': 16},13,2,2,ok,26,39,0.5170861501246691,13.451363150961697,13.9710393846035,15,76,161,0,,
2026-05-16T04:03:41.825783,noisy,persist,{'bins': 16},13,3,2,ok,39,52,0.5066425781697035,9.37067429535091,9.879716399125755,15,36,83,0,,
2026-05-16T04:03:49.454485,noisy,persist,{'bins': 16},13,4,2,ok,52,65,0.4897776674479246,7.117625934071839,7.609823745675385,15,33,78,0,,
2026-05-16T04:03:58.098494,noisy,persist,{'bins': 16},14,0,2,ok,0,14,0.4692169865593314,8.117308766581118,8.589214872568846,15,43,90,0,,
2026-05-16T04:04:10.270533,noisy,persist,{'bins': 16},14,1,2,ok,14,28,0.5135255036875606,11.627099770121276,12.143580333329737,15,23,63,0,,
2026-05-16T04:04:31.623093,noisy,persist,{'bins': 16},14,2,2,ok,28,42,0.49225023947656155,20.821694041602314,21.31682594306767,15,57,127,0,,
2026-05-16T04:04:50.317042,noisy,persist,{'bins': 16},14,3,2,ok,42,56,0.5122228665277362,18.143271289765835,18.65826944820583,15,57,120,0,,
2026-05-16T04:05:08.108905,noisy,persist,{'bins': 16},14,4,2,ok,56,70,0.5135316550731659,17.242621248587966,17.758880937471986,15,11,40,0,,
2026-05-16T04:05:25.431933,noisy,persist,{'bins': 16},15,0,2,ok,0,15,0.5618544556200504,16.68588604219258,17.25073326844722,15,94,201,0,,
2026-05-16T04:05:39.988886,noisy,persist,{'bins': 16},15,1,2,ok,15,30,0.5571543071419001,13.96414365619421,14.524465082213283,15,21,59,0,,
2026-05-16T04:05:57.895982,noisy,persist,{'bins': 16},15,2,2,ok,30,45,0.4898171154782176,17.377796904183924,17.870417123660445,15,67,144,0,,
2026-05-16T04:06:12.915110,noisy,persist,{'bins': 16},15,3,2,ok,45,60,0.4542589746415615,14.525337189435959,14.982630363665521,15,31,76,0,,
2026-05-16T04:06:27.064086,noisy,persist,{'bins': 16},15,4,2,ok,60,75,0.47999727353453636,13.629508625715971,14.112655283883214,15,67,136,0,,
2026-05-16T04:06:42.207672,noisy,persist,{'bins': 16},16,0,2,ok,0,16,0.4982373993843794,14.575730049982667,15.077050649560988,15,84,167,0,,
2026-05-16T04:06:49.126027,noisy,persist,{'bins': 16},16,1,2,ok,16,32,0.509983909316361,6.378071576356888,6.890998603776097,15,42,86,0,,
2026-05-16T04:07:16.815468,noisy,persist,{'bins': 16},16,2,2,ok,32,48,0.5179088432341814,27.132414028048515,27.65352864097804,15,16,53,0,,
2026-05-16T04:07:30.156935,noisy,persist,{'bins': 16},16,3,2,ok,48,64,0.5560011714696884,12.750621213577688,13.309738616459072,15,44,99,0,,
2026-05-16T04:07:39.007889,noisy,persist,{'bins': 16},16,4,2,ok,64,80,0.5273832753300667,8.290706908330321,8.821014495566487,15,49,103,0,,
2026-05-16T04:07:49.575975,noisy,persist,{'bins': 16},17,0,2,ok,0,17,0.4695177208632231,10.040030820295215,10.512659413740039,15,13,45,0,,
2026-05-16T04:07:58.188903,noisy,persist,{'bins': 16},17,1,2,ok,17,34,0.5099313389509916,8.074589850381017,8.587440982460976,15,25,69,0,,
2026-05-16T04:08:19.636174,noisy,persist,{'bins': 16},17,2,2,ok,34,51,0.545251090079546,20.861988317221403,21.410859486088157,15,15,49,0,,
2026-05-16T04:08:43.280512,noisy,persist,{'bins': 16},17,3,2,ok,51,68,0.5487872511148453,23.056655578315258,23.608752845786512,15,29,84,0,,
2026-05-16T04:08:52.855875,noisy,persist,{'bins': 16},17,4,2,ok,68,85,0.48109718784689903,9.06264766678214,9.546768623404205,15,60,133,0,,
2026-05-16T04:09:03.702417,noisy,persist,{'bins': 16},18,0,2,ok,0,18,0.5233503710478544,10.263665878213942,10.790097155608237,15,40,95,0,,
2026-05-16T04:09:23.002908,noisy,persist,{'bins': 16},18,1,2,ok,18,36,0.5448985686525702,18.714755149558187,19.263164882548153,15,80,182,0,,
2026-05-16T04:09:44.942311,noisy,persist,{'bins': 16},18,2,2,ok,36,54,0.5814932733774185,21.303916104137897,21.88876873627305,15,65,132,0,,
2026-05-16T04:10:01.763476,noisy,persist,{'bins': 16},18,3,2,ok,54,72,0.5505853882059455,16.23291050735861,16.786870703101158,15,33,81,0,,
2026-05-16T04:10:13.434646,noisy,persist,{'bins': 16},18,4,2,ok,72,90,0.5999387362971902,11.032385425642133,11.6354720024392,15,22,64,0,,
2026-05-16T04:10:31.792857,noisy,persist,{'bins': 16},19,0,2,ok,0,19,0.5695651220157743,17.712346306070685,18.28537254780531,15,67,142,0,,
2026-05-16T04:10:47.229226,noisy,persist,{'bins': 16},19,1,2,ok,19,38,0.49418552592396736,14.900839690119028,15.398421573452652,15,65,140,0,,
2026-05-16T04:11:06.274773,noisy,persist,{'bins': 16},19,2,2,ok,38,57,0.5395990554243326,18.45896960608661,19.0020575132221,15,45,89,0,,
2026-05-16T04:11:33.483764,noisy,persist,{'bins': 16},19,3,2,ok,57,76,0.5378592172637582,26.6263908110559,27.1677479268983,15,40,109,0,,
2026-05-16T04:11:43.367171,noisy,persist,{'bins': 16},19,4,2,ok,76,95,0.595250298269093,9.252358326688409,9.850767468102276,15,94,185,0,,
2026-05-16T04:11:58.170805,noisy,persist,{'bins': 16},20,0,2,ok,0,20,0.5800736360251904,14.151453196071088,14.734970659948885,15,88,180,0,,
2026-05-16T04:12:16.232064,noisy,persist,{'bins': 16},20,1,2,ok,20,40,0.5829304624348879,17.43794948235154,18.024476539343596,15,24,68,0,,
2026-05-16T04:12:49.827580,noisy,persist,{'bins': 16},20,2,2,ok,40,60,0.6071170149371028,32.93609725963324,33.54706879425794,15,60,142,0,,
2026-05-16T04:13:03.522737,noisy,persist,{'bins': 16},20,3,2,ok,60,80,0.5999321592971683,13.05069033242762,13.654240897856653,15,33,75,0,,
2026-05-16T04:13:14.833233,noisy,persist,{'bins': 16},20,4,2,ok,80,100,0.5603156788274646,10.709887182340026,11.273595032282174,15,56,125,0,,
2026-05-16T04:13:26.019504,noisy,persist,{'bins': 16},21,0,2,ok,0,21,0.5807734997943044,10.539502734318376,11.123875182121992,15,9,39,0,,
2026-05-16T04:13:42.100152,noisy,persist,{'bins': 16},21,1,2,ok,21,42,0.5280513856559992,15.507999489083886,16.039823801256716,15,58,120,0,,
2026-05-16T04:14:11.572546,noisy,persist,{'bins': 16},21,2,2,ok,42,63,0.626678129658103,28.791078521870077,29.421668217517436,15,76,170,0,,
2026-05-16T04:14:21.358208,noisy,persist,{'bins': 16},21,3,2,ok,63,84,0.5915585933253169,9.155741757713258,9.75084998831153,15,39,86,0,,
2026-05-16T04:14:29.171359,noisy,persist,{'bins': 16},21,4,2,ok,84,105,0.5671535497531295,7.209421775303781,7.780126262456179,15,57,117,0,,
2026-05-16T04:14:50.508690,noisy,persist,{'bins': 16},22,0,2,ok,0,22,0.6436949763447046,20.609020797535777,21.25676395650953,15,80,170,0,,
2026-05-16T04:15:19.317180,noisy,persist,{'bins': 16},22,1,2,ok,22,44,0.58153161033988,28.168467603623867,28.753965322859585,15,41,91,0,,
2026-05-16T04:15:42.645856,noisy,persist,{'bins': 16},22,2,2,ok,44,66,0.5515764653682709,22.73060543835163,23.28597371466458,15,30,75,0,,
2026-05-16T04:15:57.658591,noisy,persist,{'bins': 16},22,3,2,ok,66,88,0.5848369589075446,14.372972127050161,14.961702728644013,15,50,98,0,,
2026-05-16T04:16:14.939821,noisy,persist,{'bins': 16},22,4,2,ok,88,110,0.6517632082104683,16.584340440109372,17.239899846725166,15,36,86,0,,
2026-05-16T04:16:35.530127,noisy,persist,{'bins': 16},23,0,2,ok,0,23,0.5572113171219826,19.955494566820562,20.51689070276916,15,30,77,0,,
2026-05-16T04:17:14.605657,noisy,persist,{'bins': 16},23,1,2,ok,23,46,0.6466051107272506,38.36621881369501,39.017198940739036,15,61,140,0,,
2026-05-16T04:17:46.493765,noisy,persist,{'bins': 16},23,2,2,ok,46,69,0.6242417022585869,31.196419490501285,31.82498377095908,15,84,175,0,,
2026-05-16T04:18:03.491476,noisy,persist,{'bins': 16},23,3,2,ok,69,92,0.6633298890665174,16.276814001612365,16.944349038414657,15,65,137,0,,
2026-05-16T04:18:10.726751,noisy,persist,{'bins': 16},23,4,2,ok,92,115,0.5776699287816882,6.615961161442101,7.197288167662919,15,39,77,0,,
2026-05-16T04:18:45.620718,noisy,persist,{'bins': 16},24,0,2,ok,0,24,0.686531943269074,34.11564748547971,34.80646830238402,15,47,118,0,,
2026-05-16T04:19:36.090418,noisy,persist,{'bins': 16},24,1,2,ok,24,48,0.6985917305573821,49.71645633690059,50.419522209092975,15,37,110,0,,
2026-05-16T04:20:00.810794,noisy,persist,{'bins': 16},24,2,2,ok,48,72,0.5401380313560367,24.126896543428302,24.67133087385446,15,55,120,0,,
2026-05-16T04:20:21.609286,noisy,persist,{'bins': 16},24,3,2,ok,72,96,0.6305206809192896,20.109140573069453,20.74411819409579,15,56,123,0,,
2026-05-16T04:20:35.385612,noisy,persist,{'bins': 16},24,4,2,ok,96,120,0.6802850607782602,13.052676209248602,13.736895598471165,15,30,77,0,,
2026-05-16T04:21:10.199708,noisy,persist,{'bins': 16},25,0,2,ok,0,25,0.6971463551744819,34.018589868210256,34.720310845412314,15,53,123,0,,
2026-05-16T04:21:45.119270,noisy,persist,{'bins': 16},25,1,2,ok,25,50,0.6862075719982386,34.17191749904305,34.862832301296294,15,72,175,0,,
2026-05-16T04:22:20.055196,noisy,persist,{'bins': 16},25,2,2,ok,50,75,0.6444507800042629,34.23373243678361,34.88309056311846,15,39,108,0,,
2026-05-16T04:22:48.863522,noisy,persist,{'bins': 16},25,3,2,ok,75,100,0.6510053602978587,28.09669240284711,28.75214616768062,15,19,59,0,,
2026-05-16T04:23:25.684523,noisy,persist,{'bins': 16},25,4,2,ok,100,125,0.6389189511537552,36.10748687386513,36.75128699187189,15,95,205,0,,
