timestamp,dataset,method,params,trace_count,repeat,tag_k,status,trace_indices_start,trace_indices_end,disc_time,learn_time,total_time,actual_bins,n_states,n_edges,n_inconsistencies,error_type,error_msg
2026-05-16T00:04:22.790107,clean,naive,{'bins': 5},1,0,4,ok,0,1,0.0005282117053866386,0.0020197341218590736,0.002820577472448349,5,11,11,0,,
2026-05-16T00:04:22.793315,clean,naive,{'bins': 5},1,1,4,ok,1,2,0.00031315814703702927,0.0014423094689846039,0.0019548526033759117,5,16,15,0,,
2026-05-16T00:04:22.799067,clean,naive,{'bins': 5},1,2,4,ok,2,3,0.00030080415308475494,0.002028360031545162,0.0025188904255628586,5,11,11,0,,
2026-05-16T00:04:22.802676,clean,naive,{'bins': 5},1,3,4,ok,3,4,0.0002907468006014824,0.002145480364561081,0.0026259124279022217,5,13,13,0,,
2026-05-16T00:04:22.804951,clean,naive,{'bins': 5},1,4,4,ok,4,5,0.0002947729080915451,0.0009590517729520798,0.0014406563714146614,5,12,11,0,,
2026-05-16T00:04:22.818445,clean,naive,{'bins': 5},2,0,4,ok,0,2,0.0004990985617041588,0.009612636640667915,0.010405686683952808,5,25,26,0,,
2026-05-16T00:04:22.829406,clean,naive,{'bins': 5},2,1,4,ok,2,4,0.0005052583292126656,0.00899326242506504,0.00978835579007864,5,14,16,0,,
2026-05-16T00:04:22.838160,clean,naive,{'bins': 5},2,2,4,ok,4,6,0.0005112402141094208,0.006773322820663452,0.007572324015200138,5,25,26,0,,
2026-05-16T00:04:22.853637,clean,naive,{'bins': 5},2,3,4,ok,6,8,0.0005369680002331734,0.01347522996366024,0.014301622286438942,5,20,23,0,,
2026-05-16T00:04:22.863277,clean,naive,{'bins': 5},2,4,4,ok,8,10,0.0005221106112003326,0.00767885334789753,0.008493313565850258,5,19,20,0,,
2026-05-16T00:04:22.880192,clean,naive,{'bins': 5},3,0,4,ok,0,3,0.0007128184661269188,0.012761920690536499,0.01389514934271574,5,29,31,0,,
2026-05-16T00:04:22.894486,clean,naive,{'bins': 5},3,1,4,ok,3,6,0.0007230285555124283,0.01183925848454237,0.01294955424964428,5,25,27,0,,
2026-05-16T00:04:22.924279,clean,naive,{'bins': 5},3,2,4,ok,6,9,0.0007131695747375488,0.02726368047297001,0.02837073989212513,5,29,34,0,,
2026-05-16T00:04:22.936420,clean,naive,{'bins': 5},3,3,4,ok,9,12,0.0007362430915236473,0.009791072458028793,0.010911486111581326,5,27,29,0,,
2026-05-16T00:04:22.954323,clean,naive,{'bins': 5},3,4,4,ok,12,15,0.0007272455841302872,0.015230596996843815,0.016360879875719547,5,27,28,0,,
2026-05-16T00:04:22.988015,clean,naive,{'bins': 5},4,0,4,ok,0,4,0.0009248973801732063,0.028970176354050636,0.03038606606423855,5,31,36,0,,
2026-05-16T00:04:23.011015,clean,naive,{'bins': 5},4,1,4,ok,4,8,0.0009325817227363586,0.020095646381378174,0.02151801809668541,5,25,28,0,,
2026-05-16T00:04:23.033071,clean,naive,{'bins': 5},4,2,4,ok,8,12,0.0009361971169710159,0.019120454788208008,0.0205402709543705,5,31,35,0,,
2026-05-16T00:04:23.071967,clean,naive,{'bins': 5},4,3,4,ok,12,16,0.000937161035835743,0.035767394118011,0.037199174053967,5,28,33,0,,
2026-05-16T00:04:23.092152,clean,naive,{'bins': 5},4,4,4,ok,16,20,0.0009624278172850609,0.016966269351541996,0.018420140258967876,5,26,29,0,,
2026-05-16T00:04:23.142721,clean,naive,{'bins': 5},5,0,4,ok,0,5,0.0011432766914367676,0.04531497694551945,0.04717250540852547,5,28,34,0,,
2026-05-16T00:04:23.180880,clean,naive,{'bins': 5},5,1,4,ok,5,10,0.001134992577135563,0.034494261257350445,0.0363404992967844,5,31,35,0,,
2026-05-16T00:04:23.246717,clean,naive,{'bins': 5},5,2,4,ok,10,15,0.00112904142588377,0.06206847634166479,0.06394577212631702,5,29,36,0,,
2026-05-16T00:04:23.277051,clean,naive,{'bins': 5},5,3,4,ok,15,20,0.0011251633986830711,0.026609981432557106,0.028465798124670982,5,28,33,0,,
2026-05-16T00:04:23.316902,clean,naive,{'bins': 5},5,4,4,ok,20,25,0.0011696470901370049,0.03605043422430754,0.0379503034055233,5,37,43,0,,
2026-05-16T00:04:23.363531,clean,naive,{'bins': 5},6,0,4,ok,0,6,0.0013722078874707222,0.039987689815461636,0.04262453317642212,5,3,6,0,,
2026-05-16T00:04:23.394699,clean,naive,{'bins': 5},6,1,4,ok,6,12,0.0013520903885364532,0.027132805436849594,0.029312409460544586,5,32,36,0,,
2026-05-16T00:04:23.455718,clean,naive,{'bins': 5},6,2,4,ok,12,18,0.0013578301295638084,0.05674061831086874,0.05894837528467178,5,11,16,0,,
2026-05-16T00:04:23.505850,clean,naive,{'bins': 5},6,3,4,ok,18,24,0.001338914968073368,0.04542838130146265,0.0476183844730258,5,30,36,0,,
2026-05-16T00:04:23.546182,clean,naive,{'bins': 5},6,4,4,ok,24,30,0.0013943994417786598,0.03629143722355366,0.038538116961717606,5,3,6,0,,
2026-05-16T00:04:23.605912,clean,naive,{'bins': 5},7,0,4,ok,0,7,0.0015408042818307877,0.05344931595027447,0.055944242514669895,5,11,14,0,,
2026-05-16T00:04:23.667638,clean,naive,{'bins': 5},7,1,4,ok,7,14,0.0015686675906181335,0.057007549330592155,0.059537832625210285,5,19,26,0,,
2026-05-16T00:04:23.771014,clean,naive,{'bins': 5},7,2,4,ok,14,21,0.0015794569626450539,0.09833883307874203,0.10088449530303478,5,28,39,0,,
2026-05-16T00:04:23.821704,clean,naive,{'bins': 5},7,3,4,ok,21,28,0.0015513943508267403,0.045991155318915844,0.048496983014047146,5,35,41,0,,
2026-05-16T00:04:23.865821,clean,naive,{'bins': 5},7,4,4,ok,28,35,0.001602068543434143,0.039242641068995,0.04182174429297447,5,35,40,0,,
2026-05-16T00:04:23.929190,clean,naive,{'bins': 5},8,0,4,ok,0,8,0.0017660567536950111,0.05656127259135246,0.05942982994019985,5,10,13,0,,
2026-05-16T00:04:23.993398,clean,naive,{'bins': 5},8,1,4,ok,8,16,0.0017866957932710648,0.05886873509734869,0.061743575148284435,5,16,21,0,,
2026-05-16T00:04:24.071174,clean,naive,{'bins': 5},8,2,4,ok,16,24,0.0017783800140023232,0.07234324514865875,0.07521191332489252,5,27,34,0,,
2026-05-16T00:04:24.116384,clean,naive,{'bins': 5},8,3,4,ok,24,32,0.0017701545730233192,0.04024433344602585,0.04309325385838747,5,3,6,0,,
2026-05-16T00:04:24.213715,clean,naive,{'bins': 5},8,4,4,ok,32,40,0.0018127243965864182,0.09185965452343225,0.09490613639354706,5,4,7,0,,
2026-05-16T00:04:24.298668,clean,naive,{'bins': 5},9,0,4,ok,0,9,0.0019757216796278954,0.07758304756134748,0.08080303575843573,5,5,8,0,,
2026-05-16T00:04:24.390491,clean,naive,{'bins': 5},9,1,4,ok,9,18,0.0019967304542660713,0.0856520738452673,0.08893225528299809,5,34,43,0,,
2026-05-16T00:04:24.459294,clean,naive,{'bins': 5},9,2,4,ok,18,27,0.001989046111702919,0.0627069752663374,0.06590585317462683,5,42,48,0,,
2026-05-16T00:04:24.522652,clean,naive,{'bins': 5},9,3,4,ok,27,36,0.001988103613257408,0.05716879200190306,0.06058468762785196,5,34,40,0,,
2026-05-16T00:04:24.608140,clean,naive,{'bins': 5},9,4,4,ok,36,45,0.0020111873745918274,0.07951063755899668,0.08273215871304274,5,18,24,0,,
2026-05-16T00:04:24.708955,clean,naive,{'bins': 5},10,0,4,ok,0,10,0.002366434782743454,0.09308482427150011,0.09664665441960096,5,7,11,0,,
2026-05-16T00:04:24.806052,clean,naive,{'bins': 5},10,1,4,ok,10,20,0.0023366091772913933,0.09051822405308485,0.0941909933462739,5,10,14,0,,
2026-05-16T00:04:24.921500,clean,naive,{'bins': 5},10,2,4,ok,20,30,0.002333131618797779,0.1090876143425703,0.1126093789935112,5,30,38,0,,
2026-05-16T00:04:25.057450,clean,naive,{'bins': 5},10,3,4,ok,30,40,0.002355063334107399,0.12936531193554401,0.13311043567955494,5,5,8,0,,
2026-05-16T00:04:25.140919,clean,naive,{'bins': 5},10,4,4,ok,40,50,0.0023932047188282013,0.07711899559944868,0.08070839755237103,5,8,12,0,,
2026-05-16T00:04:25.253980,clean,naive,{'bins': 5},11,0,4,ok,0,11,0.002537507563829422,0.10456860531121492,0.1084601553156972,5,12,18,0,,
2026-05-16T00:04:25.361584,clean,naive,{'bins': 5},11,1,4,ok,11,22,0.0025718500837683678,0.09976205695420504,0.10379177611321211,5,8,12,0,,
2026-05-16T00:04:25.448858,clean,naive,{'bins': 5},11,2,4,ok,22,33,0.002553556114435196,0.08027319051325321,0.08427223190665245,5,25,32,0,,
2026-05-16T00:04:25.537537,clean,naive,{'bins': 5},11,3,4,ok,33,44,0.002567070536315441,0.08114559948444366,0.08507077116519213,5,38,44,0,,
2026-05-16T00:04:25.629594,clean,naive,{'bins': 5},11,4,4,ok,44,55,0.002781384624540806,0.08486073836684227,0.0889787133783102,5,10,14,0,,
2026-05-16T00:04:25.773684,clean,naive,{'bins': 5},12,0,4,ok,0,12,0.0027995891869068146,0.13490222208201885,0.1392580447718501,5,13,18,0,,
2026-05-16T00:04:25.885992,clean,naive,{'bins': 5},12,1,4,ok,12,24,0.002809196710586548,0.10476529411971569,0.10902716033160686,5,8,12,0,,
2026-05-16T00:04:25.971359,clean,naive,{'bins': 5},12,2,4,ok,24,36,0.00280116219073534,0.07807760685682297,0.08231392409652472,5,13,19,0,,
2026-05-16T00:04:26.051520,clean,naive,{'bins': 5},12,3,4,ok,36,48,0.0029051564633846283,0.07246524374932051,0.07682618498802185,5,13,16,0,,
2026-05-16T00:04:26.192484,clean,naive,{'bins': 5},12,4,4,ok,48,60,0.0028001992031931877,0.13330332841724157,0.1376490816473961,5,15,20,0,,
2026-05-16T00:04:26.369925,clean,naive,{'bins': 5},13,0,4,ok,0,13,0.0030077407136559486,0.1650960985571146,0.16979995369911194,5,14,21,0,,
2026-05-16T00:04:26.506005,clean,naive,{'bins': 5},13,1,4,ok,13,26,0.0030808569863438606,0.12761091627180576,0.1322545288130641,5,25,31,0,,
2026-05-16T00:04:26.621321,clean,naive,{'bins': 5},13,2,4,ok,26,39,0.003010113723576069,0.1070657866075635,0.11164472717791796,5,8,12,0,,
2026-05-16T00:04:26.730085,clean,naive,{'bins': 5},13,3,4,ok,39,52,0.003112475387752056,0.10069793555885553,0.10537640284746885,5,8,12,0,,
2026-05-16T00:04:26.846321,clean,naive,{'bins': 5},13,4,4,ok,52,65,0.0030962955206632614,0.10820457618683577,0.11296974588185549,5,4,7,0,,
2026-05-16T00:04:27.029065,clean,naive,{'bins': 5},14,0,4,ok,0,14,0.0032426007091999054,0.172366663813591,0.17739298474043608,5,5,8,0,,
2026-05-16T00:04:27.206258,clean,naive,{'bins': 5},14,1,4,ok,14,28,0.0033299950882792473,0.16804952453821898,0.17316767759621143,5,23,30,0,,
2026-05-16T00:04:27.339579,clean,naive,{'bins': 5},14,2,4,ok,28,42,0.0032818634063005447,0.12455960642546415,0.1296955719590187,5,12,19,0,,
2026-05-16T00:04:27.470542,clean,naive,{'bins': 5},14,3,4,ok,42,56,0.0032986262813210487,0.12213738542050123,0.12727961502969265,5,7,11,0,,
2026-05-16T00:04:27.610682,clean,naive,{'bins': 5},14,4,4,ok,56,70,0.003275744616985321,0.13185405638068914,0.13679884560406208,5,5,8,0,,
2026-05-16T00:04:27.786575,clean,naive,{'bins': 5},15,0,4,ok,0,15,0.0035537248477339745,0.1650124303996563,0.17034858278930187,5,5,8,0,,
2026-05-16T00:04:27.907824,clean,naive,{'bins': 5},15,1,4,ok,15,30,0.0034708883613348007,0.11167575512081385,0.11694431118667126,5,32,40,0,,
2026-05-16T00:04:28.080481,clean,naive,{'bins': 5},15,2,4,ok,30,45,0.0036141090095043182,0.16303497459739447,0.16845081746578217,5,7,10,0,,
2026-05-16T00:04:28.204803,clean,naive,{'bins': 5},15,3,4,ok,45,60,0.003595903515815735,0.11476681008934975,0.12024704366922379,5,26,33,0,,
2026-05-16T00:04:28.393204,clean,naive,{'bins': 5},15,4,4,ok,60,75,0.0035232175141572952,0.1789034614339471,0.18441969342529774,5,26,36,0,,
2026-05-16T00:04:28.596443,clean,naive,{'bins': 5},16,0,4,ok,0,16,0.0037318887189030647,0.19160397816449404,0.19745237287133932,5,5,8,0,,
2026-05-16T00:04:28.777580,clean,naive,{'bins': 5},16,1,4,ok,16,32,0.00370840635150671,0.1712890202179551,0.1770321074873209,5,7,11,0,,
2026-05-16T00:04:28.884661,clean,naive,{'bins': 5},16,2,4,ok,32,48,0.0037123924121260643,0.09698445070534945,0.1027716901153326,5,3,6,0,,
2026-05-16T00:04:29.096973,clean,naive,{'bins': 5},16,3,4,ok,48,64,0.0036824271082878113,0.20237368624657393,0.20810861885547638,5,11,16,0,,
2026-05-16T00:04:29.223736,clean,naive,{'bins': 5},16,4,4,ok,64,80,0.0037437817081809044,0.11651823110878468,0.12231598142534494,5,31,41,0,,
2026-05-16T00:04:29.423951,clean,naive,{'bins': 5},17,0,4,ok,0,17,0.004096063785254955,0.1881518131121993,0.19432377628982067,5,5,8,0,,
2026-05-16T00:04:29.548748,clean,naive,{'bins': 5},17,1,4,ok,17,34,0.003975406289100647,0.11433045100420713,0.12034677155315876,5,17,24,0,,
2026-05-16T00:04:29.686112,clean,naive,{'bins': 5},17,2,4,ok,34,51,0.0039468444883823395,0.126803670078516,0.13287585601210594,5,3,6,0,,
2026-05-16T00:04:29.848697,clean,naive,{'bins': 5},17,3,4,ok,51,68,0.00393651332706213,0.15231905691325665,0.15838056150823832,5,8,12,0,,
2026-05-16T00:04:30.017117,clean,naive,{'bins': 5},17,4,4,ok,68,85,0.003996577113866806,0.1578464088961482,0.1640304047614336,5,5,8,0,,
2026-05-16T00:04:30.333971,clean,naive,{'bins': 5},18,0,4,ok,0,18,0.004147850908339024,0.30402642488479614,0.31048689037561417,5,5,8,0,,
2026-05-16T00:04:30.495498,clean,naive,{'bins': 5},18,1,4,ok,18,36,0.004268008284270763,0.15049766562879086,0.1570321014150977,5,12,17,0,,
2026-05-16T00:04:30.672622,clean,naive,{'bins': 5},18,2,4,ok,36,54,0.00415947288274765,0.1657988866791129,0.17218694556504488,5,21,28,0,,
2026-05-16T00:04:30.862882,clean,naive,{'bins': 5},18,3,4,ok,54,72,0.004186473786830902,0.17949562333524227,0.18603201024234295,5,5,8,0,,
2026-05-16T00:04:31.067795,clean,naive,{'bins': 5},18,4,4,ok,72,90,0.004193427041172981,0.19394311029464006,0.2004113094881177,5,7,11,0,,
2026-05-16T00:04:31.391245,clean,naive,{'bins': 5},19,0,4,ok,0,19,0.0044933101162314415,0.30996723379939795,0.3168808901682496,5,5,8,0,,
2026-05-16T00:04:31.550266,clean,naive,{'bins': 5},19,1,4,ok,19,38,0.004412167705595493,0.14721445739269257,0.15401820838451385,5,17,22,0,,
2026-05-16T00:04:31.725998,clean,naive,{'bins': 5},19,2,4,ok,38,57,0.004355752840638161,0.1640654904767871,0.17086610477417707,5,7,11,0,,
2026-05-16T00:04:31.971960,clean,naive,{'bins': 5},19,3,4,ok,57,76,0.004509640857577324,0.23362042754888535,0.24042141251266003,5,43,56,0,,
2026-05-16T00:04:32.149885,clean,naive,{'bins': 5},19,4,4,ok,76,95,0.00456952303647995,0.16607286222279072,0.1730538746342063,5,6,10,0,,
2026-05-16T00:04:32.368901,clean,naive,{'bins': 5},20,0,4,ok,0,20,0.004827206954360008,0.20440997183322906,0.21172263752669096,5,28,36,0,,
2026-05-16T00:04:32.629140,clean,naive,{'bins': 5},20,1,4,ok,20,40,0.004761292599141598,0.24783033039420843,0.25511039420962334,5,11,16,0,,
2026-05-16T00:04:32.790503,clean,naive,{'bins': 5},20,2,4,ok,40,60,0.004587066359817982,0.14894568920135498,0.1562278987839818,5,3,6,0,,
2026-05-16T00:04:33.004269,clean,naive,{'bins': 5},20,3,4,ok,60,80,0.0046935658901929855,0.20138416811823845,0.2085529025644064,5,23,31,0,,
2026-05-16T00:04:33.196268,clean,naive,{'bins': 5},20,4,4,ok,80,100,0.004673558287322521,0.1795767955482006,0.18679789919406176,5,10,15,0,,
2026-05-16T00:04:33.436178,clean,naive,{'bins': 5},21,0,4,ok,0,21,0.004995684139430523,0.22491831332445145,0.23260259721428156,5,6,9,0,,
2026-05-16T00:04:33.681034,clean,naive,{'bins': 5},21,1,4,ok,21,42,0.004882710985839367,0.2319137630984187,0.2394377551972866,5,14,20,0,,
2026-05-16T00:04:33.859391,clean,naive,{'bins': 5},21,2,4,ok,42,63,0.0050151897594332695,0.16477328073233366,0.17239174991846085,5,37,46,0,,
2026-05-16T00:04:34.045308,clean,naive,{'bins': 5},21,3,4,ok,63,84,0.004885707050561905,0.17277297656983137,0.18040124513208866,5,25,33,0,,
2026-05-16T00:04:34.254431,clean,naive,{'bins': 5},21,4,4,ok,84,105,0.0051755718886852264,0.19595239497721195,0.20378567930310965,5,10,15,0,,
2026-05-16T00:04:34.457633,clean,naive,{'bins': 5},22,0,4,ok,0,22,0.005090681836009026,0.18730710539966822,0.19519744534045458,5,29,40,0,,
2026-05-16T00:04:34.665441,clean,naive,{'bins': 5},22,1,4,ok,22,44,0.0052751172333955765,0.19408629089593887,0.20205809362232685,5,15,21,0,,
2026-05-16T00:04:34.833134,clean,naive,{'bins': 5},22,2,4,ok,44,66,0.00520809181034565,0.15393764711916447,0.1619482133537531,5,24,34,0,,
2026-05-16T00:04:35.052371,clean,naive,{'bins': 5},22,3,4,ok,66,88,0.0053469836711883545,0.20530687645077705,0.21344064455479383,5,25,33,0,,
2026-05-16T00:04:35.259886,clean,naive,{'bins': 5},22,4,4,ok,88,110,0.005444406531751156,0.19363520201295614,0.20187291596084833,5,9,13,0,,
2026-05-16T00:04:35.464825,clean,naive,{'bins': 5},23,0,4,ok,0,23,0.005419670604169369,0.1884460048750043,0.19663857389241457,5,29,40,0,,
2026-05-16T00:04:35.675051,clean,naive,{'bins': 5},23,1,4,ok,23,46,0.005435450002551079,0.19563949666917324,0.20379586797207594,5,32,42,0,,
2026-05-16T00:04:35.877765,clean,naive,{'bins': 5},23,2,4,ok,46,69,0.005370196886360645,0.18834418524056673,0.19656955543905497,5,33,46,0,,
2026-05-16T00:04:36.093735,clean,naive,{'bins': 5},23,3,4,ok,69,92,0.005364646203815937,0.20165600907057524,0.20977352559566498,5,22,28,0,,
2026-05-16T00:04:36.332001,clean,naive,{'bins': 5},23,4,4,ok,92,115,0.005400706082582474,0.2243209108710289,0.23248368501663208,5,5,8,0,,
2026-05-16T00:04:36.528145,clean,naive,{'bins': 5},24,0,4,ok,0,24,0.005603985860943794,0.1796130845323205,0.18800093978643417,5,25,34,0,,
2026-05-16T00:04:36.724094,clean,naive,{'bins': 5},24,1,4,ok,24,48,0.005589118227362633,0.18066162429749966,0.18922785390168428,5,23,32,0,,
2026-05-16T00:04:37.068643,clean,naive,{'bins': 5},24,2,4,ok,48,72,0.0054647549986839294,0.33044041972607374,0.33876350428909063,5,6,10,0,,
2026-05-16T00:04:37.249914,clean,naive,{'bins': 5},24,3,4,ok,72,96,0.005660451948642731,0.16666247975081205,0.17530515231192112,5,7,11,0,,
2026-05-16T00:04:37.508016,clean,naive,{'bins': 5},24,4,4,ok,96,120,0.005749961361289024,0.24344146624207497,0.2519827801734209,5,23,32,0,,
2026-05-16T00:04:37.715652,clean,naive,{'bins': 5},25,0,4,ok,0,25,0.005784054286777973,0.1901281550526619,0.1988982381299138,5,25,34,0,,
2026-05-16T00:04:37.925454,clean,naive,{'bins': 5},25,1,4,ok,25,50,0.0057464540004730225,0.19405939057469368,0.20275023486465216,5,24,31,0,,
2026-05-16T00:04:38.196743,clean,naive,{'bins': 5},25,2,4,ok,50,75,0.005837274715304375,0.25646708346903324,0.26532033272087574,5,6,9,0,,
2026-05-16T00:04:38.436491,clean,naive,{'bins': 5},25,3,4,ok,75,100,0.005840298719704151,0.22422859817743301,0.23319903668016195,5,8,12,0,,
2026-05-16T00:04:38.625033,clean,naive,{'bins': 5},25,4,4,ok,100,125,0.005916113965213299,0.17343371827155352,0.1823756154626608,5,5,8,0,,
2026-05-16T00:04:38.827998,clean,naive,{'bins': 5},26,0,4,ok,0,26,0.006008796393871307,0.18534304853528738,0.1944809928536415,5,5,8,0,,
2026-05-16T00:04:38.996010,clean,naive,{'bins': 5},26,1,4,ok,26,52,0.0061529166996479034,0.15172654390335083,0.16094750352203846,5,12,15,0,,
2026-05-16T00:04:39.243743,clean,naive,{'bins': 5},26,2,4,ok,52,78,0.005988819524645805,0.23253520019352436,0.2415585294365883,5,5,8,0,,
2026-05-16T00:04:39.572829,clean,naive,{'bins': 5},26,3,4,ok,78,104,0.00594791304320097,0.313131176866591,0.32224807143211365,5,5,8,0,,
2026-05-16T00:04:39.945380,clean,naive,{'bins': 5},26,4,4,ok,104,130,0.006181702017784119,0.35698390658944845,0.3662263276055455,5,5,8,0,,
2026-05-16T00:04:40.156926,clean,naive,{'bins': 5},27,0,4,ok,0,27,0.0063606975600123405,0.19320765882730484,0.2028431287035346,5,5,8,0,,
2026-05-16T00:04:40.371258,clean,naive,{'bins': 5},27,1,4,ok,27,54,0.0063821785151958466,0.19743598252534866,0.20707919634878635,5,7,11,0,,
2026-05-16T00:04:40.742441,clean,naive,{'bins': 5},27,2,4,ok,54,81,0.006435106508433819,0.3549068858847022,0.3645835714414716,5,5,8,0,,
2026-05-16T00:04:41.002875,clean,naive,{'bins': 5},27,3,4,ok,81,108,0.006325351074337959,0.243872145190835,0.2534677190706134,5,16,23,0,,
2026-05-16T00:04:41.275482,clean,naive,{'bins': 5},27,4,4,ok,108,135,0.00640617311000824,0.25606721080839634,0.2657445091754198,5,5,8,0,,
2026-05-16T00:04:41.496800,clean,naive,{'bins': 5},28,0,4,ok,0,28,0.006568087264895439,0.20228099264204502,0.21227111760526896,5,5,8,0,,
2026-05-16T00:04:41.793427,clean,naive,{'bins': 5},28,1,4,ok,28,56,0.006606408394873142,0.2790555413812399,0.28919817227870226,5,3,6,0,,
2026-05-16T00:04:42.055205,clean,naive,{'bins': 5},28,2,4,ok,56,84,0.006547578610479832,0.24453017115592957,0.25446606427431107,5,22,30,0,,
2026-05-16T00:04:42.328373,clean,naive,{'bins': 5},28,3,4,ok,84,112,0.006436869502067566,0.25632087886333466,0.26621515303850174,5,9,14,0,,
2026-05-16T00:04:42.545914,clean,naive,{'bins': 5},28,4,4,ok,112,140,0.0066091641783714294,0.19889659620821476,0.20907548535615206,5,18,25,0,,
2026-05-16T00:04:42.776956,clean,naive,{'bins': 5},29,0,4,ok,0,29,0.007699332199990749,0.2097233710810542,0.22109610307961702,5,5,8,0,,
2026-05-16T00:04:43.033952,clean,naive,{'bins': 5},29,1,4,ok,29,58,0.0075290026143193245,0.23800853174179792,0.24908903520554304,5,3,6,0,,
2026-05-16T00:04:43.269946,clean,naive,{'bins': 5},29,2,4,ok,58,87,0.007452728226780891,0.21774301584810019,0.2286397134885192,5,5,8,0,,
2026-05-16T00:04:43.551125,clean,naive,{'bins': 5},29,3,4,ok,87,116,0.0075125014409422874,0.262611604295671,0.2736930390819907,5,26,36,0,,
2026-05-16T00:04:43.768386,clean,naive,{'bins': 5},29,4,4,ok,116,145,0.00767972506582737,0.19819360598921776,0.20944262482225895,5,16,20,0,,
2026-05-16T00:04:43.999783,clean,naive,{'bins': 5},30,0,4,ok,0,30,0.007031748071312904,0.21104327123612165,0.2218415942043066,5,5,8,0,,
2026-05-16T00:04:44.305432,clean,naive,{'bins': 5},30,1,4,ok,30,60,0.006916862912476063,0.28676115442067385,0.29734630789607763,5,3,6,0,,
2026-05-16T00:04:44.609212,clean,naive,{'bins': 5},30,2,4,ok,60,90,0.007142235524952412,0.2856011753901839,0.2962597766891122,5,20,28,0,,
2026-05-16T00:04:44.910405,clean,naive,{'bins': 5},30,3,4,ok,90,120,0.007024574093520641,0.28347762767225504,0.2941114315763116,5,5,8,0,,
2026-05-16T00:04:45.296492,clean,naive,{'bins': 5},30,4,4,ok,120,150,0.0069659557193517685,0.367734519764781,0.37822218984365463,5,5,8,0,,
2026-05-16T00:04:45.533212,clean,naive,{'bins': 5},31,0,4,ok,0,31,0.007147454656660557,0.21585612185299397,0.22685652319341898,5,5,8,0,,
2026-05-16T00:04:45.822416,clean,naive,{'bins': 5},31,1,4,ok,31,62,0.007303209044039249,0.2699169060215354,0.28093222714960575,5,3,6,0,,
2026-05-16T00:04:46.160218,clean,naive,{'bins': 5},31,2,4,ok,62,93,0.0072068870067596436,0.31919942516833544,0.3300489140674472,5,19,27,0,,
2026-05-16T00:04:46.522726,clean,naive,{'bins': 5},31,3,4,ok,93,124,0.0073323929682374,0.3437816184014082,0.35474706534296274,5,5,8,0,,
2026-05-16T00:04:46.836287,clean,naive,{'bins': 5},31,4,4,ok,124,155,0.007138597778975964,0.29475445952266455,0.30559372901916504,5,6,9,0,,
2026-05-16T00:04:47.083708,clean,naive,{'bins': 5},32,0,4,ok,0,32,0.007430698722600937,0.226172118447721,0.23741311393678188,5,5,8,0,,
2026-05-16T00:04:47.388258,clean,naive,{'bins': 5},32,1,4,ok,32,64,0.007319137454032898,0.28420682810246944,0.2953268447890878,5,27,38,0,,
2026-05-16T00:04:47.653613,clean,naive,{'bins': 5},32,2,4,ok,64,96,0.007610384374856949,0.2459309110417962,0.25733873900026083,5,20,28,0,,
2026-05-16T00:04:47.942029,clean,naive,{'bins': 5},32,3,4,ok,96,128,0.007655519060790539,0.26885598339140415,0.2804797263815999,5,5,8,0,,
2026-05-16T00:04:48.205800,clean,naive,{'bins': 5},32,4,4,ok,128,160,0.007504596374928951,0.2434704201295972,0.2549158278852701,5,3,6,0,,
2026-05-16T00:04:48.469340,clean,naive,{'bins': 5},33,0,4,ok,0,33,0.007723857648670673,0.24119221046566963,0.25307654310017824,5,5,8,0,,
2026-05-16T00:04:48.740123,clean,naive,{'bins': 5},33,1,4,ok,33,66,0.007668414153158665,0.2504850160330534,0.262140229344368,5,6,10,0,,
2026-05-16T00:04:49.133716,clean,naive,{'bins': 5},33,2,4,ok,66,99,0.007688491605222225,0.37352393474429846,0.3851973917335272,5,20,28,0,,
2026-05-16T00:04:49.533483,clean,naive,{'bins': 5},33,3,4,ok,99,132,0.007867948152124882,0.3796913595870137,0.3915384216234088,5,20,28,0,,
2026-05-16T00:04:49.908159,clean,naive,{'bins': 5},33,4,4,ok,132,165,0.007766177877783775,0.35367628559470177,0.36570819467306137,5,7,11,0,,
2026-05-16T00:04:50.176841,clean,naive,{'bins': 5},34,0,4,ok,0,34,0.007856707088649273,0.2458527646958828,0.2578543880954385,5,5,8,0,,
2026-05-16T00:04:50.458166,clean,naive,{'bins': 5},34,1,4,ok,34,68,0.0079171909019351,0.2603209409862757,0.2723812647163868,5,6,10,0,,
2026-05-16T00:04:50.846552,clean,naive,{'bins': 5},34,2,4,ok,68,102,0.007948219776153564,0.36749942041933537,0.3795992583036423,5,19,27,0,,
2026-05-16T00:04:51.228160,clean,naive,{'bins': 5},34,3,4,ok,102,136,0.008072052150964737,0.36028636060655117,0.3725709058344364,5,21,29,0,,
2026-05-16T00:04:51.570534,clean,naive,{'bins': 5},34,4,4,ok,136,170,0.008289269171655178,0.3209942877292633,0.3332913350313902,5,7,11,0,,
2026-05-16T00:04:51.852080,clean,naive,{'bins': 5},35,0,4,ok,0,35,0.008062103763222694,0.25837195105850697,0.2706340430304408,5,5,8,0,,
2026-05-16T00:04:52.120892,clean,naive,{'bins': 5},35,1,4,ok,35,70,0.008108931593596935,0.24716079235076904,0.2596214981749654,5,7,11,0,,
2026-05-16T00:04:52.452228,clean,naive,{'bins': 5},35,2,4,ok,70,105,0.008189323358237743,0.3098561158403754,0.3223559856414795,5,9,13,0,,
2026-05-16T00:04:52.740703,clean,naive,{'bins': 5},35,3,4,ok,105,140,0.00815434567630291,0.2673015045002103,0.2795651387423277,5,5,8,0,,
2026-05-16T00:04:52.998391,clean,naive,{'bins': 5},35,4,4,ok,140,175,0.008227324113249779,0.23590138368308544,0.24845698662102222,5,7,11,0,,
2026-05-16T00:04:53.283459,clean,naive,{'bins': 5},36,0,4,ok,0,36,0.008261227048933506,0.2605005884543061,0.27322241477668285,5,5,8,0,,
2026-05-16T00:04:53.631554,clean,naive,{'bins': 5},36,1,4,ok,36,72,0.008314207196235657,0.3254682198166847,0.33828603755682707,5,5,8,0,,
2026-05-16T00:04:54.051462,clean,naive,{'bins': 5},36,2,4,ok,72,108,0.008393806405365467,0.3976718932390213,0.4105877336114645,5,19,27,0,,
2026-05-16T00:04:54.327830,clean,naive,{'bins': 5},36,3,4,ok,108,144,0.008325126953423023,0.2535472186282277,0.26613875944167376,5,27,34,0,,
2026-05-16T00:04:54.624746,clean,naive,{'bins': 5},36,4,4,ok,144,180,0.008564076386392117,0.27379810623824596,0.28684965148568153,5,5,8,0,,
2026-05-16T00:04:54.928312,clean,naive,{'bins': 5},37,0,4,ok,0,37,0.008516065776348114,0.2786999735981226,0.29162187594920397,5,5,8,0,,
2026-05-16T00:04:55.307682,clean,naive,{'bins': 5},37,1,4,ok,37,74,0.00849467609077692,0.3567154025658965,0.36963554192334414,5,15,22,0,,
2026-05-16T00:04:55.723218,clean,naive,{'bins': 5},37,2,4,ok,74,111,0.008607717230916023,0.39208248537033796,0.4051794046536088,5,5,8,0,,
2026-05-16T00:04:56.018088,clean,naive,{'bins': 5},37,3,4,ok,111,148,0.008704881183803082,0.2720719939097762,0.2851270455867052,5,27,36,0,,
2026-05-16T00:04:56.420379,clean,naive,{'bins': 5},37,4,4,ok,148,185,0.008913451805710793,0.378200089558959,0.3916975809261203,5,3,6,0,,
2026-05-16T00:04:56.729565,clean,naive,{'bins': 5},38,0,4,ok,0,38,0.008767438121140003,0.2836874332278967,0.2969614863395691,5,5,8,0,,
2026-05-16T00:04:57.105775,clean,naive,{'bins': 5},38,1,4,ok,38,76,0.008806131780147552,0.3530880995094776,0.36642730608582497,5,15,22,0,,
2026-05-16T00:04:57.451426,clean,naive,{'bins': 5},38,2,4,ok,76,114,0.00890453439205885,0.3222597036510706,0.335666355676949,5,6,9,0,,
2026-05-16T00:04:57.762008,clean,naive,{'bins': 5},38,3,4,ok,114,152,0.008837138302624226,0.28684166725724936,0.3003787435591221,5,27,36,0,,
2026-05-16T00:04:58.141734,clean,naive,{'bins': 5},38,4,4,ok,152,190,0.009014482609927654,0.35557173378765583,0.36927181761711836,5,3,6,0,,
2026-05-16T00:04:58.487702,clean,naive,{'bins': 5},39,0,4,ok,0,39,0.008952375501394272,0.3201426872983575,0.3338644113391638,5,13,19,0,,
2026-05-16T00:04:58.867760,clean,naive,{'bins': 5},39,1,4,ok,39,78,0.009055409580469131,0.3561715120449662,0.369865613989532,5,19,27,0,,
2026-05-16T00:04:59.225447,clean,naive,{'bins': 5},39,2,4,ok,78,117,0.009012497961521149,0.33437841664999723,0.34798320941627026,5,14,20,0,,
2026-05-16T00:04:59.527107,clean,naive,{'bins': 5},39,3,4,ok,117,156,0.009076698683202267,0.2772779418155551,0.2910312758758664,5,18,25,0,,
2026-05-16T00:04:59.823316,clean,naive,{'bins': 5},39,4,4,ok,156,195,0.009100704453885555,0.27146025467664003,0.285262200050056,5,25,32,0,,
2026-05-16T00:05:00.224589,clean,naive,{'bins': 5},40,0,4,ok,0,40,0.009275122545659542,0.3747196411713958,0.38887158315628767,5,13,19,0,,
2026-05-16T00:05:00.583684,clean,naive,{'bins': 5},40,1,4,ok,40,80,0.009544506669044495,0.3345038630068302,0.3488875702023506,5,15,21,0,,
2026-05-16T00:05:01.046412,clean,naive,{'bins': 5},40,2,4,ok,80,120,0.009551011025905609,0.43817632365971804,0.45271042454987764,5,5,8,0,,
2026-05-16T00:05:01.480091,clean,naive,{'bins': 5},40,3,4,ok,120,160,0.009283578023314476,0.4086069939658046,0.4227745356038213,5,7,11,0,,
2026-05-16T00:05:01.840779,clean,naive,{'bins': 5},40,4,4,ok,160,200,0.009483533911406994,0.335017497651279,0.3494262620806694,5,11,16,0,,
2026-05-16T00:05:02.283957,clean,naive,{'bins': 5},41,0,4,ok,0,41,0.009514481760561466,0.4157709199935198,0.4301854344084859,5,19,27,0,,
2026-05-16T00:05:02.663126,clean,naive,{'bins': 5},41,1,4,ok,41,82,0.009571649134159088,0.35422813054174185,0.3687517708167434,5,18,25,0,,
2026-05-16T00:05:03.135425,clean,naive,{'bins': 5},41,2,4,ok,82,123,0.00964024756103754,0.4475199365988374,0.46207237988710403,5,5,8,0,,
2026-05-16T00:05:03.460568,clean,naive,{'bins': 5},41,3,4,ok,123,164,0.009610161185264587,0.2987769255414605,0.3133569611236453,5,5,8,0,,
2026-05-16T00:05:03.748262,clean,naive,{'bins': 5},41,4,4,ok,164,205,0.009662589989602566,0.26264478731900454,0.277205646969378,5,14,20,0,,
2026-05-16T00:05:04.195398,clean,naive,{'bins': 5},42,0,4,ok,0,42,0.00989104900509119,0.41920098196715117,0.434118022210896,5,19,27,0,,
2026-05-16T00:05:04.530763,clean,naive,{'bins': 5},42,1,4,ok,42,84,0.009856733493506908,0.30898939725011587,0.32384867779910564,5,12,16,0,,
2026-05-16T00:05:04.866288,clean,naive,{'bins': 5},42,2,4,ok,84,126,0.009851534850895405,0.3099127830937505,0.32481976319104433,5,5,8,0,,
2026-05-16T00:05:05.166615,clean,naive,{'bins': 5},42,3,4,ok,126,168,0.00983866024762392,0.273109233006835,0.2882641889154911,5,5,8,0,,
2026-05-16T00:05:05.477141,clean,naive,{'bins': 5},42,4,4,ok,168,210,0.009837297722697258,0.28462478145956993,0.29946890473365784,5,11,16,0,,
2026-05-16T00:05:05.908693,clean,naive,{'bins': 5},43,0,4,ok,0,43,0.00983076449483633,0.40256195794790983,0.4176310012117028,5,19,27,0,,
2026-05-16T00:05:06.347444,clean,naive,{'bins': 5},43,1,4,ok,43,86,0.010006885975599289,0.41206098068505526,0.427319061011076,5,10,15,0,,
2026-05-16T00:05:06.675047,clean,naive,{'bins': 5},43,2,4,ok,86,129,0.010085875168442726,0.3012039139866829,0.3166959937661886,5,6,9,0,,
2026-05-16T00:05:07.155029,clean,naive,{'bins': 5},43,3,4,ok,129,172,0.05778805539011955,0.4047403810545802,0.4685787605121732,5,17,24,0,,
2026-05-16T00:05:07.494833,clean,naive,{'bins': 5},43,4,4,ok,172,215,0.010119027458131313,0.31337651796638966,0.32866852171719074,5,11,17,0,,
2026-05-16T00:05:07.949669,clean,naive,{'bins': 5},44,0,4,ok,0,44,0.010279077105224133,0.42554398626089096,0.4411255232989788,5,19,27,0,,
2026-05-16T00:05:08.264400,clean,naive,{'bins': 5},44,1,4,ok,44,88,0.01028008945286274,0.2875055940821767,0.3031665710732341,5,17,22,0,,
2026-05-16T00:05:08.605431,clean,naive,{'bins': 5},44,2,4,ok,88,132,0.0103239631280303,0.3139961939305067,0.3294612430036068,5,5,8,0,,
2026-05-16T00:05:09.015621,clean,naive,{'bins': 5},44,3,4,ok,132,176,0.01027128379791975,0.382901469245553,0.3986191935837269,5,19,24,0,,
2026-05-16T00:05:09.368075,clean,naive,{'bins': 5},44,4,4,ok,176,220,0.01053268276154995,0.32458928879350424,0.3403929928317666,5,23,30,0,,
2026-05-16T00:05:09.829165,clean,naive,{'bins': 5},45,0,4,ok,0,45,0.010437474586069584,0.4312569685280323,0.4470827551558614,5,19,27,0,,
2026-05-16T00:05:10.142482,clean,naive,{'bins': 5},45,1,4,ok,45,90,0.010486066341400146,0.2852741815149784,0.3011516146361828,5,17,22,0,,
2026-05-16T00:05:10.510297,clean,naive,{'bins': 5},45,2,4,ok,90,135,0.01051586214452982,0.3400887819007039,0.3560803597792983,5,6,9,0,,
2026-05-16T00:05:10.937647,clean,naive,{'bins': 5},45,3,4,ok,135,180,0.0579393096268177,0.35109392553567886,0.41470601968467236,5,7,11,0,,
2026-05-16T00:05:11.307632,clean,naive,{'bins': 5},45,4,4,ok,180,225,0.010608094744384289,0.3418188625946641,0.35777902137488127,5,28,36,0,,
2026-05-16T00:05:11.808391,clean,naive,{'bins': 5},46,0,4,ok,0,46,0.0106853898614645,0.4697282388806343,0.4859184492379427,5,19,27,0,,
2026-05-16T00:05:12.194974,clean,naive,{'bins': 5},46,1,4,ok,46,92,0.010696079581975937,0.3571484172716737,0.37344604916870594,5,6,9,0,,
2026-05-16T00:05:12.554801,clean,naive,{'bins': 5},46,2,4,ok,92,138,0.010679400525987148,0.33145397529006004,0.3475184394046664,5,28,36,0,,
2026-05-16T00:05:12.936327,clean,naive,{'bins': 5},46,3,4,ok,138,184,0.010764159262180328,0.3520967187359929,0.36840394977480173,5,7,11,0,,
2026-05-16T00:05:13.384706,clean,naive,{'bins': 5},46,4,4,ok,184,230,0.011038853786885738,0.41921583097428083,0.43575767055153847,5,17,24,0,,
2026-05-16T00:05:13.956091,clean,naive,{'bins': 5},47,0,4,ok,0,47,0.010932695120573044,0.5399064179509878,0.5565237505361438,5,20,28,0,,
2026-05-16T00:05:14.339943,clean,naive,{'bins': 5},47,1,4,ok,47,94,0.011249440722167492,0.3537345239892602,0.37054405827075243,5,6,9,0,,
2026-05-16T00:05:14.759607,clean,naive,{'bins': 5},47,2,4,ok,94,141,0.011347864754498005,0.39018813613802195,0.40742657613009214,5,20,28,0,,
2026-05-16T00:05:15.149023,clean,naive,{'bins': 5},47,3,4,ok,141,188,0.010987908579409122,0.3582849809899926,0.37500889506191015,5,3,6,0,,
2026-05-16T00:05:15.669838,clean,naive,{'bins': 5},47,4,4,ok,188,235,0.011242225766181946,0.4909337917342782,0.5078370003029704,5,17,24,0,,
2026-05-16T00:05:16.263036,clean,naive,{'bins': 5},48,0,4,ok,0,48,0.011159471236169338,0.5600420814007521,0.57707311026752,5,20,28,0,,
2026-05-16T00:05:16.651508,clean,naive,{'bins': 5},48,1,4,ok,48,96,0.011240754276514053,0.3582472112029791,0.37544384226202965,5,6,9,0,,
2026-05-16T00:05:17.045269,clean,naive,{'bins': 5},48,2,4,ok,96,144,0.011240554042160511,0.3637902131304145,0.3807556601241231,5,28,36,0,,
2026-05-16T00:05:17.565317,clean,naive,{'bins': 5},48,3,4,ok,144,192,0.011580422520637512,0.48861529771238565,0.5058962171897292,5,7,11,0,,
2026-05-16T00:05:17.974972,clean,naive,{'bins': 5},48,4,4,ok,192,240,0.011456971056759357,0.3788681235164404,0.3960501281544566,5,9,14,0,,
2026-05-16T00:05:18.532372,clean,naive,{'bins': 5},49,0,4,ok,0,49,0.011399801820516586,0.5240204203873873,0.5413454510271549,5,20,28,0,,
2026-05-16T00:05:18.942074,clean,naive,{'bins': 5},49,1,4,ok,49,98,0.011579751037061214,0.37827184423804283,0.3959936713799834,5,6,9,0,,
2026-05-16T00:05:19.396746,clean,naive,{'bins': 5},49,2,4,ok,98,147,0.011581332422792912,0.42320725973695517,0.44089821819216013,5,28,36,0,,
2026-05-16T00:05:19.841167,clean,naive,{'bins': 5},49,3,4,ok,147,196,0.011396586894989014,0.41186669655144215,0.42913509253412485,5,5,8,0,,
2026-05-16T00:05:20.238029,clean,naive,{'bins': 5},49,4,4,ok,196,245,0.011513575911521912,0.3663949044421315,0.3839545175433159,5,9,14,0,,
2026-05-16T00:05:20.808425,clean,naive,{'bins': 5},50,0,4,ok,0,50,0.01181548461318016,0.5363174667581916,0.5541408760473132,5,20,28,0,,
2026-05-16T00:05:21.211558,clean,naive,{'bins': 5},50,1,4,ok,50,100,0.011816986836493015,0.37133524380624294,0.38924534525722265,5,5,8,0,,
2026-05-16T00:05:21.622147,clean,naive,{'bins': 5},50,2,4,ok,100,150,0.011563921347260475,0.37926745414733887,0.3968084417283535,5,28,36,0,,
2026-05-16T00:05:22.084807,clean,naive,{'bins': 5},50,3,4,ok,150,200,0.011739831417798996,0.4302642932161689,0.4482765467837453,5,7,11,0,,
2026-05-16T00:05:22.513134,clean,naive,{'bins': 5},50,4,4,ok,200,250,0.011723319999873638,0.3953661434352398,0.41324636805802584,5,5,8,0,,
2026-05-16T00:05:23.034483,clean,naive,{'bins': 5},51,0,4,ok,0,51,0.011857863515615463,0.48602341767400503,0.5040411315858364,5,5,8,0,,
2026-05-16T00:05:23.486726,clean,naive,{'bins': 5},51,1,4,ok,51,102,0.011820854619145393,0.41906813252717257,0.4372617769986391,5,28,38,0,,
2026-05-16T00:05:23.921123,clean,naive,{'bins': 5},51,2,4,ok,102,153,0.011851499788463116,0.40173210110515356,0.4197841780260205,5,28,36,0,,
2026-05-16T00:05:24.462302,clean,naive,{'bins': 5},51,3,4,ok,153,204,0.012004168704152107,0.5071834130212665,0.5256318859755993,5,5,8,0,,
2026-05-16T00:05:24.893551,clean,naive,{'bins': 5},51,4,4,ok,204,255,0.011947481893002987,0.3989803306758404,0.4170207967981696,5,28,36,0,,
2026-05-16T00:05:25.459375,clean,naive,{'bins': 5},52,0,4,ok,0,52,0.012029754929244518,0.5302101159468293,0.5485021844506264,5,5,8,0,,
2026-05-16T00:05:25.907589,clean,naive,{'bins': 5},52,1,4,ok,52,104,0.012237406335771084,0.4159806137904525,0.43462598603218794,5,20,29,0,,
2026-05-16T00:05:26.405905,clean,naive,{'bins': 5},52,2,4,ok,104,156,0.012255780398845673,0.46533775329589844,0.4838194977492094,5,28,36,0,,
2026-05-16T00:05:26.898914,clean,naive,{'bins': 5},52,3,4,ok,156,208,0.012338564731180668,0.45925984531641006,0.4780813083052635,5,25,33,0,,
2026-05-16T00:05:27.322700,clean,naive,{'bins': 5},52,4,4,ok,208,260,0.012250219471752644,0.39009596314281225,0.408539867028594,5,28,36,0,,
2026-05-16T00:05:27.896644,clean,naive,{'bins': 5},53,0,4,ok,0,53,0.012373281642794609,0.5362528059631586,0.5550132850185037,5,5,8,0,,
2026-05-16T00:05:28.363374,clean,naive,{'bins': 5},53,1,4,ok,53,106,0.012453902512788773,0.4337813789024949,0.4528830489143729,5,20,29,0,,
2026-05-16T00:05:28.858538,clean,naive,{'bins': 5},53,2,4,ok,106,159,0.012276380322873592,0.46168749686330557,0.48039373476058245,5,6,9,0,,
2026-05-16T00:05:29.303712,clean,naive,{'bins': 5},53,3,4,ok,159,212,0.012380626052618027,0.4111899761483073,0.4299894580617547,5,5,8,0,,
2026-05-16T00:05:29.741424,clean,naive,{'bins': 5},53,4,4,ok,212,265,0.012428736314177513,0.4032519944012165,0.422213651239872,5,5,8,0,,
2026-05-16T00:05:30.374465,clean,naive,{'bins': 5},54,0,4,ok,0,54,0.012797198258340359,0.5949662206694484,0.6143524441868067,5,5,8,0,,
2026-05-16T00:05:30.835292,clean,naive,{'bins': 5},54,1,4,ok,54,108,0.012772930786013603,0.42772594653069973,0.44705985113978386,5,20,29,0,,
2026-05-16T00:05:31.336038,clean,naive,{'bins': 5},54,2,4,ok,108,162,0.012747573666274548,0.4659950574859977,0.4854820305481553,5,6,9,0,,
2026-05-16T00:05:31.773648,clean,naive,{'bins': 5},54,3,4,ok,162,216,0.012659627944231033,0.40302472840994596,0.42208860628306866,5,5,8,0,,
2026-05-16T00:05:32.283814,clean,naive,{'bins': 5},54,4,4,ok,216,270,0.012979228980839252,0.47598941158503294,0.4954215409234166,5,15,23,0,,
2026-05-16T00:05:32.880908,clean,naive,{'bins': 5},55,0,4,ok,0,55,0.012677453458309174,0.5589973581954837,0.5782730653882027,5,5,8,0,,
2026-05-16T00:05:33.351045,clean,naive,{'bins': 5},55,1,4,ok,55,110,0.012827013619244099,0.4357909644022584,0.4555195113644004,5,20,29,0,,
2026-05-16T00:05:33.866119,clean,naive,{'bins': 5},55,2,4,ok,110,165,0.012595578096807003,0.48041632678359747,0.4996013017371297,5,6,9,0,,
2026-05-16T00:05:34.287358,clean,naive,{'bins': 5},55,3,4,ok,165,220,0.012917041778564453,0.3862875299528241,0.40583475586026907,5,29,38,0,,
2026-05-16T00:05:34.857404,clean,naive,{'bins': 5},55,4,4,ok,220,275,0.013120134361088276,0.533770433627069,0.553568591363728,5,13,18,0,,
2026-05-16T00:05:35.460708,clean,naive,{'bins': 5},56,0,4,ok,0,56,0.013044772669672966,0.5641132984310389,0.5839669397100806,5,5,8,0,,
2026-05-16T00:05:36.005446,clean,naive,{'bins': 5},56,1,4,ok,56,112,0.013222847133874893,0.508882655762136,0.5289320750162005,5,7,11,0,,
2026-05-16T00:05:36.501414,clean,naive,{'bins': 5},56,2,4,ok,112,168,0.013244316913187504,0.4599180035293102,0.48014811240136623,5,6,9,0,,
2026-05-16T00:05:36.941432,clean,naive,{'bins': 5},56,3,4,ok,168,224,0.013339946046471596,0.4046938428655267,0.4246853440999985,5,29,38,0,,
2026-05-16T00:05:37.419426,clean,naive,{'bins': 5},56,4,4,ok,224,280,0.013485029339790344,0.44112873170524836,0.4613343346863985,5,26,33,0,,
2026-05-16T00:05:38.039933,clean,naive,{'bins': 5},57,0,4,ok,0,57,0.01331440918147564,0.5787741560488939,0.5989847676828504,5,5,8,0,,
2026-05-16T00:05:38.534785,clean,naive,{'bins': 5},57,1,4,ok,57,114,0.013652344234287739,0.4576308373361826,0.4783473899587989,5,16,20,0,,
2026-05-16T00:05:39.032779,clean,naive,{'bins': 5},57,2,4,ok,114,171,0.013390010222792625,0.4619809975847602,0.48254060465842485,5,22,30,0,,
2026-05-16T00:05:39.556666,clean,naive,{'bins': 5},57,3,4,ok,171,228,0.0137630021199584,0.4872956583276391,0.5078560886904597,5,29,38,0,,
2026-05-16T00:05:40.296638,clean,naive,{'bins': 5},57,4,4,ok,228,285,0.013430207036435604,0.7015362661331892,0.7219364438205957,5,5,8,0,,
2026-05-16T00:05:40.926422,clean,naive,{'bins': 5},58,0,4,ok,0,58,0.013750126585364342,0.5886696428060532,0.6096536880359054,5,5,8,0,,
2026-05-16T00:05:41.473502,clean,naive,{'bins': 5},58,1,4,ok,58,116,0.013595427386462688,0.5089558027684689,0.529827837832272,5,5,8,0,,
2026-05-16T00:05:41.995830,clean,naive,{'bins': 5},58,2,4,ok,116,174,0.013344574719667435,0.4856928875669837,0.5060543427243829,5,22,30,0,,
2026-05-16T00:05:42.645446,clean,naive,{'bins': 5},58,3,4,ok,174,232,0.013489016331732273,0.6112840110436082,0.6318741664290428,5,25,35,0,,
2026-05-16T00:05:43.124896,clean,naive,{'bins': 5},58,4,4,ok,232,290,0.015068835578858852,0.44072294794023037,0.4627679558470845,5,20,25,0,,
2026-05-16T00:05:43.762437,clean,naive,{'bins': 5},59,0,4,ok,0,59,0.014236181043088436,0.5955436648800969,0.6168406074866652,5,5,8,0,,
2026-05-16T00:05:44.317570,clean,naive,{'bins': 5},59,1,4,ok,59,118,0.014335166662931442,0.5167108690366149,0.538278971798718,5,5,8,0,,
2026-05-16T00:05:44.894984,clean,naive,{'bins': 5},59,2,4,ok,118,177,0.014831298030912876,0.5365706738084555,0.5585283879190683,5,5,8,0,,
2026-05-16T00:05:45.523301,clean,naive,{'bins': 5},59,3,4,ok,177,236,0.01420565415173769,0.5902438499033451,0.6115738051012158,5,25,35,0,,
2026-05-16T00:05:46.000938,clean,naive,{'bins': 5},59,4,4,ok,236,295,0.013925105333328247,0.4392294930294156,0.4604994645342231,5,20,25,0,,
2026-05-16T00:05:46.642319,clean,naive,{'bins': 5},60,0,4,ok,0,60,0.014001770876348019,0.5996029702946544,0.6208711694926023,5,5,8,0,,
2026-05-16T00:05:47.210337,clean,naive,{'bins': 5},60,1,4,ok,60,120,0.013907002285122871,0.5290164928883314,0.5504492511972785,5,5,8,0,,
2026-05-16T00:05:47.769548,clean,naive,{'bins': 5},60,2,4,ok,120,180,0.013992742635309696,0.5199592309072614,0.5415299674496055,5,16,23,0,,
2026-05-16T00:05:48.473303,clean,naive,{'bins': 5},60,3,4,ok,180,240,0.014109021052718163,0.6646636445075274,0.6861305879428983,5,25,35,0,,
2026-05-16T00:05:48.952523,clean,naive,{'bins': 5},60,4,4,ok,240,300,0.01407823245972395,0.4413576712831855,0.462679049000144,5,20,25,0,,
2026-05-16T00:05:49.603423,clean,naive,{'bins': 5},61,0,4,ok,0,61,0.0141175277531147,0.6087625036016107,0.6303134839981794,5,5,8,0,,
2026-05-16T00:05:50.189293,clean,naive,{'bins': 5},61,1,4,ok,61,122,0.014246177859604359,0.5468043247237802,0.5683877058327198,5,5,8,0,,
2026-05-16T00:05:50.704971,clean,naive,{'bins': 5},61,2,4,ok,122,183,0.014640619978308678,0.47590009309351444,0.4979887530207634,5,23,32,0,,
2026-05-16T00:05:51.306299,clean,naive,{'bins': 5},61,3,4,ok,183,244,0.014403103850781918,0.5628910325467587,0.5846714833751321,5,19,26,0,,
2026-05-16T00:05:51.825300,clean,naive,{'bins': 5},61,4,4,ok,244,305,0.014402100816369057,0.48018801771104336,0.501891172491014,5,22,30,0,,
2026-05-16T00:05:52.483229,clean,naive,{'bins': 5},62,0,4,ok,0,62,0.01438567042350769,0.6146063413470984,0.6368167102336884,5,5,8,0,,
2026-05-16T00:05:53.023231,clean,naive,{'bins': 5},62,1,4,ok,62,124,0.014585054479539394,0.49932863004505634,0.5213811714202166,5,5,8,0,,
2026-05-16T00:05:53.544978,clean,naive,{'bins': 5},62,2,4,ok,124,186,0.014542726799845695,0.48106770031154156,0.5032106824219227,5,23,32,0,,
2026-05-16T00:05:54.118694,clean,naive,{'bins': 5},62,3,4,ok,186,248,0.06344853900372982,0.48331405874341726,0.5543876700103283,5,5,8,0,,
2026-05-16T00:05:54.655645,clean,naive,{'bins': 5},62,4,4,ok,248,310,0.014502471312880516,0.49437589664012194,0.5167395044118166,5,5,8,0,,
2026-05-16T00:05:55.328329,clean,naive,{'bins': 5},63,0,4,ok,0,63,0.014503894373774529,0.6282265949994326,0.6503077214583755,5,5,8,0,,
2026-05-16T00:05:55.882275,clean,naive,{'bins': 5},63,1,4,ok,63,126,0.014969096519052982,0.5128465611487627,0.5356607837602496,5,5,8,0,,
2026-05-16T00:05:56.413596,clean,naive,{'bins': 5},63,2,4,ok,126,189,0.014680365100502968,0.4905652292072773,0.5127605302259326,5,23,32,0,,
2026-05-16T00:05:56.973937,clean,naive,{'bins': 5},63,3,4,ok,189,252,0.014937427826225758,0.5174080887809396,0.539969096891582,5,5,8,0,,
2026-05-16T00:05:57.576247,clean,naive,{'bins': 5},63,4,4,ok,252,315,0.014805049635469913,0.5587473483756185,0.5811489569023252,5,5,8,0,,
2026-05-16T00:05:58.270318,clean,naive,{'bins': 5},64,0,4,ok,0,64,0.014981269836425781,0.6486663185060024,0.6712921168655157,5,5,8,0,,
2026-05-16T00:05:58.812492,clean,naive,{'bins': 5},64,1,4,ok,64,128,0.0148930037394166,0.5012568524107337,0.5237687565386295,5,5,8,0,,
2026-05-16T00:05:59.415618,clean,naive,{'bins': 5},64,2,4,ok,128,192,0.015235197730362415,0.5615308256819844,0.5844816165044904,5,31,41,0,,
2026-05-16T00:05:59.959724,clean,naive,{'bins': 5},64,3,4,ok,192,256,0.014973857440054417,0.5006549097597599,0.5233720205724239,5,5,8,0,,
2026-05-16T00:06:00.472664,clean,naive,{'bins': 5},64,4,4,ok,256,320,0.014905707910656929,0.4702995466068387,0.4929440012201667,5,18,23,0,,
2026-05-16T00:06:01.175571,clean,naive,{'bins': 5},65,0,4,ok,0,65,0.015038746409118176,0.6569727826863527,0.6801381520926952,5,5,8,0,,
2026-05-16T00:06:01.725506,clean,naive,{'bins': 5},65,1,4,ok,65,130,0.015237829647958279,0.5089872078970075,0.5320933349430561,5,15,22,0,,
2026-05-16T00:06:02.337180,clean,naive,{'bins': 5},65,2,4,ok,130,195,0.015447133220732212,0.5687334835529327,0.5921932253986597,5,31,41,0,,
2026-05-16T00:06:02.929456,clean,naive,{'bins': 5},65,3,4,ok,195,260,0.015320153906941414,0.5477691972628236,0.5711324084550142,5,5,8,0,,
2026-05-16T00:06:03.477314,clean,naive,{'bins': 5},65,4,4,ok,260,325,0.015346864238381386,0.5039407582953572,0.5271293511614203,5,21,28,0,,
2026-05-16T00:06:04.183480,clean,naive,{'bins': 5},66,0,4,ok,0,66,0.015422536060214043,0.6596914092078805,0.6830895356833935,5,5,8,0,,
2026-05-16T00:06:04.757307,clean,naive,{'bins': 5},66,1,4,ok,66,132,0.015342937782406807,0.5305725280195475,0.5541556626558304,5,5,8,0,,
2026-05-16T00:06:05.440022,clean,naive,{'bins': 5},66,2,4,ok,132,198,0.015528435818850994,0.6395586458966136,0.663049797527492,5,31,42,0,,
2026-05-16T00:06:06.076293,clean,naive,{'bins': 5},66,3,4,ok,198,264,0.015786509960889816,0.5916917817667127,0.6154521787539124,5,5,8,0,,
2026-05-16T00:06:06.766480,clean,naive,{'bins': 5},66,4,4,ok,264,330,0.015645175240933895,0.6449147164821625,0.6688954969868064,5,29,37,0,,
2026-05-16T00:06:07.394896,clean,naive,{'bins': 5},67,0,4,ok,0,67,0.015489582903683186,0.582375654950738,0.6059621553868055,5,17,23,0,,
2026-05-16T00:06:08.005968,clean,naive,{'bins': 5},67,1,4,ok,67,134,0.015668218955397606,0.5660222303122282,0.5900719007477164,5,5,8,0,,
2026-05-16T00:06:08.752654,clean,naive,{'bins': 5},67,2,4,ok,134,201,0.015644864179193974,0.7020824179053307,0.7263351287692785,5,31,42,0,,
2026-05-16T00:06:09.375780,clean,naive,{'bins': 5},67,3,4,ok,201,268,0.015616090036928654,0.578473836183548,0.6021627085283399,5,5,8,0,,
2026-05-16T00:06:10.067761,clean,naive,{'bins': 5},67,4,4,ok,268,335,0.015748578123748302,0.6475793514400721,0.6714673368260264,5,29,37,0,,
2026-05-16T00:06:10.702016,clean,naive,{'bins': 5},68,0,4,ok,0,68,0.015818179585039616,0.5871205469593406,0.6115355025976896,5,17,23,0,,
2026-05-16T00:06:11.311231,clean,naive,{'bins': 5},68,1,4,ok,68,136,0.015903950668871403,0.5664565358310938,0.5905150026082993,5,15,22,0,,
2026-05-16T00:06:11.962099,clean,naive,{'bins': 5},68,2,4,ok,136,204,0.015969865024089813,0.6058137556537986,0.6300491644069552,5,23,31,0,,
2026-05-16T00:06:12.552459,clean,naive,{'bins': 5},68,3,4,ok,204,272,0.01600614283233881,0.5437095332890749,0.5683677354827523,5,5,8,0,,
2026-05-16T00:06:13.274165,clean,naive,{'bins': 5},68,4,4,ok,272,340,0.016057570464909077,0.6753755882382393,0.6997285382822156,5,29,37,0,,
2026-05-16T00:06:13.962363,clean,naive,{'bins': 5},69,0,4,ok,0,69,0.016190649941563606,0.5892215427011251,0.6648001046851277,5,17,23,0,,
2026-05-16T00:06:14.558000,clean,naive,{'bins': 5},69,1,4,ok,69,138,0.01629646960645914,0.5497948620468378,0.5743248453363776,5,5,8,0,,
2026-05-16T00:06:15.234616,clean,naive,{'bins': 5},69,2,4,ok,138,207,0.01601495873183012,0.6315023954957724,0.656339393928647,5,24,32,0,,
2026-05-16T00:06:15.832057,clean,naive,{'bins': 5},69,3,4,ok,207,276,0.016156135126948357,0.5504958089441061,0.5750212231650949,5,5,8,0,,
2026-05-16T00:06:16.519738,clean,naive,{'bins': 5},69,4,4,ok,276,345,0.016476986929774284,0.6411738097667694,0.6661011073738337,5,29,37,0,,
2026-05-16T00:06:17.164740,clean,naive,{'bins': 5},70,0,4,ok,0,70,0.016795515082776546,0.5957270516082644,0.6210904885083437,5,17,23,0,,
2026-05-16T00:06:17.833203,clean,naive,{'bins': 5},70,1,4,ok,70,140,0.016633600927889347,0.621009087190032,0.6464561512693763,5,5,8,0,,
2026-05-16T00:06:18.516061,clean,naive,{'bins': 5},70,2,4,ok,140,210,0.016337054781615734,0.6356820454820991,0.6604219125583768,5,22,30,0,,
2026-05-16T00:06:19.115772,clean,naive,{'bins': 5},70,3,4,ok,210,280,0.016713961958885193,0.5543237989768386,0.5793830445036292,5,24,31,0,,
2026-05-16T00:06:19.759985,clean,naive,{'bins': 5},70,4,4,ok,280,350,0.016758325509727,0.5965504674240947,0.6217942908406258,5,5,8,0,,
2026-05-16T00:06:20.400501,clean,naive,{'bins': 5},71,0,4,ok,0,71,0.0165104903280735,0.5921173132956028,0.6171326963230968,5,32,41,0,,
2026-05-16T00:06:21.039759,clean,naive,{'bins': 5},71,1,4,ok,71,142,0.016709844581782818,0.5917037362232804,0.6170137729495764,5,5,8,0,,
2026-05-16T00:06:21.732680,clean,naive,{'bins': 5},71,2,4,ok,142,213,0.01643098145723343,0.6458535799756646,0.670911724679172,5,22,30,0,,
2026-05-16T00:06:22.356443,clean,naive,{'bins': 5},71,3,4,ok,213,284,0.0170033760368824,0.5763392774388194,0.6024498986080289,5,15,21,0,,
2026-05-16T00:06:22.979328,clean,naive,{'bins': 5},71,4,4,ok,284,355,0.01692955754697323,0.5751643618568778,0.6005489192903042,5,5,8,0,,
2026-05-16T00:06:23.633129,clean,naive,{'bins': 5},72,0,4,ok,0,72,0.016690338030457497,0.6044410280883312,0.6301707839593291,5,32,41,0,,
2026-05-16T00:06:24.284858,clean,naive,{'bins': 5},72,1,4,ok,72,144,0.016712799668312073,0.6034382143989205,0.6289056371897459,5,5,8,0,,
2026-05-16T00:06:24.996203,clean,naive,{'bins': 5},72,2,4,ok,144,216,0.01679432298988104,0.6637780470773578,0.6892991801723838,5,23,31,0,,
2026-05-16T00:06:25.647845,clean,naive,{'bins': 5},72,3,4,ok,216,288,0.01688322052359581,0.6039409097284079,0.63010623306036,5,24,30,0,,
2026-05-16T00:06:26.277055,clean,naive,{'bins': 5},72,4,4,ok,288,360,0.016857021488249302,0.5808738060295582,0.606406201608479,5,5,8,0,,
2026-05-16T00:06:26.928511,clean,naive,{'bins': 5},73,0,4,ok,0,73,0.017023754306137562,0.5912312483415008,0.617148756980896,5,5,8,0,,
2026-05-16T00:06:27.568533,clean,naive,{'bins': 5},73,1,4,ok,73,146,0.01686749141663313,0.5914523126557469,0.6169946473091841,5,5,8,0,,
2026-05-16T00:06:28.282688,clean,naive,{'bins': 5},73,2,4,ok,146,219,0.017001312226057053,0.6656926516443491,0.6916095390915871,5,23,31,0,,
2026-05-16T00:06:28.927739,clean,naive,{'bins': 5},73,3,4,ok,219,292,0.017430839128792286,0.5954463351517916,0.6217087507247925,5,17,23,0,,
2026-05-16T00:06:29.634816,clean,naive,{'bins': 5},73,4,4,ok,292,365,0.017387107014656067,0.6575561799108982,0.6837243195623159,5,5,8,0,,
2026-05-16T00:06:30.236691,clean,naive,{'bins': 5},74,0,4,ok,0,74,0.01716147270053625,0.5469942223280668,0.5734023116528988,5,5,8,0,,
2026-05-16T00:06:30.907805,clean,naive,{'bins': 5},74,1,4,ok,74,148,0.017575661651790142,0.6205222522839904,0.6474006464704871,5,5,8,0,,
2026-05-16T00:06:31.630334,clean,naive,{'bins': 5},74,2,4,ok,148,222,0.01752531621605158,0.6729406751692295,0.6994560360908508,5,23,31,0,,
2026-05-16T00:06:32.338700,clean,naive,{'bins': 5},74,3,4,ok,222,296,0.017658346332609653,0.6573718134313822,0.6844440205022693,5,17,23,0,,
2026-05-16T00:06:33.022868,clean,naive,{'bins': 5},74,4,4,ok,296,370,0.017333434894680977,0.6335399728268385,0.6598800243809819,5,5,8,0,,
2026-05-16T00:06:33.629730,clean,naive,{'bins': 5},75,0,4,ok,0,75,0.017469882033765316,0.5533708985894918,0.5799705386161804,5,5,8,0,,
2026-05-16T00:06:34.376178,clean,naive,{'bins': 5},75,1,4,ok,75,150,0.01776911225169897,0.6951696947216988,0.7220232402905822,5,5,8,0,,
2026-05-16T00:06:35.042654,clean,naive,{'bins': 5},75,2,4,ok,150,225,0.017767922021448612,0.6167657868936658,0.6437190603464842,5,25,32,0,,
2026-05-16T00:06:35.727656,clean,naive,{'bins': 5},75,3,4,ok,225,300,0.01751431543380022,0.6341773299500346,0.6608456587418914,5,15,21,0,,
2026-05-16T00:06:36.480611,clean,naive,{'bins': 5},75,4,4,ok,300,375,0.017701045610010624,0.7029317636042833,0.7298553120344877,5,23,31,0,,
2026-05-16T00:06:37.103458,clean,naive,{'bins': 5},76,0,4,ok,0,76,0.01763598434627056,0.5685073975473642,0.5953778959810734,5,5,8,0,,
2026-05-16T00:06:37.833426,clean,naive,{'bins': 5},76,1,4,ok,76,152,0.017954162321984768,0.6782372631132603,0.7054546335712075,5,5,8,0,,
2026-05-16T00:06:38.506532,clean,naive,{'bins': 5},76,2,4,ok,152,228,0.017866335809230804,0.6227638339623809,0.6499472986906767,5,25,32,0,,
2026-05-16T00:06:39.168300,clean,naive,{'bins': 5},76,3,4,ok,228,304,0.017736594192683697,0.610172395594418,0.6374181685969234,5,17,23,0,,
2026-05-16T00:06:39.951371,clean,naive,{'bins': 5},76,4,4,ok,304,380,0.017885372042655945,0.7315454557538033,0.7591030336916447,5,24,31,0,,
2026-05-16T00:06:40.587016,clean,naive,{'bins': 5},77,0,4,ok,0,77,0.017917614430189133,0.5795256327837706,0.6069176914170384,5,5,8,0,,
2026-05-16T00:06:41.358805,clean,naive,{'bins': 5},77,1,4,ok,77,154,0.017849684692919254,0.719622652977705,0.746897510252893,5,5,8,0,,
2026-05-16T00:06:42.096479,clean,naive,{'bins': 5},77,2,4,ok,154,231,0.01818662788718939,0.6854925705119967,0.7131709959357977,5,25,32,0,,
2026-05-16T00:06:42.756021,clean,naive,{'bins': 5},77,3,4,ok,231,308,0.01799739245325327,0.6081392746418715,0.6356191476806998,5,20,25,0,,
2026-05-16T00:06:43.630694,clean,naive,{'bins': 5},77,4,4,ok,308,385,0.020072700455784798,0.8184965578839183,0.8482787953689694,5,5,8,0,,
2026-05-16T00:06:44.266355,clean,naive,{'bins': 5},78,0,4,ok,0,78,0.018602099269628525,0.5790929012000561,0.6073263296857476,5,5,8,0,,
2026-05-16T00:06:45.050183,clean,naive,{'bins': 5},78,1,4,ok,78,156,0.018717434257268906,0.7297810316085815,0.7579092318192124,5,5,8,0,,
2026-05-16T00:06:45.703765,clean,naive,{'bins': 5},78,2,4,ok,156,234,0.019057324156165123,0.5976786790415645,0.626464624889195,5,5,8,0,,
2026-05-16T00:06:46.501528,clean,naive,{'bins': 5},78,3,4,ok,234,312,0.019292185083031654,0.7410549987107515,0.7703773910179734,5,5,8,0,,
2026-05-16T00:06:47.217292,clean,naive,{'bins': 5},78,4,4,ok,312,390,0.018143918365240097,0.6640948308631778,0.6917357165366411,5,19,26,0,,
2026-05-16T00:06:47.867846,clean,naive,{'bins': 5},79,0,4,ok,0,79,0.01839570142328739,0.593635524623096,0.6216834848746657,5,5,8,0,,
2026-05-16T00:06:48.629691,clean,naive,{'bins': 5},79,1,4,ok,79,158,0.01848877500742674,0.7080082092434168,0.7366515668109059,5,5,8,0,,
2026-05-16T00:06:49.306865,clean,naive,{'bins': 5},79,2,4,ok,158,237,0.018570990301668644,0.620928936637938,0.6497168960049748,5,5,8,0,,
2026-05-16T00:06:50.060028,clean,naive,{'bins': 5},79,3,4,ok,237,316,0.01844569481909275,0.6976015847176313,0.7256528399884701,5,5,8,0,,
2026-05-16T00:06:50.875579,clean,naive,{'bins': 5},79,4,4,ok,316,395,0.018718096427619457,0.7603166736662388,0.7888510171324015,5,26,34,0,,
2026-05-16T00:06:51.648775,clean,naive,{'bins': 5},80,0,4,ok,0,80,0.018882565200328827,0.6769175548106432,0.705691497772932,5,5,8,0,,
2026-05-16T00:06:52.415952,clean,naive,{'bins': 5},80,1,4,ok,80,160,0.018863869830965996,0.7147091953083873,0.7433824287727475,5,8,12,0,,
2026-05-16T00:06:53.210737,clean,naive,{'bins': 5},80,2,4,ok,160,240,0.01883777044713497,0.742448365315795,0.7711167801171541,5,29,38,0,,
2026-05-16T00:06:53.988983,clean,naive,{'bins': 5},80,3,4,ok,240,320,0.018746147863566875,0.7213889416307211,0.7500132834538817,5,5,8,0,,
2026-05-16T00:06:54.834136,clean,naive,{'bins': 5},80,4,4,ok,320,400,0.018874891102313995,0.7905024299398065,0.8192789182066917,5,28,36,0,,
2026-05-16T00:06:55.532804,clean,naive,{'bins': 5},81,0,4,ok,0,81,0.01926926150918007,0.638573587872088,0.667912962846458,5,5,8,0,,
2026-05-16T00:06:56.269608,clean,naive,{'bins': 5},81,1,4,ok,81,162,0.019109399989247322,0.6833302397280931,0.712358670309186,5,8,12,0,,
2026-05-16T00:06:57.121047,clean,naive,{'bins': 5},81,2,4,ok,162,243,0.06767549831420183,0.7492894046008587,0.8273739423602819,5,29,38,0,,
2026-05-16T00:06:57.904352,clean,naive,{'bins': 5},81,3,4,ok,243,324,0.019397682510316372,0.7249942431226373,0.7544006044045091,5,5,8,0,,
2026-05-16T00:06:58.736478,clean,naive,{'bins': 5},81,4,4,ok,324,405,0.01891532726585865,0.7774081574752927,0.8063606955111027,5,27,35,0,,
2026-05-16T00:06:59.454359,clean,naive,{'bins': 5},82,0,4,ok,0,82,0.019499103538691998,0.6579548101872206,0.6875397861003876,5,5,8,0,,
2026-05-16T00:07:00.211158,clean,naive,{'bins': 5},82,1,4,ok,82,164,0.01921939756721258,0.7030339678749442,0.7322694072499871,5,8,12,0,,
2026-05-16T00:07:00.968539,clean,naive,{'bins': 5},82,2,4,ok,164,246,0.01921613048762083,0.699132970534265,0.7285428270697594,5,5,8,0,,
2026-05-16T00:07:01.788031,clean,naive,{'bins': 5},82,3,4,ok,246,328,0.019345303997397423,0.759125086478889,0.7885871212929487,5,5,8,0,,
2026-05-16T00:07:02.639581,clean,naive,{'bins': 5},82,4,4,ok,328,410,0.01909238938242197,0.7954502431675792,0.8250050926581025,5,27,35,0,,
2026-05-16T00:07:03.476874,clean,naive,{'bins': 5},83,0,4,ok,0,83,0.019424142315983772,0.7797663658857346,0.8093365943059325,5,27,35,0,,
2026-05-16T00:07:04.217826,clean,naive,{'bins': 5},83,1,4,ok,83,166,0.019691763445734978,0.6856129467487335,0.7159303184598684,5,8,12,0,,
2026-05-16T00:07:04.983506,clean,naive,{'bins': 5},83,2,4,ok,166,249,0.019611403346061707,0.7054348364472389,0.7357244351878762,5,5,8,0,,
2026-05-16T00:07:05.669129,clean,naive,{'bins': 5},83,3,4,ok,249,332,0.019559526816010475,0.6283057928085327,0.6579132312908769,5,21,28,0,,
2026-05-16T00:07:06.611436,clean,naive,{'bins': 5},83,4,4,ok,332,415,0.019820366986095905,0.8864736631512642,0.9165220903232694,5,23,32,0,,
2026-05-16T00:07:07.452490,clean,naive,{'bins': 5},84,0,4,ok,0,84,0.019650929607450962,0.7829646831378341,0.8128913324326277,5,27,35,0,,
2026-05-16T00:07:08.201101,clean,naive,{'bins': 5},84,1,4,ok,84,168,0.019901538267731667,0.6932166386395693,0.7236380055546761,5,8,12,0,,
2026-05-16T00:07:08.957437,clean,naive,{'bins': 5},84,2,4,ok,168,252,0.019773908890783787,0.6962168244645,0.726357133127749,5,5,8,0,,
2026-05-16T00:07:09.647930,clean,naive,{'bins': 5},84,3,4,ok,252,336,0.019638214260339737,0.6321410657837987,0.6622149795293808,5,21,28,0,,
2026-05-16T00:07:10.555236,clean,naive,{'bins': 5},84,4,4,ok,336,420,0.02023971453309059,0.850279743783176,0.8809122079983354,5,24,33,0,,
2026-05-16T00:07:11.407787,clean,naive,{'bins': 5},85,0,4,ok,0,85,0.019945691339671612,0.7938753049820662,0.824365982785821,5,27,35,0,,
2026-05-16T00:07:12.210050,clean,naive,{'bins': 5},85,1,4,ok,85,170,0.06922869477421045,0.6957096001133323,0.7758133709430695,5,8,12,0,,
2026-05-16T00:07:12.962903,clean,naive,{'bins': 5},85,2,4,ok,170,255,0.020433738827705383,0.6917038569226861,0.7226274777203798,5,5,8,0,,
2026-05-16T00:07:13.771256,clean,naive,{'bins': 5},85,3,4,ok,255,340,0.020246807485818863,0.7510240832343698,0.782060475088656,5,24,32,0,,
2026-05-16T00:07:14.631735,clean,naive,{'bins': 5},85,4,4,ok,340,425,0.019985947757959366,0.8023389829322696,0.8327984111383557,5,25,34,0,,
2026-05-16T00:07:15.495505,clean,naive,{'bins': 5},86,0,4,ok,0,86,0.02025309856981039,0.8038579253479838,0.8347908528521657,5,27,35,0,,
2026-05-16T00:07:16.341147,clean,naive,{'bins': 5},86,1,4,ok,86,172,0.02069977857172489,0.7890404649078846,0.8203295823186636,5,20,27,0,,
2026-05-16T00:07:17.149428,clean,naive,{'bins': 5},86,2,4,ok,172,258,0.02014289330691099,0.7472806321457028,0.7780054192990065,5,5,8,0,,
2026-05-16T00:07:17.957048,clean,naive,{'bins': 5},86,3,4,ok,258,344,0.020482489839196205,0.7493843026459217,0.7808787757530808,5,24,32,0,,
2026-05-16T00:07:18.824264,clean,naive,{'bins': 5},86,4,4,ok,344,430,0.020433347672224045,0.8073842488229275,0.8384772473946214,5,22,30,0,,
2026-05-16T00:07:19.711499,clean,naive,{'bins': 5},87,0,4,ok,0,87,0.020397250540554523,0.8267819602042437,0.8579908274114132,5,27,35,0,,
2026-05-16T00:07:20.543488,clean,naive,{'bins': 5},87,1,4,ok,87,174,0.0207985732704401,0.7744912784546614,0.8061306634917855,5,20,27,0,,
2026-05-16T00:07:21.416245,clean,naive,{'bins': 5},87,2,4,ok,174,261,0.02029157243669033,0.8107155747711658,0.8417338840663433,5,5,8,0,,
2026-05-16T00:07:22.326878,clean,naive,{'bins': 5},87,3,4,ok,261,348,0.020475998520851135,0.8465767484158278,0.8779670065268874,5,5,8,0,,
2026-05-16T00:07:23.231484,clean,naive,{'bins': 5},87,4,4,ok,348,435,0.020459736697375774,0.8445115210488439,0.8758044745773077,5,22,30,0,,
2026-05-16T00:07:24.123342,clean,naive,{'bins': 5},88,0,4,ok,0,88,0.02067586313933134,0.829870892688632,0.8615597011521459,5,27,35,0,,
2026-05-16T00:07:24.951410,clean,naive,{'bins': 5},88,1,4,ok,88,176,0.020890776999294758,0.7693767324090004,0.8015690864995122,5,20,27,0,,
2026-05-16T00:07:25.831817,clean,naive,{'bins': 5},88,2,4,ok,176,264,0.020679280161857605,0.8175650406628847,0.8491224516183138,5,5,8,0,,
2026-05-16T00:07:26.733717,clean,naive,{'bins': 5},88,3,4,ok,264,352,0.020546319894492626,0.8405207749456167,0.8721133517101407,5,29,37,0,,
2026-05-16T00:07:27.673698,clean,naive,{'bins': 5},88,4,4,ok,352,440,0.020896578207612038,0.8771610530093312,0.9091143775731325,5,13,19,0,,
2026-05-16T00:07:28.624760,clean,naive,{'bins': 5},89,0,4,ok,0,89,0.021240203641355038,0.8877541590481997,0.9202131740748882,5,27,35,0,,
2026-05-16T00:07:29.435488,clean,naive,{'bins': 5},89,1,4,ok,89,178,0.020960197784006596,0.7512451279908419,0.7833377150818706,5,22,29,0,,
2026-05-16T00:07:30.338622,clean,naive,{'bins': 5},89,2,4,ok,178,267,0.020883464254438877,0.8391565140336752,0.871284076012671,5,5,8,0,,
2026-05-16T00:07:31.173085,clean,naive,{'bins': 5},89,3,4,ok,267,356,0.021137920208275318,0.7701043700799346,0.8025312330573797,5,5,8,0,,
2026-05-16T00:07:32.179408,clean,naive,{'bins': 5},89,4,4,ok,356,445,0.021026361733675003,0.9409364061430097,0.9732309821993113,5,5,8,0,,
2026-05-16T00:07:33.090116,clean,naive,{'bins': 5},90,0,4,ok,0,90,0.02104324195533991,0.8473416771739721,0.8797452272847295,5,27,35,0,,
2026-05-16T00:07:34.022106,clean,naive,{'bins': 5},90,1,4,ok,90,180,0.021255982108414173,0.8686011973768473,0.9010052382946014,5,6,9,0,,
2026-05-16T00:07:34.921821,clean,naive,{'bins': 5},90,2,4,ok,180,270,0.021308230236172676,0.8353508152067661,0.8678766852244735,5,5,8,0,,
2026-05-16T00:07:35.813808,clean,naive,{'bins': 5},90,3,4,ok,270,360,0.02098781894892454,0.827779384329915,0.8600351773202419,5,5,8,0,,
2026-05-16T00:07:36.730419,clean,naive,{'bins': 5},90,4,4,ok,360,450,0.021567207761108875,0.8529315562918782,0.8856712579727173,5,6,9,0,,
2026-05-16T00:07:37.655634,clean,naive,{'bins': 5},91,0,4,ok,0,91,0.021585863083600998,0.8614334147423506,0.8945772545412183,5,27,35,0,,
2026-05-16T00:07:38.610697,clean,naive,{'bins': 5},91,1,4,ok,91,182,0.02136834431439638,0.8903306983411312,0.923120885156095,5,6,9,0,,
2026-05-16T00:07:39.544241,clean,naive,{'bins': 5},91,2,4,ok,182,273,0.021318900398910046,0.867360626347363,0.9000944262370467,5,5,8,0,,
2026-05-16T00:07:40.457789,clean,naive,{'bins': 5},91,3,4,ok,273,364,0.02149614319205284,0.8516003163531423,0.8845298439264297,5,26,34,0,,
2026-05-16T00:07:41.360594,clean,naive,{'bins': 5},91,4,4,ok,364,455,0.021700669080018997,0.8387400517240167,0.8718462521210313,5,6,9,0,,
2026-05-16T00:07:42.295947,clean,naive,{'bins': 5},92,0,4,ok,0,92,0.021433666348457336,0.8700274964794517,0.9030680023133755,5,27,35,0,,
2026-05-16T00:07:43.214278,clean,naive,{'bins': 5},92,1,4,ok,92,184,0.021612871438264847,0.8504182659089565,0.8837223863229156,5,6,9,0,,
2026-05-16T00:07:44.231513,clean,naive,{'bins': 5},92,2,4,ok,184,276,0.08709422033280134,0.8840586999431252,0.9834367111325264,5,5,8,0,,
2026-05-16T00:07:45.145300,clean,naive,{'bins': 5},92,3,4,ok,276,368,0.022118672728538513,0.8508971044793725,0.8844586405903101,5,26,34,0,,
2026-05-16T00:07:46.088098,clean,naive,{'bins': 5},92,4,4,ok,368,460,0.023595016449689865,0.8787878099828959,0.9138629687950015,5,25,32,0,,
2026-05-16T00:07:47.025550,clean,naive,{'bins': 5},93,0,4,ok,0,93,0.02184472791850567,0.8724223133176565,0.9059687098488212,5,27,35,0,,
2026-05-16T00:07:47.953319,clean,naive,{'bins': 5},93,1,4,ok,93,186,0.022273974493145943,0.8612797362729907,0.895266329869628,5,6,9,0,,
2026-05-16T00:07:48.967518,clean,naive,{'bins': 5},93,2,4,ok,186,279,0.02243541833013296,0.9455643501132727,0.9796587349846959,5,5,8,0,,
2026-05-16T00:07:49.831023,clean,naive,{'bins': 5},93,3,4,ok,279,372,0.021924899891018867,0.8005942264571786,0.8344386639073491,5,23,31,0,,
2026-05-16T00:07:50.791386,clean,naive,{'bins': 5},93,4,4,ok,372,465,0.021891145035624504,0.8946291832253337,0.9282376561313868,5,23,30,0,,
2026-05-16T00:07:51.740615,clean,naive,{'bins': 5},94,0,4,ok,0,94,0.021985884755849838,0.8836712818592787,0.9175736475735903,5,27,35,0,,
2026-05-16T00:07:52.678399,clean,naive,{'bins': 5},94,1,4,ok,94,188,0.022343073971569538,0.8699814192950726,0.9042936749756336,5,6,9,0,,
2026-05-16T00:07:53.710976,clean,naive,{'bins': 5},94,2,4,ok,188,282,0.02250936720520258,0.962877276353538,0.9971865760162473,5,5,8,0,,
2026-05-16T00:07:54.588904,clean,naive,{'bins': 5},94,3,4,ok,282,376,0.02206282876431942,0.8135970383882523,0.8475660188123584,5,23,31,0,,
2026-05-16T00:07:55.530138,clean,naive,{'bins': 5},94,4,4,ok,376,470,0.022286247462034225,0.8755073882639408,0.9096377519890666,5,23,30,0,,
2026-05-16T00:07:56.487903,clean,naive,{'bins': 5},95,0,4,ok,0,95,0.022486873902380466,0.8908348567783833,0.925819143652916,5,27,35,0,,
2026-05-16T00:07:57.414733,clean,naive,{'bins': 5},95,1,4,ok,95,190,0.022278813645243645,0.8586170859634876,0.8933399524539709,5,6,9,0,,
2026-05-16T00:07:58.329529,clean,naive,{'bins': 5},95,2,4,ok,190,285,0.02220146730542183,0.8495601136237383,0.8842996312305331,5,14,20,0,,
2026-05-16T00:07:59.299167,clean,naive,{'bins': 5},95,3,4,ok,285,380,0.022281158715486526,0.9046207796782255,0.93899648450315,5,23,31,0,,
2026-05-16T00:08:00.102832,clean,naive,{'bins': 5},95,4,4,ok,380,475,0.02213059552013874,0.7350297840312123,0.7688460480421782,5,6,9,0,,
2026-05-16T00:08:01.067701,clean,naive,{'bins': 5},96,0,4,ok,0,96,0.02232401818037033,0.8977310983464122,0.93213648814708,5,27,35,0,,
2026-05-16T00:08:02.053543,clean,naive,{'bins': 5},96,1,4,ok,96,192,0.0225998368114233,0.9120787270367146,0.947146050632,5,6,9,0,,
2026-05-16T00:08:02.993728,clean,naive,{'bins': 5},96,2,4,ok,192,288,0.022891265340149403,0.8730892483144999,0.9086703564971685,5,14,20,0,,
2026-05-16T00:08:03.949490,clean,naive,{'bins': 5},96,3,4,ok,288,384,0.022704364731907845,0.8890475109219551,0.9240008499473333,5,23,31,0,,
2026-05-16T00:08:04.833694,clean,naive,{'bins': 5},96,4,4,ok,384,480,0.07190654333680868,0.7640068288892508,0.8490078067407012,5,6,9,0,,
2026-05-16T00:08:05.815867,clean,naive,{'bins': 5},97,0,4,ok,0,97,0.022806375287473202,0.9136433769017458,0.9485767176374793,5,27,35,0,,
2026-05-16T00:08:06.808010,clean,naive,{'bins': 5},97,1,4,ok,97,194,0.023296675644814968,0.922224123030901,0.9577956534922123,5,6,9,0,,
2026-05-16T00:08:07.755763,clean,naive,{'bins': 5},97,2,4,ok,194,291,0.022798100486397743,0.8811238883063197,0.9162232223898172,5,14,20,0,,
2026-05-16T00:08:08.827525,clean,naive,{'bins': 5},97,3,4,ok,291,388,0.022887698374688625,1.0040979776531458,1.0392105868086219,5,23,31,0,,
2026-05-16T00:08:09.678643,clean,naive,{'bins': 5},97,4,4,ok,388,485,0.022877738811075687,0.7801732635125518,0.8153358763083816,5,6,9,0,,
2026-05-16T00:08:10.673401,clean,naive,{'bins': 5},98,0,4,ok,0,98,0.022775856778025627,0.9266832387074828,0.9617035333067179,5,27,35,0,,
2026-05-16T00:08:11.662180,clean,naive,{'bins': 5},98,1,4,ok,98,196,0.023028613068163395,0.9180438602343202,0.9539327872917056,5,6,9,0,,
2026-05-16T00:08:12.605626,clean,naive,{'bins': 5},98,2,4,ok,196,294,0.023221894167363644,0.8758006701245904,0.9114109128713608,5,14,20,0,,
2026-05-16T00:08:13.638015,clean,naive,{'bins': 5},98,3,4,ok,294,392,0.023249606601893902,0.9640865791589022,0.999851762317121,5,23,31,0,,
2026-05-16T00:08:14.502352,clean,naive,{'bins': 5},98,4,4,ok,392,490,0.023717877455055714,0.7913872543722391,0.8275489639490843,5,6,9,0,,
2026-05-16T00:08:15.574887,clean,naive,{'bins': 5},99,0,4,ok,0,99,0.022987715899944305,0.9881581701338291,1.0238102031871676,5,27,35,0,,
2026-05-16T00:08:16.582242,clean,naive,{'bins': 5},99,1,4,ok,99,198,0.023459412157535553,0.9356394289061427,0.9721512366086245,5,6,9,0,,
2026-05-16T00:08:17.514152,clean,naive,{'bins': 5},99,2,4,ok,198,297,0.02356138452887535,0.8640415035188198,0.9005568278953433,5,14,20,0,,
2026-05-16T00:08:18.535556,clean,naive,{'bins': 5},99,3,4,ok,297,396,0.02376100793480873,0.9508510213345289,0.9877172829583287,5,23,31,0,,
2026-05-16T00:08:19.563341,clean,naive,{'bins': 5},99,4,4,ok,396,495,0.023240501061081886,0.9564506886526942,0.9921082900837064,5,7,11,0,,
2026-05-16T00:08:20.596512,clean,naive,{'bins': 5},100,0,4,ok,0,100,0.023329677991569042,0.962519146502018,0.9990683123469353,5,27,35,0,,
2026-05-16T00:08:21.647681,clean,naive,{'bins': 5},100,1,4,ok,100,200,0.023471194319427013,0.9787211855873466,1.0148307969793677,5,6,9,0,,
2026-05-16T00:08:22.679341,clean,naive,{'bins': 5},100,2,4,ok,200,300,0.02378513291478157,0.9629417294636369,0.9997932938858867,5,14,20,0,,
2026-05-16T00:08:23.715856,clean,naive,{'bins': 5},100,3,4,ok,300,400,0.023637927137315273,0.9673241004347801,1.003554979339242,5,23,31,0,,
2026-05-16T00:08:24.693281,clean,naive,{'bins': 5},100,4,4,ok,400,500,0.023800931870937347,0.9078936167061329,0.9445706037804484,5,21,28,0,,
2026-05-16T00:08:24.877307,clean,sax,"{'w': 144, 'bins': 5}",1,0,4,ok,0,1,0.011385423131287098,0.0008575199171900749,0.012463177554309368,5,10,9,0,,
2026-05-16T00:08:24.908670,clean,sax,"{'w': 144, 'bins': 5}",1,1,4,ok,1,2,0.011057627387344837,0.0007521733641624451,0.011964310891926289,5,10,9,0,,
2026-05-16T00:08:24.939943,clean,sax,"{'w': 144, 'bins': 5}",1,2,4,ok,2,3,0.011031800881028175,0.0007534455507993698,0.011936640366911888,5,10,9,0,,
2026-05-16T00:08:24.952844,clean,sax,"{'w': 144, 'bins': 5}",1,3,4,ok,3,4,0.011109505780041218,0.0007490860298275948,0.012008994817733765,5,10,9,0,,
2026-05-16T00:08:24.965701,clean,sax,"{'w': 144, 'bins': 5}",1,4,4,ok,4,5,0.01108963880687952,0.0007632337510585785,0.012001381255686283,5,10,9,0,,
2026-05-16T00:08:25.085143,clean,sax,"{'w': 144, 'bins': 5}",2,0,4,ok,0,2,0.0219937888905406,0.0012926580384373665,0.023524314165115356,5,10,9,0,,
2026-05-16T00:08:25.125023,clean,sax,"{'w': 144, 'bins': 5}",2,1,4,ok,2,4,0.021974321454763412,0.0009870436042547226,0.023169726133346558,5,10,9,0,,
2026-05-16T00:08:25.148936,clean,sax,"{'w': 144, 'bins': 5}",2,2,4,ok,4,6,0.02183855790644884,0.0009772656485438347,0.02301902510225773,5,10,9,0,,
2026-05-16T00:08:25.188803,clean,sax,"{'w': 144, 'bins': 5}",2,3,4,ok,6,8,0.021724844351410866,0.002815278246998787,0.02473967708647251,5,15,15,0,,
2026-05-16T00:08:25.232664,clean,sax,"{'w': 144, 'bins': 5}",2,4,4,ok,8,10,0.021867020055651665,0.0027188770473003387,0.024796483106911182,5,15,15,0,,
2026-05-16T00:08:25.312132,clean,sax,"{'w': 144, 'bins': 5}",3,0,4,ok,0,3,0.032855650410056114,0.0012559788301587105,0.03440280631184578,5,10,9,0,,
2026-05-16T00:08:25.360733,clean,sax,"{'w': 144, 'bins': 5}",3,1,4,ok,3,6,0.03236135095357895,0.00141244288533926,0.03403192758560181,5,10,9,0,,
2026-05-16T00:08:25.413800,clean,sax,"{'w': 144, 'bins': 5}",3,2,4,ok,6,9,0.032642679288983345,0.0036098090931773186,0.03650763817131519,5,12,12,0,,
2026-05-16T00:08:25.463080,clean,sax,"{'w': 144, 'bins': 5}",3,3,4,ok,9,12,0.032328889705240726,0.004449636675417423,0.03703388664871454,5,12,13,0,,
2026-05-16T00:08:25.568321,clean,sax,"{'w': 144, 'bins': 5}",3,4,4,ok,12,15,0.032306818291544914,0.0030225664377212524,0.03558373264968395,5,16,16,0,,
2026-05-16T00:08:25.676290,clean,sax,"{'w': 144, 'bins': 5}",4,0,4,ok,0,4,0.04336463753134012,0.0014992458745837212,0.045220653526484966,5,10,9,0,,
2026-05-16T00:08:25.754868,clean,sax,"{'w': 144, 'bins': 5}",4,1,4,ok,4,8,0.043415783904492855,0.00964643806219101,0.0533665930852294,5,13,14,0,,
2026-05-16T00:08:25.817008,clean,sax,"{'w': 144, 'bins': 5}",4,2,4,ok,8,12,0.04327184334397316,0.012108643539249897,0.055695878341794014,5,7,8,0,,
2026-05-16T00:08:25.889189,clean,sax,"{'w': 144, 'bins': 5}",4,3,4,ok,12,16,0.04318105336278677,0.004267715848982334,0.04775760881602764,5,14,14,0,,
2026-05-16T00:08:25.957681,clean,sax,"{'w': 144, 'bins': 5}",4,4,4,ok,16,20,0.042948927730321884,0.0014419574290513992,0.04470145795494318,5,10,9,0,,
2026-05-16T00:08:26.057188,clean,sax,"{'w': 144, 'bins': 5}",5,0,4,ok,0,5,0.0538630960509181,0.001713988371193409,0.05600580107420683,5,10,9,0,,
2026-05-16T00:08:26.133272,clean,sax,"{'w': 144, 'bins': 5}",5,1,4,ok,5,10,0.05359017290174961,0.006541546434164047,0.06049600429832935,5,15,16,0,,
2026-05-16T00:08:26.212232,clean,sax,"{'w': 144, 'bins': 5}",5,2,4,ok,10,15,0.05366625636816025,0.006722265854477882,0.060760931111872196,5,9,10,0,,
2026-05-16T00:08:26.300556,clean,sax,"{'w': 144, 'bins': 5}",5,3,4,ok,15,20,0.0539863770827651,0.0018914919346570969,0.05623966921120882,5,12,11,0,,
2026-05-16T00:08:26.377633,clean,sax,"{'w': 144, 'bins': 5}",5,4,4,ok,20,25,0.05397036671638489,0.004630747251212597,0.058969746343791485,5,15,15,0,,
2026-05-16T00:08:26.516233,clean,sax,"{'w': 144, 'bins': 5}",6,0,4,ok,0,6,0.06480964552611113,0.0024149352684617043,0.0676999231800437,5,10,9,0,,
2026-05-16T00:08:26.595874,clean,sax,"{'w': 144, 'bins': 5}",6,1,4,ok,6,12,0.06448748987168074,0.007598482072353363,0.07253329176455736,5,14,15,0,,
2026-05-16T00:08:26.667208,clean,sax,"{'w': 144, 'bins': 5}",6,2,4,ok,12,18,0.0644860677421093,0.004862513393163681,0.06977995112538338,5,14,14,0,,
2026-05-16T00:08:26.756469,clean,sax,"{'w': 144, 'bins': 5}",6,3,4,ok,18,24,0.0647102789953351,0.004733770154416561,0.06985903903841972,5,16,16,0,,
2026-05-16T00:08:26.843052,clean,sax,"{'w': 144, 'bins': 5}",6,4,4,ok,24,30,0.06472321320325136,0.0074196867644786835,0.07256232760846615,5,13,14,0,,
2026-05-16T00:08:27.013721,clean,sax,"{'w': 144, 'bins': 5}",7,0,4,ok,0,7,0.07512583211064339,0.005702058784663677,0.08137360587716103,5,10,11,0,,
2026-05-16T00:08:27.165454,clean,sax,"{'w': 144, 'bins': 5}",7,1,4,ok,7,14,0.07527257688343525,0.014406038448214531,0.09015464875847101,5,7,8,0,,
2026-05-16T00:08:27.270116,clean,sax,"{'w': 144, 'bins': 5}",7,2,4,ok,14,21,0.07489017862826586,0.008325326256453991,0.08371868077665567,5,18,19,0,,
2026-05-16T00:08:27.352336,clean,sax,"{'w': 144, 'bins': 5}",7,3,4,ok,21,28,0.07550305966287851,0.0043957969173789024,0.08037357777357101,5,12,12,0,,
2026-05-16T00:08:27.444028,clean,sax,"{'w': 144, 'bins': 5}",7,4,4,ok,28,35,0.07533109653741121,0.002337248995900154,0.07813733723014593,5,10,9,0,,
2026-05-16T00:08:27.578615,clean,sax,"{'w': 144, 'bins': 5}",8,0,4,ok,0,8,0.08624995592981577,0.01187492348253727,0.09871347434818745,5,13,14,0,,
2026-05-16T00:08:27.715579,clean,sax,"{'w': 144, 'bins': 5}",8,1,4,ok,8,16,0.08573629148304462,0.01536438800394535,0.10166273452341557,5,6,8,0,,
2026-05-16T00:08:27.870707,clean,sax,"{'w': 144, 'bins': 5}",8,2,4,ok,16,24,0.08602587319910526,0.0050421301275491714,0.09162110276520252,5,14,14,0,,
2026-05-16T00:08:28.009372,clean,sax,"{'w': 144, 'bins': 5}",8,3,4,ok,24,32,0.08659622445702553,0.005004499107599258,0.09214976523071527,5,12,12,0,,
2026-05-16T00:08:28.232566,clean,sax,"{'w': 144, 'bins': 5}",8,4,4,ok,32,40,0.08588401786983013,0.007246660068631172,0.0936744399368763,5,15,16,0,,
2026-05-16T00:08:28.414979,clean,sax,"{'w': 144, 'bins': 5}",9,0,4,ok,0,9,0.09683554526418447,0.01212932076305151,0.10958378948271275,5,13,14,0,,
2026-05-16T00:08:28.536526,clean,sax,"{'w': 144, 'bins': 5}",9,1,4,ok,9,18,0.09653275832533836,0.01151755079627037,0.10865812096744776,5,13,15,0,,
2026-05-16T00:08:28.655241,clean,sax,"{'w': 144, 'bins': 5}",9,2,4,ok,18,27,0.0959604736417532,0.008723173290491104,0.10526790469884872,5,16,17,0,,
2026-05-16T00:08:28.807655,clean,sax,"{'w': 144, 'bins': 5}",9,3,4,ok,27,36,0.0963897192850709,0.005211969837546349,0.10220691561698914,5,12,12,0,,
2026-05-16T00:08:28.927613,clean,sax,"{'w': 144, 'bins': 5}",9,4,4,ok,36,45,0.09676821995526552,0.005855468101799488,0.10322878509759903,5,17,17,0,,
2026-05-16T00:08:29.084234,clean,sax,"{'w': 144, 'bins': 5}",10,0,4,ok,0,10,0.10704683512449265,0.009429220110177994,0.11731513123959303,5,14,15,0,,
2026-05-16T00:08:29.214638,clean,sax,"{'w': 144, 'bins': 5}",10,1,4,ok,10,20,0.10632678307592869,0.005705696530640125,0.11280123330652714,5,14,14,0,,
2026-05-16T00:08:29.355038,clean,sax,"{'w': 144, 'bins': 5}",10,2,4,ok,20,30,0.10696596466004848,0.009495374746620655,0.11726266425102949,5,16,17,0,,
2026-05-16T00:08:29.485911,clean,sax,"{'w': 144, 'bins': 5}",10,3,4,ok,30,40,0.10733825247734785,0.007683141157031059,0.11582308914512396,5,15,16,0,,
2026-05-16T00:08:29.604652,clean,sax,"{'w': 144, 'bins': 5}",10,4,4,ok,40,50,0.10745405033230782,0.008587177842855453,0.11683833505958319,5,19,20,0,,
2026-05-16T00:08:29.779747,clean,sax,"{'w': 144, 'bins': 5}",11,0,4,ok,0,11,0.11838279571384192,0.010115760378539562,0.12943073734641075,5,12,13,0,,
2026-05-16T00:08:29.929596,clean,sax,"{'w': 144, 'bins': 5}",11,1,4,ok,11,22,0.11802035570144653,0.00961894541978836,0.12845381163060665,5,19,20,0,,
2026-05-16T00:08:30.093753,clean,sax,"{'w': 144, 'bins': 5}",11,2,4,ok,22,33,0.1178556876257062,0.005833286792039871,0.12451003585010767,5,12,12,0,,
2026-05-16T00:08:30.235555,clean,sax,"{'w': 144, 'bins': 5}",11,3,4,ok,33,44,0.11815831623971462,0.00908682681620121,0.12805247958749533,5,14,16,0,,
2026-05-16T00:08:30.399637,clean,sax,"{'w': 144, 'bins': 5}",11,4,4,ok,44,55,0.11745864991098642,0.009410914964973927,0.1276912484318018,5,16,17,0,,
2026-05-16T00:08:30.619057,clean,sax,"{'w': 144, 'bins': 5}",12,0,4,ok,0,12,0.1285527478903532,0.010505531914532185,0.14002258144319057,5,14,15,0,,
2026-05-16T00:08:30.778887,clean,sax,"{'w': 144, 'bins': 5}",12,1,4,ok,12,24,0.1289862934499979,0.011001051403582096,0.14091699104756117,5,19,20,0,,
2026-05-16T00:08:30.930308,clean,sax,"{'w': 144, 'bins': 5}",12,2,4,ok,24,36,0.12839433085173368,0.00609962735325098,0.13539919815957546,5,12,12,0,,
2026-05-16T00:08:31.074727,clean,sax,"{'w': 144, 'bins': 5}",12,3,4,ok,36,48,0.128667994402349,0.01278942171484232,0.14236961863934994,5,21,23,0,,
2026-05-16T00:08:31.227205,clean,sax,"{'w': 144, 'bins': 5}",12,4,4,ok,48,60,0.1272645490244031,0.012485609389841557,0.14068100694566965,5,14,15,0,,
2026-05-16T00:08:31.456507,clean,sax,"{'w': 144, 'bins': 5}",13,0,4,ok,0,13,0.13862428441643715,0.01977847795933485,0.15949740819633007,5,11,12,0,,
2026-05-16T00:08:31.631983,clean,sax,"{'w': 144, 'bins': 5}",13,1,4,ok,13,26,0.13789040595293045,0.011056056246161461,0.14991780649870634,5,18,19,0,,
2026-05-16T00:08:31.800635,clean,sax,"{'w': 144, 'bins': 5}",13,2,4,ok,26,39,0.13807334937155247,0.011333446949720383,0.15036168973892927,5,14,15,0,,
2026-05-16T00:08:31.973028,clean,sax,"{'w': 144, 'bins': 5}",13,3,4,ok,39,52,0.13850367814302444,0.010080544278025627,0.14970616903156042,5,19,20,0,,
2026-05-16T00:08:32.153767,clean,sax,"{'w': 144, 'bins': 5}",13,4,4,ok,52,65,0.139216598123312,0.020392701029777527,0.160609507933259,5,13,15,0,,
2026-05-16T00:08:32.391104,clean,sax,"{'w': 144, 'bins': 5}",14,0,4,ok,0,14,0.14970595948398113,0.02031535655260086,0.17109752725809813,5,11,12,0,,
2026-05-16T00:08:32.554093,clean,sax,"{'w': 144, 'bins': 5}",14,1,4,ok,14,28,0.1482206080108881,0.011474831961095333,0.1606883853673935,5,18,19,0,,
2026-05-16T00:08:32.724718,clean,sax,"{'w': 144, 'bins': 5}",14,2,4,ok,28,42,0.15063073486089706,0.010169431567192078,0.16208020970225334,5,14,16,0,,
2026-05-16T00:08:32.892315,clean,sax,"{'w': 144, 'bins': 5}",14,3,4,ok,42,56,0.1490596942603588,0.015093709342181683,0.16524769831448793,5,20,22,0,,
2026-05-16T00:08:33.064959,clean,sax,"{'w': 144, 'bins': 5}",14,4,4,ok,56,70,0.1494234073907137,0.017798508517444134,0.16824873443692923,5,17,19,0,,
2026-05-16T00:08:33.280185,clean,sax,"{'w': 144, 'bins': 5}",15,0,4,ok,0,15,0.1610358376055956,0.011452960781753063,0.17364768590778112,5,17,18,0,,
2026-05-16T00:08:33.512871,clean,sax,"{'w': 144, 'bins': 5}",15,1,4,ok,15,30,0.16008966974914074,0.011846380308270454,0.1732168160378933,5,18,19,0,,
2026-05-16T00:08:33.705967,clean,sax,"{'w': 144, 'bins': 5}",15,2,4,ok,30,45,0.1612157253548503,0.010544804856181145,0.17287353053689003,5,14,16,0,,
2026-05-16T00:08:33.888121,clean,sax,"{'w': 144, 'bins': 5}",15,3,4,ok,45,60,0.1612333795055747,0.016573247499763966,0.17890565097332,5,19,21,0,,
2026-05-16T00:08:34.091961,clean,sax,"{'w': 144, 'bins': 5}",15,4,4,ok,60,75,0.16101535968482494,0.03348827641457319,0.1957876281812787,5,25,29,0,,
2026-05-16T00:08:34.316599,clean,sax,"{'w': 144, 'bins': 5}",16,0,4,ok,0,16,0.1697641909122467,0.01364742312580347,0.18466990813612938,5,16,17,0,,
2026-05-16T00:08:34.555023,clean,sax,"{'w': 144, 'bins': 5}",16,1,4,ok,16,32,0.1703122816979885,0.011670398525893688,0.18316171504557133,5,16,17,0,,
2026-05-16T00:08:34.774226,clean,sax,"{'w': 144, 'bins': 5}",16,2,4,ok,32,48,0.171487208455801,0.014862715266644955,0.1877659223973751,5,21,23,0,,
2026-05-16T00:08:34.967121,clean,sax,"{'w': 144, 'bins': 5}",16,3,4,ok,48,64,0.17223508190363646,0.0165642611682415,0.18997836858034134,5,20,22,0,,
2026-05-16T00:08:35.258247,clean,sax,"{'w': 144, 'bins': 5}",16,4,4,ok,64,80,0.17040372267365456,0.016704984940588474,0.18830455373972654,5,16,19,0,,
2026-05-16T00:08:35.506417,clean,sax,"{'w': 144, 'bins': 5}",17,0,4,ok,0,17,0.1827112091705203,0.014218395575881004,0.19847468566149473,5,16,17,0,,
2026-05-16T00:08:35.778509,clean,sax,"{'w': 144, 'bins': 5}",17,1,4,ok,17,34,0.18167927116155624,0.012154798954725266,0.19505170732736588,5,16,17,0,,
2026-05-16T00:08:35.997025,clean,sax,"{'w': 144, 'bins': 5}",17,2,4,ok,34,51,0.18193232640624046,0.015453895553946495,0.19863405544310808,5,21,23,0,,
2026-05-16T00:08:36.221694,clean,sax,"{'w': 144, 'bins': 5}",17,3,4,ok,51,68,0.18306642584502697,0.018171610310673714,0.2026660582050681,5,17,19,0,,
2026-05-16T00:08:36.431826,clean,sax,"{'w': 144, 'bins': 5}",17,4,4,ok,68,85,0.18148315139114857,0.011883811093866825,0.19461666978895664,5,13,15,0,,
2026-05-16T00:08:36.686365,clean,sax,"{'w': 144, 'bins': 5}",18,0,4,ok,0,18,0.19443634152412415,0.01459850836545229,0.21055166888982058,5,16,17,0,,
2026-05-16T00:08:36.926002,clean,sax,"{'w': 144, 'bins': 5}",18,1,4,ok,18,36,0.19210595358163118,0.013339415192604065,0.20674812514334917,5,18,19,0,,
2026-05-16T00:08:37.136929,clean,sax,"{'w': 144, 'bins': 5}",18,2,4,ok,36,54,0.1921185366809368,0.014533236622810364,0.20796523056924343,5,20,22,0,,
2026-05-16T00:08:37.394187,clean,sax,"{'w': 144, 'bins': 5}",18,3,4,ok,54,72,0.19097887724637985,0.039134121499955654,0.23162581119686365,5,23,27,0,,
2026-05-16T00:08:37.626502,clean,sax,"{'w': 144, 'bins': 5}",18,4,4,ok,72,90,0.19287495873868465,0.012555612251162529,0.20670313108712435,5,16,17,0,,
2026-05-16T00:08:37.888859,clean,sax,"{'w': 144, 'bins': 5}",19,0,4,ok,0,19,0.20467886794358492,0.015047642402350903,0.22122989408671856,5,16,17,0,,
2026-05-16T00:08:38.143114,clean,sax,"{'w': 144, 'bins': 5}",19,1,4,ok,19,38,0.20375651773065329,0.02163216844201088,0.2265924671664834,5,18,20,0,,
2026-05-16T00:08:38.499498,clean,sax,"{'w': 144, 'bins': 5}",19,2,4,ok,38,57,0.2038946757093072,0.032770118676126,0.2380829881876707,5,26,29,0,,
2026-05-16T00:08:38.765354,clean,sax,"{'w': 144, 'bins': 5}",19,3,4,ok,57,76,0.20131543092429638,0.04427446611225605,0.2467806339263916,5,26,31,0,,
2026-05-16T00:08:39.021769,clean,sax,"{'w': 144, 'bins': 5}",19,4,4,ok,76,95,0.20352431014180183,0.021573168225586414,0.22634450998157263,5,19,22,0,,
2026-05-16T00:08:39.274988,clean,sax,"{'w': 144, 'bins': 5}",20,0,4,ok,0,20,0.21234181057661772,0.015547170303761959,0.22920287866145372,5,16,17,0,,
2026-05-16T00:08:39.516593,clean,sax,"{'w': 144, 'bins': 5}",20,1,4,ok,20,40,0.21434030402451754,0.02222154662013054,0.23784217610955238,5,18,20,0,,
2026-05-16T00:08:39.752952,clean,sax,"{'w': 144, 'bins': 5}",20,2,4,ok,40,60,0.21141347661614418,0.018526305444538593,0.2312725866213441,5,21,23,0,,
2026-05-16T00:08:40.011104,clean,sax,"{'w': 144, 'bins': 5}",20,3,4,ok,60,80,0.21396172419190407,0.03920999448746443,0.25449499394744635,5,25,29,0,,
2026-05-16T00:08:40.245960,clean,sax,"{'w': 144, 'bins': 5}",20,4,4,ok,80,100,0.21330342814326286,0.017183123156428337,0.23182559572160244,5,18,20,0,,
2026-05-16T00:08:40.522743,clean,sax,"{'w': 144, 'bins': 5}",21,0,4,ok,0,21,0.22670486755669117,0.021497095935046673,0.2496340535581112,5,18,20,0,,
2026-05-16T00:08:40.767874,clean,sax,"{'w': 144, 'bins': 5}",21,1,4,ok,21,42,0.22371311765164137,0.016264459118247032,0.24136038403958082,5,13,15,0,,
2026-05-16T00:08:41.017652,clean,sax,"{'w': 144, 'bins': 5}",21,2,4,ok,42,63,0.22339100390672684,0.021162536926567554,0.24604159593582153,5,19,21,0,,
2026-05-16T00:08:41.277478,clean,sax,"{'w': 144, 'bins': 5}",21,3,4,ok,63,84,0.22390816640108824,0.031371282413601875,0.256629042327404,5,20,24,0,,
2026-05-16T00:08:41.526007,clean,sax,"{'w': 144, 'bins': 5}",21,4,4,ok,84,105,0.2240012288093567,0.019778638146817684,0.24538912996649742,5,17,19,0,,
2026-05-16T00:08:41.809869,clean,sax,"{'w': 144, 'bins': 5}",22,0,4,ok,0,22,0.23548515886068344,0.02204554621130228,0.2590870279818773,5,18,20,0,,
2026-05-16T00:08:42.068079,clean,sax,"{'w': 144, 'bins': 5}",22,1,4,ok,22,44,0.2363845780491829,0.01660156063735485,0.25464329216629267,5,13,15,0,,
2026-05-16T00:08:42.329074,clean,sax,"{'w': 144, 'bins': 5}",22,2,4,ok,44,66,0.23385821282863617,0.02189592458307743,0.25725797191262245,5,19,21,0,,
2026-05-16T00:08:42.590376,clean,sax,"{'w': 144, 'bins': 5}",22,3,4,ok,66,88,0.23579898849129677,0.020419984124600887,0.25787307880818844,5,16,19,0,,
2026-05-16T00:08:42.851471,clean,sax,"{'w': 144, 'bins': 5}",22,4,4,ok,88,110,0.23460093792527914,0.021694266237318516,0.2577808341011405,5,18,20,0,,
2026-05-16T00:08:43.147103,clean,sax,"{'w': 144, 'bins': 5}",23,0,4,ok,0,23,0.2461039526388049,0.022614534944295883,0.2703317478299141,5,18,20,0,,
2026-05-16T00:08:43.413341,clean,sax,"{'w': 144, 'bins': 5}",23,1,4,ok,23,46,0.24398428201675415,0.017261860892176628,0.26292329281568527,5,13,15,0,,
2026-05-16T00:08:43.684602,clean,sax,"{'w': 144, 'bins': 5}",23,2,4,ok,46,69,0.24566602986305952,0.02059751655906439,0.26779663655906916,5,13,15,0,,
2026-05-16T00:08:43.954273,clean,sax,"{'w': 144, 'bins': 5}",23,3,4,ok,69,92,0.24502822384238243,0.019485367462038994,0.26622525602579117,5,15,18,0,,
2026-05-16T00:08:44.235592,clean,sax,"{'w': 144, 'bins': 5}",23,4,4,ok,92,115,0.2461891621351242,0.030186235904693604,0.27792532928287983,5,14,18,0,,
2026-05-16T00:08:44.542363,clean,sax,"{'w': 144, 'bins': 5}",24,0,4,ok,0,24,0.25671032443642616,0.0229031965136528,0.28128418885171413,5,18,20,0,,
2026-05-16T00:08:44.834843,clean,sax,"{'w': 144, 'bins': 5}",24,1,4,ok,24,48,0.2579381503164768,0.029322783462703228,0.288964013569057,5,13,16,0,,
2026-05-16T00:08:45.132502,clean,sax,"{'w': 144, 'bins': 5}",24,2,4,ok,48,72,0.25770014245063066,0.03469300176948309,0.2939792023971677,5,19,23,0,,
2026-05-16T00:08:45.415460,clean,sax,"{'w': 144, 'bins': 5}",24,3,4,ok,72,96,0.2557825921103358,0.02203148975968361,0.2794087864458561,5,21,24,0,,
2026-05-16T00:08:45.720446,clean,sax,"{'w': 144, 'bins': 5}",24,4,4,ok,96,120,0.2593074617907405,0.040044212713837624,0.3013596851378679,5,11,15,0,,
2026-05-16T00:08:46.039882,clean,sax,"{'w': 144, 'bins': 5}",25,0,4,ok,0,25,0.26664174627512693,0.024296092800796032,0.29266552440822124,5,18,20,0,,
2026-05-16T00:08:46.340093,clean,sax,"{'w': 144, 'bins': 5}",25,1,4,ok,25,50,0.2667316859588027,0.02804874163120985,0.2966088419780135,5,13,16,0,,
2026-05-16T00:08:46.663951,clean,sax,"{'w': 144, 'bins': 5}",25,2,4,ok,50,75,0.26827682740986347,0.04967565182596445,0.31975616700947285,5,26,31,0,,
2026-05-16T00:08:46.960113,clean,sax,"{'w': 144, 'bins': 5}",25,3,4,ok,75,100,0.26467720698565245,0.025666226632893085,0.29204527009278536,5,19,22,0,,
2026-05-16T00:08:47.280288,clean,sax,"{'w': 144, 'bins': 5}",25,4,4,ok,100,125,0.2676183423027396,0.04678167495876551,0.31626096367836,5,26,30,0,,
2026-05-16T00:08:47.611116,clean,sax,"{'w': 144, 'bins': 5}",26,0,4,ok,0,26,0.279299751855433,0.024599403142929077,0.30583153385668993,5,18,20,0,,
2026-05-16T00:08:47.923432,clean,sax,"{'w': 144, 'bins': 5}",26,1,4,ok,26,52,0.2779204808175564,0.02900042850524187,0.30862842686474323,5,13,16,0,,
2026-05-16T00:08:48.251273,clean,sax,"{'w': 144, 'bins': 5}",26,2,4,ok,52,78,0.27881191577762365,0.043374466709792614,0.32392012793570757,5,25,29,0,,
2026-05-16T00:08:48.560874,clean,sax,"{'w': 144, 'bins': 5}",26,3,4,ok,78,104,0.2755051935091615,0.028483789414167404,0.3058706568554044,5,18,21,0,,
2026-05-16T00:08:48.894135,clean,sax,"{'w': 144, 'bins': 5}",26,4,4,ok,104,130,0.2787993513047695,0.04845278337597847,0.3289038483053446,5,25,29,0,,
2026-05-16T00:08:49.234739,clean,sax,"{'w': 144, 'bins': 5}",27,0,4,ok,0,27,0.2884920369833708,0.025556350126862526,0.31579915527254343,5,18,20,0,,
2026-05-16T00:08:49.558773,clean,sax,"{'w': 144, 'bins': 5}",27,1,4,ok,27,54,0.28851430770009756,0.029630903154611588,0.32005246356129646,5,13,16,0,,
2026-05-16T00:08:49.897550,clean,sax,"{'w': 144, 'bins': 5}",27,2,4,ok,54,81,0.28779865335673094,0.0449348371475935,0.33459354378283024,5,25,29,0,,
2026-05-16T00:08:50.217685,clean,sax,"{'w': 144, 'bins': 5}",27,3,4,ok,81,108,0.2910603703930974,0.02337805926799774,0.31625166442245245,5,17,19,0,,
2026-05-16T00:08:50.559241,clean,sax,"{'w': 144, 'bins': 5}",27,4,4,ok,108,135,0.28802650328725576,0.0474755484610796,0.3373337918892503,5,25,29,0,,
2026-05-16T00:08:50.912698,clean,sax,"{'w': 144, 'bins': 5}",28,0,4,ok,0,28,0.30071370117366314,0.025646389462053776,0.3283627526834607,5,18,20,0,,
2026-05-16T00:08:51.239690,clean,sax,"{'w': 144, 'bins': 5}",28,1,4,ok,28,56,0.29763350635766983,0.023008715361356735,0.322639643214643,5,19,21,0,,
2026-05-16T00:08:51.594951,clean,sax,"{'w': 144, 'bins': 5}",28,2,4,ok,56,84,0.29998981207609177,0.04916855785995722,0.3510162401944399,5,25,29,0,,
2026-05-16T00:08:51.927167,clean,sax,"{'w': 144, 'bins': 5}",28,3,4,ok,84,112,0.3001849288120866,0.025714196264743805,0.32778019830584526,5,18,21,0,,
2026-05-16T00:08:52.275502,clean,sax,"{'w': 144, 'bins': 5}",28,4,4,ok,112,140,0.30010566022247076,0.04211429972201586,0.34404813311994076,5,22,26,0,,
2026-05-16T00:08:52.638362,clean,sax,"{'w': 144, 'bins': 5}",29,0,4,ok,0,29,0.3094320259988308,0.026350230909883976,0.3378602098673582,5,18,20,0,,
2026-05-16T00:08:52.981617,clean,sax,"{'w': 144, 'bins': 5}",29,1,4,ok,29,58,0.3108045728877187,0.026152800768613815,0.33907302748411894,5,18,20,0,,
2026-05-16T00:08:53.414306,clean,sax,"{'w': 144, 'bins': 5}",29,2,4,ok,58,87,0.31038303207606077,0.11578020919114351,0.42826312594115734,5,25,29,0,,
2026-05-16T00:08:53.765694,clean,sax,"{'w': 144, 'bins': 5}",29,3,4,ok,87,116,0.31219765078276396,0.03308478929102421,0.34714233316481113,5,14,18,0,,
2026-05-16T00:08:54.106518,clean,sax,"{'w': 144, 'bins': 5}",29,4,4,ok,116,145,0.3103141337633133,0.02431453764438629,0.3364871209487319,5,20,22,0,,
2026-05-16T00:08:54.480287,clean,sax,"{'w': 144, 'bins': 5}",30,0,4,ok,0,30,0.3191031198948622,0.026521031744778156,0.3476923368871212,5,18,20,0,,
2026-05-16T00:08:54.833971,clean,sax,"{'w': 144, 'bins': 5}",30,1,4,ok,30,60,0.3201515404507518,0.026633703149855137,0.3489056555554271,5,18,20,0,,
2026-05-16T00:08:55.207835,clean,sax,"{'w': 144, 'bins': 5}",30,2,4,ok,60,90,0.3187132179737091,0.04865851067006588,0.3695064280182123,5,24,28,0,,
2026-05-16T00:08:55.573677,clean,sax,"{'w': 144, 'bins': 5}",30,3,4,ok,90,120,0.31944590527564287,0.04039281606674194,0.3617651090025902,5,11,15,0,,
2026-05-16T00:08:55.924832,clean,sax,"{'w': 144, 'bins': 5}",30,4,4,ok,120,150,0.320185674354434,0.02466475497931242,0.34680902771651745,5,20,22,0,,
2026-05-16T00:08:56.309666,clean,sax,"{'w': 144, 'bins': 5}",31,0,4,ok,0,31,0.32974153105169535,0.027834869921207428,0.35955463722348213,5,18,20,0,,
2026-05-16T00:08:56.688983,clean,sax,"{'w': 144, 'bins': 5}",31,1,4,ok,31,62,0.3302608486264944,0.041991439647972584,0.37428323179483414,5,23,26,0,,
2026-05-16T00:08:57.061321,clean,sax,"{'w': 144, 'bins': 5}",31,2,4,ok,62,93,0.3300590366125107,0.03545391000807285,0.36768131982535124,5,19,23,0,,
2026-05-16T00:08:57.451859,clean,sax,"{'w': 144, 'bins': 5}",31,3,4,ok,93,124,0.32973090186715126,0.05410165339708328,0.38601898308843374,5,18,22,0,,
2026-05-16T00:08:57.810759,clean,sax,"{'w': 144, 'bins': 5}",31,4,4,ok,124,155,0.3288021069020033,0.02346495073288679,0.3544917069375515,5,19,21,0,,
2026-05-16T00:08:58.209316,clean,sax,"{'w': 144, 'bins': 5}",32,0,4,ok,0,32,0.3413754627108574,0.028396965004503727,0.372062218375504,5,18,20,0,,
2026-05-16T00:08:58.585172,clean,sax,"{'w': 144, 'bins': 5}",32,1,4,ok,32,64,0.34070709720253944,0.02829081565141678,0.371292682364583,5,18,20,0,,
2026-05-16T00:08:58.958752,clean,sax,"{'w': 144, 'bins': 5}",32,2,4,ok,64,96,0.3396284310147166,0.027321506291627884,0.3690746668726206,5,21,24,0,,
2026-05-16T00:08:59.370753,clean,sax,"{'w': 144, 'bins': 5}",32,3,4,ok,96,128,0.34220640268176794,0.06315645948052406,0.4074872424826026,5,19,24,0,,
2026-05-16T00:08:59.749165,clean,sax,"{'w': 144, 'bins': 5}",32,4,4,ok,128,160,0.3397780219092965,0.031879046000540257,0.37376565765589476,5,22,25,0,,
2026-05-16T00:09:00.157898,clean,sax,"{'w': 144, 'bins': 5}",33,0,4,ok,0,33,0.3505676072090864,0.029548819176852703,0.3823614530265331,5,18,20,0,,
2026-05-16T00:09:00.545124,clean,sax,"{'w': 144, 'bins': 5}",33,1,4,ok,33,66,0.3505811020731926,0.029323375783860683,0.38207718916237354,5,18,20,0,,
2026-05-16T00:09:00.930741,clean,sax,"{'w': 144, 'bins': 5}",33,2,4,ok,66,99,0.3503104345872998,0.028253897093236446,0.3807450868189335,5,21,24,0,,
2026-05-16T00:09:01.355630,clean,sax,"{'w': 144, 'bins': 5}",33,3,4,ok,99,132,0.35358492378145456,0.06393765844404697,0.41974785178899765,5,19,24,0,,
2026-05-16T00:09:01.748094,clean,sax,"{'w': 144, 'bins': 5}",33,4,4,ok,132,165,0.3523589726537466,0.03296707943081856,0.38754647225141525,5,22,25,0,,
2026-05-16T00:09:02.169092,clean,sax,"{'w': 144, 'bins': 5}",34,0,4,ok,0,34,0.3625916512683034,0.030076509341597557,0.39498091489076614,5,18,20,0,,
2026-05-16T00:09:02.570404,clean,sax,"{'w': 144, 'bins': 5}",34,1,4,ok,34,68,0.3642900101840496,0.02998023945838213,0.39652830082923174,5,18,20,0,,
2026-05-16T00:09:02.973029,clean,sax,"{'w': 144, 'bins': 5}",34,2,4,ok,68,102,0.3630967093631625,0.032378663308918476,0.3977218521758914,5,20,23,0,,
2026-05-16T00:09:03.400990,clean,sax,"{'w': 144, 'bins': 5}",34,3,4,ok,102,136,0.3625281313434243,0.058026875369250774,0.4228378552943468,5,25,29,0,,
2026-05-16T00:09:03.810939,clean,sax,"{'w': 144, 'bins': 5}",34,4,4,ok,136,170,0.3662965102121234,0.03622971661388874,0.4049061769619584,5,20,23,0,,
2026-05-16T00:09:04.246709,clean,sax,"{'w': 144, 'bins': 5}",35,0,4,ok,0,35,0.37683019414544106,0.030512348748743534,0.40990218985825777,5,18,20,0,,
2026-05-16T00:09:04.658225,clean,sax,"{'w': 144, 'bins': 5}",35,1,4,ok,35,70,0.37334976717829704,0.030348160304129124,0.4062482165172696,5,18,20,0,,
2026-05-16T00:09:05.073650,clean,sax,"{'w': 144, 'bins': 5}",35,2,4,ok,70,105,0.37511585280299187,0.03289509378373623,0.4105522697791457,5,20,23,0,,
2026-05-16T00:09:05.512269,clean,sax,"{'w': 144, 'bins': 5}",35,3,4,ok,105,140,0.37480126414448023,0.05619887262582779,0.4335360489785671,5,25,29,0,,
2026-05-16T00:09:05.965026,clean,sax,"{'w': 144, 'bins': 5}",35,4,4,ok,140,175,0.3739617159590125,0.07096194103360176,0.4474692586809397,5,24,29,0,,
2026-05-16T00:09:06.408616,clean,sax,"{'w': 144, 'bins': 5}",36,0,4,ok,0,36,0.3839848916977644,0.031150508671998978,0.4177467739209533,5,18,20,0,,
2026-05-16T00:09:06.836495,clean,sax,"{'w': 144, 'bins': 5}",36,1,4,ok,36,72,0.3852353412657976,0.0351444985717535,0.4229258019477129,5,16,18,0,,
2026-05-16T00:09:07.263233,clean,sax,"{'w': 144, 'bins': 5}",36,2,4,ok,72,108,0.38554936181753874,0.03340590372681618,0.42154670134186745,5,20,23,0,,
2026-05-16T00:09:07.714105,clean,sax,"{'w': 144, 'bins': 5}",36,3,4,ok,108,144,0.38539893832057714,0.057543547824025154,0.4455361682921648,5,25,29,0,,
2026-05-16T00:09:08.200165,clean,sax,"{'w': 144, 'bins': 5}",36,4,4,ok,144,180,0.38374117389321327,0.09426484908908606,0.48059752956032753,5,28,35,0,,
2026-05-16T00:09:08.684674,clean,sax,"{'w': 144, 'bins': 5}",37,0,4,ok,0,37,0.39707780349999666,0.05831671040505171,0.45807908568531275,5,20,24,0,,
2026-05-16T00:09:09.150023,clean,sax,"{'w': 144, 'bins': 5}",37,1,4,ok,37,74,0.3948001954704523,0.0626243008300662,0.4600285775959492,5,16,20,0,,
2026-05-16T00:09:09.585365,clean,sax,"{'w': 144, 'bins': 5}",37,2,4,ok,74,111,0.39296936709433794,0.03403574600815773,0.4293930185958743,5,20,23,0,,
2026-05-16T00:09:10.046824,clean,sax,"{'w': 144, 'bins': 5}",37,3,4,ok,111,148,0.39483253564685583,0.05873841233551502,0.45597316045314074,5,25,29,0,,
2026-05-16T00:09:10.541444,clean,sax,"{'w': 144, 'bins': 5}",37,4,4,ok,148,185,0.3944028504192829,0.09169733710587025,0.48854045011103153,5,29,36,0,,
2026-05-16T00:09:11.019920,clean,sax,"{'w': 144, 'bins': 5}",38,0,4,ok,0,38,0.40786301996558905,0.04129473026841879,0.4517382364720106,5,23,26,0,,
2026-05-16T00:09:11.471263,clean,sax,"{'w': 144, 'bins': 5}",38,1,4,ok,38,76,0.40736588556319475,0.03553482238203287,0.44562769029289484,5,22,25,0,,
2026-05-16T00:09:11.939261,clean,sax,"{'w': 144, 'bins': 5}",38,2,4,ok,76,114,0.4052385203540325,0.054533155634999275,0.4625075338408351,5,22,27,0,,
2026-05-16T00:09:12.388601,clean,sax,"{'w': 144, 'bins': 5}",38,3,4,ok,114,152,0.40696060471236706,0.0345432898029685,0.44414359237998724,5,20,23,0,,
2026-05-16T00:09:12.858922,clean,sax,"{'w': 144, 'bins': 5}",38,4,4,ok,152,190,0.40475680585950613,0.05707311537116766,0.4645557710900903,5,23,28,0,,
2026-05-16T00:09:13.344186,clean,sax,"{'w': 144, 'bins': 5}",39,0,4,ok,0,39,0.41408504731953144,0.04183438327163458,0.4585557207465172,5,23,26,0,,
2026-05-16T00:09:13.808802,clean,sax,"{'w': 144, 'bins': 5}",39,1,4,ok,39,78,0.41962199565023184,0.036567660979926586,0.4588172724470496,5,22,25,0,,
2026-05-16T00:09:14.288668,clean,sax,"{'w': 144, 'bins': 5}",39,2,4,ok,78,117,0.41487679351121187,0.05661196727305651,0.47422666382044554,5,22,27,0,,
2026-05-16T00:09:14.749951,clean,sax,"{'w': 144, 'bins': 5}",39,3,4,ok,117,156,0.41705449391156435,0.036122385412454605,0.4559651566669345,5,13,16,0,,
2026-05-16T00:09:15.274417,clean,sax,"{'w': 144, 'bins': 5}",39,4,4,ok,156,195,0.41747275926172733,0.0983122605830431,0.5185476085171103,5,22,28,0,,
2026-05-16T00:09:15.778306,clean,sax,"{'w': 144, 'bins': 5}",40,0,4,ok,0,40,0.43165714107453823,0.04277161415666342,0.4771772474050522,5,23,26,0,,
2026-05-16T00:09:16.295055,clean,sax,"{'w': 144, 'bins': 5}",40,1,4,ok,40,80,0.4294296773150563,0.07863831892609596,0.5108668031170964,5,26,31,0,,
2026-05-16T00:09:16.781806,clean,sax,"{'w': 144, 'bins': 5}",40,2,4,ok,80,120,0.4312865035608411,0.04730918724089861,0.481401190161705,5,11,15,0,,
2026-05-16T00:09:17.256225,clean,sax,"{'w': 144, 'bins': 5}",40,3,4,ok,120,160,0.4284800235182047,0.03721462655812502,0.4685411062091589,5,22,25,0,,
2026-05-16T00:09:17.792299,clean,sax,"{'w': 144, 'bins': 5}",40,4,4,ok,160,200,0.4276199573650956,0.09940041322261095,0.5297415927052498,5,27,34,0,,
2026-05-16T00:09:18.300562,clean,sax,"{'w': 144, 'bins': 5}",41,0,4,ok,0,41,0.43474965915083885,0.043700928799808025,0.48122382536530495,5,23,26,0,,
2026-05-16T00:09:18.815525,clean,sax,"{'w': 144, 'bins': 5}",41,1,4,ok,41,82,0.4394204216077924,0.06663458421826363,0.508861156180501,5,26,31,0,,
2026-05-16T00:09:19.325590,clean,sax,"{'w': 144, 'bins': 5}",41,2,4,ok,82,123,0.4389704167842865,0.061124153435230255,0.5030439393594861,5,18,22,0,,
2026-05-16T00:09:19.809743,clean,sax,"{'w': 144, 'bins': 5}",41,3,4,ok,123,164,0.4379506818950176,0.037624165415763855,0.47832045424729586,5,22,25,0,,
2026-05-16T00:09:20.334050,clean,sax,"{'w': 144, 'bins': 5}",41,4,4,ok,164,205,0.43602732848376036,0.07919453363865614,0.5180473094806075,5,25,31,0,,
2026-05-16T00:09:20.866269,clean,sax,"{'w': 144, 'bins': 5}",42,0,4,ok,0,42,0.4462175080552697,0.05562030617147684,0.5049241613596678,5,20,24,0,,
2026-05-16T00:09:21.401823,clean,sax,"{'w': 144, 'bins': 5}",42,1,4,ok,42,84,0.448767458088696,0.0776164485141635,0.5293536446988583,5,25,30,0,,
2026-05-16T00:09:21.931969,clean,sax,"{'w': 144, 'bins': 5}",42,2,4,ok,84,126,0.4481687033548951,0.0731621840968728,0.5241676839068532,5,19,24,0,,
2026-05-16T00:09:22.429416,clean,sax,"{'w': 144, 'bins': 5}",42,3,4,ok,126,168,0.4496542438864708,0.03851213399320841,0.49103007558733225,5,22,25,0,,
2026-05-16T00:09:23.008548,clean,sax,"{'w': 144, 'bins': 5}",42,4,4,ok,168,210,0.4507104652002454,0.11876543518155813,0.5725002521649003,5,28,36,0,,
2026-05-16T00:09:23.544844,clean,sax,"{'w': 144, 'bins': 5}",43,0,4,ok,0,43,0.4609215157106519,0.045131406746804714,0.5089765833690763,5,23,26,0,,
2026-05-16T00:09:24.095108,clean,sax,"{'w': 144, 'bins': 5}",43,1,4,ok,43,86,0.4609788013622165,0.07995245698839426,0.5439438773319125,5,25,30,0,,
2026-05-16T00:09:24.639521,clean,sax,"{'w': 144, 'bins': 5}",43,2,4,ok,86,129,0.459706443361938,0.07525100745260715,0.5380452098324895,5,19,24,0,,
2026-05-16T00:09:25.155284,clean,sax,"{'w': 144, 'bins': 5}",43,3,4,ok,129,172,0.45966233126819134,0.04658340383321047,0.5092336758971214,5,23,27,0,,
2026-05-16T00:09:25.699993,clean,sax,"{'w': 144, 'bins': 5}",43,4,4,ok,172,215,0.46133831795305014,0.07311375252902508,0.5376071957871318,5,21,27,0,,
2026-05-16T00:09:26.260718,clean,sax,"{'w': 144, 'bins': 5}",44,0,4,ok,0,44,0.4720851434394717,0.057843513786792755,0.5327968131750822,5,20,24,0,,
2026-05-16T00:09:26.818953,clean,sax,"{'w': 144, 'bins': 5}",44,1,4,ok,44,88,0.4700057180598378,0.07839385885745287,0.5514275440946221,5,24,29,0,,
2026-05-16T00:09:27.368858,clean,sax,"{'w': 144, 'bins': 5}",44,2,4,ok,88,132,0.47012148424983025,0.0701249586418271,0.5433149766176939,5,23,28,0,,
2026-05-16T00:09:27.929482,clean,sax,"{'w': 144, 'bins': 5}",44,3,4,ok,132,176,0.47158607468008995,0.07921148650348186,0.5537031479179859,5,25,30,0,,
2026-05-16T00:09:28.489885,clean,sax,"{'w': 144, 'bins': 5}",44,4,4,ok,176,220,0.47233947087079287,0.07807653304189444,0.5534542994573712,5,21,27,0,,
2026-05-16T00:09:29.054072,clean,sax,"{'w': 144, 'bins': 5}",45,0,4,ok,0,45,0.47792000137269497,0.0553741529583931,0.5365777527913451,5,20,24,0,,
2026-05-16T00:09:29.623153,clean,sax,"{'w': 144, 'bins': 5}",45,1,4,ok,45,90,0.4797874093055725,0.07954568322747946,0.5624327138066292,5,24,29,0,,
2026-05-16T00:09:30.186275,clean,sax,"{'w': 144, 'bins': 5}",45,2,4,ok,90,135,0.4819335099309683,0.07101891748607159,0.556260772049427,5,23,28,0,,
2026-05-16T00:09:30.776369,clean,sax,"{'w': 144, 'bins': 5}",45,3,4,ok,135,180,0.4798723002895713,0.10050634201616049,0.5834385883063078,5,21,27,0,,
2026-05-16T00:09:31.324362,clean,sax,"{'w': 144, 'bins': 5}",45,4,4,ok,180,225,0.4807357806712389,0.057357207871973515,0.5412640143185854,5,15,20,0,,
2026-05-16T00:09:31.895420,clean,sax,"{'w': 144, 'bins': 5}",46,0,4,ok,0,46,0.4918692708015442,0.047562782652676105,0.5427534831687808,5,23,26,0,,
2026-05-16T00:09:32.468670,clean,sax,"{'w': 144, 'bins': 5}",46,1,4,ok,46,92,0.4926153924316168,0.07052966952323914,0.5662403758615255,5,25,30,0,,
2026-05-16T00:09:33.050767,clean,sax,"{'w': 144, 'bins': 5}",46,2,4,ok,92,138,0.49362873658537865,0.07865455932915211,0.5756567912176251,5,19,24,0,,
2026-05-16T00:09:33.646618,clean,sax,"{'w': 144, 'bins': 5}",46,3,4,ok,138,184,0.4902921598404646,0.09562947135418653,0.5890689929947257,5,22,28,0,,
2026-05-16T00:09:34.185130,clean,sax,"{'w': 144, 'bins': 5}",46,4,4,ok,184,230,0.49228880926966667,0.03647135943174362,0.5320178680121899,5,18,21,0,,
2026-05-16T00:09:34.764362,clean,sax,"{'w': 144, 'bins': 5}",47,0,4,ok,0,47,0.4999167872592807,0.04808354936540127,0.5511838169768453,5,23,26,0,,
2026-05-16T00:09:35.346005,clean,sax,"{'w': 144, 'bins': 5}",47,1,4,ok,47,94,0.504165637306869,0.06763013359159231,0.5751509023830295,5,13,17,0,,
2026-05-16T00:09:35.940112,clean,sax,"{'w': 144, 'bins': 5}",47,2,4,ok,94,141,0.502572032622993,0.08158465288579464,0.5873622568324208,5,19,24,0,,
2026-05-16T00:09:36.549933,clean,sax,"{'w': 144, 'bins': 5}",47,3,4,ok,141,188,0.5032902024686337,0.09620645642280579,0.6028671087697148,5,22,28,0,,
2026-05-16T00:09:37.102885,clean,sax,"{'w': 144, 'bins': 5}",47,4,4,ok,188,235,0.5013678632676601,0.041964879259467125,0.5465107709169388,5,20,24,0,,
2026-05-16T00:09:37.697669,clean,sax,"{'w': 144, 'bins': 5}",48,0,4,ok,0,48,0.5136020900681615,0.04887216165661812,0.5658815521746874,5,23,26,0,,
2026-05-16T00:09:38.295489,clean,sax,"{'w': 144, 'bins': 5}",48,1,4,ok,48,96,0.5151445372030139,0.07187398429960012,0.5903966361656785,5,25,30,0,,
2026-05-16T00:09:38.897829,clean,sax,"{'w': 144, 'bins': 5}",48,2,4,ok,96,144,0.5096185384318233,0.08269895613193512,0.5958341490477324,5,19,24,0,,
2026-05-16T00:09:39.518616,clean,sax,"{'w': 144, 'bins': 5}",48,3,4,ok,144,192,0.513481043279171,0.09664072096347809,0.6135131940245628,5,22,28,0,,
2026-05-16T00:09:40.086521,clean,sax,"{'w': 144, 'bins': 5}",48,4,4,ok,192,240,0.5132540473714471,0.04455500282347202,0.5612168814986944,5,21,25,0,,
2026-05-16T00:09:40.695419,clean,sax,"{'w': 144, 'bins': 5}",49,0,4,ok,0,49,0.5273098666220903,0.049798752181231976,0.5805677259340882,5,23,26,0,,
2026-05-16T00:09:41.299982,clean,sax,"{'w': 144, 'bins': 5}",49,1,4,ok,49,98,0.5255618523806334,0.06893334072083235,0.5980577152222395,5,13,17,0,,
2026-05-16T00:09:41.906944,clean,sax,"{'w': 144, 'bins': 5}",49,2,4,ok,98,147,0.524311144836247,0.07148496340960264,0.5992564968764782,5,23,28,0,,
2026-05-16T00:09:42.541920,clean,sax,"{'w': 144, 'bins': 5}",49,3,4,ok,147,196,0.5260436283424497,0.09845511987805367,0.62784209754318,5,22,28,0,,
2026-05-16T00:09:43.158967,clean,sax,"{'w': 144, 'bins': 5}",49,4,4,ok,196,245,0.5225136578083038,0.08384725265204906,0.6098711835220456,5,25,31,0,,
2026-05-16T00:09:43.778382,clean,sax,"{'w': 144, 'bins': 5}",50,0,4,ok,0,50,0.5360453240573406,0.051279474049806595,0.5908785918727517,5,23,26,0,,
2026-05-16T00:09:44.393839,clean,sax,"{'w': 144, 'bins': 5}",50,1,4,ok,50,100,0.5339678423479199,0.07112496718764305,0.6086829025298357,5,13,17,0,,
2026-05-16T00:09:45.024343,clean,sax,"{'w': 144, 'bins': 5}",50,2,4,ok,100,150,0.5351368067786098,0.08461248967796564,0.6233049146831036,5,21,26,0,,
2026-05-16T00:09:45.688199,clean,sax,"{'w': 144, 'bins': 5}",50,3,4,ok,150,200,0.5369507437571883,0.11442332994192839,0.6549449004232883,5,23,30,0,,
2026-05-16T00:09:46.315331,clean,sax,"{'w': 144, 'bins': 5}",50,4,4,ok,200,250,0.5329409530386329,0.08261518739163876,0.6190223209559917,5,28,33,0,,
2026-05-16T00:09:46.947479,clean,sax,"{'w': 144, 'bins': 5}",51,0,4,ok,0,51,0.5461677862331271,0.05197964794933796,0.6017258847132325,5,23,26,0,,
2026-05-16T00:09:47.579140,clean,sax,"{'w': 144, 'bins': 5}",51,1,4,ok,51,102,0.5476427460089326,0.0732130790129304,0.6245591007173061,5,13,17,0,,
2026-05-16T00:09:48.221770,clean,sax,"{'w': 144, 'bins': 5}",51,2,4,ok,102,153,0.548554508946836,0.08264130726456642,0.6348171578720212,5,19,24,0,,
2026-05-16T00:09:48.891725,clean,sax,"{'w': 144, 'bins': 5}",51,3,4,ok,153,204,0.5453256545588374,0.11289901752024889,0.6619668509811163,5,23,30,0,,
2026-05-16T00:09:49.592563,clean,sax,"{'w': 144, 'bins': 5}",51,4,4,ok,204,255,0.6143087074160576,0.07562371715903282,0.6933434316888452,5,27,32,0,,
2026-05-16T00:09:50.232888,clean,sax,"{'w': 144, 'bins': 5}",52,0,4,ok,0,52,0.5563356727361679,0.05219696555286646,0.6118417046964169,5,23,26,0,,
2026-05-16T00:09:50.872821,clean,sax,"{'w': 144, 'bins': 5}",52,1,4,ok,52,104,0.5560769783332944,0.07336370274424553,0.6330313142389059,5,13,17,0,,
2026-05-16T00:09:51.525406,clean,sax,"{'w': 144, 'bins': 5}",52,2,4,ok,104,156,0.5587988700717688,0.0828348807990551,0.6450982978567481,5,19,24,0,,
2026-05-16T00:09:52.222185,clean,sax,"{'w': 144, 'bins': 5}",52,3,4,ok,156,208,0.5559870693832636,0.12976137828081846,0.6891802530735731,5,11,16,0,,
2026-05-16T00:09:52.876328,clean,sax,"{'w': 144, 'bins': 5}",52,4,4,ok,208,260,0.5561457965523005,0.08671953808516264,0.6464324239641428,5,27,32,0,,
2026-05-16T00:09:53.528068,clean,sax,"{'w': 144, 'bins': 5}",53,0,4,ok,0,53,0.5678205844014883,0.05218551494181156,0.6235585222020745,5,23,26,0,,
2026-05-16T00:09:54.182620,clean,sax,"{'w': 144, 'bins': 5}",53,1,4,ok,53,106,0.5695231026038527,0.07449711114168167,0.6475133746862411,5,13,17,0,,
2026-05-16T00:09:54.874013,clean,sax,"{'w': 144, 'bins': 5}",53,2,4,ok,106,159,0.5686014713719487,0.11143910605460405,0.6836586417630315,5,27,32,0,,
2026-05-16T00:09:55.571492,clean,sax,"{'w': 144, 'bins': 5}",53,3,4,ok,159,212,0.5705801071599126,0.11607163585722446,0.6901887869462371,5,17,23,0,,
2026-05-16T00:09:56.237334,clean,sax,"{'w': 144, 'bins': 5}",53,4,4,ok,212,265,0.5673946337774396,0.08696639072149992,0.657895122654736,5,27,32,0,,
2026-05-16T00:09:56.901822,clean,sax,"{'w': 144, 'bins': 5}",54,0,4,ok,0,54,0.5780586628243327,0.05379691161215305,0.6353527726605535,5,23,26,0,,
2026-05-16T00:09:57.567597,clean,sax,"{'w': 144, 'bins': 5}",54,1,4,ok,54,108,0.579899120144546,0.07496729400008917,0.6584943290799856,5,13,17,0,,
2026-05-16T00:09:58.271937,clean,sax,"{'w': 144, 'bins': 5}",54,2,4,ok,108,162,0.5775999119505286,0.11425690818578005,0.6954469634220004,5,27,32,0,,
2026-05-16T00:09:58.978476,clean,sax,"{'w': 144, 'bins': 5}",54,3,4,ok,162,216,0.5777922626584768,0.1177517119795084,0.6991659384220839,5,17,23,0,,
2026-05-16T00:09:59.655034,clean,sax,"{'w': 144, 'bins': 5}",54,4,4,ok,216,270,0.5819145562127233,0.08346816059201956,0.6688832705840468,5,27,32,0,,
2026-05-16T00:10:00.330941,clean,sax,"{'w': 144, 'bins': 5}",55,0,4,ok,0,55,0.5885088723152876,0.054678626358509064,0.6468867966905236,5,23,26,0,,
2026-05-16T00:10:01.007281,clean,sax,"{'w': 144, 'bins': 5}",55,1,4,ok,55,110,0.5879845768213272,0.07734896708279848,0.669024346396327,5,13,17,0,,
2026-05-16T00:10:01.724503,clean,sax,"{'w': 144, 'bins': 5}",55,2,4,ok,110,165,0.5882974835112691,0.11731054354459047,0.709296515211463,5,27,32,0,,
2026-05-16T00:10:02.444550,clean,sax,"{'w': 144, 'bins': 5}",55,3,4,ok,165,220,0.5900566084310412,0.11818618793040514,0.711964325979352,5,17,23,0,,
2026-05-16T00:10:03.131139,clean,sax,"{'w': 144, 'bins': 5}",55,4,4,ok,220,275,0.5901234755292535,0.08464149385690689,0.6785311419516802,5,27,32,0,,
2026-05-16T00:10:03.819459,clean,sax,"{'w': 144, 'bins': 5}",56,0,4,ok,0,56,0.6001348784193397,0.05564150586724281,0.6595572354272008,5,23,26,0,,
2026-05-16T00:10:04.500726,clean,sax,"{'w': 144, 'bins': 5}",56,1,4,ok,56,112,0.6001192294061184,0.06962167471647263,0.6734964167699218,5,21,26,0,,
2026-05-16T00:10:05.218294,clean,sax,"{'w': 144, 'bins': 5}",56,2,4,ok,112,168,0.601607633754611,0.10368264839053154,0.7090413775295019,5,24,29,0,,
2026-05-16T00:10:05.950177,clean,sax,"{'w': 144, 'bins': 5}",56,3,4,ok,168,224,0.5985848773270845,0.1212740782648325,0.723611974157393,5,17,23,0,,
2026-05-16T00:10:06.648935,clean,sax,"{'w': 144, 'bins': 5}",56,4,4,ok,224,280,0.6012238031253219,0.08526769932359457,0.6904144203290343,5,27,32,0,,
2026-05-16T00:10:07.352632,clean,sax,"{'w': 144, 'bins': 5}",57,0,4,ok,0,57,0.6098099192604423,0.06096602696925402,0.6746755708009005,5,18,22,0,,
2026-05-16T00:10:08.075818,clean,sax,"{'w': 144, 'bins': 5}",57,1,4,ok,57,114,0.6109493095427752,0.10035456717014313,0.7151943435892463,5,20,27,0,,
2026-05-16T00:10:08.790007,clean,sax,"{'w': 144, 'bins': 5}",57,2,4,ok,114,171,0.6108056483790278,0.09135387185961008,0.7059512827545404,5,24,29,0,,
2026-05-16T00:10:09.499091,clean,sax,"{'w': 144, 'bins': 5}",57,3,4,ok,171,228,0.60885039716959,0.08838098775595427,0.7010459788143635,5,21,27,0,,
2026-05-16T00:10:10.194737,clean,sax,"{'w': 144, 'bins': 5}",57,4,4,ok,228,285,0.610483224503696,0.07313153613358736,0.6874621361494064,5,24,29,0,,
2026-05-16T00:10:10.910860,clean,sax,"{'w': 144, 'bins': 5}",58,0,4,ok,0,58,0.6219248045235872,0.061759536154568195,0.6874318495392799,5,18,22,0,,
2026-05-16T00:10:11.648104,clean,sax,"{'w': 144, 'bins': 5}",58,1,4,ok,58,116,0.6235698731616139,0.10184478480368853,0.7292062006890774,5,20,27,0,,
2026-05-16T00:10:12.343500,clean,sax,"{'w': 144, 'bins': 5}",58,2,4,ok,116,174,0.6223105378448963,0.06081537343561649,0.6870895167812705,5,23,27,0,,
2026-05-16T00:10:13.068500,clean,sax,"{'w': 144, 'bins': 5}",58,3,4,ok,174,232,0.6218702411279082,0.09109504520893097,0.7168138353154063,5,21,27,0,,
2026-05-16T00:10:13.800552,clean,sax,"{'w': 144, 'bins': 5}",58,4,4,ok,232,290,0.6173193138092756,0.10197799652814865,0.7232979843392968,5,25,31,0,,
2026-05-16T00:10:14.528314,clean,sax,"{'w': 144, 'bins': 5}",59,0,4,ok,0,59,0.6307797553017735,0.06353440042585135,0.6983660263940692,5,18,22,0,,
2026-05-16T00:10:15.285856,clean,sax,"{'w': 144, 'bins': 5}",59,1,4,ok,59,118,0.6311671426519752,0.11353856883943081,0.7489327108487487,5,28,35,0,,
2026-05-16T00:10:16.010115,clean,sax,"{'w': 144, 'bins': 5}",59,2,4,ok,118,177,0.6284602684900165,0.08251644298434258,0.7150430483743548,5,27,32,0,,
2026-05-16T00:10:16.781905,clean,sax,"{'w': 144, 'bins': 5}",59,3,4,ok,177,236,0.628823671489954,0.13071655295789242,0.7635051310062408,5,7,11,0,,
2026-05-16T00:10:17.538295,clean,sax,"{'w': 144, 'bins': 5}",59,4,4,ok,236,295,0.629664521664381,0.11384596675634384,0.7475926149636507,5,25,31,0,,
2026-05-16T00:10:18.279059,clean,sax,"{'w': 144, 'bins': 5}",60,0,4,ok,0,60,0.6423707474023104,0.06463407631963491,0.7110148342326283,5,18,22,0,,
2026-05-16T00:10:19.078313,clean,sax,"{'w': 144, 'bins': 5}",60,1,4,ok,60,120,0.6385436980053782,0.14768774807453156,0.7903929622843862,5,22,29,0,,
2026-05-16T00:10:19.843403,clean,sax,"{'w': 144, 'bins': 5}",60,2,4,ok,120,180,0.6432922463864088,0.10836705472320318,0.755682809278369,5,16,21,0,,
2026-05-16T00:10:20.598916,clean,sax,"{'w': 144, 'bins': 5}",60,3,4,ok,180,240,0.6433026967570186,0.0992889553308487,0.7467473363503814,5,25,31,0,,
2026-05-16T00:10:21.343575,clean,sax,"{'w': 144, 'bins': 5}",60,4,4,ok,240,300,0.6423374628648162,0.08929428271949291,0.7358162458986044,5,26,31,0,,
2026-05-16T00:10:22.093162,clean,sax,"{'w': 144, 'bins': 5}",61,0,4,ok,0,61,0.6505913557484746,0.06514087878167629,0.7198509695008397,5,18,22,0,,
2026-05-16T00:10:22.909759,clean,sax,"{'w': 144, 'bins': 5}",61,1,4,ok,61,122,0.6537951929494739,0.1493330579251051,0.8073817705735564,5,22,29,0,,
2026-05-16T00:10:23.682927,clean,sax,"{'w': 144, 'bins': 5}",61,2,4,ok,122,183,0.6524842213839293,0.1081131687387824,0.7647563824430108,5,16,21,0,,
2026-05-16T00:10:24.446429,clean,sax,"{'w': 144, 'bins': 5}",61,3,4,ok,183,244,0.6499878726899624,0.10064366832375526,0.7546661188825965,5,25,31,0,,
2026-05-16T00:10:25.231139,clean,sax,"{'w': 144, 'bins': 5}",61,4,4,ok,244,305,0.654943810775876,0.11614504363387823,0.7752584461122751,5,25,31,0,,
2026-05-16T00:10:25.994968,clean,sax,"{'w': 144, 'bins': 5}",62,0,4,ok,0,62,0.6634097620844841,0.06605757959187031,0.7338072629645467,5,18,22,0,,
2026-05-16T00:10:26.822799,clean,sax,"{'w': 144, 'bins': 5}",62,1,4,ok,62,124,0.662242328748107,0.15231274534016848,0.8187677962705493,5,22,29,0,,
2026-05-16T00:10:27.606472,clean,sax,"{'w': 144, 'bins': 5}",62,2,4,ok,124,186,0.6592152630910277,0.11148089449852705,0.7749650767073035,5,16,21,0,,
2026-05-16T00:10:28.384687,clean,sax,"{'w': 144, 'bins': 5}",62,3,4,ok,186,248,0.666505184955895,0.09833189845085144,0.7691025650128722,5,27,33,0,,
2026-05-16T00:10:29.157734,clean,sax,"{'w': 144, 'bins': 5}",62,4,4,ok,248,310,0.6622058898210526,0.09730521962046623,0.7637223992496729,5,23,28,0,,
2026-05-16T00:10:29.934190,clean,sax,"{'w': 144, 'bins': 5}",63,0,4,ok,0,63,0.6749311424791813,0.06714176665991545,0.7463270090520382,5,18,22,0,,
2026-05-16T00:10:30.776745,clean,sax,"{'w': 144, 'bins': 5}",63,1,4,ok,63,126,0.6767269345000386,0.15225615911185741,0.8333119442686439,5,22,29,0,,
2026-05-16T00:10:31.588583,clean,sax,"{'w': 144, 'bins': 5}",63,2,4,ok,126,189,0.676650139503181,0.12162570934742689,0.8026749407872558,5,22,28,0,,
2026-05-16T00:10:32.357375,clean,sax,"{'w': 144, 'bins': 5}",63,3,4,ok,189,252,0.6773107210174203,0.07823838852345943,0.7599199181422591,5,19,23,0,,
2026-05-16T00:10:33.158507,clean,sax,"{'w': 144, 'bins': 5}",63,4,4,ok,252,315,0.6774399941787124,0.11011239420622587,0.791962350718677,5,21,27,0,,
2026-05-16T00:10:33.948957,clean,sax,"{'w': 144, 'bins': 5}",64,0,4,ok,0,64,0.6878586718812585,0.06763148587197065,0.7597543969750404,5,18,22,0,,
2026-05-16T00:10:34.748036,clean,sax,"{'w': 144, 'bins': 5}",64,1,4,ok,64,128,0.68232327606529,0.10269928071647882,0.7894595097750425,5,32,38,0,,
2026-05-16T00:10:35.567372,clean,sax,"{'w': 144, 'bins': 5}",64,2,4,ok,128,192,0.6838804101571441,0.12167641427367926,0.8099403074011207,5,22,28,0,,
2026-05-16T00:10:36.417347,clean,sax,"{'w': 144, 'bins': 5}",64,3,4,ok,192,256,0.7357352050021291,0.10040084458887577,0.8404126111418009,5,27,33,0,,
2026-05-16T00:10:37.221491,clean,sax,"{'w': 144, 'bins': 5}",64,4,4,ok,256,320,0.685397089459002,0.1051027849316597,0.7948747016489506,5,22,28,0,,
2026-05-16T00:10:38.025905,clean,sax,"{'w': 144, 'bins': 5}",65,0,4,ok,0,65,0.6967161679640412,0.06859023682773113,0.7694542463868856,5,18,22,0,,
2026-05-16T00:10:38.840926,clean,sax,"{'w': 144, 'bins': 5}",65,1,4,ok,65,130,0.6970245679840446,0.10378116369247437,0.8051205957308412,5,32,38,0,,
2026-05-16T00:10:39.679288,clean,sax,"{'w': 144, 'bins': 5}",65,2,4,ok,130,195,0.6978739639744163,0.12691600434482098,0.8291594246402383,5,22,28,0,,
2026-05-16T00:10:40.500526,clean,sax,"{'w': 144, 'bins': 5}",65,3,4,ok,195,260,0.6948062106966972,0.112578846514225,0.8117526806890965,5,21,28,0,,
2026-05-16T00:10:41.315055,clean,sax,"{'w': 144, 'bins': 5}",65,4,4,ok,260,325,0.6953596202656627,0.10564783960580826,0.8053867146372795,5,22,28,0,,
2026-05-16T00:10:42.124501,clean,sax,"{'w': 144, 'bins': 5}",66,0,4,ok,0,66,0.7046442907303572,0.06936143524944782,0.7784242844209075,5,18,22,0,,
2026-05-16T00:10:42.951689,clean,sax,"{'w': 144, 'bins': 5}",66,1,4,ok,66,132,0.7071999898180366,0.10563928261399269,0.8171681426465511,5,32,38,0,,
2026-05-16T00:10:43.791949,clean,sax,"{'w': 144, 'bins': 5}",66,2,4,ok,132,198,0.7061887392774224,0.11980013083666563,0.8302564350888133,5,22,28,0,,
2026-05-16T00:10:44.644327,clean,sax,"{'w': 144, 'bins': 5}",66,3,4,ok,198,264,0.7077132724225521,0.13058150932192802,0.8427348714321852,5,24,31,0,,
2026-05-16T00:10:45.491105,clean,sax,"{'w': 144, 'bins': 5}",66,4,4,ok,264,330,0.7077188240364194,0.12524203956127167,0.8372588371858001,5,22,28,0,,
2026-05-16T00:10:46.315056,clean,sax,"{'w': 144, 'bins': 5}",67,0,4,ok,0,67,0.718316107057035,0.07058434188365936,0.7937568612396717,5,18,22,0,,
2026-05-16T00:10:47.162989,clean,sax,"{'w': 144, 'bins': 5}",67,1,4,ok,67,134,0.7182719456031919,0.11479358561336994,0.8374913241714239,5,32,38,0,,
2026-05-16T00:10:48.031903,clean,sax,"{'w': 144, 'bins': 5}",67,2,4,ok,134,201,0.7164014326408505,0.13837281242012978,0.8592442302033305,5,23,30,0,,
2026-05-16T00:10:48.875467,clean,sax,"{'w': 144, 'bins': 5}",67,3,4,ok,201,268,0.7200253279879689,0.10939809214323759,0.8337894510477781,5,22,27,0,,
2026-05-16T00:10:49.707096,clean,sax,"{'w': 144, 'bins': 5}",67,4,4,ok,268,335,0.7153033399954438,0.10205680411309004,0.8219188060611486,5,22,28,0,,
2026-05-16T00:10:50.538524,clean,sax,"{'w': 144, 'bins': 5}",68,0,4,ok,0,68,0.7240458196029067,0.0711830873042345,0.7996382983401418,5,18,22,0,,
2026-05-16T00:10:51.396847,clean,sax,"{'w': 144, 'bins': 5}",68,1,4,ok,68,136,0.727989356033504,0.11576061230152845,0.848095990717411,5,32,38,0,,
2026-05-16T00:10:52.306198,clean,sax,"{'w': 144, 'bins': 5}",68,2,4,ok,136,204,0.7303823111578822,0.16496706288307905,0.8999267918989062,5,17,24,0,,
2026-05-16T00:10:53.147453,clean,sax,"{'w': 144, 'bins': 5}",68,3,4,ok,204,272,0.7316564135253429,0.09509350545704365,0.8313955646008253,5,27,32,0,,
2026-05-16T00:10:54.022349,clean,sax,"{'w': 144, 'bins': 5}",68,4,4,ok,272,340,0.7304605478420854,0.12992432434111834,0.8650714755058289,5,22,28,0,,
2026-05-16T00:10:54.870641,clean,sax,"{'w': 144, 'bins': 5}",69,0,4,ok,0,69,0.7400000244379044,0.0724115539342165,0.8170590978115797,5,18,22,0,,
2026-05-16T00:10:55.741086,clean,sax,"{'w': 144, 'bins': 5}",69,1,4,ok,69,138,0.73807985894382,0.11692993901669979,0.8596619460731745,5,32,38,0,,
2026-05-16T00:10:56.662307,clean,sax,"{'w': 144, 'bins': 5}",69,2,4,ok,138,207,0.7418491272255778,0.16467045526951551,0.9112738221883774,5,17,24,0,,
2026-05-16T00:10:57.510789,clean,sax,"{'w': 144, 'bins': 5}",69,3,4,ok,207,276,0.738937328569591,0.09452194347977638,0.838096140883863,5,27,32,0,,
2026-05-16T00:10:58.393966,clean,sax,"{'w': 144, 'bins': 5}",69,4,4,ok,276,345,0.737541907466948,0.13086517341434956,0.8730904068797827,5,22,28,0,,
2026-05-16T00:10:59.257940,clean,sax,"{'w': 144, 'bins': 5}",70,0,4,ok,0,70,0.7456865459680557,0.07301091030240059,0.8234988944604993,5,18,22,0,,
2026-05-16T00:11:00.138257,clean,sax,"{'w': 144, 'bins': 5}",70,1,4,ok,70,140,0.7472050283104181,0.11788042448461056,0.8697806308045983,5,32,38,0,,
2026-05-16T00:11:01.058745,clean,sax,"{'w': 144, 'bins': 5}",70,2,4,ok,140,210,0.7493290165439248,0.15641638357192278,0.9105555443093181,5,20,27,0,,
2026-05-16T00:11:01.930432,clean,sax,"{'w': 144, 'bins': 5}",70,3,4,ok,210,280,0.7443184060975909,0.11209406610578299,0.8612195607274771,5,27,32,0,,
2026-05-16T00:11:02.839503,clean,sax,"{'w': 144, 'bins': 5}",70,4,4,ok,280,350,0.7473698779940605,0.14651085902005434,0.8986663445830345,5,23,30,0,,
2026-05-16T00:11:03.708749,clean,sax,"{'w': 144, 'bins': 5}",71,0,4,ok,0,71,0.7579712392762303,0.07450279220938683,0.8373649073764682,5,18,22,0,,
2026-05-16T00:11:04.599434,clean,sax,"{'w': 144, 'bins': 5}",71,1,4,ok,71,142,0.7551422566175461,0.1199923912063241,0.8800552096217871,5,32,38,0,,
2026-05-16T00:11:05.536121,clean,sax,"{'w': 144, 'bins': 5}",71,2,4,ok,142,213,0.7607850842177868,0.16043697576969862,0.9261329425498843,5,17,24,0,,
2026-05-16T00:11:06.425341,clean,sax,"{'w': 144, 'bins': 5}",71,3,4,ok,213,284,0.7602279065176845,0.11365573853254318,0.8787410594522953,5,27,32,0,,
2026-05-16T00:11:07.329010,clean,sax,"{'w': 144, 'bins': 5}",71,4,4,ok,284,355,0.7546767722815275,0.12515405472368002,0.8847755044698715,5,21,27,0,,
2026-05-16T00:11:08.212233,clean,sax,"{'w': 144, 'bins': 5}",72,0,4,ok,0,72,0.772392294369638,0.07496937830001116,0.8521367320790887,5,18,22,0,,
2026-05-16T00:11:09.119849,clean,sax,"{'w': 144, 'bins': 5}",72,1,4,ok,72,144,0.7697208877652884,0.1217120410874486,0.8964362144470215,5,32,38,0,,
2026-05-16T00:11:10.068910,clean,sax,"{'w': 144, 'bins': 5}",72,2,4,ok,144,216,0.768808213993907,0.16539842262864113,0.9391543492674828,5,17,24,0,,
2026-05-16T00:11:10.941695,clean,sax,"{'w': 144, 'bins': 5}",72,3,4,ok,216,288,0.766925597563386,0.09037595428526402,0.8623227728530765,5,24,29,0,,
2026-05-16T00:11:11.835556,clean,sax,"{'w': 144, 'bins': 5}",72,4,4,ok,288,360,0.7668449366465211,0.1113179987296462,0.8831470664590597,5,26,33,0,,
2026-05-16T00:11:12.780157,clean,sax,"{'w': 144, 'bins': 5}",73,0,4,ok,0,73,0.7803573859855533,0.1275576390326023,0.9127592639997602,5,18,23,0,,
2026-05-16T00:11:13.696913,clean,sax,"{'w': 144, 'bins': 5}",73,1,4,ok,73,146,0.7824446456506848,0.11859534773975611,0.9061099048703909,5,19,25,0,,
2026-05-16T00:11:14.660858,clean,sax,"{'w': 144, 'bins': 5}",73,2,4,ok,146,219,0.7807093560695648,0.1677811685949564,0.9533992540091276,5,17,24,0,,
2026-05-16T00:11:15.550535,clean,sax,"{'w': 144, 'bins': 5}",73,3,4,ok,219,292,0.7817418165504932,0.09157041739672422,0.8784785270690918,5,24,29,0,,
2026-05-16T00:11:16.472013,clean,sax,"{'w': 144, 'bins': 5}",73,4,4,ok,292,365,0.7811089875176549,0.12416910566389561,0.9103355426341295,5,23,30,0,,
2026-05-16T00:11:17.429354,clean,sax,"{'w': 144, 'bins': 5}",74,0,4,ok,0,74,0.792360951192677,0.12805531546473503,0.9254194824025035,5,18,23,0,,
2026-05-16T00:11:18.354793,clean,sax,"{'w': 144, 'bins': 5}",74,1,4,ok,74,148,0.7902422109618783,0.119283277541399,0.914576156064868,5,19,25,0,,
2026-05-16T00:11:19.334841,clean,sax,"{'w': 144, 'bins': 5}",74,2,4,ok,148,222,0.7928529046475887,0.17133707739412785,0.9693989148363471,5,17,24,0,,
2026-05-16T00:11:20.237025,clean,sax,"{'w': 144, 'bins': 5}",74,3,4,ok,222,296,0.7925276942551136,0.09241567552089691,0.8900562729686499,5,24,29,0,,
2026-05-16T00:11:21.171344,clean,sax,"{'w': 144, 'bins': 5}",74,4,4,ok,296,370,0.7923000361770391,0.12597424630075693,0.9235089644789696,5,23,30,0,,
2026-05-16T00:11:22.138519,clean,sax,"{'w': 144, 'bins': 5}",75,0,4,ok,0,75,0.801634818315506,0.12835891544818878,0.9351800549775362,5,18,23,0,,
2026-05-16T00:11:23.076205,clean,sax,"{'w': 144, 'bins': 5}",75,1,4,ok,75,150,0.8018919732421637,0.11970292683690786,0.9269258016720414,5,19,25,0,,
2026-05-16T00:11:24.066677,clean,sax,"{'w': 144, 'bins': 5}",75,2,4,ok,150,225,0.8035166738554835,0.1711355596780777,0.9798444155603647,5,17,24,0,,
2026-05-16T00:11:24.979256,clean,sax,"{'w': 144, 'bins': 5}",75,3,4,ok,225,300,0.8017927464097738,0.09435708355158567,0.9014531904831529,5,24,29,0,,
2026-05-16T00:11:25.881925,clean,sax,"{'w': 144, 'bins': 5}",75,4,4,ok,300,375,0.8010716224089265,0.08534282259643078,0.8915210254490376,5,21,26,0,,
2026-05-16T00:11:26.868173,clean,sax,"{'w': 144, 'bins': 5}",76,0,4,ok,0,76,0.8157690158113837,0.13210686389356852,0.9530524024739861,5,18,23,0,,
2026-05-16T00:11:27.801639,clean,sax,"{'w': 144, 'bins': 5}",76,1,4,ok,76,152,0.8147865803912282,0.10212517250329256,0.9223074084147811,5,23,28,0,,
2026-05-16T00:11:28.805814,clean,sax,"{'w': 144, 'bins': 5}",76,2,4,ok,152,228,0.8129824222996831,0.17466196324676275,0.9931097505614161,5,17,24,0,,
2026-05-16T00:11:29.728403,clean,sax,"{'w': 144, 'bins': 5}",76,3,4,ok,228,304,0.8102243822067976,0.09539545234292746,0.910967068746686,5,24,29,0,,
2026-05-16T00:11:30.745086,clean,sax,"{'w': 144, 'bins': 5}",76,4,4,ok,304,380,0.8779917946085334,0.12286844290792942,1.0060186255723238,5,20,25,0,,
2026-05-16T00:11:31.737542,clean,sax,"{'w': 144, 'bins': 5}",77,0,4,ok,0,77,0.8233170239254832,0.13161808624863625,0.9600460100919008,5,18,23,0,,
2026-05-16T00:11:32.682059,clean,sax,"{'w': 144, 'bins': 5}",77,1,4,ok,77,154,0.8259085305035114,0.1026824600994587,0.9337379178032279,5,23,28,0,,
2026-05-16T00:11:33.689155,clean,sax,"{'w': 144, 'bins': 5}",77,2,4,ok,154,231,0.8189778933301568,0.17198532447218895,0.9961146134883165,5,17,24,0,,
2026-05-16T00:11:34.623492,clean,sax,"{'w': 144, 'bins': 5}",77,3,4,ok,231,308,0.8246341776102781,0.09362919442355633,0.9232812067493796,5,24,29,0,,
2026-05-16T00:11:35.615786,clean,sax,"{'w': 144, 'bins': 5}",77,4,4,ok,308,385,0.8241066271439195,0.15157781448215246,0.9808393940329552,5,21,27,0,,
2026-05-16T00:11:36.623503,clean,sax,"{'w': 144, 'bins': 5}",78,0,4,ok,0,78,0.8363390322774649,0.13373215775936842,0.9751247707754374,5,18,23,0,,
2026-05-16T00:11:37.597902,clean,sax,"{'w': 144, 'bins': 5}",78,1,4,ok,78,156,0.8352707149460912,0.12267285492271185,0.9631739938631654,5,21,26,0,,
2026-05-16T00:11:38.629557,clean,sax,"{'w': 144, 'bins': 5}",78,2,4,ok,156,234,0.8330543413758278,0.18235081434249878,1.020610743202269,5,11,16,0,,
2026-05-16T00:11:39.579271,clean,sax,"{'w': 144, 'bins': 5}",78,3,4,ok,234,312,0.8365832604467869,0.09666768182069063,0.938394833356142,5,24,29,0,,
2026-05-16T00:11:40.583480,clean,sax,"{'w': 144, 'bins': 5}",78,4,4,ok,312,390,0.8338051419705153,0.1542125539854169,0.9933292819187045,5,21,27,0,,
2026-05-16T00:11:41.601591,clean,sax,"{'w': 144, 'bins': 5}",79,0,4,ok,0,79,0.8455675644800067,0.13478174898773432,0.9856475358828902,5,18,23,0,,
2026-05-16T00:11:42.594760,clean,sax,"{'w': 144, 'bins': 5}",79,1,4,ok,79,158,0.8446115190163255,0.13092311192303896,0.9806166253983974,5,19,24,0,,
2026-05-16T00:11:43.631540,clean,sax,"{'w': 144, 'bins': 5}",79,2,4,ok,158,237,0.8452580841258168,0.1746300719678402,1.02521753590554,5,11,16,0,,
2026-05-16T00:11:44.611539,clean,sax,"{'w': 144, 'bins': 5}",79,3,4,ok,237,316,0.8453601254150271,0.11736458539962769,0.9679396254941821,5,24,29,0,,
2026-05-16T00:11:45.620121,clean,sax,"{'w': 144, 'bins': 5}",79,4,4,ok,316,395,0.8467480419203639,0.14478510804474354,0.9967559790238738,5,23,28,0,,
2026-05-16T00:11:46.659648,clean,sax,"{'w': 144, 'bins': 5}",80,0,4,ok,0,80,0.8642733795568347,0.13705678191035986,1.0068966066464782,5,18,23,0,,
2026-05-16T00:11:47.664836,clean,sax,"{'w': 144, 'bins': 5}",80,1,4,ok,80,160,0.8566187620162964,0.13186012208461761,0.9938959274441004,5,19,24,0,,
2026-05-16T00:11:48.670311,clean,sax,"{'w': 144, 'bins': 5}",80,2,4,ok,160,240,0.8514680881053209,0.13726396020501852,0.9938956573605537,5,14,20,0,,
2026-05-16T00:11:49.674319,clean,sax,"{'w': 144, 'bins': 5}",80,3,4,ok,240,320,0.8572385050356388,0.1295358557254076,0.9922176450490952,5,22,28,0,,
2026-05-16T00:11:50.685094,clean,sax,"{'w': 144, 'bins': 5}",80,4,4,ok,320,400,0.8562559597194195,0.13738950714468956,0.9990454595535994,5,24,29,0,,
2026-05-16T00:11:51.731966,clean,sax,"{'w': 144, 'bins': 5}",81,0,4,ok,0,81,0.8696521017700434,0.13828963693231344,1.0133425928652287,5,18,23,0,,
2026-05-16T00:11:52.746821,clean,sax,"{'w': 144, 'bins': 5}",81,1,4,ok,81,162,0.8641278957948089,0.13287168089300394,1.002494447864592,5,19,24,0,,
2026-05-16T00:11:53.772503,clean,sax,"{'w': 144, 'bins': 5}",81,2,4,ok,162,243,0.8674925453960896,0.14059706032276154,1.0136878713965416,5,14,20,0,,
2026-05-16T00:11:54.784156,clean,sax,"{'w': 144, 'bins': 5}",81,3,4,ok,243,324,0.8633316904306412,0.13068483397364616,0.9996680086478591,5,22,28,0,,
2026-05-16T00:11:55.819143,clean,sax,"{'w': 144, 'bins': 5}",81,4,4,ok,324,405,0.8625547215342522,0.15508994180709124,1.023220956325531,5,22,28,0,,
2026-05-16T00:11:56.866525,clean,sax,"{'w': 144, 'bins': 5}",82,0,4,ok,0,82,0.8721419982612133,0.1366038816049695,1.0143177146092057,5,18,23,0,,
2026-05-16T00:11:57.897792,clean,sax,"{'w': 144, 'bins': 5}",82,1,4,ok,82,164,0.8767171110957861,0.13704388681799173,1.0194325810298324,5,19,24,0,,
2026-05-16T00:11:58.927912,clean,sax,"{'w': 144, 'bins': 5}",82,2,4,ok,164,246,0.8729342259466648,0.13968357630074024,1.0183165250346065,5,14,20,0,,
2026-05-16T00:11:59.950065,clean,sax,"{'w': 144, 'bins': 5}",82,3,4,ok,246,328,0.8732960456982255,0.13113708421587944,1.0101876482367516,5,22,28,0,,
2026-05-16T00:12:00.966928,clean,sax,"{'w': 144, 'bins': 5}",82,4,4,ok,328,410,0.8762289835140109,0.123155671171844,1.004805858246982,5,22,28,0,,
2026-05-16T00:12:02.030313,clean,sax,"{'w': 144, 'bins': 5}",83,0,4,ok,0,83,0.8853503661230206,0.13980219885706902,1.0306866690516472,5,18,23,0,,
2026-05-16T00:12:03.069975,clean,sax,"{'w': 144, 'bins': 5}",83,1,4,ok,83,166,0.8862672187387943,0.13560838252305984,1.0277170920744538,5,19,24,0,,
2026-05-16T00:12:04.144365,clean,sax,"{'w': 144, 'bins': 5}",83,2,4,ok,166,249,0.8874046858400106,0.16918490640819073,1.062476197257638,5,14,20,0,,
2026-05-16T00:12:05.183929,clean,sax,"{'w': 144, 'bins': 5}",83,3,4,ok,249,332,0.888933626934886,0.13269899785518646,1.0272191371768713,5,22,28,0,,
2026-05-16T00:12:06.212568,clean,sax,"{'w': 144, 'bins': 5}",83,4,4,ok,332,415,0.8866260126233101,0.12384331319481134,1.0159796057268977,5,22,28,0,,
2026-05-16T00:12:07.293331,clean,sax,"{'w': 144, 'bins': 5}",84,0,4,ok,0,84,0.9002007283270359,0.1417055744677782,1.0475716730579734,5,18,23,0,,
2026-05-16T00:12:08.347115,clean,sax,"{'w': 144, 'bins': 5}",84,1,4,ok,84,168,0.8991179643198848,0.13659005519002676,1.0414798511192203,5,19,24,0,,
2026-05-16T00:12:09.479313,clean,sax,"{'w': 144, 'bins': 5}",84,2,4,ok,168,252,0.899645977653563,0.21449652966111898,1.1200492912903428,5,11,16,0,,
2026-05-16T00:12:10.528279,clean,sax,"{'w': 144, 'bins': 5}",84,3,4,ok,252,336,0.8977218233048916,0.1326845195144415,1.0363792711868882,5,22,28,0,,
2026-05-16T00:12:11.541054,clean,sax,"{'w': 144, 'bins': 5}",84,4,4,ok,336,420,0.8991298172622919,0.09505070559680462,1.0000552274286747,5,23,28,0,,
2026-05-16T00:12:12.635459,clean,sax,"{'w': 144, 'bins': 5}",85,0,4,ok,0,85,0.911008688621223,0.14382759854197502,1.0607665358111262,5,18,23,0,,
2026-05-16T00:12:13.706580,clean,sax,"{'w': 144, 'bins': 5}",85,1,4,ok,85,170,0.9137565298005939,0.13917673379182816,1.0586866596713662,5,19,24,0,,
2026-05-16T00:12:14.900180,clean,sax,"{'w': 144, 'bins': 5}",85,2,4,ok,170,255,0.9141082698479295,0.2608565632253885,1.1808447176590562,5,11,16,0,,
2026-05-16T00:12:15.955017,clean,sax,"{'w': 144, 'bins': 5}",85,3,4,ok,255,340,0.91077268589288,0.12595133297145367,1.0423284452408552,5,22,28,0,,
2026-05-16T00:12:17.020321,clean,sax,"{'w': 144, 'bins': 5}",85,4,4,ok,340,425,0.9073556875810027,0.13946347124874592,1.052574479021132,5,27,33,0,,
2026-05-16T00:12:18.123630,clean,sax,"{'w': 144, 'bins': 5}",86,0,4,ok,0,86,0.919941577129066,0.1441654935479164,1.069896443746984,5,18,23,0,,
2026-05-16T00:12:19.233790,clean,sax,"{'w': 144, 'bins': 5}",86,1,4,ok,86,172,0.9238646049052477,0.16785350441932678,1.0975132137537003,5,28,34,0,,
2026-05-16T00:12:20.397980,clean,sax,"{'w': 144, 'bins': 5}",86,2,4,ok,172,258,0.9176322100684047,0.2284034714102745,1.1518520452082157,5,9,14,0,,
2026-05-16T00:12:21.484427,clean,sax,"{'w': 144, 'bins': 5}",86,3,4,ok,258,344,0.9210169371217489,0.14723962731659412,1.0740768564864993,5,22,28,0,,
2026-05-16T00:12:22.591887,clean,sax,"{'w': 144, 'bins': 5}",86,4,4,ok,344,430,0.9143497245386243,0.17536281887441874,1.0953886546194553,5,21,28,0,,
2026-05-16T00:12:23.707638,clean,sax,"{'w': 144, 'bins': 5}",87,0,4,ok,0,87,0.9295964213088155,0.14682669192552567,1.0821094932034612,5,18,23,0,,
2026-05-16T00:12:24.832706,clean,sax,"{'w': 144, 'bins': 5}",87,1,4,ok,87,174,0.9325226163491607,0.17353762034326792,1.1120014963671565,5,28,34,0,,
2026-05-16T00:12:26.014959,clean,sax,"{'w': 144, 'bins': 5}",87,2,4,ok,174,261,0.9354082755744457,0.22823269106447697,1.1695936769247055,5,9,14,0,,
2026-05-16T00:12:27.130216,clean,sax,"{'w': 144, 'bins': 5}",87,3,4,ok,261,348,0.9298926182091236,0.16580067854374647,1.101557389833033,5,24,31,0,,
2026-05-16T00:12:28.174287,clean,sax,"{'w': 144, 'bins': 5}",87,4,4,ok,348,435,0.932069075293839,0.09340431354939938,1.0313411597162485,5,21,25,0,,
2026-05-16T00:12:29.300380,clean,sax,"{'w': 144, 'bins': 5}",88,0,4,ok,0,88,0.9382942682132125,0.14777863956987858,1.0920233437791467,5,18,23,0,,
2026-05-16T00:12:30.429817,clean,sax,"{'w': 144, 'bins': 5}",88,1,4,ok,88,176,0.9410512959584594,0.16873082239180803,1.1158005315810442,5,26,32,0,,
2026-05-16T00:12:31.549747,clean,sax,"{'w': 144, 'bins': 5}",88,2,4,ok,176,264,0.9372534640133381,0.16275677271187305,1.1061601173132658,5,7,11,0,,
2026-05-16T00:12:32.680200,clean,sax,"{'w': 144, 'bins': 5}",88,3,4,ok,264,352,0.9427496362477541,0.16728952527046204,1.1161102941259742,5,24,31,0,,
2026-05-16T00:12:33.810365,clean,sax,"{'w': 144, 'bins': 5}",88,4,4,ok,352,440,0.9381394358351827,0.17346357088536024,1.1176463272422552,5,19,25,0,,
2026-05-16T00:12:34.951214,clean,sax,"{'w': 144, 'bins': 5}",89,0,4,ok,0,89,0.9520597932860255,0.1488183019682765,1.1070740232244134,5,18,23,0,,
2026-05-16T00:12:36.109435,clean,sax,"{'w': 144, 'bins': 5}",89,1,4,ok,89,178,0.9500325750559568,0.1889351811259985,1.145126834511757,5,22,29,0,,
2026-05-16T00:12:37.261472,clean,sax,"{'w': 144, 'bins': 5}",89,2,4,ok,178,267,0.9550115754827857,0.17719421815127134,1.1383864125236869,5,7,11,0,,
2026-05-16T00:12:38.387058,clean,sax,"{'w': 144, 'bins': 5}",89,3,4,ok,267,356,0.952287751249969,0.15331258438527584,1.111739655956626,5,21,27,0,,
2026-05-16T00:12:39.452772,clean,sax,"{'w': 144, 'bins': 5}",89,4,4,ok,356,445,0.952515278942883,0.09401433914899826,1.052689186297357,5,21,25,0,,
2026-05-16T00:12:40.607728,clean,sax,"{'w': 144, 'bins': 5}",90,0,4,ok,0,90,0.9635180542245507,0.15158525854349136,1.1212188601493835,5,18,23,0,,
2026-05-16T00:12:41.778179,clean,sax,"{'w': 144, 'bins': 5}",90,1,4,ok,90,180,0.9603479309007525,0.1901635378599167,1.1566858757287264,5,22,28,0,,
2026-05-16T00:12:42.916313,clean,sax,"{'w': 144, 'bins': 5}",90,2,4,ok,180,270,0.9618922499939799,0.1558908661827445,1.1240568896755576,5,20,27,0,,
2026-05-16T00:12:44.044681,clean,sax,"{'w': 144, 'bins': 5}",90,3,4,ok,270,360,0.9570596041157842,0.15200643055140972,1.1152701266109943,5,21,27,0,,
2026-05-16T00:12:45.208043,clean,sax,"{'w': 144, 'bins': 5}",90,4,4,ok,360,450,0.9652316113933921,0.1791189843788743,1.1506491359323263,5,19,25,0,,
2026-05-16T00:12:46.378932,clean,sax,"{'w': 144, 'bins': 5}",91,0,4,ok,0,91,0.9769494216889143,0.1516674030572176,1.1356226932257414,5,18,23,0,,
2026-05-16T00:12:47.540156,clean,sax,"{'w': 144, 'bins': 5}",91,1,4,ok,91,182,0.9727740986272693,0.16848787758499384,1.147552641108632,5,18,23,0,,
2026-05-16T00:12:48.691652,clean,sax,"{'w': 144, 'bins': 5}",91,2,4,ok,182,273,0.9729754365980625,0.15868594590574503,1.1379912225529552,5,20,27,0,,
2026-05-16T00:12:49.837125,clean,sax,"{'w': 144, 'bins': 5}",91,3,4,ok,273,364,0.9707146203145385,0.1554054655134678,1.1323309410363436,5,21,27,0,,
2026-05-16T00:12:51.008395,clean,sax,"{'w': 144, 'bins': 5}",91,4,4,ok,364,455,0.9727745996788144,0.17906239815056324,1.158146076835692,5,19,25,0,,
2026-05-16T00:12:52.187273,clean,sax,"{'w': 144, 'bins': 5}",92,0,4,ok,0,92,0.9856379702687263,0.15246773604303598,1.1443253895267844,5,18,23,0,,
2026-05-16T00:12:53.355369,clean,sax,"{'w': 144, 'bins': 5}",92,1,4,ok,92,184,0.9775930913165212,0.1706895213574171,1.1543711377307773,5,18,23,0,,
2026-05-16T00:12:54.520342,clean,sax,"{'w': 144, 'bins': 5}",92,2,4,ok,184,276,0.9879602529108524,0.15755215659737587,1.1517526898533106,5,20,27,0,,
2026-05-16T00:12:55.671382,clean,sax,"{'w': 144, 'bins': 5}",92,3,4,ok,276,368,0.9866252858191729,0.14421244245022535,1.1372158974409103,5,24,31,0,,
2026-05-16T00:12:56.856264,clean,sax,"{'w': 144, 'bins': 5}",92,4,4,ok,368,460,0.9834912605583668,0.18165606912225485,1.1715119322761893,5,19,25,0,,
2026-05-16T00:12:58.044255,clean,sax,"{'w': 144, 'bins': 5}",93,0,4,ok,0,93,0.9935286603868008,0.15331398602575064,1.153319051489234,5,18,23,0,,
2026-05-16T00:12:59.233585,clean,sax,"{'w': 144, 'bins': 5}",93,1,4,ok,93,186,0.9973081890493631,0.17188769206404686,1.1756079150363803,5,18,23,0,,
2026-05-16T00:13:00.409171,clean,sax,"{'w': 144, 'bins': 5}",93,2,4,ok,186,279,0.9947513174265623,0.16060021240264177,1.1617458192631602,5,20,27,0,,
2026-05-16T00:13:01.571718,clean,sax,"{'w': 144, 'bins': 5}",93,3,4,ok,279,372,0.9961152095347643,0.14619872346520424,1.1487475261092186,5,24,31,0,,
2026-05-16T00:13:02.766901,clean,sax,"{'w': 144, 'bins': 5}",93,4,4,ok,372,465,0.9901080373674631,0.18526577856391668,1.1816590912640095,5,19,25,0,,
2026-05-16T00:13:03.964400,clean,sax,"{'w': 144, 'bins': 5}",94,0,4,ok,0,94,1.0015209019184113,0.15463519841432571,1.1627304293215275,5,18,23,0,,
2026-05-16T00:13:05.171746,clean,sax,"{'w': 144, 'bins': 5}",94,1,4,ok,94,188,1.0120706474408507,0.17475991696119308,1.1932991342619061,5,18,23,0,,
2026-05-16T00:13:06.351155,clean,sax,"{'w': 144, 'bins': 5}",94,2,4,ok,188,282,0.9979175850749016,0.16093307733535767,1.1653760578483343,5,20,27,0,,
2026-05-16T00:13:07.522735,clean,sax,"{'w': 144, 'bins': 5}",94,3,4,ok,282,376,1.0032328478991985,0.14802491292357445,1.1576712671667337,5,24,31,0,,
2026-05-16T00:13:08.738640,clean,sax,"{'w': 144, 'bins': 5}",94,4,4,ok,376,470,1.008843065239489,0.18643179908394814,1.201958067715168,5,19,25,0,,
2026-05-16T00:13:09.948468,clean,sax,"{'w': 144, 'bins': 5}",95,0,4,ok,0,95,1.0111088706180453,0.15725701302289963,1.175123866647482,5,18,23,0,,
2026-05-16T00:13:11.160465,clean,sax,"{'w': 144, 'bins': 5}",95,1,4,ok,95,190,1.014291218481958,0.17694182507693768,1.1978786354884505,5,18,23,0,,
2026-05-16T00:13:12.343185,clean,sax,"{'w': 144, 'bins': 5}",95,2,4,ok,190,285,1.0120299309492111,0.15070918388664722,1.1693358151242137,5,17,24,0,,
2026-05-16T00:13:13.568824,clean,sax,"{'w': 144, 'bins': 5}",95,3,4,ok,285,380,1.0169895272701979,0.17413992155343294,1.197761113755405,5,22,28,0,,
2026-05-16T00:13:14.781628,clean,sax,"{'w': 144, 'bins': 5}",95,4,4,ok,380,475,1.0151669029146433,0.17674785014241934,1.19860749412328,5,23,31,0,,
2026-05-16T00:13:16.004809,clean,sax,"{'w': 144, 'bins': 5}",96,0,4,ok,0,96,1.022292597219348,0.1588463382795453,1.18790431227535,5,18,23,0,,
2026-05-16T00:13:17.240873,clean,sax,"{'w': 144, 'bins': 5}",96,1,4,ok,96,192,1.035621420480311,0.17907123360782862,1.2215203484520316,5,18,23,0,,
2026-05-16T00:13:18.447093,clean,sax,"{'w': 144, 'bins': 5}",96,2,4,ok,192,288,1.0338041177019477,0.15207359660416842,1.1924891620874405,5,17,24,0,,
2026-05-16T00:13:19.690934,clean,sax,"{'w': 144, 'bins': 5}",96,3,4,ok,288,384,1.0215149465948343,0.20146423391997814,1.229792927391827,5,16,22,0,,
2026-05-16T00:13:20.926537,clean,sax,"{'w': 144, 'bins': 5}",96,4,4,ok,384,480,1.0254442170262337,0.18834769818931818,1.2206437336280942,5,24,32,0,,
2026-05-16T00:13:22.161201,clean,sax,"{'w': 144, 'bins': 5}",97,0,4,ok,0,97,1.0315033569931984,0.1605167556554079,1.1989007061347365,5,18,23,0,,
2026-05-16T00:13:23.399370,clean,sax,"{'w': 144, 'bins': 5}",97,1,4,ok,97,194,1.0356283951550722,0.18074043933302164,1.2233550054952502,5,18,23,0,,
2026-05-16T00:13:24.606383,clean,sax,"{'w': 144, 'bins': 5}",97,2,4,ok,194,291,1.031630945391953,0.1545805549249053,1.1930720265954733,5,17,24,0,,
2026-05-16T00:13:25.923077,clean,sax,"{'w': 144, 'bins': 5}",97,3,4,ok,291,388,1.1060203360393643,0.19006524421274662,1.3028237959370017,5,16,22,0,,
2026-05-16T00:13:27.173368,clean,sax,"{'w': 144, 'bins': 5}",97,4,4,ok,388,485,1.0369936088100076,0.19231075141578913,1.2358398847281933,5,24,32,0,,
2026-05-16T00:13:28.422771,clean,sax,"{'w': 144, 'bins': 5}",98,0,4,ok,0,98,1.0454233819618821,0.16194824408739805,1.2139162085950375,5,18,23,0,,
2026-05-16T00:13:29.678252,clean,sax,"{'w': 144, 'bins': 5}",98,1,4,ok,98,196,1.0519779631868005,0.1829001670703292,1.2414028346538544,5,18,23,0,,
2026-05-16T00:13:30.917212,clean,sax,"{'w': 144, 'bins': 5}",98,2,4,ok,196,294,1.0485297162085772,0.16068065259605646,1.215881148353219,5,21,28,0,,
2026-05-16T00:13:32.177829,clean,sax,"{'w': 144, 'bins': 5}",98,3,4,ok,294,392,1.0499646104872227,0.18978465627878904,1.2463332545012236,5,21,27,0,,
2026-05-16T00:13:33.428239,clean,sax,"{'w': 144, 'bins': 5}",98,4,4,ok,392,490,1.0514007285237312,0.17722185142338276,1.2352606477215886,5,29,36,0,,
2026-05-16T00:13:34.690636,clean,sax,"{'w': 144, 'bins': 5}",99,0,4,ok,0,99,1.0580623112618923,0.1622677342966199,1.2270498871803284,5,18,23,0,,
2026-05-16T00:13:35.976703,clean,sax,"{'w': 144, 'bins': 5}",99,1,4,ok,99,198,1.062722735106945,0.20115843880921602,1.270680945366621,5,22,28,0,,
2026-05-16T00:13:37.217115,clean,sax,"{'w': 144, 'bins': 5}",99,2,4,ok,198,297,1.0591271314769983,0.16004074085503817,1.2260321453213692,5,21,28,0,,
2026-05-16T00:13:38.487578,clean,sax,"{'w': 144, 'bins': 5}",99,3,4,ok,297,396,1.0608631316572428,0.18841071613132954,1.2560978848487139,5,21,27,0,,
2026-05-16T00:13:39.755755,clean,sax,"{'w': 144, 'bins': 5}",99,4,4,ok,396,495,1.0585111239925027,0.18730027973651886,1.2527061542496085,5,30,37,0,,
2026-05-16T00:13:41.062013,clean,sax,"{'w': 144, 'bins': 5}",100,0,4,ok,0,100,1.0687633296474814,0.19438884407281876,1.2700844248756766,5,11,15,0,,
2026-05-16T00:13:42.343596,clean,sax,"{'w': 144, 'bins': 5}",100,1,4,ok,100,200,1.0692625176161528,0.18949971161782742,1.2657274305820465,5,19,25,0,,
2026-05-16T00:13:43.587712,clean,sax,"{'w': 144, 'bins': 5}",100,2,4,ok,200,300,1.0723394369706511,0.15053368546068668,1.2298174351453781,5,18,24,0,,
2026-05-16T00:13:44.873709,clean,sax,"{'w': 144, 'bins': 5}",100,3,4,ok,300,400,1.0720248566940427,0.19242464564740658,1.2713894564658403,5,21,27,0,,
2026-05-16T00:13:46.162255,clean,sax,"{'w': 144, 'bins': 5}",100,4,4,ok,400,500,1.0706282444298267,0.19344906974583864,1.2710849549621344,5,30,37,0,,
2026-05-16T00:13:46.416234,clean,persist,{'bins': 6},1,0,4,ok,0,1,0.14964854158461094,0.0056918105110526085,0.1556807616725564,5,14,16,0,,
2026-05-16T00:13:46.570177,clean,persist,{'bins': 6},1,1,4,ok,1,2,0.1455722963437438,0.006708880886435509,0.15251570846885443,5,16,17,0,,
2026-05-16T00:13:46.723652,clean,persist,{'bins': 6},1,2,4,ok,2,3,0.14694544486701488,0.0051636481657624245,0.15235621854662895,5,13,15,0,,
2026-05-16T00:13:46.882790,clean,persist,{'bins': 6},1,3,4,ok,3,4,0.15289199445396662,0.00489411223679781,0.1580205773934722,5,20,20,0,,
2026-05-16T00:13:47.044830,clean,persist,{'bins': 6},1,4,4,ok,4,5,0.15087434463202953,0.00951063260436058,0.16062861494719982,5,20,23,0,,
2026-05-16T00:13:47.259730,clean,persist,{'bins': 6},2,0,4,ok,0,2,0.15394987165927887,0.02091226726770401,0.17527282051742077,5,21,26,0,,
2026-05-16T00:13:47.440682,clean,persist,{'bins': 6},2,1,4,ok,2,4,0.1571686565876007,0.021541880443692207,0.17906015366315842,5,28,31,0,,
2026-05-16T00:13:47.623366,clean,persist,{'bins': 6},2,2,4,ok,4,6,0.15417764894664288,0.026321105659008026,0.18086253851652145,5,24,29,0,,
2026-05-16T00:13:47.813640,clean,persist,{'bins': 6},2,3,4,ok,6,8,0.15709912683814764,0.031159574165940285,0.1886125560849905,5,29,35,0,,
2026-05-16T00:13:47.996815,clean,persist,{'bins': 6},2,4,4,ok,8,10,0.15754491370171309,0.023576010018587112,0.18148510809987783,5,20,25,0,,
2026-05-16T00:13:48.243541,clean,persist,{'bins': 6},3,0,4,ok,0,3,0.15965983737260103,0.04606662318110466,0.2062418181449175,5,19,25,0,,
2026-05-16T00:13:48.434709,clean,persist,{'bins': 6},3,1,4,ok,3,6,0.16276715230196714,0.02594202384352684,0.18915902078151703,5,17,22,0,,
2026-05-16T00:13:48.670957,clean,persist,{'bins': 6},3,2,4,ok,6,9,0.1629563271999359,0.0705265635624528,0.23397704027593136,5,35,45,0,,
2026-05-16T00:13:48.885441,clean,persist,{'bins': 6},3,3,4,ok,9,12,0.16159312706440687,0.05018937774002552,0.2122489307075739,5,37,45,0,,
2026-05-16T00:13:49.084395,clean,persist,{'bins': 6},3,4,4,ok,12,15,0.15804815851151943,0.03818309586495161,0.19670627638697624,5,27,32,0,,
2026-05-16T00:13:49.357126,clean,persist,{'bins': 6},4,0,4,ok,0,4,0.16572503745555878,0.06459330953657627,0.23093450535088778,5,23,26,0,,
2026-05-16T00:13:49.619332,clean,persist,{'bins': 6},4,1,4,ok,4,8,0.16349549032747746,0.09525787550956011,0.25936852116137743,5,36,47,0,,
2026-05-16T00:13:49.858581,clean,persist,{'bins': 6},4,2,4,ok,8,12,0.16626815870404243,0.0697517991065979,0.23659839387983084,5,28,34,0,,
2026-05-16T00:13:50.120846,clean,persist,{'bins': 6},4,3,4,ok,12,16,0.16619271598756313,0.09272327367216349,0.2594956895336509,5,29,37,0,,
2026-05-16T00:13:50.368237,clean,persist,{'bins': 6},4,4,4,ok,16,20,0.16252655070275068,0.08201306872069836,0.2450983878225088,5,36,46,0,,
2026-05-16T00:13:50.721256,clean,persist,{'bins': 6},5,0,4,ok,0,5,0.167494080029428,0.14200194273144007,0.3104040874168277,5,40,53,0,,
2026-05-16T00:13:51.001009,clean,persist,{'bins': 6},5,1,4,ok,5,10,0.16670946683734655,0.1087571494281292,0.27630622312426567,5,28,37,0,,
2026-05-16T00:13:51.266464,clean,persist,{'bins': 6},5,2,4,ok,10,15,0.17078578285872936,0.09089172538369894,0.26250877883285284,5,34,43,0,,
2026-05-16T00:13:51.547640,clean,persist,{'bins': 6},5,3,4,ok,15,20,0.1704816222190857,0.10732788499444723,0.27861068211495876,5,11,18,0,,
2026-05-16T00:13:51.828928,clean,persist,{'bins': 6},5,4,4,ok,20,25,0.1689460277557373,0.10886945016682148,0.27861985843628645,5,24,34,0,,
2026-05-16T00:13:52.157306,clean,persist,{'bins': 6},6,0,4,ok,0,6,0.17461300175637007,0.11017632484436035,0.28603702038526535,5,23,33,0,,
2026-05-16T00:13:52.511611,clean,persist,{'bins': 6},6,1,4,ok,6,12,0.17177266627550125,0.17792176641523838,0.35066000558435917,5,43,57,0,,
2026-05-16T00:13:52.855374,clean,persist,{'bins': 6},6,2,4,ok,12,18,0.17330084647983313,0.1656812559813261,0.3400074187666178,5,38,52,0,,
2026-05-16T00:13:53.228063,clean,persist,{'bins': 6},6,3,4,ok,18,24,0.17652144748717546,0.1914518978446722,0.36895805411040783,5,39,50,0,,
2026-05-16T00:13:53.657312,clean,persist,{'bins': 6},6,4,4,ok,24,30,0.17722208239138126,0.2468461710959673,0.4250739924609661,5,45,60,0,,
2026-05-16T00:13:54.000676,clean,persist,{'bins': 6},7,0,4,ok,0,7,0.17665687017142773,0.12279590778052807,0.3006423022598028,5,22,31,0,,
2026-05-16T00:13:54.285963,clean,persist,{'bins': 6},7,1,4,ok,7,14,0.180820781737566,0.09956710040569305,0.28153197932988405,5,31,39,0,,
2026-05-16T00:13:54.726462,clean,persist,{'bins': 6},7,2,4,ok,14,21,0.1790337646380067,0.2562557552009821,0.43664081767201424,5,38,52,0,,
2026-05-16T00:13:55.120188,clean,persist,{'bins': 6},7,3,4,ok,21,28,0.17846553679555655,0.21010885946452618,0.3897163216024637,5,36,50,0,,
2026-05-16T00:13:55.521426,clean,persist,{'bins': 6},7,4,4,ok,28,35,0.1777486801147461,0.21807724609971046,0.3972772629931569,5,46,62,0,,
2026-05-16T00:13:55.970262,clean,persist,{'bins': 6},8,0,4,ok,0,8,0.18444285448640585,0.21934411581605673,0.40514583233743906,5,35,48,0,,
2026-05-16T00:13:56.444228,clean,persist,{'bins': 6},8,1,4,ok,8,16,0.18429791182279587,0.2831861646845937,0.46879746299237013,5,33,46,0,,
2026-05-16T00:13:56.738698,clean,persist,{'bins': 6},8,2,4,ok,16,24,0.18029259890317917,0.10931725148111582,0.2908881017938256,5,30,40,0,,
2026-05-16T00:13:57.214047,clean,persist,{'bins': 6},8,3,4,ok,24,32,0.1851172298192978,0.2844084007665515,0.4707827316597104,5,47,63,0,,
2026-05-16T00:13:57.854404,clean,persist,{'bins': 6},8,4,4,ok,32,40,0.18927349708974361,0.37772121373564005,0.6353051327168941,5,46,66,0,,
2026-05-16T00:13:58.339291,clean,persist,{'bins': 6},9,0,4,ok,0,9,0.18493058998137712,0.2540715215727687,0.44038756377995014,5,28,44,0,,
2026-05-16T00:13:58.878839,clean,persist,{'bins': 6},9,1,4,ok,9,18,0.1909702243283391,0.34218621999025345,0.5345432087779045,5,41,58,0,,
2026-05-16T00:13:59.340433,clean,persist,{'bins': 6},9,2,4,ok,18,27,0.18368350807577372,0.2720494484528899,0.4571063853800297,5,44,60,0,,
2026-05-16T00:13:59.800637,clean,persist,{'bins': 6},9,3,4,ok,27,36,0.18559228163212538,0.26857196632772684,0.45551066752523184,5,40,55,0,,
2026-05-16T00:14:00.297175,clean,persist,{'bins': 6},9,4,4,ok,36,45,0.18545905128121376,0.30483915470540524,0.4917032355442643,5,16,26,0,,
2026-05-16T00:14:00.781107,clean,persist,{'bins': 6},10,0,4,ok,0,10,0.18864378426223993,0.2500995509326458,0.44020641408860683,5,27,39,0,,
2026-05-16T00:14:01.180352,clean,persist,{'bins': 6},10,1,4,ok,10,20,0.1947418786585331,0.19848380610346794,0.39471598342061043,5,27,39,0,,
2026-05-16T00:14:01.894340,clean,persist,{'bins': 6},10,2,4,ok,20,30,0.19638084527105093,0.510023576207459,0.7079484816640615,5,21,34,0,,
2026-05-16T00:14:02.517644,clean,persist,{'bins': 6},10,3,4,ok,30,40,0.19660846423357725,0.41982106678187847,0.6178438365459442,5,41,57,0,,
2026-05-16T00:14:02.957789,clean,persist,{'bins': 6},10,4,4,ok,40,50,0.19426328875124454,0.23946260288357735,0.4351475518196821,5,32,41,0,,
2026-05-16T00:14:03.600563,clean,persist,{'bins': 6},11,0,4,ok,0,11,0.2009529834613204,0.3951463419944048,0.5976408207789063,5,55,73,0,,
2026-05-16T00:14:04.066733,clean,persist,{'bins': 6},11,1,4,ok,11,22,0.2024540128186345,0.25688484590500593,0.46088909078389406,5,40,53,0,,
2026-05-16T00:14:04.795758,clean,persist,{'bins': 6},11,2,4,ok,22,33,0.19304378796368837,0.5276295337826014,0.7223611623048782,5,53,73,0,,
2026-05-16T00:14:05.364721,clean,persist,{'bins': 6},11,3,4,ok,33,44,0.19517750665545464,0.3657564017921686,0.5624232748523355,5,38,51,0,,
2026-05-16T00:14:05.954510,clean,persist,{'bins': 6},11,4,4,ok,44,55,0.19738175626844168,0.3844782942906022,0.5833689644932747,5,37,52,0,,
2026-05-16T00:14:06.673060,clean,persist,{'bins': 6},12,0,4,ok,0,12,0.2014656662940979,0.4700406789779663,0.6732439389452338,5,30,45,0,,
2026-05-16T00:14:07.167668,clean,persist,{'bins': 6},12,1,4,ok,12,24,0.20001608412712812,0.28735909424722195,0.4890201771631837,5,14,21,0,,
2026-05-16T00:14:08.122018,clean,persist,{'bins': 6},12,2,4,ok,24,36,0.2030925415456295,0.7426291704177856,0.9473523246124387,5,74,102,0,,
2026-05-16T00:14:08.659798,clean,persist,{'bins': 6},12,3,4,ok,36,48,0.20140392985194921,0.3275816095992923,0.5306862136349082,5,38,48,0,,
2026-05-16T00:14:09.256834,clean,persist,{'bins': 6},12,4,4,ok,48,60,0.19665593281388283,0.39233974926173687,0.5906531549990177,5,46,64,0,,
2026-05-16T00:14:09.856966,clean,persist,{'bins': 6},13,0,4,ok,0,13,0.2077465932816267,0.3442421220242977,0.5538471164181828,5,29,39,0,,
2026-05-16T00:14:10.555693,clean,persist,{'bins': 6},13,1,4,ok,13,26,0.20613480638712645,0.48506522737443447,0.692897342145443,5,11,19,0,,
2026-05-16T00:14:11.432921,clean,persist,{'bins': 6},13,2,4,ok,26,39,0.2090119505301118,0.6573740933090448,0.8681884491816163,5,47,67,0,,
2026-05-16T00:14:11.890322,clean,persist,{'bins': 6},13,3,4,ok,39,52,0.20107228681445122,0.24887143541127443,0.45169459097087383,5,21,30,0,,
2026-05-16T00:14:12.652836,clean,persist,{'bins': 6},13,4,4,ok,52,65,0.20659960992634296,0.5464045275002718,0.7547684004530311,5,31,46,0,,
2026-05-16T00:14:13.423922,clean,persist,{'bins': 6},14,0,4,ok,0,14,0.20741365756839514,0.514495755545795,0.7239698935300112,5,56,74,0,,
2026-05-16T00:14:14.455072,clean,persist,{'bins': 6},14,1,4,ok,14,28,0.20991923473775387,0.8124226983636618,1.024217214435339,5,4,11,0,,
2026-05-16T00:14:15.555396,clean,persist,{'bins': 6},14,2,4,ok,28,42,0.21378313098102808,0.8746938165277243,1.0904434006661177,5,45,66,0,,
2026-05-16T00:14:16.271942,clean,persist,{'bins': 6},14,3,4,ok,42,56,0.2075061034411192,0.5011727316305041,0.7105257036164403,5,11,19,0,,
2026-05-16T00:14:17.253054,clean,persist,{'bins': 6},14,4,4,ok,56,70,0.211578200571239,0.7606983184814453,0.9741485957056284,5,29,44,0,,
2026-05-16T00:14:18.108071,clean,persist,{'bins': 6},15,0,4,ok,0,15,0.21271894313395023,0.5934420041739941,0.8083098838105798,5,20,32,0,,
2026-05-16T00:14:18.860582,clean,persist,{'bins': 6},15,1,4,ok,15,30,0.20966839231550694,0.5336015997454524,0.7452600607648492,5,21,32,0,,
2026-05-16T00:14:19.587583,clean,persist,{'bins': 6},15,2,4,ok,30,45,0.21255069598555565,0.5045058727264404,0.7190875541418791,5,41,55,0,,
2026-05-16T00:14:20.690983,clean,persist,{'bins': 6},15,3,4,ok,45,60,0.21258304826915264,0.8820886863395572,1.096737734042108,5,8,17,0,,
2026-05-16T00:14:21.538570,clean,persist,{'bins': 6},15,4,4,ok,60,75,0.2178217964246869,0.6196723403409123,0.8395416429266334,5,28,44,0,,
2026-05-16T00:14:22.179172,clean,persist,{'bins': 6},16,0,4,ok,0,16,0.21776434872299433,0.3739132322371006,0.5938240820541978,5,29,44,0,,
2026-05-16T00:14:23.083958,clean,persist,{'bins': 6},16,1,4,ok,16,32,0.21526579651981592,0.6790905417874455,0.8964732838794589,5,46,67,0,,
2026-05-16T00:14:24.161520,clean,persist,{'bins': 6},16,2,4,ok,32,48,0.21625320054590702,0.8500101361423731,1.0683628302067518,5,55,79,0,,
2026-05-16T00:14:25.242193,clean,persist,{'bins': 6},16,3,4,ok,48,64,0.21482132095843554,0.855212876573205,1.0721694184467196,5,55,77,0,,
2026-05-16T00:14:26.136618,clean,persist,{'bins': 6},16,4,4,ok,64,80,0.22107721213251352,0.6622313959524035,0.8855272950604558,5,23,33,0,,
2026-05-16T00:14:27.070593,clean,persist,{'bins': 6},17,0,4,ok,0,17,0.22686402034014463,0.6570818638429046,0.8863405827432871,5,26,40,0,,
2026-05-16T00:14:27.861029,clean,persist,{'bins': 6},17,1,4,ok,17,34,0.22340081632137299,0.5557413240894675,0.7813573814928532,5,50,67,0,,
2026-05-16T00:14:28.472958,clean,persist,{'bins': 6},17,2,4,ok,34,51,0.2184651866555214,0.3815406272187829,0.6022586645558476,5,44,54,0,,
2026-05-16T00:14:29.294646,clean,persist,{'bins': 6},17,3,4,ok,51,68,0.22362612932920456,0.5876448154449463,0.813526070676744,5,32,47,0,,
2026-05-16T00:14:30.203520,clean,persist,{'bins': 6},17,4,4,ok,68,85,0.2198697943240404,0.6794916437938809,0.9016179973259568,5,22,36,0,,
2026-05-16T00:14:31.088387,clean,persist,{'bins': 6},18,0,4,ok,0,18,0.23107873648405075,0.6032553156837821,0.8367759082466364,5,42,60,0,,
2026-05-16T00:14:32.548013,clean,persist,{'bins': 6},18,1,4,ok,18,36,0.2276509078219533,1.2210316266864538,1.4510017102584243,5,11,21,0,,
2026-05-16T00:14:33.514681,clean,persist,{'bins': 6},18,2,4,ok,36,54,0.2312271147966385,0.7232609828934073,0.9567850427702069,5,47,65,0,,
2026-05-16T00:14:34.232140,clean,persist,{'bins': 6},18,3,4,ok,54,72,0.2232525572180748,0.48416899610310793,0.7096972474828362,5,25,39,0,,
2026-05-16T00:14:34.994728,clean,persist,{'bins': 6},18,4,4,ok,72,90,0.22218607272952795,0.5298451660200953,0.7543115532025695,5,31,41,0,,
2026-05-16T00:14:36.257478,clean,persist,{'bins': 6},19,0,4,ok,0,19,0.23591002076864243,0.973613771609962,1.212098017334938,5,45,65,0,,
2026-05-16T00:14:37.679969,clean,persist,{'bins': 6},19,1,4,ok,19,38,0.2361279297620058,1.1714154658839107,1.4100936958566308,5,47,72,0,,
2026-05-16T00:14:38.704105,clean,persist,{'bins': 6},19,2,4,ok,38,57,0.23492287658154964,0.776918264105916,1.0142711149528623,5,38,55,0,,
2026-05-16T00:14:39.903478,clean,persist,{'bins': 6},19,3,4,ok,57,76,0.23716205265372992,0.9510461734607816,1.1906957384198904,5,35,54,0,,
2026-05-16T00:14:40.684267,clean,persist,{'bins': 6},19,4,4,ok,76,95,0.2277190564200282,0.5416230177506804,0.7718368694186211,5,30,43,0,,
2026-05-16T00:14:41.850002,clean,persist,{'bins': 6},20,0,4,ok,0,20,0.24219395406544209,0.8718782803043723,1.116652600467205,5,41,60,0,,
2026-05-16T00:14:43.550877,clean,persist,{'bins': 6},20,1,4,ok,20,40,0.24301159009337425,1.443498296663165,1.689176855608821,5,48,70,0,,
2026-05-16T00:14:44.842915,clean,persist,{'bins': 6},20,2,4,ok,40,60,0.24312464240938425,1.0352066857740283,1.2808665400370955,5,62,86,0,,
2026-05-16T00:14:46.108389,clean,persist,{'bins': 6},20,3,4,ok,60,80,0.23871776461601257,1.0134213492274284,1.2548572085797787,5,63,91,0,,
2026-05-16T00:14:47.526791,clean,persist,{'bins': 6},20,4,4,ok,80,100,0.23819744773209095,1.1666995184496045,1.407907490618527,5,8,16,0,,
2026-05-16T00:14:48.987795,clean,persist,{'bins': 6},21,0,4,ok,0,21,0.24413355626165867,1.1608580080792308,1.407826989889145,5,20,32,0,,
2026-05-16T00:14:50.256305,clean,persist,{'bins': 6},21,1,4,ok,21,42,0.24072690773755312,1.014444581232965,1.2579254321753979,5,2,7,0,,
2026-05-16T00:14:51.327396,clean,persist,{'bins': 6},21,2,4,ok,42,63,0.23838199488818645,0.8207147242501378,1.0618423949927092,5,24,40,0,,
2026-05-16T00:14:52.638001,clean,persist,{'bins': 6},21,3,4,ok,63,84,0.2355354381725192,1.0620234943926334,1.3002027785405517,5,41,64,0,,
2026-05-16T00:14:53.817216,clean,persist,{'bins': 6},21,4,4,ok,84,105,0.23489863146096468,0.9310039915144444,1.1686776652932167,5,57,81,0,,
2026-05-16T00:14:55.039658,clean,persist,{'bins': 6},22,0,4,ok,0,22,0.24185155984014273,0.9277298217639327,1.1724298018962145,5,57,81,0,,
2026-05-16T00:14:56.088568,clean,persist,{'bins': 6},22,1,4,ok,22,44,0.24231558199971914,0.7914822576567531,1.036744094453752,5,45,66,0,,
2026-05-16T00:14:58.053196,clean,persist,{'bins': 6},22,2,4,ok,44,66,0.25056914426386356,1.6980835376307368,1.9516925513744354,5,62,90,0,,
2026-05-16T00:14:59.495606,clean,persist,{'bins': 6},22,3,4,ok,66,88,0.24176319409161806,1.185127953067422,1.4297895301133394,5,53,80,0,,
2026-05-16T00:15:00.238955,clean,persist,{'bins': 6},22,4,4,ok,88,110,0.24312353041023016,0.4868296133354306,0.7328095389530063,5,50,65,0,,
2026-05-16T00:15:01.838097,clean,persist,{'bins': 6},23,0,4,ok,0,23,0.25278696045279503,1.2921906989067793,1.548015465028584,5,36,57,0,,
2026-05-16T00:15:03.816934,clean,persist,{'bins': 6},23,1,4,ok,23,46,0.2508267080411315,1.7118486911058426,1.9657568763941526,5,59,89,0,,
2026-05-16T00:15:05.311121,clean,persist,{'bins': 6},23,2,4,ok,46,69,0.25249205622822046,1.2267921064049006,1.482272925786674,5,52,77,0,,
2026-05-16T00:15:06.678517,clean,persist,{'bins': 6},23,3,4,ok,69,92,0.2433355376124382,1.1098358379676938,1.356298348866403,5,41,61,0,,
2026-05-16T00:15:07.427963,clean,persist,{'bins': 6},23,4,4,ok,92,115,0.24894483294337988,0.48779769241809845,0.7397046694532037,5,19,31,0,,
2026-05-16T00:15:08.448601,clean,persist,{'bins': 6},24,0,4,ok,0,24,0.25091700721532106,0.7163048693910241,0.9704332491382957,5,18,28,0,,
2026-05-16T00:15:10.148126,clean,persist,{'bins': 6},24,1,4,ok,24,48,0.2492712065577507,1.433749059215188,1.6860881773754954,5,54,77,0,,
2026-05-16T00:15:11.418811,clean,persist,{'bins': 6},24,2,4,ok,48,72,0.24718401674181223,1.0094120102003217,1.2596696997061372,5,30,48,0,,
2026-05-16T00:15:12.562940,clean,persist,{'bins': 6},24,3,4,ok,72,96,0.25299055222421885,0.8773142611607909,1.1333758514374495,5,27,40,0,,
2026-05-16T00:15:13.711135,clean,persist,{'bins': 6},24,4,4,ok,96,120,0.2469782205298543,0.8876107502728701,1.1376164862886071,5,48,67,0,,
2026-05-16T00:15:15.669047,clean,persist,{'bins': 6},25,0,4,ok,0,25,0.26043335162103176,1.6415484016761184,1.9052537083625793,5,26,41,0,,
2026-05-16T00:15:17.253135,clean,persist,{'bins': 6},25,1,4,ok,25,50,0.2603098498657346,1.3052877504378557,1.5689910426735878,5,12,22,0,,
2026-05-16T00:15:18.740915,clean,persist,{'bins': 6},25,2,4,ok,50,75,0.2547862846404314,1.217624830082059,1.475621335208416,5,29,48,0,,
2026-05-16T00:15:19.960577,clean,persist,{'bins': 6},25,3,4,ok,75,100,0.2512130243703723,0.9540630429983139,1.2084921076893806,5,30,45,0,,
2026-05-16T00:15:21.537901,clean,persist,{'bins': 6},25,4,4,ok,100,125,0.2601208835840225,1.2998705357313156,1.5632103960961103,5,62,90,0,,
2026-05-16T00:15:22.879062,clean,persist,{'bins': 6},26,0,4,ok,0,26,0.2646028622984886,1.0216139275580645,1.2895528869703412,5,50,72,0,,
2026-05-16T00:15:24.498311,clean,persist,{'bins': 6},26,1,4,ok,26,52,0.25741858035326004,1.3441445315256715,1.6051778011023998,5,42,65,0,,
2026-05-16T00:15:25.964587,clean,persist,{'bins': 6},26,2,4,ok,52,78,0.264999789185822,1.184828832745552,1.4531786534935236,5,52,75,0,,
2026-05-16T00:15:28.074746,clean,persist,{'bins': 6},26,3,4,ok,78,104,0.2594148190692067,1.83057283423841,2.0934109119698405,5,43,64,0,,
2026-05-16T00:15:29.308485,clean,persist,{'bins': 6},26,4,4,ok,104,130,0.2554241940379143,0.9608814995735884,1.2196498550474644,5,32,48,0,,
2026-05-16T00:15:30.519668,clean,persist,{'bins': 6},27,0,4,ok,0,27,0.2636351054534316,0.8931311694905162,1.1601963471621275,5,40,57,0,,
2026-05-16T00:15:32.715699,clean,persist,{'bins': 6},27,1,4,ok,27,54,0.27107391692698,1.9048572052270174,2.1796182580292225,5,61,91,0,,
2026-05-16T00:15:34.414652,clean,persist,{'bins': 6},27,2,4,ok,54,81,0.26017480716109276,1.4224676908925176,1.6861045202240348,5,48,75,0,,
2026-05-16T00:15:36.454219,clean,persist,{'bins': 6},27,3,4,ok,81,108,0.2667948007583618,1.7558123068884015,2.0260434709489346,5,65,99,0,,
2026-05-16T00:15:39.100140,clean,persist,{'bins': 6},27,4,4,ok,108,135,0.2664297837764025,2.3588036401197314,2.6288087284192443,5,25,41,0,,
2026-05-16T00:15:40.442529,clean,persist,{'bins': 6},28,0,4,ok,0,28,0.26735431142151356,1.020191166549921,1.2911272048950195,5,42,65,0,,
2026-05-16T00:15:41.666889,clean,persist,{'bins': 6},28,1,4,ok,28,56,0.26569077651947737,0.9414234729483724,1.210701597854495,5,28,42,0,,
2026-05-16T00:15:43.652644,clean,persist,{'bins': 6},28,2,4,ok,56,84,0.27423834055662155,1.6932177115231752,1.971052206121385,5,58,88,0,,
2026-05-16T00:15:44.920973,clean,persist,{'bins': 6},28,3,4,ok,84,112,0.2712290473282337,0.9798317020758986,1.2546702697873116,5,31,45,0,,
2026-05-16T00:15:46.592960,clean,persist,{'bins': 6},28,4,4,ok,112,140,0.27394430711865425,1.379038822837174,1.6565852668136358,5,41,62,0,,
2026-05-16T00:15:48.149919,clean,persist,{'bins': 6},29,0,4,ok,0,29,0.2837931467220187,1.2131358999758959,1.500674482434988,5,61,87,0,,
2026-05-16T00:15:49.920359,clean,persist,{'bins': 6},29,1,4,ok,29,58,0.28010130301117897,1.470883167348802,1.7547832652926445,5,68,98,0,,
2026-05-16T00:15:51.526089,clean,persist,{'bins': 6},29,2,4,ok,58,87,0.2755986461415887,1.3134125228971243,1.5926919421181083,5,38,67,0,,
2026-05-16T00:15:52.866777,clean,persist,{'bins': 6},29,3,4,ok,87,116,0.2698346385732293,1.0541250221431255,1.3276275005191565,5,22,34,0,,
2026-05-16T00:15:54.685650,clean,persist,{'bins': 6},29,4,4,ok,116,145,0.2714422903954983,1.5248738750815392,1.8001753017306328,5,48,66,0,,
2026-05-16T00:15:56.188978,clean,persist,{'bins': 6},30,0,4,ok,0,30,0.28270831890404224,1.162930903956294,1.4496224150061607,5,34,50,0,,
2026-05-16T00:15:57.812468,clean,persist,{'bins': 6},30,1,4,ok,30,60,0.2774395141750574,1.3256624406203628,1.6069775838404894,5,51,72,0,,
2026-05-16T00:16:00.043122,clean,persist,{'bins': 6},30,2,4,ok,60,90,0.283669114112854,1.9274749904870987,2.214905277825892,5,74,112,0,,
2026-05-16T00:16:01.681912,clean,persist,{'bins': 6},30,3,4,ok,90,120,0.2830446707084775,1.3363230135291815,1.6231692358851433,5,59,82,0,,
2026-05-16T00:16:03.453506,clean,persist,{'bins': 6},30,4,4,ok,120,150,0.2766841147094965,1.4756364449858665,1.7561838263645768,5,51,77,0,,
2026-05-16T00:16:05.101631,clean,persist,{'bins': 6},31,0,4,ok,0,31,0.2821269081905484,1.305583929643035,1.591968534514308,5,18,29,0,,
2026-05-16T00:16:09.521987,clean,persist,{'bins': 6},31,1,4,ok,31,62,0.2919418504461646,4.105910941958427,4.401813231408596,5,80,123,0,,
2026-05-16T00:16:11.916744,clean,persist,{'bins': 6},31,2,4,ok,62,93,0.3254510201513767,2.049198924563825,2.378760715946555,5,25,42,0,,
2026-05-16T00:16:13.261761,clean,persist,{'bins': 6},31,3,4,ok,93,124,0.2799830622971058,1.047379383817315,1.3312832899391651,5,24,38,0,,
2026-05-16T00:16:15.239968,clean,persist,{'bins': 6},31,4,4,ok,124,155,0.28051012102514505,1.677300637587905,1.9618183951824903,5,44,64,0,,
2026-05-16T00:16:16.780674,clean,persist,{'bins': 6},32,0,4,ok,0,32,0.2923673512414098,1.1897053439170122,1.4861484207212925,5,38,58,0,,
2026-05-16T00:16:18.857617,clean,persist,{'bins': 6},32,1,4,ok,32,64,0.29285032860934734,1.7631185334175825,2.060030289925635,5,21,36,0,,
2026-05-16T00:16:20.925385,clean,persist,{'bins': 6},32,2,4,ok,64,96,0.2920551737770438,1.7554513923823833,2.051547206006944,5,43,66,0,,
2026-05-16T00:16:22.443470,clean,persist,{'bins': 6},32,3,4,ok,96,128,0.28487306647002697,1.214735466055572,1.5036407252773643,5,47,71,0,,
2026-05-16T00:16:24.321049,clean,persist,{'bins': 6},32,4,4,ok,128,160,0.2894509034231305,1.565647398121655,1.8593660974875093,5,31,46,0,,
2026-05-16T00:16:25.915686,clean,persist,{'bins': 6},33,0,4,ok,0,33,0.29359600879251957,1.2428958881646395,1.540722193196416,5,24,41,0,,
2026-05-16T00:16:28.893981,clean,persist,{'bins': 6},33,1,4,ok,33,66,0.3010505409911275,2.6543630519881845,2.9596265144646168,5,31,51,0,,
2026-05-16T00:16:30.632732,clean,persist,{'bins': 6},33,2,4,ok,66,99,0.28591271955519915,1.4311703005805612,1.7212594635784626,5,57,77,0,,
2026-05-16T00:16:32.038262,clean,persist,{'bins': 6},33,3,4,ok,99,132,0.2876642681658268,1.097157678566873,1.3890016078948975,5,38,51,0,,
2026-05-16T00:16:34.845850,clean,persist,{'bins': 6},33,4,4,ok,132,165,0.2968594888225198,2.489552529528737,2.7905779341235757,5,34,53,0,,
2026-05-16T00:16:36.463400,clean,persist,{'bins': 6},34,0,4,ok,0,34,0.30151512287557125,1.2569774966686964,1.5628041373565793,5,34,53,0,,
2026-05-16T00:16:38.687229,clean,persist,{'bins': 6},34,1,4,ok,34,68,0.2973345313221216,1.9038901655003428,2.205518040806055,5,28,46,0,,
2026-05-16T00:16:41.683944,clean,persist,{'bins': 6},34,2,4,ok,68,102,0.2954133441671729,2.6771126417443156,2.9769650939852,5,5,11,0,,
2026-05-16T00:16:43.412021,clean,persist,{'bins': 6},34,3,4,ok,102,136,0.29218043107539415,1.4142973301932216,1.7109307954087853,5,63,91,0,,
2026-05-16T00:16:45.192252,clean,persist,{'bins': 6},34,4,4,ok,136,170,0.2959978301078081,1.4637796189635992,1.764153397642076,5,36,53,0,,
2026-05-16T00:16:46.873141,clean,persist,{'bins': 6},35,0,4,ok,0,35,0.2997175483033061,1.3191387010738254,1.6233288291841745,5,50,70,0,,
2026-05-16T00:16:49.419450,clean,persist,{'bins': 6},35,1,4,ok,35,70,0.30019943322986364,2.2230792455375195,2.527707607485354,5,25,41,0,,
2026-05-16T00:16:52.128859,clean,persist,{'bins': 6},35,2,4,ok,70,105,0.3017800310626626,2.3834172263741493,2.689806825481355,5,77,114,0,,
2026-05-16T00:16:53.971241,clean,persist,{'bins': 6},35,3,4,ok,105,140,0.29426323249936104,1.5266247168183327,1.8253323780372739,5,46,68,0,,
2026-05-16T00:16:56.953295,clean,persist,{'bins': 6},35,4,4,ok,140,175,0.30594275053590536,2.651968306861818,2.962356775999069,5,58,87,0,,
2026-05-16T00:16:59.128676,clean,persist,{'bins': 6},36,0,4,ok,0,36,0.3146998770534992,1.7984762862324715,2.1176462788134813,5,51,76,0,,
2026-05-16T00:17:02.699043,clean,persist,{'bins': 6},36,1,4,ok,36,72,0.3028383692726493,3.2446283074095845,3.552036930806935,5,16,30,0,,
2026-05-16T00:17:05.025089,clean,persist,{'bins': 6},36,2,4,ok,72,108,0.3064510552212596,1.9956706212833524,2.3067347211763263,5,41,64,0,,
2026-05-16T00:17:06.552004,clean,persist,{'bins': 6},36,3,4,ok,108,144,0.3054142063483596,1.2016816912218928,1.5116285607218742,5,19,32,0,,
2026-05-16T00:17:08.891631,clean,persist,{'bins': 6},36,4,4,ok,144,180,0.3026904007419944,2.0122648095712066,2.319562865421176,5,59,90,0,,
2026-05-16T00:17:10.857687,clean,persist,{'bins': 6},37,0,4,ok,0,37,0.31010833382606506,1.5954371932893991,1.9102184744551778,5,24,40,0,,
2026-05-16T00:17:13.733214,clean,persist,{'bins': 6},37,1,4,ok,37,74,0.3072094889357686,2.5391048761084676,2.8510964373126626,5,49,73,0,,
2026-05-16T00:17:16.319735,clean,persist,{'bins': 6},37,2,4,ok,74,111,0.30714970733970404,2.2570247752591968,2.5687739811837673,5,46,71,0,,
2026-05-16T00:17:18.223226,clean,persist,{'bins': 6},37,3,4,ok,111,148,0.31019555777311325,1.5684632398188114,1.8832957679405808,5,61,88,0,,
2026-05-16T00:17:21.523147,clean,persist,{'bins': 6},37,4,4,ok,148,185,0.3139170380309224,2.9603882022202015,3.278999106027186,5,77,114,0,,
2026-05-16T00:17:24.792342,clean,persist,{'bins': 6},38,0,4,ok,0,38,0.31505345180630684,2.8863698095083237,3.2062454586848617,5,69,101,0,,
2026-05-16T00:17:29.120975,clean,persist,{'bins': 6},38,1,4,ok,38,76,0.3178453557193279,3.9796384880319238,4.30241035670042,5,23,40,0,,
2026-05-16T00:17:31.557639,clean,persist,{'bins': 6},38,2,4,ok,76,114,0.314508949406445,2.099496291950345,2.4187322203069925,5,55,85,0,,
2026-05-16T00:17:33.965318,clean,persist,{'bins': 6},38,3,4,ok,114,152,0.31399682816118,2.0678103985264897,2.386662235483527,5,31,53,0,,
2026-05-16T00:17:36.754284,clean,persist,{'bins': 6},38,4,4,ok,152,190,0.31674148328602314,2.4439286263659596,2.7657929910346866,5,59,88,0,,
2026-05-16T00:17:38.459822,clean,persist,{'bins': 6},39,0,4,ok,0,39,0.3163535539060831,1.326603464782238,1.6478226073086262,5,22,34,0,,
2026-05-16T00:17:43.318158,clean,persist,{'bins': 6},39,1,4,ok,39,78,0.3227173062041402,4.508751004002988,4.836332847364247,5,45,74,0,,
2026-05-16T00:17:45.260970,clean,persist,{'bins': 6},39,2,4,ok,78,117,0.31076672207564116,1.607850881293416,1.9234782820567489,5,76,107,0,,
2026-05-16T00:17:47.859587,clean,persist,{'bins': 6},39,3,4,ok,117,156,0.31323797162622213,2.2584641128778458,2.5769158583134413,5,60,87,0,,
2026-05-16T00:17:49.702297,clean,persist,{'bins': 6},39,4,4,ok,156,195,0.3196828765794635,1.4968657856807113,1.8214000957086682,5,44,64,0,,
2026-05-16T00:17:52.508759,clean,persist,{'bins': 6},40,0,4,ok,0,40,0.32941084913909435,2.410120918415487,2.7446910981088877,5,32,52,0,,
2026-05-16T00:17:55.009872,clean,persist,{'bins': 6},40,1,4,ok,40,80,0.31624680384993553,2.15918892249465,2.4805388702079654,5,6,16,0,,
2026-05-16T00:17:58.482381,clean,persist,{'bins': 6},40,2,4,ok,80,120,0.32674115523695946,3.1184268202632666,3.4502131417393684,5,62,91,0,,
2026-05-16T00:18:01.627354,clean,persist,{'bins': 6},40,3,4,ok,120,160,0.3286430463194847,2.789162856526673,3.1229200288653374,5,48,75,0,,
2026-05-16T00:18:03.481015,clean,persist,{'bins': 6},40,4,4,ok,160,200,0.32439680211246014,1.501188075169921,1.8306657103821635,5,36,53,0,,
2026-05-16T00:18:06.084550,clean,persist,{'bins': 6},41,0,4,ok,0,41,0.33556686248630285,2.1999326488003135,2.5406582597643137,5,71,102,0,,
2026-05-16T00:18:10.179007,clean,persist,{'bins': 6},41,1,4,ok,41,82,0.32824436854571104,3.7357690315693617,4.069245116785169,5,64,99,0,,
2026-05-16T00:18:13.542250,clean,persist,{'bins': 6},41,2,4,ok,82,123,0.330901188775897,3.0030643651261926,3.3390138652175665,5,89,130,0,,
2026-05-16T00:18:17.146726,clean,persist,{'bins': 6},41,3,4,ok,123,164,0.33298032358288765,3.2399836238473654,3.57820344902575,5,68,104,0,,
2026-05-16T00:18:20.702491,clean,persist,{'bins': 6},41,4,4,ok,164,205,0.33173828199505806,3.1970588518306613,3.5339866103604436,5,17,31,0,,
2026-05-16T00:18:22.348642,clean,persist,{'bins': 6},42,0,4,ok,0,42,0.3283853428438306,1.2534604473039508,1.5870598945766687,5,39,52,0,,
2026-05-16T00:18:25.431057,clean,persist,{'bins': 6},42,1,4,ok,42,84,0.3287229770794511,2.7246346715837717,3.058665889315307,5,1,6,0,,
2026-05-16T00:18:27.572557,clean,persist,{'bins': 6},42,2,4,ok,84,126,0.3278495268896222,1.7856505727395415,2.118774185888469,5,32,49,0,,
2026-05-16T00:18:29.831986,clean,persist,{'bins': 6},42,3,4,ok,126,168,0.33155986573547125,1.900711264461279,2.237556186504662,5,46,68,0,,
2026-05-16T00:18:33.855971,clean,persist,{'bins': 6},42,4,4,ok,168,210,0.33628908824175596,3.6574004320427775,3.9991585621610284,5,24,39,0,,
2026-05-16T00:18:36.608756,clean,persist,{'bins': 6},43,0,4,ok,0,43,0.33232583571225405,2.353944331407547,2.691699493676424,5,40,61,0,,
2026-05-16T00:18:40.832407,clean,persist,{'bins': 6},43,1,4,ok,43,86,0.33341371826827526,3.85945007763803,4.198299395851791,5,57,92,0,,
2026-05-16T00:18:43.024228,clean,persist,{'bins': 6},43,2,4,ok,86,129,0.3321440741419792,1.8316046269610524,2.1690804846584797,5,43,66,0,,
2026-05-16T00:18:45.204615,clean,persist,{'bins': 6},43,3,4,ok,129,172,0.3328421050682664,1.8156391000375152,2.1539577608928084,5,2,7,0,,
2026-05-16T00:18:48.368637,clean,persist,{'bins': 6},43,4,4,ok,172,215,0.339792768470943,2.7964108772575855,3.141586856916547,5,56,88,0,,
2026-05-16T00:18:52.089598,clean,persist,{'bins': 6},44,0,4,ok,0,44,0.3464651517570019,3.2983903903514147,3.6505001643672585,5,33,52,0,,
2026-05-16T00:18:55.959890,clean,persist,{'bins': 6},44,1,4,ok,44,88,0.34181466698646545,3.4993134308606386,3.846695264801383,5,57,92,0,,
2026-05-16T00:18:59.662885,clean,persist,{'bins': 6},44,2,4,ok,88,132,0.33708370104432106,3.3357919799163938,3.678368608467281,5,19,34,0,,
2026-05-16T00:19:03.392554,clean,persist,{'bins': 6},44,3,4,ok,132,176,0.34703521244227886,3.3498248886317015,3.702364449389279,5,2,7,0,,
2026-05-16T00:19:05.432124,clean,persist,{'bins': 6},44,4,4,ok,176,220,0.33196289371699095,1.682921227067709,2.0203531021252275,5,36,54,0,,
2026-05-16T00:19:07.739057,clean,persist,{'bins': 6},45,0,4,ok,0,45,0.3414748404175043,1.8991238260641694,2.2462267465889454,5,40,60,0,,
2026-05-16T00:19:10.891816,clean,persist,{'bins': 6},45,1,4,ok,45,90,0.33883914817124605,2.7855353029444814,3.130033189430833,5,44,70,0,,
2026-05-16T00:19:15.079357,clean,persist,{'bins': 6},45,2,4,ok,90,135,0.35090416856110096,3.8026974592357874,4.159210102632642,5,93,138,0,,
2026-05-16T00:19:17.591760,clean,persist,{'bins': 6},45,3,4,ok,135,180,0.3379655983299017,2.1459407759830356,2.4895844692364335,5,51,74,0,,
2026-05-16T00:19:19.412940,clean,persist,{'bins': 6},45,4,4,ok,180,225,0.33786966744810343,1.4514320567250252,1.7951354617252946,5,49,69,0,,
2026-05-16T00:19:22.207052,clean,persist,{'bins': 6},46,0,4,ok,0,46,0.3450256893411279,2.3832239201292396,2.7339837178587914,5,38,58,0,,
2026-05-16T00:19:27.260876,clean,persist,{'bins': 6},46,1,4,ok,46,92,0.34559971652925014,4.676176279783249,5.027487954124808,5,73,116,0,,
2026-05-16T00:19:30.439108,clean,persist,{'bins': 6},46,2,4,ok,92,138,0.3462149817496538,2.797027380205691,3.1489779548719525,5,46,69,0,,
2026-05-16T00:19:32.317742,clean,persist,{'bins': 6},46,3,4,ok,138,184,0.34365363232791424,1.5094715394079685,1.858730019070208,5,25,44,0,,
2026-05-16T00:19:35.553344,clean,persist,{'bins': 6},46,4,4,ok,184,230,0.34695304930210114,2.85756619554013,3.2102455496788025,5,55,82,0,,
2026-05-16T00:19:39.686775,clean,persist,{'bins': 6},47,0,4,ok,0,47,0.35657711513340473,3.7012713914737105,4.0640652338042855,5,42,65,0,,
2026-05-16T00:19:44.510715,clean,persist,{'bins': 6},47,1,4,ok,47,94,0.35853463131934404,4.431641669012606,4.796059149317443,5,66,98,0,,
2026-05-16T00:19:50.883554,clean,persist,{'bins': 6},47,2,4,ok,94,141,0.3577504688873887,5.980974017642438,6.34465039614588,5,70,107,0,,
2026-05-16T00:19:55.576280,clean,persist,{'bins': 6},47,3,4,ok,141,188,0.359811220318079,4.296150456182659,4.6618768675252795,5,105,152,0,,
2026-05-16T00:19:58.302579,clean,persist,{'bins': 6},47,4,4,ok,188,235,0.3543396731838584,2.3402871377766132,2.7004427444189787,5,52,76,0,,
2026-05-16T00:20:03.203562,clean,persist,{'bins': 6},48,0,4,ok,0,48,0.3637894121930003,4.457714994437993,4.827691427432001,5,38,61,0,,
2026-05-16T00:20:05.644315,clean,persist,{'bins': 6},48,1,4,ok,48,96,0.3526509813964367,2.0577791118994355,2.4164484972134233,5,18,27,0,,
2026-05-16T00:20:08.860194,clean,persist,{'bins': 6},48,2,4,ok,96,144,0.36376622784882784,2.8211521860212088,3.1909829042851925,5,43,70,0,,
2026-05-16T00:20:12.292907,clean,persist,{'bins': 6},48,3,4,ok,144,192,0.3496985659003258,3.0520375026389956,3.4076875364407897,5,65,98,0,,
2026-05-16T00:20:15.014670,clean,persist,{'bins': 6},48,4,4,ok,192,240,0.3620961010456085,2.3254881128668785,2.693566541187465,5,47,68,0,,
2026-05-16T00:20:18.006969,clean,persist,{'bins': 6},49,0,4,ok,0,49,0.37161937914788723,2.550279946066439,2.928025361150503,5,43,67,0,,
2026-05-16T00:20:23.206869,clean,persist,{'bins': 6},49,1,4,ok,49,98,0.3537445357069373,4.809142571873963,5.168929286301136,5,1,6,0,,
2026-05-16T00:20:29.397968,clean,persist,{'bins': 6},49,2,4,ok,98,147,0.362469763495028,5.791573850437999,6.160077316686511,5,36,59,0,,
2026-05-16T00:20:31.966722,clean,persist,{'bins': 6},49,3,4,ok,147,196,0.3633402781561017,2.17212519235909,2.5416009658947587,5,52,76,0,,
2026-05-16T00:20:35.599858,clean,persist,{'bins': 6},49,4,4,ok,196,245,0.36022020876407623,3.2276176875457168,3.594074249267578,5,51,77,0,,
2026-05-16T00:20:38.328920,clean,persist,{'bins': 6},50,0,4,ok,0,50,0.3724354924634099,2.286505836993456,2.6651834128424525,5,49,73,0,,
2026-05-16T00:20:43.219205,clean,persist,{'bins': 6},50,1,4,ok,50,100,0.3718673437833786,4.483537032268941,4.861657651141286,5,83,127,0,,
2026-05-16T00:20:45.457888,clean,persist,{'bins': 6},50,2,4,ok,100,150,0.3581251446157694,1.8460914567112923,2.210456270724535,5,14,26,0,,
2026-05-16T00:20:49.219505,clean,persist,{'bins': 6},50,3,4,ok,150,200,0.36656414438039064,3.3561314288526773,3.7290039006620646,5,60,86,0,,
2026-05-16T00:20:50.873714,clean,persist,{'bins': 6},50,4,4,ok,200,250,0.362156274728477,1.2621734803542495,1.6304543586447835,5,11,20,0,,
2026-05-16T00:20:54.005000,clean,persist,{'bins': 6},51,0,4,ok,0,51,0.36778195202350616,2.6902189683169127,3.064368830062449,5,25,43,0,,
2026-05-16T00:20:58.362432,clean,persist,{'bins': 6},51,1,4,ok,51,102,0.36377555690705776,3.9572016522288322,4.3276227414608,5,35,61,0,,
2026-05-16T00:21:01.527576,clean,persist,{'bins': 6},51,2,4,ok,102,153,0.37141886353492737,2.760227460414171,3.138083173893392,5,49,74,0,,
2026-05-16T00:21:05.518654,clean,persist,{'bins': 6},51,3,4,ok,153,204,0.3647024780511856,3.588636609725654,3.959799441508949,5,26,44,0,,
2026-05-16T00:21:08.573095,clean,persist,{'bins': 6},51,4,4,ok,204,255,0.37635336071252823,2.643074250780046,3.025770464912057,5,40,63,0,,
2026-05-16T00:21:11.662502,clean,persist,{'bins': 6},52,0,4,ok,0,52,0.38039649464190006,2.6363157965242863,3.023171814158559,5,37,58,0,,
2026-05-16T00:21:16.146912,clean,persist,{'bins': 6},52,1,4,ok,52,104,0.37980723660439253,4.069231403060257,4.45545098464936,5,68,105,0,,
2026-05-16T00:21:18.677032,clean,persist,{'bins': 6},52,2,4,ok,104,156,0.36768942791968584,2.129326350055635,2.5035291220992804,5,58,81,0,,
2026-05-16T00:21:22.448229,clean,persist,{'bins': 6},52,3,4,ok,156,208,0.37940912041813135,3.352426143363118,3.738226708956063,5,19,32,0,,
2026-05-16T00:21:25.458808,clean,persist,{'bins': 6},52,4,4,ok,208,260,0.380895733833313,2.59215194825083,2.9795655040070415,5,46,72,0,,
2026-05-16T00:21:29.790097,clean,persist,{'bins': 6},53,0,4,ok,0,53,0.3814117331057787,3.86746696382761,4.255486828275025,5,39,59,0,,
2026-05-16T00:21:33.502069,clean,persist,{'bins': 6},53,1,4,ok,53,106,0.37055715546011925,3.3077575070783496,3.684925388544798,5,55,84,0,,
2026-05-16T00:21:39.247393,clean,persist,{'bins': 6},53,2,4,ok,106,159,0.3777216309681535,5.317485285922885,5.7019949471578,5,72,109,0,,
2026-05-16T00:21:42.993159,clean,persist,{'bins': 6},53,3,4,ok,159,212,0.3719137329608202,3.3380348971113563,3.7164583560079336,5,52,78,0,,
2026-05-16T00:21:45.213527,clean,persist,{'bins': 6},53,4,4,ok,212,265,0.37891426123678684,1.8073586709797382,2.1927868369966745,5,38,57,0,,
2026-05-16T00:21:49.425070,clean,persist,{'bins': 6},54,0,4,ok,0,54,0.39366092905402184,3.740334070287645,4.1409469274804,5,72,106,0,,
2026-05-16T00:21:59.666871,clean,persist,{'bins': 6},54,1,4,ok,54,108,0.3898454634472728,9.799539169296622,10.196342911571264,5,69,110,0,,
2026-05-16T00:22:03.278810,clean,persist,{'bins': 6},54,2,4,ok,108,162,0.3794292388483882,3.1952095590531826,3.5814704094082117,5,48,70,0,,
2026-05-16T00:22:07.261186,clean,persist,{'bins': 6},54,3,4,ok,162,216,0.3792380802333355,3.5667901569977403,3.952728792093694,5,67,103,0,,
2026-05-16T00:22:09.641738,clean,persist,{'bins': 6},54,4,4,ok,216,270,0.3783147959038615,1.9662661300972104,2.351492376998067,5,38,56,0,,
2026-05-16T00:22:14.828366,clean,persist,{'bins': 6},55,0,4,ok,0,55,0.3932521613314748,4.7118322821334,5.112006675451994,5,64,93,0,,
2026-05-16T00:22:19.016466,clean,persist,{'bins': 6},55,1,4,ok,55,110,0.389322760514915,3.7600495060905814,4.156252800486982,5,64,89,0,,
2026-05-16T00:22:25.881865,clean,persist,{'bins': 6},55,2,4,ok,110,165,0.3947812942788005,6.4305800050497055,6.832259996794164,5,92,144,0,,
2026-05-16T00:22:31.237393,clean,persist,{'bins': 6},55,3,4,ok,165,220,0.38764351792633533,4.9300162168219686,5.324498781003058,5,73,115,0,,
2026-05-16T00:22:35.353514,clean,persist,{'bins': 6},55,4,4,ok,220,275,0.3849666388705373,3.692027797922492,4.0837810235098,5,56,87,0,,
2026-05-16T00:22:39.777333,clean,persist,{'bins': 6},56,0,4,ok,0,56,0.3996621919795871,3.946929574944079,4.353588147088885,5,37,59,0,,
2026-05-16T00:22:46.144001,clean,persist,{'bins': 6},56,1,4,ok,56,112,0.39186325389891863,5.933137033134699,6.3318720338866115,5,44,69,0,,
2026-05-16T00:22:50.661069,clean,persist,{'bins': 6},56,2,4,ok,112,168,0.39608221780508757,4.077872670255601,4.48104652762413,5,60,90,0,,
2026-05-16T00:22:55.804930,clean,persist,{'bins': 6},56,3,4,ok,168,224,0.39100479148328304,4.713448386639357,5.111441102810204,5,69,108,0,,
2026-05-16T00:22:59.121753,clean,persist,{'bins': 6},56,4,4,ok,224,280,0.3921424588188529,2.8892275393009186,3.2882126392796636,5,68,96,0,,
2026-05-16T00:23:03.672446,clean,persist,{'bins': 6},57,0,4,ok,0,57,0.3992210440337658,4.075346307829022,4.481927916407585,5,37,59,0,,
2026-05-16T00:23:07.973485,clean,persist,{'bins': 6},57,1,4,ok,57,114,0.38839707244187593,3.8743194714188576,4.269749012775719,5,35,57,0,,
2026-05-16T00:23:13.936137,clean,persist,{'bins': 6},57,2,4,ok,114,171,0.39666768815368414,5.515532186254859,5.9195701675489545,5,30,51,0,,
2026-05-16T00:23:16.235136,clean,persist,{'bins': 6},57,3,4,ok,171,228,0.3920081062242389,1.86607473064214,2.2651425171643496,5,14,22,0,,
2026-05-16T00:23:20.185806,clean,persist,{'bins': 6},57,4,4,ok,228,285,0.40236408822238445,3.5099644353613257,3.9193849861621857,5,20,38,0,,
2026-05-16T00:23:24.353034,clean,persist,{'bins': 6},58,0,4,ok,0,58,0.407599070109427,3.683084325864911,4.097927692346275,5,42,66,0,,
2026-05-16T00:23:27.802472,clean,persist,{'bins': 6},58,1,4,ok,58,116,0.4013837156817317,3.009411135688424,3.4183093663305044,5,63,96,0,,
2026-05-16T00:23:31.186567,clean,persist,{'bins': 6},58,2,4,ok,116,174,0.39241174422204494,2.951148074120283,3.3506904309615493,5,69,96,0,,
2026-05-16T00:23:35.495725,clean,persist,{'bins': 6},58,3,4,ok,174,232,0.40131016820669174,3.8652267567813396,4.273708174005151,5,66,99,0,,
2026-05-16T00:23:38.980601,clean,persist,{'bins': 6},58,4,4,ok,232,290,0.39210215397179127,3.0558467339724302,3.455290235579014,5,70,100,0,,
2026-05-16T00:23:45.814047,clean,persist,{'bins': 6},59,0,4,ok,0,59,0.4128906186670065,6.328620099462569,6.749058726243675,5,42,66,0,,
2026-05-16T00:23:50.340604,clean,persist,{'bins': 6},59,1,4,ok,59,118,0.3964257249608636,4.0912388656288385,4.494941998273134,5,48,82,0,,
2026-05-16T00:23:54.150624,clean,persist,{'bins': 6},59,2,4,ok,118,177,0.40858841873705387,3.3578001586720347,3.7738491892814636,5,58,84,0,,
2026-05-16T00:24:00.426169,clean,persist,{'bins': 6},59,3,4,ok,177,236,0.4007129166275263,5.824812459759414,6.233020514249802,5,32,53,0,,
2026-05-16T00:24:06.380424,clean,persist,{'bins': 6},59,4,4,ok,236,295,0.41232287324965,5.498049810528755,5.9176621260121465,5,30,51,0,,
2026-05-16T00:24:11.580181,clean,persist,{'bins': 6},60,0,4,ok,0,60,0.4220071127638221,4.648620646446943,5.1266196658834815,5,79,118,0,,
2026-05-16T00:24:15.761949,clean,persist,{'bins': 6},60,1,4,ok,60,120,0.40092399436980486,3.7481933450326324,4.156351925805211,5,22,40,0,,
2026-05-16T00:24:20.070489,clean,persist,{'bins': 6},60,2,4,ok,120,180,0.4109174134209752,3.85019922722131,4.2686011185869575,5,63,95,0,,
2026-05-16T00:24:22.474716,clean,persist,{'bins': 6},60,3,4,ok,180,240,0.40122344717383385,1.965812537819147,2.37438065931201,5,28,41,0,,
2026-05-16T00:24:28.133469,clean,persist,{'bins': 6},60,4,4,ok,240,300,0.4163736514747143,5.201095663942397,5.624864054843783,5,46,75,0,,
2026-05-16T00:24:32.143567,clean,persist,{'bins': 6},61,0,4,ok,0,61,0.41586583852767944,3.5175490509718657,3.9409343916922808,5,42,66,0,,
2026-05-16T00:24:35.732378,clean,persist,{'bins': 6},61,1,4,ok,61,122,0.4046010300517082,3.138306791894138,3.5503552202135324,5,3,8,0,,
2026-05-16T00:24:40.936335,clean,persist,{'bins': 6},61,2,4,ok,122,183,0.4056304134428501,4.747720535844564,5.16123450640589,5,65,94,0,,
2026-05-16T00:24:45.155981,clean,persist,{'bins': 6},61,3,4,ok,183,244,0.42058910988271236,3.7575786262750626,4.185762461274862,5,58,89,0,,
2026-05-16T00:24:54.904755,clean,persist,{'bins': 6},61,4,4,ok,244,305,0.4099493660032749,9.289736182428896,9.707261197268963,5,55,84,0,,
2026-05-16T00:25:00.445711,clean,persist,{'bins': 6},62,0,4,ok,0,62,0.4217763105407357,5.034399184398353,5.463879143819213,5,42,66,0,,
2026-05-16T00:25:02.658577,clean,persist,{'bins': 6},62,1,4,ok,62,124,0.4139694171026349,1.7616340639069676,2.1832613945007324,5,18,29,0,,
2026-05-16T00:25:06.708341,clean,persist,{'bins': 6},62,2,4,ok,124,186,0.42441230174154043,3.5792524395510554,4.011697208508849,5,68,96,0,,
2026-05-16T00:25:09.656686,clean,persist,{'bins': 6},62,3,4,ok,186,248,0.41659580916166306,2.4885928817093372,2.912873144261539,5,44,64,0,,
2026-05-16T00:25:14.167023,clean,persist,{'bins': 6},62,4,4,ok,248,310,0.4151393249630928,4.054198328405619,4.476890518330038,5,53,81,0,,
2026-05-16T00:25:18.598087,clean,persist,{'bins': 6},63,0,4,ok,0,63,0.41921237483620644,3.9276872891932726,4.354711686260998,5,62,89,0,,
2026-05-16T00:25:24.052607,clean,persist,{'bins': 6},63,1,4,ok,63,126,0.4301271652802825,4.977353071793914,5.415363312698901,5,73,111,0,,
2026-05-16T00:25:31.539581,clean,persist,{'bins': 6},63,2,4,ok,126,189,0.42966005858033895,7.012883643619716,7.450269564054906,5,69,109,0,,
2026-05-16T00:25:36.908835,clean,persist,{'bins': 6},63,3,4,ok,189,252,0.42955922801047564,4.891430069692433,5.328807211481035,5,45,76,0,,
2026-05-16T00:25:40.861396,clean,persist,{'bins': 6},63,4,4,ok,252,315,0.4235837860032916,3.4797643022611737,3.9112549480050802,5,20,31,0,,
2026-05-16T00:25:43.941212,clean,persist,{'bins': 6},64,0,4,ok,0,64,0.4246064554899931,2.57891283929348,3.0113760018721223,5,19,31,0,,
2026-05-16T00:25:51.805296,clean,persist,{'bins': 6},64,1,4,ok,64,128,0.432021152228117,7.375975266098976,7.81650248542428,5,58,90,0,,
2026-05-16T00:25:56.779397,clean,persist,{'bins': 6},64,2,4,ok,128,192,0.4190032621845603,4.506026469171047,4.933008938096464,5,68,98,0,,
2026-05-16T00:26:01.873010,clean,persist,{'bins': 6},64,3,4,ok,192,256,0.43429042492061853,4.612485768273473,5.054773564450443,5,40,63,0,,
2026-05-16T00:26:08.923128,clean,persist,{'bins': 6},64,4,4,ok,256,320,0.42996516078710556,6.513198420405388,7.000066599808633,5,54,87,0,,
2026-05-16T00:26:15.170323,clean,persist,{'bins': 6},65,0,4,ok,0,65,0.44297590013593435,5.715377265587449,6.166386843658984,5,80,121,0,,
2026-05-16T00:26:21.195168,clean,persist,{'bins': 6},65,1,4,ok,65,130,0.4376304494217038,5.538313816301525,5.9840960362926126,5,41,70,0,,
2026-05-16T00:26:25.341565,clean,persist,{'bins': 6},65,2,4,ok,130,195,0.43616627994924784,3.61180402059108,4.104711423628032,5,66,94,0,,
2026-05-16T00:26:31.270066,clean,persist,{'bins': 6},65,3,4,ok,195,260,0.443151599727571,5.436779271811247,5.887909117154777,5,36,62,0,,
2026-05-16T00:26:36.309777,clean,persist,{'bins': 6},65,4,4,ok,260,325,0.42420250829309225,4.564838910475373,4.997125753201544,5,31,52,0,,
2026-05-16T00:26:42.774045,clean,persist,{'bins': 6},66,0,4,ok,0,66,0.4387037055566907,5.929013172164559,6.376127986237407,5,67,100,0,,
2026-05-16T00:26:49.513750,clean,persist,{'bins': 6},66,1,4,ok,66,132,0.4367508878931403,6.251556080766022,6.696589395403862,5,60,98,0,,
2026-05-16T00:26:54.308510,clean,persist,{'bins': 6},66,2,4,ok,132,198,0.42789657786488533,4.304017535410821,4.740178574807942,5,10,17,0,,
2026-05-16T00:26:59.453996,clean,persist,{'bins': 6},66,3,4,ok,198,264,0.44238080456852913,4.653457525186241,5.104104361496866,5,69,100,0,,
2026-05-16T00:27:05.564808,clean,persist,{'bins': 6},66,4,4,ok,264,330,0.42610642313957214,5.63818833976984,6.072359406389296,5,10,20,0,,
2026-05-16T00:27:10.792624,clean,persist,{'bins': 6},67,0,4,ok,0,67,0.4470734875649214,4.6968772346153855,5.1522151613608,5,46,74,0,,
2026-05-16T00:27:21.879265,clean,persist,{'bins': 6},67,1,4,ok,67,134,0.441714383661747,10.586089625023305,11.036262572742999,5,64,110,0,,
2026-05-16T00:27:29.624995,clean,persist,{'bins': 6},67,2,4,ok,134,201,0.4422111762687564,7.225688366219401,7.6765871569514275,5,18,31,0,,
2026-05-16T00:27:34.692543,clean,persist,{'bins': 6},67,3,4,ok,201,268,0.44125507213175297,4.568423570133746,5.017954703420401,5,47,71,0,,
2026-05-16T00:27:41.141887,clean,persist,{'bins': 6},67,4,4,ok,268,335,0.430749555118382,5.97172134835273,6.410662225447595,5,9,17,0,,
2026-05-16T00:27:47.575065,clean,persist,{'bins': 6},68,0,4,ok,0,68,0.45785062573850155,5.885421359911561,6.352027146145701,5,73,115,0,,
2026-05-16T00:27:58.320181,clean,persist,{'bins': 6},68,1,4,ok,68,136,0.43960620649158955,10.238577428273857,10.686785678379238,5,76,121,0,,
2026-05-16T00:28:04.253349,clean,persist,{'bins': 6},68,2,4,ok,136,204,0.4462489215657115,5.434175769798458,5.888941874727607,5,62,93,0,,
2026-05-16T00:28:12.334911,clean,persist,{'bins': 6},68,3,4,ok,204,272,0.45132445357739925,7.578990745358169,8.038654428906739,5,83,127,0,,
2026-05-16T00:28:19.072541,clean,persist,{'bins': 6},68,4,4,ok,272,340,0.4460523845627904,6.245784431695938,6.70022504683584,5,77,124,0,,
2026-05-16T00:28:25.595165,clean,persist,{'bins': 6},69,0,4,ok,0,69,0.4517604624852538,5.9792742393910885,6.440017551183701,5,56,89,0,,
2026-05-16T00:28:30.784794,clean,persist,{'bins': 6},69,1,4,ok,69,138,0.43890481162816286,4.656362298876047,5.152987269684672,5,38,66,0,,
2026-05-16T00:28:36.605920,clean,persist,{'bins': 6},69,2,4,ok,138,207,0.4518624637275934,5.3153839856386185,5.775731222704053,5,46,71,0,,
2026-05-16T00:28:44.253151,clean,persist,{'bins': 6},69,3,4,ok,207,276,0.5031640194356441,7.086316148750484,7.59811417106539,5,108,158,0,,
2026-05-16T00:28:50.938232,clean,persist,{'bins': 6},69,4,4,ok,276,345,0.451274692080915,6.1825348772108555,6.642264044843614,5,47,75,0,,
2026-05-16T00:28:58.148231,clean,persist,{'bins': 6},70,0,4,ok,0,70,0.46726366598159075,6.654748226515949,7.130598336458206,5,67,108,0,,
2026-05-16T00:29:04.343756,clean,persist,{'bins': 6},70,1,4,ok,70,140,0.45990498922765255,5.678216121159494,6.146690241061151,5,80,122,0,,
2026-05-16T00:29:09.861249,clean,persist,{'bins': 6},70,2,4,ok,140,210,0.44437792245298624,5.022933220490813,5.476455664262176,5,62,97,0,,
2026-05-16T00:29:15.152230,clean,persist,{'bins': 6},70,3,4,ok,210,280,0.44413181114941835,4.79106336273253,5.243863341398537,5,15,25,0,,
2026-05-16T00:29:22.027401,clean,persist,{'bins': 6},70,4,4,ok,280,350,0.44361936766654253,6.376916639506817,6.82917336653918,5,61,96,0,,
2026-05-16T00:29:27.850321,clean,persist,{'bins': 6},71,0,4,ok,0,71,0.45980224572122097,5.224199767224491,5.741928979754448,5,61,92,0,,
2026-05-16T00:29:34.308538,clean,persist,{'bins': 6},71,1,4,ok,71,142,0.46570447087287903,5.934040807187557,6.408395201899111,5,82,125,0,,
2026-05-16T00:29:39.810268,clean,persist,{'bins': 6},71,2,4,ok,142,213,0.45197550021111965,4.994089166633785,5.454791464842856,5,82,117,0,,
2026-05-16T00:29:44.069635,clean,persist,{'bins': 6},71,3,4,ok,213,284,0.45877898670732975,3.7423008801415563,4.209713138639927,5,51,77,0,,
2026-05-16T00:29:47.657635,clean,persist,{'bins': 6},71,4,4,ok,284,355,0.44631932955235243,3.079327623359859,3.534372207708657,5,7,15,0,,
2026-05-16T00:29:53.368620,clean,persist,{'bins': 6},72,0,4,ok,0,72,0.4708533016964793,5.147884787991643,5.627739753574133,5,61,92,0,,
2026-05-16T00:30:01.684499,clean,persist,{'bins': 6},72,1,4,ok,72,144,0.45141526963561773,7.809578206390142,8.269896014593542,5,82,131,0,,
2026-05-16T00:30:05.486224,clean,persist,{'bins': 6},72,2,4,ok,144,216,0.4571051336824894,3.300899675115943,3.766744020394981,5,47,72,0,,
2026-05-16T00:30:12.278427,clean,persist,{'bins': 6},72,3,4,ok,216,288,0.4640098512172699,6.26153277233243,6.734633585438132,5,68,97,0,,
2026-05-16T00:30:15.886337,clean,persist,{'bins': 6},72,4,4,ok,288,360,0.4641564469784498,3.094921277835965,3.5682316441088915,5,26,43,0,,
2026-05-16T00:30:22.887799,clean,persist,{'bins': 6},73,0,4,ok,0,73,0.46812229324132204,6.440846341662109,6.918009382672608,5,65,103,0,,
2026-05-16T00:30:27.052594,clean,persist,{'bins': 6},73,1,4,ok,73,146,0.457371617667377,3.654406431131065,4.120798237621784,5,19,37,0,,
2026-05-16T00:30:33.704403,clean,persist,{'bins': 6},73,2,4,ok,146,219,0.4696786878630519,6.114477667026222,6.593685799278319,5,33,51,0,,
2026-05-16T00:30:37.584469,clean,persist,{'bins': 6},73,3,4,ok,219,292,0.4561997875571251,3.372074984945357,3.837222194299102,5,16,26,0,,
2026-05-16T00:30:42.415573,clean,persist,{'bins': 6},73,4,4,ok,292,365,0.45489387679845095,4.325850169174373,4.789778670296073,5,18,33,0,,
2026-05-16T00:30:50.046626,clean,persist,{'bins': 6},74,0,4,ok,0,74,0.48503308184444904,7.052708672359586,7.5469109127298,5,71,115,0,,
2026-05-16T00:30:57.820950,clean,persist,{'bins': 6},74,1,4,ok,74,148,0.4690102534368634,7.243439922109246,7.721607741899788,5,68,104,0,,
2026-05-16T00:31:05.644283,clean,persist,{'bins': 6},74,2,4,ok,148,222,0.47926359809935093,7.285388432443142,7.773775362409651,5,65,99,0,,
2026-05-16T00:31:11.950166,clean,persist,{'bins': 6},74,3,4,ok,222,296,0.4790490260347724,5.766489693894982,6.254679614678025,5,50,77,0,,
2026-05-16T00:31:16.626474,clean,persist,{'bins': 6},74,4,4,ok,296,370,0.46689097583293915,4.152733233757317,4.629176498390734,5,42,68,0,,
2026-05-16T00:31:23.292890,clean,persist,{'bins': 6},75,0,4,ok,0,75,0.48903168365359306,6.070687095634639,6.569270296022296,5,42,66,0,,
2026-05-16T00:31:29.920016,clean,persist,{'bins': 6},75,1,4,ok,75,150,0.4677856471389532,6.096097378060222,6.573505914770067,5,67,102,0,,
2026-05-16T00:31:34.411704,clean,persist,{'bins': 6},75,2,4,ok,150,225,0.46554894652217627,3.977039168588817,4.451744879595935,5,56,82,0,,
2026-05-16T00:31:40.652826,clean,persist,{'bins': 6},75,3,4,ok,225,300,0.4833115926012397,5.695462567731738,6.188342377543449,5,50,77,0,,
2026-05-16T00:31:46.366081,clean,persist,{'bins': 6},75,4,4,ok,300,375,0.47578608058393,5.183525585569441,5.668483079411089,5,20,32,0,,
2026-05-16T00:31:51.732590,clean,persist,{'bins': 6},76,0,4,ok,0,76,0.47539053950458765,4.797623606398702,5.282270807772875,5,35,56,0,,
2026-05-16T00:32:00.779826,clean,persist,{'bins': 6},76,1,4,ok,76,152,0.48087556939572096,8.503625175915658,8.994076046161354,5,86,137,0,,
2026-05-16T00:32:07.454186,clean,persist,{'bins': 6},76,2,4,ok,152,228,0.4688256923109293,6.098032313399017,6.625816900283098,5,84,122,0,,
2026-05-16T00:32:13.118280,clean,persist,{'bins': 6},76,3,4,ok,228,304,0.4873558394610882,5.118870122358203,5.61549926456064,5,29,52,0,,
2026-05-16T00:32:19.650379,clean,persist,{'bins': 6},76,4,4,ok,304,380,0.48661472741514444,5.9794838866218925,6.47554999217391,5,32,59,0,,
2026-05-16T00:32:26.993876,clean,persist,{'bins': 6},77,0,4,ok,0,77,0.49812158569693565,6.695035741664469,7.251931125298142,5,51,81,0,,
2026-05-16T00:32:32.833061,clean,persist,{'bins': 6},77,1,4,ok,77,154,0.48392932675778866,5.296364031732082,5.789726242423058,5,43,71,0,,
2026-05-16T00:32:40.815954,clean,persist,{'bins': 6},77,2,4,ok,154,231,0.48749089427292347,7.422311035916209,7.919415111653507,5,64,96,0,,
2026-05-16T00:32:45.360698,clean,persist,{'bins': 6},77,3,4,ok,231,308,0.48422964941710234,4.013788445852697,4.507478010840714,5,35,59,0,,
2026-05-16T00:32:50.978592,clean,persist,{'bins': 6},77,4,4,ok,308,385,0.4836564641445875,5.063823948614299,5.557154269888997,5,16,27,0,,
2026-05-16T00:32:57.072458,clean,persist,{'bins': 6},78,0,4,ok,0,78,0.49089209269732237,5.505375021137297,6.005854737944901,5,33,54,0,,
2026-05-16T00:33:04.469673,clean,persist,{'bins': 6},78,1,4,ok,78,156,0.4783594682812691,6.84992684610188,7.3382359482347965,5,5,14,0,,
2026-05-16T00:33:09.673203,clean,persist,{'bins': 6},78,2,4,ok,156,234,0.4918719632551074,4.659000243060291,5.1605031518265605,5,59,90,0,,
2026-05-16T00:33:22.762827,clean,persist,{'bins': 6},78,3,4,ok,234,312,0.4977299738675356,12.530341795645654,13.037586868740618,5,58,95,0,,
2026-05-16T00:33:26.107259,clean,persist,{'bins': 6},78,4,4,ok,312,390,0.4773394148796797,2.8152821734547615,3.302055925130844,5,39,59,0,,
2026-05-16T00:33:33.535678,clean,persist,{'bins': 6},79,0,4,ok,0,79,0.5025826580822468,6.817507623694837,7.329986374825239,5,72,110,0,,
2026-05-16T00:33:41.445020,clean,persist,{'bins': 6},79,1,4,ok,79,158,0.49600376561284065,7.353357590734959,7.859115172177553,5,40,71,0,,
2026-05-16T00:33:52.864474,clean,persist,{'bins': 6},79,2,4,ok,158,237,0.49551842361688614,10.859987055882812,11.365436599589884,5,92,146,0,,
2026-05-16T00:33:56.786343,clean,persist,{'bins': 6},79,3,4,ok,237,316,0.4830594575032592,3.382698996923864,3.8755006985738873,5,32,49,0,,
2026-05-16T00:34:00.147569,clean,persist,{'bins': 6},79,4,4,ok,316,395,0.4944603079929948,2.8193980772048235,3.3234012750908732,5,17,29,0,,
2026-05-16T00:34:07.414662,clean,persist,{'bins': 6},80,0,4,ok,0,80,0.5085060130804777,6.647862014360726,7.16633546538651,5,57,90,0,,
2026-05-16T00:34:14.860747,clean,persist,{'bins': 6},80,1,4,ok,80,160,0.49526544846594334,6.884583028964698,7.3899200819432735,5,32,52,0,,
2026-05-16T00:34:23.203026,clean,persist,{'bins': 6},80,2,4,ok,160,240,0.48785744048655033,7.794174775481224,8.2923517934978,5,81,122,0,,
2026-05-16T00:34:31.408552,clean,persist,{'bins': 6},80,3,4,ok,240,320,0.5004183864220977,7.6479402258992195,8.15832488797605,5,84,131,0,,
2026-05-16T00:34:34.447814,clean,persist,{'bins': 6},80,4,4,ok,320,400,0.4943085350096226,2.4805859765037894,2.9844675473868847,5,3,9,0,,
2026-05-16T00:34:43.874587,clean,persist,{'bins': 6},81,0,4,ok,0,81,0.516881694085896,8.806461815722287,9.333753258921206,5,70,111,0,,
2026-05-16T00:34:50.130821,clean,persist,{'bins': 6},81,1,4,ok,81,162,0.49715513084083796,5.696166042238474,6.203558106906712,5,32,52,0,,
2026-05-16T00:34:59.061302,clean,persist,{'bins': 6},81,2,4,ok,162,243,0.505640747025609,8.331909636035562,8.847978886216879,5,44,68,0,,
2026-05-16T00:35:05.405721,clean,persist,{'bins': 6},81,3,4,ok,243,324,0.4904329087585211,5.798573470674455,6.298903506249189,5,83,123,0,,
2026-05-16T00:35:08.351996,clean,persist,{'bins': 6},81,4,4,ok,324,405,0.4965745322406292,2.3921831091865897,2.8984832437708974,5,27,39,0,,
2026-05-16T00:35:14.875937,clean,persist,{'bins': 6},82,0,4,ok,0,82,0.5092173339799047,5.908960150554776,6.428408777341247,5,62,97,0,,
2026-05-16T00:35:22.124700,clean,persist,{'bins': 6},82,1,4,ok,82,164,0.514270594343543,6.663650817237794,7.188271377235651,5,43,71,0,,
2026-05-16T00:35:29.711035,clean,persist,{'bins': 6},82,2,4,ok,164,246,0.5059187998995185,7.010307691060007,7.5264368038624525,5,66,98,0,,
2026-05-16T00:35:46.301783,clean,persist,{'bins': 6},82,3,4,ok,246,328,0.5033908151090145,16.005432900041342,16.519161176867783,5,55,90,0,,
2026-05-16T00:35:48.671426,clean,persist,{'bins': 6},82,4,4,ok,328,410,0.5068670315667987,1.815047631971538,2.331762045621872,5,38,59,0,,
2026-05-16T00:35:55.280120,clean,persist,{'bins': 6},83,0,4,ok,0,83,0.5068892259150743,5.994324484840035,6.5115500297397375,5,62,97,0,,
2026-05-16T00:36:04.573751,clean,persist,{'bins': 6},83,1,4,ok,83,166,0.5133767975494266,8.714105311781168,9.238249990157783,5,75,114,0,,
2026-05-16T00:36:16.421850,clean,persist,{'bins': 6},83,2,4,ok,166,249,0.5265900921076536,11.24956897366792,11.786423030309379,5,30,53,0,,
2026-05-16T00:36:27.356318,clean,persist,{'bins': 6},83,3,4,ok,249,332,0.5583085361868143,10.30236788187176,10.871473853476346,5,31,61,0,,
2026-05-16T00:36:33.705475,clean,persist,{'bins': 6},83,4,4,ok,332,415,0.5166825475171208,5.768884914927185,6.295852166600525,5,36,59,0,,
2026-05-16T00:36:48.193890,clean,persist,{'bins': 6},84,0,4,ok,0,84,0.5823309775441885,13.772667679004371,14.366081888787448,5,34,61,0,,
2026-05-16T00:36:55.706479,clean,persist,{'bins': 6},84,1,4,ok,84,168,0.5562180513516068,6.891145243309438,7.4578560292720795,5,72,109,0,,
2026-05-16T00:37:06.532179,clean,persist,{'bins': 6},84,2,4,ok,168,252,0.5888012098148465,10.174730515107512,10.77395956683904,5,85,138,0,,
2026-05-16T00:37:15.882762,clean,persist,{'bins': 6},84,3,4,ok,252,336,0.5559880612418056,8.735824146308005,9.302246622741222,5,27,48,0,,
2026-05-16T00:37:23.134596,clean,persist,{'bins': 6},84,4,4,ok,336,420,0.5780138447880745,6.616553145460784,7.204873523674905,5,73,118,0,,
2026-05-16T00:37:33.173104,clean,persist,{'bins': 6},85,0,4,ok,0,85,0.5943389115855098,9.329835792072117,9.934654974378645,5,34,61,0,,
2026-05-16T00:37:42.256038,clean,persist,{'bins': 6},85,1,4,ok,85,170,0.5707933260127902,8.395502770319581,9.026142992079258,5,73,115,0,,
2026-05-16T00:37:49.204199,clean,persist,{'bins': 6},85,2,4,ok,170,255,0.5946846315637231,6.280437889508903,6.885721104219556,5,45,72,0,,
2026-05-16T00:37:56.088621,clean,persist,{'bins': 6},85,3,4,ok,255,340,0.5665277373045683,6.246986346319318,6.824075747281313,5,33,55,0,,
2026-05-16T00:38:02.391387,clean,persist,{'bins': 6},85,4,4,ok,340,425,0.5807848917320371,5.660830695182085,6.2522253803908825,5,62,101,0,,
2026-05-16T00:38:12.804850,clean,persist,{'bins': 6},86,0,4,ok,0,86,0.6008126307278872,9.696136740967631,10.307516946457326,5,62,97,0,,
2026-05-16T00:38:21.260270,clean,persist,{'bins': 6},86,1,4,ok,86,172,0.5850310958921909,7.737488369457424,8.382688947953284,5,2,7,0,,
2026-05-16T00:38:30.826350,clean,persist,{'bins': 6},86,2,4,ok,172,258,0.5908731669187546,8.909163511358202,9.510633066296577,5,73,120,0,,
2026-05-16T00:38:41.588440,clean,persist,{'bins': 6},86,3,4,ok,258,344,0.575305113568902,10.106992188841105,10.692885154858232,5,17,30,0,,
2026-05-16T00:38:45.850025,clean,persist,{'bins': 6},86,4,4,ok,344,430,0.5747358137741685,3.6343246567994356,4.2193542923778296,5,51,81,0,,
2026-05-16T00:38:56.461081,clean,persist,{'bins': 6},87,0,4,ok,0,87,0.6068519046530128,9.885161591693759,10.50267691258341,5,62,97,0,,
2026-05-16T00:39:08.595265,clean,persist,{'bins': 6},87,1,4,ok,87,174,0.5995521880686283,11.46420175395906,12.074548712931573,5,114,179,0,,
2026-05-16T00:39:17.209467,clean,persist,{'bins': 6},87,2,4,ok,174,261,0.5997673431411386,7.9484457690268755,8.55894817225635,5,64,102,0,,
2026-05-16T00:39:29.958331,clean,persist,{'bins': 6},87,3,4,ok,261,348,0.5921139009296894,12.059636851772666,12.662935777567327,5,48,81,0,,
2026-05-16T00:39:40.182286,clean,persist,{'bins': 6},87,4,4,ok,348,435,0.5718257836997509,9.582075828686357,10.164552053436637,5,95,144,0,,
2026-05-16T00:39:48.121073,clean,persist,{'bins': 6},88,0,4,ok,0,88,0.585690239444375,7.238895974121988,7.835507121868432,5,44,68,0,,
2026-05-16T00:39:56.742969,clean,persist,{'bins': 6},88,1,4,ok,88,176,0.5879581589251757,7.968623700551689,8.567398922517896,5,70,107,0,,
2026-05-16T00:40:08.922872,clean,persist,{'bins': 6},88,2,4,ok,176,264,0.5841752057895064,11.507438000291586,12.102671723812819,5,51,84,0,,
2026-05-16T00:40:17.663725,clean,persist,{'bins': 6},88,3,4,ok,264,352,0.6029576091095805,8.052996593527496,8.666895629838109,5,49,74,0,,
2026-05-16T00:40:25.313286,clean,persist,{'bins': 6},88,4,4,ok,352,440,0.5815269947052002,6.988400978036225,7.581115721724927,5,12,27,0,,
2026-05-16T00:40:33.942974,clean,persist,{'bins': 6},89,0,4,ok,0,89,0.6074186665937304,7.908621926791966,8.52711776457727,5,70,106,0,,
2026-05-16T00:40:41.777169,clean,persist,{'bins': 6},89,1,4,ok,89,178,0.5828699981793761,7.18821314163506,7.781961447559297,5,79,127,0,,
2026-05-16T00:40:52.260045,clean,persist,{'bins': 6},89,2,4,ok,178,267,0.5998152941465378,9.800626935437322,10.411482259631157,5,7,16,0,,
2026-05-16T00:41:02.231664,clean,persist,{'bins': 6},89,3,4,ok,267,356,0.5966046173125505,9.282998515293002,9.891112052835524,5,41,67,0,,
2026-05-16T00:41:15.275632,clean,persist,{'bins': 6},89,4,4,ok,356,445,0.5990975191816688,12.356992670334876,12.96743933018297,5,79,125,0,,
2026-05-16T00:41:21.668869,clean,persist,{'bins': 6},90,0,4,ok,0,90,0.607748313806951,5.679495203308761,6.298455528914928,5,81,115,0,,
2026-05-16T00:41:30.255057,clean,persist,{'bins': 6},90,1,4,ok,90,180,0.599445004016161,7.911361526697874,8.521917884238064,5,72,114,0,,
2026-05-16T00:41:40.851627,clean,persist,{'bins': 6},90,2,4,ok,180,270,0.5897803883999586,9.911515081301332,10.513019012287259,5,3,9,0,,
2026-05-16T00:41:50.251233,clean,persist,{'bins': 6},90,3,4,ok,270,360,0.6078597754240036,8.713912202976644,9.332847985439003,5,100,147,0,,
2026-05-16T00:42:03.538045,clean,persist,{'bins': 6},90,4,4,ok,360,450,0.5942686973139644,12.609107034280896,13.214563458226621,5,45,79,0,,
2026-05-16T00:42:15.131792,clean,persist,{'bins': 6},91,0,4,ok,0,91,0.6228007720783353,10.855080944485962,11.489286981523037,5,82,131,0,,
2026-05-16T00:42:24.512840,clean,persist,{'bins': 6},91,1,4,ok,91,182,0.604747305624187,8.704053455032408,9.320070710964501,5,90,139,0,,
2026-05-16T00:42:30.660108,clean,persist,{'bins': 6},91,2,4,ok,182,273,0.5973421921953559,5.478664207272232,6.087633651681244,5,43,70,0,,
2026-05-16T00:42:36.824786,clean,persist,{'bins': 6},91,3,4,ok,273,364,0.6022635530680418,5.495818423107266,6.109458577819169,5,56,85,0,,
2026-05-16T00:42:46.277649,clean,persist,{'bins': 6},91,4,4,ok,364,455,0.5888778306543827,8.79538487829268,9.395435407757759,5,64,108,0,,
2026-05-16T00:42:57.363835,clean,persist,{'bins': 6},92,0,4,ok,0,92,0.6110637979581952,10.35810071695596,10.980658616870642,5,86,139,0,,
2026-05-16T00:43:05.513263,clean,persist,{'bins': 6},92,1,4,ok,92,184,0.6027169367298484,7.464028030633926,8.078075683675706,5,2,8,0,,
2026-05-16T00:43:14.071387,clean,persist,{'bins': 6},92,2,4,ok,184,276,0.6211022604256868,7.8534931829199195,8.485969249159098,5,40,67,0,,
2026-05-16T00:43:24.447283,clean,persist,{'bins': 6},92,3,4,ok,276,368,0.6147046275436878,9.618578791618347,10.294629517011344,5,35,62,0,,
2026-05-16T00:43:35.235850,clean,persist,{'bins': 6},92,4,4,ok,368,460,0.6002578530460596,10.120415356941521,10.731995650567114,5,60,105,0,,
2026-05-16T00:43:41.986552,clean,persist,{'bins': 6},93,0,4,ok,0,93,0.6039802432060242,6.030715491622686,6.646126047708094,5,4,11,0,,
2026-05-16T00:43:51.673357,clean,persist,{'bins': 6},93,1,4,ok,93,186,0.5994823779910803,8.985551139339805,9.596913324669003,5,34,54,0,,
2026-05-16T00:43:56.089496,clean,persist,{'bins': 6},93,2,4,ok,186,279,0.5983619159087539,3.7453771913424134,4.355139583349228,5,28,41,0,,
2026-05-16T00:44:02.905824,clean,persist,{'bins': 6},93,3,4,ok,279,372,0.6608981601893902,6.078606178052723,6.752012294717133,5,67,99,0,,
2026-05-16T00:44:13.496041,clean,persist,{'bins': 6},93,4,4,ok,372,465,0.6025634258985519,9.911328304558992,10.525304719805717,5,39,66,0,,
2026-05-16T00:44:26.278165,clean,persist,{'bins': 6},94,0,4,ok,0,94,0.6121867569163442,12.04171340726316,12.665796261280775,5,89,141,0,,
2026-05-16T00:44:33.557069,clean,persist,{'bins': 6},94,1,4,ok,94,188,0.6036833301186562,6.583879487589002,7.198909021914005,5,2,8,0,,
2026-05-16T00:44:47.855582,clean,persist,{'bins': 6},94,2,4,ok,188,282,0.629954420030117,13.593351570889354,14.235032038763165,5,77,117,0,,
2026-05-16T00:44:57.876018,clean,persist,{'bins': 6},94,3,4,ok,282,376,0.696121122688055,9.240321743302047,9.948549028486013,5,57,92,0,,
2026-05-16T00:45:17.525061,clean,persist,{'bins': 6},94,4,4,ok,376,470,0.6116655915975571,18.950512954965234,19.57397728227079,5,62,97,0,,
2026-05-16T00:45:30.374424,clean,persist,{'bins': 6},95,0,4,ok,0,95,0.6444314196705818,12.079913796857,12.736100378446281,5,62,103,0,,
2026-05-16T00:45:40.624424,clean,persist,{'bins': 6},95,1,4,ok,95,190,0.6351941060274839,9.517361938022077,10.164509098045528,5,65,96,0,,
2026-05-16T00:45:49.116603,clean,persist,{'bins': 6},95,2,4,ok,190,285,0.6163035854697227,7.814033626578748,8.441891266964376,5,39,68,0,,
2026-05-16T00:45:58.500661,clean,persist,{'bins': 6},95,3,4,ok,285,380,0.6343574970960617,8.664721229113638,9.310844057239592,5,55,91,0,,
2026-05-16T00:46:18.156654,clean,persist,{'bins': 6},95,4,4,ok,380,475,0.6754844421520829,18.893022637814283,19.58087789732963,5,118,178,0,,
2026-05-16T00:46:26.988299,clean,persist,{'bins': 6},96,0,4,ok,0,96,0.6305706081911922,8.086466134525836,8.728829716332257,5,68,101,0,,
2026-05-16T00:46:39.581680,clean,persist,{'bins': 6},96,1,4,ok,96,192,0.6400366937741637,11.876101094298065,12.528107694350183,5,106,160,0,,
2026-05-16T00:46:47.080999,clean,persist,{'bins': 6},96,2,4,ok,192,288,0.6388637823984027,6.780598856508732,7.431483871303499,5,42,71,0,,
2026-05-16T00:46:49.671866,clean,persist,{'bins': 6},96,3,4,ok,288,384,0.6156967729330063,1.9080325923860073,2.5360215855762362,5,23,34,0,,
2026-05-16T00:46:56.615131,clean,persist,{'bins': 6},96,4,4,ok,384,480,0.6765686133876443,6.199023544788361,6.887721753679216,5,45,76,0,,
2026-05-16T00:47:08.919458,clean,persist,{'bins': 6},97,0,4,ok,0,97,0.6551476316526532,11.525228761136532,12.192535505630076,5,85,136,0,,
2026-05-16T00:47:18.514997,clean,persist,{'bins': 6},97,1,4,ok,97,194,0.6425078492611647,8.862581339664757,9.517087777145207,5,14,29,0,,
2026-05-16T00:47:29.196134,clean,persist,{'bins': 6},97,2,4,ok,194,291,0.6461585154756904,9.94650665204972,10.604784584604204,5,50,82,0,,
2026-05-16T00:47:37.793993,clean,persist,{'bins': 6},97,3,4,ok,291,388,0.6821771692484617,7.84102604072541,8.536088103428483,5,77,121,0,,
2026-05-16T00:47:50.415003,clean,persist,{'bins': 6},97,4,4,ok,388,485,0.6160799777135253,11.934971413575113,12.563167952932417,5,64,108,0,,
2026-05-16T00:48:03.481387,clean,persist,{'bins': 6},98,0,4,ok,0,98,0.6608399860560894,12.275534543208778,12.948631103150547,5,62,103,0,,
2026-05-16T00:48:13.490663,clean,persist,{'bins': 6},98,1,4,ok,98,196,0.6902981214225292,9.226546744816005,9.929654479026794,5,13,25,0,,
2026-05-16T00:48:21.923901,clean,persist,{'bins': 6},98,2,4,ok,196,294,0.699256394058466,7.624822384677827,8.336353868246078,5,64,98,0,,
2026-05-16T00:48:29.723072,clean,persist,{'bins': 6},98,3,4,ok,294,392,0.6199378557503223,7.083800030872226,7.716108866035938,5,42,70,0,,
2026-05-16T00:48:42.153369,clean,persist,{'bins': 6},98,4,4,ok,392,490,0.6520305788144469,11.683654187247157,12.347881658002734,5,103,154,0,,
2026-05-16T00:48:49.434962,clean,persist,{'bins': 6},99,0,4,ok,0,99,0.7536061201244593,6.4165802001953125,7.182760662399232,5,89,130,0,,
2026-05-16T00:49:01.015915,clean,persist,{'bins': 6},99,1,4,ok,99,198,0.7032542042434216,10.765691502019763,11.482073646970093,5,50,76,0,,
2026-05-16T00:49:15.991448,clean,persist,{'bins': 6},99,2,4,ok,198,297,0.7088650017976761,14.183849507942796,14.904956877231598,5,88,139,0,,
2026-05-16T00:49:25.865586,clean,persist,{'bins': 6},99,3,4,ok,297,396,0.7097122352570295,9.076193167828023,9.798291560262442,5,50,81,0,,
2026-05-16T00:49:54.846595,clean,persist,{'bins': 6},99,4,4,ok,396,495,0.7096010157838464,28.17872824240476,28.900866840034723,5,92,148,0,,
2026-05-16T00:50:08.477531,clean,persist,{'bins': 6},100,0,4,ok,0,100,0.7853750335052609,12.714478922076523,13.51354678813368,5,64,106,0,,
2026-05-16T00:50:20.527512,clean,persist,{'bins': 6},100,1,4,ok,100,200,0.7015058109536767,11.257369242608547,11.971167034469545,5,81,125,0,,
2026-05-16T00:50:28.821480,clean,persist,{'bins': 6},100,2,4,ok,200,300,0.6926954593509436,7.536777760833502,8.241670913994312,5,70,108,0,,
2026-05-16T00:50:37.771796,clean,persist,{'bins': 6},100,3,4,ok,300,400,0.7150744013488293,8.150657494552433,8.878005483187735,5,61,98,0,,
2026-05-16T00:50:54.654092,clean,persist,{'bins': 6},100,4,4,ok,400,500,0.7266106251627207,16.05256092362106,16.791465734131634,5,50,82,0,,
2026-05-16T00:50:54.835748,noisy,naive,{'bins': 5},1,0,4,ok,0,1,0.0004885867238044739,0.030209515243768692,0.03104595560580492,5,12,17,0,,
2026-05-16T00:50:54.970632,noisy,naive,{'bins': 5},1,1,4,ok,1,2,0.0003376835957169533,0.13099972624331713,0.13162282574921846,5,53,64,0,,
2026-05-16T00:50:55.029736,noisy,naive,{'bins': 5},1,2,4,ok,2,3,0.00030756834894418716,0.05613535828888416,0.0567107992246747,5,23,31,0,,
2026-05-16T00:50:55.055485,noisy,naive,{'bins': 5},1,3,4,ok,3,4,0.00030806753784418106,0.02359809074550867,0.02414898481220007,5,12,16,0,,
2026-05-16T00:50:55.089115,noisy,naive,{'bins': 5},1,4,4,ok,4,5,0.00030729640275239944,0.031390152871608734,0.03194366209208965,5,14,19,0,,
2026-05-16T00:50:55.254304,noisy,naive,{'bins': 5},2,0,4,ok,0,2,0.0006409324705600739,0.10466521512717009,0.10580169875174761,5,9,14,0,,
2026-05-16T00:50:55.304594,noisy,naive,{'bins': 5},2,1,4,ok,2,4,0.0005480591207742691,0.047009361907839775,0.047928087413311005,5,14,19,0,,
2026-05-16T00:50:55.437727,noisy,naive,{'bins': 5},2,2,4,ok,4,6,0.0005312478169798851,0.12864631600677967,0.12957900762557983,5,28,38,0,,
2026-05-16T00:50:55.445883,noisy,naive,{'bins': 5},2,3,4,ok,6,8,0.0005435207858681679,0.005673304200172424,0.006528078578412533,5,5,6,0,,
2026-05-16T00:50:55.483906,noisy,naive,{'bins': 5},2,4,4,ok,8,10,0.0005284817889332771,0.03492723498493433,0.035793972201645374,5,18,22,0,,
2026-05-16T00:50:55.603919,noisy,naive,{'bins': 5},3,0,4,ok,0,3,0.0008706850931048393,0.058835919946432114,0.06026165746152401,5,11,17,0,,
2026-05-16T00:50:55.749620,noisy,naive,{'bins': 5},3,1,4,ok,3,6,0.0007497072219848633,0.14068804774433374,0.14195730071514845,5,20,29,0,,
2026-05-16T00:50:55.771423,noisy,naive,{'bins': 5},3,2,4,ok,6,9,0.0007579931989312172,0.01886649616062641,0.020049297250807285,5,7,11,0,,
2026-05-16T00:50:55.832428,noisy,naive,{'bins': 5},3,3,4,ok,9,12,0.0007467931136488914,0.05736260302364826,0.058568527922034264,5,16,23,0,,
2026-05-16T00:50:55.915350,noisy,naive,{'bins': 5},3,4,4,ok,12,15,0.000751991756260395,0.07821679208427668,0.07944837398827076,5,21,27,0,,
2026-05-16T00:50:56.093169,noisy,naive,{'bins': 5},4,0,4,ok,0,4,0.0010783849284052849,0.1164851700887084,0.11824190896004438,5,15,25,0,,
2026-05-16T00:50:56.122221,noisy,naive,{'bins': 5},4,1,4,ok,4,8,0.0009613446891307831,0.02522679977118969,0.026743797585368156,5,7,9,0,,
2026-05-16T00:50:56.222353,noisy,naive,{'bins': 5},4,2,4,ok,8,12,0.000957908108830452,0.09579399693757296,0.09732173569500446,5,13,21,0,,
2026-05-16T00:50:56.347390,noisy,naive,{'bins': 5},4,3,4,ok,12,16,0.0009736688807606697,0.1198826814070344,0.12144883163273335,5,21,27,0,,
2026-05-16T00:50:56.407868,noisy,naive,{'bins': 5},4,4,4,ok,16,20,0.0009629679843783379,0.05615728907287121,0.05768060963600874,5,5,7,0,,
2026-05-16T00:50:56.638875,noisy,naive,{'bins': 5},5,0,4,ok,0,5,0.001298016868531704,0.16651289071887732,0.16872984264045954,5,9,17,0,,
2026-05-16T00:50:56.684840,noisy,naive,{'bins': 5},5,1,4,ok,5,10,0.0011711791157722473,0.04133945517241955,0.043279148638248444,5,11,15,0,,
2026-05-16T00:50:56.776147,noisy,naive,{'bins': 5},5,2,4,ok,10,15,0.0011453796178102493,0.08691848255693913,0.08882615435868502,5,12,19,0,,
2026-05-16T00:50:56.919862,noisy,naive,{'bins': 5},5,3,4,ok,15,20,0.0011572027578949928,0.1382953254505992,0.14024421479552984,5,11,15,0,,
2026-05-16T00:50:57.010621,noisy,naive,{'bins': 5},5,4,4,ok,20,25,0.0013461578637361526,0.08534350525587797,0.08754090033471584,5,12,18,0,,
2026-05-16T00:50:57.303835,noisy,naive,{'bins': 5},6,0,4,ok,0,6,0.0015008775517344475,0.22957523446530104,0.2321131406351924,5,20,31,0,,
2026-05-16T00:50:57.368807,noisy,naive,{'bins': 5},6,1,4,ok,6,12,0.001369532197713852,0.05964294448494911,0.0618982994928956,5,10,14,0,,
2026-05-16T00:50:57.538842,noisy,naive,{'bins': 5},6,2,4,ok,12,18,0.0013347268104553223,0.16367375943809748,0.1659371294081211,5,12,18,0,,
2026-05-16T00:50:57.659586,noisy,naive,{'bins': 5},6,3,4,ok,18,24,0.0013695526868104935,0.11404924746602774,0.11633115261793137,5,21,29,0,,
2026-05-16T00:50:57.784811,noisy,naive,{'bins': 5},6,4,4,ok,24,30,0.001384630799293518,0.11917760595679283,0.12147721461951733,5,14,22,0,,
2026-05-16T00:50:58.155082,noisy,naive,{'bins': 5},7,0,4,ok,0,7,0.0017321612685918808,0.30361241940408945,0.30657209642231464,5,7,14,0,,
2026-05-16T00:50:58.285197,noisy,naive,{'bins': 5},7,1,4,ok,7,14,0.0015911580994725227,0.12332100514322519,0.12594743724912405,5,18,26,0,,
2026-05-16T00:50:58.461959,noisy,naive,{'bins': 5},7,2,4,ok,14,21,0.001586618833243847,0.16914237942546606,0.17187096178531647,5,20,25,0,,
2026-05-16T00:50:58.652240,noisy,naive,{'bins': 5},7,3,4,ok,21,28,0.0015844153240323067,0.18316952884197235,0.18582543544471264,5,15,23,0,,
2026-05-16T00:50:58.784093,noisy,naive,{'bins': 5},7,4,4,ok,28,35,0.0016216449439525604,0.12525953724980354,0.12793049216270447,5,16,22,0,,
2026-05-16T00:50:58.965952,noisy,naive,{'bins': 5},8,0,4,ok,0,8,0.0019768718630075455,0.11758378241211176,0.12082692235708237,5,11,16,0,,
2026-05-16T00:50:59.183000,noisy,naive,{'bins': 5},8,1,4,ok,8,16,0.0018004709854722023,0.2094031684100628,0.2123675039038062,5,24,37,0,,
2026-05-16T00:50:59.416272,noisy,naive,{'bins': 5},8,2,4,ok,16,24,0.0017840806394815445,0.2252473896369338,0.22823391761630774,5,13,22,0,,
2026-05-16T00:50:59.527644,noisy,naive,{'bins': 5},8,3,4,ok,24,32,0.001813504844903946,0.10481094941496849,0.10778274852782488,5,9,15,0,,
2026-05-16T00:50:59.727325,noisy,naive,{'bins': 5},8,4,4,ok,32,40,0.0018186550587415695,0.1918486636132002,0.1949539352208376,5,22,32,0,,
2026-05-16T00:50:59.962636,noisy,naive,{'bins': 5},9,0,4,ok,0,9,0.002153262495994568,0.16993465460836887,0.1736594783142209,5,15,22,0,,
2026-05-16T00:51:00.249621,noisy,naive,{'bins': 5},9,1,4,ok,9,18,0.0020532244816422462,0.2775960173457861,0.2811351725831628,5,14,24,0,,
2026-05-16T00:51:00.458319,noisy,naive,{'bins': 5},9,2,4,ok,18,27,0.0020437566563487053,0.20010031946003437,0.20349101535975933,5,12,20,0,,
2026-05-16T00:51:00.728564,noisy,naive,{'bins': 5},9,3,4,ok,27,36,0.00205883476883173,0.2619603769853711,0.2653406038880348,5,11,17,0,,
2026-05-16T00:51:01.002832,noisy,naive,{'bins': 5},9,4,4,ok,36,45,0.0021933577954769135,0.26537947729229927,0.26892591640353203,5,21,32,0,,
2026-05-16T00:51:01.272516,noisy,naive,{'bins': 5},10,0,4,ok,0,10,0.0025132596492767334,0.2026137989014387,0.206513742916286,5,11,17,0,,
2026-05-16T00:51:01.569316,noisy,naive,{'bins': 5},10,1,4,ok,10,20,0.0023263776674866676,0.2865521050989628,0.2902304222807288,5,13,21,0,,
2026-05-16T00:51:01.797341,noisy,naive,{'bins': 5},10,2,4,ok,20,30,0.002396400086581707,0.2190533373504877,0.22275816462934017,5,15,22,0,,
2026-05-16T00:51:02.094606,noisy,naive,{'bins': 5},10,3,4,ok,30,40,0.0023484500125050545,0.28766564559191465,0.29136679600924253,5,17,26,0,,
2026-05-16T00:51:02.339811,noisy,naive,{'bins': 5},10,4,4,ok,40,50,0.0024405112490057945,0.23587865196168423,0.23970700055360794,5,22,30,0,,
2026-05-16T00:51:02.630316,noisy,naive,{'bins': 5},11,0,4,ok,0,11,0.0028058383613824844,0.22102302685379982,0.22538739256560802,5,11,17,0,,
2026-05-16T00:51:03.020399,noisy,naive,{'bins': 5},11,1,4,ok,11,22,0.0025778599083423615,0.378275228664279,0.3823867291212082,5,17,27,0,,
2026-05-16T00:51:03.145517,noisy,naive,{'bins': 5},11,2,4,ok,22,33,0.0025902539491653442,0.11614302825182676,0.12015003245323896,5,9,15,0,,
2026-05-16T00:51:03.541814,noisy,naive,{'bins': 5},11,3,4,ok,33,44,0.0025921277701854706,0.3857144685462117,0.389775974676013,5,21,35,0,,
2026-05-16T00:51:03.803028,noisy,naive,{'bins': 5},11,4,4,ok,44,55,0.00266307033598423,0.25073990877717733,0.2548874067142606,5,24,33,0,,
2026-05-16T00:51:04.179971,noisy,naive,{'bins': 5},12,0,4,ok,0,12,0.0029678232967853546,0.3082958636805415,0.3130344320088625,5,7,12,0,,
2026-05-16T00:51:04.566120,noisy,naive,{'bins': 5},12,1,4,ok,12,24,0.0029355715960264206,0.3733045654371381,0.37788161914795637,5,11,19,0,,
2026-05-16T00:51:04.739953,noisy,naive,{'bins': 5},12,2,4,ok,24,36,0.002873305231332779,0.16415109671652317,0.16855954471975565,5,9,15,0,,
2026-05-16T00:51:05.230940,noisy,naive,{'bins': 5},12,3,4,ok,36,48,0.002781953662633896,0.48004194162786007,0.4843740463256836,5,17,28,0,,
2026-05-16T00:51:05.478526,noisy,naive,{'bins': 5},12,4,4,ok,48,60,0.0028391508385539055,0.23602508939802647,0.24052469711750746,5,9,16,0,,
2026-05-16T00:51:05.815367,noisy,naive,{'bins': 5},13,0,4,ok,0,13,0.0031691910699009895,0.26754292007535696,0.2726124795153737,5,11,17,0,,
2026-05-16T00:51:06.209978,noisy,naive,{'bins': 5},13,1,4,ok,13,26,0.003016815520823002,0.38199378084391356,0.3867539297789335,5,16,25,0,,
2026-05-16T00:51:06.615757,noisy,naive,{'bins': 5},13,2,4,ok,26,39,0.0030268747359514236,0.39375341311097145,0.3984806099906564,5,8,16,0,,
2026-05-16T00:51:06.932546,noisy,naive,{'bins': 5},13,3,4,ok,39,52,0.0030632615089416504,0.30513596069067717,0.3098917808383703,5,17,25,0,,
2026-05-16T00:51:07.248787,noisy,naive,{'bins': 5},13,4,4,ok,52,65,0.00310444924980402,0.3044850593432784,0.30926595628261566,5,17,26,0,,
2026-05-16T00:51:07.752364,noisy,naive,{'bins': 5},14,0,4,ok,0,14,0.0033653192222118378,0.43312380090355873,0.4384229211136699,5,15,24,0,,
2026-05-16T00:51:08.121854,noisy,naive,{'bins': 5},14,1,4,ok,14,28,0.0033781733363866806,0.3555692918598652,0.3607976194471121,5,16,25,0,,
2026-05-16T00:51:08.555299,noisy,naive,{'bins': 5},14,2,4,ok,28,42,0.0033255452290177345,0.42056693229824305,0.42573788203299046,5,16,25,0,,
2026-05-16T00:51:08.913466,noisy,naive,{'bins': 5},14,3,4,ok,42,56,0.003261573612689972,0.34323566313833,0.3483283855021,5,14,20,0,,
2026-05-16T00:51:09.296234,noisy,naive,{'bins': 5},14,4,4,ok,56,70,0.0033284900709986687,0.3698892630636692,0.3750355364754796,5,8,14,0,,
2026-05-16T00:51:09.790696,noisy,naive,{'bins': 5},15,0,4,ok,0,15,0.0036184238269925117,0.42297621723264456,0.42865104228258133,5,11,19,0,,
2026-05-16T00:51:10.285184,noisy,naive,{'bins': 5},15,1,4,ok,15,30,0.003489270806312561,0.4795085098594427,0.4850531108677387,5,19,29,0,,
2026-05-16T00:51:10.719688,noisy,naive,{'bins': 5},15,2,4,ok,30,45,0.003549744375050068,0.4202849017456174,0.42583945114165545,5,12,19,0,,
2026-05-16T00:51:11.155432,noisy,naive,{'bins': 5},15,3,4,ok,45,60,0.003521944396197796,0.42020633444190025,0.4257244570180774,5,16,23,0,,
2026-05-16T00:51:11.654973,noisy,naive,{'bins': 5},15,4,4,ok,60,75,0.0036721155047416687,0.48451888747513294,0.49024200439453125,5,16,23,0,,
2026-05-16T00:51:12.153960,noisy,naive,{'bins': 5},16,0,4,ok,0,16,0.003836303949356079,0.426836765371263,0.4328292179852724,5,11,19,0,,
2026-05-16T00:51:12.484562,noisy,naive,{'bins': 5},16,1,4,ok,16,32,0.003714204765856266,0.3165266513824463,0.32236576545983553,5,14,20,0,,
2026-05-16T00:51:13.148915,noisy,naive,{'bins': 5},16,2,4,ok,32,48,0.003682154230773449,0.6487333429977298,0.6545720668509603,5,8,15,0,,
2026-05-16T00:51:13.503279,noisy,naive,{'bins': 5},16,3,4,ok,48,64,0.0037047257646918297,0.31813634280115366,0.32395467814058065,5,14,22,0,,
2026-05-16T00:51:14.022408,noisy,naive,{'bins': 5},16,4,4,ok,64,80,0.003752525895833969,0.5032592080533504,0.5092017073184252,5,13,20,0,,
2026-05-16T00:51:14.474484,noisy,naive,{'bins': 5},17,0,4,ok,0,17,0.004076394252479076,0.3795268479734659,0.3858863105997443,5,10,17,0,,
2026-05-16T00:51:14.783842,noisy,naive,{'bins': 5},17,1,4,ok,17,34,0.0039838096126914024,0.29446403216570616,0.30064712185412645,5,18,25,0,,
2026-05-16T00:51:15.366021,noisy,naive,{'bins': 5},17,2,4,ok,34,51,0.003921393305063248,0.5661876844242215,0.5723798517137766,5,17,26,0,,
2026-05-16T00:51:15.801529,noisy,naive,{'bins': 5},17,3,4,ok,51,68,0.0039954520761966705,0.4193268232047558,0.4256170345470309,5,11,18,0,,
2026-05-16T00:51:16.424896,noisy,naive,{'bins': 5},17,4,4,ok,68,85,0.00401296466588974,0.6048674145713449,0.6112159052863717,5,17,25,0,,
2026-05-16T00:51:16.891438,noisy,naive,{'bins': 5},18,0,4,ok,0,18,0.004362832754850388,0.3933330737054348,0.40019194409251213,5,10,17,0,,
2026-05-16T00:51:17.304282,noisy,naive,{'bins': 5},18,1,4,ok,18,36,0.004231344908475876,0.39705837052315474,0.4036447471007705,5,13,19,0,,
2026-05-16T00:51:18.029221,noisy,naive,{'bins': 5},18,2,4,ok,36,54,0.004288743250072002,0.7059449134394526,0.7127853883430362,5,13,21,0,,
2026-05-16T00:51:18.678656,noisy,naive,{'bins': 5},18,3,4,ok,54,72,0.004231344908475876,0.6322430903092027,0.6388463787734509,5,14,22,0,,
2026-05-16T00:51:19.194170,noisy,naive,{'bins': 5},18,4,4,ok,72,90,0.004209703765809536,0.4971747435629368,0.5037937518209219,5,20,29,0,,
2026-05-16T00:51:19.666555,noisy,naive,{'bins': 5},19,0,4,ok,0,19,0.004570201970636845,0.3977668397128582,0.4048174489289522,5,10,17,0,,
2026-05-16T00:51:20.065361,noisy,naive,{'bins': 5},19,1,4,ok,19,38,0.004389140754938126,0.3825964042916894,0.3894692389294505,5,17,24,0,,
2026-05-16T00:51:20.851541,noisy,naive,{'bins': 5},19,2,4,ok,38,57,0.004408358596265316,0.7670645713806152,0.7740141814574599,5,21,29,0,,
2026-05-16T00:51:21.547019,noisy,naive,{'bins': 5},19,3,4,ok,57,76,0.004533972591161728,0.6760103339329362,0.6831179596483707,5,9,15,0,,
2026-05-16T00:51:21.905142,noisy,naive,{'bins': 5},19,4,4,ok,76,95,0.004432573914527893,0.3421617466956377,0.34901622869074345,5,15,24,0,,
2026-05-16T00:51:22.423752,noisy,naive,{'bins': 5},20,0,4,ok,0,20,0.00481474120169878,0.44433319102972746,0.45180931966751814,5,26,35,0,,
2026-05-16T00:51:22.908686,noisy,naive,{'bins': 5},20,1,4,ok,20,40,0.004681140184402466,0.467417155392468,0.47470363788306713,5,15,22,0,,
2026-05-16T00:51:23.531224,noisy,naive,{'bins': 5},20,2,4,ok,40,60,0.004674867726862431,0.6029319409281015,0.6102428585290909,5,27,36,0,,
2026-05-16T00:51:24.163666,noisy,naive,{'bins': 5},20,3,4,ok,60,80,0.004652697592973709,0.6129008401185274,0.6202444406226277,5,18,26,0,,
2026-05-16T00:51:24.600105,noisy,naive,{'bins': 5},20,4,4,ok,80,100,0.004686719737946987,0.41840611677616835,0.42567921243608,5,9,16,0,,
2026-05-16T00:51:25.209593,noisy,naive,{'bins': 5},21,0,4,ok,0,21,0.004936188459396362,0.5315809212625027,0.5392691167071462,5,6,14,0,,
2026-05-16T00:51:25.663150,noisy,naive,{'bins': 5},21,1,4,ok,21,42,0.00486375205218792,0.4356539333239198,0.4432248892262578,5,11,17,0,,
2026-05-16T00:51:26.227926,noisy,naive,{'bins': 5},21,2,4,ok,42,63,0.004812455736100674,0.5450872527435422,0.5525937182828784,5,13,21,0,,
2026-05-16T00:51:26.922972,noisy,naive,{'bins': 5},21,3,4,ok,63,84,0.00482784491032362,0.6736764619126916,0.6812702007591724,5,19,26,0,,
2026-05-16T00:51:27.181844,noisy,naive,{'bins': 5},21,4,4,ok,84,105,0.00498037226498127,0.24231051094830036,0.2499355785548687,5,7,12,0,,
2026-05-16T00:51:27.860485,noisy,naive,{'bins': 5},22,0,4,ok,0,22,0.005186088383197784,0.5997415296733379,0.6078660860657692,5,6,14,0,,
2026-05-16T00:51:28.286953,noisy,naive,{'bins': 5},22,1,4,ok,22,44,0.005215194076299667,0.40729410108178854,0.41533408872783184,5,11,18,0,,
2026-05-16T00:51:28.899245,noisy,naive,{'bins': 5},22,2,4,ok,44,66,0.005146915093064308,0.5910178190097213,0.5990464547649026,5,18,27,0,,
2026-05-16T00:51:29.647874,noisy,naive,{'bins': 5},22,3,4,ok,66,88,0.005123470909893513,0.7247836487367749,0.7328024562448263,5,20,29,0,,
2026-05-16T00:51:30.010746,noisy,naive,{'bins': 5},22,4,4,ok,88,110,0.005182340741157532,0.34518228005617857,0.35311541613191366,5,11,17,0,,
2026-05-16T00:51:30.620477,noisy,naive,{'bins': 5},23,0,4,ok,0,23,0.005553026683628559,0.5331439273431897,0.5417662169784307,5,15,24,0,,
2026-05-16T00:51:31.113761,noisy,naive,{'bins': 5},23,1,4,ok,23,46,0.005358042195439339,0.473775215446949,0.482141787186265,5,14,22,0,,
2026-05-16T00:51:31.882207,noisy,naive,{'bins': 5},23,2,4,ok,46,69,0.005353561602532864,0.7454250790178776,0.7538372445851564,5,20,29,0,,
2026-05-16T00:51:32.636673,noisy,naive,{'bins': 5},23,3,4,ok,69,92,0.005387376993894577,0.7293038368225098,0.7377868676558137,5,13,22,0,,
2026-05-16T00:51:33.003225,noisy,naive,{'bins': 5},23,4,4,ok,92,115,0.0055330609902739525,0.34600816015154123,0.35437972098588943,5,7,12,0,,
2026-05-16T00:51:33.626744,noisy,naive,{'bins': 5},24,0,4,ok,0,24,0.005688551813364029,0.5461379764601588,0.5549836857244372,5,15,24,0,,
2026-05-16T00:51:34.248849,noisy,naive,{'bins': 5},24,1,4,ok,24,48,0.0056401705369353294,0.5766474157571793,0.5853503979742527,5,14,22,0,,
2026-05-16T00:51:35.022585,noisy,naive,{'bins': 5},24,2,4,ok,48,72,0.005564909428358078,0.7505404260009527,0.7592777218669653,5,26,37,0,,
2026-05-16T00:51:35.756285,noisy,naive,{'bins': 5},24,3,4,ok,72,96,0.00560652744024992,0.710958200506866,0.7196498103439808,5,20,31,0,,
2026-05-16T00:51:36.140819,noisy,naive,{'bins': 5},24,4,4,ok,96,120,0.005744125694036484,0.364116033539176,0.37302930001169443,5,24,32,0,,
2026-05-16T00:51:36.855340,noisy,naive,{'bins': 5},25,0,4,ok,0,25,0.005960352718830109,0.6358798909932375,0.6451502284035087,5,19,30,0,,
2026-05-16T00:51:37.488697,noisy,naive,{'bins': 5},25,1,4,ok,25,50,0.005877175368368626,0.6110968133434653,0.6201742589473724,5,14,22,0,,
2026-05-16T00:51:38.464847,noisy,naive,{'bins': 5},25,2,4,ok,50,75,0.005847559310495853,0.9497569873929024,0.9589242106303573,5,20,29,0,,
2026-05-16T00:51:39.180500,noisy,naive,{'bins': 5},25,3,4,ok,75,100,0.005808677524328232,0.6929112812504172,0.7019827552139759,5,22,34,0,,
2026-05-16T00:51:39.682074,noisy,naive,{'bins': 5},25,4,4,ok,100,125,0.005955343134701252,0.47977631632238626,0.48893543519079685,5,20,28,0,,
2026-05-16T00:51:40.465168,noisy,naive,{'bins': 5},26,0,4,ok,0,26,0.006168452091515064,0.7036618292331696,0.7131911916658282,5,19,31,0,,
2026-05-16T00:51:41.360542,noisy,naive,{'bins': 5},26,1,4,ok,26,52,0.006137373857200146,0.8699609991163015,0.8794746631756425,5,12,20,0,,
2026-05-16T00:51:42.410600,noisy,naive,{'bins': 5},26,2,4,ok,52,78,0.005961312912404537,1.0245202342048287,1.0339431576430798,5,28,39,0,,
2026-05-16T00:51:42.743529,noisy,naive,{'bins': 5},26,3,4,ok,78,104,0.0061568608507514,0.31367346458137035,0.3230918301269412,5,18,27,0,,
2026-05-16T00:51:44.257172,noisy,naive,{'bins': 5},26,4,4,ok,104,130,0.006200673058629036,1.4794746609404683,1.4892132068052888,5,10,18,0,,
2026-05-16T00:51:45.049508,noisy,naive,{'bins': 5},27,0,4,ok,0,27,0.006516837514936924,0.7117555681616068,0.7218271000310779,5,19,31,0,,
2026-05-16T00:51:45.999595,noisy,naive,{'bins': 5},27,1,4,ok,27,54,0.006340705789625645,0.9236223436892033,0.9335083374753594,5,12,20,0,,
2026-05-16T00:51:47.026726,noisy,naive,{'bins': 5},27,2,4,ok,54,81,0.0062933871522545815,1.0011949157342315,1.011017881333828,5,16,26,0,,
2026-05-16T00:51:47.461998,noisy,naive,{'bins': 5},27,3,4,ok,81,108,0.006316620856523514,0.41213222593069077,0.42181687243282795,5,11,17,0,,
2026-05-16T00:51:48.927952,noisy,naive,{'bins': 5},27,4,4,ok,108,135,0.006281896494328976,1.4319662218913436,1.4419493786990643,5,17,26,0,,
2026-05-16T00:51:49.743749,noisy,naive,{'bins': 5},28,0,4,ok,0,28,0.006928820163011551,0.7307842904701829,0.7416090965270996,5,16,27,0,,
2026-05-16T00:51:50.797031,noisy,naive,{'bins': 5},28,1,4,ok,28,56,0.006789908744394779,1.0267687179148197,1.037252183072269,5,14,23,0,,
2026-05-16T00:51:51.814421,noisy,naive,{'bins': 5},28,2,4,ok,56,84,0.00669995229691267,0.9891083622351289,0.9994449922814965,5,16,25,0,,
2026-05-16T00:51:52.249406,noisy,naive,{'bins': 5},28,3,4,ok,84,112,0.006704138591885567,0.4116842746734619,0.42190099973231554,5,11,17,0,,
2026-05-16T00:51:54.174868,noisy,naive,{'bins': 5},28,4,4,ok,112,140,0.006581657566130161,1.8905246276408434,1.90090053062886,5,27,40,0,,
2026-05-16T00:51:55.103315,noisy,naive,{'bins': 5},29,0,4,ok,0,29,0.006973073817789555,0.8425162062048912,0.8532987534999847,5,27,39,0,,
2026-05-16T00:51:56.080243,noisy,naive,{'bins': 5},29,1,4,ok,29,58,0.006896238774061203,0.9494573771953583,0.9601446250453591,5,14,23,0,,
2026-05-16T00:51:57.131810,noisy,naive,{'bins': 5},29,2,4,ok,58,87,0.006822571158409119,1.0211365530267358,1.0317340129986405,5,17,27,0,,
2026-05-16T00:51:57.569337,noisy,naive,{'bins': 5},29,3,4,ok,87,116,0.00672796368598938,0.41297815553843975,0.42331525683403015,5,11,17,0,,
2026-05-16T00:51:58.989285,noisy,naive,{'bins': 5},29,4,4,ok,116,145,0.0066659171134233475,1.3844109075143933,1.3950923243537545,5,7,15,0,,
2026-05-16T00:51:59.892149,noisy,naive,{'bins': 5},30,0,4,ok,0,30,0.007028668187558651,0.818329619243741,0.8292815946042538,5,19,32,0,,
2026-05-16T00:52:00.919100,noisy,naive,{'bins': 5},30,1,4,ok,30,60,0.007005424238741398,0.9963730936869979,1.007296023890376,5,10,17,0,,
2026-05-16T00:52:01.947110,noisy,naive,{'bins': 5},30,2,4,ok,60,90,0.0069334497675299644,0.9963366966694593,1.0072264838963747,5,26,35,0,,
2026-05-16T00:52:02.355970,noisy,naive,{'bins': 5},30,3,4,ok,90,120,0.006988923996686935,0.38318232633173466,0.3939062738791108,5,14,19,0,,
2026-05-16T00:52:03.847209,noisy,naive,{'bins': 5},30,4,4,ok,120,150,0.006960790604352951,1.4564829021692276,1.4674281245097518,5,20,30,0,,
2026-05-16T00:52:04.679252,noisy,naive,{'bins': 5},31,0,4,ok,0,31,0.007353566586971283,0.7446435745805502,0.7559801712632179,5,21,31,0,,
2026-05-16T00:52:05.609982,noisy,naive,{'bins': 5},31,1,4,ok,31,62,0.007168831303715706,0.9006601888686419,0.9119228664785624,5,12,20,0,,
2026-05-16T00:52:06.667678,noisy,naive,{'bins': 5},31,2,4,ok,62,93,0.007243011146783829,1.0263782572001219,1.037646465934813,5,19,29,0,,
2026-05-16T00:52:07.139850,noisy,naive,{'bins': 5},31,3,4,ok,93,124,0.007230198010802269,0.4446704760193825,0.455938165076077,5,15,20,0,,
2026-05-16T00:52:07.867020,noisy,naive,{'bins': 5},31,4,4,ok,124,155,0.007321958430111408,0.696922967210412,0.7081902641803026,5,15,24,0,,
2026-05-16T00:52:08.709104,noisy,naive,{'bins': 5},32,0,4,ok,0,32,0.007527223788201809,0.7542219618335366,0.7659168923273683,5,21,31,0,,
2026-05-16T00:52:09.688811,noisy,naive,{'bins': 5},32,1,4,ok,32,64,0.007433217950165272,0.94757882039994,0.9591190600767732,5,12,20,0,,
2026-05-16T00:52:10.718241,noisy,naive,{'bins': 5},32,2,4,ok,64,96,0.007407910190522671,0.9975596433505416,1.0093189245089889,5,20,30,0,,
2026-05-16T00:52:11.414211,noisy,naive,{'bins': 5},32,3,4,ok,96,128,0.007546890527009964,0.6684707216918468,0.679999228566885,5,19,27,0,,
2026-05-16T00:52:12.231626,noisy,naive,{'bins': 5},32,4,4,ok,128,160,0.007604790851473808,0.7840526280924678,0.7957523167133331,5,15,25,0,,
2026-05-16T00:52:13.080341,noisy,naive,{'bins': 5},33,0,4,ok,0,33,0.007791219279170036,0.7590289488434792,0.7711133100092411,5,21,31,0,,
2026-05-16T00:52:14.258400,noisy,naive,{'bins': 5},33,1,4,ok,33,66,0.007647771388292313,1.1464872751384974,1.1583627136424184,5,12,20,0,,
2026-05-16T00:52:15.507980,noisy,naive,{'bins': 5},33,2,4,ok,66,99,0.007787822745740414,1.21617535315454,1.228245697915554,5,20,30,0,,
2026-05-16T00:52:16.215812,noisy,naive,{'bins': 5},33,3,4,ok,99,132,0.007770680822432041,0.6785248704254627,0.6905596992000937,5,19,27,0,,
2026-05-16T00:52:17.198601,noisy,naive,{'bins': 5},33,4,4,ok,132,165,0.007806859910488129,0.9479090021923184,0.9599363971501589,5,15,25,0,,
2026-05-16T00:52:18.062254,noisy,naive,{'bins': 5},34,0,4,ok,0,34,0.008227839134633541,0.7732624663040042,0.7859101761132479,5,21,31,0,,
2026-05-16T00:52:19.341954,noisy,naive,{'bins': 5},34,1,4,ok,34,68,0.008007897064089775,1.246626604348421,1.259047077037394,5,19,29,0,,
2026-05-16T00:52:20.581689,noisy,naive,{'bins': 5},34,2,4,ok,68,102,0.00791582278907299,1.204224874265492,1.2166074654087424,5,20,31,0,,
2026-05-16T00:52:21.118781,noisy,naive,{'bins': 5},34,3,4,ok,102,136,0.007962031289935112,0.5076910248026252,0.52016591001302,5,17,25,0,,
2026-05-16T00:52:22.293244,noisy,naive,{'bins': 5},34,4,4,ok,136,170,0.007902598939836025,1.1361770564690232,1.148440103046596,5,12,21,0,,
2026-05-16T00:52:23.229043,noisy,naive,{'bins': 5},35,0,4,ok,0,35,0.008261012844741344,0.8442895989865065,0.8570790756493807,5,19,30,0,,
2026-05-16T00:52:24.567401,noisy,naive,{'bins': 5},35,1,4,ok,35,70,0.008287451229989529,1.301146880723536,1.3141872379928827,5,9,16,0,,
2026-05-16T00:52:24.975948,noisy,naive,{'bins': 5},35,2,4,ok,70,105,0.008273686282336712,0.38141509890556335,0.39417358580976725,5,14,22,0,,
2026-05-16T00:52:27.674755,noisy,naive,{'bins': 5},35,3,4,ok,105,140,0.008195319212973118,2.6526444917544723,2.665672205388546,5,21,32,0,,
2026-05-16T00:52:28.795601,noisy,naive,{'bins': 5},35,4,4,ok,140,175,0.008168337866663933,1.087489614263177,1.1001405594870448,5,13,23,0,,
2026-05-16T00:52:29.748738,noisy,naive,{'bins': 5},36,0,4,ok,0,36,0.008532251231372356,0.8607569029554725,0.873927503824234,5,20,31,0,,
2026-05-16T00:52:31.138932,noisy,naive,{'bins': 5},36,1,4,ok,36,72,0.008557929657399654,1.352909941226244,1.3663724614307284,5,12,20,0,,
2026-05-16T00:52:31.635900,noisy,naive,{'bins': 5},36,2,4,ok,72,108,0.008365178480744362,0.46778279822319746,0.4806551495566964,5,13,21,0,,
2026-05-16T00:52:33.583734,noisy,naive,{'bins': 5},36,3,4,ok,108,144,0.008340893313288689,1.9043536959215999,1.9175851419568062,5,22,35,0,,
2026-05-16T00:52:34.943223,noisy,naive,{'bins': 5},36,4,4,ok,144,180,0.008438586257398129,1.3248043470084667,1.338057273067534,5,27,39,0,,
2026-05-16T00:52:35.925787,noisy,naive,{'bins': 5},37,0,4,ok,0,37,0.008863354101777077,0.8896768987178802,0.9033845188096166,5,20,31,0,,
2026-05-16T00:52:37.539511,noisy,naive,{'bins': 5},37,1,4,ok,37,74,0.008624996058642864,1.5742622129619122,1.5879223132506013,5,12,20,0,,
2026-05-16T00:52:38.072502,noisy,naive,{'bins': 5},37,2,4,ok,74,111,0.00871712900698185,0.5027051046490669,0.5162611501291394,5,13,21,0,,
2026-05-16T00:52:39.807727,noisy,naive,{'bins': 5},37,3,4,ok,111,148,0.008565392345190048,1.6908050030469894,1.7043050229549408,5,15,24,0,,
2026-05-16T00:52:40.922452,noisy,naive,{'bins': 5},37,4,4,ok,148,185,0.008742145262658596,1.0784477274864912,1.0919941030442715,5,15,24,0,,
2026-05-16T00:52:41.976535,noisy,naive,{'bins': 5},38,0,4,ok,0,38,0.009004218503832817,0.9601733749732375,0.974125424399972,5,24,34,0,,
2026-05-16T00:52:43.672918,noisy,naive,{'bins': 5},38,1,4,ok,38,76,0.008905702270567417,1.6502097761258483,1.6642007986083627,5,9,16,0,,
2026-05-16T00:52:44.239041,noisy,naive,{'bins': 5},38,2,4,ok,76,114,0.009108442813158035,0.534258795902133,0.5481393206864595,5,14,22,0,,
2026-05-16T00:52:45.064304,noisy,naive,{'bins': 5},38,3,4,ok,114,152,0.008905983529984951,0.7895523682236671,0.8034526901319623,5,19,29,0,,
2026-05-16T00:52:46.337478,noisy,naive,{'bins': 5},38,4,4,ok,152,190,0.008972047828137875,1.238004700280726,1.2520064320415258,5,17,25,0,,
2026-05-16T00:52:47.456508,noisy,naive,{'bins': 5},39,0,4,ok,0,39,0.009277822449803352,1.0199199058115482,1.0342353070154786,5,20,29,0,,
2026-05-16T00:52:49.124909,noisy,naive,{'bins': 5},39,1,4,ok,39,78,0.009204283356666565,1.624761381186545,1.6392691833898425,5,11,20,0,,
2026-05-16T00:52:49.662500,noisy,naive,{'bins': 5},39,2,4,ok,78,117,0.009744859300553799,0.5047032684087753,0.5193951968103647,5,26,35,0,,
2026-05-16T00:52:50.655173,noisy,naive,{'bins': 5},39,3,4,ok,117,156,0.009571852162480354,0.9539751168340445,0.9685843195766211,5,20,29,0,,
2026-05-16T00:52:51.807286,noisy,naive,{'bins': 5},39,4,4,ok,156,195,0.009334898553788662,1.1152619887143373,1.129585443995893,5,14,21,0,,
2026-05-16T00:52:52.992256,noisy,naive,{'bins': 5},40,0,4,ok,0,40,0.009705635719001293,1.0837130676954985,1.0985985193401575,5,20,29,0,,
2026-05-16T00:52:54.246192,noisy,naive,{'bins': 5},40,1,4,ok,40,80,0.009420458227396011,1.2140893023461103,1.2287348033860326,5,28,38,0,,
2026-05-16T00:52:54.898520,noisy,naive,{'bins': 5},40,2,4,ok,80,120,0.009284594096243382,0.6142804985865951,0.6288002636283636,5,7,12,0,,
2026-05-16T00:52:56.012417,noisy,naive,{'bins': 5},40,3,4,ok,120,160,0.009333436377346516,1.0720920553430915,1.0865228734910488,5,15,25,0,,
2026-05-16T00:52:57.077336,noisy,naive,{'bins': 5},40,4,4,ok,160,200,0.009442541748285294,1.029913393780589,1.0444642268121243,5,16,24,0,,
2026-05-16T00:52:58.316153,noisy,naive,{'bins': 5},41,0,4,ok,0,41,0.009676189161837101,1.1378492834046483,1.152901517227292,5,20,29,0,,
2026-05-16T00:52:59.710101,noisy,naive,{'bins': 5},41,1,4,ok,41,82,0.009782889857888222,1.3507474875077605,1.366072865203023,5,22,30,0,,
2026-05-16T00:53:00.334335,noisy,naive,{'bins': 5},41,2,4,ok,82,123,0.009731704369187355,0.5833120681345463,0.598213910125196,5,7,12,0,,
2026-05-16T00:53:01.489283,noisy,naive,{'bins': 5},41,3,4,ok,123,164,0.009668786078691483,1.1108272718265653,1.1256745820865035,5,15,25,0,,
2026-05-16T00:53:02.565514,noisy,naive,{'bins': 5},41,4,4,ok,164,205,0.009633389301598072,1.0395272877067327,1.0544741041958332,5,25,34,0,,
2026-05-16T00:53:03.860714,noisy,naive,{'bins': 5},42,0,4,ok,0,42,0.010051203891634941,1.1918389145284891,1.2073174994438887,5,20,29,0,,
2026-05-16T00:53:05.278158,noisy,naive,{'bins': 5},42,1,4,ok,42,84,0.009884992614388466,1.372168722562492,1.387697202153504,5,22,30,0,,
2026-05-16T00:53:05.910876,noisy,naive,{'bins': 5},42,2,4,ok,84,126,0.009861567988991737,0.5932152345776558,0.6083856709301472,5,11,17,0,,
2026-05-16T00:53:07.244827,noisy,naive,{'bins': 5},42,3,4,ok,126,168,0.00971835758537054,1.2957297787070274,1.3108147541061044,5,22,36,0,,
2026-05-16T00:53:08.239537,noisy,naive,{'bins': 5},42,4,4,ok,168,210,0.009959813207387924,0.9581237006932497,0.9735631737858057,5,23,31,0,,
2026-05-16T00:53:09.485454,noisy,naive,{'bins': 5},43,0,4,ok,0,43,0.010197147727012634,1.1428170930594206,1.1586536914110184,5,20,29,0,,
2026-05-16T00:53:11.024806,noisy,naive,{'bins': 5},43,1,4,ok,43,86,0.009966103360056877,1.490100834518671,1.5057218968868256,5,13,23,0,,
2026-05-16T00:53:11.747222,noisy,naive,{'bins': 5},43,2,4,ok,86,129,0.010316361673176289,0.6766200307756662,0.692338366061449,5,7,12,0,,
2026-05-16T00:53:13.141996,noisy,naive,{'bins': 5},43,3,4,ok,129,172,0.010038831271231174,1.3506970843300223,1.3663083901628852,5,10,19,0,,
2026-05-16T00:53:14.866804,noisy,naive,{'bins': 5},43,4,4,ok,172,215,0.010241139680147171,1.6770563460886478,1.6928725242614746,5,21,31,0,,
2026-05-16T00:53:16.178545,noisy,naive,{'bins': 5},44,0,4,ok,0,44,0.010480960831046104,1.2078253757208586,1.2239267798140645,5,20,29,0,,
2026-05-16T00:53:17.762215,noisy,naive,{'bins': 5},44,1,4,ok,44,88,0.010225209407508373,1.537070813588798,1.5529775023460388,5,13,23,0,,
2026-05-16T00:53:18.469687,noisy,naive,{'bins': 5},44,2,4,ok,88,132,0.010221023112535477,0.6590924272313714,0.6751232398673892,5,7,12,0,,
2026-05-16T00:53:20.074652,noisy,naive,{'bins': 5},44,3,4,ok,132,176,0.010191497392952442,1.5534800374880433,1.569578917697072,5,11,20,0,,
2026-05-16T00:53:21.828922,noisy,naive,{'bins': 5},44,4,4,ok,176,220,0.010255216620862484,1.7063144575804472,1.7223029294982553,5,11,18,0,,
2026-05-16T00:53:23.191366,noisy,naive,{'bins': 5},45,0,4,ok,0,45,0.010712294839322567,1.2564471876248717,1.2729748524725437,5,20,29,0,,
2026-05-16T00:53:24.679870,noisy,naive,{'bins': 5},45,1,4,ok,45,90,0.010600694455206394,1.4406807972118258,1.4573493860661983,5,13,23,0,,
2026-05-16T00:53:25.453421,noisy,naive,{'bins': 5},45,2,4,ok,90,135,0.010494636371731758,0.7249001208692789,0.7411272823810577,5,14,19,0,,
2026-05-16T00:53:27.377155,noisy,naive,{'bins': 5},45,3,4,ok,135,180,0.010712726972997189,1.8698200760409236,1.88637357018888,5,11,20,0,,
2026-05-16T00:53:28.574982,noisy,naive,{'bins': 5},45,4,4,ok,180,225,0.0106985904276371,1.1493012318387628,1.1662038611248136,5,9,17,0,,
2026-05-16T00:53:29.985823,noisy,naive,{'bins': 5},46,0,4,ok,0,46,0.010827352292835712,1.3033427381888032,1.3201751159504056,5,20,29,0,,
2026-05-16T00:53:31.626978,noisy,naive,{'bins': 5},46,1,4,ok,46,92,0.010709541849792004,1.5918364757671952,1.6088147182017565,5,13,23,0,,
2026-05-16T00:53:32.437943,noisy,naive,{'bins': 5},46,2,4,ok,92,138,0.010793487541377544,0.7598390690982342,0.7764908680692315,5,14,19,0,,
2026-05-16T00:53:34.112585,noisy,naive,{'bins': 5},46,3,4,ok,138,184,0.01068871095776558,1.6205754624679685,1.6374014168977737,5,11,20,0,,
2026-05-16T00:53:35.543084,noisy,naive,{'bins': 5},46,4,4,ok,184,230,0.010828934609889984,1.3845004560425878,1.4013099996373057,5,15,25,0,,
2026-05-16T00:53:37.047843,noisy,naive,{'bins': 5},47,0,4,ok,0,47,0.01101899053901434,1.3962308522313833,1.4133792025968432,5,20,29,0,,
2026-05-16T00:53:38.638703,noisy,naive,{'bins': 5},47,1,4,ok,47,94,0.011022718623280525,1.5412248503416777,1.5586008885875344,5,15,25,0,,
2026-05-16T00:53:39.549227,noisy,naive,{'bins': 5},47,2,4,ok,94,141,0.011063015088438988,0.8611237211152911,0.8783866073936224,5,14,20,0,,
2026-05-16T00:53:41.280742,noisy,naive,{'bins': 5},47,3,4,ok,141,188,0.01089025940746069,1.6788424951955676,1.695741237141192,5,11,20,0,,
2026-05-16T00:53:42.359919,noisy,naive,{'bins': 5},47,4,4,ok,188,235,0.011289630085229874,1.0368532435968518,1.054117982275784,5,28,38,0,,
2026-05-16T00:53:43.910227,noisy,naive,{'bins': 5},48,0,4,ok,0,48,0.011270674876868725,1.4406679579988122,1.4582447232678533,5,20,29,0,,
2026-05-16T00:53:45.604285,noisy,naive,{'bins': 5},48,1,4,ok,48,96,0.011050240136682987,1.64653505012393,1.6638321811333299,5,24,35,0,,
2026-05-16T00:53:46.820271,noisy,naive,{'bins': 5},48,2,4,ok,96,144,0.01140440534800291,1.1710907416418195,1.1888892343267798,5,15,23,0,,
2026-05-16T00:53:48.485813,noisy,naive,{'bins': 5},48,3,4,ok,144,192,0.011197768151760101,1.6197361191734672,1.6369907297194004,5,17,28,0,,
2026-05-16T00:53:49.585427,noisy,naive,{'bins': 5},48,4,4,ok,192,240,0.01215315144509077,1.05373196862638,1.0720287952572107,5,34,47,0,,
2026-05-16T00:53:51.212569,noisy,naive,{'bins': 5},49,0,4,ok,0,49,0.012028567492961884,1.514190686866641,1.5325929634273052,5,20,29,0,,
2026-05-16T00:53:52.936698,noisy,naive,{'bins': 5},49,1,4,ok,49,98,0.0116196284070611,1.6760210106149316,1.6939697237685323,5,24,35,0,,
2026-05-16T00:53:54.202438,noisy,naive,{'bins': 5},49,2,4,ok,98,147,0.011747309938073158,1.219383374787867,1.2373641999438405,5,20,29,0,,
2026-05-16T00:53:55.915479,noisy,naive,{'bins': 5},49,3,4,ok,147,196,0.011822709813714027,1.6597103346139193,1.6778546553105116,5,11,19,0,,
2026-05-16T00:53:57.297539,noisy,naive,{'bins': 5},49,4,4,ok,196,245,0.011605512350797653,1.3329496588557959,1.3508545104414225,5,30,42,0,,
2026-05-16T00:53:58.956295,noisy,naive,{'bins': 5},50,0,4,ok,0,50,0.011732981540262699,1.552121696062386,1.5703085167333484,5,31,44,0,,
2026-05-16T00:54:00.858378,noisy,naive,{'bins': 5},50,1,4,ok,50,100,0.011594281531870365,1.8524281373247504,1.8704955838620663,5,24,35,0,,
2026-05-16T00:54:02.215362,noisy,naive,{'bins': 5},50,2,4,ok,100,150,0.011777887120842934,1.3086702087894082,1.3268803022801876,5,13,22,0,,
2026-05-16T00:54:03.651184,noisy,naive,{'bins': 5},50,3,4,ok,150,200,0.011835725046694279,1.3811776917427778,1.3997233863919973,5,11,19,0,,
2026-05-16T00:54:04.979130,noisy,naive,{'bins': 5},50,4,4,ok,200,250,0.012062621302902699,1.274163844063878,1.2929885126650333,5,29,38,0,,
2026-05-16T00:54:06.695331,noisy,naive,{'bins': 5},51,0,4,ok,0,51,0.012074283324182034,1.608669082634151,1.6272815121337771,5,31,44,0,,
2026-05-16T00:54:08.742766,noisy,naive,{'bins': 5},51,1,4,ok,51,102,0.012163479812443256,1.9971226630732417,2.016272853128612,5,22,33,0,,
2026-05-16T00:54:09.798892,noisy,naive,{'bins': 5},51,2,4,ok,102,153,0.011955800466239452,1.0098503902554512,1.0283364430069923,5,21,28,0,,
2026-05-16T00:54:11.249696,noisy,naive,{'bins': 5},51,3,4,ok,153,204,0.011966771446168423,1.4029793422669172,1.4215261191129684,5,21,30,0,,
2026-05-16T00:54:12.723004,noisy,naive,{'bins': 5},51,4,4,ok,204,255,0.0119258938357234,1.4203274976462126,1.438910873606801,5,20,29,0,,
2026-05-16T00:54:14.437166,noisy,naive,{'bins': 5},52,0,4,ok,0,52,0.012306810356676579,1.6059985691681504,1.625042850151658,5,31,44,0,,
2026-05-16T00:54:15.279737,noisy,naive,{'bins': 5},52,1,4,ok,52,104,0.012257657013833523,0.8010253626853228,0.8198465444147587,5,19,28,0,,
2026-05-16T00:54:16.406729,noisy,naive,{'bins': 5},52,2,4,ok,104,156,0.01211483869701624,1.0729176886379719,1.0919261118397117,5,18,28,0,,
2026-05-16T00:54:17.972463,noisy,naive,{'bins': 5},52,3,4,ok,156,208,0.012178237549960613,1.5174384322017431,1.5365080805495381,5,21,30,0,,
2026-05-16T00:54:19.349954,noisy,naive,{'bins': 5},52,4,4,ok,208,260,0.0122129637748003,1.3243311485275626,1.3434332581236959,5,20,29,0,,
2026-05-16T00:54:21.077295,noisy,naive,{'bins': 5},53,0,4,ok,0,53,0.012774045579135418,1.6168506173416972,1.6367862923070788,5,31,44,0,,
2026-05-16T00:54:21.889787,noisy,naive,{'bins': 5},53,1,4,ok,53,106,0.012609656900167465,0.770896959118545,0.7902293503284454,5,19,28,0,,
2026-05-16T00:54:23.260244,noisy,naive,{'bins': 5},53,2,4,ok,106,159,0.012350833043456078,1.3100946163758636,1.3295274777337909,5,14,24,0,,
2026-05-16T00:54:24.627975,noisy,naive,{'bins': 5},53,3,4,ok,159,212,0.012528406456112862,1.3185616359114647,1.3381571425125003,5,17,25,0,,
2026-05-16T00:54:25.544228,noisy,naive,{'bins': 5},53,4,4,ok,212,265,0.012482589110732079,0.8672033417969942,0.8865820504724979,5,26,33,0,,
2026-05-16T00:54:27.327353,noisy,naive,{'bins': 5},54,0,4,ok,0,54,0.012917866930365562,1.6744047235697508,1.694266160018742,5,31,44,0,,
2026-05-16T00:54:28.239760,noisy,naive,{'bins': 5},54,1,4,ok,54,108,0.012556347995996475,0.8698497405275702,0.8892233511433005,5,19,28,0,,
2026-05-16T00:54:29.651391,noisy,naive,{'bins': 5},54,2,4,ok,108,162,0.012957089580595493,1.3584864065051079,1.3784433314576745,5,18,29,0,,
2026-05-16T00:54:31.094235,noisy,naive,{'bins': 5},54,3,4,ok,162,216,0.012678626924753189,1.39078099001199,1.4104129737243056,5,25,34,0,,
2026-05-16T00:54:32.177486,noisy,naive,{'bins': 5},54,4,4,ok,216,270,0.01269714254885912,1.0330506693571806,1.0526113100349903,5,24,33,0,,
2026-05-16T00:54:33.909747,noisy,naive,{'bins': 5},55,0,4,ok,0,55,0.01290739793330431,1.6212394433096051,1.6412549689412117,5,27,38,0,,
2026-05-16T00:54:34.874731,noisy,naive,{'bins': 5},55,1,4,ok,55,110,0.012989872135221958,0.9209321150556207,0.9409190863370895,5,19,28,0,,
2026-05-16T00:54:36.442538,noisy,naive,{'bins': 5},55,2,4,ok,110,165,0.012742417864501476,1.5121915638446808,1.5323134995996952,5,18,29,0,,
2026-05-16T00:54:37.869879,noisy,naive,{'bins': 5},55,3,4,ok,165,220,0.013024687767028809,1.3760126987472177,1.3961601918563247,5,25,34,0,,
2026-05-16T00:54:38.898689,noisy,naive,{'bins': 5},55,4,4,ok,220,275,0.012907166965305805,0.9773055724799633,0.9972304468974471,5,22,30,0,,
2026-05-16T00:54:40.719353,noisy,naive,{'bins': 5},56,0,4,ok,0,56,0.013185669668018818,1.707083591260016,1.7275260370224714,5,27,38,0,,
2026-05-16T00:54:41.777214,noisy,naive,{'bins': 5},56,1,4,ok,56,112,0.013074551708996296,1.0124727999791503,1.0326493475586176,5,20,30,0,,
2026-05-16T00:54:43.388442,noisy,naive,{'bins': 5},56,2,4,ok,112,168,0.013230613432824612,1.5543515626341105,1.5750613613054156,5,18,29,0,,
2026-05-16T00:54:44.650192,noisy,naive,{'bins': 5},56,3,4,ok,168,224,0.013412204571068287,1.2100276155397296,1.2306338595226407,5,23,31,0,,
2026-05-16T00:54:45.870479,noisy,naive,{'bins': 5},56,4,4,ok,224,280,0.013049955479800701,1.1657258169725537,1.1859692391008139,5,26,34,0,,
2026-05-16T00:54:47.825466,noisy,naive,{'bins': 5},57,0,4,ok,0,57,0.013209555298089981,1.8399919476360083,1.8607500568032265,5,27,38,0,,
2026-05-16T00:54:48.852258,noisy,naive,{'bins': 5},57,1,4,ok,57,114,0.013389632105827332,0.9797840975224972,1.0007450673729181,5,20,30,0,,
2026-05-16T00:54:50.735874,noisy,naive,{'bins': 5},57,2,4,ok,114,171,0.014224991202354431,1.8283297391608357,1.8500401563942432,5,25,39,0,,
2026-05-16T00:54:52.156597,noisy,naive,{'bins': 5},57,3,4,ok,171,228,0.013880844227969646,1.3675149260088801,1.3887120885774493,5,20,29,0,,
2026-05-16T00:54:53.422504,noisy,naive,{'bins': 5},57,4,4,ok,228,285,0.013725352473556995,1.2099560936912894,1.2310223914682865,5,26,34,0,,
2026-05-16T00:54:55.386147,noisy,naive,{'bins': 5},58,0,4,ok,0,58,0.013996672816574574,1.8469678880646825,1.8684553261846304,5,27,38,0,,
2026-05-16T00:54:56.480607,noisy,naive,{'bins': 5},58,1,4,ok,58,116,0.013632037676870823,1.047395589761436,1.0684887673705816,5,20,30,0,,
2026-05-16T00:54:58.399750,noisy,naive,{'bins': 5},58,2,4,ok,116,174,0.013677632436156273,1.8496648026630282,1.8711200607940555,5,12,21,0,,
2026-05-16T00:55:00.461998,noisy,naive,{'bins': 5},58,3,4,ok,174,232,0.013624204322695732,1.9975685458630323,2.0190039575099945,5,15,26,0,,
2026-05-16T00:55:01.745187,noisy,naive,{'bins': 5},58,4,4,ok,232,290,0.013509307987987995,1.2265519378706813,1.2477231537923217,5,19,28,0,,
2026-05-16T00:55:03.714283,noisy,naive,{'bins': 5},59,0,4,ok,0,59,0.013921832665801048,1.8527598259970546,1.8743680631741881,5,27,38,0,,
2026-05-16T00:55:04.683630,noisy,naive,{'bins': 5},59,1,4,ok,59,118,0.013749719597399235,0.9201347110792994,0.9413234889507294,5,28,37,0,,
2026-05-16T00:55:06.854054,noisy,naive,{'bins': 5},59,2,4,ok,118,177,0.013708491809666157,2.089705491438508,2.1110813412815332,5,7,15,0,,
2026-05-16T00:55:08.330623,noisy,naive,{'bins': 5},59,3,4,ok,177,236,0.01370272971689701,1.4210059735924006,1.442328262142837,5,29,40,0,,
2026-05-16T00:55:10.045242,noisy,naive,{'bins': 5},59,4,4,ok,236,295,0.014170428737998009,1.6527548506855965,1.6746177542954683,5,19,31,0,,
2026-05-16T00:55:12.129665,noisy,naive,{'bins': 5},60,0,4,ok,0,60,0.014086541719734669,1.9645285988226533,1.9863743390887976,5,27,38,0,,
2026-05-16T00:55:13.123179,noisy,naive,{'bins': 5},60,1,4,ok,60,120,0.014091760851442814,0.9328266344964504,0.9544956935569644,5,17,24,0,,
2026-05-16T00:55:15.378793,noisy,naive,{'bins': 5},60,2,4,ok,120,180,0.013982897624373436,2.1722549041733146,2.1942383060231805,5,7,15,0,,
2026-05-16T00:55:16.780649,noisy,naive,{'bins': 5},60,3,4,ok,180,240,0.01391853578388691,1.3470370173454285,1.3686515241861343,5,29,40,0,,
2026-05-16T00:55:18.680151,noisy,naive,{'bins': 5},60,4,4,ok,240,300,0.014154167845845222,1.833159053698182,1.8551301108673215,5,19,30,0,,
2026-05-16T00:55:20.755534,noisy,naive,{'bins': 5},61,0,4,ok,0,61,0.014423172920942307,1.9564520539715886,1.9787067733705044,5,27,38,0,,
2026-05-16T00:55:21.792149,noisy,naive,{'bins': 5},61,1,4,ok,61,122,0.014528482221066952,0.9712514011189342,0.993888639844954,5,16,22,0,,
2026-05-16T00:55:24.144293,noisy,naive,{'bins': 5},61,2,4,ok,122,183,0.01422510202974081,2.2672785436734557,2.2893766090273857,5,7,15,0,,
2026-05-16T00:55:25.548065,noisy,naive,{'bins': 5},61,3,4,ok,183,244,0.014443822205066681,1.3448031935840845,1.367207064293325,5,35,45,0,,
2026-05-16T00:55:27.181011,noisy,naive,{'bins': 5},61,4,4,ok,244,305,0.014667042531073093,1.566619511693716,1.5892401887103915,5,15,24,0,,
2026-05-16T00:55:29.330315,noisy,naive,{'bins': 5},62,0,4,ok,0,62,0.014764283783733845,2.027001364156604,2.0498497281223536,5,27,38,0,,
2026-05-16T00:55:30.374547,noisy,naive,{'bins': 5},62,1,4,ok,62,124,0.014478005468845367,0.9779395200312138,1.0006726579740644,5,16,22,0,,
2026-05-16T00:55:32.772421,noisy,naive,{'bins': 5},62,2,4,ok,124,186,0.014560540206730366,2.31015595048666,2.3331597764045,5,7,15,0,,
2026-05-16T00:55:34.484466,noisy,naive,{'bins': 5},62,3,4,ok,186,248,0.014394800178706646,1.6501086875796318,1.6729031009599566,5,33,43,0,,
2026-05-16T00:55:36.114669,noisy,naive,{'bins': 5},62,4,4,ok,248,310,0.014694462530314922,1.5633959183469415,1.5862258179113269,5,9,17,0,,
2026-05-16T00:55:38.280299,noisy,naive,{'bins': 5},63,0,4,ok,0,63,0.014752041548490524,2.042706507258117,2.0657128281891346,5,27,38,0,,
2026-05-16T00:55:39.398740,noisy,naive,{'bins': 5},63,1,4,ok,63,126,0.014700413681566715,1.055103619582951,1.077814506366849,5,16,25,0,,
2026-05-16T00:55:41.854076,noisy,naive,{'bins': 5},63,2,4,ok,126,189,0.014797727577388287,2.37951978482306,2.4023940889164805,5,11,20,0,,
2026-05-16T00:55:43.635365,noisy,naive,{'bins': 5},63,3,4,ok,189,252,0.014765516854822636,1.7183907302096486,1.7413037260994315,5,32,43,0,,
2026-05-16T00:55:44.819926,noisy,naive,{'bins': 5},63,4,4,ok,252,315,0.01500279176980257,1.0969104059040546,1.1199680538848042,5,14,22,0,,
2026-05-16T00:55:47.094206,noisy,naive,{'bins': 5},64,0,4,ok,0,64,0.015209930948913097,2.1432204637676477,2.1667833207175136,5,21,30,0,,
2026-05-16T00:55:48.207004,noisy,naive,{'bins': 5},64,1,4,ok,64,128,0.015030824579298496,1.047249261289835,1.0704635735601187,5,16,25,0,,
2026-05-16T00:55:50.580976,noisy,naive,{'bins': 5},64,2,4,ok,128,192,0.015877665020525455,2.29537614248693,2.319684088230133,5,11,20,0,,
2026-05-16T00:55:52.557852,noisy,naive,{'bins': 5},64,3,4,ok,192,256,0.01514928787946701,1.9129735883325338,1.9363580401986837,5,35,48,0,,
2026-05-16T00:55:53.709954,noisy,naive,{'bins': 5},64,4,4,ok,256,320,0.015248733572661877,1.087505728006363,1.1109572043642402,5,19,28,0,,
2026-05-16T00:55:56.140892,noisy,naive,{'bins': 5},65,0,4,ok,0,65,0.015681326389312744,2.2969368547201157,2.321065633557737,5,21,30,0,,
2026-05-16T00:55:57.252334,noisy,naive,{'bins': 5},65,1,4,ok,65,130,0.015400618314743042,1.0441030962392688,1.067887056618929,5,12,19,0,,
2026-05-16T00:55:59.715244,noisy,naive,{'bins': 5},65,2,4,ok,130,195,0.015220832079648972,2.3974813697859645,2.4211590215563774,5,25,38,0,,
2026-05-16T00:56:01.695440,noisy,naive,{'bins': 5},65,3,4,ok,195,260,0.015217465348541737,1.9158604331314564,1.9399407710880041,5,33,46,0,,
2026-05-16T00:56:02.812861,noisy,naive,{'bins': 5},65,4,4,ok,260,325,0.015247342176735401,1.0572227844968438,1.080701812170446,5,20,29,0,,
2026-05-16T00:56:05.248416,noisy,naive,{'bins': 5},66,0,4,ok,0,66,0.015493233688175678,2.301471252925694,2.3255880400538445,5,21,30,0,,
2026-05-16T00:56:06.296914,noisy,naive,{'bins': 5},66,1,4,ok,66,132,0.01550880167633295,0.9797781882807612,1.0037230411544442,5,12,19,0,,
2026-05-16T00:56:08.846374,noisy,naive,{'bins': 5},66,2,4,ok,132,198,0.015426207333803177,2.4665502896532416,2.4909766977652907,5,11,20,0,,
2026-05-16T00:56:11.033144,noisy,naive,{'bins': 5},66,3,4,ok,198,264,0.015492983162403107,2.1198439933359623,2.1438199365511537,5,28,43,0,,
2026-05-16T00:56:12.154736,noisy,naive,{'bins': 5},66,4,4,ok,264,330,0.015862436965107918,1.0538435485213995,1.078067285940051,5,16,24,0,,
2026-05-16T00:56:14.589054,noisy,naive,{'bins': 5},67,0,4,ok,0,67,0.015630842186510563,2.2980879144743085,2.3224802874028683,5,21,30,0,,
2026-05-16T00:56:15.677862,noisy,naive,{'bins': 5},67,1,4,ok,67,134,0.01575095672160387,1.019219072535634,1.0440280279144645,5,12,19,0,,
2026-05-16T00:56:18.251662,noisy,naive,{'bins': 5},67,2,4,ok,134,201,0.015639757737517357,2.491138485260308,2.5156150767579675,5,11,20,0,,
2026-05-16T00:56:19.733342,noisy,naive,{'bins': 5},67,3,4,ok,201,268,0.015889247879385948,1.418289908207953,1.442855678498745,5,29,40,0,,
2026-05-16T00:56:20.869329,noisy,naive,{'bins': 5},67,4,4,ok,268,335,0.015864108689129353,1.0661390498280525,1.090869838371873,5,19,28,0,,
2026-05-16T00:56:23.439426,noisy,naive,{'bins': 5},68,0,4,ok,0,68,0.01624395325779915,2.437754432670772,2.463011760264635,5,22,32,0,,
2026-05-16T00:56:24.633438,noisy,naive,{'bins': 5},68,1,4,ok,68,136,0.015914815478026867,1.1204182747751474,1.1450147917494178,5,12,19,0,,
2026-05-16T00:56:27.171146,noisy,naive,{'bins': 5},68,2,4,ok,136,204,0.016041642986238003,2.4530190685763955,2.478048318065703,5,11,20,0,,
2026-05-16T00:56:28.626216,noisy,naive,{'bins': 5},68,3,4,ok,204,272,0.016078501008450985,1.3873691568151116,1.4121632250025868,5,17,26,0,,
2026-05-16T00:56:29.637423,noisy,naive,{'bins': 5},68,4,4,ok,272,340,0.016336647793650627,0.9436533059924841,0.968503700569272,5,17,26,0,,
2026-05-16T00:56:32.189263,noisy,naive,{'bins': 5},69,0,4,ok,0,69,0.016392260789871216,2.4189263293519616,2.4444008553400636,5,22,32,0,,
2026-05-16T00:56:33.382476,noisy,naive,{'bins': 5},69,1,4,ok,69,138,0.016195232048630714,1.1169598009437323,1.1424835212528706,5,10,17,0,,
2026-05-16T00:56:35.973069,noisy,naive,{'bins': 5},69,2,4,ok,138,207,0.016400866210460663,2.5021524727344513,2.5276218988001347,5,11,20,0,,
2026-05-16T00:56:37.486191,noisy,naive,{'bins': 5},69,3,4,ok,207,276,0.016253670677542686,1.4424199732020497,1.4680051365867257,5,24,34,0,,
2026-05-16T00:56:38.544302,noisy,naive,{'bins': 5},69,4,4,ok,276,345,0.016330325976014137,0.9810888636857271,1.0064381649717689,5,10,19,0,,
2026-05-16T00:56:41.164310,noisy,naive,{'bins': 5},70,0,4,ok,0,70,0.01641806121915579,2.4849628964439034,2.510535136796534,5,22,32,0,,
2026-05-16T00:56:42.355252,noisy,naive,{'bins': 5},70,1,4,ok,70,140,0.01653602160513401,1.1157423481345177,1.141483354382217,5,10,17,0,,
2026-05-16T00:56:44.748126,noisy,naive,{'bins': 5},70,2,4,ok,140,210,0.016664362512528896,2.318968502804637,2.344723043963313,5,13,23,0,,
2026-05-16T00:56:46.465675,noisy,naive,{'bins': 5},70,3,4,ok,210,280,0.016314075328409672,1.645058762282133,1.6704981420189142,5,27,35,0,,
2026-05-16T00:56:47.374035,noisy,naive,{'bins': 5},70,4,4,ok,280,350,0.01642029359936714,0.8445803476497531,0.8698441786691546,5,21,32,0,,
2026-05-16T00:56:49.995151,noisy,naive,{'bins': 5},71,0,4,ok,0,71,0.016714155673980713,2.4847069093957543,2.510698706842959,5,22,32,0,,
2026-05-16T00:56:51.190375,noisy,naive,{'bins': 5},71,1,4,ok,71,142,0.01772462297230959,1.1262925695627928,1.1533510498702526,5,28,37,0,,
2026-05-16T00:56:53.652031,noisy,naive,{'bins': 5},71,2,4,ok,142,213,0.017665783874690533,2.370031020604074,2.3971499651670456,5,11,19,0,,
2026-05-16T00:56:55.277963,noisy,naive,{'bins': 5},71,3,4,ok,213,284,0.017198314890265465,1.5550569174811244,1.5814250614494085,5,24,33,0,,
2026-05-16T00:56:56.238808,noisy,naive,{'bins': 5},71,4,4,ok,284,355,0.01694534905254841,0.8941952669993043,0.9203754682093859,5,23,34,0,,
2026-05-16T00:56:59.046207,noisy,naive,{'bins': 5},72,0,4,ok,0,72,0.017330722883343697,2.668686672113836,2.6955700227990746,5,22,32,0,,
2026-05-16T00:57:00.304027,noisy,naive,{'bins': 5},72,1,4,ok,72,144,0.016927415505051613,1.1800764966756105,1.2063930733129382,5,17,25,0,,
2026-05-16T00:57:02.635860,noisy,naive,{'bins': 5},72,2,4,ok,144,216,0.01709626242518425,2.246948018670082,2.2737885490059853,5,16,26,0,,
2026-05-16T00:57:04.220782,noisy,naive,{'bins': 5},72,3,4,ok,216,288,0.017101913690567017,1.511020466685295,1.5374425128102303,5,27,35,0,,
2026-05-16T00:57:05.319257,noisy,naive,{'bins': 5},72,4,4,ok,288,360,0.016986467875540257,1.0330402432009578,1.0591560928151011,5,18,29,0,,
2026-05-16T00:57:08.219051,noisy,naive,{'bins': 5},73,0,4,ok,0,73,0.017491204664111137,2.758421378210187,2.7854244746267796,5,22,32,0,,
2026-05-16T00:57:09.540294,noisy,naive,{'bins': 5},73,1,4,ok,73,146,0.017382780089974403,1.2416847767308354,1.2685729572549462,5,17,25,0,,
2026-05-16T00:57:11.811389,noisy,naive,{'bins': 5},73,2,4,ok,146,219,0.017100251279771328,2.188145572319627,2.2148105539381504,5,16,26,0,,
2026-05-16T00:57:13.429874,noisy,naive,{'bins': 5},73,3,4,ok,219,292,0.017527242191135883,1.5421972339972854,1.5697260368615389,5,19,28,0,,
2026-05-16T00:57:14.419576,noisy,naive,{'bins': 5},73,4,4,ok,292,365,0.017470987513661385,0.923761329613626,0.9504459574818611,5,16,27,0,,
2026-05-16T00:57:17.421162,noisy,naive,{'bins': 5},74,0,4,ok,0,74,0.01725142542272806,2.857947983779013,2.885235224850476,5,22,32,0,,
2026-05-16T00:57:18.832837,noisy,naive,{'bins': 5},74,1,4,ok,74,148,0.01733093336224556,1.3308971542865038,1.35835643671453,5,17,25,0,,
2026-05-16T00:57:21.105593,noisy,naive,{'bins': 5},74,2,4,ok,148,222,0.017672445625066757,2.1861592642962933,2.2139368252828717,5,16,26,0,,
2026-05-16T00:57:22.823516,noisy,naive,{'bins': 5},74,3,4,ok,222,296,0.01738263200968504,1.640094919130206,1.6674950020387769,5,19,28,0,,
2026-05-16T00:57:23.915349,noisy,naive,{'bins': 5},74,4,4,ok,296,370,0.017419520765542984,1.0346040511503816,1.0613502664491534,5,20,33,0,,
2026-05-16T00:57:27.000983,noisy,naive,{'bins': 5},75,0,4,ok,0,75,0.01755609828978777,2.9395953584462404,2.967159118503332,5,22,32,0,,
2026-05-16T00:57:28.546827,noisy,naive,{'bins': 5},75,1,4,ok,75,150,0.017739650793373585,1.462828217074275,1.4905405351892114,5,17,25,0,,
2026-05-16T00:57:30.957662,noisy,naive,{'bins': 5},75,2,4,ok,150,225,0.017648779787123203,2.335870006121695,2.3637453597038984,5,19,33,0,,
2026-05-16T00:57:32.604018,noisy,naive,{'bins': 5},75,3,4,ok,225,300,0.017635686323046684,1.5671778256073594,1.5947708506137133,5,19,28,0,,
2026-05-16T00:57:33.705498,noisy,naive,{'bins': 5},75,4,4,ok,300,375,0.017780419439077377,1.0343884378671646,1.0622027991339564,5,15,27,0,,
2026-05-16T00:57:36.849397,noisy,naive,{'bins': 5},76,0,4,ok,0,76,0.017820192500948906,2.994192714802921,3.0221279319375753,5,22,32,0,,
2026-05-16T00:57:38.377527,noisy,naive,{'bins': 5},76,1,4,ok,76,152,0.017915462143719196,1.4399039102718234,1.4681994337588549,5,17,25,0,,
2026-05-16T00:57:40.875006,noisy,naive,{'bins': 5},76,2,4,ok,152,228,0.017780348658561707,2.4199957121163607,2.4481302639469504,5,25,35,0,,
2026-05-16T00:57:42.531807,noisy,naive,{'bins': 5},76,3,4,ok,228,304,0.017779185436666012,1.5750767905265093,1.6026906045153737,5,19,28,0,,
2026-05-16T00:57:43.660136,noisy,naive,{'bins': 5},76,4,4,ok,304,380,0.017730774357914925,1.0685204742476344,1.0963365165516734,5,20,33,0,,
2026-05-16T00:57:47.003830,noisy,naive,{'bins': 5},77,0,4,ok,0,77,0.01822574343532324,3.191311340779066,3.2198241725564003,5,22,32,0,,
2026-05-16T00:57:48.567430,noisy,naive,{'bins': 5},77,1,4,ok,77,154,0.018326123245060444,1.4741303529590368,1.5030768299475312,5,16,24,0,,
2026-05-16T00:57:51.122136,noisy,naive,{'bins': 5},77,2,4,ok,154,231,0.018868541345000267,2.475912505760789,2.5050604809075594,5,21,31,0,,
2026-05-16T00:57:52.688591,noisy,naive,{'bins': 5},77,3,4,ok,231,308,0.01858979742974043,1.4828286990523338,1.5115051474422216,5,19,28,0,,
2026-05-16T00:57:53.792801,noisy,naive,{'bins': 5},77,4,4,ok,308,385,0.018405833281576633,1.04106580093503,1.0692602051422,5,22,33,0,,
2026-05-16T00:57:57.129737,noisy,naive,{'bins': 5},78,0,4,ok,0,78,0.018627158366143703,3.1847207816317677,3.213833950459957,5,22,32,0,,
2026-05-16T00:57:58.794541,noisy,naive,{'bins': 5},78,1,4,ok,78,156,0.018863282166421413,1.5770574240013957,1.6063053365796804,5,13,21,0,,
2026-05-16T00:58:01.551713,noisy,naive,{'bins': 5},78,2,4,ok,156,234,0.018636927008628845,2.66115399915725,2.690561872906983,5,15,23,0,,
2026-05-16T00:58:03.570758,noisy,naive,{'bins': 5},78,3,4,ok,234,312,0.018252374604344368,1.9296162463724613,1.958652731962502,5,11,19,0,,
2026-05-16T00:58:04.914537,noisy,naive,{'bins': 5},78,4,4,ok,312,390,0.018626988865435123,1.2772329095751047,1.305981544777751,5,25,36,0,,
2026-05-16T00:58:07.851036,noisy,naive,{'bins': 5},79,0,4,ok,0,79,0.01859166193753481,2.78054276201874,2.8097267551347613,5,16,24,0,,
2026-05-16T00:58:09.850933,noisy,naive,{'bins': 5},79,1,4,ok,79,158,0.01850837655365467,1.9010917246341705,1.9300288539379835,5,15,23,0,,
2026-05-16T00:58:12.508142,noisy,naive,{'bins': 5},79,2,4,ok,158,237,0.018658568151295185,2.570595650933683,2.599812706001103,5,25,35,0,,
2026-05-16T00:58:13.958143,noisy,naive,{'bins': 5},79,3,4,ok,237,316,0.0184794208034873,1.3615389727056026,1.390421879477799,5,17,26,0,,
2026-05-16T00:58:15.402877,noisy,naive,{'bins': 5},79,4,4,ok,316,395,0.01840281765908003,1.3671904252842069,1.3959260564297438,5,18,28,0,,
2026-05-16T00:58:18.393102,noisy,naive,{'bins': 5},80,0,4,ok,0,80,0.018942791037261486,2.83100157789886,2.8607146544381976,5,16,24,0,,
2026-05-16T00:58:20.273644,noisy,naive,{'bins': 5},80,1,4,ok,80,160,0.019358311779797077,1.7802341589704156,1.8102362575009465,5,13,21,0,,
2026-05-16T00:58:22.884648,noisy,naive,{'bins': 5},80,2,4,ok,160,240,0.0189531110227108,2.5234962701797485,2.552972411736846,5,21,30,0,,
2026-05-16T00:58:24.412342,noisy,naive,{'bins': 5},80,3,4,ok,240,320,0.018726174719631672,1.441337000578642,1.470797622576356,5,19,28,0,,
2026-05-16T00:58:25.894619,noisy,naive,{'bins': 5},80,4,4,ok,320,400,0.01891864649951458,1.4028802663087845,1.432148126885295,5,19,29,0,,
2026-05-16T00:58:29.107261,noisy,naive,{'bins': 5},81,0,4,ok,0,81,0.01933124102652073,3.0520857805386186,3.08231898304075,5,25,35,0,,
2026-05-16T00:58:31.036502,noisy,naive,{'bins': 5},81,1,4,ok,81,162,0.019237243570387363,1.8229607427492738,1.853289294987917,5,13,21,0,,
2026-05-16T00:58:33.716792,noisy,naive,{'bins': 5},81,2,4,ok,162,243,0.018989069387316704,2.5872392719611526,2.616985601373017,5,21,30,0,,
2026-05-16T00:58:35.159299,noisy,naive,{'bins': 5},81,3,4,ok,243,324,0.01913224719464779,1.3492422858253121,1.379362516105175,5,14,22,0,,
2026-05-16T00:58:36.860192,noisy,naive,{'bins': 5},81,4,4,ok,324,405,0.019153856672346592,1.6141592133790255,1.6444657230749726,5,14,24,0,,
2026-05-16T00:58:40.155095,noisy,naive,{'bins': 5},82,0,4,ok,0,82,0.019169937819242477,3.078957986086607,3.1612796504050493,5,25,35,0,,
2026-05-16T00:58:42.282093,noisy,naive,{'bins': 5},82,1,4,ok,82,164,0.01915725413709879,2.024764157831669,2.0547641133889556,5,11,19,0,,
2026-05-16T00:58:45.253084,noisy,naive,{'bins': 5},82,2,4,ok,164,246,0.019400570541620255,2.8733652904629707,2.903666229918599,5,21,30,0,,
2026-05-16T00:58:46.807729,noisy,naive,{'bins': 5},82,3,4,ok,246,328,0.01934913545846939,1.4688563719391823,1.499297776259482,5,21,30,0,,
2026-05-16T00:58:49.170092,noisy,naive,{'bins': 5},82,4,4,ok,328,410,0.01913394033908844,2.2750484691932797,2.305096344090998,5,33,50,0,,
2026-05-16T00:58:52.487757,noisy,naive,{'bins': 5},83,0,4,ok,0,83,0.020497179590165615,3.1528883082792163,3.1847216859459877,5,25,35,0,,
2026-05-16T00:58:54.410849,noisy,naive,{'bins': 5},83,1,4,ok,83,166,0.020424733869731426,1.816511088050902,1.8478828081861138,5,13,21,0,,
2026-05-16T00:58:57.146680,noisy,naive,{'bins': 5},83,2,4,ok,166,249,0.019948190078139305,2.640885630622506,2.671887567266822,5,27,37,0,,
2026-05-16T00:58:58.629255,noisy,naive,{'bins': 5},83,3,4,ok,249,332,0.019943401217460632,1.3961372608318925,1.4267600663006306,5,21,30,0,,
2026-05-16T00:59:00.906614,noisy,naive,{'bins': 5},83,4,4,ok,332,415,0.019941757433116436,2.191201073117554,2.2220738464966416,5,30,46,0,,
2026-05-16T00:59:04.381459,noisy,naive,{'bins': 5},84,0,4,ok,0,84,0.01965741440653801,3.3080695578828454,3.3391565643250942,5,25,35,0,,
2026-05-16T00:59:06.312799,noisy,naive,{'bins': 5},84,1,4,ok,84,168,0.02018268033862114,1.8207543985918164,1.8521672170609236,5,13,21,0,,
2026-05-16T00:59:09.096628,noisy,naive,{'bins': 5},84,2,4,ok,168,252,0.02009462472051382,2.6926830103620887,2.72472152300179,5,38,51,0,,
2026-05-16T00:59:10.740631,noisy,naive,{'bins': 5},84,3,4,ok,252,336,0.019834004342556,1.5540596740320325,1.5849230494350195,5,20,29,0,,
2026-05-16T00:59:13.033373,noisy,naive,{'bins': 5},84,4,4,ok,336,420,0.01984333246946335,2.2118745865300298,2.2428795490413904,5,22,33,0,,
2026-05-16T00:59:16.560102,noisy,naive,{'bins': 5},85,0,4,ok,0,85,0.019933590665459633,3.359348686411977,3.390832426957786,5,22,33,0,,
2026-05-16T00:59:18.576537,noisy,naive,{'bins': 5},85,1,4,ok,85,170,0.020101466216146946,1.9057371141389012,1.9371847780421376,5,13,21,0,,
2026-05-16T00:59:21.189806,noisy,naive,{'bins': 5},85,2,4,ok,170,255,0.02015261258929968,2.5213481467217207,2.552964116446674,5,21,31,0,,
2026-05-16T00:59:22.690208,noisy,naive,{'bins': 5},85,3,4,ok,255,340,0.02014707215130329,1.4085390251129866,1.440278205089271,5,20,29,0,,
2026-05-16T00:59:25.217561,noisy,naive,{'bins': 5},85,4,4,ok,340,425,0.020172209478914738,2.4328712057322264,2.464807415381074,5,16,26,0,,
2026-05-16T00:59:28.893193,noisy,naive,{'bins': 5},86,0,4,ok,0,86,0.020115382969379425,3.5088494578376412,3.5404952131211758,5,22,33,0,,
2026-05-16T00:59:31.064821,noisy,naive,{'bins': 5},86,1,4,ok,86,172,0.020538357086479664,2.0607644030824304,2.092743484303355,5,11,19,0,,
2026-05-16T00:59:33.649234,noisy,naive,{'bins': 5},86,2,4,ok,172,258,0.020240578800439835,2.4914137311279774,2.5235055442899466,5,21,31,0,,
2026-05-16T00:59:35.150629,noisy,naive,{'bins': 5},86,3,4,ok,258,344,0.020331128500401974,1.4102023392915726,1.4419447761029005,5,20,29,0,,
2026-05-16T00:59:37.493047,noisy,naive,{'bins': 5},86,4,4,ok,344,430,0.020378166809678078,2.2480739103630185,2.2799916062504053,5,16,26,0,,
2026-05-16T00:59:41.193543,noisy,naive,{'bins': 5},87,0,4,ok,0,87,0.020635209046304226,3.5309097208082676,3.563347122631967,5,22,33,0,,
2026-05-16T00:59:43.227500,noisy,naive,{'bins': 5},87,1,4,ok,87,174,0.02063437830656767,1.9221888361498713,1.9545181952416897,5,15,23,0,,
2026-05-16T00:59:45.897314,noisy,naive,{'bins': 5},87,2,4,ok,174,261,0.02041006740182638,2.5259424233809114,2.6099017849192023,5,40,55,0,,
2026-05-16T00:59:47.322421,noisy,naive,{'bins': 5},87,3,4,ok,261,348,0.02077552303671837,1.3381921201944351,1.3702948428690434,5,16,26,0,,
2026-05-16T00:59:49.778357,noisy,naive,{'bins': 5},87,4,4,ok,348,435,0.02059365063905716,2.3646521493792534,2.397051719017327,5,21,32,0,,
2026-05-16T00:59:53.540052,noisy,naive,{'bins': 5},88,0,4,ok,0,88,0.021785609424114227,3.590752120129764,3.6245276546105742,5,22,33,0,,
2026-05-16T00:59:55.860330,noisy,naive,{'bins': 5},88,1,4,ok,88,176,0.021877221763134003,2.2049659872427583,2.2388472696766257,5,13,21,0,,
2026-05-16T00:59:58.547537,noisy,naive,{'bins': 5},88,2,4,ok,176,264,0.02118327934294939,2.5941115776076913,2.6270642476156354,5,36,51,0,,
2026-05-16T01:00:00.039646,noisy,naive,{'bins': 5},88,3,4,ok,264,352,0.021366792730987072,1.4022534089162946,1.4351369887590408,5,17,27,0,,
2026-05-16T01:00:02.693830,noisy,naive,{'bins': 5},88,4,4,ok,352,440,0.02117160614579916,2.5589276691898704,2.591955019161105,5,21,32,0,,
2026-05-16T01:00:06.427003,noisy,naive,{'bins': 5},89,0,4,ok,0,89,0.020913001149892807,3.560020348057151,3.5930080329999328,5,22,33,0,,
2026-05-16T01:00:08.674849,noisy,naive,{'bins': 5},89,1,4,ok,89,178,0.02084534429013729,2.133786086924374,2.166766880080104,5,15,23,0,,
2026-05-16T01:00:10.767612,noisy,naive,{'bins': 5},89,2,4,ok,178,267,0.02069971151649952,2.0022545121610165,2.0349886417388916,5,18,26,0,,
2026-05-16T01:00:12.352189,noisy,naive,{'bins': 5},89,3,4,ok,267,356,0.020794037729501724,1.4951865039765835,1.5278078308328986,5,17,27,0,,
2026-05-16T01:00:14.848624,noisy,naive,{'bins': 5},89,4,4,ok,356,445,0.020895016379654408,2.403584544546902,2.4365292098373175,5,23,36,0,,
2026-05-16T01:00:18.695713,noisy,naive,{'bins': 5},90,0,4,ok,0,90,0.021118206903338432,3.6691641556099057,3.702443108893931,5,22,33,0,,
2026-05-16T01:00:21.004511,noisy,naive,{'bins': 5},90,1,4,ok,90,180,0.02126919012516737,2.1877556359395385,2.22167154494673,5,18,25,0,,
2026-05-16T01:00:23.246526,noisy,naive,{'bins': 5},90,2,4,ok,180,270,0.02108767908066511,2.1436713440343738,2.1773520410060883,5,16,25,0,,
2026-05-16T01:00:24.671549,noisy,naive,{'bins': 5},90,3,4,ok,270,360,0.021356754004955292,1.3310705926269293,1.3647590735927224,5,20,30,0,,
2026-05-16T01:00:28.515597,noisy,naive,{'bins': 5},90,4,4,ok,360,450,0.021094242110848427,3.7175878630951047,3.7511115754023194,5,17,30,0,,
2026-05-16T01:00:32.543506,noisy,naive,{'bins': 5},91,0,4,ok,0,91,0.021425485610961914,3.851547248661518,3.885330039076507,5,22,33,0,,
2026-05-16T01:00:34.888858,noisy,naive,{'bins': 5},91,1,4,ok,91,182,0.021432576701045036,2.223166124895215,2.2570723351091146,5,18,25,0,,
2026-05-16T01:00:37.224804,noisy,naive,{'bins': 5},91,2,4,ok,182,273,0.02110598236322403,2.23835336510092,2.2718571787700057,5,16,25,0,,
2026-05-16T01:00:38.727695,noisy,naive,{'bins': 5},91,3,4,ok,273,364,0.02116748970001936,1.4056733483448625,1.438778224401176,5,26,39,0,,
2026-05-16T01:00:42.612953,noisy,naive,{'bins': 5},91,4,4,ok,364,455,0.021379128098487854,3.7561560552567244,3.790240922011435,5,14,25,0,,
2026-05-16T01:00:46.689278,noisy,naive,{'bins': 5},92,0,4,ok,0,92,0.02155904471874237,3.8992213997989893,3.9333453997969627,5,22,33,0,,
2026-05-16T01:00:49.150555,noisy,naive,{'bins': 5},92,1,4,ok,92,184,0.021638303995132446,2.337247585877776,2.371485188603401,5,18,25,0,,
2026-05-16T01:00:51.423080,noisy,naive,{'bins': 5},92,2,4,ok,184,276,0.022974391467869282,2.172269565053284,2.2078348407521844,5,16,25,0,,
2026-05-16T01:00:52.959557,noisy,naive,{'bins': 5},92,3,4,ok,276,368,0.02210982795804739,1.4401886137202382,1.4746374227106571,5,26,39,0,,
2026-05-16T01:00:56.661430,noisy,naive,{'bins': 5},92,4,4,ok,368,460,0.02208500262349844,3.5735550466924906,3.6082188012078404,5,14,25,0,,
2026-05-16T01:01:00.743328,noisy,naive,{'bins': 5},93,0,4,ok,0,93,0.02219198364764452,3.9033559523522854,3.938425456173718,5,22,33,0,,
2026-05-16T01:01:03.415408,noisy,naive,{'bins': 5},93,1,4,ok,93,186,0.022217349149286747,2.545517177321017,2.5806110873818398,5,19,26,0,,
2026-05-16T01:01:05.879988,noisy,naive,{'bins': 5},93,2,4,ok,186,279,0.022205820307135582,2.36851554736495,2.403328531421721,5,17,26,0,,
2026-05-16T01:01:07.239913,noisy,naive,{'bins': 5},93,3,4,ok,279,372,0.021822120063006878,1.2642956469208002,1.2982671102508903,5,11,20,0,,
2026-05-16T01:01:11.151966,noisy,naive,{'bins': 5},93,4,4,ok,372,465,0.021726319566369057,3.77353285998106,3.8084206245839596,5,14,25,0,,
2026-05-16T01:01:15.250647,noisy,naive,{'bins': 5},94,0,4,ok,0,94,0.02240902092307806,3.9023491693660617,3.9381247498095036,5,17,27,0,,
2026-05-16T01:01:17.908628,noisy,naive,{'bins': 5},94,1,4,ok,94,188,0.02224111557006836,2.529259692877531,2.564891134388745,5,19,26,0,,
2026-05-16T01:01:20.486474,noisy,naive,{'bins': 5},94,2,4,ok,188,282,0.022125348448753357,2.4813952334225178,2.516370882280171,5,17,26,0,,
2026-05-16T01:01:21.846983,noisy,naive,{'bins': 5},94,3,4,ok,282,376,0.021954798139631748,1.2737521287053823,1.3081391919404268,5,23,36,0,,
2026-05-16T01:01:25.406221,noisy,naive,{'bins': 5},94,4,4,ok,376,470,0.022252576425671577,3.423904439434409,3.4589774208143353,5,14,24,0,,
2026-05-16T01:01:29.599404,noisy,naive,{'bins': 5},95,0,4,ok,0,95,0.022257686592638493,3.99572616443038,4.03101309761405,5,17,27,0,,
2026-05-16T01:01:32.090420,noisy,naive,{'bins': 5},95,1,4,ok,95,190,0.022396146319806576,2.366660602390766,2.4021067256107926,5,16,23,0,,
2026-05-16T01:01:34.680588,noisy,naive,{'bins': 5},95,2,4,ok,190,285,0.022493419237434864,2.491067551076412,2.5265387604013085,5,17,26,0,,
2026-05-16T01:01:36.111799,noisy,naive,{'bins': 5},95,3,4,ok,285,380,0.022163170389831066,1.3452020725235343,1.3799588102847338,5,21,33,0,,
2026-05-16T01:01:39.953464,noisy,naive,{'bins': 5},95,4,4,ok,380,475,0.02224424108862877,3.731049718335271,3.766384782269597,5,23,37,0,,
2026-05-16T01:01:44.085843,noisy,naive,{'bins': 5},96,0,4,ok,0,96,0.022641767747700214,3.882524506188929,3.9706622259691358,5,17,27,0,,
2026-05-16T01:01:46.769123,noisy,naive,{'bins': 5},96,1,4,ok,96,192,0.022732287645339966,2.553099079988897,2.5895330477505922,5,27,35,0,,
2026-05-16T01:01:49.304910,noisy,naive,{'bins': 5},96,2,4,ok,192,288,0.022751283831894398,2.43526254221797,2.4710216615349054,5,32,43,0,,
2026-05-16T01:01:50.801290,noisy,naive,{'bins': 5},96,3,4,ok,288,384,0.023840046487748623,1.4043582817539573,1.4411194622516632,5,23,36,0,,
2026-05-16T01:01:55.020347,noisy,naive,{'bins': 5},96,4,4,ok,384,480,0.02321572508662939,4.083253560587764,4.1197982067242265,5,15,26,0,,
2026-05-16T01:01:59.186745,noisy,naive,{'bins': 5},97,0,4,ok,0,97,0.02323851827532053,3.9664395339787006,4.0031336192041636,5,17,27,0,,
2026-05-16T01:02:01.929469,noisy,naive,{'bins': 5},97,1,4,ok,97,194,0.023080633021891117,2.607365809381008,2.6439662305638194,5,27,35,0,,
2026-05-16T01:02:04.494474,noisy,naive,{'bins': 5},97,2,4,ok,194,291,0.023171923123300076,2.4547524265944958,2.4912365870550275,5,20,28,0,,
2026-05-16T01:02:06.241772,noisy,naive,{'bins': 5},97,3,4,ok,291,388,0.022597785107791424,1.6612287480384111,1.6969658369198442,5,24,37,0,,
2026-05-16T01:02:10.464780,noisy,naive,{'bins': 5},97,4,4,ok,388,485,0.02290278673171997,4.076586198993027,4.11288424115628,5,15,26,0,,
2026-05-16T01:02:14.755249,noisy,naive,{'bins': 5},98,0,4,ok,0,98,0.02300605271011591,4.088475967757404,4.125303185544908,5,17,27,0,,
2026-05-16T01:02:17.490302,noisy,naive,{'bins': 5},98,1,4,ok,98,196,0.023252014070749283,2.597346751950681,2.6343135302886367,5,27,35,0,,
2026-05-16T01:02:20.235782,noisy,naive,{'bins': 5},98,2,4,ok,196,294,0.023153269663453102,2.6218151496723294,2.658456697128713,5,28,37,0,,
2026-05-16T01:02:21.953233,noisy,naive,{'bins': 5},98,3,4,ok,294,392,0.0232884818688035,1.631239746697247,1.6677911952137947,5,25,38,0,,
2026-05-16T01:02:25.931434,noisy,naive,{'bins': 5},98,4,4,ok,392,490,0.023180889897048473,3.8365049492567778,3.873256574384868,5,21,31,0,,
2026-05-16T01:02:30.475603,noisy,naive,{'bins': 5},99,0,4,ok,0,99,0.023564109578728676,4.337657864205539,4.375027569010854,5,17,27,0,,
2026-05-16T01:02:33.235279,noisy,naive,{'bins': 5},99,1,4,ok,99,198,0.02359583880752325,2.619242592714727,2.6566229974851012,5,27,35,0,,
2026-05-16T01:02:36.086138,noisy,naive,{'bins': 5},99,2,4,ok,198,297,0.02324896864593029,2.7281027790158987,2.7651058556512,5,28,37,0,,
2026-05-16T01:02:37.752580,noisy,naive,{'bins': 5},99,3,4,ok,297,396,0.023407255299389362,1.5780026782304049,1.6150460299104452,5,25,38,0,,
2026-05-16T01:02:41.497451,noisy,naive,{'bins': 5},99,4,4,ok,396,495,0.023582554422318935,3.5969342086464167,3.634880306199193,5,27,40,0,,
2026-05-16T01:02:45.992588,noisy,naive,{'bins': 5},100,0,4,ok,0,100,0.023653448559343815,4.283904029987752,4.321385224349797,5,17,27,0,,
2026-05-16T01:02:48.934757,noisy,naive,{'bins': 5},100,1,4,ok,100,200,0.024005750194191933,2.799768280237913,2.8376329448074102,5,27,35,0,,
2026-05-16T01:02:51.705997,noisy,naive,{'bins': 5},100,2,4,ok,200,300,0.024685445241630077,2.646218115463853,2.684922557324171,5,28,37,0,,
2026-05-16T01:02:53.513837,noisy,naive,{'bins': 5},100,3,4,ok,300,400,0.024296995252370834,1.6826606336981058,1.7204651143401861,5,13,23,0,,
2026-05-16T01:02:55.438594,noisy,naive,{'bins': 5},100,4,4,ok,400,500,0.024579117074608803,1.8158528804779053,1.8540026806294918,5,17,26,0,,
2026-05-16T01:02:55.662835,noisy,sax,"{'w': 144, 'bins': 5}",1,0,4,ok,0,1,0.011715571396052837,0.005749817006289959,0.017720687203109264,5,13,15,0,,
2026-05-16T01:02:55.697269,noisy,sax,"{'w': 144, 'bins': 5}",1,1,4,ok,1,2,0.011118568480014801,0.021532035432755947,0.03283994924277067,5,20,25,0,,
2026-05-16T01:02:55.718926,noisy,sax,"{'w': 144, 'bins': 5}",1,2,4,ok,2,3,0.011177108623087406,0.009034276008605957,0.020394258201122284,5,18,20,0,,
2026-05-16T01:02:55.734182,noisy,sax,"{'w': 144, 'bins': 5}",1,3,4,ok,3,4,0.011054899543523788,0.002950260415673256,0.014168757013976574,5,14,15,0,,
2026-05-16T01:02:55.752162,noisy,sax,"{'w': 144, 'bins': 5}",1,4,4,ok,4,5,0.011189842596650124,0.005442090332508087,0.016795679926872253,5,11,13,0,,
2026-05-16T01:02:55.874704,noisy,sax,"{'w': 144, 'bins': 5}",2,0,4,ok,0,2,0.02210506983101368,0.022623994387686253,0.0450739823281765,5,17,22,0,,
2026-05-16T01:02:55.906895,noisy,sax,"{'w': 144, 'bins': 5}",2,1,4,ok,2,4,0.02178371697664261,0.008762264624238014,0.030773899517953396,5,16,17,0,,
2026-05-16T01:02:55.958143,noisy,sax,"{'w': 144, 'bins': 5}",2,2,4,ok,4,6,0.021838190034031868,0.027181011624634266,0.04926500283181667,5,13,17,0,,
2026-05-16T01:02:55.983063,noisy,sax,"{'w': 144, 'bins': 5}",2,3,4,ok,6,8,0.021792292594909668,0.0019114082679152489,0.023913845419883728,5,5,6,0,,
2026-05-16T01:02:56.012516,noisy,sax,"{'w': 144, 'bins': 5}",2,4,4,ok,8,10,0.021762466989457607,0.006363430060446262,0.02833871729671955,5,22,23,0,,
2026-05-16T01:02:56.136061,noisy,sax,"{'w': 144, 'bins': 5}",3,0,4,ok,0,3,0.033089376986026764,0.01351742260158062,0.04697495140135288,5,7,11,0,,
2026-05-16T01:02:56.227238,noisy,sax,"{'w': 144, 'bins': 5}",3,1,4,ok,3,6,0.03286050818860531,0.0556341540068388,0.08880871161818504,5,23,30,0,,
2026-05-16T01:02:56.265561,noisy,sax,"{'w': 144, 'bins': 5}",3,2,4,ok,6,9,0.03273858781903982,0.0036840075626969337,0.03668804466724396,5,14,15,0,,
2026-05-16T01:02:56.312606,noisy,sax,"{'w': 144, 'bins': 5}",3,3,4,ok,9,12,0.03270604647696018,0.012606902979314327,0.045594739727675915,5,14,18,0,,
2026-05-16T01:02:56.380501,noisy,sax,"{'w': 144, 'bins': 5}",3,4,4,ok,12,15,0.03256971202790737,0.03319160919636488,0.06606336776167154,5,10,17,0,,
2026-05-16T01:02:56.529866,noisy,sax,"{'w': 144, 'bins': 5}",4,0,4,ok,0,4,0.04400133807212114,0.027027533389627934,0.07147675286978483,5,19,24,0,,
2026-05-16T01:02:56.581928,noisy,sax,"{'w': 144, 'bins': 5}",4,1,4,ok,4,8,0.043654837645590305,0.006657160818576813,0.05063803028315306,5,16,18,0,,
2026-05-16T01:02:56.656635,noisy,sax,"{'w': 144, 'bins': 5}",4,2,4,ok,8,12,0.04303992260247469,0.029438761994242668,0.0728257168084383,5,34,38,0,,
2026-05-16T01:02:56.743184,noisy,sax,"{'w': 144, 'bins': 5}",4,3,4,ok,12,16,0.043460942804813385,0.04078155197203159,0.08460660837590694,5,15,21,0,,
2026-05-16T01:02:56.805959,noisy,sax,"{'w': 144, 'bins': 5}",4,4,4,ok,16,20,0.04326700046658516,0.017335562966763973,0.06093864422291517,5,14,17,0,,
2026-05-16T01:02:56.986752,noisy,sax,"{'w': 144, 'bins': 5}",5,0,4,ok,0,5,0.05435874778777361,0.04748742561787367,0.10238371323794127,5,25,32,0,,
2026-05-16T01:02:57.070556,noisy,sax,"{'w': 144, 'bins': 5}",5,1,4,ok,5,10,0.05402953922748566,0.02681728918105364,0.08126912172883749,5,16,21,0,,
2026-05-16T01:02:57.192683,noisy,sax,"{'w': 144, 'bins': 5}",5,2,4,ok,10,15,0.05425505340099335,0.06466345861554146,0.11934659536927938,5,29,36,0,,
2026-05-16T01:02:57.279785,noisy,sax,"{'w': 144, 'bins': 5}",5,3,4,ok,15,20,0.05413663014769554,0.03063789289444685,0.08518375176936388,5,15,21,0,,
2026-05-16T01:02:57.357744,noisy,sax,"{'w': 144, 'bins': 5}",5,4,4,ok,20,25,0.05412368569523096,0.02148402389138937,0.0760010089725256,5,8,13,0,,
2026-05-16T01:02:57.614314,noisy,sax,"{'w': 144, 'bins': 5}",6,0,4,ok,0,6,0.06535552814602852,0.11088249087333679,0.17682990059256554,5,4,10,0,,
2026-05-16T01:02:57.706197,noisy,sax,"{'w': 144, 'bins': 5}",6,1,4,ok,6,12,0.06502521689981222,0.02410089783370495,0.08960631676018238,5,19,24,0,,
2026-05-16T01:02:57.810775,noisy,sax,"{'w': 144, 'bins': 5}",6,2,4,ok,12,18,0.06548889819532633,0.036582887172698975,0.1025295052677393,5,23,29,0,,
2026-05-16T01:02:57.956765,noisy,sax,"{'w': 144, 'bins': 5}",6,3,4,ok,18,24,0.06563474237918854,0.07707064878195524,0.1432218011468649,5,23,31,0,,
2026-05-16T01:02:58.080772,noisy,sax,"{'w': 144, 'bins': 5}",6,4,4,ok,24,30,0.06432899087667465,0.056625815108418465,0.12142169289290905,5,32,40,0,,
2026-05-16T01:02:58.322369,noisy,sax,"{'w': 144, 'bins': 5}",7,0,4,ok,0,7,0.07622326631098986,0.08574521727859974,0.16263185907155275,5,4,10,0,,
2026-05-16T01:02:58.449778,noisy,sax,"{'w': 144, 'bins': 5}",7,1,4,ok,7,14,0.07540414854884148,0.0491473414003849,0.12507439218461514,5,36,44,0,,
2026-05-16T01:02:58.575449,noisy,sax,"{'w': 144, 'bins': 5}",7,2,4,ok,14,21,0.07602864038199186,0.04659582953900099,0.12315204087644815,5,25,30,0,,
2026-05-16T01:02:58.697760,noisy,sax,"{'w': 144, 'bins': 5}",7,3,4,ok,21,28,0.07496852986514568,0.04433250054717064,0.11981521546840668,5,30,37,0,,
2026-05-16T01:02:58.810688,noisy,sax,"{'w': 144, 'bins': 5}",7,4,4,ok,28,35,0.07564881816506386,0.03456201311200857,0.1107331020757556,5,27,34,0,,
2026-05-16T01:02:59.019682,noisy,sax,"{'w': 144, 'bins': 5}",8,0,4,ok,0,8,0.08692222740501165,0.04327433183789253,0.1308613484725356,5,20,25,0,,
2026-05-16T01:02:59.181892,noisy,sax,"{'w': 144, 'bins': 5}",8,1,4,ok,8,16,0.08620954863727093,0.07245625276118517,0.1592820594087243,5,29,38,0,,
2026-05-16T01:02:59.332210,noisy,sax,"{'w': 144, 'bins': 5}",8,2,4,ok,16,24,0.086893854662776,0.0601393124088645,0.14764247089624405,5,25,34,0,,
2026-05-16T01:02:59.476542,noisy,sax,"{'w': 144, 'bins': 5}",8,3,4,ok,24,32,0.08619220554828644,0.055196791887283325,0.14197626058012247,5,30,38,0,,
2026-05-16T01:02:59.622001,noisy,sax,"{'w': 144, 'bins': 5}",8,4,4,ok,32,40,0.0863155173137784,0.05620122794061899,0.14309572242200375,5,29,38,0,,
2026-05-16T01:02:59.878485,noisy,sax,"{'w': 144, 'bins': 5}",9,0,4,ok,0,9,0.09819689858704805,0.07845521718263626,0.1773797431960702,5,22,30,0,,
2026-05-16T01:03:00.033102,noisy,sax,"{'w': 144, 'bins': 5}",9,1,4,ok,9,18,0.09693087264895439,0.0542729664593935,0.15186083316802979,5,28,35,0,,
2026-05-16T01:03:00.195318,noisy,sax,"{'w': 144, 'bins': 5}",9,2,4,ok,18,27,0.09670712240040302,0.062177070416510105,0.15952358301728964,5,19,28,0,,
2026-05-16T01:03:00.359732,noisy,sax,"{'w': 144, 'bins': 5}",9,3,4,ok,27,36,0.09734053071588278,0.06353799533098936,0.1615167846903205,5,17,27,0,,
2026-05-16T01:03:00.558937,noisy,sax,"{'w': 144, 'bins': 5}",9,4,4,ok,36,45,0.09761183150112629,0.09807198587805033,0.19633211381733418,5,18,28,0,,
2026-05-16T01:03:00.849498,noisy,sax,"{'w': 144, 'bins': 5}",10,0,4,ok,0,10,0.10807380732148886,0.10286043863743544,0.2118661254644394,5,21,29,0,,
2026-05-16T01:03:01.094623,noisy,sax,"{'w': 144, 'bins': 5}",10,1,4,ok,10,20,0.10745702777057886,0.13251912221312523,0.24085313733667135,5,35,44,0,,
2026-05-16T01:03:01.300403,noisy,sax,"{'w': 144, 'bins': 5}",10,2,4,ok,20,30,0.1076370682567358,0.09387000370770693,0.20255901664495468,5,20,29,0,,
2026-05-16T01:03:01.490004,noisy,sax,"{'w': 144, 'bins': 5}",10,3,4,ok,30,40,0.10745466500520706,0.07792059425264597,0.1862552911043167,5,10,16,0,,
2026-05-16T01:03:01.702656,noisy,sax,"{'w': 144, 'bins': 5}",10,4,4,ok,40,50,0.10840140283107758,0.10022738203406334,0.20948235783725977,5,16,24,0,,
2026-05-16T01:03:02.012927,noisy,sax,"{'w': 144, 'bins': 5}",11,0,4,ok,0,11,0.118894437327981,0.110324302688241,0.23023024015128613,5,25,35,0,,
2026-05-16T01:03:02.256593,noisy,sax,"{'w': 144, 'bins': 5}",11,1,4,ok,11,22,0.11851184908300638,0.11960127390921116,0.23903232906013727,5,15,22,0,,
2026-05-16T01:03:02.477984,noisy,sax,"{'w': 144, 'bins': 5}",11,2,4,ok,22,33,0.11881951615214348,0.0981584470719099,0.21807251870632172,5,17,27,0,,
2026-05-16T01:03:02.715337,noisy,sax,"{'w': 144, 'bins': 5}",11,3,4,ok,33,44,0.11842528451234102,0.11528844479471445,0.23461543396115303,5,12,18,0,,
2026-05-16T01:03:02.924358,noisy,sax,"{'w': 144, 'bins': 5}",11,4,4,ok,44,55,0.11913001909852028,0.08572162315249443,0.20575205329805613,5,21,32,0,,
2026-05-16T01:03:03.273588,noisy,sax,"{'w': 144, 'bins': 5}",12,0,4,ok,0,12,0.1302961679175496,0.13792425207793713,0.26935287564992905,5,7,15,0,,
2026-05-16T01:03:03.511942,noisy,sax,"{'w': 144, 'bins': 5}",12,1,4,ok,12,24,0.13003864418715239,0.10386852081865072,0.23489193338900805,5,19,27,0,,
2026-05-16T01:03:03.732220,noisy,sax,"{'w': 144, 'bins': 5}",12,2,4,ok,24,36,0.1289751073345542,0.08741522300988436,0.21739022713154554,5,17,25,0,,
2026-05-16T01:03:03.991953,noisy,sax,"{'w': 144, 'bins': 5}",12,3,4,ok,36,48,0.129432225599885,0.1259097196161747,0.25634235329926014,5,13,23,0,,
2026-05-16T01:03:04.204306,noisy,sax,"{'w': 144, 'bins': 5}",12,4,4,ok,48,60,0.12915694806724787,0.0782783841714263,0.20858845859766006,5,13,18,0,,
2026-05-16T01:03:04.567063,noisy,sax,"{'w': 144, 'bins': 5}",13,0,4,ok,0,13,0.14055469166487455,0.13992560002952814,0.28168876096606255,5,27,37,0,,
2026-05-16T01:03:04.821687,noisy,sax,"{'w': 144, 'bins': 5}",13,1,4,ok,13,26,0.13949143514037132,0.11032015644013882,0.2510471809655428,5,7,13,0,,
2026-05-16T01:03:05.117266,noisy,sax,"{'w': 144, 'bins': 5}",13,2,4,ok,26,39,0.139891617000103,0.15105062071233988,0.29198888316750526,5,22,33,0,,
2026-05-16T01:03:05.362998,noisy,sax,"{'w': 144, 'bins': 5}",13,3,4,ok,39,52,0.13953660055994987,0.10133963264524937,0.24213156942278147,5,25,36,0,,
2026-05-16T01:03:05.588603,noisy,sax,"{'w': 144, 'bins': 5}",13,4,4,ok,52,65,0.14073391817510128,0.0797357615083456,0.2215426955372095,5,34,42,0,,
2026-05-16T01:03:05.954674,noisy,sax,"{'w': 144, 'bins': 5}",14,0,4,ok,0,14,0.1513267094269395,0.13353506103157997,0.28611195739358664,5,18,29,0,,
2026-05-16T01:03:06.272710,noisy,sax,"{'w': 144, 'bins': 5}",14,1,4,ok,14,28,0.15092023648321629,0.16204267460852861,0.31413108482956886,5,18,27,0,,
2026-05-16T01:03:06.513156,noisy,sax,"{'w': 144, 'bins': 5}",14,2,4,ok,28,42,0.15031829569488764,0.08558378461748362,0.2371825147420168,5,20,29,0,,
2026-05-16T01:03:06.844914,noisy,sax,"{'w': 144, 'bins': 5}",14,3,4,ok,42,56,0.15010233130306005,0.17591871973127127,0.32719337195158005,5,34,48,0,,
2026-05-16T01:03:07.153080,noisy,sax,"{'w': 144, 'bins': 5}",14,4,4,ok,56,70,0.15060498472303152,0.15183041710406542,0.3038284070789814,5,43,55,0,,
2026-05-16T01:03:07.538630,noisy,sax,"{'w': 144, 'bins': 5}",15,0,4,ok,0,15,0.1609861794859171,0.14151762053370476,0.30382972955703735,5,43,53,0,,
2026-05-16T01:03:07.866394,noisy,sax,"{'w': 144, 'bins': 5}",15,1,4,ok,15,30,0.16198868211358786,0.1598626682534814,0.3231058865785599,5,28,38,0,,
2026-05-16T01:03:08.168841,noisy,sax,"{'w': 144, 'bins': 5}",15,2,4,ok,30,45,0.16109276935458183,0.1362577322870493,0.29867253452539444,5,17,30,0,,
2026-05-16T01:03:08.484691,noisy,sax,"{'w': 144, 'bins': 5}",15,3,4,ok,45,60,0.16143090464174747,0.14874424133449793,0.31144092231988907,5,12,24,0,,
2026-05-16T01:03:08.799016,noisy,sax,"{'w': 144, 'bins': 5}",15,4,4,ok,60,75,0.16135259810835123,0.14701844938099384,0.309650169685483,5,29,38,0,,
2026-05-16T01:03:09.213573,noisy,sax,"{'w': 144, 'bins': 5}",16,0,4,ok,0,16,0.1723314030095935,0.15923677384853363,0.33315450605005026,5,31,42,0,,
2026-05-16T01:03:09.516259,noisy,sax,"{'w': 144, 'bins': 5}",16,1,4,ok,16,32,0.17163303308188915,0.12554189004004002,0.2984873866662383,5,30,39,0,,
2026-05-16T01:03:09.869931,noisy,sax,"{'w': 144, 'bins': 5}",16,2,4,ok,32,48,0.17149429116398096,0.17616611532866955,0.34899473190307617,5,27,39,0,,
2026-05-16T01:03:10.154671,noisy,sax,"{'w': 144, 'bins': 5}",16,3,4,ok,48,64,0.17225066293030977,0.10705067589879036,0.2806140035390854,5,31,39,0,,
2026-05-16T01:03:10.502509,noisy,sax,"{'w': 144, 'bins': 5}",16,4,4,ok,64,80,0.1716056214645505,0.16934402287006378,0.3422730900347233,5,41,53,0,,
2026-05-16T01:03:10.970916,noisy,sax,"{'w': 144, 'bins': 5}",17,0,4,ok,0,17,0.18361662607640028,0.20136353187263012,0.3865162329748273,5,23,33,0,,
2026-05-16T01:03:11.350340,noisy,sax,"{'w': 144, 'bins': 5}",17,1,4,ok,17,34,0.18441602773964405,0.18909902125597,0.3748790202662349,5,35,49,0,,
2026-05-16T01:03:11.878282,noisy,sax,"{'w': 144, 'bins': 5}",17,2,4,ok,34,51,0.18325563799589872,0.3388308556750417,0.5235118409618735,5,31,47,0,,
2026-05-16T01:03:12.214725,noisy,sax,"{'w': 144, 'bins': 5}",17,3,4,ok,51,68,0.18311374075710773,0.14754530042409897,0.33202001731842756,5,5,13,0,,
2026-05-16T01:03:12.536935,noisy,sax,"{'w': 144, 'bins': 5}",17,4,4,ok,68,85,0.18260354455560446,0.13347842264920473,0.31754873134195805,5,21,31,0,,
2026-05-16T01:03:12.992113,noisy,sax,"{'w': 144, 'bins': 5}",18,0,4,ok,0,18,0.19474600441753864,0.17720171064138412,0.37345911376178265,5,21,29,0,,
2026-05-16T01:03:13.384132,noisy,sax,"{'w': 144, 'bins': 5}",18,1,4,ok,18,36,0.19183283485472202,0.1940282480791211,0.38734021037817,5,27,36,0,,
2026-05-16T01:03:13.779380,noisy,sax,"{'w': 144, 'bins': 5}",18,2,4,ok,36,54,0.1934532281011343,0.19547025579959154,0.39037854596972466,5,32,47,0,,
2026-05-16T01:03:14.140572,noisy,sax,"{'w': 144, 'bins': 5}",18,3,4,ok,54,72,0.19338643178343773,0.16163150127977133,0.35645695496350527,5,26,37,0,,
2026-05-16T01:03:14.500825,noisy,sax,"{'w': 144, 'bins': 5}",18,4,4,ok,72,90,0.19322097208350897,0.159805903211236,0.3545748023316264,5,23,34,0,,
2026-05-16T01:03:14.986941,noisy,sax,"{'w': 144, 'bins': 5}",19,0,4,ok,0,19,0.20412063971161842,0.1983314687386155,0.40405732300132513,5,26,38,0,,
2026-05-16T01:03:15.399700,noisy,sax,"{'w': 144, 'bins': 5}",19,1,4,ok,19,38,0.20435102190822363,0.20029796194285154,0.406209303997457,5,44,55,0,,
2026-05-16T01:03:15.875693,noisy,sax,"{'w': 144, 'bins': 5}",19,2,4,ok,38,57,0.2045596046373248,0.26415681932121515,0.4703342318534851,5,16,27,0,,
2026-05-16T01:03:16.359156,noisy,sax,"{'w': 144, 'bins': 5}",19,3,4,ok,57,76,0.20488529466092587,0.27170403208583593,0.47815232165157795,5,20,32,0,,
2026-05-16T01:03:16.803607,noisy,sax,"{'w': 144, 'bins': 5}",19,4,4,ok,76,95,0.20282634906470776,0.23511419165879488,0.43928488437086344,5,5,13,0,,
2026-05-16T01:03:17.307531,noisy,sax,"{'w': 144, 'bins': 5}",20,0,4,ok,0,20,0.2162381261587143,0.20448236726224422,0.4222761048004031,5,14,22,0,,
2026-05-16T01:03:17.756797,noisy,sax,"{'w': 144, 'bins': 5}",20,1,4,ok,20,40,0.21490239724516869,0.227054325863719,0.44344161078333855,5,31,43,0,,
2026-05-16T01:03:18.176224,noisy,sax,"{'w': 144, 'bins': 5}",20,2,4,ok,40,60,0.21566965710371733,0.1928923148661852,0.41012541856616735,5,39,52,0,,
2026-05-16T01:03:18.536999,noisy,sax,"{'w': 144, 'bins': 5}",20,3,4,ok,60,80,0.21510482672601938,0.13883615471422672,0.355550654232502,5,13,21,0,,
2026-05-16T01:03:19.056968,noisy,sax,"{'w': 144, 'bins': 5}",20,4,4,ok,80,100,0.2152448995038867,0.29708482325077057,0.5138273453339934,5,23,38,0,,
2026-05-16T01:03:19.615878,noisy,sax,"{'w': 144, 'bins': 5}",21,0,4,ok,0,21,0.2254381412640214,0.2485086852684617,0.4755736216902733,5,40,53,0,,
2026-05-16T01:03:20.077149,noisy,sax,"{'w': 144, 'bins': 5}",21,1,4,ok,21,42,0.22509452514350414,0.22789208870381117,0.45451953262090683,5,45,57,0,,
2026-05-16T01:03:20.542831,noisy,sax,"{'w': 144, 'bins': 5}",21,2,4,ok,42,63,0.22566753160208464,0.23322199750691652,0.46036992967128754,5,27,40,0,,
2026-05-16T01:03:20.988331,noisy,sax,"{'w': 144, 'bins': 5}",21,3,4,ok,63,84,0.22702575288712978,0.210830170661211,0.43936513736844063,5,37,50,0,,
2026-05-16T01:03:21.529069,noisy,sax,"{'w': 144, 'bins': 5}",21,4,4,ok,84,105,0.2286777552217245,0.3037825608626008,0.5340613527223468,5,39,55,0,,
2026-05-16T01:03:22.107316,noisy,sax,"{'w': 144, 'bins': 5}",22,0,4,ok,0,22,0.23730772081762552,0.25656978227198124,0.49568329378962517,5,3,10,0,,
2026-05-16T01:03:22.928317,noisy,sax,"{'w': 144, 'bins': 5}",22,1,4,ok,22,44,0.23677910771220922,0.5749648828059435,0.8134410083293915,5,45,66,0,,
2026-05-16T01:03:23.306175,noisy,sax,"{'w': 144, 'bins': 5}",22,2,4,ok,44,66,0.23722494579851627,0.13383685890585184,0.3726088488474488,5,27,35,0,,
2026-05-16T01:03:23.822743,noisy,sax,"{'w': 144, 'bins': 5}",22,3,4,ok,66,88,0.23773936182260513,0.2711487589403987,0.5105039840564132,5,12,22,0,,
2026-05-16T01:03:24.382506,noisy,sax,"{'w': 144, 'bins': 5}",22,4,4,ok,88,110,0.23526303097605705,0.31665826961398125,0.5535322362557054,5,11,19,0,,
2026-05-16T01:03:24.958669,noisy,sax,"{'w': 144, 'bins': 5}",23,0,4,ok,0,23,0.24772304948419333,0.24464382696896791,0.4941039886325598,5,30,45,0,,
2026-05-16T01:03:25.582303,noisy,sax,"{'w': 144, 'bins': 5}",23,1,4,ok,23,46,0.24787288065999746,0.3665293212980032,0.6161251971498132,5,46,63,0,,
2026-05-16T01:03:26.046078,noisy,sax,"{'w': 144, 'bins': 5}",23,2,4,ok,46,69,0.24732088297605515,0.20886398665606976,0.45793076884001493,5,12,20,0,,
2026-05-16T01:03:26.588579,noisy,sax,"{'w': 144, 'bins': 5}",23,3,4,ok,69,92,0.24763441365212202,0.2862420631572604,0.5355103146284819,5,54,74,0,,
2026-05-16T01:03:27.294318,noisy,sax,"{'w': 144, 'bins': 5}",23,4,4,ok,92,115,0.24825108144432306,0.44815268740057945,0.6982126766815782,5,50,69,0,,
2026-05-16T01:03:27.965664,noisy,sax,"{'w': 144, 'bins': 5}",24,0,4,ok,0,24,0.2590705994516611,0.32727350387722254,0.588183687068522,5,30,43,0,,
2026-05-16T01:03:28.639304,noisy,sax,"{'w': 144, 'bins': 5}",24,1,4,ok,24,48,0.25741623155772686,0.4070147266611457,0.6661497754976153,5,25,37,0,,
2026-05-16T01:03:29.114528,noisy,sax,"{'w': 144, 'bins': 5}",24,2,4,ok,48,72,0.2575671449303627,0.2093803770840168,0.46871510054916143,5,4,11,0,,
2026-05-16T01:03:29.678185,noisy,sax,"{'w': 144, 'bins': 5}",24,3,4,ok,72,96,0.3084366898983717,0.24685962963849306,0.5571594778448343,5,26,38,0,,
2026-05-16T01:03:30.620805,noisy,sax,"{'w': 144, 'bins': 5}",24,4,4,ok,96,120,0.2584552522748709,0.6744069121778011,0.9347124695777893,5,12,23,0,,
2026-05-16T01:03:31.269065,noisy,sax,"{'w': 144, 'bins': 5}",25,0,4,ok,0,25,0.270197244361043,0.2931197974830866,0.5651833256706595,5,34,49,0,,
2026-05-16T01:03:31.861520,noisy,sax,"{'w': 144, 'bins': 5}",25,1,4,ok,25,50,0.2682703733444214,0.3153937663882971,0.5854794289916754,5,31,42,0,,
2026-05-16T01:03:32.373313,noisy,sax,"{'w': 144, 'bins': 5}",25,2,4,ok,50,75,0.26799990609288216,0.23462176695466042,0.5045022834092379,5,35,46,0,,
2026-05-16T01:03:32.955447,noisy,sax,"{'w': 144, 'bins': 5}",25,3,4,ok,75,100,0.26936925761401653,0.30406375974416733,0.5752812884747982,5,18,28,0,,
2026-05-16T01:03:33.597863,noisy,sax,"{'w': 144, 'bins': 5}",25,4,4,ok,100,125,0.2676377473399043,0.3648352809250355,0.6343495408073068,5,26,41,0,,
2026-05-16T01:03:34.248402,noisy,sax,"{'w': 144, 'bins': 5}",26,0,4,ok,0,26,0.2794472938403487,0.28639338724315166,0.5677505470812321,5,25,38,0,,
2026-05-16T01:03:34.867541,noisy,sax,"{'w': 144, 'bins': 5}",26,1,4,ok,26,52,0.2811000868678093,0.33026159554719925,0.6131469048559666,5,3,10,0,,
2026-05-16T01:03:35.415158,noisy,sax,"{'w': 144, 'bins': 5}",26,2,4,ok,52,78,0.2785312933847308,0.2593397544696927,0.5397152407094836,5,39,54,0,,
2026-05-16T01:03:36.084676,noisy,sax,"{'w': 144, 'bins': 5}",26,3,4,ok,78,104,0.27985698264092207,0.3806489668786526,0.6624047746881843,5,44,65,0,,
2026-05-16T01:03:37.023323,noisy,sax,"{'w': 144, 'bins': 5}",26,4,4,ok,104,130,0.2784618530422449,0.648569573648274,0.9289829004555941,5,37,54,0,,
2026-05-16T01:03:37.766301,noisy,sax,"{'w': 144, 'bins': 5}",27,0,4,ok,0,27,0.2898487262427807,0.36742409132421017,0.6592972492799163,5,30,44,0,,
2026-05-16T01:03:38.344812,noisy,sax,"{'w': 144, 'bins': 5}",27,1,4,ok,27,54,0.2938972385600209,0.27621282916516066,0.5721029005944729,5,9,19,0,,
2026-05-16T01:03:38.935006,noisy,sax,"{'w': 144, 'bins': 5}",27,2,4,ok,54,81,0.2908677300438285,0.2899794625118375,0.5828857505694032,5,17,27,0,,
2026-05-16T01:03:39.738474,noisy,sax,"{'w': 144, 'bins': 5}",27,3,4,ok,81,108,0.2908009737730026,0.5030522430315614,0.7958936486393213,5,8,17,0,,
2026-05-16T01:03:40.981718,noisy,sax,"{'w': 144, 'bins': 5}",27,4,4,ok,108,135,0.29232270177453756,0.9362371433526278,1.2307050749659538,5,51,72,0,,
2026-05-16T01:03:41.655157,noisy,sax,"{'w': 144, 'bins': 5}",28,0,4,ok,0,28,0.30298986472189426,0.2831553565338254,0.588309925980866,5,52,65,0,,
2026-05-16T01:03:42.365911,noisy,sax,"{'w': 144, 'bins': 5}",28,1,4,ok,28,56,0.30222644843161106,0.3981573451310396,0.7023983970284462,5,11,21,0,,
2026-05-16T01:03:42.903024,noisy,sax,"{'w': 144, 'bins': 5}",28,2,4,ok,56,84,0.30209733732044697,0.22606252413243055,0.5301705272868276,5,16,26,0,,
2026-05-16T01:03:43.660039,noisy,sax,"{'w': 144, 'bins': 5}",28,3,4,ok,84,112,0.29975756350904703,0.4475710056722164,0.74948123190552,5,25,39,0,,
2026-05-16T01:03:44.855671,noisy,sax,"{'w': 144, 'bins': 5}",28,4,4,ok,112,140,0.29934013821184635,0.8808606760576367,1.1824004454538226,5,47,65,0,,
2026-05-16T01:03:45.616651,noisy,sax,"{'w': 144, 'bins': 5}",29,0,4,ok,0,29,0.3135787481442094,0.3606186732649803,0.6762907421216369,5,25,37,0,,
2026-05-16T01:03:46.352980,noisy,sax,"{'w': 144, 'bins': 5}",29,1,4,ok,29,58,0.3167599020525813,0.4091084199026227,0.7280014781281352,5,7,16,0,,
2026-05-16T01:03:47.081839,noisy,sax,"{'w': 144, 'bins': 5}",29,2,4,ok,58,87,0.31259310711175203,0.4068439668044448,0.7216285699978471,5,8,18,0,,
2026-05-16T01:03:47.882493,noisy,sax,"{'w': 144, 'bins': 5}",29,3,4,ok,87,116,0.3113238224759698,0.4776498721912503,0.7911673039197922,5,17,27,0,,
2026-05-16T01:03:48.733378,noisy,sax,"{'w': 144, 'bins': 5}",29,4,4,ok,116,145,0.3121053297072649,0.5257657757028937,0.8399433074519038,5,18,28,0,,
2026-05-16T01:03:49.488307,noisy,sax,"{'w': 144, 'bins': 5}",30,0,4,ok,0,30,0.3232750063762069,0.3431583046913147,0.6685763457790017,5,15,25,0,,
2026-05-16T01:03:50.164101,noisy,sax,"{'w': 144, 'bins': 5}",30,1,4,ok,30,60,0.3238017652183771,0.34158838726580143,0.6675759367644787,5,32,48,0,,
2026-05-16T01:03:50.846641,noisy,sax,"{'w': 144, 'bins': 5}",30,2,4,ok,60,90,0.3225464476272464,0.3489462239667773,0.6736549120396376,5,46,58,0,,
2026-05-16T01:03:51.866793,noisy,sax,"{'w': 144, 'bins': 5}",30,3,4,ok,90,120,0.32262648921459913,0.6862506046891212,1.011070502921939,5,8,17,0,,
2026-05-16T01:03:52.971161,noisy,sax,"{'w': 144, 'bins': 5}",30,4,4,ok,120,150,0.3225095188245177,0.7683392968028784,1.0931947203353047,5,28,45,0,,
2026-05-16T01:03:53.774239,noisy,sax,"{'w': 144, 'bins': 5}",31,0,4,ok,0,31,0.33456371538341045,0.3815225474536419,0.7183699309825897,5,12,22,0,,
2026-05-16T01:03:54.521467,noisy,sax,"{'w': 144, 'bins': 5}",31,1,4,ok,31,62,0.33193970657885075,0.40601744689047337,0.7401928314939141,5,13,25,0,,
2026-05-16T01:03:55.312931,noisy,sax,"{'w': 144, 'bins': 5}",31,2,4,ok,62,93,0.33404362946748734,0.4454172635450959,0.781735373660922,5,8,17,0,,
2026-05-16T01:03:56.136602,noisy,sax,"{'w': 144, 'bins': 5}",31,3,4,ok,93,124,0.33414863608777523,0.4769811248406768,0.813475426286459,5,49,65,0,,
2026-05-16T01:03:57.141018,noisy,sax,"{'w': 144, 'bins': 5}",31,4,4,ok,124,155,0.33217639196664095,0.6589959440752864,0.9935816610231996,5,31,47,0,,
2026-05-16T01:03:57.960460,noisy,sax,"{'w': 144, 'bins': 5}",32,0,4,ok,0,32,0.3441774286329746,0.38743688352406025,0.7341111917048693,5,40,57,0,,
2026-05-16T01:03:58.689741,noisy,sax,"{'w': 144, 'bins': 5}",32,1,4,ok,32,64,0.343217927031219,0.3755102278664708,0.7210979545488954,5,30,44,0,,
2026-05-16T01:03:59.498841,noisy,sax,"{'w': 144, 'bins': 5}",32,2,4,ok,64,96,0.34147969353944063,0.45530956983566284,0.7991661559790373,5,26,40,0,,
2026-05-16T01:04:00.785646,noisy,sax,"{'w': 144, 'bins': 5}",32,3,4,ok,96,128,0.33962011989206076,0.9339830335229635,1.2758770836517215,5,5,12,0,,
2026-05-16T01:04:01.877322,noisy,sax,"{'w': 144, 'bins': 5}",32,4,4,ok,128,160,0.34543630201369524,0.7324517760425806,1.0803446006029844,5,19,30,0,,
2026-05-16T01:04:02.709613,noisy,sax,"{'w': 144, 'bins': 5}",33,0,4,ok,0,33,0.3538127029314637,0.38963694497942924,0.7458107024431229,5,30,42,0,,
2026-05-16T01:04:03.440303,noisy,sax,"{'w': 144, 'bins': 5}",33,1,4,ok,33,66,0.35142933670431376,0.3695089779794216,0.7234283806756139,5,19,32,0,,
2026-05-16T01:04:04.426566,noisy,sax,"{'w': 144, 'bins': 5}",33,2,4,ok,66,99,0.35365385562181473,0.6193799916654825,0.975473296828568,5,27,40,0,,
2026-05-16T01:04:05.541740,noisy,sax,"{'w': 144, 'bins': 5}",33,3,4,ok,99,132,0.354332328774035,0.7463529808446765,1.1031257528811693,5,12,22,0,,
2026-05-16T01:04:06.655384,noisy,sax,"{'w': 144, 'bins': 5}",33,4,4,ok,132,165,0.35598358884453773,0.7451091958209872,1.1035326272249222,5,22,34,0,,
2026-05-16T01:04:07.507301,noisy,sax,"{'w': 144, 'bins': 5}",34,0,4,ok,0,34,0.3624883247539401,0.4010533541440964,0.7660439973697066,5,15,26,0,,
2026-05-16T01:04:08.309703,noisy,sax,"{'w': 144, 'bins': 5}",34,1,4,ok,34,68,0.366824465803802,0.42419629357755184,0.7934333411976695,5,24,40,0,,
2026-05-16T01:04:09.209522,noisy,sax,"{'w': 144, 'bins': 5}",34,2,4,ok,68,102,0.3656395524740219,0.5207506297156215,0.8887509051710367,5,49,69,0,,
2026-05-16T01:04:10.587777,noisy,sax,"{'w': 144, 'bins': 5}",34,3,4,ok,102,136,0.3648968478664756,0.99568787869066,1.363230224698782,5,25,35,0,,
2026-05-16T01:04:11.360183,noisy,sax,"{'w': 144, 'bins': 5}",34,4,4,ok,136,170,0.3608542364090681,0.39951411448419094,0.7629074482247233,5,5,13,0,,
2026-05-16T01:04:12.260372,noisy,sax,"{'w': 144, 'bins': 5}",35,0,4,ok,0,35,0.3732697097584605,0.4372295578941703,0.8131401278078556,5,20,32,0,,
2026-05-16T01:04:13.151338,noisy,sax,"{'w': 144, 'bins': 5}",35,1,4,ok,35,70,0.3742567338049412,0.5038115596398711,0.8805729877203703,5,47,64,0,,
2026-05-16T01:04:14.053018,noisy,sax,"{'w': 144, 'bins': 5}",35,2,4,ok,70,105,0.3738413145765662,0.5148468632251024,0.8912759870290756,5,26,39,0,,
2026-05-16T01:04:15.738069,noisy,sax,"{'w': 144, 'bins': 5}",35,3,4,ok,105,140,0.37756584770977497,1.291549539193511,1.6718187434598804,5,10,23,0,,
2026-05-16T01:04:16.670979,noisy,sax,"{'w': 144, 'bins': 5}",35,4,4,ok,140,175,0.3731655851006508,0.5468701692298055,0.92262520827353,5,22,32,0,,
2026-05-16T01:04:17.728199,noisy,sax,"{'w': 144, 'bins': 5}",36,0,4,ok,0,36,0.3844401380047202,0.5832571601495147,0.9703225363045931,5,43,60,0,,
2026-05-16T01:04:18.569545,noisy,sax,"{'w': 144, 'bins': 5}",36,1,4,ok,36,72,0.3851978201419115,0.4437008909881115,0.8315983712673187,5,31,45,0,,
2026-05-16T01:04:19.478156,noisy,sax,"{'w': 144, 'bins': 5}",36,2,4,ok,72,108,0.38322525564581156,0.5111196953803301,0.8968914030119777,5,15,25,0,,
2026-05-16T01:04:20.935813,noisy,sax,"{'w': 144, 'bins': 5}",36,3,4,ok,108,144,0.38768440019339323,1.053317992016673,1.4437472159042954,5,43,60,0,,
2026-05-16T01:04:22.149420,noisy,sax,"{'w': 144, 'bins': 5}",36,4,4,ok,144,180,0.38244643434882164,0.8161663813516498,1.20129275880754,5,51,71,0,,
2026-05-16T01:04:23.239259,noisy,sax,"{'w': 144, 'bins': 5}",37,0,4,ok,0,37,0.3930728705599904,0.6066498681902885,1.002432226203382,5,35,56,0,,
2026-05-16T01:04:24.211247,noisy,sax,"{'w': 144, 'bins': 5}",37,1,4,ok,37,74,0.39392690267413855,0.5654986510053277,0.96221574395895,5,12,21,0,,
2026-05-16T01:04:25.190030,noisy,sax,"{'w': 144, 'bins': 5}",37,2,4,ok,74,111,0.39760942850261927,0.56790058221668,0.968180044554174,5,51,68,0,,
2026-05-16T01:04:26.576426,noisy,sax,"{'w': 144, 'bins': 5}",37,3,4,ok,111,148,0.3919286308810115,0.9761138334870338,1.3709011916071177,5,36,50,0,,
2026-05-16T01:04:27.498064,noisy,sax,"{'w': 144, 'bins': 5}",37,4,4,ok,148,185,0.3941387915983796,0.5143036944791675,0.9111690558493137,5,18,27,0,,
2026-05-16T01:04:28.520749,noisy,sax,"{'w': 144, 'bins': 5}",38,0,4,ok,0,38,0.4047533040866256,0.5264920834451914,0.933960385620594,5,32,46,0,,
2026-05-16T01:04:29.523343,noisy,sax,"{'w': 144, 'bins': 5}",38,1,4,ok,38,76,0.40464564226567745,0.583909846842289,0.9913268024101853,5,15,24,0,,
2026-05-16T01:04:30.525426,noisy,sax,"{'w': 144, 'bins': 5}",38,2,4,ok,76,114,0.4090460343286395,0.5799968568608165,0.9917558468878269,5,32,50,0,,
2026-05-16T01:04:31.907290,noisy,sax,"{'w': 144, 'bins': 5}",38,3,4,ok,114,152,0.4087511897087097,0.9563359739258885,1.3679525647312403,5,21,36,0,,
2026-05-16T01:04:32.991744,noisy,sax,"{'w': 144, 'bins': 5}",38,4,4,ok,152,190,0.40487117413431406,0.6657510632649064,1.073371489532292,5,36,60,0,,
2026-05-16T01:04:34.133067,noisy,sax,"{'w': 144, 'bins': 5}",39,0,4,ok,0,39,0.4153195656836033,0.6343976948410273,1.0526139000430703,5,7,15,0,,
2026-05-16T01:04:35.237232,noisy,sax,"{'w': 144, 'bins': 5}",39,1,4,ok,39,78,0.41406653355807066,0.675266801379621,1.0921527799218893,5,3,10,0,,
2026-05-16T01:04:36.402156,noisy,sax,"{'w': 144, 'bins': 5}",39,2,4,ok,78,117,0.4171542525291443,0.7344261361286044,1.1543066473677754,5,20,37,0,,
2026-05-16T01:04:37.681563,noisy,sax,"{'w': 144, 'bins': 5}",39,3,4,ok,117,156,0.4180819932371378,0.8454169137403369,1.2665051417425275,5,20,34,0,,
2026-05-16T01:04:38.923356,noisy,sax,"{'w': 144, 'bins': 5}",39,4,4,ok,156,195,0.41435765940696,0.8104353323578835,1.2277025151997805,5,6,14,0,,
2026-05-16T01:04:40.081178,noisy,sax,"{'w': 144, 'bins': 5}",40,0,4,ok,0,40,0.4304600479081273,0.635195073671639,1.0685881795361638,5,36,52,0,,
2026-05-16T01:04:41.058092,noisy,sax,"{'w': 144, 'bins': 5}",40,1,4,ok,40,80,0.4304693955928087,0.5323453946039081,0.965684219263494,5,27,41,0,,
2026-05-16T01:04:42.180710,noisy,sax,"{'w': 144, 'bins': 5}",40,2,4,ok,80,120,0.42669073957949877,0.6799590149894357,1.1095146453008056,5,23,35,0,,
2026-05-16T01:04:43.570113,noisy,sax,"{'w': 144, 'bins': 5}",40,3,4,ok,120,160,0.43039624858647585,0.9407553346827626,1.3741595726460218,5,12,23,0,,
2026-05-16T01:04:44.910179,noisy,sax,"{'w': 144, 'bins': 5}",40,4,4,ok,160,200,0.4263570234179497,0.8957029245793819,1.3249765345826745,5,12,21,0,,
2026-05-16T01:04:45.975593,noisy,sax,"{'w': 144, 'bins': 5}",41,0,4,ok,0,41,0.4401498744264245,0.5333363972604275,0.9766266690567136,5,29,38,0,,
2026-05-16T01:04:46.929210,noisy,sax,"{'w': 144, 'bins': 5}",41,1,4,ok,41,82,0.4403921002522111,0.4996814765036106,0.943093447946012,5,36,55,0,,
2026-05-16T01:04:48.607451,noisy,sax,"{'w': 144, 'bins': 5}",41,2,4,ok,82,123,0.44185730069875717,1.218602598644793,1.6635798681527376,5,9,19,0,,
2026-05-16T01:04:50.184303,noisy,sax,"{'w': 144, 'bins': 5}",41,3,4,ok,123,164,0.4402737682685256,1.1181061584502459,1.561514412984252,5,39,57,0,,
2026-05-16T01:04:51.578660,noisy,sax,"{'w': 144, 'bins': 5}",41,4,4,ok,164,205,0.43780604284256697,0.9398029576987028,1.3807496288791299,5,11,21,0,,
2026-05-16T01:04:52.880069,noisy,sax,"{'w': 144, 'bins': 5}",42,0,4,ok,0,42,0.4529779041185975,0.7553384685888886,1.2114603566005826,5,27,44,0,,
2026-05-16T01:04:53.934465,noisy,sax,"{'w': 144, 'bins': 5}",42,1,4,ok,42,84,0.44854910764843225,0.5908598890528083,1.0424911249428988,5,5,13,0,,
2026-05-16T01:04:55.403030,noisy,sax,"{'w': 144, 'bins': 5}",42,2,4,ok,84,126,0.447816401720047,1.0037787668406963,1.4547736775130033,5,19,35,0,,
2026-05-16T01:04:56.936122,noisy,sax,"{'w': 144, 'bins': 5}",42,3,4,ok,126,168,0.45022677909582853,1.0636689541861415,1.5171579793095589,5,45,64,0,,
2026-05-16T01:04:58.517472,noisy,sax,"{'w': 144, 'bins': 5}",42,4,4,ok,168,210,0.4480736954137683,1.11580762360245,1.5670963060110807,5,22,38,0,,
2026-05-16T01:04:59.881110,noisy,sax,"{'w': 144, 'bins': 5}",43,0,4,ok,0,43,0.4617258822545409,0.8089959602802992,1.2738391468301415,5,41,58,0,,
2026-05-16T01:05:00.844015,noisy,sax,"{'w': 144, 'bins': 5}",43,1,4,ok,43,86,0.45798004791140556,0.48951379396021366,0.9504675175994635,5,14,24,0,,
2026-05-16T01:05:02.338849,noisy,sax,"{'w': 144, 'bins': 5}",43,2,4,ok,86,129,0.4583649216219783,1.017243723385036,1.4788150060921907,5,17,30,0,,
2026-05-16T01:05:03.874199,noisy,sax,"{'w': 144, 'bins': 5}",43,3,4,ok,129,172,0.45804931968450546,1.0594819225370884,1.5207104617729783,5,39,57,0,,
2026-05-16T01:05:05.791062,noisy,sax,"{'w': 144, 'bins': 5}",43,4,4,ok,172,215,0.45881508756428957,1.4371717954054475,1.8992368560284376,5,52,76,0,,
2026-05-16T01:05:07.150723,noisy,sax,"{'w': 144, 'bins': 5}",44,0,4,ok,0,44,0.4716490376740694,0.7954275328665972,1.2703658565878868,5,27,42,0,,
2026-05-16T01:05:08.118757,noisy,sax,"{'w': 144, 'bins': 5}",44,1,4,ok,44,88,0.4712342191487551,0.4790361588820815,0.9534577531740069,5,37,51,0,,
2026-05-16T01:05:09.867489,noisy,sax,"{'w': 144, 'bins': 5}",44,2,4,ok,88,132,0.46981420181691647,1.2596747698262334,1.7327982354909182,5,47,70,0,,
2026-05-16T01:05:11.556187,noisy,sax,"{'w': 144, 'bins': 5}",44,3,4,ok,132,176,0.4705060413107276,1.1999699110165238,1.6737123699858785,5,5,13,0,,
2026-05-16T01:05:13.145538,noisy,sax,"{'w': 144, 'bins': 5}",44,4,4,ok,176,220,0.4703639345243573,1.0992965195327997,1.5728805409744382,5,25,41,0,,
2026-05-16T01:05:14.512525,noisy,sax,"{'w': 144, 'bins': 5}",45,0,4,ok,0,45,0.48441994935274124,0.788442756049335,1.276152734644711,5,5,11,0,,
2026-05-16T01:05:15.646335,noisy,sax,"{'w': 144, 'bins': 5}",45,1,4,ok,45,90,0.4830518402159214,0.6350109400227666,1.1213210597634315,5,33,48,0,,
2026-05-16T01:05:17.423797,noisy,sax,"{'w': 144, 'bins': 5}",45,2,4,ok,90,135,0.4812699547037482,1.2770501896739006,1.7617603652179241,5,5,12,0,,
2026-05-16T01:05:18.711192,noisy,sax,"{'w': 144, 'bins': 5}",45,3,4,ok,135,180,0.47809730656445026,0.7927523693069816,1.2741334429010749,5,19,30,0,,
2026-05-16T01:05:20.340191,noisy,sax,"{'w': 144, 'bins': 5}",45,4,4,ok,180,225,0.4819672545418143,1.126532046124339,1.6119422363117337,5,24,41,0,,
2026-05-16T01:05:21.565839,noisy,sax,"{'w': 144, 'bins': 5}",46,0,4,ok,0,46,0.49547238368541,0.636286286637187,1.135234178043902,5,37,48,0,,
2026-05-16T01:05:22.800349,noisy,sax,"{'w': 144, 'bins': 5}",46,1,4,ok,46,92,0.49605126306414604,0.7234427956864238,1.2228749664500356,5,8,18,0,,
2026-05-16T01:05:24.626588,noisy,sax,"{'w': 144, 'bins': 5}",46,2,4,ok,92,138,0.4952975567430258,1.3111266428604722,1.8098178431391716,5,8,18,0,,
2026-05-16T01:05:25.883535,noisy,sax,"{'w': 144, 'bins': 5}",46,3,4,ok,138,184,0.49183391220867634,0.7474306728690863,1.242680880241096,5,12,21,0,,
2026-05-16T01:05:27.640180,noisy,sax,"{'w': 144, 'bins': 5}",46,4,4,ok,184,230,0.4955133115872741,1.2391308434307575,1.7381854457780719,5,35,51,0,,
2026-05-16T01:05:29.034661,noisy,sax,"{'w': 144, 'bins': 5}",47,0,4,ok,0,47,0.5073491493239999,0.7941436124965549,1.3048669379204512,5,33,48,0,,
2026-05-16T01:05:30.249351,noisy,sax,"{'w': 144, 'bins': 5}",47,1,4,ok,47,94,0.5058496622368693,0.691591814160347,1.2008998515084386,5,38,56,0,,
2026-05-16T01:05:32.212123,noisy,sax,"{'w': 144, 'bins': 5}",47,2,4,ok,94,141,0.5044716550037265,1.436490080319345,1.9445798303931952,5,7,16,0,,
2026-05-16T01:05:33.561478,noisy,sax,"{'w': 144, 'bins': 5}",47,3,4,ok,141,188,0.5036293342709541,0.8286859504878521,1.3356849420815706,5,4,11,0,,
2026-05-16T01:05:35.136916,noisy,sax,"{'w': 144, 'bins': 5}",47,4,4,ok,188,235,0.504788551479578,1.0481473421677947,1.5565441995859146,5,11,22,0,,
2026-05-16T01:05:36.645803,noisy,sax,"{'w': 144, 'bins': 5}",48,0,4,ok,0,48,0.5161231551319361,0.8970864582806826,1.4167582374066114,5,28,43,0,,
2026-05-16T01:05:38.191873,noisy,sax,"{'w': 144, 'bins': 5}",48,1,4,ok,48,96,0.5167631981894374,1.0105975680053234,1.5309028886258602,5,28,43,0,,
2026-05-16T01:05:40.055376,noisy,sax,"{'w': 144, 'bins': 5}",48,2,4,ok,96,144,0.5129744317382574,1.3279322627931833,1.8444057870656252,5,34,46,0,,
2026-05-16T01:05:41.667107,noisy,sax,"{'w': 144, 'bins': 5}",48,3,4,ok,144,192,0.5144608151167631,1.079390563070774,1.5973498271778226,5,25,42,0,,
2026-05-16T01:05:43.463799,noisy,sax,"{'w': 144, 'bins': 5}",48,4,4,ok,192,240,0.5149500435218215,1.2586057586595416,1.777179236523807,5,25,39,0,,
2026-05-16T01:05:45.107585,noisy,sax,"{'w': 144, 'bins': 5}",49,0,4,ok,0,49,0.5219115661457181,1.0232699159532785,1.548682707361877,5,62,82,0,,
2026-05-16T01:05:46.585949,noisy,sax,"{'w': 144, 'bins': 5}",49,1,4,ok,49,98,0.5226518362760544,0.9367163078859448,1.4629721930250525,5,39,61,0,,
2026-05-16T01:05:48.685676,noisy,sax,"{'w': 144, 'bins': 5}",49,2,4,ok,98,147,0.5248627178370953,1.5523756118491292,2.081000905483961,5,10,22,0,,
2026-05-16T01:05:50.210564,noisy,sax,"{'w': 144, 'bins': 5}",49,3,4,ok,147,196,0.5316240563988686,0.9727130485698581,1.5079533141106367,5,17,27,0,,
2026-05-16T01:05:51.861763,noisy,sax,"{'w': 144, 'bins': 5}",49,4,4,ok,196,245,0.5288852117955685,1.099225351586938,1.6317584738135338,5,16,28,0,,
2026-05-16T01:05:53.341432,noisy,sax,"{'w': 144, 'bins': 5}",50,0,4,ok,0,50,0.5394907994195819,0.8419132009148598,1.385173819027841,5,35,51,0,,
2026-05-16T01:05:54.926638,noisy,sax,"{'w': 144, 'bins': 5}",50,1,4,ok,50,100,0.5391311636194587,1.026048975996673,1.5689450092613697,5,5,13,0,,
2026-05-16T01:05:56.885406,noisy,sax,"{'w': 144, 'bins': 5}",50,2,4,ok,100,150,0.5363943539559841,1.3989544780924916,1.9390973607078195,5,58,82,0,,
2026-05-16T01:05:58.300820,noisy,sax,"{'w': 144, 'bins': 5}",50,3,4,ok,150,200,0.5338127464056015,0.8632907560095191,1.400776700116694,5,35,48,0,,
2026-05-16T01:06:00.459912,noisy,sax,"{'w': 144, 'bins': 5}",50,4,4,ok,200,250,0.53679502569139,1.597604830749333,2.1381226871162653,5,23,36,0,,
2026-05-16T01:06:02.042948,noisy,sax,"{'w': 144, 'bins': 5}",51,0,4,ok,0,51,0.5458866907283664,0.9402876179665327,1.4899728717282414,5,9,17,0,,
2026-05-16T01:06:03.350496,noisy,sax,"{'w': 144, 'bins': 5}",51,1,4,ok,51,102,0.5477239992469549,0.7407232597470284,1.2922178599983454,5,8,16,0,,
2026-05-16T01:06:05.545317,noisy,sax,"{'w': 144, 'bins': 5}",51,2,4,ok,102,153,0.5478605469688773,1.6237771790474653,2.1755070416256785,5,21,37,0,,
2026-05-16T01:06:07.443404,noisy,sax,"{'w': 144, 'bins': 5}",51,3,4,ok,153,204,0.547646745108068,1.3294018069282174,1.880624528042972,5,45,68,0,,
2026-05-16T01:06:09.182324,noisy,sax,"{'w': 144, 'bins': 5}",51,4,4,ok,204,255,0.5473414622247219,1.1679675737395883,1.7192102717235684,5,6,13,0,,
2026-05-16T01:06:11.203954,noisy,sax,"{'w': 144, 'bins': 5}",52,0,4,ok,0,52,0.56684575881809,1.3587178606539965,1.9294203221797943,5,33,55,0,,
2026-05-16T01:06:12.577464,noisy,sax,"{'w': 144, 'bins': 5}",52,1,4,ok,52,104,0.558097479864955,0.7953982139006257,1.3571475222706795,5,39,55,0,,
2026-05-16T01:06:14.729214,noisy,sax,"{'w': 144, 'bins': 5}",52,2,4,ok,104,156,0.5602974509820342,1.5648338636383414,2.1291620330885053,5,5,13,0,,
2026-05-16T01:06:16.756701,noisy,sax,"{'w': 144, 'bins': 5}",52,3,4,ok,156,208,0.558364893309772,1.4472883073613048,2.0096210911870003,5,38,57,0,,
2026-05-16T01:06:18.616237,noisy,sax,"{'w': 144, 'bins': 5}",52,4,4,ok,208,260,0.5579691408202052,1.2772064441815019,1.8390299417078495,5,17,30,0,,
2026-05-16T01:06:20.262424,noisy,sax,"{'w': 144, 'bins': 5}",53,0,4,ok,0,53,0.5706987157464027,0.9743511071428657,1.5489296987652779,5,24,35,0,,
2026-05-16T01:06:22.003540,noisy,sax,"{'w': 144, 'bins': 5}",53,1,4,ok,53,106,0.5740519724786282,1.1453541107475758,1.7233230890706182,5,24,42,0,,
2026-05-16T01:06:23.914024,noisy,sax,"{'w': 144, 'bins': 5}",53,2,4,ok,106,159,0.5681518726050854,1.3168875193223357,1.889083988033235,5,25,39,0,,
2026-05-16T01:06:25.807349,noisy,sax,"{'w': 144, 'bins': 5}",53,3,4,ok,159,212,0.5698356935754418,1.3003506558015943,1.8741947775706649,5,25,39,0,,
2026-05-16T01:06:27.458209,noisy,sax,"{'w': 144, 'bins': 5}",53,4,4,ok,212,265,0.5700651854276657,1.057683877646923,1.6316940309479833,5,11,20,0,,
2026-05-16T01:06:29.176567,noisy,sax,"{'w': 144, 'bins': 5}",54,0,4,ok,0,54,0.5804126570001245,1.0364910187199712,1.620839897543192,5,7,16,0,,
2026-05-16T01:06:30.853388,noisy,sax,"{'w': 144, 'bins': 5}",54,1,4,ok,54,108,0.5807995339855552,1.0758338514715433,1.6605623727664351,5,37,58,0,,
2026-05-16T01:06:33.427896,noisy,sax,"{'w': 144, 'bins': 5}",54,2,4,ok,108,162,0.5817085606977344,1.9688030248507857,2.5545848440378904,5,33,54,0,,
2026-05-16T01:06:35.740562,noisy,sax,"{'w': 144, 'bins': 5}",54,3,4,ok,162,216,0.5792178437113762,1.7089168075472116,2.292114295065403,5,28,44,0,,
2026-05-16T01:06:37.674066,noisy,sax,"{'w': 144, 'bins': 5}",54,4,4,ok,216,270,0.573351887986064,1.3383630104362965,1.9156906148418784,5,54,77,0,,
2026-05-16T01:06:39.490648,noisy,sax,"{'w': 144, 'bins': 5}",55,0,4,ok,0,55,0.600505099631846,1.1172973047941923,1.7219444429501891,5,30,42,0,,
2026-05-16T01:06:41.251186,noisy,sax,"{'w': 144, 'bins': 5}",55,1,4,ok,55,110,0.5852506626397371,1.1560225384309888,1.745254677720368,5,12,22,0,,
2026-05-16T01:06:43.878800,noisy,sax,"{'w': 144, 'bins': 5}",55,2,4,ok,110,165,0.5876833517104387,2.0129306335002184,2.604648341424763,5,16,28,0,,
2026-05-16T01:06:46.078766,noisy,sax,"{'w': 144, 'bins': 5}",55,3,4,ok,165,220,0.5888513959944248,1.5837925914674997,2.1768052810803056,5,21,33,0,,
2026-05-16T01:06:47.737993,noisy,sax,"{'w': 144, 'bins': 5}",55,4,4,ok,220,275,0.5865342644974589,1.050683562643826,1.6413003141060472,5,27,39,0,,
2026-05-16T01:06:49.570817,noisy,sax,"{'w': 144, 'bins': 5}",56,0,4,ok,0,56,0.6048419335857034,1.1273738192394376,1.7363678002730012,5,27,39,0,,
2026-05-16T01:06:51.562158,noisy,sax,"{'w': 144, 'bins': 5}",56,1,4,ok,56,112,0.5946706831455231,1.3747162707149982,1.9733402682468295,5,7,16,0,,
2026-05-16T01:06:54.291292,noisy,sax,"{'w': 144, 'bins': 5}",56,2,4,ok,112,168,0.5979763818904757,2.1044315956532955,2.7066845074295998,5,14,26,0,,
2026-05-16T01:06:56.128786,noisy,sax,"{'w': 144, 'bins': 5}",56,3,4,ok,168,224,0.5981464125216007,1.2134052980691195,1.8157422794029117,5,21,33,0,,
2026-05-16T01:06:57.985139,noisy,sax,"{'w': 144, 'bins': 5}",56,4,4,ok,224,280,0.6024213004857302,1.2309565367177129,1.8373731104657054,5,41,58,0,,
2026-05-16T01:06:59.747796,noisy,sax,"{'w': 144, 'bins': 5}",57,0,4,ok,0,57,0.6085435459390283,1.0562599077820778,1.668990295380354,5,41,63,0,,
2026-05-16T01:07:01.485590,noisy,sax,"{'w': 144, 'bins': 5}",57,1,4,ok,57,114,0.6090708374977112,1.1064347103238106,1.7196727320551872,5,47,65,0,,
2026-05-16T01:07:04.035611,noisy,sax,"{'w': 144, 'bins': 5}",57,2,4,ok,114,171,0.6078945174813271,1.9127594474703074,2.5249927826225758,5,43,65,0,,
2026-05-16T01:07:05.819214,noisy,sax,"{'w': 144, 'bins': 5}",57,3,4,ok,171,228,0.6061153365299106,1.1539419135078788,1.764302883297205,5,24,36,0,,
2026-05-16T01:07:07.999617,noisy,sax,"{'w': 144, 'bins': 5}",57,4,4,ok,228,285,0.6063763070851564,1.5511317113414407,2.161748019978404,5,16,30,0,,
2026-05-16T01:07:09.738177,noisy,sax,"{'w': 144, 'bins': 5}",58,0,4,ok,0,58,0.6222026376053691,1.0159007580950856,1.6423817500472069,5,31,45,0,,
2026-05-16T01:07:11.470057,noisy,sax,"{'w': 144, 'bins': 5}",58,1,4,ok,58,116,0.616457468830049,1.0923443716019392,1.712744453921914,5,4,11,0,,
2026-05-16T01:07:13.285807,noisy,sax,"{'w': 144, 'bins': 5}",58,2,4,ok,116,174,0.6155738895758986,1.1751670939847827,1.7948379861190915,5,4,11,0,,
2026-05-16T01:07:15.496305,noisy,sax,"{'w': 144, 'bins': 5}",58,3,4,ok,174,232,0.6171476738527417,1.5663912389427423,2.1878728019073606,5,36,60,0,,
2026-05-16T01:07:17.675925,noisy,sax,"{'w': 144, 'bins': 5}",58,4,4,ok,232,290,0.616609875112772,1.5393579537048936,2.160248207859695,5,47,73,0,,
2026-05-16T01:07:19.290256,noisy,sax,"{'w': 144, 'bins': 5}",59,0,4,ok,0,59,0.6342026526108384,0.8819518284872174,1.520306727848947,5,19,30,0,,
2026-05-16T01:07:21.024227,noisy,sax,"{'w': 144, 'bins': 5}",59,1,4,ok,59,118,0.6338173188269138,1.0772940693423152,1.7154116332530975,5,4,11,0,,
2026-05-16T01:07:23.121958,noisy,sax,"{'w': 144, 'bins': 5}",59,2,4,ok,118,177,0.6265377989038825,1.4422917664051056,2.0732017951086164,5,7,16,0,,
2026-05-16T01:07:25.442725,noisy,sax,"{'w': 144, 'bins': 5}",59,3,4,ok,177,236,0.6310525871813297,1.6600379385054111,2.29550991486758,5,5,13,0,,
2026-05-16T01:07:28.064583,noisy,sax,"{'w': 144, 'bins': 5}",59,4,4,ok,236,295,0.6310529680922627,1.9662113292142749,2.601665402762592,5,18,33,0,,
2026-05-16T01:07:29.957148,noisy,sax,"{'w': 144, 'bins': 5}",60,0,4,ok,0,60,0.6373001001775265,1.1540111368522048,1.7956661460921168,5,7,16,0,,
2026-05-16T01:07:32.225568,noisy,sax,"{'w': 144, 'bins': 5}",60,1,4,ok,60,120,0.6413160320371389,1.6022951658815145,2.247992875985801,5,56,81,0,,
2026-05-16T01:07:34.207652,noisy,sax,"{'w': 144, 'bins': 5}",60,2,4,ok,120,180,0.6390067553147674,1.3171758921816945,1.9605905758216977,5,25,34,0,,
2026-05-16T01:07:36.317801,noisy,sax,"{'w': 144, 'bins': 5}",60,3,4,ok,180,240,0.6415187129750848,1.436080353334546,2.082094036974013,5,39,56,0,,
2026-05-16T01:07:38.843619,noisy,sax,"{'w': 144, 'bins': 5}",60,4,4,ok,240,300,0.6390105430036783,1.8603696832433343,2.5038561513647437,5,10,21,0,,
2026-05-16T01:07:40.811998,noisy,sax,"{'w': 144, 'bins': 5}",61,0,4,ok,0,61,0.6457038121297956,1.2204688992351294,1.87065249402076,5,50,71,0,,
2026-05-16T01:07:42.948559,noisy,sax,"{'w': 144, 'bins': 5}",61,1,4,ok,61,122,0.6566049931570888,1.4539906783029437,2.115101312287152,5,50,73,0,,
2026-05-16T01:07:45.385809,noisy,sax,"{'w': 144, 'bins': 5}",61,2,4,ok,122,183,0.6536716250702739,1.7551595009863377,2.413364258594811,5,43,61,0,,
2026-05-16T01:07:48.005115,noisy,sax,"{'w': 144, 'bins': 5}",61,3,4,ok,183,244,0.6511026304215193,1.9409624701365829,2.596713990904391,5,43,68,0,,
2026-05-16T01:07:50.344392,noisy,sax,"{'w': 144, 'bins': 5}",61,4,4,ok,244,305,0.6600000597536564,1.65384076628834,2.3183878548443317,5,44,68,0,,
2026-05-16T01:07:52.271471,noisy,sax,"{'w': 144, 'bins': 5}",62,0,4,ok,0,62,0.6630238071084023,1.1587443482130766,1.826150125823915,5,28,40,0,,
2026-05-16T01:07:54.755505,noisy,sax,"{'w': 144, 'bins': 5}",62,1,4,ok,62,124,0.6608734214678407,1.7971041006967425,2.4624973088502884,5,10,23,0,,
2026-05-16T01:07:56.912348,noisy,sax,"{'w': 144, 'bins': 5}",62,2,4,ok,124,186,0.6632059700787067,1.4674881678074598,2.1352636888623238,5,9,19,0,,
2026-05-16T01:07:59.633791,noisy,sax,"{'w': 144, 'bins': 5}",62,3,4,ok,186,248,0.6610975712537766,2.0296748634427786,2.695506926625967,5,33,49,0,,
2026-05-16T01:08:01.889311,noisy,sax,"{'w': 144, 'bins': 5}",62,4,4,ok,248,310,0.6647094339132309,1.5660699140280485,2.235303814522922,5,22,37,0,,
2026-05-16T01:08:03.647734,noisy,sax,"{'w': 144, 'bins': 5}",63,0,4,ok,0,63,0.6705509340390563,0.9864671211689711,1.6613630754873157,5,24,35,0,,
2026-05-16T01:08:06.403414,noisy,sax,"{'w': 144, 'bins': 5}",63,1,4,ok,63,126,0.6795420292764902,2.047436240129173,2.7315970631316304,5,15,27,0,,
2026-05-16T01:08:08.566360,noisy,sax,"{'w': 144, 'bins': 5}",63,2,4,ok,126,189,0.6784442169591784,1.457690890878439,2.1408266378566623,5,26,38,0,,
2026-05-16T01:08:11.393576,noisy,sax,"{'w': 144, 'bins': 5}",63,3,4,ok,189,252,0.6758602149784565,2.1222434118390083,2.80282199755311,5,38,60,0,,
2026-05-16T01:08:13.670130,noisy,sax,"{'w': 144, 'bins': 5}",63,4,4,ok,252,315,0.6716038724407554,1.57871438190341,2.254913163371384,5,38,58,0,,
2026-05-16T01:08:15.808430,noisy,sax,"{'w': 144, 'bins': 5}",64,0,4,ok,0,64,0.6859203167259693,1.348466631025076,2.0390855008736253,5,56,76,0,,
2026-05-16T01:08:18.362149,noisy,sax,"{'w': 144, 'bins': 5}",64,1,4,ok,64,128,0.6823598006740212,1.8469662619754672,2.533940258435905,5,41,66,0,,
2026-05-16T01:08:20.629099,noisy,sax,"{'w': 144, 'bins': 5}",64,2,4,ok,128,192,0.679896735586226,1.5601608706638217,2.2447649566456676,5,9,18,0,,
2026-05-16T01:08:23.142240,noisy,sax,"{'w': 144, 'bins': 5}",64,3,4,ok,192,256,0.6835976270958781,1.799561532214284,2.4880788270384073,5,33,54,0,,
2026-05-16T01:08:25.106000,noisy,sax,"{'w': 144, 'bins': 5}",64,4,4,ok,256,320,0.6831797212362289,1.2559496946632862,1.9437882751226425,5,22,39,0,,
2026-05-16T01:08:27.268307,noisy,sax,"{'w': 144, 'bins': 5}",65,0,4,ok,0,65,0.6981008620932698,1.3620705902576447,2.065011710859835,5,22,35,0,,
2026-05-16T01:08:29.505763,noisy,sax,"{'w': 144, 'bins': 5}",65,1,4,ok,65,130,0.6987475864589214,1.5127552496269345,2.2162251444533467,5,34,50,0,,
2026-05-16T01:08:31.831912,noisy,sax,"{'w': 144, 'bins': 5}",65,2,4,ok,130,195,0.6982000190764666,1.5781137170270085,2.2811169661581516,5,3,10,0,,
2026-05-16T01:08:34.152374,noisy,sax,"{'w': 144, 'bins': 5}",65,3,4,ok,195,260,0.6920101549476385,1.5975378639996052,2.2944445833563805,5,21,35,0,,
2026-05-16T01:08:36.219996,noisy,sax,"{'w': 144, 'bins': 5}",65,4,4,ok,260,325,0.6991721745580435,1.3423632634803653,2.0462689762935042,5,24,39,0,,
2026-05-16T01:08:38.563026,noisy,sax,"{'w': 144, 'bins': 5}",66,0,4,ok,0,66,0.7068479089066386,1.5310973664745688,2.242801684886217,5,48,69,0,,
2026-05-16T01:08:41.102324,noisy,sax,"{'w': 144, 'bins': 5}",66,1,4,ok,66,132,0.7063423087820411,1.8046122612431645,2.5158770540729165,5,8,17,0,,
2026-05-16T01:08:43.730547,noisy,sax,"{'w': 144, 'bins': 5}",66,2,4,ok,132,198,0.697610292583704,1.9051729841157794,2.6076414696872234,5,20,38,0,,
2026-05-16T01:08:46.700660,noisy,sax,"{'w': 144, 'bins': 5}",66,3,4,ok,198,264,0.7039738930761814,2.2361011151224375,2.945045060478151,5,39,59,0,,
2026-05-16T01:08:48.619902,noisy,sax,"{'w': 144, 'bins': 5}",66,4,4,ok,264,330,0.7121596354991198,1.180477298796177,1.897444050759077,5,55,75,0,,
2026-05-16T01:08:50.932001,noisy,sax,"{'w': 144, 'bins': 5}",67,0,4,ok,0,67,0.7212880086153746,1.4896610146388412,2.215927011333406,5,13,26,0,,
2026-05-16T01:08:53.370654,noisy,sax,"{'w': 144, 'bins': 5}",67,1,4,ok,67,134,0.7190530896186829,1.6898610517382622,2.4138329988345504,5,32,45,0,,
2026-05-16T01:08:55.702911,noisy,sax,"{'w': 144, 'bins': 5}",67,2,4,ok,134,201,0.7207071762531996,1.581351362168789,2.307011168450117,5,46,68,0,,
2026-05-16T01:08:58.092286,noisy,sax,"{'w': 144, 'bins': 5}",67,3,4,ok,201,268,0.7183414744213223,1.643286980688572,2.3666536016389728,5,25,38,0,,
2026-05-16T01:09:00.591559,noisy,sax,"{'w': 144, 'bins': 5}",67,4,4,ok,268,335,0.7211817679926753,1.7463328512385488,2.472504248842597,5,21,34,0,,
2026-05-16T01:09:02.930483,noisy,sax,"{'w': 144, 'bins': 5}",68,0,4,ok,0,68,0.7302304208278656,1.5035014087334275,2.2386923748999834,5,20,31,0,,
2026-05-16T01:09:05.577402,noisy,sax,"{'w': 144, 'bins': 5}",68,1,4,ok,68,136,0.7343303803354502,1.8835850777104497,2.6229828549548984,5,38,61,0,,
2026-05-16T01:09:08.075644,noisy,sax,"{'w': 144, 'bins': 5}",68,2,4,ok,136,204,0.7455431874841452,1.7265622848644853,2.4771440541371703,5,7,17,0,,
2026-05-16T01:09:10.515208,noisy,sax,"{'w': 144, 'bins': 5}",68,3,4,ok,204,272,0.7328610215336084,1.676995163783431,2.414911588653922,5,42,59,0,,
2026-05-16T01:09:12.770587,noisy,sax,"{'w': 144, 'bins': 5}",68,4,4,ok,272,340,0.728697182610631,1.5006665959954262,2.2341950507834554,5,25,44,0,,
2026-05-16T01:09:15.289325,noisy,sax,"{'w': 144, 'bins': 5}",69,0,4,ok,0,69,0.7387884445488453,1.6751270862296224,2.4190192949026823,5,13,26,0,,
2026-05-16T01:09:17.910193,noisy,sax,"{'w': 144, 'bins': 5}",69,1,4,ok,69,138,0.7439264617860317,1.8490230068564415,2.598086455836892,5,33,51,0,,
2026-05-16T01:09:20.574170,noisy,sax,"{'w': 144, 'bins': 5}",69,2,4,ok,138,207,0.7404803307726979,1.8920912556350231,2.637630336917937,5,60,81,0,,
2026-05-16T01:09:23.061918,noisy,sax,"{'w': 144, 'bins': 5}",69,3,4,ok,207,276,0.7385312607511878,1.718907244503498,2.4625495625659823,5,22,33,0,,
2026-05-16T01:09:25.739859,noisy,sax,"{'w': 144, 'bins': 5}",69,4,4,ok,276,345,0.7410456836223602,1.9082020614296198,2.654315642081201,5,52,79,0,,
2026-05-16T01:09:28.289831,noisy,sax,"{'w': 144, 'bins': 5}",70,0,4,ok,0,70,0.749442633241415,1.6961827902123332,2.4505589278414845,5,42,69,0,,
2026-05-16T01:09:30.943043,noisy,sax,"{'w': 144, 'bins': 5}",70,1,4,ok,70,140,0.7529434654861689,1.870879533700645,2.628962962888181,5,11,23,0,,
2026-05-16T01:09:33.829395,noisy,sax,"{'w': 144, 'bins': 5}",70,2,4,ok,140,210,0.752917799167335,2.1025558318942785,2.8606793070212007,5,46,64,0,,
2026-05-16T01:09:35.936454,noisy,sax,"{'w': 144, 'bins': 5}",70,3,4,ok,210,280,0.7537362957373261,1.3243969921022654,2.0833937767893076,5,22,34,0,,
2026-05-16T01:09:38.352842,noisy,sax,"{'w': 144, 'bins': 5}",70,4,4,ok,280,350,0.752004474401474,1.6361222257837653,2.3933168556541204,5,18,33,0,,
2026-05-16T01:09:40.782397,noisy,sax,"{'w': 144, 'bins': 5}",71,0,4,ok,0,71,0.7613833751529455,1.5635343017056584,2.330009168945253,5,22,34,0,,
2026-05-16T01:09:43.481289,noisy,sax,"{'w': 144, 'bins': 5}",71,1,4,ok,71,142,0.761580515652895,1.9064709153026342,2.6733455630019307,5,15,27,0,,
2026-05-16T01:09:46.177584,noisy,sax,"{'w': 144, 'bins': 5}",71,2,4,ok,142,213,0.7662550052627921,1.8978981571272016,2.669510232284665,5,10,21,0,,
2026-05-16T01:09:48.643048,noisy,sax,"{'w': 144, 'bins': 5}",71,3,4,ok,213,284,0.7643650872632861,1.6715575000271201,2.4409403800964355,5,41,62,0,,
2026-05-16T01:09:50.951761,noisy,sax,"{'w': 144, 'bins': 5}",71,4,4,ok,284,355,0.7656015390530229,1.511337642557919,2.2823735158890486,5,29,44,0,,
2026-05-16T01:09:53.499490,noisy,sax,"{'w': 144, 'bins': 5}",72,0,4,ok,0,72,0.7726150201633573,1.6685475083068013,2.446429068222642,5,42,63,0,,
2026-05-16T01:09:56.302665,noisy,sax,"{'w': 144, 'bins': 5}",72,1,4,ok,72,144,0.7720578229054809,1.9992992710322142,2.776568541303277,5,5,13,0,,
2026-05-16T01:09:59.209817,noisy,sax,"{'w': 144, 'bins': 5}",72,2,4,ok,144,216,0.7730577513575554,2.10090599860996,2.8794007813557982,5,16,29,0,,
2026-05-16T01:10:01.730472,noisy,sax,"{'w': 144, 'bins': 5}",72,3,4,ok,216,288,0.7712648240849376,1.7195284878835082,2.4961181813851,5,38,58,0,,
2026-05-16T01:10:04.545942,noisy,sax,"{'w': 144, 'bins': 5}",72,4,4,ok,288,360,0.7750119520351291,2.006974196061492,2.7873361939564347,5,35,52,0,,
2026-05-16T01:10:06.964493,noisy,sax,"{'w': 144, 'bins': 5}",73,0,4,ok,0,73,0.7838194817304611,1.5281457398086786,2.3169736163690686,5,22,37,0,,
2026-05-16T01:10:09.844213,noisy,sax,"{'w': 144, 'bins': 5}",73,1,4,ok,73,146,0.783904792740941,2.0633320212364197,2.8525667134672403,5,25,44,0,,
2026-05-16T01:10:12.589493,noisy,sax,"{'w': 144, 'bins': 5}",73,2,4,ok,146,219,0.7837315173819661,1.9269164856523275,2.7160922465845942,5,20,31,0,,
2026-05-16T01:10:15.476993,noisy,sax,"{'w': 144, 'bins': 5}",73,3,4,ok,219,292,0.7847378868609667,2.070697865448892,2.860836384817958,5,25,40,0,,
2026-05-16T01:10:17.584758,noisy,sax,"{'w': 144, 'bins': 5}",73,4,4,ok,292,365,0.7843430358916521,1.2976356456056237,2.0872533461079,5,38,59,0,,
2026-05-16T01:10:20.209859,noisy,sax,"{'w': 144, 'bins': 5}",74,0,4,ok,0,74,0.7953397668898106,1.7218738663941622,2.5226397830992937,5,36,58,0,,
2026-05-16T01:10:23.197450,noisy,sax,"{'w': 144, 'bins': 5}",74,1,4,ok,74,148,0.7956300927326083,2.1583527848124504,2.9594529401510954,5,34,54,0,,
2026-05-16T01:10:26.277935,noisy,sax,"{'w': 144, 'bins': 5}",74,2,4,ok,148,222,0.7981241475790739,2.241707137785852,3.0452181613072753,5,28,44,0,,
2026-05-16T01:10:29.335228,noisy,sax,"{'w': 144, 'bins': 5}",74,3,4,ok,222,296,0.7938602408394217,2.226665341295302,3.026013106107712,5,56,80,0,,
2026-05-16T01:10:31.417751,noisy,sax,"{'w': 144, 'bins': 5}",74,4,4,ok,296,370,0.7920631254091859,1.2565472749993205,2.0539598362520337,5,44,56,0,,
2026-05-16T01:10:34.385235,noisy,sax,"{'w': 144, 'bins': 5}",75,0,4,ok,0,75,0.8041257383301854,2.055102632381022,2.864710435271263,5,43,70,0,,
2026-05-16T01:10:37.390875,noisy,sax,"{'w': 144, 'bins': 5}",75,1,4,ok,75,150,0.8071793224662542,2.162285794503987,2.9750485718250275,5,5,13,0,,
2026-05-16T01:10:40.340302,noisy,sax,"{'w': 144, 'bins': 5}",75,2,4,ok,150,225,0.8050292748957872,2.1060436367988586,2.9164455411955714,5,14,27,0,,
2026-05-16T01:10:43.330417,noisy,sax,"{'w': 144, 'bins': 5}",75,3,4,ok,225,300,0.8086992269381881,2.1472100438550115,2.9614643743261695,5,11,24,0,,
2026-05-16T01:10:45.506889,noisy,sax,"{'w': 144, 'bins': 5}",75,4,4,ok,300,375,0.8089848337695003,1.337091132067144,2.1515278443694115,5,44,62,0,,
2026-05-16T01:10:48.325009,noisy,sax,"{'w': 144, 'bins': 5}",76,0,4,ok,0,76,0.8180638439953327,1.8886528182774782,2.7123767910525203,5,12,24,0,,
2026-05-16T01:10:51.615930,noisy,sax,"{'w': 144, 'bins': 5}",76,1,4,ok,76,152,0.819147327914834,2.437950492836535,3.2628083657473326,5,33,57,0,,
2026-05-16T01:10:54.454171,noisy,sax,"{'w': 144, 'bins': 5}",76,2,4,ok,152,228,0.814134806394577,1.988509732298553,2.8083894662559032,5,38,59,0,,
2026-05-16T01:10:57.699548,noisy,sax,"{'w': 144, 'bins': 5}",76,3,4,ok,228,304,0.8198622921481729,2.3927927622571588,3.2183091919869184,5,34,53,0,,
2026-05-16T01:10:59.992835,noisy,sax,"{'w': 144, 'bins': 5}",76,4,4,ok,304,380,0.8149956427514553,1.4459586180746555,2.266290010884404,5,45,63,0,,
2026-05-16T01:11:02.888269,noisy,sax,"{'w': 144, 'bins': 5}",77,0,4,ok,0,77,0.8269381104037166,1.957691641524434,2.7901444574818015,5,13,25,0,,
2026-05-16T01:11:06.043995,noisy,sax,"{'w': 144, 'bins': 5}",77,1,4,ok,77,154,0.825658667832613,2.296327540650964,3.1277111200615764,5,36,55,0,,
2026-05-16T01:11:08.991322,noisy,sax,"{'w': 144, 'bins': 5}",77,2,4,ok,154,231,0.8241555551066995,2.084254906512797,2.914248736575246,5,50,71,0,,
2026-05-16T01:11:12.010756,noisy,sax,"{'w': 144, 'bins': 5}",77,3,4,ok,231,308,0.8244660692289472,2.1609766548499465,2.9912474351003766,5,44,64,0,,
2026-05-16T01:11:14.240917,noisy,sax,"{'w': 144, 'bins': 5}",77,4,4,ok,308,385,0.8256770335137844,1.3759638154879212,2.2072332613170147,5,25,41,0,,
2026-05-16T01:11:16.940146,noisy,sax,"{'w': 144, 'bins': 5}",78,0,4,ok,0,78,0.8403997719287872,1.749802484177053,2.5959851359948516,5,6,15,0,,
2026-05-16T01:11:20.107262,noisy,sax,"{'w': 144, 'bins': 5}",78,1,4,ok,78,156,0.836697238497436,2.2959441849961877,3.1383370188996196,5,26,45,0,,
2026-05-16T01:11:23.129094,noisy,sax,"{'w': 144, 'bins': 5}",78,2,4,ok,156,234,0.8471221663057804,2.13799833599478,2.9910670602694154,5,6,14,0,,
2026-05-16T01:11:25.902413,noisy,sax,"{'w': 144, 'bins': 5}",78,3,4,ok,234,312,0.836524655111134,1.9047365682199597,2.7467606319114566,5,38,56,0,,
2026-05-16T01:11:28.620529,noisy,sax,"{'w': 144, 'bins': 5}",78,4,4,ok,312,390,0.8390036597847939,1.8483557729050517,2.693048857152462,5,13,25,0,,
2026-05-16T01:11:31.183652,noisy,sax,"{'w': 144, 'bins': 5}",79,0,4,ok,0,79,0.853116674348712,1.599554785527289,2.45842619612813,5,43,65,0,,
2026-05-16T01:11:34.806850,noisy,sax,"{'w': 144, 'bins': 5}",79,1,4,ok,79,158,0.854029718786478,2.7265669126063585,3.5865163588896394,5,22,37,0,,
2026-05-16T01:11:38.342921,noisy,sax,"{'w': 144, 'bins': 5}",79,2,4,ok,158,237,0.8478720365092158,2.649986111558974,3.503767875954509,5,16,29,0,,
2026-05-16T01:11:41.467879,noisy,sax,"{'w': 144, 'bins': 5}",79,3,4,ok,237,316,0.8508874084800482,2.238920043222606,3.095557610504329,5,32,53,0,,
2026-05-16T01:11:44.206393,noisy,sax,"{'w': 144, 'bins': 5}",79,4,4,ok,316,395,0.8505590129643679,1.854051130823791,2.7105143908411264,5,5,12,0,,
2026-05-16T01:11:47.315951,noisy,sax,"{'w': 144, 'bins': 5}",80,0,4,ok,0,80,0.8618922857567668,2.1382848005741835,3.0061487099155784,5,8,18,0,,
2026-05-16T01:11:50.968850,noisy,sax,"{'w': 144, 'bins': 5}",80,1,4,ok,80,160,0.8593316869810224,2.7528878273442388,3.618062046356499,5,6,15,0,,
2026-05-16T01:11:54.415654,noisy,sax,"{'w': 144, 'bins': 5}",80,2,4,ok,160,240,0.8649798342958093,2.543353389017284,3.4142649518325925,5,31,48,0,,
2026-05-16T01:11:57.662692,noisy,sax,"{'w': 144, 'bins': 5}",80,3,4,ok,240,320,0.8607910480350256,2.348060455173254,3.214771330356598,5,38,58,0,,
2026-05-16T01:12:00.480070,noisy,sax,"{'w': 144, 'bins': 5}",80,4,4,ok,320,400,0.8597196470946074,1.9195939991623163,2.785122314468026,5,23,38,0,,
2026-05-16T01:12:03.711720,noisy,sax,"{'w': 144, 'bins': 5}",81,0,4,ok,0,81,0.8707376467064023,2.2483619702979922,3.124835578724742,5,11,23,0,,
2026-05-16T01:12:07.008679,noisy,sax,"{'w': 144, 'bins': 5}",81,1,4,ok,81,162,0.8754699546843767,2.3816754845902324,3.2631937777623534,5,9,20,0,,
2026-05-16T01:12:10.794511,noisy,sax,"{'w': 144, 'bins': 5}",81,2,4,ok,162,243,0.8720124829560518,2.8756440905854106,3.7538247471675277,5,52,77,0,,
2026-05-16T01:12:13.451697,noisy,sax,"{'w': 144, 'bins': 5}",81,3,4,ok,243,324,0.8663831306621432,1.7557017849758267,2.6279483269900084,5,37,54,0,,
2026-05-16T01:12:16.347069,noisy,sax,"{'w': 144, 'bins': 5}",81,4,4,ok,324,405,0.8665433926507831,1.9913923935964704,2.864015423692763,5,33,56,0,,
2026-05-16T01:12:19.416766,noisy,sax,"{'w': 144, 'bins': 5}",82,0,4,ok,0,82,0.8787765949964523,2.0802634581923485,2.9650321155786514,5,28,47,0,,
2026-05-16T01:12:22.914728,noisy,sax,"{'w': 144, 'bins': 5}",82,1,4,ok,82,164,0.8821828728541732,2.5723768305033445,3.460435898974538,5,11,23,0,,
2026-05-16T01:12:26.869696,noisy,sax,"{'w': 144, 'bins': 5}",82,2,4,ok,164,246,0.884227623231709,3.024575867690146,3.914717878215015,5,44,66,0,,
2026-05-16T01:12:29.880679,noisy,sax,"{'w': 144, 'bins': 5}",82,3,4,ok,246,328,0.881620466709137,2.093304571695626,2.98088067304343,5,46,68,0,,
2026-05-16T01:12:33.301102,noisy,sax,"{'w': 144, 'bins': 5}",82,4,4,ok,328,410,0.8841978181153536,2.4912092071026564,3.3814969025552273,5,29,44,0,,
2026-05-16T01:12:36.176771,noisy,sax,"{'w': 144, 'bins': 5}",83,0,4,ok,0,83,0.8925191750749946,1.8727613985538483,2.7711743721738458,5,45,67,0,,
2026-05-16T01:12:39.826807,noisy,sax,"{'w': 144, 'bins': 5}",83,1,4,ok,83,166,0.8950448585674167,2.7057771533727646,3.6070784302428365,5,3,10,0,,
2026-05-16T01:12:43.502283,noisy,sax,"{'w': 144, 'bins': 5}",83,2,4,ok,166,249,0.8928787615150213,2.7352237021550536,3.634399138391018,5,15,27,0,,
2026-05-16T01:12:46.562959,noisy,sax,"{'w': 144, 'bins': 5}",83,3,4,ok,249,332,0.8873910158872604,2.1316097788512707,3.0250856122002006,5,15,28,0,,
2026-05-16T01:12:49.823312,noisy,sax,"{'w': 144, 'bins': 5}",83,4,4,ok,332,415,0.8938462687656283,2.32125445920974,3.2213231632485986,5,8,17,0,,
2026-05-16T01:12:52.825166,noisy,sax,"{'w': 144, 'bins': 5}",84,0,4,ok,0,84,0.8994615850970149,1.9871269911527634,2.8925241734832525,5,14,27,0,,
2026-05-16T01:12:57.123071,noisy,sax,"{'w': 144, 'bins': 5}",84,1,4,ok,84,168,0.906365810893476,3.344617393799126,4.25746251270175,5,20,37,0,,
2026-05-16T01:13:00.780985,noisy,sax,"{'w': 144, 'bins': 5}",84,2,4,ok,168,252,0.9041353315114975,2.705689343623817,3.616222088225186,5,9,20,0,,
2026-05-16T01:13:03.638173,noisy,sax,"{'w': 144, 'bins': 5}",84,3,4,ok,252,336,0.9050978804007173,1.9143596030771732,2.825412455946207,5,39,53,0,,
2026-05-16T01:13:06.874000,noisy,sax,"{'w': 144, 'bins': 5}",84,4,4,ok,336,420,0.90007643122226,2.2948492476716638,3.201240226626396,5,42,60,0,,
2026-05-16T01:13:10.044284,noisy,sax,"{'w': 144, 'bins': 5}",85,0,4,ok,0,85,0.9143259702250361,2.139540228061378,3.0601565102115273,5,52,76,0,,
2026-05-16T01:13:14.521695,noisy,sax,"{'w': 144, 'bins': 5}",85,1,4,ok,85,170,0.9254483571276069,3.5093725994229317,4.441411512903869,5,31,55,0,,
2026-05-16T01:13:18.314477,noisy,sax,"{'w': 144, 'bins': 5}",85,2,4,ok,170,255,0.9189089676365256,2.8290060088038445,3.7542926222085953,5,34,53,0,,
2026-05-16T01:13:21.191298,noisy,sax,"{'w': 144, 'bins': 5}",85,3,4,ok,255,340,0.9096650993451476,1.9273641491308808,2.843112171627581,5,4,11,0,,
2026-05-16T01:13:24.841808,noisy,sax,"{'w': 144, 'bins': 5}",85,4,4,ok,340,425,0.9101839438080788,2.6976584186777472,3.6142750922590494,5,14,29,0,,
2026-05-16T01:13:28.046113,noisy,sax,"{'w': 144, 'bins': 5}",86,0,4,ok,0,86,0.9258626867085695,2.162984659895301,3.095255750231445,5,17,32,0,,
2026-05-16T01:13:32.038276,noisy,sax,"{'w': 144, 'bins': 5}",86,1,4,ok,86,172,0.9207325028255582,3.025226873345673,3.952342993579805,5,28,45,0,,
2026-05-16T01:13:35.759406,noisy,sax,"{'w': 144, 'bins': 5}",86,2,4,ok,172,258,0.9395555928349495,2.731084163300693,3.677324098534882,5,38,51,0,,
2026-05-16T01:13:38.654872,noisy,sax,"{'w': 144, 'bins': 5}",86,3,4,ok,258,344,0.9247566722333431,1.9356755195185542,2.8665271382778883,5,19,34,0,,
2026-05-16T01:13:41.949793,noisy,sax,"{'w': 144, 'bins': 5}",86,4,4,ok,344,430,0.9320654282346368,2.3249093564227223,3.263439674861729,5,39,57,0,,
2026-05-16T01:13:44.853048,noisy,sax,"{'w': 144, 'bins': 5}",87,0,4,ok,0,87,0.9346033744513988,1.8562537031248212,2.7971363393589854,5,26,45,0,,
2026-05-16T01:13:48.719281,noisy,sax,"{'w': 144, 'bins': 5}",87,1,4,ok,87,174,0.9349102200940251,2.886345377191901,3.8278343621641397,5,6,15,0,,
2026-05-16T01:13:52.658276,noisy,sax,"{'w': 144, 'bins': 5}",87,2,4,ok,174,261,0.9394344165921211,2.959953600540757,3.9064089925959706,5,30,49,0,,
2026-05-16T01:13:55.987472,noisy,sax,"{'w': 144, 'bins': 5}",87,3,4,ok,261,348,0.9346993239596486,2.3566949917003512,3.2977856285870075,5,14,27,0,,
2026-05-16T01:13:59.203317,noisy,sax,"{'w': 144, 'bins': 5}",87,4,4,ok,348,435,0.9354621078819036,2.2424545753747225,3.184488134458661,5,34,50,0,,
2026-05-16T01:14:02.355954,noisy,sax,"{'w': 144, 'bins': 5}",88,0,4,ok,0,88,0.9503244683146477,2.0857944590970874,3.042681952007115,5,11,23,0,,
2026-05-16T01:14:06.846327,noisy,sax,"{'w': 144, 'bins': 5}",88,1,4,ok,88,176,0.943284478969872,3.500338855199516,4.450268592685461,5,19,35,0,,
2026-05-16T01:14:10.518388,noisy,sax,"{'w': 144, 'bins': 5}",88,2,4,ok,176,264,0.9598402380943298,2.6620926028117537,3.6285075582563877,5,5,13,0,,
2026-05-16T01:14:13.252288,noisy,sax,"{'w': 144, 'bins': 5}",88,3,4,ok,264,352,0.9438208770006895,1.75408732611686,2.7043307442218065,5,43,62,0,,
2026-05-16T01:14:16.536639,noisy,sax,"{'w': 144, 'bins': 5}",88,4,4,ok,352,440,0.947275304235518,2.2935607535764575,3.247473723255098,5,17,31,0,,
2026-05-16T01:14:19.750187,noisy,sax,"{'w': 144, 'bins': 5}",89,0,4,ok,0,89,0.9604772171005607,2.1375865563750267,3.1043705167248845,5,26,41,0,,
2026-05-16T01:14:24.252093,noisy,sax,"{'w': 144, 'bins': 5}",89,1,4,ok,89,178,0.9571989914402366,3.5029336735606194,4.466811276972294,5,48,80,0,,
2026-05-16T01:14:27.831865,noisy,sax,"{'w': 144, 'bins': 5}",89,2,4,ok,178,267,0.9680030001327395,2.564662730321288,3.5394493704661727,5,49,67,0,,
2026-05-16T01:14:30.840356,noisy,sax,"{'w': 144, 'bins': 5}",89,3,4,ok,267,356,0.9564796993508935,2.00685365870595,2.970057095400989,5,31,45,0,,
2026-05-16T01:14:34.498770,noisy,sax,"{'w': 144, 'bins': 5}",89,4,4,ok,356,445,0.9518060544505715,2.6625654278323054,3.6210400154814124,5,40,62,0,,
2026-05-16T01:14:37.817829,noisy,sax,"{'w': 144, 'bins': 5}",90,0,4,ok,0,90,0.9681730410084128,2.230077851563692,3.2048969538882375,5,14,23,0,,
2026-05-16T01:14:41.729139,noisy,sax,"{'w': 144, 'bins': 5}",90,1,4,ok,90,180,0.9658764190971851,2.8980180751532316,3.8706760788336396,5,5,13,0,,
2026-05-16T01:14:45.078768,noisy,sax,"{'w': 144, 'bins': 5}",90,2,4,ok,180,270,0.9685015380382538,2.338695022277534,3.3139431197196245,5,16,28,0,,
2026-05-16T01:14:48.236091,noisy,sax,"{'w': 144, 'bins': 5}",90,3,4,ok,270,360,0.9656822346150875,2.1473154025152326,3.1197474822402,5,9,19,0,,
2026-05-16T01:14:52.041106,noisy,sax,"{'w': 144, 'bins': 5}",90,4,4,ok,360,450,0.9677304504439235,2.795000959187746,3.7695875950157642,5,20,31,0,,
2026-05-16T01:14:55.808420,noisy,sax,"{'w': 144, 'bins': 5}",91,0,4,ok,0,91,0.9782886793836951,2.670857384800911,3.6556447576731443,5,6,15,0,,
2026-05-16T01:14:59.772833,noisy,sax,"{'w': 144, 'bins': 5}",91,1,4,ok,91,182,0.9791841618716717,2.943711541593075,3.9295536363497376,5,9,19,0,,
2026-05-16T01:15:03.839819,noisy,sax,"{'w': 144, 'bins': 5}",91,2,4,ok,182,273,0.9804573925212026,3.0454628746956587,4.032791511155665,5,42,66,0,,
2026-05-16T01:15:06.966619,noisy,sax,"{'w': 144, 'bins': 5}",91,3,4,ok,273,364,0.9776272689923644,2.110528903082013,3.0949067790061235,5,38,56,0,,
2026-05-16T01:15:10.791346,noisy,sax,"{'w': 144, 'bins': 5}",91,4,4,ok,364,455,0.9828593851998448,2.7931008860468864,3.7826487505808473,5,7,15,0,,
2026-05-16T01:15:13.864937,noisy,sax,"{'w': 144, 'bins': 5}",92,0,4,ok,0,92,0.9869171446189284,1.966751758940518,2.9605624796822667,5,10,21,0,,
2026-05-16T01:15:18.207135,noisy,sax,"{'w': 144, 'bins': 5}",92,1,4,ok,92,184,0.9901003427803516,3.302757584489882,4.299822887405753,5,45,69,0,,
2026-05-16T01:15:21.845735,noisy,sax,"{'w': 144, 'bins': 5}",92,2,4,ok,184,276,0.9860245194286108,2.6119165644049644,3.6049720477312803,5,32,48,0,,
2026-05-16T01:15:25.092695,noisy,sax,"{'w': 144, 'bins': 5}",92,3,4,ok,276,368,0.9865068756043911,2.2181790387257934,3.2116311863064766,5,40,61,0,,
2026-05-16T01:15:28.854526,noisy,sax,"{'w': 144, 'bins': 5}",92,4,4,ok,368,460,0.9892178773880005,2.7298355400562286,3.725731959566474,5,27,41,0,,
2026-05-16T01:15:32.754655,noisy,sax,"{'w': 144, 'bins': 5}",93,0,4,ok,0,93,1.0019077397882938,2.7789390683174133,3.7877368992194533,5,18,32,0,,
2026-05-16T01:15:37.265188,noisy,sax,"{'w': 144, 'bins': 5}",93,1,4,ok,93,186,1.0007536364719272,3.4680144814774394,4.4757756581529975,5,24,46,0,,
2026-05-16T01:15:41.034986,noisy,sax,"{'w': 144, 'bins': 5}",93,2,4,ok,186,279,0.9930204255506396,2.728772367350757,3.72877480648458,5,12,23,0,,
2026-05-16T01:15:44.111462,noisy,sax,"{'w': 144, 'bins': 5}",93,3,4,ok,279,372,0.9969025431200862,2.035007819533348,3.0388555554673076,5,11,23,0,,
2026-05-16T01:15:47.710467,noisy,sax,"{'w': 144, 'bins': 5}",93,4,4,ok,372,465,1.0089280009269714,2.543354013003409,3.559322246350348,5,15,27,0,,
2026-05-16T01:15:51.379603,noisy,sax,"{'w': 144, 'bins': 5}",94,0,4,ok,0,94,1.0164813976734877,2.5373764876276255,3.5609404565766454,5,20,38,0,,
2026-05-16T01:15:55.900292,noisy,sax,"{'w': 144, 'bins': 5}",94,1,4,ok,94,188,1.0111033953726292,3.465239749290049,4.483200774528086,5,29,52,0,,
2026-05-16T01:16:00.630087,noisy,sax,"{'w': 144, 'bins': 5}",94,2,4,ok,188,282,1.0096147516742349,3.6682405127212405,4.684982360340655,5,44,64,0,,
2026-05-16T01:16:03.533972,noisy,sax,"{'w': 144, 'bins': 5}",94,3,4,ok,282,376,1.0076335351914167,1.8582744672894478,2.8728189431130886,5,33,49,0,,
2026-05-16T01:16:07.656719,noisy,sax,"{'w': 144, 'bins': 5}",94,4,4,ok,376,470,1.0157865770161152,3.0518873827531934,4.074809119105339,5,4,12,0,,
2026-05-16T01:16:11.302661,noisy,sax,"{'w': 144, 'bins': 5}",95,0,4,ok,0,95,1.0268350532278419,2.5005360934883356,3.53420983068645,5,15,30,0,,
2026-05-16T01:16:15.239587,noisy,sax,"{'w': 144, 'bins': 5}",95,1,4,ok,95,190,1.0177979040890932,2.875735226087272,3.9006510879844427,5,48,68,0,,
2026-05-16T01:16:19.391129,noisy,sax,"{'w': 144, 'bins': 5}",95,2,4,ok,190,285,1.018871270120144,3.085265682078898,4.111396073363721,5,17,29,0,,
2026-05-16T01:16:22.546093,noisy,sax,"{'w': 144, 'bins': 5}",95,3,4,ok,285,380,1.0180307235568762,2.1003955332562327,3.1254555778577924,5,35,54,0,,
2026-05-16T01:16:27.002281,noisy,sax,"{'w': 144, 'bins': 5}",95,4,4,ok,380,475,1.0234027663245797,3.3868496669456363,4.417458976618946,5,36,63,0,,
2026-05-16T01:16:31.056706,noisy,sax,"{'w': 144, 'bins': 5}",96,0,4,ok,0,96,1.0284964069724083,2.900253380648792,3.9358152877539396,5,8,19,0,,
2026-05-16T01:16:34.946704,noisy,sax,"{'w': 144, 'bins': 5}",96,1,4,ok,96,192,1.0336508406326175,2.8085403880104423,3.849551882594824,5,34,49,0,,
2026-05-16T01:16:39.635599,noisy,sax,"{'w': 144, 'bins': 5}",96,2,4,ok,192,288,1.034636951982975,3.602351267822087,4.644039343111217,5,22,37,0,,
2026-05-16T01:16:43.290987,noisy,sax,"{'w': 144, 'bins': 5}",96,3,4,ok,288,384,1.0449064774438739,2.567592319101095,3.6195347607135773,5,18,35,0,,
2026-05-16T01:16:46.676356,noisy,sax,"{'w': 144, 'bins': 5}",96,4,4,ok,384,480,1.0312207927927375,2.3127358742058277,3.3511529425159097,5,43,61,0,,
2026-05-16T01:16:50.617458,noisy,sax,"{'w': 144, 'bins': 5}",97,0,4,ok,0,97,1.0421634502708912,2.7714088652282953,3.8205135222524405,5,4,12,0,,
2026-05-16T01:16:54.812781,noisy,sax,"{'w': 144, 'bins': 5}",97,1,4,ok,97,194,1.0467375656589866,3.1000575413927436,4.153994167223573,5,15,26,0,,
2026-05-16T01:16:59.213122,noisy,sax,"{'w': 144, 'bins': 5}",97,2,4,ok,194,291,1.0448291143402457,3.305686356499791,4.357887858524919,5,43,70,0,,
2026-05-16T01:17:02.609360,noisy,sax,"{'w': 144, 'bins': 5}",97,3,4,ok,291,388,1.0405950909480453,2.3107538735494018,3.3586332853883505,5,15,26,0,,
2026-05-16T01:17:06.524682,noisy,sax,"{'w': 144, 'bins': 5}",97,4,4,ok,388,485,1.0425944533199072,2.828421982936561,3.878306146711111,5,41,66,0,,
2026-05-16T01:17:10.806606,noisy,sax,"{'w': 144, 'bins': 5}",98,0,4,ok,0,98,1.0678265383467078,3.0889652455225587,4.164135556668043,5,6,15,0,,
2026-05-16T01:17:14.645676,noisy,sax,"{'w': 144, 'bins': 5}",98,1,4,ok,98,196,1.0539148105308414,2.7359835896641016,3.7972724391147494,5,6,14,0,,
2026-05-16T01:17:19.451304,noisy,sax,"{'w': 144, 'bins': 5}",98,2,4,ok,196,294,1.0558940572664142,3.695989758707583,4.759346129372716,5,17,33,0,,
2026-05-16T01:17:22.886761,noisy,sax,"{'w': 144, 'bins': 5}",98,3,4,ok,294,392,1.0568622360005975,2.338814568705857,3.402955994941294,5,19,31,0,,
2026-05-16T01:17:26.713809,noisy,sax,"{'w': 144, 'bins': 5}",98,4,4,ok,392,490,1.0543655408546329,2.729109799489379,3.7907936945557594,5,23,42,0,,
2026-05-16T01:17:30.580078,noisy,sax,"{'w': 144, 'bins': 5}",99,0,4,ok,0,99,1.0670104324817657,2.67228520847857,3.7468149019405246,5,6,15,0,,
2026-05-16T01:17:35.451896,noisy,sax,"{'w': 144, 'bins': 5}",99,1,4,ok,99,198,1.066068715415895,3.7543861158192158,4.828005532734096,5,30,51,0,,
2026-05-16T01:17:40.375011,noisy,sax,"{'w': 144, 'bins': 5}",99,2,4,ok,198,297,1.0662790620699525,3.803132703527808,4.8769467966631055,5,77,108,0,,
2026-05-16T01:17:43.762777,noisy,sax,"{'w': 144, 'bins': 5}",99,3,4,ok,297,396,1.068353045731783,2.277657827362418,3.3533883383497596,5,46,71,0,,
2026-05-16T01:17:47.463769,noisy,sax,"{'w': 144, 'bins': 5}",99,4,4,ok,396,495,1.062218513339758,2.59439701680094,3.664122919552028,5,37,53,0,,
2026-05-16T01:17:51.808505,noisy,sax,"{'w': 144, 'bins': 5}",100,0,4,ok,0,100,1.0741406800225377,3.1464049890637398,4.228061624802649,5,39,65,0,,
2026-05-16T01:17:55.734536,noisy,sax,"{'w': 144, 'bins': 5}",100,1,4,ok,100,200,1.0716035002842546,2.8076615389436483,3.886518681421876,5,12,20,0,,
2026-05-16T01:18:00.184343,noisy,sax,"{'w': 144, 'bins': 5}",100,2,4,ok,200,300,1.0771606899797916,3.3179636327549815,4.402837467379868,5,9,19,0,,
2026-05-16T01:18:03.519392,noisy,sax,"{'w': 144, 'bins': 5}",100,3,4,ok,300,400,1.0782267823815346,2.2155992537736893,3.3012962052598596,5,33,55,0,,
2026-05-16T01:18:07.055638,noisy,sax,"{'w': 144, 'bins': 5}",100,4,4,ok,400,500,1.0742645058780909,2.4113075332716107,3.4931870717555285,5,10,21,0,,
2026-05-16T01:18:07.502386,noisy,persist,{'bins': 6},1,0,4,ok,0,1,0.15107834059745073,0.03361458331346512,0.18503424525260925,5,62,64,0,,
2026-05-16T01:18:07.683791,noisy,persist,{'bins': 6},1,1,4,ok,1,2,0.14942749310284853,0.029767705127596855,0.17947114538401365,5,21,24,0,,
2026-05-16T01:18:07.861512,noisy,persist,{'bins': 6},1,2,4,ok,2,3,0.1474371673539281,0.02819899097084999,0.1759060760959983,5,22,25,0,,
2026-05-16T01:18:08.028495,noisy,persist,{'bins': 6},1,3,4,ok,3,4,0.15050480421632528,0.014886808581650257,0.16563985869288445,5,8,12,0,,
2026-05-16T01:18:08.194502,noisy,persist,{'bins': 6},1,4,4,ok,4,5,0.14763012994080782,0.016493513248860836,0.16438179835677147,5,18,22,0,,
2026-05-16T01:18:08.481680,noisy,persist,{'bins': 6},2,0,4,ok,0,2,0.1579914754256606,0.03402072750031948,0.1924693500623107,5,62,64,0,,
2026-05-16T01:18:08.712749,noisy,persist,{'bins': 6},2,1,4,ok,2,4,0.15591590013355017,0.07168160658329725,0.2279911646619439,5,47,54,0,,
2026-05-16T01:18:08.973676,noisy,persist,{'bins': 6},2,2,4,ok,4,6,0.1572917615994811,0.10037485510110855,0.2580681601539254,5,52,63,0,,
2026-05-16T01:18:09.166200,noisy,persist,{'bins': 6},2,3,4,ok,6,8,0.15350842103362083,0.036170641891658306,0.19005815498530865,5,32,37,0,,
2026-05-16T01:18:09.346446,noisy,persist,{'bins': 6},2,4,4,ok,8,10,0.1566571407020092,0.021266791969537735,0.17829112149775028,5,39,43,0,,
2026-05-16T01:18:09.789271,noisy,persist,{'bins': 6},3,0,4,ok,0,3,0.15710192639380693,0.18693183828145266,0.3446918996050954,5,48,60,0,,
2026-05-16T01:18:09.983550,noisy,persist,{'bins': 6},3,1,4,ok,3,6,0.15872281696647406,0.03298110608011484,0.1922151232138276,5,24,30,0,,
2026-05-16T01:18:10.204349,noisy,persist,{'bins': 6},3,2,4,ok,6,9,0.16219883225858212,0.055783879943192005,0.21848206873983145,5,38,46,0,,
2026-05-16T01:18:10.433499,noisy,persist,{'bins': 6},3,3,4,ok,9,12,0.16038295347243547,0.06553388852626085,0.2264479286968708,5,33,42,0,,
2026-05-16T01:18:10.915650,noisy,persist,{'bins': 6},3,4,4,ok,12,15,0.1593787893652916,0.3175562238320708,0.4775026775896549,5,77,98,0,,
2026-05-16T01:18:11.253146,noisy,persist,{'bins': 6},4,0,4,ok,0,4,0.16554004233330488,0.07462458871304989,0.24089892953634262,5,41,49,0,,
2026-05-16T01:18:11.480042,noisy,persist,{'bins': 6},4,1,4,ok,4,8,0.1674120044335723,0.05669861659407616,0.22469188272953033,5,38,46,0,,
2026-05-16T01:18:11.765591,noisy,persist,{'bins': 6},4,2,4,ok,8,12,0.16714682709425688,0.11460259556770325,0.2823606999590993,5,64,75,0,,
2026-05-16T01:18:11.969216,noisy,persist,{'bins': 6},4,3,4,ok,12,16,0.16779629606753588,0.03322435263544321,0.20160290133208036,5,48,53,0,,
2026-05-16T01:18:12.249420,noisy,persist,{'bins': 6},4,4,4,ok,16,20,0.16668642312288284,0.10988075472414494,0.2771665435284376,5,55,67,0,,
2026-05-16T01:18:12.899411,noisy,persist,{'bins': 6},5,0,4,ok,0,5,0.16845074389129877,0.3817340359091759,0.5511718224734068,5,33,52,0,,
2026-05-16T01:18:13.124025,noisy,persist,{'bins': 6},5,1,4,ok,5,10,0.17092497739940882,0.049798838794231415,0.2215718785300851,5,31,38,0,,
2026-05-16T01:18:13.348861,noisy,persist,{'bins': 6},5,2,4,ok,10,15,0.17173570953309536,0.04989981651306152,0.2225098768249154,5,48,55,0,,
2026-05-16T01:18:13.688328,noisy,persist,{'bins': 6},5,3,4,ok,15,20,0.16635138355195522,0.16743594966828823,0.3346676351502538,5,38,51,0,,
2026-05-16T01:18:13.951983,noisy,persist,{'bins': 6},5,4,4,ok,20,25,0.1684592105448246,0.09144779108464718,0.2607666654512286,5,32,45,0,,
2026-05-16T01:18:14.302620,noisy,persist,{'bins': 6},6,0,4,ok,0,6,0.17374607175588608,0.0772250797599554,0.25202634185552597,5,41,49,0,,
2026-05-16T01:18:14.538826,noisy,persist,{'bins': 6},6,1,4,ok,6,12,0.17454774770885706,0.057786017656326294,0.23328626342117786,5,31,38,0,,
2026-05-16T01:18:14.812319,noisy,persist,{'bins': 6},6,2,4,ok,12,18,0.17300489079207182,0.09609711728990078,0.2702813819050789,5,39,48,0,,
2026-05-16T01:18:15.060534,noisy,persist,{'bins': 6},6,3,4,ok,18,24,0.17623717710375786,0.06814486905932426,0.24531445652246475,5,54,62,0,,
2026-05-16T01:18:15.383314,noisy,persist,{'bins': 6},6,4,4,ok,24,30,0.17525648698210716,0.14201380871236324,0.3183086048811674,5,43,56,0,,
2026-05-16T01:18:15.896744,noisy,persist,{'bins': 6},7,0,4,ok,0,7,0.1766416970640421,0.23477980494499207,0.4126648548990488,5,40,52,0,,
2026-05-16T01:18:16.141574,noisy,persist,{'bins': 6},7,1,4,ok,7,14,0.1756604453548789,0.06506484840065241,0.2417723685503006,5,29,38,0,,
2026-05-16T01:18:16.714608,noisy,persist,{'bins': 6},7,2,4,ok,14,21,0.1813924526795745,0.38467493560165167,0.5672217952087522,5,80,100,0,,
2026-05-16T01:18:17.044160,noisy,persist,{'bins': 6},7,3,4,ok,21,28,0.17799453530460596,0.14669575542211533,0.3257594173774123,5,56,70,0,,
2026-05-16T01:18:17.624900,noisy,persist,{'bins': 6},7,4,4,ok,28,35,0.18148386385291815,0.3930262681096792,0.5756242033094168,5,68,89,0,,
2026-05-16T01:18:17.969465,noisy,persist,{'bins': 6},8,0,4,ok,0,8,0.18175894021987915,0.06261797714978456,0.2457320000976324,5,32,39,0,,
2026-05-16T01:18:18.210889,noisy,persist,{'bins': 6},8,1,4,ok,8,16,0.18462881725281477,0.05280675273388624,0.23857432696968317,5,50,58,0,,
2026-05-16T01:18:18.619136,noisy,persist,{'bins': 6},8,2,4,ok,16,24,0.1841816557571292,0.2180735021829605,0.4037618963047862,5,66,85,0,,
2026-05-16T01:18:19.020804,noisy,persist,{'bins': 6},8,3,4,ok,24,32,0.18687409907579422,0.2095891796052456,0.3976898808032274,5,55,72,0,,
2026-05-16T01:18:19.867184,noisy,persist,{'bins': 6},8,4,4,ok,32,40,0.18565415125340223,0.6542233033105731,0.8411295432597399,5,53,79,0,,
2026-05-16T01:18:20.189032,noisy,persist,{'bins': 6},9,0,4,ok,0,9,0.18736271653324366,0.036824047565460205,0.22548482194542885,5,32,37,0,,
2026-05-16T01:18:20.620485,noisy,persist,{'bins': 6},9,1,4,ok,9,18,0.18852351419627666,0.23737410549074411,0.4272253308445215,5,55,72,0,,
2026-05-16T01:18:21.062487,noisy,persist,{'bins': 6},9,2,4,ok,18,27,0.18979614321142435,0.246805215254426,0.4378699092194438,5,72,90,0,,
2026-05-16T01:18:22.110783,noisy,persist,{'bins': 6},9,3,4,ok,27,36,0.19004200492054224,0.8498221160843968,1.0414682924747467,5,44,71,0,,
2026-05-16T01:18:22.408046,noisy,persist,{'bins': 6},9,4,4,ok,36,45,0.1855149194598198,0.10657400917261839,0.2934791371226311,5,41,53,0,,
2026-05-16T01:18:22.744748,noisy,persist,{'bins': 6},10,0,4,ok,0,10,0.1902541732415557,0.04777966905385256,0.23938826471567154,5,31,37,0,,
2026-05-16T01:18:23.041037,noisy,persist,{'bins': 6},10,1,4,ok,10,20,0.19276658818125725,0.09702091105282307,0.29111228603869677,5,32,42,0,,
2026-05-16T01:18:23.372233,noisy,persist,{'bins': 6},10,2,4,ok,20,30,0.1903141662478447,0.13517421390861273,0.32692962512373924,5,48,61,0,,
2026-05-16T01:18:24.017254,noisy,persist,{'bins': 6},10,3,4,ok,30,40,0.19282499887049198,0.4442748390138149,0.6385447895154357,5,55,82,0,,
2026-05-16T01:18:24.378099,noisy,persist,{'bins': 6},10,4,4,ok,40,50,0.1890130741521716,0.16498903837054968,0.35543130431324244,5,33,48,0,,
2026-05-16T01:18:24.723051,noisy,persist,{'bins': 6},11,0,4,ok,0,11,0.19832849688827991,0.048277733847498894,0.24807735159993172,5,36,43,0,,
2026-05-16T01:18:25.225362,noisy,persist,{'bins': 6},11,1,4,ok,11,22,0.1947955060750246,0.3006427511572838,0.4970705518499017,5,21,36,0,,
2026-05-16T01:18:25.697573,noisy,persist,{'bins': 6},11,2,4,ok,22,33,0.19340799376368523,0.27000194787979126,0.4649496804922819,5,38,49,0,,
2026-05-16T01:18:26.999835,noisy,persist,{'bins': 6},11,3,4,ok,33,44,0.19659668672829866,1.097048170864582,1.2952770609408617,5,24,41,0,,
2026-05-16T01:18:27.383055,noisy,persist,{'bins': 6},11,4,4,ok,44,55,0.1993314391002059,0.17837360687553883,0.37916794139891863,5,57,74,0,,
2026-05-16T01:18:27.752761,noisy,persist,{'bins': 6},12,0,4,ok,0,12,0.19955567922443151,0.06908634584397078,0.27050783671438694,5,31,38,0,,
2026-05-16T01:18:28.565589,noisy,persist,{'bins': 6},12,1,4,ok,12,24,0.2038096133619547,0.6016773004084826,0.806978122331202,5,86,112,0,,
2026-05-16T01:18:28.902674,noisy,persist,{'bins': 6},12,2,4,ok,24,36,0.1980220815166831,0.13301745615899563,0.3325538598001003,5,41,52,0,,
2026-05-16T01:18:29.257977,noisy,persist,{'bins': 6},12,3,4,ok,36,48,0.20178689807653427,0.14673243556171656,0.3500944897532463,5,44,56,0,,
2026-05-16T01:18:29.518116,noisy,persist,{'bins': 6},12,4,4,ok,48,60,0.20263338647782803,0.05069174524396658,0.25498228147625923,5,20,26,0,,
2026-05-16T01:18:29.872584,noisy,persist,{'bins': 6},13,0,4,ok,0,13,0.2072782926261425,0.04796452634036541,0.25696588307619095,5,36,43,0,,
2026-05-16T01:18:30.470572,noisy,persist,{'bins': 6},13,1,4,ok,13,26,0.20784293301403522,0.382549699395895,0.5922375936061144,5,52,76,0,,
2026-05-16T01:18:32.013501,noisy,persist,{'bins': 6},13,2,4,ok,26,39,0.20870616473257542,1.3230222426354885,1.5334556484594941,5,95,134,0,,
2026-05-16T01:18:32.442286,noisy,persist,{'bins': 6},13,3,4,ok,39,52,0.20613401755690575,0.2148868516087532,0.4228067398071289,5,33,47,0,,
2026-05-16T01:18:32.848128,noisy,persist,{'bins': 6},13,4,4,ok,52,65,0.20483250357210636,0.19245099741965532,0.39916781708598137,5,36,48,0,,
2026-05-16T01:18:33.217316,noisy,persist,{'bins': 6},14,0,4,ok,0,14,0.20643088314682245,0.06283984333276749,0.27104091830551624,5,28,36,0,,
2026-05-16T01:18:33.585578,noisy,persist,{'bins': 6},14,1,4,ok,14,28,0.2052385564893484,0.15538402274250984,0.3624113453552127,5,21,31,0,,
2026-05-16T01:18:34.511689,noisy,persist,{'bins': 6},14,2,4,ok,28,42,0.210439907386899,0.70491714309901,0.9172781948000193,5,23,40,0,,
2026-05-16T01:18:35.034732,noisy,persist,{'bins': 6},14,3,4,ok,42,56,0.21185046434402466,0.3045872859656811,0.5182193340733647,5,63,85,0,,
2026-05-16T01:18:35.430372,noisy,persist,{'bins': 6},14,4,4,ok,56,70,0.20941010396927595,0.1779650691896677,0.389462030492723,5,44,58,0,,
2026-05-16T01:18:35.837063,noisy,persist,{'bins': 6},15,0,4,ok,0,15,0.21605658810585737,0.09185587801039219,0.30973862297832966,5,45,56,0,,
2026-05-16T01:18:36.450122,noisy,persist,{'bins': 6},15,1,4,ok,15,30,0.21612221095710993,0.3885563127696514,0.6065816152840853,5,45,69,0,,
2026-05-16T01:18:37.036080,noisy,persist,{'bins': 6},15,2,4,ok,30,45,0.21162064280360937,0.36436382960528135,0.5780416335910559,5,57,76,0,,
2026-05-16T01:18:37.934510,noisy,persist,{'bins': 6},15,3,4,ok,45,60,0.212186885997653,0.6764185205101967,0.8905607359483838,5,41,64,0,,
2026-05-16T01:18:38.257594,noisy,persist,{'bins': 6},15,4,4,ok,60,75,0.21106036193668842,0.10570312570780516,0.3187178447842598,5,41,52,0,,
2026-05-16T01:18:39.836993,noisy,persist,{'bins': 6},16,0,4,ok,0,16,0.21560199465602636,1.2538490565493703,1.4720812775194645,5,30,45,0,,
2026-05-16T01:18:40.849013,noisy,persist,{'bins': 6},16,1,4,ok,16,32,0.21421982161700726,0.7874753419309855,1.0039626397192478,5,14,26,0,,
2026-05-16T01:18:41.490482,noisy,persist,{'bins': 6},16,2,4,ok,32,48,0.2159650670364499,0.414531821385026,0.632544731721282,5,41,62,0,,
2026-05-16T01:18:41.923134,noisy,persist,{'bins': 6},16,3,4,ok,48,64,0.22061335016041994,0.20563331712037325,0.42825199104845524,5,59,76,0,,
2026-05-16T01:18:42.178363,noisy,persist,{'bins': 6},16,4,4,ok,64,80,0.21577149350196123,0.03437913954257965,0.25210472103208303,5,27,32,0,,
2026-05-16T01:18:42.895214,noisy,persist,{'bins': 6},17,0,4,ok,0,17,0.21848700009286404,0.3922219919040799,0.612988100387156,5,31,41,0,,
2026-05-16T01:18:43.310789,noisy,persist,{'bins': 6},17,1,4,ok,17,34,0.22189350333064795,0.18421950936317444,0.40835470892488956,5,39,49,0,,
2026-05-16T01:18:43.783487,noisy,persist,{'bins': 6},17,2,4,ok,34,51,0.22322008293122053,0.24093651119619608,0.46646931394934654,5,55,74,0,,
2026-05-16T01:18:44.600047,noisy,persist,{'bins': 6},17,3,4,ok,51,68,0.2194729894399643,0.5872314814478159,0.8089340655133128,5,60,84,0,,
2026-05-16T01:18:44.915780,noisy,persist,{'bins': 6},17,4,4,ok,68,85,0.21917897835373878,0.08798887114971876,0.30944130569696426,5,25,33,0,,
2026-05-16T01:18:45.315464,noisy,persist,{'bins': 6},18,0,4,ok,0,18,0.2239508545026183,0.07361109741032124,0.2999328412115574,5,33,41,0,,
2026-05-16T01:18:45.696804,noisy,persist,{'bins': 6},18,1,4,ok,18,36,0.227070608176291,0.14777360018342733,0.3770370241254568,5,41,52,0,,
2026-05-16T01:18:46.214255,noisy,persist,{'bins': 6},18,2,4,ok,36,54,0.2771836882457137,0.2303741192445159,0.5099999196827412,5,40,56,0,,
2026-05-16T01:18:46.598904,noisy,persist,{'bins': 6},18,3,4,ok,54,72,0.225256634876132,0.15076017472893,0.37836813274770975,5,43,56,0,,
2026-05-16T01:18:46.930305,noisy,persist,{'bins': 6},18,4,4,ok,72,90,0.22859233431518078,0.09678925760090351,0.3275107676163316,5,38,49,0,,
2026-05-16T01:18:47.379657,noisy,persist,{'bins': 6},19,0,4,ok,0,19,0.2259370619431138,0.11926598940044641,0.34764244966208935,5,33,41,0,,
2026-05-16T01:18:48.048391,noisy,persist,{'bins': 6},19,1,4,ok,19,38,0.22597847040742636,0.42945908661931753,0.6580440681427717,5,22,30,0,,
2026-05-16T01:18:48.464161,noisy,persist,{'bins': 6},19,2,4,ok,38,57,0.23062842525541782,0.17618714552372694,0.40914498269557953,5,40,55,0,,
2026-05-16T01:18:48.971712,noisy,persist,{'bins': 6},19,3,4,ok,57,76,0.22545957565307617,0.2728834170848131,0.5008423142135143,5,32,47,0,,
2026-05-16T01:18:49.312256,noisy,persist,{'bins': 6},19,4,4,ok,76,95,0.23364143073558807,0.10062750056385994,0.3366690455004573,5,38,49,0,,
2026-05-16T01:18:49.781435,noisy,persist,{'bins': 6},20,0,4,ok,0,20,0.2433273084461689,0.12156035471707582,0.3677525008097291,5,49,61,0,,
2026-05-16T01:18:50.197488,noisy,persist,{'bins': 6},20,1,4,ok,20,40,0.23247049376368523,0.17648838087916374,0.41132311150431633,5,36,50,0,,
2026-05-16T01:18:50.890651,noisy,persist,{'bins': 6},20,2,4,ok,40,60,0.23924817331135273,0.44531285017728806,0.6870329128578305,5,73,96,0,,
2026-05-16T01:18:51.240678,noisy,persist,{'bins': 6},20,3,4,ok,60,80,0.23608355317264795,0.10594842582941055,0.34459428768604994,5,33,44,0,,
2026-05-16T01:18:51.616530,noisy,persist,{'bins': 6},20,4,4,ok,80,100,0.23560364358127117,0.13265878427773714,0.37085532397031784,5,36,49,0,,
2026-05-16T01:18:52.764689,noisy,persist,{'bins': 6},21,0,4,ok,0,21,0.237342176027596,0.7988646905869246,1.03922937810421,5,25,36,0,,
2026-05-16T01:18:53.329968,noisy,persist,{'bins': 6},21,1,4,ok,21,42,0.2363190772011876,0.316076229326427,0.5551739800721407,5,37,47,0,,
2026-05-16T01:18:53.973621,noisy,persist,{'bins': 6},21,2,4,ok,42,63,0.2422113250941038,0.3931643022224307,0.6380409291014075,5,64,86,0,,
2026-05-16T01:18:54.320277,noisy,persist,{'bins': 6},21,3,4,ok,63,84,0.24164394848048687,0.09883399493992329,0.3428689008578658,5,38,49,0,,
2026-05-16T01:18:55.981585,noisy,persist,{'bins': 6},21,4,4,ok,84,105,0.23496193997561932,1.4062265427783132,1.6441748980432749,5,32,45,0,,
2026-05-16T01:18:56.455489,noisy,persist,{'bins': 6},22,0,4,ok,0,22,0.24620038084685802,0.12697073817253113,0.37581085320562124,5,49,61,0,,
2026-05-16T01:18:57.121576,noisy,persist,{'bins': 6},22,1,4,ok,22,44,0.23924044892191887,0.41426699608564377,0.6562345838174224,5,28,40,0,,
2026-05-16T01:18:57.585030,noisy,persist,{'bins': 6},22,2,4,ok,44,66,0.24462437443435192,0.20907285157591105,0.4564999360591173,5,43,58,0,,
2026-05-16T01:18:57.917639,noisy,persist,{'bins': 6},22,3,4,ok,66,88,0.2409210130572319,0.08483098540455103,0.3284421171993017,5,33,42,0,,
2026-05-16T01:18:58.291428,noisy,persist,{'bins': 6},22,4,4,ok,88,110,0.24605541955679655,0.12071415688842535,0.36956354044377804,5,22,32,0,,
2026-05-16T01:18:59.013259,noisy,persist,{'bins': 6},23,0,4,ok,0,23,0.2477042442187667,0.3657143572345376,0.6164104854688048,5,30,37,0,,
2026-05-16T01:18:59.566536,noisy,persist,{'bins': 6},23,1,4,ok,23,46,0.29764610063284636,0.24470917228609324,0.5453967414796352,5,32,46,0,,
2026-05-16T01:19:00.075792,noisy,persist,{'bins': 6},23,2,4,ok,46,69,0.24737444519996643,0.2509551951661706,0.5011653313413262,5,51,67,0,,
2026-05-16T01:19:00.432757,noisy,persist,{'bins': 6},23,3,4,ok,69,92,0.25079378206282854,0.09961731545627117,0.3532004412263632,5,38,49,0,,
2026-05-16T01:19:02.160521,noisy,persist,{'bins': 6},23,4,4,ok,92,115,0.24282492604106665,1.4655078398063779,1.7113480251282454,5,50,72,0,,
2026-05-16T01:19:02.583365,noisy,persist,{'bins': 6},24,0,4,ok,0,24,0.25459383241832256,0.06817958410829306,0.32568735536187887,5,35,42,0,,
2026-05-16T01:19:03.678865,noisy,persist,{'bins': 6},24,1,4,ok,24,48,0.2555367033928633,0.8303512241691351,1.088886745274067,5,24,40,0,,
2026-05-16T01:19:04.153112,noisy,persist,{'bins': 6},24,2,4,ok,48,72,0.24832123145461082,0.21561555191874504,0.4667465975508094,5,46,60,0,,
2026-05-16T01:19:04.795213,noisy,persist,{'bins': 6},24,3,4,ok,72,96,0.25199723057448864,0.36901891976594925,0.6242757672443986,5,45,61,0,,
2026-05-16T01:19:06.199833,noisy,persist,{'bins': 6},24,4,4,ok,96,120,0.25528844725340605,1.1355946529656649,1.393973059952259,5,76,105,0,,
2026-05-16T01:19:06.757720,noisy,persist,{'bins': 6},25,0,4,ok,0,25,0.2588623445481062,0.19684713799506426,0.45857227593660355,5,64,79,0,,
2026-05-16T01:19:07.563567,noisy,persist,{'bins': 6},25,1,4,ok,25,50,0.25878745410591364,0.537432405166328,0.799327502027154,5,66,94,0,,
2026-05-16T01:19:08.090389,noisy,persist,{'bins': 6},25,2,4,ok,50,75,0.25238010846078396,0.2610861584544182,0.5165281426161528,5,47,62,0,,
2026-05-16T01:19:08.634744,noisy,persist,{'bins': 6},25,3,4,ok,75,100,0.25580903608351946,0.2749643037095666,0.5338498130440712,5,45,61,0,,
2026-05-16T01:19:09.529012,noisy,persist,{'bins': 6},25,4,4,ok,100,125,0.2531322007998824,0.6288821026682854,0.885038879700005,5,33,48,0,,
2026-05-16T01:19:10.279587,noisy,persist,{'bins': 6},26,0,4,ok,0,26,0.2643440030515194,0.38187359273433685,0.6494716526940465,5,62,84,0,,
2026-05-16T01:19:11.443063,noisy,persist,{'bins': 6},26,1,4,ok,26,52,0.26278199162334204,0.8808698868378997,1.1470301067456603,5,46,70,0,,
2026-05-16T01:19:12.133449,noisy,persist,{'bins': 6},26,2,4,ok,52,78,0.2631473569199443,0.41720152646303177,0.6835515629500151,5,42,62,0,,
2026-05-16T01:19:12.608465,noisy,persist,{'bins': 6},26,3,4,ok,78,104,0.2599836988374591,0.20622713305056095,0.46928302757442,5,15,26,0,,
2026-05-16T01:19:13.429905,noisy,persist,{'bins': 6},26,4,4,ok,104,130,0.2605688078328967,0.5499188797548413,0.8136306758970022,5,30,43,0,,
2026-05-16T01:19:14.040057,noisy,persist,{'bins': 6},27,0,4,ok,0,27,0.2600081963464618,0.24451006017625332,0.5078105153515935,5,34,49,0,,
2026-05-16T01:19:16.841102,noisy,persist,{'bins': 6},27,1,4,ok,27,54,0.2682883758097887,2.518182775005698,2.7898404644802213,5,21,39,0,,
2026-05-16T01:19:17.289591,noisy,persist,{'bins': 6},27,2,4,ok,54,81,0.26420541387051344,0.12327347043901682,0.44037963449954987,5,33,44,0,,
2026-05-16T01:19:17.771654,noisy,persist,{'bins': 6},27,3,4,ok,81,108,0.25770183745771646,0.2142411032691598,0.475140661932528,5,16,26,0,,
2026-05-16T01:19:20.520696,noisy,persist,{'bins': 6},27,4,4,ok,108,135,0.26125162933021784,2.4525876017287374,2.7177309850230813,5,41,60,0,,
2026-05-16T01:19:21.149457,noisy,persist,{'bins': 6},28,0,4,ok,0,28,0.2691957177594304,0.2533624041825533,0.5259485449641943,5,46,62,0,,
2026-05-16T01:19:22.290837,noisy,persist,{'bins': 6},28,1,4,ok,28,56,0.267959538847208,0.85805678460747,1.1295730378478765,5,10,21,0,,
2026-05-16T01:19:22.792825,noisy,persist,{'bins': 6},28,2,4,ok,56,84,0.2693850938230753,0.21979189105331898,0.49254101887345314,5,50,65,0,,
2026-05-16T01:19:23.242371,noisy,persist,{'bins': 6},28,3,4,ok,84,112,0.26449764147400856,0.16746591869741678,0.4354899385944009,5,31,39,0,,
2026-05-16T01:19:24.488085,noisy,persist,{'bins': 6},28,4,4,ok,112,140,0.2713106283918023,0.9434494441375136,1.218616128899157,5,39,54,0,,
2026-05-16T01:19:25.132444,noisy,persist,{'bins': 6},29,0,4,ok,0,29,0.27120302617549896,0.2675960473716259,0.542396585457027,5,45,62,0,,
2026-05-16T01:19:26.932267,noisy,persist,{'bins': 6},29,1,4,ok,29,58,0.2782894652336836,1.5080556711181998,1.7898817537352443,5,42,75,0,,
2026-05-16T01:19:27.434764,noisy,persist,{'bins': 6},29,2,4,ok,58,87,0.27413122169673443,0.2157359290868044,0.49345984403043985,5,50,65,0,,
2026-05-16T01:19:28.027408,noisy,persist,{'bins': 6},29,3,4,ok,87,116,0.2732097217813134,0.29926359839737415,0.5762019082903862,5,20,27,0,,
2026-05-16T01:19:29.385906,noisy,persist,{'bins': 6},29,4,4,ok,116,145,0.2685764469206333,1.0771970441564918,1.3492706939578056,5,59,82,0,,
2026-05-16T01:19:30.149556,noisy,persist,{'bins': 6},30,0,4,ok,0,30,0.2813377669081092,0.3796495422720909,0.6646067723631859,5,62,84,0,,
2026-05-16T01:19:31.702940,noisy,persist,{'bins': 6},30,1,4,ok,30,60,0.2824416682124138,1.2580180587247014,1.5440592523664236,5,42,65,0,,
2026-05-16T01:19:32.542177,noisy,persist,{'bins': 6},30,2,4,ok,60,90,0.27890094369649887,0.5377161018550396,0.8206543531268835,5,12,21,0,,
2026-05-16T01:19:32.960564,noisy,persist,{'bins': 6},30,3,4,ok,90,120,0.2731678634881973,0.12763725221157074,0.40443852450698614,5,22,29,0,,
2026-05-16T01:19:34.023651,noisy,persist,{'bins': 6},30,4,4,ok,120,150,0.27573535311967134,0.7733609741553664,1.0526756653562188,5,58,91,0,,
2026-05-16T01:19:34.692697,noisy,persist,{'bins': 6},31,0,4,ok,0,31,0.2833933150395751,0.2803431209176779,0.5673693846911192,5,58,75,0,,
2026-05-16T01:19:35.309431,noisy,persist,{'bins': 6},31,1,4,ok,31,62,0.2844213545322418,0.3182766316458583,0.6064529027789831,5,16,29,0,,
2026-05-16T01:19:35.706218,noisy,persist,{'bins': 6},31,2,4,ok,62,93,0.2861118158325553,0.10261018201708794,0.3922779718413949,5,38,49,0,,
2026-05-16T01:19:36.145894,noisy,persist,{'bins': 6},31,3,4,ok,93,124,0.2776864841580391,0.15242390986531973,0.43384980224072933,5,24,31,0,,
2026-05-16T01:19:36.894430,noisy,persist,{'bins': 6},31,4,4,ok,124,155,0.2784506380558014,0.44858259242028,0.7309899665415287,5,29,39,0,,
2026-05-16T01:19:37.525877,noisy,persist,{'bins': 6},32,0,4,ok,0,32,0.2867280635982752,0.24032330326735973,0.5308070154860616,5,59,75,0,,
2026-05-16T01:19:38.639695,noisy,persist,{'bins': 6},32,1,4,ok,32,64,0.28964054863899946,0.8119470523670316,1.1053364668041468,5,78,108,0,,
2026-05-16T01:19:39.305415,noisy,persist,{'bins': 6},32,2,4,ok,64,96,0.29092950839549303,0.36496836040169,0.6595891369506717,5,51,71,0,,
2026-05-16T01:19:41.208826,noisy,persist,{'bins': 6},32,3,4,ok,96,128,0.28998155891895294,1.5962962312623858,1.8901281161233783,5,36,57,0,,
2026-05-16T01:19:41.629417,noisy,persist,{'bins': 6},32,4,4,ok,128,160,0.28888428024947643,0.12198333069682121,0.41455976013094187,5,38,49,0,,
2026-05-16T01:19:42.263517,noisy,persist,{'bins': 6},33,0,4,ok,0,33,0.29264720249921083,0.2384047443047166,0.5347484136000276,5,58,74,0,,
2026-05-16T01:19:43.025935,noisy,persist,{'bins': 6},33,1,4,ok,33,66,0.29216130170971155,0.4537797160446644,0.7500404603779316,5,15,28,0,,
2026-05-16T01:19:43.642048,noisy,persist,{'bins': 6},33,2,4,ok,66,99,0.2863963507115841,0.3069962412118912,0.5976873831823468,5,40,56,0,,
2026-05-16T01:19:48.337519,noisy,persist,{'bins': 6},33,3,4,ok,99,132,0.28762595914304256,4.365590217523277,4.657877976074815,5,61,95,0,,
2026-05-16T01:19:49.072169,noisy,persist,{'bins': 6},33,4,4,ok,132,165,0.2864283509552479,0.4249832443892956,0.7157614389434457,5,28,37,0,,
2026-05-16T01:19:49.740603,noisy,persist,{'bins': 6},34,0,4,ok,0,34,0.2942219879478216,0.26878799591213465,0.5670545343309641,5,59,76,0,,
2026-05-16T01:19:50.352260,noisy,persist,{'bins': 6},34,1,4,ok,34,68,0.2907300656661391,0.3067138735204935,0.6015294557437301,5,30,45,0,,
2026-05-16T01:19:51.068355,noisy,persist,{'bins': 6},34,2,4,ok,68,102,0.29784972686320543,0.4082422349601984,0.7101316228508949,5,50,73,0,,
2026-05-16T01:19:56.008640,noisy,persist,{'bins': 6},34,3,4,ok,102,136,0.2965346993878484,4.6102981911972165,4.911503536626697,5,68,108,0,,
2026-05-16T01:19:56.437784,noisy,persist,{'bins': 6},34,4,4,ok,136,170,0.2975452458485961,0.1229559974744916,0.42428877111524343,5,38,49,0,,
2026-05-16T01:19:57.134516,noisy,persist,{'bins': 6},35,0,4,ok,0,35,0.2932456564158201,0.2923207599669695,0.5898614674806595,5,59,76,0,,
2026-05-16T01:19:57.839054,noisy,persist,{'bins': 6},35,1,4,ok,35,70,0.2942507015541196,0.3942430429160595,0.6926909722387791,5,16,29,0,,
2026-05-16T01:19:58.526257,noisy,persist,{'bins': 6},35,2,4,ok,70,105,0.2947186613455415,0.3678071005269885,0.6669975137338042,5,18,26,0,,
2026-05-16T01:19:59.252787,noisy,persist,{'bins': 6},35,3,4,ok,105,140,0.2970927469432354,0.4057885706424713,0.7074191337451339,5,61,77,0,,
2026-05-16T01:19:59.710289,noisy,persist,{'bins': 6},35,4,4,ok,140,175,0.2946063494309783,0.15242496319115162,0.4510157508775592,5,35,48,0,,
2026-05-16T01:20:00.462521,noisy,persist,{'bins': 6},36,0,4,ok,0,36,0.30002112314105034,0.3375111520290375,0.6419085385277867,5,51,65,0,,
2026-05-16T01:20:01.615631,noisy,persist,{'bins': 6},36,1,4,ok,36,72,0.30845000222325325,0.8309832522645593,1.1437975857406855,5,77,104,0,,
2026-05-16T01:20:02.151573,noisy,persist,{'bins': 6},36,2,4,ok,72,108,0.2998187830671668,0.22318551316857338,0.5273673143237829,5,18,30,0,,
2026-05-16T01:20:05.762528,noisy,persist,{'bins': 6},36,3,4,ok,108,144,0.3081716103479266,3.285488693974912,3.5979827363044024,5,41,65,0,,
2026-05-16T01:20:06.315559,noisy,persist,{'bins': 6},36,4,4,ok,144,180,0.3070115437731147,0.23541003465652466,0.5464694341644645,5,61,78,0,,
2026-05-16T01:20:07.139419,noisy,persist,{'bins': 6},37,0,4,ok,0,37,0.3585322741419077,0.35023503191769123,0.7137995911762118,5,61,78,0,,
2026-05-16T01:20:08.240469,noisy,persist,{'bins': 6},37,1,4,ok,37,74,0.3126378422603011,0.7748149707913399,1.0916800061240792,5,77,104,0,,
2026-05-16T01:20:08.814515,noisy,persist,{'bins': 6},37,2,4,ok,74,111,0.3044981546700001,0.25683966372162104,0.5656974902376533,5,16,28,0,,
2026-05-16T01:20:12.470701,noisy,persist,{'bins': 6},37,3,4,ok,111,148,0.3137981789186597,3.322324341163039,3.6405664198100567,5,78,116,0,,
2026-05-16T01:20:13.012947,noisy,persist,{'bins': 6},37,4,4,ok,148,185,0.3025294914841652,0.22070354502648115,0.5278315767645836,5,31,45,0,,
2026-05-16T01:20:13.852812,noisy,persist,{'bins': 6},38,0,4,ok,0,38,0.31484765838831663,0.4197841277346015,0.7389390105381608,5,45,62,0,,
2026-05-16T01:20:14.548313,noisy,persist,{'bins': 6},38,1,4,ok,38,76,0.30536274798214436,0.37811709102243185,0.6878368761390448,5,15,27,0,,
2026-05-16T01:20:15.105505,noisy,persist,{'bins': 6},38,2,4,ok,76,114,0.3116995906457305,0.2243140209466219,0.5406359061598778,5,27,38,0,,
2026-05-16T01:20:15.584414,noisy,persist,{'bins': 6},38,3,4,ok,114,152,0.3153005000203848,0.1542994324117899,0.4738470120355487,5,48,60,0,,
2026-05-16T01:20:16.099827,noisy,persist,{'bins': 6},38,4,4,ok,152,190,0.315219147130847,0.19079632591456175,0.5104188863188028,5,54,69,0,,
2026-05-16T01:20:16.946576,noisy,persist,{'bins': 6},39,0,4,ok,0,39,0.3194597652181983,0.42152359429746866,0.7456324147060513,5,45,62,0,,
2026-05-16T01:20:17.714507,noisy,persist,{'bins': 6},39,1,4,ok,39,78,0.3175632869824767,0.4331171317026019,0.7552899001166224,5,34,55,0,,
2026-05-16T01:20:18.303207,noisy,persist,{'bins': 6},39,2,4,ok,78,117,0.3158701090142131,0.2589870635420084,0.5794215686619282,5,16,28,0,,
2026-05-16T01:20:18.781722,noisy,persist,{'bins': 6},39,3,4,ok,117,156,0.31747297663241625,0.13924071937799454,0.4615583894774318,5,33,40,0,,
2026-05-16T01:20:19.459248,noisy,persist,{'bins': 6},39,4,4,ok,156,195,0.3124532578513026,0.3454506751149893,0.6627100016921759,5,27,39,0,,
2026-05-16T01:20:21.296881,noisy,persist,{'bins': 6},40,0,4,ok,0,40,0.3213314088061452,1.3966392111033201,1.7230083039030433,5,28,44,0,,
2026-05-16T01:20:21.935625,noisy,persist,{'bins': 6},40,1,4,ok,40,80,0.3147168243303895,0.30485295318067074,0.6244403291493654,5,26,35,0,,
2026-05-16T01:20:22.538336,noisy,persist,{'bins': 6},40,2,4,ok,80,120,0.312408952973783,0.26193663012236357,0.5792745342478156,5,27,37,0,,
2026-05-16T01:20:23.040015,noisy,persist,{'bins': 6},40,3,4,ok,120,160,0.31734929606318474,0.16198902297765017,0.4841999430209398,5,35,44,0,,
2026-05-16T01:20:23.526042,noisy,persist,{'bins': 6},40,4,4,ok,160,200,0.3246521716937423,0.1520333392545581,0.48119501397013664,5,54,68,0,,
2026-05-16T01:20:25.177168,noisy,persist,{'bins': 6},41,0,4,ok,0,41,0.31913049705326557,1.2064799210056663,1.5309915468096733,5,17,28,0,,
2026-05-16T01:20:25.751795,noisy,persist,{'bins': 6},41,1,4,ok,41,82,0.32683559879660606,0.2292622085660696,0.5608838191255927,5,50,65,0,,
2026-05-16T01:20:26.203583,noisy,persist,{'bins': 6},41,2,4,ok,82,123,0.32203541975468397,0.11248266231268644,0.43948398157954216,5,22,30,0,,
2026-05-16T01:20:26.664623,noisy,persist,{'bins': 6},41,3,4,ok,123,164,0.3276204112917185,0.12426280975341797,0.45641123969107866,5,38,49,0,,
2026-05-16T01:20:29.136328,noisy,persist,{'bins': 6},41,4,4,ok,164,205,0.3217236343771219,2.114607412368059,2.4415982719510794,5,34,51,0,,
2026-05-16T01:20:30.952051,noisy,persist,{'bins': 6},42,0,4,ok,0,42,0.32493420969694853,1.3697489388287067,1.6999555537477136,5,35,51,0,,
2026-05-16T01:20:31.646479,noisy,persist,{'bins': 6},42,1,4,ok,42,84,0.33218368608504534,0.3508606478571892,0.6877302788197994,5,55,74,0,,
2026-05-16T01:20:32.119614,noisy,persist,{'bins': 6},42,2,4,ok,84,126,0.3229393167421222,0.13628982193768024,0.4642450325191021,5,37,46,0,,
2026-05-16T01:20:32.647371,noisy,persist,{'bins': 6},42,3,4,ok,126,168,0.3224196219816804,0.18754301220178604,0.5148969935253263,5,25,36,0,,
2026-05-16T01:20:33.339542,noisy,persist,{'bins': 6},42,4,4,ok,168,210,0.3270318266004324,0.3404565220698714,0.6725817089900374,5,38,55,0,,
2026-05-16T01:20:34.392003,noisy,persist,{'bins': 6},43,0,4,ok,0,43,0.3374227499589324,0.6076707663014531,0.9500430654734373,5,59,82,0,,
2026-05-16T01:20:35.093077,noisy,persist,{'bins': 6},43,1,4,ok,43,86,0.34011893905699253,0.34916833229362965,0.6941758263856173,5,55,74,0,,
2026-05-16T01:20:35.644990,noisy,persist,{'bins': 6},43,2,4,ok,86,129,0.3342807022854686,0.19322906341403723,0.5327567830681801,5,21,30,0,,
2026-05-16T01:20:36.106098,noisy,persist,{'bins': 6},43,3,4,ok,129,172,0.33815555460751057,0.11303934641182423,0.45606699492782354,5,41,52,0,,
2026-05-16T01:20:37.591310,noisy,persist,{'bins': 6},43,4,4,ok,172,215,0.3329890472814441,1.1184106497094035,1.4568440755829215,5,53,84,0,,
2026-05-16T01:20:38.333797,noisy,persist,{'bins': 6},44,0,4,ok,0,44,0.3324451884254813,0.2973629469051957,0.634881105273962,5,46,59,0,,
2026-05-16T01:20:39.032221,noisy,persist,{'bins': 6},44,1,4,ok,44,88,0.3413680335506797,0.3449359694495797,0.691463646478951,5,55,74,0,,
2026-05-16T01:20:39.689270,noisy,persist,{'bins': 6},44,2,4,ok,88,132,0.3329718057066202,0.2956575956195593,0.6340723065659404,5,26,36,0,,
2026-05-16T01:20:40.227069,noisy,persist,{'bins': 6},44,3,4,ok,132,176,0.33660620730370283,0.18268325179815292,0.5243816059082747,5,41,53,0,,
2026-05-16T01:20:44.096345,noisy,persist,{'bins': 6},44,4,4,ok,176,220,0.33870511688292027,3.4785373006016016,3.8230915647000074,5,50,72,0,,
2026-05-16T01:20:45.154917,noisy,persist,{'bins': 6},45,0,4,ok,0,45,0.34496196918189526,0.6035934565588832,0.9536066856235266,5,59,82,0,,
2026-05-16T01:20:45.856787,noisy,persist,{'bins': 6},45,1,4,ok,45,90,0.3397341091185808,0.3317561652511358,0.6769251432269812,5,50,65,0,,
2026-05-16T01:20:46.441290,noisy,persist,{'bins': 6},45,2,4,ok,90,135,0.3449516985565424,0.22797024436295033,0.577955350279808,5,32,46,0,,
2026-05-16T01:20:47.074725,noisy,persist,{'bins': 6},45,3,4,ok,135,180,0.3455276023596525,0.276015592738986,0.6266505001112819,5,37,53,0,,
2026-05-16T01:20:50.743783,noisy,persist,{'bins': 6},45,4,4,ok,180,225,0.3445935482159257,3.280084409750998,3.630573021247983,5,66,97,0,,
2026-05-16T01:20:51.514334,noisy,persist,{'bins': 6},46,0,4,ok,0,46,0.3447032431140542,0.31256501842290163,0.6625848095864058,5,58,75,0,,
2026-05-16T01:20:52.049016,noisy,persist,{'bins': 6},46,1,4,ok,46,92,0.3396325670182705,0.1832420602440834,0.528020384721458,5,25,37,0,,
2026-05-16T01:20:52.549344,noisy,persist,{'bins': 6},46,2,4,ok,92,138,0.34335814975202084,0.13672543969005346,0.4855103148147464,5,24,33,0,,
2026-05-16T01:20:53.129506,noisy,persist,{'bins': 6},46,3,4,ok,138,184,0.3500953335314989,0.21883193496614695,0.5740443114191294,5,44,60,0,,
2026-05-16T01:20:55.458491,noisy,persist,{'bins': 6},46,4,4,ok,184,230,0.353915442712605,1.9555574776604772,2.3150106435641646,5,46,70,0,,
2026-05-16T01:20:56.528749,noisy,persist,{'bins': 6},47,0,4,ok,0,47,0.3544840104877949,0.6081741154193878,0.9678950337693095,5,59,82,0,,
2026-05-16T01:20:57.094361,noisy,persist,{'bins': 6},47,1,4,ok,47,94,0.350152350962162,0.20034182351082563,0.5559760723263025,5,49,63,0,,
2026-05-16T01:20:57.748592,noisy,persist,{'bins': 6},47,2,4,ok,94,141,0.35336486995220184,0.28792682010680437,0.6466167941689491,5,19,27,0,,
2026-05-16T01:20:58.446446,noisy,persist,{'bins': 6},47,3,4,ok,141,188,0.3458868758752942,0.3327965885400772,0.6841447744518518,5,34,50,0,,
2026-05-16T01:20:59.169274,noisy,persist,{'bins': 6},47,4,4,ok,188,235,0.35457982029765844,0.35550849325954914,0.7153196018189192,5,68,89,0,,
2026-05-16T01:21:00.321858,noisy,persist,{'bins': 6},48,0,4,ok,0,48,0.3551060790196061,0.6673055607825518,1.0282513899728656,5,21,31,0,,
2026-05-16T01:21:01.440309,noisy,persist,{'bins': 6},48,1,4,ok,48,96,0.36067281663417816,0.7449501026421785,1.1109738806262612,5,25,42,0,,
2026-05-16T01:21:03.902975,noisy,persist,{'bins': 6},48,2,4,ok,96,144,0.35217147041112185,2.090503253042698,2.4483247473835945,5,72,110,0,,
2026-05-16T01:21:04.415507,noisy,persist,{'bins': 6},48,3,4,ok,144,192,0.3548739021643996,0.14228836074471474,0.5025759134441614,5,41,52,0,,
2026-05-16T01:21:05.209750,noisy,persist,{'bins': 6},48,4,4,ok,192,240,0.35814017336815596,0.4225627901032567,0.7860855646431446,5,70,92,0,,
2026-05-16T01:21:05.990814,noisy,persist,{'bins': 6},49,0,4,ok,0,49,0.3591107549145818,0.30812206119298935,0.6728045037016273,5,59,76,0,,
2026-05-16T01:21:07.067553,noisy,persist,{'bins': 6},49,1,4,ok,49,98,0.3542769318446517,0.6908062072470784,1.0511650843545794,5,26,40,0,,
2026-05-16T01:21:35.275801,noisy,persist,{'bins': 6},49,2,4,ok,98,147,0.3611174803227186,27.76838580146432,28.1362786879763,5,45,79,0,,
2026-05-16T01:21:35.886288,noisy,persist,{'bins': 6},49,3,4,ok,147,196,0.35558832716196775,0.21674043219536543,0.5779578229412436,5,41,57,0,,
2026-05-16T01:21:36.577485,noisy,persist,{'bins': 6},49,4,4,ok,196,245,0.36058065574616194,0.2959253629669547,0.6624102191999555,5,42,54,0,,
2026-05-16T01:21:37.368651,noisy,persist,{'bins': 6},50,0,4,ok,0,50,0.36056547798216343,0.3132181176915765,0.6795942103490233,5,59,76,0,,
2026-05-16T01:21:38.142908,noisy,persist,{'bins': 6},50,1,4,ok,50,100,0.3606801927089691,0.3902351912111044,0.7567438324913383,5,24,38,0,,
2026-05-16T01:21:42.646057,noisy,persist,{'bins': 6},50,2,4,ok,100,150,0.35792041290551424,4.096855002455413,4.461724297143519,5,31,47,0,,
2026-05-16T01:21:43.133668,noisy,persist,{'bins': 6},50,3,4,ok,150,200,0.3636531038209796,0.11317738890647888,0.48234640434384346,5,41,52,0,,
2026-05-16T01:21:44.123461,noisy,persist,{'bins': 6},50,4,4,ok,200,250,0.3676643120124936,0.6080389497801661,0.9812944047152996,5,55,81,0,,
2026-05-16T01:21:44.863154,noisy,persist,{'bins': 6},51,0,4,ok,0,51,0.3673410741612315,0.2613839562982321,0.634729340672493,5,59,75,0,,
2026-05-16T01:21:45.634933,noisy,persist,{'bins': 6},51,1,4,ok,51,102,0.3663998879492283,0.38469563517719507,0.7570176180452108,5,24,38,0,,
2026-05-16T01:21:46.243297,noisy,persist,{'bins': 6},51,2,4,ok,102,153,0.3607249977067113,0.2315066047012806,0.5979912523180246,5,40,53,0,,
2026-05-16T01:21:46.818751,noisy,persist,{'bins': 6},51,3,4,ok,153,204,0.3719022963196039,0.19183532055467367,0.5695506660267711,5,51,66,0,,
2026-05-16T01:21:47.560187,noisy,persist,{'bins': 6},51,4,4,ok,204,255,0.36619736813008785,0.3516586432233453,0.7238482367247343,5,37,50,0,,
2026-05-16T01:21:48.379576,noisy,persist,{'bins': 6},52,0,4,ok,0,52,0.37317161727696657,0.3282054867595434,0.7074019014835358,5,59,76,0,,
2026-05-16T01:21:49.199779,noisy,persist,{'bins': 6},52,1,4,ok,52,104,0.3685921933501959,0.4303811667487025,0.8049700045958161,5,34,54,0,,
2026-05-16T01:21:50.059521,noisy,persist,{'bins': 6},52,2,4,ok,104,156,0.3646377120167017,0.4528327826410532,0.8237846363335848,5,28,37,0,,
2026-05-16T01:21:50.669416,noisy,persist,{'bins': 6},52,3,4,ok,156,208,0.3776264786720276,0.19887305051088333,0.5827637650072575,5,41,52,0,,
2026-05-16T01:21:51.816274,noisy,persist,{'bins': 6},52,4,4,ok,208,260,0.37696111015975475,0.7536541670560837,1.1365402368828654,5,65,92,0,,
2026-05-16T01:21:52.921884,noisy,persist,{'bins': 6},53,0,4,ok,0,53,0.3799493182450533,0.6146187800914049,1.0008012261241674,5,59,82,0,,
2026-05-16T01:21:53.925240,noisy,persist,{'bins': 6},53,1,4,ok,53,106,0.38042057305574417,0.6055992329493165,0.9921115981414914,5,27,43,0,,
2026-05-16T01:21:54.517246,noisy,persist,{'bins': 6},53,2,4,ok,106,159,0.36964499950408936,0.20593580417335033,0.5815621400251985,5,32,40,0,,
2026-05-16T01:21:55.184016,noisy,persist,{'bins': 6},53,3,4,ok,159,212,0.381402756087482,0.27332614082843065,0.6605166187509894,5,40,54,0,,
2026-05-16T01:21:56.719982,noisy,persist,{'bins': 6},53,4,4,ok,212,265,0.37970181461423635,1.1383675569668412,1.5243660900741816,5,57,82,0,,
2026-05-16T01:21:57.549567,noisy,persist,{'bins': 6},54,0,4,ok,0,54,0.37764645740389824,0.33234099950641394,0.7161953067407012,5,59,76,0,,
2026-05-16T01:21:58.257234,noisy,persist,{'bins': 6},54,1,4,ok,54,108,0.37854813877493143,0.31598569452762604,0.7005173023790121,5,34,53,0,,
2026-05-16T01:21:58.767849,noisy,persist,{'bins': 6},54,2,4,ok,108,162,0.3766799224540591,0.11813633516430855,0.5009159548208117,5,33,40,0,,
2026-05-16T01:21:59.422773,noisy,persist,{'bins': 6},54,3,4,ok,162,216,0.3856480037793517,0.25653920602053404,0.648417322896421,5,40,54,0,,
2026-05-16T01:22:00.182473,noisy,persist,{'bins': 6},54,4,4,ok,216,270,0.3744159946218133,0.37121673952788115,0.7517600432038307,5,26,39,0,,
2026-05-16T01:22:01.856004,noisy,persist,{'bins': 6},55,0,4,ok,0,55,0.37757083494216204,1.1627492690458894,1.5471475571393967,5,27,37,0,,
2026-05-16T01:22:02.578059,noisy,persist,{'bins': 6},55,1,4,ok,55,110,0.38735195249319077,0.3211117647588253,0.7145689148455858,5,34,53,0,,
2026-05-16T01:22:03.075641,noisy,persist,{'bins': 6},55,2,4,ok,110,165,0.3831685511395335,0.09901636186987162,0.48827203642576933,5,33,40,0,,
2026-05-16T01:22:03.735561,noisy,persist,{'bins': 6},55,3,4,ok,165,220,0.38833767268806696,0.25860064569860697,0.6530395289883018,5,40,54,0,,
2026-05-16T01:22:04.502746,noisy,persist,{'bins': 6},55,4,4,ok,220,275,0.37839382980018854,0.36640067119151354,0.7512628212571144,5,27,41,0,,
2026-05-16T01:22:06.024888,noisy,persist,{'bins': 6},56,0,4,ok,0,56,0.3826406104490161,1.0011969320476055,1.3906235778704286,5,25,35,0,,
2026-05-16T01:22:07.044473,noisy,persist,{'bins': 6},56,1,4,ok,56,112,0.3914706828072667,0.6091270633041859,1.0069680325686932,5,27,43,0,,
2026-05-16T01:22:07.701705,noisy,persist,{'bins': 6},56,2,4,ok,112,168,0.38209363352507353,0.23507882934063673,0.6239193761721253,5,31,39,0,,
2026-05-16T01:22:08.246979,noisy,persist,{'bins': 6},56,3,4,ok,168,224,0.3892369894310832,0.14266279712319374,0.5381384547799826,5,36,46,0,,
2026-05-16T01:22:09.748519,noisy,persist,{'bins': 6},56,4,4,ok,224,280,0.39279449731111526,1.0914736315608025,1.4906488340348005,5,67,93,0,,
2026-05-16T01:22:10.916072,noisy,persist,{'bins': 6},57,0,4,ok,0,57,0.4498641639947891,0.6076759826391935,1.064479080028832,5,59,82,0,,
2026-05-16T01:22:11.589257,noisy,persist,{'bins': 6},57,1,4,ok,57,114,0.3867147481068969,0.27323252707719803,0.666251446120441,5,23,36,0,,
2026-05-16T01:22:12.179805,noisy,persist,{'bins': 6},57,2,4,ok,114,171,0.39711013808846474,0.18103037308901548,0.5843649934977293,5,40,53,0,,
2026-05-16T01:22:12.912425,noisy,persist,{'bins': 6},57,3,4,ok,171,228,0.3923216098919511,0.3175533274188638,0.7163787130266428,5,60,76,0,,
2026-05-16T01:22:13.827656,noisy,persist,{'bins': 6},57,4,4,ok,228,285,0.39422391168773174,0.4896248383447528,0.8905537724494934,5,42,58,0,,
2026-05-16T01:22:14.955025,noisy,persist,{'bins': 6},58,0,4,ok,0,58,0.402617204003036,0.6137303346768022,1.0227876948192716,5,59,82,0,,
2026-05-16T01:22:15.982041,noisy,persist,{'bins': 6},58,1,4,ok,58,116,0.40201860945671797,0.6069257752969861,1.0157456388697028,5,27,43,0,,
2026-05-16T01:22:20.673245,noisy,persist,{'bins': 6},58,2,4,ok,116,174,0.4003663184121251,4.229852448217571,4.637533804401755,5,60,90,0,,
2026-05-16T01:22:22.272348,noisy,persist,{'bins': 6},58,3,4,ok,174,232,0.4022436235100031,1.1534936344251037,1.5627258829772472,5,10,22,0,,
2026-05-16T01:22:23.132982,noisy,persist,{'bins': 6},58,4,4,ok,232,290,0.39078693091869354,0.43496236857026815,0.8326458027586341,5,23,31,0,,
2026-05-16T01:22:24.603403,noisy,persist,{'bins': 6},59,0,4,ok,0,59,0.39593989308923483,0.9415733367204666,1.3447494003921747,5,31,44,0,,
2026-05-16T01:22:25.644647,noisy,persist,{'bins': 6},59,1,4,ok,59,118,0.40850737877190113,0.6141258701682091,1.0292872171849012,5,27,43,0,,
2026-05-16T01:22:26.261385,noisy,persist,{'bins': 6},59,2,4,ok,118,177,0.4042485347017646,0.19394628424197435,0.6049356805160642,5,41,53,0,,
2026-05-16T01:22:26.882576,noisy,persist,{'bins': 6},59,3,4,ok,177,236,0.4030288755893707,0.1985701024532318,0.6082820408046246,5,39,51,0,,
2026-05-16T01:22:29.180480,noisy,persist,{'bins': 6},59,4,4,ok,236,295,0.39707149658352137,1.8555888440459967,2.260069747455418,5,28,44,0,,
2026-05-16T01:22:30.074373,noisy,persist,{'bins': 6},60,0,4,ok,0,60,0.40740206371992826,0.3643022058531642,0.7785863662138581,5,59,76,0,,
2026-05-16T01:22:31.048088,noisy,persist,{'bins': 6},60,1,4,ok,60,120,0.4109852099791169,0.5451244693249464,0.9627996645867825,5,27,43,0,,
2026-05-16T01:22:31.909019,noisy,persist,{'bins': 6},60,2,4,ok,120,180,0.4030253505334258,0.4231174886226654,0.8332330463454127,5,26,40,0,,
2026-05-16T01:22:32.887008,noisy,persist,{'bins': 6},60,3,4,ok,180,240,0.40013124886900187,0.5405020639300346,0.9478274444118142,5,26,37,0,,
2026-05-16T01:22:35.794466,noisy,persist,{'bins': 6},60,4,4,ok,240,300,0.41166147869080305,2.4716202951967716,2.8901280518621206,5,57,82,0,,
2026-05-16T01:22:36.965861,noisy,persist,{'bins': 6},61,0,4,ok,0,61,0.4111084518954158,0.6341213090345263,1.0523891570046544,5,59,82,0,,
2026-05-16T01:22:37.858016,noisy,persist,{'bins': 6},61,1,4,ok,61,122,0.4134546844288707,0.46158800181001425,0.8818239131942391,5,35,54,0,,
2026-05-16T01:22:38.622435,noisy,persist,{'bins': 6},61,2,4,ok,122,183,0.41148465778678656,0.3153249667957425,0.7342297714203596,5,41,53,0,,
2026-05-16T01:22:39.596978,noisy,persist,{'bins': 6},61,3,4,ok,183,244,0.41754335910081863,0.5410408666357398,0.9652789402753115,5,76,100,0,,
2026-05-16T01:22:40.714958,noisy,persist,{'bins': 6},61,4,4,ok,244,305,0.40656279027462006,0.6938339564949274,1.1072381874546409,5,40,62,0,,
2026-05-16T01:22:41.677704,noisy,persist,{'bins': 6},62,0,4,ok,0,62,0.4079631883651018,0.43299292400479317,0.8483331678435206,5,35,48,0,,
2026-05-16T01:22:42.400606,noisy,persist,{'bins': 6},62,1,4,ok,62,124,0.4099567998200655,0.2918264949694276,0.708808921277523,5,16,28,0,,
2026-05-16T01:22:43.090665,noisy,persist,{'bins': 6},62,2,4,ok,124,186,0.41059278417378664,0.2547638062387705,0.6724877450615168,5,42,59,0,,
2026-05-16T01:22:43.658434,noisy,persist,{'bins': 6},62,3,4,ok,186,248,0.4093282911926508,0.14329738821834326,0.559480263851583,5,40,51,0,,
2026-05-16T01:22:46.454301,noisy,persist,{'bins': 6},62,4,4,ok,248,310,0.42040998861193657,2.351942381821573,2.779536323621869,5,84,123,0,,
2026-05-16T01:22:47.612864,noisy,persist,{'bins': 6},63,0,4,ok,0,63,0.4157990952953696,0.6165554523468018,1.0396311050280929,5,59,82,0,,
2026-05-16T01:22:48.429259,noisy,persist,{'bins': 6},63,1,4,ok,63,126,0.41194798797369003,0.37072734627872705,0.7901797778904438,5,28,42,0,,
2026-05-16T01:22:49.161073,noisy,persist,{'bins': 6},63,2,4,ok,126,189,0.42388202622532845,0.2927575632929802,0.7236236166208982,5,31,46,0,,
2026-05-16T01:22:49.890266,noisy,persist,{'bins': 6},63,3,4,ok,189,252,0.4128778437152505,0.3000544374808669,0.7199978120625019,5,20,27,0,,
2026-05-16T01:22:50.767808,noisy,persist,{'bins': 6},63,4,4,ok,252,315,0.428458284586668,0.4326659319922328,0.8685859804973006,5,52,71,0,,
2026-05-16T01:22:51.964310,noisy,persist,{'bins': 6},64,0,4,ok,0,64,0.4241147842258215,0.6490687839686871,1.0805129334330559,5,59,82,0,,
2026-05-16T01:22:52.871556,noisy,persist,{'bins': 6},64,1,4,ok,64,128,0.42635167203843594,0.4632418155670166,0.8967189099639654,5,35,54,0,,
2026-05-16T01:22:53.511223,noisy,persist,{'bins': 6},64,2,4,ok,128,192,0.41966452077031136,0.2011324530467391,0.6279196524992585,5,41,53,0,,
2026-05-16T01:22:54.920271,noisy,persist,{'bins': 6},64,3,4,ok,192,256,0.4277139576151967,0.9627280058339238,1.3976455936208367,5,57,80,0,,
2026-05-16T01:22:55.753819,noisy,persist,{'bins': 6},64,4,4,ok,256,320,0.4182864548638463,0.3767335591837764,0.8026124527677894,5,33,50,0,,
2026-05-16T01:22:56.878520,noisy,persist,{'bins': 6},65,0,4,ok,0,65,0.42366579081863165,0.580699659883976,1.0117450598627329,5,59,82,0,,
2026-05-16T01:22:57.745181,noisy,persist,{'bins': 6},65,1,4,ok,65,130,0.4237349107861519,0.40500383730977774,0.8363701002672315,5,15,27,0,,
2026-05-16T01:22:58.378344,noisy,persist,{'bins': 6},65,2,4,ok,130,195,0.4249486792832613,0.18453481327742338,0.6170754004269838,5,41,53,0,,
2026-05-16T01:22:59.054924,noisy,persist,{'bins': 6},65,3,4,ok,195,260,0.42376133147627115,0.23620934505015612,0.6671881219372153,5,36,48,0,,
2026-05-16T01:22:59.781348,noisy,persist,{'bins': 6},65,4,4,ok,260,325,0.4176857676357031,0.2865353375673294,0.7115283794701099,5,28,40,0,,
2026-05-16T01:23:00.911569,noisy,persist,{'bins': 6},66,0,4,ok,0,66,0.43197901267558336,0.5753945140168071,1.0150864832103252,5,59,82,0,,
2026-05-16T01:23:05.159245,noisy,persist,{'bins': 6},66,1,4,ok,66,132,0.4224702976644039,3.7310016164556146,4.161930178292096,5,12,21,0,,
2026-05-16T01:23:05.960447,noisy,persist,{'bins': 6},66,2,4,ok,132,198,0.4366624038666487,0.34876774437725544,0.7927294168621302,5,31,46,0,,
2026-05-16T01:23:07.498817,noisy,persist,{'bins': 6},66,3,4,ok,198,264,0.43837900552898645,1.0810428308323026,1.526732238009572,5,70,99,0,,
2026-05-16T01:23:12.318215,noisy,persist,{'bins': 6},66,4,4,ok,264,330,0.42483867425471544,4.315670154057443,4.748868387192488,5,12,21,0,,
2026-05-16T01:23:13.660075,noisy,persist,{'bins': 6},67,0,4,ok,0,67,0.4274105317890644,0.7855026545003057,1.2207274623215199,5,31,49,0,,
2026-05-16T01:23:14.325654,noisy,persist,{'bins': 6},67,1,4,ok,67,134,0.43372826743870974,0.21665992587804794,0.6580452751368284,5,15,26,0,,
2026-05-16T01:23:15.340156,noisy,persist,{'bins': 6},67,2,4,ok,134,201,0.436842261813581,0.5340623548254371,0.9789081579074264,5,26,39,0,,
2026-05-16T01:23:17.489124,noisy,persist,{'bins': 6},67,3,4,ok,201,268,0.4382937466725707,1.652657107450068,2.0992926489561796,5,25,34,0,,
2026-05-16T01:23:18.424028,noisy,persist,{'bins': 6},67,4,4,ok,268,335,0.4365096390247345,0.46801115944981575,0.9123906688764691,5,12,21,0,,
2026-05-16T01:23:20.208974,noisy,persist,{'bins': 6},68,0,4,ok,0,68,0.4973778361454606,1.1755521092563868,1.6805951511487365,5,41,65,0,,
2026-05-16T01:23:21.080071,noisy,persist,{'bins': 6},68,1,4,ok,68,136,0.43388347979635,0.390716795809567,0.8326325798407197,5,35,49,0,,
2026-05-16T01:23:22.002114,noisy,persist,{'bins': 6},68,2,4,ok,136,204,0.43583398032933474,0.43974447064101696,0.8836242808029056,5,34,50,0,,
2026-05-16T01:23:22.922876,noisy,persist,{'bins': 6},68,3,4,ok,204,272,0.43378128856420517,0.46947041898965836,0.9110808717086911,5,24,33,0,,
2026-05-16T01:23:24.030189,noisy,persist,{'bins': 6},68,4,4,ok,272,340,0.4360334863886237,0.6305660530924797,1.0746502485126257,5,15,24,0,,
2026-05-16T01:23:25.845834,noisy,persist,{'bins': 6},69,0,4,ok,0,69,0.43701521772891283,1.2428580103442073,1.6881841961294413,5,21,32,0,,
2026-05-16T01:23:26.946766,noisy,persist,{'bins': 6},69,1,4,ok,69,138,0.44741062819957733,0.6349336709827185,1.0899864612147212,5,30,50,0,,
2026-05-16T01:23:30.991180,noisy,persist,{'bins': 6},69,2,4,ok,138,207,0.4453934635967016,3.533684676513076,3.987653504125774,5,49,74,0,,
2026-05-16T01:23:32.734448,noisy,persist,{'bins': 6},69,3,4,ok,207,276,0.4480788130313158,1.273305095732212,1.7292218087241054,5,70,100,0,,
2026-05-16T01:23:34.064341,noisy,persist,{'bins': 6},69,4,4,ok,276,345,0.4466804275289178,0.825023552402854,1.28004527464509,5,12,21,0,,
2026-05-16T01:23:35.282157,noisy,persist,{'bins': 6},70,0,4,ok,0,70,0.44545567966997623,0.6432742662727833,1.096842311322689,5,59,82,0,,
2026-05-16T01:23:36.102950,noisy,persist,{'bins': 6},70,1,4,ok,70,140,0.4437593072652817,0.34421680495142937,0.7961188238114119,5,15,27,0,,
2026-05-16T01:23:37.122810,noisy,persist,{'bins': 6},70,2,4,ok,140,210,0.45446999836713076,0.5486045200377703,1.0107904188334942,5,46,67,0,,
2026-05-16T01:23:38.138961,noisy,persist,{'bins': 6},70,3,4,ok,210,280,0.442253059707582,0.556047149002552,1.006038491614163,5,35,56,0,,
2026-05-16T01:23:39.137965,noisy,persist,{'bins': 6},70,4,4,ok,280,350,0.447343735024333,0.52848946955055,0.9837647592648864,5,32,47,0,,
2026-05-16T01:23:40.892004,noisy,persist,{'bins': 6},71,0,4,ok,0,71,0.45758408308029175,1.1838537445291877,1.6492653992027044,5,41,65,0,,
2026-05-16T01:24:01.717809,noisy,persist,{'bins': 6},71,1,4,ok,71,142,0.45138171315193176,20.247742700390518,20.708755519241095,5,41,75,0,,
2026-05-16T01:24:03.256457,noisy,persist,{'bins': 6},71,2,4,ok,142,213,0.4547645626589656,1.0078465910628438,1.4712766679003835,5,26,39,0,,
2026-05-16T01:24:04.241963,noisy,persist,{'bins': 6},71,3,4,ok,213,284,0.4524351619184017,0.5138104017823935,0.9740597400814295,5,36,56,0,,
2026-05-16T01:24:05.285825,noisy,persist,{'bins': 6},71,4,4,ok,284,355,0.4463239833712578,0.5690154507756233,1.023447971791029,5,36,54,0,,
2026-05-16T01:24:07.110425,noisy,persist,{'bins': 6},72,0,4,ok,0,72,0.4617692017927766,1.2444709399715066,1.7143244436010718,5,41,65,0,,
2026-05-16T01:24:07.926328,noisy,persist,{'bins': 6},72,1,4,ok,72,144,0.44539201352745295,0.34343320690095425,0.7969807777553797,5,27,41,0,,
2026-05-16T01:24:08.860597,noisy,persist,{'bins': 6},72,2,4,ok,144,216,0.4609468271955848,0.45729758869856596,0.9260811237618327,5,8,19,0,,
2026-05-16T01:24:09.799043,noisy,persist,{'bins': 6},72,3,4,ok,216,288,0.4473597574979067,0.4485629154369235,0.9043850749731064,5,32,44,0,,
2026-05-16T01:24:11.120760,noisy,persist,{'bins': 6},72,4,4,ok,288,360,0.45896162185817957,0.8293377561494708,1.2966791959479451,5,26,45,0,,
2026-05-16T01:24:12.248751,noisy,persist,{'bins': 6},73,0,4,ok,0,73,0.45688966382294893,0.5505827777087688,1.0160476556047797,5,59,81,0,,
2026-05-16T01:24:13.005639,noisy,persist,{'bins': 6},73,1,4,ok,73,146,0.45544038340449333,0.28487121872603893,0.7484097508713603,5,16,27,0,,
2026-05-16T01:24:13.822118,noisy,persist,{'bins': 6},73,2,4,ok,146,219,0.4530691131949425,0.3193040732294321,0.7808952201157808,5,27,41,0,,
2026-05-16T01:24:15.804385,noisy,persist,{'bins': 6},73,3,4,ok,219,292,0.4665844887495041,1.4937405427917838,1.9684280697256327,5,73,102,0,,
2026-05-16T01:24:17.155480,noisy,persist,{'bins': 6},73,4,4,ok,292,365,0.4536105189472437,0.8456427287310362,1.307998200878501,5,36,53,0,,
2026-05-16T01:24:18.268650,noisy,persist,{'bins': 6},74,0,4,ok,0,74,0.4650651477277279,0.5325371408835053,1.0058373846113682,5,59,81,0,,
2026-05-16T01:24:19.496660,noisy,persist,{'bins': 6},74,1,4,ok,74,148,0.4695758242160082,0.7385050533339381,1.2162789730355144,5,46,70,0,,
2026-05-16T01:24:20.490020,noisy,persist,{'bins': 6},74,2,4,ok,148,222,0.46537430863827467,0.4896751157939434,0.9637248972430825,5,30,42,0,,
2026-05-16T01:24:22.473721,noisy,persist,{'bins': 6},74,3,4,ok,222,296,0.46888165082782507,1.4927999200299382,1.9700013855472207,5,73,102,0,,
2026-05-16T01:24:24.270369,noisy,persist,{'bins': 6},74,4,4,ok,296,370,0.4699906725436449,1.3052302785217762,1.7834859229624271,5,20,35,0,,
2026-05-16T01:24:25.578731,noisy,persist,{'bins': 6},75,0,4,ok,0,75,0.4597030458971858,0.721866856329143,1.1902760714292526,5,31,49,0,,
2026-05-16T01:24:26.531855,noisy,persist,{'bins': 6},75,1,4,ok,75,150,0.46458811312913895,0.44505906105041504,0.9184640813618898,5,18,30,0,,
2026-05-16T01:24:30.496110,noisy,persist,{'bins': 6},75,2,4,ok,150,225,0.4639597237110138,3.4025105675682425,3.8756717713549733,5,36,54,0,,
2026-05-16T01:24:31.471688,noisy,persist,{'bins': 6},75,3,4,ok,225,300,0.464579357765615,0.4673582725226879,0.9406597707420588,5,29,41,0,,
2026-05-16T01:24:32.837310,noisy,persist,{'bins': 6},75,4,4,ok,300,375,0.45944645442068577,0.8773587187752128,1.3454084992408752,5,12,22,0,,
2026-05-16T01:24:34.610819,noisy,persist,{'bins': 6},76,0,4,ok,0,76,0.4792680460959673,1.1794028682634234,1.6670380281284451,5,41,65,0,,
2026-05-16T01:24:35.491362,noisy,persist,{'bins': 6},76,1,4,ok,76,152,0.46729233022779226,0.390445863828063,0.8663162533193827,5,21,33,0,,
2026-05-16T01:24:37.808687,noisy,persist,{'bins': 6},76,2,4,ok,152,228,0.4698025919497013,1.7605391424149275,2.2398945027962327,5,31,43,0,,
2026-05-16T01:24:39.157109,noisy,persist,{'bins': 6},76,3,4,ok,228,304,0.474493445828557,0.8196831522509456,1.3031885921955109,5,44,63,0,,
2026-05-16T01:24:40.902943,noisy,persist,{'bins': 6},76,4,4,ok,304,380,0.4792169909924269,1.2457262547686696,1.7334313169121742,5,30,52,0,,
2026-05-16T01:24:42.167525,noisy,persist,{'bins': 6},77,0,4,ok,0,77,0.4792336830869317,0.6507039107382298,1.1388304932042956,5,59,82,0,,
2026-05-16T01:24:43.097035,noisy,persist,{'bins': 6},77,1,4,ok,77,154,0.4706639889627695,0.43063952028751373,0.9102172274142504,5,21,33,0,,
2026-05-16T01:24:43.792728,noisy,persist,{'bins': 6},77,2,4,ok,154,231,0.47960864659398794,0.1946740373969078,0.6828985940665007,5,36,47,0,,
2026-05-16T01:24:46.342618,noisy,persist,{'bins': 6},77,3,4,ok,231,308,0.47830773517489433,2.0048956582322717,2.4926925329491496,5,24,36,0,,
2026-05-16T01:24:47.560693,noisy,persist,{'bins': 6},77,4,4,ok,308,385,0.4662539819255471,0.7247201167047024,1.1996339811012149,5,20,34,0,,
2026-05-16T01:24:48.687762,noisy,persist,{'bins': 6},78,0,4,ok,0,78,0.47740428894758224,0.5311299925670028,1.0172586161643267,5,59,81,0,,
2026-05-16T01:24:49.795142,noisy,persist,{'bins': 6},78,1,4,ok,78,156,0.47433993965387344,0.5705359317362309,1.0541946096345782,5,19,28,0,,
2026-05-16T01:24:50.709703,noisy,persist,{'bins': 6},78,2,4,ok,156,234,0.4842091016471386,0.39878831151872873,0.8928127558901906,5,34,51,0,,
2026-05-16T01:24:54.603011,noisy,persist,{'bins': 6},78,3,4,ok,234,312,0.47912538051605225,3.3176027219742537,3.806580794043839,5,11,21,0,,
2026-05-16T01:24:56.446764,noisy,persist,{'bins': 6},78,4,4,ok,312,390,0.48684463929384947,1.3343284111469984,1.8298536418005824,5,51,78,0,,
2026-05-16T01:24:57.521900,noisy,persist,{'bins': 6},79,0,4,ok,0,79,0.4840117506682873,0.4626688351854682,0.9557525226846337,5,53,72,0,,
2026-05-16T01:24:58.432216,noisy,persist,{'bins': 6},79,1,4,ok,79,158,0.48971995525062084,0.392458563670516,0.8912182338535786,5,24,38,0,,
2026-05-16T01:24:59.518406,noisy,persist,{'bins': 6},79,2,4,ok,158,237,0.49105511140078306,0.5489916875958443,1.0492854379117489,5,33,49,0,,
2026-05-16T01:25:00.509803,noisy,persist,{'bins': 6},79,3,4,ok,237,316,0.48167090956121683,0.4858555132523179,0.9766851412132382,5,32,47,0,,
2026-05-16T01:25:03.487150,noisy,persist,{'bins': 6},79,4,4,ok,316,395,0.4985459903255105,2.452980631031096,2.960444448515773,5,60,91,0,,
2026-05-16T01:25:04.952772,noisy,persist,{'bins': 6},80,0,4,ok,0,80,0.4996718233451247,0.8521414054557681,1.3606647914275527,5,47,69,0,,
2026-05-16T01:25:06.165380,noisy,persist,{'bins': 6},80,1,4,ok,80,160,0.4941824721172452,0.649433558806777,1.153217852115631,5,24,38,0,,
2026-05-16T01:25:08.628895,noisy,persist,{'bins': 6},80,2,4,ok,160,240,0.49620932433754206,1.874720293097198,2.380717808380723,5,15,26,0,,
2026-05-16T01:25:09.763431,noisy,persist,{'bins': 6},80,3,4,ok,240,320,0.49457972683012486,0.607650401070714,1.1112909642979503,5,27,41,0,,
2026-05-16T01:25:11.452098,noisy,persist,{'bins': 6},80,4,4,ok,320,400,0.4998224275186658,1.1425285823643208,1.6518341675400734,5,45,70,0,,
2026-05-16T01:25:21.428186,noisy,persist,{'bins': 6},81,0,4,ok,0,81,0.49008748680353165,9.28056265693158,9.781382005661726,5,17,28,0,,
2026-05-16T01:25:28.828296,noisy,persist,{'bins': 6},81,1,4,ok,81,162,0.49011262506246567,6.79419460054487,7.295308623462915,5,24,37,0,,
2026-05-16T01:25:29.908575,noisy,persist,{'bins': 6},81,2,4,ok,162,243,0.5404736641794443,0.49189204443246126,1.0421408358961344,5,27,44,0,,
2026-05-16T01:25:47.662158,noisy,persist,{'bins': 6},81,3,4,ok,243,324,0.4966059625148773,17.152830205857754,17.660131411626935,5,66,112,0,,
2026-05-16T01:25:49.087209,noisy,persist,{'bins': 6},81,4,4,ok,324,405,0.5008120900020003,0.8994104200974107,1.4092255262658,5,45,70,0,,
2026-05-16T01:25:50.782795,noisy,persist,{'bins': 6},82,0,4,ok,0,82,0.5064581464976072,1.072742646560073,1.5883108507841825,5,34,53,0,,
2026-05-16T01:25:51.626600,noisy,persist,{'bins': 6},82,1,4,ok,82,164,0.4933123728260398,0.2871484374627471,0.7901761354878545,5,28,39,0,,
2026-05-16T01:25:53.418627,noisy,persist,{'bins': 6},82,2,4,ok,164,246,0.50792221352458,1.2629036270081997,1.7802945217117667,5,50,83,0,,
2026-05-16T01:25:54.797847,noisy,persist,{'bins': 6},82,3,4,ok,246,328,0.5058041997253895,0.8526545185595751,1.3679811293259263,5,22,38,0,,
2026-05-16T01:25:57.693356,noisy,persist,{'bins': 6},82,4,4,ok,328,410,0.507609467022121,2.3622431932017207,2.879090798087418,5,74,117,0,,
2026-05-16T01:26:04.717451,noisy,persist,{'bins': 6},83,0,4,ok,0,83,0.5026236902922392,6.333499821834266,6.846612919121981,5,32,52,0,,
2026-05-16T01:26:05.775414,noisy,persist,{'bins': 6},83,1,4,ok,83,166,0.5057531045749784,0.4838406192138791,0.9994638282805681,5,43,57,0,,
2026-05-16T01:26:06.695250,noisy,persist,{'bins': 6},83,2,4,ok,166,249,0.5131522519513965,0.3385636880993843,0.8614808768033981,5,17,27,0,,
2026-05-16T01:26:07.831661,noisy,persist,{'bins': 6},83,3,4,ok,249,332,0.5132729988545179,0.60375517886132,1.126183619722724,5,19,33,0,,
2026-05-16T01:26:10.518001,noisy,persist,{'bins': 6},83,4,4,ok,332,415,0.5069592790678144,2.0963866813108325,2.6136401910334826,5,49,73,0,,
2026-05-16T01:26:11.837410,noisy,persist,{'bins': 6},84,0,4,ok,0,84,0.5495730778202415,0.6500500161200762,1.2091583404690027,5,43,62,0,,
2026-05-16T01:26:12.868906,noisy,persist,{'bins': 6},84,1,4,ok,84,168,0.5643684267997742,0.40975537430495024,0.9839076837524772,5,43,57,0,,
2026-05-16T01:26:15.694640,noisy,persist,{'bins': 6},84,2,4,ok,168,252,0.5742173716425896,2.22771421354264,2.811282896436751,5,68,110,0,,
2026-05-16T01:26:25.421256,noisy,persist,{'bins': 6},84,3,4,ok,252,336,0.5587359564378858,9.000427620485425,9.570289228111506,5,23,33,0,,
2026-05-16T01:26:26.731014,noisy,persist,{'bins': 6},84,4,4,ok,336,420,0.6152259111404419,0.6683362489566207,1.294248366728425,5,38,53,0,,
2026-05-16T01:26:28.108101,noisy,persist,{'bins': 6},85,0,4,ok,0,85,0.5666804164648056,0.6760832099243999,1.2524807844311,5,54,77,0,,
2026-05-16T01:26:29.020230,noisy,persist,{'bins': 6},85,1,4,ok,85,170,0.5625953003764153,0.3240779619663954,0.8961671208962798,5,43,57,0,,
2026-05-16T01:26:30.081782,noisy,persist,{'bins': 6},85,2,4,ok,170,255,0.5661606034263968,0.46361637488007545,1.0398679664358497,5,18,29,0,,
2026-05-16T01:26:31.326152,noisy,persist,{'bins': 6},85,3,4,ok,255,340,0.5573556665331125,0.6449233274906874,1.2120826644822955,5,22,35,0,,
2026-05-16T01:26:32.479044,noisy,persist,{'bins': 6},85,4,4,ok,340,425,0.5660391133278608,0.5598204340785742,1.1354457000270486,5,48,65,0,,
2026-05-16T01:26:34.202751,noisy,persist,{'bins': 6},86,0,4,ok,0,86,0.5846445551142097,1.0228786496445537,1.6170810833573341,5,34,53,0,,
2026-05-16T01:26:35.239296,noisy,persist,{'bins': 6},86,1,4,ok,86,172,0.5722598908469081,0.43476209975779057,1.016727015376091,5,47,65,0,,
2026-05-16T01:26:43.915771,noisy,persist,{'bins': 6},86,2,4,ok,172,258,0.5804999954998493,8.006426887586713,8.597509214654565,5,42,63,0,,
2026-05-16T01:26:45.077647,noisy,persist,{'bins': 6},86,3,4,ok,258,344,0.5689674029126763,0.5656636022031307,1.1443184362724423,5,28,41,0,,
2026-05-16T01:26:47.653378,noisy,persist,{'bins': 6},86,4,4,ok,344,430,0.566547610796988,1.9006530595943332,2.477895793505013,5,28,41,0,,
2026-05-16T01:26:49.059391,noisy,persist,{'bins': 6},87,0,4,ok,0,87,0.5816254699602723,0.685330237261951,1.2769820159301162,5,54,77,0,,
2026-05-16T01:26:50.211896,noisy,persist,{'bins': 6},87,1,4,ok,87,174,0.5704804128035903,0.5507466262206435,1.1310745803639293,5,45,62,0,,
2026-05-16T01:26:51.729452,noisy,persist,{'bins': 6},87,2,4,ok,174,261,0.5759034007787704,0.8784042475745082,1.464662472717464,5,35,50,0,,
2026-05-16T01:26:53.860967,noisy,persist,{'bins': 6},87,3,4,ok,261,348,0.5821479018777609,1.473799442872405,2.066514417529106,5,12,21,0,,
2026-05-16T01:26:55.240152,noisy,persist,{'bins': 6},87,4,4,ok,348,435,0.5804772460833192,0.7666224529966712,1.3571144854649901,5,39,59,0,,
2026-05-16T01:26:56.463659,noisy,persist,{'bins': 6},88,0,4,ok,0,88,0.5950984572991729,0.5156774669885635,1.1203713435679674,5,54,76,0,,
2026-05-16T01:26:57.497665,noisy,persist,{'bins': 6},88,1,4,ok,88,176,0.577463299036026,0.43661848548799753,1.0237110676243901,5,43,60,0,,
2026-05-16T01:26:58.355256,noisy,persist,{'bins': 6},88,2,4,ok,176,264,0.5808517588302493,0.2539390344172716,0.8445608001202345,5,26,36,0,,
2026-05-16T01:26:59.384047,noisy,persist,{'bins': 6},88,3,4,ok,264,352,0.5758594600483775,0.4321519425138831,1.0177341513335705,5,27,42,0,,
2026-05-16T01:27:00.561464,noisy,persist,{'bins': 6},88,4,4,ok,352,440,0.5767534077167511,0.5326810721307993,1.1200528675690293,5,24,34,0,,
2026-05-16T01:27:03.382988,noisy,persist,{'bins': 6},89,0,4,ok,0,89,0.5801307260990143,2.0558552453294396,2.646992309950292,5,19,29,0,,
2026-05-16T01:27:04.371440,noisy,persist,{'bins': 6},89,1,4,ok,89,178,0.5904298974201083,0.3780094161629677,0.9782014451920986,5,46,63,0,,
2026-05-16T01:27:05.517702,noisy,persist,{'bins': 6},89,2,4,ok,178,267,0.580729391425848,0.513348788022995,1.1046988917514682,5,19,26,0,,
2026-05-16T01:27:07.378947,noisy,persist,{'bins': 6},89,3,4,ok,267,356,0.6010555503889918,1.2333858963102102,1.844330688007176,5,39,61,0,,
2026-05-16T01:27:08.914361,noisy,persist,{'bins': 6},89,4,4,ok,356,445,0.5928909657523036,0.8710368657484651,1.4745745435357094,5,32,52,0,,
2026-05-16T01:27:10.706090,noisy,persist,{'bins': 6},90,0,4,ok,0,90,0.601544588804245,1.073618469759822,1.685170130804181,5,34,53,0,,
2026-05-16T01:27:11.777213,noisy,persist,{'bins': 6},90,1,4,ok,90,180,0.5824177712202072,0.4648955790325999,1.0573053630068898,5,44,62,0,,
2026-05-16T01:27:13.781433,noisy,persist,{'bins': 6},90,2,4,ok,180,270,0.5990837197750807,1.3789502317085862,1.9881336176767945,5,53,79,0,,
2026-05-16T01:27:15.490210,noisy,persist,{'bins': 6},90,3,4,ok,270,360,0.5916213532909751,1.0607770383358002,1.6630495134741068,5,44,66,0,,
2026-05-16T01:27:16.828309,noisy,persist,{'bins': 6},90,4,4,ok,360,450,0.5776956286281347,0.7121463818475604,1.3002459974959493,5,29,45,0,,
2026-05-16T01:27:18.213490,noisy,persist,{'bins': 6},91,0,4,ok,0,91,0.5908594345673919,0.6593575561419129,1.260698864236474,5,54,77,0,,
2026-05-16T01:27:19.339223,noisy,persist,{'bins': 6},91,1,4,ok,91,182,0.5901105003431439,0.5017598289996386,1.102800142019987,5,45,64,0,,
2026-05-16T01:27:20.464629,noisy,persist,{'bins': 6},91,2,4,ok,182,273,0.5877134911715984,0.5147626223042607,1.112639599479735,5,42,59,0,,
2026-05-16T01:27:21.873713,noisy,persist,{'bins': 6},91,3,4,ok,273,364,0.5814741905778646,0.7775107137858868,1.3697087801992893,5,10,20,0,,
2026-05-16T01:27:23.127002,noisy,persist,{'bins': 6},91,4,4,ok,364,455,0.5955912554636598,0.6119066476821899,1.2180260634049773,5,10,21,0,,
2026-05-16T01:27:24.542294,noisy,persist,{'bins': 6},92,0,4,ok,0,92,0.5891931988298893,0.6914873607456684,1.291343511082232,5,48,67,0,,
2026-05-16T01:27:25.723631,noisy,persist,{'bins': 6},92,1,4,ok,92,184,0.6019286122173071,0.5456307884305716,1.1580382166430354,5,48,67,0,,
2026-05-16T01:27:27.212267,noisy,persist,{'bins': 6},92,2,4,ok,184,276,0.5866912435740232,0.8393402174115181,1.43694116640836,5,42,61,0,,
2026-05-16T01:27:29.341368,noisy,persist,{'bins': 6},92,3,4,ok,276,368,0.6111489767208695,1.493357403203845,2.114916798658669,5,10,21,0,,
2026-05-16T01:27:30.961795,noisy,persist,{'bins': 6},92,4,4,ok,368,460,0.6128764692693949,0.9836614895612001,1.6066639544442296,5,53,82,0,,
2026-05-16T01:27:32.334727,noisy,persist,{'bins': 6},93,0,4,ok,0,93,0.5924565847963095,0.6313914395868778,1.2346743438392878,5,28,45,0,,
2026-05-16T01:27:34.463138,noisy,persist,{'bins': 6},93,1,4,ok,93,186,0.6066515855491161,1.445210000500083,2.0629820870235562,5,31,46,0,,
2026-05-16T01:27:36.406512,noisy,persist,{'bins': 6},93,2,4,ok,186,279,0.600281560793519,1.2736299885436893,1.8849490256980062,5,49,73,0,,
2026-05-16T01:27:39.093617,noisy,persist,{'bins': 6},93,3,4,ok,279,372,0.6067095454782248,1.9870845703408122,2.605168233625591,5,27,39,0,,
2026-05-16T01:27:40.328026,noisy,persist,{'bins': 6},93,4,4,ok,372,465,0.6065635113045573,0.5993456253781915,1.2164240526035428,5,11,23,0,,
2026-05-16T01:27:42.152684,noisy,persist,{'bins': 6},94,0,4,ok,0,94,0.6210290128365159,1.0869259452447295,1.7184948893263936,5,34,53,0,,
2026-05-16T01:27:44.082675,noisy,persist,{'bins': 6},94,1,4,ok,94,188,0.622272196225822,1.2815111326053739,1.9144190605729818,5,50,79,0,,
2026-05-16T01:27:56.792972,noisy,persist,{'bins': 6},94,2,4,ok,188,282,0.613057660870254,12.001604252494872,12.626618454232812,5,61,100,0,,
2026-05-16T01:27:58.799823,noisy,persist,{'bins': 6},94,3,4,ok,282,376,0.62103371322155,1.3604983845725656,1.992145978845656,5,20,35,0,,
2026-05-16T01:28:00.440709,noisy,persist,{'bins': 6},94,4,4,ok,376,470,0.6088131982833147,0.9748101327568293,1.594602257013321,5,62,88,0,,
2026-05-16T01:28:02.210886,noisy,persist,{'bins': 6},95,0,4,ok,0,95,0.625703789293766,1.02768540289253,1.6640199040994048,5,34,53,0,,
2026-05-16T01:28:03.812600,noisy,persist,{'bins': 6},95,1,4,ok,95,190,0.6053066374734044,0.9473277619108558,1.563831765204668,5,34,51,0,,
2026-05-16T01:28:06.231666,noisy,persist,{'bins': 6},95,2,4,ok,190,285,0.6266048215329647,1.7645075172185898,2.401827418245375,5,46,72,0,,
2026-05-16T01:28:08.435764,noisy,persist,{'bins': 6},95,3,4,ok,285,380,0.6261014761403203,1.551141770556569,2.1879103677347302,5,19,36,0,,
2026-05-16T01:28:15.741432,noisy,persist,{'bins': 6},95,4,4,ok,380,475,0.6145872958004475,6.586082017049193,7.212651020847261,5,26,47,0,,
2026-05-16T01:28:18.870528,noisy,persist,{'bins': 6},96,0,4,ok,0,96,0.6094290055334568,2.345020885579288,2.9662765488028526,5,39,54,0,,
2026-05-16T01:28:20.029918,noisy,persist,{'bins': 6},96,1,4,ok,96,192,0.6164877042174339,0.4746832372620702,1.1026210011914372,5,26,40,0,,
2026-05-16T01:28:21.862333,noisy,persist,{'bins': 6},96,2,4,ok,192,288,0.6146282339468598,1.1540507469326258,1.7805413659662008,5,48,71,0,,
2026-05-16T01:28:23.228896,noisy,persist,{'bins': 6},96,3,4,ok,288,384,0.6219233358278871,0.6756126452237368,1.3092098720371723,5,28,38,0,,
2026-05-16T01:28:26.102032,noisy,persist,{'bins': 6},96,4,4,ok,384,480,0.6388921355828643,2.205430658534169,2.8551242165267467,5,9,20,0,,
2026-05-16T01:28:28.182547,noisy,persist,{'bins': 6},97,0,4,ok,0,97,0.6226024311035872,1.2882229527458549,1.9226705459877849,5,32,46,0,,
2026-05-16T01:28:29.197559,noisy,persist,{'bins': 6},97,1,4,ok,97,194,0.6200748579576612,0.3675647610798478,0.9985271031036973,5,26,40,0,,
2026-05-16T01:28:30.489338,noisy,persist,{'bins': 6},97,2,4,ok,194,291,0.6184306629002094,0.6503273388370872,1.279656215570867,5,36,57,0,,
2026-05-16T01:28:32.096262,noisy,persist,{'bins': 6},97,3,4,ok,291,388,0.6103737913072109,0.9601727370172739,1.5816779201850295,5,11,22,0,,
2026-05-16T01:28:33.870021,noisy,persist,{'bins': 6},97,4,4,ok,388,485,0.6334595298394561,1.0856344336643815,1.730555864982307,5,15,27,0,,
2026-05-16T01:28:36.901852,noisy,persist,{'bins': 6},98,0,4,ok,0,98,0.6427911845967174,2.265931434929371,2.919746981933713,5,88,129,0,,
2026-05-16T01:28:37.918664,noisy,persist,{'bins': 6},98,1,4,ok,98,196,0.6311509171500802,0.3550116792321205,0.9972246699035168,5,26,40,0,,
2026-05-16T01:28:43.104662,noisy,persist,{'bins': 6},98,2,4,ok,196,294,0.6340223765000701,4.388073553331196,5.034522222355008,5,22,33,0,,
2026-05-16T01:28:46.794054,noisy,persist,{'bins': 6},98,3,4,ok,294,392,0.6195673570036888,2.946729561313987,3.5788271967321634,5,17,27,0,,
2026-05-16T01:29:16.583919,noisy,persist,{'bins': 6},98,4,4,ok,392,490,0.6376386163756251,29.005462689325213,29.65592750813812,5,54,98,0,,
2026-05-16T01:29:18.338471,noisy,persist,{'bins': 6},99,0,4,ok,0,99,0.7006690111011267,0.9088274976238608,1.6209792708978057,5,49,75,0,,
2026-05-16T01:29:19.679612,noisy,persist,{'bins': 6},99,1,4,ok,99,198,0.6873802989721298,0.6054541040211916,1.304425627924502,5,23,40,0,,
2026-05-16T01:29:20.863466,noisy,persist,{'bins': 6},99,2,4,ok,198,297,0.6993117732927203,0.4086042596027255,1.1197226233780384,5,23,33,0,,
2026-05-16T01:29:22.564607,noisy,persist,{'bins': 6},99,3,4,ok,297,396,0.6916452050209045,0.961075191386044,1.6649058777838945,5,12,22,0,,
2026-05-16T01:29:25.899673,noisy,persist,{'bins': 6},99,4,4,ok,396,495,0.7176664024591446,2.5910979295149446,3.3198347501456738,5,18,34,0,,
2026-05-16T01:29:27.514638,noisy,persist,{'bins': 6},100,0,4,ok,0,100,0.7054691314697266,0.7886740677058697,1.5053314482793212,5,49,74,0,,
2026-05-16T01:29:28.625311,noisy,persist,{'bins': 6},100,1,4,ok,100,200,0.7035608096048236,0.3764742873609066,1.0913701513782144,5,26,40,0,,
2026-05-16T01:29:30.349666,noisy,persist,{'bins': 6},100,2,4,ok,200,300,0.705798109062016,0.9453267557546496,1.6631099488586187,5,36,58,0,,
2026-05-16T01:29:32.188097,noisy,persist,{'bins': 6},100,3,4,ok,300,400,0.6982754589989781,1.0605568885803223,1.7708753813058138,5,12,22,0,,
2026-05-16T01:29:34.286978,noisy,persist,{'bins': 6},100,4,4,ok,400,500,0.7064928226172924,1.324768423102796,2.043115885928273,5,47,73,0,,
