time_seconds;temperature
0;20.22000
300;20.22000
600;20.29000
900;20.12000
1200;20.08000
1500;20.27000
1800;20.08000
2100;20.17000
2400;20.08000
2700;20.24000
3000;20.22000
3300;20.15000
