time_seconds;temperature
0;23.75000
300;24.03000
600;23.82000
900;23.82000
1200;23.89000
1500;24.13000
1800;23.89000
2100;23.82000
2400;23.84000
2700;23.63000
3000;23.84000
3300;23.75000
