time_seconds;temperature
0;23.63000
300;23.63000
600;23.59000
900;23.59000
1200;23.70000
1500;23.70000
1800;23.66000
2100;23.61000
2400;23.66000
2700;23.63000
3000;23.66000
3300;23.63000
