time_seconds;temperature
0;21.37000
300;21.39000
600;21.35000
900;21.42000
1200;21.44000
1500;21.28000
1800;21.21000
2100;21.39000
2400;21.35000
2700;21.30000
3000;21.35000
3300;21.35000
