time_seconds;temperature
0;23.94000
300;23.91000
600;23.98000
900;23.89000
1200;23.80000
1500;24.01000
1800;23.84000
2100;23.73000
2400;24.06000
2700;23.84000
3000;23.87000
3300;23.91000
