time_seconds;temperature
0;25.56000
300;25.58000
600;25.67000
900;25.60000
1200;25.65000
1500;25.60000
1800;25.63000
2100;25.51000
2400;25.51000
2700;25.53000
3000;25.72000
3300;25.49000
