time_seconds;temperature
0;23.61000
300;23.70000
600;23.63000
900;23.73000
1200;23.68000
1500;23.66000
1800;23.52000
2100;23.68000
2400;23.59000
2700;23.68000
3000;23.77000
3300;23.59000
