time_seconds;temperature
0;24.86000
300;25.02000
600;24.97000
900;24.91000
1200;24.86000
1500;24.95000
1800;24.86000
2100;25.00000
2400;24.95000
2700;24.91000
3000;24.81000
3300;24.88000
