time_seconds;temperature
0;22.44000
300;22.31000
600;22.40000
900;22.33000
1200;22.40000
1500;22.49000
1800;22.51000
2100;22.40000
2400;22.49000
2700;22.38000
3000;22.40000
3300;22.44000
