time_seconds;temperature
0;19.61000
300;19.78000
600;19.78000
900;19.80000
1200;19.78000
1500;19.71000
1800;19.78000
2100;19.78000
2400;19.80000
2700;19.73000
3000;19.85000
3300;19.85000
