time_seconds;temperature
0;24.75000
300;24.70000
600;24.75000
900;24.72000
1200;24.66000
1500;24.70000
1800;24.59000
2100;24.61000
2400;24.68000
2700;24.68000
3000;24.66000
3300;24.66000
