time_seconds;temperature
0;25.42000
300;25.44000
600;25.49000
900;25.49000
1200;25.35000
1500;25.51000
1800;25.39000
2100;25.37000
2400;25.46000
2700;25.39000
3000;25.39000
3300;25.51000
