time_seconds;temperature
0;26.53000
300;26.30000
600;25.86000
900;25.93000
1200;25.18000
1500;25.09000
1800;25.63000
2100;25.96000
2400;26.21000
2700;25.25000
3000;25.51000
3300;25.65000
