time_seconds;temperature
0;22.10000
300;21.99000
600;22.15000
900;22.13000
1200;22.10000
1500;22.19000
1800;22.26000
2100;22.15000
2400;22.04000
2700;22.19000
3000;22.19000
3300;22.15000
