time_seconds;temperature
0;22.85000
300;22.85000
600;22.94000
900;22.87000
1200;22.87000
1500;22.75000
1800;22.70000
2100;22.78000
2400;22.78000
2700;22.82000
3000;22.73000
3300;22.58000
