time_seconds;temperature
0;20.76000
300;20.76000
600;20.94000
900;20.66000
1200;20.68000
1500;20.61000
1800;20.78000
2100;20.61000
2400;20.71000
2700;20.73000
3000;20.73000
3300;20.63000
