time_seconds;temperature
0;23.63000
300;23.45000
600;23.06000
900;22.85000
1200;22.92000
1500;22.87000
1800;22.87000
2100;22.56000
2400;22.33000
2700;22.29000
3000;22.35000
3300;22.63000
