time_seconds;temperature
0;25.96000
300;25.84000
600;25.93000
900;25.96000
1200;25.84000
1500;25.89000
1800;25.96000
2100;25.86000
2400;25.86000
2700;25.86000
3000;25.82000
3300;25.86000
