time_seconds;temperature
0;21.83000
300;21.83000
600;21.97000
900;21.78000
1200;21.80000
1500;21.87000
1800;21.78000
2100;21.85000
2400;21.80000
2700;21.78000
3000;21.87000
3300;21.83000
