time_seconds;temperature
0;21.51000
300;21.61000
600;21.39000
900;21.51000
1200;21.42000
1500;21.56000
1800;21.42000
2100;21.42000
2400;21.44000
2700;21.32000
3000;21.25000
3300;21.49000
