time_seconds;temperature
0;21.10000
300;21.10000
600;21.10000
900;21.05000
1200;21.10000
1500;21.10000
1800;21.10000
2100;21.21000
2400;21.03000
2700;21.10000
3000;21.16000
3300;21.07000
