time_seconds;temperature
0;26.85000
300;26.85000
600;26.94000
900;26.83000
1200;26.78000
1500;26.87000
1800;26.83000
2100;26.78000
2400;26.73000
2700;26.69000
3000;26.69000
3300;26.73000
