time_seconds;temperature
0;23.77000
300;23.80000
600;23.82000
900;23.66000
1200;23.75000
1500;23.75000
1800;23.70000
2100;23.75000
2400;23.80000
2700;23.59000
3000;23.63000
3300;23.68000
