time_seconds;temperature
0;25.49000
300;25.53000
600;25.58000
900;24.56000
1200;22.70000
1500;21.80000
1800;21.80000
2100;22.08000
2400;21.85000
2700;21.90000
3000;21.61000
3300;21.73000
