time_seconds;temperature
0;26.55000
300;26.55000
600;26.57000
900;26.51000
1200;26.46000
1500;26.42000
1800;26.48000
2100;26.44000
2400;26.42000
2700;26.39000
3000;26.51000
3300;26.53000
