time_seconds;temperature
0;25.00000
300;24.86000
600;24.86000
900;24.93000
1200;24.88000
1500;24.97000
1800;24.97000
2100;24.91000
2400;24.88000
2700;24.84000
3000;24.88000
3300;24.77000
