time_seconds;temperature
0;25.00000
300;25.11000
600;24.97000
900;25.02000
1200;25.04000
1500;24.91000
1800;25.02000
2100;24.91000
2400;25.02000
2700;24.95000
3000;24.86000
3300;24.97000
