time_seconds;temperature
0;25.32000
300;25.37000
600;25.37000
900;25.25000
1200;25.23000
1500;25.23000
1800;25.21000
2100;25.37000
2400;25.32000
2700;25.37000
3000;25.37000
3300;25.18000
