time_seconds;temperature
0;20.87000
300;20.78000
600;20.91000
900;20.82000
1200;20.89000
1500;20.85000
1800;20.76000
2100;20.85000
2400;20.80000
2700;20.85000
3000;20.80000
3300;20.82000
