time_seconds;temperature
0;21.12000
300;20.94000
600;20.98000
900;21.16000
1200;20.91000
1500;20.89000
1800;21.03000
2100;20.89000
2400;20.98000
2700;20.98000
3000;21.07000
3300;21.07000
