time_seconds;temperature
0;20.63000
300;20.73000
600;20.61000
900;20.61000
1200;20.71000
1500;20.76000
1800;20.76000
2100;20.63000
2400;20.63000
2700;20.82000
3000;20.76000
3300;20.80000
