time_seconds;temperature
0;20.34000
300;20.34000
600;20.29000
900;20.34000
1200;20.24000
1500;20.24000
1800;20.41000
2100;20.36000
2400;20.29000
2700;20.22000
3000;20.29000
3300;20.32000
