time_seconds;temperature
0;20.76000
300;20.87000
600;20.71000
900;20.80000
1200;20.78000
1500;20.91000
1800;20.82000
2100;20.82000
2400;20.94000
2700;20.87000
3000;20.82000
3300;20.87000
