time_seconds;temperature
0;26.21000
300;26.21000
600;26.14000
900;26.10000
1200;26.14000
1500;26.14000
1800;26.14000
2100;25.98000
2400;26.10000
2700;26.14000
3000;26.12000
3300;26.00000
