time_seconds;temperature
0;20.12000
300;20.01000
600;20.10000
900;20.05000
1200;20.17000
1500;20.08000
1800;19.98000
2100;20.01000
2400;20.10000
2700;19.98000
3000;19.94000
3300;20.15000
