time_seconds;temperature
0;25.02000
300;24.95000
600;24.97000
900;24.84000
1200;25.00000
1500;24.41000
1800;24.17000
2100;23.91000
2400;21.49000
2700;21.37000
3000;21.37000
3300;21.42000
