time_seconds;temperature
0;20.05000
300;20.05000
600;20.15000
900;20.08000
1200;20.15000
1500;20.05000
1800;19.94000
2100;19.98000
2400;19.87000
2700;20.05000
3000;20.05000
3300;20.10000
