time_seconds;temperature
0;23.91000
300;24.03000
600;23.98000
900;23.87000
1200;23.98000
1500;23.84000
1800;23.84000
2100;23.94000
2400;23.94000
2700;23.82000
3000;23.87000
3300;23.87000
