time_seconds;temperature
0;25.82000
300;25.89000
600;25.93000
900;25.84000
1200;25.79000
1500;25.86000
1800;25.77000
2100;25.79000
2400;25.89000
2700;25.82000
3000;25.86000
3300;25.84000
