time_seconds;temperature
0;22.24000
300;22.33000
600;22.44000
900;22.47000
1200;22.42000
1500;22.26000
1800;22.33000
2100;22.35000
2400;22.26000
2700;22.38000
3000;22.42000
3300;22.54000
