time_seconds;temperature
0;22.40000
300;22.40000
600;22.49000
900;22.54000
1200;22.33000
1500;22.44000
1800;22.44000
2100;22.40000
2400;22.29000
2700;22.38000
3000;22.33000
3300;22.35000
