time_seconds;temperature
0;23.14000
300;23.16000
600;23.16000
900;23.09000
1200;23.16000
1500;23.04000
1800;22.97000
2100;23.02000
2400;23.14000
2700;23.16000
3000;23.18000
3300;23.04000
