time_seconds;temperature
0;21.59000
300;21.85000
600;21.78000
900;21.68000
1200;21.71000
1500;21.73000
1800;21.75000
2100;21.75000
2400;21.71000
2700;21.61000
3000;21.73000
3300;21.66000
