time_seconds;temperature
0;25.00000
300;25.00000
600;25.04000
900;24.93000
1200;24.95000
1500;24.88000
1800;24.88000
2100;24.97000
2400;24.84000
2700;24.88000
3000;24.97000
3300;24.91000
