time_seconds;temperature
0;26.03000
300;26.05000
600;25.93000
900;26.03000
1200;26.10000
1500;26.05000
1800;25.93000
2100;25.93000
2400;26.00000
2700;26.00000
3000;26.00000
3300;25.98000
