time_seconds;temperature
0;24.68000
300;24.56000
600;24.63000
900;24.59000
1200;24.66000
1500;24.54000
1800;24.54000
2100;24.59000
2400;24.52000
2700;24.50000
3000;24.50000
3300;24.54000
