time_seconds;temperature
0;23.41000
300;23.52000
600;23.50000
900;23.89000
1200;23.84000
1500;24.06000
1800;25.56000
2100;24.03000
2400;23.96000
2700;23.77000
3000;24.08000
3300;24.38000
