time_seconds;temperature
0;26.00000
300;26.00000
600;26.10000
900;26.00000
1200;26.00000
1500;26.05000
1800;26.10000
2100;25.93000
2400;26.00000
2700;26.00000
3000;26.05000
3300;25.84000
