time_seconds;temperature
0;26.19000
300;26.03000
600;25.93000
900;25.86000
1200;25.93000
1500;25.79000
1800;25.96000
2100;25.74000
2400;25.72000
2700;25.70000
3000;25.77000
3300;25.65000
