time_seconds;temperature
0;23.70000
300;23.75000
600;23.80000
900;23.77000
1200;23.70000
1500;23.59000
1800;23.70000
2100;23.59000
2400;23.75000
2700;23.66000
3000;23.61000
3300;23.68000
