time_seconds;temperature
0;24.95000
300;25.09000
600;24.97000
900;25.07000
1200;25.09000
1500;25.07000
1800;24.97000
2100;24.97000
2400;25.04000
2700;24.93000
3000;24.95000
3300;24.93000
