time_seconds;temperature
0;21.00000
300;21.03000
600;21.07000
900;20.87000
1200;20.76000
1500;20.78000
1800;20.71000
2100;20.63000
2400;20.68000
2700;20.76000
3000;20.73000
3300;20.63000
