time_seconds;temperature
0;20.08000
300;20.22000
600;19.98000
900;19.96000
1200;20.12000
1500;20.01000
1800;20.08000
2100;20.01000
2400;19.98000
2700;19.98000
3000;20.05000
3300;19.89000
