time_seconds;temperature
0;20.80000
300;20.73000
600;20.87000
900;20.76000
1200;20.71000
1500;20.78000
1800;20.76000
2100;20.73000
2400;20.80000
2700;20.56000
3000;20.68000
3300;20.80000
