time_seconds;temperature
0;26.19000
300;26.26000
600;26.28000
900;26.19000
1200;26.14000
1500;26.21000
1800;26.32000
2100;26.30000
2400;26.32000
2700;26.28000
3000;26.28000
3300;26.35000
