time_seconds;temperature
0;25.28000
300;25.21000
600;25.11000
900;25.18000
1200;25.28000
1500;25.21000
1800;25.14000
2100;25.23000
2400;25.14000
2700;24.93000
3000;25.02000
3300;25.14000
