time_seconds;temperature
0;24.75000
300;25.04000
600;25.00000
900;24.97000
1200;25.18000
1500;25.28000
1800;25.32000
2100;25.37000
2400;25.46000
2700;25.44000
3000;25.35000
3300;25.42000
