time_seconds;temperature
0;26.08000
300;25.98000
600;26.08000
900;25.93000
1200;26.03000
1500;25.86000
1800;25.93000
2100;25.91000
2400;26.08000
2700;25.86000
3000;25.82000
3300;25.91000
