time_seconds;temperature
0;22.26000
300;22.33000
600;22.33000
900;22.40000
1200;22.26000
1500;22.22000
1800;22.24000
2100;22.35000
2400;22.35000
2700;22.31000
3000;22.29000
3300;22.19000
