time_seconds;temperature
0;22.90000
300;22.68000
600;22.78000
900;23.14000
1200;22.94000
1500;23.02000
1800;23.11000
2100;22.78000
2400;23.57000
2700;23.63000
3000;23.66000
3300;23.63000
