time_seconds;temperature
0;23.84000
300;23.87000
600;23.73000
900;23.91000
1200;23.77000
1500;23.70000
1800;23.66000
2100;23.82000
2400;23.91000
2700;23.80000
3000;23.82000
3300;23.84000
