time_seconds;temperature
0;20.46000
300;20.44000
600;20.46000
900;20.51000
1200;20.32000
1500;20.44000
1800;20.12000
2100;20.44000
2400;20.34000
2700;20.39000
3000;20.27000
3300;20.22000
