time_seconds;temperature
0;21.85000
300;21.80000
600;21.75000
900;21.75000
1200;21.78000
1500;21.87000
1800;21.83000
2100;21.78000
2400;21.68000
2700;21.71000
3000;21.78000
3300;21.80000
