time_seconds;temperature
0;22.47000
300;22.26000
600;22.31000
900;22.35000
1200;22.31000
1500;22.38000
1800;22.31000
2100;22.26000
2400;22.26000
2700;22.29000
3000;22.38000
3300;22.26000
