time_seconds;temperature
0;20.91000
300;20.91000
600;20.89000
900;20.91000
1200;20.89000
1500;21.05000
1800;20.80000
2100;20.85000
2400;20.98000
2700;21.03000
3000;20.94000
3300;20.89000
