time_seconds;temperature
0;25.79000
300;25.65000
600;25.86000
900;25.89000
1200;25.79000
1500;25.77000
1800;25.79000
2100;25.91000
2400;25.79000
2700;25.63000
3000;25.82000
3300;25.74000
