time_seconds;temperature
0;22.80000
300;22.78000
600;22.80000
900;23.04000
1200;22.92000
1500;22.75000
1800;22.73000
2100;22.80000
2400;22.78000
2700;22.68000
3000;22.58000
3300;22.68000
