time_seconds;temperature
0;25.84000
300;25.77000
600;25.67000
900;25.79000
1200;25.60000
1500;25.56000
1800;25.67000
2100;25.70000
2400;25.60000
2700;25.49000
3000;25.63000
3300;25.53000
