time_seconds;temperature
0;20.73000
300;20.71000
600;20.78000
900;20.78000
1200;20.71000
1500;20.66000
1800;20.73000
2100;20.68000
2400;20.68000
2700;20.68000
3000;20.63000
3300;20.56000
