time_seconds;temperature
0;24.34000
300;24.47000
600;24.32000
900;24.32000
1200;24.27000
1500;24.32000
1800;24.36000
2100;24.27000
2400;24.36000
2700;24.32000
3000;24.27000
3300;24.24000
