time_seconds;temperature
0;21.85000
300;21.78000
600;21.85000
900;21.83000
1200;21.97000
1500;21.85000
1800;21.87000
2100;21.90000
2400;21.90000
2700;21.80000
3000;21.68000
3300;21.73000
