time_seconds;temperature
0;20.94000
300;20.89000
600;20.96000
900;20.96000
1200;20.80000
1500;20.80000
1800;20.98000
2100;20.94000
2400;21.00000
2700;20.91000
3000;20.91000
3300;20.91000
