time_seconds;temperature
0;24.43000
300;24.43000
600;24.34000
900;24.41000
1200;24.24000
1500;24.20000
1800;24.29000
2100;24.24000
2400;24.32000
2700;24.41000
3000;24.27000
3300;24.45000
