time_seconds;temperature
0;22.94000
300;22.92000
600;22.94000
900;22.92000
1200;22.99000
1500;22.94000
1800;22.92000
2100;22.94000
2400;22.85000
2700;22.78000
3000;22.90000
3300;22.73000
