time_seconds;temperature
0;24.56000
300;24.68000
600;24.79000
900;24.59000
1200;24.50000
1500;24.45000
1800;24.63000
2100;24.59000
2400;24.63000
2700;24.72000
3000;24.34000
3300;24.36000
