time_seconds;temperature
0;21.28000
300;21.21000
600;21.07000
900;21.25000
1200;21.16000
1500;21.14000
1800;21.25000
2100;21.21000
2400;21.21000
2700;21.12000
3000;21.10000
3300;21.23000
