time_seconds;temperature
0;25.96000
300;25.77000
600;25.46000
900;25.46000
1200;25.46000
1500;25.44000
1800;25.51000
2100;25.46000
2400;25.46000
2700;25.51000
3000;25.51000
3300;25.60000
