time_seconds;temperature
0;25.70000
300;25.72000
600;25.96000
900;25.93000
1200;26.19000
1500;26.26000
1800;26.17000
2100;26.10000
2400;26.03000
2700;26.19000
3000;26.10000
3300;25.72000
