time_seconds;temperature
0;27.36000
300;27.27000
600;27.25000
900;27.15000
1200;27.11000
1500;27.22000
1800;27.25000
2100;27.11000
2400;27.11000
2700;27.40000
3000;27.27000
3300;27.25000
