time_seconds;temperature
0;21.32000
300;21.30000
600;21.32000
900;21.32000
1200;21.32000
1500;21.25000
1800;21.42000
2100;21.47000
2400;21.32000
2700;21.28000
3000;21.32000
3300;21.42000
