time_seconds;temperature
0;24.91000
300;24.77000
600;24.79000
900;24.77000
1200;24.70000
1500;24.88000
1800;24.72000
2100;24.70000
2400;24.77000
2700;24.70000
3000;24.86000
3300;24.79000
