time_seconds;temperature
0;21.90000
300;21.85000
600;21.90000
900;21.80000
1200;21.87000
1500;21.97000
1800;21.97000
2100;21.92000
2400;21.85000
2700;21.83000
3000;21.95000
3300;21.80000
