time_seconds;temperature
0;21.32000
300;21.47000
600;21.23000
900;21.30000
1200;23.61000
1500;21.21000
1800;21.14000
2100;21.28000
2400;21.12000
2700;21.12000
3000;21.14000
3300;21.21000
