time_seconds;temperature
0;20.39000
300;20.46000
600;20.36000
900;20.44000
1200;20.46000
1500;20.36000
1800;20.49000
2100;20.32000
2400;20.34000
2700;20.34000
3000;20.41000
3300;20.34000
