time_seconds;temperature
0;25.46000
300;25.44000
600;25.39000
900;25.37000
1200;25.56000
1500;25.51000
1800;25.44000
2100;25.46000
2400;25.51000
2700;25.46000
3000;25.35000
3300;25.49000
