time_seconds;temperature
0;23.34000
300;23.48000
600;23.48000
900;23.36000
1200;23.43000
1500;23.32000
1800;23.25000
2100;23.36000
2400;23.38000
2700;23.38000
3000;23.36000
3300;23.27000
