time_seconds;temperature
0;24.66000
300;24.63000
600;24.77000
900;24.61000
1200;24.63000
1500;24.66000
1800;24.63000
2100;24.66000
2400;24.63000
2700;24.75000
3000;24.66000
3300;24.61000
