time_seconds;temperature
0;23.29000
300;23.38000
600;23.27000
900;23.32000
1200;23.34000
1500;23.27000
1800;23.27000
2100;23.34000
2400;23.29000
2700;23.38000
3000;23.29000
3300;23.20000
