time_seconds;temperature
0;20.61000
300;20.49000
600;20.61000
900;20.44000
1200;20.51000
1500;20.61000
1800;20.51000
2100;20.46000
2400;20.54000
2700;20.39000
3000;20.51000
3300;20.58000
