time_seconds;temperature
0;23.25000
300;23.23000
600;23.20000
900;23.36000
1200;23.27000
1500;23.38000
1800;23.16000
2100;23.27000
2400;23.16000
2700;23.23000
3000;23.32000
3300;23.32000
