time_seconds;temperature
0;22.99000
300;23.09000
600;23.09000
900;22.99000
1200;23.04000
1500;22.97000
1800;23.14000
2100;23.06000
2400;22.99000
2700;23.29000
3000;23.11000
3300;23.14000
