time_seconds;temperature
0;24.03000
300;23.98000
600;23.96000
900;24.13000
1200;24.06000
1500;24.06000
1800;24.08000
2100;23.96000
2400;23.94000
2700;23.91000
3000;24.03000
3300;24.01000
