time_seconds;temperature
0;23.06000
300;23.11000
600;23.25000
900;23.06000
1200;23.04000
1500;23.14000
1800;23.04000
2100;23.04000
2400;23.14000
2700;23.04000
3000;23.04000
3300;23.20000
