time_seconds;temperature
0;17.15000
300;17.23000
600;17.25000
900;17.30000
1200;17.54000
1500;17.35000
1800;16.18000
2100;17.52000
2400;16.87000
2700;17.35000
3000;17.37000
3300;17.40000
