time_seconds;temperature
0;21.80000
300;21.75000
600;21.83000
900;21.90000
1200;21.85000
1500;21.71000
1800;21.63000
2100;21.78000
2400;21.75000
2700;21.63000
3000;21.83000
3300;21.80000
