time_seconds;temperature
0;20.78000
300;20.89000
600;20.91000
900;20.87000
1200;20.66000
1500;20.87000
1800;20.87000
2100;20.78000
2400;20.89000
2700;20.80000
3000;20.78000
3300;20.80000
