time_seconds;temperature
0;20.56000
300;20.68000
600;20.39000
900;19.98000
1200;19.78000
1500;20.03000
1800;19.75000
2100;19.71000
2400;19.89000
2700;20.10000
3000;20.17000
3300;20.29000
