time_seconds;temperature
0;25.63000
300;25.53000
600;25.53000
900;25.53000
1200;25.44000
1500;25.51000
1800;25.56000
2100;25.51000
2400;25.51000
2700;25.39000
3000;25.44000
3300;25.39000
