time_seconds;temperature
0;23.11000
300;23.27000
600;23.14000
900;23.14000
1200;22.99000
1500;23.14000
1800;23.18000
2100;23.14000
2400;23.04000
2700;23.16000
3000;23.04000
3300;22.99000
