time_seconds;temperature
0;27.70000
300;27.49000
600;27.59000
900;27.45000
1200;27.47000
1500;27.49000
1800;27.45000
2100;27.54000
2400;27.34000
2700;27.49000
3000;27.43000
3300;27.49000
