time_seconds;temperature
0;25.72000
300;25.72000
600;25.72000
900;25.72000
1200;25.72000
1500;25.60000
1800;25.63000
2100;25.70000
2400;25.72000
2700;25.56000
3000;25.77000
3300;25.77000
