time_seconds;temperature
0;21.99000
300;22.06000
600;22.06000
900;22.06000
1200;22.04000
1500;22.01000
1800;22.04000
2100;22.04000
2400;22.06000
2700;22.08000
3000;22.10000
3300;21.99000
