time_seconds;temperature
0;22.13000
300;22.08000
600;21.10000
900;22.17000
1200;22.06000
1500;22.08000
1800;22.08000
2100;22.10000
2400;21.99000
2700;22.19000
3000;22.04000
3300;22.08000
