time_seconds;temperature
0;23.59000
300;23.50000
600;23.52000
900;23.63000
1200;23.52000
1500;23.43000
1800;23.54000
2100;23.52000
2400;23.38000
2700;23.48000
3000;24.03000
3300;23.48000
