time_seconds;temperature
0;20.91000
300;20.82000
600;20.91000
900;20.80000
1200;20.71000
1500;20.76000
1800;20.78000
2100;20.82000
2400;20.87000
2700;20.78000
3000;20.89000
3300;20.78000
