time_seconds;temperature
0;26.55000
300;26.42000
600;26.57000
900;26.57000
1200;26.55000
1500;26.53000
1800;26.55000
2100;26.42000
2400;26.46000
2700;26.48000
3000;26.30000
3300;26.42000
