time_seconds;temperature
0;25.86000
300;25.82000
600;25.86000
900;25.89000
1200;25.74000
1500;25.93000
1800;25.82000
2100;25.96000
2400;25.86000
2700;25.79000
3000;25.79000
3300;25.93000
