time_seconds;temperature
0;21.83000
300;22.01000
600;22.38000
900;21.87000
1200;22.08000
1500;22.22000
1800;21.99000
2100;21.97000
2400;21.92000
2700;21.80000
3000;21.85000
3300;22.31000
