time_seconds;temperature
0;26.19000
300;26.17000
600;26.14000
900;26.21000
1200;26.12000
1500;26.17000
1800;26.14000
2100;26.14000
2400;26.28000
2700;26.08000
3000;25.93000
3300;26.05000
