time_seconds;temperature
0;21.78000
300;21.73000
600;21.87000
900;21.87000
1200;21.85000
1500;21.92000
1800;21.90000
2100;21.97000
2400;21.80000
2700;21.78000
3000;21.87000
3300;21.80000
