time_seconds;temperature
0;21.19000
300;21.10000
600;21.03000
900;21.07000
1200;21.00000
1500;21.19000
1800;21.14000
2100;21.07000
2400;21.03000
2700;21.07000
3000;21.00000
3300;21.00000
