time_seconds;temperature
0;25.44000
300;25.32000
600;25.35000
900;25.23000
1200;25.30000
1500;25.32000
1800;25.28000
2100;25.11000
2400;25.35000
2700;25.21000
3000;25.21000
3300;25.25000
