time_seconds;temperature
0;27.15000
300;27.25000
600;27.04000
900;27.27000
1200;27.36000
1500;27.22000
1800;27.27000
2100;27.08000
2400;27.22000
2700;27.08000
3000;27.08000
3300;27.22000
