time_seconds;temperature
0;24.72000
300;24.59000
600;24.66000
900;24.68000
1200;24.68000
1500;24.56000
1800;24.47000
2100;24.59000
2400;24.56000
2700;24.56000
3000;24.59000
3300;24.63000
