time_seconds;temperature
0;20.82000
300;20.89000
600;20.89000
900;20.80000
1200;20.89000
1500;20.73000
1800;20.87000
2100;20.85000
2400;20.85000
2700;20.82000
3000;20.82000
3300;22.17000
