time_seconds;temperature
0;21.59000
300;21.51000
600;21.61000
900;21.56000
1200;21.54000
1500;21.59000
1800;21.63000
2100;21.63000
2400;21.59000
2700;21.59000
3000;21.63000
3300;21.49000
