time_seconds;temperature
0;22.04000
300;21.97000
600;22.10000
900;22.06000
1200;21.95000
1500;22.08000
1800;22.04000
2100;21.95000
2400;21.97000
2700;21.85000
3000;21.87000
3300;21.92000
