time_seconds;temperature
0;20.24000
300;20.22000
600;20.10000
900;20.12000
1200;20.17000
1500;20.12000
1800;20.22000
2100;20.22000
2400;20.15000
2700;20.24000
3000;20.12000
3300;20.27000
