time_seconds;temperature
0;20.44000
300;20.27000
600;20.36000
900;20.36000
1200;20.44000
1500;20.41000
1800;20.41000
2100;20.39000
2400;20.46000
2700;20.46000
3000;20.29000
3300;20.32000
