time_seconds;temperature
0;21.28000
300;21.25000
600;21.23000
900;21.16000
1200;21.19000
1500;21.25000
1800;21.21000
2100;21.14000
2400;21.39000
2700;21.30000
3000;21.28000
3300;21.19000
