time_seconds;temperature
0;24.81000
300;24.93000
600;24.79000
900;24.66000
1200;24.70000
1500;24.68000
1800;24.77000
2100;24.66000
2400;24.79000
2700;24.72000
3000;24.56000
3300;24.63000
