time_seconds;temperature
0;23.23000
300;23.36000
600;23.23000
900;23.18000
1200;23.20000
1500;22.85000
1800;22.68000
2100;22.44000
2400;22.51000
2700;22.24000
3000;22.49000
3300;22.35000
