time_seconds;temperature
0;20.82000
300;20.76000
600;20.78000
900;20.66000
1200;20.89000
1500;20.78000
1800;20.71000
2100;20.87000
2400;20.85000
2700;20.61000
3000;20.80000
3300;20.73000
