time_seconds;temperature
0;21.83000
300;21.73000
600;21.68000
900;21.78000
1200;21.68000
1500;21.85000
1800;21.51000
2100;21.66000
2400;21.68000
2700;21.78000
3000;21.75000
3300;21.90000
