time_seconds;temperature
0;24.86000
300;25.04000
600;25.07000
900;25.07000
1200;25.07000
1500;25.04000
1800;24.97000
2100;25.04000
2400;25.04000
2700;25.00000
3000;24.97000
3300;24.97000
