time_seconds;temperature
0;21.66000
300;21.73000
600;21.61000
900;21.59000
1200;21.71000
1500;21.61000
1800;21.73000
2100;21.59000
2400;21.56000
2700;21.61000
3000;21.66000
3300;21.61000
