time_seconds;temperature
0;26.17000
300;26.03000
600;26.03000
900;25.98000
1200;25.93000
1500;25.86000
1800;26.05000
2100;25.96000
2400;26.03000
2700;25.93000
3000;25.98000
3300;25.86000
