time_seconds;temperature
0;23.89000
300;23.84000
600;23.84000
900;24.01000
1200;23.94000
1500;24.03000
1800;23.82000
2100;24.08000
2400;23.94000
2700;23.89000
3000;23.73000
3300;23.77000
