time_seconds;temperature
0;51.21422
300;51.21434
600;51.21437
900;51.21437
1200;51.21437
1500;51.21437
1800;51.21437
2100;51.21437
2400;51.21437
2700;51.21437
3000;51.21437
3300;51.21437
