time_seconds;temperature
0;52.98900
300;52.99940
600;53.00541
900;53.00797
1200;53.00949
1500;53.01015
1800;53.01052
2100;53.01068
2400;53.01077
2700;53.01077
3000;53.01077
3300;53.01077
