time_seconds;temperature
0;47.25159
300;47.41555
600;47.49544
900;47.53219
1200;47.54891
1500;47.55641
1800;47.55983
2100;47.56137
2400;47.56207
2700;47.56239
3000;47.56245
3300;47.56245
