time_seconds;temperature
0;58.39289
300;58.81559
600;58.96414
900;58.96929
1200;59.15682
1500;59.39460
1800;59.41840
2100;59.05932
2400;58.74983
2700;58.58896
3000;58.51358
3300;58.47859
