time_seconds;temperature
0;40.31782
300;40.31782
600;40.33511
900;40.54587
1200;40.74802
1500;40.85000
1800;40.89577
2100;40.91636
2400;40.92535
2700;40.92940
3000;40.93117
3300;40.93195
