time_seconds;temperature
0;45.99566
300;45.87835
600;45.82281
900;45.74831
1200;45.50326
1500;45.33374
1800;45.25265
2100;45.21644
2400;45.20033
2700;45.30665
3000;45.53683
3300;45.66899
