time_seconds;temperature
0;38.92019
300;38.70914
600;38.59450
900;38.53703
1200;38.51066
1500;38.49776
1800;38.49187
2100;38.48899
2400;38.48769
2700;38.48705
3000;38.48678
3300;38.48664
