time_seconds;temperature
0;46.41424
300;46.65033
600;46.82224
900;46.90487
1200;46.94209
1500;46.95898
1800;47.09003
2100;47.32346
2400;47.45407
2700;47.51432
3000;47.54124
3300;47.55311
