time_seconds;temperature
0;44.59665
300;44.59665
600;44.59665
900;44.59665
1200;44.59665
1500;44.59665
1800;44.59665
2100;44.59665
2400;44.59665
2700;44.59665
3000;44.59665
3300;44.59665
