time_seconds;temperature
0;61.23149
300;60.53281
600;61.38775
900;61.53553
1200;60.82334
1500;58.86920
1800;57.49194
2100;57.76826
2400;57.28009
2700;56.64611
3000;56.36150
3300;56.00809
