time_seconds;temperature
0;52.52643
300;52.52643
600;52.52643
900;52.52643
1200;52.52643
1500;52.52643
1800;52.52643
2100;52.52643
2400;52.52643
2700;52.52643
3000;52.52643
3300;52.52643
