time_seconds;temperature
0;37.87385
300;37.75567
600;37.79181
900;37.81218
1200;37.82484
1500;37.83551
1800;37.84150
2100;37.84672
2400;37.84944
2700;37.85194
3000;37.85311
3300;37.85428
