time_seconds;temperature
0;61.37515
300;61.37294
600;61.37188
900;61.37133
1200;61.37106
1500;61.37096
1800;61.37096
2100;61.37096
2400;61.37096
2700;61.37096
3000;61.37096
3300;61.37096
