time_seconds;temperature
0;49.14022
300;49.45308
600;49.73132
900;49.70094
1200;49.75960
1500;49.87485
1800;49.78218
2100;49.77020
2400;49.87814
2700;49.93771
3000;49.97269
3300;50.17526
