time_seconds;temperature
0;45.13427
300;45.16369
600;45.17672
900;45.18256
1200;45.19804
1500;45.39477
1800;45.59402
2100;45.69580
2400;45.74137
2700;45.76186
3000;45.68020
3300;45.44642
