time_seconds;temperature
0;34.70815
300;34.72659
600;34.73508
900;34.73907
1200;34.74116
1500;34.74216
1800;34.74265
2100;34.74290
2400;34.74291
2700;34.74291
3000;34.74291
3300;34.74291
