time_seconds;temperature
0;43.36645
300;43.37974
600;43.38584
900;43.38856
1200;43.38981
1500;43.39036
1800;43.39061
2100;43.39063
2400;43.39063
2700;43.39063
3000;43.39063
3300;43.39063
