time_seconds;temperature
0;38.06806
300;38.06806
600;38.06806
900;38.06806
1200;38.06806
1500;38.06819
1800;38.10122
2100;38.19395
2400;38.24533
2700;38.31341
3000;38.34005
3300;38.37350
