time_seconds;temperature
0;55.50475
300;54.34067
600;53.28937
900;52.22576
1200;51.36482
1500;51.40410
1800;52.07421
2100;52.92546
2400;53.83279
2700;54.92374
3000;55.32182
3300;55.25510
