time_seconds;temperature
0;41.55893
300;41.55893
600;41.55893
900;41.55893
1200;41.55893
1500;41.55893
1800;41.55893
2100;41.62231
2400;41.76257
2700;41.84243
3000;41.87872
3300;41.89461
