time_seconds;temperature
0;39.10032
300;39.16687
600;39.40160
900;39.56279
1200;39.63881
1500;39.67441
1800;39.69020
2100;39.69753
2400;39.70077
2700;39.70227
3000;39.70294
3300;39.70323
