time_seconds;temperature
0;43.01866
300;43.01866
600;43.01866
900;43.01866
1200;43.01866
1500;43.01866
1800;43.01866
2100;43.01866
2400;43.01866
2700;43.01866
3000;43.01866
3300;43.14034
