time_seconds;temperature
0;39.30607
300;39.43729
600;39.57347
900;39.84079
1200;40.09460
1500;40.21970
1800;40.27528
2100;40.29950
2400;40.31000
2700;40.33772
3000;40.56359
3300;40.76195
