time_seconds;temperature
0;49.81268
300;49.89541
600;49.94172
900;49.96370
1200;49.97488
1500;49.98017
1800;49.98286
2100;49.98413
2400;49.98477
2700;49.98508
3000;49.98523
3300;49.98528
