time_seconds;temperature
0;37.71349
300;37.71349
600;37.71349
900;37.71349
1200;37.71349
1500;37.71349
1800;37.71349
2100;37.71349
2400;37.71349
2700;37.71349
3000;37.71349
3300;37.71349
