time_seconds;temperature
0;43.39063
300;43.39063
600;43.39063
900;43.39063
1200;43.39063
1500;43.39063
1800;43.39063
2100;43.39063
2400;43.40807
2700;43.61315
3000;43.80682
3300;43.90291
