time_seconds;temperature
0;50.01758
300;50.20481
600;50.38845
900;50.48279
1200;50.54111
1500;50.56783
1800;50.58394
2100;50.59120
2400;50.59561
2700;50.59756
3000;50.59874
3300;50.59928
