time_seconds;temperature
0;53.01067
300;53.01067
600;53.02577
900;53.19955
1200;53.38268
1500;53.48810
1800;53.54449
2100;53.57227
2400;53.58695
2700;53.59415
3000;53.59797
3300;53.59981
