time_seconds;temperature
0;38.42258
300;38.42258
600;38.42258
900;38.42258
1200;38.42258
1500;38.42258
1800;38.43589
2100;38.56513
2400;38.67925
2700;38.73427
3000;38.75849
3300;38.76904
