time_seconds;temperature
0;48.76364
300;48.76607
600;48.76720
900;48.76771
1200;48.76793
1500;48.76800
1800;48.76800
2100;48.76800
2400;48.76800
2700;48.76800
3000;48.76800
3300;48.76800
