time_seconds;temperature
0;52.52632
300;52.52632
600;52.52632
900;52.52632
1200;52.52632
1500;52.52632
1800;52.52632
2100;52.52632
2400;52.52632
2700;52.52632
3000;52.52632
3300;52.52632
