time_seconds;temperature
0;39.88465
300;39.86152
600;39.85029
900;39.88439
1200;40.01572
1500;40.10053
1800;40.14464
2100;40.16425
2400;40.17383
2700;40.17803
3000;40.18008
3300;40.18538
