time_seconds;temperature
0;48.76790
300;48.76809
600;48.89168
900;49.13038
1200;49.26239
1500;49.32320
1800;49.34971
2100;49.36161
2400;49.36676
2700;49.36905
3000;49.37005
3300;49.37048
