time_seconds;temperature
0;52.41976
300;52.41976
600;52.42955
900;52.61961
1200;52.82667
1500;52.92981
1800;52.97560
2100;52.99555
2400;53.00422
2700;53.00799
3000;53.00962
3300;53.01031
