time_seconds;temperature
0;59.14087
300;59.14087
600;59.14087
900;59.13780
1200;58.98305
1500;58.77186
1800;58.66280
2100;58.61390
2400;58.59257
2700;58.58331
3000;58.57929
3300;58.57754
