time_seconds;temperature
0;31.60588
300;31.47379
600;31.31352
900;31.21750
1200;31.13905
1500;31.08954
1800;31.05384
2100;31.02926
2400;31.03120
2700;31.13240
3000;31.27127
3300;31.40644
