time_seconds;temperature
0;42.16154
300;42.16154
600;42.16154
900;42.16154
1200;42.16154
1500;42.17546
1800;42.38295
2100;42.59262
2400;42.69541
2700;42.74110
3000;42.76103
3300;42.76967
