time_seconds;temperature
0;59.30752
300;59.30752
600;59.30752
900;59.30752
1200;59.30752
1500;59.30752
1800;59.32714
2100;59.49039
2400;59.62830
2700;59.69896
3000;59.73116
3300;59.74600
