time_seconds;temperature
0;58.56367
300;58.56437
600;58.56479
900;58.56505
1200;58.56519
1500;58.56530
1800;58.56533
2100;58.56533
2400;58.56533
2700;58.56533
3000;58.56533
3300;58.56533
