time_seconds;temperature
0;56.26049
300;56.26049
600;56.26049
900;56.26049
1200;56.26049
1500;56.26049
1800;56.26049
2100;56.26049
2400;56.26049
2700;56.26049
3000;56.26049
3300;56.26049
