time_seconds;temperature
0;38.06022
300;38.06387
600;38.06615
900;38.06720
1200;38.06879
1500;38.15476
1800;38.28494
2100;38.35755
2400;38.39262
2700;38.40871
3000;38.41627
3300;38.39692
