time_seconds;temperature
0;45.18430
300;45.18591
600;45.22101
900;45.44619
1200;45.62306
1500;45.70855
1800;45.74729
2100;45.76445
2400;45.77206
2700;45.77542
3000;45.77691
3300;45.77757
