time_seconds;temperature
0;65.24079
300;65.33784
600;65.51870
900;65.63863
1200;65.69908
1500;65.73035
1800;65.74512
2100;65.75273
2400;65.75636
2700;65.75822
3000;65.75909
3300;65.75953
