time_seconds;temperature
0;47.54678
300;47.55500
600;47.55880
900;47.62923
1200;47.83947
1500;47.99399
1800;48.07820
2100;48.12149
2400;48.14337
2700;48.18534
3000;48.38545
3300;48.56253
