time_seconds;temperature
0;59.39304
300;59.17499
600;59.42870
900;59.66150
1200;59.78792
1500;59.84904
1800;59.87815
2100;59.89191
2400;59.89846
2700;59.90158
3000;59.90304
3300;59.90372
