time_seconds;temperature
0;43.76106
300;43.76106
600;43.76106
900;43.76106
1200;43.76106
1500;43.76106
1800;43.76106
2100;43.76106
2400;43.76106
2700;43.76106
3000;43.76106
3300;43.76106
