time_seconds;temperature
0;51.99475
300;51.96550
600;51.94948
900;51.94193
1200;51.93849
1500;51.93687
1800;51.93613
2100;51.93579
2400;51.93563
2700;51.93556
3000;51.95579
3300;52.15664
