time_seconds;temperature
0;39.48620
300;39.48620
600;39.48620
900;39.48620
1200;39.48620
1500;39.48620
1800;39.48620
2100;39.48620
2400;39.48620
2700;39.48620
3000;39.48620
3300;39.53275
