time_seconds;temperature
0;60.29366
300;60.29366
600;60.29366
900;60.29366
1200;60.29366
1500;60.29366
1800;60.29366
2100;60.29366
2400;60.29366
2700;60.29366
3000;60.29366
3300;60.29366
