time_seconds;temperature
0;57.85609
300;57.85621
600;57.85624
900;57.85624
1200;57.85624
1500;57.85624
1800;57.85624
2100;57.85624
2400;57.85624
2700;57.85624
3000;57.88567
3300;58.06029
