time_seconds;temperature
0;53.60173
300;53.60173
600;53.60173
900;53.60173
1200;53.60173
1500;53.60173
1800;53.64801
2100;53.88295
2400;54.05173
2700;54.13103
3000;54.16586
3300;54.18106
