time_seconds;temperature
0;45.90016
300;46.13052
600;46.25969
900;46.32073
1200;46.34748
1500;46.35953
1800;46.36479
2100;46.36716
2400;46.36819
2700;46.36865
3000;46.36885
3300;46.36891
