time_seconds;temperature
0;39.43023
300;39.46191
600;39.47573
900;39.48172
1200;39.48433
1500;39.48545
1800;39.48594
2100;39.48615
2400;39.48620
2700;39.48620
3000;39.48620
3300;39.48620
