time_seconds;temperature
0;61.54296
300;61.54296
600;61.52812
900;61.09605
1200;59.66740
1500;58.42107
1800;57.82528
2100;57.05429
2400;55.56403
2700;53.55197
3000;52.92368
3300;53.27011
