time_seconds;temperature
0;31.11175
300;30.98020
600;30.98020
900;30.98020
1200;30.98020
1500;30.98020
1800;30.98020
2100;30.98020
2400;30.98020
2700;30.98020
3000;30.98020
3300;30.98020
