time_seconds;temperature
0;42.51793
300;42.65377
600;42.65674
900;42.41102
1200;42.03624
1500;41.78509
1800;41.65830
2100;41.59964
2400;41.57155
2700;41.55873
3000;41.57728
3300;41.90933
