time_seconds;temperature
0;42.14792
300;42.15539
600;42.15883
900;42.16042
1200;42.16113
1500;42.16147
1800;42.16154
2100;42.16154
2400;42.16154
2700;42.16154
3000;42.16154
3300;42.16154
