time_seconds;temperature
0;40.78096
300;40.83463
600;40.85581
900;40.76707
1200;40.61767
1500;40.42539
1800;40.29088
2100;40.25062
2400;40.36091
2700;40.50554
3000;40.80038
3300;41.02565
