time_seconds;temperature
0;58.44624
300;58.44678
600;58.44703
900;58.44715
1200;58.44715
1500;58.44715
1800;58.44715
2100;58.44715
2400;58.44715
2700;58.44715
3000;58.44715
3300;58.48826
