time_seconds;temperature
0;61.15462
300;60.98868
600;60.90848
900;60.87215
1200;60.85599
1500;60.84879
1800;60.84562
2100;60.84420
2400;60.84358
2700;60.84330
3000;60.84318
3300;60.84312
