time_seconds;temperature
0;54.67957
300;53.81219
600;53.20024
900;53.01671
1200;53.63836
1500;54.42686
1800;55.52022
2100;56.61241
2400;57.80880
2700;58.46047
3000;58.47192
3300;58.47192
