time_seconds;temperature
0;59.14117
300;59.14117
600;59.14117
900;59.14117
1200;59.14117
1500;59.14117
1800;59.14117
2100;59.14117
2400;59.14117
2700;59.14117
3000;59.14117
3300;59.14117
