time_seconds;temperature
0;40.61616
300;40.66814
600;40.69577
900;40.72349
1200;40.73901
1500;40.75299
1800;40.76273
2100;40.76962
2400;40.77543
2700;40.77890
3000;40.78209
3300;40.78363
