time_seconds;temperature
0;38.56000
300;38.56000
600;38.56000
900;38.56000
1200;38.56000
1500;38.56000
1800;38.56000
2100;38.56000
2400;38.56000
2700;38.56000
3000;38.56000
3300;38.56000
