time_seconds;temperature
0;56.59416
300;56.37666
600;56.18114
900;56.08668
1200;56.04485
1500;56.02670
1800;56.01882
2100;56.01353
2400;55.85675
2700;55.62106
3000;55.49684
3300;55.44115
