time_seconds;temperature
0;52.25216
300;52.34274
600;52.38390
900;52.40345
1200;52.41227
1500;52.41644
1800;52.41832
2100;52.41921
2400;52.41961
2700;52.41980
3000;52.41989
3300;52.41991
