time_seconds;temperature
0;50.59912
300;50.59956
600;50.60009
900;50.71183
1200;50.95191
1500;51.27016
1800;51.54595
2100;51.57993
2400;51.42139
2700;51.31506
3000;51.26269
3300;51.23708
