time_seconds;temperature
0;53.00369
300;53.00774
600;53.00951
900;53.04534
1200;53.27440
1500;53.45223
1800;53.53621
2100;53.58390
2400;53.79280
2700;54.00524
3000;54.03112
3300;53.85253
