time_seconds;temperature
0;41.54673
300;41.54691
600;41.54691
900;41.54691
1200;41.59866
1500;41.84487
1800;42.01833
2100;42.09897
2400;42.13450
2700;42.14990
3000;42.15660
3300;42.15951
