time_seconds;temperature
0;58.35751
300;57.98737
600;57.61394
900;57.39288
1200;57.51390
1500;57.79070
1800;57.99844
2100;58.15181
2400;58.23657
2700;58.30868
3000;58.44226
3300;58.68348
