time_seconds;temperature
0;38.77698
300;38.77709
600;38.77712
900;38.77712
1200;38.77712
1500;38.77712
1800;38.77712
2100;38.77712
2400;38.77712
2700;38.77712
3000;38.77712
3300;38.77712
