time_seconds;temperature
0;38.06803
300;38.06803
600;38.06803
900;38.07383
1200;38.18782
1500;38.31212
1800;38.37401
2100;38.40149
2400;38.41348
2700;38.41867
3000;38.42092
3300;38.42190
