time_seconds;temperature
0;39.13166
300;39.13166
600;39.13166
900;39.13166
1200;39.13166
1500;39.13166
1800;39.13345
2100;39.22906
2400;39.36245
2700;39.43155
3000;39.46249
3300;39.47596
