time_seconds;temperature
0;52.44522
300;52.65817
600;52.83956
900;52.93319
1200;52.97520
1500;52.99499
1800;53.11133
2100;53.34756
2400;53.48229
2700;53.54801
3000;53.57703
3300;53.59829
