time_seconds;temperature
0;37.36579
300;37.36579
600;37.36579
900;37.36579
1200;37.36579
1500;37.36579
1800;37.36579
2100;37.36579
2400;37.36579
2700;37.36579
3000;37.36579
3300;37.36579
