time_seconds;temperature
0;37.97138
300;38.01661
600;38.03475
900;38.04972
1200;38.05621
1500;38.09381
1800;38.17576
2100;38.27574
2400;38.32745
2700;38.36790
3000;38.38873
3300;38.40308
