time_seconds;temperature
0;66.02968
300;66.46652
600;66.73456
900;66.78016
1200;66.65527
1500;66.47024
1800;66.41729
2100;66.65636
2400;66.91013
2700;67.08142
3000;67.20362
3300;67.16159
