time_seconds;temperature
0;59.64041
300;59.65906
600;59.86757
900;60.06571
1200;60.14184
1500;59.97562
1800;59.96293
2100;60.03886
2400;59.87817
2700;59.87654
3000;60.05035
3300;60.15540
