time_seconds;temperature
0;41.53626
300;41.70926
600;41.74468
900;41.65920
1200;41.70054
1500;41.67869
1800;41.61741
2100;41.58493
2400;41.57034
2700;41.56400
3000;41.56125
3300;41.56005
