time_seconds;temperature
0;55.34003
300;55.36999
600;55.38450
900;55.39258
1200;55.39569
1500;55.39705
1800;55.39765
2100;55.39792
2400;55.39794
2700;55.39794
3000;55.39794
3300;55.39794
