time_seconds;temperature
0;40.18166
300;40.19793
600;40.33075
900;40.44175
1200;40.49491
1500;40.51833
1800;40.52851
2100;40.53293
2400;40.53485
2700;40.53568
3000;40.53603
3300;40.53619
