time_seconds;temperature
0;38.74620
300;38.76338
600;38.77120
900;38.77459
1200;38.77607
1500;38.77670
1800;38.77698
2100;38.77709
2400;38.77712
2700;38.77712
3000;38.77712
3300;38.77712
