time_seconds;temperature
0;52.41991
300;52.41991
600;52.41991
900;52.41991
1200;52.41991
1500;52.41991
1800;52.41991
2100;52.41991
2400;52.41991
2700;52.41991
3000;52.41991
3300;52.41991
