time_seconds;temperature
0;38.75430
300;38.56041
600;38.56041
900;38.56041
1200;38.56041
1500;38.56041
1800;38.56041
2100;38.56041
2400;38.56041
2700;38.56041
3000;38.56041
3300;38.56041
