time_seconds;temperature
0;53.58314
300;53.59232
600;53.59757
900;53.60001
1200;53.60136
1500;53.60200
1800;53.60236
2100;53.60252
2400;53.60261
2700;53.60265
3000;53.60267
3300;53.60268
