time_seconds;temperature
0;37.68799
300;37.70216
600;37.70848
900;37.71132
1200;37.71256
1500;37.71312
1800;37.71335
2100;37.71346
2400;37.71349
2700;37.71349
3000;37.71349
3300;37.71352
