time_seconds;temperature
0;40.15497
300;40.06492
600;39.94762
900;39.88874
1200;39.98397
1500;40.24749
1800;40.32085
2100;40.19726
2400;40.09722
2700;40.26654
3000;40.41209
3300;40.48182
