time_seconds;temperature
0;38.35990
300;38.39470
600;38.41027
900;38.41716
1200;38.42022
1500;38.42157
1800;38.42217
2100;38.42243
2400;38.42254
2700;38.42258
3000;38.42258
3300;38.42258
