time_seconds;temperature
0;37.36576
300;37.36576
600;37.36576
900;37.36576
1200;37.36576
1500;37.36576
1800;37.36576
2100;37.36576
2400;37.36576
2700;37.36576
3000;37.36576
3300;37.36576
