time_seconds;temperature
0;50.52916
300;50.52916
600;50.52916
900;50.52916
1200;50.52916
1500;50.52916
1800;50.52916
2100;50.52916
2400;50.52916
2700;50.52916
3000;50.52916
3300;50.52916
