time_seconds;temperature
0;45.60436
300;46.09128
600;46.53842
900;46.76690
1200;46.87747
1500;46.92789
1800;46.95163
2100;46.96240
2400;47.05161
2700;47.14820
3000;46.87421
3300;46.62015
