time_seconds;temperature
0;32.33578
300;32.55498
600;32.80895
900;32.93696
1200;32.99387
1500;33.01865
1800;33.02943
2100;33.03411
2400;33.03614
2700;33.03702
3000;33.03740
3300;33.03756
