time_seconds;temperature
0;59.71212
300;59.71212
600;59.71212
900;59.71212
1200;59.71212
1500;59.71212
1800;59.71212
2100;59.71212
2400;59.71212
2700;59.71212
3000;59.71212
3300;59.71212
