time_seconds;temperature
0;39.14241
300;39.26781
600;39.38485
900;39.44173
1200;39.46694
1500;39.47791
1800;39.48267
2100;39.48474
2400;39.48563
2700;39.48601
3000;39.48618
3300;39.48620
