time_seconds;temperature
0;38.41157
300;38.41609
600;38.41834
900;38.42005
1200;38.42099
1500;38.42161
1800;38.42201
2100;38.42224
2400;38.42239
2700;38.42247
3000;38.42254
3300;38.42257
