time_seconds;temperature
0;45.55894
300;45.67253
600;45.73004
900;45.75544
1200;45.76786
1500;45.77328
1800;45.77592
2100;45.77708
2400;45.77764
2700;45.77789
3000;45.77800
3300;45.77805
