time_seconds;temperature
0;49.37063
300;49.37063
600;49.37063
900;49.37063
1200;49.37063
1500;49.37879
1800;49.56678
2100;49.78201
2400;49.89428
2700;49.94467
3000;49.96744
3300;49.97738
