time_seconds;temperature
0;46.89390
300;46.93712
600;46.95660
900;46.98240
1200;47.19196
1500;47.33703
1800;47.20050
2100;47.07890
2400;47.05733
2700;47.25793
3000;47.42171
3300;47.49959
