time_seconds;temperature
0;59.61453
300;58.35681
600;57.34575
900;57.46921
1200;59.28263
1500;59.36864
1800;58.94701
2100;57.02582
2400;54.17491
2700;53.30369
3000;53.29884
3300;53.28621
