time_seconds;temperature
0;53.41923
300;53.42470
600;53.38366
900;53.21519
1200;53.36844
1500;53.47837
1800;53.47837
2100;53.47837
2400;53.47500
2700;53.47627
3000;53.36133
3300;53.19624
