time_seconds;temperature
0;41.73949
300;41.73949
600;41.73949
900;41.80063
1200;41.93110
1500;41.92014
1800;41.91452
2100;41.91205
2400;41.91347
2700;41.95672
3000;41.95955
3300;42.04955
