time_seconds;temperature
0;36.30894
300;36.30894
600;36.30894
900;36.31960
1200;36.44463
1500;36.56192
1800;36.61894
2100;36.64417
2400;36.65514
2700;36.65991
3000;36.66197
3300;36.66287
