time_seconds;temperature
0;62.18237
300;62.20365
600;62.21427
900;62.21923
1200;62.22151
1500;62.27402
1800;62.56914
2100;62.80451
2400;62.92243
2700;62.97878
3000;63.00481
3300;63.01693
