time_seconds;temperature
0;37.71349
300;37.77163
600;37.90968
900;37.99487
1200;38.03450
1500;38.05301
1800;38.06122
2100;38.06501
2400;38.06669
2700;38.06747
3000;38.06781
3300;38.06796
