time_seconds;temperature
0;39.36893
300;39.43440
600;39.46371
900;39.47651
1200;39.48206
1500;39.48447
1800;39.48552
2100;39.48597
2400;39.48616
2700;39.48620
3000;39.48620
3300;39.48620
