time_seconds;temperature
0;60.84616
300;60.84616
600;60.84616
900;60.84565
1200;60.75442
1500;60.57474
1800;60.43478
2100;60.35436
2400;60.30569
2700;60.27916
3000;60.26366
3300;60.25518
