time_seconds;temperature
0;41.90665
300;41.90665
600;41.90665
900;41.90665
1200;41.90665
1500;41.90665
1800;41.90665
2100;41.90665
2400;41.90665
2700;41.90665
3000;41.92198
3300;42.04930
