time_seconds;temperature
0;65.06216
300;65.06607
600;65.06778
900;65.06858
1200;65.05126
1500;64.89627
1800;64.76249
2100;64.69351
2400;64.66236
2700;64.64786
3000;64.68241
3300;64.84930
