time_seconds;temperature
0;46.20172
300;46.29398
600;46.33553
900;46.35426
1200;46.36244
1500;46.36612
1800;46.37863
2100;46.57251
2400;46.77935
2700;46.88556
3000;46.93328
3300;46.95478
