time_seconds;temperature
0;51.21442
300;51.21442
600;51.21442
900;51.21442
1200;51.21442
1500;51.21442
1800;51.21442
2100;51.21442
2400;51.21442
2700;51.21442
3000;51.21442
3300;51.21442
