time_seconds;temperature
0;40.20897
300;40.01636
600;40.01638
900;40.01638
1200;40.01638
1500;40.01638
1800;40.01638
2100;40.01638
2400;40.01638
2700;40.01638
3000;40.01638
3300;40.01638
