time_seconds;temperature
0;38.77635
300;38.77682
600;38.77703
900;38.77711
1200;38.77712
1500;38.77712
1800;38.77712
2100;38.77721
2400;38.84989
2700;38.99108
3000;39.06925
3300;39.10455
