time_seconds;temperature
0;37.01947
300;37.13966
600;37.26021
900;37.31944
1200;37.34565
1500;37.35708
1800;37.36203
2100;37.36418
2400;37.36511
2700;37.36552
3000;37.36569
3300;37.36576
