time_seconds;temperature
0;41.54637
300;41.54679
600;41.54697
900;41.56287
1200;41.77147
1500;41.97650
1800;42.07826
2100;42.12480
2400;42.14528
2700;42.15449
3000;42.15852
3300;42.16032
