time_seconds;temperature
0;39.13174
300;39.13174
600;39.13174
900;39.13187
1200;39.18900
1500;39.31861
1800;39.40172
2100;39.44435
2400;39.46593
2700;39.47620
3000;39.48143
3300;39.48415
