time_seconds;temperature
0;37.77683
300;37.92066
600;38.06266
900;38.24117
1200;38.34037
1500;38.38605
1800;38.40642
2100;38.41544
2400;38.43493
2700;38.56693
3000;38.67826
3300;38.73281
