time_seconds;temperature
0;41.21802
300;41.21802
600;41.21802
900;41.21802
1200;41.21802
1500;41.21802
1800;41.21802
2100;41.21802
2400;41.21802
2700;41.21802
3000;41.21802
3300;41.21802
