time_seconds;temperature
0;48.76790
300;48.76790
600;48.76790
900;48.76790
1200;48.76790
1500;48.76790
1800;48.76790
2100;48.76790
2400;48.76790
2700;48.76790
3000;48.76790
3300;48.76790
