time_seconds;temperature
0;35.70615
300;35.75478
600;35.77970
900;35.79058
1200;35.79530
1500;35.79734
1800;35.79822
2100;35.79861
2400;35.79877
2700;35.79878
3000;35.79878
3300;35.79878
