time_seconds;temperature
0;52.04609
300;52.11636
600;52.16026
900;52.18710
1200;52.20086
1500;52.21056
1800;52.18050
2100;52.18298
2400;52.18201
2700;52.18273
3000;52.20720
3300;52.17118
