time_seconds;temperature
0;51.69263
300;51.80359
600;51.85479
900;51.88996
1200;51.90808
1500;51.91970
1800;51.92622
2100;51.93000
2400;51.93231
2700;51.93354
3000;51.93437
3300;51.93477
