time_seconds;temperature
0;50.59648
300;50.59822
600;50.59906
900;50.59951
1200;50.59971
1500;50.59982
1800;50.59982
2100;50.59982
2400;50.59982
2700;50.59982
3000;50.59982
3300;50.59982
