time_seconds;temperature
0;65.00966
300;65.13806
600;65.23078
900;65.27084
1200;65.30482
1500;65.32041
1800;65.33212
2100;65.28062
2400;65.04368
2700;64.87309
3000;64.57117
3300;64.30570
