time_seconds;temperature
0;40.89939
300;41.03567
600;41.13531
900;41.18050
1200;41.11117
1500;40.99112
1800;40.93084
2100;41.00294
2400;41.11479
2700;41.17249
3000;41.19828
3300;41.20951
