time_seconds;temperature
0;56.85939
300;56.85939
600;56.85939
900;56.85939
1200;56.85939
1500;56.85939
1800;56.85939
2100;56.85939
2400;56.85939
2700;56.85939
3000;56.85939
3300;56.85939
