time_seconds;temperature
0;49.38843
300;49.45373
600;49.49222
900;49.51548
1200;49.53118
1500;49.65097
1800;49.85598
2100;50.02529
2400;50.12160
2700;50.18574
3000;50.21914
3300;50.24212
