time_seconds;temperature
0;44.77208
300;44.81508
600;44.99508
900;45.12720
1200;45.39547
1500;45.59371
1800;45.69491
2100;45.66472
2400;45.44996
2700;45.35063
3000;45.50677
3300;45.64580
