time_seconds;temperature
0;39.85276
300;39.90520
600;40.04038
900;40.11870
1200;40.15428
1500;40.16981
1800;40.17659
2100;40.17953
2400;40.18080
2700;40.18135
3000;40.18159
3300;40.18166
