time_seconds;temperature
0;60.26135
300;60.26135
600;60.26135
900;60.26135
1200;60.26135
1500;60.26135
1800;60.26135
2100;60.26135
2400;60.26135
2700;60.26135
3000;60.26135
3300;60.26135
