time_seconds;temperature
0;32.36057
300;32.36069
600;32.36075
900;32.36081
1200;32.36081
1500;32.36081
1800;32.36081
2100;32.36081
2400;32.36081
2700;32.36081
3000;32.36081
3300;32.36081
