time_seconds;temperature
0;38.77569
300;38.77654
600;38.77690
900;38.77848
1200;38.87143
1500;39.00596
1800;39.07620
2100;39.10759
2400;39.12128
2700;39.12722
3000;39.12980
3300;39.13092
