time_seconds;temperature
0;39.13166
300;39.13166
600;39.13166
900;39.13166
1200;39.13166
1500;39.13166
1800;39.13166
2100;39.13166
2400;39.13166
2700;39.13166
3000;39.13166
3300;39.13166
