time_seconds;temperature
0;42.23073
300;42.11904
600;42.08667
900;42.14563
1200;42.28682
1500;42.48893
1800;42.61168
2100;42.74107
2400;42.81006
2700;42.79354
3000;42.70333
3300;42.59317
