time_seconds;temperature
0;38.06806
300;38.06806
600;38.06806
900;38.06806
1200;38.06806
1500;38.06806
1800;38.06806
2100;38.06806
2400;38.06806
2700;38.06806
3000;38.06806
3300;38.06806
