time_seconds;temperature
0;45.56671
300;45.68095
600;45.73415
900;45.75820
1200;45.76915
1500;45.77405
1800;45.77774
2100;45.91402
2400;46.13723
2700;46.26176
3000;46.32028
3300;46.34692
