time_seconds;temperature
0;57.82393
300;57.83777
600;57.84602
900;57.85044
1200;57.85306
1500;57.85448
1800;57.85532
2100;57.85576
2400;57.85602
2700;57.85615
3000;57.85624
3300;57.85624
