time_seconds;temperature
0;50.03604
300;50.32906
600;50.48020
900;50.62466
1200;51.12434
1500;51.65341
1800;51.67104
2100;51.44739
2400;51.31864
2700;51.26004
3000;51.23433
3300;51.22317
