time_seconds;temperature
0;57.39197
300;57.69636
600;57.98726
900;58.04112
1200;57.78585
1500;57.58252
1800;57.32829
2100;57.22251
2400;57.08161
2700;56.96070
3000;57.05536
3300;57.20339
