time_seconds;temperature
0;60.80019
300;60.80019
600;60.80019
900;60.80019
1200;60.80019
1500;60.80019
1800;60.80019
2100;60.80019
2400;60.80019
2700;60.80019
3000;60.80019
3300;60.80019
