time_seconds;temperature
0;40.44996
300;40.36068
600;40.37395
900;40.42637
1200;40.46173
1500;40.49307
1800;40.50764
2100;40.52018
2400;40.52553
2700;40.53032
3000;40.53224
3300;40.53407
