time_seconds;temperature
0;27.81289
300;27.81289
600;27.81289
900;27.81289
1200;27.81289
1500;27.81289
1800;27.81289
2100;27.81289
2400;27.81289
2700;27.81289
3000;27.81289
3300;27.81289
