time_seconds;temperature
0;53.21961
300;54.09053
600;54.70529
900;54.70529
1200;54.70529
1500;54.70529
1800;54.70529
2100;54.65320
2400;54.52229
2700;54.34575
3000;53.97183
3300;53.14054
