time_seconds;temperature
0;39.40266
300;39.44974
600;39.47042
900;39.47943
1200;39.48333
1500;39.48502
1800;39.48576
2100;39.48607
2400;39.48621
2700;39.48626
3000;39.48972
3300;39.59531
