time_seconds;temperature
0;45.26207
300;45.40915
600;45.71465
900;45.88872
1200;45.96977
1500;46.00597
1800;46.02212
2100;46.02924
2400;46.03239
2700;46.03379
3000;46.03440
3300;46.03466
