time_seconds;temperature
0;57.85624
300;57.86193
600;58.03291
900;58.24595
1200;58.35637
1500;58.40679
1800;58.42919
2100;58.43925
2400;58.44371
2700;58.44568
3000;58.44656
3300;58.44694
