timestamp,dataset,method,params,trace_count,repeat,tag_k,disc_time,learn_time,total_time,actual_bins,n_states,n_edges,n_inconsistencies
2026-05-15T00:27:40.536705,clean,naive,{'bins': 5},1,0,2,0.0004357481375336647,0.00244185421615839,0.0031324299052357674,5,8,9,0
2026-05-15T00:27:40.541579,clean,naive,{'bins': 5},1,1,2,0.0003907540813088417,0.002011505886912346,0.002623375505208969,5,8,9,0
2026-05-15T00:27:40.545357,clean,naive,{'bins': 5},1,2,2,0.00031663384288549423,0.0019961372017860413,0.002529929392039776,5,8,9,0
2026-05-15T00:27:40.548908,clean,naive,{'bins': 5},1,3,2,0.00030717626214027405,0.001988564617931843,0.0025093713775277138,5,8,9,0
2026-05-15T00:27:40.552280,clean,naive,{'bins': 5},1,4,2,0.0003046216443181038,0.0019893450662493706,0.0025077881291508675,5,8,9,0
2026-05-15T00:27:40.566831,clean,naive,{'bins': 5},2,0,2,0.0006325272843241692,0.011687692254781723,0.01267709955573082,5,18,20,0
2026-05-15T00:27:40.580090,clean,naive,{'bins': 5},2,1,2,0.0005536191165447235,0.011240852996706963,0.012126524932682514,5,18,20,0
2026-05-15T00:27:40.593983,clean,naive,{'bins': 5},2,2,2,0.0005500828847289085,0.011608181521296501,0.012486681342124939,5,18,20,0
2026-05-15T00:27:40.607485,clean,naive,{'bins': 5},2,3,2,0.0005525471642613411,0.011395642533898354,0.012282046489417553,5,18,20,0
2026-05-15T00:27:40.620882,clean,naive,{'bins': 5},2,4,2,0.0005404558032751083,0.011388460174202919,0.012258453294634819,5,18,20,0
2026-05-15T00:27:40.642578,clean,naive,{'bins': 5},3,0,2,0.0009321402758359909,0.018280327320098877,0.019662522710859776,5,15,19,0
2026-05-15T00:27:40.663470,clean,naive,{'bins': 5},3,1,2,0.0007739430293440819,0.01825621258467436,0.019474499858915806,5,15,19,0
2026-05-15T00:27:40.683953,clean,naive,{'bins': 5},3,2,2,0.0007727909833192825,0.01801281701773405,0.019230151548981667,5,15,19,0
2026-05-15T00:27:40.704805,clean,naive,{'bins': 5},3,3,2,0.0007717786356806755,0.018123204819858074,0.01933770440518856,5,15,19,0
2026-05-15T00:27:40.725465,clean,naive,{'bins': 5},3,4,2,0.0007678922265768051,0.018047280609607697,0.019281988963484764,5,15,19,0
2026-05-15T00:27:40.744588,clean,naive,{'bins': 5},4,0,2,0.0010314760729670525,0.01512944232672453,0.016876702196896076,5,5,9,0
2026-05-15T00:27:40.762763,clean,naive,{'bins': 5},4,1,2,0.001005406491458416,0.015013596042990685,0.016595645807683468,5,5,9,0
2026-05-15T00:27:40.781180,clean,naive,{'bins': 5},4,2,2,0.0010138927027583122,0.015124604105949402,0.01670327689498663,5,5,9,0
2026-05-15T00:27:40.799527,clean,naive,{'bins': 5},4,3,2,0.0010140640661120415,0.015012443996965885,0.016595476306974888,5,5,9,0
2026-05-15T00:27:40.818133,clean,naive,{'bins': 5},4,4,2,0.0010051373392343521,0.015067626722157001,0.01663726381957531,5,5,9,0
2026-05-15T00:27:40.841183,clean,naive,{'bins': 5},5,0,2,0.0012218225747346878,0.018863444216549397,0.020766465924680233,5,5,9,0
2026-05-15T00:27:40.863304,clean,naive,{'bins': 5},5,1,2,0.0012354105710983276,0.018391506746411324,0.02031519915908575,5,5,9,0
2026-05-15T00:27:40.885582,clean,naive,{'bins': 5},5,2,2,0.0012368019670248032,0.018233980052173138,0.02015417441725731,5,5,9,0
2026-05-15T00:27:40.907490,clean,naive,{'bins': 5},5,3,2,0.001222795806825161,0.018353677354753017,0.02026119828224182,5,5,9,0
2026-05-15T00:27:40.929639,clean,naive,{'bins': 5},5,4,2,0.0012293579056859016,0.01838160865008831,0.020287105813622475,5,5,9,0
2026-05-15T00:27:40.953261,clean,naive,{'bins': 5},6,0,2,0.0014212876558303833,0.018795646727085114,0.02102330792695284,5,6,9,0
2026-05-15T00:27:40.976560,clean,naive,{'bins': 5},6,1,2,0.0014719730243086815,0.018680098466575146,0.020953046157956123,5,6,9,0
2026-05-15T00:27:40.999372,clean,naive,{'bins': 5},6,2,2,0.001486901193857193,0.01860265340656042,0.020894094370305538,5,6,9,0
2026-05-15T00:27:41.022064,clean,naive,{'bins': 5},6,3,2,0.0014605717733502388,0.018713831901550293,0.020979905501008034,5,6,9,0
2026-05-15T00:27:41.046100,clean,naive,{'bins': 5},6,4,2,0.0014471262693405151,0.018587435595691204,0.02084479294717312,5,6,9,0
2026-05-15T00:27:41.074672,clean,naive,{'bins': 5},7,0,2,0.001658562570810318,0.02327838260680437,0.025852855294942856,5,6,9,0
2026-05-15T00:27:41.102598,clean,naive,{'bins': 5},7,1,2,0.001717834733426571,0.02296507451683283,0.025639143772423267,5,6,9,0
2026-05-15T00:27:41.130340,clean,naive,{'bins': 5},7,2,2,0.0016831997781991959,0.022899690084159374,0.02550341933965683,5,6,9,0
2026-05-15T00:27:41.158164,clean,naive,{'bins': 5},7,3,2,0.0016877995803952217,0.02303479239344597,0.025656305253505707,5,6,9,0
2026-05-15T00:27:41.185844,clean,naive,{'bins': 5},7,4,2,0.0016800640150904655,0.02291805576533079,0.025520602241158485,5,6,9,0
2026-05-15T00:27:41.216709,clean,naive,{'bins': 5},8,0,2,0.0019029732793569565,0.02464723028242588,0.027782747521996498,5,6,9,0
2026-05-15T00:27:41.246795,clean,naive,{'bins': 5},8,1,2,0.0019157975912094116,0.024887602776288986,0.027843733318150043,5,6,9,0
2026-05-15T00:27:41.277088,clean,naive,{'bins': 5},8,2,2,0.001918652094900608,0.024946964345872402,0.02791870292276144,5,6,9,0
2026-05-15T00:27:41.307081,clean,naive,{'bins': 5},8,3,2,0.0019324682652950287,0.024767667055130005,0.02774378377944231,5,6,9,0
2026-05-15T00:27:41.337539,clean,naive,{'bins': 5},8,4,2,0.0019139628857374191,0.024790260009467602,0.027762499637901783,5,6,9,0
2026-05-15T00:27:41.376705,clean,naive,{'bins': 5},9,0,2,0.0022362172603607178,0.032119269482791424,0.035530323162674904,5,7,10,0
2026-05-15T00:27:41.414392,clean,naive,{'bins': 5},9,1,2,0.0021830275654792786,0.03199427388608456,0.03535787854343653,5,7,10,0
2026-05-15T00:27:41.451927,clean,naive,{'bins': 5},9,2,2,0.002258860506117344,0.031593150459229946,0.03504375834017992,5,7,10,0
2026-05-15T00:27:41.489709,clean,naive,{'bins': 5},9,3,2,0.002249002456665039,0.03169073536992073,0.035116526298224926,5,7,10,0
2026-05-15T00:27:41.527171,clean,naive,{'bins': 5},9,4,2,0.002250433899462223,0.03169125597923994,0.03511776775121689,5,7,10,0
2026-05-15T00:27:41.567377,clean,naive,{'bins': 5},10,0,2,0.0025071268901228905,0.03310543950647116,0.0370241766795516,5,6,9,0
2026-05-15T00:27:41.606809,clean,naive,{'bins': 5},10,1,2,0.002529248595237732,0.03275212645530701,0.036691813729703426,5,6,9,0
2026-05-15T00:27:41.646168,clean,naive,{'bins': 5},10,2,2,0.002477169968187809,0.03270732332020998,0.03660196345299482,5,6,9,0
2026-05-15T00:27:41.685377,clean,naive,{'bins': 5},10,3,2,0.002487519755959511,0.03271385561674833,0.03662573918700218,5,6,9,0
2026-05-15T00:27:41.724720,clean,naive,{'bins': 5},10,4,2,0.0025080880150198936,0.0326859625056386,0.036590130999684334,5,6,9,0
2026-05-15T00:27:41.771499,clean,naive,{'bins': 5},11,0,2,0.0027193455025553703,0.03882990777492523,0.043120503425598145,5,6,9,0
2026-05-15T00:27:41.817834,clean,naive,{'bins': 5},11,1,2,0.0027024541050195694,0.03913803584873676,0.043381502851843834,5,6,9,0
2026-05-15T00:27:41.864024,clean,naive,{'bins': 5},11,2,2,0.00271650031208992,0.038922881707549095,0.043163041584193707,5,6,9,0
2026-05-15T00:27:41.910209,clean,naive,{'bins': 5},11,3,2,0.0026925550773739815,0.03932011779397726,0.04354696348309517,5,6,9,0
2026-05-15T00:27:41.956467,clean,naive,{'bins': 5},11,4,2,0.002765973098576069,0.039121284149587154,0.043473695404827595,5,6,9,0
2026-05-15T00:27:42.007945,clean,naive,{'bins': 5},12,0,2,0.002975666895508766,0.042881112545728683,0.047531913965940475,5,6,9,0
2026-05-15T00:27:42.058268,clean,naive,{'bins': 5},12,1,2,0.0029834508895874023,0.042815910652279854,0.047456913627684116,5,6,9,0
2026-05-15T00:27:42.108298,clean,naive,{'bins': 5},12,2,2,0.002938646823167801,0.042452738620340824,0.04706273414194584,5,6,9,0
2026-05-15T00:27:42.158982,clean,naive,{'bins': 5},12,3,2,0.00296869408339262,0.04269049409776926,0.047319475561380386,5,6,9,0
2026-05-15T00:27:42.209251,clean,naive,{'bins': 5},12,4,2,0.002953183837234974,0.04235003609210253,0.04696937743574381,5,6,9,0
2026-05-15T00:27:42.259736,clean,naive,{'bins': 5},13,0,2,0.0031555844470858574,0.04128915350884199,0.04625706002116203,5,5,8,0
2026-05-15T00:27:42.308898,clean,naive,{'bins': 5},13,1,2,0.003213833086192608,0.04116007126867771,0.046191406436264515,5,5,8,0
2026-05-15T00:27:42.358864,clean,naive,{'bins': 5},13,2,2,0.003194456920027733,0.0418804045766592,0.04687759559601545,5,5,8,0
2026-05-15T00:27:42.409568,clean,naive,{'bins': 5},13,3,2,0.0038107139989733696,0.04145653732120991,0.04750262852758169,5,5,8,0
2026-05-15T00:27:42.459545,clean,naive,{'bins': 5},13,4,2,0.0033559296280145645,0.04168903548270464,0.046878387220203876,5,5,8,0
2026-05-15T00:27:42.517592,clean,naive,{'bins': 5},14,0,2,0.0035102199763059616,0.048284376971423626,0.05374559946358204,5,7,10,0
2026-05-15T00:27:42.575066,clean,naive,{'bins': 5},14,1,2,0.0035305991768836975,0.04833831824362278,0.05393986403942108,5,7,10,0
2026-05-15T00:27:42.632072,clean,naive,{'bins': 5},14,2,2,0.0034846123307943344,0.04804699122905731,0.0534496046602726,5,7,10,0
2026-05-15T00:27:42.689225,clean,naive,{'bins': 5},14,3,2,0.0036338716745376587,0.04814248904585838,0.05368575640022755,5,7,10,0
2026-05-15T00:27:42.746467,clean,naive,{'bins': 5},14,4,2,0.003480474464595318,0.048345912247896194,0.05376636888831854,5,7,10,0
2026-05-15T00:27:42.811840,clean,naive,{'bins': 5},15,0,2,0.0038468418642878532,0.055064124055206776,0.06098646204918623,5,7,10,0
2026-05-15T00:27:42.876216,clean,naive,{'bins': 5},15,1,2,0.003775808960199356,0.05495505966246128,0.06094345264136791,5,7,10,0
2026-05-15T00:27:42.940903,clean,naive,{'bins': 5},15,2,2,0.00372212752699852,0.05526985041797161,0.06109837256371975,5,7,10,0
2026-05-15T00:27:43.005372,clean,naive,{'bins': 5},15,3,2,0.0038826484233140945,0.054949999786913395,0.06089642271399498,5,7,10,0
2026-05-15T00:27:43.069917,clean,naive,{'bins': 5},15,4,2,0.003737666644155979,0.055046181194484234,0.061009395867586136,5,7,10,0
2026-05-15T00:27:43.140075,clean,naive,{'bins': 5},16,0,2,0.004012152552604675,0.05910478066653013,0.06533785164356232,5,7,10,0
2026-05-15T00:27:43.209287,clean,naive,{'bins': 5},16,1,2,0.004013685509562492,0.059122744016349316,0.06534684915095568,5,7,10,0
2026-05-15T00:27:43.278257,clean,naive,{'bins': 5},16,2,2,0.004179195500910282,0.05869160406291485,0.06505385786294937,5,7,10,0
2026-05-15T00:27:43.348149,clean,naive,{'bins': 5},16,3,2,0.003978217951953411,0.05929852370172739,0.06560089625418186,5,7,10,0
2026-05-15T00:27:43.416961,clean,naive,{'bins': 5},16,4,2,0.003992144018411636,0.05884047318249941,0.06503986101597548,5,7,10,0
2026-05-15T00:27:43.488743,clean,naive,{'bins': 5},17,0,2,0.004237825982272625,0.060557096265256405,0.0671688700094819,5,7,10,0
2026-05-15T00:27:43.560083,clean,naive,{'bins': 5},17,1,2,0.0043460289016366005,0.060456717386841774,0.0671317083761096,5,7,10,0
2026-05-15T00:27:43.631383,clean,naive,{'bins': 5},17,2,2,0.004301886074244976,0.06043770257383585,0.0670623192563653,5,7,10,0
2026-05-15T00:27:43.702331,clean,naive,{'bins': 5},17,3,2,0.004247204400599003,0.060252764262259007,0.06697223987430334,5,7,10,0
2026-05-15T00:27:43.773875,clean,naive,{'bins': 5},17,4,2,0.004299011081457138,0.060476986691355705,0.06724326033145189,5,7,10,0
2026-05-15T00:27:43.857294,clean,naive,{'bins': 5},18,0,2,0.0044424887746572495,0.07159710302948952,0.07853183150291443,5,7,10,0
2026-05-15T00:27:43.941225,clean,naive,{'bins': 5},18,1,2,0.004521429538726807,0.07253372017294168,0.0795204471796751,5,7,10,0
2026-05-15T00:27:44.026557,clean,naive,{'bins': 5},18,2,2,0.0056431833654642105,0.07161894347518682,0.0803803214803338,5,7,10,0
2026-05-15T00:27:44.219253,clean,naive,{'bins': 5},18,3,2,0.007185119204223156,0.17692045960575342,0.1879229163751006,5,7,10,0
2026-05-15T00:27:44.303584,clean,naive,{'bins': 5},18,4,2,0.00507695134729147,0.07200671173632145,0.07982214353978634,5,7,10,0
2026-05-15T00:27:44.394112,clean,naive,{'bins': 5},19,0,2,0.007325451821088791,0.07434005104005337,0.08503551967442036,5,7,10,0
2026-05-15T00:27:44.480594,clean,naive,{'bins': 5},19,1,2,0.005123899318277836,0.07419801503419876,0.08216480165719986,5,7,10,0
2026-05-15T00:27:44.566762,clean,naive,{'bins': 5},19,2,2,0.004825900308787823,0.07434898894280195,0.08192527294158936,5,7,10,0
2026-05-15T00:27:44.653315,clean,naive,{'bins': 5},19,3,2,0.004874030128121376,0.07410317752510309,0.08177292626351118,5,7,10,0
2026-05-15T00:27:44.739698,clean,naive,{'bins': 5},19,4,2,0.0049224309623241425,0.0740590151399374,0.08174884226173162,5,7,10,0
2026-05-15T00:27:44.831667,clean,naive,{'bins': 5},20,0,2,0.0051645552739501,0.07820376753807068,0.08637273218482733,5,7,10,0
2026-05-15T00:27:44.922124,clean,naive,{'bins': 5},20,1,2,0.005208778195083141,0.07779955584555864,0.08596241939812899,5,7,10,0
2026-05-15T00:27:45.012961,clean,naive,{'bins': 5},20,2,2,0.005072913132607937,0.07807152718305588,0.08609911799430847,5,7,10,0
2026-05-15T00:27:45.103856,clean,naive,{'bins': 5},20,3,2,0.005021275952458382,0.07820891495794058,0.08605481404811144,5,7,10,0
2026-05-15T00:27:45.194507,clean,naive,{'bins': 5},20,4,2,0.004880812950432301,0.07841079402714968,0.08574221655726433,5,7,10,0
2026-05-15T00:27:45.304831,clean,naive,{'bins': 5},21,0,2,0.005249885842204094,0.0965385353192687,0.10438403487205505,5,7,10,0
2026-05-15T00:27:45.414239,clean,naive,{'bins': 5},21,1,2,0.009875249117612839,0.09032766707241535,0.10331855528056622,5,7,10,0
2026-05-15T00:27:45.521210,clean,naive,{'bins': 5},21,2,2,0.0073152026161551476,0.08997088577598333,0.10124412924051285,5,7,10,0
2026-05-15T00:27:45.626811,clean,naive,{'bins': 5},21,3,2,0.00753093883395195,0.08883431274443865,0.10026572365313768,5,7,10,0
2026-05-15T00:27:45.732677,clean,naive,{'bins': 5},21,4,2,0.007909027859568596,0.08915936294943094,0.10059837810695171,5,7,10,0
2026-05-15T00:27:45.844319,clean,naive,{'bins': 5},22,0,2,0.008033622056245804,0.09307791013270617,0.10445155203342438,5,7,10,0
2026-05-15T00:27:45.954390,clean,naive,{'bins': 5},22,1,2,0.008129402063786983,0.09320871625095606,0.104668740183115,5,7,10,0
2026-05-15T00:27:46.065166,clean,naive,{'bins': 5},22,2,2,0.008142196573317051,0.09318005107343197,0.1054485933855176,5,7,10,0
2026-05-15T00:27:46.175645,clean,naive,{'bins': 5},22,3,2,0.008102781139314175,0.09299072530120611,0.10481943190097809,5,7,10,0
2026-05-15T00:27:46.286140,clean,naive,{'bins': 5},22,4,2,0.008219942450523376,0.09285908937454224,0.10441310051828623,5,7,10,0
2026-05-15T00:27:46.398926,clean,naive,{'bins': 5},23,0,2,0.00828778836876154,0.0943567305803299,0.10605460125952959,5,7,10,0
2026-05-15T00:27:46.511811,clean,naive,{'bins': 5},23,1,2,0.008126204833388329,0.09472902026027441,0.10725485533475876,5,7,10,0
2026-05-15T00:27:46.623246,clean,naive,{'bins': 5},23,2,2,0.008204092271625996,0.09406241774559021,0.10581064317375422,5,7,10,0
2026-05-15T00:27:46.734597,clean,naive,{'bins': 5},23,3,2,0.00813725683838129,0.0942969685420394,0.10567416716367006,5,7,10,0
2026-05-15T00:27:46.846541,clean,naive,{'bins': 5},23,4,2,0.007974912412464619,0.09402250312268734,0.10629545338451862,5,7,10,0
2026-05-15T00:27:46.967001,clean,naive,{'bins': 5},24,0,2,0.008298849686980247,0.10139901097863913,0.11321681644767523,5,7,10,0
2026-05-15T00:27:47.082788,clean,naive,{'bins': 5},24,1,2,0.007592754438519478,0.09902741946280003,0.10973960999399424,5,7,10,0
2026-05-15T00:27:47.196585,clean,naive,{'bins': 5},24,2,2,0.005699259229004383,0.09898091107606888,0.10776196606457233,5,7,10,0
2026-05-15T00:27:47.309730,clean,naive,{'bins': 5},24,3,2,0.00582586694508791,0.09866936597973108,0.10734476242214441,5,7,10,0
2026-05-15T00:27:47.422732,clean,naive,{'bins': 5},24,4,2,0.005805769935250282,0.09857463836669922,0.107422168366611,5,7,10,0
2026-05-15T00:27:47.546007,clean,naive,{'bins': 5},25,0,2,0.006027786992490292,0.1067888792604208,0.11580640822649002,5,7,10,0
2026-05-15T00:27:47.668659,clean,naive,{'bins': 5},25,1,2,0.005954469554126263,0.10753091145306826,0.11664167698472738,5,7,10,0
2026-05-15T00:27:47.790188,clean,naive,{'bins': 5},25,2,2,0.005957995541393757,0.10663094464689493,0.1155826598405838,5,7,10,0
2026-05-15T00:27:47.911611,clean,naive,{'bins': 5},25,3,2,0.005852187052369118,0.10646795853972435,0.11538058053702116,5,7,10,0
2026-05-15T00:27:48.033198,clean,naive,{'bins': 5},25,4,2,0.005986077710986137,0.10662256740033627,0.11567893903702497,5,7,10,0
2026-05-15T00:27:48.159710,clean,naive,{'bins': 5},26,0,2,0.006236477755010128,0.11025333311408758,0.1195834493264556,5,7,10,0
2026-05-15T00:27:48.285104,clean,naive,{'bins': 5},26,1,2,0.006188458763062954,0.10950134135782719,0.1190300602465868,5,7,10,0
2026-05-15T00:27:48.410009,clean,naive,{'bins': 5},26,2,2,0.006176014430820942,0.10953695885837078,0.11884115543216467,5,7,10,0
2026-05-15T00:27:48.535422,clean,naive,{'bins': 5},26,3,2,0.006207304075360298,0.10975316446274519,0.11915360298007727,5,7,10,0
2026-05-15T00:27:48.660745,clean,naive,{'bins': 5},26,4,2,0.00627457071095705,0.10983595997095108,0.11925121676176786,5,7,10,0
2026-05-15T00:27:48.798060,clean,naive,{'bins': 5},27,0,2,0.00645347498357296,0.12064247857779264,0.13034634571522474,5,7,10,0
2026-05-15T00:27:49.055190,clean,naive,{'bins': 5},27,1,2,0.1268795169889927,0.12037788052111864,0.2507113916799426,5,7,10,0
2026-05-15T00:27:49.195135,clean,naive,{'bins': 5},27,2,2,0.006540779955685139,0.12385685183107853,0.13367892242968082,5,7,10,0
2026-05-15T00:27:49.333817,clean,naive,{'bins': 5},27,3,2,0.007598233409225941,0.12085794191807508,0.13206481095403433,5,7,10,0
2026-05-15T00:27:49.470535,clean,naive,{'bins': 5},27,4,2,0.00646166130900383,0.12060406524688005,0.1304674530401826,5,7,10,0
2026-05-15T00:27:49.677757,clean,naive,{'bins': 5},28,0,2,0.006776981987059116,0.17373329773545265,0.18395594879984856,5,7,10,0
2026-05-15T00:27:49.823150,clean,naive,{'bins': 5},28,1,2,0.00670231319963932,0.12890029046684504,0.13901588134467602,5,7,10,0
2026-05-15T00:27:49.969291,clean,naive,{'bins': 5},28,2,2,0.006650195457041264,0.12941569834947586,0.13957747537642717,5,7,10,0
2026-05-15T00:27:50.115699,clean,naive,{'bins': 5},28,3,2,0.006765531376004219,0.12969928979873657,0.13991613127291203,5,7,10,0
2026-05-15T00:27:50.262217,clean,naive,{'bins': 5},28,4,2,0.006722450256347656,0.12961005233228207,0.13983244355767965,5,7,10,0
2026-05-15T00:27:50.414353,clean,naive,{'bins': 5},29,0,2,0.006949055939912796,0.13426937069743872,0.144793969579041,5,7,10,0
2026-05-15T00:27:50.565994,clean,naive,{'bins': 5},29,1,2,0.00688579585403204,0.13416022527962923,0.14470577239990234,5,7,10,0
2026-05-15T00:27:50.718006,clean,naive,{'bins': 5},29,2,2,0.006895555183291435,0.13456558715552092,0.145118597894907,5,7,10,0
2026-05-15T00:27:50.869952,clean,naive,{'bins': 5},29,3,2,0.006960498169064522,0.13411941938102245,0.14471103344112635,5,7,10,0
2026-05-15T00:27:51.021605,clean,naive,{'bins': 5},29,4,2,0.007010611705482006,0.13427032250910997,0.1449483586475253,5,7,10,0
2026-05-15T00:27:51.176441,clean,naive,{'bins': 5},30,0,2,0.007249319925904274,0.13604361098259687,0.14707931876182556,5,7,10,0
2026-05-15T00:27:51.330829,clean,naive,{'bins': 5},30,1,2,0.007276981137692928,0.13608955685049295,0.14721102640032768,5,7,10,0
2026-05-15T00:27:51.484577,clean,naive,{'bins': 5},30,2,2,0.007189356721937656,0.13603928312659264,0.14693049993366003,5,7,10,0
2026-05-15T00:27:51.639088,clean,naive,{'bins': 5},30,3,2,0.007288702763617039,0.1362914964556694,0.1472684033215046,5,7,10,0
2026-05-15T00:27:51.792986,clean,naive,{'bins': 5},30,4,2,0.007228760980069637,0.13598524034023285,0.14691166393458843,5,7,10,0
2026-05-15T00:27:51.954948,clean,naive,{'bins': 5},31,0,2,0.007411593571305275,0.14206121861934662,0.1534532643854618,5,7,10,0
2026-05-15T00:27:52.116593,clean,naive,{'bins': 5},31,1,2,0.007462729699909687,0.1427710009738803,0.15417316649109125,5,7,10,0
2026-05-15T00:27:52.278445,clean,naive,{'bins': 5},31,2,2,0.00876595638692379,0.14160748664289713,0.1543391477316618,5,7,10,0
2026-05-15T00:27:52.438594,clean,naive,{'bins': 5},31,3,2,0.007531539537012577,0.14138164278119802,0.15277219656854868,5,7,10,0
2026-05-15T00:27:52.599004,clean,naive,{'bins': 5},31,4,2,0.00748173613101244,0.14167921990156174,0.15298332180827856,5,7,10,0
2026-05-15T00:27:52.763814,clean,naive,{'bins': 5},32,0,2,0.007714161649346352,0.14465390611439943,0.1563613247126341,5,7,10,0
2026-05-15T00:27:52.927252,clean,naive,{'bins': 5},32,1,2,0.007676109671592712,0.14428125601261854,0.1559411147609353,5,7,10,0
2026-05-15T00:27:53.090981,clean,naive,{'bins': 5},32,2,2,0.007655612193048,0.14462781604379416,0.1562154507264495,5,7,10,0
2026-05-15T00:27:53.255449,clean,naive,{'bins': 5},32,3,2,0.00771635677665472,0.1451941691339016,0.15687540918588638,5,7,10,0
2026-05-15T00:27:53.418798,clean,naive,{'bins': 5},32,4,2,0.0074986983090639114,0.14415224269032478,0.1556180091574788,5,7,10,0
2026-05-15T00:27:53.655554,clean,naive,{'bins': 5},33,0,2,0.007836582139134407,0.15613762475550175,0.22788284439593554,5,7,10,0
2026-05-15T00:27:53.832344,clean,naive,{'bins': 5},33,1,2,0.007890843786299229,0.15657725930213928,0.16856568679213524,5,7,10,0
2026-05-15T00:27:54.008766,clean,naive,{'bins': 5},33,2,2,0.007899228483438492,0.15652311872690916,0.16848307102918625,5,7,10,0
2026-05-15T00:27:54.184907,clean,naive,{'bins': 5},33,3,2,0.007926280610263348,0.1563935950398445,0.16841552406549454,5,7,10,0
2026-05-15T00:27:54.361909,clean,naive,{'bins': 5},33,4,2,0.00788980070501566,0.15676760766655207,0.1687621148303151,5,7,10,0
2026-05-15T00:27:54.546486,clean,naive,{'bins': 5},34,0,2,0.008328585885465145,0.1633469583466649,0.17591191735118628,5,7,10,0
2026-05-15T00:27:54.730772,clean,naive,{'bins': 5},34,1,2,0.008273933082818985,0.16341160889714956,0.17608116380870342,5,7,10,0
2026-05-15T00:27:54.914598,clean,naive,{'bins': 5},34,2,2,0.008209822699427605,0.163110694848001,0.1756284348666668,5,7,10,0
2026-05-15T00:27:55.099271,clean,naive,{'bins': 5},34,3,2,0.008319257758557796,0.16370789613574743,0.1764469314366579,5,7,10,0
2026-05-15T00:27:55.283487,clean,naive,{'bins': 5},34,4,2,0.008248585276305676,0.16319768875837326,0.17575854901224375,5,7,10,0
2026-05-15T00:27:55.479577,clean,naive,{'bins': 5},35,0,2,0.008361558429896832,0.17406231444329023,0.18689319398254156,5,7,10,0
2026-05-15T00:27:55.674801,clean,naive,{'bins': 5},35,1,2,0.008565892465412617,0.17341708298772573,0.18636429030448198,5,7,10,0
2026-05-15T00:27:55.869546,clean,naive,{'bins': 5},35,2,2,0.008551604114472866,0.17316751554608345,0.18625690881162882,5,7,10,0
2026-05-15T00:27:56.064262,clean,naive,{'bins': 5},35,3,2,0.008511118590831757,0.1731522772461176,0.18612672481685877,5,7,10,0
2026-05-15T00:27:56.260004,clean,naive,{'bins': 5},35,4,2,0.008537168614566326,0.17413447983562946,0.18709785677492619,5,7,10,0
2026-05-15T00:27:56.458556,clean,naive,{'bins': 5},36,0,2,0.00872095301747322,0.17543863039463758,0.1887488281354308,5,7,10,0
2026-05-15T00:27:56.657014,clean,naive,{'bins': 5},36,1,2,0.008719068951904774,0.17645058780908585,0.1897229552268982,5,7,10,0
2026-05-15T00:27:56.855335,clean,naive,{'bins': 5},36,2,2,0.008693261072039604,0.17606187891215086,0.18928244896233082,5,7,10,0
2026-05-15T00:27:57.053100,clean,naive,{'bins': 5},36,3,2,0.008597861044108868,0.17606285121291876,0.18914330750703812,5,7,10,0
2026-05-15T00:27:57.251106,clean,naive,{'bins': 5},36,4,2,0.00870533287525177,0.17619426734745502,0.18939135316759348,5,7,10,0
2026-05-15T00:27:57.465159,clean,naive,{'bins': 5},37,0,2,0.008803987875580788,0.19112334493547678,0.20447189453989267,5,7,10,0
2026-05-15T00:27:57.678312,clean,naive,{'bins': 5},37,1,2,0.008912021294236183,0.19049013778567314,0.20397440157830715,5,7,10,0
2026-05-15T00:27:57.891983,clean,naive,{'bins': 5},37,2,2,0.008875653147697449,0.19119723234325647,0.20463644340634346,5,7,10,0
2026-05-15T00:27:58.107261,clean,naive,{'bins': 5},37,3,2,0.00875766109675169,0.19220552686601877,0.2055626129731536,5,7,10,0
2026-05-15T00:27:58.321415,clean,naive,{'bins': 5},37,4,2,0.008945983834564686,0.19162100832909346,0.20510778669267893,5,7,10,0
2026-05-15T00:27:58.545795,clean,naive,{'bins': 5},38,0,2,0.008966824039816856,0.20048762578517199,0.2141369702294469,5,7,10,0
2026-05-15T00:27:58.773599,clean,naive,{'bins': 5},38,1,2,0.00932028703391552,0.20441579818725586,0.21846955176442862,5,7,10,0
2026-05-15T00:27:58.999089,clean,naive,{'bins': 5},38,2,2,0.010186223313212395,0.20079002249985933,0.21580748539417982,5,7,10,0
2026-05-15T00:27:59.223007,clean,naive,{'bins': 5},38,3,2,0.009197806939482689,0.20029824879020452,0.21427797432988882,5,7,10,0
2026-05-15T00:27:59.446589,clean,naive,{'bins': 5},38,4,2,0.009282186627388,0.2001739451661706,0.21430090721696615,5,7,10,0
2026-05-15T00:27:59.742325,clean,naive,{'bins': 5},39,0,2,0.07054719235748053,0.20971634052693844,0.2851404771208763,5,7,10,0
2026-05-15T00:27:59.977187,clean,naive,{'bins': 5},39,1,2,0.0096448278054595,0.21043699234724045,0.22512162104249,5,7,10,0
2026-05-15T00:28:00.212236,clean,naive,{'bins': 5},39,2,2,0.00957382284104824,0.21091667469590902,0.22534474078565836,5,7,10,0
2026-05-15T00:28:00.446211,clean,naive,{'bins': 5},39,3,2,0.009510013274848461,0.21009087469428778,0.2244616523385048,5,7,10,0
2026-05-15T00:28:00.680693,clean,naive,{'bins': 5},39,4,2,0.00962329562753439,0.2103682328015566,0.22498114686459303,5,7,10,0
2026-05-15T00:28:00.922412,clean,naive,{'bins': 5},40,0,2,0.00978523027151823,0.21639467682689428,0.23122987803071737,5,7,10,0
2026-05-15T00:28:01.164425,clean,naive,{'bins': 5},40,1,2,0.009864089079201221,0.21650591772049665,0.23164879623800516,5,7,10,0
2026-05-15T00:28:01.405776,clean,naive,{'bins': 5},40,2,2,0.009625018574297428,0.2169022001326084,0.23160864878445864,5,7,10,0
2026-05-15T00:28:01.646986,clean,naive,{'bins': 5},40,3,2,0.009771855548024178,0.21632575802505016,0.23121999017894268,5,7,10,0
2026-05-15T00:28:01.889612,clean,naive,{'bins': 5},40,4,2,0.009869118221104145,0.21746491640806198,0.23264399357140064,5,7,10,0
2026-05-15T00:28:02.141303,clean,naive,{'bins': 5},41,0,2,0.009870900772511959,0.22558438125997782,0.2407187530770898,5,7,10,0
2026-05-15T00:28:02.393380,clean,naive,{'bins': 5},41,1,2,0.009998549707233906,0.22626608982682228,0.241479710675776,5,7,10,0
2026-05-15T00:28:02.644507,clean,naive,{'bins': 5},41,2,2,0.009989364072680473,0.2257423670962453,0.2409185478463769,5,7,10,0
2026-05-15T00:28:02.938504,clean,naive,{'bins': 5},41,3,2,0.053844534792006016,0.2250690432265401,0.28420534171164036,5,7,10,0
2026-05-15T00:28:03.189460,clean,naive,{'bins': 5},41,4,2,0.010233721695840359,0.22556495293974876,0.2410952989012003,5,7,10,0
2026-05-15T00:28:03.444975,clean,naive,{'bins': 5},42,0,2,0.010408860631287098,0.2286178544163704,0.24449034221470356,5,7,10,0
2026-05-15T00:28:03.702139,clean,naive,{'bins': 5},42,1,2,0.010176134295761585,0.23150290176272392,0.2469604704529047,5,7,10,0
2026-05-15T00:28:03.959380,clean,naive,{'bins': 5},42,2,2,0.011726914905011654,0.2282056612893939,0.2456143330782652,5,7,10,0
2026-05-15T00:28:04.213779,clean,naive,{'bins': 5},42,3,2,0.01040918193757534,0.22831357456743717,0.24403400719165802,5,7,10,0
2026-05-15T00:28:04.468133,clean,naive,{'bins': 5},42,4,2,0.01023530401289463,0.22788629215210676,0.24345500953495502,5,7,10,0
2026-05-15T00:28:04.737306,clean,naive,{'bins': 5},43,0,2,0.01043453998863697,0.24077862408012152,0.25672613363713026,5,7,10,0
2026-05-15T00:28:05.005423,clean,naive,{'bins': 5},43,1,2,0.01056100707501173,0.24126160144805908,0.2573390146717429,5,7,10,0
2026-05-15T00:28:05.274034,clean,naive,{'bins': 5},43,2,2,0.010518215596675873,0.24205637257546186,0.25804115179926157,5,7,10,0
2026-05-15T00:28:05.542300,clean,naive,{'bins': 5},43,3,2,0.010522364638745785,0.24171148613095284,0.2577366214245558,5,7,10,0
2026-05-15T00:28:05.809879,clean,naive,{'bins': 5},43,4,2,0.010392570868134499,0.2410270506516099,0.2569396551698446,5,7,10,0
2026-05-15T00:28:06.086552,clean,naive,{'bins': 5},44,0,2,0.010724182240664959,0.24834907706826925,0.2646378353238106,5,7,10,0
2026-05-15T00:28:06.364821,clean,naive,{'bins': 5},44,1,2,0.010643841698765755,0.2505659582093358,0.26676599122583866,5,7,10,0
2026-05-15T00:28:06.704503,clean,naive,{'bins': 5},44,2,2,0.010771621949970722,0.3123003654181957,0.3286317056044936,5,7,10,0
2026-05-15T00:28:06.980960,clean,naive,{'bins': 5},44,3,2,0.01081080548465252,0.24878927506506443,0.2652164241299033,5,7,10,0
2026-05-15T00:28:07.257772,clean,naive,{'bins': 5},44,4,2,0.010781950317323208,0.2495224317535758,0.26586013194173574,5,7,10,0
2026-05-15T00:28:07.538548,clean,naive,{'bins': 5},45,0,2,0.010901535861194134,0.25207249727100134,0.2688160901889205,5,7,10,0
2026-05-15T00:28:07.818555,clean,naive,{'bins': 5},45,1,2,0.011184207163751125,0.2514739539474249,0.2687384858727455,5,7,10,0
2026-05-15T00:28:08.098033,clean,naive,{'bins': 5},45,2,2,0.01120124850422144,0.2511500455439091,0.2681479463353753,5,7,10,0
2026-05-15T00:28:08.378925,clean,naive,{'bins': 5},45,3,2,0.01120206993073225,0.25214986130595207,0.2692256886512041,5,7,10,0
2026-05-15T00:28:08.660011,clean,naive,{'bins': 5},45,4,2,0.011381447315216064,0.2522617317736149,0.26960621401667595,5,7,10,0
2026-05-15T00:28:08.946223,clean,naive,{'bins': 5},46,0,2,0.011321894824504852,0.2564485529437661,0.27374507393687963,5,7,10,0
2026-05-15T00:28:09.230772,clean,naive,{'bins': 5},46,1,2,0.011398008093237877,0.2556322496384382,0.27313412725925446,5,7,10,0
2026-05-15T00:28:09.515197,clean,naive,{'bins': 5},46,2,2,0.011362842284142971,0.2554340083152056,0.27274150028824806,5,7,10,0
2026-05-15T00:28:09.800524,clean,naive,{'bins': 5},46,3,2,0.011272983625531197,0.25627752114087343,0.27343531232327223,5,7,10,0
2026-05-15T00:28:10.090275,clean,naive,{'bins': 5},46,4,2,0.011420500464737415,0.26082190312445164,0.2782034846022725,5,7,10,0
2026-05-15T00:28:10.387741,clean,naive,{'bins': 5},47,0,2,0.012772158719599247,0.26533996500074863,0.2842683717608452,5,7,10,0
2026-05-15T00:28:10.682440,clean,naive,{'bins': 5},47,1,2,0.011395593173801899,0.26544665545225143,0.28281464148312807,5,7,10,0
2026-05-15T00:28:10.979494,clean,naive,{'bins': 5},47,2,2,0.01163287740200758,0.2671064203605056,0.28462779335677624,5,7,10,0
2026-05-15T00:28:11.274825,clean,naive,{'bins': 5},47,3,2,0.011540364474058151,0.2658272897824645,0.2832449683919549,5,7,10,0
2026-05-15T00:28:11.569091,clean,naive,{'bins': 5},47,4,2,0.011489199474453926,0.26513416785746813,0.2824719771742821,5,7,10,0
2026-05-15T00:28:11.879513,clean,naive,{'bins': 5},48,0,2,0.011802286840975285,0.27886598836630583,0.29710823483765125,5,7,10,0
2026-05-15T00:28:12.186867,clean,naive,{'bins': 5},48,1,2,0.011643528938293457,0.27748262137174606,0.2950115893036127,5,7,10,0
2026-05-15T00:28:12.495454,clean,naive,{'bins': 5},48,2,2,0.011426831595599651,0.27866659313440323,0.2960091605782509,5,7,10,0
2026-05-15T00:28:12.803387,clean,naive,{'bins': 5},48,3,2,0.011638680472970009,0.2783757671713829,0.2958808811381459,5,7,10,0
2026-05-15T00:28:13.172583,clean,naive,{'bins': 5},48,4,2,0.07218421529978514,0.2786184847354889,0.3568367576226592,5,7,10,0
2026-05-15T00:28:13.489435,clean,naive,{'bins': 5},49,0,2,0.011841901578009129,0.2856381619349122,0.30370180401951075,5,7,10,0
2026-05-15T00:28:13.805433,clean,naive,{'bins': 5},49,1,2,0.012038680724799633,0.28527082223445177,0.3037880165502429,5,7,10,0
2026-05-15T00:28:14.121041,clean,naive,{'bins': 5},49,2,2,0.01184175070375204,0.2852031150832772,0.3033507540822029,5,7,10,0
2026-05-15T00:28:14.436042,clean,naive,{'bins': 5},49,3,2,0.012032968923449516,0.28403307870030403,0.30235004518181086,5,7,10,0
2026-05-15T00:28:14.752701,clean,naive,{'bins': 5},49,4,2,0.01188078336417675,0.28608345706015825,0.30440227780491114,5,7,10,0
2026-05-15T00:28:15.083983,clean,naive,{'bins': 5},50,0,2,0.012230771593749523,0.2993719354271889,0.3180453022941947,5,7,10,0
2026-05-15T00:28:15.415096,clean,naive,{'bins': 5},50,1,2,0.012390060350298882,0.29965734109282494,0.3184564337134361,5,7,10,0
2026-05-15T00:28:15.747969,clean,naive,{'bins': 5},50,2,2,0.012425255961716175,0.3009707676246762,0.32006603572517633,5,7,10,0
2026-05-15T00:28:16.081652,clean,naive,{'bins': 5},50,3,2,0.012544992379844189,0.30174195393919945,0.32091839518398046,5,7,10,0
2026-05-15T00:28:16.413111,clean,naive,{'bins': 5},50,4,2,0.012291476130485535,0.29984046425670385,0.31861373875290155,5,7,10,0
2026-05-15T00:28:16.749022,clean,naive,{'bins': 5},51,0,2,0.012517129071056843,0.3030599392950535,0.3221526527777314,5,7,10,0
2026-05-15T00:28:17.083527,clean,naive,{'bins': 5},51,1,2,0.012622506357729435,0.3021073406562209,0.3215641472488642,5,7,10,0
2026-05-15T00:28:17.418518,clean,naive,{'bins': 5},51,2,2,0.012333745136857033,0.30295058339834213,0.3218862721696496,5,7,10,0
2026-05-15T00:28:17.798767,clean,naive,{'bins': 5},51,3,2,0.012623747810721397,0.34802633710205555,0.36742010433226824,5,7,10,0
2026-05-15T00:28:18.136694,clean,naive,{'bins': 5},51,4,2,0.012560420669615269,0.3056656299158931,0.32483456656336784,5,7,10,0
2026-05-15T00:28:18.475659,clean,naive,{'bins': 5},52,0,2,0.013972521759569645,0.30360310804098845,0.32460783142596483,5,7,10,0
2026-05-15T00:28:18.812675,clean,naive,{'bins': 5},52,1,2,0.01310439221560955,0.3039640560746193,0.32383686397224665,5,7,10,0
2026-05-15T00:28:19.148939,clean,naive,{'bins': 5},52,2,2,0.012862137518823147,0.303272258490324,0.32292413152754307,5,7,10,0
2026-05-15T00:28:19.486688,clean,naive,{'bins': 5},52,3,2,0.012868829071521759,0.30434432066977024,0.32402744237333536,5,7,10,0
2026-05-15T00:28:19.824580,clean,naive,{'bins': 5},52,4,2,0.012929904274642467,0.3045892296358943,0.32426262367516756,5,7,10,0
2026-05-15T00:28:20.158669,clean,naive,{'bins': 5},53,0,2,0.012996990233659744,0.2994547104462981,0.31925148610025644,5,7,10,0
2026-05-15T00:28:20.495224,clean,naive,{'bins': 5},53,1,2,0.013044477440416813,0.2991881798952818,0.3191414773464203,5,7,10,0
2026-05-15T00:28:20.827788,clean,naive,{'bins': 5},53,2,2,0.012911929748952389,0.29914720356464386,0.3188646696507931,5,7,10,0
2026-05-15T00:28:21.161227,clean,naive,{'bins': 5},53,3,2,0.013073413632810116,0.29947483725845814,0.31940096616744995,5,7,10,0
2026-05-15T00:28:21.502005,clean,naive,{'bins': 5},53,4,2,0.012837439775466919,0.3031802847981453,0.32281955424696207,5,7,10,0
2026-05-15T00:28:21.849340,clean,naive,{'bins': 5},54,0,2,0.012917219661176205,0.3123643845319748,0.33229741640388966,5,7,10,0
2026-05-15T00:28:22.195768,clean,naive,{'bins': 5},54,1,2,0.01316738035529852,0.3118784138932824,0.33221711684018373,5,7,10,0
2026-05-15T00:28:22.600181,clean,naive,{'bins': 5},54,2,2,0.07252003438770771,0.31087086256593466,0.39058492239564657,5,7,10,0
2026-05-15T00:28:22.947753,clean,naive,{'bins': 5},54,3,2,0.013305668719112873,0.3130003288388252,0.3334128996357322,5,7,10,0
2026-05-15T00:28:23.294897,clean,naive,{'bins': 5},54,4,2,0.013437377288937569,0.3118979800492525,0.3325928319245577,5,7,10,0
2026-05-15T00:28:23.654535,clean,naive,{'bins': 5},55,0,2,0.013403793796896935,0.32383745443075895,0.344313976354897,5,7,10,0
2026-05-15T00:28:24.013517,clean,naive,{'bins': 5},55,1,2,0.013676585629582405,0.32363987527787685,0.3444078043103218,5,7,10,0
2026-05-15T00:28:24.375381,clean,naive,{'bins': 5},55,2,2,0.01369886752218008,0.3260737843811512,0.3472334574908018,5,7,10,0
2026-05-15T00:28:24.736642,clean,naive,{'bins': 5},55,3,2,0.01343866903334856,0.32500333432108164,0.3457624055445194,5,7,10,0
2026-05-15T00:28:25.098272,clean,naive,{'bins': 5},55,4,2,0.013560779392719269,0.325877514667809,0.3466113796457648,5,7,10,0
2026-05-15T00:28:25.469447,clean,naive,{'bins': 5},56,0,2,0.01363532803952694,0.3345888499170542,0.35567003581672907,5,7,10,0
2026-05-15T00:28:25.840322,clean,naive,{'bins': 5},56,1,2,0.013819843530654907,0.3349857535213232,0.35635261610150337,5,7,10,0
2026-05-15T00:28:26.211371,clean,naive,{'bins': 5},56,2,2,0.01371742133051157,0.3348945928737521,0.35612089186906815,5,7,10,0
2026-05-15T00:28:26.583394,clean,naive,{'bins': 5},56,3,2,0.013639505952596664,0.3362981593236327,0.35723762959241867,5,7,10,0
2026-05-15T00:28:26.952901,clean,naive,{'bins': 5},56,4,2,0.013583991676568985,0.333720869384706,0.35458493884652853,5,7,10,0
2026-05-15T00:28:27.330457,clean,naive,{'bins': 5},57,0,2,0.0136885279789567,0.340475769713521,0.36144427582621574,5,7,10,0
2026-05-15T00:28:27.749896,clean,naive,{'bins': 5},57,1,2,0.059364587999880314,0.3377644596621394,0.4045194126665592,5,7,10,0
2026-05-15T00:28:28.124731,clean,naive,{'bins': 5},57,2,2,0.014051860198378563,0.3385588126257062,0.3599264472723007,5,7,10,0
2026-05-15T00:28:28.500069,clean,naive,{'bins': 5},57,3,2,0.013889404013752937,0.33878604881465435,0.3600647859275341,5,7,10,0
2026-05-15T00:28:28.879314,clean,naive,{'bins': 5},57,4,2,0.01418236643075943,0.34270245116204023,0.36419493053108454,5,7,10,0
2026-05-15T00:28:29.272469,clean,naive,{'bins': 5},58,0,2,0.015917262062430382,0.3525407910346985,0.37619605008512735,5,7,10,0
2026-05-15T00:28:29.664447,clean,naive,{'bins': 5},58,1,2,0.014536280184984207,0.35403057746589184,0.37640194594860077,5,7,10,0
2026-05-15T00:28:30.055706,clean,naive,{'bins': 5},58,2,2,0.014443425461649895,0.3534418335184455,0.37540088780224323,5,7,10,0
2026-05-15T00:28:30.447152,clean,naive,{'bins': 5},58,3,2,0.014472260139882565,0.35405009519308805,0.37609383929520845,5,7,10,0
2026-05-15T00:28:30.838402,clean,naive,{'bins': 5},58,4,2,0.01421472616493702,0.35287031158804893,0.3746155835688114,5,7,10,0
2026-05-15T00:28:31.243074,clean,naive,{'bins': 5},59,0,2,0.014277524314820766,0.3656576154753566,0.3876290237531066,5,7,10,0
2026-05-15T00:28:31.642412,clean,naive,{'bins': 5},59,1,2,0.014569462276995182,0.36109440959990025,0.383298865519464,5,7,10,0
2026-05-15T00:28:32.102862,clean,naive,{'bins': 5},59,2,2,0.014258298091590405,0.4229631684720516,0.44475145265460014,5,7,10,0
2026-05-15T00:28:32.503966,clean,naive,{'bins': 5},59,3,2,0.014203302562236786,0.3624646319076419,0.3844642313197255,5,7,10,0
2026-05-15T00:28:32.905094,clean,naive,{'bins': 5},59,4,2,0.014650664292275906,0.36202580761164427,0.3845083052292466,5,7,10,0
2026-05-15T00:28:33.295251,clean,naive,{'bins': 5},60,0,2,0.014604327268898487,0.35080235730856657,0.37342819292098284,5,7,10,0
2026-05-15T00:28:33.683980,clean,naive,{'bins': 5},60,1,2,0.01477022934705019,0.3500314401462674,0.37265061400830746,5,7,10,0
2026-05-15T00:28:34.074636,clean,naive,{'bins': 5},60,2,2,0.014866229146718979,0.35175365302711725,0.37451120745390654,5,7,10,0
2026-05-15T00:28:34.466310,clean,naive,{'bins': 5},60,3,2,0.015021651051938534,0.3524478059262037,0.3754500998184085,5,7,10,0
2026-05-15T00:28:34.855954,clean,naive,{'bins': 5},60,4,2,0.014865447767078876,0.35078807082027197,0.37376109044998884,5,7,10,0
2026-05-15T00:28:35.252860,clean,naive,{'bins': 5},61,0,2,0.014753848314285278,0.35714909341186285,0.3798807691782713,5,7,10,0
2026-05-15T00:28:35.650083,clean,naive,{'bins': 5},61,1,2,0.015022621490061283,0.35754776280373335,0.38084015902131796,5,7,10,0
2026-05-15T00:28:36.048153,clean,naive,{'bins': 5},61,2,2,0.014891526661813259,0.35888989083468914,0.3819503430277109,5,7,10,0
2026-05-15T00:28:36.447347,clean,naive,{'bins': 5},61,3,2,0.014744259417057037,0.3603429775685072,0.38297607749700546,5,7,10,0
2026-05-15T00:28:36.844527,clean,naive,{'bins': 5},61,4,2,0.014897968620061874,0.3579813642427325,0.38077162951231003,5,7,10,0
2026-05-15T00:28:37.249767,clean,naive,{'bins': 5},62,0,2,0.014923526905477047,0.36532225646078587,0.3881489699706435,5,7,10,0
2026-05-15T00:28:37.651757,clean,naive,{'bins': 5},62,1,2,0.014856279827654362,0.3627450279891491,0.3854544209316373,5,7,10,0
2026-05-15T00:28:38.103088,clean,naive,{'bins': 5},62,2,2,0.014851781539618969,0.4124197941273451,0.4350598882883787,5,7,10,0
2026-05-15T00:28:38.507482,clean,naive,{'bins': 5},62,3,2,0.015100259333848953,0.36439728923141956,0.38772233854979277,5,7,10,0
2026-05-15T00:28:38.910447,clean,naive,{'bins': 5},62,4,2,0.015236043371260166,0.36357732117176056,0.3867564154788852,5,7,10,0
2026-05-15T00:28:39.318732,clean,naive,{'bins': 5},63,0,2,0.01536413375288248,0.3669364061206579,0.39073700830340385,5,7,10,0
2026-05-15T00:28:39.724393,clean,naive,{'bins': 5},63,1,2,0.015776198357343674,0.3648904459550977,0.3890024935826659,5,7,10,0
2026-05-15T00:28:40.131538,clean,naive,{'bins': 5},63,2,2,0.015471274964511395,0.3664051787927747,0.390266184695065,5,7,10,0
2026-05-15T00:28:40.538071,clean,naive,{'bins': 5},63,3,2,0.015595657750964165,0.36544736102223396,0.38968374114483595,5,7,10,0
2026-05-15T00:28:40.950015,clean,naive,{'bins': 5},63,4,2,0.01578686758875847,0.3702973360195756,0.39473834075033665,5,7,10,0
2026-05-15T00:28:41.367290,clean,naive,{'bins': 5},64,0,2,0.01555794756859541,0.37537029944360256,0.39942942652851343,5,7,10,0
2026-05-15T00:28:41.784013,clean,naive,{'bins': 5},64,1,2,0.015506021678447723,0.37532101664692163,0.3992439089342952,5,7,10,0
2026-05-15T00:28:42.200700,clean,naive,{'bins': 5},64,2,2,0.015384230762720108,0.37578513752669096,0.399473799392581,5,7,10,0
2026-05-15T00:28:42.621948,clean,naive,{'bins': 5},64,3,2,0.015493737533688545,0.3800982153043151,0.40395323000848293,5,7,10,0
2026-05-15T00:28:43.104320,clean,naive,{'bins': 5},64,4,2,0.017414231784641743,0.4393317075446248,0.46539162937551737,5,7,10,0
2026-05-15T00:28:43.534768,clean,naive,{'bins': 5},65,0,2,0.015797145664691925,0.38774183485656977,0.41226377058774233,5,7,10,0
2026-05-15T00:28:43.962188,clean,naive,{'bins': 5},65,1,2,0.015893466770648956,0.3855135515332222,0.40995041746646166,5,7,10,0
2026-05-15T00:28:44.390816,clean,naive,{'bins': 5},65,2,2,0.016105296090245247,0.38622107170522213,0.4110772954300046,5,7,10,0
2026-05-15T00:28:44.818550,clean,naive,{'bins': 5},65,3,2,0.016032859683036804,0.3857646333053708,0.4104283666238189,5,7,10,0
2026-05-15T00:28:45.247990,clean,naive,{'bins': 5},65,4,2,0.016110053285956383,0.3871743604540825,0.4120017196983099,5,7,10,0
2026-05-15T00:28:45.682226,clean,naive,{'bins': 5},66,0,2,0.01595777738839388,0.3879986982792616,0.4126818869262934,5,7,10,0
2026-05-15T00:28:46.115711,clean,naive,{'bins': 5},66,1,2,0.01603640615940094,0.3905668091028929,0.41537138633430004,5,7,10,0
2026-05-15T00:28:46.547074,clean,naive,{'bins': 5},66,2,2,0.015965421684086323,0.38859031815081835,0.41326503083109856,5,7,10,0
2026-05-15T00:28:46.980510,clean,naive,{'bins': 5},66,3,2,0.016097922809422016,0.3908008383587003,0.4157269839197397,5,7,10,0
2026-05-15T00:28:47.412084,clean,naive,{'bins': 5},66,4,2,0.01611843053251505,0.3889814130961895,0.4136964827775955,5,7,10,0
2026-05-15T00:28:47.839838,clean,naive,{'bins': 5},67,0,2,0.016177519224584103,0.3825541576370597,0.40744608733803034,5,5,8,0
2026-05-15T00:28:48.265207,clean,naive,{'bins': 5},67,1,2,0.016017671674489975,0.3819139562547207,0.4066128246486187,5,5,8,0
2026-05-15T00:28:48.740456,clean,naive,{'bins': 5},67,2,2,0.01629248633980751,0.43132366240024567,0.4562597870826721,5,5,8,0
2026-05-15T00:28:49.163884,clean,naive,{'bins': 5},67,3,2,0.016465782187879086,0.37907012552022934,0.4045914486050606,5,5,8,0
2026-05-15T00:28:49.588932,clean,naive,{'bins': 5},67,4,2,0.016767659224569798,0.38090418837964535,0.4065571688115597,5,5,8,0
2026-05-15T00:28:50.014634,clean,naive,{'bins': 5},68,0,2,0.016438981518149376,0.3803061777725816,0.40590477362275124,5,5,8,0
2026-05-15T00:28:50.440794,clean,naive,{'bins': 5},68,1,2,0.01671226415783167,0.38091740384697914,0.4067277079448104,5,5,8,0
2026-05-15T00:28:50.866589,clean,naive,{'bins': 5},68,2,2,0.016437028534710407,0.38138788752257824,0.4069216838106513,5,5,8,0
2026-05-15T00:28:51.293258,clean,naive,{'bins': 5},68,3,2,0.016651641577482224,0.38191057927906513,0.4076582361012697,5,5,8,0
2026-05-15T00:28:51.762537,clean,naive,{'bins': 5},68,4,2,0.0598539961501956,0.3814971521496773,0.45044733583927155,5,5,8,0
2026-05-15T00:28:52.194713,clean,naive,{'bins': 5},69,0,2,0.016901549883186817,0.3859660420566797,0.4120022403076291,5,5,8,0
2026-05-15T00:28:52.629786,clean,naive,{'bins': 5},69,1,2,0.017243211157619953,0.38869345281273127,0.4155610417947173,5,5,8,0
2026-05-15T00:28:53.062693,clean,naive,{'bins': 5},69,2,2,0.017237400636076927,0.38665906246751547,0.41317021381109953,5,5,8,0
2026-05-15T00:28:53.495243,clean,naive,{'bins': 5},69,3,2,0.017238011583685875,0.3861184064298868,0.41300008352845907,5,5,8,0
2026-05-15T00:28:53.930371,clean,naive,{'bins': 5},69,4,2,0.0169347720220685,0.3892044313251972,0.41559740994125605,5,5,8,0
2026-05-15T00:28:54.370912,clean,naive,{'bins': 5},70,0,2,0.01688819471746683,0.39310940355062485,0.41949480678886175,5,5,8,0
2026-05-15T00:28:54.854720,clean,naive,{'bins': 5},70,1,2,0.016896099783480167,0.43767204228788614,0.4640281004831195,5,5,8,0
2026-05-15T00:28:55.293326,clean,naive,{'bins': 5},70,2,2,0.017054978758096695,0.3920056400820613,0.4185715541243553,5,5,8,0
2026-05-15T00:28:55.735683,clean,naive,{'bins': 5},70,3,2,0.01802807580679655,0.394460859708488,0.42229174822568893,5,5,8,0
2026-05-15T00:28:56.173997,clean,naive,{'bins': 5},70,4,2,0.016997489146888256,0.3916329303756356,0.41815856751054525,5,5,8,0
2026-05-15T00:28:56.620039,clean,naive,{'bins': 5},71,0,2,0.017403513193130493,0.3974610008299351,0.424516374245286,5,5,8,0
2026-05-15T00:28:57.064944,clean,naive,{'bins': 5},71,1,2,0.017461120150983334,0.3968192981556058,0.4239340014755726,5,5,8,0
2026-05-15T00:28:57.512646,clean,naive,{'bins': 5},71,2,2,0.01739629916846752,0.40057602897286415,0.4274667827412486,5,5,8,0
2026-05-15T00:28:57.956717,clean,naive,{'bins': 5},71,3,2,0.017052321694791317,0.3970290208235383,0.42365503590554,5,5,8,0
2026-05-15T00:28:58.402997,clean,naive,{'bins': 5},71,4,2,0.0173152768984437,0.39930084627121687,0.4260586900636554,5,5,8,0
2026-05-15T00:28:58.911249,clean,naive,{'bins': 5},72,0,2,0.01738368533551693,0.4146404219791293,0.4871302815154195,5,5,8,0
2026-05-15T00:28:59.373197,clean,naive,{'bins': 5},72,1,2,0.017835604026913643,0.41369062941521406,0.4414280131459236,5,5,8,0
2026-05-15T00:28:59.836565,clean,naive,{'bins': 5},72,2,2,0.01767053361982107,0.4152553379535675,0.44260771851986647,5,5,8,0
2026-05-15T00:29:00.297096,clean,naive,{'bins': 5},72,3,2,0.017721989192068577,0.4122547749429941,0.4399048928171396,5,5,8,0
2026-05-15T00:29:00.763095,clean,naive,{'bins': 5},72,4,2,0.017513939179480076,0.41806935146450996,0.4453921252861619,5,5,8,0
2026-05-15T00:29:01.237563,clean,naive,{'bins': 5},73,0,2,0.01956493966281414,0.42230249755084515,0.45221337024122477,5,5,8,0
2026-05-15T00:29:01.710840,clean,naive,{'bins': 5},73,1,2,0.01776555273681879,0.424450671300292,0.45214015431702137,5,5,8,0
2026-05-15T00:29:02.181240,clean,naive,{'bins': 5},73,2,2,0.017859558574855328,0.4217256335541606,0.4494370575994253,5,5,8,0
2026-05-15T00:29:02.709867,clean,naive,{'bins': 5},73,3,2,0.017588979564607143,0.4802025370299816,0.5075536444783211,5,5,8,0
2026-05-15T00:29:03.180949,clean,naive,{'bins': 5},73,4,2,0.018001955933868885,0.4218591656535864,0.4497502464801073,5,5,8,0
2026-05-15T00:29:03.658159,clean,naive,{'bins': 5},74,0,2,0.017944478429853916,0.42669221945106983,0.4547069128602743,5,5,8,0
2026-05-15T00:29:04.132505,clean,naive,{'bins': 5},74,1,2,0.018275560811161995,0.42394492123275995,0.4525503348559141,5,5,8,0
2026-05-15T00:29:04.606679,clean,naive,{'bins': 5},74,2,2,0.01828711200505495,0.4239405132830143,0.45243888534605503,5,5,8,0
2026-05-15T00:29:05.083358,clean,naive,{'bins': 5},74,3,2,0.01806426141411066,0.4266241108998656,0.4548853961750865,5,5,8,0
2026-05-15T00:29:05.558000,clean,naive,{'bins': 5},74,4,2,0.018036731518805027,0.4247210994362831,0.4528060741722584,5,5,8,0
2026-05-15T00:29:06.036527,clean,naive,{'bins': 5},75,0,2,0.01816757582128048,0.4273929251357913,0.45575590059161186,5,5,8,0
2026-05-15T00:29:06.560003,clean,naive,{'bins': 5},75,1,2,0.018049846403300762,0.4734451696276665,0.5017135497182608,5,5,8,0
2026-05-15T00:29:07.037468,clean,naive,{'bins': 5},75,2,2,0.018677364103496075,0.4261616626754403,0.455453984439373,5,5,8,0
2026-05-15T00:29:07.518615,clean,naive,{'bins': 5},75,3,2,0.018979860469698906,0.4300798289477825,0.4593094317242503,5,5,8,0
2026-05-15T00:29:07.996930,clean,naive,{'bins': 5},75,4,2,0.018449035473167896,0.42784198746085167,0.4566641468554735,5,5,8,0
2026-05-15T00:29:08.486972,clean,naive,{'bins': 5},76,0,2,0.01881763618439436,0.4368935199454427,0.4661533897742629,5,5,8,0
2026-05-15T00:29:08.974340,clean,naive,{'bins': 5},76,1,2,0.01854824088513851,0.4357589902356267,0.46471087262034416,5,5,8,0
2026-05-15T00:29:09.459987,clean,naive,{'bins': 5},76,2,2,0.01863845158368349,0.43439311534166336,0.46329429373145103,5,5,8,0
2026-05-15T00:29:09.948370,clean,naive,{'bins': 5},76,3,2,0.018655233085155487,0.43653010856360197,0.46556519716978073,5,5,8,0
2026-05-15T00:29:10.438096,clean,naive,{'bins': 5},76,4,2,0.01873678620904684,0.4380446709692478,0.4672626443207264,5,5,8,0
2026-05-15T00:29:10.978997,clean,naive,{'bins': 5},77,0,2,0.018511231057345867,0.48838680144399405,0.5173526294529438,5,5,8,0
2026-05-15T00:29:11.475386,clean,naive,{'bins': 5},77,1,2,0.01919427514076233,0.4424091950058937,0.4724346222355962,5,5,8,0
2026-05-15T00:29:11.969353,clean,naive,{'bins': 5},77,2,2,0.019124723970890045,0.44158274307847023,0.471584377810359,5,5,8,0
2026-05-15T00:29:12.465220,clean,naive,{'bins': 5},77,3,2,0.019447630271315575,0.44243989419192076,0.4725848166272044,5,5,8,0
2026-05-15T00:29:12.961183,clean,naive,{'bins': 5},77,4,2,0.018954054452478886,0.4434486869722605,0.4731376236304641,5,5,8,0
2026-05-15T00:29:13.457730,clean,naive,{'bins': 5},78,0,2,0.01878671906888485,0.4429315160959959,0.4726270651444793,5,5,8,0
2026-05-15T00:29:13.956599,clean,naive,{'bins': 5},78,1,2,0.01952829211950302,0.44538875948637724,0.4757857555523515,5,5,8,0
2026-05-15T00:29:14.455257,clean,naive,{'bins': 5},78,2,2,0.019458619877696037,0.4447341002523899,0.47507630195468664,5,5,8,0
2026-05-15T00:29:14.954658,clean,naive,{'bins': 5},78,3,2,0.019158235751092434,0.44628205616027117,0.47633193992078304,5,5,8,0
2026-05-15T00:29:15.452329,clean,naive,{'bins': 5},78,4,2,0.01910946611315012,0.4443877199664712,0.47455891221761703,5,5,8,0
2026-05-15T00:29:15.958943,clean,naive,{'bins': 5},79,0,2,0.019023514352738857,0.45250400714576244,0.4821942653506994,5,5,8,0
2026-05-15T00:29:16.506685,clean,naive,{'bins': 5},79,1,2,0.06444167997688055,0.4488921770825982,0.524091200903058,5,5,8,0
2026-05-15T00:29:17.009846,clean,naive,{'bins': 5},79,2,2,0.019656652584671974,0.4487314634025097,0.47960176784545183,5,5,8,0
2026-05-15T00:29:17.515568,clean,naive,{'bins': 5},79,3,2,0.019423944875597954,0.4513127412647009,0.48183995112776756,5,5,8,0
2026-05-15T00:29:18.018955,clean,naive,{'bins': 5},79,4,2,0.019678513519465923,0.4489630088210106,0.47961990255862474,5,5,8,0
2026-05-15T00:29:18.539441,clean,naive,{'bins': 5},80,0,2,0.019881535321474075,0.4648435115814209,0.4958445820957422,5,5,8,0
2026-05-15T00:29:19.057536,clean,naive,{'bins': 5},80,1,2,0.019563988782465458,0.46387868002057076,0.49448984768241644,5,5,8,0
2026-05-15T00:29:19.580147,clean,naive,{'bins': 5},80,2,2,0.019973657093942165,0.4671432888135314,0.49872361589223146,5,5,8,0
2026-05-15T00:29:20.098960,clean,naive,{'bins': 5},80,3,2,0.01947182510048151,0.46422223653644323,0.49469952285289764,5,5,8,0
2026-05-15T00:29:20.619555,clean,naive,{'bins': 5},80,4,2,0.01964918803423643,0.46515978686511517,0.4962488617748022,5,5,8,0
2026-05-15T00:29:21.141606,clean,naive,{'bins': 5},81,0,2,0.019342010840773582,0.4665461080148816,0.496889341622591,5,5,8,0
2026-05-15T00:29:21.664478,clean,naive,{'bins': 5},81,1,2,0.01967367436736822,0.46789736580103636,0.49868218973279,5,5,8,0
2026-05-15T00:29:22.232061,clean,naive,{'bins': 5},81,2,2,0.06633337959647179,0.46623037569224834,0.5436302116140723,5,5,8,0
2026-05-15T00:29:22.754198,clean,naive,{'bins': 5},81,3,2,0.019841969944536686,0.46670085843652487,0.4979190453886986,5,5,8,0
2026-05-15T00:29:23.273731,clean,naive,{'bins': 5},81,4,2,0.01980489958077669,0.46426528599113226,0.4954521134495735,5,5,8,0
2026-05-15T00:29:23.804902,clean,naive,{'bins': 5},82,0,2,0.01977721881121397,0.4742544302716851,0.505479920655489,5,5,8,0
2026-05-15T00:29:24.336774,clean,naive,{'bins': 5},82,1,2,0.020057515241205692,0.47574840392917395,0.5073715522885323,5,5,8,0
2026-05-15T00:29:24.866202,clean,naive,{'bins': 5},82,2,2,0.02038899715989828,0.4728188943117857,0.504666012711823,5,5,8,0
2026-05-15T00:29:25.399383,clean,naive,{'bins': 5},82,3,2,0.019781075417995453,0.4770427532494068,0.508232107385993,5,5,8,0
2026-05-15T00:29:25.928307,clean,naive,{'bins': 5},82,4,2,0.0203401455655694,0.47239928785711527,0.5042731361463666,5,5,8,0
2026-05-15T00:29:26.511760,clean,naive,{'bins': 5},83,0,2,0.01993825100362301,0.5262068631127477,0.5576907694339752,5,5,8,0
2026-05-15T00:29:27.044902,clean,naive,{'bins': 5},83,1,2,0.020590554922819138,0.4754689894616604,0.5078722508624196,5,5,8,0
2026-05-15T00:29:27.580407,clean,naive,{'bins': 5},83,2,2,0.020879918709397316,0.47824615333229303,0.5105627132579684,5,5,8,0
2026-05-15T00:29:28.114173,clean,naive,{'bins': 5},83,3,2,0.020165598019957542,0.47667401377111673,0.5086668850854039,5,5,8,0
2026-05-15T00:29:28.650718,clean,naive,{'bins': 5},83,4,2,0.020481701008975506,0.47902778070420027,0.5111783389002085,5,5,8,0
2026-05-15T00:29:29.198931,clean,naive,{'bins': 5},84,0,2,0.020194551907479763,0.4895805539563298,0.5217176768928766,5,5,8,0
2026-05-15T00:29:29.750910,clean,naive,{'bins': 5},84,1,2,0.020530973561108112,0.4940627757459879,0.5262520667165518,5,5,8,0
2026-05-15T00:29:30.295705,clean,naive,{'bins': 5},84,2,2,0.02021776605397463,0.4872017651796341,0.5191875034943223,5,5,8,0
2026-05-15T00:29:30.841707,clean,naive,{'bins': 5},84,3,2,0.020224688574671745,0.48844868782907724,0.5201470460742712,5,5,8,0
2026-05-15T00:29:31.435312,clean,naive,{'bins': 5},84,4,2,0.02016853354871273,0.536537416279316,0.5683513022959232,5,5,8,0
2026-05-15T00:29:31.998689,clean,naive,{'bins': 5},85,0,2,0.020552904345095158,0.5030188914388418,0.5360044660046697,5,5,8,0
2026-05-15T00:29:32.562286,clean,naive,{'bins': 5},85,1,2,0.020841107703745365,0.5050362786278129,0.5376388151198626,5,5,8,0
2026-05-15T00:29:33.124010,clean,naive,{'bins': 5},85,2,2,0.021473833359777927,0.5016709510236979,0.5357385473325849,5,5,8,0
2026-05-15T00:29:33.686265,clean,naive,{'bins': 5},85,3,2,0.02068496309220791,0.5036046504974365,0.5361864473670721,5,5,8,0
2026-05-15T00:29:34.249407,clean,naive,{'bins': 5},85,4,2,0.020417331717908382,0.5045290058478713,0.5370872290804982,5,5,8,0
2026-05-15T00:29:34.860210,clean,naive,{'bins': 5},86,0,2,0.02092642616480589,0.5508301593363285,0.583746294490993,5,7,10,0
2026-05-15T00:29:35.474884,clean,naive,{'bins': 5},86,1,2,0.020818461664021015,0.5560810258612037,0.5890805767849088,5,7,10,0
2026-05-15T00:29:36.084259,clean,naive,{'bins': 5},86,2,2,0.020788878202438354,0.5510498909279704,0.583447883836925,5,7,10,0
2026-05-15T00:29:36.742437,clean,naive,{'bins': 5},86,3,2,0.021143242716789246,0.5994920851662755,0.632748237811029,5,7,10,0
2026-05-15T00:29:37.350109,clean,naive,{'bins': 5},86,4,2,0.02080383524298668,0.5482049100100994,0.5814330698922276,5,7,10,0
2026-05-15T00:29:37.969008,clean,naive,{'bins': 5},87,0,2,0.021185764111578465,0.5582097331061959,0.5914948210120201,5,7,10,0
2026-05-15T00:29:38.591635,clean,naive,{'bins': 5},87,1,2,0.021272736601531506,0.5626498479396105,0.5963883474469185,5,7,10,0
2026-05-15T00:29:39.210691,clean,naive,{'bins': 5},87,2,2,0.02166069485247135,0.559193529188633,0.5929299341514707,5,7,10,0
2026-05-15T00:29:39.829662,clean,naive,{'bins': 5},87,3,2,0.020855363458395004,0.5596839915961027,0.5930837346240878,5,7,10,0
2026-05-15T00:29:40.446739,clean,naive,{'bins': 5},87,4,2,0.021656868048012257,0.5574086373671889,0.5915520377457142,5,7,10,0
2026-05-15T00:29:41.083948,clean,naive,{'bins': 5},88,0,2,0.02093567419797182,0.5761520573869348,0.609697244130075,5,7,10,0
2026-05-15T00:29:41.766564,clean,naive,{'bins': 5},88,1,2,0.021436222828924656,0.6223868262022734,0.6559247877448797,5,7,10,0
2026-05-15T00:29:42.403465,clean,naive,{'bins': 5},88,2,2,0.021131151355803013,0.5763186495751143,0.6101735876873136,5,7,10,0
2026-05-15T00:29:43.040154,clean,naive,{'bins': 5},88,3,2,0.024298888631165028,0.5730744386091828,0.6101697590202093,5,7,10,0
2026-05-15T00:29:43.672446,clean,naive,{'bins': 5},88,4,2,0.021711700595915318,0.5712443431839347,0.6059399992227554,5,7,10,0
2026-05-15T00:29:44.334165,clean,naive,{'bins': 5},89,0,2,0.021748248487710953,0.5992659805342555,0.633604334667325,5,7,10,0
2026-05-15T00:29:45.000041,clean,naive,{'bins': 5},89,1,2,0.021694138646125793,0.6037069074809551,0.6384169617667794,5,7,10,0
2026-05-15T00:29:45.662252,clean,naive,{'bins': 5},89,2,2,0.02237940300256014,0.5993325551971793,0.6345160063356161,5,7,10,0
2026-05-15T00:29:46.330815,clean,naive,{'bins': 5},89,3,2,0.021731136366724968,0.6063202228397131,0.6409040680155158,5,7,10,0
2026-05-15T00:29:46.993149,clean,naive,{'bins': 5},89,4,2,0.021848225966095924,0.6012166514992714,0.6352141052484512,5,7,10,0
2026-05-15T00:29:47.719569,clean,naive,{'bins': 5},90,0,2,0.08102800697088242,0.6042549358680844,0.697918695397675,5,7,10,0
2026-05-15T00:29:48.389842,clean,naive,{'bins': 5},90,1,2,0.02201180439442396,0.6078925244510174,0.64281724113971,5,7,10,0
2026-05-15T00:29:49.055552,clean,naive,{'bins': 5},90,2,2,0.021911035291850567,0.6031498312950134,0.6381938317790627,5,7,10,0
2026-05-15T00:29:49.725448,clean,naive,{'bins': 5},90,3,2,0.02216662559658289,0.6076882416382432,0.6425886927172542,5,7,10,0
2026-05-15T00:29:50.394484,clean,naive,{'bins': 5},90,4,2,0.021861501969397068,0.6059333775192499,0.6409414196386933,5,7,10,0
2026-05-15T00:29:51.079064,clean,naive,{'bins': 5},91,0,2,0.022186431102454662,0.6202705828472972,0.6553279170766473,5,7,10,0
2026-05-15T00:29:51.758638,clean,naive,{'bins': 5},91,1,2,0.02193439844995737,0.6160503504797816,0.651114908978343,5,7,10,0
2026-05-15T00:29:52.439476,clean,naive,{'bins': 5},91,2,2,0.0220372024923563,0.6182374861091375,0.6528885392472148,5,7,10,0
2026-05-15T00:29:53.163899,clean,naive,{'bins': 5},91,3,2,0.06811584625393152,0.6149764731526375,0.6963968779891729,5,7,10,0
2026-05-15T00:29:53.844381,clean,naive,{'bins': 5},91,4,2,0.02263024542480707,0.6164816897362471,0.6520270006731153,5,7,10,0
2026-05-15T00:29:54.541374,clean,naive,{'bins': 5},92,0,2,0.022402476519346237,0.6315160244703293,0.6675247251987457,5,7,10,0
2026-05-15T00:29:55.241056,clean,naive,{'bins': 5},92,1,2,0.02317012846469879,0.6341942837461829,0.6708020381629467,5,7,10,0
2026-05-15T00:29:55.939209,clean,naive,{'bins': 5},92,2,2,0.022778552025556564,0.6326784174889326,0.6692906804382801,5,7,10,0
2026-05-15T00:29:56.637537,clean,naive,{'bins': 5},92,3,2,0.0223167659714818,0.6334890378639102,0.6686260718852282,5,7,10,0
2026-05-15T00:29:57.334285,clean,naive,{'bins': 5},92,4,2,0.022399451583623886,0.6319585544988513,0.6677166149020195,5,7,10,0
2026-05-15T00:29:58.120492,clean,naive,{'bins': 5},93,0,2,0.022649191319942474,0.6895306874066591,0.7250337190926075,5,7,10,0
2026-05-15T00:29:58.830458,clean,naive,{'bins': 5},93,1,2,0.022900963202118874,0.6436052909120917,0.6806730097159743,5,7,10,0
2026-05-15T00:29:59.538589,clean,naive,{'bins': 5},93,2,2,0.02322552166879177,0.6425492772832513,0.6790191642940044,5,7,10,0
2026-05-15T00:30:00.245656,clean,naive,{'bins': 5},93,3,2,0.022495261393487453,0.6416724612936378,0.6781873218715191,5,7,10,0
2026-05-15T00:30:00.954955,clean,naive,{'bins': 5},93,4,2,0.023060853593051434,0.6431654244661331,0.6797123961150646,5,7,10,0
2026-05-15T00:30:01.675574,clean,naive,{'bins': 5},94,0,2,0.022799532860517502,0.6537983864545822,0.6904472494497895,5,7,10,0
2026-05-15T00:30:02.395853,clean,naive,{'bins': 5},94,1,2,0.02331688441336155,0.6537386635318398,0.6905242530629039,5,7,10,0
2026-05-15T00:30:03.121386,clean,naive,{'bins': 5},94,2,2,0.022689265199005604,0.6598748732358217,0.6960875373333693,5,7,10,0
2026-05-15T00:30:03.842287,clean,naive,{'bins': 5},94,3,2,0.023549821227788925,0.6534985424950719,0.6905441200360656,5,7,10,0
2026-05-15T00:30:04.607560,clean,naive,{'bins': 5},94,4,2,0.0226045660674572,0.6999411517754197,0.7360527664422989,5,7,10,0
2026-05-15T00:30:05.340488,clean,naive,{'bins': 5},95,0,2,0.023035566322505474,0.6643851306289434,0.7016425970941782,5,7,10,0
2026-05-15T00:30:06.071992,clean,naive,{'bins': 5},95,1,2,0.023685093969106674,0.6639862321317196,0.7013287665322423,5,7,10,0
2026-05-15T00:30:06.802525,clean,naive,{'bins': 5},95,2,2,0.02344806957989931,0.6621454153209925,0.699895866215229,5,7,10,0
2026-05-15T00:30:07.532393,clean,naive,{'bins': 5},95,3,2,0.02355353720486164,0.6625224137678742,0.6996887465938926,5,7,10,0
2026-05-15T00:30:08.264759,clean,naive,{'bins': 5},95,4,2,0.022910181432962418,0.6649600705131888,0.7022204017266631,5,7,10,0
2026-05-15T00:30:09.001583,clean,naive,{'bins': 5},96,0,2,0.023240881972014904,0.6685081906616688,0.7054454451426864,5,7,10,0
2026-05-15T00:30:09.737443,clean,naive,{'bins': 5},96,1,2,0.02310346346348524,0.6673610070720315,0.704434928484261,5,7,10,0
2026-05-15T00:30:10.517882,clean,naive,{'bins': 5},96,2,2,0.06965852156281471,0.665427578613162,0.7491452842950821,5,7,10,0
2026-05-15T00:30:11.254902,clean,naive,{'bins': 5},96,3,2,0.02352839056402445,0.668805149383843,0.7062286855652928,5,7,10,0
2026-05-15T00:30:11.989411,clean,naive,{'bins': 5},96,4,2,0.02381599973887205,0.6648982437327504,0.7030707569792867,5,7,10,0
2026-05-15T00:30:12.738522,clean,naive,{'bins': 5},97,0,2,0.023717456497251987,0.6797695131972432,0.7175622833892703,5,7,10,0
2026-05-15T00:30:13.487467,clean,naive,{'bins': 5},97,1,2,0.025937664322555065,0.6766667971387506,0.717612236738205,5,7,10,0
2026-05-15T00:30:14.232472,clean,naive,{'bins': 5},97,2,2,0.024005957879126072,0.6762166535481811,0.7141426941379905,5,7,10,0
2026-05-15T00:30:15.038671,clean,naive,{'bins': 5},97,3,2,0.023455924354493618,0.737528907135129,0.7752537801861763,5,7,10,0
2026-05-15T00:30:15.789937,clean,naive,{'bins': 5},97,4,2,0.023921048268675804,0.6811589607968926,0.7197517929598689,5,7,10,0
2026-05-15T00:30:16.539125,clean,naive,{'bins': 5},98,0,2,0.024055039510130882,0.6783777708187699,0.7166715301573277,5,7,10,0
2026-05-15T00:30:17.294689,clean,naive,{'bins': 5},98,1,2,0.02432130929082632,0.6846772870048881,0.7237698566168547,5,7,10,0
2026-05-15T00:30:18.049224,clean,naive,{'bins': 5},98,2,2,0.024066772311925888,0.6849529035389423,0.7233391189947724,5,7,10,0
2026-05-15T00:30:18.803575,clean,naive,{'bins': 5},98,3,2,0.023853471502661705,0.6835771994665265,0.7219934109598398,5,7,10,0
2026-05-15T00:30:19.556724,clean,naive,{'bins': 5},98,4,2,0.0238266009837389,0.6837690211832523,0.7214837847277522,5,7,10,0
2026-05-15T00:30:20.322994,clean,naive,{'bins': 5},99,0,2,0.023943970911204815,0.6937327263876796,0.7323410268872976,5,7,10,0
2026-05-15T00:30:21.132770,clean,naive,{'bins': 5},99,1,2,0.024144909344613552,0.7392280362546444,0.7772792624309659,5,7,10,0
2026-05-15T00:30:21.895164,clean,naive,{'bins': 5},99,2,2,0.02391113992780447,0.6905634747818112,0.7295794021338224,5,7,10,0
2026-05-15T00:30:22.660155,clean,naive,{'bins': 5},99,3,2,0.024251068010926247,0.6940897572785616,0.7328720251098275,5,7,10,0
2026-05-15T00:30:23.420788,clean,naive,{'bins': 5},99,4,2,0.024160106666386127,0.6885465802624822,0.7278094701468945,5,7,10,0
2026-05-15T00:30:24.211769,clean,naive,{'bins': 5},100,0,2,0.024360363371670246,0.7182128736749291,0.7571792770177126,5,7,10,0
2026-05-15T00:30:25.002427,clean,naive,{'bins': 5},100,1,2,0.02420169487595558,0.7187121910974383,0.7580349529162049,5,7,10,0
2026-05-15T00:30:25.789105,clean,naive,{'bins': 5},100,2,2,0.0242004431784153,0.715690759010613,0.7541673835366964,5,7,10,0
2026-05-15T00:30:26.628303,clean,naive,{'bins': 5},100,3,2,0.02447120100259781,0.7675267327576876,0.8068579714745283,5,7,10,0
2026-05-15T00:30:27.419583,clean,naive,{'bins': 5},100,4,2,0.024992119520902634,0.717860883101821,0.7584497323259711,5,7,10,0
2026-05-15T00:30:27.456437,clean,sax,"{'w': 144, 'bins': 5}",1,0,2,0.011712669394910336,0.0007969355210661888,0.012729899026453495,5,10,9,0
2026-05-15T00:30:27.469162,clean,sax,"{'w': 144, 'bins': 5}",1,1,2,0.010813580825924873,0.0007325755432248116,0.011707690544426441,5,10,9,0
2026-05-15T00:30:27.481671,clean,sax,"{'w': 144, 'bins': 5}",1,2,2,0.010762695223093033,0.0007215552031993866,0.011641575023531914,5,10,9,0
2026-05-15T00:30:27.493964,clean,sax,"{'w': 144, 'bins': 5}",1,3,2,0.010606291703879833,0.0007209945470094681,0.011482727713882923,5,10,9,0
2026-05-15T00:30:27.506375,clean,sax,"{'w': 144, 'bins': 5}",1,4,2,0.010672666132450104,0.0007228376343846321,0.011553820222616196,5,10,9,0
2026-05-15T00:30:27.529986,clean,sax,"{'w': 144, 'bins': 5}",2,0,2,0.020748061127960682,0.0009536901488900185,0.02191502135246992,5,10,9,0
2026-05-15T00:30:27.553340,clean,sax,"{'w': 144, 'bins': 5}",2,1,2,0.020765935070812702,0.0011357022449374199,0.022112293168902397,5,10,9,0
2026-05-15T00:30:27.576319,clean,sax,"{'w': 144, 'bins': 5}",2,2,2,0.020934060215950012,0.0009506549686193466,0.022094860672950745,5,10,9,0
2026-05-15T00:30:27.599152,clean,sax,"{'w': 144, 'bins': 5}",2,3,2,0.02064048871397972,0.0009720250964164734,0.021822148002684116,5,10,9,0
2026-05-15T00:30:27.622340,clean,sax,"{'w': 144, 'bins': 5}",2,4,2,0.02087698131799698,0.0009601032361388206,0.022049984894692898,5,10,9,0
2026-05-15T00:30:27.658866,clean,sax,"{'w': 144, 'bins': 5}",3,0,2,0.03143328055739403,0.0011956347152590752,0.03289325162768364,5,10,9,0
2026-05-15T00:30:27.692834,clean,sax,"{'w': 144, 'bins': 5}",3,1,2,0.03139142319560051,0.0011893026530742645,0.03284707572311163,5,10,9,0
2026-05-15T00:30:27.726650,clean,sax,"{'w': 144, 'bins': 5}",3,2,2,0.031230179592967033,0.001186678186058998,0.032678257673978806,5,10,9,0
2026-05-15T00:30:27.760193,clean,sax,"{'w': 144, 'bins': 5}",3,3,2,0.031002632342278957,0.001361757516860962,0.03262763377279043,5,10,9,0
2026-05-15T00:30:27.794163,clean,sax,"{'w': 144, 'bins': 5}",3,4,2,0.03143715858459473,0.0011831512674689293,0.032888022251427174,5,10,9,0
2026-05-15T00:30:27.838900,clean,sax,"{'w': 144, 'bins': 5}",4,0,2,0.04118474945425987,0.0014026928693056107,0.042917702347040176,5,10,9,0
2026-05-15T00:30:27.883336,clean,sax,"{'w': 144, 'bins': 5}",4,1,2,0.04139867890626192,0.0014285016804933548,0.04315478540956974,5,10,9,0
2026-05-15T00:30:27.927423,clean,sax,"{'w': 144, 'bins': 5}",4,2,2,0.04132548253983259,0.0014107180759310722,0.043056732043623924,5,10,9,0
2026-05-15T00:30:27.971376,clean,sax,"{'w': 144, 'bins': 5}",4,3,2,0.041168708354234695,0.0014170296490192413,0.042905258014798164,5,10,9,0
2026-05-15T00:30:28.015884,clean,sax,"{'w': 144, 'bins': 5}",4,4,2,0.041539994068443775,0.0014288835227489471,0.0432891184464097,5,10,9,0
2026-05-15T00:30:28.071628,clean,sax,"{'w': 144, 'bins': 5}",5,0,2,0.05196239147335291,0.001637815497815609,0.05397242493927479,5,10,9,0
2026-05-15T00:30:28.126716,clean,sax,"{'w': 144, 'bins': 5}",5,1,2,0.051955629140138626,0.0016248198226094246,0.05396094359457493,5,10,9,0
2026-05-15T00:30:28.181753,clean,sax,"{'w': 144, 'bins': 5}",5,2,2,0.05155208054929972,0.0017818547785282135,0.053715070709586143,5,10,9,0
2026-05-15T00:30:28.236862,clean,sax,"{'w': 144, 'bins': 5}",5,3,2,0.05184612423181534,0.0016350196674466133,0.05387349985539913,5,10,9,0
2026-05-15T00:30:28.291819,clean,sax,"{'w': 144, 'bins': 5}",5,4,2,0.05163917411118746,0.0016523217782378197,0.053675646893680096,5,10,9,0
2026-05-15T00:30:28.358498,clean,sax,"{'w': 144, 'bins': 5}",6,0,2,0.06229784432798624,0.0020542973652482033,0.06480285804718733,5,10,9,0
2026-05-15T00:30:28.424887,clean,sax,"{'w': 144, 'bins': 5}",6,1,2,0.06260090321302414,0.0018850183114409447,0.06492812186479568,5,10,9,0
2026-05-15T00:30:28.491328,clean,sax,"{'w': 144, 'bins': 5}",6,2,2,0.06258324068039656,0.0018838252872228622,0.06491147167980671,5,10,9,0
2026-05-15T00:30:28.557254,clean,sax,"{'w': 144, 'bins': 5}",6,3,2,0.06231916416436434,0.001851285807788372,0.06461255997419357,5,10,9,0
2026-05-15T00:30:28.623458,clean,sax,"{'w': 144, 'bins': 5}",6,4,2,0.062356806360185146,0.0018746685236692429,0.06467273365706205,5,10,9,0
2026-05-15T00:30:28.711410,clean,sax,"{'w': 144, 'bins': 5}",7,0,2,0.07270142529159784,0.008723707869648933,0.08192789740860462,5,10,11,0
2026-05-15T00:30:28.795259,clean,sax,"{'w': 144, 'bins': 5}",7,1,2,0.07282486837357283,0.00877807941287756,0.08210908807814121,5,10,11,0
2026-05-15T00:30:28.878400,clean,sax,"{'w': 144, 'bins': 5}",7,2,2,0.07222870830446482,0.008668002672493458,0.08139993529766798,5,10,11,0
2026-05-15T00:30:28.961808,clean,sax,"{'w': 144, 'bins': 5}",7,3,2,0.07231673318892717,0.008714900352060795,0.08153554983437061,5,10,11,0
2026-05-15T00:30:29.046301,clean,sax,"{'w': 144, 'bins': 5}",7,4,2,0.07319617457687855,0.00905365776270628,0.08275043219327927,5,10,11,0
2026-05-15T00:30:29.142042,clean,sax,"{'w': 144, 'bins': 5}",8,0,2,0.08234002999961376,0.010165584273636341,0.09308057371526957,5,7,8,0
2026-05-15T00:30:29.237568,clean,sax,"{'w': 144, 'bins': 5}",8,1,2,0.08284010924398899,0.010326506569981575,0.09373188763856888,5,7,8,0
2026-05-15T00:30:29.332152,clean,sax,"{'w': 144, 'bins': 5}",8,2,2,0.08220390602946281,0.01012258417904377,0.092889747582376,5,7,8,0
2026-05-15T00:30:29.427656,clean,sax,"{'w': 144, 'bins': 5}",8,3,2,0.08322857785969973,0.010160955600440502,0.09395412355661392,5,7,8,0
2026-05-15T00:30:29.522227,clean,sax,"{'w': 144, 'bins': 5}",8,4,2,0.08212606888264418,0.010328531265258789,0.09302427899092436,5,7,8,0
2026-05-15T00:30:29.628353,clean,sax,"{'w': 144, 'bins': 5}",9,0,2,0.09260052442550659,0.010746964253485203,0.1039698775857687,5,7,8,0
2026-05-15T00:30:29.737078,clean,sax,"{'w': 144, 'bins': 5}",9,1,2,0.09250088781118393,0.01094992645084858,0.10406725108623505,5,7,8,0
2026-05-15T00:30:29.843254,clean,sax,"{'w': 144, 'bins': 5}",9,2,2,0.09262339491397142,0.010773655958473682,0.10403066128492355,5,7,8,0
2026-05-15T00:30:29.950538,clean,sax,"{'w': 144, 'bins': 5}",9,3,2,0.09327482897788286,0.011647236533463001,0.10554211959242821,5,7,8,0
2026-05-15T00:30:30.057246,clean,sax,"{'w': 144, 'bins': 5}",9,4,2,0.09352225251495838,0.010704557411372662,0.1048607099801302,5,7,8,0
2026-05-15T00:30:30.174101,clean,sax,"{'w': 144, 'bins': 5}",10,0,2,0.10302235838025808,0.010453264228999615,0.1141626127064228,5,7,8,0
2026-05-15T00:30:30.289809,clean,sax,"{'w': 144, 'bins': 5}",10,1,2,0.10256717447191477,0.010546308010816574,0.11384653951972723,5,7,8,0
2026-05-15T00:30:30.406468,clean,sax,"{'w': 144, 'bins': 5}",10,2,2,0.10313921887427568,0.010735824704170227,0.11460356041789055,5,7,8,0
2026-05-15T00:30:30.522841,clean,sax,"{'w': 144, 'bins': 5}",10,3,2,0.1030537374317646,0.010490604676306248,0.11427202820777893,5,7,8,0
2026-05-15T00:30:30.639334,clean,sax,"{'w': 144, 'bins': 5}",10,4,2,0.10310286935418844,0.010456128977239132,0.1142441350966692,5,7,8,0
2026-05-15T00:30:30.765577,clean,sax,"{'w': 144, 'bins': 5}",11,0,2,0.11213051714003086,0.01084689237177372,0.12370989564806223,5,7,8,0
2026-05-15T00:30:30.891188,clean,sax,"{'w': 144, 'bins': 5}",11,1,2,0.11240611411631107,0.010567938908934593,0.123708282597363,5,7,8,0
2026-05-15T00:30:31.018275,clean,sax,"{'w': 144, 'bins': 5}",11,2,2,0.11356023233383894,0.01077397633343935,0.1250627264380455,5,7,8,0
2026-05-15T00:30:31.145042,clean,sax,"{'w': 144, 'bins': 5}",11,3,2,0.1134186964482069,0.010600971058011055,0.12474757432937622,5,7,8,0
2026-05-15T00:30:31.271721,clean,sax,"{'w': 144, 'bins': 5}",11,4,2,0.11332077160477638,0.010757495649158955,0.12480175588279963,5,7,8,0
2026-05-15T00:30:31.410624,clean,sax,"{'w': 144, 'bins': 5}",12,0,2,0.12356031499803066,0.01194709911942482,0.13629135582596064,5,7,8,0
2026-05-15T00:30:31.549055,clean,sax,"{'w': 144, 'bins': 5}",12,1,2,0.12355182878673077,0.011756251566112041,0.13608818501234055,5,7,8,0
2026-05-15T00:30:31.688103,clean,sax,"{'w': 144, 'bins': 5}",12,2,2,0.12427633814513683,0.011967256665229797,0.13703743647783995,5,7,8,0
2026-05-15T00:30:31.827093,clean,sax,"{'w': 144, 'bins': 5}",12,3,2,0.12390017323195934,0.011814549565315247,0.13650142028927803,5,7,8,0
2026-05-15T00:30:31.966020,clean,sax,"{'w': 144, 'bins': 5}",12,4,2,0.12393671181052923,0.012002453207969666,0.13671991042792797,5,7,8,0
2026-05-15T00:30:32.116616,clean,sax,"{'w': 144, 'bins': 5}",13,0,2,0.13391529489308596,0.01279666367918253,0.1475479183718562,5,8,9,0
2026-05-15T00:30:32.266890,clean,sax,"{'w': 144, 'bins': 5}",13,1,2,0.1343816602602601,0.01284858025610447,0.14808027725666761,5,8,9,0
2026-05-15T00:30:32.417951,clean,sax,"{'w': 144, 'bins': 5}",13,2,2,0.1349376356229186,0.012537478469312191,0.14832569938153028,5,8,9,0
2026-05-15T00:30:32.567697,clean,sax,"{'w': 144, 'bins': 5}",13,3,2,0.13365013804286718,0.012837369926273823,0.14734801277518272,5,8,9,0
2026-05-15T00:30:32.717936,clean,sax,"{'w': 144, 'bins': 5}",13,4,2,0.1347548309713602,0.012508292682468891,0.1481217360123992,5,8,9,0
2026-05-15T00:30:32.880389,clean,sax,"{'w': 144, 'bins': 5}",14,0,2,0.14529973827302456,0.01307954452931881,0.1595974387601018,5,8,9,0
2026-05-15T00:30:33.041706,clean,sax,"{'w': 144, 'bins': 5}",14,1,2,0.1439843475818634,0.014209456741809845,0.15909796208143234,5,8,9,0
2026-05-15T00:30:33.203321,clean,sax,"{'w': 144, 'bins': 5}",14,2,2,0.14530148170888424,0.01308123767375946,0.1593050705268979,5,8,9,0
2026-05-15T00:30:33.364356,clean,sax,"{'w': 144, 'bins': 5}",14,3,2,0.14437640458345413,0.013458826579153538,0.15874354634433985,5,8,9,0
2026-05-15T00:30:33.525695,clean,sax,"{'w': 144, 'bins': 5}",14,4,2,0.14522584900259972,0.013036984950304031,0.15919355023652315,5,8,9,0
2026-05-15T00:30:33.700655,clean,sax,"{'w': 144, 'bins': 5}",15,0,2,0.154312739148736,0.016447898000478745,0.17206026706844568,5,4,7,0
2026-05-15T00:30:33.876355,clean,sax,"{'w': 144, 'bins': 5}",15,1,2,0.15542044769972563,0.01680830493569374,0.17320278193801641,5,4,7,0
2026-05-15T00:30:34.051300,clean,sax,"{'w': 144, 'bins': 5}",15,2,2,0.15524705220013857,0.016226952895522118,0.1724425135180354,5,4,7,0
2026-05-15T00:30:34.225950,clean,sax,"{'w': 144, 'bins': 5}",15,3,2,0.15449477080255747,0.016605994664132595,0.17206489574164152,5,4,7,0
2026-05-15T00:30:34.401467,clean,sax,"{'w': 144, 'bins': 5}",15,4,2,0.1552865467965603,0.016459220089018345,0.1727346833795309,5,4,7,0
2026-05-15T00:30:34.588670,clean,sax,"{'w': 144, 'bins': 5}",16,0,2,0.16507690586149693,0.017839991487562656,0.18392372783273458,5,7,9,0
2026-05-15T00:30:34.775057,clean,sax,"{'w': 144, 'bins': 5}",16,1,2,0.1649763686582446,0.017901727929711342,0.1839097524061799,5,7,9,0
2026-05-15T00:30:34.960927,clean,sax,"{'w': 144, 'bins': 5}",16,2,2,0.16405491717159748,0.018310926854610443,0.18339079897850752,5,7,9,0
2026-05-15T00:30:35.147834,clean,sax,"{'w': 144, 'bins': 5}",16,3,2,0.1652572536841035,0.01801302656531334,0.18432319723069668,5,7,9,0
2026-05-15T00:30:35.334802,clean,sax,"{'w': 144, 'bins': 5}",16,4,2,0.16550229489803314,0.017991446889936924,0.1845166916027665,5,7,9,0
2026-05-15T00:30:35.532959,clean,sax,"{'w': 144, 'bins': 5}",17,0,2,0.17529214266687632,0.018626158125698566,0.19498993270099163,5,7,9,0
2026-05-15T00:30:35.730702,clean,sax,"{'w': 144, 'bins': 5}",17,1,2,0.1751253204420209,0.018713471479713917,0.19491034466773272,5,7,9,0
2026-05-15T00:30:35.928620,clean,sax,"{'w': 144, 'bins': 5}",17,2,2,0.175404604524374,0.01873792801052332,0.19521319214254618,5,7,9,0
2026-05-15T00:30:36.127890,clean,sax,"{'w': 144, 'bins': 5}",17,3,2,0.17706631496548653,0.018480083905160427,0.19664696510881186,5,7,9,0
2026-05-15T00:30:36.325565,clean,sax,"{'w': 144, 'bins': 5}",17,4,2,0.17554904613643885,0.01846689824014902,0.19508870784193277,5,7,9,0
2026-05-15T00:30:36.537338,clean,sax,"{'w': 144, 'bins': 5}",18,0,2,0.18784608226269484,0.019307727925479412,0.2083555655553937,5,7,9,0
2026-05-15T00:30:36.746864,clean,sax,"{'w': 144, 'bins': 5}",18,1,2,0.1864133421331644,0.019251140765845776,0.20684024039655924,5,7,9,0
2026-05-15T00:30:36.955619,clean,sax,"{'w': 144, 'bins': 5}",18,2,2,0.18575134966522455,0.019299572333693504,0.20618340838700533,5,7,9,0
2026-05-15T00:30:37.165241,clean,sax,"{'w': 144, 'bins': 5}",18,3,2,0.18657615687698126,0.01927915308624506,0.20699962880462408,5,7,9,0
2026-05-15T00:30:37.374469,clean,sax,"{'w': 144, 'bins': 5}",18,4,2,0.18563142511993647,0.019322805106639862,0.20608690660446882,5,7,9,0
2026-05-15T00:30:37.595404,clean,sax,"{'w': 144, 'bins': 5}",19,0,2,0.19620494544506073,0.019846479408442974,0.21738272346556187,5,7,9,0
2026-05-15T00:30:37.815447,clean,sax,"{'w': 144, 'bins': 5}",19,1,2,0.19596294034272432,0.019998946227133274,0.217299897223711,5,7,9,0
2026-05-15T00:30:38.035934,clean,sax,"{'w': 144, 'bins': 5}",19,2,2,0.19598324969410896,0.019877427257597446,0.21767527237534523,5,7,9,0
2026-05-15T00:30:38.256810,clean,sax,"{'w': 144, 'bins': 5}",19,3,2,0.1968804420903325,0.019726022146642208,0.21797296963632107,5,7,9,0
2026-05-15T00:30:38.476535,clean,sax,"{'w': 144, 'bins': 5}",19,4,2,0.1956801898777485,0.019899288192391396,0.21691746916621923,5,7,9,0
2026-05-15T00:30:38.708157,clean,sax,"{'w': 144, 'bins': 5}",20,0,2,0.2061397060751915,0.02060864958912134,0.22815705090761185,5,7,9,0
2026-05-15T00:30:38.940089,clean,sax,"{'w': 144, 'bins': 5}",20,1,2,0.20658171642571688,0.020706582814455032,0.22868956997990608,5,7,9,0
2026-05-15T00:30:39.171098,clean,sax,"{'w': 144, 'bins': 5}",20,2,2,0.20579510740935802,0.02075384184718132,0.22794599272310734,5,7,9,0
2026-05-15T00:30:39.402650,clean,sax,"{'w': 144, 'bins': 5}",20,3,2,0.20586575102061033,0.02068690676242113,0.22829668130725622,5,7,9,0
2026-05-15T00:30:39.633011,clean,sax,"{'w': 144, 'bins': 5}",20,4,2,0.20546253491193056,0.020575067028403282,0.22744508367031813,5,7,9,0
2026-05-15T00:30:39.884446,clean,sax,"{'w': 144, 'bins': 5}",21,0,2,0.21568638738244772,0.030449614860117435,0.24759402964264154,5,7,10,0
2026-05-15T00:30:40.136590,clean,sax,"{'w': 144, 'bins': 5}",21,1,2,0.2164822919294238,0.030684725381433964,0.24862468428909779,5,7,10,0
2026-05-15T00:30:40.388272,clean,sax,"{'w': 144, 'bins': 5}",21,2,2,0.21645156387239695,0.03052693046629429,0.24841750506311655,5,7,10,0
2026-05-15T00:30:40.639162,clean,sax,"{'w': 144, 'bins': 5}",21,3,2,0.21566374599933624,0.030472498387098312,0.24760892800986767,5,7,10,0
2026-05-15T00:30:40.892420,clean,sax,"{'w': 144, 'bins': 5}",21,4,2,0.21764860209077597,0.030537408776581287,0.24965351540595293,5,7,10,0
2026-05-15T00:30:41.156131,clean,sax,"{'w': 144, 'bins': 5}",22,0,2,0.22656387835741043,0.03140992671251297,0.25948651507496834,5,7,10,0
2026-05-15T00:30:41.418967,clean,sax,"{'w': 144, 'bins': 5}",22,1,2,0.22668530698865652,0.03141801245510578,0.2596043674275279,5,7,10,0
2026-05-15T00:30:41.681267,clean,sax,"{'w': 144, 'bins': 5}",22,2,2,0.22648052126169205,0.03115079179406166,0.25914558582007885,5,7,10,0
2026-05-15T00:30:41.943353,clean,sax,"{'w': 144, 'bins': 5}",22,3,2,0.22571034729480743,0.031381191685795784,0.2586032673716545,5,7,10,0
2026-05-15T00:30:42.207911,clean,sax,"{'w': 144, 'bins': 5}",22,4,2,0.2278867121785879,0.03179418761283159,0.26118802931159735,5,7,10,0
2026-05-15T00:30:42.483913,clean,sax,"{'w': 144, 'bins': 5}",23,0,2,0.23782092239707708,0.03257723804563284,0.2719901092350483,5,7,10,0
2026-05-15T00:30:42.758949,clean,sax,"{'w': 144, 'bins': 5}",23,1,2,0.23775841481983662,0.03241037577390671,0.2717484664171934,5,7,10,0
2026-05-15T00:30:43.033926,clean,sax,"{'w': 144, 'bins': 5}",23,2,2,0.2373778000473976,0.03259961120784283,0.2715636296197772,5,7,10,0
2026-05-15T00:30:43.309496,clean,sax,"{'w': 144, 'bins': 5}",23,3,2,0.23802777007222176,0.03263559937477112,0.2722480744123459,5,7,10,0
2026-05-15T00:30:43.585093,clean,sax,"{'w': 144, 'bins': 5}",23,4,2,0.23807524889707565,0.032665204256772995,0.2723133759573102,5,7,10,0
2026-05-15T00:30:43.872740,clean,sax,"{'w': 144, 'bins': 5}",24,0,2,0.24837336223572493,0.0334542253986001,0.2834908701479435,5,7,10,0
2026-05-15T00:30:44.159622,clean,sax,"{'w': 144, 'bins': 5}",24,1,2,0.24741940014064312,0.034035476855933666,0.2831501606851816,5,7,10,0
2026-05-15T00:30:44.444287,clean,sax,"{'w': 144, 'bins': 5}",24,2,2,0.2456050766631961,0.03366755601018667,0.2809497304260731,5,7,10,0
2026-05-15T00:30:44.730447,clean,sax,"{'w': 144, 'bins': 5}",24,3,2,0.24744034092873335,0.03374876640737057,0.28285576682537794,5,7,10,0
2026-05-15T00:30:45.017041,clean,sax,"{'w': 144, 'bins': 5}",24,4,2,0.24723956547677517,0.03397982195019722,0.2828964851796627,5,7,10,0
2026-05-15T00:30:45.316418,clean,sax,"{'w': 144, 'bins': 5}",25,0,2,0.25858809892088175,0.03469112701714039,0.29503309912979603,5,7,10,0
2026-05-15T00:30:45.614397,clean,sax,"{'w': 144, 'bins': 5}",25,1,2,0.2580558815971017,0.034671850502491,0.29446160700172186,5,7,10,0
2026-05-15T00:30:45.911666,clean,sax,"{'w': 144, 'bins': 5}",25,2,2,0.25747748371213675,0.034653947688639164,0.2938932999968529,5,7,10,0
2026-05-15T00:30:46.208641,clean,sax,"{'w': 144, 'bins': 5}",25,3,2,0.2565834252163768,0.03487069346010685,0.29322061594575644,5,7,10,0
2026-05-15T00:30:46.505805,clean,sax,"{'w': 144, 'bins': 5}",25,4,2,0.2571402406319976,0.03454591426998377,0.2934189084917307,5,7,10,0
2026-05-15T00:30:46.815996,clean,sax,"{'w': 144, 'bins': 5}",26,0,2,0.2682052841410041,0.03587948810309172,0.30588830821216106,5,7,10,0
2026-05-15T00:30:47.125226,clean,sax,"{'w': 144, 'bins': 5}",26,1,2,0.26815634220838547,0.035592648200690746,0.3057419713586569,5,7,10,0
2026-05-15T00:30:47.432662,clean,sax,"{'w': 144, 'bins': 5}",26,2,2,0.26608188822865486,0.035767899826169014,0.30366585683077574,5,7,10,0
2026-05-15T00:30:47.740336,clean,sax,"{'w': 144, 'bins': 5}",26,3,2,0.26649721805006266,0.03579596057534218,0.30409301817417145,5,7,10,0
2026-05-15T00:30:48.050216,clean,sax,"{'w': 144, 'bins': 5}",26,4,2,0.2688447553664446,0.03554162476211786,0.3062111847102642,5,7,10,0
2026-05-15T00:30:48.369694,clean,sax,"{'w': 144, 'bins': 5}",27,0,2,0.27593485545367,0.037029918283224106,0.31482929456979036,5,7,10,0
2026-05-15T00:30:48.690908,clean,sax,"{'w': 144, 'bins': 5}",27,1,2,0.2778181815519929,0.03709438908845186,0.3169930465519428,5,7,10,0
2026-05-15T00:30:49.012949,clean,sax,"{'w': 144, 'bins': 5}",27,2,2,0.2794450744986534,0.03675134386867285,0.318066599778831,5,7,10,0
2026-05-15T00:30:49.333971,clean,sax,"{'w': 144, 'bins': 5}",27,3,2,0.2786536291241646,0.036687806248664856,0.31721088476479053,5,7,10,0
2026-05-15T00:30:49.656337,clean,sax,"{'w': 144, 'bins': 5}",27,4,2,0.2795333005487919,0.0367653202265501,0.31818942073732615,5,7,10,0
2026-05-15T00:30:49.991430,clean,sax,"{'w': 144, 'bins': 5}",28,0,2,0.2909831078723073,0.0373975383117795,0.3303463254123926,5,7,10,0
2026-05-15T00:30:50.322454,clean,sax,"{'w': 144, 'bins': 5}",28,1,2,0.28761050570756197,0.03747784812003374,0.3272105371579528,5,7,10,0
2026-05-15T00:30:50.655714,clean,sax,"{'w': 144, 'bins': 5}",28,2,2,0.2895741118118167,0.03737272135913372,0.3288854919373989,5,7,10,0
2026-05-15T00:30:50.988979,clean,sax,"{'w': 144, 'bins': 5}",28,3,2,0.28998620342463255,0.037328267470002174,0.329266807064414,5,7,10,0
2026-05-15T00:30:51.320815,clean,sax,"{'w': 144, 'bins': 5}",28,4,2,0.2884739562869072,0.03738658782094717,0.3278176384046674,5,7,10,0
2026-05-15T00:30:51.665521,clean,sax,"{'w': 144, 'bins': 5}",29,0,2,0.29932878259569407,0.038166881538927555,0.3395421467721462,5,7,10,0
2026-05-15T00:30:52.015020,clean,sax,"{'w': 144, 'bins': 5}",29,1,2,0.30162522569298744,0.0414330642670393,0.34525968227535486,5,7,10,0
2026-05-15T00:30:52.360572,clean,sax,"{'w': 144, 'bins': 5}",29,2,2,0.3007478667423129,0.03828521445393562,0.34114726074039936,5,7,10,0
2026-05-15T00:30:52.705904,clean,sax,"{'w': 144, 'bins': 5}",29,3,2,0.3009232487529516,0.03815030213445425,0.3413333920761943,5,7,10,0
2026-05-15T00:30:53.053273,clean,sax,"{'w': 144, 'bins': 5}",29,4,2,0.3028778759762645,0.03837786987423897,0.3433008547872305,5,7,10,0
2026-05-15T00:30:53.410178,clean,sax,"{'w': 144, 'bins': 5}",30,0,2,0.31043424271047115,0.039398773573338985,0.35206928476691246,5,7,10,0
2026-05-15T00:30:53.765349,clean,sax,"{'w': 144, 'bins': 5}",30,1,2,0.3096880419179797,0.03897110279649496,0.35072492249310017,5,7,10,0
2026-05-15T00:30:54.122533,clean,sax,"{'w': 144, 'bins': 5}",30,2,2,0.3115030378103256,0.03913147281855345,0.3528735749423504,5,7,10,0
2026-05-15T00:30:54.478352,clean,sax,"{'w': 144, 'bins': 5}",30,3,2,0.31022598035633564,0.03917710855603218,0.351487522944808,5,7,10,0
2026-05-15T00:30:54.835966,clean,sax,"{'w': 144, 'bins': 5}",30,4,2,0.3120484435930848,0.03955490980297327,0.3536103907972574,5,7,10,0
2026-05-15T00:30:55.202571,clean,sax,"{'w': 144, 'bins': 5}",31,0,2,0.31813111156225204,0.04145871289074421,0.36174626275897026,5,7,10,0
2026-05-15T00:30:55.569845,clean,sax,"{'w': 144, 'bins': 5}",31,1,2,0.31984859611839056,0.04075875971466303,0.3627297291532159,5,7,10,0
2026-05-15T00:30:55.937365,clean,sax,"{'w': 144, 'bins': 5}",31,2,2,0.3197377985343337,0.04105595499277115,0.36311597377061844,5,7,10,0
2026-05-15T00:30:56.306080,clean,sax,"{'w': 144, 'bins': 5}",31,3,2,0.3209876846522093,0.04097913205623627,0.3641415601596236,5,7,10,0
2026-05-15T00:30:56.671466,clean,sax,"{'w': 144, 'bins': 5}",31,4,2,0.31745018251240253,0.040923227556049824,0.36071806214749813,5,7,10,0
2026-05-15T00:30:57.049050,clean,sax,"{'w': 144, 'bins': 5}",32,0,2,0.32820650562644005,0.041818197816610336,0.37225790694355965,5,7,10,0
2026-05-15T00:30:57.428185,clean,sax,"{'w': 144, 'bins': 5}",32,1,2,0.33046432584524155,0.041842092759907246,0.37450210005044937,5,7,10,0
2026-05-15T00:30:57.807221,clean,sax,"{'w': 144, 'bins': 5}",32,2,2,0.3297987459227443,0.041928122751414776,0.37408537697046995,5,7,10,0
2026-05-15T00:30:58.184919,clean,sax,"{'w': 144, 'bins': 5}",32,3,2,0.3297601342201233,0.041465794667601585,0.3734439928084612,5,7,10,0
2026-05-15T00:30:58.561918,clean,sax,"{'w': 144, 'bins': 5}",32,4,2,0.32860648911446333,0.041741423308849335,0.3725294480100274,5,7,10,0
2026-05-15T00:30:58.950575,clean,sax,"{'w': 144, 'bins': 5}",33,0,2,0.3382173012942076,0.04275770112872124,0.38339399360120296,5,7,10,0
2026-05-15T00:30:59.338014,clean,sax,"{'w': 144, 'bins': 5}",33,1,2,0.338142579421401,0.04255317710340023,0.3829653477296233,5,7,10,0
2026-05-15T00:30:59.726089,clean,sax,"{'w': 144, 'bins': 5}",33,2,2,0.3379734419286251,0.042880551889538765,0.3831148184835911,5,7,10,0
2026-05-15T00:31:00.114522,clean,sax,"{'w': 144, 'bins': 5}",33,3,2,0.338965455070138,0.042760977521538734,0.3839901825413108,5,7,10,0
2026-05-15T00:31:00.505100,clean,sax,"{'w': 144, 'bins': 5}",33,4,2,0.3408546904101968,0.042878108099102974,0.3860120875760913,5,7,10,0
2026-05-15T00:31:00.906837,clean,sax,"{'w': 144, 'bins': 5}",34,0,2,0.35017718374729156,0.044029428623616695,0.3965068906545639,5,7,10,0
2026-05-15T00:31:01.307745,clean,sax,"{'w': 144, 'bins': 5}",34,1,2,0.34989601559937,0.043939901515841484,0.3963383138179779,5,7,10,0
2026-05-15T00:31:01.706699,clean,sax,"{'w': 144, 'bins': 5}",34,2,2,0.3479091748595238,0.04404753353446722,0.3943466152995825,5,7,10,0
2026-05-15T00:31:02.108498,clean,sax,"{'w': 144, 'bins': 5}",34,3,2,0.3506528250873089,0.043907009065151215,0.3968763239681721,5,7,10,0
2026-05-15T00:31:02.506991,clean,sax,"{'w': 144, 'bins': 5}",34,4,2,0.3467213464900851,0.044048624113202095,0.39305439963936806,5,7,10,0
2026-05-15T00:31:02.920675,clean,sax,"{'w': 144, 'bins': 5}",35,0,2,0.3606930561363697,0.04504657816141844,0.40829684492200613,5,7,10,0
2026-05-15T00:31:03.330959,clean,sax,"{'w': 144, 'bins': 5}",35,1,2,0.3582395585253835,0.04495491646230221,0.40560301672667265,5,7,10,0
2026-05-15T00:31:03.741591,clean,sax,"{'w': 144, 'bins': 5}",35,2,2,0.358668465167284,0.04491559322923422,0.4059695256873965,5,7,10,0
2026-05-15T00:31:04.151982,clean,sax,"{'w': 144, 'bins': 5}",35,3,2,0.35870963241904974,0.04467359837144613,0.40574219916015863,5,7,10,0
2026-05-15T00:31:04.563604,clean,sax,"{'w': 144, 'bins': 5}",35,4,2,0.35922357626259327,0.04499037191271782,0.4067823002114892,5,7,10,0
2026-05-15T00:31:04.987487,clean,sax,"{'w': 144, 'bins': 5}",36,0,2,0.3693453101441264,0.04640422575175762,0.4182218872010708,5,7,10,0
2026-05-15T00:31:05.410334,clean,sax,"{'w': 144, 'bins': 5}",36,1,2,0.3685563178732991,0.04663234483450651,0.4176368387416005,5,7,10,0
2026-05-15T00:31:05.832750,clean,sax,"{'w': 144, 'bins': 5}",36,2,2,0.3689945302903652,0.04603281989693642,0.41745294257998466,5,7,10,0
2026-05-15T00:31:06.255014,clean,sax,"{'w': 144, 'bins': 5}",36,3,2,0.36828291416168213,0.04623786453157663,0.41694395802915096,5,7,10,0
2026-05-15T00:31:06.676802,clean,sax,"{'w': 144, 'bins': 5}",36,4,2,0.36812477745115757,0.04600592888891697,0.41668528225272894,5,7,10,0
2026-05-15T00:31:07.110129,clean,sax,"{'w': 144, 'bins': 5}",37,0,2,0.3796112220734358,0.04501056019216776,0.42730190325528383,5,7,11,0
2026-05-15T00:31:07.542791,clean,sax,"{'w': 144, 'bins': 5}",37,1,2,0.379377412609756,0.045285276137292385,0.4272125856950879,5,7,11,0
2026-05-15T00:31:07.974963,clean,sax,"{'w': 144, 'bins': 5}",37,2,2,0.379520520567894,0.04503601882606745,0.4270802475512028,5,7,11,0
2026-05-15T00:31:08.406404,clean,sax,"{'w': 144, 'bins': 5}",37,3,2,0.378380561247468,0.04525571130216122,0.42609106097370386,5,7,11,0
2026-05-15T00:31:08.838579,clean,sax,"{'w': 144, 'bins': 5}",37,4,2,0.3791652135550976,0.045057558454573154,0.4266841830685735,5,7,11,0
2026-05-15T00:31:09.288186,clean,sax,"{'w': 144, 'bins': 5}",38,0,2,0.3901993790641427,0.05033457651734352,0.4432473089545965,5,8,12,0
2026-05-15T00:31:09.735806,clean,sax,"{'w': 144, 'bins': 5}",38,1,2,0.38895132578909397,0.050607237964868546,0.44229621440172195,5,8,12,0
2026-05-15T00:31:10.185486,clean,sax,"{'w': 144, 'bins': 5}",38,2,2,0.39105699863284826,0.05063197296112776,0.44428292196244,5,8,12,0
2026-05-15T00:31:10.633175,clean,sax,"{'w': 144, 'bins': 5}",38,3,2,0.38943183794617653,0.05019959155470133,0.4422237863764167,5,8,12,0
2026-05-15T00:31:11.081343,clean,sax,"{'w': 144, 'bins': 5}",38,4,2,0.3901275545358658,0.05023140087723732,0.44291785918176174,5,8,12,0
2026-05-15T00:31:11.540082,clean,sax,"{'w': 144, 'bins': 5}",39,0,2,0.39894526824355125,0.0510953338816762,0.4526876313611865,5,8,12,0
2026-05-15T00:31:12.001566,clean,sax,"{'w': 144, 'bins': 5}",39,1,2,0.401736568659544,0.05125620495527983,0.4556023720651865,5,8,12,0
2026-05-15T00:31:12.463549,clean,sax,"{'w': 144, 'bins': 5}",39,2,2,0.40219452790915966,0.051427227444946766,0.45643932465463877,5,8,12,0
2026-05-15T00:31:12.922936,clean,sax,"{'w': 144, 'bins': 5}",39,3,2,0.39921602699905634,0.051576416939496994,0.4536579931154847,5,8,12,0
2026-05-15T00:31:13.383702,clean,sax,"{'w': 144, 'bins': 5}",39,4,2,0.400685484521091,0.05171576887369156,0.45525185484439135,5,8,12,0
2026-05-15T00:31:13.918686,clean,sax,"{'w': 144, 'bins': 5}",40,0,2,0.4096883265301585,0.05134103633463383,0.5290691563859582,5,8,12,0
2026-05-15T00:31:14.386661,clean,sax,"{'w': 144, 'bins': 5}",40,1,2,0.4074387736618519,0.051842957735061646,0.462185051292181,5,8,12,0
2026-05-15T00:31:14.853809,clean,sax,"{'w': 144, 'bins': 5}",40,2,2,0.40673302859067917,0.051766132935881615,0.4612595532089472,5,8,12,0
2026-05-15T00:31:15.320817,clean,sax,"{'w': 144, 'bins': 5}",40,3,2,0.406559812836349,0.05188027676194906,0.4611157029867172,5,8,12,0
2026-05-15T00:31:15.788609,clean,sax,"{'w': 144, 'bins': 5}",40,4,2,0.4084563236683607,0.05148838181048632,0.46261647064238787,5,8,12,0
2026-05-15T00:31:16.268692,clean,sax,"{'w': 144, 'bins': 5}",41,0,2,0.4176547033712268,0.053252012468874454,0.4735857741907239,5,8,12,0
2026-05-15T00:31:16.751235,clean,sax,"{'w': 144, 'bins': 5}",41,1,2,0.42016034573316574,0.05357085168361664,0.47643141727894545,5,8,12,0
2026-05-15T00:31:17.232790,clean,sax,"{'w': 144, 'bins': 5}",41,2,2,0.4197659743949771,0.05328494403511286,0.47574221156537533,5,8,12,0
2026-05-15T00:31:17.713474,clean,sax,"{'w': 144, 'bins': 5}",41,3,2,0.41854526568204165,0.05308826453983784,0.4743391191586852,5,8,12,0
2026-05-15T00:31:18.195345,clean,sax,"{'w': 144, 'bins': 5}",41,4,2,0.42058658692985773,0.05316869728267193,0.4764598114416003,5,8,12,0
2026-05-15T00:31:18.684271,clean,sax,"{'w': 144, 'bins': 5}",42,0,2,0.4299572082236409,0.049981373362243176,0.48274441808462143,5,7,11,0
2026-05-15T00:31:19.171696,clean,sax,"{'w': 144, 'bins': 5}",42,1,2,0.4284539669752121,0.04995693638920784,0.48119612224400043,5,7,11,0
2026-05-15T00:31:19.660885,clean,sax,"{'w': 144, 'bins': 5}",42,2,2,0.43025744240731,0.050118581391870975,0.4831541180610657,5,7,11,0
2026-05-15T00:31:20.149328,clean,sax,"{'w': 144, 'bins': 5}",42,3,2,0.4298302195966244,0.050126465037465096,0.4827509904280305,5,7,11,0
2026-05-15T00:31:20.637584,clean,sax,"{'w': 144, 'bins': 5}",42,4,2,0.4296591393649578,0.05013022106140852,0.4826134517788887,5,7,11,0
2026-05-15T00:31:21.141340,clean,sax,"{'w': 144, 'bins': 5}",43,0,2,0.4384842673316598,0.055739312432706356,0.4971204176545143,5,8,12,0
2026-05-15T00:31:21.645918,clean,sax,"{'w': 144, 'bins': 5}",43,1,2,0.4398181214928627,0.05580251011997461,0.4984885957092047,5,8,12,0
2026-05-15T00:31:22.151551,clean,sax,"{'w': 144, 'bins': 5}",43,2,2,0.4405710641294718,0.056228761561214924,0.49963749293237925,5,8,12,0
2026-05-15T00:31:22.656047,clean,sax,"{'w': 144, 'bins': 5}",43,3,2,0.43973586708307266,0.056099316105246544,0.4987095594406128,5,8,12,0
2026-05-15T00:31:23.159138,clean,sax,"{'w': 144, 'bins': 5}",43,4,2,0.4385257251560688,0.055803402327001095,0.497192713432014,5,8,12,0
2026-05-15T00:31:23.671862,clean,sax,"{'w': 144, 'bins': 5}",44,0,2,0.4507069028913975,0.05216356832534075,0.5058743907138705,5,7,11,0
2026-05-15T00:31:24.183398,clean,sax,"{'w': 144, 'bins': 5}",44,1,2,0.45034288987517357,0.051908030174672604,0.5052456818521023,5,7,11,0
2026-05-15T00:31:24.694972,clean,sax,"{'w': 144, 'bins': 5}",44,2,2,0.45029630046337843,0.051913369446992874,0.5052202921360731,5,7,11,0
2026-05-15T00:31:25.206323,clean,sax,"{'w': 144, 'bins': 5}",44,3,2,0.450117165222764,0.05177187453955412,0.5050579393282533,5,7,11,0
2026-05-15T00:31:25.719838,clean,sax,"{'w': 144, 'bins': 5}",44,4,2,0.4517614021897316,0.051975405775010586,0.5069571640342474,5,7,11,0
2026-05-15T00:31:26.246450,clean,sax,"{'w': 144, 'bins': 5}",45,0,2,0.462909740395844,0.05307277571409941,0.51922966260463,5,7,11,0
2026-05-15T00:31:26.767196,clean,sax,"{'w': 144, 'bins': 5}",45,1,2,0.45811477955430746,0.052967239171266556,0.5142885576933622,5,7,11,0
2026-05-15T00:31:27.291210,clean,sax,"{'w': 144, 'bins': 5}",45,2,2,0.46183038502931595,0.053041006438434124,0.5178694799542427,5,7,11,0
2026-05-15T00:31:27.815375,clean,sax,"{'w': 144, 'bins': 5}",45,3,2,0.46237593051046133,0.052755119279026985,0.5181390065699816,5,7,11,0
2026-05-15T00:31:28.339863,clean,sax,"{'w': 144, 'bins': 5}",45,4,2,0.46216065529733896,0.05293712019920349,0.5181456673890352,5,7,11,0
2026-05-15T00:31:28.880104,clean,sax,"{'w': 144, 'bins': 5}",46,0,2,0.4704163148999214,0.059256333857774734,0.532962815836072,5,8,12,0
2026-05-15T00:31:29.423328,clean,sax,"{'w': 144, 'bins': 5}",46,1,2,0.47418989893049,0.05916338041424751,0.5366972163319588,5,8,12,0
2026-05-15T00:31:29.964360,clean,sax,"{'w': 144, 'bins': 5}",46,2,2,0.47227248921990395,0.05910518113523722,0.5346762025728822,5,8,12,0
2026-05-15T00:31:30.507100,clean,sax,"{'w': 144, 'bins': 5}",46,3,2,0.47457044292241335,0.05863995756953955,0.5363106606528163,5,8,12,0
2026-05-15T00:31:31.049246,clean,sax,"{'w': 144, 'bins': 5}",46,4,2,0.47335109300911427,0.059073491021990776,0.5355159379541874,5,8,12,0
2026-05-15T00:31:31.601424,clean,sax,"{'w': 144, 'bins': 5}",47,0,2,0.4819405283778906,0.05958334729075432,0.5447700703516603,5,8,12,0
2026-05-15T00:31:32.150485,clean,sax,"{'w': 144, 'bins': 5}",47,1,2,0.4791194936260581,0.06005883123725653,0.5425485614687204,5,8,12,0
2026-05-15T00:31:32.700115,clean,sax,"{'w': 144, 'bins': 5}",47,2,2,0.48021755553781986,0.05964277870953083,0.5432709772139788,5,8,12,0
2026-05-15T00:31:33.250736,clean,sax,"{'w': 144, 'bins': 5}",47,3,2,0.4806519094854593,0.05994298402220011,0.5440141325816512,5,8,12,0
2026-05-15T00:31:33.804073,clean,sax,"{'w': 144, 'bins': 5}",47,4,2,0.48416808154433966,0.059495183639228344,0.5468817465007305,5,8,12,0
2026-05-15T00:31:34.366404,clean,sax,"{'w': 144, 'bins': 5}",48,0,2,0.49040186405181885,0.060923684388399124,0.5547729106619954,5,8,12,0
2026-05-15T00:31:34.930275,clean,sax,"{'w': 144, 'bins': 5}",48,1,2,0.4927957681939006,0.060889038257300854,0.5570952594280243,5,8,12,0
2026-05-15T00:31:35.493672,clean,sax,"{'w': 144, 'bins': 5}",48,2,2,0.4919807482510805,0.061023201793432236,0.5565610779449344,5,8,12,0
2026-05-15T00:31:36.059752,clean,sax,"{'w': 144, 'bins': 5}",48,3,2,0.4946946520358324,0.06117321364581585,0.5591460103169084,5,8,12,0
2026-05-15T00:31:36.626203,clean,sax,"{'w': 144, 'bins': 5}",48,4,2,0.4948155293241143,0.061177550815045834,0.5593067612498999,5,8,12,0
2026-05-15T00:31:37.199790,clean,sax,"{'w': 144, 'bins': 5}",49,0,2,0.5003858879208565,0.06206496711820364,0.565979478880763,5,8,12,0
2026-05-15T00:31:37.775602,clean,sax,"{'w': 144, 'bins': 5}",49,1,2,0.5032998779788613,0.06217989418655634,0.5690763741731644,5,8,12,0
2026-05-15T00:31:38.351866,clean,sax,"{'w': 144, 'bins': 5}",49,2,2,0.5044537633657455,0.06189985666424036,0.5696801953017712,5,8,12,0
2026-05-15T00:31:38.926308,clean,sax,"{'w': 144, 'bins': 5}",49,3,2,0.5022764978930354,0.061821069568395615,0.5674959868192673,5,8,12,0
2026-05-15T00:31:39.521653,clean,sax,"{'w': 144, 'bins': 5}",49,4,2,0.5144995646551251,0.06378631014376879,0.5886148056015372,5,8,12,0
2026-05-15T00:31:40.109966,clean,sax,"{'w': 144, 'bins': 5}",50,0,2,0.5131392013281584,0.06358910817652941,0.5807388983666897,5,8,12,0
2026-05-15T00:31:40.704818,clean,sax,"{'w': 144, 'bins': 5}",50,1,2,0.5201738271862268,0.06377142015844584,0.5877433177083731,5,8,12,0
2026-05-15T00:31:41.295635,clean,sax,"{'w': 144, 'bins': 5}",50,2,2,0.5166030926629901,0.06331541389226913,0.583653038367629,5,8,12,0
2026-05-15T00:31:41.887948,clean,sax,"{'w': 144, 'bins': 5}",50,3,2,0.5182433919981122,0.0632022125646472,0.5853701429441571,5,8,12,0
2026-05-15T00:31:42.484112,clean,sax,"{'w': 144, 'bins': 5}",50,4,2,0.5224272757768631,0.06310672219842672,0.5892637502402067,5,8,12,0
2026-05-15T00:31:43.082440,clean,sax,"{'w': 144, 'bins': 5}",51,0,2,0.5224994719028473,0.06414670683443546,0.5902586001902819,5,8,12,0
2026-05-15T00:31:43.682963,clean,sax,"{'w': 144, 'bins': 5}",51,1,2,0.5255709895864129,0.06373067479580641,0.5930580254644156,5,8,12,0
2026-05-15T00:31:44.355103,clean,sax,"{'w': 144, 'bins': 5}",51,2,2,0.5939032528549433,0.06656128820031881,0.6641613710671663,5,8,12,0
2026-05-15T00:31:44.953016,clean,sax,"{'w': 144, 'bins': 5}",51,3,2,0.522426625713706,0.06379729881882668,0.5898697283118963,5,8,12,0
2026-05-15T00:31:45.547086,clean,sax,"{'w': 144, 'bins': 5}",51,4,2,0.5196614833548665,0.06382513232529163,0.5870682401582599,5,8,12,0
2026-05-15T00:31:46.155036,clean,sax,"{'w': 144, 'bins': 5}",52,0,2,0.5315710427239537,0.06508571840822697,0.6000524759292603,5,8,12,0
2026-05-15T00:31:46.765146,clean,sax,"{'w': 144, 'bins': 5}",52,1,2,0.5342898266389966,0.06505457032471895,0.602864395827055,5,8,12,0
2026-05-15T00:31:47.373926,clean,sax,"{'w': 144, 'bins': 5}",52,2,2,0.5323236752301455,0.06506392639130354,0.6013481272384524,5,8,12,0
2026-05-15T00:31:47.981649,clean,sax,"{'w': 144, 'bins': 5}",52,3,2,0.5322770997881889,0.0648067332804203,0.60050855204463,5,8,12,0
2026-05-15T00:31:48.588317,clean,sax,"{'w': 144, 'bins': 5}",52,4,2,0.530941279605031,0.06504631415009499,0.5994987664744258,5,8,12,0
2026-05-15T00:31:49.196070,clean,sax,"{'w': 144, 'bins': 5}",53,0,2,0.5407433826476336,0.055649952962994576,0.6001170966774225,5,8,12,0
2026-05-15T00:31:49.807296,clean,sax,"{'w': 144, 'bins': 5}",53,1,2,0.5439333906397223,0.056025308556854725,0.6034879554063082,5,8,12,0
2026-05-15T00:31:50.420045,clean,sax,"{'w': 144, 'bins': 5}",53,2,2,0.5469940062612295,0.05548352189362049,0.6061378307640553,5,8,12,0
2026-05-15T00:31:51.031187,clean,sax,"{'w': 144, 'bins': 5}",53,3,2,0.5453260550275445,0.055459306575357914,0.6045144824311137,5,8,12,0
2026-05-15T00:31:51.645522,clean,sax,"{'w': 144, 'bins': 5}",53,4,2,0.5476383166387677,0.05592803563922644,0.6072745742276311,5,8,12,0
2026-05-15T00:31:52.261245,clean,sax,"{'w': 144, 'bins': 5}",54,0,2,0.5519830314442515,0.05167235620319843,0.6075014593079686,5,9,13,0
2026-05-15T00:31:52.880428,clean,sax,"{'w': 144, 'bins': 5}",54,1,2,0.5565162329003215,0.05172247067093849,0.6120193209499121,5,9,13,0
2026-05-15T00:31:53.498818,clean,sax,"{'w': 144, 'bins': 5}",54,2,2,0.5558675257489085,0.05165140796452761,0.6113874856382608,5,9,13,0
2026-05-15T00:31:54.113995,clean,sax,"{'w': 144, 'bins': 5}",54,3,2,0.5527015523985028,0.051596565172076225,0.6080761607736349,5,9,13,0
2026-05-15T00:31:54.731445,clean,sax,"{'w': 144, 'bins': 5}",54,4,2,0.5546350916847587,0.05174002330750227,0.6102728024125099,5,9,13,0
2026-05-15T00:31:55.361824,clean,sax,"{'w': 144, 'bins': 5}",55,0,2,0.5660768626257777,0.05231842864304781,0.6222393177449703,5,9,13,0
2026-05-15T00:31:55.991377,clean,sax,"{'w': 144, 'bins': 5}",55,1,2,0.5655091069638729,0.05208739638328552,0.6219950802624226,5,9,13,0
2026-05-15T00:31:56.621579,clean,sax,"{'w': 144, 'bins': 5}",55,2,2,0.5668635778129101,0.05223296023905277,0.6229469673708081,5,9,13,0
2026-05-15T00:31:57.249983,clean,sax,"{'w': 144, 'bins': 5}",55,3,2,0.5647333404049277,0.05233137495815754,0.6210551867261529,5,9,13,0
2026-05-15T00:31:57.877631,clean,sax,"{'w': 144, 'bins': 5}",55,4,2,0.5644092615693808,0.052202191203832626,0.6205081082880497,5,9,13,0
2026-05-15T00:31:58.517329,clean,sax,"{'w': 144, 'bins': 5}",56,0,2,0.573550634086132,0.053581069223582745,0.6313306866213679,5,9,13,0
2026-05-15T00:31:59.159377,clean,sax,"{'w': 144, 'bins': 5}",56,1,2,0.5771520538255572,0.05328442342579365,0.6344071021303535,5,9,13,0
2026-05-15T00:31:59.798665,clean,sax,"{'w': 144, 'bins': 5}",56,2,2,0.5745077393949032,0.053257863968610764,0.6318629356101155,5,9,13,0
2026-05-15T00:32:00.439695,clean,sax,"{'w': 144, 'bins': 5}",56,3,2,0.5763165047392249,0.05315603315830231,0.6334227742627263,5,9,13,0
2026-05-15T00:32:01.082981,clean,sax,"{'w': 144, 'bins': 5}",56,4,2,0.5780117465183139,0.05341720301657915,0.6355167236179113,5,9,13,0
2026-05-15T00:32:01.738380,clean,sax,"{'w': 144, 'bins': 5}",57,0,2,0.5866847895085812,0.05616968125104904,0.6469517424702644,5,4,7,0
2026-05-15T00:32:02.396628,clean,sax,"{'w': 144, 'bins': 5}",57,1,2,0.5894151367247105,0.0561248455196619,0.6501449970528483,5,4,7,0
2026-05-15T00:32:03.053168,clean,sax,"{'w': 144, 'bins': 5}",57,2,2,0.5879660444334149,0.056010772474110126,0.6480902601033449,5,4,7,0
2026-05-15T00:32:03.707441,clean,sax,"{'w': 144, 'bins': 5}",57,3,2,0.5862411875277758,0.05612662993371487,0.646613928489387,5,4,7,0
2026-05-15T00:32:04.362045,clean,sax,"{'w': 144, 'bins': 5}",57,4,2,0.5865281550213695,0.05588863231241703,0.6465616887435317,5,4,7,0
2026-05-15T00:32:05.032423,clean,sax,"{'w': 144, 'bins': 5}",58,0,2,0.5971570797264576,0.060205486603081226,0.661699378862977,5,9,14,0
2026-05-15T00:32:05.708074,clean,sax,"{'w': 144, 'bins': 5}",58,1,2,0.6031343825161457,0.060204965993762016,0.6676369560882449,5,9,14,0
2026-05-15T00:32:06.379944,clean,sax,"{'w': 144, 'bins': 5}",58,2,2,0.5991069404408336,0.06064517330378294,0.6638620793819427,5,9,14,0
2026-05-15T00:32:07.052027,clean,sax,"{'w': 144, 'bins': 5}",58,3,2,0.5993013754487038,0.06051372457295656,0.6641308423131704,5,9,14,0
2026-05-15T00:32:07.723272,clean,sax,"{'w': 144, 'bins': 5}",58,4,2,0.5983862085267901,0.06043459568172693,0.6631019618362188,5,9,14,0
2026-05-15T00:32:08.405413,clean,sax,"{'w': 144, 'bins': 5}",59,0,2,0.6081642750650644,0.06125729996711016,0.6736947586759925,5,9,14,0
2026-05-15T00:32:09.087692,clean,sax,"{'w': 144, 'bins': 5}",59,1,2,0.6092286221683025,0.06109250243753195,0.6743499683216214,5,9,14,0
2026-05-15T00:32:09.769159,clean,sax,"{'w': 144, 'bins': 5}",59,2,2,0.6080599883571267,0.060797037556767464,0.6731373518705368,5,9,14,0
2026-05-15T00:32:10.455564,clean,sax,"{'w': 144, 'bins': 5}",59,3,2,0.6116838119924068,0.061432559974491596,0.6779764061793685,5,9,14,0
2026-05-15T00:32:11.140619,clean,sax,"{'w': 144, 'bins': 5}",59,4,2,0.6113484632223845,0.061275084502995014,0.6769086522981524,5,9,14,0
2026-05-15T00:32:11.827857,clean,sax,"{'w': 144, 'bins': 5}",60,0,2,0.6163355652242899,0.05758873280137777,0.6780451145023108,5,9,13,0
2026-05-15T00:32:12.517882,clean,sax,"{'w': 144, 'bins': 5}",60,1,2,0.6194845754653215,0.0579339312389493,0.6817641062662005,5,9,13,0
2026-05-15T00:32:13.204001,clean,sax,"{'w': 144, 'bins': 5}",60,2,2,0.6159892240539193,0.057466053403913975,0.6778669599443674,5,9,13,0
2026-05-15T00:32:13.956162,clean,sax,"{'w': 144, 'bins': 5}",60,3,2,0.6166784791275859,0.05661788210272789,0.7442902512848377,5,9,13,0
2026-05-15T00:32:14.634590,clean,sax,"{'w': 144, 'bins': 5}",60,4,2,0.6086972951889038,0.05742037761956453,0.6704775178804994,5,9,13,0
2026-05-15T00:32:15.328605,clean,sax,"{'w': 144, 'bins': 5}",61,0,2,0.6229991046711802,0.05800497531890869,0.6852195942774415,5,9,13,0
2026-05-15T00:32:16.018950,clean,sax,"{'w': 144, 'bins': 5}",61,1,2,0.6206262717023492,0.05738765560090542,0.6820023152977228,5,9,13,0
2026-05-15T00:32:16.712546,clean,sax,"{'w': 144, 'bins': 5}",61,2,2,0.6236226949840784,0.05780006106942892,0.6856063203886151,5,9,13,0
2026-05-15T00:32:17.405248,clean,sax,"{'w': 144, 'bins': 5}",61,3,2,0.6221266472712159,0.05805791448801756,0.6843820316717029,5,9,13,0
2026-05-15T00:32:18.095764,clean,sax,"{'w': 144, 'bins': 5}",61,4,2,0.6203663628548384,0.05804517958313227,0.6824555350467563,5,9,13,0
2026-05-15T00:32:18.799869,clean,sax,"{'w': 144, 'bins': 5}",62,0,2,0.6313587194308639,0.05932189803570509,0.6949596600607038,5,9,13,0
2026-05-15T00:32:19.509127,clean,sax,"{'w': 144, 'bins': 5}",62,1,2,0.63718431442976,0.05889544636011124,0.7004659958183765,5,9,13,0
2026-05-15T00:32:20.210736,clean,sax,"{'w': 144, 'bins': 5}",62,2,2,0.6297694444656372,0.05921129882335663,0.6931234011426568,5,9,13,0
2026-05-15T00:32:20.921121,clean,sax,"{'w': 144, 'bins': 5}",62,3,2,0.6357733756303787,0.06198183260858059,0.7020901357755065,5,9,13,0
2026-05-15T00:32:21.627059,clean,sax,"{'w': 144, 'bins': 5}",62,4,2,0.6338505866006017,0.05909364949911833,0.6974031571298838,5,9,13,0
2026-05-15T00:32:22.349750,clean,sax,"{'w': 144, 'bins': 5}",63,0,2,0.6485672844573855,0.06023642513900995,0.7130477167665958,5,9,13,0
2026-05-15T00:32:23.064668,clean,sax,"{'w': 144, 'bins': 5}",63,1,2,0.6419871421530843,0.060101271606981754,0.7065360024571419,5,9,13,0
2026-05-15T00:32:23.781480,clean,sax,"{'w': 144, 'bins': 5}",63,2,2,0.6442066794261336,0.05991577357053757,0.7086114697158337,5,9,13,0
2026-05-15T00:32:24.496712,clean,sax,"{'w': 144, 'bins': 5}",63,3,2,0.6428572842851281,0.059659711085259914,0.7069923775270581,5,9,13,0
2026-05-15T00:32:25.217609,clean,sax,"{'w': 144, 'bins': 5}",63,4,2,0.6484921639785171,0.05978947598487139,0.7125979624688625,5,9,13,0
2026-05-15T00:32:25.945033,clean,sax,"{'w': 144, 'bins': 5}",64,0,2,0.6524627292528749,0.06075254362076521,0.7177601344883442,5,9,13,0
2026-05-15T00:32:26.675475,clean,sax,"{'w': 144, 'bins': 5}",64,1,2,0.6569249154999852,0.06057525146752596,0.7220189198851585,5,9,13,0
2026-05-15T00:32:27.405415,clean,sax,"{'w': 144, 'bins': 5}",64,2,2,0.6566463122144341,0.06030510365962982,0.7214787444099784,5,9,13,0
2026-05-15T00:32:28.165887,clean,sax,"{'w': 144, 'bins': 5}",64,3,2,0.6533762030303478,0.060413667000830173,0.7183438492938876,5,9,13,0
2026-05-15T00:32:28.896653,clean,sax,"{'w': 144, 'bins': 5}",64,4,2,0.656720963306725,0.06057833693921566,0.721865220926702,5,9,13,0
2026-05-15T00:32:29.639948,clean,sax,"{'w': 144, 'bins': 5}",65,0,2,0.6678954111412168,0.06127401161938906,0.7338595576584339,5,9,13,0
2026-05-15T00:32:30.376295,clean,sax,"{'w': 144, 'bins': 5}",65,1,2,0.6618295023217797,0.061441246420145035,0.7279271399602294,5,9,13,0
2026-05-15T00:32:31.116322,clean,sax,"{'w': 144, 'bins': 5}",65,2,2,0.6645288811996579,0.06200552638620138,0.7311701504513621,5,9,13,0
2026-05-15T00:32:31.858173,clean,sax,"{'w': 144, 'bins': 5}",65,3,2,0.6667735734954476,0.061809287406504154,0.7332640802487731,5,9,13,0
2026-05-15T00:32:32.598101,clean,sax,"{'w': 144, 'bins': 5}",65,4,2,0.6646415824070573,0.06182615738362074,0.7310820426791906,5,9,13,0
2026-05-15T00:32:33.350385,clean,sax,"{'w': 144, 'bins': 5}",66,0,2,0.6758216517046094,0.06214360613375902,0.7425072537735105,5,9,13,0
2026-05-15T00:32:34.107178,clean,sax,"{'w': 144, 'bins': 5}",66,1,2,0.680456311441958,0.06246671173721552,0.7475004559382796,5,9,13,0
2026-05-15T00:32:34.865655,clean,sax,"{'w': 144, 'bins': 5}",66,2,2,0.6816456848755479,0.06287340447306633,0.7497662799432874,5,9,13,0
2026-05-15T00:32:35.622145,clean,sax,"{'w': 144, 'bins': 5}",66,3,2,0.6800343301147223,0.06263417564332485,0.7474037548527122,5,9,13,0
2026-05-15T00:32:36.377754,clean,sax,"{'w': 144, 'bins': 5}",66,4,2,0.6798752713948488,0.0619713319465518,0.7466360256075859,5,9,13,0
2026-05-15T00:32:37.145408,clean,sax,"{'w': 144, 'bins': 5}",67,0,2,0.6896000578999519,0.06295307539403439,0.7573950830847025,5,9,13,0
2026-05-15T00:32:37.907800,clean,sax,"{'w': 144, 'bins': 5}",67,1,2,0.6860042456537485,0.06271474808454514,0.7535925740376115,5,9,13,0
2026-05-15T00:32:38.674334,clean,sax,"{'w': 144, 'bins': 5}",67,2,2,0.6887367870658636,0.06361112091690302,0.7572908373549581,5,9,13,0
2026-05-15T00:32:39.439030,clean,sax,"{'w': 144, 'bins': 5}",67,3,2,0.68763692304492,0.06302929669618607,0.7556008733808994,5,9,13,0
2026-05-15T00:32:40.202631,clean,sax,"{'w': 144, 'bins': 5}",67,4,2,0.6867187786847353,0.06282714754343033,0.7544382410123944,5,9,13,0
2026-05-15T00:32:41.042748,clean,sax,"{'w': 144, 'bins': 5}",68,0,2,0.760933886282146,0.06398758664727211,0.8299894379451871,5,9,13,0
2026-05-15T00:32:41.813733,clean,sax,"{'w': 144, 'bins': 5}",68,1,2,0.6932066073641181,0.06412712950259447,0.7620725836604834,5,9,13,0
2026-05-15T00:32:42.585015,clean,sax,"{'w': 144, 'bins': 5}",68,2,2,0.6941247219219804,0.06359688378870487,0.7623631889000535,5,9,13,0
2026-05-15T00:32:43.354660,clean,sax,"{'w': 144, 'bins': 5}",68,3,2,0.6924722595140338,0.06348550412803888,0.7607025215402246,5,9,13,0
2026-05-15T00:32:44.127682,clean,sax,"{'w': 144, 'bins': 5}",68,4,2,0.6958572547882795,0.06342361774295568,0.7639355510473251,5,9,13,0
2026-05-15T00:32:44.912943,clean,sax,"{'w': 144, 'bins': 5}",69,0,2,0.7057535741478205,0.064650590531528,0.7751411078497767,5,9,13,0
2026-05-15T00:32:45.697305,clean,sax,"{'w': 144, 'bins': 5}",69,1,2,0.7060147244483232,0.0642224969342351,0.7749630436301231,5,9,13,0
2026-05-15T00:32:46.480577,clean,sax,"{'w': 144, 'bins': 5}",69,2,2,0.7046965807676315,0.06461432296782732,0.7740423250943422,5,9,13,0
2026-05-15T00:32:47.266503,clean,sax,"{'w': 144, 'bins': 5}",69,3,2,0.7069033216685057,0.06474563013762236,0.7763455687090755,5,9,13,0
2026-05-15T00:32:48.050660,clean,sax,"{'w': 144, 'bins': 5}",69,4,2,0.7059155181050301,0.06467440631240606,0.7751833982765675,5,9,13,0
2026-05-15T00:32:48.849190,clean,sax,"{'w': 144, 'bins': 5}",70,0,2,0.7178000975400209,0.06565442681312561,0.7882814863696694,5,9,13,0
2026-05-15T00:32:49.647065,clean,sax,"{'w': 144, 'bins': 5}",70,1,2,0.7176403077319264,0.06574785243719816,0.7882706867530942,5,9,13,0
2026-05-15T00:32:50.442773,clean,sax,"{'w': 144, 'bins': 5}",70,2,2,0.7162390779703856,0.06532629951834679,0.7864125575870275,5,9,13,0
2026-05-15T00:32:51.247297,clean,sax,"{'w': 144, 'bins': 5}",70,3,2,0.7241299813613296,0.06600461341440678,0.7950776349753141,5,9,13,0
2026-05-15T00:32:52.044572,clean,sax,"{'w': 144, 'bins': 5}",70,4,2,0.716320832259953,0.06604417692869902,0.7872764496132731,5,9,13,0
2026-05-15T00:32:52.854799,clean,sax,"{'w': 144, 'bins': 5}",71,0,2,0.727172264829278,0.06713243946433067,0.7999038361012936,5,9,13,0
2026-05-15T00:32:53.665323,clean,sax,"{'w': 144, 'bins': 5}",71,1,2,0.7291682604700327,0.06646530888974667,0.800658973865211,5,9,13,0
2026-05-15T00:32:54.476990,clean,sax,"{'w': 144, 'bins': 5}",71,2,2,0.7305890079587698,0.06622790452092886,0.8018379481509328,5,9,13,0
2026-05-15T00:32:55.287300,clean,sax,"{'w': 144, 'bins': 5}",71,3,2,0.728711393661797,0.06666657514870167,0.8004636159166694,5,9,13,0
2026-05-15T00:32:56.098152,clean,sax,"{'w': 144, 'bins': 5}",71,4,2,0.7294678846374154,0.06654771231114864,0.8010914558544755,5,9,13,0
2026-05-15T00:32:56.921556,clean,sax,"{'w': 144, 'bins': 5}",72,0,2,0.7403612127527595,0.06747069582343102,0.8128998633474112,5,9,13,0
2026-05-15T00:32:57.744335,clean,sax,"{'w': 144, 'bins': 5}",72,1,2,0.7398655032739043,0.06790819857269526,0.8127823546528816,5,9,13,0
2026-05-15T00:32:58.568881,clean,sax,"{'w': 144, 'bins': 5}",72,2,2,0.7420384818688035,0.0675734980031848,0.814755717292428,5,9,13,0
2026-05-15T00:32:59.393021,clean,sax,"{'w': 144, 'bins': 5}",72,3,2,0.7414617296308279,0.06756181828677654,0.8142178989946842,5,9,13,0
2026-05-15T00:33:00.213650,clean,sax,"{'w': 144, 'bins': 5}",72,4,2,0.7377449721097946,0.06783413887023926,0.810793049633503,5,9,13,0
2026-05-15T00:33:01.051137,clean,sax,"{'w': 144, 'bins': 5}",73,0,2,0.7528505399823189,0.0684987148270011,0.8266974557191133,5,9,13,0
2026-05-15T00:33:01.885624,clean,sax,"{'w': 144, 'bins': 5}",73,1,2,0.7498839413747191,0.06898249499499798,0.8241899600252509,5,9,13,0
2026-05-15T00:33:02.718128,clean,sax,"{'w': 144, 'bins': 5}",73,2,2,0.7484462317079306,0.0687003843486309,0.8223814740777016,5,9,13,0
2026-05-15T00:33:03.550720,clean,sax,"{'w': 144, 'bins': 5}",73,3,2,0.7485669897869229,0.068660419434309,0.82249397598207,5,9,13,0
2026-05-15T00:33:04.383561,clean,sax,"{'w': 144, 'bins': 5}",73,4,2,0.7489012060686946,0.06852062698453665,0.822751559317112,5,9,13,0
2026-05-15T00:33:05.226244,clean,sax,"{'w': 144, 'bins': 5}",74,0,2,0.7568000061437488,0.06926592625677586,0.8315006950870156,5,9,13,0
2026-05-15T00:33:06.067891,clean,sax,"{'w': 144, 'bins': 5}",74,1,2,0.7570694405585527,0.06919962260872126,0.8316287351772189,5,9,13,0
2026-05-15T00:33:06.907597,clean,sax,"{'w': 144, 'bins': 5}",74,2,2,0.7555188797414303,0.06879673525691032,0.8296597078442574,5,9,13,0
2026-05-15T00:33:07.817473,clean,sax,"{'w': 144, 'bins': 5}",74,3,2,0.8268452538177371,0.06768911611288786,0.9000899903476238,5,9,13,0
2026-05-15T00:33:08.652936,clean,sax,"{'w': 144, 'bins': 5}",74,4,2,0.751245797611773,0.06883466709405184,0.8252509208396077,5,9,13,0
2026-05-15T00:33:09.506854,clean,sax,"{'w': 144, 'bins': 5}",75,0,2,0.767354198731482,0.07025946024805307,0.8428071392700076,5,9,13,0
2026-05-15T00:33:10.357242,clean,sax,"{'w': 144, 'bins': 5}",75,1,2,0.7661616895347834,0.06909716967493296,0.8404184971004725,5,9,13,0
2026-05-15T00:33:11.210448,clean,sax,"{'w': 144, 'bins': 5}",75,2,2,0.7676012441515923,0.07021506689488888,0.8430235665291548,5,9,13,0
2026-05-15T00:33:12.066680,clean,sax,"{'w': 144, 'bins': 5}",75,3,2,0.7694436013698578,0.07009304780513048,0.8447103025391698,5,9,13,0
2026-05-15T00:33:12.917581,clean,sax,"{'w': 144, 'bins': 5}",75,4,2,0.7650493625551462,0.0700406413525343,0.8402863591909409,5,9,13,0
2026-05-15T00:33:13.780652,clean,sax,"{'w': 144, 'bins': 5}",76,0,2,0.7752889152616262,0.07115322910249233,0.8517569517716765,5,9,13,0
2026-05-15T00:33:14.645166,clean,sax,"{'w': 144, 'bins': 5}",76,1,2,0.7778715332970023,0.0707060806453228,0.8539250520989299,5,9,13,0
2026-05-15T00:33:15.507568,clean,sax,"{'w': 144, 'bins': 5}",76,2,2,0.776057849638164,0.07065319083631039,0.8521256651729345,5,9,13,0
2026-05-15T00:33:16.377566,clean,sax,"{'w': 144, 'bins': 5}",76,3,2,0.7829401092603803,0.07122901175171137,0.8598641725257039,5,9,13,0
2026-05-15T00:33:17.246374,clean,sax,"{'w': 144, 'bins': 5}",76,4,2,0.7821232862770557,0.07099793665111065,0.8584435349330306,5,9,13,0
2026-05-15T00:33:18.124462,clean,sax,"{'w': 144, 'bins': 5}",77,0,2,0.7838013963773847,0.07686175685375929,0.8665866535156965,5,10,15,0
2026-05-15T00:33:19.003759,clean,sax,"{'w': 144, 'bins': 5}",77,1,2,0.7866085665300488,0.07652682811021805,0.8685675011947751,5,10,15,0
2026-05-15T00:33:19.884012,clean,sax,"{'w': 144, 'bins': 5}",77,2,2,0.7867585374042392,0.07720684446394444,0.8694975571706891,5,10,15,0
2026-05-15T00:33:20.765347,clean,sax,"{'w': 144, 'bins': 5}",77,3,2,0.7885512840002775,0.07676592655479908,0.8708449974656105,5,10,15,0
2026-05-15T00:33:21.652405,clean,sax,"{'w': 144, 'bins': 5}",77,4,2,0.7941304175183177,0.07688217423856258,0.8764264453202486,5,10,15,0
2026-05-15T00:33:22.553464,clean,sax,"{'w': 144, 'bins': 5}",78,0,2,0.8060861732810736,0.07776608318090439,0.8894019750878215,5,10,15,0
2026-05-15T00:33:23.448070,clean,sax,"{'w': 144, 'bins': 5}",78,1,2,0.800122506916523,0.07773927412927151,0.883639968931675,5,10,15,0
2026-05-15T00:33:24.343365,clean,sax,"{'w': 144, 'bins': 5}",78,2,2,0.8012363277375698,0.07742701843380928,0.8842792389914393,5,10,15,0
2026-05-15T00:33:25.235247,clean,sax,"{'w': 144, 'bins': 5}",78,3,2,0.7977626146748662,0.07736640330404043,0.8807109976187348,5,10,15,0
2026-05-15T00:33:26.131718,clean,sax,"{'w': 144, 'bins': 5}",78,4,2,0.8025778653100133,0.07728938944637775,0.8854416701942682,5,10,15,0
2026-05-15T00:33:27.038688,clean,sax,"{'w': 144, 'bins': 5}",79,0,2,0.8110302444547415,0.0783250443637371,0.8949922807514668,5,10,15,0
2026-05-15T00:33:27.944418,clean,sax,"{'w': 144, 'bins': 5}",79,1,2,0.810179696418345,0.07872059661895037,0.8946231761947274,5,10,15,0
2026-05-15T00:33:28.849845,clean,sax,"{'w': 144, 'bins': 5}",79,2,2,0.8103931285440922,0.07838858384639025,0.8944630576297641,5,10,15,0
2026-05-15T00:33:29.849806,clean,sax,"{'w': 144, 'bins': 5}",79,3,2,0.8810332845896482,0.09426156245172024,0.9810701785609126,5,10,15,0
2026-05-15T00:33:30.772257,clean,sax,"{'w': 144, 'bins': 5}",79,4,2,0.8147213337942958,0.07841166481375694,0.8988638473674655,5,10,15,0
2026-05-15T00:33:31.691160,clean,sax,"{'w': 144, 'bins': 5}",80,0,2,0.8215677170082927,0.07968542817980051,0.9071869039908051,5,10,15,0
2026-05-15T00:33:32.605686,clean,sax,"{'w': 144, 'bins': 5}",80,1,2,0.8183085164055228,0.07923732697963715,0.9033780321478844,5,10,15,0
2026-05-15T00:33:33.525343,clean,sax,"{'w': 144, 'bins': 5}",80,2,2,0.8232309678569436,0.07946549542248249,0.9085022928193212,5,10,15,0
2026-05-15T00:33:34.508128,clean,sax,"{'w': 144, 'bins': 5}",80,3,2,0.8871667683124542,0.0786690590903163,0.9717276580631733,5,10,15,0
2026-05-15T00:33:35.421636,clean,sax,"{'w': 144, 'bins': 5}",80,4,2,0.8184285340830684,0.07845665980130434,0.9024224784225225,5,10,15,0
2026-05-15T00:33:36.362304,clean,sax,"{'w': 144, 'bins': 5}",81,0,2,0.8306083874776959,0.08161472901701927,0.9282636502757668,5,10,15,0
2026-05-15T00:33:37.295724,clean,sax,"{'w': 144, 'bins': 5}",81,1,2,0.8344708094373345,0.07948653399944305,0.9219326255843043,5,10,15,0
2026-05-15T00:33:38.229634,clean,sax,"{'w': 144, 'bins': 5}",81,2,2,0.8351784190163016,0.07982682250440121,0.9225971046835184,5,10,15,0
2026-05-15T00:33:39.151252,clean,sax,"{'w': 144, 'bins': 5}",81,3,2,0.8250120943412185,0.07980671525001526,0.9104546895250678,5,10,15,0
2026-05-15T00:33:40.072436,clean,sax,"{'w': 144, 'bins': 5}",81,4,2,0.8249806938692927,0.0794338146224618,0.9100288795307279,5,10,15,0
2026-05-15T00:33:41.018872,clean,sax,"{'w': 144, 'bins': 5}",82,0,2,0.8472619233652949,0.08102905005216599,0.9342422354966402,5,10,15,0
2026-05-15T00:33:41.958186,clean,sax,"{'w': 144, 'bins': 5}",82,1,2,0.8409795397892594,0.08072835486382246,0.9276886321604252,5,10,15,0
2026-05-15T00:33:42.900117,clean,sax,"{'w': 144, 'bins': 5}",82,2,2,0.8427017126232386,0.0814113775268197,0.9300482822582126,5,10,15,0
2026-05-15T00:33:43.884050,clean,sax,"{'w': 144, 'bins': 5}",82,3,2,0.8708647741004825,0.0814016992226243,0.9582954719662666,5,10,15,0
2026-05-15T00:33:44.820643,clean,sax,"{'w': 144, 'bins': 5}",82,4,2,0.8384603103622794,0.08099089749157429,0.9253195151686668,5,10,15,0
2026-05-15T00:33:45.774448,clean,sax,"{'w': 144, 'bins': 5}",83,0,2,0.8522552968934178,0.08212117105722427,0.9410290671512485,5,10,15,0
2026-05-15T00:33:46.723279,clean,sax,"{'w': 144, 'bins': 5}",83,1,2,0.8489547614008188,0.08176807779818773,0.9368691369891167,5,10,15,0
2026-05-15T00:33:47.674390,clean,sax,"{'w': 144, 'bins': 5}",83,2,2,0.8513616006821394,0.08192221634089947,0.9394568363204598,5,10,15,0
2026-05-15T00:33:48.629007,clean,sax,"{'w': 144, 'bins': 5}",83,3,2,0.854071076028049,0.08215136732906103,0.9430468147620559,5,10,15,0
2026-05-15T00:33:49.579840,clean,sax,"{'w': 144, 'bins': 5}",83,4,2,0.8505874052643776,0.08218377735465765,0.9390146536752582,5,10,15,0
2026-05-15T00:33:50.546952,clean,sax,"{'w': 144, 'bins': 5}",84,0,2,0.8653784450143576,0.08236857410520315,0.9538019970059395,5,10,15,0
2026-05-15T00:33:51.508089,clean,sax,"{'w': 144, 'bins': 5}",84,1,2,0.8601549472659826,0.0827832818031311,0.9490848891437054,5,10,15,0
2026-05-15T00:33:52.476006,clean,sax,"{'w': 144, 'bins': 5}",84,2,2,0.8662158064544201,0.08298972062766552,0.9558241134509444,5,10,15,0
2026-05-15T00:33:53.441598,clean,sax,"{'w': 144, 'bins': 5}",84,3,2,0.8645050143823028,0.08292340580374002,0.9535806998610497,5,10,15,0
2026-05-15T00:33:54.402456,clean,sax,"{'w': 144, 'bins': 5}",84,4,2,0.8605000376701355,0.0822672238573432,0.9489082489162683,5,10,15,0
2026-05-15T00:33:55.377963,clean,sax,"{'w': 144, 'bins': 5}",85,0,2,0.8723473967984319,0.08397288620471954,0.9625805160030723,5,10,15,0
2026-05-15T00:33:56.348703,clean,sax,"{'w': 144, 'bins': 5}",85,1,2,0.8686573700979352,0.08400273229926825,0.9588422384113073,5,10,15,0
2026-05-15T00:33:57.327059,clean,sax,"{'w': 144, 'bins': 5}",85,2,2,0.8751832414418459,0.08380254544317722,0.9655113779008389,5,10,15,0
2026-05-15T00:33:58.300385,clean,sax,"{'w': 144, 'bins': 5}",85,3,2,0.871983153745532,0.08321845065802336,0.9614795604720712,5,10,15,0
2026-05-15T00:33:59.275094,clean,sax,"{'w': 144, 'bins': 5}",85,4,2,0.8724216679111123,0.08381543960422277,0.9625799553468823,5,10,15,0
2026-05-15T00:34:00.257499,clean,sax,"{'w': 144, 'bins': 5}",86,0,2,0.8781526256352663,0.0847605736926198,0.9692463893443346,5,10,15,0
2026-05-15T00:34:01.241718,clean,sax,"{'w': 144, 'bins': 5}",86,1,2,0.8807046469300985,0.08472883608192205,0.9718449683859944,5,10,15,0
2026-05-15T00:34:02.223228,clean,sax,"{'w': 144, 'bins': 5}",86,2,2,0.8782772198319435,0.084691415540874,0.9693982359021902,5,10,15,0
2026-05-15T00:34:03.276623,clean,sax,"{'w': 144, 'bins': 5}",86,3,2,0.9483637968078256,0.08684157207608223,1.041537786833942,5,10,15,0
2026-05-15T00:34:04.253081,clean,sax,"{'w': 144, 'bins': 5}",86,4,2,0.8741974709555507,0.08412750624120235,0.9643338182941079,5,10,15,0
2026-05-15T00:34:05.242004,clean,sax,"{'w': 144, 'bins': 5}",87,0,2,0.8842520453035831,0.08541759941726923,0.9757783440873027,5,10,15,0
2026-05-15T00:34:06.229811,clean,sax,"{'w': 144, 'bins': 5}",87,1,2,0.883615774102509,0.08568207360804081,0.9752835147082806,5,10,15,0
2026-05-15T00:34:07.217227,clean,sax,"{'w': 144, 'bins': 5}",87,2,2,0.8837069626897573,0.08525457140058279,0.9750980045646429,5,10,15,0
2026-05-15T00:34:08.203795,clean,sax,"{'w': 144, 'bins': 5}",87,3,2,0.883424743078649,0.08488081116229296,0.9744061669334769,5,10,15,0
2026-05-15T00:34:09.188094,clean,sax,"{'w': 144, 'bins': 5}",87,4,2,0.8808472650125623,0.08514123968780041,0.9721261067315936,5,10,15,0
2026-05-15T00:34:10.190465,clean,sax,"{'w': 144, 'bins': 5}",88,0,2,0.8970207078382373,0.08599214721471071,0.9891932075843215,5,10,15,0
2026-05-15T00:34:11.189037,clean,sax,"{'w': 144, 'bins': 5}",88,1,2,0.8933674991130829,0.08602959755808115,0.9856538427993655,5,10,15,0
2026-05-15T00:34:12.194273,clean,sax,"{'w': 144, 'bins': 5}",88,2,2,0.9001223705708981,0.08611003775149584,0.9927440136671066,5,10,15,0
2026-05-15T00:34:13.198905,clean,sax,"{'w': 144, 'bins': 5}",88,3,2,0.8994699856266379,0.08611052017658949,0.9920112788677216,5,10,15,0
2026-05-15T00:34:14.203980,clean,sax,"{'w': 144, 'bins': 5}",88,4,2,0.8995783496648073,0.08678647875785828,0.992668722756207,5,10,15,0
2026-05-15T00:34:15.213267,clean,sax,"{'w': 144, 'bins': 5}",89,0,2,0.9026556173339486,0.08664968144148588,0.9957735510542989,5,10,15,0
2026-05-15T00:34:16.227086,clean,sax,"{'w': 144, 'bins': 5}",89,1,2,0.9069759668782353,0.08753249794244766,1.0009487252682447,5,10,15,0
2026-05-15T00:34:17.240676,clean,sax,"{'w': 144, 'bins': 5}",89,2,2,0.90763995423913,0.08704537432640791,1.001132301054895,5,10,15,0
2026-05-15T00:34:18.255824,clean,sax,"{'w': 144, 'bins': 5}",89,3,2,0.908937911503017,0.08716803416609764,1.002504337579012,5,10,15,0
2026-05-15T00:34:19.281962,clean,sax,"{'w': 144, 'bins': 5}",89,4,2,0.9184046536684036,0.0873023858293891,1.0135179534554482,5,10,15,0
2026-05-15T00:34:20.321151,clean,sax,"{'w': 144, 'bins': 5}",90,0,2,0.9299318538978696,0.08804148342460394,1.0256097950041294,5,10,15,0
2026-05-15T00:34:21.356854,clean,sax,"{'w': 144, 'bins': 5}",90,1,2,0.9281015079468489,0.08793327957391739,1.0228735767304897,5,10,15,0
2026-05-15T00:34:22.389370,clean,sax,"{'w': 144, 'bins': 5}",90,2,2,0.9244422083720565,0.08831571880728006,1.0195245100185275,5,10,15,0
2026-05-15T00:34:23.415981,clean,sax,"{'w': 144, 'bins': 5}",90,3,2,0.9188457503914833,0.08831999730318785,1.0137196518480778,5,10,15,0
2026-05-15T00:34:24.450536,clean,sax,"{'w': 144, 'bins': 5}",90,4,2,0.9260394657030702,0.08882107865065336,1.0217274753376842,5,10,15,0
2026-05-15T00:34:25.490232,clean,sax,"{'w': 144, 'bins': 5}",91,0,2,0.9303429536521435,0.08877314813435078,1.0258873645216227,5,10,15,0
2026-05-15T00:34:26.538154,clean,sax,"{'w': 144, 'bins': 5}",91,1,2,0.9384924741461873,0.0893329493701458,1.0348297227174044,5,10,15,0
2026-05-15T00:34:27.579276,clean,sax,"{'w': 144, 'bins': 5}",91,2,2,0.9323573876172304,0.08907767944037914,1.0282864794135094,5,10,15,0
2026-05-15T00:34:28.612506,clean,sax,"{'w': 144, 'bins': 5}",91,3,2,0.9220800129696727,0.09129020292311907,1.0200170949101448,5,10,15,0
2026-05-15T00:34:29.655747,clean,sax,"{'w': 144, 'bins': 5}",91,4,2,0.933968773111701,0.08914339169859886,1.0300857573747635,5,10,15,0
2026-05-15T00:34:30.714703,clean,sax,"{'w': 144, 'bins': 5}",92,0,2,0.9481837498024106,0.08974101487547159,1.0448608053848147,5,10,15,0
2026-05-15T00:34:31.845067,clean,sax,"{'w': 144, 'bins': 5}",92,1,2,1.0199155639857054,0.08987450506538153,1.1176696820184588,5,10,15,0
2026-05-15T00:34:32.898007,clean,sax,"{'w': 144, 'bins': 5}",92,2,2,0.9413633150979877,0.09147087205201387,1.039373624138534,5,10,15,0
2026-05-15T00:34:33.951051,clean,sax,"{'w': 144, 'bins': 5}",92,3,2,0.9427830502390862,0.09031917154788971,1.0398492272943258,5,10,15,0
2026-05-15T00:34:35.011838,clean,sax,"{'w': 144, 'bins': 5}",92,4,2,0.9513505045324564,0.08940842002630234,1.0474404077976942,5,10,15,0
2026-05-15T00:34:36.078336,clean,sax,"{'w': 144, 'bins': 5}",93,0,2,0.9542710864916444,0.09102909360080957,1.0522033898159862,5,10,15,0
2026-05-15T00:34:37.146670,clean,sax,"{'w': 144, 'bins': 5}",93,1,2,0.9566570250317454,0.09098910819739103,1.0550675764679909,5,10,15,0
2026-05-15T00:34:38.212064,clean,sax,"{'w': 144, 'bins': 5}",93,2,2,0.9550350420176983,0.09024271741509438,1.052166591398418,5,10,15,0
2026-05-15T00:34:39.279360,clean,sax,"{'w': 144, 'bins': 5}",93,3,2,0.955432677641511,0.09098814520984888,1.0535437753424048,5,10,15,0
2026-05-15T00:34:40.348616,clean,sax,"{'w': 144, 'bins': 5}",93,4,2,0.9568040510639548,0.09134914353489876,1.0553391752764583,5,10,15,0
2026-05-15T00:34:41.425135,clean,sax,"{'w': 144, 'bins': 5}",94,0,2,0.9630383951589465,0.09176783915609121,1.0619191490113735,5,10,15,0
2026-05-15T00:34:42.506517,clean,sax,"{'w': 144, 'bins': 5}",94,1,2,0.965439023450017,0.09472659509629011,1.067515286616981,5,10,15,0
2026-05-15T00:34:43.586926,clean,sax,"{'w': 144, 'bins': 5}",94,2,2,0.9649840584024787,0.09443275257945061,1.066874822601676,5,10,15,0
2026-05-15T00:34:44.666145,clean,sax,"{'w': 144, 'bins': 5}",94,3,2,0.9664863683283329,0.09181210305541754,1.0657985722646117,5,10,15,0
2026-05-15T00:34:45.752563,clean,sax,"{'w': 144, 'bins': 5}",94,4,2,0.9732571197673678,0.09182590898126364,1.0728510823100805,5,10,15,0
2026-05-15T00:34:46.844366,clean,sax,"{'w': 144, 'bins': 5}",95,0,2,0.9765107380226254,0.0933932512998581,1.0772769609466195,5,10,15,0
2026-05-15T00:34:47.935098,clean,sax,"{'w': 144, 'bins': 5}",95,1,2,0.9755662260577083,0.0936787473037839,1.0768374260514975,5,10,15,0
2026-05-15T00:34:49.027685,clean,sax,"{'w': 144, 'bins': 5}",95,2,2,0.9775292100384831,0.09380881115794182,1.0784598011523485,5,10,15,0
2026-05-15T00:34:50.125892,clean,sax,"{'w': 144, 'bins': 5}",95,3,2,0.9831419074907899,0.09344407729804516,1.0840635225176811,5,10,15,0
2026-05-15T00:34:51.214708,clean,sax,"{'w': 144, 'bins': 5}",95,4,2,0.9749051444232464,0.09285053331404924,1.07512482162565,5,10,15,0
2026-05-15T00:34:52.321978,clean,sax,"{'w': 144, 'bins': 5}",96,0,2,0.9880948858335614,0.09662099182605743,1.0925500746816397,5,10,15,0
2026-05-15T00:34:53.428091,clean,sax,"{'w': 144, 'bins': 5}",96,1,2,0.9906302848830819,0.09382346831262112,1.0920219225808978,5,10,15,0
2026-05-15T00:34:54.535384,clean,sax,"{'w': 144, 'bins': 5}",96,2,2,0.9915621252730489,0.09434620942920446,1.093732614070177,5,10,15,0
2026-05-15T00:34:55.637366,clean,sax,"{'w': 144, 'bins': 5}",96,3,2,0.9864592747762799,0.0938659692183137,1.0878469850867987,5,10,15,0
2026-05-15T00:34:56.745978,clean,sax,"{'w': 144, 'bins': 5}",96,4,2,0.9918019650503993,0.09442643076181412,1.0944622736424208,5,10,15,0
2026-05-15T00:34:57.865480,clean,sax,"{'w': 144, 'bins': 5}",97,0,2,0.9986222991719842,0.09500263165682554,1.1042405413463712,5,10,15,0
2026-05-15T00:34:59.060613,clean,sax,"{'w': 144, 'bins': 5}",97,1,2,1.0015545636415482,0.17095134500414133,1.1814922504127026,5,10,15,0
2026-05-15T00:35:00.164993,clean,sax,"{'w': 144, 'bins': 5}",97,2,2,0.9893555920571089,0.09336207248270512,1.090476711280644,5,10,15,0
2026-05-15T00:35:01.276905,clean,sax,"{'w': 144, 'bins': 5}",97,3,2,0.9968312168493867,0.09392894711345434,1.0980944326147437,5,10,15,0
2026-05-15T00:35:02.450453,clean,sax,"{'w': 144, 'bins': 5}",97,4,2,1.0256060883402824,0.11039636190980673,1.1594523629173636,5,10,15,0
2026-05-15T00:35:03.570523,clean,sax,"{'w': 144, 'bins': 5}",98,0,2,1.003100696951151,0.09504719637334347,1.105032947845757,5,10,15,0
2026-05-15T00:35:04.694875,clean,sax,"{'w': 144, 'bins': 5}",98,1,2,1.007112668827176,0.09580465964972973,1.110072961077094,5,10,15,0
2026-05-15T00:35:05.809588,clean,sax,"{'w': 144, 'bins': 5}",98,2,2,0.9982787938788533,0.09523265529423952,1.100774995982647,5,10,15,0
2026-05-15T00:35:06.923262,clean,sax,"{'w': 144, 'bins': 5}",98,3,2,0.9978225976228714,0.09484347328543663,1.099691920913756,5,10,15,0
2026-05-15T00:35:08.042103,clean,sax,"{'w': 144, 'bins': 5}",98,4,2,1.001600549556315,0.09568773861974478,1.1045856783166528,5,10,15,0
2026-05-15T00:35:09.176362,clean,sax,"{'w': 144, 'bins': 5}",99,0,2,1.0153619954362512,0.09614831395447254,1.1188846630975604,5,10,15,0
2026-05-15T00:35:10.305273,clean,sax,"{'w': 144, 'bins': 5}",99,1,2,1.0112717458978295,0.09633812867105007,1.1147509319707751,5,10,15,0
2026-05-15T00:35:11.436153,clean,sax,"{'w': 144, 'bins': 5}",99,2,2,1.0123769212514162,0.09626250807195902,1.116318454965949,5,10,15,0
2026-05-15T00:35:12.566724,clean,sax,"{'w': 144, 'bins': 5}",99,3,2,1.01258734613657,0.09626985248178244,1.1163420705124736,5,10,15,0
2026-05-15T00:35:13.697699,clean,sax,"{'w': 144, 'bins': 5}",99,4,2,1.0130420001223683,0.09576078690588474,1.1166332168504596,5,10,15,0
2026-05-15T00:35:14.843469,clean,sax,"{'w': 144, 'bins': 5}",100,0,2,1.0256823906674981,0.09727587085217237,1.1303328461945057,5,10,15,0
2026-05-15T00:35:15.984141,clean,sax,"{'w': 144, 'bins': 5}",100,1,2,1.0213034497573972,0.09742346778512001,1.1265830155462027,5,10,15,0
2026-05-15T00:35:17.127951,clean,sax,"{'w': 144, 'bins': 5}",100,2,2,1.0242057591676712,0.09748933184891939,1.1291434336453676,5,10,15,0
2026-05-15T00:35:18.265719,clean,sax,"{'w': 144, 'bins': 5}",100,3,2,1.0189913287758827,0.09718230552971363,1.123556885868311,5,10,15,0
2026-05-15T00:35:19.410969,clean,sax,"{'w': 144, 'bins': 5}",100,4,2,1.0254700621590018,0.09780167788267136,1.1309883063659072,5,10,15,0
2026-05-15T00:35:19.606453,clean,persist,{'bins': 6},1,0,2,0.1498991632834077,0.007144082337617874,0.15734596364200115,5,6,11,0
2026-05-15T00:35:19.762670,clean,persist,{'bins': 6},1,1,2,0.14739382918924093,0.007294734939932823,0.1549260001629591,5,6,11,0
2026-05-15T00:35:19.920688,clean,persist,{'bins': 6},1,2,2,0.1476948233321309,0.008291514590382576,0.15645144134759903,5,6,11,0
2026-05-15T00:35:20.077235,clean,persist,{'bins': 6},1,3,2,0.14742022845894098,0.007405622862279415,0.15510419383645058,5,6,11,0
2026-05-15T00:35:20.234039,clean,persist,{'bins': 6},1,4,2,0.14738620538264513,0.007378602400422096,0.15516813471913338,5,6,11,0
2026-05-15T00:35:20.405817,clean,persist,{'bins': 6},2,0,2,0.15118569787591696,0.017655215226113796,0.16921512503176928,5,5,9,0
2026-05-15T00:35:20.576821,clean,persist,{'bins': 6},2,1,2,0.1513358587399125,0.017521092668175697,0.16920532565563917,5,5,9,0
2026-05-15T00:35:20.749946,clean,persist,{'bins': 6},2,2,2,0.15335074346512556,0.017634124495089054,0.17135770805180073,5,5,9,0
2026-05-15T00:35:20.920609,clean,persist,{'bins': 6},2,3,2,0.15067502949386835,0.017584112472832203,0.16861727368086576,5,5,9,0
2026-05-15T00:35:21.091092,clean,persist,{'bins': 6},2,4,2,0.15089490078389645,0.017551320604979992,0.1688040429726243,5,5,9,0
2026-05-15T00:35:21.279214,clean,persist,{'bins': 6},3,0,2,0.15601911209523678,0.028998429886996746,0.18549531884491444,5,4,8,0
2026-05-15T00:35:21.466095,clean,persist,{'bins': 6},3,1,2,0.15532923582941294,0.028917266987264156,0.18471653573215008,5,4,8,0
2026-05-15T00:35:21.656551,clean,persist,{'bins': 6},3,2,2,0.1581172402948141,0.02978648990392685,0.1885473383590579,5,4,8,0
2026-05-15T00:35:21.843040,clean,persist,{'bins': 6},3,3,2,0.1552564399316907,0.02870991826057434,0.1844497350975871,5,4,8,0
2026-05-15T00:35:22.029800,clean,persist,{'bins': 6},3,4,2,0.1551918489858508,0.028924291022121906,0.1845812126994133,5,4,8,0
2026-05-15T00:35:22.227676,clean,persist,{'bins': 6},4,0,2,0.1620978433638811,0.031774611212313175,0.1944597875699401,5,8,13,0
2026-05-15T00:35:22.423876,clean,persist,{'bins': 6},4,1,2,0.16145502869039774,0.03174561820924282,0.19379178527742624,5,8,13,0
2026-05-15T00:35:22.621683,clean,persist,{'bins': 6},4,2,2,0.16293770913034678,0.03211474139243364,0.1956520164385438,5,8,13,0
2026-05-15T00:35:22.818851,clean,persist,{'bins': 6},4,3,2,0.16263778880238533,0.03180328570306301,0.1950239483267069,5,8,13,0
2026-05-15T00:35:23.019041,clean,persist,{'bins': 6},4,4,2,0.16431308165192604,0.0328410342335701,0.1979284891858697,5,8,13,0
2026-05-15T00:35:23.247861,clean,persist,{'bins': 6},5,0,2,0.1634104074910283,0.0612691231071949,0.2254118351265788,5,13,18,0
2026-05-15T00:35:23.475662,clean,persist,{'bins': 6},5,1,2,0.16343762911856174,0.06088194623589516,0.22503017913550138,5,13,18,0
2026-05-15T00:35:23.703789,clean,persist,{'bins': 6},5,2,2,0.1636704271659255,0.06087965238839388,0.22524963226169348,5,13,18,0
2026-05-15T00:35:23.930578,clean,persist,{'bins': 6},5,3,2,0.16240748390555382,0.060650802217423916,0.22374606784433126,5,13,18,0
2026-05-15T00:35:24.158983,clean,persist,{'bins': 6},5,4,2,0.16319456323981285,0.06142723932862282,0.22533460054546595,5,13,18,0
2026-05-15T00:35:24.402954,clean,persist,{'bins': 6},6,0,2,0.17060549557209015,0.069089375436306,0.24051710404455662,5,6,10,0
2026-05-15T00:35:24.650251,clean,persist,{'bins': 6},6,1,2,0.16988003440201283,0.07338334526866674,0.24407736770808697,5,6,10,0
2026-05-15T00:35:24.897605,clean,persist,{'bins': 6},6,2,2,0.17317112255841494,0.06960674468427896,0.24378523882478476,5,6,10,0
2026-05-15T00:35:25.143673,clean,persist,{'bins': 6},6,3,2,0.17182398308068514,0.0703136632218957,0.24297974724322557,5,6,10,0
2026-05-15T00:35:25.387663,clean,persist,{'bins': 6},6,4,2,0.1712340759113431,0.06893234886229038,0.2409868249669671,5,6,10,0
2026-05-15T00:35:25.642907,clean,persist,{'bins': 6},7,0,2,0.17258854862302542,0.07771566975861788,0.25124903209507465,5,6,12,0
2026-05-15T00:35:25.897438,clean,persist,{'bins': 6},7,1,2,0.17248155735433102,0.07806896232068539,0.25149496272206306,5,6,12,0
2026-05-15T00:35:26.153212,clean,persist,{'bins': 6},7,2,2,0.17295364383608103,0.07860803417861462,0.25249516032636166,5,6,12,0
2026-05-15T00:35:26.407741,clean,persist,{'bins': 6},7,3,2,0.17278049886226654,0.07793050166219473,0.25163509603589773,5,6,12,0
2026-05-15T00:35:26.665854,clean,persist,{'bins': 6},7,4,2,0.17545184399932623,0.0786702511832118,0.2552566649392247,5,6,12,0
2026-05-15T00:35:26.954366,clean,persist,{'bins': 6},8,0,2,0.18069414608180523,0.10198850836604834,0.28396085277199745,5,6,10,0
2026-05-15T00:35:27.308355,clean,persist,{'bins': 6},8,1,2,0.18083237577229738,0.168311788700521,0.3502485379576683,5,6,10,0
2026-05-15T00:35:27.595100,clean,persist,{'bins': 6},8,2,2,0.18128385301679373,0.10055573843419552,0.28298457991331816,5,6,10,0
2026-05-15T00:35:27.881205,clean,persist,{'bins': 6},8,3,2,0.18016181513667107,0.10135416686534882,0.2826104471459985,5,6,10,0
2026-05-15T00:35:28.167667,clean,persist,{'bins': 6},8,4,2,0.18013726826757193,0.10160267259925604,0.28282626159489155,5,6,10,0
2026-05-15T00:35:28.464910,clean,persist,{'bins': 6},9,0,2,0.18587522208690643,0.10532395914196968,0.2927441019564867,5,8,14,0
2026-05-15T00:35:28.756121,clean,persist,{'bins': 6},9,1,2,0.18069634959101677,0.10512150917202234,0.2870097355917096,5,8,14,0
2026-05-15T00:35:29.046795,clean,persist,{'bins': 6},9,2,2,0.18066511023789644,0.10499943979084492,0.2868542931973934,5,8,14,0
2026-05-15T00:35:29.337002,clean,persist,{'bins': 6},9,3,2,0.18034286610782146,0.10488044563680887,0.2864199187606573,5,8,14,0
2026-05-15T00:35:29.628587,clean,persist,{'bins': 6},9,4,2,0.1809840900823474,0.1051902286708355,0.2873607752844691,5,8,14,0
2026-05-15T00:35:29.945997,clean,persist,{'bins': 6},10,0,2,0.1848248802125454,0.1265029003843665,0.31270597781986,5,6,10,0
2026-05-15T00:35:30.266173,clean,persist,{'bins': 6},10,1,2,0.18729038909077644,0.12602466251701117,0.3148424681276083,5,6,10,0
2026-05-15T00:35:30.585599,clean,persist,{'bins': 6},10,2,2,0.18748661689460278,0.12573822401463985,0.31479552015662193,5,6,10,0
2026-05-15T00:35:30.903840,clean,persist,{'bins': 6},10,3,2,0.1867066929116845,0.12593973334878683,0.31406813487410545,5,6,10,0
2026-05-15T00:35:31.221097,clean,persist,{'bins': 6},10,4,2,0.18593321926891804,0.12565269321203232,0.31298549100756645,5,6,10,0
2026-05-15T00:35:31.618410,clean,persist,{'bins': 6},11,0,2,0.19930476509034634,0.19088665954768658,0.39182655420154333,5,14,24,0
2026-05-15T00:35:32.017954,clean,persist,{'bins': 6},11,1,2,0.19936635997146368,0.1932749431580305,0.39427466969937086,5,14,24,0
2026-05-15T00:35:32.415312,clean,persist,{'bins': 6},11,2,2,0.1966964267194271,0.1940867891535163,0.39244153909385204,5,14,24,0
2026-05-15T00:35:32.819014,clean,persist,{'bins': 6},11,3,2,0.20450613927096128,0.19166609458625317,0.3981357393786311,5,14,24,0
2026-05-15T00:35:33.212664,clean,persist,{'bins': 6},11,4,2,0.1973069030791521,0.18982441537082195,0.3887263536453247,5,14,24,0
2026-05-15T00:35:33.671201,clean,persist,{'bins': 6},12,0,2,0.20138271432369947,0.24856691621243954,0.45184528920799494,5,12,21,0
2026-05-15T00:35:34.190308,clean,persist,{'bins': 6},12,1,2,0.19834920950233936,0.31325921695679426,0.5133503563702106,5,12,21,0
2026-05-15T00:35:34.646114,clean,persist,{'bins': 6},12,2,2,0.1979353530332446,0.2505138209089637,0.45019882917404175,5,12,21,0
2026-05-15T00:35:35.108104,clean,persist,{'bins': 6},12,3,2,0.20171556062996387,0.25076208636164665,0.4542987560853362,5,12,21,0
2026-05-15T00:35:35.561741,clean,persist,{'bins': 6},12,4,2,0.1979947742074728,0.24794618040323257,0.44777988735586405,5,12,21,0
2026-05-15T00:35:36.025389,clean,persist,{'bins': 6},13,0,2,0.20504194404929876,0.25005888659507036,0.4569175308570266,5,13,20,0
2026-05-15T00:35:36.486412,clean,persist,{'bins': 6},13,1,2,0.20454622525721788,0.24901452660560608,0.45533637423068285,5,13,20,0
2026-05-15T00:35:36.956940,clean,persist,{'bins': 6},13,2,2,0.20898475591093302,0.25329823791980743,0.4642491042613983,5,13,20,0
2026-05-15T00:35:37.419684,clean,persist,{'bins': 6},13,3,2,0.2057814123108983,0.2493500653654337,0.45693654753267765,5,13,20,0
2026-05-15T00:35:37.888923,clean,persist,{'bins': 6},13,4,2,0.20778498519212008,0.2533052721992135,0.46287138015031815,5,13,20,0
2026-05-15T00:35:38.420171,clean,persist,{'bins': 6},14,0,2,0.20742782298475504,0.3142291260883212,0.5237202532589436,5,6,12,0
2026-05-15T00:35:38.890759,clean,persist,{'bins': 6},14,1,2,0.20492079760879278,0.2568245977163315,0.4636588478460908,5,6,12,0
2026-05-15T00:35:39.359044,clean,persist,{'bins': 6},14,2,2,0.20590032637119293,0.2539825430139899,0.4618359049782157,5,6,12,0
2026-05-15T00:35:39.824717,clean,persist,{'bins': 6},14,3,2,0.20482324436306953,0.2529109511524439,0.45963819045573473,5,6,12,0
2026-05-15T00:35:40.299044,clean,persist,{'bins': 6},14,4,2,0.212839693762362,0.25327045656740665,0.46828556433320045,5,6,12,0
2026-05-15T00:35:40.781779,clean,persist,{'bins': 6},15,0,2,0.20888959895819426,0.26395250018686056,0.47490737587213516,5,6,11,0
2026-05-15T00:35:41.267481,clean,persist,{'bins': 6},15,1,2,0.21231024991720915,0.2640482494607568,0.4785965410992503,5,6,11,0
2026-05-15T00:35:41.753797,clean,persist,{'bins': 6},15,2,2,0.20993929728865623,0.26732612308114767,0.4793046796694398,5,6,11,0
2026-05-15T00:35:42.305453,clean,persist,{'bins': 6},15,3,2,0.21236397046595812,0.32688815146684647,0.5416803909465671,5,6,11,0
2026-05-15T00:35:42.787330,clean,persist,{'bins': 6},15,4,2,0.21011614985764027,0.26281911227852106,0.47503388207405806,5,6,11,0
2026-05-15T00:35:43.307110,clean,persist,{'bins': 6},16,0,2,0.22069856710731983,0.28950367867946625,0.5125633087009192,5,6,12,0
2026-05-15T00:35:43.825361,clean,persist,{'bins': 6},16,1,2,0.2191561609506607,0.28983572218567133,0.5113562820479274,5,6,12,0
2026-05-15T00:35:44.341452,clean,persist,{'bins': 6},16,2,2,0.2190878726541996,0.28807148057967424,0.509588704444468,5,6,12,0
2026-05-15T00:35:44.861820,clean,persist,{'bins': 6},16,3,2,0.21976926364004612,0.2907831594347954,0.5129225431010127,5,6,12,0
2026-05-15T00:35:45.384587,clean,persist,{'bins': 6},16,4,2,0.22156651690602303,0.29224136751145124,0.5162502201274037,5,6,12,0
2026-05-15T00:35:45.922486,clean,persist,{'bins': 6},17,0,2,0.22587864194065332,0.3024625666439533,0.5306999767199159,5,10,18,0
2026-05-15T00:35:46.577410,clean,persist,{'bins': 6},17,1,2,0.22615796606987715,0.4198560956865549,0.6485014818608761,5,10,18,0
2026-05-15T00:35:47.127215,clean,persist,{'bins': 6},17,2,2,0.22661975398659706,0.3134551225230098,0.542979409918189,5,10,18,0
2026-05-15T00:35:47.668821,clean,persist,{'bins': 6},17,3,2,0.2277240278199315,0.3043413329869509,0.5346666043624282,5,10,18,0
2026-05-15T00:35:48.210904,clean,persist,{'bins': 6},17,4,2,0.2244467232376337,0.3086394425481558,0.5354418288916349,5,10,18,0
2026-05-15T00:35:48.725527,clean,persist,{'bins': 6},18,0,2,0.229043903760612,0.2742902282625437,0.505974879488349,5,9,15,0
2026-05-15T00:35:49.239535,clean,persist,{'bins': 6},18,1,2,0.22801470197737217,0.2757260426878929,0.5061068767681718,5,9,15,0
2026-05-15T00:35:49.752736,clean,persist,{'bins': 6},18,2,2,0.22861814498901367,0.27443197276443243,0.505542827770114,5,9,15,0
2026-05-15T00:35:50.275353,clean,persist,{'bins': 6},18,3,2,0.23076833225786686,0.2820105003193021,0.515176584944129,5,9,15,0
2026-05-15T00:35:50.851937,clean,persist,{'bins': 6},18,4,2,0.2908099414780736,0.2757009770721197,0.5690501155331731,5,9,15,0
2026-05-15T00:35:51.615887,clean,persist,{'bins': 6},19,0,2,0.2376671228557825,0.5123077481985092,0.7529725693166256,5,9,15,0
2026-05-15T00:35:52.369666,clean,persist,{'bins': 6},19,1,2,0.23276560194790363,0.5083990609273314,0.7439149161800742,5,9,15,0
2026-05-15T00:35:53.117349,clean,persist,{'bins': 6},19,2,2,0.232836845330894,0.5018742317333817,0.7373360441997647,5,9,15,0
2026-05-15T00:35:53.933649,clean,persist,{'bins': 6},19,3,2,0.23224315140396357,0.5715477233752608,0.8064275542274117,5,9,15,0
2026-05-15T00:35:54.685074,clean,persist,{'bins': 6},19,4,2,0.232917127199471,0.5049547152593732,0.74061687476933,5,9,15,0
2026-05-15T00:35:55.380527,clean,persist,{'bins': 6},20,0,2,0.24243809934705496,0.4417478432878852,0.6870621014386415,5,8,16,0
2026-05-15T00:35:56.080545,clean,persist,{'bins': 6},20,1,2,0.24692341964691877,0.4426532434299588,0.6926885349676013,5,8,16,0
2026-05-15T00:35:56.776055,clean,persist,{'bins': 6},20,2,2,0.24152860417962074,0.443604058586061,0.6880596866831183,5,8,16,0
2026-05-15T00:35:57.465941,clean,persist,{'bins': 6},20,3,2,0.24222143273800611,0.4370821239426732,0.6822664998471737,5,8,16,0
2026-05-15T00:35:58.209883,clean,persist,{'bins': 6},20,4,2,0.24026324786245823,0.49343278259038925,0.736439841799438,5,8,16,0
2026-05-15T00:35:59.130935,clean,persist,{'bins': 6},21,0,2,0.2399612795561552,0.6665411181747913,0.9093164307996631,5,9,16,0
2026-05-15T00:36:00.055934,clean,persist,{'bins': 6},21,1,2,0.24441093392670155,0.6667396305128932,0.9141818154603243,5,9,16,0
2026-05-15T00:36:00.973686,clean,persist,{'bins': 6},21,2,2,0.2403335589915514,0.6636096946895123,0.9070129469037056,5,9,16,0
2026-05-15T00:36:01.954679,clean,persist,{'bins': 6},21,3,2,0.24149350728839636,0.7255617398768663,0.9700507912784815,5,9,16,0
2026-05-15T00:36:02.864472,clean,persist,{'bins': 6},21,4,2,0.24166167341172695,0.6536824181675911,0.8984889155253768,5,9,16,0
2026-05-15T00:36:03.547937,clean,persist,{'bins': 6},22,0,2,0.24031531531363726,0.4306240901350975,0.6739011649042368,5,12,21,0
2026-05-15T00:36:04.227960,clean,persist,{'bins': 6},22,1,2,0.23874842375516891,0.430030707269907,0.6716304132714868,5,12,21,0
2026-05-15T00:36:04.910497,clean,persist,{'bins': 6},22,2,2,0.24125374667346478,0.42963170632719994,0.673928776755929,5,12,21,0
2026-05-15T00:36:05.655289,clean,persist,{'bins': 6},22,3,2,0.2388658532872796,0.49424653220921755,0.7361075980588794,5,12,21,0
2026-05-15T00:36:06.343557,clean,persist,{'bins': 6},22,4,2,0.24241719115525484,0.43381817638874054,0.6798925837501884,5,12,21,0
2026-05-15T00:36:07.278207,clean,persist,{'bins': 6},23,0,2,0.2601262768730521,0.6592948855832219,0.9227904276922345,5,8,15,0
2026-05-15T00:36:08.200495,clean,persist,{'bins': 6},23,1,2,0.25163647904992104,0.6565224006772041,0.9115684991702437,5,8,15,0
2026-05-15T00:36:09.210309,clean,persist,{'bins': 6},23,2,2,0.2525255884975195,0.7437156615778804,0.9994242750108242,5,8,15,0
2026-05-15T00:36:10.138173,clean,persist,{'bins': 6},23,3,2,0.2534597720950842,0.6603989275172353,0.9173087663948536,5,8,15,0
2026-05-15T00:36:11.056062,clean,persist,{'bins': 6},23,4,2,0.251720916479826,0.6518105547875166,0.9068609811365604,5,8,15,0
2026-05-15T00:36:11.822153,clean,persist,{'bins': 6},24,0,2,0.2489631287753582,0.5021360432729125,0.7544259382411838,5,6,12,0
2026-05-15T00:36:12.644586,clean,persist,{'bins': 6},24,1,2,0.24902036786079407,0.5596397183835506,0.8120127897709608,5,6,12,0
2026-05-15T00:36:13.410758,clean,persist,{'bins': 6},24,2,2,0.24749155808240175,0.5049354983493686,0.755650456994772,5,6,12,0
2026-05-15T00:36:14.180603,clean,persist,{'bins': 6},24,3,2,0.25150456093251705,0.5044199097901583,0.759284969419241,5,6,12,0
2026-05-15T00:36:14.949745,clean,persist,{'bins': 6},24,4,2,0.2512631379067898,0.5042213276028633,0.7589227296411991,5,6,12,0
2026-05-15T00:36:16.130116,clean,persist,{'bins': 6},25,0,2,0.2602169066667557,0.9034801749512553,1.1671431604772806,5,9,16,0
2026-05-15T00:36:17.240621,clean,persist,{'bins': 6},25,1,2,0.2623524470254779,0.8326917300000787,1.0987111208960414,5,9,16,0
2026-05-15T00:36:18.351847,clean,persist,{'bins': 6},25,2,2,0.25782115012407303,0.8381529720500112,1.099406615830958,5,9,16,0
2026-05-15T00:36:19.599025,clean,persist,{'bins': 6},25,3,2,0.2596212988719344,0.9719275450333953,1.2351553132757545,5,9,16,0
2026-05-15T00:36:20.722579,clean,persist,{'bins': 6},25,4,2,0.263173277489841,0.8444814849644899,1.1116230618208647,5,9,16,0
2026-05-15T00:36:21.452909,clean,persist,{'bins': 6},26,0,2,0.26990379206836224,0.44514722656458616,0.7188682947307825,5,10,18,0
2026-05-15T00:36:22.169035,clean,persist,{'bins': 6},26,1,2,0.2622522795572877,0.4397336505353451,0.7056225668638945,5,10,18,0
2026-05-15T00:36:22.884089,clean,persist,{'bins': 6},26,2,2,0.26325204502791166,0.43790274392813444,0.7046926002949476,5,10,18,0
2026-05-15T00:36:23.695302,clean,persist,{'bins': 6},26,3,2,0.2624776419252157,0.5349424537271261,0.8007534118369222,5,10,18,0
2026-05-15T00:36:24.409472,clean,persist,{'bins': 6},26,4,2,0.2634071661159396,0.4368514595553279,0.7039189077913761,5,10,18,0
2026-05-15T00:36:25.221940,clean,persist,{'bins': 6},27,0,2,0.26005440205335617,0.5370767088606954,0.8006377341225743,5,6,11,0
2026-05-15T00:36:26.033577,clean,persist,{'bins': 6},27,1,2,0.26114893704652786,0.5357809560373425,0.8006266430020332,5,6,11,0
2026-05-15T00:36:26.942557,clean,persist,{'bins': 6},27,2,2,0.26036945451050997,0.6345660099759698,0.8985027307644486,5,6,11,0
2026-05-15T00:36:27.754139,clean,persist,{'bins': 6},27,3,2,0.2610814105719328,0.5357052842155099,0.8003187254071236,5,6,11,0
2026-05-15T00:36:28.565236,clean,persist,{'bins': 6},27,4,2,0.26030472200363874,0.5366217847913504,0.8003771752119064,5,6,11,0
2026-05-15T00:36:29.403974,clean,persist,{'bins': 6},28,0,2,0.26523268315941095,0.5575579181313515,0.8265431560575962,5,6,11,0
2026-05-15T00:36:30.301329,clean,persist,{'bins': 6},28,1,2,0.2648201296105981,0.6176871722564101,0.886085900478065,5,6,11,0
2026-05-15T00:36:31.142124,clean,persist,{'bins': 6},28,2,2,0.2684115516021848,0.5568051347509027,0.8290954185649753,5,6,11,0
2026-05-15T00:36:31.980190,clean,persist,{'bins': 6},28,3,2,0.2637431472539902,0.5597072131931782,0.8269959576427937,5,6,11,0
2026-05-15T00:36:32.816041,clean,persist,{'bins': 6},28,4,2,0.26395497377961874,0.5570533210411668,0.8246390717104077,5,6,11,0
2026-05-15T00:36:33.938710,clean,persist,{'bins': 6},29,0,2,0.2785342652350664,0.8273220993578434,1.109528879635036,5,5,12,0
2026-05-15T00:36:34.998293,clean,persist,{'bins': 6},29,1,2,0.27933210227638483,0.7642131019383669,1.0473282169550657,5,5,12,0
2026-05-15T00:36:36.059138,clean,persist,{'bins': 6},29,2,2,0.27949951589107513,0.7650633677840233,1.0482413796707988,5,5,12,0
2026-05-15T00:36:37.172344,clean,persist,{'bins': 6},29,3,2,0.27909707091748714,0.8178207315504551,1.1007520807906985,5,5,12,0
2026-05-15T00:36:38.234120,clean,persist,{'bins': 6},29,4,2,0.2804766306653619,0.7651594085618854,1.0494125494733453,5,5,12,0
2026-05-15T00:36:39.331462,clean,persist,{'bins': 6},30,0,2,0.2808106690645218,0.798495952039957,1.0832611545920372,5,12,20,0
2026-05-15T00:36:40.485306,clean,persist,{'bins': 6},30,1,2,0.2804183019325137,0.8564186738803983,1.140775689855218,5,12,20,0
2026-05-15T00:36:41.580265,clean,persist,{'bins': 6},30,2,2,0.2797575108706951,0.7979169953614473,1.0815941952168941,5,12,20,0
2026-05-15T00:36:42.680004,clean,persist,{'bins': 6},30,3,2,0.2846905020996928,0.7974474234506488,1.0862626498565078,5,12,20,0
2026-05-15T00:36:43.835480,clean,persist,{'bins': 6},30,4,2,0.2802615072578192,0.8579872790724039,1.1421392997726798,5,12,20,0
2026-05-15T00:36:45.109407,clean,persist,{'bins': 6},31,0,2,0.27857183665037155,0.9721441799774766,1.2547999136149883,5,8,14,0
2026-05-15T00:36:46.379260,clean,persist,{'bins': 6},31,1,2,0.2789308400824666,0.9690788649022579,1.252110494300723,5,8,14,0
2026-05-15T00:36:47.689786,clean,persist,{'bins': 6},31,2,2,0.2793986974284053,1.0099555952474475,1.2934508230537176,5,8,14,0
2026-05-15T00:36:48.960026,clean,persist,{'bins': 6},31,3,2,0.27877360489219427,0.9700038321316242,1.2528638476505876,5,8,14,0
2026-05-15T00:36:50.230855,clean,persist,{'bins': 6},31,4,2,0.28045928850769997,0.9686916675418615,1.2533815391361713,5,8,14,0
2026-05-15T00:36:51.484861,clean,persist,{'bins': 6},32,0,2,0.28849476389586926,0.9441351685672998,1.2367376638576388,5,11,19,0
2026-05-15T00:36:52.681948,clean,persist,{'bins': 6},32,1,2,0.2880740640684962,0.8886485695838928,1.180920023471117,5,11,19,0
2026-05-15T00:36:53.881979,clean,persist,{'bins': 6},32,2,2,0.2886092606931925,0.8903451263904572,1.1830102503299713,5,11,19,0
2026-05-15T00:36:55.134448,clean,persist,{'bins': 6},32,3,2,0.2887296639382839,0.9431676222011447,1.236104174517095,5,11,19,0
2026-05-15T00:36:56.336509,clean,persist,{'bins': 6},32,4,2,0.2890510279685259,0.8921073535457253,1.1853332882747054,5,11,19,0
2026-05-15T00:36:57.419301,clean,persist,{'bins': 6},33,0,2,0.2913204589858651,0.7705336473882198,1.0661999750882387,5,15,24,0
2026-05-15T00:36:58.558184,clean,persist,{'bins': 6},33,1,2,0.2893111575394869,0.830287516117096,1.1239067511633039,5,15,24,0
2026-05-15T00:36:59.636910,clean,persist,{'bins': 6},33,2,2,0.2891821041703224,0.769410889595747,1.0629134951159358,5,15,24,0
2026-05-15T00:37:00.723658,clean,persist,{'bins': 6},33,3,2,0.2899691220372915,0.7773309582844377,1.0715654781088233,5,15,24,0
2026-05-15T00:37:01.849994,clean,persist,{'bins': 6},33,4,2,0.2899123849347234,0.8166547538712621,1.110995251685381,5,15,24,0
2026-05-15T00:37:02.959105,clean,persist,{'bins': 6},34,0,2,0.2971715535968542,0.7918770369142294,1.0934135038405657,5,6,11,0
2026-05-15T00:37:04.065504,clean,persist,{'bins': 6},34,1,2,0.29705995321273804,0.7904732320457697,1.0919595854356885,5,6,11,0
2026-05-15T00:37:05.223330,clean,persist,{'bins': 6},34,2,2,0.2970217727124691,0.8411709079518914,1.1426062965765595,5,6,11,0
2026-05-15T00:37:06.342683,clean,persist,{'bins': 6},34,3,2,0.3022849829867482,0.797357365489006,1.104238566942513,5,6,11,0
2026-05-15T00:37:07.455661,clean,persist,{'bins': 6},34,4,2,0.299738141708076,0.7937410259619355,1.098111785016954,5,6,11,0
2026-05-15T00:37:08.571853,clean,persist,{'bins': 6},35,0,2,0.2948929350823164,0.8009662302210927,1.100356549024582,5,8,15,0
2026-05-15T00:37:09.621052,clean,persist,{'bins': 6},35,1,2,0.296086004935205,0.7332862708717585,1.0339438384398818,5,8,15,0
2026-05-15T00:37:10.671925,clean,persist,{'bins': 6},35,2,2,0.29461884032934904,0.7363745896145701,1.0354307610541582,5,8,15,0
2026-05-15T00:37:11.780562,clean,persist,{'bins': 6},35,3,2,0.29625843930989504,0.7923109009861946,1.09319169819355,5,8,15,0
2026-05-15T00:37:12.834945,clean,persist,{'bins': 6},35,4,2,0.2944232942536473,0.7398785268887877,1.0387875735759735,5,8,15,0
2026-05-15T00:37:14.370627,clean,persist,{'bins': 6},36,0,2,0.31044037360697985,1.203084483742714,1.5181577559560537,5,4,11,0
2026-05-15T00:37:15.968001,clean,persist,{'bins': 6},36,1,2,0.31178012024611235,1.2638631472364068,1.5804277593269944,5,4,11,0
2026-05-15T00:37:17.504747,clean,persist,{'bins': 6},36,2,2,0.3107951497659087,1.2044762382283807,1.5199236813932657,5,4,11,0
2026-05-15T00:37:19.101339,clean,persist,{'bins': 6},36,3,2,0.3117223000153899,1.2634275602176785,1.5798586206510663,5,4,11,0
2026-05-15T00:37:20.636043,clean,persist,{'bins': 6},36,4,2,0.310017891228199,1.2032746924087405,1.517923016101122,5,4,11,0
2026-05-15T00:37:22.180836,clean,persist,{'bins': 6},37,0,2,0.30781091656535864,1.2132869688794017,1.5259209191426635,5,12,21,0
2026-05-15T00:37:23.677516,clean,persist,{'bins': 6},37,1,2,0.3087812094017863,1.1651633428409696,1.4788160584867,5,12,21,0
2026-05-15T00:37:25.233399,clean,persist,{'bins': 6},37,2,2,0.307713033631444,1.2255403436720371,1.5380704002454877,5,12,21,0
2026-05-15T00:37:26.725999,clean,persist,{'bins': 6},37,3,2,0.306944290176034,1.1626041997224092,1.474342710338533,5,12,21,0
2026-05-15T00:37:28.260851,clean,persist,{'bins': 6},37,4,2,0.3071644827723503,1.2050073556602001,1.5169420037418604,5,12,21,0
2026-05-15T00:37:30.186003,clean,persist,{'bins': 6},38,0,2,0.31514786183834076,1.5864497544243932,1.9067376349121332,5,10,23,0
2026-05-15T00:37:32.044246,clean,persist,{'bins': 6},38,1,2,0.31160907819867134,1.5240007657557726,1.8405693946406245,5,10,23,0
2026-05-15T00:37:33.937563,clean,persist,{'bins': 6},38,2,2,0.31137644965201616,1.5591289047151804,1.8755486831068993,5,10,23,0
2026-05-15T00:37:35.819171,clean,persist,{'bins': 6},38,3,2,0.31132093723863363,1.5473999846726656,1.8637193152680993,5,10,23,0
2026-05-15T00:37:37.769571,clean,persist,{'bins': 6},38,4,2,0.3139941059052944,1.6132702054455876,1.9327019900083542,5,10,23,0
2026-05-15T00:37:38.892702,clean,persist,{'bins': 6},39,0,2,0.3146894294768572,0.7841609921306372,1.1045584874227643,5,6,12,0
2026-05-15T00:37:40.015972,clean,persist,{'bins': 6},39,1,2,0.3144082520157099,0.7863851971924305,1.106095302850008,5,6,12,0
2026-05-15T00:37:41.214015,clean,persist,{'bins': 6},39,2,2,0.32171510998159647,0.8534631049260497,1.1806886298581958,5,6,12,0
2026-05-15T00:37:42.345819,clean,persist,{'bins': 6},39,3,2,0.31824823189526796,0.7886903956532478,1.1125090038403869,5,6,12,0
2026-05-15T00:37:43.461053,clean,persist,{'bins': 6},39,4,2,0.32065621204674244,0.7712815618142486,1.0975528759881854,5,6,12,0
2026-05-15T00:37:45.686581,clean,persist,{'bins': 6},40,0,2,0.3308566324412823,1.8619594406336546,2.1982428710907698,5,14,24,0
2026-05-15T00:37:47.905908,clean,persist,{'bins': 6},40,1,2,0.3317952435463667,1.8578521506860852,2.1955739706754684,5,14,24,0
2026-05-15T00:37:50.048794,clean,persist,{'bins': 6},40,2,2,0.332843542098999,1.7815835978835821,2.1200965140014887,5,14,24,0
2026-05-15T00:37:52.242786,clean,persist,{'bins': 6},40,3,2,0.3285464560613036,1.836597147397697,2.1706650592386723,5,14,24,0
2026-05-15T00:37:54.435891,clean,persist,{'bins': 6},40,4,2,0.32797680515795946,1.8374419631436467,2.1707358304411173,5,14,24,0
2026-05-15T00:37:56.346056,clean,persist,{'bins': 6},41,0,2,0.3328838665038347,1.5525681674480438,1.8908445481210947,5,17,31,0
2026-05-15T00:37:58.342971,clean,persist,{'bins': 6},41,1,2,0.33367637544870377,1.6395581671968102,1.9786490574479103,5,17,31,0
2026-05-15T00:38:00.340842,clean,persist,{'bins': 6},41,2,2,0.3341467594727874,1.6395924910902977,1.9796373629942536,5,17,31,0
2026-05-15T00:38:02.249474,clean,persist,{'bins': 6},41,3,2,0.33422525599598885,1.550126913934946,1.8900238871574402,5,17,31,0
2026-05-15T00:38:04.217283,clean,persist,{'bins': 6},41,4,2,0.39029221422970295,1.554032776504755,1.949695692397654,5,17,31,0
2026-05-15T00:38:05.551425,clean,persist,{'bins': 6},42,0,2,0.3258491614833474,0.9829056430608034,1.3141320291906595,5,10,18,0
2026-05-15T00:38:06.839677,clean,persist,{'bins': 6},42,1,2,0.32608420215547085,0.9380019642412663,1.269423857331276,5,10,18,0
2026-05-15T00:38:08.131229,clean,persist,{'bins': 6},42,2,2,0.3249508449807763,0.9425764912739396,1.2732160044834018,5,10,18,0
2026-05-15T00:38:09.498606,clean,persist,{'bins': 6},42,3,2,0.3353794636204839,1.0076926965266466,1.3491356931626797,5,10,18,0
2026-05-15T00:38:10.775409,clean,persist,{'bins': 6},42,4,2,0.3276301557198167,0.9244522769004107,1.2579897223040462,5,10,18,0
2026-05-15T00:38:12.471713,clean,persist,{'bins': 6},43,0,2,0.33105295058339834,1.3394483169540763,1.6761770322918892,5,8,16,0
2026-05-15T00:38:14.231602,clean,persist,{'bins': 6},43,1,2,0.33377580158412457,1.4012679141014814,1.7409510565921664,5,8,16,0
2026-05-15T00:38:15.921698,clean,persist,{'bins': 6},43,2,2,0.33021971583366394,1.3343960922211409,1.6702261911705136,5,8,16,0
2026-05-15T00:38:17.675127,clean,persist,{'bins': 6},43,3,2,0.33094402588903904,1.397522191517055,1.7340404111891985,5,8,16,0
2026-05-15T00:38:19.433766,clean,persist,{'bins': 6},43,4,2,0.3331429548561573,1.4010562561452389,1.7399196196347475,5,8,16,0
2026-05-15T00:38:21.954578,clean,persist,{'bins': 6},44,0,2,0.34154510870575905,2.143986132927239,2.491343912668526,5,8,13,0
2026-05-15T00:38:24.532406,clean,persist,{'bins': 6},44,1,2,0.34293111972510815,2.2002961160615087,2.5491575691848993,5,8,13,0
2026-05-15T00:38:27.093690,clean,persist,{'bins': 6},44,2,2,0.3431173088029027,2.183335113339126,2.532418994233012,5,8,13,0
2026-05-15T00:38:29.688079,clean,persist,{'bins': 6},44,3,2,0.3421153677627444,2.217396980151534,2.565340429544449,5,8,13,0
2026-05-15T00:38:32.217298,clean,persist,{'bins': 6},44,4,2,0.3465906297788024,2.1468482464551926,2.4997202679514885,5,8,13,0
2026-05-15T00:38:34.045363,clean,persist,{'bins': 6},45,0,2,0.33848847169429064,1.4596347687765956,1.8040226651355624,5,14,24,0
2026-05-15T00:38:35.860890,clean,persist,{'bins': 6},45,1,2,0.33856002520769835,1.4484768202528358,1.7928575724363327,5,14,24,0
2026-05-15T00:38:37.616509,clean,persist,{'bins': 6},45,2,2,0.33653854951262474,1.39051472581923,1.7327637756243348,5,14,24,0
2026-05-15T00:38:39.431716,clean,persist,{'bins': 6},45,3,2,0.33881434332579374,1.4480457920581102,1.7926909709349275,5,14,24,0
2026-05-15T00:38:41.196226,clean,persist,{'bins': 6},45,4,2,0.33687716349959373,1.399341487325728,1.7419262258335948,5,14,24,0
2026-05-15T00:38:42.769964,clean,persist,{'bins': 6},46,0,2,0.3427780531346798,1.200901336967945,1.5495895044878125,5,8,14,0
2026-05-15T00:38:44.288363,clean,persist,{'bins': 6},46,1,2,0.3420757045969367,1.148373101837933,1.4963770667091012,5,8,14,0
2026-05-15T00:38:45.855957,clean,persist,{'bins': 6},46,2,2,0.34134955145418644,1.1981444209814072,1.5452795634046197,5,8,14,0
2026-05-15T00:38:47.379362,clean,persist,{'bins': 6},46,3,2,0.34317702148109674,1.1516187861561775,1.5007448866963387,5,8,14,0
2026-05-15T00:38:48.957886,clean,persist,{'bins': 6},46,4,2,0.3422513036057353,1.2081604544073343,1.5562576930969954,5,8,14,0
2026-05-15T00:38:51.771909,clean,persist,{'bins': 6},47,0,2,0.35344958677887917,2.426908436231315,2.786500424146652,5,15,24,0
2026-05-15T00:38:54.516460,clean,persist,{'bins': 6},47,1,2,0.3552696742117405,2.3555926103144884,2.7170853279531,5,15,24,0
2026-05-15T00:38:57.339374,clean,persist,{'bins': 6},47,2,2,0.3532787570729852,2.4350420059636235,2.794555075466633,5,15,24,0
2026-05-15T00:39:00.138296,clean,persist,{'bins': 6},47,3,2,0.35334289725869894,2.4125512717291713,2.7720762146636844,5,15,24,0
2026-05-15T00:39:02.946317,clean,persist,{'bins': 6},47,4,2,0.3547950629144907,2.4199603013694286,2.781041095033288,5,15,24,0
2026-05-15T00:39:05.925958,clean,persist,{'bins': 6},48,0,2,0.3595673618838191,2.5802536364644766,2.946119202300906,5,14,24,0
2026-05-15T00:39:08.892594,clean,persist,{'bins': 6},48,1,2,0.36074420157819986,2.566836789250374,2.933796038851142,5,14,24,0
2026-05-15T00:39:11.886374,clean,persist,{'bins': 6},48,2,2,0.36035419907420874,2.594152600504458,2.9608335569500923,5,14,24,0
2026-05-15T00:39:14.889229,clean,persist,{'bins': 6},48,3,2,0.3615210596472025,2.602207101881504,2.9701845413073897,5,14,24,0
2026-05-15T00:39:17.869707,clean,persist,{'bins': 6},48,4,2,0.36084010265767574,2.5795555263757706,2.9468390149995685,5,14,24,0
2026-05-15T00:39:19.362967,clean,persist,{'bins': 6},49,0,2,0.3588627288118005,1.1061577601358294,1.471189972013235,5,14,25,0
2026-05-15T00:39:20.848615,clean,persist,{'bins': 6},49,1,2,0.358768411912024,1.099754137918353,1.4646662632003427,5,14,25,0
2026-05-15T00:39:22.428243,clean,persist,{'bins': 6},49,2,2,0.3752529099583626,1.1752984104678035,1.5583620136603713,5,14,25,0
2026-05-15T00:39:23.920273,clean,persist,{'bins': 6},49,3,2,0.3626443687826395,1.1019433680921793,1.4710897132754326,5,14,25,0
2026-05-15T00:39:25.414608,clean,persist,{'bins': 6},49,4,2,0.36252776999026537,1.1040181135758758,1.4729962032288313,5,14,25,0
2026-05-15T00:39:27.943684,clean,persist,{'bins': 6},50,0,2,0.36406594701111317,2.1314886501058936,2.5021589854732156,5,7,13,0
2026-05-15T00:39:30.473937,clean,persist,{'bins': 6},50,1,2,0.36434248741716146,2.133870962075889,2.504745652899146,5,7,13,0
2026-05-15T00:39:32.976411,clean,persist,{'bins': 6},50,2,2,0.3632364794611931,2.107009573839605,2.476695871911943,5,7,13,0
2026-05-15T00:39:35.498994,clean,persist,{'bins': 6},50,3,2,0.3645401867106557,2.1255048662424088,2.4966165302321315,5,7,13,0
2026-05-15T00:39:38.023370,clean,persist,{'bins': 6},50,4,2,0.3645658865571022,2.12744128331542,2.4986659698188305,5,7,13,0
2026-05-15T00:39:40.224570,clean,persist,{'bins': 6},51,0,2,0.3748323302716017,1.7920464798808098,2.173655050806701,5,8,14,0
2026-05-15T00:39:42.421570,clean,persist,{'bins': 6},51,1,2,0.37419471237808466,1.7894618986174464,2.1703381137922406,5,8,14,0
2026-05-15T00:39:44.567226,clean,persist,{'bins': 6},51,2,2,0.37245849147439003,1.7400084370747209,2.1191103607416153,5,8,14,0
2026-05-15T00:39:46.755449,clean,persist,{'bins': 6},51,3,2,0.37347173504531384,1.7802674071863294,2.160551010631025,5,8,14,0
2026-05-15T00:39:48.951287,clean,persist,{'bins': 6},51,4,2,0.37463107239454985,1.787931153550744,2.169220986776054,5,8,14,0
2026-05-15T00:39:51.802457,clean,persist,{'bins': 6},52,0,2,0.3750800248235464,2.4402198353782296,2.822142436169088,5,14,25,0
2026-05-15T00:39:54.645819,clean,persist,{'bins': 6},52,1,2,0.3756077252328396,2.431694791652262,2.8148205606266856,5,14,25,0
2026-05-15T00:39:57.497656,clean,persist,{'bins': 6},52,2,2,0.37504633143544197,2.441123421303928,2.823113849386573,5,14,25,0
2026-05-15T00:40:00.356359,clean,persist,{'bins': 6},52,3,2,0.3744539897888899,2.449133859947324,2.8304368080571294,5,14,25,0
2026-05-15T00:40:03.210657,clean,persist,{'bins': 6},52,4,2,0.37558288872241974,2.442845513112843,2.8257039710879326,5,14,25,0
2026-05-15T00:40:06.412505,clean,persist,{'bins': 6},53,0,2,0.38858361542224884,2.7692291187122464,3.1652223551645875,5,6,14,0
2026-05-15T00:40:09.586123,clean,persist,{'bins': 6},53,1,2,0.3838454708456993,2.7472930485382676,3.13837621640414,5,6,14,0
2026-05-15T00:40:12.769722,clean,persist,{'bins': 6},53,2,2,0.38719569984823465,2.7536725839599967,3.1479436671361327,5,6,14,0
2026-05-15T00:40:15.963351,clean,persist,{'bins': 6},53,3,2,0.38387331273406744,2.766568503342569,3.1575929718092084,5,6,14,0
2026-05-15T00:40:19.143823,clean,persist,{'bins': 6},53,4,2,0.38441308587789536,2.751572722569108,3.1431739227846265,5,6,14,0
2026-05-15T00:40:21.683539,clean,persist,{'bins': 6},54,0,2,0.37797410879284143,2.1214276626706123,2.5065334495157003,5,8,15,0
2026-05-15T00:40:24.229960,clean,persist,{'bins': 6},54,1,2,0.377940284088254,2.129586218856275,2.5145707381889224,5,8,15,0
2026-05-15T00:40:26.703852,clean,persist,{'bins': 6},54,2,2,0.3784322775900364,2.0565070044249296,2.4420176204293966,5,8,15,0
2026-05-15T00:40:29.315270,clean,persist,{'bins': 6},54,3,2,0.3774584708735347,2.1944000367075205,2.578824834898114,5,8,15,0
2026-05-15T00:40:31.861167,clean,persist,{'bins': 6},54,4,2,0.3789456319063902,2.1266005532816052,2.5134111205115914,5,8,15,0
2026-05-15T00:40:34.778758,clean,persist,{'bins': 6},55,0,2,0.3938119010999799,2.4833950605243444,2.8848322862759233,5,13,23,0
2026-05-15T00:40:37.784797,clean,persist,{'bins': 6},55,1,2,0.3935656985267997,2.572875715792179,2.973708656616509,5,13,23,0
2026-05-15T00:40:40.796783,clean,persist,{'bins': 6},55,2,2,0.39613425079733133,2.5767059978097677,2.980485750362277,5,13,23,0
2026-05-15T00:40:43.789396,clean,persist,{'bins': 6},55,3,2,0.39339998830109835,2.559805848635733,2.9605596819892526,5,13,23,0
2026-05-15T00:40:46.794435,clean,persist,{'bins': 6},55,4,2,0.39564248733222485,2.5703902086243033,2.973388796672225,5,13,23,0
2026-05-15T00:40:51.399075,clean,persist,{'bins': 6},56,0,2,0.39654553309082985,4.152931906282902,4.557339418679476,5,10,21,0
2026-05-15T00:40:55.940256,clean,persist,{'bins': 6},56,1,2,0.3923091385513544,4.094972496852279,4.494961434043944,5,10,21,0
2026-05-15T00:41:00.527338,clean,persist,{'bins': 6},56,2,2,0.39281500969082117,4.14077156689018,4.541086777113378,5,10,21,0
2026-05-15T00:41:05.098964,clean,persist,{'bins': 6},56,3,2,0.39299801271408796,4.124691750854254,4.525323714129627,5,10,21,0
2026-05-15T00:41:09.613816,clean,persist,{'bins': 6},56,4,2,0.3929173517972231,4.069238694384694,4.4698785841465,5,10,21,0
2026-05-15T00:41:13.583070,clean,persist,{'bins': 6},57,0,2,0.4011307302862406,3.5211827056482434,3.9302001018077135,5,12,21,0
2026-05-15T00:41:17.498245,clean,persist,{'bins': 6},57,1,2,0.3949224455282092,3.474742380902171,3.8770878417417407,5,12,21,0
2026-05-15T00:41:21.470198,clean,persist,{'bins': 6},57,2,2,0.3951918724924326,3.531507899053395,3.934151570312679,5,12,21,0
2026-05-15T00:41:25.378260,clean,persist,{'bins': 6},57,3,2,0.39714083168655634,3.465330772101879,3.8699526470154524,5,12,21,0
2026-05-15T00:41:29.336873,clean,persist,{'bins': 6},57,4,2,0.39583989791572094,3.51692820712924,3.920274468138814,5,12,21,0
2026-05-15T00:41:31.540163,clean,persist,{'bins': 6},58,0,2,0.4042766885831952,1.7583136213943362,2.170162164606154,5,8,16,0
2026-05-15T00:41:33.801358,clean,persist,{'bins': 6},58,1,2,0.402461769990623,1.819204455241561,2.2290784595534205,5,8,16,0
2026-05-15T00:41:36.056108,clean,persist,{'bins': 6},58,2,2,0.40333404764533043,1.8117482867091894,2.2224958622828126,5,8,16,0
2026-05-15T00:41:38.308750,clean,persist,{'bins': 6},58,3,2,0.4029336841776967,1.809911879710853,2.220267347060144,5,8,16,0
2026-05-15T00:41:40.574771,clean,persist,{'bins': 6},58,4,2,0.4032335886731744,1.8238242669031024,2.2343552662059665,5,8,16,0
2026-05-15T00:41:45.438265,clean,persist,{'bins': 6},59,0,2,0.41095871198922396,4.3986488822847605,4.817609215155244,5,13,26,0
2026-05-15T00:41:50.333504,clean,persist,{'bins': 6},59,1,2,0.41086667869240046,4.4325274946168065,4.851348536089063,5,13,26,0
2026-05-15T00:41:55.261381,clean,persist,{'bins': 6},59,2,2,0.410612422041595,4.466342305764556,4.884915532544255,5,13,26,0
2026-05-15T00:42:00.188784,clean,persist,{'bins': 6},59,3,2,0.40984379779547453,4.466285579837859,4.883997128345072,5,13,26,0
2026-05-15T00:42:05.041801,clean,persist,{'bins': 6},59,4,2,0.4096908923238516,4.392308258451521,4.80990709643811,5,13,26,0
2026-05-15T00:42:08.366260,clean,persist,{'bins': 6},60,0,2,0.40910919941961765,2.8670621756464243,3.2840736396610737,5,13,23,0
2026-05-15T00:42:11.647478,clean,persist,{'bins': 6},60,1,2,0.4076783126220107,2.8268437702208757,3.242315514013171,5,13,23,0
2026-05-15T00:42:14.930732,clean,persist,{'bins': 6},60,2,2,0.4098900444805622,2.826167853549123,3.2439148975536227,5,13,23,0
2026-05-15T00:42:18.190073,clean,persist,{'bins': 6},60,3,2,0.40831706300377846,2.8039658116176724,3.2199798645451665,5,13,23,0
2026-05-15T00:42:21.446016,clean,persist,{'bins': 6},60,4,2,0.4076029807329178,2.801518007181585,3.216791027225554,5,13,23,0
2026-05-15T00:42:24.969074,clean,persist,{'bins': 6},61,0,2,0.4223885601386428,3.050391116179526,3.4808352487161756,5,18,31,0
2026-05-15T00:42:28.409771,clean,persist,{'bins': 6},61,1,2,0.4171295063570142,2.9748705495148897,3.399958275258541,5,18,31,0
2026-05-15T00:42:31.859048,clean,persist,{'bins': 6},61,2,2,0.4174377238377929,2.983326573856175,3.4086453337222338,5,18,31,0
2026-05-15T00:42:35.340044,clean,persist,{'bins': 6},61,3,2,0.4165877690538764,3.015481158159673,3.4399775844067335,5,18,31,0
2026-05-15T00:42:38.832001,clean,persist,{'bins': 6},61,4,2,0.42206590343266726,3.0209295162931085,3.451072664000094,5,18,31,0
2026-05-15T00:42:42.425195,clean,persist,{'bins': 6},62,0,2,0.4212747383862734,3.121281593106687,3.5504195131361485,5,18,31,0
2026-05-15T00:42:45.970773,clean,persist,{'bins': 6},62,1,2,0.4214518805965781,3.074187590740621,3.5035573560744524,5,18,31,0
2026-05-15T00:42:49.600652,clean,persist,{'bins': 6},62,2,2,0.4212306262925267,3.1580700371414423,3.587322653271258,5,18,31,0
2026-05-15T00:42:53.177135,clean,persist,{'bins': 6},62,3,2,0.4215703522786498,3.1050079511478543,3.534483354538679,5,18,31,0
2026-05-15T00:42:56.740547,clean,persist,{'bins': 6},62,4,2,0.42643840331584215,3.086633615195751,3.521292680874467,5,18,31,0
2026-05-15T00:42:58.393483,clean,persist,{'bins': 6},63,0,2,0.40968539100140333,1.2016406347975135,1.6193169867619872,5,6,12,0
2026-05-15T00:42:59.999330,clean,persist,{'bins': 6},63,1,2,0.40976288728415966,1.154057894833386,1.5717470617964864,5,6,12,0
2026-05-15T00:43:01.657378,clean,persist,{'bins': 6},63,2,2,0.40978812519460917,1.207001549191773,1.6247576624155045,5,6,12,0
2026-05-15T00:43:03.266829,clean,persist,{'bins': 6},63,3,2,0.40980939380824566,1.1579522248357534,1.5756790228188038,5,6,12,0
2026-05-15T00:43:04.922977,clean,persist,{'bins': 6},63,4,2,0.41098821721971035,1.204004011116922,1.622938696295023,5,6,12,0
2026-05-15T00:43:06.595289,clean,persist,{'bins': 6},64,0,2,0.41493716929107904,1.2131054680794477,1.636082741431892,5,6,12,0
2026-05-15T00:43:08.317252,clean,persist,{'bins': 6},64,1,2,0.41565545927733183,1.2630908573046327,1.686802551150322,5,6,12,0
2026-05-15T00:43:09.983023,clean,persist,{'bins': 6},64,2,2,0.4148699538782239,1.2077155588194728,1.630534346215427,5,6,12,0
2026-05-15T00:43:11.655116,clean,persist,{'bins': 6},64,3,2,0.4154271697625518,1.2133820476010442,1.636879377067089,5,6,12,0
2026-05-15T00:43:13.376849,clean,persist,{'bins': 6},64,4,2,0.41554899979382753,1.2635235786437988,1.6871654819697142,5,6,12,0
2026-05-15T00:43:15.359174,clean,persist,{'bins': 6},65,0,2,0.4175095288082957,1.519054508768022,1.9448610339313745,5,7,14,0
2026-05-15T00:43:17.388340,clean,persist,{'bins': 6},65,1,2,0.4182055462151766,1.5661123329773545,1.9924778286367655,5,7,14,0
2026-05-15T00:43:19.368500,clean,persist,{'bins': 6},65,2,2,0.4197229649871588,1.5150755597278476,1.9431663239374757,5,7,14,0
2026-05-15T00:43:21.405762,clean,persist,{'bins': 6},65,3,2,0.4179866751655936,1.574757413007319,2.0009264489635825,5,7,14,0
2026-05-15T00:43:23.381769,clean,persist,{'bins': 6},65,4,2,0.4177920799702406,1.5134938899427652,1.9394883988425136,5,7,14,0
2026-05-15T00:43:26.119308,clean,persist,{'bins': 6},66,0,2,0.4233959000557661,2.261452908627689,2.693278443068266,5,7,14,0
2026-05-15T00:43:28.860629,clean,persist,{'bins': 6},66,1,2,0.4231747454032302,2.2661755941808224,2.6978253601118922,5,7,14,0
2026-05-15T00:43:31.588395,clean,persist,{'bins': 6},66,2,2,0.4228810938075185,2.253076771274209,2.684395996853709,5,7,14,0
2026-05-15T00:43:34.322252,clean,persist,{'bins': 6},66,3,2,0.4224220812320709,2.2595711648464203,2.6904924418777227,5,7,14,0
2026-05-15T00:43:37.057251,clean,persist,{'bins': 6},66,4,2,0.4237363589927554,2.259401746094227,2.6916278237476945,5,7,14,0
2026-05-15T00:43:41.494595,clean,persist,{'bins': 6},67,0,2,0.44380789157003164,3.9398802649229765,4.392480602487922,5,11,23,0
2026-05-15T00:43:45.919027,clean,persist,{'bins': 6},67,1,2,0.44289586786180735,3.9281300250440836,4.3798549780622125,5,11,23,0
2026-05-15T00:43:50.383629,clean,persist,{'bins': 6},67,2,2,0.44344552978873253,3.967679303139448,4.420004162937403,5,11,23,0
2026-05-15T00:43:54.766086,clean,persist,{'bins': 6},67,3,2,0.44399639405310154,3.884643826633692,4.337476589716971,5,11,23,0
2026-05-15T00:43:59.218155,clean,persist,{'bins': 6},67,4,2,0.4431711947545409,3.9556739144027233,4.407775044441223,5,11,23,0
2026-05-15T00:44:01.841363,clean,persist,{'bins': 6},68,0,2,0.4469077093526721,2.1197167299687862,2.5754929184913635,5,4,10,0
2026-05-15T00:44:04.460577,clean,persist,{'bins': 6},68,1,2,0.44741706643253565,2.116881385445595,2.573012812063098,5,4,10,0
2026-05-15T00:44:07.071157,clean,persist,{'bins': 6},68,2,2,0.44656585808843374,2.109442732296884,2.5647947657853365,5,4,10,0
2026-05-15T00:44:09.681372,clean,persist,{'bins': 6},68,3,2,0.4467551428824663,2.108356944285333,2.5638037538155913,5,4,10,0
2026-05-15T00:44:12.310071,clean,persist,{'bins': 6},68,4,2,0.44661824591457844,2.1274788109585643,2.5828486466780305,5,4,10,0
2026-05-15T00:44:16.053586,clean,persist,{'bins': 6},69,0,2,0.4524518782272935,3.240628696978092,3.702211357653141,5,11,23,0
2026-05-15T00:44:19.780042,clean,persist,{'bins': 6},69,1,2,0.45089802145957947,3.2253586100414395,3.685218235477805,5,11,23,0
2026-05-15T00:44:23.517529,clean,persist,{'bins': 6},69,2,2,0.45120928529649973,3.235592964105308,3.695771467871964,5,11,23,0
2026-05-15T00:44:27.314246,clean,persist,{'bins': 6},69,3,2,0.4513048743829131,3.2960806814953685,3.7565045850351453,5,11,23,0
2026-05-15T00:44:31.067463,clean,persist,{'bins': 6},69,4,2,0.4530700398609042,3.2503471234813333,3.712609900161624,5,11,23,0
2026-05-15T00:44:34.528900,clean,persist,{'bins': 6},70,0,2,0.44941857270896435,2.960192653350532,3.418706160970032,5,12,22,0
2026-05-15T00:44:37.961339,clean,persist,{'bins': 6},70,1,2,0.45034540444612503,2.9311345806345344,3.390543199144304,5,12,22,0
2026-05-15T00:44:41.420851,clean,persist,{'bins': 6},70,2,2,0.4502818137407303,2.9586638528853655,3.4180512111634016,5,12,22,0
2026-05-15T00:44:44.856623,clean,persist,{'bins': 6},70,3,2,0.4505656873807311,2.9340677177533507,3.3936911495402455,5,12,22,0
2026-05-15T00:44:48.283455,clean,persist,{'bins': 6},70,4,2,0.45090194791555405,2.924238944426179,3.384244523011148,5,12,22,0
2026-05-15T00:44:51.569898,clean,persist,{'bins': 6},71,0,2,0.4492449862882495,2.786225135438144,3.244553425349295,5,12,22,0
2026-05-15T00:44:54.879046,clean,persist,{'bins': 6},71,1,2,0.4490126520395279,2.8089260440319777,3.2671301309019327,5,12,22,0
2026-05-15T00:44:58.176073,clean,persist,{'bins': 6},71,2,2,0.44968532398343086,2.795794320292771,3.2547294795513153,5,12,22,0
2026-05-15T00:45:01.489867,clean,persist,{'bins': 6},71,3,2,0.4491815585643053,2.8137111673131585,3.2721702931448817,5,12,22,0
2026-05-15T00:45:04.771823,clean,persist,{'bins': 6},71,4,2,0.44968149717897177,2.7812779182568192,3.2402069866657257,5,12,22,0
2026-05-15T00:45:08.957568,clean,persist,{'bins': 6},72,0,2,0.4644539998844266,3.669371264986694,4.143174326978624,5,14,30,0
2026-05-15T00:45:13.218433,clean,persist,{'bins': 6},72,1,2,0.46393565740436316,3.7461854619905353,4.219626113772392,5,14,30,0
2026-05-15T00:45:17.497698,clean,persist,{'bins': 6},72,2,2,0.46477788779884577,3.763644678518176,4.237799139693379,5,14,30,0
2026-05-15T00:45:21.776624,clean,persist,{'bins': 6},72,3,2,0.4647702043876052,3.762952729128301,4.237208801321685,5,14,30,0
2026-05-15T00:45:25.967713,clean,persist,{'bins': 6},72,4,2,0.4657900482416153,3.673610112629831,4.148917919024825,5,14,30,0
2026-05-15T00:45:30.293662,clean,persist,{'bins': 6},73,0,2,0.4686319036409259,3.8013418884947896,4.279571200720966,5,15,32,0
2026-05-15T00:45:34.683884,clean,persist,{'bins': 6},73,1,2,0.4693276099860668,3.8665406508371234,4.345452753826976,5,15,32,0
2026-05-15T00:45:39.125528,clean,persist,{'bins': 6},73,2,2,0.48097827192395926,3.905050264671445,4.396552444435656,5,15,32,0
2026-05-15T00:45:43.567024,clean,persist,{'bins': 6},73,3,2,0.4713091589510441,3.9141883412376046,4.396017329767346,5,15,32,0
2026-05-15T00:45:48.016253,clean,persist,{'bins': 6},73,4,2,0.4852405935525894,3.907150940038264,4.403414707630873,5,15,32,0
2026-05-15T00:45:51.822492,clean,persist,{'bins': 6},74,0,2,0.473789987154305,3.265772962011397,3.7506171613931656,5,5,11,0
2026-05-15T00:45:55.736634,clean,persist,{'bins': 6},74,1,2,0.4761671395972371,3.3694751169532537,3.8587828651070595,5,5,11,0
2026-05-15T00:45:59.559570,clean,persist,{'bins': 6},74,2,2,0.4716003565117717,3.285480670630932,3.767919022589922,5,5,11,0
2026-05-15T00:46:03.314590,clean,persist,{'bins': 6},74,3,2,0.46277560852468014,3.2263195337727666,3.699859411455691,5,5,11,0
2026-05-15T00:46:07.071570,clean,persist,{'bins': 6},74,4,2,0.4607663284987211,3.2310863938182592,3.701560666784644,5,5,11,0
2026-05-15T00:46:11.218518,clean,persist,{'bins': 6},75,0,2,0.47246364690363407,3.6164341336116195,4.0987255005165935,5,12,22,0
2026-05-15T00:46:15.397884,clean,persist,{'bins': 6},75,1,2,0.4780530799180269,3.644164392724633,4.132234549149871,5,12,22,0
2026-05-15T00:46:19.504889,clean,persist,{'bins': 6},75,2,2,0.47477162908762693,3.5754785360768437,4.0602389285340905,5,12,22,0
2026-05-15T00:46:23.663673,clean,persist,{'bins': 6},75,3,2,0.47419935557991266,3.627160440199077,4.111354899592698,5,12,22,0
2026-05-15T00:46:27.827997,clean,persist,{'bins': 6},75,4,2,0.47469989489763975,3.6322830989956856,4.116953181102872,5,12,22,0
2026-05-15T00:46:32.343026,clean,persist,{'bins': 6},76,0,2,0.48415920324623585,3.9755949219688773,4.469925390556455,5,15,32,0
2026-05-15T00:46:36.900016,clean,persist,{'bins': 6},76,1,2,0.48259615059942007,4.019948770292103,4.51257277559489,5,15,32,0
2026-05-15T00:46:41.411742,clean,persist,{'bins': 6},76,2,2,0.4830578463152051,3.973669878207147,4.466780176386237,5,15,32,0
2026-05-15T00:46:45.983540,clean,persist,{'bins': 6},76,3,2,0.48455995600670576,4.033221337012947,4.5280565824359655,5,15,32,0
2026-05-15T00:46:50.483723,clean,persist,{'bins': 6},76,4,2,0.481808009557426,3.96470068115741,4.456576471216977,5,15,32,0
2026-05-15T00:46:52.679664,clean,persist,{'bins': 6},77,0,2,0.46855456847697496,1.6748248841613531,2.1533413641154766,5,6,12,0
2026-05-15T00:46:54.890292,clean,persist,{'bins': 6},77,1,2,0.4702562429010868,1.68830656260252,2.1685665966942906,5,6,12,0
2026-05-15T00:46:57.038030,clean,persist,{'bins': 6},77,2,2,0.46793410181999207,1.6272224178537726,2.1051048263907433,5,6,12,0
2026-05-15T00:46:59.238678,clean,persist,{'bins': 6},77,3,2,0.46817567851394415,1.6807837411761284,2.1588832596316934,5,6,12,0
2026-05-15T00:47:01.372510,clean,persist,{'bins': 6},77,4,2,0.46777717862278223,1.6134245041757822,2.091031407006085,5,6,12,0
2026-05-15T00:47:05.409520,clean,persist,{'bins': 6},78,0,2,0.4852807801216841,3.4917219262570143,3.9872882748022676,5,12,22,0
2026-05-15T00:47:09.480296,clean,persist,{'bins': 6},78,1,2,0.490325259976089,3.521506962366402,4.022344677709043,5,12,22,0
2026-05-15T00:47:13.526462,clean,persist,{'bins': 6},78,2,2,0.4849068457260728,3.5025600232183933,3.9979067193344235,5,12,22,0
2026-05-15T00:47:17.512988,clean,persist,{'bins': 6},78,3,2,0.48517949879169464,3.442921451292932,3.9383282400667667,5,12,22,0
2026-05-15T00:47:21.553940,clean,persist,{'bins': 6},78,4,2,0.48466205783188343,3.497295830398798,3.9923176066949964,5,12,22,0
2026-05-15T00:47:25.358810,clean,persist,{'bins': 6},79,0,2,0.49487722385674715,3.2452575573697686,3.750631728209555,5,10,19,0
2026-05-15T00:47:29.217919,clean,persist,{'bins': 6},79,1,2,0.4961346760392189,3.2988559203222394,3.805674673989415,5,10,19,0
2026-05-15T00:47:33.042953,clean,persist,{'bins': 6},79,2,2,0.4937852341681719,3.2671017963439226,3.771392653696239,5,10,19,0
2026-05-15T00:47:36.850527,clean,persist,{'bins': 6},79,3,2,0.49407042004168034,3.249483390711248,3.7540646037086844,5,10,19,0
2026-05-15T00:47:40.708757,clean,persist,{'bins': 6},79,4,2,0.49398152343928814,3.3004363868385553,3.8049750104546547,5,10,19,0
2026-05-15T00:47:44.032810,clean,persist,{'bins': 6},80,0,2,0.49444140773266554,2.7608394557610154,3.265867027454078,5,11,20,0
2026-05-15T00:47:47.373010,clean,persist,{'bins': 6},80,1,2,0.49459274020045996,2.7786032566800714,3.2837110683321953,5,11,20,0
2026-05-15T00:47:50.712202,clean,persist,{'bins': 6},80,2,2,0.49678864423185587,2.7743907487019897,3.2818728974089026,5,11,20,0
2026-05-15T00:47:54.023739,clean,persist,{'bins': 6},80,3,2,0.49436124693602324,2.7496607527136803,3.2545719342306256,5,11,20,0
2026-05-15T00:47:57.352471,clean,persist,{'bins': 6},80,4,2,0.4952277932316065,2.7664444902911782,3.2722448213025928,5,11,20,0
2026-05-15T00:48:02.367752,clean,persist,{'bins': 6},81,0,2,0.5056500602513552,4.4497687285766006,4.966158260591328,5,15,33,0
2026-05-15T00:48:07.368162,clean,persist,{'bins': 6},81,1,2,0.5054560862481594,4.435976046137512,4.952200297266245,5,15,33,0
2026-05-15T00:48:12.330097,clean,persist,{'bins': 6},81,2,2,0.505319818854332,4.397352948784828,4.913510423153639,5,15,33,0
2026-05-15T00:48:17.332467,clean,persist,{'bins': 6},81,3,2,0.5054902182891965,4.437757450155914,4.954204187728465,5,15,33,0
2026-05-15T00:48:22.290123,clean,persist,{'bins': 6},81,4,2,0.5113901551812887,4.387056426145136,4.909637310542166,5,15,33,0
2026-05-15T00:48:26.713583,clean,persist,{'bins': 6},82,0,2,0.504484049975872,3.839549328200519,4.35502949077636,5,3,8,0
2026-05-15T00:48:31.094077,clean,persist,{'bins': 6},82,1,2,0.504563469439745,3.796077646315098,4.31171275023371,5,3,8,0
2026-05-15T00:48:35.482400,clean,persist,{'bins': 6},82,2,2,0.5046138744801283,3.80351769272238,4.3191855093464255,5,3,8,0
2026-05-15T00:48:39.874094,clean,persist,{'bins': 6},82,3,2,0.5046925814822316,3.8064174773171544,4.322202803567052,5,3,8,0
2026-05-15T00:48:44.257625,clean,persist,{'bins': 6},82,4,2,0.5044545149430633,3.7986488435417414,4.314199157990515,5,3,8,0
2026-05-15T00:48:49.453394,clean,persist,{'bins': 6},83,0,2,0.515856740064919,4.617910308763385,5.144938511773944,5,15,33,0
2026-05-15T00:48:54.637366,clean,persist,{'bins': 6},83,1,2,0.5152639178559184,4.607691073790193,5.134175857529044,5,15,33,0
2026-05-15T00:48:59.893719,clean,persist,{'bins': 6},83,2,2,0.5152968699112535,4.679469977505505,5.205981641076505,5,15,33,0
2026-05-15T00:49:05.137072,clean,persist,{'bins': 6},83,3,2,0.5154878878965974,4.6664254097267985,5.193152377381921,5,15,33,0
2026-05-15T00:49:10.347373,clean,persist,{'bins': 6},83,4,2,0.5139701189473271,4.634678249247372,5.159876977093518,5,15,33,0
2026-05-15T00:49:14.457463,clean,persist,{'bins': 6},84,0,2,0.555717833340168,3.483304914087057,4.050410605967045,5,13,24,0
2026-05-15T00:49:18.624738,clean,persist,{'bins': 6},84,1,2,0.5557473385706544,3.542513297870755,4.109560299664736,5,13,24,0
2026-05-15T00:49:22.725651,clean,persist,{'bins': 6},84,2,2,0.5559432078152895,3.4754749946296215,4.042780212126672,5,13,24,0
2026-05-15T00:49:26.864074,clean,persist,{'bins': 6},84,3,2,0.5548101402819157,3.514639290049672,4.08073587808758,5,13,24,0
2026-05-15T00:49:30.982840,clean,persist,{'bins': 6},84,4,2,0.5557246459648013,3.4942759200930595,4.061261808499694,5,13,24,0
2026-05-15T00:49:36.835410,clean,persist,{'bins': 6},85,0,2,0.5773692699149251,5.199574714526534,5.788382668048143,5,12,26,0
2026-05-15T00:49:42.613618,clean,persist,{'bins': 6},85,1,2,0.5778692895546556,5.1231621112674475,5.71266264654696,5,12,26,0
2026-05-15T00:49:48.448009,clean,persist,{'bins': 6},85,2,2,0.5775197129696608,5.181973420083523,5.770940383896232,5,12,26,0
2026-05-15T00:49:54.303789,clean,persist,{'bins': 6},85,3,2,0.5800316790118814,5.200369785539806,5.791972307488322,5,12,26,0
2026-05-15T00:50:00.123282,clean,persist,{'bins': 6},85,4,2,0.5772265624254942,5.166785615496337,5.755506377667189,5,12,26,0
2026-05-15T00:50:05.220966,clean,persist,{'bins': 6},86,0,2,0.5733255390077829,4.446985114365816,5.03194544557482,5,9,18,0
2026-05-15T00:50:10.314624,clean,persist,{'bins': 6},86,1,2,0.575117614120245,4.443737919442356,5.03072336409241,5,9,18,0
2026-05-15T00:50:15.408762,clean,persist,{'bins': 6},86,2,2,0.5746481670066714,4.444271462969482,5.030641978606582,5,9,18,0
2026-05-15T00:50:20.558493,clean,persist,{'bins': 6},86,3,2,0.5745892561972141,4.500693793408573,5.086995519697666,5,9,18,0
2026-05-15T00:50:25.678222,clean,persist,{'bins': 6},86,4,2,0.5736570861190557,4.471100923605263,5.056375249288976,5,9,18,0
2026-05-15T00:50:32.930141,clean,persist,{'bins': 6},87,0,2,0.5736388424411416,6.598820702172816,7.184495059773326,5,11,23,0
2026-05-15T00:50:40.250885,clean,persist,{'bins': 6},87,1,2,0.5748951705172658,6.666959699243307,7.254056337289512,5,11,23,0
2026-05-15T00:50:47.529828,clean,persist,{'bins': 6},87,2,2,0.5737574547529221,6.626223678700626,7.212083543650806,5,11,23,0
2026-05-15T00:50:54.820293,clean,persist,{'bins': 6},87,3,2,0.5740143964067101,6.636546527966857,7.222783871926367,5,11,23,0
2026-05-15T00:51:02.162237,clean,persist,{'bins': 6},87,4,2,0.5742499278858304,6.689745024777949,7.276300515979528,5,11,23,0
2026-05-15T00:51:08.434010,clean,persist,{'bins': 6},88,0,2,0.58466677647084,5.587726743891835,6.184437802061439,5,3,8,0
2026-05-15T00:51:14.634631,clean,persist,{'bins': 6},88,1,2,0.5835050651803613,5.517978373914957,6.113685937598348,5,3,8,0
2026-05-15T00:51:20.847949,clean,persist,{'bins': 6},88,2,2,0.584329541772604,5.530418668873608,6.126948727294803,5,3,8,0
2026-05-15T00:51:27.094655,clean,persist,{'bins': 6},88,3,2,0.5837276820093393,5.564329294487834,6.160068817436695,5,3,8,0
2026-05-15T00:51:33.249206,clean,persist,{'bins': 6},88,4,2,0.5840682713314891,5.472245531156659,6.068464495241642,5,3,8,0
2026-05-15T00:51:37.203832,clean,persist,{'bins': 6},89,0,2,0.5901706786826253,3.2785940002650023,3.8818655544891953,5,3,8,0
2026-05-15T00:51:41.108311,clean,persist,{'bins': 6},89,1,2,0.589544883929193,3.231193126179278,3.8327182829380035,5,3,8,0
2026-05-15T00:51:45.030368,clean,persist,{'bins': 6},89,2,2,0.5888971965759993,3.248681760393083,3.8495709421113133,5,3,8,0
2026-05-15T00:51:49.005166,clean,persist,{'bins': 6},89,3,2,0.5895147658884525,3.300099214538932,3.901633767411113,5,3,8,0
2026-05-15T00:51:52.944794,clean,persist,{'bins': 6},89,4,2,0.5950036318972707,3.2592369467020035,3.8663451550528407,5,3,8,0
2026-05-15T00:51:57.529271,clean,persist,{'bins': 6},90,0,2,0.5995475742965937,3.8931750478222966,4.505220064893365,5,3,8,0
2026-05-15T00:52:02.063255,clean,persist,{'bins': 6},90,1,2,0.5952506149187684,3.8494259091094136,4.456999639980495,5,3,8,0
2026-05-15T00:52:06.637732,clean,persist,{'bins': 6},90,2,2,0.595474005676806,3.8889905996620655,4.496799122542143,5,3,8,0
2026-05-15T00:52:11.147797,clean,persist,{'bins': 6},90,3,2,0.5956068746745586,3.8213901529088616,4.4294244190678,5,3,8,0
2026-05-15T00:52:15.719744,clean,persist,{'bins': 6},90,4,2,0.5961594926193357,3.8860358521342278,4.494523239322007,5,3,8,0
2026-05-15T00:52:20.431417,clean,persist,{'bins': 6},91,0,2,0.5867385044693947,4.044470425695181,4.643551843240857,5,9,18,0
2026-05-15T00:52:25.153538,clean,persist,{'bins': 6},91,1,2,0.5888500791043043,4.0534620974212885,4.654826450161636,5,9,18,0
2026-05-15T00:52:29.865080,clean,persist,{'bins': 6},91,2,2,0.5872379718348384,4.044649851508439,4.644320605322719,5,9,18,0
2026-05-15T00:52:34.585137,clean,persist,{'bins': 6},91,3,2,0.5940864207223058,4.046282124705613,4.6530956691131,5,9,18,0
2026-05-15T00:52:39.274656,clean,persist,{'bins': 6},91,4,2,0.5878256550058722,4.021392514929175,4.621731413528323,5,9,18,0
2026-05-15T00:52:46.802489,clean,persist,{'bins': 6},92,0,2,0.6097416020929813,6.832505127415061,7.454950960353017,5,12,27,0
2026-05-15T00:52:54.347585,clean,persist,{'bins': 6},92,1,2,0.6099021630361676,6.849814925342798,7.472347861155868,5,12,27,0
2026-05-15T00:53:01.877858,clean,persist,{'bins': 6},92,2,2,0.6093830475583673,6.8350777961313725,7.457172359339893,5,12,27,0
2026-05-15T00:53:09.432754,clean,persist,{'bins': 6},92,3,2,0.6115175746381283,6.8579135881736875,7.482159609906375,5,12,27,0
2026-05-15T00:53:16.998403,clean,persist,{'bins': 6},92,4,2,0.6091085216030478,6.871628294698894,7.493414298631251,5,12,27,0
2026-05-15T00:53:22.368235,clean,persist,{'bins': 6},93,0,2,0.6034256434068084,4.6973114581778646,5.313569333404303,5,13,30,0
2026-05-15T00:53:27.777063,clean,persist,{'bins': 6},93,1,2,0.6037131519988179,4.738356529735029,5.354860355146229,5,13,30,0
2026-05-15T00:53:33.182531,clean,persist,{'bins': 6},93,2,2,0.6067152889445424,4.730604304000735,5.350610906258225,5,13,30,0
2026-05-15T00:53:38.549883,clean,persist,{'bins': 6},93,3,2,0.6054821833968163,4.6940648406744,5.312608517706394,5,13,30,0
2026-05-15T00:53:43.971096,clean,persist,{'bins': 6},93,4,2,0.6053573898971081,4.747881390154362,5.3661505207419395,5,13,30,0
2026-05-15T00:53:49.912001,clean,persist,{'bins': 6},94,0,2,0.6044853515923023,5.247104847803712,5.864558446221054,5,9,18,0
2026-05-15T00:53:55.786959,clean,persist,{'bins': 6},94,1,2,0.6042674817144871,5.182973331771791,5.800324959680438,5,9,18,0
2026-05-15T00:54:01.667792,clean,persist,{'bins': 6},94,2,2,0.6054243547841907,5.187921221368015,5.806622753851116,5,9,18,0
2026-05-15T00:54:07.539721,clean,persist,{'bins': 6},94,3,2,0.6040580486878753,5.180064440704882,5.797097730450332,5,9,18,0
2026-05-15T00:54:13.395796,clean,persist,{'bins': 6},94,4,2,0.6057135779410601,5.162670964375138,5.781551763415337,5,9,18,0
2026-05-15T00:54:19.507078,clean,persist,{'bins': 6},95,0,2,0.608242024667561,5.413586574606597,6.03511215839535,5,9,18,0
2026-05-15T00:54:25.636221,clean,persist,{'bins': 6},95,1,2,0.6111922329291701,5.4292409447953105,6.053876327350736,5,9,18,0
2026-05-15T00:54:31.692426,clean,persist,{'bins': 6},95,2,2,0.6090363059192896,5.356947377324104,5.979307848028839,5,9,18,0
2026-05-15T00:54:37.827703,clean,persist,{'bins': 6},95,3,2,0.6087323250249028,5.437207159586251,6.059076759964228,5,9,18,0
2026-05-15T00:54:43.902818,clean,persist,{'bins': 6},95,4,2,0.6109909862279892,5.375308237038553,5.999648275785148,5,9,18,0
2026-05-15T00:54:48.089136,clean,persist,{'bins': 6},96,0,2,0.6189913665875793,3.4732647826895118,4.105625590309501,5,5,11,0
2026-05-15T00:54:52.253470,clean,persist,{'bins': 6},96,1,2,0.6193357324227691,3.451854436658323,4.08443158864975,5,5,11,0
2026-05-15T00:54:56.437205,clean,persist,{'bins': 6},96,2,2,0.6184885120019317,3.4708473244681954,4.1025894386693835,5,5,11,0
2026-05-15T00:55:00.571866,clean,persist,{'bins': 6},96,3,2,0.6194687820971012,3.4227813724428415,4.055495712906122,5,5,11,0
2026-05-15T00:55:04.782678,clean,persist,{'bins': 6},96,4,2,0.6222903495654464,3.4964099070057273,4.13224792201072,5,5,11,0
2026-05-15T00:55:09.577843,clean,persist,{'bins': 6},97,0,2,0.6139835147187114,4.099413154646754,4.726755409501493,5,14,26,0
2026-05-15T00:55:14.431007,clean,persist,{'bins': 6},97,1,2,0.6154960645362735,4.156984461471438,4.785857490263879,5,14,26,0
2026-05-15T00:55:19.225672,clean,persist,{'bins': 6},97,2,2,0.6148112779483199,4.09907949808985,4.727228947915137,5,14,26,0
2026-05-15T00:55:24.067784,clean,persist,{'bins': 6},97,3,2,0.6142790373414755,4.147222734056413,4.7750430051237345,5,14,26,0
2026-05-15T00:55:28.917621,clean,persist,{'bins': 6},97,4,2,0.6148523250594735,4.154369973577559,4.782788507640362,5,14,26,0
2026-05-15T00:55:37.139330,clean,persist,{'bins': 6},98,0,2,0.6407700339332223,7.499690695665777,8.154155710712075,5,17,37,0
2026-05-15T00:55:45.305226,clean,persist,{'bins': 6},98,1,2,0.6417170418426394,7.4433308113366365,8.09872908797115,5,17,37,0
2026-05-15T00:55:53.540468,clean,persist,{'bins': 6},98,2,2,0.640931005589664,7.5127915581688285,8.167319782078266,5,17,37,0
2026-05-15T00:56:01.787343,clean,persist,{'bins': 6},98,3,2,0.6413889760151505,7.524511519819498,8.179634170606732,5,17,37,0
2026-05-15T00:56:10.001435,clean,persist,{'bins': 6},98,4,2,0.64087756536901,7.4923939211294055,8.146941009908915,5,17,37,0
2026-05-15T00:56:18.344058,clean,persist,{'bins': 6},99,0,2,0.6526748845353723,7.606761078350246,8.273408736102283,5,17,37,0
2026-05-15T00:56:26.698171,clean,persist,{'bins': 6},99,1,2,0.6460298579186201,7.62485393602401,8.284767840057611,5,17,37,0
2026-05-15T00:56:35.009856,clean,persist,{'bins': 6},99,2,2,0.6457593804225326,7.583848238922656,8.243424830958247,5,17,37,0
2026-05-15T00:56:43.298382,clean,persist,{'bins': 6},99,3,2,0.6464719781652093,7.559603288769722,8.219986724667251,5,17,37,0
2026-05-15T00:56:51.617752,clean,persist,{'bins': 6},99,4,2,0.6456593219190836,7.590278709307313,8.249949156306684,5,17,37,0
2026-05-15T00:56:56.255050,clean,persist,{'bins': 6},100,0,2,0.6306874323636293,3.9189491160213947,4.563597870990634,5,13,25,0
2026-05-15T00:57:00.842411,clean,persist,{'bins': 6},100,1,2,0.6299250619485974,3.870619960129261,4.514611229300499,5,13,25,0
2026-05-15T00:57:05.525125,clean,persist,{'bins': 6},100,2,2,0.6309317126870155,3.9632755760103464,4.608278015628457,5,13,25,0
2026-05-15T00:57:10.165961,clean,persist,{'bins': 6},100,3,2,0.6307828221470118,3.923265879973769,4.568118145689368,5,13,25,0
2026-05-15T00:57:14.809223,clean,persist,{'bins': 6},100,4,2,0.6309170043095946,3.9253127919510007,4.570177011191845,5,13,25,0
2026-05-15T00:57:14.889234,noisy,naive,{'bins': 5},1,0,2,0.0004967311397194862,0.027295667678117752,0.028111387975513935,5,6,9,0
2026-05-15T00:57:14.918855,noisy,naive,{'bins': 5},1,1,2,0.0003144899383187294,0.02720734942704439,0.027780655771493912,5,6,9,0
2026-05-15T00:57:14.948639,noisy,naive,{'bins': 5},1,2,2,0.00030699558556079865,0.02726417686790228,0.027826261706650257,5,6,9,0
2026-05-15T00:57:14.978150,noisy,naive,{'bins': 5},1,3,2,0.00029761902987957,0.02708273660391569,0.027644931338727474,5,6,9,0
2026-05-15T00:57:15.007843,noisy,naive,{'bins': 5},1,4,2,0.0003048330545425415,0.027185278944671154,0.02775187324732542,5,6,9,0
2026-05-15T00:57:15.109759,noisy,naive,{'bins': 5},2,0,2,0.0005605621263384819,0.09718701429665089,0.09819182008504868,5,7,11,0
2026-05-15T00:57:15.212256,noisy,naive,{'bins': 5},2,1,2,0.0005450230091810226,0.09803274180740118,0.0990178408101201,5,7,11,0
2026-05-15T00:57:15.313831,noisy,naive,{'bins': 5},2,2,2,0.000562014989554882,0.09736781287938356,0.09838093537837267,5,7,11,0
2026-05-15T00:57:15.415357,noisy,naive,{'bins': 5},2,3,2,0.0005502933636307716,0.09751257579773664,0.09849463868886232,5,7,11,0
2026-05-15T00:57:15.517915,noisy,naive,{'bins': 5},2,4,2,0.0005404548719525337,0.09855124540627003,0.09952902141958475,5,7,11,0
2026-05-15T00:57:15.577309,noisy,naive,{'bins': 5},3,0,2,0.0007780417799949646,0.05485794320702553,0.05613235663622618,5,7,12,0
2026-05-15T00:57:15.635954,noisy,naive,{'bins': 5},3,1,2,0.0007751854136586189,0.05486275162547827,0.05613410845398903,5,7,12,0
2026-05-15T00:57:15.694496,noisy,naive,{'bins': 5},3,2,2,0.000747954472899437,0.05459872633218765,0.05583683121949434,5,7,12,0
2026-05-15T00:57:15.753787,noisy,naive,{'bins': 5},3,3,2,0.00074810441583395,0.054884943179786205,0.05611454229801893,5,7,12,0
2026-05-15T00:57:15.812469,noisy,naive,{'bins': 5},3,4,2,0.0007496476173400879,0.0548414122313261,0.05607355572283268,5,7,12,0
2026-05-15T00:57:15.914755,noisy,naive,{'bins': 5},4,0,2,0.0010014409199357033,0.09662975650280714,0.09825291484594345,5,4,10,0
2026-05-15T00:57:16.016873,noisy,naive,{'bins': 5},4,1,2,0.0009752810001373291,0.0971545223146677,0.09875120036303997,5,4,10,0
2026-05-15T00:57:16.118614,noisy,naive,{'bins': 5},4,2,2,0.0009789178147912025,0.09691336005926132,0.09850671235471964,5,4,10,0
2026-05-15T00:57:16.220418,noisy,naive,{'bins': 5},4,3,2,0.0009643007069826126,0.09692808799445629,0.09850138239562511,5,4,10,0
2026-05-15T00:57:16.321404,noisy,naive,{'bins': 5},4,4,2,0.0009701903909444809,0.0964820496737957,0.0980782862752676,5,4,10,0
2026-05-15T00:57:16.469028,noisy,naive,{'bins': 5},5,0,2,0.0012082289904356003,0.14146221801638603,0.14340522605925798,5,5,11,0
2026-05-15T00:57:16.615704,noisy,naive,{'bins': 5},5,1,2,0.0011966759338974953,0.14118223264813423,0.1431201407685876,5,5,11,0
2026-05-15T00:57:16.762829,noisy,naive,{'bins': 5},5,2,2,0.0011810576543211937,0.14143970515578985,0.1433684565126896,5,5,11,0
2026-05-15T00:57:16.909441,noisy,naive,{'bins': 5},5,3,2,0.001173112541437149,0.14101076126098633,0.14292522612959146,5,5,11,0
2026-05-15T00:57:17.057215,noisy,naive,{'bins': 5},5,4,2,0.001192830502986908,0.14194982405751944,0.1438707709312439,5,5,11,0
2026-05-15T00:57:17.245849,noisy,naive,{'bins': 5},6,0,2,0.0014221007004380226,0.18036483507603407,0.1827976331114769,5,5,12,0
2026-05-15T00:57:17.435341,noisy,naive,{'bins': 5},6,1,2,0.0014026425778865814,0.18203686457127333,0.18432566057890654,5,5,12,0
2026-05-15T00:57:17.669783,noisy,naive,{'bins': 5},6,2,2,0.0013959407806396484,0.22765266709029675,0.22992721758782864,5,5,12,0
2026-05-15T00:57:17.858955,noisy,naive,{'bins': 5},6,3,2,0.0016122562810778618,0.181506278924644,0.18403679970651865,5,5,12,0
2026-05-15T00:57:18.047421,noisy,naive,{'bins': 5},6,4,2,0.0013736383989453316,0.18143212888389826,0.18367154337465763,5,5,12,0
2026-05-15T00:57:18.349419,noisy,naive,{'bins': 5},7,0,2,0.0016179075464606285,0.2918834462761879,0.29470043536275625,5,4,10,0
2026-05-15T00:57:18.652720,noisy,naive,{'bins': 5},7,1,2,0.0016893111169338226,0.2935978639870882,0.29634272679686546,5,4,10,0
2026-05-15T00:57:18.955260,noisy,naive,{'bins': 5},7,2,2,0.001619109883904457,0.29300495237112045,0.2956727100536227,5,4,10,0
2026-05-15T00:57:19.258240,noisy,naive,{'bins': 5},7,3,2,0.0016164649277925491,0.2937484374269843,0.2963986024260521,5,4,10,0
2026-05-15T00:57:19.560085,noisy,naive,{'bins': 5},7,4,2,0.0016103629022836685,0.29237463790923357,0.2950148042291403,5,4,10,0
2026-05-15T00:57:19.682201,noisy,naive,{'bins': 5},8,0,2,0.001966421492397785,0.11403125803917646,0.11704455502331257,5,7,11,0
2026-05-15T00:57:19.803945,noisy,naive,{'bins': 5},8,1,2,0.0018276413902640343,0.11417871527373791,0.11704152077436447,5,7,11,0
2026-05-15T00:57:19.925176,noisy,naive,{'bins': 5},8,2,2,0.001818723976612091,0.11372269783169031,0.11658605374395847,5,7,11,0
2026-05-15T00:57:20.046821,noisy,naive,{'bins': 5},8,3,2,0.0018404163420200348,0.11420315131545067,0.11709055211395025,5,7,11,0
2026-05-15T00:57:20.168400,noisy,naive,{'bins': 5},8,4,2,0.0018150880932807922,0.11438884865492582,0.117254339158535,5,7,11,0
2026-05-15T00:57:20.339794,noisy,naive,{'bins': 5},9,0,2,0.0021730493754148483,0.16200740076601505,0.16533795278519392,5,7,12,0
2026-05-15T00:57:20.508979,noisy,naive,{'bins': 5},9,1,2,0.0021368013694882393,0.16089903935790062,0.16420893277972937,5,7,12,0
2026-05-15T00:57:20.678155,noisy,naive,{'bins': 5},9,2,2,0.0021439548581838608,0.160600820556283,0.16389641724526882,5,7,12,0
2026-05-15T00:57:20.890812,noisy,naive,{'bins': 5},9,3,2,0.002130860462784767,0.20432909671217203,0.20763341058045626,5,7,12,0
2026-05-15T00:57:21.060207,noisy,naive,{'bins': 5},9,4,2,0.0022868430241942406,0.16077664028853178,0.1642910474911332,5,7,12,0
2026-05-15T00:57:21.256712,noisy,naive,{'bins': 5},10,0,2,0.002368547022342682,0.1861559571698308,0.18998149037361145,5,9,14,0
2026-05-15T00:57:21.451497,noisy,naive,{'bins': 5},10,1,2,0.0023670541122555733,0.1855793558061123,0.18934892304241657,5,9,14,0
2026-05-15T00:57:21.647736,noisy,naive,{'bins': 5},10,2,2,0.0023360755294561386,0.18658263888210058,0.19030788261443377,5,9,14,0
2026-05-15T00:57:21.842543,noisy,naive,{'bins': 5},10,3,2,0.0023517748340964317,0.18566729128360748,0.18940612021833658,5,9,14,0
2026-05-15T00:57:22.038747,noisy,naive,{'bins': 5},10,4,2,0.0023653311654925346,0.18672796059399843,0.19051527231931686,5,9,14,0
2026-05-15T00:57:22.250475,noisy,naive,{'bins': 5},11,0,2,0.0026259087026119232,0.20082341600209475,0.20495603419840336,5,9,14,0
2026-05-15T00:57:22.462220,noisy,naive,{'bins': 5},11,1,2,0.0025941403582692146,0.20115441642701626,0.20526752900332212,5,9,14,0
2026-05-15T00:57:22.674125,noisy,naive,{'bins': 5},11,2,2,0.0026480313390493393,0.20122921653091908,0.2054260466247797,5,9,14,0
2026-05-15T00:57:22.884906,noisy,naive,{'bins': 5},11,3,2,0.002603086642920971,0.20047168526798487,0.20459831226617098,5,9,14,0
2026-05-15T00:57:23.097853,noisy,naive,{'bins': 5},11,4,2,0.0026207612827420235,0.20257528498768806,0.20676696486771107,5,9,14,0
2026-05-15T00:57:23.348887,noisy,naive,{'bins': 5},12,0,2,0.0029306020587682724,0.2389059830456972,0.24355803709477186,5,9,14,0
2026-05-15T00:57:23.599162,noisy,naive,{'bins': 5},12,1,2,0.002869347110390663,0.23862535692751408,0.2431955374777317,5,9,14,0
2026-05-15T00:57:23.849182,noisy,naive,{'bins': 5},12,2,2,0.002871289849281311,0.23833657335489988,0.24289023224264383,5,9,14,0
2026-05-15T00:57:24.098739,noisy,naive,{'bins': 5},12,3,2,0.0028474172577261925,0.23804467637091875,0.2425761455669999,5,9,14,0
2026-05-15T00:57:24.348315,noisy,naive,{'bins': 5},12,4,2,0.0028243716806173325,0.2378795761615038,0.24240831844508648,5,9,14,0
2026-05-15T00:57:24.612569,noisy,naive,{'bins': 5},13,0,2,0.003112263046205044,0.2507243612781167,0.25571293756365776,5,9,14,0
2026-05-15T00:57:24.919928,noisy,naive,{'bins': 5},13,1,2,0.003155333921313286,0.2951644863933325,0.3001243881881237,5,9,14,0
2026-05-15T00:57:25.183253,noisy,naive,{'bins': 5},13,2,2,0.003243078477680683,0.25041314773261547,0.2555010709911585,5,9,14,0
2026-05-15T00:57:25.446176,noisy,naive,{'bins': 5},13,3,2,0.0030703051015734673,0.2507184315472841,0.2555565247312188,5,9,14,0
2026-05-15T00:57:25.709338,noisy,naive,{'bins': 5},13,4,2,0.0030661774799227715,0.2511793375015259,0.25605321768671274,5,9,14,0
2026-05-15T00:57:26.058828,noisy,naive,{'bins': 5},14,0,2,0.0033422447741031647,0.33581652771681547,0.34109734278172255,5,10,17,0
2026-05-15T00:57:26.408765,noisy,naive,{'bins': 5},14,1,2,0.0033281994983553886,0.3369508683681488,0.3421914177015424,5,10,17,0
2026-05-15T00:57:26.758370,noisy,naive,{'bins': 5},14,2,2,0.003330674022436142,0.336464524269104,0.3417478743940592,5,10,17,0
2026-05-15T00:57:27.107276,noisy,naive,{'bins': 5},14,3,2,0.003307720646262169,0.3360255900770426,0.34125534910708666,5,10,17,0
2026-05-15T00:57:27.456619,noisy,naive,{'bins': 5},14,4,2,0.003344588913023472,0.33639931213110685,0.34167793206870556,5,10,17,0
2026-05-15T00:57:27.855214,noisy,naive,{'bins': 5},15,0,2,0.003589639440178871,0.38374398928135633,0.389474468305707,5,10,17,0
2026-05-15T00:57:28.254472,noisy,naive,{'bins': 5},15,1,2,0.0035742204636335373,0.3852826077491045,0.3909405805170536,5,10,17,0
2026-05-15T00:57:28.714674,noisy,naive,{'bins': 5},15,2,2,0.0036213798448443413,0.43084836564958096,0.4365623937919736,5,10,17,0
2026-05-15T00:57:29.113040,noisy,naive,{'bins': 5},15,3,2,0.0037429872900247574,0.38381574396044016,0.38970908895134926,5,10,17,0
2026-05-15T00:57:29.509443,noisy,naive,{'bins': 5},15,4,2,0.0036075329408049583,0.38215357437729836,0.387894943356514,5,10,17,0
2026-05-15T00:57:29.914583,noisy,naive,{'bins': 5},16,0,2,0.0037891343235969543,0.38910817075520754,0.3951404159888625,5,10,17,0
2026-05-15T00:57:30.321489,noisy,naive,{'bins': 5},16,1,2,0.003858022391796112,0.3914275551214814,0.3974903766065836,5,10,17,0
2026-05-15T00:57:30.726683,noisy,naive,{'bins': 5},16,2,2,0.003914419561624527,0.3900236589834094,0.3961311662569642,5,10,17,0
2026-05-15T00:57:31.133090,noisy,naive,{'bins': 5},16,3,2,0.0038338378071784973,0.39114595390856266,0.3972343849018216,5,10,17,0
2026-05-15T00:57:31.538079,noisy,naive,{'bins': 5},16,4,2,0.003870908170938492,0.38967821653932333,0.39577330090105534,5,10,17,0
2026-05-15T00:57:31.891164,noisy,naive,{'bins': 5},17,0,2,0.004148767329752445,0.3376051541417837,0.34404104575514793,5,10,18,0
2026-05-15T00:57:32.286271,noisy,naive,{'bins': 5},17,1,2,0.004088986665010452,0.3807132598012686,0.387093098834157,5,10,18,0
2026-05-15T00:57:32.639109,noisy,naive,{'bins': 5},17,2,2,0.004244598560035229,0.3380212280899286,0.3445959109812975,5,10,18,0
2026-05-15T00:57:32.992261,noisy,naive,{'bins': 5},17,3,2,0.004099616780877113,0.33876899164170027,0.34514923952519894,5,10,18,0
2026-05-15T00:57:33.344474,noisy,naive,{'bins': 5},17,4,2,0.004087513312697411,0.33799469750374556,0.3443731926381588,5,10,18,0
2026-05-15T00:57:33.710139,noisy,naive,{'bins': 5},18,0,2,0.00433378666639328,0.3495367066934705,0.3563128290697932,5,10,18,0
2026-05-15T00:57:34.075355,noisy,naive,{'bins': 5},18,1,2,0.004405311308801174,0.34934542793780565,0.3562831934541464,5,10,18,0
2026-05-15T00:57:34.443290,noisy,naive,{'bins': 5},18,2,2,0.004411282017827034,0.3524237470701337,0.359357344917953,5,10,18,0
2026-05-15T00:57:34.853578,noisy,naive,{'bins': 5},18,3,2,0.004420979879796505,0.3946461481973529,0.4015955049544573,5,10,18,0
2026-05-15T00:57:35.219305,noisy,naive,{'bins': 5},18,4,2,0.00453138817101717,0.34960424341261387,0.35670475475490093,5,10,18,0
2026-05-15T00:57:35.588102,noisy,naive,{'bins': 5},19,0,2,0.0045243436470627785,0.3519273651763797,0.35899285040795803,5,10,18,0
2026-05-15T00:57:35.957338,noisy,naive,{'bins': 5},19,1,2,0.004564610309898853,0.3529426818713546,0.3600615169852972,5,10,18,0
2026-05-15T00:57:36.325328,noisy,naive,{'bins': 5},19,2,2,0.004625575616955757,0.3513764403760433,0.35861724615097046,5,10,18,0
2026-05-15T00:57:36.693009,noisy,naive,{'bins': 5},19,3,2,0.00465234462171793,0.35143767576664686,0.35870412830263376,5,10,18,0
2026-05-15T00:57:37.109125,noisy,naive,{'bins': 5},19,4,2,0.004611467011272907,0.4000856000930071,0.4072267860174179,5,10,18,0
2026-05-15T00:57:37.537328,noisy,naive,{'bins': 5},20,0,2,0.0048322733491659164,0.4098328799009323,0.41739325504750013,5,10,18,0
2026-05-15T00:57:37.965178,noisy,naive,{'bins': 5},20,1,2,0.004912162199616432,0.4102836363017559,0.4179435269907117,5,10,18,0
2026-05-15T00:57:38.394175,noisy,naive,{'bins': 5},20,2,2,0.004877205938100815,0.41142776515334845,0.41905906051397324,5,10,18,0
2026-05-15T00:57:38.821554,noisy,naive,{'bins': 5},20,3,2,0.004922041669487953,0.41006964445114136,0.41768571361899376,5,10,18,0
2026-05-15T00:57:39.249079,noisy,naive,{'bins': 5},20,4,2,0.004895281046628952,0.40975793823599815,0.41744338907301426,5,10,18,0
2026-05-15T00:57:39.704923,noisy,naive,{'bins': 5},21,0,2,0.004996279254555702,0.43663150258362293,0.44447188172489405,5,10,18,0
2026-05-15T00:57:40.157605,noisy,naive,{'bins': 5},21,1,2,0.005150681361556053,0.4341737385839224,0.44233496114611626,5,10,18,0
2026-05-15T00:57:40.611782,noisy,naive,{'bins': 5},21,2,2,0.005060230381786823,0.4356347620487213,0.4436558121815324,5,10,18,0
2026-05-15T00:57:41.116439,noisy,naive,{'bins': 5},21,3,2,0.005028550513088703,0.4867285769432783,0.494687900878489,5,10,18,0
2026-05-15T00:57:41.569003,noisy,naive,{'bins': 5},21,4,2,0.005314428359270096,0.4338669031858444,0.44210657197982073,5,10,18,0
2026-05-15T00:57:42.028427,noisy,naive,{'bins': 5},22,0,2,0.0054295239970088005,0.43946767691522837,0.4480102760717273,5,10,18,0
2026-05-15T00:57:42.487707,noisy,naive,{'bins': 5},22,1,2,0.0053805019706487656,0.44007714092731476,0.4484994737431407,5,10,18,0
2026-05-15T00:57:42.948253,noisy,naive,{'bins': 5},22,2,2,0.005257168784737587,0.4412375595420599,0.4495233753696084,5,10,18,0
2026-05-15T00:57:43.407623,noisy,naive,{'bins': 5},22,3,2,0.005393586121499538,0.44017219170928,0.4485951345413923,5,10,18,0
2026-05-15T00:57:43.865875,noisy,naive,{'bins': 5},22,4,2,0.005366284400224686,0.4390673963353038,0.4475315771996975,5,10,18,0
2026-05-15T00:57:44.365776,noisy,naive,{'bins': 5},23,0,2,0.005714769475162029,0.47896751668304205,0.4878167901188135,5,10,18,0
2026-05-15T00:57:44.914381,noisy,naive,{'bins': 5},23,1,2,0.005612106062471867,0.5282413549721241,0.5370568362995982,5,10,18,0
2026-05-15T00:57:45.414873,noisy,naive,{'bins': 5},23,2,2,0.00577912013977766,0.4800579436123371,0.48906718846410513,5,10,18,0
2026-05-15T00:57:45.917254,noisy,naive,{'bins': 5},23,3,2,0.0056487442925572395,0.4820523280650377,0.49090445693582296,5,10,18,0
2026-05-15T00:57:46.418232,noisy,naive,{'bins': 5},23,4,2,0.005603560246527195,0.48081303108483553,0.4896867508068681,5,10,18,0
2026-05-15T00:57:46.929416,noisy,naive,{'bins': 5},24,0,2,0.005793445743620396,0.4893641145899892,0.4984041666612029,5,10,18,0
2026-05-15T00:57:47.441997,noisy,naive,{'bins': 5},24,1,2,0.005754915066063404,0.49178331810981035,0.5008535170927644,5,10,18,0
2026-05-15T00:57:47.956126,noisy,naive,{'bins': 5},24,2,2,0.005896209739148617,0.49287796299904585,0.5021243318915367,5,10,18,0
2026-05-15T00:57:48.516174,noisy,naive,{'bins': 5},24,3,2,0.005886733531951904,0.5389467347413301,0.548179498873651,5,10,18,0
2026-05-15T00:57:49.030582,noisy,naive,{'bins': 5},24,4,2,0.0060402099043130875,0.49308277666568756,0.50247682351619,5,10,18,0
2026-05-15T00:57:49.624927,noisy,naive,{'bins': 5},25,0,2,0.005974967963993549,0.5712641580030322,0.5806981604546309,5,9,17,0
2026-05-15T00:57:50.216846,noisy,naive,{'bins': 5},25,1,2,0.005999374203383923,0.5698571167886257,0.5793505208566785,5,9,17,0
2026-05-15T00:57:50.811230,noisy,naive,{'bins': 5},25,2,2,0.006070598028600216,0.5720976842567325,0.5815412634983659,5,9,17,0
2026-05-15T00:57:51.402023,noisy,naive,{'bins': 5},25,3,2,0.006146559491753578,0.568257044069469,0.5778802502900362,5,9,17,0
2026-05-15T00:57:52.042885,noisy,naive,{'bins': 5},25,4,2,0.006186695769429207,0.618430720642209,0.6281207036226988,5,9,17,0
2026-05-15T00:57:52.689519,noisy,naive,{'bins': 5},26,0,2,0.006304707378149033,0.6221708729863167,0.6320640277117491,5,8,16,0
2026-05-15T00:57:53.337840,noisy,naive,{'bins': 5},26,1,2,0.006326958537101746,0.6247341446578503,0.6345132850110531,5,8,16,0
2026-05-15T00:57:53.984554,noisy,naive,{'bins': 5},26,2,2,0.006379627622663975,0.6231391420587897,0.6330309631302953,5,8,16,0
2026-05-15T00:57:54.637973,noisy,naive,{'bins': 5},26,3,2,0.006480787880718708,0.6295153722167015,0.6395026333630085,5,8,16,0
2026-05-15T00:57:55.334897,noisy,naive,{'bins': 5},26,4,2,0.006281592883169651,0.6734512588009238,0.6832578601315618,5,8,16,0
2026-05-15T00:57:55.990515,noisy,naive,{'bins': 5},27,0,2,0.0065133580937981606,0.6295217135921121,0.6398006221279502,5,8,16,0
2026-05-15T00:57:56.645098,noisy,naive,{'bins': 5},27,1,2,0.006618575192987919,0.6293484484776855,0.6397852823138237,5,8,16,0
2026-05-15T00:57:57.298359,noisy,naive,{'bins': 5},27,2,2,0.006599299609661102,0.6280783247202635,0.6385787380859256,5,8,16,0
2026-05-15T00:57:57.954703,noisy,naive,{'bins': 5},27,3,2,0.006550108082592487,0.6314254580065608,0.6416513677686453,5,8,16,0
2026-05-15T00:57:58.665100,noisy,naive,{'bins': 5},27,4,2,0.006716940551996231,0.684948144480586,0.6955561712384224,5,8,16,0
2026-05-15T00:57:59.340434,noisy,naive,{'bins': 5},28,0,2,0.006736828945577145,0.6473012650385499,0.6579983374103904,5,6,14,0
2026-05-15T00:58:00.018232,noisy,naive,{'bins': 5},28,1,2,0.006794947199523449,0.6510232109576464,0.661631528288126,5,6,14,0
2026-05-15T00:58:00.697855,noisy,naive,{'bins': 5},28,2,2,0.006902890279889107,0.653100622817874,0.6639089854434133,5,6,14,0
2026-05-15T00:58:01.374904,noisy,naive,{'bins': 5},28,3,2,0.006867554038763046,0.6502520944923162,0.6611345754936337,5,6,14,0
2026-05-15T00:58:02.101096,noisy,naive,{'bins': 5},28,4,2,0.006890336982905865,0.6992479199543595,0.7099973428994417,5,6,14,0
2026-05-15T00:58:02.809759,noisy,naive,{'bins': 5},29,0,2,0.007591993547976017,0.6787291187793016,0.690483576618135,5,6,14,0
2026-05-15T00:58:03.512199,noisy,naive,{'bins': 5},29,1,2,0.007117061875760555,0.6750675346702337,0.686166943050921,5,6,14,0
2026-05-15T00:58:04.215840,noisy,naive,{'bins': 5},29,2,2,0.007223913446068764,0.6759394695982337,0.6872247280552983,5,6,14,0
2026-05-15T00:58:04.917823,noisy,naive,{'bins': 5},29,3,2,0.0069663794711232185,0.674698050133884,0.6857111668214202,5,6,14,0
2026-05-15T00:58:05.686942,noisy,naive,{'bins': 5},29,4,2,0.007128443568944931,0.7417906122282147,0.7528213020414114,5,6,14,0
2026-05-15T00:58:06.428877,noisy,naive,{'bins': 5},30,0,2,0.007250713184475899,0.7128406912088394,0.7242553411051631,5,6,14,0
2026-05-15T00:58:07.169766,noisy,naive,{'bins': 5},30,1,2,0.007372111082077026,0.7124019674956799,0.7238104157149792,5,6,14,0
2026-05-15T00:58:07.910667,noisy,naive,{'bins': 5},30,2,2,0.007269358262419701,0.7124541252851486,0.7238492593169212,5,6,14,0
2026-05-15T00:58:08.658895,noisy,naive,{'bins': 5},30,3,2,0.007475024089217186,0.7195177553221583,0.7311402671039104,5,6,14,0
2026-05-15T00:58:09.447631,noisy,naive,{'bins': 5},30,4,2,0.007303422316908836,0.7606090838089585,0.77204929292202,5,6,14,0
2026-05-15T00:58:10.169776,noisy,naive,{'bins': 5},31,0,2,0.007558501325547695,0.6908091995865107,0.7026551896706223,5,8,16,0
2026-05-15T00:58:10.879429,noisy,naive,{'bins': 5},31,1,2,0.0074749840423464775,0.6797608761116862,0.691481901332736,5,8,16,0
2026-05-15T00:58:11.593446,noisy,naive,{'bins': 5},31,2,2,0.0075736986473202705,0.6833444032818079,0.6953797489404678,5,8,16,0
2026-05-15T00:58:12.306301,noisy,naive,{'bins': 5},31,3,2,0.00761104840785265,0.6826027799397707,0.6945079816505313,5,8,16,0
2026-05-15T00:58:13.064092,noisy,naive,{'bins': 5},31,4,2,0.007715726271271706,0.727189039811492,0.7392602227628231,5,8,16,0
2026-05-15T00:58:13.788778,noisy,naive,{'bins': 5},32,0,2,0.007775566540658474,0.6922293845564127,0.7043925691395998,5,8,16,0
2026-05-15T00:58:14.511833,noisy,naive,{'bins': 5},32,1,2,0.007666243240237236,0.6915594162419438,0.7036096202209592,5,8,16,0
2026-05-15T00:58:15.236233,noisy,naive,{'bins': 5},32,2,2,0.00777408666908741,0.6930129863321781,0.7052216771990061,5,8,16,0
2026-05-15T00:58:15.962491,noisy,naive,{'bins': 5},32,3,2,0.007881135679781437,0.6941476464271545,0.706672539934516,5,8,16,0
2026-05-15T00:58:16.735031,noisy,naive,{'bins': 5},32,4,2,0.007825933396816254,0.7410185933113098,0.7533347764983773,5,8,16,0
2026-05-15T00:58:17.473274,noisy,naive,{'bins': 5},33,0,2,0.007988588884472847,0.7045316603034735,0.7171280002221465,5,8,16,0
2026-05-15T00:58:18.204806,noisy,naive,{'bins': 5},33,1,2,0.008000319823622704,0.6990374559536576,0.7116012843325734,5,8,16,0
2026-05-15T00:58:18.935930,noisy,naive,{'bins': 5},33,2,2,0.008154449053108692,0.6981767695397139,0.7110674604773521,5,8,16,0
2026-05-15T00:58:19.667979,noisy,naive,{'bins': 5},33,3,2,0.008156664669513702,0.6986781619489193,0.7114299833774567,5,8,16,0
2026-05-15T00:58:20.447626,noisy,naive,{'bins': 5},33,4,2,0.008268233388662338,0.7466404577717185,0.7595748817548156,5,8,16,0
2026-05-15T00:58:21.190791,noisy,naive,{'bins': 5},34,0,2,0.008251972496509552,0.7082011811435223,0.7211995245888829,5,8,16,0
2026-05-15T00:58:21.933440,noisy,naive,{'bins': 5},34,1,2,0.00835509691387415,0.7083859369158745,0.7213906431570649,5,8,16,0
2026-05-15T00:58:22.672890,noisy,naive,{'bins': 5},34,2,2,0.008282879367470741,0.7060083532705903,0.7189241712912917,5,8,16,0
2026-05-15T00:58:23.414299,noisy,naive,{'bins': 5},34,3,2,0.00834064930677414,0.7074393099173903,0.7206562338396907,5,8,16,0
2026-05-15T00:58:24.210582,noisy,naive,{'bins': 5},34,4,2,0.008454493246972561,0.7619408937171102,0.7750992877408862,5,8,16,0
2026-05-15T00:58:25.012175,noisy,naive,{'bins': 5},35,0,2,0.00855861883610487,0.7648885883390903,0.7782495832070708,5,8,16,0
2026-05-15T00:58:25.814717,noisy,naive,{'bins': 5},35,1,2,0.00842326320707798,0.7669589556753635,0.7801771908998489,5,8,16,0
2026-05-15T00:58:26.617635,noisy,naive,{'bins': 5},35,2,2,0.008654609322547913,0.7665986679494381,0.7802060153335333,5,8,16,0
2026-05-15T00:58:27.423960,noisy,naive,{'bins': 5},35,3,2,0.008536357432603836,0.7704543173313141,0.783829259686172,5,8,16,0
2026-05-15T00:58:28.275660,noisy,naive,{'bins': 5},35,4,2,0.0086740143597126,0.8158136671409011,0.8295922558754683,5,8,16,0
2026-05-15T00:58:29.100909,noisy,naive,{'bins': 5},36,0,2,0.008670227602124214,0.7873808965086937,0.8009867006912827,5,8,16,0
2026-05-15T00:58:29.926297,noisy,naive,{'bins': 5},36,1,2,0.008939363993704319,0.7882001949474216,0.8022992052137852,5,8,16,0
2026-05-15T00:58:30.752636,noisy,naive,{'bins': 5},36,2,2,0.008944693952798843,0.7893736567348242,0.8034592615440488,5,8,16,0
2026-05-15T00:58:31.637469,noisy,naive,{'bins': 5},36,3,2,0.00882745161652565,0.8477905122563243,0.861573738977313,5,8,16,0
2026-05-15T00:58:32.462165,noisy,naive,{'bins': 5},36,4,2,0.00874629057943821,0.7877863878384233,0.8015878284350038,5,8,16,0
2026-05-15T00:58:33.316988,noisy,naive,{'bins': 5},37,0,2,0.008956804871559143,0.8156476151198149,0.8297130819410086,5,8,16,0
2026-05-15T00:58:34.172276,noisy,naive,{'bins': 5},37,1,2,0.009201655164361,0.8161318441852927,0.830676531419158,5,8,16,0
2026-05-15T00:58:35.078458,noisy,naive,{'bins': 5},37,2,2,0.008994516916573048,0.8678230419754982,0.8819997180253267,5,8,16,0
2026-05-15T00:58:35.931891,noisy,naive,{'bins': 5},37,3,2,0.009182860143482685,0.8143288986757398,0.8288188027217984,5,8,16,0
2026-05-15T00:58:36.784380,noisy,naive,{'bins': 5},37,4,2,0.009081059135496616,0.8140300884842873,0.8281811960041523,5,8,16,0
2026-05-15T00:58:37.650512,noisy,naive,{'bins': 5},38,0,2,0.009224317967891693,0.8278591623529792,0.8423841213807464,5,9,17,0
2026-05-15T00:58:38.515270,noisy,naive,{'bins': 5},38,1,2,0.009385821409523487,0.827454661950469,0.8421399034559727,5,9,17,0
2026-05-15T00:58:39.430099,noisy,naive,{'bins': 5},38,2,2,0.009419704787433147,0.8768669608980417,0.8917072229087353,5,9,17,0
2026-05-15T00:58:40.297349,noisy,naive,{'bins': 5},38,3,2,0.009440063498914242,0.8297315053641796,0.8445625109598041,5,9,17,0
2026-05-15T00:58:41.169874,noisy,naive,{'bins': 5},38,4,2,0.009359391406178474,0.8347920775413513,0.8494591740891337,5,9,17,0
2026-05-15T00:58:42.150552,noisy,naive,{'bins': 5},39,0,2,0.009500847198069096,0.9410165185108781,0.9560169707983732,5,9,17,0
2026-05-15T00:58:43.173679,noisy,naive,{'bins': 5},39,1,2,0.00979126151651144,0.9843251286074519,0.9996119877323508,5,9,17,0
2026-05-15T00:58:44.157211,noisy,naive,{'bins': 5},39,2,2,0.009655977599322796,0.9445324186235666,0.9595886459574103,5,9,17,0
2026-05-15T00:58:45.139309,noisy,naive,{'bins': 5},39,3,2,0.009628286585211754,0.9433190012350678,0.9583835238590837,5,9,17,0
2026-05-15T00:58:46.114755,noisy,naive,{'bins': 5},39,4,2,0.009508050978183746,0.9366533868014812,0.9516332410275936,5,9,17,0
2026-05-15T00:58:47.203704,noisy,naive,{'bins': 5},40,0,2,0.009706133045256138,1.047841226682067,1.0632182359695435,5,9,17,0
2026-05-15T00:58:48.242971,noisy,naive,{'bins': 5},40,1,2,0.010061229579150677,0.9982860675081611,1.0139430239796638,5,9,17,0
2026-05-15T00:58:49.275357,noisy,naive,{'bins': 5},40,2,2,0.009998260997235775,0.9923574877902865,1.0080669615417719,5,9,17,0
2026-05-15T00:58:50.308924,noisy,naive,{'bins': 5},40,3,2,0.009933910332620144,0.9931493252515793,1.0086705349385738,5,9,17,0
2026-05-15T00:58:51.342741,noisy,naive,{'bins': 5},40,4,2,0.009946083649992943,0.9931015055626631,1.0087826466187835,5,9,17,0
2026-05-15T00:58:52.480794,noisy,naive,{'bins': 5},41,0,2,0.00995178334414959,1.0962408436462283,1.1119660967960954,5,9,17,0
2026-05-15T00:58:53.562447,noisy,naive,{'bins': 5},41,1,2,0.010069615207612514,1.040489124134183,1.0563215985894203,5,9,17,0
2026-05-15T00:58:54.647097,noisy,naive,{'bins': 5},41,2,2,0.009989404119551182,1.0431081298738718,1.0587678896263242,5,9,17,0
2026-05-15T00:58:55.732808,noisy,naive,{'bins': 5},41,3,2,0.010220208205282688,1.0445073368027806,1.0604829601943493,5,9,17,0
2026-05-15T00:58:56.863451,noisy,naive,{'bins': 5},41,4,2,0.009963536635041237,1.089325811713934,1.1050491109490395,5,9,17,0
2026-05-15T00:58:57.947610,noisy,naive,{'bins': 5},42,0,2,0.010208135470747948,1.0419636303558946,1.0580779546871781,5,9,17,0
2026-05-15T00:58:59.036370,noisy,naive,{'bins': 5},42,1,2,0.010254192166030407,1.0469922106713057,1.0630285888910294,5,9,17,0
2026-05-15T00:59:00.125244,noisy,naive,{'bins': 5},42,2,2,0.010426835156977177,1.0471142111346126,1.0633635679259896,5,9,17,0
2026-05-15T00:59:01.272181,noisy,naive,{'bins': 5},42,3,2,0.01041882112622261,1.104456095956266,1.1209010109305382,5,9,17,0
2026-05-15T00:59:02.363192,noisy,naive,{'bins': 5},42,4,2,0.010406757704913616,1.0487609328702092,1.0650521088391542,5,9,17,0
2026-05-15T00:59:03.458839,noisy,naive,{'bins': 5},43,0,2,0.01133916899561882,1.0513020530343056,1.06883314717561,5,9,17,0
2026-05-15T00:59:04.550375,noisy,naive,{'bins': 5},43,1,2,0.010562741197645664,1.049146857112646,1.0656840950250626,5,9,17,0
2026-05-15T00:59:05.708756,noisy,naive,{'bins': 5},43,2,2,0.01076747477054596,1.1161265186965466,1.1330426968634129,5,9,17,0
2026-05-15T00:59:06.802515,noisy,naive,{'bins': 5},43,3,2,0.010574554093182087,1.0512130353599787,1.0677319196984172,5,9,17,0
2026-05-15T00:59:07.897433,noisy,naive,{'bins': 5},43,4,2,0.010601232759654522,1.0529260132461786,1.0695126727223396,5,9,17,0
2026-05-15T00:59:09.053891,noisy,naive,{'bins': 5},44,0,2,0.01071156095713377,1.1119305407628417,1.1288497960194945,5,9,17,0
2026-05-15T00:59:10.257475,noisy,naive,{'bins': 5},44,1,2,0.010722230188548565,1.1596176801249385,1.1766151618212461,5,9,17,0
2026-05-15T00:59:11.412032,noisy,naive,{'bins': 5},44,2,2,0.010944708250463009,1.1106665469706059,1.1279660165309906,5,9,17,0
2026-05-15T00:59:12.565437,noisy,naive,{'bins': 5},44,3,2,0.010993089526891708,1.109082954004407,1.1263237725943327,5,9,17,0
2026-05-15T00:59:13.721484,noisy,naive,{'bins': 5},44,4,2,0.010984453372657299,1.1122432984411716,1.1295969085767865,5,9,17,0
2026-05-15T00:59:14.962929,noisy,naive,{'bins': 5},45,0,2,0.010918599553406239,1.1949023753404617,1.212186835706234,5,9,17,0
2026-05-15T00:59:16.160187,noisy,naive,{'bins': 5},45,1,2,0.011045897379517555,1.1518962131813169,1.1692182840779424,5,9,17,0
2026-05-15T00:59:17.360748,noisy,naive,{'bins': 5},45,2,2,0.011071787215769291,1.1546432906761765,1.1720508029684424,5,9,17,0
2026-05-15T00:59:18.603217,noisy,naive,{'bins': 5},45,3,2,0.011275989934802055,1.1964390696957707,1.2141026919707656,5,9,17,0
2026-05-15T00:59:19.800793,noisy,naive,{'bins': 5},45,4,2,0.01119813323020935,1.152052908204496,1.1696046404540539,5,9,17,0
2026-05-15T00:59:21.044791,noisy,naive,{'bins': 5},46,0,2,0.01126155350357294,1.1965877385810018,1.2142942817881703,5,9,17,0
2026-05-15T00:59:22.289133,noisy,naive,{'bins': 5},46,1,2,0.011438515037298203,1.1976860519498587,1.2158429604023695,5,9,17,0
2026-05-15T00:59:23.579680,noisy,naive,{'bins': 5},46,2,2,0.011254879646003246,1.2440972561016679,1.2619261778891087,5,9,17,0
2026-05-15T00:59:24.829661,noisy,naive,{'bins': 5},46,3,2,0.011258326470851898,1.2036144314333797,1.2212605709210038,5,9,17,0
2026-05-15T00:59:26.068874,noisy,naive,{'bins': 5},46,4,2,0.011363623663783073,1.1929472042247653,1.2107473919168115,5,9,17,0
2026-05-15T00:59:27.339218,noisy,naive,{'bins': 5},47,0,2,0.011493969708681107,1.2219499265775084,1.239987250417471,5,9,17,0
2026-05-15T00:59:28.660131,noisy,naive,{'bins': 5},47,1,2,0.011552480049431324,1.2734175538644195,1.2915868451818824,5,9,17,0
2026-05-15T00:59:29.931269,noisy,naive,{'bins': 5},47,2,2,0.01165690552443266,1.223613047040999,1.2418221645057201,5,9,17,0
2026-05-15T00:59:31.202169,noisy,naive,{'bins': 5},47,3,2,0.011603725142776966,1.2229718435555696,1.24124198500067,5,9,17,0
2026-05-15T00:59:32.478401,noisy,naive,{'bins': 5},47,4,2,0.011470875702798367,1.2281772857531905,1.2463221615180373,5,9,17,0
2026-05-15T00:59:33.868726,noisy,naive,{'bins': 5},48,0,2,0.05530123505741358,1.296646905131638,1.3591174697503448,5,9,17,0
2026-05-15T00:59:35.218102,noisy,naive,{'bins': 5},48,1,2,0.011943964287638664,1.300497523508966,1.3193313628435135,5,9,17,0
2026-05-15T00:59:36.567416,noisy,naive,{'bins': 5},48,2,2,0.012056374922394753,1.300063188187778,1.3191603124141693,5,9,17,0
2026-05-15T00:59:37.955584,noisy,naive,{'bins': 5},48,3,2,0.05506530310958624,1.2954445770010352,1.357791100628674,5,9,17,0
2026-05-15T00:59:39.297466,noisy,naive,{'bins': 5},48,4,2,0.011875435709953308,1.2926144739612937,1.3112108875066042,5,9,17,0
2026-05-15T00:59:40.761942,noisy,naive,{'bins': 5},49,0,2,0.012006042525172234,1.4119729427620769,1.430993553251028,5,9,17,0
2026-05-15T00:59:42.280200,noisy,naive,{'bins': 5},49,1,2,0.012248425744473934,1.465982855297625,1.48540074005723,5,9,17,0
2026-05-15T00:59:43.751966,noisy,naive,{'bins': 5},49,2,2,0.01196857076138258,1.4200136279687285,1.4388865111395717,5,9,17,0
2026-05-15T00:59:45.225492,noisy,naive,{'bins': 5},49,3,2,0.01220057625323534,1.4208666002377868,1.4402550207450986,5,9,17,0
2026-05-15T00:59:46.742227,noisy,naive,{'bins': 5},49,4,2,0.012071493081748486,1.4652856644243002,1.4843723382800817,5,9,17,0
2026-05-15T00:59:48.163231,noisy,naive,{'bins': 5},50,0,2,0.012398967519402504,1.368961981497705,1.3885089494287968,5,9,17,0
2026-05-15T00:59:49.578103,noisy,naive,{'bins': 5},50,1,2,0.012331501580774784,1.3639829140156507,1.3833573190495372,5,9,17,0
2026-05-15T00:59:51.046606,noisy,naive,{'bins': 5},50,2,2,0.012325329706072807,1.4176685465499759,1.4371653003618121,5,9,17,0
2026-05-15T00:59:52.473580,noisy,naive,{'bins': 5},50,3,2,0.012281548231840134,1.3759501818567514,1.3953147679567337,5,9,17,0
2026-05-15T00:59:53.903436,noisy,naive,{'bins': 5},50,4,2,0.012511910870671272,1.3790936823934317,1.3988184854388237,5,9,17,0
2026-05-15T00:59:55.485076,noisy,naive,{'bins': 5},51,0,2,0.012440737336874008,1.5284397536888719,1.5481501184403896,5,9,17,0
2026-05-15T00:59:57.000928,noisy,naive,{'bins': 5},51,1,2,0.012713969685137272,1.4625420039519668,1.4826606959104538,5,9,17,0
2026-05-15T00:59:58.519515,noisy,naive,{'bins': 5},51,2,2,0.012699272483587265,1.4653824465349317,1.4856191202998161,5,9,17,0
2026-05-15T01:00:00.091442,noisy,naive,{'bins': 5},51,3,2,0.012645701877772808,1.5183039344847202,1.5381531901657581,5,9,17,0
2026-05-15T01:00:01.631823,noisy,naive,{'bins': 5},51,4,2,0.012477305717766285,1.4663190944120288,1.48607930354774,5,9,17,0
2026-05-15T01:00:03.181982,noisy,naive,{'bins': 5},52,0,2,0.01272560190409422,1.4950047200545669,1.5150983249768615,5,9,17,0
2026-05-15T01:00:04.731250,noisy,naive,{'bins': 5},52,1,2,0.014242579229176044,1.4925803085789084,1.5145660256966949,5,9,17,0
2026-05-15T01:00:06.349641,noisy,naive,{'bins': 5},52,2,2,0.012922871857881546,1.563968876376748,1.5842229723930359,5,9,17,0
2026-05-15T01:00:07.889783,noisy,naive,{'bins': 5},52,3,2,0.012806092388927937,1.4859363939613104,1.5060383444651961,5,9,17,0
2026-05-15T01:00:09.434788,noisy,naive,{'bins': 5},52,4,2,0.012948679737746716,1.4902725350111723,1.5106418170034885,5,9,17,0
2026-05-15T01:00:11.054955,noisy,naive,{'bins': 5},53,0,2,0.01297930721193552,1.5638587092980742,1.5843988619744778,5,9,17,0
2026-05-15T01:00:12.610615,noisy,naive,{'bins': 5},53,1,2,0.013047005981206894,1.5005106069147587,1.521058394573629,5,9,17,0
2026-05-15T01:00:14.170016,noisy,naive,{'bins': 5},53,2,2,0.013021877966821194,1.5041338177397847,1.5247848499566317,5,9,17,0
2026-05-15T01:00:15.724089,noisy,naive,{'bins': 5},53,3,2,0.0130726033821702,1.4981322214007378,1.518759778700769,5,9,17,0
2026-05-15T01:00:17.318172,noisy,naive,{'bins': 5},53,4,2,0.013163624331355095,1.5388734210282564,1.5595700880512595,5,9,17,0
2026-05-15T01:00:18.877111,noisy,naive,{'bins': 5},54,0,2,0.013285823166370392,1.5013168100267649,1.5224574701860547,5,9,17,0
2026-05-15T01:00:20.438683,noisy,naive,{'bins': 5},54,1,2,0.013565989211201668,1.5051036607474089,1.5263461526483297,5,9,17,0
2026-05-15T01:00:22.050174,noisy,naive,{'bins': 5},54,2,2,0.013428240083158016,1.554378179833293,1.5755887115374207,5,9,17,0
2026-05-15T01:00:23.613615,noisy,naive,{'bins': 5},54,3,2,0.013244586065411568,1.506435690447688,1.527459591627121,5,9,17,0
2026-05-15T01:00:25.184450,noisy,naive,{'bins': 5},54,4,2,0.01349947415292263,1.5140066947788,1.5355437388643622,5,9,17,0
2026-05-15T01:00:26.822099,noisy,naive,{'bins': 5},55,0,2,0.013417611829936504,1.5784811219200492,1.599805417470634,5,9,17,0
2026-05-15T01:00:28.394670,noisy,naive,{'bins': 5},55,1,2,0.01364671066403389,1.513688899576664,1.535280866548419,5,9,17,0
2026-05-15T01:00:29.967529,noisy,naive,{'bins': 5},55,2,2,0.013477002270519733,1.5140911834314466,1.5354008711874485,5,9,17,0
2026-05-15T01:00:31.544162,noisy,naive,{'bins': 5},55,3,2,0.013647813349962234,1.5181313483044505,1.5396844632923603,5,9,17,0
2026-05-15T01:00:33.171586,noisy,naive,{'bins': 5},55,4,2,0.013674043118953705,1.5687190741300583,1.5902857640758157,5,9,17,0
2026-05-15T01:00:34.745669,noisy,naive,{'bins': 5},56,0,2,0.013705261051654816,1.5146374488249421,1.5364058576524258,5,9,17,0
2026-05-15T01:00:36.319414,noisy,naive,{'bins': 5},56,1,2,0.013979005627334118,1.5148705961182714,1.5368107175454497,5,9,17,0
2026-05-15T01:00:37.941721,noisy,naive,{'bins': 5},56,2,2,0.014033637009561062,1.563352668657899,1.5854797204956412,5,9,17,0
2026-05-15T01:00:39.521323,noisy,naive,{'bins': 5},56,3,2,0.01381761021912098,1.5205720299854875,1.542352370917797,5,9,17,0
2026-05-15T01:00:41.107715,noisy,naive,{'bins': 5},56,4,2,0.01388412807136774,1.5275958068668842,1.5494468715041876,5,9,17,0
2026-05-15T01:00:42.755525,noisy,naive,{'bins': 5},57,0,2,0.013989855535328388,1.586554397828877,1.6088198199868202,5,9,17,0
2026-05-15T01:00:44.348894,noisy,naive,{'bins': 5},57,1,2,0.014314886182546616,1.5325536346063018,1.555275863967836,5,9,17,0
2026-05-15T01:00:45.942938,noisy,naive,{'bins': 5},57,2,2,0.014360190369188786,1.5336260385811329,1.5560495974496007,5,9,17,0
2026-05-15T01:00:47.540016,noisy,naive,{'bins': 5},57,3,2,0.01431649923324585,1.5364999948069453,1.5594336213544011,5,9,17,0
2026-05-15T01:00:49.181759,noisy,naive,{'bins': 5},57,4,2,0.014302953146398067,1.580656073987484,1.6034643659368157,5,9,17,0
2026-05-15T01:00:50.872527,noisy,naive,{'bins': 5},58,0,2,0.014287393540143967,1.6275433525443077,1.6502749593928456,5,9,17,0
2026-05-15T01:00:52.556291,noisy,naive,{'bins': 5},58,1,2,0.014411156065762043,1.6213824860751629,1.6441991534084082,5,9,17,0
2026-05-15T01:00:54.305155,noisy,naive,{'bins': 5},58,2,2,0.014463182538747787,1.6842114850878716,1.7072100332006812,5,9,17,0
2026-05-15T01:00:55.980528,noisy,naive,{'bins': 5},58,3,2,0.01427525095641613,1.6134527372196317,1.636150381527841,5,9,17,0
2026-05-15T01:00:57.655950,noisy,naive,{'bins': 5},58,4,2,0.014535228721797466,1.6135312654078007,1.636481473222375,5,9,17,0
2026-05-15T01:00:59.450100,noisy,naive,{'bins': 5},59,0,2,0.014481929130852222,1.7303997902199626,1.753604095429182,5,9,17,0
2026-05-15T01:01:01.174811,noisy,naive,{'bins': 5},59,1,2,0.014514720998704433,1.6614406630396843,1.6843999177217484,5,9,17,0
2026-05-15T01:01:02.904349,noisy,naive,{'bins': 5},59,2,2,0.014798423275351524,1.6642517698928714,1.687916249036789,5,9,17,0
2026-05-15T01:01:04.691771,noisy,naive,{'bins': 5},59,3,2,0.016054141335189342,1.7210298171266913,1.7460673041641712,5,9,17,0
2026-05-15T01:01:06.411847,noisy,naive,{'bins': 5},59,4,2,0.014558874070644379,1.6571491956710815,1.6802098108455539,5,9,17,0
2026-05-15T01:01:08.229583,noisy,naive,{'bins': 5},60,0,2,0.014639515429735184,1.7525004111230373,1.775893040932715,5,9,17,0
2026-05-15T01:01:10.098223,noisy,naive,{'bins': 5},60,1,2,0.015053211711347103,1.8033995125442743,1.82733154296875,5,9,17,0
2026-05-15T01:01:11.916641,noisy,naive,{'bins': 5},60,2,2,0.015035007148981094,1.7525699632242322,1.7765098894014955,5,9,17,0
2026-05-15T01:01:13.728236,noisy,naive,{'bins': 5},60,3,2,0.014709225855767727,1.7471863953396678,1.770567893050611,5,9,17,0
2026-05-15T01:01:15.592481,noisy,naive,{'bins': 5},60,4,2,0.015049995854496956,1.7987020937725902,1.8228846648707986,5,9,17,0
2026-05-15T01:01:17.432085,noisy,naive,{'bins': 5},61,0,2,0.014981476590037346,1.7722201142460108,1.796136125922203,5,9,17,0
2026-05-15T01:01:19.263311,noisy,naive,{'bins': 5},61,1,2,0.015228740870952606,1.7648324137553573,1.7889312878251076,5,9,17,0
2026-05-15T01:01:21.144176,noisy,naive,{'bins': 5},61,2,2,0.015038342215120792,1.8148257853463292,1.8389462288469076,5,9,17,0
2026-05-15T01:01:22.983459,noisy,naive,{'bins': 5},61,3,2,0.015148519538342953,1.7725220313295722,1.7966658901423216,5,9,17,0
2026-05-15T01:01:24.810685,noisy,naive,{'bins': 5},61,4,2,0.015010700561106205,1.76117283385247,1.7851509004831314,5,9,17,0
2026-05-15T01:01:26.705011,noisy,naive,{'bins': 5},62,0,2,0.015312928706407547,1.826270160265267,1.8507938319817185,5,9,17,0
2026-05-15T01:01:28.550036,noisy,naive,{'bins': 5},62,1,2,0.015410603024065495,1.777311783283949,1.8018922125920653,5,9,17,0
2026-05-15T01:01:30.386736,noisy,naive,{'bins': 5},62,2,2,0.015741784125566483,1.7680189870297909,1.7931116269901395,5,9,17,0
2026-05-15T01:01:32.274471,noisy,naive,{'bins': 5},62,3,2,0.015754027292132378,1.8189921155571938,1.8442050321027637,5,9,17,0
2026-05-15T01:01:34.127229,noisy,naive,{'bins': 5},62,4,2,0.01533936895430088,1.785235669463873,1.8095188392326236,5,9,17,0
2026-05-15T01:01:35.984758,noisy,naive,{'bins': 5},63,0,2,0.015525037422776222,1.7882744455710053,1.8130384990945458,5,9,17,0
2026-05-15T01:01:37.896072,noisy,naive,{'bins': 5},63,1,2,0.015693994238972664,1.841718434356153,1.8668123167008162,5,9,17,0
2026-05-15T01:01:39.742767,noisy,naive,{'bins': 5},63,2,2,0.01579192839562893,1.7777816448360682,1.803225103765726,5,9,17,0
2026-05-15T01:01:41.589223,noisy,naive,{'bins': 5},63,3,2,0.015814099460840225,1.7777406079694629,1.8027871418744326,5,9,17,0
2026-05-15T01:01:43.491127,noisy,naive,{'bins': 5},63,4,2,0.0158682931214571,1.8324159383773804,1.857838568277657,5,9,17,0
2026-05-15T01:01:45.345833,noisy,naive,{'bins': 5},64,0,2,0.01574918907135725,1.784489719197154,1.8096456592902541,5,9,17,0
2026-05-15T01:01:47.196964,noisy,naive,{'bins': 5},64,1,2,0.01574431825429201,1.7823765119537711,1.80766767449677,5,9,17,0
2026-05-15T01:01:49.100665,noisy,naive,{'bins': 5},64,2,2,0.01584451738744974,1.8340217033401132,1.8594641592353582,5,9,17,0
2026-05-15T01:01:50.958975,noisy,naive,{'bins': 5},64,3,2,0.01569309178739786,1.7885244442149997,1.8136476008221507,5,9,17,0
2026-05-15T01:01:52.813930,noisy,naive,{'bins': 5},64,4,2,0.01617530733346939,1.7851765183731914,1.8110737083479762,5,9,17,0
2026-05-15T01:01:54.876956,noisy,naive,{'bins': 5},65,0,2,0.016138999722898006,1.9890681533142924,2.0149688804522157,5,9,17,0
2026-05-15T01:01:56.894929,noisy,naive,{'bins': 5},65,1,2,0.016344856470823288,1.94606280233711,1.972451095469296,5,9,17,0
2026-05-15T01:01:58.917949,noisy,naive,{'bins': 5},65,2,2,0.01612134650349617,1.951252667233348,1.9769486598670483,5,9,17,0
2026-05-15T01:02:00.980798,noisy,naive,{'bins': 5},65,3,2,0.016349815763533115,1.9915769845247269,2.0175854731351137,5,9,17,0
2026-05-15T01:02:03.012339,noisy,naive,{'bins': 5},65,4,2,0.016241091303527355,1.959536119364202,1.98540941439569,5,9,17,0
2026-05-15T01:02:05.201288,noisy,naive,{'bins': 5},66,0,2,0.017798705957829952,2.11326424498111,2.1412710463628173,5,9,17,0
2026-05-15T01:02:07.323694,noisy,naive,{'bins': 5},66,1,2,0.016145993024110794,2.049391317181289,2.0753182331100106,5,9,17,0
2026-05-15T01:02:09.462256,noisy,naive,{'bins': 5},66,2,2,0.01662777829915285,2.065567626617849,2.0925172241404653,5,9,17,0
2026-05-15T01:02:11.650042,noisy,naive,{'bins': 5},66,3,2,0.016630631871521473,2.114371784031391,2.141400027088821,5,9,17,0
2026-05-15T01:02:13.782903,noisy,naive,{'bins': 5},66,4,2,0.016588052734732628,2.059415395371616,2.0859430795535445,5,9,17,0
2026-05-15T01:02:15.922077,noisy,naive,{'bins': 5},67,0,2,0.016645681113004684,2.063860010355711,2.090678130276501,5,9,17,0
2026-05-15T01:02:18.116411,noisy,naive,{'bins': 5},67,1,2,0.016763943247497082,2.1205452540889382,2.1475451346486807,5,9,17,0
2026-05-15T01:02:20.259442,noisy,naive,{'bins': 5},67,2,2,0.01677075680345297,2.0685654152184725,2.0956075452268124,5,9,17,0
2026-05-15T01:02:22.395593,noisy,naive,{'bins': 5},67,3,2,0.016922080889344215,2.061668114736676,2.0887494487687945,5,9,17,0
2026-05-15T01:02:24.590882,noisy,naive,{'bins': 5},67,4,2,0.01655733585357666,2.1206905161961913,2.1474821558222175,5,9,17,0
2026-05-15T01:02:26.737174,noisy,naive,{'bins': 5},68,0,2,0.016739506274461746,2.0709805488586426,2.0980110662057996,5,9,17,0
2026-05-15T01:02:28.882097,noisy,naive,{'bins': 5},68,1,2,0.01699088979512453,2.070445192977786,2.097763982601464,5,9,17,0
2026-05-15T01:02:31.077530,noisy,naive,{'bins': 5},68,2,2,0.016900178976356983,2.075685992836952,2.148505146615207,5,9,17,0
2026-05-15T01:02:33.225715,noisy,naive,{'bins': 5},68,3,2,0.016888396814465523,2.0732629634439945,2.100401154719293,5,9,17,0
2026-05-15T01:02:35.418889,noisy,naive,{'bins': 5},68,4,2,0.0168569078668952,2.119433064945042,2.1465606158599257,5,9,17,0
2026-05-15T01:02:36.652763,noisy,naive,{'bins': 5},69,0,2,0.01699524838477373,1.1630976693704724,1.1904891757294536,5,8,15,0
2026-05-15T01:02:37.884888,noisy,naive,{'bins': 5},69,1,2,0.01711673755198717,1.1615434819832444,1.1889526918530464,5,8,15,0
2026-05-15T01:02:39.117214,noisy,naive,{'bins': 5},69,2,2,0.01729255635291338,1.1617256347090006,1.189419848844409,5,8,15,0
2026-05-15T01:02:40.398624,noisy,naive,{'bins': 5},69,3,2,0.017065159045159817,1.2110248412936926,1.238483302295208,5,8,15,0
2026-05-15T01:02:41.630051,noisy,naive,{'bins': 5},69,4,2,0.01704667415469885,1.1612863196060061,1.1888344585895538,5,8,15,0
2026-05-15T01:02:42.906194,noisy,naive,{'bins': 5},70,0,2,0.01740863360464573,1.205099525861442,1.2329452047124505,5,8,15,0
2026-05-15T01:02:44.182582,noisy,naive,{'bins': 5},70,1,2,0.017351225949823856,1.2060029804706573,1.233829203993082,5,8,15,0
2026-05-15T01:02:45.517969,noisy,naive,{'bins': 5},70,2,2,0.017305029556155205,1.2652927348390222,1.2930590640753508,5,8,15,0
2026-05-15T01:02:46.791777,noisy,naive,{'bins': 5},70,3,2,0.01753329671919346,1.2032576175406575,1.2313064569607377,5,8,15,0
2026-05-15T01:02:48.065097,noisy,naive,{'bins': 5},70,4,2,0.01765740104019642,1.2026762766763568,1.230838019400835,5,8,15,0
2026-05-15T01:02:49.418199,noisy,naive,{'bins': 5},71,0,2,0.017488003708422184,1.2787811486050487,1.3069287836551666,5,8,15,0
2026-05-15T01:02:50.810102,noisy,naive,{'bins': 5},71,1,2,0.0175994411110878,1.3194613242521882,1.3477075640112162,5,8,15,0
2026-05-15T01:02:52.152149,noisy,naive,{'bins': 5},71,2,2,0.017601365223526955,1.268982021138072,1.2974275955930352,5,8,15,0
2026-05-15T01:02:53.497012,noisy,naive,{'bins': 5},71,3,2,0.017770683392882347,1.2714807027950883,1.2998705431818962,5,8,15,0
2026-05-15T01:02:54.888526,noisy,naive,{'bins': 5},71,4,2,0.017691736109554768,1.3193844491615891,1.3478620750829577,5,8,15,0
2026-05-15T01:02:56.238088,noisy,naive,{'bins': 5},72,0,2,0.017711070366203785,1.2760650888085365,1.3047085842117667,5,8,15,0
2026-05-15T01:02:57.588725,noisy,naive,{'bins': 5},72,1,2,0.017775443382561207,1.2783541977405548,1.3069507265463471,5,8,15,0
2026-05-15T01:02:58.935840,noisy,naive,{'bins': 5},72,2,2,0.0178340720012784,1.2739880494773388,1.3027981193736196,5,8,15,0
2026-05-15T01:03:00.331078,noisy,naive,{'bins': 5},72,3,2,0.018178630620241165,1.3221323564648628,1.351287835277617,5,8,15,0
2026-05-15T01:03:01.677668,noisy,naive,{'bins': 5},72,4,2,0.017712553963065147,1.2732111103832722,1.30191670358181,5,8,15,0
2026-05-15T01:03:03.109780,noisy,naive,{'bins': 5},73,0,2,0.01781864371150732,1.3579860525205731,1.3868979718536139,5,8,15,0
2026-05-15T01:03:04.616190,noisy,naive,{'bins': 5},73,1,2,0.019908186048269272,1.4303925801068544,1.4617940736934543,5,8,15,0
2026-05-15T01:03:06.046469,noisy,naive,{'bins': 5},73,2,2,0.018251887522637844,1.355323332361877,1.3847447894513607,5,8,15,0
2026-05-15T01:03:07.477104,noisy,naive,{'bins': 5},73,3,2,0.018155806697905064,1.3566531278192997,1.3857682310044765,5,8,15,0
2026-05-15T01:03:08.959753,noisy,naive,{'bins': 5},73,4,2,0.018476689234375954,1.4076689574867487,1.4375592954456806,5,8,15,0
2026-05-15T01:03:10.402329,noisy,naive,{'bins': 5},74,0,2,0.018288045190274715,1.3655979614704847,1.3952582767233253,5,8,15,0
2026-05-15T01:03:11.842638,noisy,naive,{'bins': 5},74,1,2,0.018605229444801807,1.3643052345141768,1.394494142383337,5,8,15,0
2026-05-15T01:03:13.329297,noisy,naive,{'bins': 5},74,2,2,0.01837627962231636,1.411277573555708,1.441036744043231,5,8,15,0
2026-05-15T01:03:14.769912,noisy,naive,{'bins': 5},74,3,2,0.018366431817412376,1.3648757366463542,1.3945574425160885,5,8,15,0
2026-05-15T01:03:16.209232,noisy,naive,{'bins': 5},74,4,2,0.018695279955863953,1.3636367786675692,1.3933904906734824,5,8,15,0
2026-05-15T01:03:17.712573,noisy,naive,{'bins': 5},75,0,2,0.018970816396176815,1.424768059514463,1.4554566163569689,5,8,15,0
2026-05-15T01:03:19.165727,noisy,naive,{'bins': 5},75,1,2,0.018827788531780243,1.375918997451663,1.4062519166618586,5,8,15,0
2026-05-15T01:03:20.616074,noisy,naive,{'bins': 5},75,2,2,0.018617303110659122,1.3733558868989348,1.4032505629584193,5,8,15,0
2026-05-15T01:03:22.123769,noisy,naive,{'bins': 5},75,3,2,0.018701810389757156,1.4302583280950785,1.4605628624558449,5,8,15,0
2026-05-15T01:03:23.574245,noisy,naive,{'bins': 5},75,4,2,0.019040257669985294,1.3726527858525515,1.4034835193306208,5,8,15,0
2026-05-15T01:03:25.053902,noisy,naive,{'bins': 5},76,0,2,0.018865599296987057,1.4009870532900095,1.4313730411231518,5,8,15,0
2026-05-15T01:03:26.580340,noisy,naive,{'bins': 5},76,1,2,0.018678377382457256,1.4484609616920352,1.478920929133892,5,8,15,0
2026-05-15T01:03:28.062836,noisy,naive,{'bins': 5},76,2,2,0.018891298212110996,1.4046518430113792,1.4353507282212377,5,8,15,0
2026-05-15T01:03:29.548530,noisy,naive,{'bins': 5},76,3,2,0.018918858841061592,1.407923555932939,1.43845574837178,5,8,15,0
2026-05-15T01:03:31.080443,noisy,naive,{'bins': 5},76,4,2,0.0193233797326684,1.4534245105460286,1.484867513179779,5,8,15,0
2026-05-15T01:03:32.684219,noisy,naive,{'bins': 5},77,0,2,0.019214914180338383,1.5228848289698362,1.5541315926238894,5,8,15,0
2026-05-15T01:03:34.281266,noisy,naive,{'bins': 5},77,1,2,0.019198182970285416,1.5170152382925153,1.5481023723259568,5,8,15,0
2026-05-15T01:03:35.928993,noisy,naive,{'bins': 5},77,2,2,0.019124084152281284,1.5683441357687116,1.599543540738523,5,8,15,0
2026-05-15T01:03:37.526412,noisy,naive,{'bins': 5},77,3,2,0.01922388095408678,1.5164589742198586,1.5477321967482567,5,8,15,0
2026-05-15T01:03:39.123019,noisy,naive,{'bins': 5},77,4,2,0.0192625243216753,1.5166561240330338,1.547783643938601,5,8,15,0
2026-05-15T01:03:40.778927,noisy,naive,{'bins': 5},78,0,2,0.019763285294175148,1.5724792694672942,1.6046475237235427,5,8,15,0
2026-05-15T01:03:42.390570,noisy,naive,{'bins': 5},78,1,2,0.01941968873143196,1.53007928468287,1.5618577562272549,5,8,15,0
2026-05-15T01:03:43.993108,noisy,naive,{'bins': 5},78,2,2,0.019705365411937237,1.5200758734717965,1.552131736651063,5,8,15,0
2026-05-15T01:03:45.648296,noisy,naive,{'bins': 5},78,3,2,0.019402937963604927,1.5731306206434965,1.6048479489982128,5,8,15,0
2026-05-15T01:03:47.257267,noisy,naive,{'bins': 5},78,4,2,0.019433796405792236,1.5266006849706173,1.5583773544058204,5,8,15,0
2026-05-15T01:03:48.914643,noisy,naive,{'bins': 5},79,0,2,0.02002438437193632,1.5727795120328665,1.6050128787755966,5,8,15,0
2026-05-15T01:03:50.627795,noisy,naive,{'bins': 5},79,1,2,0.019767621532082558,1.6287025650963187,1.6609221547842026,5,8,15,0
2026-05-15T01:03:52.288072,noisy,naive,{'bins': 5},79,2,2,0.020025236532092094,1.5761783830821514,1.6090648462995887,5,8,15,0
2026-05-15T01:03:53.943502,noisy,naive,{'bins': 5},79,3,2,0.02012831997126341,1.5699071902781725,1.6029152497649193,5,8,15,0
2026-05-15T01:03:55.651065,noisy,naive,{'bins': 5},79,4,2,0.019709663465619087,1.6239710617810488,1.656187285669148,5,8,15,0
2026-05-15T01:03:57.373484,noisy,naive,{'bins': 5},80,0,2,0.02033503819257021,1.635181637480855,1.6684384755790234,5,8,15,0
2026-05-15T01:03:59.097861,noisy,naive,{'bins': 5},80,1,2,0.020056555047631264,1.6392630320042372,1.6717699719592929,5,8,15,0
2026-05-15T01:04:00.864030,noisy,naive,{'bins': 5},80,2,2,0.020048310048878193,1.6807289803400636,1.7135027116164565,5,8,15,0
2026-05-15T01:04:02.585890,noisy,naive,{'bins': 5},80,3,2,0.019752304069697857,1.6368227386847138,1.6692287204787135,5,8,15,0
2026-05-15T01:04:04.325673,noisy,naive,{'bins': 5},80,4,2,0.022180783562362194,1.6510067582130432,1.6864182325080037,5,8,15,0
2026-05-15T01:04:06.224103,noisy,naive,{'bins': 5},81,0,2,0.02007351629436016,1.8104080855846405,1.843409483321011,5,8,15,0
2026-05-15T01:04:08.051752,noisy,naive,{'bins': 5},81,1,2,0.020484928973019123,1.7392842546105385,1.7729571238160133,5,8,15,0
2026-05-15T01:04:09.876233,noisy,naive,{'bins': 5},81,2,2,0.020050453953444958,1.7374735865741968,1.770146538503468,5,8,15,0
2026-05-15T01:04:11.759231,noisy,naive,{'bins': 5},81,3,2,0.020300633274018764,1.7954124612733722,1.828827627003193,5,8,15,0
2026-05-15T01:04:13.577617,noisy,naive,{'bins': 5},81,4,2,0.02012680657207966,1.731335842050612,1.7642088392749429,5,8,15,0
2026-05-15T01:04:15.410725,noisy,naive,{'bins': 5},82,0,2,0.02043707948178053,1.7434266218915582,1.7768438206985593,5,8,15,0
2026-05-15T01:04:17.294655,noisy,naive,{'bins': 5},82,1,2,0.020518513396382332,1.7937371069565415,1.8276346884667873,5,8,15,0
2026-05-15T01:04:19.133507,noisy,naive,{'bins': 5},82,2,2,0.020835507661104202,1.7486678203567863,1.783168924972415,5,8,15,0
2026-05-15T01:04:20.962644,noisy,naive,{'bins': 5},82,3,2,0.020422572270035744,1.7403732584789395,1.773757946677506,5,8,15,0
2026-05-15T01:04:22.843571,noisy,naive,{'bins': 5},82,4,2,0.020601749420166016,1.791370052844286,1.82526923622936,5,8,15,0
2026-05-15T01:04:24.682873,noisy,naive,{'bins': 5},83,0,2,0.02050434611737728,1.7469559870660305,1.7809424754232168,5,8,15,0
2026-05-15T01:04:26.532538,noisy,naive,{'bins': 5},83,1,2,0.020898906514048576,1.7586483396589756,1.7929001357406378,5,8,15,0
2026-05-15T01:04:28.437580,noisy,naive,{'bins': 5},83,2,2,0.02102022524923086,1.8144950876012444,1.849003966897726,5,8,15,0
2026-05-15T01:04:30.277985,noisy,naive,{'bins': 5},83,3,2,0.020658024586737156,1.7491823369637132,1.7832101723179221,5,8,15,0
2026-05-15T01:04:32.199305,noisy,naive,{'bins': 5},83,4,2,0.02060589473694563,1.8296410934999585,1.8634762866422534,5,8,15,0
2026-05-15T01:04:34.047082,noisy,naive,{'bins': 5},84,0,2,0.0207428727298975,1.7554700830951333,1.789710937999189,5,8,15,0
2026-05-15T01:04:35.903847,noisy,naive,{'bins': 5},84,1,2,0.021152962930500507,1.7645301315933466,1.7991319242864847,5,8,15,0
2026-05-15T01:04:37.815386,noisy,naive,{'bins': 5},84,2,2,0.020858028903603554,1.8197147771716118,1.8542855819687247,5,8,15,0
2026-05-15T01:04:39.671430,noisy,naive,{'bins': 5},84,3,2,0.021025284193456173,1.7643019240349531,1.7988443346694112,5,8,15,0
2026-05-15T01:04:41.531939,noisy,naive,{'bins': 5},84,4,2,0.0209123520180583,1.7686093803495169,1.8029196662828326,5,8,15,0
2026-05-15T01:04:43.496856,noisy,naive,{'bins': 5},85,0,2,0.02123206201940775,1.8705721283331513,1.9057270800694823,5,8,15,0
2026-05-15T01:04:45.401056,noisy,naive,{'bins': 5},85,1,2,0.02122498955577612,1.8096098769456148,1.8448086604475975,5,8,15,0
2026-05-15T01:04:47.314231,noisy,naive,{'bins': 5},85,2,2,0.021462623961269855,1.8181813079863787,1.8532255310565233,5,8,15,0
2026-05-15T01:04:49.257202,noisy,naive,{'bins': 5},85,3,2,0.021182558499276638,1.8489430518820882,1.8841937026008964,5,8,15,0
2026-05-15T01:04:51.155375,noisy,naive,{'bins': 5},85,4,2,0.02123060915619135,1.8020783867686987,1.837171240709722,5,8,15,0
2026-05-15T01:04:53.070516,noisy,naive,{'bins': 5},86,0,2,0.021352587267756462,1.8185178004205227,1.8538698516786098,5,8,15,0
2026-05-15T01:04:55.055472,noisy,naive,{'bins': 5},86,1,2,0.02149475459009409,1.889067031443119,1.924676856957376,5,8,15,0
2026-05-15T01:04:56.977885,noisy,naive,{'bins': 5},86,2,2,0.021376963704824448,1.8265515929087996,1.8621644135564566,5,8,15,0
2026-05-15T01:04:58.951670,noisy,naive,{'bins': 5},86,3,2,0.021539919078350067,1.8779691774398088,1.9133640881627798,5,8,15,0
2026-05-15T01:05:00.875336,noisy,naive,{'bins': 5},86,4,2,0.021468807011842728,1.8285918636247516,1.8639688519760966,5,8,15,0
2026-05-15T01:05:02.802406,noisy,naive,{'bins': 5},87,0,2,0.021577990613877773,1.8296446399763227,1.8653807621449232,5,8,15,0
2026-05-15T01:05:04.809575,noisy,naive,{'bins': 5},87,1,2,0.02411311026662588,1.9071541894227266,1.9459629096090794,5,8,15,0
2026-05-15T01:05:06.749568,noisy,naive,{'bins': 5},87,2,2,0.021969357505440712,1.8426589323207736,1.8787653110921383,5,8,15,0
2026-05-15T01:05:08.689631,noisy,naive,{'bins': 5},87,3,2,0.021904914639890194,1.8425114965066314,1.8786516971886158,5,8,15,0
2026-05-15T01:05:10.689387,noisy,naive,{'bins': 5},87,4,2,0.021602267399430275,1.9029475217685103,1.9388878867030144,5,8,15,0
2026-05-15T01:05:12.654675,noisy,naive,{'bins': 5},88,0,2,0.021860993467271328,1.8648027367889881,1.9010943518951535,5,8,15,0
2026-05-15T01:05:14.624545,noisy,naive,{'bins': 5},88,1,2,0.021916426718235016,1.869795300066471,1.9061279417946935,5,8,15,0
2026-05-15T01:05:16.661932,noisy,naive,{'bins': 5},88,2,2,0.022460969164967537,1.9365742839872837,1.9739270210266113,5,8,15,0
2026-05-15T01:05:18.630558,noisy,naive,{'bins': 5},88,3,2,0.021752930246293545,1.8689071219414473,1.905185162089765,5,8,15,0
2026-05-15T01:05:20.597465,noisy,naive,{'bins': 5},88,4,2,0.0220534335821867,1.867628401145339,1.9038743013516068,5,8,15,0
2026-05-15T01:05:22.651332,noisy,naive,{'bins': 5},89,0,2,0.021978062577545643,1.9519771812483668,1.988588847219944,5,8,15,0
2026-05-15T01:05:24.618868,noisy,naive,{'bins': 5},89,1,2,0.02248210832476616,1.8659671330824494,1.9034912018105388,5,8,15,0
2026-05-15T01:05:26.591059,noisy,naive,{'bins': 5},89,2,2,0.022116643376648426,1.8715046988800168,1.9080249546095729,5,8,15,0
2026-05-15T01:05:28.644819,noisy,naive,{'bins': 5},89,3,2,0.02221136074513197,1.9519736040383577,1.9890895364806056,5,8,15,0
2026-05-15T01:05:30.614572,noisy,naive,{'bins': 5},89,4,2,0.02231852151453495,1.8683214718475938,1.9050436858087778,5,8,15,0
2026-05-15T01:05:32.649828,noisy,naive,{'bins': 5},90,0,2,0.02234124392271042,1.9322042893618345,1.9691996145993471,5,8,15,0
2026-05-15T01:05:34.650573,noisy,naive,{'bins': 5},90,1,2,0.02235212456434965,1.8975666193291545,1.934648578055203,5,8,15,0
2026-05-15T01:05:36.640412,noisy,naive,{'bins': 5},90,2,2,0.022285088896751404,1.8871535575017333,1.9243319379165769,5,8,15,0
2026-05-15T01:05:38.684144,noisy,naive,{'bins': 5},90,3,2,0.02217407152056694,1.9417655505239964,1.978844864293933,5,8,15,0
2026-05-15T01:05:40.679295,noisy,naive,{'bins': 5},90,4,2,0.022585833445191383,1.8925510616973042,1.9297982212156057,5,8,15,0
2026-05-15T01:05:42.758752,noisy,naive,{'bins': 5},91,0,2,0.022607765160501003,1.9744949359446764,2.012071404606104,5,8,15,0
2026-05-15T01:05:44.882351,noisy,naive,{'bins': 5},91,1,2,0.022514418698847294,2.0181277841329575,2.0557406805455685,5,8,15,0
2026-05-15T01:05:46.951153,noisy,naive,{'bins': 5},91,2,2,0.022671724669635296,1.9638865506276488,2.0015546698123217,5,8,15,0
2026-05-15T01:05:49.083875,noisy,naive,{'bins': 5},91,3,2,0.022613786160945892,2.027652175165713,2.065261034294963,5,8,15,0
2026-05-15T01:05:51.149392,noisy,naive,{'bins': 5},91,4,2,0.0225716270506382,1.9596983762457967,1.9972364818677306,5,8,15,0
2026-05-15T01:05:53.237401,noisy,naive,{'bins': 5},92,0,2,0.022866791114211082,1.9813836487010121,2.0195424798876047,5,8,15,0
2026-05-15T01:05:55.375336,noisy,naive,{'bins': 5},92,1,2,0.02291044220328331,2.030139365233481,2.0684756878763437,5,8,15,0
2026-05-15T01:05:57.452857,noisy,naive,{'bins': 5},92,2,2,0.023260991089046,1.9707628190517426,2.009222885593772,5,8,15,0
2026-05-15T01:05:59.535275,noisy,naive,{'bins': 5},92,3,2,0.02282349020242691,1.975165936164558,2.013133698143065,5,8,15,0
2026-05-15T01:06:01.686294,noisy,naive,{'bins': 5},92,4,2,0.023437943309545517,2.0433990685269237,2.0824619876220822,5,8,15,0
2026-05-15T01:06:03.857952,noisy,naive,{'bins': 5},93,0,2,0.02301161363720894,2.060171206481755,2.0984365483745933,5,8,15,0
2026-05-15T01:06:06.036232,noisy,naive,{'bins': 5},93,1,2,0.025361676700413227,2.0658185007050633,2.1068492140620947,5,8,15,0
2026-05-15T01:06:08.277317,noisy,naive,{'bins': 5},93,2,2,0.023349927738308907,2.1312474999576807,2.1700675021857023,5,8,15,0
2026-05-15T01:06:10.425490,noisy,naive,{'bins': 5},93,3,2,0.023435859940946102,2.037749180570245,2.076513829641044,5,8,15,0
2026-05-15T01:06:12.655249,noisy,naive,{'bins': 5},93,4,2,0.023058109916746616,2.1203489573672414,2.158968242816627,5,8,15,0
2026-05-15T01:06:14.836259,noisy,naive,{'bins': 5},94,0,2,0.02343130949884653,2.0678874934092164,2.1073089446872473,5,8,15,0
2026-05-15T01:06:17.004191,noisy,naive,{'bins': 5},94,1,2,0.023550935089588165,2.056236050091684,2.0954652400687337,5,8,15,0
2026-05-15T01:06:19.230535,noisy,naive,{'bins': 5},94,2,2,0.02362282108515501,2.115108149126172,2.1544964481145144,5,8,15,0
2026-05-15T01:06:21.403654,noisy,naive,{'bins': 5},94,3,2,0.0235048895701766,2.060464116744697,2.099646489135921,5,8,15,0
2026-05-15T01:06:23.572576,noisy,naive,{'bins': 5},94,4,2,0.023620465770363808,2.056864758953452,2.09618697501719,5,8,15,0
2026-05-15T01:06:25.807590,noisy,naive,{'bins': 5},95,0,2,0.023685709573328495,2.1200175043195486,2.15962078794837,5,8,15,0
2026-05-15T01:06:27.991784,noisy,naive,{'bins': 5},95,1,2,0.023514055646955967,2.0692777736112475,2.1087032426148653,5,8,15,0
2026-05-15T01:06:30.229260,noisy,naive,{'bins': 5},95,2,2,0.023897195234894753,2.122619961388409,2.162246737629175,5,8,15,0
2026-05-15T01:06:32.428942,noisy,naive,{'bins': 5},95,3,2,0.023480121977627277,2.085123502649367,2.124608282931149,5,8,15,0
2026-05-15T01:06:34.628508,noisy,naive,{'bins': 5},95,4,2,0.02418155036866665,2.084707803092897,2.1250184243544936,5,8,15,0
2026-05-15T01:06:36.859455,noisy,naive,{'bins': 5},96,0,2,0.0688477698713541,2.0717081371694803,2.1562254847958684,5,8,15,0
2026-05-15T01:06:39.040352,noisy,naive,{'bins': 5},96,1,2,0.024128840304911137,2.0674672536551952,2.1075779292732477,5,8,15,0
2026-05-15T01:06:41.275392,noisy,naive,{'bins': 5},96,2,2,0.024115866981446743,2.120800044387579,2.1613116320222616,5,8,15,0
2026-05-15T01:06:43.453927,noisy,naive,{'bins': 5},96,3,2,0.02382225450128317,2.065461658872664,2.105352441780269,5,8,15,0
2026-05-15T01:06:45.653086,noisy,naive,{'bins': 5},96,4,2,0.02401911374181509,2.084627361036837,2.124843243509531,5,8,15,0
2026-05-15T01:06:47.894657,noisy,naive,{'bins': 5},97,0,2,0.023987123742699623,2.125148427672684,2.165371162816882,5,8,15,0
2026-05-15T01:06:50.093011,noisy,naive,{'bins': 5},97,1,2,0.024006529711186886,2.0826956555247307,2.123071557842195,5,8,15,0
2026-05-15T01:06:52.343093,noisy,naive,{'bins': 5},97,2,2,0.02413683570921421,2.1346528315916657,2.1748647270724177,5,8,15,0
2026-05-15T01:06:54.547704,noisy,naive,{'bins': 5},97,3,2,0.024331781081855297,2.088136821053922,2.1290517365559936,5,8,15,0
2026-05-15T01:06:56.742629,noisy,naive,{'bins': 5},97,4,2,0.024132107384502888,2.079544357955456,2.119863023981452,5,8,15,0
2026-05-15T01:06:59.014417,noisy,naive,{'bins': 5},98,0,2,0.02416024822741747,2.154785940423608,2.195306234061718,5,8,15,0
2026-05-15T01:07:01.217188,noisy,naive,{'bins': 5},98,1,2,0.024836968630552292,2.085227928124368,2.1269656578078866,5,8,15,0
2026-05-15T01:07:03.489094,noisy,naive,{'bins': 5},98,2,2,0.02441629022359848,2.1545629212632775,2.195406012237072,5,8,15,0
2026-05-15T01:07:05.701937,noisy,naive,{'bins': 5},98,3,2,0.026439348235726357,2.0936775114387274,2.137009154073894,5,8,15,0
2026-05-15T01:07:07.904211,noisy,naive,{'bins': 5},98,4,2,0.024620472453534603,2.085324770770967,2.126275071874261,5,8,15,0
2026-05-15T01:07:10.179549,noisy,naive,{'bins': 5},99,0,2,0.024577642790973186,2.156827211380005,2.1979330349713564,5,8,15,0
2026-05-15T01:07:12.396232,noisy,naive,{'bins': 5},99,1,2,0.024943118914961815,2.0984511142596602,2.1401401422917843,5,8,15,0
2026-05-15T01:07:14.662446,noisy,naive,{'bins': 5},99,2,2,0.024842770770192146,2.147820291109383,2.1892348248511553,5,8,15,0
2026-05-15T01:07:16.882772,noisy,naive,{'bins': 5},99,3,2,0.024964899756014347,2.101981512270868,2.1437682453542948,5,8,15,0
2026-05-15T01:07:19.110928,noisy,naive,{'bins': 5},99,4,2,0.02454118337482214,2.111341604962945,2.1526814475655556,5,8,15,0
2026-05-15T01:07:21.425906,noisy,naive,{'bins': 5},100,0,2,0.024577832780778408,2.1964098941534758,2.2379315895959735,5,8,15,0
2026-05-15T01:07:23.698159,noisy,naive,{'bins': 5},100,1,2,0.02515141014009714,2.1527915941551328,2.1946909381076694,5,8,15,0
2026-05-15T01:07:25.970209,noisy,naive,{'bins': 5},100,2,2,0.024868078529834747,2.1540248189121485,2.1954796789214015,5,8,15,0
2026-05-15T01:07:28.285106,noisy,naive,{'bins': 5},100,3,2,0.02481643110513687,2.1495471727102995,2.237186280079186,5,8,15,0
2026-05-15T01:07:30.544316,noisy,naive,{'bins': 5},100,4,2,0.024687107652425766,2.139988877810538,2.1815860737115145,5,8,15,0
2026-05-15T01:07:30.628976,noisy,sax,"{'w': 144, 'bins': 5}",1,0,2,0.010955939069390297,0.005955901928246021,0.017158023081719875,5,5,8,0
2026-05-15T01:07:30.647066,noisy,sax,"{'w': 144, 'bins': 5}",1,1,2,0.010670754127204418,0.005779840983450413,0.016624892130494118,5,5,8,0
2026-05-15T01:07:30.664745,noisy,sax,"{'w': 144, 'bins': 5}",1,2,2,0.010471540503203869,0.005846956744790077,0.01649091113358736,5,5,8,0
2026-05-15T01:07:30.682600,noisy,sax,"{'w': 144, 'bins': 5}",1,3,2,0.010546540841460228,0.005802092142403126,0.016522078774869442,5,5,8,0
2026-05-15T01:07:30.700635,noisy,sax,"{'w': 144, 'bins': 5}",1,4,2,0.010505964048206806,0.005963635630905628,0.016642505303025246,5,5,8,0
2026-05-15T01:07:30.740444,noisy,sax,"{'w': 144, 'bins': 5}",2,0,2,0.020588763989508152,0.016840297728776932,0.03768691513687372,5,3,6,0
2026-05-15T01:07:30.780036,noisy,sax,"{'w': 144, 'bins': 5}",2,1,2,0.020810631103813648,0.01685193832963705,0.03790481388568878,5,3,6,0
2026-05-15T01:07:30.819467,noisy,sax,"{'w': 144, 'bins': 5}",2,2,2,0.020654928870499134,0.01680262666195631,0.03770609200000763,5,3,6,0
2026-05-15T01:07:30.858625,noisy,sax,"{'w': 144, 'bins': 5}",2,3,2,0.020707757212221622,0.016881984658539295,0.03783665504306555,5,3,6,0
2026-05-15T01:07:30.898245,noisy,sax,"{'w': 144, 'bins': 5}",2,4,2,0.020876173861324787,0.01684821117669344,0.037974584847688675,5,3,6,0
2026-05-15T01:07:30.944069,noisy,sax,"{'w': 144, 'bins': 5}",3,0,2,0.030836082994937897,0.012156933546066284,0.04329085536301136,5,7,11,0
2026-05-15T01:07:30.989069,noisy,sax,"{'w': 144, 'bins': 5}",3,1,2,0.030870608054101467,0.01213663537055254,0.04330003261566162,5,7,11,0
2026-05-15T01:07:31.034125,noisy,sax,"{'w': 144, 'bins': 5}",3,2,2,0.03128504566848278,0.012207678519189358,0.04379022400826216,5,7,11,0
2026-05-15T01:07:31.079129,noisy,sax,"{'w': 144, 'bins': 5}",3,3,2,0.03090987168252468,0.012190045788884163,0.04339633509516716,5,7,11,0
2026-05-15T01:07:31.124354,noisy,sax,"{'w': 144, 'bins': 5}",3,4,2,0.03112080879509449,0.012153277173638344,0.043573406524956226,5,7,11,0
2026-05-15T01:07:31.190821,noisy,sax,"{'w': 144, 'bins': 5}",4,0,2,0.040988614782691,0.022564382292330265,0.06392567604780197,5,6,11,0
2026-05-15T01:07:31.256798,noisy,sax,"{'w': 144, 'bins': 5}",4,1,2,0.04129429813474417,0.022686442360281944,0.0643572574481368,5,6,11,0
2026-05-15T01:07:31.323351,noisy,sax,"{'w': 144, 'bins': 5}",4,2,2,0.04092639684677124,0.022519790567457676,0.06382687110453844,5,6,11,0
2026-05-15T01:07:31.389273,noisy,sax,"{'w': 144, 'bins': 5}",4,3,2,0.041075446642935276,0.02259363792836666,0.0640368452295661,5,6,11,0
2026-05-15T01:07:31.455291,noisy,sax,"{'w': 144, 'bins': 5}",4,4,2,0.041018519550561905,0.022907407023012638,0.06430001929402351,5,6,11,0
2026-05-15T01:07:31.552732,noisy,sax,"{'w': 144, 'bins': 5}",5,0,2,0.05079992488026619,0.04345482308417559,0.09469674713909626,5,3,9,0
2026-05-15T01:07:31.650433,noisy,sax,"{'w': 144, 'bins': 5}",5,1,2,0.05133002903312445,0.04353391285985708,0.09531076066195965,5,3,9,0
2026-05-15T01:07:31.748245,noisy,sax,"{'w': 144, 'bins': 5}",5,2,2,0.051450944505631924,0.04353847075253725,0.0954318568110466,5,3,9,0
2026-05-15T01:07:31.845959,noisy,sax,"{'w': 144, 'bins': 5}",5,3,2,0.05117959622293711,0.043760647997260094,0.09538240451365709,5,3,9,0
2026-05-15T01:07:31.943864,noisy,sax,"{'w': 144, 'bins': 5}",5,4,2,0.051153507083654404,0.0439338032156229,0.09553279727697372,5,3,9,0
2026-05-15T01:07:32.067846,noisy,sax,"{'w': 144, 'bins': 5}",6,0,2,0.06192425824701786,0.05845149885863066,0.12089024391025305,5,5,11,0
2026-05-15T01:07:32.190595,noisy,sax,"{'w': 144, 'bins': 5}",6,1,2,0.061382340267300606,0.058116438798606396,0.12002371530979872,5,5,11,0
2026-05-15T01:07:32.312544,noisy,sax,"{'w': 144, 'bins': 5}",6,2,2,0.06059978250414133,0.05835453700274229,0.11947122029960155,5,5,11,0
2026-05-15T01:07:32.435959,noisy,sax,"{'w': 144, 'bins': 5}",6,3,2,0.06173175759613514,0.058388630859553814,0.12064025457948446,5,5,11,0
2026-05-15T01:07:32.558703,noisy,sax,"{'w': 144, 'bins': 5}",6,4,2,0.06132909096777439,0.05832489114254713,0.12016505189239979,5,5,11,0
2026-05-15T01:07:32.701720,noisy,sax,"{'w': 144, 'bins': 5}",7,0,2,0.07170655485242605,0.06753260735422373,0.13981196843087673,5,7,13,0
2026-05-15T01:07:32.843923,noisy,sax,"{'w': 144, 'bins': 5}",7,1,2,0.07177108619362116,0.06713292747735977,0.13949902076274157,5,7,13,0
2026-05-15T01:07:32.986384,noisy,sax,"{'w': 144, 'bins': 5}",7,2,2,0.07192373275756836,0.06719278078526258,0.13968739472329617,5,7,13,0
2026-05-15T01:07:33.128148,noisy,sax,"{'w': 144, 'bins': 5}",7,3,2,0.07140183262526989,0.06709802243858576,0.13909834902733564,5,7,13,0
2026-05-15T01:07:33.270938,noisy,sax,"{'w': 144, 'bins': 5}",7,4,2,0.07187355775386095,0.06762951985001564,0.14008024148643017,5,7,13,0
2026-05-15T01:07:33.397245,noisy,sax,"{'w': 144, 'bins': 5}",8,0,2,0.08161430433392525,0.0409792959690094,0.12321028858423233,5,6,12,0
2026-05-15T01:07:33.522882,noisy,sax,"{'w': 144, 'bins': 5}",8,1,2,0.08167922776192427,0.040824756026268005,0.12310981098562479,5,6,12,0
2026-05-15T01:07:33.648206,noisy,sax,"{'w': 144, 'bins': 5}",8,2,2,0.08153253141790628,0.04072000831365585,0.12286112364381552,5,6,12,0
2026-05-15T01:07:33.773900,noisy,sax,"{'w': 144, 'bins': 5}",8,3,2,0.08181252796202898,0.040680945850908756,0.12309165764600039,5,6,12,0
2026-05-15T01:07:33.899925,noisy,sax,"{'w': 144, 'bins': 5}",8,4,2,0.08177497796714306,0.041089292615652084,0.12347362469881773,5,6,12,0
2026-05-15T01:07:34.095884,noisy,sax,"{'w': 144, 'bins': 5}",9,0,2,0.09224353078752756,0.0995901944115758,0.19251140765845776,5,7,13,0
2026-05-15T01:07:34.246934,noisy,sax,"{'w': 144, 'bins': 5}",9,1,2,0.09282867982983589,0.05468755215406418,0.1482334490865469,5,7,13,0
2026-05-15T01:07:34.397720,noisy,sax,"{'w': 144, 'bins': 5}",9,2,2,0.0928029315546155,0.05476273316890001,0.14824529085308313,5,7,13,0
2026-05-15T01:07:34.548114,noisy,sax,"{'w': 144, 'bins': 5}",9,3,2,0.09218954015523195,0.055003014393150806,0.14787056762725115,5,7,13,0
2026-05-15T01:07:34.698436,noisy,sax,"{'w': 144, 'bins': 5}",9,4,2,0.09213295392692089,0.05464375950396061,0.14745020773261786,5,7,13,0
2026-05-15T01:07:34.895137,noisy,sax,"{'w': 144, 'bins': 5}",10,0,2,0.10251109953969717,0.08931512385606766,0.19258241262286901,5,8,14,0
2026-05-15T01:07:35.091204,noisy,sax,"{'w': 144, 'bins': 5}",10,1,2,0.10279152542352676,0.0891935545951128,0.1927311308681965,5,8,14,0
2026-05-15T01:07:35.287705,noisy,sax,"{'w': 144, 'bins': 5}",10,2,2,0.10265735257416964,0.08990553207695484,0.19330965634435415,5,8,14,0
2026-05-15T01:07:35.483219,noisy,sax,"{'w': 144, 'bins': 5}",10,3,2,0.10206626262515783,0.08924381993710995,0.19205425027757883,5,8,14,0
2026-05-15T01:07:35.678521,noisy,sax,"{'w': 144, 'bins': 5}",10,4,2,0.10211061593145132,0.08925583213567734,0.19211346097290516,5,8,14,0
2026-05-15T01:07:35.869469,noisy,sax,"{'w': 144, 'bins': 5}",11,0,2,0.1122104087844491,0.07412008568644524,0.187114586122334,5,6,12,0
2026-05-15T01:07:36.060382,noisy,sax,"{'w': 144, 'bins': 5}",11,1,2,0.11281183827668428,0.0741761913523078,0.1877719610929489,5,6,12,0
2026-05-15T01:07:36.249981,noisy,sax,"{'w': 144, 'bins': 5}",11,2,2,0.11170234438031912,0.07394736167043447,0.1864302922040224,5,6,12,0
2026-05-15T01:07:36.440542,noisy,sax,"{'w': 144, 'bins': 5}",11,3,2,0.11219847574830055,0.07440145406872034,0.18738647643476725,5,6,12,0
2026-05-15T01:07:36.632072,noisy,sax,"{'w': 144, 'bins': 5}",11,4,2,0.11296831164509058,0.07440430950373411,0.18815649300813675,5,6,12,0
2026-05-15T01:07:36.855012,noisy,sax,"{'w': 144, 'bins': 5}",12,0,2,0.12229134514927864,0.09520781692117453,0.2183493683114648,5,9,15,0
2026-05-15T01:07:37.077232,noisy,sax,"{'w': 144, 'bins': 5}",12,1,2,0.1223795898258686,0.0951662277802825,0.21842044964432716,5,9,15,0
2026-05-15T01:07:37.300444,noisy,sax,"{'w': 144, 'bins': 5}",12,2,2,0.12326468247920275,0.09516865387558937,0.21929898113012314,5,9,15,0
2026-05-15T01:07:37.524575,noisy,sax,"{'w': 144, 'bins': 5}",12,3,2,0.12387749273329973,0.09579333756119013,0.22053284756839275,5,9,15,0
2026-05-15T01:07:37.746767,noisy,sax,"{'w': 144, 'bins': 5}",12,4,2,0.12289251293987036,0.09482184238731861,0.21858603227883577,5,9,15,0
2026-05-15T01:07:38.000071,noisy,sax,"{'w': 144, 'bins': 5}",13,0,2,0.13304645754396915,0.11465556919574738,0.2486519291996956,5,12,18,0
2026-05-15T01:07:38.253286,noisy,sax,"{'w': 144, 'bins': 5}",13,1,2,0.1334661040455103,0.1149856485426426,0.24940883927047253,5,12,18,0
2026-05-15T01:07:38.506426,noisy,sax,"{'w': 144, 'bins': 5}",13,2,2,0.133730280213058,0.11438643373548985,0.24905212968587875,5,12,18,0
2026-05-15T01:07:38.758529,noisy,sax,"{'w': 144, 'bins': 5}",13,3,2,0.13248965051025152,0.11450626887381077,0.2479455629363656,5,12,18,0
2026-05-15T01:07:39.012309,noisy,sax,"{'w': 144, 'bins': 5}",13,4,2,0.13362738769501448,0.11496102344244719,0.24954575765877962,5,12,18,0
2026-05-15T01:07:39.260280,noisy,sax,"{'w': 144, 'bins': 5}",14,0,2,0.1418331041932106,0.10065451171249151,0.243457006290555,5,7,16,0
2026-05-15T01:07:39.508270,noisy,sax,"{'w': 144, 'bins': 5}",14,1,2,0.14248325396329165,0.10064824018627405,0.24413105100393295,5,7,16,0
2026-05-15T01:07:39.757649,noisy,sax,"{'w': 144, 'bins': 5}",14,2,2,0.14342727605253458,0.1009728005155921,0.24539304990321398,5,7,16,0
2026-05-15T01:07:40.006418,noisy,sax,"{'w': 144, 'bins': 5}",14,3,2,0.14314013626426458,0.10090475250035524,0.24504479579627514,5,7,16,0
2026-05-15T01:07:40.254272,noisy,sax,"{'w': 144, 'bins': 5}",14,4,2,0.14261891786009073,0.10054552741348743,0.24417661596089602,5,7,16,0
2026-05-15T01:07:40.537370,noisy,sax,"{'w': 144, 'bins': 5}",15,0,2,0.15301486663520336,0.12377658300101757,0.2778625600039959,5,11,19,0
2026-05-15T01:07:40.818814,noisy,sax,"{'w': 144, 'bins': 5}",15,1,2,0.15334690921008587,0.12279409915208817,0.27720893267542124,5,11,19,0
2026-05-15T01:07:41.099004,noisy,sax,"{'w': 144, 'bins': 5}",15,2,2,0.1523036602884531,0.1227057222276926,0.27607554476708174,5,11,19,0
2026-05-15T01:07:41.381002,noisy,sax,"{'w': 144, 'bins': 5}",15,3,2,0.15344303846359253,0.12305038888007402,0.277583384886384,5,11,19,0
2026-05-15T01:07:41.661887,noisy,sax,"{'w': 144, 'bins': 5}",15,4,2,0.15342290233820677,0.1221866374835372,0.27667125314474106,5,11,19,0
2026-05-15T01:07:41.953515,noisy,sax,"{'w': 144, 'bins': 5}",16,0,2,0.16286371555179358,0.12223390769213438,0.28647284489125013,5,11,19,0
2026-05-15T01:07:42.246555,noisy,sax,"{'w': 144, 'bins': 5}",16,1,2,0.1642616605386138,0.12331429496407509,0.2887102346867323,5,11,19,0
2026-05-15T01:07:42.539586,noisy,sax,"{'w': 144, 'bins': 5}",16,2,2,0.16407419834285975,0.12351781688630581,0.2887436877936125,5,11,19,0
2026-05-15T01:07:42.832281,noisy,sax,"{'w': 144, 'bins': 5}",16,3,2,0.16467214096337557,0.12256713304668665,0.28836627025157213,5,11,19,0
2026-05-15T01:07:43.125079,noisy,sax,"{'w': 144, 'bins': 5}",16,4,2,0.16275929007679224,0.12450417876243591,0.28840686567127705,5,11,19,0
2026-05-15T01:07:43.468545,noisy,sax,"{'w': 144, 'bins': 5}",17,0,2,0.17407926451414824,0.16289729066193104,0.3381749037653208,5,5,11,0
2026-05-15T01:07:43.810573,noisy,sax,"{'w': 144, 'bins': 5}",17,1,2,0.17358897253870964,0.16234534233808517,0.3371423836797476,5,5,11,0
2026-05-15T01:07:44.153758,noisy,sax,"{'w': 144, 'bins': 5}",17,2,2,0.17462341394275427,0.16254013776779175,0.33836268447339535,5,5,11,0
2026-05-15T01:07:44.495594,noisy,sax,"{'w': 144, 'bins': 5}",17,3,2,0.17379828449338675,0.16221309546381235,0.3372227940708399,5,5,11,0
2026-05-15T01:07:44.838609,noisy,sax,"{'w': 144, 'bins': 5}",17,4,2,0.17376339994370937,0.16307683754712343,0.3380468124523759,5,5,11,0
2026-05-15T01:07:45.173120,noisy,sax,"{'w': 144, 'bins': 5}",18,0,2,0.18319932650774717,0.14443279337137938,0.3289127331227064,5,6,12,0
2026-05-15T01:07:45.506675,noisy,sax,"{'w': 144, 'bins': 5}",18,1,2,0.18273007404059172,0.14460198115557432,0.32860242016613483,5,6,12,0
2026-05-15T01:07:45.841708,noisy,sax,"{'w': 144, 'bins': 5}",18,2,2,0.18389669433236122,0.14514149446040392,0.33031059708446264,5,6,12,0
2026-05-15T01:07:46.175478,noisy,sax,"{'w': 144, 'bins': 5}",18,3,2,0.18361128959804773,0.1443763580173254,0.3292563082650304,5,6,12,0
2026-05-15T01:07:46.556372,noisy,sax,"{'w': 144, 'bins': 5}",18,4,2,0.18315149657428265,0.1918502263724804,0.37627116590738297,5,6,12,0
2026-05-15T01:07:46.898374,noisy,sax,"{'w': 144, 'bins': 5}",19,0,2,0.19467805605381727,0.14002041891217232,0.33617907483130693,5,4,11,0
2026-05-15T01:07:47.237536,noisy,sax,"{'w': 144, 'bins': 5}",19,1,2,0.1934718508273363,0.13968621287494898,0.33457829989492893,5,4,11,0
2026-05-15T01:07:47.575842,noisy,sax,"{'w': 144, 'bins': 5}",19,2,2,0.1925395717844367,0.13972647860646248,0.3336947616189718,5,4,11,0
2026-05-15T01:07:47.915288,noisy,sax,"{'w': 144, 'bins': 5}",19,3,2,0.1933629373088479,0.14002708159387112,0.3348122900351882,5,4,11,0
2026-05-15T01:07:48.254116,noisy,sax,"{'w': 144, 'bins': 5}",19,4,2,0.193262979388237,0.13967168424278498,0.3343503624200821,5,4,11,0
2026-05-15T01:07:48.634504,noisy,sax,"{'w': 144, 'bins': 5}",20,0,2,0.20430998876690865,0.16881329659372568,0.37461678963154554,5,16,24,0
2026-05-15T01:07:49.013838,noisy,sax,"{'w': 144, 'bins': 5}",20,1,2,0.20401336252689362,0.16849689185619354,0.37402183189988136,5,16,24,0
2026-05-15T01:07:49.398326,noisy,sax,"{'w': 144, 'bins': 5}",20,2,2,0.20426001586019993,0.17365269176661968,0.3794269906356931,5,16,24,0
2026-05-15T01:07:49.778932,noisy,sax,"{'w': 144, 'bins': 5}",20,3,2,0.20449344534426928,0.16930958721786737,0.37529139686375856,5,16,24,0
2026-05-15T01:07:50.160004,noisy,sax,"{'w': 144, 'bins': 5}",20,4,2,0.20449556782841682,0.16912627406418324,0.37514776550233364,5,16,24,0
2026-05-15T01:07:50.569525,noisy,sax,"{'w': 144, 'bins': 5}",21,0,2,0.21406891103833914,0.18735796306282282,0.40298884734511375,5,9,16,0
2026-05-15T01:07:50.977269,noisy,sax,"{'w': 144, 'bins': 5}",21,1,2,0.2135063549503684,0.18698286917060614,0.40206877887248993,5,9,16,0
2026-05-15T01:07:51.388055,noisy,sax,"{'w': 144, 'bins': 5}",21,2,2,0.21461126953363419,0.18781248666346073,0.40398457646369934,5,9,16,0
2026-05-15T01:07:51.799339,noisy,sax,"{'w': 144, 'bins': 5}",21,3,2,0.21527169924229383,0.18838860839605331,0.40520154125988483,5,9,16,0
2026-05-15T01:07:52.208638,noisy,sax,"{'w': 144, 'bins': 5}",21,4,2,0.2146167904138565,0.18737451452761889,0.4035790953785181,5,9,16,0
2026-05-15T01:07:52.599608,noisy,sax,"{'w': 144, 'bins': 5}",22,0,2,0.22442037612199783,0.1587995057925582,0.38484213780611753,5,5,12,0
2026-05-15T01:07:52.989167,noisy,sax,"{'w': 144, 'bins': 5}",22,1,2,0.22389705292880535,0.15875078458338976,0.38426641654223204,5,5,12,0
2026-05-15T01:07:53.380734,noisy,sax,"{'w': 144, 'bins': 5}",22,2,2,0.2260676883161068,0.15867367014288902,0.38637943379580975,5,5,12,0
2026-05-15T01:07:53.770542,noisy,sax,"{'w': 144, 'bins': 5}",22,3,2,0.22429301775991917,0.15883660595864058,0.384834504686296,5,5,12,0
2026-05-15T01:07:54.207801,noisy,sax,"{'w': 144, 'bins': 5}",22,4,2,0.2254986297339201,0.20499089639633894,0.4321407563984394,5,5,12,0
2026-05-15T01:07:54.621471,noisy,sax,"{'w': 144, 'bins': 5}",23,0,2,0.23349610529839993,0.17169884406030178,0.40691950637847185,5,7,16,0
2026-05-15T01:07:55.034770,noisy,sax,"{'w': 144, 'bins': 5}",23,1,2,0.23480402026325464,0.17044187430292368,0.40694354102015495,5,7,16,0
2026-05-15T01:07:55.446898,noisy,sax,"{'w': 144, 'bins': 5}",23,2,2,0.2342375461012125,0.17037609964609146,0.40626621898263693,5,7,16,0
2026-05-15T01:07:55.860324,noisy,sax,"{'w': 144, 'bins': 5}",23,3,2,0.23562580347061157,0.1706526894122362,0.40795333683490753,5,7,16,0
2026-05-15T01:07:56.274699,noisy,sax,"{'w': 144, 'bins': 5}",23,4,2,0.23410871345549822,0.171309613622725,0.40710839070379734,5,7,16,0
2026-05-15T01:07:56.745700,noisy,sax,"{'w': 144, 'bins': 5}",24,0,2,0.24537608865648508,0.21678121387958527,0.4639379857107997,5,11,20,0
2026-05-15T01:07:57.214279,noisy,sax,"{'w': 144, 'bins': 5}",24,1,2,0.2437691818922758,0.21672841347754002,0.46230049058794975,5,11,20,0
2026-05-15T01:07:57.686081,noisy,sax,"{'w': 144, 'bins': 5}",24,2,2,0.24642891623079777,0.2169056860730052,0.46515956800431013,5,11,20,0
2026-05-15T01:07:58.156656,noisy,sax,"{'w': 144, 'bins': 5}",24,3,2,0.24564444180577993,0.21700002439320087,0.46444638911634684,5,11,20,0
2026-05-15T01:07:58.627370,noisy,sax,"{'w': 144, 'bins': 5}",24,4,2,0.24413273483514786,0.21858770493417978,0.4645355176180601,5,11,20,0
2026-05-15T01:07:59.107365,noisy,sax,"{'w': 144, 'bins': 5}",25,0,2,0.2539082057774067,0.2168959090486169,0.4726756187155843,5,6,14,0
2026-05-15T01:07:59.586507,noisy,sax,"{'w': 144, 'bins': 5}",25,1,2,0.2542932890355587,0.2162688411772251,0.47243175096809864,5,6,14,0
2026-05-15T01:08:00.066794,noisy,sax,"{'w': 144, 'bins': 5}",25,2,2,0.25575707759708166,0.21609252132475376,0.473826571367681,5,6,14,0
2026-05-15T01:08:00.547454,noisy,sax,"{'w': 144, 'bins': 5}",25,3,2,0.25613520946353674,0.2163519784808159,0.4743991466239095,5,6,14,0
2026-05-15T01:08:01.072974,noisy,sax,"{'w': 144, 'bins': 5}",25,4,2,0.29976709373295307,0.21739208977669477,0.519108354113996,5,6,14,0
2026-05-15T01:08:01.531090,noisy,sax,"{'w': 144, 'bins': 5}",26,0,2,0.2650352669879794,0.18455964885652065,0.45147627778351307,5,4,11,0
2026-05-15T01:08:01.990217,noisy,sax,"{'w': 144, 'bins': 5}",26,1,2,0.26634023804217577,0.1848042393103242,0.45302935503423214,5,4,11,0
2026-05-15T01:08:02.454007,noisy,sax,"{'w': 144, 'bins': 5}",26,2,2,0.27045474108308554,0.18492205906659365,0.457631504163146,5,4,11,0
2026-05-15T01:08:02.911570,noisy,sax,"{'w': 144, 'bins': 5}",26,3,2,0.2640095707029104,0.185728432610631,0.4515937175601721,5,4,11,0
2026-05-15T01:08:03.368798,noisy,sax,"{'w': 144, 'bins': 5}",26,4,2,0.2645831285044551,0.1849321285262704,0.45138239301741123,5,4,11,0
2026-05-15T01:08:03.874705,noisy,sax,"{'w': 144, 'bins': 5}",27,0,2,0.27519986126571894,0.22123304195702076,0.4984848350286484,5,5,12,0
2026-05-15T01:08:04.379315,noisy,sax,"{'w': 144, 'bins': 5}",27,1,2,0.27461089473217726,0.22150789760053158,0.49806918390095234,5,5,12,0
2026-05-15T01:08:04.884774,noisy,sax,"{'w': 144, 'bins': 5}",27,2,2,0.27460676711052656,0.22215792629867792,0.49868510011583567,5,5,12,0
2026-05-15T01:08:05.390450,noisy,sax,"{'w': 144, 'bins': 5}",27,3,2,0.2750525940209627,0.22204482555389404,0.4990807930007577,5,5,12,0
2026-05-15T01:08:05.895972,noisy,sax,"{'w': 144, 'bins': 5}",27,4,2,0.2761152097955346,0.22095792461186647,0.49904379434883595,5,5,12,0
2026-05-15T01:08:06.404130,noisy,sax,"{'w': 144, 'bins': 5}",28,0,2,0.28369151428341866,0.21230076253414154,0.4980218466371298,5,3,10,0
2026-05-15T01:08:06.912377,noisy,sax,"{'w': 144, 'bins': 5}",28,1,2,0.28692665696144104,0.21218618657439947,0.5011500380933285,5,3,10,0
2026-05-15T01:08:07.417551,noisy,sax,"{'w': 144, 'bins': 5}",28,2,2,0.28433987125754356,0.2115578567609191,0.4980119774118066,5,3,10,0
2026-05-15T01:08:07.924610,noisy,sax,"{'w': 144, 'bins': 5}",28,3,2,0.2857253709807992,0.21206452790647745,0.499925147742033,5,3,10,0
2026-05-15T01:08:08.432700,noisy,sax,"{'w': 144, 'bins': 5}",28,4,2,0.2855307459831238,0.21347687020897865,0.5010456619784236,5,3,10,0
2026-05-15T01:08:09.087790,noisy,sax,"{'w': 144, 'bins': 5}",29,0,2,0.29407543782144785,0.3503007981926203,0.646489524282515,5,4,11,0
2026-05-15T01:08:09.679593,noisy,sax,"{'w': 144, 'bins': 5}",29,1,2,0.29492192808538675,0.2865974586457014,0.5837834365665913,5,4,11,0
2026-05-15T01:08:10.271088,noisy,sax,"{'w': 144, 'bins': 5}",29,2,2,0.2948616649955511,0.2870350703597069,0.5840420834720135,5,4,11,0
2026-05-15T01:08:10.863321,noisy,sax,"{'w': 144, 'bins': 5}",29,3,2,0.29543761629611254,0.2871502572670579,0.5847668135538697,5,4,11,0
2026-05-15T01:08:11.455665,noisy,sax,"{'w': 144, 'bins': 5}",29,4,2,0.29580186028033495,0.28709396068006754,0.5850357376039028,5,4,11,0
2026-05-15T01:08:12.016843,noisy,sax,"{'w': 144, 'bins': 5}",30,0,2,0.30615454632788897,0.24432732909917831,0.5526816053315997,5,10,19,0
2026-05-15T01:08:12.575229,noisy,sax,"{'w': 144, 'bins': 5}",30,1,2,0.30564297549426556,0.24290983844548464,0.5507275369018316,5,10,19,0
2026-05-15T01:08:13.135450,noisy,sax,"{'w': 144, 'bins': 5}",30,2,2,0.3066920842975378,0.24366065859794617,0.552541121840477,5,10,19,0
2026-05-15T01:08:13.695800,noisy,sax,"{'w': 144, 'bins': 5}",30,3,2,0.3066421411931515,0.2433176739141345,0.5521568404510617,5,10,19,0
2026-05-15T01:08:14.255282,noisy,sax,"{'w': 144, 'bins': 5}",30,4,2,0.30587219540029764,0.24374320171773434,0.551825056783855,5,10,19,0
2026-05-15T01:08:14.831667,noisy,sax,"{'w': 144, 'bins': 5}",31,0,2,0.31687614507973194,0.24879444669932127,0.5679349834099412,5,4,11,0
2026-05-15T01:08:15.455123,noisy,sax,"{'w': 144, 'bins': 5}",31,1,2,0.3165629068389535,0.29683461878448725,0.6156869437545538,5,4,11,0
2026-05-15T01:08:16.031655,noisy,sax,"{'w': 144, 'bins': 5}",31,2,2,0.3171973992139101,0.24906452279537916,0.5686031468212605,5,4,11,0
2026-05-15T01:08:16.606685,noisy,sax,"{'w': 144, 'bins': 5}",31,3,2,0.31606379989534616,0.2489627730101347,0.5672351382672787,5,4,11,0
2026-05-15T01:08:17.184096,noisy,sax,"{'w': 144, 'bins': 5}",31,4,2,0.3175656106323004,0.24953785352408886,0.5693448204547167,5,4,11,0
2026-05-15T01:08:17.767907,noisy,sax,"{'w': 144, 'bins': 5}",32,0,2,0.32570931874215603,0.24725862219929695,0.5752708846703172,5,5,12,0
2026-05-15T01:08:18.352704,noisy,sax,"{'w': 144, 'bins': 5}",32,1,2,0.32735227420926094,0.24718004558235407,0.5768612017855048,5,5,12,0
2026-05-15T01:08:18.934996,noisy,sax,"{'w': 144, 'bins': 5}",32,2,2,0.32539328560233116,0.24633810576051474,0.5740435309708118,5,5,12,0
2026-05-15T01:08:19.519039,noisy,sax,"{'w': 144, 'bins': 5}",32,3,2,0.32661991752684116,0.24723496846854687,0.576188126578927,5,5,12,0
2026-05-15T01:08:20.100958,noisy,sax,"{'w': 144, 'bins': 5}",32,4,2,0.3257531011477113,0.2459745816886425,0.5740582188591361,5,5,12,0
2026-05-15T01:08:20.748889,noisy,sax,"{'w': 144, 'bins': 5}",33,0,2,0.3372719883918762,0.29924533423036337,0.6389674926176667,5,7,13,0
2026-05-15T01:08:21.398932,noisy,sax,"{'w': 144, 'bins': 5}",33,1,2,0.3383464841172099,0.3002870799973607,0.6410958068445325,5,7,13,0
2026-05-15T01:08:22.048180,noisy,sax,"{'w': 144, 'bins': 5}",33,2,2,0.3376813856884837,0.3005115017294884,0.640651754103601,5,7,13,0
2026-05-15T01:08:22.744871,noisy,sax,"{'w': 144, 'bins': 5}",33,3,2,0.3359128264710307,0.3493783362209797,0.6877853954210877,5,7,13,0
2026-05-15T01:08:23.393755,noisy,sax,"{'w': 144, 'bins': 5}",33,4,2,0.3377682799473405,0.2998195020481944,0.6401503030210733,5,7,13,0
2026-05-15T01:08:24.072348,noisy,sax,"{'w': 144, 'bins': 5}",34,0,2,0.3462664447724819,0.31939918268471956,0.6681865695863962,5,18,27,0
2026-05-15T01:08:24.754400,noisy,sax,"{'w': 144, 'bins': 5}",34,1,2,0.34934136737138033,0.32049095164984465,0.6723073162138462,5,18,27,0
2026-05-15T01:08:25.431639,noisy,sax,"{'w': 144, 'bins': 5}",34,2,2,0.3453435515984893,0.3198061566799879,0.6676271082833409,5,18,27,0
2026-05-15T01:08:26.113610,noisy,sax,"{'w': 144, 'bins': 5}",34,3,2,0.35002181492745876,0.3194389371201396,0.6720280908048153,5,18,27,0
2026-05-15T01:08:26.794445,noisy,sax,"{'w': 144, 'bins': 5}",34,4,2,0.3479345357045531,0.3202318148687482,0.6707455832511187,5,18,27,0
2026-05-15T01:08:27.486706,noisy,sax,"{'w': 144, 'bins': 5}",35,0,2,0.3567828265950084,0.3226976841688156,0.6820490937680006,5,5,13,0
2026-05-15T01:08:28.180023,noisy,sax,"{'w': 144, 'bins': 5}",35,1,2,0.3579053347930312,0.32345621939748526,0.6839799899607897,5,5,13,0
2026-05-15T01:08:28.917422,noisy,sax,"{'w': 144, 'bins': 5}",35,2,2,0.3587375767529011,0.36673637479543686,0.7280920576304197,5,5,13,0
2026-05-15T01:08:29.608457,noisy,sax,"{'w': 144, 'bins': 5}",35,3,2,0.35616119019687176,0.32236394844949245,0.6811955124139786,5,5,13,0
2026-05-15T01:08:30.299791,noisy,sax,"{'w': 144, 'bins': 5}",35,4,2,0.3574783122166991,0.32197015918791294,0.6819986393675208,5,5,13,0
2026-05-15T01:08:31.028252,noisy,sax,"{'w': 144, 'bins': 5}",36,0,2,0.3647181559354067,0.3504380760714412,0.7177727939561009,5,15,25,0
2026-05-15T01:08:31.757937,noisy,sax,"{'w': 144, 'bins': 5}",36,1,2,0.366071286611259,0.3509596949443221,0.719646361656487,5,15,25,0
2026-05-15T01:08:32.486466,noisy,sax,"{'w': 144, 'bins': 5}",36,2,2,0.3660298893228173,0.3494917284697294,0.7181986141949892,5,15,25,0
2026-05-15T01:08:33.218701,noisy,sax,"{'w': 144, 'bins': 5}",36,3,2,0.3681638455018401,0.3510656636208296,0.7219755547121167,5,15,25,0
2026-05-15T01:08:33.947660,noisy,sax,"{'w': 144, 'bins': 5}",36,4,2,0.3669001925736666,0.3493801988661289,0.7189297154545784,5,15,25,0
2026-05-15T01:08:34.652032,noisy,sax,"{'w': 144, 'bins': 5}",37,0,2,0.3761416431516409,0.3148478465154767,0.6937570655718446,5,7,13,0
2026-05-15T01:08:35.408134,noisy,sax,"{'w': 144, 'bins': 5}",37,1,2,0.3798533007502556,0.3640052964910865,0.7466109041124582,5,7,13,0
2026-05-15T01:08:36.112843,noisy,sax,"{'w': 144, 'bins': 5}",37,2,2,0.37597815599292517,0.31610476691275835,0.694909649901092,5,7,13,0
2026-05-15T01:08:36.817381,noisy,sax,"{'w': 144, 'bins': 5}",37,3,2,0.3803597120568156,0.3119468707591295,0.6950530186295509,5,7,13,0
2026-05-15T01:08:37.519429,noisy,sax,"{'w': 144, 'bins': 5}",37,4,2,0.37647976633161306,0.31314830761402845,0.6923422496765852,5,7,13,0
2026-05-15T01:08:38.292445,noisy,sax,"{'w': 144, 'bins': 5}",38,0,2,0.38840655889362097,0.3714506160467863,0.7626821892336011,5,6,13,0
2026-05-15T01:08:39.064601,noisy,sax,"{'w': 144, 'bins': 5}",38,1,2,0.38649678509682417,0.37307991553097963,0.7624134253710508,5,6,13,0
2026-05-15T01:08:39.839979,noisy,sax,"{'w': 144, 'bins': 5}",38,2,2,0.39067218359559774,0.37221754528582096,0.7657375745475292,5,6,13,0
2026-05-15T01:08:40.613094,noisy,sax,"{'w': 144, 'bins': 5}",38,3,2,0.38947241101413965,0.37136990390717983,0.763695321045816,5,6,13,0
2026-05-15T01:08:41.387928,noisy,sax,"{'w': 144, 'bins': 5}",38,4,2,0.3897440107539296,0.37217308208346367,0.7647207658737898,5,6,13,0
2026-05-15T01:08:42.203835,noisy,sax,"{'w': 144, 'bins': 5}",39,0,2,0.3967184731736779,0.4050087593495846,0.8046438386663795,5,9,16,0
2026-05-15T01:08:43.076733,noisy,sax,"{'w': 144, 'bins': 5}",39,1,2,0.4017803380265832,0.45727388374507427,0.861976076848805,5,9,16,0
2026-05-15T01:08:43.895293,noisy,sax,"{'w': 144, 'bins': 5}",39,2,2,0.39960352052003145,0.4052762808278203,0.8079228149726987,5,9,16,0
2026-05-15T01:08:44.713001,noisy,sax,"{'w': 144, 'bins': 5}",39,3,2,0.3989288741722703,0.4048463637009263,0.8067546505481005,5,9,16,0
2026-05-15T01:08:45.530963,noisy,sax,"{'w': 144, 'bins': 5}",39,4,2,0.3982970770448446,0.4057574840262532,0.8070622580125928,5,9,16,0
2026-05-15T01:08:46.433168,noisy,sax,"{'w': 144, 'bins': 5}",40,0,2,0.4109922917559743,0.47626618947833776,0.8903013244271278,5,6,12,0
2026-05-15T01:08:47.331009,noisy,sax,"{'w': 144, 'bins': 5}",40,1,2,0.40733498614281416,0.4765170915052295,0.8868262711912394,5,6,12,0
2026-05-15T01:08:48.277254,noisy,sax,"{'w': 144, 'bins': 5}",40,2,2,0.4065892053768039,0.5256852610036731,0.9352379301562905,5,6,12,0
2026-05-15T01:08:49.174597,noisy,sax,"{'w': 144, 'bins': 5}",40,3,2,0.40702982246875763,0.47603010665625334,0.886156102642417,5,6,12,0
2026-05-15T01:08:50.070133,noisy,sax,"{'w': 144, 'bins': 5}",40,4,2,0.4058060944080353,0.4758069673553109,0.8845480922609568,5,6,12,0
2026-05-15T01:08:50.952308,noisy,sax,"{'w': 144, 'bins': 5}",41,0,2,0.4175055306404829,0.44963918905705214,0.8701746184378862,5,9,16,0
2026-05-15T01:08:51.834396,noisy,sax,"{'w': 144, 'bins': 5}",41,1,2,0.42010357789695263,0.4475394180044532,0.870651613920927,5,9,16,0
2026-05-15T01:08:52.713002,noisy,sax,"{'w': 144, 'bins': 5}",41,2,2,0.41717384848743677,0.44695994909852743,0.8672186387702823,5,9,16,0
2026-05-15T01:08:53.594923,noisy,sax,"{'w': 144, 'bins': 5}",41,3,2,0.41911195684224367,0.44830933306366205,0.870584137737751,5,9,16,0
2026-05-15T01:08:54.529965,noisy,sax,"{'w': 144, 'bins': 5}",41,4,2,0.42018035240471363,0.5006797248497605,0.9238982312381268,5,9,16,0
2026-05-15T01:08:55.475679,noisy,sax,"{'w': 144, 'bins': 5}",42,0,2,0.4284101827070117,0.5019232500344515,0.9334812527522445,5,10,18,0
2026-05-15T01:08:56.419694,noisy,sax,"{'w': 144, 'bins': 5}",42,1,2,0.4269759813323617,0.5020790519192815,0.9322493998333812,5,10,18,0
2026-05-15T01:08:57.364364,noisy,sax,"{'w': 144, 'bins': 5}",42,2,2,0.4270308939740062,0.5033054947853088,0.9334555044770241,5,10,18,0
2026-05-15T01:08:58.309429,noisy,sax,"{'w': 144, 'bins': 5}",42,3,2,0.42905737832188606,0.5013394327834249,0.9335752194747329,5,10,18,0
2026-05-15T01:08:59.265340,noisy,sax,"{'w': 144, 'bins': 5}",42,4,2,0.4323787037283182,0.5092539032921195,0.9447756381705403,5,10,18,0
2026-05-15T01:09:00.296945,noisy,sax,"{'w': 144, 'bins': 5}",43,0,2,0.4383415784686804,0.5778398895636201,1.019473277963698,5,10,18,0
2026-05-15T01:09:01.276938,noisy,sax,"{'w': 144, 'bins': 5}",43,1,2,0.4352580290287733,0.5297192446887493,0.968189955689013,5,10,18,0
2026-05-15T01:09:02.262047,noisy,sax,"{'w': 144, 'bins': 5}",43,2,2,0.43972985446453094,0.5306086437776685,0.973473584279418,5,10,18,0
2026-05-15T01:09:03.251286,noisy,sax,"{'w': 144, 'bins': 5}",43,3,2,0.44371736142784357,0.530572977848351,0.9777239458635449,5,10,18,0
2026-05-15T01:09:04.234465,noisy,sax,"{'w': 144, 'bins': 5}",43,4,2,0.44088810961693525,0.527512782253325,0.9715885063633323,5,10,18,0
2026-05-15T01:09:05.328625,noisy,sax,"{'w': 144, 'bins': 5}",44,0,2,0.44716634694486856,0.6304203141480684,1.0808620806783438,5,9,16,0
2026-05-15T01:09:06.483281,noisy,sax,"{'w': 144, 'bins': 5}",44,1,2,0.4508023429661989,0.6878640819340944,1.1419737851247191,5,9,16,0
2026-05-15T01:09:07.576311,noisy,sax,"{'w': 144, 'bins': 5}",44,2,2,0.4494592109695077,0.6274091117084026,1.080149032175541,5,9,16,0
2026-05-15T01:09:08.670693,noisy,sax,"{'w': 144, 'bins': 5}",44,3,2,0.44955000188201666,0.6290157781913877,1.0818309905007482,5,9,16,0
2026-05-15T01:09:09.768704,noisy,sax,"{'w': 144, 'bins': 5}",44,4,2,0.4509541383013129,0.6309931492432952,1.0852075787261128,5,9,16,0
2026-05-15T01:09:10.849649,noisy,sax,"{'w': 144, 'bins': 5}",45,0,2,0.46226636599749327,0.6003461526706815,1.0659948186948895,5,4,10,0
2026-05-15T01:09:11.972027,noisy,sax,"{'w': 144, 'bins': 5}",45,1,2,0.45715962909162045,0.6473363526165485,1.1078666197136045,5,4,10,0
2026-05-15T01:09:13.050179,noisy,sax,"{'w': 144, 'bins': 5}",45,2,2,0.4590043621137738,0.6011818908154964,1.0636181272566319,5,4,10,0
2026-05-15T01:09:14.128099,noisy,sax,"{'w': 144, 'bins': 5}",45,3,2,0.45886719413101673,0.6008769776672125,1.0631756847724319,5,4,10,0
2026-05-15T01:09:15.204720,noisy,sax,"{'w': 144, 'bins': 5}",45,4,2,0.4556065518409014,0.6024828627705574,1.061587292701006,5,4,10,0
2026-05-15T01:09:16.213212,noisy,sax,"{'w': 144, 'bins': 5}",46,0,2,0.46898381784558296,0.521668559871614,0.9941419390961528,5,6,14,0
2026-05-15T01:09:17.272027,noisy,sax,"{'w': 144, 'bins': 5}",46,1,2,0.46971559152007103,0.5713490722700953,1.0444329474121332,5,6,14,0
2026-05-15T01:09:18.285268,noisy,sax,"{'w': 144, 'bins': 5}",46,2,2,0.4690100373700261,0.5271368669345975,0.9996498608961701,5,6,14,0
2026-05-15T01:09:19.293065,noisy,sax,"{'w': 144, 'bins': 5}",46,3,2,0.4677456524223089,0.5228981375694275,0.9940510476008058,5,6,14,0
2026-05-15T01:09:20.303907,noisy,sax,"{'w': 144, 'bins': 5}",46,4,2,0.468777590431273,0.5248047793284059,0.9970338996499777,5,6,14,0
2026-05-15T01:09:21.396888,noisy,sax,"{'w': 144, 'bins': 5}",47,0,2,0.4808808630332351,0.5945528959855437,1.0789766106754541,5,12,22,0
2026-05-15T01:09:22.538445,noisy,sax,"{'w': 144, 'bins': 5}",47,1,2,0.47911884542554617,0.6458071721717715,1.1284643802791834,5,12,22,0
2026-05-15T01:09:23.630641,noisy,sax,"{'w': 144, 'bins': 5}",47,2,2,0.47780836559832096,0.5973667073994875,1.0787918232381344,5,12,22,0
2026-05-15T01:09:24.722791,noisy,sax,"{'w': 144, 'bins': 5}",47,3,2,0.47930776979774237,0.5963498298078775,1.0790541870519519,5,12,22,0
2026-05-15T01:09:25.815491,noisy,sax,"{'w': 144, 'bins': 5}",47,4,2,0.48107158206403255,0.5947817750275135,1.0792783070355654,5,12,22,0
2026-05-15T01:09:26.972741,noisy,sax,"{'w': 144, 'bins': 5}",48,0,2,0.48857317585498095,0.6491401307284832,1.141305840574205,5,5,11,0
2026-05-15T01:09:28.177317,noisy,sax,"{'w': 144, 'bins': 5}",48,1,2,0.4889201167970896,0.6963917817920446,1.1889904346317053,5,5,11,0
2026-05-15T01:09:29.329620,noisy,sax,"{'w': 144, 'bins': 5}",48,2,2,0.4886285299435258,0.6447198614478111,1.1370388995856047,5,5,11,0
2026-05-15T01:09:30.493900,noisy,sax,"{'w': 144, 'bins': 5}",48,3,2,0.4902792489156127,0.6543940221890807,1.1482789712026715,5,5,11,0
2026-05-15T01:09:31.646554,noisy,sax,"{'w': 144, 'bins': 5}",48,4,2,0.48782810661941767,0.6456888997927308,1.1370722213760018,5,5,11,0
2026-05-15T01:09:32.828179,noisy,sax,"{'w': 144, 'bins': 5}",49,0,2,0.49976753164082766,0.6617634603753686,1.1651374530047178,5,3,10,0
2026-05-15T01:09:34.060010,noisy,sax,"{'w': 144, 'bins': 5}",49,1,2,0.5015005161985755,0.7108036987483501,1.216027314774692,5,3,10,0
2026-05-15T01:09:35.241067,noisy,sax,"{'w': 144, 'bins': 5}",49,2,2,0.4962313426658511,0.6653495710343122,1.1652346635237336,5,3,10,0
2026-05-15T01:09:36.428505,noisy,sax,"{'w': 144, 'bins': 5}",49,3,2,0.4991098064929247,0.6688999375328422,1.1717695631086826,5,3,10,0
2026-05-15T01:09:37.610584,noisy,sax,"{'w': 144, 'bins': 5}",49,4,2,0.500085829757154,0.6624064659699798,1.166083948686719,5,3,10,0
2026-05-15T01:09:38.700894,noisy,sax,"{'w': 144, 'bins': 5}",50,0,2,0.5101430807262659,0.5616676267236471,1.0755863459780812,5,5,12,0
2026-05-15T01:09:39.839213,noisy,sax,"{'w': 144, 'bins': 5}",50,1,2,0.5078361006453633,0.6123037617653608,1.1239717165008187,5,5,12,0
2026-05-15T01:09:40.931814,noisy,sax,"{'w': 144, 'bins': 5}",50,2,2,0.5109027978032827,0.5633206591010094,1.0780748082324862,5,5,12,0
2026-05-15T01:09:42.023716,noisy,sax,"{'w': 144, 'bins': 5}",50,3,2,0.5133366966620088,0.560881620272994,1.0780119989067316,5,5,12,0
2026-05-15T01:09:43.112666,noisy,sax,"{'w': 144, 'bins': 5}",50,4,2,0.5088168317452073,0.5622106036171317,1.0748073728755116,5,5,12,0
2026-05-15T01:09:44.281496,noisy,sax,"{'w': 144, 'bins': 5}",51,0,2,0.5226511349901557,0.6253291862085462,1.1517933402210474,5,6,14,0
2026-05-15T01:09:45.496951,noisy,sax,"{'w': 144, 'bins': 5}",51,1,2,0.5209839744493365,0.6740858433768153,1.1988944988697767,5,6,14,0
2026-05-15T01:09:46.661095,noisy,sax,"{'w': 144, 'bins': 5}",51,2,2,0.5191721124574542,0.6250007888302207,1.148104252293706,5,6,14,0
2026-05-15T01:09:47.830635,noisy,sax,"{'w': 144, 'bins': 5}",51,3,2,0.5238742511719465,0.6259619537740946,1.1536494735628366,5,6,14,0
2026-05-15T01:09:48.995222,noisy,sax,"{'w': 144, 'bins': 5}",51,4,2,0.5177273601293564,0.6271565575152636,1.1485971082001925,5,6,14,0
2026-05-15T01:09:50.230537,noisy,sax,"{'w': 144, 'bins': 5}",52,0,2,0.5269561875611544,0.6875442210584879,1.2183327032253146,5,4,11,0
2026-05-15T01:09:51.518290,noisy,sax,"{'w': 144, 'bins': 5}",52,1,2,0.5271166982129216,0.740581976249814,1.2715581906959414,5,4,11,0
2026-05-15T01:09:52.754622,noisy,sax,"{'w': 144, 'bins': 5}",52,2,2,0.5289261862635612,0.6873978162184358,1.2202174915000796,5,4,11,0
2026-05-15T01:09:54.001802,noisy,sax,"{'w': 144, 'bins': 5}",52,3,2,0.5314849996939301,0.695489807985723,1.2307865237817168,5,4,11,0
2026-05-15T01:09:55.246467,noisy,sax,"{'w': 144, 'bins': 5}",52,4,2,0.5300822667777538,0.6940930252894759,1.2280954020097852,5,4,11,0
2026-05-15T01:09:56.477346,noisy,sax,"{'w': 144, 'bins': 5}",53,0,2,0.5385949676856399,0.6714050816372037,1.2140201460570097,5,5,12,0
2026-05-15T01:09:57.759953,noisy,sax,"{'w': 144, 'bins': 5}",53,1,2,0.5393223334103823,0.7236796217039227,1.2668866887688637,5,5,12,0
2026-05-15T01:09:58.995894,noisy,sax,"{'w': 144, 'bins': 5}",53,2,2,0.5391306141391397,0.6769480165094137,1.2201787391677499,5,5,12,0
2026-05-15T01:10:00.225042,noisy,sax,"{'w': 144, 'bins': 5}",53,3,2,0.5389240458607674,0.6706374390050769,1.2134448559954762,5,5,12,0
2026-05-15T01:10:01.454096,noisy,sax,"{'w': 144, 'bins': 5}",53,4,2,0.5390790179371834,0.670348166488111,1.2134717274457216,5,5,12,0
2026-05-15T01:10:02.756739,noisy,sax,"{'w': 144, 'bins': 5}",54,0,2,0.5530861131846905,0.728301839902997,1.285319565795362,5,7,15,0
2026-05-15T01:10:04.125327,noisy,sax,"{'w': 144, 'bins': 5}",54,1,2,0.5517413904890418,0.7957276785746217,1.3517165929079056,5,7,15,0
2026-05-15T01:10:05.420349,noisy,sax,"{'w': 144, 'bins': 5}",54,2,2,0.5523648709058762,0.7220210088416934,1.2783340821042657,5,7,15,0
2026-05-15T01:10:06.719950,noisy,sax,"{'w': 144, 'bins': 5}",54,3,2,0.5531365992501378,0.7252871207892895,1.2825805842876434,5,7,15,0
2026-05-15T01:10:08.013832,noisy,sax,"{'w': 144, 'bins': 5}",54,4,2,0.5485862558707595,0.7247839355841279,1.2773585096001625,5,7,15,0
2026-05-15T01:10:09.321309,noisy,sax,"{'w': 144, 'bins': 5}",55,0,2,0.5593928433954716,0.725683725439012,1.2892751013860106,5,5,12,0
2026-05-15T01:10:10.681284,noisy,sax,"{'w': 144, 'bins': 5}",55,1,2,0.5618764068931341,0.7771105859428644,1.3429577881470323,5,5,12,0
2026-05-15T01:10:11.991662,noisy,sax,"{'w': 144, 'bins': 5}",55,2,2,0.5620984835550189,0.7273173918947577,1.2936506466940045,5,5,12,0
2026-05-15T01:10:13.297028,noisy,sax,"{'w': 144, 'bins': 5}",55,3,2,0.5624270020052791,0.7223203098401427,1.2888891268521547,5,5,12,0
2026-05-15T01:10:14.613575,noisy,sax,"{'w': 144, 'bins': 5}",55,4,2,0.5630754483863711,0.7326571270823479,1.2997974269092083,5,5,12,0
2026-05-15T01:10:15.995782,noisy,sax,"{'w': 144, 'bins': 5}",56,0,2,0.5661709299311042,0.7934176521375775,1.3638107180595398,5,7,15,0
2026-05-15T01:10:17.434809,noisy,sax,"{'w': 144, 'bins': 5}",56,1,2,0.572138823568821,0.8455380033701658,1.4217896284535527,5,7,15,0
2026-05-15T01:10:18.814173,noisy,sax,"{'w': 144, 'bins': 5}",56,2,2,0.5685024969279766,0.7884732484817505,1.3612775523215532,5,7,15,0
2026-05-15T01:10:20.199820,noisy,sax,"{'w': 144, 'bins': 5}",56,3,2,0.5741312047466636,0.789242391474545,1.3675025682896376,5,7,15,0
2026-05-15T01:10:21.582139,noisy,sax,"{'w': 144, 'bins': 5}",56,4,2,0.5711936289444566,0.7888389658182859,1.364286300726235,5,7,15,0
2026-05-15T01:10:22.945903,noisy,sax,"{'w': 144, 'bins': 5}",57,0,2,0.5786596862599254,0.7628048276528716,1.34563278965652,5,7,15,0
2026-05-15T01:10:24.350880,noisy,sax,"{'w': 144, 'bins': 5}",57,1,2,0.5777797652408481,0.805640147998929,1.38775899913162,5,7,15,0
2026-05-15T01:10:25.718601,noisy,sax,"{'w': 144, 'bins': 5}",57,2,2,0.5839305324479938,0.7617356302216649,1.3500563744455576,5,7,15,0
2026-05-15T01:10:27.082953,noisy,sax,"{'w': 144, 'bins': 5}",57,3,2,0.5800320925191045,0.7627976341173053,1.34692947473377,5,7,15,0
2026-05-15T01:10:28.450818,noisy,sax,"{'w': 144, 'bins': 5}",57,4,2,0.5830238703638315,0.7634008442983031,1.3507675491273403,5,7,15,0
2026-05-15T01:10:29.875237,noisy,sax,"{'w': 144, 'bins': 5}",58,0,2,0.5906284283846617,0.8075523283332586,1.4025983195751905,5,4,10,0
2026-05-15T01:10:31.358331,noisy,sax,"{'w': 144, 'bins': 5}",58,1,2,0.5960634211078286,0.861185422167182,1.4616852924227715,5,4,10,0
2026-05-15T01:10:32.785094,noisy,sax,"{'w': 144, 'bins': 5}",58,2,2,0.5868572574108839,0.8144865473732352,1.4058619868010283,5,4,10,0
2026-05-15T01:10:34.205582,noisy,sax,"{'w': 144, 'bins': 5}",58,3,2,0.5891379490494728,0.8065813547000289,1.4000921938568354,5,4,10,0
2026-05-15T01:10:35.632395,noisy,sax,"{'w': 144, 'bins': 5}",58,4,2,0.5921656340360641,0.809132844209671,1.4057569792494178,5,4,10,0
2026-05-15T01:10:37.199100,noisy,sax,"{'w': 144, 'bins': 5}",59,0,2,0.6007641367614269,0.942348999902606,1.5475885290652514,5,7,13,0
2026-05-15T01:10:38.715623,noisy,sax,"{'w': 144, 'bins': 5}",59,1,2,0.5999043416231871,0.8936234712600708,1.4980688290670514,5,7,13,0
2026-05-15T01:10:40.235458,noisy,sax,"{'w': 144, 'bins': 5}",59,2,2,0.6020680237561464,0.8945319075137377,1.5010511381551623,5,7,13,0
2026-05-15T01:10:41.752617,noisy,sax,"{'w': 144, 'bins': 5}",59,3,2,0.6031883582472801,0.8916306300088763,1.499240699224174,5,7,13,0
2026-05-15T01:10:43.322713,noisy,sax,"{'w': 144, 'bins': 5}",59,4,2,0.6050966512411833,0.9421925954520702,1.5517794964835048,5,7,13,0
2026-05-15T01:10:44.734448,noisy,sax,"{'w': 144, 'bins': 5}",60,0,2,0.6100754281505942,0.7776129487901926,1.3923040023073554,5,7,15,0
2026-05-15T01:10:46.140665,noisy,sax,"{'w': 144, 'bins': 5}",60,1,2,0.6134290136396885,0.7696779519319534,1.3876271415501833,5,7,15,0
2026-05-15T01:10:47.550769,noisy,sax,"{'w': 144, 'bins': 5}",60,2,2,0.6135894153267145,0.7735863383859396,1.3917359448969364,5,7,15,0
2026-05-15T01:10:48.956462,noisy,sax,"{'w': 144, 'bins': 5}",60,3,2,0.6145753860473633,0.7680288860574365,1.3872061111032963,5,7,15,0
2026-05-15T01:10:50.407336,noisy,sax,"{'w': 144, 'bins': 5}",60,4,2,0.6135312952101231,0.8141668261960149,1.4323000013828278,5,7,15,0
2026-05-15T01:10:51.861817,noisy,sax,"{'w': 144, 'bins': 5}",61,0,2,0.6242468832060695,0.8057614555582404,1.434710987843573,5,5,12,0
2026-05-15T01:10:53.313691,noisy,sax,"{'w': 144, 'bins': 5}",61,1,2,0.6227222820743918,0.8058917596936226,1.4332353482022882,5,5,12,0
2026-05-15T01:10:54.778615,noisy,sax,"{'w': 144, 'bins': 5}",61,2,2,0.62748649623245,0.8138715215027332,1.4458796167746186,5,5,12,0
2026-05-15T01:10:56.287669,noisy,sax,"{'w': 144, 'bins': 5}",61,3,2,0.6232125926762819,0.863205804489553,1.4908432736992836,5,5,12,0
2026-05-15T01:10:57.741077,noisy,sax,"{'w': 144, 'bins': 5}",61,4,2,0.6194415716454387,0.8100647749379277,1.43415217846632,5,5,12,0
2026-05-15T01:10:59.225864,noisy,sax,"{'w': 144, 'bins': 5}",62,0,2,0.6282599670812488,0.8314374797046185,1.4644666202366352,5,7,15,0
2026-05-15T01:11:00.709492,noisy,sax,"{'w': 144, 'bins': 5}",62,1,2,0.6277146637439728,0.8316743364557624,1.4641228867694736,5,7,15,0
2026-05-15T01:11:02.252681,noisy,sax,"{'w': 144, 'bins': 5}",62,2,2,0.6347534684464335,0.884089550934732,1.523489142768085,5,7,15,0
2026-05-15T01:11:03.741749,noisy,sax,"{'w': 144, 'bins': 5}",62,3,2,0.6345616588369012,0.8302790261805058,1.469844718463719,5,7,15,0
2026-05-15T01:11:05.231211,noisy,sax,"{'w': 144, 'bins': 5}",62,4,2,0.6341754039749503,0.8311131615191698,1.4700215607881546,5,7,15,0
2026-05-15T01:11:06.805552,noisy,sax,"{'w': 144, 'bins': 5}",63,0,2,0.64228156208992,0.9062084788456559,1.553263733163476,5,7,15,0
2026-05-15T01:11:08.435769,noisy,sax,"{'w': 144, 'bins': 5}",63,1,2,0.6413672463968396,0.9640159979462624,1.6102899266406894,5,7,15,0
2026-05-15T01:11:10.011996,noisy,sax,"{'w': 144, 'bins': 5}",63,2,2,0.6405799360945821,0.9106982266530395,1.5558671094477177,5,7,15,0
2026-05-15T01:11:11.582791,noisy,sax,"{'w': 144, 'bins': 5}",63,3,2,0.6413523070514202,0.9039780097082257,1.5501990290358663,5,7,15,0
2026-05-15T01:11:13.157032,noisy,sax,"{'w': 144, 'bins': 5}",63,4,2,0.6449173912405968,0.903957000002265,1.5537488125264645,5,7,15,0
2026-05-15T01:11:14.739306,noisy,sax,"{'w': 144, 'bins': 5}",64,0,2,0.6518938690423965,0.9044805746525526,1.5612459490075707,5,8,16,0
2026-05-15T01:11:16.368664,noisy,sax,"{'w': 144, 'bins': 5}",64,1,2,0.6539595471695065,0.9513159431517124,1.6101659024134278,5,8,16,0
2026-05-15T01:11:17.943531,noisy,sax,"{'w': 144, 'bins': 5}",64,2,2,0.6493460452184081,0.9014369500800967,1.5556973107159138,5,8,16,0
2026-05-15T01:11:19.522663,noisy,sax,"{'w': 144, 'bins': 5}",64,3,2,0.6555744791403413,0.8990871282294393,1.5595281533896923,5,8,16,0
2026-05-15T01:11:21.158564,noisy,sax,"{'w': 144, 'bins': 5}",64,4,2,0.6529370369389653,0.9583069989457726,1.6161207724362612,5,8,16,0
2026-05-15T01:11:22.743543,noisy,sax,"{'w': 144, 'bins': 5}",65,0,2,0.6594172241166234,0.8987675281241536,1.5630974555388093,5,7,15,0
2026-05-15T01:11:24.334831,noisy,sax,"{'w': 144, 'bins': 5}",65,1,2,0.6612948589026928,0.9041396733373404,1.570241566747427,5,7,15,0
2026-05-15T01:11:25.928553,noisy,sax,"{'w': 144, 'bins': 5}",65,2,2,0.6635689176619053,0.9041049890220165,1.5724321892485023,5,7,15,0
2026-05-15T01:11:27.578766,noisy,sax,"{'w': 144, 'bins': 5}",65,3,2,0.6665196679532528,0.9572674669325352,1.6285706153139472,5,7,15,0
2026-05-15T01:11:29.163198,noisy,sax,"{'w': 144, 'bins': 5}",65,4,2,0.662512855604291,0.8960258113220334,1.5634739622473717,5,7,15,0
2026-05-15T01:11:30.834928,noisy,sax,"{'w': 144, 'bins': 5}",66,0,2,0.6733627244830132,0.9710183031857014,1.6494086179882288,5,5,12,0
2026-05-15T01:11:32.504488,noisy,sax,"{'w': 144, 'bins': 5}",66,1,2,0.6729425564408302,0.9688843172043562,1.646987502463162,5,5,12,0
2026-05-15T01:11:34.234418,noisy,sax,"{'w': 144, 'bins': 5}",66,2,2,0.6743488162755966,1.0293206833302975,1.7086769305169582,5,5,12,0
2026-05-15T01:11:35.899247,noisy,sax,"{'w': 144, 'bins': 5}",66,3,2,0.668147973716259,0.9698850261047482,1.643056571483612,5,5,12,0
2026-05-15T01:11:37.568924,noisy,sax,"{'w': 144, 'bins': 5}",66,4,2,0.6738402312621474,0.9692984046414495,1.6481804922223091,5,5,12,0
2026-05-15T01:11:39.357734,noisy,sax,"{'w': 144, 'bins': 5}",67,0,2,0.6829568166285753,1.0782968029379845,1.766296316869557,5,5,12,0
2026-05-15T01:11:41.088802,noisy,sax,"{'w': 144, 'bins': 5}",67,1,2,0.6824880372732878,1.0212915493175387,1.7089326502755284,5,5,12,0
2026-05-15T01:11:42.817312,noisy,sax,"{'w': 144, 'bins': 5}",67,2,2,0.6828497657552361,1.0184033578261733,1.7063979525119066,5,5,12,0
2026-05-15T01:11:44.551971,noisy,sax,"{'w': 144, 'bins': 5}",67,3,2,0.6813665721565485,1.0262369746342301,1.7125335615128279,5,5,12,0
2026-05-15T01:11:46.336808,noisy,sax,"{'w': 144, 'bins': 5}",67,4,2,0.684649745002389,1.073146472685039,1.7629107497632504,5,5,12,0
2026-05-15T01:11:48.113270,noisy,sax,"{'w': 144, 'bins': 5}",68,0,2,0.6931733079254627,1.05496306437999,1.7532874634489417,5,7,15,0
2026-05-15T01:11:49.888716,noisy,sax,"{'w': 144, 'bins': 5}",68,1,2,0.6909644100815058,1.0569759337231517,1.753103418275714,5,7,15,0
2026-05-15T01:11:51.673014,noisy,sax,"{'w': 144, 'bins': 5}",68,2,2,0.6943357894197106,1.062324264086783,1.7619058331474662,5,7,15,0
2026-05-15T01:11:53.497701,noisy,sax,"{'w': 144, 'bins': 5}",68,3,2,0.6947553185746074,1.1026128344237804,1.802543418481946,5,7,15,0
2026-05-15T01:11:55.278950,noisy,sax,"{'w': 144, 'bins': 5}",68,4,2,0.6913946680724621,1.061967202462256,1.7585626058280468,5,7,15,0
2026-05-15T01:11:57.239294,noisy,sax,"{'w': 144, 'bins': 5}",69,0,2,0.7061548801138997,1.2238993011415005,1.9353812634944916,5,6,12,0
2026-05-15T01:11:59.178867,noisy,sax,"{'w': 144, 'bins': 5}",69,1,2,0.7029079245403409,1.2071200897917151,1.9152567712590098,5,6,12,0
2026-05-15T01:12:01.170049,noisy,sax,"{'w': 144, 'bins': 5}",69,2,2,0.6992588527500629,1.2623054264113307,1.9668448930606246,5,6,12,0
2026-05-15T01:12:03.139144,noisy,sax,"{'w': 144, 'bins': 5}",69,3,2,0.7082942556589842,1.2309595569968224,1.9446351751685143,5,6,12,0
2026-05-15T01:12:05.096525,noisy,sax,"{'w': 144, 'bins': 5}",69,4,2,0.7136105075478554,1.213892824947834,1.9327752199023962,5,6,12,0
2026-05-15T01:12:07.155440,noisy,sax,"{'w': 144, 'bins': 5}",70,0,2,0.714454541914165,1.3143267231062055,2.034247457049787,5,7,13,0
2026-05-15T01:12:09.153436,noisy,sax,"{'w': 144, 'bins': 5}",70,1,2,0.7160451086238027,1.2533538416028023,1.9748866921290755,5,7,13,0
2026-05-15T01:12:11.153139,noisy,sax,"{'w': 144, 'bins': 5}",70,2,2,0.7090727379545569,1.2618279084563255,1.9763269247487187,5,7,13,0
2026-05-15T01:12:13.199308,noisy,sax,"{'w': 144, 'bins': 5}",70,3,2,0.71427639760077,1.3035523751750588,2.0232269475236535,5,7,13,0
2026-05-15T01:12:15.191302,noisy,sax,"{'w': 144, 'bins': 5}",70,4,2,0.7125129476189613,1.250908499583602,1.9687324073165655,5,7,13,0
2026-05-15T01:12:17.152614,noisy,sax,"{'w': 144, 'bins': 5}",71,0,2,0.7262146407738328,1.2060614610090852,1.9375686682760715,5,7,13,0
2026-05-15T01:12:19.161310,noisy,sax,"{'w': 144, 'bins': 5}",71,1,2,0.7217439357191324,1.2582539096474648,1.9853661954402924,5,7,13,0
2026-05-15T01:12:21.111521,noisy,sax,"{'w': 144, 'bins': 5}",71,2,2,0.7245015939697623,1.197520798072219,1.92745843809098,5,7,13,0
2026-05-15T01:12:23.063094,noisy,sax,"{'w': 144, 'bins': 5}",71,3,2,0.7237673457711935,1.199071228504181,1.9282611040398479,5,7,13,0
2026-05-15T01:12:25.072519,noisy,sax,"{'w': 144, 'bins': 5}",71,4,2,0.7218623198568821,1.2590322317555547,1.986356034874916,5,7,13,0
2026-05-15T01:12:27.012329,noisy,sax,"{'w': 144, 'bins': 5}",72,0,2,0.7349037136882544,1.1739218709990382,1.9143530828878284,5,12,21,0
2026-05-15T01:12:28.951736,noisy,sax,"{'w': 144, 'bins': 5}",72,1,2,0.7387413689866662,1.1710886815562844,1.9153780965134501,5,12,21,0
2026-05-15T01:12:30.892225,noisy,sax,"{'w': 144, 'bins': 5}",72,2,2,0.7372097121551633,1.17362189758569,1.9162976425141096,5,12,21,0
2026-05-15T01:12:32.881018,noisy,sax,"{'w': 144, 'bins': 5}",72,3,2,0.7364625399932265,1.2219804394990206,1.9640079960227013,5,12,21,0
2026-05-15T01:12:34.816641,noisy,sax,"{'w': 144, 'bins': 5}",72,4,2,0.7324478626251221,1.1730078449472785,1.910992482677102,5,12,21,0
2026-05-15T01:12:36.715656,noisy,sax,"{'w': 144, 'bins': 5}",73,0,2,0.7468735259026289,1.1227610995993018,1.8751737056300044,5,7,13,0
2026-05-15T01:12:38.673045,noisy,sax,"{'w': 144, 'bins': 5}",73,1,2,0.7462575491517782,1.1821477049961686,1.9340060893446207,5,7,13,0
2026-05-15T01:12:40.570248,noisy,sax,"{'w': 144, 'bins': 5}",73,2,2,0.7460537869483232,1.1221895767375827,1.873833879828453,5,7,13,0
2026-05-15T01:12:42.485036,noisy,sax,"{'w': 144, 'bins': 5}",73,3,2,0.7459852388128638,1.1401674803346395,1.8916902048513293,5,7,13,0
2026-05-15T01:12:44.384125,noisy,sax,"{'w': 144, 'bins': 5}",73,4,2,0.7447173679247499,1.1257351338863373,1.8760316362604499,5,7,13,0
2026-05-15T01:12:46.379355,noisy,sax,"{'w': 144, 'bins': 5}",74,0,2,0.7504500513896346,1.2144117578864098,1.9703644206747413,5,9,17,0
2026-05-15T01:12:48.317135,noisy,sax,"{'w': 144, 'bins': 5}",74,1,2,0.7522760285064578,1.1554187126457691,1.9133471827954054,5,9,17,0
2026-05-15T01:12:50.259043,noisy,sax,"{'w': 144, 'bins': 5}",74,2,2,0.7511236658319831,1.16103386413306,1.9177972879260778,5,9,17,0
2026-05-15T01:12:52.207139,noisy,sax,"{'w': 144, 'bins': 5}",74,3,2,0.7580774510279298,1.1601427411660552,1.9238503435626626,5,9,17,0
2026-05-15T01:12:54.210638,noisy,sax,"{'w': 144, 'bins': 5}",74,4,2,0.7572871269658208,1.2165909884497523,1.9796327194198966,5,9,17,0
2026-05-15T01:12:56.176638,noisy,sax,"{'w': 144, 'bins': 5}",75,0,2,0.7641923008486629,1.169707770459354,1.9396757343783975,5,6,12,0
2026-05-15T01:12:58.138120,noisy,sax,"{'w': 144, 'bins': 5}",75,1,2,0.7660734029486775,1.1644144421443343,1.9362123720347881,5,6,12,0
2026-05-15T01:13:00.155816,noisy,sax,"{'w': 144, 'bins': 5}",75,2,2,0.7663320684805512,1.2201680047437549,1.9922573119401932,5,6,12,0
2026-05-15T01:13:02.143700,noisy,sax,"{'w': 144, 'bins': 5}",75,3,2,0.7723751030862331,1.1836463678628206,1.9618397541344166,5,6,12,0
2026-05-15T01:13:04.122764,noisy,sax,"{'w': 144, 'bins': 5}",75,4,2,0.7691052835434675,1.1774861617013812,1.9525820333510637,5,6,12,0
2026-05-15T01:13:06.151288,noisy,sax,"{'w': 144, 'bins': 5}",76,0,2,0.7713661398738623,1.2254805089905858,2.0026621967554092,5,9,17,0
2026-05-15T01:13:08.266248,noisy,sax,"{'w': 144, 'bins': 5}",76,1,2,0.7813589302822948,1.302811342291534,2.0899430913850665,5,9,17,0
2026-05-15T01:13:10.297720,noisy,sax,"{'w': 144, 'bins': 5}",76,2,2,0.7753291195258498,1.224114635027945,2.0053218100219965,5,9,17,0
2026-05-15T01:13:12.329188,noisy,sax,"{'w': 144, 'bins': 5}",76,3,2,0.7765943855047226,1.223426883108914,2.005883553996682,5,9,17,0
2026-05-15T01:13:14.419266,noisy,sax,"{'w': 144, 'bins': 5}",76,4,2,0.7741935662925243,1.284817229025066,2.064839749597013,5,9,17,0
2026-05-15T01:13:16.511413,noisy,sax,"{'w': 144, 'bins': 5}",77,0,2,0.7859446490183473,1.271927921101451,2.063775441609323,5,9,17,0
2026-05-15T01:13:18.602758,noisy,sax,"{'w': 144, 'bins': 5}",77,1,2,0.7864788919687271,1.2726625902578235,2.0649899216368794,5,9,17,0
2026-05-15T01:13:20.745918,noisy,sax,"{'w': 144, 'bins': 5}",77,2,2,0.7871218407526612,1.3240043614059687,2.11708895675838,5,9,17,0
2026-05-15T01:13:22.830129,noisy,sax,"{'w': 144, 'bins': 5}",77,3,2,0.784185397438705,1.2680201139301062,2.058089828118682,5,9,17,0
2026-05-15T01:13:24.919000,noisy,sax,"{'w': 144, 'bins': 5}",77,4,2,0.788134110160172,1.268568322993815,2.062640401534736,5,9,17,0
2026-05-15T01:13:27.159566,noisy,sax,"{'w': 144, 'bins': 5}",78,0,2,0.7967341365292668,1.4083929350599647,2.211227163672447,5,6,12,0
2026-05-15T01:13:29.337962,noisy,sax,"{'w': 144, 'bins': 5}",78,1,2,0.7875811122357845,1.3561061592772603,2.1496956506744027,5,6,12,0
2026-05-15T01:13:31.524873,noisy,sax,"{'w': 144, 'bins': 5}",78,2,2,0.7968881744891405,1.355229252949357,2.1581704821437597,5,6,12,0
2026-05-15T01:13:33.777234,noisy,sax,"{'w': 144, 'bins': 5}",78,3,2,0.7986612142995,1.4188442761078477,2.223521525040269,5,6,12,0
2026-05-15T01:13:35.977465,noisy,sax,"{'w': 144, 'bins': 5}",78,4,2,0.794494160450995,1.3712684847414494,2.171770203858614,5,6,12,0
2026-05-15T01:13:38.213635,noisy,sax,"{'w': 144, 'bins': 5}",79,0,2,0.8101592501625419,1.3882612474262714,2.2045646840706468,5,6,13,0
2026-05-15T01:13:40.501878,noisy,sax,"{'w': 144, 'bins': 5}",79,1,2,0.8100067339837551,1.4413470141589642,2.257520535029471,5,6,13,0
2026-05-15T01:13:42.749983,noisy,sax,"{'w': 144, 'bins': 5}",79,2,2,0.8053964991122484,1.4031155370175838,2.214661651290953,5,6,13,0
2026-05-15T01:13:44.979193,noisy,sax,"{'w': 144, 'bins': 5}",79,3,2,0.8107659900560975,1.3821711540222168,2.1990884421393275,5,6,13,0
2026-05-15T01:13:47.204836,noisy,sax,"{'w': 144, 'bins': 5}",79,4,2,0.8056728569790721,1.3827691273763776,2.194515286013484,5,6,13,0
2026-05-15T01:13:49.454794,noisy,sax,"{'w': 144, 'bins': 5}",80,0,2,0.8198286732658744,1.3943802872672677,2.220374796539545,5,6,12,0
2026-05-15T01:13:51.649453,noisy,sax,"{'w': 144, 'bins': 5}",80,1,2,0.814479410648346,1.344870806671679,2.1655652560293674,5,6,12,0
2026-05-15T01:13:53.844248,noisy,sax,"{'w': 144, 'bins': 5}",80,2,2,0.8183718780055642,1.3419470563530922,2.166425990872085,5,6,12,0
2026-05-15T01:13:56.090027,noisy,sax,"{'w': 144, 'bins': 5}",80,3,2,0.8204520735889673,1.3904353994876146,2.2170339031144977,5,6,12,0
2026-05-15T01:13:58.274255,noisy,sax,"{'w': 144, 'bins': 5}",80,4,2,0.8089311346411705,1.3408147096633911,2.155858320184052,5,6,12,0
2026-05-15T01:14:00.510371,noisy,sax,"{'w': 144, 'bins': 5}",81,0,2,0.824259091168642,1.3780876183882356,2.2086085453629494,5,7,13,0
2026-05-15T01:14:02.809133,noisy,sax,"{'w': 144, 'bins': 5}",81,1,2,0.8283886639401317,1.4367299545556307,2.2714308593422174,5,7,13,0
2026-05-15T01:14:05.048892,noisy,sax,"{'w': 144, 'bins': 5}",81,2,2,0.8236309625208378,1.382358767092228,2.2123915273696184,5,7,13,0
2026-05-15T01:14:07.283634,noisy,sax,"{'w': 144, 'bins': 5}",81,3,2,0.8236345294862986,1.377941232174635,2.2078003380447626,5,7,13,0
2026-05-15T01:14:09.579476,noisy,sax,"{'w': 144, 'bins': 5}",81,4,2,0.820532345212996,1.4426122279837728,2.2694183625280857,5,7,13,0
2026-05-15T01:14:11.885985,noisy,sax,"{'w': 144, 'bins': 5}",82,0,2,0.8359488286077976,1.4330045506358147,2.275287250056863,5,6,12,0
2026-05-15T01:14:14.188482,noisy,sax,"{'w': 144, 'bins': 5}",82,1,2,0.8325360119342804,1.4329707967117429,2.2718874169513583,5,6,12,0
2026-05-15T01:14:16.541182,noisy,sax,"{'w': 144, 'bins': 5}",82,2,2,0.8403434688225389,1.4756883662194014,2.3223615577444434,5,6,12,0
2026-05-15T01:14:18.840141,noisy,sax,"{'w': 144, 'bins': 5}",82,3,2,0.8322597416117787,1.4296405036002398,2.268346508964896,5,6,12,0
2026-05-15T01:14:21.159052,noisy,sax,"{'w': 144, 'bins': 5}",82,4,2,0.8402029555290937,1.4421912468969822,2.288724216632545,5,6,12,0
2026-05-15T01:14:23.491255,noisy,sax,"{'w': 144, 'bins': 5}",83,0,2,0.844823288731277,1.4497170569375157,2.3010761961340904,5,6,12,0
2026-05-15T01:14:25.779038,noisy,sax,"{'w': 144, 'bins': 5}",83,1,2,0.8470277283340693,1.4039685064926744,2.257369159720838,5,6,12,0
2026-05-15T01:14:28.122764,noisy,sax,"{'w': 144, 'bins': 5}",83,2,2,0.8501391299068928,1.4566265596076846,2.313131019473076,5,6,12,0
2026-05-15T01:14:30.413747,noisy,sax,"{'w': 144, 'bins': 5}",83,3,2,0.8444819878786802,1.409830573014915,2.2607626505196095,5,6,12,0
2026-05-15T01:14:32.715444,noisy,sax,"{'w': 144, 'bins': 5}",83,4,2,0.8532589571550488,1.4081607861444354,2.2705983258783817,5,6,12,0
2026-05-15T01:14:35.187492,noisy,sax,"{'w': 144, 'bins': 5}",84,0,2,0.8626820277422667,1.5682558845728636,2.4391514640301466,5,6,12,0
2026-05-15T01:14:37.601342,noisy,sax,"{'w': 144, 'bins': 5}",84,1,2,0.8564680721610785,1.5180451972410083,2.3816132992506027,5,6,12,0
2026-05-15T01:14:40.020292,noisy,sax,"{'w': 144, 'bins': 5}",84,2,2,0.8594797449186444,1.5209210272878408,2.386933907866478,5,6,12,0
2026-05-15T01:14:42.490293,noisy,sax,"{'w': 144, 'bins': 5}",84,3,2,0.8579625571146607,1.5736571662127972,2.4382510827854276,5,6,12,0
2026-05-15T01:14:44.932262,noisy,sax,"{'w': 144, 'bins': 5}",84,4,2,0.8624849775806069,1.5398262301459908,2.4105134773999453,5,6,12,0
2026-05-15T01:14:47.440341,noisy,sax,"{'w': 144, 'bins': 5}",85,0,2,0.8667888883501291,1.6004607388749719,2.474373330362141,5,6,12,0
2026-05-15T01:14:50.000542,noisy,sax,"{'w': 144, 'bins': 5}",85,1,2,0.8740045744925737,1.6475093178451061,2.5281458236277103,5,6,12,0
2026-05-15T01:14:52.518133,noisy,sax,"{'w': 144, 'bins': 5}",85,2,2,0.8622596440836787,1.6164629701524973,2.4853918058797717,5,6,12,0
2026-05-15T01:14:55.024705,noisy,sax,"{'w': 144, 'bins': 5}",85,3,2,0.8674528449773788,1.6003679223358631,2.474479909054935,5,6,12,0
2026-05-15T01:14:57.581601,noisy,sax,"{'w': 144, 'bins': 5}",85,4,2,0.8714981498196721,1.6467240722849965,2.5248390650376678,5,6,12,0
2026-05-15T01:15:00.118115,noisy,sax,"{'w': 144, 'bins': 5}",86,0,2,0.8738091876730323,1.6252712374553084,2.5057889092713594,5,7,13,0
2026-05-15T01:15:02.673039,noisy,sax,"{'w': 144, 'bins': 5}",86,1,2,0.8807679936289787,1.637397282756865,2.5248917546123266,5,7,13,0
2026-05-15T01:15:05.311212,noisy,sax,"{'w': 144, 'bins': 5}",86,2,2,0.8815926807001233,1.7200118964537978,2.6084355423226953,5,7,13,0
2026-05-15T01:15:07.854179,noisy,sax,"{'w': 144, 'bins': 5}",86,3,2,0.876473450101912,1.629857398569584,2.5133003322407603,5,7,13,0
2026-05-15T01:15:10.476410,noisy,sax,"{'w': 144, 'bins': 5}",86,4,2,0.887211169116199,1.6980851395055652,2.592090324498713,5,7,13,0
2026-05-15T01:15:13.124024,noisy,sax,"{'w': 144, 'bins': 5}",87,0,2,0.8863883353769779,1.7201156122609973,2.613746514543891,5,6,12,0
2026-05-15T01:15:15.767723,noisy,sax,"{'w': 144, 'bins': 5}",87,1,2,0.8919108817353845,1.71144550293684,2.6102299196645617,5,6,12,0
2026-05-15T01:15:18.467197,noisy,sax,"{'w': 144, 'bins': 5}",87,2,2,0.8827238157391548,1.77658517844975,2.666229536756873,5,6,12,0
2026-05-15T01:15:21.121564,noisy,sax,"{'w': 144, 'bins': 5}",87,3,2,0.8942187549546361,1.7191327856853604,2.620567918755114,5,6,12,0
2026-05-15T01:15:23.827237,noisy,sax,"{'w': 144, 'bins': 5}",87,4,2,0.8859947454184294,1.7797131510451436,2.6724426401779056,5,6,12,0
2026-05-15T01:15:26.449916,noisy,sax,"{'w': 144, 'bins': 5}",88,0,2,0.895635986700654,1.686297468841076,2.5888048661872745,5,6,12,0
2026-05-15T01:15:29.056280,noisy,sax,"{'w': 144, 'bins': 5}",88,1,2,0.9032156458124518,1.6625614054501057,2.5728171784430742,5,6,12,0
2026-05-15T01:15:31.717443,noisy,sax,"{'w': 144, 'bins': 5}",88,2,2,0.8946530101820827,1.7269608620554209,2.6284724585711956,5,6,12,0
2026-05-15T01:15:34.335637,noisy,sax,"{'w': 144, 'bins': 5}",88,3,2,0.8976270835846663,1.6801300095394254,2.584750212728977,5,6,12,0
2026-05-15T01:15:36.943794,noisy,sax,"{'w': 144, 'bins': 5}",88,4,2,0.8972643427550793,1.6702650990337133,2.574613402597606,5,6,12,0
2026-05-15T01:15:39.677351,noisy,sax,"{'w': 144, 'bins': 5}",89,0,2,0.9086964754387736,1.7857478708028793,2.7014476349577308,5,7,13,0
2026-05-15T01:15:42.349314,noisy,sax,"{'w': 144, 'bins': 5}",89,1,2,0.9082519514486194,1.7253681113943458,2.64061604719609,5,7,13,0
2026-05-15T01:15:45.086919,noisy,sax,"{'w': 144, 'bins': 5}",89,2,2,0.904025255702436,1.7951785968616605,2.7062423257157207,5,7,13,0
2026-05-15T01:15:47.765618,noisy,sax,"{'w': 144, 'bins': 5}",89,3,2,0.9087723894044757,1.7310778107494116,2.646938417106867,5,7,13,0
2026-05-15T01:15:50.511773,noisy,sax,"{'w': 144, 'bins': 5}",89,4,2,0.9073265939950943,1.8003646219149232,2.7146898647770286,5,7,13,0
2026-05-15T01:15:53.165704,noisy,sax,"{'w': 144, 'bins': 5}",90,0,2,0.9182009603828192,1.692912457510829,2.61817392334342,5,6,12,0
2026-05-15T01:15:55.799179,noisy,sax,"{'w': 144, 'bins': 5}",90,1,2,0.9139776919037104,1.6776774544268847,2.5987213030457497,5,6,12,0
2026-05-15T01:15:58.499060,noisy,sax,"{'w': 144, 'bins': 5}",90,2,2,0.9186173416674137,1.7388975825160742,2.6645827228203416,5,6,12,0
2026-05-15T01:16:01.144747,noisy,sax,"{'w': 144, 'bins': 5}",90,3,2,0.9160356651991606,1.6879189629107714,2.611086206510663,5,6,12,0
2026-05-15T01:16:03.791075,noisy,sax,"{'w': 144, 'bins': 5}",90,4,2,0.9228363130241632,1.6813758378848433,2.611288926564157,5,6,12,0
2026-05-15T01:16:06.620756,noisy,sax,"{'w': 144, 'bins': 5}",91,0,2,0.9287857916206121,1.8571512550115585,2.793143777176738,5,6,12,0
2026-05-15T01:16:09.390904,noisy,sax,"{'w': 144, 'bins': 5}",91,1,2,0.9259297996759415,1.8015322042629123,2.734679654240608,5,6,12,0
2026-05-15T01:16:12.214272,noisy,sax,"{'w': 144, 'bins': 5}",91,2,2,0.9266915796324611,1.8543232344090939,2.7880444722250104,5,6,12,0
2026-05-15T01:16:14.981051,noisy,sax,"{'w': 144, 'bins': 5}",91,3,2,0.9281060956418514,1.7952969167381525,2.73065993655473,5,6,12,0
2026-05-15T01:16:17.751566,noisy,sax,"{'w': 144, 'bins': 5}",91,4,2,0.9320282489061356,1.7954712444916368,2.7347038788720965,5,6,12,0
2026-05-15T01:16:20.639046,noisy,sax,"{'w': 144, 'bins': 5}",92,0,2,0.9415901210159063,1.9042648170143366,2.853305476717651,5,14,22,0
2026-05-15T01:16:23.466909,noisy,sax,"{'w': 144, 'bins': 5}",92,1,2,0.9416988752782345,1.8461883934214711,2.795235864818096,5,14,22,0
2026-05-15T01:16:26.353072,noisy,sax,"{'w': 144, 'bins': 5}",92,2,2,0.9384241374209523,1.9076438499614596,2.8533955346792936,5,14,22,0
2026-05-15T01:16:29.181991,noisy,sax,"{'w': 144, 'bins': 5}",92,3,2,0.9390010600909591,1.8503732085227966,2.796619220636785,5,14,22,0
2026-05-15T01:16:32.014640,noisy,sax,"{'w': 144, 'bins': 5}",92,4,2,0.939397294074297,1.8522087940946221,2.798875806853175,5,14,22,0
2026-05-15T01:16:34.971801,noisy,sax,"{'w': 144, 'bins': 5}",93,0,2,0.9514994146302342,1.9642076455056667,2.923062118701637,5,7,13,0
2026-05-15T01:16:37.872105,noisy,sax,"{'w': 144, 'bins': 5}",93,1,2,0.9515562113374472,1.9065564088523388,2.8654863135889173,5,7,13,0
2026-05-15T01:16:40.852480,noisy,sax,"{'w': 144, 'bins': 5}",93,2,2,0.9512345781549811,1.9884306620806456,2.947047629393637,5,7,13,0
2026-05-15T01:16:43.740744,noisy,sax,"{'w': 144, 'bins': 5}",93,3,2,0.9430043557658792,1.9044465376064181,2.854880721308291,5,7,13,0
2026-05-15T01:16:46.641307,noisy,sax,"{'w': 144, 'bins': 5}",93,4,2,0.9489447884261608,1.910896728746593,2.867253481410444,5,7,13,0
2026-05-15T01:16:49.681673,noisy,sax,"{'w': 144, 'bins': 5}",94,0,2,0.9577840128913522,2.039761080406606,3.004968751221895,5,7,13,0
2026-05-15T01:16:52.660930,noisy,sax,"{'w': 144, 'bins': 5}",94,1,2,0.9596213819459081,1.978064109571278,2.945166346617043,5,7,13,0
2026-05-15T01:16:55.689819,noisy,sax,"{'w': 144, 'bins': 5}",94,2,2,0.9547341866418719,2.032390283420682,2.994679124094546,5,7,13,0
2026-05-15T01:16:58.673233,noisy,sax,"{'w': 144, 'bins': 5}",94,3,2,0.9552392046898603,1.9870351618155837,2.9497872218489647,5,7,13,0
2026-05-15T01:17:01.702627,noisy,sax,"{'w': 144, 'bins': 5}",94,4,2,0.9575161309912801,2.0304824905470014,2.995415275916457,5,7,13,0
2026-05-15T01:17:04.681172,noisy,sax,"{'w': 144, 'bins': 5}",95,0,2,0.9664684683084488,1.968623684719205,2.9427385479211807,5,7,13,0
2026-05-15T01:17:07.671363,noisy,sax,"{'w': 144, 'bins': 5}",95,1,2,0.9729210017248988,1.9750344213098288,2.955592840909958,5,7,13,0
2026-05-15T01:17:10.713513,noisy,sax,"{'w': 144, 'bins': 5}",95,2,2,0.9693790227174759,2.0307736974209547,3.0076282443478703,5,7,13,0
2026-05-15T01:17:13.673814,noisy,sax,"{'w': 144, 'bins': 5}",95,3,2,0.9688676726073027,1.9488455727696419,2.9253867026418447,5,7,13,0
2026-05-15T01:17:16.679972,noisy,sax,"{'w': 144, 'bins': 5}",95,4,2,0.9621149655431509,2.0026084892451763,2.972311120480299,5,7,13,0
2026-05-15T01:17:19.722094,noisy,sax,"{'w': 144, 'bins': 5}",96,0,2,0.980908808298409,2.0167685728520155,3.0053874673321843,5,7,13,0
2026-05-15T01:17:22.817865,noisy,sax,"{'w': 144, 'bins': 5}",96,1,2,0.9819304058328271,2.0704524405300617,3.060095497407019,5,7,13,0
2026-05-15T01:17:25.845954,noisy,sax,"{'w': 144, 'bins': 5}",96,2,2,0.9756603557616472,2.009834686294198,2.9931699307635427,5,7,13,0
2026-05-15T01:17:28.926765,noisy,sax,"{'w': 144, 'bins': 5}",96,3,2,0.9822103325277567,2.055259969085455,3.045110585168004,5,7,13,0
2026-05-15T01:17:31.957827,noisy,sax,"{'w': 144, 'bins': 5}",96,4,2,0.9770155791193247,2.011243631131947,2.995865920558572,5,7,13,0
2026-05-15T01:17:35.103324,noisy,sax,"{'w': 144, 'bins': 5}",97,0,2,0.986186807975173,2.1108012422919273,3.1049451688304543,5,5,12,0
2026-05-15T01:17:38.207263,noisy,sax,"{'w': 144, 'bins': 5}",97,1,2,0.9881532788276672,2.0680712098255754,3.064122987911105,5,5,12,0
2026-05-15T01:17:41.367060,noisy,sax,"{'w': 144, 'bins': 5}",97,2,2,0.9887524042278528,2.1239120475947857,3.1205186676234007,5,5,12,0
2026-05-15T01:17:44.465435,noisy,sax,"{'w': 144, 'bins': 5}",97,3,2,0.9808404287323356,2.0695743411779404,3.0581082347780466,5,5,12,0
2026-05-15T01:17:47.564186,noisy,sax,"{'w': 144, 'bins': 5}",97,4,2,0.988375086337328,2.063132608309388,3.0593168353661895,5,5,12,0
2026-05-15T01:17:50.654433,noisy,sax,"{'w': 144, 'bins': 5}",98,0,2,0.9951884867623448,2.0500467009842396,3.053081728518009,5,7,13,0
2026-05-15T01:17:53.695865,noisy,sax,"{'w': 144, 'bins': 5}",98,1,2,0.9994384348392487,1.997287929058075,3.0047222059220076,5,7,13,0
2026-05-15T01:17:56.812444,noisy,sax,"{'w': 144, 'bins': 5}",98,2,2,1.0047139404341578,2.0676868883892894,3.080335294827819,5,7,13,0
2026-05-15T01:17:59.843417,noisy,sax,"{'w': 144, 'bins': 5}",98,3,2,0.9989384077489376,1.9874179987236857,2.9942585015669465,5,7,13,0
2026-05-15T01:18:02.875558,noisy,sax,"{'w': 144, 'bins': 5}",98,4,2,1.004983777180314,1.98256996832788,2.9953607516363263,5,7,13,0
2026-05-15T01:18:06.080460,noisy,sax,"{'w': 144, 'bins': 5}",99,0,2,1.0054790759459138,2.153902060352266,3.1672711595892906,5,7,13,0
2026-05-15T01:18:09.232156,noisy,sax,"{'w': 144, 'bins': 5}",99,1,2,1.0039710253477097,2.102042118087411,3.1141594368964434,5,7,13,0
2026-05-15T01:18:12.379953,noisy,sax,"{'w': 144, 'bins': 5}",99,2,2,1.0133448541164398,2.089491424150765,3.110852318815887,5,7,13,0
2026-05-15T01:18:15.582729,noisy,sax,"{'w': 144, 'bins': 5}",99,3,2,1.0047876788303256,2.1538594514131546,3.1665414813905954,5,7,13,0
2026-05-15T01:18:18.733736,noisy,sax,"{'w': 144, 'bins': 5}",99,4,2,1.0118748964741826,2.094557235017419,3.1143672578036785,5,7,13,0
2026-05-15T01:18:22.024137,noisy,sax,"{'w': 144, 'bins': 5}",100,0,2,1.0255755372345448,2.215534090064466,3.2491040555760264,5,11,20,0
2026-05-15T01:18:25.240907,noisy,sax,"{'w': 144, 'bins': 5}",100,1,2,1.0203935783356428,2.14717133436352,3.1758045107126236,5,11,20,0
2026-05-15T01:18:28.506226,noisy,sax,"{'w': 144, 'bins': 5}",100,2,2,1.0239351075142622,2.1925548082217574,3.2245989898219705,5,11,20,0
2026-05-15T01:18:31.731938,noisy,sax,"{'w': 144, 'bins': 5}",100,3,2,1.0167224453762174,2.1603523613885045,3.185219908133149,5,11,20,0
2026-05-15T01:18:34.944571,noisy,sax,"{'w': 144, 'bins': 5}",100,4,2,1.0232442198321223,2.14121101424098,3.172639629803598,5,11,20,0
2026-05-15T01:18:35.203649,noisy,persist,{'bins': 6},1,0,2,0.14721117820590734,0.02830845769494772,0.17585808131843805,5,25,39,0
2026-05-15T01:18:35.380657,noisy,persist,{'bins': 6},1,1,2,0.14622771367430687,0.02822875790297985,0.1747225197032094,5,25,39,0
2026-05-15T01:18:35.557865,noisy,persist,{'bins': 6},1,2,2,0.1466994183138013,0.028441808186471462,0.17540968023240566,5,25,39,0
2026-05-15T01:18:35.735581,noisy,persist,{'bins': 6},1,3,2,0.1472140932455659,0.02845548279583454,0.17593729961663485,5,25,39,0
2026-05-15T01:18:35.913183,noisy,persist,{'bins': 6},1,4,2,0.14708637446165085,0.028327963314950466,0.17568250186741352,5,25,39,0
2026-05-15T01:18:36.099446,noisy,persist,{'bins': 6},2,0,2,0.1537158600986004,0.029608968645334244,0.18368874210864305,5,27,41,0
2026-05-15T01:18:36.285395,noisy,persist,{'bins': 6},2,1,2,0.1532888887450099,0.029840273782610893,0.18348478991538286,5,27,41,0
2026-05-15T01:18:36.470853,noisy,persist,{'bins': 6},2,2,2,0.15357570815831423,0.029780801385641098,0.18371503241360188,5,27,41,0
2026-05-15T01:18:36.656295,noisy,persist,{'bins': 6},2,3,2,0.15377836860716343,0.02961484994739294,0.183754856698215,5,27,41,0
2026-05-15T01:18:36.842842,noisy,persist,{'bins': 6},2,4,2,0.15461043920367956,0.029669933021068573,0.18464018870145082,5,27,41,0
2026-05-15T01:18:37.121520,noisy,persist,{'bins': 6},3,0,2,0.15322352666407824,0.12055143713951111,0.27434044424444437,5,23,32,0
2026-05-15T01:18:37.397710,noisy,persist,{'bins': 6},3,1,2,0.1525145759806037,0.11956180911511183,0.2726276805624366,5,23,32,0
2026-05-15T01:18:37.674039,noisy,persist,{'bins': 6},3,2,2,0.152699020691216,0.1196302268654108,0.27289029210805893,5,23,32,0
2026-05-15T01:18:37.998086,noisy,persist,{'bins': 6},3,3,2,0.15271374955773354,0.16707960050553083,0.3203524500131607,5,23,32,0
2026-05-15T01:18:38.274707,noisy,persist,{'bins': 6},3,4,2,0.15235911402851343,0.11965600587427616,0.2726011797785759,5,23,32,0
2026-05-15T01:18:38.491240,noisy,persist,{'bins': 6},4,0,2,0.16111320909112692,0.05087919160723686,0.2127072624862194,5,4,9,0
2026-05-15T01:18:38.706932,noisy,persist,{'bins': 6},4,1,2,0.161030693911016,0.05100195202976465,0.21265841089189053,5,4,9,0
2026-05-15T01:18:38.922078,noisy,persist,{'bins': 6},4,2,2,0.16090263333171606,0.05088447034358978,0.21241622511297464,5,4,9,0
2026-05-15T01:18:39.137973,noisy,persist,{'bins': 6},4,3,2,0.16135097481310368,0.05108359642326832,0.21307837963104248,5,4,9,0
2026-05-15T01:18:39.354375,noisy,persist,{'bins': 6},4,4,2,0.16183726768940687,0.051136565394699574,0.21359993889927864,5,4,9,0
2026-05-15T01:18:39.746057,noisy,persist,{'bins': 6},5,0,2,0.16336118895560503,0.22258797381073236,0.38673589937388897,5,13,20,0
2026-05-15T01:18:40.136133,noisy,persist,{'bins': 6},5,1,2,0.16268039215356112,0.22233134135603905,0.38578248023986816,5,13,20,0
2026-05-15T01:18:40.527018,noisy,persist,{'bins': 6},5,2,2,0.1632595593109727,0.2224695710465312,0.38650904409587383,5,13,20,0
2026-05-15T01:18:40.922971,noisy,persist,{'bins': 6},5,3,2,0.16741526033729315,0.22329439967870712,0.39169654343277216,5,13,20,0
2026-05-15T01:18:41.314793,noisy,persist,{'bins': 6},5,4,2,0.16393453627824783,0.22187338210642338,0.3866060059517622,5,13,20,0
2026-05-15T01:18:41.542522,noisy,persist,{'bins': 6},6,0,2,0.16938877571374178,0.053613655269145966,0.22385230660438538,5,4,9,0
2026-05-15T01:18:41.768524,noisy,persist,{'bins': 6},6,1,2,0.16849920619279146,0.0532624963670969,0.22260145843029022,5,4,9,0
2026-05-15T01:18:41.994973,noisy,persist,{'bins': 6},6,2,2,0.16921340487897396,0.053298505023121834,0.22336305771023035,5,4,9,0
2026-05-15T01:18:42.221995,noisy,persist,{'bins': 6},6,3,2,0.16975168697535992,0.05327144358307123,0.223854660987854,5,4,9,0
2026-05-15T01:18:42.449729,noisy,persist,{'bins': 6},6,4,2,0.1692986572161317,0.05360888782888651,0.22375566698610783,5,4,9,0
2026-05-15T01:18:42.792339,noisy,persist,{'bins': 6},7,0,2,0.1721525453031063,0.16362075693905354,0.3367820344865322,5,9,19,0
2026-05-15T01:18:43.133192,noisy,persist,{'bins': 6},7,1,2,0.17114210687577724,0.16371057368814945,0.33587981946766376,5,9,19,0
2026-05-15T01:18:43.474642,noisy,persist,{'bins': 6},7,2,2,0.17218604777008295,0.1633637035265565,0.3365702470764518,5,9,19,0
2026-05-15T01:18:43.815711,noisy,persist,{'bins': 6},7,3,2,0.1718854419887066,0.16343754157423973,0.33636290673166513,5,9,19,0
2026-05-15T01:18:44.157003,noisy,persist,{'bins': 6},7,4,2,0.17162229865789413,0.1638365425169468,0.3364738756790757,5,9,19,0
2026-05-15T01:18:44.395911,noisy,persist,{'bins': 6},8,0,2,0.17681886442005634,0.056166128255426884,0.2342241294682026,5,14,24,0
2026-05-15T01:18:44.633351,noisy,persist,{'bins': 6},8,1,2,0.17587286792695522,0.05688174068927765,0.23382749408483505,5,14,24,0
2026-05-15T01:18:44.871216,noisy,persist,{'bins': 6},8,2,2,0.17672127205878496,0.05664570815861225,0.23441677074879408,5,14,24,0
2026-05-15T01:18:45.109200,noisy,persist,{'bins': 6},8,3,2,0.17549593187868595,0.05733652412891388,0.23386894166469574,5,14,24,0
2026-05-15T01:18:45.346991,noisy,persist,{'bins': 6},8,4,2,0.17650298215448856,0.056430524215102196,0.2340052779763937,5,14,24,0
2026-05-15T01:18:45.568716,noisy,persist,{'bins': 6},9,0,2,0.18410741910338402,0.03380201105028391,0.21896747685968876,5,13,22,0
2026-05-15T01:18:45.789815,noisy,persist,{'bins': 6},9,1,2,0.18386126682162285,0.03384882863610983,0.21878630574792624,5,13,22,0
2026-05-15T01:18:46.010392,noisy,persist,{'bins': 6},9,2,2,0.1837529819458723,0.03374654706567526,0.21856933739036322,5,13,22,0
2026-05-15T01:18:46.231123,noisy,persist,{'bins': 6},9,3,2,0.1840929016470909,0.03364895284175873,0.21880145370960236,5,13,22,0
2026-05-15T01:18:46.452109,noisy,persist,{'bins': 6},9,4,2,0.18399337492883205,0.03368756640702486,0.21874592080712318,5,13,22,0
2026-05-15T01:18:46.690606,noisy,persist,{'bins': 6},10,0,2,0.18642540089786053,0.04664268810302019,0.23440402653068304,5,14,24,0
2026-05-15T01:18:46.986431,noisy,persist,{'bins': 6},10,1,2,0.18522660993039608,0.10609777178615332,0.2926691258326173,5,14,24,0
2026-05-15T01:18:47.222911,noisy,persist,{'bins': 6},10,2,2,0.18520871642977,0.046293724328279495,0.2328812787309289,5,14,24,0
2026-05-15T01:18:47.459269,noisy,persist,{'bins': 6},10,3,2,0.1853677947074175,0.046446530148386955,0.233119354583323,5,14,24,0
2026-05-15T01:18:47.695750,noisy,persist,{'bins': 6},10,4,2,0.1855401173233986,0.04616408981382847,0.23317761346697807,5,14,24,0
2026-05-15T01:18:47.936900,noisy,persist,{'bins': 6},11,0,2,0.19364831037819386,0.04299107287079096,0.23798044119030237,5,16,27,0
2026-05-15T01:18:48.177226,noisy,persist,{'bins': 6},11,1,2,0.19378161150962114,0.04318237118422985,0.2383079957216978,5,16,27,0
2026-05-15T01:18:48.418035,noisy,persist,{'bins': 6},11,2,2,0.19427078124135733,0.04316848609596491,0.23878722731024027,5,16,27,0
2026-05-15T01:18:48.657853,noisy,persist,{'bins': 6},11,3,2,0.19321792293339968,0.04311436414718628,0.2376784346997738,5,16,27,0
2026-05-15T01:18:48.897699,noisy,persist,{'bins': 6},11,4,2,0.19347435515373945,0.042911041527986526,0.2377256928011775,5,16,27,0
2026-05-15T01:18:49.167081,noisy,persist,{'bins': 6},12,0,2,0.19503800943493843,0.06781357619911432,0.2644300991669297,5,14,25,0
2026-05-15T01:18:49.435033,noisy,persist,{'bins': 6},12,1,2,0.19427149184048176,0.06773264333605766,0.2635822771117091,5,14,25,0
2026-05-15T01:18:49.703877,noisy,persist,{'bins': 6},12,2,2,0.1948974458500743,0.06815249100327492,0.26461981516331434,5,14,25,0
2026-05-15T01:18:49.972454,noisy,persist,{'bins': 6},12,3,2,0.19464065413922071,0.0681316927075386,0.2643584255129099,5,14,25,0
2026-05-15T01:18:50.241556,noisy,persist,{'bins': 6},12,4,2,0.19525980670005083,0.06800111755728722,0.2648359416052699,5,14,25,0
2026-05-15T01:18:50.493818,noisy,persist,{'bins': 6},13,0,2,0.20326412376016378,0.04341916646808386,0.24837897345423698,5,16,27,0
2026-05-15T01:18:50.744001,noisy,persist,{'bins': 6},13,1,2,0.20296464208513498,0.043235450983047485,0.24780039675533772,5,16,27,0
2026-05-15T01:18:50.993584,noisy,persist,{'bins': 6},13,2,2,0.20262623764574528,0.04289081506431103,0.24725322145968676,5,16,27,0
2026-05-15T01:18:51.243956,noisy,persist,{'bins': 6},13,3,2,0.20329034328460693,0.04317013919353485,0.24805655982345343,5,16,27,0
2026-05-15T01:18:51.495468,noisy,persist,{'bins': 6},13,4,2,0.20368149690330029,0.04323885776102543,0.24866679403930902,5,16,27,0
2026-05-15T01:18:51.759330,noisy,persist,{'bins': 6},14,0,2,0.20268958620727062,0.05576617643237114,0.2601867029443383,5,13,23,0
2026-05-15T01:18:52.022556,noisy,persist,{'bins': 6},14,1,2,0.2023890009149909,0.05587951838970184,0.2599818268790841,5,13,23,0
2026-05-15T01:18:52.285544,noisy,persist,{'bins': 6},14,2,2,0.2017967887222767,0.05622612126171589,0.25977266393601894,5,13,23,0
2026-05-15T01:18:52.549243,noisy,persist,{'bins': 6},14,3,2,0.20265595242381096,0.05614202283322811,0.26054214034229517,5,13,23,0
2026-05-15T01:18:52.812838,noisy,persist,{'bins': 6},14,4,2,0.20248237531632185,0.0559975104406476,0.2603448983281851,5,13,23,0
2026-05-15T01:18:53.102163,noisy,persist,{'bins': 6},15,0,2,0.21186496131122112,0.07175327092409134,0.2854510135948658,5,13,25,0
2026-05-15T01:18:53.389468,noisy,persist,{'bins': 6},15,1,2,0.21173276286572218,0.07115422654896975,0.28468296211212873,5,13,25,0
2026-05-15T01:18:53.678569,noisy,persist,{'bins': 6},15,2,2,0.2120192712172866,0.0714270593598485,0.2854085946455598,5,13,25,0
2026-05-15T01:18:53.967023,noisy,persist,{'bins': 6},15,3,2,0.21257696859538555,0.0713893873617053,0.28580541908741,5,13,25,0
2026-05-15T01:18:54.255129,noisy,persist,{'bins': 6},15,4,2,0.21243970096111298,0.07106477953493595,0.2853219024837017,5,13,25,0
2026-05-15T01:18:55.354152,noisy,persist,{'bins': 6},16,0,2,0.21059255301952362,0.8729944350197911,1.0860894760116935,5,18,32,0
2026-05-15T01:18:56.464657,noisy,persist,{'bins': 6},16,1,2,0.2101101065054536,0.8857334014028311,1.0982091603800654,5,18,32,0
2026-05-15T01:18:57.613340,noisy,persist,{'bins': 6},16,2,2,0.21134325210005045,0.9229807425290346,1.1366668622940779,5,18,32,0
2026-05-15T01:18:58.709858,noisy,persist,{'bins': 6},16,3,2,0.20939865987747908,0.8725868100300431,1.0843111267313361,5,18,32,0
2026-05-15T01:18:59.809260,noisy,persist,{'bins': 6},16,4,2,0.20921773184090853,0.8761378079652786,1.0877385828644037,5,18,32,0
2026-05-15T01:19:00.375832,noisy,persist,{'bins': 6},17,0,2,0.2133515328168869,0.34108815900981426,0.5568185281008482,5,13,23,0
2026-05-15T01:19:00.940961,noisy,persist,{'bins': 6},17,1,2,0.21345046814531088,0.3403260977938771,0.5560821751132607,5,13,23,0
2026-05-15T01:19:01.508988,noisy,persist,{'bins': 6},17,2,2,0.21362466551363468,0.3431494887918234,0.5590811558067799,5,13,23,0
2026-05-15T01:19:02.075494,noisy,persist,{'bins': 6},17,3,2,0.2140592522919178,0.34096274245530367,0.5573967527598143,5,13,23,0
2026-05-15T01:19:02.689547,noisy,persist,{'bins': 6},17,4,2,0.21501758974045515,0.3872654139995575,0.6046801153570414,5,13,23,0
2026-05-15T01:19:02.973284,noisy,persist,{'bins': 6},18,0,2,0.21892115846276283,0.058354295790195465,0.27947363164275885,5,12,21,0
2026-05-15T01:19:03.255677,noisy,persist,{'bins': 6},18,1,2,0.21848208457231522,0.05878289137035608,0.2794095119461417,5,12,21,0
2026-05-15T01:19:03.538423,noisy,persist,{'bins': 6},18,2,2,0.21952170599251986,0.05816261563450098,0.2797941230237484,5,12,21,0
2026-05-15T01:19:03.821143,noisy,persist,{'bins': 6},18,3,2,0.2192604448646307,0.058358414098620415,0.279767001979053,5,12,21,0
2026-05-15T01:19:04.104238,noisy,persist,{'bins': 6},18,4,2,0.21903655491769314,0.058610307052731514,0.2799404775723815,5,12,21,0
2026-05-15T01:19:04.445514,noisy,persist,{'bins': 6},19,0,2,0.22222718596458435,0.1095391009002924,0.33429083693772554,5,9,19,0
2026-05-15T01:19:04.786532,noisy,persist,{'bins': 6},19,1,2,0.22127616126090288,0.1103240055963397,0.3341325409710407,5,9,19,0
2026-05-15T01:19:05.128357,noisy,persist,{'bins': 6},19,2,2,0.22222168557345867,0.11043097637593746,0.33515120297670364,5,9,19,0
2026-05-15T01:19:05.469718,noisy,persist,{'bins': 6},19,3,2,0.2223090585321188,0.11004417948424816,0.3347499184310436,5,9,19,0
2026-05-15T01:19:05.810709,noisy,persist,{'bins': 6},19,4,2,0.22236906178295612,0.10994170885533094,0.3346701404079795,5,9,19,0
2026-05-15T01:19:06.131126,noisy,persist,{'bins': 6},20,0,2,0.2336510131135583,0.08115534298121929,0.3171233367174864,5,18,33,0
2026-05-15T01:19:06.450237,noisy,persist,{'bins': 6},20,1,2,0.23280857130885124,0.08106007426977158,0.3161839423701167,5,18,33,0
2026-05-15T01:19:06.770281,noisy,persist,{'bins': 6},20,2,2,0.2335928250104189,0.08110515028238297,0.31701312121003866,5,18,33,0
2026-05-15T01:19:07.089470,noisy,persist,{'bins': 6},20,3,2,0.23282565362751484,0.08108529169112444,0.31624112091958523,5,18,33,0
2026-05-15T01:19:07.409720,noisy,persist,{'bins': 6},20,4,2,0.23348871804773808,0.08127536904066801,0.3170768488198519,5,18,33,0
2026-05-15T01:19:08.289015,noisy,persist,{'bins': 6},21,0,2,0.23391316644847393,0.6285027600824833,0.8652017060667276,5,13,24,0
2026-05-15T01:19:09.165134,noisy,persist,{'bins': 6},21,1,2,0.23290592338889837,0.6270256256684661,0.8627771623432636,5,13,24,0
2026-05-15T01:19:10.042253,noisy,persist,{'bins': 6},21,2,2,0.23404302913695574,0.6270090350881219,0.8639781270176172,5,13,24,0
2026-05-15T01:19:10.970627,noisy,persist,{'bins': 6},21,3,2,0.2330555859953165,0.679183448664844,0.9151491988450289,5,13,24,0
2026-05-15T01:19:11.845109,noisy,persist,{'bins': 6},21,4,2,0.2325987983494997,0.6255286959931254,0.8610071605071425,5,13,24,0
2026-05-15T01:19:12.175003,noisy,persist,{'bins': 6},22,0,2,0.2413271050900221,0.08219822216778994,0.32608767691999674,5,18,33,0
2026-05-15T01:19:12.504082,noisy,persist,{'bins': 6},22,1,2,0.24121829960495234,0.08218704164028168,0.32606695778667927,5,18,33,0
2026-05-15T01:19:12.834504,noisy,persist,{'bins': 6},22,2,2,0.24205423053354025,0.08252784982323647,0.3272798452526331,5,18,33,0
2026-05-15T01:19:13.163780,noisy,persist,{'bins': 6},22,3,2,0.24134654086083174,0.08198899962008,0.32604283280670643,5,18,33,0
2026-05-15T01:19:13.493921,noisy,persist,{'bins': 6},22,4,2,0.24229585379362106,0.08246229775249958,0.3272916981950402,5,18,33,0
2026-05-15T01:19:14.068808,noisy,persist,{'bins': 6},23,0,2,0.24375212658196688,0.3175349794328213,0.5641576163470745,5,10,19,0
2026-05-15T01:19:14.644255,noisy,persist,{'bins': 6},23,1,2,0.243846595287323,0.31830806005746126,0.5650916388258338,5,10,19,0
2026-05-15T01:19:15.219827,noisy,persist,{'bins': 6},23,2,2,0.243915144354105,0.31860181223601103,0.565542547032237,5,10,19,0
2026-05-15T01:19:15.795010,noisy,persist,{'bins': 6},23,3,2,0.24298774264752865,0.318870447576046,0.5648929765447974,5,10,19,0
2026-05-15T01:19:16.372084,noisy,persist,{'bins': 6},23,4,2,0.24433089420199394,0.31967112980782986,0.5670377435162663,5,10,19,0
2026-05-15T01:19:16.691061,noisy,persist,{'bins': 6},24,0,2,0.24969749990850687,0.0627914760261774,0.3152913674712181,5,11,21,0
2026-05-15T01:19:17.009209,noisy,persist,{'bins': 6},24,1,2,0.24949426762759686,0.06265747454017401,0.31502273213118315,5,11,21,0
2026-05-15T01:19:17.327227,noisy,persist,{'bins': 6},24,2,2,0.25001464504748583,0.06242205295711756,0.31518922559916973,5,11,21,0
2026-05-15T01:19:17.646548,noisy,persist,{'bins': 6},24,3,2,0.2508496316149831,0.06299646198749542,0.31656824331730604,5,11,21,0
2026-05-15T01:19:17.965718,noisy,persist,{'bins': 6},24,4,2,0.2508427994325757,0.06275898590683937,0.31649047788232565,5,11,21,0
2026-05-15T01:19:18.365922,noisy,persist,{'bins': 6},25,0,2,0.2551664877682924,0.13765891548246145,0.395740975625813,5,10,22,0
2026-05-15T01:19:18.765350,noisy,persist,{'bins': 6},25,1,2,0.2548886761069298,0.13781981635838747,0.39567647501826286,5,10,22,0
2026-05-15T01:19:19.165508,noisy,persist,{'bins': 6},25,2,2,0.2549316259101033,0.13831622898578644,0.3963296012952924,5,10,22,0
2026-05-15T01:19:19.566093,noisy,persist,{'bins': 6},25,3,2,0.2554322564974427,0.13852152414619923,0.3968633720651269,5,10,22,0
2026-05-15T01:19:19.967300,noisy,persist,{'bins': 6},25,4,2,0.25565709732472897,0.13831104896962643,0.39701277390122414,5,10,22,0
2026-05-15T01:19:20.509827,noisy,persist,{'bins': 6},26,0,2,0.25992091465741396,0.27436142414808273,0.5373346982523799,5,18,39,0
2026-05-15T01:19:21.099459,noisy,persist,{'bins': 6},26,1,2,0.2594052441418171,0.32247119769454,0.585011818446219,5,18,39,0
2026-05-15T01:19:21.637237,noisy,persist,{'bins': 6},26,2,2,0.2592540308833122,0.2701960951089859,0.5326151680201292,5,18,39,0
2026-05-15T01:19:22.175194,noisy,persist,{'bins': 6},26,3,2,0.2593293823301792,0.27058712765574455,0.5330258281901479,5,18,39,0
2026-05-15T01:19:22.714146,noisy,persist,{'bins': 6},26,4,2,0.2597023816779256,0.27154934499412775,0.5342834992334247,5,18,39,0
2026-05-15T01:19:23.191974,noisy,persist,{'bins': 6},27,0,2,0.2570481188595295,0.2095277439802885,0.469828880392015,5,16,30,0
2026-05-15T01:19:23.669499,noisy,persist,{'bins': 6},27,1,2,0.2563754776492715,0.2103372123092413,0.46997258998453617,5,16,30,0
2026-05-15T01:19:24.147532,noisy,persist,{'bins': 6},27,2,2,0.25656222738325596,0.2107959045097232,0.47065011225640774,5,16,30,0
2026-05-15T01:19:24.623744,noisy,persist,{'bins': 6},27,3,2,0.25577581115067005,0.20999306626617908,0.4690228570252657,5,16,30,0
2026-05-15T01:19:25.101445,noisy,persist,{'bins': 6},27,4,2,0.25684139132499695,0.2102040033787489,0.4703584145754576,5,16,30,0
2026-05-15T01:19:25.575155,noisy,persist,{'bins': 6},28,0,2,0.26527115795761347,0.1963717034086585,0.4650070481002331,5,22,41,0
2026-05-15T01:19:26.047349,noisy,persist,{'bins': 6},28,1,2,0.26536038611084223,0.1955405743792653,0.4642736716195941,5,22,41,0
2026-05-15T01:19:26.520148,noisy,persist,{'bins': 6},28,2,2,0.2648812159895897,0.196441194973886,0.46468772925436497,5,22,41,0
2026-05-15T01:19:27.039573,noisy,persist,{'bins': 6},28,3,2,0.26579053327441216,0.24239938706159592,0.5115664098411798,5,22,41,0
2026-05-15T01:19:27.510235,noisy,persist,{'bins': 6},28,4,2,0.2651456007733941,0.19429697934538126,0.4628206016495824,5,22,41,0
2026-05-15T01:19:28.005187,noisy,persist,{'bins': 6},29,0,2,0.26692034490406513,0.216489483602345,0.4868539748713374,5,21,40,0
2026-05-15T01:19:28.499146,noisy,persist,{'bins': 6},29,1,2,0.26637529116123915,0.21687411610037088,0.48679567500948906,5,21,40,0
2026-05-15T01:19:28.994215,noisy,persist,{'bins': 6},29,2,2,0.26729187089949846,0.21689908299595118,0.48772189300507307,5,21,40,0
2026-05-15T01:19:29.486900,noisy,persist,{'bins': 6},29,3,2,0.2659783661365509,0.21575547568500042,0.4853017097339034,5,21,40,0
2026-05-15T01:19:29.981033,noisy,persist,{'bins': 6},29,4,2,0.26650016475468874,0.21675517223775387,0.4868209520354867,5,21,40,0
2026-05-15T01:19:30.539945,noisy,persist,{'bins': 6},30,0,2,0.2766839936375618,0.27334621734917164,0.5535804461687803,5,18,39,0
2026-05-15T01:19:31.098697,noisy,persist,{'bins': 6},30,1,2,0.2761553628370166,0.2741553569212556,0.5538909714668989,5,18,39,0
2026-05-15T01:19:31.658515,noisy,persist,{'bins': 6},30,2,2,0.2775506814941764,0.27307670190930367,0.5542455669492483,5,18,39,0
2026-05-15T01:19:32.219001,noisy,persist,{'bins': 6},30,3,2,0.27761812787503004,0.27424138877540827,0.5554668605327606,5,18,39,0
2026-05-15T01:19:32.779475,noisy,persist,{'bins': 6},30,4,2,0.2770312363281846,0.27503674291074276,0.5556455254554749,5,18,39,0
2026-05-15T01:19:33.286290,noisy,persist,{'bins': 6},31,0,2,0.27756335493177176,0.21791412867605686,0.4992817360907793,5,21,39,0
2026-05-15T01:19:33.793629,noisy,persist,{'bins': 6},31,1,2,0.2774954680353403,0.21978792734444141,0.5009574834257364,5,21,39,0
2026-05-15T01:19:34.299643,noisy,persist,{'bins': 6},31,2,2,0.27839782275259495,0.21727506816387177,0.4994128020480275,5,21,39,0
2026-05-15T01:19:34.806212,noisy,persist,{'bins': 6},31,3,2,0.27850488293915987,0.21765288803726435,0.49992426205426455,5,21,39,0
2026-05-15T01:19:35.361849,noisy,persist,{'bins': 6},31,4,2,0.2789530446752906,0.2661403501406312,0.5488519407808781,5,21,39,0
2026-05-15T01:19:35.830447,noisy,persist,{'bins': 6},32,0,2,0.2817305587232113,0.17633331380784512,0.46181447338312864,5,22,39,0
2026-05-15T01:19:36.298575,noisy,persist,{'bins': 6},32,1,2,0.2825800748541951,0.1763880355283618,0.46273668576031923,5,22,39,0
2026-05-15T01:19:36.767829,noisy,persist,{'bins': 6},32,2,2,0.2822042591869831,0.17787046823650599,0.463858300819993,5,22,39,0
2026-05-15T01:19:37.238141,noisy,persist,{'bins': 6},32,3,2,0.28288757149130106,0.1777477590367198,0.4644609233364463,5,22,39,0
2026-05-15T01:19:37.707927,noisy,persist,{'bins': 6},32,4,2,0.282548394985497,0.17773731891065836,0.46404329873621464,5,22,39,0
2026-05-15T01:19:38.179470,noisy,persist,{'bins': 6},33,0,2,0.28839779645204544,0.17467420920729637,0.4668590445071459,5,21,38,0
2026-05-15T01:19:38.650316,noisy,persist,{'bins': 6},33,1,2,0.2893526004627347,0.17376269679516554,0.46690814662724733,5,21,38,0
2026-05-15T01:19:39.122148,noisy,persist,{'bins': 6},33,2,2,0.2897064844146371,0.17447948269546032,0.46794327069073915,5,21,38,0
2026-05-15T01:19:39.594130,noisy,persist,{'bins': 6},33,3,2,0.28975088708102703,0.17444804403930902,0.46801680885255337,5,21,38,0
2026-05-15T01:19:40.065578,noisy,persist,{'bins': 6},33,4,2,0.2893121326342225,0.1743272254243493,0.4674638295546174,5,21,38,0
2026-05-15T01:19:40.571050,noisy,persist,{'bins': 6},34,0,2,0.2909202519804239,0.20369268953800201,0.49866420682519674,5,22,40,0
2026-05-15T01:19:41.079197,noisy,persist,{'bins': 6},34,1,2,0.2960453340783715,0.2015893394127488,0.5018498469144106,5,22,40,0
2026-05-15T01:19:41.581952,noisy,persist,{'bins': 6},34,2,2,0.2912800367921591,0.20121267344802618,0.4965672204270959,5,22,40,0
2026-05-15T01:19:42.084548,noisy,persist,{'bins': 6},34,3,2,0.2908632252365351,0.20161383599042892,0.4965629316866398,5,22,40,0
2026-05-15T01:19:42.587408,noisy,persist,{'bins': 6},34,4,2,0.29100406914949417,0.20163715910166502,0.4967219503596425,5,22,40,0
2026-05-15T01:19:43.117909,noisy,persist,{'bins': 6},35,0,2,0.2895820904523134,0.22578752040863037,0.5196651751175523,5,22,40,0
2026-05-15T01:19:43.645313,noisy,persist,{'bins': 6},35,1,2,0.2886896338313818,0.2244099136441946,0.5173785202205181,5,22,40,0
2026-05-15T01:19:44.238424,noisy,persist,{'bins': 6},35,2,2,0.2901320122182369,0.28867987636476755,0.583114636130631,5,22,40,0
2026-05-15T01:19:44.765499,noisy,persist,{'bins': 6},35,3,2,0.28818267211318016,0.22456519585102797,0.5170202990993857,5,22,40,0
2026-05-15T01:19:45.294109,noisy,persist,{'bins': 6},35,4,2,0.28816154319792986,0.22484798729419708,0.5172476964071393,5,22,40,0
2026-05-15T01:19:45.868419,noisy,persist,{'bins': 6},36,0,2,0.2954399473965168,0.26077098958194256,0.5606247130781412,5,18,34,0
2026-05-15T01:19:46.440892,noisy,persist,{'bins': 6},36,1,2,0.2944368338212371,0.2604348976165056,0.5592425474897027,5,18,34,0
2026-05-15T01:19:47.014931,noisy,persist,{'bins': 6},36,2,2,0.29565772600471973,0.2610256187617779,0.5611172784119844,5,18,34,0
2026-05-15T01:19:47.590324,noisy,persist,{'bins': 6},36,3,2,0.29556464217603207,0.26240231189876795,0.5623199567198753,5,18,34,0
2026-05-15T01:19:48.168243,noisy,persist,{'bins': 6},36,4,2,0.2959245974197984,0.2643351200968027,0.564685856923461,5,18,34,0
2026-05-15T01:19:48.777521,noisy,persist,{'bins': 6},37,0,2,0.3038085391744971,0.28801438584923744,0.5963947093114257,5,6,19,0
2026-05-15T01:19:49.386019,noisy,persist,{'bins': 6},37,1,2,0.30328976549208164,0.2888161111623049,0.5966461002826691,5,6,19,0
2026-05-15T01:19:49.995813,noisy,persist,{'bins': 6},37,2,2,0.3044229634106159,0.2891696859151125,0.5981992967426777,5,6,19,0
2026-05-15T01:19:50.653302,noisy,persist,{'bins': 6},37,3,2,0.3043190063908696,0.3368553426116705,0.6458035511896014,5,6,19,0
2026-05-15T01:19:51.261634,noisy,persist,{'bins': 6},37,4,2,0.3039905112236738,0.2877944940701127,0.5963331526145339,5,6,19,0
2026-05-15T01:19:51.900859,noisy,persist,{'bins': 6},38,0,2,0.31143354438245296,0.31672448944300413,0.6325958045199513,5,25,45,0
2026-05-15T01:19:52.541199,noisy,persist,{'bins': 6},38,1,2,0.311731293797493,0.31839394196867943,0.6345287030562758,5,25,45,0
2026-05-15T01:19:53.179947,noisy,persist,{'bins': 6},38,2,2,0.31227909214794636,0.31611679773777723,0.6328151663765311,5,25,45,0
2026-05-15T01:19:53.820525,noisy,persist,{'bins': 6},38,3,2,0.3119708430022001,0.3182272594422102,0.6346480865031481,5,25,45,0
2026-05-15T01:19:54.463055,noisy,persist,{'bins': 6},38,4,2,0.31177101749926805,0.32052701711654663,0.636700770817697,5,25,45,0
2026-05-15T01:19:55.107443,noisy,persist,{'bins': 6},39,0,2,0.31609967444092035,0.3168567856773734,0.6375041287392378,5,25,45,0
2026-05-15T01:19:55.752354,noisy,persist,{'bins': 6},39,1,2,0.31506858859211206,0.31958638969808817,0.6391916759312153,5,25,45,0
2026-05-15T01:19:56.442465,noisy,persist,{'bins': 6},39,2,2,0.3157123178243637,0.36381089873611927,0.6840997086837888,5,25,45,0
2026-05-15T01:19:57.084678,noisy,persist,{'bins': 6},39,3,2,0.3147144038230181,0.31685679592192173,0.6361092105507851,5,25,45,0
2026-05-15T01:19:57.728035,noisy,persist,{'bins': 6},39,4,2,0.3147782636806369,0.31810765340924263,0.6374043701216578,5,25,45,0
2026-05-15T01:19:59.227921,noisy,persist,{'bins': 6},40,0,2,0.31686201598495245,1.1513981483876705,1.4734453791752458,5,10,24,0
2026-05-15T01:20:00.733457,noisy,persist,{'bins': 6},40,1,2,0.31652955058962107,1.157596786506474,1.4792487137019634,5,10,24,0
2026-05-15T01:20:02.283363,noisy,persist,{'bins': 6},40,2,2,0.3170366231352091,1.2018604781478643,1.5240421798080206,5,10,24,0
2026-05-15T01:20:03.781038,noisy,persist,{'bins': 6},40,3,2,0.316357689909637,1.1500352006405592,1.4715196955949068,5,10,24,0
2026-05-15T01:20:05.276447,noisy,persist,{'bins': 6},40,4,2,0.3161426344886422,1.1482806950807571,1.4695784887298942,5,10,24,0
2026-05-15T01:20:06.788907,noisy,persist,{'bins': 6},41,0,2,0.31452037021517754,1.1656678477302194,1.485545827075839,5,9,17,0
2026-05-15T01:20:08.246073,noisy,persist,{'bins': 6},41,1,2,0.31475703325122595,1.1110723596066236,1.4311304949223995,5,9,17,0
2026-05-15T01:20:09.711110,noisy,persist,{'bins': 6},41,2,2,0.3148102927953005,1.1192304752767086,1.439356998540461,5,9,17,0
2026-05-15T01:20:11.168546,noisy,persist,{'bins': 6},41,3,2,0.3156050369143486,1.1107189962640405,1.4316279599443078,5,9,17,0
2026-05-15T01:20:12.677673,noisy,persist,{'bins': 6},41,4,2,0.31566191278398037,1.1624280260875821,1.4834236819297075,5,9,17,0
2026-05-15T01:20:14.247608,noisy,persist,{'bins': 6},42,0,2,0.31996752601116896,1.2155620716512203,1.5408944096416235,5,15,29,0
2026-05-15T01:20:15.820790,noisy,persist,{'bins': 6},42,1,2,0.32009731885045767,1.2188985664397478,1.5443611182272434,5,15,29,0
2026-05-15T01:20:17.440949,noisy,persist,{'bins': 6},42,2,2,0.3195543810725212,1.2668831534683704,1.5918373512104154,5,15,29,0
2026-05-15T01:20:19.010867,noisy,persist,{'bins': 6},42,3,2,0.32029470056295395,1.2156746527180076,1.5414273403584957,5,15,29,0
2026-05-15T01:20:20.586507,noisy,persist,{'bins': 6},42,4,2,0.3201868776232004,1.2219131737947464,1.547505360096693,5,15,29,0
2026-05-15T01:20:21.291305,noisy,persist,{'bins': 6},43,0,2,0.3319912301376462,0.36063491739332676,0.6975764203816652,5,24,46,0
2026-05-15T01:20:21.996254,noisy,persist,{'bins': 6},43,1,2,0.33307960350066423,0.3602746296674013,0.698315417394042,5,24,46,0
2026-05-15T01:20:22.749229,noisy,persist,{'bins': 6},43,2,2,0.332967241294682,0.40838457457721233,0.7463293597102165,5,24,46,0
2026-05-15T01:20:23.451244,noisy,persist,{'bins': 6},43,3,2,0.33169526513665915,0.3586686849594116,0.6953758792951703,5,24,46,0
2026-05-15T01:20:24.156618,noisy,persist,{'bins': 6},43,4,2,0.3319306569173932,0.3620449034497142,0.6989019997417927,5,24,46,0
2026-05-15T01:20:24.747037,noisy,persist,{'bins': 6},44,0,2,0.32764027174562216,0.2456719810143113,0.5785565683618188,5,14,29,0
2026-05-15T01:20:25.337109,noisy,persist,{'bins': 6},44,1,2,0.3276919284835458,0.2459694305434823,0.5789348790422082,5,14,29,0
2026-05-15T01:20:25.928261,noisy,persist,{'bins': 6},44,2,2,0.32872903626412153,0.24623720347881317,0.580277350731194,5,14,29,0
2026-05-15T01:20:26.519124,noisy,persist,{'bins': 6},44,3,2,0.3288683267310262,0.24584794230759144,0.5800064709037542,5,14,29,0
2026-05-15T01:20:27.109837,noisy,persist,{'bins': 6},44,4,2,0.3284883229061961,0.24550579022616148,0.579201539978385,5,14,29,0
2026-05-15T01:20:27.823421,noisy,persist,{'bins': 6},45,0,2,0.34030362591147423,0.3607431696727872,0.7063344120979309,5,24,46,0
2026-05-15T01:20:28.538502,noisy,persist,{'bins': 6},45,1,2,0.3410831689834595,0.3621465638279915,0.7084767837077379,5,24,46,0
2026-05-15T01:20:29.302908,noisy,persist,{'bins': 6},45,2,2,0.34140080586075783,0.41136298421770334,0.7580116027966142,5,24,46,0
2026-05-15T01:20:30.014033,noisy,persist,{'bins': 6},45,3,2,0.3408387303352356,0.3585725240409374,0.7045753486454487,5,24,46,0
2026-05-15T01:20:30.726576,noisy,persist,{'bins': 6},45,4,2,0.34033988416194916,0.3606478711590171,0.7061955016106367,5,24,46,0
2026-05-15T01:20:31.326469,noisy,persist,{'bins': 6},46,0,2,0.33848218619823456,0.2452989909797907,0.589256526902318,5,21,39,0
2026-05-15T01:20:31.925237,noisy,persist,{'bins': 6},46,1,2,0.3382905162870884,0.24503059778362513,0.5887267226353288,5,21,39,0
2026-05-15T01:20:32.523447,noisy,persist,{'bins': 6},46,2,2,0.33841447904706,0.24430605676025152,0.5882207322865725,5,21,39,0
2026-05-15T01:20:33.123162,noisy,persist,{'bins': 6},46,3,2,0.3391011878848076,0.24509245436638594,0.5896593825891614,5,21,39,0
2026-05-15T01:20:33.722829,noisy,persist,{'bins': 6},46,4,2,0.3390743574127555,0.2451298339292407,0.5896516591310501,5,21,39,0
2026-05-15T01:20:34.450624,noisy,persist,{'bins': 6},47,0,2,0.3499947199597955,0.36497435346245766,0.7204752117395401,5,24,46,0
2026-05-15T01:20:35.177148,noisy,persist,{'bins': 6},47,1,2,0.3502915967255831,0.36399734020233154,0.7197574330493808,5,24,46,0
2026-05-15T01:20:35.952491,noisy,persist,{'bins': 6},47,2,2,0.350816753692925,0.41240995936095715,0.7687344839796424,5,24,46,0
2026-05-15T01:20:36.677470,noisy,persist,{'bins': 6},47,3,2,0.3490525521337986,0.3633355861529708,0.7177966125309467,5,24,46,0
2026-05-15T01:20:37.404649,noisy,persist,{'bins': 6},47,4,2,0.3488192232325673,0.36589723639190197,0.7200964502990246,5,24,46,0
2026-05-15T01:20:38.554432,noisy,persist,{'bins': 6},48,0,2,0.35101696010679007,0.7627797042950988,1.1198696661740541,5,12,24,0
2026-05-15T01:20:39.699399,noisy,persist,{'bins': 6},48,1,2,0.34947584569454193,0.7604721514508128,1.1159897902980447,5,12,24,0
2026-05-15T01:20:40.850761,noisy,persist,{'bins': 6},48,2,2,0.35022919066250324,0.76324562728405,1.119501774199307,5,12,24,0
2026-05-15T01:20:42.059800,noisy,persist,{'bins': 6},48,3,2,0.3524553198367357,0.8209874462336302,1.1797398570924997,5,12,24,0
2026-05-15T01:20:43.202946,noisy,persist,{'bins': 6},48,4,2,0.34950301703065634,0.7586845653131604,1.1144903358072042,5,12,24,0
2026-05-15T01:20:43.774770,noisy,persist,{'bins': 6},49,0,2,0.3543427335098386,0.20208874717354774,0.5621478725224733,5,22,39,0
2026-05-15T01:20:44.346487,noisy,persist,{'bins': 6},49,1,2,0.3544423198327422,0.20247297827154398,0.5626495135948062,5,22,39,0
2026-05-15T01:20:44.919310,noisy,persist,{'bins': 6},49,2,2,0.3551696762442589,0.20335920248180628,0.5641919504851103,5,22,39,0
2026-05-15T01:20:45.490803,noisy,persist,{'bins': 6},49,3,2,0.3551200218498707,0.20196900237351656,0.562806318514049,5,22,39,0
2026-05-15T01:20:46.063012,noisy,persist,{'bins': 6},49,4,2,0.35556233301758766,0.2025743192061782,0.5638486351817846,5,22,39,0
2026-05-15T01:20:46.791355,noisy,persist,{'bins': 6},50,0,2,0.35508473590016365,0.3488790048286319,0.7100798739120364,5,16,30,0
2026-05-15T01:20:47.520273,noisy,persist,{'bins': 6},50,1,2,0.35454712714999914,0.351103481836617,0.7117865979671478,5,16,30,0
2026-05-15T01:20:48.247275,noisy,persist,{'bins': 6},50,2,2,0.3546933317556977,0.3488836335018277,0.7097416594624519,5,16,30,0
2026-05-15T01:20:48.975706,noisy,persist,{'bins': 6},50,3,2,0.355141231790185,0.3495922340080142,0.7108950838446617,5,16,30,0
2026-05-15T01:20:49.750305,noisy,persist,{'bins': 6},50,4,2,0.3549915309995413,0.39620857406407595,0.7573496196419001,5,16,30,0
2026-05-15T01:20:50.407922,noisy,persist,{'bins': 6},51,0,2,0.358917742036283,0.2765553127974272,0.6416251556947827,5,15,30,0
2026-05-15T01:20:51.063707,noisy,persist,{'bins': 6},51,1,2,0.35876012593507767,0.2755051404237747,0.6403665114194155,5,15,30,0
2026-05-15T01:20:51.721298,noisy,persist,{'bins': 6},51,2,2,0.3593284944072366,0.2770862188190222,0.6425655810162425,5,15,30,0
2026-05-15T01:20:52.377686,noisy,persist,{'bins': 6},51,3,2,0.3594851167872548,0.2759219538420439,0.6415944183245301,5,15,30,0
2026-05-15T01:20:53.035100,noisy,persist,{'bins': 6},51,4,2,0.35955322440713644,0.27668613847345114,0.6423440650105476,5,15,30,0
2026-05-15T01:20:53.655824,noisy,persist,{'bins': 6},52,0,2,0.364267616532743,0.23990620765835047,0.6102450517937541,5,19,35,0
2026-05-15T01:20:54.276070,noisy,persist,{'bins': 6},52,1,2,0.3643756499513984,0.24011565931141376,0.6106043253093958,5,19,35,0
2026-05-15T01:20:54.944817,noisy,persist,{'bins': 6},52,2,2,0.36425052396953106,0.2884524893015623,0.6588517669588327,5,19,35,0
2026-05-15T01:20:55.563932,noisy,persist,{'bins': 6},52,3,2,0.36334336176514626,0.24006118811666965,0.6094897137954831,5,19,35,0
2026-05-15T01:20:56.182617,noisy,persist,{'bins': 6},52,4,2,0.36302963364869356,0.24005482625216246,0.6091214623302221,5,19,35,0
2026-05-15T01:20:56.823203,noisy,persist,{'bins': 6},53,0,2,0.376068701967597,0.2515085507184267,0.6336585991084576,5,19,34,0
2026-05-15T01:20:57.462557,noisy,persist,{'bins': 6},53,1,2,0.3750206036493182,0.2520244475454092,0.6331293247640133,5,19,34,0
2026-05-15T01:20:58.100394,noisy,persist,{'bins': 6},53,2,2,0.37450628913939,0.2511263620108366,0.6316805751994252,5,19,34,0
2026-05-15T01:20:58.740616,noisy,persist,{'bins': 6},53,3,2,0.37633198592811823,0.25154140032827854,0.6339082075282931,5,19,34,0
2026-05-15T01:20:59.381532,noisy,persist,{'bins': 6},53,4,2,0.3756123650819063,0.25288200844079256,0.6346047250553966,5,19,34,0
2026-05-15T01:21:00.027401,noisy,persist,{'bins': 6},54,0,2,0.37891532573848963,0.25385195948183537,0.6389736570417881,5,19,34,0
2026-05-15T01:21:00.673430,noisy,persist,{'bins': 6},54,1,2,0.37973922304809093,0.25317075848579407,0.6390979196876287,5,19,34,0
2026-05-15T01:21:01.318577,noisy,persist,{'bins': 6},54,2,2,0.37952811643481255,0.2533124862238765,0.6390662109479308,5,19,34,0
2026-05-15T01:21:02.013548,noisy,persist,{'bins': 6},54,3,2,0.3806278621777892,0.3018216583877802,0.688720834441483,5,19,34,0
2026-05-15T01:21:02.656360,noisy,persist,{'bins': 6},54,4,2,0.37906137108802795,0.2511400068178773,0.636371842585504,5,19,34,0
2026-05-15T01:21:03.305743,noisy,persist,{'bins': 6},55,0,2,0.38490452989935875,0.2511664554476738,0.6422759154811502,5,19,34,0
2026-05-15T01:21:03.953751,noisy,persist,{'bins': 6},55,1,2,0.3836670368909836,0.2521091178059578,0.6419324120506644,5,19,34,0
2026-05-15T01:21:04.602842,noisy,persist,{'bins': 6},55,2,2,0.3838589880615473,0.2526639783754945,0.6427874071523547,5,19,34,0
2026-05-15T01:21:05.250636,noisy,persist,{'bins': 6},55,3,2,0.38343812711536884,0.25208727549761534,0.6417860556393862,5,19,34,0
2026-05-15T01:21:05.901300,noisy,persist,{'bins': 6},55,4,2,0.3843651469796896,0.2533133774995804,0.6439012987539172,5,19,34,0
2026-05-15T01:21:06.607986,noisy,persist,{'bins': 6},56,0,2,0.37814983911812305,0.3094233488664031,0.6942534409463406,5,16,30,0
2026-05-15T01:21:07.312918,noisy,persist,{'bins': 6},56,1,2,0.3780956566333771,0.3083536420017481,0.6930985618382692,5,16,30,0
2026-05-15T01:21:08.019590,noisy,persist,{'bins': 6},56,2,2,0.3791844304651022,0.30872625205665827,0.6946498649194837,5,16,30,0
2026-05-15T01:21:08.772656,noisy,persist,{'bins': 6},56,3,2,0.37856755312532187,0.3560275761410594,0.7413374474272132,5,16,30,0
2026-05-15T01:21:09.476781,noisy,persist,{'bins': 6},56,4,2,0.3778090300038457,0.3077021799981594,0.6920936768874526,5,16,30,0
2026-05-15T01:21:10.067531,noisy,persist,{'bins': 6},57,0,2,0.3847754383459687,0.19041031133383512,0.5817744694650173,5,20,35,0
2026-05-15T01:21:10.657913,noisy,persist,{'bins': 6},57,1,2,0.3845220236107707,0.19093968532979488,0.5820566201582551,5,20,35,0
2026-05-15T01:21:11.250020,noisy,persist,{'bins': 6},57,2,2,0.385372469201684,0.19171514082700014,0.5836681947112083,5,20,35,0
2026-05-15T01:21:12.080922,noisy,persist,{'bins': 6},57,3,2,0.38455161917954683,0.19114789552986622,0.5822792565450072,5,20,35,0
2026-05-15T01:21:12.671911,noisy,persist,{'bins': 6},57,4,2,0.38521836046129465,0.19090186432003975,0.5826436625793576,5,20,35,0
2026-05-15T01:21:13.334329,noisy,persist,{'bins': 6},58,0,2,0.3967029610648751,0.25230239052325487,0.6556117441505194,5,19,34,0
2026-05-15T01:21:13.998159,noisy,persist,{'bins': 6},58,1,2,0.39735236018896103,0.2536359438672662,0.6576503617689013,5,19,34,0
2026-05-15T01:21:14.662113,noisy,persist,{'bins': 6},58,2,2,0.39835918974131346,0.25275581143796444,0.657833855599165,5,19,34,0
2026-05-15T01:21:15.326059,noisy,persist,{'bins': 6},58,3,2,0.3970012003555894,0.2541685625910759,0.6578782685101032,5,19,34,0
2026-05-15T01:21:16.038025,noisy,persist,{'bins': 6},58,4,2,0.39816782157868147,0.3009370882064104,0.7058658627793193,5,19,34,0
2026-05-15T01:21:16.705026,noisy,persist,{'bins': 6},59,0,2,0.4008658779785037,0.25239215791225433,0.6600453285500407,5,19,34,0
2026-05-15T01:21:17.373520,noisy,persist,{'bins': 6},59,1,2,0.4017224442213774,0.25393478479236364,0.662330717779696,5,19,34,0
2026-05-15T01:21:18.040217,noisy,persist,{'bins': 6},59,2,2,0.4006035653874278,0.253130073659122,0.6605264022946358,5,19,34,0
2026-05-15T01:21:18.707422,noisy,persist,{'bins': 6},59,3,2,0.40181013010442257,0.2523705270141363,0.6608809661120176,5,19,34,0
2026-05-15T01:21:19.375369,noisy,persist,{'bins': 6},59,4,2,0.40167701058089733,0.2533803442493081,0.6617144327610731,5,19,34,0
2026-05-15T01:21:20.062551,noisy,persist,{'bins': 6},60,0,2,0.3980812905356288,0.2621667291969061,0.6674091136083007,5,20,36,0
2026-05-15T01:21:20.749548,noisy,persist,{'bins': 6},60,1,2,0.39931645803153515,0.261278361082077,0.667804635129869,5,20,36,0
2026-05-15T01:21:21.437423,noisy,persist,{'bins': 6},60,2,2,0.398632412776351,0.26272215228527784,0.6685977429151535,5,20,36,0
2026-05-15T01:21:22.126234,noisy,persist,{'bins': 6},60,3,2,0.3992784461006522,0.2630461808294058,0.6694939462468028,5,20,36,0
2026-05-15T01:21:22.815492,noisy,persist,{'bins': 6},60,4,2,0.39983759727329016,0.2630396578460932,0.6701562302187085,5,20,36,0
2026-05-15T01:21:30.958852,noisy,persist,{'bins': 6},61,0,2,0.4002252435311675,7.652169226668775,8.06083249207586,5,8,20,0
2026-05-15T01:21:39.093208,noisy,persist,{'bins': 6},61,1,2,0.39923266135156155,7.644019745290279,8.051616558805108,5,8,20,0
2026-05-15T01:21:47.198321,noisy,persist,{'bins': 6},61,2,2,0.3996325312182307,7.61376771889627,8.021817011758685,5,8,20,0
2026-05-15T01:21:55.367097,noisy,persist,{'bins': 6},61,3,2,0.40150903537869453,7.6755483858287334,8.085802339017391,5,8,20,0
2026-05-15T01:22:03.492772,noisy,persist,{'bins': 6},61,4,2,0.3988036550581455,7.63421633746475,8.041395226493478,5,8,20,0
2026-05-15T01:22:04.211264,noisy,persist,{'bins': 6},62,0,2,0.4133880352601409,0.2904601776972413,0.7108854446560144,5,14,28,0
2026-05-15T01:22:04.929287,noisy,persist,{'bins': 6},62,1,2,0.4135991521179676,0.2907599313184619,0.7114507267251611,5,14,28,0
2026-05-15T01:22:05.649510,noisy,persist,{'bins': 6},62,2,2,0.41489881183952093,0.2915914123877883,0.7135274363681674,5,14,28,0
2026-05-15T01:22:06.368532,noisy,persist,{'bins': 6},62,3,2,0.4148878017440438,0.29038194101303816,0.7122897421941161,5,14,28,0
2026-05-15T01:22:07.089503,noisy,persist,{'bins': 6},62,4,2,0.41459799744188786,0.29248627182096243,0.7141806120052934,5,14,28,0
2026-05-15T01:22:07.813889,noisy,persist,{'bins': 6},63,0,2,0.41935724299401045,0.29038404673337936,0.7169857388362288,5,14,28,0
2026-05-15T01:22:08.539481,noisy,persist,{'bins': 6},63,1,2,0.41944130044430494,0.2918306514620781,0.718541189096868,5,14,28,0
2026-05-15T01:22:09.314120,noisy,persist,{'bins': 6},63,2,2,0.4191223829984665,0.3413347015157342,0.7677415302023292,5,14,28,0
2026-05-15T01:22:10.038201,noisy,persist,{'bins': 6},63,3,2,0.41821491811424494,0.29188261926174164,0.7171970950439572,5,14,28,0
2026-05-15T01:22:10.760921,noisy,persist,{'bins': 6},63,4,2,0.4177990881726146,0.2909320741891861,0.7158734612166882,5,14,28,0
2026-05-15T01:22:11.535005,noisy,persist,{'bins': 6},64,0,2,0.41243517678231,0.3237738721072674,0.7439825441688299,5,20,36,0
2026-05-15T01:22:12.311401,noisy,persist,{'bins': 6},64,1,2,0.4129268303513527,0.3261008094996214,0.7467785617336631,5,20,36,0
2026-05-15T01:22:13.086941,noisy,persist,{'bins': 6},64,2,2,0.4120818832889199,0.32626298628747463,0.7461885549128056,5,20,36,0
2026-05-15T01:22:13.861532,noisy,persist,{'bins': 6},64,3,2,0.41281279642134905,0.32447140105068684,0.7451334837824106,5,20,36,0
2026-05-15T01:22:14.639277,noisy,persist,{'bins': 6},64,4,2,0.4137997990474105,0.3264306094497442,0.7480689445510507,5,20,36,0
2026-05-15T01:22:15.385040,noisy,persist,{'bins': 6},65,0,2,0.4199034795165062,0.3051482839509845,0.7327479124069214,5,13,29,0
2026-05-15T01:22:16.128388,noisy,persist,{'bins': 6},65,1,2,0.4191124625504017,0.3045012094080448,0.731277110055089,5,13,29,0
2026-05-15T01:22:16.871765,noisy,persist,{'bins': 6},65,2,2,0.41950980946421623,0.3041858868673444,0.731336341239512,5,13,29,0
2026-05-15T01:22:17.660110,noisy,persist,{'bins': 6},65,3,2,0.46585381776094437,0.3026865515857935,0.7761911526322365,5,13,29,0
2026-05-15T01:22:18.403081,noisy,persist,{'bins': 6},65,4,2,0.4191877953708172,0.3041087817400694,0.7308722902089357,5,13,29,0
2026-05-15T01:22:22.647704,noisy,persist,{'bins': 6},66,0,2,0.42662346363067627,3.7525645466521382,4.187760795466602,5,8,20,0
2026-05-15T01:22:26.929528,noisy,persist,{'bins': 6},66,1,2,0.4262041971087456,3.7907095225527883,4.225412835367024,5,8,20,0
2026-05-15T01:22:31.192317,noisy,persist,{'bins': 6},66,2,2,0.4268772713840008,3.771221532486379,4.206605355255306,5,8,20,0
2026-05-15T01:22:35.465192,noisy,persist,{'bins': 6},66,3,2,0.426888101734221,3.780080915428698,4.215604089200497,5,8,20,0
2026-05-15T01:22:39.684318,noisy,persist,{'bins': 6},66,4,2,0.4273170866072178,3.7260681418702006,4.161913128569722,5,8,20,0
2026-05-15T01:22:40.555806,noisy,persist,{'bins': 6},67,0,2,0.43538954202085733,0.41993045900017023,0.8630031161010265,5,21,39,0
2026-05-15T01:22:41.379516,noisy,persist,{'bins': 6},67,1,2,0.4361897250637412,0.37262113858014345,0.8165001599118114,5,21,39,0
2026-05-15T01:22:42.204567,noisy,persist,{'bins': 6},67,2,2,0.4382381299510598,0.37173157930374146,0.8177746133878827,5,21,39,0
2026-05-15T01:22:43.028866,noisy,persist,{'bins': 6},67,3,2,0.43607373628765345,0.37337130680680275,0.8171204840764403,5,21,39,0
2026-05-15T01:22:43.850047,noisy,persist,{'bins': 6},67,4,2,0.43581381905823946,0.3704886045306921,0.8140261536464095,5,21,39,0
2026-05-15T01:22:44.732538,noisy,persist,{'bins': 6},68,0,2,0.4316968796774745,0.4151120921596885,0.8551606023684144,5,19,35,0
2026-05-15T01:22:45.615655,noisy,persist,{'bins': 6},68,1,2,0.43148456048220396,0.41700102016329765,0.8568176226690412,5,19,35,0
2026-05-15T01:22:46.496730,noisy,persist,{'bins': 6},68,2,2,0.43118380568921566,0.41543618123978376,0.8549326034262776,5,19,35,0
2026-05-15T01:22:47.442175,noisy,persist,{'bins': 6},68,3,2,0.43273334577679634,0.47822099458426237,0.9193865619599819,5,19,35,0
2026-05-15T01:22:48.324442,noisy,persist,{'bins': 6},68,4,2,0.4318054923787713,0.41622568294405937,0.8563165310770273,5,19,35,0
2026-05-15T01:22:49.114193,noisy,persist,{'bins': 6},69,0,2,0.4358956329524517,0.3314628070220351,0.7755053853616118,5,8,18,0
2026-05-15T01:22:49.902601,noisy,persist,{'bins': 6},69,1,2,0.4352599484845996,0.33167917374521494,0.7751476727426052,5,8,18,0
2026-05-15T01:22:50.691251,noisy,persist,{'bins': 6},69,2,2,0.4360888348892331,0.33118290081620216,0.7754804166033864,5,8,18,0
2026-05-15T01:22:51.480378,noisy,persist,{'bins': 6},69,3,2,0.43700528517365456,0.33086457289755344,0.7760134479030967,5,8,18,0
2026-05-15T01:22:52.269282,noisy,persist,{'bins': 6},69,4,2,0.4367447877302766,0.33072897978127,0.7757056010887027,5,8,18,0
2026-05-15T01:22:52.988130,noisy,persist,{'bins': 6},70,0,2,0.4383983016014099,0.2638173084706068,0.7103407038375735,5,19,33,0
2026-05-15T01:22:53.707960,noisy,persist,{'bins': 6},70,1,2,0.43833025358617306,0.2656642459332943,0.7121034720912576,5,19,33,0
2026-05-15T01:22:54.475349,noisy,persist,{'bins': 6},70,2,2,0.43656476959586143,0.31503312196582556,0.7597823459655046,5,19,33,0
2026-05-15T01:22:55.193038,noisy,persist,{'bins': 6},70,3,2,0.43680999893695116,0.2645297544077039,0.7094862284138799,5,19,33,0
2026-05-15T01:22:55.911729,noisy,persist,{'bins': 6},70,4,2,0.4381340751424432,0.2649491522461176,0.71112937387079,5,19,33,0
2026-05-15T01:22:56.775583,noisy,persist,{'bins': 6},71,0,2,0.44950485322624445,0.37816046830266714,0.8363249087706208,5,11,21,0
2026-05-15T01:22:57.637762,noisy,persist,{'bins': 6},71,1,2,0.4486088901758194,0.3796307798475027,0.8368893889710307,5,11,21,0
2026-05-15T01:22:58.499971,noisy,persist,{'bins': 6},71,2,2,0.4492411566898227,0.3789562936872244,0.8367807744070888,5,11,21,0
2026-05-15T01:22:59.364021,noisy,persist,{'bins': 6},71,3,2,0.4498252645134926,0.38003666047006845,0.8385746423155069,5,11,21,0
2026-05-15T01:23:00.227171,noisy,persist,{'bins': 6},71,4,2,0.44861284736543894,0.3804454691708088,0.8377633094787598,5,11,21,0
2026-05-15T01:23:01.346804,noisy,persist,{'bins': 6},72,0,2,0.44333015847951174,0.6308246171101928,1.0832541296258569,5,16,25,0
2026-05-15T01:23:02.508850,noisy,persist,{'bins': 6},72,1,2,0.4899742417037487,0.6274915700778365,1.126541931182146,5,16,25,0
2026-05-15T01:23:03.624937,noisy,persist,{'bins': 6},72,2,2,0.44285657070577145,0.6285229753702879,1.080350749194622,5,16,25,0
2026-05-15T01:23:04.740808,noisy,persist,{'bins': 6},72,3,2,0.44350181240588427,0.627485147677362,1.0799542358145118,5,16,25,0
2026-05-15T01:23:05.861110,noisy,persist,{'bins': 6},72,4,2,0.444397933781147,0.6305068004876375,1.0838373051956296,5,16,25,0
2026-05-15T01:23:12.004545,noisy,persist,{'bins': 6},73,0,2,0.44954635947942734,5.614318901672959,6.073629102669656,5,8,19,0
2026-05-15T01:23:18.142413,noisy,persist,{'bins': 6},73,1,2,0.4486581925302744,5.609991236589849,6.068475807085633,5,8,19,0
2026-05-15T01:23:24.250430,noisy,persist,{'bins': 6},73,2,2,0.4490806059911847,5.579935039393604,6.038859275169671,5,8,19,0
2026-05-15T01:23:30.350941,noisy,persist,{'bins': 6},73,3,2,0.4490153733640909,5.571949274279177,6.03073104377836,5,8,19,0
2026-05-15T01:23:36.464608,noisy,persist,{'bins': 6},73,4,2,0.44940664805471897,5.5848302179947495,6.044190203770995,5,8,19,0
2026-05-15T01:23:39.070560,noisy,persist,{'bins': 6},74,0,2,0.46180748008191586,2.0673666475340724,2.5387250892817974,5,21,37,0
2026-05-15T01:23:41.730543,noisy,persist,{'bins': 6},74,1,2,0.46158281806856394,2.1221727021038532,2.59333064686507,5,21,37,0
2026-05-15T01:23:44.352499,noisy,persist,{'bins': 6},74,2,2,0.4643929935991764,2.0812086556106806,2.55530197173357,5,21,37,0
2026-05-15T01:23:47.032706,noisy,persist,{'bins': 6},74,3,2,0.4613409247249365,2.142837418243289,2.61376438010484,5,21,37,0
2026-05-15T01:23:49.656809,noisy,persist,{'bins': 6},74,4,2,0.4620721163228154,2.0860347570851445,2.5576359229162335,5,21,37,0
2026-05-15T01:23:50.585614,noisy,persist,{'bins': 6},75,0,2,0.4657681966200471,0.4165190039202571,0.8915913579985499,5,18,30,0
2026-05-15T01:23:51.515486,noisy,persist,{'bins': 6},75,1,2,0.4673306392505765,0.41738667245954275,0.8940205369144678,5,18,30,0
2026-05-15T01:23:52.442192,noisy,persist,{'bins': 6},75,2,2,0.4655707348138094,0.41610453464090824,0.8910191729664803,5,18,30,0
2026-05-15T01:23:53.369915,noisy,persist,{'bins': 6},75,3,2,0.46548970229923725,0.4173309179022908,0.8921626098453999,5,18,30,0
2026-05-15T01:23:54.295028,noisy,persist,{'bins': 6},75,4,2,0.46599448937922716,0.4147385014221072,0.8902123579755425,5,18,30,0
2026-05-15T01:23:59.012076,noisy,persist,{'bins': 6},76,0,2,0.4716352503746748,4.130416191183031,4.660189953632653,5,21,37,0
2026-05-15T01:24:03.717110,noisy,persist,{'bins': 6},76,1,2,0.47003915440291166,4.169093715026975,4.649142731912434,5,21,37,0
2026-05-15T01:24:08.429125,noisy,persist,{'bins': 6},76,2,2,0.4692942453548312,4.1767109464854,4.656033519655466,5,21,37,0
2026-05-15T01:24:13.141366,noisy,persist,{'bins': 6},76,3,2,0.46917111333459616,4.176698051393032,4.655978966504335,5,21,37,0
2026-05-15T01:24:17.835745,noisy,persist,{'bins': 6},76,4,2,0.46975621208548546,4.158331138081849,4.638161383569241,5,21,37,0
2026-05-15T01:24:19.006985,noisy,persist,{'bins': 6},77,0,2,0.47887855861335993,0.6725958790630102,1.1606811732053757,5,16,37,0
2026-05-15T01:24:20.176348,noisy,persist,{'bins': 6},77,1,2,0.4783609164878726,0.6724272016435862,1.1599652878940105,5,16,37,0
2026-05-15T01:24:21.346840,noisy,persist,{'bins': 6},77,2,2,0.47890261467546225,0.6729380115866661,1.1610242174938321,5,16,37,0
2026-05-15T01:24:22.518665,noisy,persist,{'bins': 6},77,3,2,0.47885739896446466,0.6741436151787639,1.1621717410162091,5,16,37,0
2026-05-15T01:24:23.739837,noisy,persist,{'bins': 6},77,4,2,0.4802496125921607,0.7220006827265024,1.2115048095583916,5,16,37,0
2026-05-15T01:24:24.916971,noisy,persist,{'bins': 6},78,0,2,0.48387433774769306,0.673749485053122,1.1669023726135492,5,16,37,0
2026-05-15T01:24:26.093571,noisy,persist,{'bins': 6},78,1,2,0.48378197476267815,0.6739975204691291,1.1669615348801017,5,16,37,0
2026-05-15T01:24:27.271607,noisy,persist,{'bins': 6},78,2,2,0.48348721116781235,0.6758691081777215,1.168616434559226,5,16,37,0
2026-05-15T01:24:28.450297,noisy,persist,{'bins': 6},78,3,2,0.4839604524895549,0.6760400617495179,1.1691879043355584,5,16,37,0
2026-05-15T01:24:29.673647,noisy,persist,{'bins': 6},78,4,2,0.48451278917491436,0.7200841009616852,1.213811842724681,5,16,37,0
2026-05-15T01:24:30.527222,noisy,persist,{'bins': 6},79,0,2,0.47726499009877443,0.34855485148727894,0.8353718668222427,5,8,18,0
2026-05-15T01:24:31.381146,noisy,persist,{'bins': 6},79,1,2,0.47797586489468813,0.34928168449550867,0.8367897886782885,5,8,18,0
2026-05-15T01:24:32.234254,noisy,persist,{'bins': 6},79,2,2,0.4783824076876044,0.34793794341385365,0.8357873670756817,5,8,18,0
2026-05-15T01:24:33.087344,noisy,persist,{'bins': 6},79,3,2,0.4786979816854,0.3475835770368576,0.8358864337205887,5,8,18,0
2026-05-15T01:24:33.941777,noisy,persist,{'bins': 6},79,4,2,0.47934497613459826,0.34809024818241596,0.8370544156059623,5,8,18,0
2026-05-15T01:24:35.191775,noisy,persist,{'bins': 6},80,0,2,0.49287472013384104,0.7365686343982816,1.2392089813947678,5,16,37,0
2026-05-15T01:24:36.389382,noisy,persist,{'bins': 6},80,1,2,0.49295085296034813,0.6849367655813694,1.1874488517642021,5,16,37,0
2026-05-15T01:24:37.586559,noisy,persist,{'bins': 6},80,2,2,0.4937852593138814,0.6837640721350908,1.1871892027556896,5,16,37,0
2026-05-15T01:24:38.786978,noisy,persist,{'bins': 6},80,3,2,0.4929791074246168,0.68718830216676,1.1896889675408602,5,16,37,0
2026-05-15T01:24:40.036810,noisy,persist,{'bins': 6},80,4,2,0.49335800763219595,0.7366930469870567,1.2398095782846212,5,16,37,0
2026-05-15T01:24:41.239967,noisy,persist,{'bins': 6},81,0,2,0.496461084112525,0.6859806850552559,1.1921043824404478,5,16,37,0
2026-05-15T01:24:42.452607,noisy,persist,{'bins': 6},81,1,2,0.5022758822888136,0.6903474535793066,1.202602514065802,5,16,37,0
2026-05-15T01:24:43.654307,noisy,persist,{'bins': 6},81,2,2,0.4964163098484278,0.6851214105263352,1.1912449076771736,5,16,37,0
2026-05-15T01:24:44.856976,noisy,persist,{'bins': 6},81,3,2,0.4972977451980114,0.6855582622811198,1.1925733229145408,5,16,37,0
2026-05-15T01:24:46.136268,noisy,persist,{'bins': 6},81,4,2,0.49727755691856146,0.7621164936572313,1.269075769931078,5,16,37,0
2026-05-15T01:24:48.356339,noisy,persist,{'bins': 6},82,0,2,0.49686706624925137,1.6293639419600368,2.1370841274037957,5,18,31,0
2026-05-15T01:24:50.586802,noisy,persist,{'bins': 6},82,1,2,0.49725146871060133,1.6402729460969567,2.148470618762076,5,18,31,0
2026-05-15T01:24:52.868196,noisy,persist,{'bins': 6},82,2,2,0.4971894919872284,1.690587974153459,2.1987257432192564,5,18,31,0
2026-05-15T01:24:55.090697,noisy,persist,{'bins': 6},82,3,2,0.49691133853048086,1.6316046994179487,2.139456962235272,5,18,31,0
2026-05-15T01:24:57.324198,noisy,persist,{'bins': 6},82,4,2,0.4995672656223178,1.640509020537138,2.1511311642825603,5,18,31,0
2026-05-15T01:24:58.414885,noisy,persist,{'bins': 6},83,0,2,0.49340078700333834,0.5464363619685173,1.050486615858972,5,7,17,0
2026-05-15T01:24:59.501919,noisy,persist,{'bins': 6},83,1,2,0.49227150715887547,0.5451058531180024,1.0481632435694337,5,7,17,0
2026-05-15T01:25:00.641933,noisy,persist,{'bins': 6},83,2,2,0.4931662166491151,0.597196121700108,1.1011405875906348,5,7,17,0
2026-05-15T01:25:01.726394,noisy,persist,{'bins': 6},83,3,2,0.491761508397758,0.5430992459878325,1.045429919846356,5,7,17,0
2026-05-15T01:25:02.815090,noisy,persist,{'bins': 6},83,4,2,0.49357044510543346,0.5455083092674613,1.0496747707948089,5,7,17,0
2026-05-15T01:25:03.638717,noisy,persist,{'bins': 6},84,0,2,0.49287054035812616,0.30570574291050434,0.8089057095348835,5,11,21,0
2026-05-15T01:25:04.464272,noisy,persist,{'bins': 6},84,1,2,0.4934775913134217,0.3078684639185667,0.8115916829556227,5,11,21,0
2026-05-15T01:25:05.289571,noisy,persist,{'bins': 6},84,2,2,0.4939931286498904,0.3068099059164524,0.811061317101121,5,11,21,0
2026-05-15T01:25:06.116151,noisy,persist,{'bins': 6},84,3,2,0.49446445517241955,0.30770436488091946,0.8125336226075888,5,11,21,0
2026-05-15T01:25:06.942351,noisy,persist,{'bins': 6},84,4,2,0.49425548128783703,0.3077503014355898,0.812252813950181,5,11,21,0
2026-05-15T01:25:07.896490,noisy,persist,{'bins': 6},85,0,2,0.506265202537179,0.41177499759942293,0.9286599103361368,5,8,18,0
2026-05-15T01:25:08.799515,noisy,persist,{'bins': 6},85,1,2,0.5053709829226136,0.3621620498597622,0.8782156417146325,5,8,18,0
2026-05-15T01:25:09.703180,noisy,persist,{'bins': 6},85,2,2,0.5069032814353704,0.36134506668895483,0.8788836868479848,5,8,18,0
2026-05-15T01:25:10.609126,noisy,persist,{'bins': 6},85,3,2,0.5064320964738727,0.3640271332114935,0.8811308769509196,5,8,18,0
2026-05-15T01:25:11.513886,noisy,persist,{'bins': 6},85,4,2,0.506742368452251,0.36228666361421347,0.8796994779258966,5,8,18,0
2026-05-15T01:25:12.743400,noisy,persist,{'bins': 6},86,0,2,0.52120416238904,0.6866494789719582,1.2183084329590201,5,16,37,0
2026-05-15T01:25:13.972510,noisy,persist,{'bins': 6},86,1,2,0.5212528156116605,0.68717794213444,1.2189432559534907,5,16,37,0
2026-05-15T01:25:15.247514,noisy,persist,{'bins': 6},86,2,2,0.5210120929405093,0.7329182475805283,1.2645491994917393,5,16,37,0
2026-05-15T01:25:16.476762,noisy,persist,{'bins': 6},86,3,2,0.5204888600856066,0.6880476856604218,1.2190533224493265,5,16,37,0
2026-05-15T01:25:17.703349,noisy,persist,{'bins': 6},86,4,2,0.5207981811836362,0.6850144593045115,1.2161734644323587,5,16,37,0
2026-05-15T01:25:18.785505,noisy,persist,{'bins': 6},87,0,2,0.5149348806589842,0.5140542974695563,1.0401147296652198,5,17,29,0
2026-05-15T01:25:19.870345,noisy,persist,{'bins': 6},87,1,2,0.51473144069314,0.5174184637144208,1.0434000482782722,5,17,29,0
2026-05-15T01:25:20.999572,noisy,persist,{'bins': 6},87,2,2,0.5147149693220854,0.5622113719582558,1.088110912591219,5,17,29,0
2026-05-15T01:25:22.080296,noisy,persist,{'bins': 6},87,3,2,0.5146443163976073,0.5133094396442175,1.0390912285074592,5,17,29,0
2026-05-15T01:25:23.162281,noisy,persist,{'bins': 6},87,4,2,0.5143845081329346,0.5152307972311974,1.0407578675076365,5,17,29,0
2026-05-15T01:25:26.170910,noisy,persist,{'bins': 6},88,0,2,0.5799151938408613,2.3473054356873035,2.9391761291772127,5,19,34,0
2026-05-15T01:25:29.247344,noisy,persist,{'bins': 6},88,1,2,0.5801748633384705,2.4153091656044126,3.0075928950682282,5,19,34,0
2026-05-15T01:25:32.248527,noisy,persist,{'bins': 6},88,2,2,0.5784849673509598,2.341860962100327,2.9324290892109275,5,19,34,0
2026-05-15T01:25:35.260206,noisy,persist,{'bins': 6},88,3,2,0.5790721522644162,2.3505352307111025,2.941663990728557,5,19,34,0
2026-05-15T01:25:38.307544,noisy,persist,{'bins': 6},88,4,2,0.5789660913869739,2.3867634534835815,2.9778393246233463,5,19,34,0
2026-05-15T01:25:39.322202,noisy,persist,{'bins': 6},89,0,2,0.5736839836463332,0.4092976674437523,0.9940244564786553,5,16,28,0
2026-05-15T01:25:40.335308,noisy,persist,{'bins': 6},89,1,2,0.5744540803134441,0.40793963614851236,0.9934087190777063,5,16,28,0
2026-05-15T01:25:41.352725,noisy,persist,{'bins': 6},89,2,2,0.573753485456109,0.41238782834261656,0.9973154542967677,5,16,28,0
2026-05-15T01:25:42.372241,noisy,persist,{'bins': 6},89,3,2,0.5776035441085696,0.4103951770812273,0.9994108490645885,5,16,28,0
2026-05-15T01:25:43.389101,noisy,persist,{'bins': 6},89,4,2,0.5748409163206816,0.4109328556805849,0.9970187367871404,5,16,28,0
2026-05-15T01:25:44.263622,noisy,persist,{'bins': 6},90,0,2,0.5933616319671273,0.2628524173051119,0.8671265197917819,5,8,17,0
2026-05-15T01:25:45.196730,noisy,persist,{'bins': 6},90,1,2,0.6533048478886485,0.26271824445575476,0.9269457217305899,5,8,17,0
2026-05-15T01:25:46.067528,noisy,persist,{'bins': 6},90,2,2,0.59231361374259,0.2615432674065232,0.8645868599414825,5,8,17,0
2026-05-15T01:25:46.939278,noisy,persist,{'bins': 6},90,3,2,0.5925379851832986,0.26230583991855383,0.8655690038576722,5,8,17,0
2026-05-15T01:25:47.810817,noisy,persist,{'bins': 6},90,4,2,0.5924842143431306,0.26226975303143263,0.865472543053329,5,8,17,0
2026-05-15T01:25:48.708712,noisy,persist,{'bins': 6},91,0,2,0.5879469942301512,0.2850494356825948,0.8840731289237738,5,12,21,0
2026-05-15T01:25:49.605148,noisy,persist,{'bins': 6},91,1,2,0.5867926673963666,0.2850169241428375,0.8829822409898043,5,12,21,0
2026-05-15T01:25:50.502121,noisy,persist,{'bins': 6},91,2,2,0.587450323626399,0.28492610435932875,0.8835565503686666,5,12,21,0
2026-05-15T01:25:51.398972,noisy,persist,{'bins': 6},91,3,2,0.5870804069563746,0.28509750589728355,0.8834368046373129,5,12,21,0
2026-05-15T01:25:52.298511,noisy,persist,{'bins': 6},91,4,2,0.5882492121309042,0.2866874421015382,0.8861931199207902,5,12,21,0
2026-05-15T01:25:53.506854,noisy,persist,{'bins': 6},92,0,2,0.5922723766416311,0.5575649375095963,1.1618511620908976,5,19,34,0
2026-05-15T01:25:54.666936,noisy,persist,{'bins': 6},92,1,2,0.5924360640347004,0.510092968121171,1.1143526835367084,5,19,34,0
2026-05-15T01:25:55.825963,noisy,persist,{'bins': 6},92,2,2,0.5926342448219657,0.5089357458055019,1.1134443180635571,5,19,34,0
2026-05-15T01:25:56.990753,noisy,persist,{'bins': 6},92,3,2,0.5974168265238404,0.5104264263063669,1.1196560133248568,5,19,34,0
2026-05-15T01:25:58.149602,noisy,persist,{'bins': 6},92,4,2,0.5924663105979562,0.509345505386591,1.1137880338355899,5,19,34,0
2026-05-15T01:25:59.475021,noisy,persist,{'bins': 6},93,0,2,0.6117174085229635,0.6908355681225657,1.3140581399202347,5,16,37,0
2026-05-15T01:26:00.855574,noisy,persist,{'bins': 6},93,1,2,0.6126242009922862,0.7451609447598457,1.369318281300366,5,16,37,0
2026-05-15T01:26:02.175881,noisy,persist,{'bins': 6},93,2,2,0.6111549716442823,0.6874994738027453,1.3100706804543734,5,16,37,0
2026-05-15T01:26:03.503553,noisy,persist,{'bins': 6},93,3,2,0.612448601052165,0.6934497859328985,1.3171586114913225,5,16,37,0
2026-05-15T01:26:04.825998,noisy,persist,{'bins': 6},93,4,2,0.6125272894278169,0.688297200948,1.3121326938271523,5,16,37,0
2026-05-15T01:26:05.828291,noisy,persist,{'bins': 6},94,0,2,0.6026286203414202,0.36759510170668364,0.9819137630984187,5,8,18,0
2026-05-15T01:26:06.875028,noisy,persist,{'bins': 6},94,1,2,0.6503988895565271,0.36527465377002954,1.027453813701868,5,8,18,0
2026-05-15T01:26:07.877178,noisy,persist,{'bins': 6},94,2,2,0.6044800393283367,0.3664914993569255,0.9827258894219995,5,8,18,0
2026-05-15T01:26:08.879118,noisy,persist,{'bins': 6},94,3,2,0.6038526315242052,0.3668884942308068,0.9825017983093858,5,8,18,0
2026-05-15T01:26:09.881763,noisy,persist,{'bins': 6},94,4,2,0.6055488158017397,0.3659544698894024,0.9832753399387002,5,8,18,0
2026-05-15T01:26:11.219492,noisy,persist,{'bins': 6},95,0,2,0.6238941522315145,0.6907317219302058,1.3263694252818823,5,16,37,0
2026-05-15T01:26:12.605268,noisy,persist,{'bins': 6},95,1,2,0.623390095308423,0.7399297012016177,1.3751738350838423,5,16,37,0
2026-05-15T01:26:13.940876,noisy,persist,{'bins': 6},95,2,2,0.6243192302063107,0.6889941096305847,1.3250441765412688,5,16,37,0
2026-05-15T01:26:15.274533,noisy,persist,{'bins': 6},95,3,2,0.6217529810965061,0.6896600592881441,1.323123169131577,5,16,37,0
2026-05-15T01:26:16.610413,noisy,persist,{'bins': 6},95,4,2,0.6218182248994708,0.6917588012292981,1.3252854198217392,5,16,37,0
2026-05-15T01:26:17.993688,noisy,persist,{'bins': 6},96,0,2,0.6001063343137503,0.7176580121740699,1.3305473495274782,5,23,40,0
2026-05-15T01:26:19.421634,noisy,persist,{'bins': 6},96,1,2,0.6016250271350145,0.7623837627470493,1.3766448264941573,5,23,40,0
2026-05-15T01:26:20.803495,noisy,persist,{'bins': 6},96,2,2,0.6011656252667308,0.7163653951138258,1.3301806319504976,5,23,40,0
2026-05-15T01:26:22.184985,noisy,persist,{'bins': 6},96,3,2,0.6010493757203221,0.7161918077617884,1.3300269925966859,5,23,40,0
2026-05-15T01:26:23.568566,noisy,persist,{'bins': 6},96,4,2,0.6019608583301306,0.7174474764615297,1.3320974707603455,5,23,40,0
2026-05-15T01:26:24.629562,noisy,persist,{'bins': 6},97,0,2,0.6131378933787346,0.41571568697690964,1.0411344403401017,5,8,18,0
2026-05-15T01:26:25.639299,noisy,persist,{'bins': 6},97,1,2,0.612944521009922,0.36536465119570494,0.9905622508376837,5,8,18,0
2026-05-15T01:26:26.651150,noisy,persist,{'bins': 6},97,2,2,0.613710880279541,0.36644339840859175,0.9921536091715097,5,8,18,0
2026-05-15T01:26:27.664139,noisy,persist,{'bins': 6},97,3,2,0.6141555560752749,0.36742235627025366,0.9938707342371345,5,8,18,0
2026-05-15T01:26:28.678015,noisy,persist,{'bins': 6},97,4,2,0.6130562508478761,0.3693441851064563,0.9947144975885749,5,8,18,0
2026-05-15T01:26:31.245628,noisy,persist,{'bins': 6},98,0,2,0.610671273432672,1.8528530979529023,2.4770990600809455,5,12,22,0
2026-05-15T01:26:33.840279,noisy,persist,{'bins': 6},98,1,2,0.6123645212501287,1.8803386688232422,2.5061602387577295,5,12,22,0
2026-05-15T01:26:36.386442,noisy,persist,{'bins': 6},98,2,2,0.6119756614789367,1.8315430544316769,2.4569095000624657,5,12,22,0
2026-05-15T01:26:39.001305,noisy,persist,{'bins': 6},98,3,2,0.6126603372395039,1.8973057558760047,2.5234696194529533,5,12,22,0
2026-05-15T01:26:41.554988,noisy,persist,{'bins': 6},98,4,2,0.6123294467106462,1.8371922625228763,2.4633053094148636,5,12,22,0
2026-05-15T01:26:42.611960,noisy,persist,{'bins': 6},99,0,2,0.617767907679081,0.373921780847013,1.0049891406670213,5,17,26,0
2026-05-15T01:26:43.668528,noisy,persist,{'bins': 6},99,1,2,0.6152121983468533,0.3773623099550605,1.0055040568113327,5,17,26,0
2026-05-15T01:26:44.722196,noisy,persist,{'bins': 6},99,2,2,0.6149589028209448,0.37452661618590355,1.0025853458791971,5,17,26,0
2026-05-15T01:26:45.775944,noisy,persist,{'bins': 6},99,3,2,0.6156813204288483,0.37480202317237854,1.0035516610369086,5,17,26,0
2026-05-15T01:26:46.829617,noisy,persist,{'bins': 6},99,4,2,0.6156571246683598,0.37526938039809465,1.0039047338068485,5,17,26,0
2026-05-15T01:26:48.245801,noisy,persist,{'bins': 6},100,0,2,0.64459447003901,0.747677587904036,1.4048443548381329,5,16,37,0
2026-05-15T01:26:49.602948,noisy,persist,{'bins': 6},100,1,2,0.6434973897412419,0.690629480406642,1.346480987034738,5,16,37,0
2026-05-15T01:26:50.961531,noisy,persist,{'bins': 6},100,2,2,0.6453370535746217,0.6906644646078348,1.3480463549494743,5,16,37,0
2026-05-15T01:26:52.320434,noisy,persist,{'bins': 6},100,3,2,0.6460133045911789,0.690119500271976,1.3483356079086661,5,16,37,0
2026-05-15T01:26:53.722678,noisy,persist,{'bins': 6},100,4,2,0.6445685001090169,0.73474623542279,1.391598330810666,5,16,37,0
