timestamp,dataset,method,params,trace_count,repeat,tag_k,status,trace_indices_start,trace_indices_end,disc_time,learn_time,total_time,actual_bins,n_states,n_edges,n_inconsistencies,error_type,error_msg
2026-05-15T23:00:59.028420,clean,naive,{'bins': 10},1,0,2,ok,0,1,0.0006433296948671341,0.009262645617127419,0.01025247760117054,10,18,22,0,,
2026-05-15T23:00:59.042855,clean,naive,{'bins': 10},1,1,2,ok,1,2,0.0005834568291902542,0.01148161944001913,0.012447835877537727,10,15,21,0,,
2026-05-15T23:00:59.055682,clean,naive,{'bins': 10},1,2,2,ok,2,3,0.0005890969187021255,0.010131490416824818,0.011077368631958961,10,17,22,0,,
2026-05-15T23:00:59.068788,clean,naive,{'bins': 10},1,3,2,ok,3,4,0.0005734385922551155,0.010588250122964382,0.011514171026647091,10,19,24,0,,
2026-05-15T23:00:59.079355,clean,naive,{'bins': 10},1,4,2,ok,4,5,0.0005859117954969406,0.00817278865724802,0.009097727946937084,10,19,23,0,,
2026-05-15T23:00:59.124458,clean,naive,{'bins': 10},2,0,2,ok,0,2,0.0007722312584519386,0.03749774023890495,0.03888845443725586,10,24,32,0,,
2026-05-15T23:00:59.162407,clean,naive,{'bins': 10},2,1,2,ok,2,4,0.0008454304188489914,0.03422173019498587,0.03585321828722954,10,16,25,0,,
2026-05-15T23:00:59.214477,clean,naive,{'bins': 10},2,2,2,ok,4,6,0.0008445382118225098,0.0486531862989068,0.050004987977445126,10,17,28,0,,
2026-05-15T23:00:59.258399,clean,naive,{'bins': 10},2,3,2,ok,6,8,0.000785166397690773,0.040587169118225574,0.04188505932688713,10,14,26,0,,
2026-05-15T23:00:59.293412,clean,naive,{'bins': 10},2,4,2,ok,8,10,0.0008464306592941284,0.031693655997514725,0.03303742129355669,10,18,26,0,,
2026-05-15T23:00:59.353312,clean,naive,{'bins': 10},3,0,2,ok,0,3,0.0009411200881004333,0.053884112276136875,0.05550340749323368,10,12,20,0,,
2026-05-15T23:00:59.427990,clean,naive,{'bins': 10},3,1,2,ok,3,6,0.0011228807270526886,0.07024074904620647,0.07207955606281757,10,20,33,0,,
2026-05-15T23:00:59.502273,clean,naive,{'bins': 10},3,2,2,ok,6,9,0.0009908033534884453,0.0701006967574358,0.07175043877214193,10,14,26,0,,
2026-05-15T23:00:59.555133,clean,naive,{'bins': 10},3,3,2,ok,9,12,0.0010087471455335617,0.04881893843412399,0.050435337238013744,10,15,25,0,,
2026-05-15T23:00:59.620371,clean,naive,{'bins': 10},3,4,2,ok,12,15,0.0009971857070922852,0.06070609949529171,0.062352766282856464,10,19,31,0,,
2026-05-15T23:00:59.720089,clean,naive,{'bins': 10},4,0,2,ok,0,4,0.0014213025569915771,0.091497709043324,0.09385313931852579,10,16,29,0,,
2026-05-15T23:00:59.852348,clean,naive,{'bins': 10},4,1,2,ok,4,8,0.00120533537119627,0.126726932823658,0.12876278068870306,10,29,46,0,,
2026-05-15T23:00:59.941375,clean,naive,{'bins': 10},4,2,2,ok,8,12,0.0012838039547204971,0.0837865499779582,0.08587447553873062,10,18,29,0,,
2026-05-15T23:01:00.052601,clean,naive,{'bins': 10},4,3,2,ok,12,16,0.0012873411178588867,0.10543579794466496,0.10757192503660917,10,30,43,0,,
2026-05-15T23:01:00.132832,clean,naive,{'bins': 10},4,4,2,ok,16,20,0.001267794519662857,0.0747625008225441,0.07693105936050415,10,21,30,0,,
2026-05-15T23:01:00.268116,clean,naive,{'bins': 10},5,0,2,ok,0,5,0.0015264200046658516,0.12522485852241516,0.127890651114285,10,11,21,0,,
2026-05-15T23:01:00.386591,clean,naive,{'bins': 10},5,1,2,ok,5,10,0.0014853030443191528,0.1120463190600276,0.11472137924283743,10,11,22,0,,
2026-05-15T23:01:00.516210,clean,naive,{'bins': 10},5,2,2,ok,10,15,0.0014591244980692863,0.12296689301729202,0.1256043929606676,10,20,33,0,,
2026-05-15T23:01:00.648340,clean,naive,{'bins': 10},5,3,2,ok,15,20,0.0014677299186587334,0.1253323508426547,0.12819568533450365,10,32,45,0,,
2026-05-15T23:01:00.789312,clean,naive,{'bins': 10},5,4,2,ok,20,25,0.0015513673424720764,0.13403025548905134,0.13691288605332375,10,21,31,0,,
2026-05-15T23:01:00.994666,clean,naive,{'bins': 10},6,0,2,ok,0,6,0.0017129704356193542,0.1960872570052743,0.1992102786898613,10,24,38,0,,
2026-05-15T23:01:01.187362,clean,naive,{'bins': 10},6,1,2,ok,6,12,0.001680418848991394,0.18541149143129587,0.188387056812644,10,23,36,0,,
2026-05-15T23:01:01.428932,clean,naive,{'bins': 10},6,2,2,ok,12,18,0.001698734238743782,0.23339157178997993,0.23655836563557386,10,32,49,0,,
2026-05-15T23:01:01.585845,clean,naive,{'bins': 10},6,3,2,ok,18,24,0.0017649289220571518,0.14900636579841375,0.15230523981153965,10,24,37,0,,
2026-05-15T23:01:01.770660,clean,naive,{'bins': 10},6,4,2,ok,24,30,0.001960817724466324,0.17695775534957647,0.18041674979031086,10,17,31,0,,
2026-05-15T23:01:02.066699,clean,naive,{'bins': 10},7,0,2,ok,0,7,0.0023934105411171913,0.283358097076416,0.28792649786919355,10,24,41,0,,
2026-05-15T23:01:02.281607,clean,naive,{'bins': 10},7,1,2,ok,7,14,0.0020898906514048576,0.2059869011864066,0.2095958674326539,10,26,41,0,,
2026-05-15T23:01:02.486740,clean,naive,{'bins': 10},7,2,2,ok,14,21,0.0020793816074728966,0.19634595327079296,0.2000083103775978,10,19,30,0,,
2026-05-15T23:01:02.715232,clean,naive,{'bins': 10},7,3,2,ok,21,28,0.0020688315853476524,0.21974053233861923,0.22346155997365713,10,10,21,0,,
2026-05-15T23:01:02.923986,clean,naive,{'bins': 10},7,4,2,ok,28,35,0.002079230733215809,0.2007177323102951,0.2044696183875203,10,9,20,0,,
2026-05-15T23:01:03.241215,clean,naive,{'bins': 10},8,0,2,ok,0,8,0.002299223095178604,0.3045768868178129,0.3087115613743663,10,7,16,0,,
2026-05-15T23:01:03.512450,clean,naive,{'bins': 10},8,1,2,ok,8,16,0.0031140148639678955,0.26044155564159155,0.26536830980330706,10,18,30,0,,
2026-05-15T23:01:03.722960,clean,naive,{'bins': 10},8,2,2,ok,16,24,0.0025566574186086655,0.2014779020100832,0.20574871264398098,10,8,17,0,,
2026-05-15T23:01:04.040982,clean,naive,{'bins': 10},8,3,2,ok,24,32,0.0025277230888605118,0.3085371032357216,0.3127023847773671,10,20,33,0,,
2026-05-15T23:01:04.299846,clean,naive,{'bins': 10},8,4,2,ok,32,40,0.002409781329333782,0.24951442889869213,0.2535579623654485,10,17,29,0,,
2026-05-15T23:01:04.666683,clean,naive,{'bins': 10},9,0,2,ok,0,9,0.002465495839715004,0.35493242274969816,0.3592410245910287,10,9,19,0,,
2026-05-15T23:01:05.058182,clean,naive,{'bins': 10},9,1,2,ok,9,18,0.0023675020784139633,0.38104892056435347,0.3852963075041771,10,15,25,0,,
2026-05-15T23:01:05.348138,clean,naive,{'bins': 10},9,2,2,ok,18,27,0.0023550279438495636,0.27987745217978954,0.28414952475577593,10,13,25,0,,
2026-05-15T23:01:05.690493,clean,naive,{'bins': 10},9,3,2,ok,27,36,0.0024036094546318054,0.33207995258271694,0.3363432288169861,10,33,51,0,,
2026-05-15T23:01:06.023090,clean,naive,{'bins': 10},9,4,2,ok,36,45,0.002529926598072052,0.321859372779727,0.32624044083058834,10,18,31,0,,
2026-05-15T23:01:06.443846,clean,naive,{'bins': 10},10,0,2,ok,0,10,0.0036147357895970345,0.40561435371637344,0.4116228809580207,10,9,19,0,,
2026-05-15T23:01:06.924826,clean,naive,{'bins': 10},10,1,2,ok,10,20,0.0028839828446507454,0.4695595344528556,0.4742623372003436,10,17,29,0,,
2026-05-15T23:01:07.297957,clean,naive,{'bins': 10},10,2,2,ok,20,30,0.0029158731922507286,0.36185464914888144,0.366565958596766,10,20,32,0,,
2026-05-15T23:01:07.705299,clean,naive,{'bins': 10},10,3,2,ok,30,40,0.002974524162709713,0.3801613738760352,0.38504056818783283,10,14,26,0,,
2026-05-15T23:01:08.061140,clean,naive,{'bins': 10},10,4,2,ok,40,50,0.00302165187895298,0.34429843723773956,0.34920675680041313,10,17,28,0,,
2026-05-15T23:01:08.562551,clean,naive,{'bins': 10},11,0,2,ok,0,11,0.0033389776945114136,0.48667705059051514,0.4922265447676182,10,9,19,0,,
2026-05-15T23:01:09.090457,clean,naive,{'bins': 10},11,1,2,ok,11,22,0.003328239545226097,0.5144549626857042,0.5199100915342569,10,25,39,0,,
2026-05-15T23:01:09.659343,clean,naive,{'bins': 10},11,2,2,ok,22,33,0.0033351723104715347,0.5562330409884453,0.5616626515984535,10,21,34,0,,
2026-05-15T23:01:10.069520,clean,naive,{'bins': 10},11,3,2,ok,33,44,0.003181661479175091,0.39806141052395105,0.40325211081653833,10,18,33,0,,
2026-05-15T23:01:10.570758,clean,naive,{'bins': 10},11,4,2,ok,44,55,0.0031516868621110916,0.4889250583946705,0.4940367294475436,10,18,32,0,,
2026-05-15T23:01:11.096074,clean,naive,{'bins': 10},12,0,2,ok,0,12,0.0033437376841902733,0.5099505633115768,0.5155089944601059,10,17,30,0,,
2026-05-15T23:01:11.675931,clean,naive,{'bins': 10},12,1,2,ok,12,24,0.0034282561391592026,0.5654236227273941,0.5711310543119907,10,25,42,0,,
2026-05-15T23:01:12.258700,clean,naive,{'bins': 10},12,2,2,ok,24,36,0.0036996370181441307,0.5691308742389083,0.5750515470281243,10,18,32,0,,
2026-05-15T23:01:12.766370,clean,naive,{'bins': 10},12,3,2,ok,36,48,0.0034207524731755257,0.494521951302886,0.5000068051740527,10,25,41,0,,
2026-05-15T23:01:13.340004,clean,naive,{'bins': 10},12,4,2,ok,48,60,0.003459082916378975,0.5600479254499078,0.5656512603163719,10,15,28,0,,
2026-05-15T23:01:13.915631,clean,naive,{'bins': 10},13,0,2,ok,0,13,0.0036765746772289276,0.5593577269464731,0.565464430488646,10,7,16,0,,
2026-05-15T23:01:14.458887,clean,naive,{'bins': 10},13,1,2,ok,13,26,0.003629826009273529,0.5290364809334278,0.5350249614566565,10,14,26,0,,
2026-05-15T23:01:15.120934,clean,naive,{'bins': 10},13,2,2,ok,26,39,0.0035620881244540215,0.6474800985306501,0.6533135082572699,10,23,36,0,,
2026-05-15T23:01:15.706940,clean,naive,{'bins': 10},13,3,2,ok,39,52,0.0035077957436442375,0.5718986168503761,0.5776708209887147,10,18,29,0,,
2026-05-15T23:01:16.372947,clean,naive,{'bins': 10},13,4,2,ok,52,65,0.00403148028999567,0.6515858583152294,0.6579653229564428,10,19,35,0,,
2026-05-15T23:01:17.037674,clean,naive,{'bins': 10},14,0,2,ok,0,14,0.003857273608446121,0.647494344972074,0.6538661262020469,10,7,16,0,,
2026-05-15T23:01:17.642880,clean,naive,{'bins': 10},14,1,2,ok,14,28,0.0039038807153701782,0.5898999767377973,0.5962959136813879,10,14,27,0,,
2026-05-15T23:01:18.304100,clean,naive,{'bins': 10},14,2,2,ok,28,42,0.0038780318573117256,0.6461600661277771,0.6525677042081952,10,18,31,0,,
2026-05-15T23:01:18.996124,clean,naive,{'bins': 10},14,3,2,ok,42,56,0.0038085216656327248,0.6767268627882004,0.682950465939939,10,15,28,0,,
2026-05-15T23:01:19.646461,clean,naive,{'bins': 10},14,4,2,ok,56,70,0.004298963584005833,0.6345868045464158,0.6415406400337815,10,20,32,0,,
2026-05-15T23:01:20.388948,clean,naive,{'bins': 10},15,0,2,ok,0,15,0.004322437569499016,0.7236235653981566,0.7309365160763264,10,7,16,0,,
2026-05-15T23:01:21.110923,clean,naive,{'bins': 10},15,1,2,ok,15,30,0.004154320806264877,0.7058719359338284,0.7126599503681064,10,15,27,0,,
2026-05-15T23:01:21.878042,clean,naive,{'bins': 10},15,2,2,ok,30,45,0.004135956987738609,0.7515499284490943,0.7583446139469743,10,10,20,0,,
2026-05-15T23:01:22.592259,clean,naive,{'bins': 10},15,3,2,ok,45,60,0.0041091470047831535,0.6979850251227617,0.7046838914975524,10,11,22,0,,
2026-05-15T23:01:23.208869,clean,naive,{'bins': 10},15,4,2,ok,60,75,0.004500522278249264,0.6003853129222989,0.6075807623565197,10,13,25,0,,
2026-05-15T23:01:24.037689,clean,naive,{'bins': 10},16,0,2,ok,0,16,0.004462369717657566,0.8033844949677587,0.8106860732659698,10,7,16,0,,
2026-05-15T23:01:24.941970,clean,naive,{'bins': 10},16,1,2,ok,16,32,0.004393971525132656,0.886944979429245,0.8942137770354748,10,15,27,0,,
2026-05-15T23:01:25.719300,clean,naive,{'bins': 10},16,2,2,ok,32,48,0.004359767772257328,0.7604033350944519,0.7676537577062845,10,17,30,0,,
2026-05-15T23:01:26.452423,clean,naive,{'bins': 10},16,3,2,ok,48,64,0.004367672838270664,0.7161795869469643,0.7233155854046345,10,16,26,0,,
2026-05-15T23:01:27.150917,clean,naive,{'bins': 10},16,4,2,ok,64,80,0.0044253114610910416,0.6806496186181903,0.6879186164587736,10,21,33,0,,
2026-05-15T23:01:28.146744,clean,naive,{'bins': 10},17,0,2,ok,0,17,0.0048103658482432365,0.9746148306876421,0.9824771247804165,10,8,17,0,,
2026-05-15T23:01:29.027084,clean,naive,{'bins': 10},17,1,2,ok,17,34,0.004747156985104084,0.8620569091290236,0.8697974234819412,10,13,24,0,,
2026-05-15T23:01:29.917862,clean,naive,{'bins': 10},17,2,2,ok,34,51,0.004678778350353241,0.8712489437311888,0.8789930148050189,10,21,33,0,,
2026-05-15T23:01:30.804770,clean,naive,{'bins': 10},17,3,2,ok,51,68,0.0047051263973116875,0.8689112067222595,0.8766087107360363,10,14,28,0,,
2026-05-15T23:01:31.749558,clean,naive,{'bins': 10},17,4,2,ok,68,85,0.004756373353302479,0.9264020510017872,0.9342118753120303,10,6,15,0,,
2026-05-15T23:01:32.793215,clean,naive,{'bins': 10},18,0,2,ok,0,18,0.004646868444979191,1.0220425697043538,1.0298736253753304,10,14,25,0,,
2026-05-15T23:01:33.681224,clean,naive,{'bins': 10},18,1,2,ok,18,36,0.004929187707602978,0.8669062675908208,0.8750582858920097,10,22,35,0,,
2026-05-15T23:01:34.833226,clean,naive,{'bins': 10},18,2,2,ok,36,54,0.005491695366799831,1.1301441695541143,1.1409745439887047,10,10,22,0,,
2026-05-15T23:01:35.764645,clean,naive,{'bins': 10},18,3,2,ok,54,72,0.004968423396348953,0.9122133003547788,0.9202155089005828,10,26,42,0,,
2026-05-15T23:01:36.690531,clean,naive,{'bins': 10},18,4,2,ok,72,90,0.005128714255988598,0.9058118835091591,0.9140762239694595,10,17,30,0,,
2026-05-15T23:01:37.801036,clean,naive,{'bins': 10},19,0,2,ok,0,19,0.005068310536444187,1.0871035978198051,1.0954115092754364,10,25,41,0,,
2026-05-15T23:01:38.975039,clean,naive,{'bins': 10},19,1,2,ok,19,38,0.005167427472770214,1.1531494176015258,1.16156533267349,10,20,34,0,,
2026-05-15T23:01:40.053677,clean,naive,{'bins': 10},19,2,2,ok,38,57,0.00506445299834013,1.058536290191114,1.0670297909528017,10,12,25,0,,
2026-05-15T23:01:41.059421,clean,naive,{'bins': 10},19,3,2,ok,57,76,0.00513831153512001,0.9860503012314439,0.9945528581738472,10,7,16,0,,
2026-05-15T23:01:42.218592,clean,naive,{'bins': 10},19,4,2,ok,76,95,0.005234071984887123,1.1372333783656359,1.1459065480157733,10,17,31,0,,
2026-05-15T23:01:43.468348,clean,naive,{'bins': 10},20,0,2,ok,0,20,0.005665783770382404,1.2250377722084522,1.2342655435204506,10,11,22,0,,
2026-05-15T23:01:44.721283,clean,naive,{'bins': 10},20,1,2,ok,20,40,0.005531981587409973,1.2304196720942855,1.2394534889608622,10,23,36,0,,
2026-05-15T23:01:45.896158,clean,naive,{'bins': 10},20,2,2,ok,40,60,0.005541578866541386,1.1533861011266708,1.1624618964269757,10,8,18,0,,
2026-05-15T23:01:46.873678,clean,naive,{'bins': 10},20,3,2,ok,60,80,0.005423597991466522,0.9564529554918408,0.9656055551022291,10,13,24,0,,
2026-05-15T23:01:48.354235,clean,naive,{'bins': 10},20,4,2,ok,80,100,0.0053482456132769585,1.4590304316952825,1.4674658924341202,10,13,25,0,,
2026-05-15T23:01:49.762899,clean,naive,{'bins': 10},21,0,2,ok,0,21,0.0052843960002064705,1.3843056419864297,1.3927967073395848,10,18,32,0,,
2026-05-15T23:01:50.979607,clean,naive,{'bins': 10},21,1,2,ok,21,42,0.0053129298612475395,1.1942313937470317,1.202868614345789,10,19,33,0,,
2026-05-15T23:01:52.284159,clean,naive,{'bins': 10},21,2,2,ok,42,63,0.005269037559628487,1.236949909478426,1.2906842697411776,10,25,40,0,,
2026-05-15T23:01:53.426594,clean,naive,{'bins': 10},21,3,2,ok,63,84,0.005725306458771229,1.119432644918561,1.128410367295146,10,16,31,0,,
2026-05-15T23:01:54.968906,clean,naive,{'bins': 10},21,4,2,ok,84,105,0.005636228248476982,1.5197250479832292,1.5285307560116053,10,19,35,0,,
2026-05-15T23:01:56.477137,clean,naive,{'bins': 10},22,0,2,ok,0,22,0.005683086812496185,1.4817760894075036,1.4908814616501331,10,18,32,0,,
2026-05-15T23:01:57.761518,clean,naive,{'bins': 10},22,1,2,ok,22,44,0.0057058390229940414,1.2616432923823595,1.270678510889411,10,17,30,0,,
2026-05-15T23:01:59.210072,clean,naive,{'bins': 10},22,2,2,ok,44,66,0.005624906159937382,1.4252618523314595,1.4342282824218273,10,27,44,0,,
2026-05-15T23:02:00.374664,clean,naive,{'bins': 10},22,3,2,ok,66,88,0.005585843697190285,1.141200514510274,1.1501875333487988,10,17,29,0,,
2026-05-15T23:02:01.812539,clean,naive,{'bins': 10},22,4,2,ok,88,110,0.005527785047888756,1.4146579829975963,1.4232550291344523,10,29,51,0,,
2026-05-15T23:02:03.418942,clean,naive,{'bins': 10},23,0,2,ok,0,23,0.005513707175850868,1.5601324075832963,1.568955517373979,10,18,32,0,,
2026-05-15T23:02:04.979994,clean,naive,{'bins': 10},23,1,2,ok,23,46,0.005602003075182438,1.5364656634628773,1.5454329550266266,10,23,35,0,,
2026-05-15T23:02:06.332663,clean,naive,{'bins': 10},23,2,2,ok,46,69,0.005512906238436699,1.3297283239662647,1.3383574597537518,10,18,32,0,,
2026-05-15T23:02:07.880572,clean,naive,{'bins': 10},23,3,2,ok,69,92,0.005937105044722557,1.5234337095171213,1.5325825121253729,10,11,22,0,,
2026-05-15T23:02:09.508818,clean,naive,{'bins': 10},23,4,2,ok,92,115,0.006124716252088547,1.6025753123685718,1.612357416190207,10,16,28,0,,
2026-05-15T23:02:11.084291,clean,naive,{'bins': 10},24,0,2,ok,0,24,0.006001865491271019,1.5475682197138667,1.557050839997828,10,18,32,0,,
2026-05-15T23:02:12.865319,clean,naive,{'bins': 10},24,1,2,ok,24,48,0.006247065961360931,1.7536693327128887,1.76362001337111,10,26,39,0,,
2026-05-15T23:02:14.288028,clean,naive,{'bins': 10},24,2,2,ok,48,72,0.0060842204838991165,1.398913374170661,1.408298822119832,10,8,18,0,,
2026-05-15T23:02:16.046887,clean,naive,{'bins': 10},24,3,2,ok,72,96,0.0063500599935650826,1.7316411212086678,1.7424782179296017,10,17,31,0,,
2026-05-15T23:02:17.756487,clean,naive,{'bins': 10},24,4,2,ok,96,120,0.006250322796404362,1.682544351555407,1.692315785214305,10,17,30,0,,
2026-05-15T23:02:19.484173,clean,naive,{'bins': 10},25,0,2,ok,0,25,0.0062122708186507225,1.6992873530834913,1.7092013051733375,10,10,20,0,,
2026-05-15T23:02:21.462955,clean,naive,{'bins': 10},25,1,2,ok,25,50,0.006237559020519257,1.9506362676620483,1.9605457903817296,10,25,38,0,,
2026-05-15T23:02:22.962938,clean,naive,{'bins': 10},25,2,2,ok,50,75,0.006208042614161968,1.4751823665574193,1.484904526732862,10,9,21,0,,
2026-05-15T23:02:24.893043,clean,naive,{'bins': 10},25,3,2,ok,75,100,0.006391176953911781,1.8965019164606929,1.9065197622403502,10,18,33,0,,
2026-05-15T23:02:26.622655,clean,naive,{'bins': 10},25,4,2,ok,100,125,0.006653902120888233,1.702751916833222,1.7129823034629226,10,11,23,0,,
2026-05-15T23:02:26.654552,clean,sax,"{'w': 144, 'bins': 10}",1,0,2,ok,0,1,0.013371041975915432,0.0033516325056552887,0.017063605599105358,10,18,19,0,,
2026-05-15T23:02:26.670967,clean,sax,"{'w': 144, 'bins': 10}",1,1,2,ok,1,2,0.011008789762854576,0.004009979777038097,0.0152588514611125,10,20,21,0,,
2026-05-15T23:02:26.685251,clean,sax,"{'w': 144, 'bins': 10}",1,2,2,ok,2,3,0.010932286269962788,0.0021129529923200607,0.013308083638548851,10,20,19,0,,
2026-05-15T23:02:26.700267,clean,sax,"{'w': 144, 'bins': 10}",1,3,2,ok,3,4,0.010725266300141811,0.003070543520152569,0.014029329642653465,10,19,19,0,,
2026-05-15T23:02:26.714916,clean,sax,"{'w': 144, 'bins': 10}",1,4,2,ok,4,5,0.010781483724713326,0.002652326598763466,0.01365645881742239,10,18,18,0,,
2026-05-15T23:02:26.757909,clean,sax,"{'w': 144, 'bins': 10}",2,0,2,ok,0,2,0.020853661932051182,0.014031082391738892,0.03525962959975004,10,23,26,0,,
2026-05-15T23:02:26.788122,clean,sax,"{'w': 144, 'bins': 10}",2,1,2,ok,2,4,0.02108815312385559,0.00746278278529644,0.0289035988971591,10,22,22,0,,
2026-05-15T23:02:26.819917,clean,sax,"{'w': 144, 'bins': 10}",2,2,2,ok,4,6,0.021116076037287712,0.008970608003437519,0.030475745908915997,10,21,22,0,,
2026-05-15T23:02:26.857776,clean,sax,"{'w': 144, 'bins': 10}",2,3,2,ok,6,8,0.020841789431869984,0.01511968020349741,0.03633780777454376,10,26,29,0,,
2026-05-15T23:02:26.895972,clean,sax,"{'w': 144, 'bins': 10}",2,4,2,ok,8,10,0.02086745761334896,0.015246939845383167,0.03647539671510458,10,22,25,0,,
2026-05-15T23:02:26.962573,clean,sax,"{'w': 144, 'bins': 10}",3,0,2,ok,0,3,0.031073208898305893,0.026912756264209747,0.05845385417342186,10,33,37,0,,
2026-05-15T23:02:27.014602,clean,sax,"{'w': 144, 'bins': 10}",3,1,2,ok,3,6,0.031157666817307472,0.018756749108433723,0.05037270858883858,10,20,22,0,,
2026-05-15T23:02:27.067936,clean,sax,"{'w': 144, 'bins': 10}",3,2,2,ok,6,9,0.031040066853165627,0.02013719454407692,0.0516555504873395,10,17,21,0,,
2026-05-15T23:02:27.129160,clean,sax,"{'w': 144, 'bins': 10}",3,3,2,ok,9,12,0.03132557310163975,0.027735802344977856,0.05953008774667978,10,27,32,0,,
2026-05-15T23:02:27.179298,clean,sax,"{'w': 144, 'bins': 10}",3,4,2,ok,12,15,0.031407326459884644,0.016143816523253918,0.048011308535933495,10,16,20,0,,
2026-05-15T23:02:27.257866,clean,sax,"{'w': 144, 'bins': 10}",4,0,2,ok,0,4,0.04084695689380169,0.028617240488529205,0.0700283981859684,10,21,25,0,,
2026-05-15T23:02:27.328585,clean,sax,"{'w': 144, 'bins': 10}",4,1,2,ok,4,8,0.041049517691135406,0.02718924544751644,0.06877936981618404,10,22,26,0,,
2026-05-15T23:02:27.405108,clean,sax,"{'w': 144, 'bins': 10}",4,2,2,ok,8,12,0.041011495515704155,0.03298278898000717,0.0745501909404993,10,15,19,0,,
2026-05-15T23:02:27.476095,clean,sax,"{'w': 144, 'bins': 10}",4,3,2,ok,12,16,0.04105226323008537,0.026535906828939915,0.06811252608895302,10,25,31,0,,
2026-05-15T23:02:27.543225,clean,sax,"{'w': 144, 'bins': 10}",4,4,2,ok,16,20,0.04144872725009918,0.023216664791107178,0.06522246077656746,10,23,25,0,,
2026-05-15T23:02:27.636743,clean,sax,"{'w': 144, 'bins': 10}",5,0,2,ok,0,5,0.05117301270365715,0.03285046108067036,0.08463715761899948,10,22,26,0,,
2026-05-15T23:02:27.733009,clean,sax,"{'w': 144, 'bins': 10}",5,1,2,ok,5,10,0.05126068741083145,0.04210469126701355,0.09398120734840631,10,15,19,0,,
2026-05-15T23:02:27.820759,clean,sax,"{'w': 144, 'bins': 10}",5,2,2,ok,10,15,0.051364243030548096,0.03343427833169699,0.08542384766042233,10,15,20,0,,
2026-05-15T23:02:27.903507,clean,sax,"{'w': 144, 'bins': 10}",5,3,2,ok,15,20,0.05100538767874241,0.028905383311212063,0.08052472490817308,10,22,26,0,,
2026-05-15T23:02:27.978638,clean,sax,"{'w': 144, 'bins': 10}",5,4,2,ok,20,25,0.05073282588273287,0.02120162732899189,0.07254323735833168,10,19,23,0,,
2026-05-15T23:02:28.097721,clean,sax,"{'w': 144, 'bins': 10}",6,0,2,ok,0,6,0.06133327819406986,0.04787270724773407,0.10990464966744184,10,25,29,0,,
2026-05-15T23:02:28.210340,clean,sax,"{'w': 144, 'bins': 10}",6,1,2,ok,6,12,0.06169803533703089,0.0476889219135046,0.11010812222957611,10,15,19,0,,
2026-05-15T23:02:28.310013,clean,sax,"{'w': 144, 'bins': 10}",6,2,2,ok,12,18,0.061548794619739056,0.034828489646315575,0.09707122854888439,10,23,29,0,,
2026-05-15T23:02:28.411117,clean,sax,"{'w': 144, 'bins': 10}",6,3,2,ok,18,24,0.06142403930425644,0.0362655920907855,0.09839368518441916,10,16,21,0,,
2026-05-15T23:02:28.517695,clean,sax,"{'w': 144, 'bins': 10}",6,4,2,ok,24,30,0.06154180038720369,0.04125768877565861,0.10350892320275307,10,22,27,0,,
2026-05-15T23:02:28.662458,clean,sax,"{'w': 144, 'bins': 10}",7,0,2,ok,0,7,0.07093930151313543,0.06369276531040668,0.1354096382856369,10,23,30,0,,
2026-05-15T23:02:28.784269,clean,sax,"{'w': 144, 'bins': 10}",7,1,2,ok,7,14,0.07189956679940224,0.04649154003709555,0.1191755123436451,10,12,17,0,,
2026-05-15T23:02:28.908518,clean,sax,"{'w': 144, 'bins': 10}",7,2,2,ok,14,21,0.07198873348534107,0.04865450784564018,0.12141777761280537,10,11,18,0,,
2026-05-15T23:02:29.017690,clean,sax,"{'w': 144, 'bins': 10}",7,3,2,ok,21,28,0.07214830350130796,0.03351054061204195,0.10643393266946077,10,21,24,0,,
2026-05-15T23:02:29.140872,clean,sax,"{'w': 144, 'bins': 10}",7,4,2,ok,28,35,0.07155540864914656,0.0479631582275033,0.12032683659344912,10,18,24,0,,
2026-05-15T23:02:29.310704,clean,sax,"{'w': 144, 'bins': 10}",8,0,2,ok,0,8,0.08148193359375,0.07726041693240404,0.1596025787293911,10,25,32,0,,
2026-05-15T23:02:29.464677,clean,sax,"{'w': 144, 'bins': 10}",8,1,2,ok,8,16,0.08171604480594397,0.0683782147243619,0.15097276214510202,10,10,18,0,,
2026-05-15T23:02:29.592340,clean,sax,"{'w': 144, 'bins': 10}",8,2,2,ok,16,24,0.0816859295591712,0.0422318410128355,0.12479059118777514,10,14,19,0,,
2026-05-15T23:02:29.750149,clean,sax,"{'w': 144, 'bins': 10}",8,3,2,ok,24,32,0.08215177431702614,0.0716764573007822,0.15467612631618977,10,19,25,0,,
2026-05-15T23:02:29.896879,clean,sax,"{'w': 144, 'bins': 10}",8,4,2,ok,32,40,0.08240220602601767,0.06058574188500643,0.14383677393198013,10,12,20,0,,
2026-05-15T23:02:30.089132,clean,sax,"{'w': 144, 'bins': 10}",9,0,2,ok,0,9,0.09199047461152077,0.08925835695117712,0.18214180041104555,10,13,19,0,,
2026-05-15T23:02:30.247096,clean,sax,"{'w': 144, 'bins': 10}",9,1,2,ok,9,18,0.09242552146315575,0.06118305679410696,0.1545352702960372,10,20,28,0,,
2026-05-15T23:02:30.418231,clean,sax,"{'w': 144, 'bins': 10}",9,2,2,ok,18,27,0.09201497118920088,0.07498706225305796,0.16791788581758738,10,21,28,0,,
2026-05-15T23:02:30.584645,clean,sax,"{'w': 144, 'bins': 10}",9,3,2,ok,27,36,0.09145961608737707,0.07071512006223202,0.16310016624629498,10,20,27,0,,
2026-05-15T23:02:30.730219,clean,sax,"{'w': 144, 'bins': 10}",9,4,2,ok,36,45,0.09150259662419558,0.049789692275226116,0.14218808338046074,10,22,28,0,,
2026-05-15T23:02:30.941057,clean,sax,"{'w': 144, 'bins': 10}",10,0,2,ok,0,10,0.1033835168927908,0.09543974045664072,0.20002842415124178,10,13,19,0,,
2026-05-15T23:02:31.118690,clean,sax,"{'w': 144, 'bins': 10}",10,1,2,ok,10,20,0.10339960921555758,0.06892334949225187,0.1735897408798337,10,23,31,0,,
2026-05-15T23:02:31.311242,clean,sax,"{'w': 144, 'bins': 10}",10,2,2,ok,20,30,0.10340970754623413,0.08420581743121147,0.18882352579385042,10,19,26,0,,
2026-05-15T23:02:31.477883,clean,sax,"{'w': 144, 'bins': 10}",10,3,2,ok,30,40,0.10385521408170462,0.057584188878536224,0.1627201810479164,10,19,25,0,,
2026-05-15T23:02:31.701877,clean,sax,"{'w': 144, 'bins': 10}",10,4,2,ok,40,50,0.10373670142143965,0.0543600469827652,0.2202081698924303,10,28,34,0,,
2026-05-15T23:02:31.944399,clean,sax,"{'w': 144, 'bins': 10}",11,0,2,ok,0,11,0.11324624344706535,0.11713338177651167,0.2316857511177659,10,24,33,0,,
2026-05-15T23:02:32.155214,clean,sax,"{'w': 144, 'bins': 10}",11,1,2,ok,11,22,0.11453264113515615,0.09088562801480293,0.2066921442747116,10,25,34,0,,
2026-05-15T23:02:32.339211,clean,sax,"{'w': 144, 'bins': 10}",11,2,2,ok,22,33,0.11403729114681482,0.06439647823572159,0.1799429366365075,10,22,27,0,,
2026-05-15T23:02:32.578431,clean,sax,"{'w': 144, 'bins': 10}",11,3,2,ok,33,44,0.17527268454432487,0.05796927213668823,0.23470477759838104,10,23,30,0,,
2026-05-15T23:02:32.762011,clean,sax,"{'w': 144, 'bins': 10}",11,4,2,ok,44,55,0.11368869431316853,0.0637082140892744,0.17869628127664328,10,18,23,0,,
2026-05-15T23:02:33.071682,clean,sax,"{'w': 144, 'bins': 10}",12,0,2,ok,0,12,0.15534565411508083,0.12940426543354988,0.2861827341839671,10,15,21,0,,
2026-05-15T23:02:33.272454,clean,sax,"{'w': 144, 'bins': 10}",12,1,2,ok,12,24,0.12522307224571705,0.06956529710441828,0.1962099839001894,10,18,24,0,,
2026-05-15T23:02:33.484396,clean,sax,"{'w': 144, 'bins': 10}",12,2,2,ok,24,36,0.12336095236241817,0.08302738051861525,0.20782729797065258,10,22,28,0,,
2026-05-15T23:02:33.681391,clean,sax,"{'w': 144, 'bins': 10}",12,3,2,ok,36,48,0.12082451209425926,0.07129786536097527,0.1931687956675887,10,22,29,0,,
2026-05-15T23:02:33.897271,clean,sax,"{'w': 144, 'bins': 10}",12,4,2,ok,48,60,0.12097461521625519,0.08976467885077,0.21179272513836622,10,18,23,0,,
2026-05-15T23:02:34.185221,clean,sax,"{'w': 144, 'bins': 10}",13,0,2,ok,0,13,0.13487715739756823,0.13468019664287567,0.2710125893354416,10,15,21,0,,
2026-05-15T23:02:34.391627,clean,sax,"{'w': 144, 'bins': 10}",13,1,2,ok,13,26,0.135826813057065,0.06467667501419783,0.20189740881323814,10,28,36,0,,
2026-05-15T23:02:34.643224,clean,sax,"{'w': 144, 'bins': 10}",13,2,2,ok,26,39,0.1355017116293311,0.11007786635309458,0.24703357089310884,10,24,31,0,,
2026-05-15T23:02:34.854539,clean,sax,"{'w': 144, 'bins': 10}",13,3,2,ok,39,52,0.13443561643362045,0.07107158843427896,0.20689260121434927,10,29,34,0,,
2026-05-15T23:02:35.098589,clean,sax,"{'w': 144, 'bins': 10}",13,4,2,ok,52,65,0.13392114918679,0.10402695741504431,0.23966670781373978,10,20,26,0,,
2026-05-15T23:02:35.400096,clean,sax,"{'w': 144, 'bins': 10}",14,0,2,ok,0,14,0.145169198513031,0.14331645611673594,0.2899950323626399,10,15,21,0,,
2026-05-15T23:02:35.643728,clean,sax,"{'w': 144, 'bins': 10}",14,1,2,ok,14,28,0.14352243300527334,0.09365947265177965,0.23898036777973175,10,20,28,0,,
2026-05-15T23:02:35.885908,clean,sax,"{'w': 144, 'bins': 10}",14,2,2,ok,28,42,0.1437315158545971,0.09208719618618488,0.2373469965532422,10,27,35,0,,
2026-05-15T23:02:36.145349,clean,sax,"{'w': 144, 'bins': 10}",14,3,2,ok,42,56,0.14361179061233997,0.10928788967430592,0.254743417724967,10,19,26,0,,
2026-05-15T23:02:36.388005,clean,sax,"{'w': 144, 'bins': 10}",14,4,2,ok,56,70,0.14441533107310534,0.09198195859789848,0.2379603786394,10,13,19,0,,
2026-05-15T23:02:36.734675,clean,sax,"{'w': 144, 'bins': 10}",15,0,2,ok,0,15,0.155243381857872,0.17738719936460257,0.3346148133277893,10,17,26,0,,
2026-05-15T23:02:37.001386,clean,sax,"{'w': 144, 'bins': 10}",15,1,2,ok,15,30,0.15214594826102257,0.10840910766273737,0.2618939932435751,10,22,31,0,,
2026-05-15T23:02:37.240093,clean,sax,"{'w': 144, 'bins': 10}",15,2,2,ok,30,45,0.15355618949979544,0.07818884123116732,0.23363833129405975,10,25,33,0,,
2026-05-15T23:02:37.509811,clean,sax,"{'w': 144, 'bins': 10}",15,3,2,ok,45,60,0.15519866719841957,0.10582836531102657,0.26264575589448214,10,15,21,0,,
2026-05-15T23:02:37.800983,clean,sax,"{'w': 144, 'bins': 10}",15,4,2,ok,60,75,0.1559244617819786,0.12835120595991611,0.28620240092277527,10,12,21,0,,
2026-05-15T23:02:38.157819,clean,sax,"{'w': 144, 'bins': 10}",16,0,2,ok,0,16,0.16658200230449438,0.17627309542149305,0.3445264305919409,10,14,24,0,,
2026-05-15T23:02:38.470574,clean,sax,"{'w': 144, 'bins': 10}",16,1,2,ok,16,32,0.16580152604728937,0.1401692060753703,0.3076357822865248,10,21,28,0,,
2026-05-15T23:02:38.767155,clean,sax,"{'w': 144, 'bins': 10}",16,2,2,ok,32,48,0.16558939591050148,0.12348248064517975,0.29126725532114506,10,23,32,0,,
2026-05-15T23:02:39.046184,clean,sax,"{'w': 144, 'bins': 10}",16,3,2,ok,48,64,0.16545687802135944,0.10644402168691158,0.2736301124095917,10,17,23,0,,
2026-05-15T23:02:39.327352,clean,sax,"{'w': 144, 'bins': 10}",16,4,2,ok,64,80,0.16495128627866507,0.10903298016637564,0.27568459417670965,10,16,23,0,,
2026-05-15T23:02:39.692364,clean,sax,"{'w': 144, 'bins': 10}",17,0,2,ok,0,17,0.17423091549426317,0.17612481582909822,0.35239577759057283,10,14,24,0,,
2026-05-15T23:02:40.013675,clean,sax,"{'w': 144, 'bins': 10}",17,1,2,ok,17,34,0.17452219314873219,0.13947290740907192,0.31580482330173254,10,21,28,0,,
2026-05-15T23:02:40.324347,clean,sax,"{'w': 144, 'bins': 10}",17,2,2,ok,34,51,0.1749447165057063,0.12826750800013542,0.30502315051853657,10,23,32,0,,
2026-05-15T23:02:40.610236,clean,sax,"{'w': 144, 'bins': 10}",17,3,2,ok,51,68,0.17505661770701408,0.10301745869219303,0.28018660843372345,10,13,19,0,,
2026-05-15T23:02:40.885807,clean,sax,"{'w': 144, 'bins': 10}",17,4,2,ok,68,85,0.1753238197416067,0.09297466557472944,0.2701085591688752,10,18,24,0,,
2026-05-15T23:02:41.284844,clean,sax,"{'w': 144, 'bins': 10}",18,0,2,ok,0,18,0.18412920739501715,0.1997194429859519,0.38601215835660696,10,11,21,0,,
2026-05-15T23:02:41.614763,clean,sax,"{'w': 144, 'bins': 10}",18,1,2,ok,18,36,0.1862944895401597,0.13577169924974442,0.3241144996136427,10,18,26,0,,
2026-05-15T23:02:41.946071,clean,sax,"{'w': 144, 'bins': 10}",18,2,2,ok,36,54,0.18667485378682613,0.12788017932325602,0.31640274822711945,10,21,28,0,,
2026-05-15T23:02:42.273824,clean,sax,"{'w': 144, 'bins': 10}",18,3,2,ok,54,72,0.18521667271852493,0.13466793298721313,0.3217541007325053,10,18,27,0,,
2026-05-15T23:02:42.642892,clean,sax,"{'w': 144, 'bins': 10}",18,4,2,ok,72,90,0.18574836291372776,0.17511537857353687,0.3629498742520809,10,16,23,0,,
2026-05-15T23:02:43.066776,clean,sax,"{'w': 144, 'bins': 10}",19,0,2,ok,0,19,0.19441327545791864,0.20595752261579037,0.402029687538743,10,11,21,0,,
2026-05-15T23:02:43.451289,clean,sax,"{'w': 144, 'bins': 10}",19,1,2,ok,19,38,0.19630865845829248,0.17998558655381203,0.3779149726033211,10,27,34,0,,
2026-05-15T23:02:43.778343,clean,sax,"{'w': 144, 'bins': 10}",19,2,2,ok,38,57,0.1953921252861619,0.12363181076943874,0.3206411972641945,10,23,30,0,,
2026-05-15T23:02:44.126404,clean,sax,"{'w': 144, 'bins': 10}",19,3,2,ok,57,76,0.19624629244208336,0.14383577089756727,0.3419464994221926,10,13,23,0,,
2026-05-15T23:02:44.505093,clean,sax,"{'w': 144, 'bins': 10}",19,4,2,ok,76,95,0.1982067283242941,0.17262106854468584,0.37243328616023064,10,15,25,0,,
2026-05-15T23:02:44.931876,clean,sax,"{'w': 144, 'bins': 10}",20,0,2,ok,0,20,0.20512672141194344,0.20506183803081512,0.41214905586093664,10,11,21,0,,
2026-05-15T23:02:45.303127,clean,sax,"{'w': 144, 'bins': 10}",20,1,2,ok,20,40,0.20591177698224783,0.15655103139579296,0.36442972626537085,10,26,34,0,,
2026-05-15T23:02:45.667207,clean,sax,"{'w': 144, 'bins': 10}",20,2,2,ok,40,60,0.20827436912804842,0.1475755637511611,0.3577507669106126,10,19,27,0,,
2026-05-15T23:02:46.061044,clean,sax,"{'w': 144, 'bins': 10}",20,3,2,ok,60,80,0.20857593603432178,0.1766688385978341,0.38718855008482933,10,19,28,0,,
2026-05-15T23:02:46.442636,clean,sax,"{'w': 144, 'bins': 10}",20,4,2,ok,80,100,0.20519646257162094,0.16747025307267904,0.37496080808341503,10,20,30,0,,
2026-05-15T23:02:46.944567,clean,sax,"{'w': 144, 'bins': 10}",21,0,2,ok,0,21,0.21669386141002178,0.2691756449639797,0.48787904530763626,10,13,23,0,,
2026-05-15T23:02:47.335681,clean,sax,"{'w': 144, 'bins': 10}",21,1,2,ok,21,42,0.21717051696032286,0.1654380103573203,0.38464085943996906,10,17,25,0,,
2026-05-15T23:02:47.731729,clean,sax,"{'w': 144, 'bins': 10}",21,2,2,ok,42,63,0.21552912145853043,0.1726610427722335,0.390094474889338,10,15,23,0,,
2026-05-15T23:02:48.121753,clean,sax,"{'w': 144, 'bins': 10}",21,3,2,ok,63,84,0.21222697105258703,0.16907201521098614,0.38324068672955036,10,15,23,0,,
2026-05-15T23:02:48.507735,clean,sax,"{'w': 144, 'bins': 10}",21,4,2,ok,84,105,0.2103731445968151,0.16732333693653345,0.3793525658547878,10,23,34,0,,
2026-05-15T23:02:48.985066,clean,sax,"{'w': 144, 'bins': 10}",22,0,2,ok,0,22,0.2194612342864275,0.2422306789085269,0.46355463564395905,10,19,27,0,,
2026-05-15T23:02:49.376826,clean,sax,"{'w': 144, 'bins': 10}",22,1,2,ok,22,44,0.22017492540180683,0.16330240480601788,0.38537514954805374,10,17,25,0,,
2026-05-15T23:02:49.845904,clean,sax,"{'w': 144, 'bins': 10}",22,2,2,ok,44,66,0.22058621887117624,0.23965370282530785,0.4620929257944226,10,13,21,0,,
2026-05-15T23:02:50.263283,clean,sax,"{'w': 144, 'bins': 10}",22,3,2,ok,66,88,0.21991646941751242,0.18869500327855349,0.41035954002290964,10,19,28,0,,
2026-05-15T23:02:50.640522,clean,sax,"{'w': 144, 'bins': 10}",22,4,2,ok,88,110,0.22400492802262306,0.1439635418355465,0.3700040876865387,10,22,31,0,,
2026-05-15T23:02:51.175395,clean,sax,"{'w': 144, 'bins': 10}",23,0,2,ok,0,23,0.23292521107941866,0.28557328786700964,0.5206206692382693,10,13,23,0,,
2026-05-15T23:02:51.586769,clean,sax,"{'w': 144, 'bins': 10}",23,1,2,ok,23,46,0.2297740550711751,0.17296392377465963,0.40447851177304983,10,13,22,0,,
2026-05-15T23:02:51.974746,clean,sax,"{'w': 144, 'bins': 10}",23,2,2,ok,46,69,0.2290340242907405,0.1504158452153206,0.38112429808825254,10,17,23,0,,
2026-05-15T23:02:52.429487,clean,sax,"{'w': 144, 'bins': 10}",23,3,2,ok,69,92,0.23404827248305082,0.21114511601626873,0.4473231639713049,10,17,25,0,,
2026-05-15T23:02:52.942762,clean,sax,"{'w': 144, 'bins': 10}",23,4,2,ok,92,115,0.2309233658015728,0.272965501062572,0.5058293947950006,10,27,39,0,,
2026-05-15T23:02:53.497699,clean,sax,"{'w': 144, 'bins': 10}",24,0,2,ok,0,24,0.2427886063233018,0.29592485167086124,0.5408866554498672,10,13,23,0,,
2026-05-15T23:02:53.923709,clean,sax,"{'w': 144, 'bins': 10}",24,1,2,ok,24,48,0.2409672224894166,0.1754215443506837,0.4185197139158845,10,26,37,0,,
2026-05-15T23:02:54.345740,clean,sax,"{'w': 144, 'bins': 10}",24,2,2,ok,48,72,0.2423774041235447,0.16490278486162424,0.40941878128796816,10,25,33,0,,
2026-05-15T23:02:54.828347,clean,sax,"{'w': 144, 'bins': 10}",24,3,2,ok,72,96,0.2397250672802329,0.23357474338263273,0.47527723852545023,10,17,26,0,,
2026-05-15T23:02:55.268375,clean,sax,"{'w': 144, 'bins': 10}",24,4,2,ok,96,120,0.24143941141664982,0.18841121904551983,0.43245239183306694,10,18,30,0,,
2026-05-15T23:02:55.792747,clean,sax,"{'w': 144, 'bins': 10}",25,0,2,ok,0,25,0.25227514561265707,0.2546352632343769,0.5091975796967745,10,19,27,0,,
2026-05-15T23:02:56.260309,clean,sax,"{'w': 144, 'bins': 10}",25,1,2,ok,25,50,0.25143092777580023,0.2069055251777172,0.46052364632487297,10,14,24,0,,
2026-05-15T23:02:56.758452,clean,sax,"{'w': 144, 'bins': 10}",25,2,2,ok,50,75,0.2563159139826894,0.23115380015224218,0.490059613250196,10,16,28,0,,
2026-05-15T23:02:57.231683,clean,sax,"{'w': 144, 'bins': 10}",25,3,2,ok,75,100,0.2523877862840891,0.21088083926588297,0.46538859233260155,10,19,29,0,,
2026-05-15T23:02:57.751124,clean,sax,"{'w': 144, 'bins': 10}",25,4,2,ok,100,125,0.25249714218080044,0.2561228107661009,0.5107800550758839,10,15,26,0,,
2026-05-15T23:02:58.074333,clean,persist,{'bins': 11},1,0,2,ok,0,1,0.2702023843303323,0.016475779935717583,0.28707095328718424,10,15,23,0,,
2026-05-15T23:02:58.346528,clean,persist,{'bins': 11},1,1,2,ok,1,2,0.2568963449448347,0.013665025122463703,0.2708458350971341,10,21,26,0,,
2026-05-15T23:02:58.615461,clean,persist,{'bins': 11},1,2,2,ok,2,3,0.2537902435287833,0.013588090427219868,0.2676564073190093,10,12,20,0,,
2026-05-15T23:02:58.917749,clean,persist,{'bins': 11},1,3,2,ok,3,4,0.2779392125084996,0.02236553467810154,0.3008196959272027,10,7,16,0,,
2026-05-15T23:02:59.205858,clean,persist,{'bins': 11},1,4,2,ok,4,5,0.2646066229790449,0.02123433817178011,0.28629022650420666,10,21,30,0,,
2026-05-15T23:02:59.559579,clean,persist,{'bins': 11},2,0,2,ok,0,2,0.2739217886701226,0.06501431856304407,0.3394759027287364,10,24,33,0,,
2026-05-15T23:02:59.898299,clean,persist,{'bins': 11},2,1,2,ok,2,4,0.28589155711233616,0.04972476977854967,0.33605937007814646,10,8,16,0,,
2026-05-15T23:03:00.245045,clean,persist,{'bins': 11},2,2,2,ok,4,6,0.2730121975764632,0.07087492942810059,0.3444580202922225,10,18,30,0,,
2026-05-15T23:03:00.575490,clean,persist,{'bins': 11},2,3,2,ok,6,8,0.27350164763629436,0.053797267377376556,0.3278666129335761,10,20,32,0,,
2026-05-15T23:03:00.905871,clean,persist,{'bins': 11},2,4,2,ok,8,10,0.27909580804407597,0.04824867378920317,0.32794079277664423,10,22,33,0,,
2026-05-15T23:03:01.281303,clean,persist,{'bins': 11},3,0,2,ok,0,3,0.2857828615233302,0.07386026252061129,0.3603302566334605,10,17,32,0,,
2026-05-15T23:03:01.662785,clean,persist,{'bins': 11},3,1,2,ok,3,6,0.2997201681137085,0.07837809808552265,0.37878947611898184,10,11,22,0,,
2026-05-15T23:03:02.060516,clean,persist,{'bins': 11},3,2,2,ok,6,9,0.29212063923478127,0.10196381714195013,0.39477118756622076,10,9,22,0,,
2026-05-15T23:03:02.425385,clean,persist,{'bins': 11},3,3,2,ok,9,12,0.26768949907273054,0.09392881859093904,0.3621649155393243,10,24,37,0,,
2026-05-15T23:03:02.811723,clean,persist,{'bins': 11},3,4,2,ok,12,15,0.2848131963983178,0.09815399441868067,0.3836673879995942,10,21,35,0,,
2026-05-15T23:03:03.246396,clean,persist,{'bins': 11},4,0,2,ok,0,4,0.28514446038752794,0.13442709017544985,0.42024465650320053,10,9,21,0,,
2026-05-15T23:03:03.702421,clean,persist,{'bins': 11},4,1,2,ok,4,8,0.29288166016340256,0.15878088399767876,0.45249346643686295,10,22,36,0,,
2026-05-15T23:03:04.117544,clean,persist,{'bins': 11},4,2,2,ok,8,12,0.2912633065134287,0.1197625556960702,0.4118649698793888,10,16,31,0,,
2026-05-15T23:03:04.634441,clean,persist,{'bins': 11},4,3,2,ok,12,16,0.29880818352103233,0.21347106900066137,0.5131514333188534,10,20,40,0,,
2026-05-15T23:03:05.028357,clean,persist,{'bins': 11},4,4,2,ok,16,20,0.28851683158427477,0.10132128931581974,0.39054363779723644,10,25,36,0,,
2026-05-15T23:03:05.575919,clean,persist,{'bins': 11},5,0,2,ok,0,5,0.31170679815113544,0.21984033659100533,0.5325126592069864,10,20,34,0,,
2026-05-15T23:03:06.087753,clean,persist,{'bins': 11},5,1,2,ok,5,10,0.29060077108442783,0.21573188062757254,0.5074403947219253,10,23,40,0,,
2026-05-15T23:03:06.615698,clean,persist,{'bins': 11},5,2,2,ok,10,15,0.30840224027633667,0.21427362877875566,0.5237548481673002,10,24,39,0,,
2026-05-15T23:03:07.104889,clean,persist,{'bins': 11},5,3,2,ok,15,20,0.3058999069035053,0.17839090712368488,0.4854757320135832,10,20,35,0,,
2026-05-15T23:03:07.572281,clean,persist,{'bins': 11},5,4,2,ok,20,25,0.2960983281955123,0.16623039077967405,0.46341168507933617,10,11,22,0,,
2026-05-15T23:03:08.125352,clean,persist,{'bins': 11},6,0,2,ok,0,6,0.3164948904886842,0.21887040231376886,0.5365370763465762,10,20,31,0,,
2026-05-15T23:03:08.683129,clean,persist,{'bins': 11},6,1,2,ok,6,12,0.30832103081047535,0.2442728979513049,0.5536789698526263,10,16,29,0,,
2026-05-15T23:03:09.308412,clean,persist,{'bins': 11},6,2,2,ok,12,18,0.3123314222320914,0.3071360718458891,0.620685264468193,10,23,40,0,,
2026-05-15T23:03:09.909180,clean,persist,{'bins': 11},6,3,2,ok,18,24,0.30801475513726473,0.28645987529307604,0.5956691764295101,10,26,45,0,,
2026-05-15T23:03:10.590086,clean,persist,{'bins': 11},6,4,2,ok,24,30,0.331525344401598,0.34329026471823454,0.6760399714112282,10,19,39,0,,
2026-05-15T23:03:11.238275,clean,persist,{'bins': 11},7,0,2,ok,0,7,0.3186214193701744,0.3110311357304454,0.6310079535469413,10,15,30,0,,
2026-05-15T23:03:11.869924,clean,persist,{'bins': 11},7,1,2,ok,7,14,0.330457104369998,0.29516844917088747,0.6268087578937411,10,25,41,0,,
2026-05-15T23:03:12.503449,clean,persist,{'bins': 11},7,2,2,ok,14,21,0.3236954193562269,0.30348996724933386,0.6284496737644076,10,24,38,0,,
2026-05-15T23:03:13.087334,clean,persist,{'bins': 11},7,3,2,ok,21,28,0.3149710251018405,0.26284693367779255,0.5791475791484118,10,10,21,0,,
2026-05-15T23:03:13.921457,clean,persist,{'bins': 11},7,4,2,ok,28,35,0.3113775663077831,0.5147166652604938,0.8273064624518156,10,23,44,0,,
2026-05-15T23:03:14.628696,clean,persist,{'bins': 11},8,0,2,ok,0,8,0.33992084953933954,0.3477372666820884,0.6892217062413692,10,18,30,0,,
2026-05-15T23:03:15.659775,clean,persist,{'bins': 11},8,1,2,ok,8,16,0.3355446392670274,0.6875486802309752,1.024632534943521,10,8,24,0,,
2026-05-15T23:03:16.392994,clean,persist,{'bins': 11},8,2,2,ok,16,24,0.30786110647022724,0.4187841806560755,0.7279983507469296,10,17,33,0,,
2026-05-15T23:03:17.274603,clean,persist,{'bins': 11},8,3,2,ok,24,32,0.319702192209661,0.5544141000136733,0.8754562111571431,10,31,61,0,,
2026-05-15T23:03:18.116907,clean,persist,{'bins': 11},8,4,2,ok,32,40,0.34926351625472307,0.4840399231761694,0.8347206637263298,10,48,75,0,,
2026-05-15T23:03:18.897561,clean,persist,{'bins': 11},9,0,2,ok,0,9,0.33596953842788935,0.4185210857540369,0.7562127420678735,10,10,20,0,,
2026-05-15T23:03:19.827859,clean,persist,{'bins': 11},9,1,2,ok,9,18,0.3502539284527302,0.571206665597856,0.9230868723243475,10,22,42,0,,
2026-05-15T23:03:20.705573,clean,persist,{'bins': 11},9,2,2,ok,18,27,0.3336300700902939,0.5359926903620362,0.8711845278739929,10,18,36,0,,
2026-05-15T23:03:21.691503,clean,persist,{'bins': 11},9,3,2,ok,27,36,0.3445380311459303,0.6331879822537303,0.9793062638491392,10,23,46,0,,
2026-05-15T23:03:22.598940,clean,persist,{'bins': 11},9,4,2,ok,36,45,0.32289345283061266,0.5753336753696203,0.8999036001041532,10,27,45,0,,
2026-05-15T23:03:23.477723,clean,persist,{'bins': 11},10,0,2,ok,0,10,0.33534786850214005,0.5146756889298558,0.8516996195539832,10,22,39,0,,
2026-05-15T23:03:24.587719,clean,persist,{'bins': 11},10,1,2,ok,10,20,0.36298873368650675,0.7373160496354103,1.1019575912505388,10,33,54,0,,
2026-05-15T23:03:25.799651,clean,persist,{'bins': 11},10,2,2,ok,20,30,0.37865657545626163,0.8236825680360198,1.204026285558939,10,23,45,0,,
2026-05-15T23:03:26.848957,clean,persist,{'bins': 11},10,3,2,ok,30,40,0.37873207684606314,0.6614655340090394,1.0419656448066235,10,15,33,0,,
2026-05-15T23:03:27.794774,clean,persist,{'bins': 11},10,4,2,ok,40,50,0.37152035627514124,0.5659898845478892,0.9391621984541416,10,19,43,0,,
2026-05-15T23:03:28.839863,clean,persist,{'bins': 11},11,0,2,ok,0,11,0.37753918394446373,0.6459507094696164,1.0253291614353657,10,26,47,0,,
2026-05-15T23:03:29.904296,clean,persist,{'bins': 11},11,1,2,ok,11,22,0.3900781823322177,0.6643659370020032,1.056286702863872,10,23,41,0,,
2026-05-15T23:03:31.176355,clean,persist,{'bins': 11},11,2,2,ok,22,33,0.34946911223232746,0.9120349893346429,1.2633807007223368,10,20,41,0,,
2026-05-15T23:03:32.260374,clean,persist,{'bins': 11},11,3,2,ok,33,44,0.3535792203620076,0.7200056882575154,1.0753842620179057,10,19,40,0,,
2026-05-15T23:03:33.428893,clean,persist,{'bins': 11},11,4,2,ok,44,55,0.3711772309616208,0.7868015365675092,1.1598581410944462,10,23,44,0,,
2026-05-15T23:03:34.716555,clean,persist,{'bins': 11},12,0,2,ok,0,12,0.37663982156664133,0.8875138219445944,1.2660999335348606,10,33,54,0,,
2026-05-15T23:03:35.848134,clean,persist,{'bins': 11},12,1,2,ok,12,24,0.3726400909945369,0.7394695468246937,1.1139863561838865,10,11,27,0,,
2026-05-15T23:03:37.201744,clean,persist,{'bins': 11},12,2,2,ok,24,36,0.3964934041723609,0.9445730224251747,1.3429181287065148,10,41,73,0,,
2026-05-15T23:03:38.356222,clean,persist,{'bins': 11},12,3,2,ok,36,48,0.35767448134720325,0.7860168414190412,1.1456618178635836,10,14,27,0,,
2026-05-15T23:03:39.697334,clean,persist,{'bins': 11},12,4,2,ok,48,60,0.36826266068965197,0.9544135462492704,1.3246092814952135,10,19,41,0,,
2026-05-15T23:03:41.013129,clean,persist,{'bins': 11},13,0,2,ok,0,13,0.3900596462190151,0.895859133452177,1.2879133392125368,10,25,45,0,,
2026-05-15T23:03:42.495155,clean,persist,{'bins': 11},13,1,2,ok,13,26,0.3885032907128334,1.0814864644780755,1.4720428250730038,10,35,60,0,,
2026-05-15T23:03:44.156703,clean,persist,{'bins': 11},13,2,2,ok,26,39,0.3915028190240264,1.2563517624512315,1.6499820612370968,10,30,52,0,,
2026-05-15T23:03:45.216294,clean,persist,{'bins': 11},13,3,2,ok,39,52,0.3788101328536868,0.6700606727972627,1.050901203416288,10,21,39,0,,
2026-05-15T23:03:46.869749,clean,persist,{'bins': 11},13,4,2,ok,52,65,0.3993363091722131,1.2416502870619297,1.6431111209094524,10,10,23,0,,
2026-05-15T23:03:48.311115,clean,persist,{'bins': 11},14,0,2,ok,0,14,0.3881611870601773,1.029016644693911,1.4193051801994443,10,22,40,0,,
2026-05-15T23:03:49.941518,clean,persist,{'bins': 11},14,1,2,ok,14,28,0.3976333364844322,1.2194248354062438,1.6193824224174023,10,32,53,0,,
2026-05-15T23:03:51.917920,clean,persist,{'bins': 11},14,2,2,ok,28,42,0.4064648514613509,1.5560490833595395,1.9648131793364882,10,20,39,0,,
2026-05-15T23:03:53.607849,clean,persist,{'bins': 11},14,3,2,ok,42,56,0.37810178101062775,1.2981499750167131,1.6784716108813882,10,26,50,0,,
2026-05-15T23:03:55.102587,clean,persist,{'bins': 11},14,4,2,ok,56,70,0.41648747865110636,1.0661556655541062,1.4848165716975927,10,31,55,0,,
2026-05-15T23:03:56.887925,clean,persist,{'bins': 11},15,0,2,ok,0,15,0.37159265112131834,1.3813386484980583,1.7553179375827312,10,16,33,0,,
2026-05-15T23:03:58.424250,clean,persist,{'bins': 11},15,1,2,ok,15,30,0.37110361084342003,1.1515613086521626,1.5250389035791159,10,13,28,0,,
2026-05-15T23:04:00.020428,clean,persist,{'bins': 11},15,2,2,ok,30,45,0.384324231185019,1.1985966404899955,1.585271661169827,10,20,40,0,,
2026-05-15T23:04:01.661267,clean,persist,{'bins': 11},15,3,2,ok,45,60,0.40073622949421406,1.2270935429260135,1.6301707345992327,10,28,50,0,,
2026-05-15T23:04:03.657935,clean,persist,{'bins': 11},15,4,2,ok,60,75,0.42450445238500834,1.5579338949173689,1.9848337629809976,10,21,41,0,,
2026-05-15T23:04:05.216343,clean,persist,{'bins': 11},16,0,2,ok,0,16,0.413338016718626,1.1209891196340322,1.5366332232952118,10,17,35,0,,
2026-05-15T23:04:06.747345,clean,persist,{'bins': 11},16,1,2,ok,16,32,0.40478633623570204,1.1115983529016376,1.5188036672770977,10,37,57,0,,
2026-05-15T23:04:08.483709,clean,persist,{'bins': 11},16,2,2,ok,32,48,0.41520663909614086,1.3066247291862965,1.7242894796654582,10,22,41,0,,
2026-05-15T23:04:10.376185,clean,persist,{'bins': 11},16,3,2,ok,48,64,0.40249447617679834,1.475363644771278,1.88048748485744,10,24,46,0,,
2026-05-15T23:04:12.177564,clean,persist,{'bins': 11},16,4,2,ok,64,80,0.4336630729958415,1.3522841231897473,1.7885346710681915,10,22,40,0,,
2026-05-15T23:04:14.001302,clean,persist,{'bins': 11},17,0,2,ok,0,17,0.43266811221838,1.3656364474445581,1.8007991211488843,10,12,28,0,,
2026-05-15T23:04:15.772997,clean,persist,{'bins': 11},17,1,2,ok,17,34,0.4305582446977496,1.326223399490118,1.75936025287956,10,26,50,0,,
2026-05-15T23:04:17.649431,clean,persist,{'bins': 11},17,2,2,ok,34,51,0.40210299007594585,1.4586935164406896,1.8634115932509303,10,28,54,0,,
2026-05-15T23:04:19.414558,clean,persist,{'bins': 11},17,3,2,ok,51,68,0.42747647128999233,1.3232215233147144,1.753261735662818,10,24,42,0,,
2026-05-15T23:04:21.168427,clean,persist,{'bins': 11},17,4,2,ok,68,85,0.4301294395700097,1.3084734613075852,1.7412107149139047,10,25,49,0,,
2026-05-15T23:04:23.151413,clean,persist,{'bins': 11},18,0,2,ok,0,18,0.43019513227045536,1.5257089175283909,1.958850510418415,10,15,32,0,,
2026-05-15T23:04:25.261908,clean,persist,{'bins': 11},18,1,2,ok,18,36,0.43620732706040144,1.6574149886146188,2.09627937246114,10,14,30,0,,
2026-05-15T23:04:27.304773,clean,persist,{'bins': 11},18,2,2,ok,36,54,0.45285047125071287,1.5737055959179997,2.029317921027541,10,26,49,0,,
2026-05-15T23:04:29.095221,clean,persist,{'bins': 11},18,3,2,ok,54,72,0.4230419211089611,1.3516363622620702,1.7774977944791317,10,24,43,0,,
2026-05-15T23:04:30.871927,clean,persist,{'bins': 11},18,4,2,ok,72,90,0.408973578363657,1.3513884441927075,1.763910154812038,10,28,46,0,,
2026-05-15T23:04:33.471451,clean,persist,{'bins': 11},19,0,2,ok,0,19,0.4413304887712002,2.1278475280851126,2.5721846111118793,10,12,28,0,,
2026-05-15T23:04:36.346820,clean,persist,{'bins': 11},19,1,2,ok,19,38,0.43456311523914337,2.4208847051486373,2.858512363396585,10,24,44,0,,
2026-05-15T23:04:38.440412,clean,persist,{'bins': 11},19,2,2,ok,38,57,0.4693669369444251,1.607678895816207,2.079930796287954,10,18,37,0,,
2026-05-15T23:04:40.976433,clean,persist,{'bins': 11},19,3,2,ok,57,76,0.47925940807908773,2.0397133734077215,2.5220585241913795,10,31,56,0,,
2026-05-15T23:04:43.280739,clean,persist,{'bins': 11},19,4,2,ok,76,95,0.4375339103862643,1.8480407036840916,2.2885054750368,10,25,45,0,,
2026-05-15T23:04:45.982016,clean,persist,{'bins': 11},20,0,2,ok,0,20,0.4759470699355006,2.1926372703164816,2.671663710847497,10,30,54,0,,
2026-05-15T23:04:49.025005,clean,persist,{'bins': 11},20,1,2,ok,20,40,0.484877391718328,2.5391093529760838,3.027247866615653,10,32,62,0,,
2026-05-15T23:04:51.429436,clean,persist,{'bins': 11},20,2,2,ok,40,60,0.48849317990243435,1.8977816523984075,2.389524702914059,10,21,43,0,,
2026-05-15T23:04:53.875562,clean,persist,{'bins': 11},20,3,2,ok,60,80,0.4655624618753791,1.95386094879359,2.4226274359971285,10,30,58,0,,
2026-05-15T23:04:56.881026,clean,persist,{'bins': 11},20,4,2,ok,80,100,0.44373120181262493,2.5416047712787986,2.988638022914529,10,19,40,0,,
2026-05-15T23:04:59.810755,clean,persist,{'bins': 11},21,0,2,ok,0,21,0.47580349911004305,2.4191088089719415,2.8981977850198746,10,31,49,0,,
2026-05-15T23:05:02.424173,clean,persist,{'bins': 11},21,1,2,ok,21,42,0.47341631073504686,2.121016776189208,2.5974969174712896,10,28,53,0,,
2026-05-15T23:05:04.974003,clean,persist,{'bins': 11},21,2,2,ok,42,63,0.4403221206739545,2.0903135119006038,2.533711005933583,10,38,70,0,,
2026-05-15T23:05:07.613116,clean,persist,{'bins': 11},21,3,2,ok,63,84,0.44473069999367,2.176266061142087,2.624117759987712,10,21,42,0,,
2026-05-15T23:05:10.041278,clean,persist,{'bins': 11},21,4,2,ok,84,105,0.45020561572164297,1.9524901770055294,2.4060807982459664,10,13,27,0,,
2026-05-15T23:05:12.491428,clean,persist,{'bins': 11},22,0,2,ok,0,22,0.4626921443268657,1.9552669283002615,2.4213431356474757,10,29,47,0,,
2026-05-15T23:05:15.289816,clean,persist,{'bins': 11},22,1,2,ok,22,44,0.46344352699816227,2.314205540344119,2.78096061386168,10,19,37,0,,
2026-05-15T23:05:18.568605,clean,persist,{'bins': 11},22,2,2,ok,44,66,0.4985098419710994,2.759665049612522,3.261643113568425,10,31,56,0,,
2026-05-15T23:05:21.336260,clean,persist,{'bins': 11},22,3,2,ok,66,88,0.46061302442103624,2.285967852920294,2.750023108907044,10,30,59,0,,
2026-05-15T23:05:23.917831,clean,persist,{'bins': 11},22,4,2,ok,88,110,0.47517975326627493,2.0848926631733775,2.5634592762216926,10,26,45,0,,
2026-05-15T23:05:26.550027,clean,persist,{'bins': 11},23,0,2,ok,0,23,0.49135048035532236,2.1077336007729173,2.6025690445676446,10,33,55,0,,
2026-05-15T23:05:29.496241,clean,persist,{'bins': 11},23,1,2,ok,23,46,0.48401008918881416,2.441091723740101,2.928603616543114,10,23,42,0,,
2026-05-15T23:05:32.575813,clean,persist,{'bins': 11},23,2,2,ok,46,69,0.5150976423174143,2.5437534200027585,3.0623143846169114,10,27,52,0,,
2026-05-15T23:05:35.795370,clean,persist,{'bins': 11},23,3,2,ok,69,92,0.4849858833476901,2.712738424539566,3.2014543218538165,10,36,61,0,,
2026-05-15T23:05:38.705095,clean,persist,{'bins': 11},23,4,2,ok,92,115,0.4930671462789178,2.3964022686704993,2.8928341222926974,10,9,23,0,,
2026-05-15T23:05:41.743288,clean,persist,{'bins': 11},24,0,2,ok,0,24,0.4570993361994624,2.5483504608273506,3.0089219454675913,10,24,47,0,,
2026-05-15T23:05:44.463005,clean,persist,{'bins': 11},24,1,2,ok,24,48,0.48100131936371326,2.217748038470745,2.702331884764135,10,20,38,0,,
2026-05-15T23:05:47.466625,clean,persist,{'bins': 11},24,2,2,ok,48,72,0.45981573313474655,2.5233107274398208,2.9865548461675644,10,22,45,0,,
2026-05-15T23:05:50.790192,clean,persist,{'bins': 11},24,3,2,ok,72,96,0.48427180852741003,2.8177766362205148,3.3054729541763663,10,25,48,0,,
2026-05-15T23:05:53.575810,clean,persist,{'bins': 11},24,4,2,ok,96,120,0.47551568411290646,2.289322909899056,2.7686973297968507,10,22,44,0,,
2026-05-15T23:05:57.229267,clean,persist,{'bins': 11},25,0,2,ok,0,25,0.5140440305694938,3.103205823339522,3.6213534893468022,10,31,56,0,,
2026-05-15T23:06:01.684813,clean,persist,{'bins': 11},25,1,2,ok,25,50,0.5245691705495119,3.895951240323484,4.425617654807866,10,37,64,0,,
2026-05-15T23:06:05.099200,clean,persist,{'bins': 11},25,2,2,ok,50,75,0.5134598109871149,2.878943064250052,3.3960679955780506,10,25,55,0,,
2026-05-15T23:06:08.285321,clean,persist,{'bins': 11},25,3,2,ok,75,100,0.488920608535409,2.6752547826617956,3.1678824415430427,10,30,56,0,,
2026-05-15T23:06:11.724526,clean,persist,{'bins': 11},25,4,2,ok,100,125,0.5215693293139338,2.8936296766623855,3.418893963098526,10,25,50,0,,
2026-05-15T23:06:11.915377,noisy,naive,{'bins': 10},1,0,2,ok,0,1,0.0006219586357474327,0.1431310037150979,0.14424758218228817,10,31,58,0,,
2026-05-15T23:06:12.296213,noisy,naive,{'bins': 10},1,1,2,ok,1,2,0.0005309479311108589,0.37651385832577944,0.3774597765877843,10,1,10,0,,
2026-05-15T23:06:12.531637,noisy,naive,{'bins': 10},1,2,2,ok,2,3,0.000746644102036953,0.23047669045627117,0.23166615702211857,10,48,79,0,,
2026-05-15T23:06:12.656865,noisy,naive,{'bins': 10},1,3,2,ok,3,4,0.0005352068692445755,0.12148958910256624,0.12239964120090008,10,33,55,0,,
2026-05-15T23:06:12.832397,noisy,naive,{'bins': 10},1,4,2,ok,4,5,0.0005419785156846046,0.17150962352752686,0.17243665643036366,10,41,69,0,,
2026-05-15T23:06:13.351088,noisy,naive,{'bins': 10},2,0,2,ok,0,2,0.0007379986345767975,0.4938819371163845,0.49528871197253466,10,22,46,0,,
2026-05-15T23:06:13.603841,noisy,naive,{'bins': 10},2,1,2,ok,2,4,0.0007321164011955261,0.2473908755928278,0.24866965971887112,10,25,46,0,,
2026-05-15T23:06:14.271989,noisy,naive,{'bins': 10},2,2,2,ok,4,6,0.0007443595677614212,0.6613932102918625,0.6627203766256571,10,28,55,0,,
2026-05-15T23:06:14.340204,noisy,naive,{'bins': 10},2,3,2,ok,6,8,0.0010029161348938942,0.06369126122444868,0.06525933928787708,10,7,12,0,,
2026-05-15T23:06:14.521396,noisy,naive,{'bins': 10},2,4,2,ok,8,10,0.0007827719673514366,0.1759948767721653,0.1773496838286519,10,28,45,0,,
2026-05-15T23:06:15.010577,noisy,naive,{'bins': 10},3,0,2,ok,0,3,0.001005810685455799,0.46473836712539196,0.46650181245058775,10,20,41,0,,
2026-05-15T23:06:16.002824,noisy,naive,{'bins': 10},3,1,2,ok,3,6,0.0009745219722390175,0.9836636940017343,0.985416429117322,10,14,31,0,,
2026-05-15T23:06:16.149982,noisy,naive,{'bins': 10},3,2,2,ok,6,9,0.0009287260472774506,0.14186858851462603,0.14346146397292614,10,11,20,0,,
2026-05-15T23:06:16.388780,noisy,naive,{'bins': 10},3,3,2,ok,9,12,0.0010097874328494072,0.2327297469601035,0.23443523235619068,10,29,50,0,,
2026-05-15T23:06:16.708228,noisy,naive,{'bins': 10},3,4,2,ok,12,15,0.0010405471548438072,0.3126917006447911,0.3144490858539939,10,22,42,0,,
2026-05-15T23:06:17.448246,noisy,naive,{'bins': 10},4,0,2,ok,0,4,0.0013965759426355362,0.7129117827862501,0.7152776820585132,10,34,65,0,,
2026-05-15T23:06:17.675163,noisy,naive,{'bins': 10},4,1,2,ok,4,8,0.0014295782893896103,0.21974618453532457,0.22205249033868313,10,13,22,0,,
2026-05-15T23:06:18.204422,noisy,naive,{'bins': 10},4,2,2,ok,8,12,0.0012102555483579636,0.5210357140749693,0.5230773836374283,10,38,67,0,,
2026-05-15T23:06:19.000142,noisy,naive,{'bins': 10},4,3,2,ok,12,16,0.0012367954477667809,0.7864580936729908,0.7886041896417737,10,39,71,0,,
2026-05-15T23:06:19.419777,noisy,naive,{'bins': 10},4,4,2,ok,16,20,0.0012852475047111511,0.4114308822900057,0.4136243173852563,10,27,41,0,,
2026-05-15T23:06:20.510756,noisy,naive,{'bins': 10},5,0,2,ok,0,5,0.0012309756129980087,1.063929689116776,1.0663129016757011,10,32,68,0,,
2026-05-15T23:06:20.855377,noisy,naive,{'bins': 10},5,1,2,ok,5,10,0.0014242781326174736,0.3362053046002984,0.33871226850897074,10,14,26,0,,
2026-05-15T23:06:21.381677,noisy,naive,{'bins': 10},5,2,2,ok,10,15,0.001621629111468792,0.5174862705171108,0.5202552666887641,10,17,39,0,,
2026-05-15T23:06:22.105967,noisy,naive,{'bins': 10},5,3,2,ok,15,20,0.0014310907572507858,0.7135874824598432,0.71617142111063,10,33,51,0,,
2026-05-15T23:06:22.535519,noisy,naive,{'bins': 10},5,4,2,ok,20,25,0.0015060119330883026,0.4205233994871378,0.42311311792582273,10,17,31,0,,
2026-05-15T23:06:24.248587,noisy,naive,{'bins': 10},6,0,2,ok,0,6,0.0016909390687942505,1.6828925972804427,1.6860008724033833,10,31,69,0,,
2026-05-15T23:06:24.842418,noisy,naive,{'bins': 10},6,1,2,ok,6,12,0.001573118381202221,0.583786616101861,0.5866028927266598,10,27,44,0,,
2026-05-15T23:06:25.534531,noisy,naive,{'bins': 10},6,2,2,ok,12,18,0.001628541387617588,0.6813120050355792,0.6842846749350429,10,20,36,0,,
2026-05-15T23:06:26.253737,noisy,naive,{'bins': 10},6,3,2,ok,18,24,0.0015803510323166847,0.7079722145572305,0.7108726482838392,10,20,40,0,,
2026-05-15T23:06:26.824454,noisy,naive,{'bins': 10},6,4,2,ok,24,30,0.0021239444613456726,0.560026379302144,0.5635087583214045,10,19,37,0,,
2026-05-15T23:06:28.577617,noisy,naive,{'bins': 10},7,0,2,ok,0,7,0.002018595114350319,1.7205894980579615,1.7241884749382734,10,24,54,0,,
2026-05-15T23:06:29.318586,noisy,naive,{'bins': 10},7,1,2,ok,7,14,0.0018954137340188026,0.7297679372131824,0.7330412222072482,10,26,49,0,,
2026-05-15T23:06:30.381537,noisy,naive,{'bins': 10},7,2,2,ok,14,21,0.001906263642013073,1.0489032538607717,1.0523928850889206,10,31,54,0,,
2026-05-15T23:06:31.184841,noisy,naive,{'bins': 10},7,3,2,ok,21,28,0.0018277475610375404,0.7916886573657393,0.7949612718075514,10,16,37,0,,
2026-05-15T23:06:31.827914,noisy,naive,{'bins': 10},7,4,2,ok,28,35,0.002018524333834648,0.6318550705909729,0.635388002730906,10,14,30,0,,
2026-05-15T23:06:32.679262,noisy,naive,{'bins': 10},8,0,2,ok,0,8,0.0021395832300186157,0.8220411790534854,0.825792383402586,10,20,36,0,,
2026-05-15T23:06:33.879049,noisy,naive,{'bins': 10},8,1,2,ok,8,16,0.0023740138858556747,1.185126205906272,1.1892051454633474,10,26,55,0,,
2026-05-15T23:06:35.113995,noisy,naive,{'bins': 10},8,2,2,ok,16,24,0.0021862396970391273,1.220838025212288,1.224568197503686,10,13,34,0,,
2026-05-15T23:06:35.694096,noisy,naive,{'bins': 10},8,3,2,ok,24,32,0.002094799652695656,0.5678545571863651,0.5715142395347357,10,28,47,0,,
2026-05-15T23:06:36.901568,noisy,naive,{'bins': 10},8,4,2,ok,32,40,0.0026974622160196304,1.1914288764819503,1.195947252213955,10,25,50,0,,
2026-05-15T23:06:37.913810,noisy,naive,{'bins': 10},9,0,2,ok,0,9,0.0023552896454930305,0.9813759103417397,0.9855831516906619,10,19,35,0,,
2026-05-15T23:06:39.356022,noisy,naive,{'bins': 10},9,1,2,ok,9,18,0.0022745970636606216,1.4251772370189428,1.429227503016591,10,22,46,0,,
2026-05-15T23:06:40.617851,noisy,naive,{'bins': 10},9,2,2,ok,18,27,0.0026090554893016815,1.246136873960495,1.2505772141739726,10,28,59,0,,
2026-05-15T23:06:41.639259,noisy,naive,{'bins': 10},9,3,2,ok,27,36,0.0025919945910573006,1.0069148112088442,1.0113408332690597,10,17,35,0,,
2026-05-15T23:06:43.243492,noisy,naive,{'bins': 10},9,4,2,ok,36,45,0.00249410979449749,1.587486568838358,1.5917733199894428,10,30,58,0,,
2026-05-15T23:06:44.430201,noisy,naive,{'bins': 10},10,0,2,ok,0,10,0.0029321731999516487,1.1522836098447442,1.1571211647242308,10,21,40,0,,
2026-05-15T23:06:46.168431,noisy,naive,{'bins': 10},10,1,2,ok,10,20,0.0030562561005353928,1.7198539823293686,1.7248718878254294,10,34,63,0,,
2026-05-15T23:06:47.784832,noisy,naive,{'bins': 10},10,2,2,ok,20,30,0.0031089354306459427,1.5990195851773024,1.6040256172418594,10,36,68,0,,
2026-05-15T23:06:49.139926,noisy,naive,{'bins': 10},10,3,2,ok,30,40,0.002977588213980198,1.338837849907577,1.343753452412784,10,17,34,0,,
2026-05-15T23:06:50.608407,noisy,naive,{'bins': 10},10,4,2,ok,40,50,0.00290538277477026,1.4511353047564626,1.4558726623654366,10,22,47,0,,
2026-05-15T23:06:52.067145,noisy,naive,{'bins': 10},11,0,2,ok,0,11,0.0031524980440735817,1.4232346918433905,1.4285359708592296,10,24,45,0,,
2026-05-15T23:06:54.062451,noisy,naive,{'bins': 10},11,1,2,ok,11,22,0.0029888907447457314,1.9760347111150622,1.9810037640854716,10,21,48,0,,
2026-05-15T23:06:55.046030,noisy,naive,{'bins': 10},11,2,2,ok,22,33,0.0037281913682818413,0.9662339063361287,0.9732486763969064,10,20,37,0,,
2026-05-15T23:06:57.139703,noisy,naive,{'bins': 10},11,3,2,ok,33,44,0.0030440445989370346,2.073795801959932,2.078970051370561,10,30,56,0,,
2026-05-15T23:06:58.902123,noisy,naive,{'bins': 10},11,4,2,ok,44,55,0.003351260907948017,1.743147749453783,1.7485700845718384,10,18,40,0,,
2026-05-15T23:07:00.580793,noisy,naive,{'bins': 10},12,0,2,ok,0,12,0.003372962586581707,1.6408429434522986,1.6462529757991433,10,13,28,0,,
2026-05-15T23:07:02.693178,noisy,naive,{'bins': 10},12,1,2,ok,12,24,0.003500661812722683,2.090816805139184,2.096503627486527,10,35,67,0,,
2026-05-15T23:07:03.739761,noisy,naive,{'bins': 10},12,2,2,ok,24,36,0.0035743005573749542,1.029283025301993,1.0349199548363686,10,17,33,0,,
2026-05-15T23:07:06.355761,noisy,naive,{'bins': 10},12,3,2,ok,36,48,0.003463643603026867,2.594622346572578,2.600273353047669,10,29,61,0,,
2026-05-15T23:07:07.870708,noisy,naive,{'bins': 10},12,4,2,ok,48,60,0.003619004972279072,1.4942910578101873,1.500256654806435,10,23,44,0,,
2026-05-15T23:07:09.843643,noisy,naive,{'bins': 10},13,0,2,ok,0,13,0.003586484119296074,1.934229388833046,1.9401483293622732,10,25,45,0,,
2026-05-15T23:07:11.945367,noisy,naive,{'bins': 10},13,1,2,ok,13,26,0.0038238493725657463,2.079988340847194,2.086113728582859,10,14,36,0,,
2026-05-15T23:07:13.898179,noisy,naive,{'bins': 10},13,2,2,ok,26,39,0.0038374364376068115,1.9315604800358415,1.937811054289341,10,19,40,0,,
2026-05-15T23:07:16.666007,noisy,naive,{'bins': 10},13,3,2,ok,39,52,0.0038121789693832397,2.7435105005279183,2.74967101495713,10,35,72,0,,
2026-05-15T23:07:18.252948,noisy,naive,{'bins': 10},13,4,2,ok,52,65,0.0046005696058273315,1.5631178515031934,1.5712336711585522,10,23,46,0,,
2026-05-15T23:07:20.625397,noisy,naive,{'bins': 10},14,0,2,ok,0,14,0.0038449903950095177,2.3314513079822063,2.337869346141815,10,25,47,0,,
2026-05-15T23:07:22.852331,noisy,naive,{'bins': 10},14,1,2,ok,14,28,0.003983880393207073,2.204445936717093,2.210975334048271,10,13,32,0,,
2026-05-15T23:07:25.089705,noisy,naive,{'bins': 10},14,2,2,ok,28,42,0.003768506459891796,2.2153464229777455,2.2215441968292,10,21,45,0,,
2026-05-15T23:07:27.992563,noisy,naive,{'bins': 10},14,3,2,ok,42,56,0.00423771794885397,2.8781022801995277,2.885158617980778,10,26,56,0,,
2026-05-15T23:07:30.096384,noisy,naive,{'bins': 10},14,4,2,ok,56,70,0.0038363635540008545,2.081359134055674,2.0877303648740053,10,16,34,0,,
2026-05-15T23:07:32.682552,noisy,naive,{'bins': 10},15,0,2,ok,0,15,0.004006552509963512,2.544210348278284,2.550870140083134,10,24,44,0,,
2026-05-15T23:07:35.342286,noisy,naive,{'bins': 10},15,1,2,ok,15,30,0.004286801442503929,2.6344674481078982,2.6413813894614577,10,30,53,0,,
2026-05-15T23:07:37.939817,noisy,naive,{'bins': 10},15,2,2,ok,30,45,0.004060413688421249,2.573185047134757,2.579808421432972,10,30,59,0,,
2026-05-15T23:07:40.249708,noisy,naive,{'bins': 10},15,3,2,ok,45,60,0.0039427028968930244,2.282312795519829,2.2889107717201114,10,24,48,0,,
2026-05-15T23:07:42.872751,noisy,naive,{'bins': 10},15,4,2,ok,60,75,0.004326123744249344,2.5973032163456082,2.6043324219062924,10,35,59,0,,
2026-05-15T23:07:45.772800,noisy,naive,{'bins': 10},16,0,2,ok,0,16,0.004219363443553448,2.8553569354116917,2.8623845791444182,10,22,43,0,,
2026-05-15T23:07:47.827610,noisy,naive,{'bins': 10},16,1,2,ok,16,32,0.06329531501978636,1.9730559149757028,2.0392555203288794,10,16,32,0,,
2026-05-15T23:07:51.938555,noisy,naive,{'bins': 10},16,2,2,ok,32,48,0.00421491451561451,4.081191390752792,4.0883735148236156,10,40,74,0,,
2026-05-15T23:07:53.999198,noisy,naive,{'bins': 10},16,3,2,ok,48,64,0.004569512791931629,2.0344171915203333,2.0417117374017835,10,25,45,0,,
2026-05-15T23:07:55.924132,noisy,naive,{'bins': 10},16,4,2,ok,64,80,0.004596922546625137,1.8986325152218342,1.905990719795227,10,22,39,0,,
2026-05-15T23:07:58.659509,noisy,naive,{'bins': 10},17,0,2,ok,0,17,0.004561366513371468,2.6908212015405297,2.69827723223716,10,14,30,0,,
2026-05-15T23:08:00.916365,noisy,naive,{'bins': 10},17,1,2,ok,17,34,0.004761512391269207,2.2313718143850565,2.2390876123681664,10,14,30,0,,
2026-05-15T23:08:05.276769,noisy,naive,{'bins': 10},17,2,2,ok,34,51,0.004737619310617447,4.330481234937906,4.338237498886883,10,26,61,0,,
2026-05-15T23:08:07.817814,noisy,naive,{'bins': 10},17,3,2,ok,51,68,0.00472598522901535,2.513262984342873,2.5209426041692495,10,7,23,0,,
2026-05-15T23:08:10.206247,noisy,naive,{'bins': 10},17,4,2,ok,68,85,0.004845751449465752,2.3621428618207574,2.3700231397524476,10,11,25,0,,
2026-05-15T23:08:13.210608,noisy,naive,{'bins': 10},18,0,2,ok,0,18,0.004746203310787678,2.9062994914129376,2.914105669595301,10,14,30,0,,
2026-05-15T23:08:15.941289,noisy,naive,{'bins': 10},18,1,2,ok,18,36,0.005059022456407547,2.7036172468215227,2.711694915778935,10,17,34,0,,
2026-05-15T23:08:20.542030,noisy,naive,{'bins': 10},18,2,2,ok,36,54,0.00470893457531929,4.5681632701307535,4.576109311543405,10,29,63,0,,
2026-05-15T23:08:23.799496,noisy,naive,{'bins': 10},18,3,2,ok,54,72,0.005041740834712982,3.227586899884045,3.235734540037811,10,19,38,0,,
2026-05-15T23:08:26.066875,noisy,naive,{'bins': 10},18,4,2,ok,72,90,0.005003899335861206,2.2356941225007176,2.2436216389760375,10,15,33,0,,
2026-05-15T23:08:29.227950,noisy,naive,{'bins': 10},19,0,2,ok,0,19,0.005030990578234196,3.11468374542892,3.1228823913261294,10,12,28,0,,
2026-05-15T23:08:32.090034,noisy,naive,{'bins': 10},19,1,2,ok,19,38,0.004954345524311066,2.832896027714014,2.8410737849771976,10,24,43,0,,
2026-05-15T23:08:36.755895,noisy,naive,{'bins': 10},19,2,2,ok,38,57,0.005272344686090946,4.631079647690058,4.639745713211596,10,30,64,0,,
2026-05-15T23:08:40.183451,noisy,naive,{'bins': 10},19,3,2,ok,57,76,0.004977269098162651,3.3959338441491127,3.4041402246803045,10,22,44,0,,
2026-05-15T23:08:42.818606,noisy,naive,{'bins': 10},19,4,2,ok,76,95,0.0051388125866651535,2.603973353281617,2.6124063096940517,10,17,35,0,,
2026-05-15T23:08:46.487899,noisy,naive,{'bins': 10},20,0,2,ok,0,20,0.005581855773925781,3.6175099099054933,3.626893795095384,10,14,30,0,,
2026-05-15T23:08:49.577181,noisy,naive,{'bins': 10},20,1,2,ok,20,40,0.005213402211666107,3.05786036234349,3.066426569595933,10,20,39,0,,
2026-05-15T23:08:54.008240,noisy,naive,{'bins': 10},20,2,2,ok,40,60,0.00565255805850029,4.394104524515569,4.40336555801332,10,28,57,0,,
2026-05-15T23:08:56.963953,noisy,naive,{'bins': 10},20,3,2,ok,60,80,0.005596904084086418,2.922134884633124,2.9310635244473815,10,25,46,0,,
2026-05-15T23:09:00.513401,noisy,naive,{'bins': 10},20,4,2,ok,80,100,0.005753106437623501,3.5142650846391916,3.523508262820542,10,22,44,0,,
2026-05-15T23:09:04.328365,noisy,naive,{'bins': 10},21,0,2,ok,0,21,0.005638431757688522,3.7628436628729105,3.7721578255295753,10,14,30,0,,
2026-05-15T23:09:07.635831,noisy,naive,{'bins': 10},21,1,2,ok,21,42,0.0055519090965390205,3.2753345603123307,3.284132213331759,10,27,48,0,,
2026-05-15T23:09:11.304362,noisy,naive,{'bins': 10},21,2,2,ok,42,63,0.005381820723414421,3.633431937545538,3.6423374032601714,10,19,39,0,,
2026-05-15T23:09:14.549207,noisy,naive,{'bins': 10},21,3,2,ok,63,84,0.005486227571964264,3.2088579516857862,3.2179402597248554,10,16,32,0,,
2026-05-15T23:09:16.468672,noisy,naive,{'bins': 10},21,4,2,ok,84,105,0.005455628968775272,1.892883975058794,1.9018064523115754,10,13,26,0,,
2026-05-15T23:09:20.472429,noisy,naive,{'bins': 10},22,0,2,ok,0,22,0.005869787186384201,3.9518683860078454,3.961420116946101,10,23,46,0,,
2026-05-15T23:09:23.952009,noisy,naive,{'bins': 10},22,1,2,ok,22,44,0.0057061901316046715,3.4449739744886756,3.45426057651639,10,29,54,0,,
2026-05-15T23:09:28.357626,noisy,naive,{'bins': 10},22,2,2,ok,44,66,0.006028554402291775,4.3704676907509565,4.3802874544635415,10,33,64,0,,
2026-05-15T23:09:31.713736,noisy,naive,{'bins': 10},22,3,2,ok,66,88,0.005685800686478615,3.31789712049067,3.3274459252133965,10,16,34,0,,
2026-05-15T23:09:33.855932,noisy,naive,{'bins': 10},22,4,2,ok,88,110,0.005794115364551544,2.1117576770484447,2.1210338389500976,10,15,29,0,,
2026-05-15T23:09:38.098762,noisy,naive,{'bins': 10},23,0,2,ok,0,23,0.006037002429366112,4.189164732582867,4.199153305031359,10,23,46,0,,
2026-05-15T23:09:42.036874,noisy,naive,{'bins': 10},23,1,2,ok,23,46,0.005953704938292503,3.9003826985135674,3.910282983444631,10,18,38,0,,
2026-05-15T23:09:46.527690,noisy,naive,{'bins': 10},23,2,2,ok,46,69,0.005921163596212864,4.451377344317734,4.4615318682044744,10,22,44,0,,
2026-05-15T23:09:50.052188,noisy,naive,{'bins': 10},23,3,2,ok,69,92,0.00597792025655508,3.488145539537072,3.4981948351487517,10,12,28,0,,
2026-05-15T23:09:52.384230,noisy,naive,{'bins': 10},23,4,2,ok,92,115,0.00601921696215868,2.298913619481027,2.3086326830089092,10,17,31,0,,
2026-05-15T23:09:56.964038,noisy,naive,{'bins': 10},24,0,2,ok,0,24,0.006315333768725395,4.523863824084401,4.534165794029832,10,23,46,0,,
2026-05-15T23:10:01.271189,noisy,naive,{'bins': 10},24,1,2,ok,24,48,0.006675933487713337,4.268466832116246,4.279432421550155,10,20,41,0,,
2026-05-15T23:10:05.950824,noisy,naive,{'bins': 10},24,2,2,ok,48,72,0.005977489985525608,4.635060099884868,4.644843576475978,10,11,28,0,,
2026-05-15T23:10:09.742504,noisy,naive,{'bins': 10},24,3,2,ok,72,96,0.006511974148452282,3.752095401287079,3.762543356977403,10,18,37,0,,
2026-05-15T23:10:13.540920,noisy,naive,{'bins': 10},24,4,2,ok,96,120,0.006164010614156723,3.754099548794329,3.7640118561685085,10,25,43,0,,
2026-05-15T23:10:18.366538,noisy,naive,{'bins': 10},25,0,2,ok,0,25,0.006175129674375057,4.7700138641521335,4.779965424910188,10,23,46,0,,
2026-05-15T23:10:22.920955,noisy,naive,{'bins': 10},25,1,2,ok,25,50,0.006396587006747723,4.515790108591318,4.526082540862262,10,18,39,0,,
2026-05-15T23:10:27.731735,noisy,naive,{'bins': 10},25,2,2,ok,50,75,0.006261312402784824,4.768590894527733,4.778645208105445,10,23,43,0,,
2026-05-15T23:10:31.791908,noisy,naive,{'bins': 10},25,3,2,ok,75,100,0.006147448904812336,3.972808824852109,4.030258195474744,10,23,43,0,,
2026-05-15T23:10:35.867832,noisy,naive,{'bins': 10},25,4,2,ok,100,125,0.006887339986860752,3.971054883673787,4.045258007012308,10,20,36,0,,
2026-05-15T23:10:35.955266,noisy,sax,"{'w': 144, 'bins': 10}",1,0,2,ok,0,1,0.010564093478024006,0.02032939624041319,0.03116742428392172,10,19,27,0,,
2026-05-15T23:10:36.044195,noisy,sax,"{'w': 144, 'bins': 10}",1,1,2,ok,1,2,0.010556960478425026,0.07607980258762836,0.08686471078544855,10,43,59,0,,
2026-05-15T23:10:36.097937,noisy,sax,"{'w': 144, 'bins': 10}",1,2,2,ok,2,3,0.01088497694581747,0.04012429527938366,0.051386832259595394,10,35,47,0,,
2026-05-15T23:10:36.125905,noisy,sax,"{'w': 144, 'bins': 10}",1,3,2,ok,3,4,0.010905805975198746,0.015383996069431305,0.026533660478889942,10,20,26,0,,
2026-05-15T23:10:36.162447,noisy,sax,"{'w': 144, 'bins': 10}",1,4,2,ok,4,5,0.010554675944149494,0.024279101751744747,0.03504151850938797,10,31,40,0,,
2026-05-15T23:10:36.297734,noisy,sax,"{'w': 144, 'bins': 10}",2,0,2,ok,0,2,0.020402503199875355,0.09196909703314304,0.11270103044807911,10,16,31,0,,
2026-05-15T23:10:36.365158,noisy,sax,"{'w': 144, 'bins': 10}",2,1,2,ok,2,4,0.021149656735360622,0.04368807561695576,0.06531764566898346,10,14,27,0,,
2026-05-15T23:10:36.492681,noisy,sax,"{'w': 144, 'bins': 10}",2,2,2,ok,4,6,0.02136839833110571,0.10302069783210754,0.12487710360437632,10,38,59,0,,
2026-05-15T23:10:36.525173,noisy,sax,"{'w': 144, 'bins': 10}",2,3,2,ok,6,8,0.02093740738928318,0.009907208383083344,0.031151804141700268,10,11,16,0,,
2026-05-15T23:10:36.590003,noisy,sax,"{'w': 144, 'bins': 10}",2,4,2,ok,8,10,0.020848301239311695,0.04195874556899071,0.06311143841594458,10,16,26,0,,
2026-05-15T23:10:36.739440,noisy,sax,"{'w': 144, 'bins': 10}",3,0,2,ok,0,3,0.03116489853709936,0.09458033833652735,0.12629772629588842,10,15,24,0,,
2026-05-15T23:10:36.976994,noisy,sax,"{'w': 144, 'bins': 10}",3,1,2,ok,3,6,0.03092903643846512,0.20256542041897774,0.2338997581973672,10,45,73,0,,
2026-05-15T23:10:37.032615,noisy,sax,"{'w': 144, 'bins': 10}",3,2,2,ok,6,9,0.031484659761190414,0.021625172346830368,0.053642152808606625,10,20,27,0,,
2026-05-15T23:10:37.133141,noisy,sax,"{'w': 144, 'bins': 10}",3,3,2,ok,9,12,0.03128142934292555,0.06634089909493923,0.09821903984993696,10,25,38,0,,
2026-05-15T23:10:37.294162,noisy,sax,"{'w': 144, 'bins': 10}",3,4,2,ok,12,15,0.030969581566751003,0.12674418557435274,0.15809755865484476,10,24,41,0,,
2026-05-15T23:10:37.459517,noisy,sax,"{'w': 144, 'bins': 10}",4,0,2,ok,0,4,0.04103135969489813,0.1002821484580636,0.1419588327407837,10,17,29,0,,
2026-05-15T23:10:37.544457,noisy,sax,"{'w': 144, 'bins': 10}",4,1,2,ok,4,8,0.040726917795836926,0.04174597468227148,0.0829137209802866,10,16,24,0,,
2026-05-15T23:10:37.695858,noisy,sax,"{'w': 144, 'bins': 10}",4,2,2,ok,8,12,0.04063640721142292,0.10740632377564907,0.1487010195851326,10,25,41,0,,
2026-05-15T23:10:37.932007,noisy,sax,"{'w': 144, 'bins': 10}",4,3,2,ok,12,16,0.04107746761292219,0.19058427214622498,0.23229483980685472,10,26,44,0,,
2026-05-15T23:10:38.059080,noisy,sax,"{'w': 144, 'bins': 10}",4,4,2,ok,16,20,0.04183884896337986,0.0815900918096304,0.12411763612180948,10,19,28,0,,
2026-05-15T23:10:38.334766,noisy,sax,"{'w': 144, 'bins': 10}",5,0,2,ok,0,5,0.05074764974415302,0.2005542889237404,0.25185699202120304,10,17,41,0,,
2026-05-15T23:10:38.473495,noisy,sax,"{'w': 144, 'bins': 10}",5,1,2,ok,5,10,0.05097860377281904,0.08400310017168522,0.13548290636390448,10,25,38,0,,
2026-05-15T23:10:38.766293,noisy,sax,"{'w': 144, 'bins': 10}",5,2,2,ok,10,15,0.05341814085841179,0.23479878809303045,0.28909082151949406,10,22,46,0,,
2026-05-15T23:10:38.940185,noisy,sax,"{'w': 144, 'bins': 10}",5,3,2,ok,15,20,0.0511558772996068,0.11883766949176788,0.17053067591041327,10,24,37,0,,
2026-05-15T23:10:39.070367,noisy,sax,"{'w': 144, 'bins': 10}",5,4,2,ok,20,25,0.05086297634989023,0.0757907684892416,0.1274018408730626,10,18,31,0,,
2026-05-15T23:10:39.563248,noisy,sax,"{'w': 144, 'bins': 10}",6,0,2,ok,0,6,0.06114458851516247,0.40509348921477795,0.4670885680243373,10,19,44,0,,
2026-05-15T23:10:39.742924,noisy,sax,"{'w': 144, 'bins': 10}",6,1,2,ok,6,12,0.060908504761755466,0.11475348751991987,0.1762301316484809,10,29,44,0,,
2026-05-15T23:10:39.967289,noisy,sax,"{'w': 144, 'bins': 10}",6,2,2,ok,12,18,0.06173999886959791,0.15797187108546495,0.22054885420948267,10,29,43,0,,
2026-05-15T23:10:40.269026,noisy,sax,"{'w': 144, 'bins': 10}",6,3,2,ok,18,24,0.061362408101558685,0.23551332112401724,0.29771967604756355,10,19,39,0,,
2026-05-15T23:10:40.569611,noisy,sax,"{'w': 144, 'bins': 10}",6,4,2,ok,24,30,0.06108702067285776,0.23489526938647032,0.2968079624697566,10,31,54,0,,
2026-05-15T23:10:41.362493,noisy,sax,"{'w': 144, 'bins': 10}",7,0,2,ok,0,7,0.07082308642566204,0.6947805611416698,0.7663530884310603,10,41,83,0,,
2026-05-15T23:10:41.601048,noisy,sax,"{'w': 144, 'bins': 10}",7,1,2,ok,7,14,0.07033129315823317,0.16417213901877403,0.23514020908623934,10,16,35,0,,
2026-05-15T23:10:41.898530,noisy,sax,"{'w': 144, 'bins': 10}",7,2,2,ok,14,21,0.07180873118340969,0.2189335571601987,0.29171174112707376,10,26,41,0,,
2026-05-15T23:10:42.176849,noisy,sax,"{'w': 144, 'bins': 10}",7,3,2,ok,21,28,0.07042903732508421,0.20288265589624643,0.2739768335595727,10,27,46,0,,
2026-05-15T23:10:42.408015,noisy,sax,"{'w': 144, 'bins': 10}",7,4,2,ok,28,35,0.07132151536643505,0.15574931167066097,0.22794438898563385,10,17,34,0,,
2026-05-15T23:10:42.770796,noisy,sax,"{'w': 144, 'bins': 10}",8,0,2,ok,0,8,0.08063180185854435,0.2559809051454067,0.33745182398706675,10,27,48,0,,
2026-05-15T23:10:43.315468,noisy,sax,"{'w': 144, 'bins': 10}",8,1,2,ok,8,16,0.08079580869525671,0.45717373490333557,0.5389763470739126,10,29,52,0,,
2026-05-15T23:10:43.633135,noisy,sax,"{'w': 144, 'bins': 10}",8,2,2,ok,16,24,0.08057762868702412,0.2319336300715804,0.313448672182858,10,21,41,0,,
2026-05-15T23:10:43.940718,noisy,sax,"{'w': 144, 'bins': 10}",8,3,2,ok,24,32,0.08152467012405396,0.22103668097406626,0.3033925434574485,10,26,49,0,,
2026-05-15T23:10:44.289301,noisy,sax,"{'w': 144, 'bins': 10}",8,4,2,ok,32,40,0.08109578303992748,0.261681224219501,0.3437070958316326,10,29,48,0,,
2026-05-15T23:10:44.740458,noisy,sax,"{'w': 144, 'bins': 10}",9,0,2,ok,0,9,0.09120497107505798,0.3325416222214699,0.4246172998100519,10,8,23,0,,
2026-05-15T23:10:45.184872,noisy,sax,"{'w': 144, 'bins': 10}",9,1,2,ok,9,18,0.09080163203179836,0.3472230574116111,0.43910366855561733,10,25,47,0,,
2026-05-15T23:10:45.651670,noisy,sax,"{'w': 144, 'bins': 10}",9,2,2,ok,18,27,0.09287269692867994,0.3676890376955271,0.46165877766907215,10,27,44,0,,
2026-05-15T23:10:46.021291,noisy,sax,"{'w': 144, 'bins': 10}",9,3,2,ok,27,36,0.09044410102069378,0.27382970601320267,0.36505060736089945,10,16,31,0,,
2026-05-15T23:10:46.561243,noisy,sax,"{'w': 144, 'bins': 10}",9,4,2,ok,36,45,0.09100285079330206,0.4428016422316432,0.5346657019108534,10,5,23,0,,
2026-05-15T23:10:47.193062,noisy,sax,"{'w': 144, 'bins': 10}",10,0,2,ok,0,10,0.1004091976210475,0.5035542137920856,0.6049858340993524,10,22,44,0,,
2026-05-15T23:10:47.820516,noisy,sax,"{'w': 144, 'bins': 10}",10,1,2,ok,10,20,0.10084009729325771,0.5191218955442309,0.6210353411734104,10,22,48,0,,
2026-05-15T23:10:48.244390,noisy,sax,"{'w': 144, 'bins': 10}",10,2,2,ok,20,30,0.1001009875908494,0.3178915958851576,0.4189998162910342,10,21,40,0,,
2026-05-15T23:10:48.786139,noisy,sax,"{'w': 144, 'bins': 10}",10,3,2,ok,30,40,0.1016091238707304,0.43330422323197126,0.5362733239308,10,19,42,0,,
2026-05-15T23:10:49.271720,noisy,sax,"{'w': 144, 'bins': 10}",10,4,2,ok,40,50,0.10041281394660473,0.3787084687501192,0.4801444159820676,10,26,48,0,,
2026-05-15T23:10:49.898185,noisy,sax,"{'w': 144, 'bins': 10}",11,0,2,ok,0,11,0.10994119103997946,0.4886409416794777,0.5996545888483524,10,28,57,0,,
2026-05-15T23:10:50.655900,noisy,sax,"{'w': 144, 'bins': 10}",11,1,2,ok,11,22,0.11009669303894043,0.6391587983816862,0.7503634737804532,10,42,71,0,,
2026-05-15T23:10:51.117641,noisy,sax,"{'w': 144, 'bins': 10}",11,2,2,ok,22,33,0.11382588557898998,0.34149293322116137,0.45665399823337793,10,12,30,0,,
2026-05-15T23:10:51.540606,noisy,sax,"{'w': 144, 'bins': 10}",11,3,2,ok,33,44,0.1125089880079031,0.30386735685169697,0.4177149711176753,10,12,28,0,,
2026-05-15T23:10:52.085803,noisy,sax,"{'w': 144, 'bins': 10}",11,4,2,ok,44,55,0.11255358252674341,0.4254976958036423,0.5394136095419526,10,23,47,0,,
2026-05-15T23:10:52.931781,noisy,sax,"{'w': 144, 'bins': 10}",12,0,2,ok,0,12,0.12114830315113068,0.6955472147092223,0.8181644892320037,10,26,51,0,,
2026-05-15T23:10:53.716090,noisy,sax,"{'w': 144, 'bins': 10}",12,1,2,ok,12,24,0.12346303556114435,0.6520932167768478,0.7772461604326963,10,25,58,0,,
2026-05-15T23:10:54.185146,noisy,sax,"{'w': 144, 'bins': 10}",12,2,2,ok,24,36,0.1240848945453763,0.3378482488915324,0.4634569389745593,10,18,36,0,,
2026-05-15T23:10:54.931196,noisy,sax,"{'w': 144, 'bins': 10}",12,3,2,ok,36,48,0.12463685218244791,0.6127692870795727,0.7390011381357908,10,9,28,0,,
2026-05-15T23:10:55.569718,noisy,sax,"{'w': 144, 'bins': 10}",12,4,2,ok,48,60,0.12331052776426077,0.5068755270913243,0.6318175932392478,10,27,47,0,,
2026-05-15T23:10:56.698767,noisy,sax,"{'w': 144, 'bins': 10}",13,0,2,ok,0,13,0.13082820363342762,0.9670145679265261,1.099420958198607,10,31,64,0,,
2026-05-15T23:10:57.496251,noisy,sax,"{'w': 144, 'bins': 10}",13,1,2,ok,13,26,0.1327683124691248,0.6566984066739678,0.7909853337332606,10,16,44,0,,
2026-05-15T23:10:58.224557,noisy,sax,"{'w': 144, 'bins': 10}",13,2,2,ok,26,39,0.13180767558515072,0.5877119936048985,0.7211217107251287,10,21,45,0,,
2026-05-15T23:10:58.987980,noisy,sax,"{'w': 144, 'bins': 10}",13,3,2,ok,39,52,0.13170249667018652,0.6229290710762143,0.7561980439350009,10,30,58,0,,
2026-05-15T23:10:59.635839,noisy,sax,"{'w': 144, 'bins': 10}",13,4,2,ok,52,65,0.13590408861637115,0.503265880048275,0.6407483462244272,10,27,52,0,,
2026-05-15T23:11:00.687219,noisy,sax,"{'w': 144, 'bins': 10}",14,0,2,ok,0,14,0.14258637186139822,0.8771927375346422,1.0214235009625554,10,21,47,0,,
2026-05-15T23:11:01.488426,noisy,sax,"{'w': 144, 'bins': 10}",14,1,2,ok,14,28,0.14458417799323797,0.6466935453936458,0.7933030417189002,10,24,50,0,,
2026-05-15T23:11:02.335098,noisy,sax,"{'w': 144, 'bins': 10}",14,2,2,ok,28,42,0.14668694231659174,0.6905784700065851,0.8392121223732829,10,29,62,0,,
2026-05-15T23:11:03.235260,noisy,sax,"{'w': 144, 'bins': 10}",14,3,2,ok,42,56,0.1439446359872818,0.7461036127060652,0.8917350405827165,10,24,49,0,,
2026-05-15T23:11:04.085418,noisy,sax,"{'w': 144, 'bins': 10}",14,4,2,ok,56,70,0.14424824714660645,0.6964526139199734,0.8424025308340788,10,12,31,0,,
2026-05-15T23:11:05.266380,noisy,sax,"{'w': 144, 'bins': 10}",15,0,2,ok,0,15,0.15394700225442648,0.9941166657954454,1.1498285876587033,10,27,51,0,,
2026-05-15T23:11:06.392534,noisy,sax,"{'w': 144, 'bins': 10}",15,1,2,ok,15,30,0.15551282837986946,0.9598423512652516,1.117216058075428,10,32,64,0,,
2026-05-15T23:11:07.407334,noisy,sax,"{'w': 144, 'bins': 10}",15,2,2,ok,30,45,0.1540435841307044,0.8506255513057113,1.0064102401956916,10,30,64,0,,
2026-05-15T23:11:08.241663,noisy,sax,"{'w': 144, 'bins': 10}",15,3,2,ok,45,60,0.15695033129304647,0.6670864289626479,0.8258624225854874,10,24,51,0,,
2026-05-15T23:11:09.501761,noisy,sax,"{'w': 144, 'bins': 10}",15,4,2,ok,60,75,0.1539833527058363,1.0947555741295218,1.250527510419488,10,45,85,0,,
2026-05-15T23:11:10.985664,noisy,sax,"{'w': 144, 'bins': 10}",16,0,2,ok,0,16,0.16664524842053652,1.283553016372025,1.4524087812751532,10,17,41,0,,
2026-05-15T23:11:11.786233,noisy,sax,"{'w': 144, 'bins': 10}",16,1,2,ok,16,32,0.16436227690428495,0.6270835213363171,0.7932478860020638,10,12,31,0,,
2026-05-15T23:11:13.089963,noisy,sax,"{'w': 144, 'bins': 10}",16,2,2,ok,32,48,0.16350702848285437,1.1286780182272196,1.2940983045846224,10,28,60,0,,
2026-05-15T23:11:13.950283,noisy,sax,"{'w': 144, 'bins': 10}",16,3,2,ok,48,64,0.16341274231672287,0.6874057333916426,0.852702678181231,10,21,45,0,,
2026-05-15T23:11:14.903839,noisy,sax,"{'w': 144, 'bins': 10}",16,4,2,ok,64,80,0.16806434653699398,0.7743218597024679,0.9448644863441586,10,22,47,0,,
2026-05-15T23:11:16.703915,noisy,sax,"{'w': 144, 'bins': 10}",17,0,2,ok,0,17,0.17621549312025309,1.5883613098412752,1.7669741911813617,10,26,65,0,,
2026-05-15T23:11:17.836926,noisy,sax,"{'w': 144, 'bins': 10}",17,1,2,ok,17,34,0.17476501688361168,0.9468470243737102,1.123624966479838,10,22,48,0,,
2026-05-15T23:11:19.292996,noisy,sax,"{'w': 144, 'bins': 10}",17,2,2,ok,34,51,0.17766524944454432,1.2670393353328109,1.4468464124947786,10,16,44,0,,
2026-05-15T23:11:20.213751,noisy,sax,"{'w': 144, 'bins': 10}",17,3,2,ok,51,68,0.17374945804476738,0.7360677616670728,0.9116645120084286,10,24,43,0,,
2026-05-15T23:11:21.126009,noisy,sax,"{'w': 144, 'bins': 10}",17,4,2,ok,68,85,0.17420712765306234,0.7286709332838655,0.9047239320352674,10,9,29,0,,
2026-05-15T23:11:22.523831,noisy,sax,"{'w': 144, 'bins': 10}",18,0,2,ok,0,18,0.18444030918180943,1.1806643959134817,1.367086511105299,10,9,28,0,,
2026-05-15T23:11:23.548704,noisy,sax,"{'w': 144, 'bins': 10}",18,1,2,ok,18,36,0.18339114543050528,0.8302054759114981,1.0155472997575998,10,22,47,0,,
2026-05-15T23:11:25.000268,noisy,sax,"{'w': 144, 'bins': 10}",18,2,2,ok,36,54,0.18420601822435856,1.2541617508977652,1.4404131947085261,10,39,77,0,,
2026-05-15T23:11:26.072434,noisy,sax,"{'w': 144, 'bins': 10}",18,3,2,ok,54,72,0.186687252484262,0.8743898337706923,1.0630969842895865,10,13,31,0,,
2026-05-15T23:11:27.105457,noisy,sax,"{'w': 144, 'bins': 10}",18,4,2,ok,72,90,0.18393767438828945,0.8377650789916515,1.0236805519089103,10,28,54,0,,
2026-05-15T23:11:28.842388,noisy,sax,"{'w': 144, 'bins': 10}",19,0,2,ok,0,19,0.1942690797150135,1.507738052867353,1.7038263641297817,10,36,72,0,,
2026-05-15T23:11:30.037478,noisy,sax,"{'w': 144, 'bins': 10}",19,1,2,ok,19,38,0.19286114070564508,0.9901948291808367,1.1847685799002647,10,27,56,0,,
2026-05-15T23:11:31.216572,noisy,sax,"{'w': 144, 'bins': 10}",19,2,2,ok,38,57,0.19640878308564425,0.9697107635438442,1.1678724326193333,10,27,49,0,,
2026-05-15T23:11:32.621535,noisy,sax,"{'w': 144, 'bins': 10}",19,3,2,ok,57,76,0.1928643872961402,1.199805073440075,1.3944255132228136,10,36,67,0,,
2026-05-15T23:11:33.896145,noisy,sax,"{'w': 144, 'bins': 10}",19,4,2,ok,76,95,0.19216904137283564,1.0715388879179955,1.2654763339087367,10,7,25,0,,
2026-05-15T23:11:35.754553,noisy,sax,"{'w': 144, 'bins': 10}",20,0,2,ok,0,20,0.1996532129123807,1.6247619688510895,1.826222169212997,10,33,74,0,,
2026-05-15T23:11:37.076375,noisy,sax,"{'w': 144, 'bins': 10}",20,1,2,ok,20,40,0.20592936407774687,1.1032535200938582,1.311265510506928,10,27,53,0,,
2026-05-15T23:11:38.713125,noisy,sax,"{'w': 144, 'bins': 10}",20,2,2,ok,40,60,0.2036578133702278,1.4201911287382245,1.6259483899921179,10,11,33,0,,
2026-05-15T23:11:40.022234,noisy,sax,"{'w': 144, 'bins': 10}",20,3,2,ok,60,80,0.20539546851068735,1.091253636404872,1.2987015349790454,10,35,70,0,,
2026-05-15T23:11:41.804518,noisy,sax,"{'w': 144, 'bins': 10}",20,4,2,ok,80,100,0.20578681491315365,1.5634327614679933,1.7713707918301225,10,9,33,0,,
2026-05-15T23:11:43.642835,noisy,sax,"{'w': 144, 'bins': 10}",21,0,2,ok,0,21,0.21404715720564127,1.5871958322823048,1.8034292701631784,10,34,67,0,,
2026-05-15T23:11:44.919513,noisy,sax,"{'w': 144, 'bins': 10}",21,1,2,ok,21,42,0.21685203164815903,1.046919645741582,1.2660319367423654,10,22,50,0,,
2026-05-15T23:11:46.250759,noisy,sax,"{'w': 144, 'bins': 10}",21,2,2,ok,42,63,0.21222864836454391,1.106937195174396,1.3210210716351867,10,8,25,0,,
2026-05-15T23:11:47.803594,noisy,sax,"{'w': 144, 'bins': 10}",21,3,2,ok,63,84,0.21403351239860058,1.3256072737276554,1.5415685614570975,10,34,69,0,,
2026-05-15T23:11:49.861101,noisy,sax,"{'w': 144, 'bins': 10}",21,4,2,ok,84,105,0.21604669652879238,1.8264108207076788,2.0446377377957106,10,30,67,0,,
2026-05-15T23:11:51.921682,noisy,sax,"{'w': 144, 'bins': 10}",22,0,2,ok,0,22,0.22527670208364725,1.7986817611381412,2.0262403339147568,10,30,64,0,,
2026-05-15T23:11:53.418007,noisy,sax,"{'w': 144, 'bins': 10}",22,1,2,ok,22,44,0.22669566981494427,1.2564683444797993,1.485435695387423,10,17,40,0,,
2026-05-15T23:11:54.676535,noisy,sax,"{'w': 144, 'bins': 10}",22,2,2,ok,44,66,0.2220082674175501,1.0229167016223073,1.2471095565706491,10,24,52,0,,
2026-05-15T23:11:56.048943,noisy,sax,"{'w': 144, 'bins': 10}",22,3,2,ok,66,88,0.22597554419189692,1.1322425436228514,1.3604660164564848,10,41,71,0,,
2026-05-15T23:11:57.897010,noisy,sax,"{'w': 144, 'bins': 10}",22,4,2,ok,88,110,0.22215620428323746,1.6107255620881915,1.834897837601602,10,16,33,0,,
2026-05-15T23:12:00.143234,noisy,sax,"{'w': 144, 'bins': 10}",23,0,2,ok,0,23,0.2370565803721547,1.9735439606010914,2.2127399938181043,10,30,62,0,,
2026-05-15T23:12:01.855501,noisy,sax,"{'w': 144, 'bins': 10}",23,1,2,ok,23,46,0.23561501037329435,1.461036054417491,1.6992169497534633,10,34,65,0,,
2026-05-15T23:12:03.473963,noisy,sax,"{'w': 144, 'bins': 10}",23,2,2,ok,46,69,0.2388257971033454,1.3660205295309424,1.6071630427613854,10,18,47,0,,
2026-05-15T23:12:04.870117,noisy,sax,"{'w': 144, 'bins': 10}",23,3,2,ok,69,92,0.23326806724071503,1.1496733576059341,1.3852207204326987,10,23,50,0,,
2026-05-15T23:12:07.288398,noisy,sax,"{'w': 144, 'bins': 10}",23,4,2,ok,92,115,0.2356232050806284,2.1646137414500117,2.402667977847159,10,36,71,0,,
2026-05-15T23:12:09.646279,noisy,sax,"{'w': 144, 'bins': 10}",24,0,2,ok,0,24,0.24418464303016663,2.061740660108626,2.30831884406507,10,32,70,0,,
2026-05-15T23:12:11.366182,noisy,sax,"{'w': 144, 'bins': 10}",24,1,2,ok,24,48,0.24468008521944284,1.4600470438599586,1.707038315013051,10,24,51,0,,
2026-05-15T23:12:13.227553,noisy,sax,"{'w': 144, 'bins': 10}",24,2,2,ok,48,72,0.2452467605471611,1.6009071990847588,1.8485696306452155,10,24,52,0,,
2026-05-15T23:12:15.064114,noisy,sax,"{'w': 144, 'bins': 10}",24,3,2,ok,72,96,0.24686252791434526,1.5747118135914207,1.8238720120862126,10,20,49,0,,
2026-05-15T23:12:18.360601,noisy,sax,"{'w': 144, 'bins': 10}",24,4,2,ok,96,120,0.24553539231419563,3.0309279719367623,3.2788456538692117,10,15,37,0,,
2026-05-15T23:12:21.168569,noisy,sax,"{'w': 144, 'bins': 10}",25,0,2,ok,0,25,0.25599153339862823,2.512760166078806,2.7713038781657815,10,11,34,0,,
2026-05-15T23:12:23.073444,noisy,sax,"{'w': 144, 'bins': 10}",25,1,2,ok,25,50,0.2584376819431782,1.6306731952354312,1.8914466984570026,10,26,54,0,,
2026-05-15T23:12:25.171412,noisy,sax,"{'w': 144, 'bins': 10}",25,2,2,ok,50,75,0.25429220777004957,1.8272664826363325,2.083876518532634,10,37,74,0,,
2026-05-15T23:12:27.031204,noisy,sax,"{'w': 144, 'bins': 10}",25,3,2,ok,75,100,0.2563832802698016,1.5874243741855025,1.8462678603827953,10,19,44,0,,
2026-05-15T23:12:29.753844,noisy,sax,"{'w': 144, 'bins': 10}",25,4,2,ok,100,125,0.2559537021443248,2.449419355019927,2.7079854691401124,10,5,22,0,,
2026-05-15T23:12:30.223649,noisy,persist,{'bins': 11},1,0,2,ok,0,1,0.27378910779953003,0.12184055242687464,0.3960935017094016,10,50,70,0,,
2026-05-15T23:12:30.667743,noisy,persist,{'bins': 11},1,1,2,ok,1,2,0.264521892182529,0.17548447754234076,0.44048610236495733,10,48,70,0,,
2026-05-15T23:12:31.099064,noisy,persist,{'bins': 11},1,2,2,ok,2,3,0.2530501317232847,0.17438083328306675,0.4279103158041835,10,48,73,0,,
2026-05-15T23:12:31.453966,noisy,persist,{'bins': 11},1,3,2,ok,3,4,0.2509806612506509,0.1008571395650506,0.35229085106402636,10,33,54,0,,
2026-05-15T23:12:31.825301,noisy,persist,{'bins': 11},1,4,2,ok,4,5,0.2566683851182461,0.11144506558775902,0.3685568645596504,10,49,71,0,,
2026-05-15T23:12:32.279722,noisy,persist,{'bins': 11},2,0,2,ok,0,2,0.28828898072242737,0.13716910406947136,0.42600405123084784,10,51,75,0,,
2026-05-15T23:12:32.924222,noisy,persist,{'bins': 11},2,1,2,ok,2,4,0.27756641898304224,0.3622613288462162,0.6404874278232455,10,13,33,0,,
2026-05-15T23:12:33.920973,noisy,persist,{'bins': 11},2,2,2,ok,4,6,0.2878680182620883,0.7028946792706847,0.9913873029872775,10,66,116,0,,
2026-05-15T23:12:34.310554,noisy,persist,{'bins': 11},2,3,2,ok,6,8,0.26470659859478474,0.12112038861960173,0.3864139011129737,10,28,48,0,,
2026-05-15T23:12:34.686788,noisy,persist,{'bins': 11},2,4,2,ok,8,10,0.28586295899003744,0.08702373784035444,0.373443222604692,10,33,51,0,,
2026-05-15T23:12:35.731942,noisy,persist,{'bins': 11},3,0,2,ok,0,3,0.2736203195527196,0.7381057059392333,1.0125376023352146,10,60,98,0,,
2026-05-15T23:12:36.617064,noisy,persist,{'bins': 11},3,1,2,ok,3,6,0.2770519023761153,0.6013771593570709,0.8792999591678381,10,17,36,0,,
2026-05-15T23:12:37.096222,noisy,persist,{'bins': 11},3,2,2,ok,6,9,0.2957665706053376,0.17894179746508598,0.4755142740905285,10,28,52,0,,
2026-05-15T23:12:37.634432,noisy,persist,{'bins': 11},3,3,2,ok,9,12,0.2757098777219653,0.25729506369680166,0.5338835436850786,10,36,62,0,,
2026-05-15T23:12:38.489558,noisy,persist,{'bins': 11},3,4,2,ok,12,15,0.2827524906024337,0.5658683627843857,0.8494323594495654,10,54,92,0,,
2026-05-15T23:12:39.406643,noisy,persist,{'bins': 11},4,0,2,ok,0,4,0.2928489353507757,0.5916430167853832,0.8853784175589681,10,18,41,0,,
2026-05-15T23:12:39.852254,noisy,persist,{'bins': 11},4,1,2,ok,4,8,0.30102655943483114,0.14011153671890497,0.44195655547082424,10,27,47,0,,
2026-05-15T23:12:40.793462,noisy,persist,{'bins': 11},4,2,2,ok,8,12,0.3065158110111952,0.6282943105325103,0.9356977501884103,10,39,76,0,,
2026-05-15T23:12:41.449287,noisy,persist,{'bins': 11},4,3,2,ok,12,16,0.3055831277742982,0.34412991628050804,0.6505630621686578,10,42,69,0,,
2026-05-15T23:12:42.899242,noisy,persist,{'bins': 11},4,4,2,ok,16,20,0.29798147454857826,1.1440218267962337,1.4429592685773969,10,37,76,0,,
2026-05-15T23:12:45.021828,noisy,persist,{'bins': 11},5,0,2,ok,0,5,0.29805033281445503,1.788609472103417,2.0878605926409364,10,25,44,0,,
2026-05-15T23:12:45.691264,noisy,persist,{'bins': 11},5,1,2,ok,5,10,0.30489000398665667,0.3585085617378354,0.6645197439938784,10,33,60,0,,
2026-05-15T23:12:46.504669,noisy,persist,{'bins': 11},5,2,2,ok,10,15,0.3187767257913947,0.48783790599554777,0.807676057331264,10,18,38,0,,
2026-05-15T23:12:48.762019,noisy,persist,{'bins': 11},5,3,2,ok,15,20,0.2978896424174309,1.9489695215597749,2.247942680492997,10,58,113,0,,
2026-05-15T23:12:49.690076,noisy,persist,{'bins': 11},5,4,2,ok,20,25,0.2936185309663415,0.6269759722054005,0.9216709574684501,10,22,45,0,,
2026-05-15T23:12:51.460066,noisy,persist,{'bins': 11},6,0,2,ok,0,6,0.3090770971029997,1.4252675203606486,1.735652427189052,10,35,72,0,,
2026-05-15T23:12:52.077235,noisy,persist,{'bins': 11},6,1,2,ok,6,12,0.30948754865676165,0.30171259958297014,0.6123672528192401,10,32,59,0,,
2026-05-15T23:12:53.379343,noisy,persist,{'bins': 11},6,2,2,ok,12,18,0.3135245395824313,0.9791818717494607,1.2941561369225383,10,24,45,0,,
2026-05-15T23:12:54.864891,noisy,persist,{'bins': 11},6,3,2,ok,18,24,0.3298577517271042,1.1468603620305657,1.4781027864664793,10,25,50,0,,
2026-05-15T23:12:57.320042,noisy,persist,{'bins': 11},6,4,2,ok,24,30,0.31819802708923817,2.1269200537353754,2.4464413886889815,10,16,43,0,,
2026-05-15T23:13:00.027169,noisy,persist,{'bins': 11},7,0,2,ok,0,7,0.3068609507754445,2.361186425201595,2.6696376353502274,10,10,29,0,,
2026-05-15T23:13:00.863170,noisy,persist,{'bins': 11},7,1,2,ok,7,14,0.31429142132401466,0.5142454570159316,0.8298952020704746,10,35,61,0,,
2026-05-15T23:13:04.429845,noisy,persist,{'bins': 11},7,2,2,ok,14,21,0.3430923633277416,3.2110804487019777,3.5558731593191624,10,3,15,0,,
2026-05-15T23:13:05.768465,noisy,persist,{'bins': 11},7,3,2,ok,21,28,0.31968845799565315,1.009447107091546,1.3305689515545964,10,23,51,0,,
2026-05-15T23:13:07.447468,noisy,persist,{'bins': 11},7,4,2,ok,28,35,0.33529869094491005,1.3341108402237296,1.6707936134189367,10,41,84,0,,
2026-05-15T23:13:08.606280,noisy,persist,{'bins': 11},8,0,2,ok,0,8,0.32281379494816065,0.7985094590112567,1.1230439590290189,10,31,58,0,,
2026-05-15T23:13:10.044682,noisy,persist,{'bins': 11},8,1,2,ok,8,16,0.3495418010279536,1.0788859808817506,1.4299620063975453,10,29,63,0,,
2026-05-15T23:13:12.964793,noisy,persist,{'bins': 11},8,2,2,ok,16,24,0.3400241853669286,2.568350624293089,2.9100130796432495,10,14,36,0,,
2026-05-15T23:13:14.393210,noisy,persist,{'bins': 11},8,3,2,ok,24,32,0.34450739435851574,1.072965537197888,1.4190002931281924,10,42,80,0,,
2026-05-15T23:13:16.192676,noisy,persist,{'bins': 11},8,4,2,ok,32,40,0.3513340698555112,1.4378052419051528,1.7907558716833591,10,24,51,0,,
2026-05-15T23:13:17.242316,noisy,persist,{'bins': 11},9,0,2,ok,0,9,0.35087003745138645,0.662891460582614,1.015321240760386,10,23,50,0,,
2026-05-15T23:13:18.957946,noisy,persist,{'bins': 11},9,1,2,ok,9,18,0.3627470387145877,1.3386866934597492,1.703288939781487,10,51,92,0,,
2026-05-15T23:13:20.799692,noisy,persist,{'bins': 11},9,2,2,ok,18,27,0.3691583340987563,1.459220176562667,1.8303655367344618,10,35,70,0,,
2026-05-15T23:13:24.027861,noisy,persist,{'bins': 11},9,3,2,ok,27,36,0.367235298268497,2.8448238829150796,3.2140752729028463,10,49,101,0,,
2026-05-15T23:13:26.612615,noisy,persist,{'bins': 11},9,4,2,ok,36,45,0.33356891572475433,2.2376147313043475,2.5730230258777738,10,34,73,0,,
2026-05-15T23:13:27.408399,noisy,persist,{'bins': 11},10,0,2,ok,0,10,0.34828097000718117,0.41321172565221786,0.7630466278642416,10,36,67,0,,
2026-05-15T23:13:30.573856,noisy,persist,{'bins': 11},10,1,2,ok,10,20,0.345582515001297,2.80276561062783,3.1504482943564653,10,64,122,0,,
2026-05-15T23:13:32.802972,noisy,persist,{'bins': 11},10,2,2,ok,20,30,0.35162871424108744,1.8652529008686543,2.218619051389396,10,27,57,0,,
2026-05-15T23:13:35.266078,noisy,persist,{'bins': 11},10,3,2,ok,30,40,0.35641190875321627,2.0918237632140517,2.4500184431672096,10,64,116,0,,
2026-05-15T23:13:37.761176,noisy,persist,{'bins': 11},10,4,2,ok,40,50,0.33439774438738823,2.1476349718868732,2.4838090958073735,10,23,54,0,,
2026-05-15T23:13:38.592379,noisy,persist,{'bins': 11},11,0,2,ok,0,11,0.37353845965117216,0.42246387153863907,0.7977220639586449,10,38,69,0,,
2026-05-15T23:13:46.015622,noisy,persist,{'bins': 11},11,1,2,ok,11,22,0.3599649267271161,7.0408654529601336,7.403320231474936,10,13,34,0,,
2026-05-15T23:13:48.498487,noisy,persist,{'bins': 11},11,2,2,ok,22,33,0.3536809515208006,2.1123520489782095,2.4680292531847954,10,40,85,0,,
2026-05-15T23:13:52.477643,noisy,persist,{'bins': 11},11,3,2,ok,33,44,0.3513948740437627,3.61037580948323,3.963712985627353,10,48,91,0,,
2026-05-15T23:13:57.857141,noisy,persist,{'bins': 11},11,4,2,ok,44,55,0.38361008558422327,4.979460950940847,5.36506153922528,10,3,18,0,,
2026-05-15T23:13:59.025691,noisy,persist,{'bins': 11},12,0,2,ok,0,12,0.36895004101097584,0.7614379897713661,1.1322830934077501,10,38,69,0,,
2026-05-15T23:14:04.712095,noisy,persist,{'bins': 11},12,1,2,ok,12,24,0.39604180958122015,5.2694609221071005,5.667663193307817,10,64,125,0,,
2026-05-15T23:14:07.777682,noisy,persist,{'bins': 11},12,2,2,ok,24,36,0.3689188417047262,2.6814042180776596,3.052314373664558,10,11,36,0,,
2026-05-15T23:14:11.527629,noisy,persist,{'bins': 11},12,3,2,ok,36,48,0.36376682482659817,3.368843880482018,3.7346362732350826,10,48,104,0,,
2026-05-15T23:14:12.995461,noisy,persist,{'bins': 11},12,4,2,ok,48,60,0.37205196265131235,1.0813936265185475,1.4554078690707684,10,37,65,0,,
2026-05-15T23:14:14.068542,noisy,persist,{'bins': 11},13,0,2,ok,0,13,0.3967635575681925,0.6430187495425344,1.0415072003379464,10,37,76,0,,
2026-05-15T23:14:20.074027,noisy,persist,{'bins': 11},13,1,2,ok,13,26,0.4024656480178237,5.584627074189484,5.989278802648187,10,5,27,0,,
2026-05-15T23:14:25.419639,noisy,persist,{'bins': 11},13,2,2,ok,26,39,0.3953430848196149,4.931819876655936,5.329376383684576,10,20,56,0,,
2026-05-15T23:14:30.531471,noisy,persist,{'bins': 11},13,3,2,ok,39,52,0.37209345027804375,4.722594476304948,5.096772736869752,10,24,56,0,,
2026-05-15T23:14:33.580892,noisy,persist,{'bins': 11},13,4,2,ok,52,65,0.37060723546892405,2.6648785769939423,3.0376487197354436,10,5,22,0,,
2026-05-15T23:14:34.955487,noisy,persist,{'bins': 11},14,0,2,ok,0,14,0.3816294502466917,0.9528201036155224,1.3365901792421937,10,34,65,0,,
2026-05-15T23:14:39.711041,noisy,persist,{'bins': 11},14,1,2,ok,14,28,0.3890373585745692,4.346298570744693,4.737778111360967,10,6,24,0,,
2026-05-15T23:14:44.171902,noisy,persist,{'bins': 11},14,2,2,ok,28,42,0.3794609531760216,4.06191716901958,4.443759930320084,10,6,28,0,,
2026-05-15T23:14:48.180583,noisy,persist,{'bins': 11},14,3,2,ok,42,56,0.4055496556684375,3.581197904422879,3.989122524857521,10,41,85,0,,
2026-05-15T23:14:53.833519,noisy,persist,{'bins': 11},14,4,2,ok,56,70,0.39454881101846695,5.236151671037078,5.633118669502437,10,10,29,0,,
2026-05-15T23:14:56.337263,noisy,persist,{'bins': 11},15,0,2,ok,0,15,0.4207904813811183,2.043034235946834,2.4660133626312017,10,64,127,0,,
2026-05-15T23:15:00.140893,noisy,persist,{'bins': 11},15,1,2,ok,15,30,0.42884176038205624,3.353833707049489,3.785393027588725,10,53,96,0,,
2026-05-15T23:15:05.727166,noisy,persist,{'bins': 11},15,2,2,ok,30,45,0.3938269028440118,5.167863043956459,5.564167955890298,10,43,90,0,,
2026-05-15T23:15:09.891483,noisy,persist,{'bins': 11},15,3,2,ok,45,60,0.381692067719996,3.7593783689662814,4.143638494424522,10,36,77,0,,
2026-05-15T23:15:13.430357,noisy,persist,{'bins': 11},15,4,2,ok,60,75,0.3921122495085001,3.1261394396424294,3.520711944438517,10,52,103,0,,
2026-05-15T23:15:16.159324,noisy,persist,{'bins': 11},16,0,2,ok,0,16,0.3967784019187093,2.2855607122182846,2.6848841197788715,10,31,62,0,,
2026-05-15T23:15:19.560247,noisy,persist,{'bins': 11},16,1,2,ok,16,32,0.3986037941649556,2.9834561878815293,3.384727648459375,10,25,62,0,,
2026-05-15T23:15:24.950539,noisy,persist,{'bins': 11},16,2,2,ok,32,48,0.40175990853458643,4.962812416255474,5.367430689744651,10,23,51,0,,
2026-05-15T23:15:27.657994,noisy,persist,{'bins': 11},16,3,2,ok,48,64,0.4244700884446502,2.258715583011508,2.6857746494933963,10,43,83,0,,
2026-05-15T23:15:29.130365,noisy,persist,{'bins': 11},16,4,2,ok,64,80,0.408051879145205,1.0504145892336965,1.460867983289063,10,38,70,0,,
2026-05-15T23:15:31.220777,noisy,persist,{'bins': 11},17,0,2,ok,0,17,0.39126497507095337,1.656608983874321,2.050449070520699,10,27,62,0,,
2026-05-15T23:15:34.498521,noisy,persist,{'bins': 11},17,1,2,ok,17,34,0.4007790330797434,2.8584451219066978,3.261932366527617,10,23,58,0,,
2026-05-15T23:15:40.100662,noisy,persist,{'bins': 11},17,2,2,ok,34,51,0.4271844122558832,5.152096128091216,5.582026703283191,10,41,99,0,,
2026-05-15T23:15:45.055847,noisy,persist,{'bins': 11},17,3,2,ok,51,68,0.4113962361589074,4.525334930047393,4.939482018351555,10,19,59,0,,
2026-05-15T23:15:47.896857,noisy,persist,{'bins': 11},17,4,2,ok,68,85,0.3947151219472289,2.425635937601328,2.8230111617594957,10,19,46,0,,
2026-05-15T23:15:49.736561,noisy,persist,{'bins': 11},18,0,2,ok,0,18,0.42395518999546766,1.3715705862268806,1.798187511973083,10,41,75,0,,
2026-05-15T23:15:56.514127,noisy,persist,{'bins': 11},18,1,2,ok,18,36,0.4290029900148511,6.325018556788564,6.756894840858877,10,37,92,0,,
2026-05-15T23:16:02.723946,noisy,persist,{'bins': 11},18,2,2,ok,36,54,0.43630219530314207,5.741135059855878,6.1805243995040655,10,29,66,0,,
2026-05-15T23:16:06.791319,noisy,persist,{'bins': 11},18,3,2,ok,54,72,0.4275005152449012,3.6168709145858884,4.047265822067857,10,18,47,0,,
2026-05-15T23:16:09.057385,noisy,persist,{'bins': 11},18,4,2,ok,72,90,0.4496569437906146,1.7935425639152527,2.2461409689858556,10,24,57,0,,
2026-05-15T23:16:11.781924,noisy,persist,{'bins': 11},19,0,2,ok,0,19,0.43585796747356653,2.2402291018515825,2.678956034593284,10,26,60,0,,
2026-05-15T23:16:15.871455,noisy,persist,{'bins': 11},19,1,2,ok,19,38,0.4018141981214285,3.662775382399559,4.067606532946229,10,20,46,0,,
2026-05-15T23:16:20.587399,noisy,persist,{'bins': 11},19,2,2,ok,38,57,0.42200240679085255,4.26836159825325,4.69352070055902,10,38,70,0,,
2026-05-15T23:16:26.987756,noisy,persist,{'bins': 11},19,3,2,ok,57,76,0.4198205042630434,5.954324361868203,6.377206742763519,10,32,78,0,,
2026-05-15T23:16:29.222080,noisy,persist,{'bins': 11},19,4,2,ok,76,95,0.45562630519270897,1.7635176768526435,2.221858116798103,10,21,51,0,,
2026-05-15T23:16:31.244250,noisy,persist,{'bins': 11},20,0,2,ok,0,20,0.4662298634648323,1.5114327063784003,1.9806487141177058,10,35,70,0,,
2026-05-15T23:16:36.745360,noisy,persist,{'bins': 11},20,1,2,ok,20,40,0.4556533871218562,5.022978231310844,5.481832266785204,10,18,45,0,,
2026-05-15T23:16:45.206293,noisy,persist,{'bins': 11},20,2,2,ok,40,60,0.4770196806639433,7.950208869762719,8.430599378421903,10,20,52,0,,
2026-05-15T23:16:47.554668,noisy,persist,{'bins': 11},20,3,2,ok,60,80,0.45752934366464615,1.8688525268808007,2.3295299597084522,10,14,34,0,,
2026-05-15T23:16:49.090470,noisy,persist,{'bins': 11},20,4,2,ok,80,100,0.4607713697478175,1.0613266453146935,1.524959595873952,10,28,55,0,,
2026-05-15T23:16:52.749246,noisy,persist,{'bins': 11},21,0,2,ok,0,21,0.45762230828404427,3.146072273142636,3.6074593104422092,10,11,34,0,,
2026-05-15T23:16:55.616676,noisy,persist,{'bins': 11},21,1,2,ok,21,42,0.4281681878492236,2.4162033358588815,2.847632764838636,10,34,70,0,,
2026-05-15T23:16:58.982269,noisy,persist,{'bins': 11},21,2,2,ok,42,63,0.48475453443825245,2.8561828704550862,3.3442016914486885,10,32,70,0,,
2026-05-15T23:17:02.984735,noisy,persist,{'bins': 11},21,3,2,ok,63,84,0.4658371824771166,3.5095609864220023,3.9786647614091635,10,43,88,0,,
2026-05-15T23:17:06.765434,noisy,persist,{'bins': 11},21,4,2,ok,84,105,0.44108158722519875,3.312237437814474,3.7564985333010554,10,27,58,0,,
2026-05-15T23:17:10.597763,noisy,persist,{'bins': 11},22,0,2,ok,0,22,0.48695933911949396,3.2973440727218986,3.7874700650572777,10,46,108,0,,
2026-05-15T23:17:17.995750,noisy,persist,{'bins': 11},22,1,2,ok,22,44,0.4482228448614478,6.912825956009328,7.364508856087923,10,42,96,0,,
2026-05-15T23:17:21.830048,noisy,persist,{'bins': 11},22,2,2,ok,44,66,0.4632975272834301,3.2690824000164866,3.806447613053024,10,38,79,0,,
2026-05-15T23:17:23.839167,noisy,persist,{'bins': 11},22,3,2,ok,66,88,0.47030876111239195,1.5201572617515922,1.993591569364071,10,37,70,0,,
2026-05-15T23:17:28.091793,noisy,persist,{'bins': 11},22,4,2,ok,88,110,0.4890645956620574,3.7359773805364966,4.228442049585283,10,40,78,0,,
2026-05-15T23:17:31.589534,noisy,persist,{'bins': 11},23,0,2,ok,0,23,0.4509756797924638,2.9946626536548138,3.44906688015908,10,34,69,0,,
2026-05-15T23:17:41.706046,noisy,persist,{'bins': 11},23,1,2,ok,23,46,0.4827246246859431,9.599922894500196,10.086375827901065,10,25,59,0,,
2026-05-15T23:17:50.028029,noisy,persist,{'bins': 11},23,2,2,ok,46,69,0.47736593801528215,7.814889498986304,8.295895952731371,10,47,104,0,,
2026-05-15T23:17:53.157369,noisy,persist,{'bins': 11},23,3,2,ok,69,92,0.5074193459004164,2.5979980854317546,3.108963298611343,10,60,110,0,,
2026-05-15T23:17:57.463197,noisy,persist,{'bins': 11},23,4,2,ok,92,115,0.4573118118569255,3.818082943558693,4.278925473801792,10,32,71,0,,
2026-05-15T23:18:03.248477,noisy,persist,{'bins': 11},24,0,2,ok,0,24,0.5040951538830996,5.232814020477235,5.740230850875378,10,43,99,0,,
2026-05-15T23:18:12.470855,noisy,persist,{'bins': 11},24,1,2,ok,24,48,0.5124167008325458,8.673403000459075,9.189471207559109,10,20,51,0,,
2026-05-15T23:18:17.490937,noisy,persist,{'bins': 11},24,2,2,ok,48,72,0.4577305382117629,4.473782530985773,4.990999076515436,10,31,68,0,,
2026-05-15T23:18:21.920807,noisy,persist,{'bins': 11},24,3,2,ok,72,96,0.4918353334069252,3.9011863069608808,4.396658898331225,10,26,60,0,,
2026-05-15T23:18:28.935525,noisy,persist,{'bins': 11},24,4,2,ok,96,120,0.5107099711894989,6.474972986616194,6.989520273171365,10,46,101,0,,
2026-05-15T23:18:33.051866,noisy,persist,{'bins': 11},25,0,2,ok,0,25,0.5190313551574945,3.544257113710046,4.06686632707715,10,19,44,0,,
2026-05-15T23:18:40.577580,noisy,persist,{'bins': 11},25,1,2,ok,25,50,0.5150581663474441,6.976265853270888,7.495024736970663,10,24,51,0,,
2026-05-15T23:18:48.425001,noisy,persist,{'bins': 11},25,2,2,ok,50,75,0.48305794782936573,7.324076259508729,7.810951595194638,10,6,28,0,,
2026-05-15T23:18:51.647002,noisy,persist,{'bins': 11},25,3,2,ok,75,100,0.49933916982263327,2.698802914470434,3.201791536062956,10,30,69,0,,
2026-05-15T23:19:02.372325,noisy,persist,{'bins': 11},25,4,2,ok,100,125,0.4952201247215271,10.182649203576148,10.68186614383012,10,55,114,0,,
