timestamp,dataset,method,params,trace_count,repeat,tag_k,status,trace_indices_start,trace_indices_end,disc_time,learn_time,total_time,actual_bins,n_states,n_edges,n_inconsistencies,error_type,error_msg
2026-05-16T01:06:05.086712,clean,naive,{'bins': 5},1,0,4,ok,0,1,0.0004226136952638626,0.0020072106271982193,0.0026841210201382637,5,11,11,0,,
2026-05-16T01:06:05.090065,clean,naive,{'bins': 5},1,1,4,ok,1,2,0.0003115944564342499,0.0014274101704359055,0.0019280500710010529,5,16,15,0,,
2026-05-16T01:06:05.093766,clean,naive,{'bins': 5},1,2,4,ok,2,3,0.0002981005236506462,0.0019932016730308533,0.0024805180728435516,5,11,11,0,,
2026-05-16T01:06:05.097373,clean,naive,{'bins': 5},1,3,4,ok,3,4,0.00031217653304338455,0.0021154917776584625,0.002617744728922844,5,13,13,0,,
2026-05-16T01:06:05.099704,clean,naive,{'bins': 5},1,4,4,ok,4,5,0.0003026295453310013,0.0009701419621706009,0.001459101215004921,5,12,11,0,,
2026-05-16T01:06:05.113243,clean,naive,{'bins': 5},2,0,4,ok,0,2,0.0005268305540084839,0.009469481185078621,0.01029723696410656,5,25,26,0,,
2026-05-16T01:06:05.124283,clean,naive,{'bins': 5},2,1,4,ok,2,4,0.000515718013048172,0.00890858843922615,0.009725993499159813,5,14,16,0,,
2026-05-16T01:06:05.133108,clean,naive,{'bins': 5},2,2,4,ok,4,6,0.0005209576338529587,0.006660668179392815,0.007470138370990753,5,25,26,0,,
2026-05-16T01:06:05.148618,clean,naive,{'bins': 5},2,3,4,ok,6,8,0.000522080808877945,0.013194847851991653,0.014050895348191261,5,20,23,0,,
2026-05-16T01:06:05.158188,clean,naive,{'bins': 5},2,4,4,ok,8,10,0.0005310866981744766,0.0075364625081419945,0.008356612175703049,5,19,20,0,,
2026-05-16T01:06:05.175412,clean,naive,{'bins': 5},3,0,4,ok,0,3,0.0007229484617710114,0.012724675238132477,0.013852373696863651,5,29,31,0,,
2026-05-16T01:06:05.189855,clean,naive,{'bins': 5},3,1,4,ok,3,6,0.0007417332381010056,0.011755174957215786,0.012880839407444,5,25,27,0,,
2026-05-16T01:06:05.219120,clean,naive,{'bins': 5},3,2,4,ok,6,9,0.0007368745282292366,0.02646946720778942,0.027591895312070847,5,29,34,0,,
2026-05-16T01:06:05.231564,clean,naive,{'bins': 5},3,3,4,ok,9,12,0.0007465304806828499,0.009783542715013027,0.01091226190328598,5,27,29,0,,
2026-05-16T01:06:05.249171,clean,naive,{'bins': 5},3,4,4,ok,12,15,0.0007506804540753365,0.014893146231770515,0.016038117930293083,5,27,28,0,,
2026-05-16T01:06:05.282682,clean,naive,{'bins': 5},4,0,4,ok,0,4,0.0009575989097356796,0.028421412222087383,0.02986984234303236,5,31,36,0,,
2026-05-16T01:06:05.305442,clean,naive,{'bins': 5},4,1,4,ok,4,8,0.000947779044508934,0.019752983935177326,0.02118267770856619,5,25,28,0,,
2026-05-16T01:06:05.327107,clean,naive,{'bins': 5},4,2,4,ok,8,12,0.0009713843464851379,0.018510721623897552,0.019959472119808197,5,31,35,0,,
2026-05-16T01:06:05.364981,clean,naive,{'bins': 5},4,3,4,ok,12,16,0.0009566862136125565,0.03455047216266394,0.03599912207573652,5,28,33,0,,
2026-05-16T01:06:05.385414,clean,naive,{'bins': 5},4,4,4,ok,16,20,0.00099287461489439,0.016885790042579174,0.018366641364991665,5,26,29,0,,
2026-05-16T01:06:05.435223,clean,naive,{'bins': 5},5,0,4,ok,0,5,0.0011521335691213608,0.044279771856963634,0.046150815673172474,5,28,34,0,,
2026-05-16T01:06:05.473209,clean,naive,{'bins': 5},5,1,4,ok,5,10,0.0011607902124524117,0.034302315674722195,0.03617362957447767,5,31,35,0,,
2026-05-16T01:06:05.538335,clean,naive,{'bins': 5},5,2,4,ok,10,15,0.0011844038963317871,0.06112632807344198,0.06302907038480043,5,29,36,0,,
2026-05-16T01:06:05.570660,clean,naive,{'bins': 5},5,3,4,ok,15,20,0.0020442288368940353,0.026896228082478046,0.030230209231376648,5,28,33,0,,
2026-05-16T01:06:05.610404,clean,naive,{'bins': 5},5,4,4,ok,20,25,0.0012540752068161964,0.0355377160012722,0.03752650134265423,5,37,43,0,,
2026-05-16T01:06:05.656996,clean,naive,{'bins': 5},6,0,4,ok,0,6,0.0014066621661186218,0.03980041202157736,0.04210808500647545,5,3,6,0,,
2026-05-16T01:06:05.690056,clean,naive,{'bins': 5},6,1,4,ok,6,12,0.0018123527988791466,0.02789407130330801,0.030638585798442364,5,32,36,0,,
2026-05-16T01:06:05.752209,clean,naive,{'bins': 5},6,2,4,ok,12,18,0.0014353450387716293,0.05711741093546152,0.05942303966730833,5,11,16,0,,
2026-05-16T01:06:05.802508,clean,naive,{'bins': 5},6,3,4,ok,18,24,0.0018193870782852173,0.04492733906954527,0.04769892431795597,5,30,36,0,,
2026-05-16T01:06:05.842673,clean,naive,{'bins': 5},6,4,4,ok,24,30,0.0014592595398426056,0.03603522107005119,0.038347141817212105,5,3,6,0,,
2026-05-16T01:06:05.902272,clean,naive,{'bins': 5},7,0,4,ok,0,7,0.0016490472480654716,0.05290341656655073,0.05571422539651394,5,11,14,0,,
2026-05-16T01:06:05.963078,clean,naive,{'bins': 5},7,1,4,ok,7,14,0.0016205646097660065,0.05600265599787235,0.05857207253575325,5,19,26,0,,
2026-05-16T01:06:06.064940,clean,naive,{'bins': 5},7,2,4,ok,14,21,0.0016152337193489075,0.09673969633877277,0.09932524152100086,5,28,39,0,,
2026-05-16T01:06:06.114928,clean,naive,{'bins': 5},7,3,4,ok,21,28,0.00162424985319376,0.04517609626054764,0.04776828456670046,5,35,41,0,,
2026-05-16T01:06:06.160321,clean,naive,{'bins': 5},7,4,4,ok,28,35,0.0026977164670825005,0.03902908321470022,0.04308504983782768,5,35,40,0,,
2026-05-16T01:06:06.224381,clean,naive,{'bins': 5},8,0,4,ok,0,8,0.0018504848703742027,0.055951922200620174,0.05895836744457483,5,10,13,0,,
2026-05-16T01:06:06.287923,clean,naive,{'bins': 5},8,1,4,ok,8,16,0.0018638800829648972,0.0579904904589057,0.06095714122056961,5,16,21,0,,
2026-05-16T01:06:06.364724,clean,naive,{'bins': 5},8,2,4,ok,16,24,0.001861104741692543,0.07103965524584055,0.07402807660400867,5,27,34,0,,
2026-05-16T01:06:06.409919,clean,naive,{'bins': 5},8,3,4,ok,24,32,0.0018798597157001495,0.039388145320117474,0.04236825183033943,5,3,6,0,,
2026-05-16T01:06:06.505830,clean,naive,{'bins': 5},8,4,4,ok,32,40,0.0018861619755625725,0.09035573806613684,0.09333909023553133,5,4,7,0,,
2026-05-16T01:06:06.588659,clean,naive,{'bins': 5},9,0,4,ok,0,9,0.0020699771121144295,0.07500095292925835,0.07841844111680984,5,5,8,0,,
2026-05-16T01:06:06.679256,clean,naive,{'bins': 5},9,1,4,ok,9,18,0.002087799832224846,0.0842976626008749,0.08761381916701794,5,34,43,0,,
2026-05-16T01:06:06.747541,clean,naive,{'bins': 5},9,2,4,ok,18,27,0.002074063755571842,0.06190789584070444,0.06522928271442652,5,42,48,0,,
2026-05-16T01:06:06.810271,clean,naive,{'bins': 5},9,3,4,ok,27,36,0.0020868992432951927,0.05636682081967592,0.05971197318285704,5,34,40,0,,
2026-05-16T01:06:06.894894,clean,naive,{'bins': 5},9,4,4,ok,36,45,0.00211460143327713,0.0781762758269906,0.08153513446450233,5,18,24,0,,
2026-05-16T01:06:06.996596,clean,naive,{'bins': 5},10,0,4,ok,0,10,0.002481290139257908,0.09315033629536629,0.09700857196003199,5,7,11,0,,
2026-05-16T01:06:07.093630,clean,naive,{'bins': 5},10,1,4,ok,10,20,0.002441215328872204,0.09001637063920498,0.09371760208159685,5,10,14,0,,
2026-05-16T01:06:07.209103,clean,naive,{'bins': 5},10,2,4,ok,20,30,0.0024178912863135338,0.10820087883621454,0.11199667677283287,5,30,38,0,,
2026-05-16T01:06:07.344709,clean,naive,{'bins': 5},10,3,4,ok,30,40,0.002544187940657139,0.12817608006298542,0.13201625179499388,5,5,8,0,,
2026-05-16T01:06:07.428193,clean,naive,{'bins': 5},10,4,4,ok,40,50,0.0025218958035111427,0.07665951922535896,0.08043184224516153,5,8,12,0,,
2026-05-16T01:06:07.541873,clean,naive,{'bins': 5},11,0,4,ok,0,11,0.002619530074298382,0.104309250600636,0.10836759302765131,5,12,18,0,,
2026-05-16T01:06:07.648747,clean,naive,{'bins': 5},11,1,4,ok,11,22,0.0027085961773991585,0.09924693405628204,0.1033891923725605,5,8,12,0,,
2026-05-16T01:06:07.736030,clean,naive,{'bins': 5},11,2,4,ok,22,33,0.0027141980826854706,0.07966789696365595,0.08373249042779207,5,25,32,0,,
2026-05-16T01:06:07.824534,clean,naive,{'bins': 5},11,3,4,ok,33,44,0.0027245869860053062,0.0803048936650157,0.08453863393515348,5,38,44,0,,
2026-05-16T01:06:07.916784,clean,naive,{'bins': 5},11,4,4,ok,44,55,0.0027432916685938835,0.08455895259976387,0.08866317942738533,5,10,14,0,,
2026-05-16T01:06:08.061480,clean,naive,{'bins': 5},12,0,4,ok,0,12,0.0028903279453516006,0.13468567561358213,0.13904615305364132,5,13,18,0,,
2026-05-16T01:06:08.173400,clean,naive,{'bins': 5},12,1,4,ok,12,24,0.0029409220442175865,0.10314301121979952,0.1075947005301714,5,8,12,0,,
2026-05-16T01:06:08.258541,clean,naive,{'bins': 5},12,2,4,ok,24,36,0.0029120687395334244,0.07735814061015844,0.08187325857579708,5,13,19,0,,
2026-05-16T01:06:08.338969,clean,naive,{'bins': 5},12,3,4,ok,36,48,0.002906767651438713,0.0719452053308487,0.07646615523844957,5,13,16,0,,
2026-05-16T01:06:08.480242,clean,naive,{'bins': 5},12,4,4,ok,48,60,0.002917679026722908,0.13296379055827856,0.137349596247077,5,15,20,0,,
2026-05-16T01:06:08.654436,clean,naive,{'bins': 5},13,0,4,ok,0,13,0.0031332634389400482,0.16335903014987707,0.16808993369340897,5,14,21,0,,
2026-05-16T01:06:08.789382,clean,naive,{'bins': 5},13,1,4,ok,13,26,0.0033400123938918114,0.12535670585930347,0.1303692189976573,5,25,31,0,,
2026-05-16T01:06:08.903837,clean,naive,{'bins': 5},13,2,4,ok,26,39,0.003148992545902729,0.10587646532803774,0.11078478116542101,5,8,12,0,,
2026-05-16T01:06:09.012196,clean,naive,{'bins': 5},13,3,4,ok,39,52,0.0031391847878694534,0.09950710460543633,0.10435515828430653,5,8,12,0,,
2026-05-16T01:06:09.127906,clean,naive,{'bins': 5},13,4,4,ok,52,65,0.0032414374873042107,0.10688009019941092,0.11176539305597544,5,4,7,0,,
2026-05-16T01:06:09.306540,clean,naive,{'bins': 5},14,0,4,ok,0,14,0.0033412035554647446,0.16729686502367258,0.17237777542322874,5,5,8,0,,
2026-05-16T01:06:09.481486,clean,naive,{'bins': 5},14,1,4,ok,14,28,0.0033497195690870285,0.16567309573292732,0.1707114977762103,5,23,30,0,,
2026-05-16T01:06:09.613893,clean,naive,{'bins': 5},14,2,4,ok,28,42,0.003324722871184349,0.12363208644092083,0.12864658329635859,5,12,19,0,,
2026-05-16T01:06:09.743864,clean,naive,{'bins': 5},14,3,4,ok,42,56,0.003272745758295059,0.12107723020017147,0.12604168243706226,5,7,11,0,,
2026-05-16T01:06:09.882601,clean,naive,{'bins': 5},14,4,4,ok,56,70,0.0033788345754146576,0.12996790558099747,0.1350866872817278,5,5,8,0,,
2026-05-16T01:06:10.056816,clean,naive,{'bins': 5},15,0,4,ok,0,15,0.0035911137238144875,0.1623424207791686,0.16774800140410662,5,5,8,0,,
2026-05-16T01:06:10.176874,clean,naive,{'bins': 5},15,1,4,ok,15,30,0.0035979170352220535,0.10997259616851807,0.11539244372397661,5,32,40,0,,
2026-05-16T01:06:10.347117,clean,naive,{'bins': 5},15,2,4,ok,30,45,0.0036097289994359016,0.16045972611755133,0.16590483207255602,5,7,10,0,,
2026-05-16T01:06:10.470580,clean,naive,{'bins': 5},15,3,4,ok,45,60,0.003528076224029064,0.11387544497847557,0.11927788145840168,5,26,33,0,,
2026-05-16T01:06:10.656713,clean,naive,{'bins': 5},15,4,4,ok,60,75,0.0035800719633698463,0.17644705716520548,0.18200749903917313,5,26,36,0,,
2026-05-16T01:06:10.855841,clean,naive,{'bins': 5},16,0,4,ok,0,16,0.0037962496280670166,0.18702046386897564,0.19291283935308456,5,5,8,0,,
2026-05-16T01:06:11.036113,clean,naive,{'bins': 5},16,1,4,ok,16,32,0.003746465779840946,0.17039561457931995,0.17617045901715755,5,7,11,0,,
2026-05-16T01:06:11.142200,clean,naive,{'bins': 5},16,2,4,ok,32,48,0.003761664032936096,0.09592252224683762,0.1017174543812871,5,3,6,0,,
2026-05-16T01:06:11.352293,clean,naive,{'bins': 5},16,3,4,ok,48,64,0.003769167698919773,0.19959016796201468,0.2053543720394373,5,11,16,0,,
2026-05-16T01:06:11.477558,clean,naive,{'bins': 5},16,4,4,ok,64,80,0.0037838956341147423,0.11468381248414516,0.12053214572370052,5,31,41,0,,
2026-05-16T01:06:11.675590,clean,naive,{'bins': 5},17,0,4,ok,0,17,0.00418707262724638,0.1859222212806344,0.19218222703784704,5,5,8,0,,
2026-05-16T01:06:11.798090,clean,naive,{'bins': 5},17,1,4,ok,17,34,0.004040897823870182,0.11211319640278816,0.11817888636142015,5,17,24,0,,
2026-05-16T01:06:11.933096,clean,naive,{'bins': 5},17,2,4,ok,34,51,0.003979843109846115,0.12442830298095942,0.1305180275812745,5,3,6,0,,
2026-05-16T01:06:12.092257,clean,naive,{'bins': 5},17,3,4,ok,51,68,0.003957852721214294,0.14882714115083218,0.154907519929111,5,8,12,0,,
2026-05-16T01:06:12.259106,clean,naive,{'bins': 5},17,4,4,ok,68,85,0.0040492042899131775,0.15617701318114996,0.16239539999514818,5,5,8,0,,
2026-05-16T01:06:12.572519,clean,naive,{'bins': 5},18,0,4,ok,0,18,0.004254900850355625,0.29975099954754114,0.3062835671007633,5,5,8,0,,
2026-05-16T01:06:12.731714,clean,naive,{'bins': 5},18,1,4,ok,18,36,0.00433849822729826,0.14820264745503664,0.15471135079860687,5,12,17,0,,
2026-05-16T01:06:12.906733,clean,naive,{'bins': 5},18,2,4,ok,36,54,0.004212280735373497,0.1635459205135703,0.1700148181989789,5,21,28,0,,
2026-05-16T01:06:13.093883,clean,naive,{'bins': 5},18,3,4,ok,54,72,0.004213321954011917,0.17634963523596525,0.18286863714456558,5,5,8,0,,
2026-05-16T01:06:13.295210,clean,naive,{'bins': 5},18,4,4,ok,72,90,0.004250671714544296,0.18993796221911907,0.1964373765513301,5,7,11,0,,
2026-05-16T01:06:13.613662,clean,naive,{'bins': 5},19,0,4,ok,0,19,0.0046056583523750305,0.30490877479314804,0.3118376163765788,5,5,8,0,,
2026-05-16T01:06:13.769680,clean,naive,{'bins': 5},19,1,4,ok,19,38,0.004464123398065567,0.14392932411283255,0.1507570454850793,5,17,22,0,,
2026-05-16T01:06:13.944372,clean,naive,{'bins': 5},19,2,4,ok,38,57,0.004438555799424648,0.162290895357728,0.16918674483895302,5,7,11,0,,
2026-05-16T01:06:14.185851,clean,naive,{'bins': 5},19,3,4,ok,57,76,0.004534103907644749,0.228236623108387,0.2350716982036829,5,43,56,0,,
2026-05-16T01:06:14.362557,clean,naive,{'bins': 5},19,4,4,ok,76,95,0.004597202874720097,0.1642097383737564,0.17125291377305984,5,6,10,0,,
2026-05-16T01:06:14.581125,clean,naive,{'bins': 5},20,0,4,ok,0,20,0.0048503875732421875,0.20318587124347687,0.21052325889468193,5,28,36,0,,
2026-05-16T01:06:14.837851,clean,naive,{'bins': 5},20,1,4,ok,20,40,0.004863852635025978,0.2434347439557314,0.25094097945839167,5,11,16,0,,
2026-05-16T01:06:14.997497,clean,naive,{'bins': 5},20,2,4,ok,40,60,0.004828187637031078,0.14665255695581436,0.15420465916395187,5,3,6,0,,
2026-05-16T01:06:15.207862,clean,naive,{'bins': 5},20,3,4,ok,60,80,0.004898088052868843,0.19700702745467424,0.2045097667723894,5,23,31,0,,
2026-05-16T01:06:15.396050,clean,naive,{'bins': 5},20,4,4,ok,80,100,0.004859223961830139,0.17513764929026365,0.1826791213825345,5,10,15,0,,
2026-05-16T01:06:15.637511,clean,naive,{'bins': 5},21,0,4,ok,0,21,0.005234070122241974,0.22296202834695578,0.23090391233563423,5,6,9,0,,
2026-05-16T01:06:15.879747,clean,naive,{'bins': 5},21,1,4,ok,21,42,0.0050346143543720245,0.2285442315042019,0.2363677527755499,5,14,20,0,,
2026-05-16T01:06:16.056467,clean,naive,{'bins': 5},21,2,4,ok,42,63,0.0050836168229579926,0.1625379379838705,0.1702309949323535,5,37,46,0,,
2026-05-16T01:06:16.239194,clean,naive,{'bins': 5},21,3,4,ok,63,84,0.005003427155315876,0.16902293637394905,0.17670672666281462,5,25,33,0,,
2026-05-16T01:06:16.492926,clean,naive,{'bins': 5},21,4,4,ok,84,105,0.0052351513877511024,0.2396724373102188,0.2475794367492199,5,10,15,0,,
2026-05-16T01:06:16.692918,clean,naive,{'bins': 5},22,0,4,ok,0,22,0.005312947556376457,0.1836088476702571,0.19165015872567892,5,29,40,0,,
2026-05-16T01:06:16.896632,clean,naive,{'bins': 5},22,1,4,ok,22,44,0.005479790270328522,0.18971516378223896,0.19785957876592875,5,15,21,0,,
2026-05-16T01:06:17.061317,clean,naive,{'bins': 5},22,2,4,ok,44,66,0.005218741483986378,0.15064046625047922,0.15854025166481733,5,24,34,0,,
2026-05-16T01:06:17.277690,clean,naive,{'bins': 5},22,3,4,ok,66,88,0.005365515127778053,0.20223902259021997,0.2102184258401394,5,25,33,0,,
2026-05-16T01:06:17.433160,clean,naive,{'bins': 5},22,4,4,ok,88,110,0.005217717960476875,0.1413088832050562,0.14927765727043152,5,9,13,0,,
2026-05-16T01:06:17.637825,clean,naive,{'bins': 5},23,0,4,ok,0,23,0.0053989579901099205,0.1870884709060192,0.19524238258600235,5,29,40,0,,
2026-05-16T01:06:17.847749,clean,naive,{'bins': 5},23,1,4,ok,23,46,0.005708388984203339,0.19425116200000048,0.2028525536879897,5,32,42,0,,
2026-05-16T01:06:18.047123,clean,naive,{'bins': 5},23,2,4,ok,46,69,0.005517933517694473,0.18405997473746538,0.19265383388847113,5,33,46,0,,
2026-05-16T01:06:18.258497,clean,naive,{'bins': 5},23,3,4,ok,69,92,0.005535494536161423,0.1962733492255211,0.20472620334476233,5,22,28,0,,
2026-05-16T01:06:18.492826,clean,naive,{'bins': 5},23,4,4,ok,92,115,0.0057263728231191635,0.21941361390054226,0.22804765682667494,5,5,8,0,,
2026-05-16T01:06:18.687386,clean,naive,{'bins': 5},24,0,4,ok,0,24,0.005720983259379864,0.17712083365768194,0.18571384996175766,5,25,34,0,,
2026-05-16T01:06:18.881444,clean,naive,{'bins': 5},24,1,4,ok,24,48,0.00567052885890007,0.17831579688936472,0.18683262076228857,5,23,32,0,,
2026-05-16T01:06:19.223111,clean,naive,{'bins': 5},24,2,4,ok,48,72,0.005609833635389805,0.326416383497417,0.3349320041015744,5,6,10,0,,
2026-05-16T01:06:19.402306,clean,naive,{'bins': 5},24,3,4,ok,72,96,0.005726514384150505,0.16403096169233322,0.1726655773818493,5,7,11,0,,
2026-05-16T01:06:19.659554,clean,naive,{'bins': 5},24,4,4,ok,96,120,0.005857040174305439,0.2420629970729351,0.2507417257875204,5,23,32,0,,
2026-05-16T01:06:19.866892,clean,naive,{'bins': 5},25,0,4,ok,0,25,0.005806253291666508,0.18963900953531265,0.19844563864171505,5,25,34,0,,
2026-05-16T01:06:20.076581,clean,naive,{'bins': 5},25,1,4,ok,25,50,0.005852670408785343,0.1931823557242751,0.20204733312129974,5,24,31,0,,
2026-05-16T01:06:20.347008,clean,naive,{'bins': 5},25,2,4,ok,50,75,0.00585339218378067,0.2553192116320133,0.2641863729804754,5,6,9,0,,
2026-05-16T01:06:20.584592,clean,naive,{'bins': 5},25,3,4,ok,75,100,0.005961636081337929,0.22159625310450792,0.23060190584510565,5,8,12,0,,
2026-05-16T01:06:20.771479,clean,naive,{'bins': 5},25,4,4,ok,100,125,0.006072334013879299,0.17119842115789652,0.18029169738292694,5,5,8,0,,
2026-05-16T01:06:20.973070,clean,naive,{'bins': 5},26,0,4,ok,0,26,0.006270565092563629,0.18164789490401745,0.19113640300929546,5,5,8,0,,
2026-05-16T01:06:21.140590,clean,naive,{'bins': 5},26,1,4,ok,26,52,0.006306110881268978,0.1507145967334509,0.16004651971161366,5,12,15,0,,
2026-05-16T01:06:21.387612,clean,naive,{'bins': 5},26,2,4,ok,52,78,0.006154677830636501,0.2312315572053194,0.24036994855850935,5,5,8,0,,
2026-05-16T01:06:21.716171,clean,naive,{'bins': 5},26,3,4,ok,78,104,0.006040354259312153,0.31185110099613667,0.3210870260372758,5,5,8,0,,
2026-05-16T01:06:22.086036,clean,naive,{'bins': 5},26,4,4,ok,104,130,0.0062454380095005035,0.35339250322431326,0.36270996928215027,5,5,8,0,,
2026-05-16T01:06:22.297037,clean,naive,{'bins': 5},27,0,4,ok,0,27,0.006441837176680565,0.1921372413635254,0.20183768775314093,5,5,8,0,,
2026-05-16T01:06:22.511275,clean,naive,{'bins': 5},27,1,4,ok,27,54,0.006501467898488045,0.19629792589694262,0.2061014650389552,5,7,11,0,,
2026-05-16T01:06:22.880940,clean,naive,{'bins': 5},27,2,4,ok,54,81,0.006675334647297859,0.3522904934361577,0.3623090060427785,5,5,8,0,,
2026-05-16T01:06:23.140501,clean,naive,{'bins': 5},27,3,4,ok,81,108,0.006631623022258282,0.2418588949367404,0.25192405469715595,5,16,23,0,,
2026-05-16T01:06:23.412553,clean,naive,{'bins': 5},27,4,4,ok,108,135,0.006689703091979027,0.2545793307945132,0.2646937547251582,5,5,8,0,,
2026-05-16T01:06:23.633228,clean,naive,{'bins': 5},28,0,4,ok,0,28,0.006855133920907974,0.20048019010573626,0.21090222150087357,5,5,8,0,,
2026-05-16T01:06:23.929132,clean,naive,{'bins': 5},28,1,4,ok,28,56,0.006821439601480961,0.2767416099086404,0.2872352059930563,5,3,6,0,,
2026-05-16T01:06:24.189549,clean,naive,{'bins': 5},28,2,4,ok,56,84,0.006700552999973297,0.24208987969905138,0.25243143923580647,5,22,30,0,,
2026-05-16T01:06:24.461605,clean,naive,{'bins': 5},28,3,4,ok,84,112,0.006568215787410736,0.25423999410122633,0.26429341454058886,5,9,14,0,,
2026-05-16T01:06:24.673707,clean,naive,{'bins': 5},28,4,4,ok,112,140,0.006690203212201595,0.19378704112023115,0.20391888730227947,5,18,25,0,,
2026-05-16T01:06:24.901085,clean,naive,{'bins': 5},29,0,4,ok,0,29,0.007084053009748459,0.20661369804292917,0.2172465557232499,5,5,8,0,,
2026-05-16T01:06:25.203225,clean,naive,{'bins': 5},29,1,4,ok,29,58,0.007037205621600151,0.2831031968817115,0.29374465998262167,5,3,6,0,,
2026-05-16T01:06:25.433628,clean,naive,{'bins': 5},29,2,4,ok,58,87,0.006932327523827553,0.2124098427593708,0.2227291902527213,5,5,8,0,,
2026-05-16T01:06:25.713297,clean,naive,{'bins': 5},29,3,4,ok,87,116,0.006906619295477867,0.2592976735904813,0.26963353250175714,5,26,36,0,,
2026-05-16T01:06:25.927065,clean,naive,{'bins': 5},29,4,4,ok,116,145,0.007111764512956142,0.1950015425682068,0.20561843924224377,5,16,20,0,,
2026-05-16T01:06:26.155886,clean,naive,{'bins': 5},30,0,4,ok,0,30,0.0071997204795479774,0.20793117210268974,0.21874361764639616,5,5,8,0,,
2026-05-16T01:06:26.393406,clean,naive,{'bins': 5},30,1,4,ok,30,60,0.007027246057987213,0.2185804396867752,0.2291895216330886,5,3,6,0,,
2026-05-16T01:06:26.693262,clean,naive,{'bins': 5},30,2,4,ok,60,90,0.007102035917341709,0.28136027324944735,0.29197115916758776,5,20,28,0,,
2026-05-16T01:06:26.994174,clean,naive,{'bins': 5},30,3,4,ok,90,120,0.00730383675545454,0.28195210453122854,0.29305569641292095,5,5,8,0,,
2026-05-16T01:06:27.381984,clean,naive,{'bins': 5},30,4,4,ok,120,150,0.0071632713079452515,0.3677740078419447,0.37870591692626476,5,5,8,0,,
2026-05-16T01:06:27.618481,clean,naive,{'bins': 5},31,0,4,ok,0,31,0.007459607906639576,0.21443967334926128,0.22576053347438574,5,5,8,0,,
2026-05-16T01:06:27.905610,clean,naive,{'bins': 5},31,1,4,ok,31,62,0.007255956530570984,0.2666781209409237,0.27791186701506376,5,3,6,0,,
2026-05-16T01:06:28.241402,clean,naive,{'bins': 5},31,2,4,ok,62,93,0.007356563583016396,0.316495593637228,0.32751262187957764,5,19,27,0,,
2026-05-16T01:06:28.601945,clean,naive,{'bins': 5},31,3,4,ok,93,124,0.007277455180883408,0.3406577277928591,0.3516681641340256,5,5,8,0,,
2026-05-16T01:06:28.911579,clean,naive,{'bins': 5},31,4,4,ok,124,155,0.0073920805007219315,0.2896467847749591,0.30079002026468515,5,6,9,0,,
2026-05-16T01:06:29.157049,clean,naive,{'bins': 5},32,0,4,ok,0,32,0.0076256999745965,0.22303130850195885,0.2344716927036643,5,5,8,0,,
2026-05-16T01:06:29.458311,clean,naive,{'bins': 5},32,1,4,ok,32,64,0.007551271468400955,0.28051107935607433,0.2918501030653715,5,27,38,0,,
2026-05-16T01:06:29.720153,clean,naive,{'bins': 5},32,2,4,ok,64,96,0.0078100962564349174,0.2416530568152666,0.2532743411138654,5,20,28,0,,
2026-05-16T01:06:30.003160,clean,naive,{'bins': 5},32,3,4,ok,96,128,0.00747606810182333,0.2630731724202633,0.27440481167286634,5,5,8,0,,
2026-05-16T01:06:30.264435,clean,naive,{'bins': 5},32,4,4,ok,128,160,0.007598250173032284,0.24016261007636786,0.25161680951714516,5,3,6,0,,
2026-05-16T01:06:30.522591,clean,naive,{'bins': 5},33,0,4,ok,0,33,0.00781690888106823,0.23535255435854197,0.2471481654793024,5,5,8,0,,
2026-05-16T01:06:30.835297,clean,naive,{'bins': 5},33,1,4,ok,33,66,0.0542061235755682,0.24508935119956732,0.30342216417193413,5,6,10,0,,
2026-05-16T01:06:31.223531,clean,naive,{'bins': 5},33,2,4,ok,66,99,0.00786471925675869,0.36739420611411333,0.37917023058980703,5,20,28,0,,
2026-05-16T01:06:31.617288,clean,naive,{'bins': 5},33,3,4,ok,99,132,0.007878494448959827,0.3732758117839694,0.38499181251972914,5,20,28,0,,
2026-05-16T01:06:31.987940,clean,naive,{'bins': 5},33,4,4,ok,132,165,0.007928059436380863,0.3485384462401271,0.36057926900684834,5,7,11,0,,
2026-05-16T01:06:32.256629,clean,naive,{'bins': 5},34,0,4,ok,0,34,0.008026101626455784,0.24468605313450098,0.2566973390057683,5,5,8,0,,
2026-05-16T01:06:32.535949,clean,naive,{'bins': 5},34,1,4,ok,34,68,0.007952413521707058,0.2574361562728882,0.26952664088457823,5,6,10,0,,
2026-05-16T01:06:32.923657,clean,naive,{'bins': 5},34,2,4,ok,68,102,0.008152250200510025,0.3659584103152156,0.3781894287094474,5,19,27,0,,
2026-05-16T01:06:33.254371,clean,naive,{'bins': 5},34,3,4,ok,102,136,0.008071988821029663,0.30923527013510466,0.32141563296318054,5,21,29,0,,
2026-05-16T01:06:33.593513,clean,naive,{'bins': 5},34,4,4,ok,136,170,0.008206321857869625,0.3175551537424326,0.32981702126562595,5,7,11,0,,
2026-05-16T01:06:33.875649,clean,naive,{'bins': 5},35,0,4,ok,0,35,0.008173207752406597,0.2575380876660347,0.26980887074023485,5,5,8,0,,
2026-05-16T01:06:34.143427,clean,naive,{'bins': 5},35,1,4,ok,35,70,0.009714553132653236,0.24355862569063902,0.25763029139488935,5,7,11,0,,
2026-05-16T01:06:34.473764,clean,naive,{'bins': 5},35,2,4,ok,70,105,0.009352322667837143,0.30694544967263937,0.3204908166080713,5,9,13,0,,
2026-05-16T01:06:34.761467,clean,naive,{'bins': 5},35,3,4,ok,105,140,0.009227617643773556,0.26455308217555285,0.2781032770872116,5,5,8,0,,
2026-05-16T01:06:35.016005,clean,naive,{'bins': 5},35,4,4,ok,140,175,0.009082837030291557,0.2311922237277031,0.2444772319868207,5,7,11,0,,
2026-05-16T01:06:35.302110,clean,naive,{'bins': 5},36,0,4,ok,0,36,0.009136516600847244,0.2586222644895315,0.27204302698373795,5,5,8,0,,
2026-05-16T01:06:35.648932,clean,naive,{'bins': 5},36,1,4,ok,36,72,0.009010040201246738,0.32267651055008173,0.3360852124169469,5,5,8,0,,
2026-05-16T01:06:36.129640,clean,naive,{'bins': 5},36,2,4,ok,72,108,0.07085959613323212,0.3954557813704014,0.47086295764893293,5,19,27,0,,
2026-05-16T01:06:36.400803,clean,naive,{'bins': 5},36,3,4,ok,108,144,0.008761311881244183,0.2477715779095888,0.2607554094865918,5,27,34,0,,
2026-05-16T01:06:36.693438,clean,naive,{'bins': 5},36,4,4,ok,144,180,0.008870447985827923,0.268578271381557,0.2817158121615648,5,5,8,0,,
2026-05-16T01:06:36.996201,clean,naive,{'bins': 5},37,0,4,ok,0,37,0.008877892047166824,0.27608009800314903,0.2893921472132206,5,5,8,0,,
2026-05-16T01:06:37.374023,clean,naive,{'bins': 5},37,1,4,ok,37,74,0.009355909191071987,0.35345847625285387,0.3673035865649581,5,15,22,0,,
2026-05-16T01:06:37.739429,clean,naive,{'bins': 5},37,2,4,ok,74,111,0.009309272281825542,0.34063707012683153,0.3545212121680379,5,5,8,0,,
2026-05-16T01:06:38.031943,clean,naive,{'bins': 5},37,3,4,ok,111,148,0.009077115915715694,0.2688561137765646,0.28228417970240116,5,27,36,0,,
2026-05-16T01:06:38.428163,clean,naive,{'bins': 5},37,4,4,ok,148,185,0.00917749386280775,0.3713092477992177,0.3848563376814127,5,3,6,0,,
2026-05-16T01:06:38.734083,clean,naive,{'bins': 5},38,0,4,ok,0,38,0.009179376997053623,0.27978155948221684,0.2934249406680465,5,5,8,0,,
2026-05-16T01:06:39.109817,clean,naive,{'bins': 5},38,1,4,ok,38,76,0.009080241434276104,0.35050684306770563,0.3641805909574032,5,15,22,0,,
2026-05-16T01:06:39.450417,clean,naive,{'bins': 5},38,2,4,ok,76,114,0.009574259631335735,0.31594605278223753,0.3301588026806712,5,6,9,0,,
2026-05-16T01:06:39.758568,clean,naive,{'bins': 5},38,3,4,ok,114,152,0.009318399243056774,0.2836919818073511,0.29749136604368687,5,27,36,0,,
2026-05-16T01:06:40.136351,clean,naive,{'bins': 5},38,4,4,ok,152,190,0.009555975906550884,0.3519567158073187,0.3661031313240528,5,3,6,0,,
2026-05-16T01:06:40.478655,clean,naive,{'bins': 5},39,0,4,ok,0,39,0.009512132033705711,0.3155245706439018,0.32972252182662487,5,13,19,0,,
2026-05-16T01:06:40.854287,clean,naive,{'bins': 5},39,1,4,ok,39,78,0.009446831420063972,0.3509384533390403,0.3650386929512024,5,19,27,0,,
2026-05-16T01:06:41.209320,clean,naive,{'bins': 5},39,2,4,ok,78,117,0.009232898242771626,0.33072823099792004,0.34461159259080887,5,14,20,0,,
2026-05-16T01:06:41.512241,clean,naive,{'bins': 5},39,3,4,ok,117,156,0.009317266754806042,0.2761656194925308,0.2901637963950634,5,18,25,0,,
2026-05-16T01:06:41.810302,clean,naive,{'bins': 5},39,4,4,ok,156,195,0.010258053429424763,0.27118867356330156,0.28634963277727365,5,25,32,0,,
2026-05-16T01:06:42.164801,clean,naive,{'bins': 5},40,0,4,ok,0,40,0.010160760022699833,0.327039685100317,0.34203970339149237,5,13,19,0,,
2026-05-16T01:06:42.583737,clean,naive,{'bins': 5},40,1,4,ok,40,80,0.009876296855509281,0.3936147764325142,0.4082697965204716,5,15,21,0,,
2026-05-16T01:06:43.040327,clean,naive,{'bins': 5},40,2,4,ok,80,120,0.009720073081552982,0.43204286973923445,0.44640009105205536,5,5,8,0,,
2026-05-16T01:06:43.474107,clean,naive,{'bins': 5},40,3,4,ok,120,160,0.009543160907924175,0.40755263809114695,0.4218020783737302,5,7,11,0,,
2026-05-16T01:06:43.829289,clean,naive,{'bins': 5},40,4,4,ok,160,200,0.010116868652403355,0.32906743232160807,0.3439972596243024,5,11,16,0,,
2026-05-16T01:06:44.266555,clean,naive,{'bins': 5},41,0,4,ok,0,41,0.010111227631568909,0.40949948597699404,0.42438921704888344,5,19,27,0,,
2026-05-16T01:06:44.643814,clean,naive,{'bins': 5},41,1,4,ok,41,82,0.010001021437346935,0.3511624149978161,0.3659508265554905,5,18,25,0,,
2026-05-16T01:06:45.112966,clean,naive,{'bins': 5},41,2,4,ok,82,123,0.01003334205597639,0.4429465467110276,0.45771381817758083,5,5,8,0,,
2026-05-16T01:06:45.435039,clean,naive,{'bins': 5},41,3,4,ok,123,164,0.010248576290905476,0.2943763770163059,0.309512622654438,5,5,8,0,,
2026-05-16T01:06:45.718158,clean,naive,{'bins': 5},41,4,4,ok,164,205,0.010096759535372257,0.257792504504323,0.2726272027939558,5,14,20,0,,
2026-05-16T01:06:46.161764,clean,naive,{'bins': 5},42,0,4,ok,0,42,0.010243886150419712,0.414336278103292,0.4295470416545868,5,19,27,0,,
2026-05-16T01:06:46.496367,clean,naive,{'bins': 5},42,1,4,ok,42,84,0.010397244244813919,0.30643170420080423,0.32189642544835806,5,12,16,0,,
2026-05-16T01:06:46.827468,clean,naive,{'bins': 5},42,2,4,ok,84,126,0.010510677471756935,0.3047617096453905,0.3202293561771512,5,5,8,0,,
2026-05-16T01:06:47.127169,clean,naive,{'bins': 5},42,3,4,ok,126,168,0.010193261317908764,0.2721242690458894,0.28744031209498644,5,5,8,0,,
2026-05-16T01:06:47.435918,clean,naive,{'bins': 5},42,4,4,ok,168,210,0.010261811316013336,0.28216937370598316,0.2974369851872325,5,11,16,0,,
2026-05-16T01:06:47.927702,clean,naive,{'bins': 5},43,0,4,ok,0,43,0.010614823549985886,0.4614542303606868,0.4773275190964341,5,19,27,0,,
2026-05-16T01:06:48.359914,clean,naive,{'bins': 5},43,1,4,ok,43,86,0.010305332019925117,0.40509521402418613,0.42042027320712805,5,10,15,0,,
2026-05-16T01:06:48.685234,clean,naive,{'bins': 5},43,2,4,ok,86,129,0.01011664792895317,0.29793624207377434,0.3131079934537411,5,6,9,0,,
2026-05-16T01:06:49.112945,clean,naive,{'bins': 5},43,3,4,ok,129,172,0.010786364786326885,0.4000424761325121,0.4159409124404192,5,17,24,0,,
2026-05-16T01:06:49.448796,clean,naive,{'bins': 5},43,4,4,ok,172,215,0.01065839547663927,0.3084881464019418,0.3241885006427765,5,11,17,0,,
2026-05-16T01:06:49.898894,clean,naive,{'bins': 5},44,0,4,ok,0,44,0.01072904746979475,0.41952400002628565,0.4354899628087878,5,19,27,0,,
2026-05-16T01:06:50.208857,clean,naive,{'bins': 5},44,1,4,ok,44,88,0.010739749297499657,0.2819429989904165,0.2977969814091921,5,17,22,0,,
2026-05-16T01:06:50.545757,clean,naive,{'bins': 5},44,2,4,ok,88,132,0.010735810734331608,0.3092784509062767,0.32515235152095556,5,5,8,0,,
2026-05-16T01:06:50.948169,clean,naive,{'bins': 5},44,3,4,ok,132,176,0.010440366342663765,0.37488003447651863,0.39053873904049397,5,19,24,0,,
2026-05-16T01:06:51.295510,clean,naive,{'bins': 5},44,4,4,ok,176,220,0.010540715418756008,0.31969810742884874,0.33536802511662245,5,23,30,0,,
2026-05-16T01:06:51.753116,clean,naive,{'bins': 5},45,0,4,ok,0,45,0.010741932317614555,0.425768637098372,0.44183831475675106,5,19,27,0,,
2026-05-16T01:06:52.064359,clean,naive,{'bins': 5},45,1,4,ok,45,90,0.011199883185327053,0.281684722751379,0.29835968650877476,5,17,22,0,,
2026-05-16T01:06:52.428810,clean,naive,{'bins': 5},45,2,4,ok,90,135,0.010924315080046654,0.33649125415831804,0.3527887789532542,5,6,9,0,,
2026-05-16T01:06:52.869061,clean,naive,{'bins': 5},45,3,4,ok,135,180,0.07442071475088596,0.34717325400561094,0.4273583125323057,5,7,11,0,,
2026-05-16T01:06:53.236398,clean,naive,{'bins': 5},45,4,4,ok,180,225,0.010916801169514656,0.33856692258268595,0.35480229184031487,5,28,36,0,,
2026-05-16T01:06:53.731843,clean,naive,{'bins': 5},46,0,4,ok,0,46,0.011025303974747658,0.4644385250285268,0.4808748494833708,5,19,27,0,,
2026-05-16T01:06:54.111760,clean,naive,{'bins': 5},46,1,4,ok,46,92,0.011059488169848919,0.35046335216611624,0.3670346513390541,5,6,9,0,,
2026-05-16T01:06:54.466174,clean,naive,{'bins': 5},46,2,4,ok,92,138,0.010783189907670021,0.3262103879824281,0.34235972445458174,5,28,36,0,,
2026-05-16T01:06:54.842807,clean,naive,{'bins': 5},46,3,4,ok,138,184,0.010855444706976414,0.34601221419870853,0.3622155422344804,5,7,11,0,,
2026-05-16T01:06:55.288797,clean,naive,{'bins': 5},46,4,4,ok,184,230,0.010953949764370918,0.41638184897601604,0.43265266343951225,5,17,24,0,,
2026-05-16T01:06:55.851024,clean,naive,{'bins': 5},47,0,4,ok,0,47,0.011664123274385929,0.5302273593842983,0.547438619658351,5,20,28,0,,
2026-05-16T01:06:56.229399,clean,naive,{'bins': 5},47,1,4,ok,47,94,0.011545010842382908,0.34864791203290224,0.3657162645831704,5,6,9,0,,
2026-05-16T01:06:56.706831,clean,naive,{'bins': 5},47,2,4,ok,94,141,0.011475400067865849,0.4479108275845647,0.4649343369528651,5,20,28,0,,
2026-05-16T01:06:57.090218,clean,naive,{'bins': 5},47,3,4,ok,141,188,0.011322683654725552,0.3519867230206728,0.3687464762479067,5,3,6,0,,
2026-05-16T01:06:57.551712,clean,naive,{'bins': 5},47,4,4,ok,188,235,0.011435954831540585,0.43209366500377655,0.4490883890539408,5,17,24,0,,
2026-05-16T01:06:58.143415,clean,naive,{'bins': 5},48,0,4,ok,0,48,0.01135312020778656,0.5567442644387484,0.5737671218812466,5,20,28,0,,
2026-05-16T01:06:58.525291,clean,naive,{'bins': 5},48,1,4,ok,48,96,0.011338342912495136,0.35189647413790226,0.3688414450734854,5,6,9,0,,
2026-05-16T01:06:58.915811,clean,naive,{'bins': 5},48,2,4,ok,96,144,0.011290902271866798,0.36046498361974955,0.3774256743490696,5,28,36,0,,
2026-05-16T01:06:59.427094,clean,naive,{'bins': 5},48,3,4,ok,144,192,0.011646891012787819,0.47973587177693844,0.4970386950299144,5,7,11,0,,
2026-05-16T01:06:59.828370,clean,naive,{'bins': 5},48,4,4,ok,192,240,0.011377004906535149,0.3713117241859436,0.38835696317255497,5,9,14,0,,
2026-05-16T01:07:00.386934,clean,naive,{'bins': 5},49,0,4,ok,0,49,0.011604983359575272,0.5234161093831062,0.54091711435467,5,20,28,0,,
2026-05-16T01:07:00.854707,clean,naive,{'bins': 5},49,1,4,ok,49,98,0.012378595769405365,0.4355885982513428,0.45382703840732574,5,6,9,0,,
2026-05-16T01:07:01.255589,clean,naive,{'bins': 5},49,2,4,ok,98,147,0.011759383603930473,0.36803978960961103,0.3855290925130248,5,28,36,0,,
2026-05-16T01:07:01.699538,clean,naive,{'bins': 5},49,3,4,ok,147,196,0.014250821433961391,0.40658252872526646,0.42774914763867855,5,5,8,0,,
2026-05-16T01:07:02.095089,clean,naive,{'bins': 5},49,4,4,ok,196,245,0.01214775163680315,0.3615954667329788,0.37949197366833687,5,9,14,0,,
2026-05-16T01:07:02.661547,clean,naive,{'bins': 5},50,0,4,ok,0,50,0.013790818862617016,0.5297336420044303,0.5500243660062551,5,20,28,0,,
2026-05-16T01:07:03.063270,clean,naive,{'bins': 5},50,1,4,ok,50,100,0.01186607126146555,0.3697668518871069,0.38755997456610203,5,5,8,0,,
2026-05-16T01:07:03.471507,clean,naive,{'bins': 5},50,2,4,ok,100,150,0.01197561901062727,0.37641406431794167,0.3943017264828086,5,28,36,0,,
2026-05-16T01:07:03.933090,clean,naive,{'bins': 5},50,3,4,ok,150,200,0.012098130770027637,0.425991415977478,0.4440137408673763,5,7,11,0,,
2026-05-16T01:07:04.355556,clean,naive,{'bins': 5},50,4,4,ok,200,250,0.013732167892158031,0.38718023244291544,0.40721940342336893,5,5,8,0,,
2026-05-16T01:07:04.870867,clean,naive,{'bins': 5},51,0,4,ok,0,51,0.012079314328730106,0.48022046219557524,0.4982867492362857,5,5,8,0,,
2026-05-16T01:07:05.320582,clean,naive,{'bins': 5},51,1,4,ok,51,102,0.012124918401241302,0.4155742544680834,0.43376978300511837,5,28,38,0,,
2026-05-16T01:07:05.745870,clean,naive,{'bins': 5},51,2,4,ok,102,153,0.013040898367762566,0.3909333711490035,0.4101922167465091,5,28,36,0,,
2026-05-16T01:07:06.229117,clean,naive,{'bins': 5},51,3,4,ok,153,204,0.012842646799981594,0.4487019330263138,0.46764446422457695,5,5,8,0,,
2026-05-16T01:07:06.661934,clean,naive,{'bins': 5},51,4,4,ok,204,255,0.012860440649092197,0.3979389648884535,0.4168173177167773,5,28,36,0,,
2026-05-16T01:07:07.223371,clean,naive,{'bins': 5},52,0,4,ok,0,52,0.013168539851903915,0.5239738067612052,0.5434697577729821,5,5,8,0,,
2026-05-16T01:07:07.666147,clean,naive,{'bins': 5},52,1,4,ok,52,104,0.012903141789138317,0.41008703969419,0.42925415374338627,5,20,29,0,,
2026-05-16T01:07:08.159055,clean,naive,{'bins': 5},52,2,4,ok,104,156,0.012799104675650597,0.45816032495349646,0.47716229874640703,5,28,36,0,,
2026-05-16T01:07:08.709265,clean,naive,{'bins': 5},52,3,4,ok,156,208,0.013008538633584976,0.5154415341094136,0.5348123405128717,5,25,33,0,,
2026-05-16T01:07:09.125985,clean,naive,{'bins': 5},52,4,4,ok,208,260,0.012904813513159752,0.3833224782720208,0.40222212951630354,5,28,36,0,,
2026-05-16T01:07:09.688148,clean,naive,{'bins': 5},53,0,4,ok,0,53,0.012921866029500961,0.5246610268950462,0.5439083613455296,5,5,8,0,,
2026-05-16T01:07:10.146707,clean,naive,{'bins': 5},53,1,4,ok,53,106,0.012638233602046967,0.42607873026281595,0.44500021263957024,5,20,29,0,,
2026-05-16T01:07:10.637372,clean,naive,{'bins': 5},53,2,4,ok,106,159,0.012621832080185413,0.4558700956404209,0.47468858398497105,5,6,9,0,,
2026-05-16T01:07:11.079295,clean,naive,{'bins': 5},53,3,4,ok,159,212,0.0132475970312953,0.4046234507113695,0.4241601275280118,5,5,8,0,,
2026-05-16T01:07:11.519471,clean,naive,{'bins': 5},53,4,4,ok,212,265,0.013937854208052158,0.40368262212723494,0.4243415975943208,5,5,8,0,,
2026-05-16T01:07:12.100568,clean,naive,{'bins': 5},54,0,4,ok,0,54,0.01326222624629736,0.5422026785090566,0.5619862200692296,5,5,8,0,,
2026-05-16T01:07:12.558884,clean,naive,{'bins': 5},54,1,4,ok,54,108,0.013176163658499718,0.42447835486382246,0.4440508000552654,5,20,29,0,,
2026-05-16T01:07:13.058359,clean,naive,{'bins': 5},54,2,4,ok,108,162,0.013227319344878197,0.46449486166238785,0.48409526888281107,5,6,9,0,,
2026-05-16T01:07:13.496777,clean,naive,{'bins': 5},54,3,4,ok,162,216,0.013021502643823624,0.4020439051091671,0.4214943712577224,5,5,8,0,,
2026-05-16T01:07:14.004778,clean,naive,{'bins': 5},54,4,4,ok,216,270,0.013722067698836327,0.47288293298333883,0.49309159256517887,5,15,23,0,,
2026-05-16T01:07:14.659381,clean,naive,{'bins': 5},55,0,4,ok,0,55,0.07728933077305555,0.5506039243191481,0.6347063295543194,5,5,8,0,,
2026-05-16T01:07:15.121403,clean,naive,{'bins': 5},55,1,4,ok,55,110,0.013698323629796505,0.42731784749776125,0.4474916011095047,5,20,29,0,,
2026-05-16T01:07:15.636191,clean,naive,{'bins': 5},55,2,4,ok,110,165,0.013563430868089199,0.4782942458987236,0.49831534270197153,5,6,9,0,,
2026-05-16T01:07:16.052579,clean,naive,{'bins': 5},55,3,4,ok,165,220,0.013859356753528118,0.38057498913258314,0.40098909474909306,5,29,38,0,,
2026-05-16T01:07:16.615863,clean,naive,{'bins': 5},55,4,4,ok,220,275,0.013636788353323936,0.5272231781855226,0.5473782066255808,5,13,18,0,,
2026-05-16T01:07:17.215043,clean,naive,{'bins': 5},56,0,4,ok,0,56,0.01525191217660904,0.5558689422905445,0.5789172546938062,5,5,8,0,,
2026-05-16T01:07:17.752505,clean,naive,{'bins': 5},56,1,4,ok,56,112,0.013787662610411644,0.5009769210591912,0.5213166670873761,5,7,11,0,,
2026-05-16T01:07:18.200653,clean,naive,{'bins': 5},56,2,4,ok,112,168,0.013749901205301285,0.4111820263788104,0.4314933083951473,5,6,9,0,,
2026-05-16T01:07:18.642248,clean,naive,{'bins': 5},56,3,4,ok,168,224,0.01412782073020935,0.40476862248033285,0.4256080770865083,5,29,38,0,,
2026-05-16T01:07:19.182378,clean,naive,{'bins': 5},56,4,4,ok,224,280,0.013881598599255085,0.5025504864752293,0.5231428062543273,5,26,33,0,,
2026-05-16T01:07:19.798131,clean,naive,{'bins': 5},57,0,4,ok,0,57,0.013746023178100586,0.5746642667800188,0.5951406201347709,5,5,8,0,,
2026-05-16T01:07:20.286952,clean,naive,{'bins': 5},57,1,4,ok,57,114,0.01371967513114214,0.45040832832455635,0.47090716380625963,5,16,20,0,,
2026-05-16T01:07:20.780753,clean,naive,{'bins': 5},57,2,4,ok,114,171,0.014178364537656307,0.4568740101531148,0.4778633862733841,5,22,30,0,,
2026-05-16T01:07:21.301493,clean,naive,{'bins': 5},57,3,4,ok,171,228,0.013967008329927921,0.48211984895169735,0.5029013650491834,5,29,38,0,,
2026-05-16T01:07:22.033048,clean,naive,{'bins': 5},57,4,4,ok,228,285,0.014477317221462727,0.6919374344870448,0.7132779592648149,5,5,8,0,,
2026-05-16T01:07:22.655767,clean,naive,{'bins': 5},58,0,4,ok,0,58,0.014203803613781929,0.5812664460390806,0.6022802479565144,5,5,8,0,,
2026-05-16T01:07:23.196828,clean,naive,{'bins': 5},58,1,4,ok,58,116,0.014465264976024628,0.5028961133211851,0.5242519285529852,5,5,8,0,,
2026-05-16T01:07:23.717607,clean,naive,{'bins': 5},58,2,4,ok,116,174,0.014211817644536495,0.482031824067235,0.5031519159674644,5,22,30,0,,
2026-05-16T01:07:24.394220,clean,naive,{'bins': 5},58,3,4,ok,174,232,0.014551595784723759,0.6305236155167222,0.6582052987068892,5,25,35,0,,
2026-05-16T01:07:24.861587,clean,naive,{'bins': 5},58,4,4,ok,232,290,0.014957829378545284,0.4286874271929264,0.4507298218086362,5,20,25,0,,
2026-05-16T01:07:25.489510,clean,naive,{'bins': 5},59,0,4,ok,0,59,0.014564910903573036,0.5844475897029042,0.6059571523219347,5,5,8,0,,
2026-05-16T01:07:26.035320,clean,naive,{'bins': 5},59,1,4,ok,59,118,0.014795996248722076,0.5068592075258493,0.5286361230537295,5,5,8,0,,
2026-05-16T01:07:26.601985,clean,naive,{'bins': 5},59,2,4,ok,118,177,0.0145332720130682,0.5260445959866047,0.5475660199299455,5,5,8,0,,
2026-05-16T01:07:27.229299,clean,naive,{'bins': 5},59,3,4,ok,177,236,0.017255363054573536,0.5849709929898381,0.6098286220803857,5,25,35,0,,
2026-05-16T01:07:27.710352,clean,naive,{'bins': 5},59,4,4,ok,236,295,0.015677341260015965,0.43352473340928555,0.463846274651587,5,20,25,0,,
2026-05-16T01:07:28.350389,clean,naive,{'bins': 5},60,0,4,ok,0,60,0.015123880468308926,0.5965980775654316,0.6188763733953238,5,5,8,0,,
2026-05-16T01:07:28.918012,clean,naive,{'bins': 5},60,1,4,ok,60,120,0.014909118413925171,0.5266665248200297,0.5486714467406273,5,5,8,0,,
2026-05-16T01:07:29.582599,clean,naive,{'bins': 5},60,2,4,ok,120,180,0.015046906657516956,0.6245906157419086,0.6468173647299409,5,16,23,0,,
2026-05-16T01:07:30.221647,clean,naive,{'bins': 5},60,3,4,ok,180,240,0.014511561021208763,0.5984921036288142,0.6201489930972457,5,25,35,0,,
2026-05-16T01:07:30.700486,clean,naive,{'bins': 5},60,4,4,ok,240,300,0.015310361050069332,0.4382570404559374,0.4608375234529376,5,20,25,0,,
2026-05-16T01:07:31.346611,clean,naive,{'bins': 5},61,0,4,ok,0,61,0.015254747122526169,0.6018472546711564,0.6243879143148661,5,5,8,0,,
2026-05-16T01:07:31.922194,clean,naive,{'bins': 5},61,1,4,ok,61,122,0.014983718283474445,0.5355254402384162,0.5576748447492719,5,5,8,0,,
2026-05-16T01:07:32.435535,clean,naive,{'bins': 5},61,2,4,ok,122,183,0.014950784854590893,0.4716270659118891,0.4937972975894809,5,23,32,0,,
2026-05-16T01:07:33.030310,clean,naive,{'bins': 5},61,3,4,ok,183,244,0.015244838781654835,0.5546767329797149,0.5773158883675933,5,19,26,0,,
2026-05-16T01:07:33.537959,clean,naive,{'bins': 5},61,4,4,ok,244,305,0.015198219567537308,0.46797193214297295,0.4903913829475641,5,22,30,0,,
2026-05-16T01:07:34.216207,clean,naive,{'bins': 5},62,0,4,ok,0,62,0.024627418257296085,0.6159535059705377,0.6546311788260937,5,5,8,0,,
2026-05-16T01:07:34.755364,clean,naive,{'bins': 5},62,1,4,ok,62,124,0.015402114018797874,0.49715636763721704,0.5200865278020501,5,5,8,0,,
2026-05-16T01:07:35.281843,clean,naive,{'bins': 5},62,2,4,ok,124,186,0.015990869142115116,0.48236703407019377,0.505890347994864,5,23,32,0,,
2026-05-16T01:07:35.811842,clean,naive,{'bins': 5},62,3,4,ok,186,248,0.018060755915939808,0.48153360933065414,0.5095853069797158,5,5,8,0,,
2026-05-16T01:07:36.353274,clean,naive,{'bins': 5},62,4,4,ok,248,310,0.015400119125843048,0.4954665042459965,0.5184415681287646,5,5,8,0,,
2026-05-16T01:07:37.099846,clean,naive,{'bins': 5},63,0,4,ok,0,63,0.015831380151212215,0.6980756018310785,0.721608535386622,5,5,8,0,,
2026-05-16T01:07:37.645876,clean,naive,{'bins': 5},63,1,4,ok,63,126,0.016275464557111263,0.5034621190279722,0.52759756334126,5,5,8,0,,
2026-05-16T01:07:38.168288,clean,naive,{'bins': 5},63,2,4,ok,126,189,0.01557395700365305,0.4795836368575692,0.5027176095172763,5,23,32,0,,
2026-05-16T01:07:38.719302,clean,naive,{'bins': 5},63,3,4,ok,189,252,0.015870463103055954,0.5068853069096804,0.5303417053073645,5,5,8,0,,
2026-05-16T01:07:39.275890,clean,naive,{'bins': 5},63,4,4,ok,252,315,0.015506559051573277,0.5110961655154824,0.5342272827401757,5,5,8,0,,
2026-05-16T01:07:39.969357,clean,naive,{'bins': 5},64,0,4,ok,0,64,0.0163454944267869,0.6453886916860938,0.6697120275348425,5,5,8,0,,
2026-05-16T01:07:40.512609,clean,naive,{'bins': 5},64,1,4,ok,64,128,0.015926598571240902,0.4993481235578656,0.5229316707700491,5,5,8,0,,
2026-05-16T01:07:41.111211,clean,naive,{'bins': 5},64,2,4,ok,128,192,0.016316370107233524,0.5498657701537013,0.5740647418424487,5,31,41,0,,
2026-05-16T01:07:41.661340,clean,naive,{'bins': 5},64,3,4,ok,192,256,0.018611219711601734,0.5021657347679138,0.5288428720086813,5,5,8,0,,
2026-05-16T01:07:42.178475,clean,naive,{'bins': 5},64,4,4,ok,256,320,0.01594797894358635,0.47080337908118963,0.49454869143664837,5,18,23,0,,
2026-05-16T01:07:42.944454,clean,naive,{'bins': 5},65,0,4,ok,0,65,0.016060179099440575,0.7187566794455051,0.7428503138944507,5,5,8,0,,
2026-05-16T01:07:43.483266,clean,naive,{'bins': 5},65,1,4,ok,65,130,0.0157467108219862,0.49608601815998554,0.5196239687502384,5,15,22,0,,
2026-05-16T01:07:44.084175,clean,naive,{'bins': 5},65,2,4,ok,130,195,0.016284780576825142,0.5572514086961746,0.5813075145706534,5,31,41,0,,
2026-05-16T01:07:44.625008,clean,naive,{'bins': 5},65,3,4,ok,195,260,0.016423581168055534,0.4940647007897496,0.5182121470570564,5,5,8,0,,
2026-05-16T01:07:45.178256,clean,naive,{'bins': 5},65,4,4,ok,260,325,0.01646554097533226,0.5049683777615428,0.5293768839910626,5,21,28,0,,
2026-05-16T01:07:45.885614,clean,naive,{'bins': 5},66,0,4,ok,0,66,0.01833629421889782,0.6564598921686411,0.6833121981471777,5,5,8,0,,
2026-05-16T01:07:46.462204,clean,naive,{'bins': 5},66,1,4,ok,66,132,0.016452506184577942,0.5304844435304403,0.5549171660095453,5,5,8,0,,
2026-05-16T01:07:47.152544,clean,naive,{'bins': 5},66,2,4,ok,132,198,0.016819284297525883,0.6437679696828127,0.6686758436262608,5,31,42,0,,
2026-05-16T01:07:47.784797,clean,naive,{'bins': 5},66,3,4,ok,198,264,0.01670961920171976,0.5868706908077002,0.611552962101996,5,5,8,0,,
2026-05-16T01:07:48.466647,clean,naive,{'bins': 5},66,4,4,ok,264,330,0.016277257353067398,0.6346809538081288,0.6589258331805468,5,29,37,0,,
2026-05-16T01:07:49.151677,clean,naive,{'bins': 5},67,0,4,ok,0,67,0.016724937595427036,0.6359588438645005,0.6608509588986635,5,17,23,0,,
2026-05-16T01:07:49.753856,clean,naive,{'bins': 5},67,1,4,ok,67,134,0.016177259385585785,0.5572719369083643,0.5814148662611842,5,5,8,0,,
2026-05-16T01:07:50.450856,clean,naive,{'bins': 5},67,2,4,ok,134,201,0.016405437141656876,0.6505078356713057,0.6749496748670936,5,31,42,0,,
2026-05-16T01:07:51.072643,clean,naive,{'bins': 5},67,3,4,ok,201,268,0.01700775884091854,0.5751940747722983,0.6003386229276657,5,5,8,0,,
2026-05-16T01:07:51.764759,clean,naive,{'bins': 5},67,4,4,ok,268,335,0.016658793203532696,0.6438825326040387,0.6686701020225883,5,29,37,0,,
2026-05-16T01:07:52.395807,clean,naive,{'bins': 5},68,0,4,ok,0,68,0.017215419560670853,0.5779873095452785,0.6035660235211253,5,17,23,0,,
2026-05-16T01:07:53.000335,clean,naive,{'bins': 5},68,1,4,ok,68,136,0.017717801965773106,0.5572761660441756,0.5837979726493359,5,15,22,0,,
2026-05-16T01:07:53.649971,clean,naive,{'bins': 5},68,2,4,ok,136,204,0.017007668502628803,0.6018145335838199,0.6271832436323166,5,23,31,0,,
2026-05-16T01:07:54.240405,clean,naive,{'bins': 5},68,3,4,ok,204,272,0.017435702495276928,0.5424837479367852,0.5681383246555924,5,5,8,0,,
2026-05-16T01:07:55.013731,clean,naive,{'bins': 5},68,4,4,ok,272,340,0.08274330385029316,0.6595572279766202,0.7505190661177039,5,29,37,0,,
2026-05-16T01:07:55.642729,clean,naive,{'bins': 5},69,0,4,ok,0,69,0.017081146128475666,0.579572587274015,0.6048983260989189,5,17,23,0,,
2026-05-16T01:07:56.234712,clean,naive,{'bins': 5},69,1,4,ok,69,138,0.016850903630256653,0.5443412251770496,0.5693488465622067,5,5,8,0,,
2026-05-16T01:07:56.902700,clean,naive,{'bins': 5},69,2,4,ok,138,207,0.01719194371253252,0.6221375586465001,0.6477150302380323,5,24,32,0,,
2026-05-16T01:07:57.494061,clean,naive,{'bins': 5},69,3,4,ok,207,276,0.01685376837849617,0.5429926430806518,0.5680197915062308,5,5,8,0,,
2026-05-16T01:07:58.181030,clean,naive,{'bins': 5},69,4,4,ok,276,345,0.017347317188978195,0.6365935243666172,0.6623712731525302,5,29,37,0,,
2026-05-16T01:07:58.893866,clean,naive,{'bins': 5},70,0,4,ok,0,70,0.018101111985743046,0.6604071566835046,0.6874700672924519,5,17,23,0,,
2026-05-16T01:07:59.510534,clean,naive,{'bins': 5},70,1,4,ok,70,140,0.017796550877392292,0.5682770442217588,0.5944058820605278,5,5,8,0,,
2026-05-16T01:08:00.199284,clean,naive,{'bins': 5},70,2,4,ok,140,210,0.020631233230233192,0.6331408433616161,0.6651013409718871,5,22,30,0,,
2026-05-16T01:08:00.797015,clean,naive,{'bins': 5},70,3,4,ok,210,280,0.01772830169647932,0.550385014154017,0.5766753051429987,5,24,31,0,,
2026-05-16T01:08:01.455238,clean,naive,{'bins': 5},70,4,4,ok,280,350,0.017363295890390873,0.6023909663781524,0.6282612681388855,5,5,8,0,,
2026-05-16T01:08:02.114136,clean,naive,{'bins': 5},71,0,4,ok,0,71,0.019291367381811142,0.5955470651388168,0.6310805827379227,5,32,41,0,,
2026-05-16T01:08:02.757746,clean,naive,{'bins': 5},71,1,4,ok,71,142,0.018746133893728256,0.5905134314671159,0.6187388766556978,5,5,8,0,,
2026-05-16T01:08:03.453237,clean,naive,{'bins': 5},71,2,4,ok,142,213,0.018232649192214012,0.6428537825122476,0.6704009929671884,5,22,30,0,,
2026-05-16T01:08:04.026268,clean,naive,{'bins': 5},71,3,4,ok,213,284,0.01861894503235817,0.5184456370770931,0.5464742220938206,5,15,21,0,,
2026-05-16T01:08:04.715613,clean,naive,{'bins': 5},71,4,4,ok,284,355,0.01824246719479561,0.6380470562726259,0.6651674555614591,5,5,8,0,,
2026-05-16T01:08:05.364853,clean,naive,{'bins': 5},72,0,4,ok,0,72,0.01739029586315155,0.5970339570194483,0.6230324590578675,5,32,41,0,,
2026-05-16T01:08:06.014757,clean,naive,{'bins': 5},72,1,4,ok,72,144,0.017897981218993664,0.5997541146352887,0.6263357130810618,5,5,8,0,,
2026-05-16T01:08:06.715470,clean,naive,{'bins': 5},72,2,4,ok,144,216,0.017849438823759556,0.6524673644453287,0.6789343571290374,5,23,31,0,,
2026-05-16T01:08:07.362100,clean,naive,{'bins': 5},72,3,4,ok,216,288,0.01770793367177248,0.5967963114380836,0.6232148930430412,5,24,30,0,,
2026-05-16T01:08:07.983242,clean,naive,{'bins': 5},72,4,4,ok,288,360,0.018042752519249916,0.5710479076951742,0.5978067182004452,5,5,8,0,,
2026-05-16T01:08:08.572111,clean,naive,{'bins': 5},73,0,4,ok,0,73,0.017993890680372715,0.5336398091167212,0.5604016957804561,5,5,8,0,,
2026-05-16T01:08:09.275498,clean,naive,{'bins': 5},73,1,4,ok,73,146,0.08136778138577938,0.5862442348152399,0.6764555629342794,5,5,8,0,,
2026-05-16T01:08:09.988479,clean,naive,{'bins': 5},73,2,4,ok,146,219,0.019589457660913467,0.657402073033154,0.6862109331414104,5,23,31,0,,
2026-05-16T01:08:10.635803,clean,naive,{'bins': 5},73,3,4,ok,219,292,0.01950665097683668,0.5932480180636048,0.6220018435269594,5,17,23,0,,
2026-05-16T01:08:11.344063,clean,naive,{'bins': 5},73,4,4,ok,292,365,0.01839539408683777,0.6568702347576618,0.6840809835121036,5,5,8,0,,
2026-05-16T01:08:11.946658,clean,naive,{'bins': 5},74,0,4,ok,0,74,0.018521822057664394,0.5456901388242841,0.5730986185371876,5,5,8,0,,
2026-05-16T01:08:12.613688,clean,naive,{'bins': 5},74,1,4,ok,74,148,0.01880128588527441,0.6136381179094315,0.6414560070261359,5,5,8,0,,
2026-05-16T01:08:13.333433,clean,naive,{'bins': 5},74,2,4,ok,148,222,0.018733840435743332,0.6683589294552803,0.6961708469316363,5,23,31,0,,
2026-05-16T01:08:14.059996,clean,naive,{'bins': 5},74,3,4,ok,222,296,0.01836953591555357,0.6742371171712875,0.7016823664307594,5,17,23,0,,
2026-05-16T01:08:14.767642,clean,naive,{'bins': 5},74,4,4,ok,296,370,0.018651576712727547,0.6334703722968698,0.6612641764804721,5,5,8,0,,
2026-05-16T01:08:15.371506,clean,naive,{'bins': 5},75,0,4,ok,0,75,0.018711226992309093,0.547172692604363,0.5757276462391019,5,5,8,0,,
2026-05-16T01:08:16.114845,clean,naive,{'bins': 5},75,1,4,ok,75,150,0.018395474180579185,0.6900453828275204,0.7176017910242081,5,5,8,0,,
2026-05-16T01:08:16.774393,clean,naive,{'bins': 5},75,2,4,ok,150,225,0.018748227506875992,0.6082107666879892,0.6361205792054534,5,25,32,0,,
2026-05-16T01:08:17.444976,clean,naive,{'bins': 5},75,3,4,ok,225,300,0.018536770716309547,0.6170699931681156,0.6447551725432277,5,15,21,0,,
2026-05-16T01:08:18.205465,clean,naive,{'bins': 5},75,4,4,ok,300,375,0.01881620567291975,0.7061527818441391,0.734229227527976,5,23,31,0,,
2026-05-16T01:08:18.817585,clean,naive,{'bins': 5},76,0,4,ok,0,76,0.020119182765483856,0.5533484295010567,0.5834706770256162,5,5,8,0,,
2026-05-16T01:08:19.566634,clean,naive,{'bins': 5},76,1,4,ok,76,152,0.01906275749206543,0.6850819224491715,0.7227047244086862,5,5,8,0,,
2026-05-16T01:08:20.246424,clean,naive,{'bins': 5},76,2,4,ok,152,228,0.019683714024722576,0.6253816615790129,0.6542381914332509,5,25,32,0,,
2026-05-16T01:08:20.906536,clean,naive,{'bins': 5},76,3,4,ok,228,304,0.01932746358215809,0.6038026688620448,0.6324532404541969,5,17,23,0,,
2026-05-16T01:08:21.700246,clean,naive,{'bins': 5},76,4,4,ok,304,380,0.019876066595315933,0.7371191028505564,0.7668038578704,5,24,31,0,,
2026-05-16T01:08:22.342427,clean,naive,{'bins': 5},77,0,4,ok,0,77,0.02031234372407198,0.5752629954367876,0.6093762563541532,5,5,8,0,,
2026-05-16T01:08:23.188813,clean,naive,{'bins': 5},77,1,4,ok,77,154,0.019993375055491924,0.7890431210398674,0.8187542660161853,5,5,8,0,,
2026-05-16T01:08:23.875888,clean,naive,{'bins': 5},77,2,4,ok,154,231,0.019597310572862625,0.6335204457864165,0.6628507543355227,5,25,32,0,,
2026-05-16T01:08:24.542545,clean,naive,{'bins': 5},77,3,4,ok,231,308,0.02036765869706869,0.6049516964703798,0.6422168873250484,5,20,25,0,,
2026-05-16T01:08:25.414792,clean,naive,{'bins': 5},77,4,4,ok,308,385,0.019841129891574383,0.8154014404863119,0.844677247107029,5,5,8,0,,
2026-05-16T01:08:26.041270,clean,naive,{'bins': 5},78,0,4,ok,0,78,0.019332573749125004,0.568506927229464,0.5974064571782947,5,5,8,0,,
2026-05-16T01:08:26.811259,clean,naive,{'bins': 5},78,1,4,ok,78,156,0.01913378108292818,0.7156777484342456,0.744258520193398,5,5,8,0,,
2026-05-16T01:08:27.452919,clean,naive,{'bins': 5},78,2,4,ok,156,234,0.01922113448381424,0.5842042155563831,0.6129164937883615,5,5,8,0,,
2026-05-16T01:08:28.237394,clean,naive,{'bins': 5},78,3,4,ok,234,312,0.01930759660899639,0.7277705678716302,0.7567261327058077,5,5,8,0,,
2026-05-16T01:08:28.943856,clean,naive,{'bins': 5},78,4,4,ok,312,390,0.019066505134105682,0.6539678536355495,0.6824871711432934,5,19,26,0,,
2026-05-16T01:08:29.587860,clean,naive,{'bins': 5},79,0,4,ok,0,79,0.019147437065839767,0.5845835683867335,0.6133403601124883,5,5,8,0,,
2026-05-16T01:08:30.342372,clean,naive,{'bins': 5},79,1,4,ok,79,158,0.019597352482378483,0.6997069269418716,0.7289126627147198,5,5,8,0,,
2026-05-16T01:08:31.007882,clean,naive,{'bins': 5},79,2,4,ok,158,237,0.01936356257647276,0.6090451553463936,0.6380563052371144,5,5,8,0,,
2026-05-16T01:08:31.750184,clean,naive,{'bins': 5},79,3,4,ok,237,316,0.019473979249596596,0.6857674503698945,0.7149847466498613,5,5,8,0,,
2026-05-16T01:08:32.556064,clean,naive,{'bins': 5},79,4,4,ok,316,395,0.019450457766652107,0.7498214868828654,0.7789450492709875,5,26,34,0,,
2026-05-16T01:08:33.293877,clean,naive,{'bins': 5},80,0,4,ok,0,80,0.019932059571146965,0.6776551678776741,0.7074039122089744,5,5,8,0,,
2026-05-16T01:08:34.049575,clean,naive,{'bins': 5},80,1,4,ok,80,160,0.01918177120387554,0.7033852646127343,0.7322364747524261,5,8,12,0,,
2026-05-16T01:08:34.834187,clean,naive,{'bins': 5},80,2,4,ok,160,240,0.019453641027212143,0.7313828710466623,0.760418557561934,5,29,38,0,,
2026-05-16T01:08:35.600960,clean,naive,{'bins': 5},80,3,4,ok,240,320,0.019381134770810604,0.7092536659911275,0.7383870044723153,5,5,8,0,,
2026-05-16T01:08:36.435287,clean,naive,{'bins': 5},80,4,4,ok,320,400,0.01944693922996521,0.7778144162148237,0.8069546977058053,5,28,36,0,,
2026-05-16T01:08:37.121422,clean,naive,{'bins': 5},81,0,4,ok,0,81,0.02008900325745344,0.624861435033381,0.6549307713285089,5,5,8,0,,
2026-05-16T01:08:37.844643,clean,naive,{'bins': 5},81,1,4,ok,81,162,0.020085488446056843,0.6691038478165865,0.6990432413294911,5,8,12,0,,
2026-05-16T01:08:38.711435,clean,naive,{'bins': 5},81,2,4,ok,162,243,0.019892717711627483,0.8123563528060913,0.8422139529138803,5,29,38,0,,
2026-05-16T01:08:39.482545,clean,naive,{'bins': 5},81,3,4,ok,243,324,0.02011981327086687,0.7113119307905436,0.7421502023935318,5,5,8,0,,
2026-05-16T01:08:40.315824,clean,naive,{'bins': 5},81,4,4,ok,324,405,0.019958931021392345,0.7750218817964196,0.8060022098943591,5,27,35,0,,
2026-05-16T01:08:41.015662,clean,naive,{'bins': 5},82,0,4,ok,0,82,0.02033040765672922,0.6377255646511912,0.6682719672098756,5,5,8,0,,
2026-05-16T01:08:41.765422,clean,naive,{'bins': 5},82,1,4,ok,82,164,0.02022729441523552,0.6924933325499296,0.7231176309287548,5,8,12,0,,
2026-05-16T01:08:42.506920,clean,naive,{'bins': 5},82,2,4,ok,164,246,0.020346377976238728,0.6808833600953221,0.7114545991644263,5,5,8,0,,
2026-05-16T01:08:43.335007,clean,naive,{'bins': 5},82,3,4,ok,246,328,0.020315160043537617,0.764188177883625,0.7964185131713748,5,5,8,0,,
2026-05-16T01:08:44.174198,clean,naive,{'bins': 5},82,4,4,ok,328,410,0.020314248278737068,0.7818953106179833,0.8123825527727604,5,27,35,0,,
2026-05-16T01:08:45.004213,clean,naive,{'bins': 5},83,0,4,ok,0,83,0.020319707691669464,0.7700702538713813,0.8006069781258702,5,27,35,0,,
2026-05-16T01:08:45.739380,clean,naive,{'bins': 5},83,1,4,ok,83,166,0.02037944085896015,0.6767037706449628,0.7087364448234439,5,8,12,0,,
2026-05-16T01:08:46.493080,clean,naive,{'bins': 5},83,2,4,ok,166,249,0.02074667066335678,0.6927029248327017,0.7237470131367445,5,5,8,0,,
2026-05-16T01:08:47.177801,clean,naive,{'bins': 5},83,3,4,ok,249,332,0.020342701114714146,0.6216571787372231,0.652231914922595,5,21,28,0,,
2026-05-16T01:08:48.131759,clean,naive,{'bins': 5},83,4,4,ok,332,415,0.022687655873596668,0.8896654108539224,0.9231383204460144,5,23,32,0,,
2026-05-16T01:08:48.964437,clean,naive,{'bins': 5},84,0,4,ok,0,84,0.02099269162863493,0.773150397464633,0.8044274318963289,5,27,35,0,,
2026-05-16T01:08:49.704375,clean,naive,{'bins': 5},84,1,4,ok,84,168,0.020680245012044907,0.6817704159766436,0.7126079853624105,5,8,12,0,,
2026-05-16T01:08:50.449737,clean,naive,{'bins': 5},84,2,4,ok,168,252,0.020869549363851547,0.683545459061861,0.7147956322878599,5,5,8,0,,
2026-05-16T01:08:51.124051,clean,naive,{'bins': 5},84,3,4,ok,252,336,0.020640541799366474,0.6138935685157776,0.6447924943640828,5,21,28,0,,
2026-05-16T01:08:52.021359,clean,naive,{'bins': 5},84,4,4,ok,336,420,0.02209546323865652,0.836848234757781,0.8700211308896542,5,24,33,0,,
2026-05-16T01:08:52.924406,clean,naive,{'bins': 5},85,0,4,ok,0,85,0.020800281316041946,0.8429067526012659,0.8742614751681685,5,27,35,0,,
2026-05-16T01:08:53.669346,clean,naive,{'bins': 5},85,1,4,ok,85,170,0.02042896393686533,0.687408291734755,0.7181780245155096,5,8,12,0,,
2026-05-16T01:08:54.406487,clean,naive,{'bins': 5},85,2,4,ok,170,255,0.021246719174087048,0.6748220873996615,0.7064859988167882,5,5,8,0,,
2026-05-16T01:08:55.198070,clean,naive,{'bins': 5},85,3,4,ok,255,340,0.02084945235401392,0.7321361377835274,0.7633353359997272,5,24,32,0,,
2026-05-16T01:08:56.052584,clean,naive,{'bins': 5},85,4,4,ok,340,425,0.021341786719858646,0.793176805600524,0.8251311024650931,5,25,34,0,,
2026-05-16T01:08:56.905951,clean,naive,{'bins': 5},86,0,4,ok,0,86,0.021151579916477203,0.7909145578742027,0.8227164279669523,5,27,35,0,,
2026-05-16T01:08:57.799672,clean,naive,{'bins': 5},86,1,4,ok,86,172,0.021354662254452705,0.834890378639102,0.8669024035334587,5,20,27,0,,
2026-05-16T01:08:58.550180,clean,naive,{'bins': 5},86,2,4,ok,172,258,0.02111394051462412,0.6867371741682291,0.7186294039711356,5,5,8,0,,
2026-05-16T01:08:59.345135,clean,naive,{'bins': 5},86,3,4,ok,258,344,0.021441705524921417,0.735741438344121,0.7678378522396088,5,24,32,0,,
2026-05-16T01:09:00.197936,clean,naive,{'bins': 5},86,4,4,ok,344,430,0.021206824108958244,0.7914639785885811,0.8232927992939949,5,22,30,0,,
2026-05-16T01:09:01.071497,clean,naive,{'bins': 5},87,0,4,ok,0,87,0.021216852590441704,0.8101154146715999,0.8421476576477289,5,27,35,0,,
2026-05-16T01:09:01.949377,clean,naive,{'bins': 5},87,1,4,ok,87,174,0.021649655885994434,0.8186627561226487,0.8513121688738465,5,20,27,0,,
2026-05-16T01:09:02.807601,clean,naive,{'bins': 5},87,2,4,ok,174,261,0.020827200263738632,0.7912156926468015,0.8225872442126274,5,5,8,0,,
2026-05-16T01:09:03.652919,clean,naive,{'bins': 5},87,3,4,ok,261,348,0.021890568546950817,0.7807621220126748,0.8135011419653893,5,5,8,0,,
2026-05-16T01:09:04.542499,clean,naive,{'bins': 5},87,4,4,ok,348,435,0.02147178165614605,0.8272341135889292,0.8594206254929304,5,22,30,0,,
2026-05-16T01:09:05.428200,clean,naive,{'bins': 5},88,0,4,ok,0,88,0.02179616130888462,0.8218826130032539,0.8546606870368123,5,27,35,0,,
2026-05-16T01:09:06.257204,clean,naive,{'bins': 5},88,1,4,ok,88,176,0.021573051810264587,0.7678264295682311,0.8002141201868653,5,20,27,0,,
2026-05-16T01:09:07.187823,clean,naive,{'bins': 5},88,2,4,ok,176,264,0.022008019499480724,0.8661543307825923,0.8991367379203439,5,5,8,0,,
2026-05-16T01:09:08.076511,clean,naive,{'bins': 5},88,3,4,ok,264,352,0.021216082386672497,0.8257208811119199,0.8577130390331149,5,29,37,0,,
2026-05-16T01:09:09.000022,clean,naive,{'bins': 5},88,4,4,ok,352,440,0.02210190612822771,0.8594696773216128,0.8924299944192171,5,13,19,0,,
2026-05-16T01:09:09.885099,clean,naive,{'bins': 5},89,0,4,ok,0,89,0.021677067503333092,0.8221522988751531,0.8548793373629451,5,27,35,0,,
2026-05-16T01:09:10.685230,clean,naive,{'bins': 5},89,1,4,ok,89,178,0.021952033042907715,0.7401240784674883,0.7731258319690824,5,22,29,0,,
2026-05-16T01:09:11.582090,clean,naive,{'bins': 5},89,2,4,ok,178,267,0.021771633997559547,0.8304908480495214,0.8632945185527205,5,5,8,0,,
2026-05-16T01:09:12.403529,clean,naive,{'bins': 5},89,3,4,ok,267,356,0.02221503760665655,0.755660935305059,0.7890811851248145,5,5,8,0,,
2026-05-16T01:09:13.457120,clean,naive,{'bins': 5},89,4,4,ok,356,445,0.021944659762084484,0.9871072582900524,1.0202440852299333,5,5,8,0,,
2026-05-16T01:09:14.349442,clean,naive,{'bins': 5},90,0,4,ok,0,90,0.021591325290501118,0.827506935223937,0.8601045589894056,5,27,35,0,,
2026-05-16T01:09:15.221484,clean,naive,{'bins': 5},90,1,4,ok,90,180,0.02263028547167778,0.8070655884221196,0.8409291096031666,5,6,9,0,,
2026-05-16T01:09:16.113714,clean,naive,{'bins': 5},90,2,4,ok,180,270,0.02230858337134123,0.8241467140614986,0.8575508547946811,5,5,8,0,,
2026-05-16T01:09:16.999448,clean,naive,{'bins': 5},90,3,4,ok,270,360,0.022404402494430542,0.8194639310240746,0.8531450806185603,5,5,8,0,,
2026-05-16T01:09:17.904583,clean,naive,{'bins': 5},90,4,4,ok,360,450,0.02211548015475273,0.8400394301861525,0.8731230879202485,5,6,9,0,,
2026-05-16T01:09:18.883286,clean,naive,{'bins': 5},91,0,4,ok,0,91,0.02238836418837309,0.9110422870144248,0.9447494558990002,5,27,35,0,,
2026-05-16T01:09:19.775702,clean,naive,{'bins': 5},91,1,4,ok,91,182,0.0241420054808259,0.8236377285793424,0.8594601694494486,5,6,9,0,,
2026-05-16T01:09:20.696393,clean,naive,{'bins': 5},91,2,4,ok,182,273,0.022548734210431576,0.8528498569503427,0.8866584654897451,5,5,8,0,,
2026-05-16T01:09:21.601477,clean,naive,{'bins': 5},91,3,4,ok,273,364,0.02275991067290306,0.8413861291483045,0.8755454765632749,5,26,34,0,,
2026-05-16T01:09:22.491230,clean,naive,{'bins': 5},91,4,4,ok,364,455,0.02248004451394081,0.8231837656348944,0.8569989074021578,5,6,9,0,,
2026-05-16T01:09:23.416140,clean,naive,{'bins': 5},92,0,4,ok,0,92,0.02278701215982437,0.8586952043697238,0.8928226018324494,5,27,35,0,,
2026-05-16T01:09:24.472371,clean,naive,{'bins': 5},92,1,4,ok,92,184,0.02260801661759615,0.9873727075755596,1.0214566942304373,5,6,9,0,,
2026-05-16T01:09:25.410646,clean,naive,{'bins': 5},92,2,4,ok,184,276,0.023642628453671932,0.8683315794914961,0.9034961555153131,5,5,8,0,,
2026-05-16T01:09:26.311738,clean,naive,{'bins': 5},92,3,4,ok,276,368,0.023505952209234238,0.8359931213781238,0.8709758752956986,5,26,34,0,,
2026-05-16T01:09:27.236485,clean,naive,{'bins': 5},92,4,4,ok,368,460,0.023054582998156548,0.8589483685791492,0.8933391412720084,5,25,32,0,,
2026-05-16T01:09:28.160578,clean,naive,{'bins': 5},93,0,4,ok,0,93,0.023068079724907875,0.857712609693408,0.892367827706039,5,27,35,0,,
2026-05-16T01:09:29.084036,clean,naive,{'bins': 5},93,1,4,ok,93,186,0.022827127017080784,0.8549515539780259,0.8892834661528468,5,6,9,0,,
2026-05-16T01:09:30.113974,clean,naive,{'bins': 5},93,2,4,ok,186,279,0.024039353244006634,0.959447106346488,0.9951141653582454,5,5,8,0,,
2026-05-16T01:09:30.969625,clean,naive,{'bins': 5},93,3,4,ok,279,372,0.022351172752678394,0.790582955814898,0.8243841603398323,5,23,31,0,,
2026-05-16T01:09:31.915667,clean,naive,{'bins': 5},93,4,4,ok,372,465,0.023214484564960003,0.8776721311733127,0.9124838747084141,5,23,30,0,,
2026-05-16T01:09:32.857509,clean,naive,{'bins': 5},94,0,4,ok,0,94,0.023103104904294014,0.8717539869248867,0.9065263764932752,5,27,35,0,,
2026-05-16T01:09:33.770147,clean,naive,{'bins': 5},94,1,4,ok,94,188,0.023361018858850002,0.8444521678611636,0.8795679612085223,5,6,9,0,,
2026-05-16T01:09:34.736050,clean,naive,{'bins': 5},94,2,4,ok,188,282,0.023137889802455902,0.8943186113610864,0.9291113577783108,5,5,8,0,,
2026-05-16T01:09:35.699227,clean,naive,{'bins': 5},94,3,4,ok,282,376,0.023301088251173496,0.8972851317375898,0.9324460914358497,5,23,31,0,,
2026-05-16T01:09:36.622440,clean,naive,{'bins': 5},94,4,4,ok,376,470,0.02285372745245695,0.8525385418906808,0.8869353458285332,5,23,30,0,,
2026-05-16T01:09:37.571728,clean,naive,{'bins': 5},95,0,4,ok,0,95,0.023471206426620483,0.8808258837088943,0.9161799950525165,5,27,35,0,,
2026-05-16T01:09:38.487551,clean,naive,{'bins': 5},95,1,4,ok,95,190,0.02358870767056942,0.8468306139111519,0.882429645396769,5,6,9,0,,
2026-05-16T01:09:39.386853,clean,naive,{'bins': 5},95,2,4,ok,190,285,0.023489460349082947,0.8331031752750278,0.8684263080358505,5,14,20,0,,
2026-05-16T01:09:40.302968,clean,naive,{'bins': 5},95,3,4,ok,285,380,0.023289204575121403,0.8422593092545867,0.877343975007534,5,23,31,0,,
2026-05-16T01:09:41.184217,clean,naive,{'bins': 5},95,4,4,ok,380,475,0.027283716946840286,0.8005516855046153,0.8426996963098645,5,6,9,0,,
2026-05-16T01:09:42.139370,clean,naive,{'bins': 5},96,0,4,ok,0,96,0.024168736301362514,0.8824280025437474,0.9190212115645409,5,27,35,0,,
2026-05-16T01:09:43.095591,clean,naive,{'bins': 5},96,1,4,ok,96,192,0.024944914504885674,0.8848626343533397,0.9218073235824704,5,6,9,0,,
2026-05-16T01:09:44.009714,clean,naive,{'bins': 5},96,2,4,ok,192,288,0.02360842376947403,0.8461003331467509,0.8815341144800186,5,14,20,0,,
2026-05-16T01:09:44.944116,clean,naive,{'bins': 5},96,3,4,ok,288,384,0.02384582068771124,0.8665704745799303,0.902640800923109,5,23,31,0,,
2026-05-16T01:09:45.768644,clean,naive,{'bins': 5},96,4,4,ok,384,480,0.02375973854213953,0.7526893559843302,0.7887256192043424,5,6,9,0,,
2026-05-16T01:09:46.805648,clean,naive,{'bins': 5},97,0,4,ok,0,97,0.02381977066397667,0.9672759594395757,1.0032929852604866,5,27,35,0,,
2026-05-16T01:09:47.776945,clean,naive,{'bins': 5},97,1,4,ok,97,194,0.02339963335543871,0.9013850530609488,0.9370124386623502,5,6,9,0,,
2026-05-16T01:09:48.696607,clean,naive,{'bins': 5},97,2,4,ok,194,291,0.02330954372882843,0.8527148254215717,0.8881754372268915,5,14,20,0,,
2026-05-16T01:09:49.703584,clean,naive,{'bins': 5},97,3,4,ok,291,388,0.027360952459275723,0.9334085388109088,0.9745113076642156,5,23,31,0,,
2026-05-16T01:09:50.535350,clean,naive,{'bins': 5},97,4,4,ok,388,485,0.024375214241445065,0.7588003724813461,0.7953964062035084,5,6,9,0,,
2026-05-16T01:09:51.520751,clean,naive,{'bins': 5},98,0,4,ok,0,98,0.02400744240731001,0.9154438339173794,0.9518761299550533,5,27,35,0,,
2026-05-16T01:09:52.560910,clean,naive,{'bins': 5},98,1,4,ok,98,196,0.02433595061302185,0.9667045446112752,1.0035310816019773,5,6,9,0,,
2026-05-16T01:09:53.478981,clean,naive,{'bins': 5},98,2,4,ok,196,294,0.02430851850658655,0.8489930965006351,0.8858164269477129,5,14,20,0,,
2026-05-16T01:09:54.499780,clean,naive,{'bins': 5},98,3,4,ok,294,392,0.02399903815239668,0.9478648779913783,0.9842485524713993,5,23,31,0,,
2026-05-16T01:09:55.349235,clean,naive,{'bins': 5},98,4,4,ok,392,490,0.02657202072441578,0.7730916514992714,0.8125100554898381,5,6,9,0,,
2026-05-16T01:09:56.347208,clean,naive,{'bins': 5},99,0,4,ok,0,99,0.02419010642915964,0.9253951106220484,0.9621377196162939,5,27,35,0,,
2026-05-16T01:09:57.350265,clean,naive,{'bins': 5},99,1,4,ok,99,198,0.02465537004172802,0.9283231999725103,0.9657310079783201,5,6,9,0,,
2026-05-16T01:09:58.344068,clean,naive,{'bins': 5},99,2,4,ok,198,297,0.024905639700591564,0.9238780224695802,0.9615601450204849,5,14,20,0,,
2026-05-16T01:09:59.374931,clean,naive,{'bins': 5},99,3,4,ok,297,396,0.02411264181137085,0.9446258749812841,0.9958032919093966,5,23,31,0,,
2026-05-16T01:10:00.394162,clean,naive,{'bins': 5},99,4,4,ok,396,495,0.02526568528264761,0.9453733591362834,0.9834491703659296,5,7,11,0,,
2026-05-16T01:10:01.430458,clean,naive,{'bins': 5},100,0,4,ok,0,100,0.025116306729614735,0.9563710205256939,0.9940675813704729,5,27,35,0,,
2026-05-16T01:10:02.440875,clean,naive,{'bins': 5},100,1,4,ok,100,200,0.026275583542883396,0.9312168937176466,0.9715018654242158,5,6,9,0,,
2026-05-16T01:10:03.483589,clean,naive,{'bins': 5},100,2,4,ok,200,300,0.025739365257322788,0.9661645023152232,1.005739831365645,5,14,20,0,,
2026-05-16T01:10:04.512501,clean,naive,{'bins': 5},100,3,4,ok,300,400,0.02539006993174553,0.9552514292299747,0.9934295639395714,5,23,31,0,,
2026-05-16T01:10:05.552894,clean,naive,{'bins': 5},100,4,4,ok,400,500,0.09275859035551548,0.8960312083363533,1.0012576933950186,5,21,28,0,,
2026-05-16T01:10:05.615448,clean,sax,"{'w': 144, 'bins': 5}",1,0,4,ok,0,1,0.013270139694213867,0.0009748600423336029,0.014588003978133202,5,10,9,0,,
2026-05-16T01:10:05.628473,clean,sax,"{'w': 144, 'bins': 5}",1,1,4,ok,1,2,0.011175195686519146,0.0007678819820284843,0.012098359875380993,5,10,9,0,,
2026-05-16T01:10:05.641076,clean,sax,"{'w': 144, 'bins': 5}",1,2,4,ok,2,3,0.010875754058361053,0.0007641250267624855,0.01179154310375452,5,10,9,0,,
2026-05-16T01:10:05.653443,clean,sax,"{'w': 144, 'bins': 5}",1,3,4,ok,3,4,0.010674715973436832,0.0007575219497084618,0.011582430452108383,5,10,9,0,,
2026-05-16T01:10:05.665810,clean,sax,"{'w': 144, 'bins': 5}",1,4,4,ok,4,5,0.0107109434902668,0.0007509896531701088,0.011610131710767746,5,10,9,0,,
2026-05-16T01:10:05.714457,clean,sax,"{'w': 144, 'bins': 5}",2,0,4,ok,0,2,0.021873746998608112,0.0015172790735960007,0.023682404309511185,5,10,9,0,,
2026-05-16T01:10:05.737829,clean,sax,"{'w': 144, 'bins': 5}",2,1,4,ok,2,4,0.021219227463006973,0.0009835977107286453,0.022410975769162178,5,10,9,0,,
2026-05-16T01:10:05.761104,clean,sax,"{'w': 144, 'bins': 5}",2,2,4,ok,4,6,0.02109652664512396,0.0009618857875466347,0.022259650751948357,5,10,9,0,,
2026-05-16T01:10:05.787579,clean,sax,"{'w': 144, 'bins': 5}",2,3,4,ok,6,8,0.021493934094905853,0.0034130895510315895,0.025380782783031464,5,15,15,0,,
2026-05-16T01:10:05.813474,clean,sax,"{'w': 144, 'bins': 5}",2,4,4,ok,8,10,0.02163522783666849,0.0028005698695778847,0.024668624624609947,5,15,15,0,,
2026-05-16T01:10:05.869600,clean,sax,"{'w': 144, 'bins': 5}",3,0,4,ok,0,3,0.03171860333532095,0.0013145795091986656,0.033380866050720215,5,10,9,0,,
2026-05-16T01:10:05.903939,clean,sax,"{'w': 144, 'bins': 5}",3,1,4,ok,3,6,0.03144482057541609,0.001502220518887043,0.033198123797774315,5,10,9,0,,
2026-05-16T01:10:05.940279,clean,sax,"{'w': 144, 'bins': 5}",3,2,4,ok,6,9,0.031418981961905956,0.0036399448290467262,0.03531031962484121,5,12,12,0,,
2026-05-16T01:10:05.977851,clean,sax,"{'w': 144, 'bins': 5}",3,3,4,ok,9,12,0.03172157984226942,0.004420440644025803,0.03640066646039486,5,12,13,0,,
2026-05-16T01:10:06.015380,clean,sax,"{'w': 144, 'bins': 5}",3,4,4,ok,12,15,0.032555595971643925,0.003360079601407051,0.03640835080295801,5,16,16,0,,
2026-05-16T01:10:06.083220,clean,sax,"{'w': 144, 'bins': 5}",4,0,4,ok,0,4,0.04287386313080788,0.0015711113810539246,0.04486310947686434,5,10,9,0,,
2026-05-16T01:10:06.136356,clean,sax,"{'w': 144, 'bins': 5}",4,1,4,ok,4,8,0.0419792216271162,0.009652526117861271,0.05193482805043459,5,13,14,0,,
2026-05-16T01:10:06.191745,clean,sax,"{'w': 144, 'bins': 5}",4,2,4,ok,8,12,0.04180397279560566,0.012007358483970165,0.05412418954074383,5,7,8,0,,
2026-05-16T01:10:06.240479,clean,sax,"{'w': 144, 'bins': 5}",4,3,4,ok,12,16,0.04245142079889774,0.004553411155939102,0.04751267470419407,5,14,14,0,,
2026-05-16T01:10:06.286284,clean,sax,"{'w': 144, 'bins': 5}",4,4,4,ok,16,20,0.04258262552320957,0.001575559377670288,0.04451410286128521,5,10,9,0,,
2026-05-16T01:10:06.363600,clean,sax,"{'w': 144, 'bins': 5}",5,0,4,ok,0,5,0.05253536719828844,0.0017179371789097786,0.054678622633218765,5,10,9,0,,
2026-05-16T01:10:06.425379,clean,sax,"{'w': 144, 'bins': 5}",5,1,4,ok,5,10,0.052409219555556774,0.006953157484531403,0.06006646901369095,5,15,16,0,,
2026-05-16T01:10:06.488236,clean,sax,"{'w': 144, 'bins': 5}",5,2,4,ok,10,15,0.05346644576638937,0.006878315471112728,0.060930561274290085,5,9,10,0,,
2026-05-16T01:10:06.544273,clean,sax,"{'w': 144, 'bins': 5}",5,3,4,ok,15,20,0.05228759068995714,0.0019098073244094849,0.054552013985812664,5,12,11,0,,
2026-05-16T01:10:06.602329,clean,sax,"{'w': 144, 'bins': 5}",5,4,4,ok,20,25,0.051805014722049236,0.0046165985986590385,0.056769887916743755,5,15,15,0,,
2026-05-16T01:10:06.690824,clean,sax,"{'w': 144, 'bins': 5}",6,0,4,ok,0,6,0.0628033485263586,0.0022013531997799873,0.0654740734025836,5,10,9,0,,
2026-05-16T01:10:06.766907,clean,sax,"{'w': 144, 'bins': 5}",6,1,4,ok,6,12,0.0657937852665782,0.007819063030183315,0.0744342403486371,5,14,15,0,,
2026-05-16T01:10:06.838031,clean,sax,"{'w': 144, 'bins': 5}",6,2,4,ok,12,18,0.06316982582211494,0.005307015962898731,0.06890574749559164,5,14,14,0,,
2026-05-16T01:10:06.908569,clean,sax,"{'w': 144, 'bins': 5}",6,3,4,ok,18,24,0.0633911220356822,0.004899759776890278,0.06878084316849709,5,16,16,0,,
2026-05-16T01:10:06.980693,clean,sax,"{'w': 144, 'bins': 5}",6,4,4,ok,24,30,0.06269803177565336,0.007401258684694767,0.07050609402358532,5,13,14,0,,
2026-05-16T01:10:07.087835,clean,sax,"{'w': 144, 'bins': 5}",7,0,4,ok,0,7,0.07482536509633064,0.005714460276067257,0.08126017730683088,5,10,11,0,,
2026-05-16T01:10:07.177155,clean,sax,"{'w': 144, 'bins': 5}",7,1,4,ok,7,14,0.07294287905097008,0.01419343426823616,0.08759992383420467,5,7,8,0,,
2026-05-16T01:10:07.261993,clean,sax,"{'w': 144, 'bins': 5}",7,2,4,ok,14,21,0.07401299010962248,0.008292832411825657,0.08317129779607058,5,18,19,0,,
2026-05-16T01:10:07.341375,clean,sax,"{'w': 144, 'bins': 5}",7,3,4,ok,21,28,0.07301354221999645,0.004336442798376083,0.07780437916517258,5,12,12,0,,
2026-05-16T01:10:07.419369,clean,sax,"{'w': 144, 'bins': 5}",7,4,4,ok,28,35,0.07328963093459606,0.0028334204107522964,0.07658053003251553,5,10,9,0,,
2026-05-16T01:10:07.540225,clean,sax,"{'w': 144, 'bins': 5}",8,0,4,ok,0,8,0.08501981850713491,0.011898173950612545,0.09775725845247507,5,13,14,0,,
2026-05-16T01:10:07.641133,clean,sax,"{'w': 144, 'bins': 5}",8,1,4,ok,8,16,0.0836496464908123,0.015168795362114906,0.09933759644627571,5,6,8,0,,
2026-05-16T01:10:07.736259,clean,sax,"{'w': 144, 'bins': 5}",8,2,4,ok,16,24,0.08695113565772772,0.0053755249828100204,0.0933132329955697,5,14,14,0,,
2026-05-16T01:10:07.827406,clean,sax,"{'w': 144, 'bins': 5}",8,3,4,ok,24,32,0.08396754320710897,0.004874642938375473,0.08935893699526787,5,12,12,0,,
2026-05-16T01:10:07.921452,clean,sax,"{'w': 144, 'bins': 5}",8,4,4,ok,32,40,0.08445029985159636,0.007180624641478062,0.09239786397665739,5,15,16,0,,
2026-05-16T01:10:08.053102,clean,sax,"{'w': 144, 'bins': 5}",9,0,4,ok,0,9,0.09466496109962463,0.01189021859318018,0.10715643875300884,5,13,14,0,,
2026-05-16T01:10:08.162834,clean,sax,"{'w': 144, 'bins': 5}",9,1,4,ok,9,18,0.09517529048025608,0.011460141278803349,0.10739610996097326,5,13,15,0,,
2026-05-16T01:10:08.268533,clean,sax,"{'w': 144, 'bins': 5}",9,2,4,ok,18,27,0.09435719344764948,0.008703233674168587,0.10364721901714802,5,16,17,0,,
2026-05-16T01:10:08.372429,clean,sax,"{'w': 144, 'bins': 5}",9,3,4,ok,27,36,0.0958425123244524,0.0052530840039253235,0.10191127844154835,5,12,12,0,,
2026-05-16T01:10:08.475031,clean,sax,"{'w': 144, 'bins': 5}",9,4,4,ok,36,45,0.09452584013342857,0.005495049990713596,0.10059566982090473,5,17,17,0,,
2026-05-16T01:10:08.613416,clean,sax,"{'w': 144, 'bins': 5}",10,0,4,ok,0,10,0.10523090325295925,0.009369544684886932,0.11551268119364977,5,14,15,0,,
2026-05-16T01:10:08.730157,clean,sax,"{'w': 144, 'bins': 5}",10,1,4,ok,10,20,0.10639784391969442,0.005686219781637192,0.1144493455067277,5,14,14,0,,
2026-05-16T01:10:08.850342,clean,sax,"{'w': 144, 'bins': 5}",10,2,4,ok,20,30,0.10726126562803984,0.009648339822888374,0.11793813668191433,5,16,17,0,,
2026-05-16T01:10:08.967806,clean,sax,"{'w': 144, 'bins': 5}",10,3,4,ok,30,40,0.10603213869035244,0.007615702226758003,0.11516223475337029,5,15,16,0,,
2026-05-16T01:10:09.083579,clean,sax,"{'w': 144, 'bins': 5}",10,4,4,ok,40,50,0.10475197341293097,0.00837252289056778,0.11390435043722391,5,19,20,0,,
2026-05-16T01:10:09.234304,clean,sax,"{'w': 144, 'bins': 5}",11,0,4,ok,0,11,0.11548230424523354,0.009968099184334278,0.12635881919413805,5,12,13,0,,
2026-05-16T01:10:09.364396,clean,sax,"{'w': 144, 'bins': 5}",11,1,4,ok,11,22,0.11634122673422098,0.009847753681242466,0.12771323323249817,5,19,20,0,,
2026-05-16T01:10:09.489489,clean,sax,"{'w': 144, 'bins': 5}",11,2,4,ok,22,33,0.1161029003560543,0.005901592783629894,0.12295641005039215,5,12,12,0,,
2026-05-16T01:10:09.618475,clean,sax,"{'w': 144, 'bins': 5}",11,3,4,ok,33,44,0.1160807479172945,0.009302839636802673,0.126525211147964,5,14,16,0,,
2026-05-16T01:10:09.747637,clean,sax,"{'w': 144, 'bins': 5}",11,4,4,ok,44,55,0.11615422740578651,0.009211438708007336,0.12672158144414425,5,16,17,0,,
2026-05-16T01:10:09.913998,clean,sax,"{'w': 144, 'bins': 5}",12,0,4,ok,0,12,0.12836464680731297,0.01054292917251587,0.14036266785115004,5,14,15,0,,
2026-05-16T01:10:10.053495,clean,sax,"{'w': 144, 'bins': 5}",12,1,4,ok,12,24,0.12479429133236408,0.011051283217966557,0.13675398100167513,5,19,20,0,,
2026-05-16T01:10:10.190035,clean,sax,"{'w': 144, 'bins': 5}",12,2,4,ok,24,36,0.12701366003602743,0.005989007651805878,0.1340403351932764,5,12,12,0,,
2026-05-16T01:10:10.332316,clean,sax,"{'w': 144, 'bins': 5}",12,3,4,ok,36,48,0.12578138429671526,0.012533165514469147,0.1399000585079193,5,21,23,0,,
2026-05-16T01:10:10.472566,clean,sax,"{'w': 144, 'bins': 5}",12,4,4,ok,48,60,0.12518257088959217,0.012110311537981033,0.13820631802082062,5,14,15,0,,
2026-05-16T01:10:10.653942,clean,sax,"{'w': 144, 'bins': 5}",13,0,4,ok,0,13,0.13656361307948828,0.019093205220997334,0.1570225227624178,5,11,12,0,,
2026-05-16T01:10:10.808225,clean,sax,"{'w': 144, 'bins': 5}",13,1,4,ok,13,26,0.1396871991455555,0.011105845682322979,0.15207058377563953,5,18,19,0,,
2026-05-16T01:10:10.958736,clean,sax,"{'w': 144, 'bins': 5}",13,2,4,ok,26,39,0.13612561114132404,0.011080097407102585,0.14827494602650404,5,14,15,0,,
2026-05-16T01:10:11.107085,clean,sax,"{'w': 144, 'bins': 5}",13,3,4,ok,39,52,0.13542897254228592,0.009821212850511074,0.14616706687957048,5,19,20,0,,
2026-05-16T01:10:11.267220,clean,sax,"{'w': 144, 'bins': 5}",13,4,4,ok,52,65,0.1368151744827628,0.01957471016794443,0.15790565218776464,5,13,15,0,,
2026-05-16T01:10:11.459003,clean,sax,"{'w': 144, 'bins': 5}",14,0,4,ok,0,14,0.14606356248259544,0.01964836847037077,0.16682748589664698,5,11,12,0,,
2026-05-16T01:10:11.619497,clean,sax,"{'w': 144, 'bins': 5}",14,1,4,ok,14,28,0.14570295717567205,0.011062735691666603,0.15775207430124283,5,18,19,0,,
2026-05-16T01:10:11.781830,clean,sax,"{'w': 144, 'bins': 5}",14,2,4,ok,28,42,0.14820461440831423,0.010119151324033737,0.15963837504386902,5,14,16,0,,
2026-05-16T01:10:11.949917,clean,sax,"{'w': 144, 'bins': 5}",14,3,4,ok,42,56,0.1488248985260725,0.01529619563370943,0.1653419965878129,5,20,22,0,,
2026-05-16T01:10:12.118538,clean,sax,"{'w': 144, 'bins': 5}",14,4,4,ok,56,70,0.14641310088336468,0.017961420118808746,0.1653730059042573,5,17,19,0,,
2026-05-16T01:10:12.319611,clean,sax,"{'w': 144, 'bins': 5}",15,0,4,ok,0,15,0.1587161235511303,0.011255467310547829,0.17119210306555033,5,17,18,0,,
2026-05-16T01:10:12.492667,clean,sax,"{'w': 144, 'bins': 5}",15,1,4,ok,15,30,0.1576822604984045,0.01174501609057188,0.17064331099390984,5,18,19,0,,
2026-05-16T01:10:12.666355,clean,sax,"{'w': 144, 'bins': 5}",15,2,4,ok,30,45,0.1588024264201522,0.010542909614741802,0.17119296547025442,5,14,16,0,,
2026-05-16T01:10:12.851202,clean,sax,"{'w': 144, 'bins': 5}",15,3,4,ok,45,60,0.16148934047669172,0.01764755044132471,0.18151304312050343,5,19,21,0,,
2026-05-16T01:10:13.048131,clean,sax,"{'w': 144, 'bins': 5}",15,4,4,ok,60,75,0.1578234564512968,0.03353136871010065,0.19334410037845373,5,25,29,0,,
2026-05-16T01:10:13.258352,clean,sax,"{'w': 144, 'bins': 5}",16,0,4,ok,0,16,0.16915235202759504,0.013383514247834682,0.18421578034758568,5,16,17,0,,
2026-05-16T01:10:13.443639,clean,sax,"{'w': 144, 'bins': 5}",16,1,4,ok,16,32,0.16856433730572462,0.01196981780230999,0.1825488479807973,5,16,17,0,,
2026-05-16T01:10:13.634487,clean,sax,"{'w': 144, 'bins': 5}",16,2,4,ok,32,48,0.16916862316429615,0.015803045593202114,0.18689044192433357,5,21,23,0,,
2026-05-16T01:10:13.827265,clean,sax,"{'w': 144, 'bins': 5}",16,3,4,ok,48,64,0.16783467680215836,0.018656674772500992,0.18890640791505575,5,20,22,0,,
2026-05-16T01:10:14.017848,clean,sax,"{'w': 144, 'bins': 5}",16,4,4,ok,64,80,0.16848846524953842,0.017389685846865177,0.18716824427247047,5,16,19,0,,
2026-05-16T01:10:14.243845,clean,sax,"{'w': 144, 'bins': 5}",17,0,4,ok,0,17,0.17908737901598215,0.014100990258157253,0.19537971448153257,5,16,17,0,,
2026-05-16T01:10:14.436825,clean,sax,"{'w': 144, 'bins': 5}",17,1,4,ok,17,34,0.17673023231327534,0.011883926577866077,0.19017238449305296,5,16,17,0,,
2026-05-16T01:10:14.631307,clean,sax,"{'w': 144, 'bins': 5}",17,2,4,ok,34,51,0.17540438286960125,0.01509169116616249,0.19170453306287527,5,21,23,0,,
2026-05-16T01:10:14.832848,clean,sax,"{'w': 144, 'bins': 5}",17,3,4,ok,51,68,0.17730971984565258,0.01959685981273651,0.19829164072871208,5,17,19,0,,
2026-05-16T01:10:15.027995,clean,sax,"{'w': 144, 'bins': 5}",17,4,4,ok,68,85,0.17854555137455463,0.011788466945290565,0.1917875586077571,5,13,15,0,,
2026-05-16T01:10:15.262899,clean,sax,"{'w': 144, 'bins': 5}",18,0,4,ok,0,18,0.18896731175482273,0.014387757517397404,0.20482413843274117,5,16,17,0,,
2026-05-16T01:10:15.468773,clean,sax,"{'w': 144, 'bins': 5}",18,1,4,ok,18,36,0.1883351942524314,0.012921945191919804,0.20296861417591572,5,18,19,0,,
2026-05-16T01:10:15.676212,clean,sax,"{'w': 144, 'bins': 5}",18,2,4,ok,36,54,0.18881358299404383,0.0144159821793437,0.20453654043376446,5,20,22,0,,
2026-05-16T01:10:15.909189,clean,sax,"{'w': 144, 'bins': 5}",18,3,4,ok,54,72,0.18971065804362297,0.03853119816631079,0.22983510792255402,5,23,27,0,,
2026-05-16T01:10:16.113511,clean,sax,"{'w': 144, 'bins': 5}",18,4,4,ok,72,90,0.1876482954248786,0.01225944235920906,0.20118554681539536,5,16,17,0,,
2026-05-16T01:10:16.357043,clean,sax,"{'w': 144, 'bins': 5}",19,0,4,ok,0,19,0.19791598711162806,0.014976594597101212,0.2141805300489068,5,16,17,0,,
2026-05-16T01:10:16.583544,clean,sax,"{'w': 144, 'bins': 5}",19,1,4,ok,19,38,0.2009173035621643,0.02116192039102316,0.2233682945370674,5,18,20,0,,
2026-05-16T01:10:16.820199,clean,sax,"{'w': 144, 'bins': 5}",19,2,4,ok,38,57,0.19973839912563562,0.03209905046969652,0.23310982808470726,5,26,29,0,,
2026-05-16T01:10:17.071277,clean,sax,"{'w': 144, 'bins': 5}",19,3,4,ok,57,76,0.20257108937948942,0.043592121452093124,0.24791324697434902,5,26,31,0,,
2026-05-16T01:10:17.295507,clean,sax,"{'w': 144, 'bins': 5}",19,4,4,ok,76,95,0.19913466647267342,0.0207483833655715,0.22108232136815786,5,19,22,0,,
2026-05-16T01:10:17.548397,clean,sax,"{'w': 144, 'bins': 5}",20,0,4,ok,0,20,0.20930881146341562,0.015302455984055996,0.22618434205651283,5,16,17,0,,
2026-05-16T01:10:17.785671,clean,sax,"{'w': 144, 'bins': 5}",20,1,4,ok,20,40,0.21071489248424768,0.021824494935572147,0.23401558957993984,5,18,20,0,,
2026-05-16T01:10:18.025219,clean,sax,"{'w': 144, 'bins': 5}",20,2,4,ok,40,60,0.21316163707524538,0.01918193232268095,0.23601497430354357,5,21,23,0,,
2026-05-16T01:10:18.282996,clean,sax,"{'w': 144, 'bins': 5}",20,3,4,ok,60,80,0.21202068403363228,0.039449731819331646,0.2532326662912965,5,25,29,0,,
2026-05-16T01:10:18.514322,clean,sax,"{'w': 144, 'bins': 5}",20,4,4,ok,80,100,0.20963496435433626,0.016900927759706974,0.2282376680523157,5,18,20,0,,
2026-05-16T01:10:18.783200,clean,sax,"{'w': 144, 'bins': 5}",21,0,4,ok,0,21,0.22030457109212875,0.021186797879636288,0.24301845580339432,5,18,20,0,,
2026-05-16T01:10:19.029589,clean,sax,"{'w': 144, 'bins': 5}",21,1,4,ok,21,42,0.22458044067025185,0.016129158437252045,0.24267484992742538,5,13,15,0,,
2026-05-16T01:10:19.276116,clean,sax,"{'w': 144, 'bins': 5}",21,2,4,ok,42,63,0.22022766713052988,0.02098986692726612,0.24259766470640898,5,19,21,0,,
2026-05-16T01:10:19.530738,clean,sax,"{'w': 144, 'bins': 5}",21,3,4,ok,63,84,0.21906801778823137,0.03066367469727993,0.2512738583609462,5,20,24,0,,
2026-05-16T01:10:19.774671,clean,sax,"{'w': 144, 'bins': 5}",21,4,4,ok,84,105,0.2197451600804925,0.019444875419139862,0.2405895935371518,5,17,19,0,,
2026-05-16T01:10:20.062287,clean,sax,"{'w': 144, 'bins': 5}",22,0,4,ok,0,22,0.23663571942597628,0.022272655740380287,0.26127342600375414,5,18,20,0,,
2026-05-16T01:10:20.315744,clean,sax,"{'w': 144, 'bins': 5}",22,1,4,ok,22,44,0.2311115749180317,0.017330695874989033,0.24988211505115032,5,13,15,0,,
2026-05-16T01:10:20.573841,clean,sax,"{'w': 144, 'bins': 5}",22,2,4,ok,44,66,0.23016218189150095,0.02156511601060629,0.25470084324479103,5,19,21,0,,
2026-05-16T01:10:20.830344,clean,sax,"{'w': 144, 'bins': 5}",22,3,4,ok,66,88,0.2315670708194375,0.02014277596026659,0.25327250082045794,5,16,19,0,,
2026-05-16T01:10:21.089956,clean,sax,"{'w': 144, 'bins': 5}",22,4,4,ok,88,110,0.23280970472842455,0.02157303225249052,0.2563723521307111,5,18,20,0,,
2026-05-16T01:10:21.382182,clean,sax,"{'w': 144, 'bins': 5}",23,0,4,ok,0,23,0.24185867700725794,0.02233992237597704,0.26582591515034437,5,18,20,0,,
2026-05-16T01:10:21.650825,clean,sax,"{'w': 144, 'bins': 5}",23,1,4,ok,23,46,0.24448405764997005,0.017349249683320522,0.26481245271861553,5,13,15,0,,
2026-05-16T01:10:21.917615,clean,sax,"{'w': 144, 'bins': 5}",23,2,4,ok,46,69,0.24115752149373293,0.020203961059451103,0.2631905358284712,5,13,15,0,,
2026-05-16T01:10:22.188002,clean,sax,"{'w': 144, 'bins': 5}",23,3,4,ok,69,92,0.24541744031012058,0.01970046665519476,0.2668488062918186,5,15,18,0,,
2026-05-16T01:10:22.462800,clean,sax,"{'w': 144, 'bins': 5}",23,4,4,ok,92,115,0.23960972391068935,0.02971430029720068,0.2710783388465643,5,14,18,0,,
2026-05-16T01:10:22.765388,clean,sax,"{'w': 144, 'bins': 5}",24,0,4,ok,0,24,0.2507191766053438,0.023110318928956985,0.27607131469994783,5,18,20,0,,
2026-05-16T01:10:23.054388,clean,sax,"{'w': 144, 'bins': 5}",24,1,4,ok,24,48,0.25429864786565304,0.02951062750071287,0.2855878556147218,5,13,16,0,,
2026-05-16T01:10:23.345339,clean,sax,"{'w': 144, 'bins': 5}",24,2,4,ok,48,72,0.2494584284722805,0.03496579173952341,0.28609100077301264,5,19,23,0,,
2026-05-16T01:10:23.624605,clean,sax,"{'w': 144, 'bins': 5}",24,3,4,ok,72,96,0.25149400159716606,0.022210548631846905,0.27535333670675755,5,21,24,0,,
2026-05-16T01:10:23.919356,clean,sax,"{'w': 144, 'bins': 5}",24,4,4,ok,96,120,0.24999521672725677,0.039486912079155445,0.29114228673279285,5,11,15,0,,
2026-05-16T01:10:24.233768,clean,sax,"{'w': 144, 'bins': 5}",25,0,4,ok,0,25,0.26244830153882504,0.023968711495399475,0.28843136597424746,5,18,20,0,,
2026-05-16T01:10:24.527285,clean,sax,"{'w': 144, 'bins': 5}",25,1,4,ok,25,50,0.2599314767867327,0.02826683223247528,0.28987983614206314,5,13,16,0,,
2026-05-16T01:10:24.842874,clean,sax,"{'w': 144, 'bins': 5}",25,2,4,ok,50,75,0.25901724956929684,0.04973151069134474,0.31033770367503166,5,26,31,0,,
2026-05-16T01:10:25.138218,clean,sax,"{'w': 144, 'bins': 5}",25,3,4,ok,75,100,0.26389273535460234,0.0251132408156991,0.29118227306753397,5,19,22,0,,
2026-05-16T01:10:25.451873,clean,sax,"{'w': 144, 'bins': 5}",25,4,4,ok,100,125,0.26029377710074186,0.046274288557469845,0.3083731150254607,5,26,30,0,,
2026-05-16T01:10:25.779705,clean,sax,"{'w': 144, 'bins': 5}",26,0,4,ok,0,26,0.2723740106448531,0.024392226710915565,0.29947730898857117,5,18,20,0,,
2026-05-16T01:10:26.086960,clean,sax,"{'w': 144, 'bins': 5}",26,1,4,ok,26,52,0.27121530566364527,0.02949113119393587,0.3025786327198148,5,13,16,0,,
2026-05-16T01:10:26.412331,clean,sax,"{'w': 144, 'bins': 5}",26,2,4,ok,52,78,0.27501718513667583,0.04318103939294815,0.3207538342103362,5,25,29,0,,
2026-05-16T01:10:26.719272,clean,sax,"{'w': 144, 'bins': 5}",26,3,4,ok,78,104,0.2714141085743904,0.02856591437011957,0.301709852181375,5,18,21,0,,
2026-05-16T01:10:27.049600,clean,sax,"{'w': 144, 'bins': 5}",26,4,4,ok,104,130,0.2754175467416644,0.04817416612058878,0.32576608657836914,5,25,29,0,,
2026-05-16T01:10:27.383695,clean,sax,"{'w': 144, 'bins': 5}",27,0,4,ok,0,27,0.2795393178239465,0.024890943430364132,0.30631756503134966,5,18,20,0,,
2026-05-16T01:10:27.697040,clean,sax,"{'w': 144, 'bins': 5}",27,1,4,ok,27,54,0.2782644433900714,0.029269594699144363,0.3093833616003394,5,13,16,0,,
2026-05-16T01:10:28.026591,clean,sax,"{'w': 144, 'bins': 5}",27,2,4,ok,54,81,0.27888881601393223,0.04467111732810736,0.32526565715670586,5,25,29,0,,
2026-05-16T01:10:28.338254,clean,sax,"{'w': 144, 'bins': 5}",27,3,4,ok,81,108,0.2818290777504444,0.023437163792550564,0.3074076920747757,5,17,19,0,,
2026-05-16T01:10:28.672930,clean,sax,"{'w': 144, 'bins': 5}",27,4,4,ok,108,135,0.2811494115740061,0.046774125657975674,0.32981228455901146,5,25,29,0,,
2026-05-16T01:10:29.017944,clean,sax,"{'w': 144, 'bins': 5}",28,0,4,ok,0,28,0.2910141469910741,0.025328143499791622,0.31832423247396946,5,18,20,0,,
2026-05-16T01:10:29.336170,clean,sax,"{'w': 144, 'bins': 5}",28,1,4,ok,28,56,0.28927551209926605,0.0230101915076375,0.3140472210943699,5,19,21,0,,
2026-05-16T01:10:29.679006,clean,sax,"{'w': 144, 'bins': 5}",28,2,4,ok,56,84,0.28881625924259424,0.04805538337677717,0.3386572450399399,5,25,29,0,,
2026-05-16T01:10:30.002446,clean,sax,"{'w': 144, 'bins': 5}",28,3,4,ok,84,112,0.2911194134503603,0.02475783322006464,0.3176724975928664,5,18,21,0,,
2026-05-16T01:10:30.348135,clean,sax,"{'w': 144, 'bins': 5}",28,4,4,ok,112,140,0.2936961241066456,0.042695147916674614,0.34014585241675377,5,22,26,0,,
2026-05-16T01:10:30.705103,clean,sax,"{'w': 144, 'bins': 5}",29,0,4,ok,0,29,0.30025022104382515,0.026568053290247917,0.3288918174803257,5,18,20,0,,
2026-05-16T01:10:31.042860,clean,sax,"{'w': 144, 'bins': 5}",29,1,4,ok,29,58,0.3029073905199766,0.02732948213815689,0.3322732765227556,5,18,20,0,,
2026-05-16T01:10:31.400885,clean,sax,"{'w': 144, 'bins': 5}",29,2,4,ok,58,87,0.3015523571521044,0.0494951568543911,0.35356167517602444,5,25,29,0,,
2026-05-16T01:10:31.744206,clean,sax,"{'w': 144, 'bins': 5}",29,3,4,ok,87,116,0.3034710995852947,0.03366823587566614,0.33905789721757174,5,14,18,0,,
2026-05-16T01:10:32.080218,clean,sax,"{'w': 144, 'bins': 5}",29,4,4,ok,116,145,0.303664973936975,0.02486822009086609,0.33178975991904736,5,20,22,0,,
2026-05-16T01:10:32.449481,clean,sax,"{'w': 144, 'bins': 5}",30,0,4,ok,0,30,0.31350016314536333,0.026677326299250126,0.3424907336011529,5,18,20,0,,
2026-05-16T01:10:32.795192,clean,sax,"{'w': 144, 'bins': 5}",30,1,4,ok,30,60,0.3119533881545067,0.026640589348971844,0.34073346573859453,5,18,20,0,,
2026-05-16T01:10:33.170756,clean,sax,"{'w': 144, 'bins': 5}",30,2,4,ok,60,90,0.318991475738585,0.04940306395292282,0.37083984166383743,5,24,28,0,,
2026-05-16T01:10:33.534690,clean,sax,"{'w': 144, 'bins': 5}",30,3,4,ok,90,120,0.3132632477208972,0.041491768322885036,0.35836218018084764,5,11,15,0,,
2026-05-16T01:10:33.878082,clean,sax,"{'w': 144, 'bins': 5}",30,4,4,ok,120,150,0.31239022873342037,0.024418565444648266,0.3388247601687908,5,20,22,0,,
2026-05-16T01:10:34.258587,clean,sax,"{'w': 144, 'bins': 5}",31,0,4,ok,0,31,0.3231876762583852,0.027833187952637672,0.3532692361623049,5,18,20,0,,
2026-05-16T01:10:34.628047,clean,sax,"{'w': 144, 'bins': 5}",31,1,4,ok,31,62,0.32095425110310316,0.04179535713046789,0.36484093591570854,5,23,26,0,,
2026-05-16T01:10:34.990691,clean,sax,"{'w': 144, 'bins': 5}",31,2,4,ok,62,93,0.3213786380365491,0.034702748991549015,0.358215294778347,5,19,23,0,,
2026-05-16T01:10:35.372690,clean,sax,"{'w': 144, 'bins': 5}",31,3,4,ok,93,124,0.3203631406649947,0.05430815555155277,0.37678531650453806,5,18,22,0,,
2026-05-16T01:10:35.724123,clean,sax,"{'w': 144, 'bins': 5}",31,4,4,ok,124,155,0.3216663282364607,0.023108013905584812,0.3469450483098626,5,19,21,0,,
2026-05-16T01:10:36.116351,clean,sax,"{'w': 144, 'bins': 5}",32,0,4,ok,0,32,0.3335146075114608,0.0281993355602026,0.3654902148991823,5,18,20,0,,
2026-05-16T01:10:36.489556,clean,sax,"{'w': 144, 'bins': 5}",32,1,4,ok,32,64,0.3335301782935858,0.029215634800493717,0.36671365424990654,5,18,20,0,,
2026-05-16T01:10:36.858922,clean,sax,"{'w': 144, 'bins': 5}",32,2,4,ok,64,96,0.3330499557778239,0.027745633386075497,0.3629797315225005,5,21,24,0,,
2026-05-16T01:10:37.264984,clean,sax,"{'w': 144, 'bins': 5}",32,3,4,ok,96,128,0.3355392003431916,0.06190245691686869,0.40000805724412203,5,19,24,0,,
2026-05-16T01:10:37.637646,clean,sax,"{'w': 144, 'bins': 5}",32,4,4,ok,128,160,0.3342299722135067,0.031399885192513466,0.3679300080984831,5,22,25,0,,
2026-05-16T01:10:38.038284,clean,sax,"{'w': 144, 'bins': 5}",33,0,4,ok,0,33,0.3419954953715205,0.028966265730559826,0.37329918053001165,5,18,20,0,,
2026-05-16T01:10:38.419768,clean,sax,"{'w': 144, 'bins': 5}",33,1,4,ok,33,66,0.3449365673586726,0.028814129531383514,0.37672271858900785,5,18,20,0,,
2026-05-16T01:10:38.799889,clean,sax,"{'w': 144, 'bins': 5}",33,2,4,ok,66,99,0.34278363548219204,0.02854414377361536,0.37370461225509644,5,21,24,0,,
2026-05-16T01:10:39.217272,clean,sax,"{'w': 144, 'bins': 5}",33,3,4,ok,99,132,0.34455471113324165,0.06402588356286287,0.41183177940547466,5,19,24,0,,
2026-05-16T01:10:39.607119,clean,sax,"{'w': 144, 'bins': 5}",33,4,4,ok,132,165,0.3476590299978852,0.03238449525088072,0.38307422678917646,5,22,25,0,,
2026-05-16T01:10:40.021325,clean,sax,"{'w': 144, 'bins': 5}",34,0,4,ok,0,34,0.35204179119318724,0.030250998213887215,0.3848867202177644,5,18,20,0,,
2026-05-16T01:10:40.418478,clean,sax,"{'w': 144, 'bins': 5}",34,1,4,ok,34,68,0.3575339149683714,0.03127551171928644,0.39142304472625256,5,18,20,0,,
2026-05-16T01:10:40.813727,clean,sax,"{'w': 144, 'bins': 5}",34,2,4,ok,68,102,0.3559953337535262,0.031807090155780315,0.39021361246705055,5,20,23,0,,
2026-05-16T01:10:41.233561,clean,sax,"{'w': 144, 'bins': 5}",34,3,4,ok,102,136,0.3544044168666005,0.05749103333801031,0.41429252084344625,5,25,29,0,,
2026-05-16T01:10:41.635110,clean,sax,"{'w': 144, 'bins': 5}",34,4,4,ok,136,170,0.357294175773859,0.03621605131775141,0.39615505281835794,5,20,23,0,,
2026-05-16T01:10:42.058454,clean,sax,"{'w': 144, 'bins': 5}",35,0,4,ok,0,35,0.36361607629805803,0.030153165571391582,0.3963928883895278,5,18,20,0,,
2026-05-16T01:10:42.464191,clean,sax,"{'w': 144, 'bins': 5}",35,1,4,ok,35,70,0.3663122896105051,0.03039731364697218,0.4002374978736043,5,18,20,0,,
2026-05-16T01:10:42.868881,clean,sax,"{'w': 144, 'bins': 5}",35,2,4,ok,70,105,0.3645466137677431,0.032305565662682056,0.3993452116847038,5,20,23,0,,
2026-05-16T01:10:43.299084,clean,sax,"{'w': 144, 'bins': 5}",35,3,4,ok,105,140,0.36566855013370514,0.055511925369501114,0.42493180092424154,5,25,29,0,,
2026-05-16T01:10:43.750318,clean,sax,"{'w': 144, 'bins': 5}",35,4,4,ok,140,175,0.3667326495051384,0.07168002892285585,0.4446131521835923,5,24,29,0,,
2026-05-16T01:10:44.188228,clean,sax,"{'w': 144, 'bins': 5}",36,0,4,ok,0,36,0.37600242625921965,0.030994584783911705,0.4098911164328456,5,18,20,0,,
2026-05-16T01:10:44.624535,clean,sax,"{'w': 144, 'bins': 5}",36,1,4,ok,36,72,0.3780275182798505,0.03534602653235197,0.41876134276390076,5,16,18,0,,
2026-05-16T01:10:45.043454,clean,sax,"{'w': 144, 'bins': 5}",36,2,4,ok,72,108,0.37598675675690174,0.03423468954861164,0.4130092915147543,5,20,23,0,,
2026-05-16T01:10:45.485678,clean,sax,"{'w': 144, 'bins': 5}",36,3,4,ok,108,144,0.37415833305567503,0.058676798827946186,0.4359390716999769,5,25,29,0,,
2026-05-16T01:10:45.966101,clean,sax,"{'w': 144, 'bins': 5}",36,4,4,ok,144,180,0.3763962062075734,0.09468147344887257,0.4736029924824834,5,28,35,0,,
2026-05-16T01:10:46.442010,clean,sax,"{'w': 144, 'bins': 5}",37,0,4,ok,0,37,0.3867010371759534,0.05800499860197306,0.44785370770841837,5,20,24,0,,
2026-05-16T01:10:46.907991,clean,sax,"{'w': 144, 'bins': 5}",37,1,4,ok,37,74,0.3918477324768901,0.0648256465792656,0.4603833360597491,5,16,20,0,,
2026-05-16T01:10:47.339675,clean,sax,"{'w': 144, 'bins': 5}",37,2,4,ok,74,111,0.38771509286016226,0.0339577691629529,0.42615749314427376,5,20,23,0,,
2026-05-16T01:10:47.796989,clean,sax,"{'w': 144, 'bins': 5}",37,3,4,ok,111,148,0.38966958224773407,0.0583847826346755,0.45128101389855146,5,25,29,0,,
2026-05-16T01:10:48.284650,clean,sax,"{'w': 144, 'bins': 5}",37,4,4,ok,148,185,0.38755644485354424,0.09030483290553093,0.4818503390997648,5,29,36,0,,
2026-05-16T01:10:48.759943,clean,sax,"{'w': 144, 'bins': 5}",38,0,4,ok,0,38,0.4007792752236128,0.04085582308471203,0.4448129255324602,5,23,26,0,,
2026-05-16T01:10:49.200443,clean,sax,"{'w': 144, 'bins': 5}",38,1,4,ok,38,76,0.3955951910465956,0.03550690785050392,0.43390105478465557,5,22,25,0,,
2026-05-16T01:10:49.658283,clean,sax,"{'w': 144, 'bins': 5}",38,2,4,ok,76,114,0.3946336451917887,0.054311261512339115,0.45188854448497295,5,22,27,0,,
2026-05-16T01:10:50.094911,clean,sax,"{'w': 144, 'bins': 5}",38,3,4,ok,114,152,0.39433264918625355,0.03420628607273102,0.43099375534802675,5,20,23,0,,
2026-05-16T01:10:50.551907,clean,sax,"{'w': 144, 'bins': 5}",38,4,4,ok,152,190,0.3916472364217043,0.056962139904499054,0.45115495659410954,5,23,28,0,,
2026-05-16T01:10:51.028760,clean,sax,"{'w': 144, 'bins': 5}",39,0,4,ok,0,39,0.40409897919744253,0.04147819243371487,0.4487069183960557,5,23,26,0,,
2026-05-16T01:10:51.475963,clean,sax,"{'w': 144, 'bins': 5}",39,1,4,ok,39,78,0.40237342938780785,0.036095273680984974,0.4411254320293665,5,22,25,0,,
2026-05-16T01:10:51.944333,clean,sax,"{'w': 144, 'bins': 5}",39,2,4,ok,78,117,0.40465288050472736,0.055441223084926605,0.4625893188640475,5,22,27,0,,
2026-05-16T01:10:52.390038,clean,sax,"{'w': 144, 'bins': 5}",39,3,4,ok,117,156,0.40211907122284174,0.035556220449507236,0.4401515731588006,5,13,16,0,,
2026-05-16T01:10:52.900234,clean,sax,"{'w': 144, 'bins': 5}",39,4,4,ok,156,195,0.4057074710726738,0.09561172034591436,0.5041826386004686,5,22,28,0,,
2026-05-16T01:10:53.385548,clean,sax,"{'w': 144, 'bins': 5}",40,0,4,ok,0,40,0.4125877898186445,0.04174753837287426,0.4571653427556157,5,23,26,0,,
2026-05-16T01:10:53.886408,clean,sax,"{'w': 144, 'bins': 5}",40,1,4,ok,40,80,0.414960615336895,0.07654695771634579,0.4950509676709771,5,26,31,0,,
2026-05-16T01:10:54.355330,clean,sax,"{'w': 144, 'bins': 5}",40,2,4,ok,80,120,0.4143603192642331,0.046416365541517735,0.46354547422379255,5,11,15,0,,
2026-05-16T01:10:54.824819,clean,sax,"{'w': 144, 'bins': 5}",40,3,4,ok,120,160,0.4184825010597706,0.03742898814380169,0.46187613997608423,5,22,25,0,,
2026-05-16T01:10:55.347885,clean,sax,"{'w': 144, 'bins': 5}",40,4,4,ok,160,200,0.41596517246216536,0.09744231775403023,0.5167542360723019,5,27,34,0,,
2026-05-16T01:10:55.849759,clean,sax,"{'w': 144, 'bins': 5}",41,0,4,ok,0,41,0.4261136306449771,0.042509510181844234,0.47195321414619684,5,23,26,0,,
2026-05-16T01:10:56.346969,clean,sax,"{'w': 144, 'bins': 5}",41,1,4,ok,41,82,0.4228612333536148,0.06564183812588453,0.49115725699812174,5,26,31,0,,
2026-05-16T01:10:56.839775,clean,sax,"{'w': 144, 'bins': 5}",41,2,4,ok,82,123,0.4245157912373543,0.0597505159676075,0.4871251154690981,5,18,22,0,,
2026-05-16T01:10:57.323640,clean,sax,"{'w': 144, 'bins': 5}",41,3,4,ok,123,164,0.4308242769911885,0.039149077609181404,0.4766744887456298,5,22,25,0,,
2026-05-16T01:10:57.846691,clean,sax,"{'w': 144, 'bins': 5}",41,4,4,ok,164,205,0.4320066077634692,0.07940409425646067,0.5161760505288839,5,25,31,0,,
2026-05-16T01:10:58.369684,clean,sax,"{'w': 144, 'bins': 5}",42,0,4,ok,0,42,0.4361453792080283,0.05439033918082714,0.49407429341226816,5,20,24,0,,
2026-05-16T01:10:58.891016,clean,sax,"{'w': 144, 'bins': 5}",42,1,4,ok,42,84,0.4333145134150982,0.07791582960635424,0.5143095850944519,5,25,30,0,,
2026-05-16T01:10:59.410434,clean,sax,"{'w': 144, 'bins': 5}",42,2,4,ok,84,126,0.43654730543494225,0.07291814405471087,0.5126469135284424,5,19,24,0,,
2026-05-16T01:10:59.901211,clean,sax,"{'w': 144, 'bins': 5}",42,3,4,ok,126,168,0.4361310135573149,0.04194207303225994,0.4810429234057665,5,22,25,0,,
2026-05-16T01:11:00.468684,clean,sax,"{'w': 144, 'bins': 5}",42,4,4,ok,168,210,0.43904771003872156,0.11774057615548372,0.560377917252481,5,28,36,0,,
2026-05-16T01:11:01.002903,clean,sax,"{'w': 144, 'bins': 5}",43,0,4,ok,0,43,0.45056469924747944,0.04558088630437851,0.5026392387226224,5,23,26,0,,
2026-05-16T01:11:01.539748,clean,sax,"{'w': 144, 'bins': 5}",43,1,4,ok,43,86,0.4485768247395754,0.0785342501476407,0.5302666006609797,5,25,30,0,,
2026-05-16T01:11:02.076419,clean,sax,"{'w': 144, 'bins': 5}",43,2,4,ok,86,129,0.45098701026290655,0.07494808547198772,0.5305190039798617,5,19,24,0,,
2026-05-16T01:11:02.578730,clean,sax,"{'w': 144, 'bins': 5}",43,3,4,ok,129,172,0.446176097728312,0.0463682459667325,0.4957161797210574,5,23,27,0,,
2026-05-16T01:11:03.105359,clean,sax,"{'w': 144, 'bins': 5}",43,4,4,ok,172,215,0.44420117884874344,0.07289279624819756,0.5201247353106737,5,21,27,0,,
2026-05-16T01:11:03.658419,clean,sax,"{'w': 144, 'bins': 5}",44,0,4,ok,0,44,0.46286187041550875,0.05710882507264614,0.5238016499206424,5,20,24,0,,
2026-05-16T01:11:04.211333,clean,sax,"{'w': 144, 'bins': 5}",44,1,4,ok,44,88,0.46320490539073944,0.07790182251483202,0.5457853935658932,5,24,29,0,,
2026-05-16T01:11:04.747238,clean,sax,"{'w': 144, 'bins': 5}",44,2,4,ok,88,132,0.45781566482037306,0.06860119663178921,0.5293910475447774,5,23,28,0,,
2026-05-16T01:11:05.301584,clean,sax,"{'w': 144, 'bins': 5}",44,3,4,ok,132,176,0.45866425801068544,0.08113599568605423,0.5447752866894007,5,25,30,0,,
2026-05-16T01:11:05.847107,clean,sax,"{'w': 144, 'bins': 5}",44,4,4,ok,176,220,0.4584828279912472,0.07742216065526009,0.5389171252027154,5,21,27,0,,
2026-05-16T01:11:06.407374,clean,sax,"{'w': 144, 'bins': 5}",45,0,4,ok,0,45,0.47274588234722614,0.05420338921248913,0.5311412746086717,5,20,24,0,,
2026-05-16T01:11:06.968701,clean,sax,"{'w': 144, 'bins': 5}",45,1,4,ok,45,90,0.4691451610997319,0.07826306112110615,0.5528850266709924,5,24,29,0,,
2026-05-16T01:11:07.520796,clean,sax,"{'w': 144, 'bins': 5}",45,2,4,ok,90,135,0.471411757171154,0.07007582671940327,0.5451506217941642,5,23,28,0,,
2026-05-16T01:11:08.098827,clean,sax,"{'w': 144, 'bins': 5}",45,3,4,ok,135,180,0.468540214933455,0.09934225678443909,0.5712052704766393,5,21,27,0,,
2026-05-16T01:11:08.643756,clean,sax,"{'w': 144, 'bins': 5}",45,4,4,ok,180,225,0.4764825403690338,0.05813123472034931,0.5381072051823139,5,15,20,0,,
2026-05-16T01:11:09.206688,clean,sax,"{'w': 144, 'bins': 5}",46,0,4,ok,0,46,0.48284573946148157,0.04723018314689398,0.5337472977116704,5,23,26,0,,
2026-05-16T01:11:09.772545,clean,sax,"{'w': 144, 'bins': 5}",46,1,4,ok,46,92,0.48490032833069563,0.07023711875081062,0.5587784135714173,5,25,30,0,,
2026-05-16T01:11:10.412675,clean,sax,"{'w': 144, 'bins': 5}",46,2,4,ok,92,138,0.5526795396581292,0.07674772571772337,0.6334986900910735,5,19,24,0,,
2026-05-16T01:11:11.003749,clean,sax,"{'w': 144, 'bins': 5}",46,3,4,ok,138,184,0.4820524491369724,0.09490890987217426,0.5838756039738655,5,22,28,0,,
2026-05-16T01:11:11.535189,clean,sax,"{'w': 144, 'bins': 5}",46,4,4,ok,184,230,0.48418786004185677,0.036612724885344505,0.5244340384379029,5,18,21,0,,
2026-05-16T01:11:12.102863,clean,sax,"{'w': 144, 'bins': 5}",47,0,4,ok,0,47,0.4858203651383519,0.04796128533780575,0.536918411962688,5,23,26,0,,
2026-05-16T01:11:12.678356,clean,sax,"{'w': 144, 'bins': 5}",47,1,4,ok,47,94,0.4986980278044939,0.06671004462987185,0.5689002405852079,5,13,17,0,,
2026-05-16T01:11:13.263964,clean,sax,"{'w': 144, 'bins': 5}",47,2,4,ok,94,141,0.49184971675276756,0.08120739925652742,0.5781183410435915,5,19,24,0,,
2026-05-16T01:11:13.865809,clean,sax,"{'w': 144, 'bins': 5}",47,3,4,ok,141,188,0.49463817384094,0.09555827919393778,0.5945842126384377,5,22,28,0,,
2026-05-16T01:11:14.411209,clean,sax,"{'w': 144, 'bins': 5}",47,4,4,ok,188,235,0.4933230644091964,0.04107395280152559,0.5387556124478579,5,20,24,0,,
2026-05-16T01:11:14.994396,clean,sax,"{'w': 144, 'bins': 5}",48,0,4,ok,0,48,0.49805931746959686,0.04890382569283247,0.5531525779515505,5,23,26,0,,
2026-05-16T01:11:15.582362,clean,sax,"{'w': 144, 'bins': 5}",48,1,4,ok,48,96,0.5028624683618546,0.07179263979196548,0.5786513620987535,5,25,30,0,,
2026-05-16T01:11:16.184456,clean,sax,"{'w': 144, 'bins': 5}",48,2,4,ok,96,144,0.5039018793031573,0.08209863398224115,0.5941057745367289,5,19,24,0,,
2026-05-16T01:11:16.795918,clean,sax,"{'w': 144, 'bins': 5}",48,3,4,ok,144,192,0.5031404197216034,0.09725308138877153,0.6041401475667953,5,22,28,0,,
2026-05-16T01:11:17.352943,clean,sax,"{'w': 144, 'bins': 5}",48,4,4,ok,192,240,0.49993797671049833,0.04430386982858181,0.5478988531976938,5,21,25,0,,
2026-05-16T01:11:17.949299,clean,sax,"{'w': 144, 'bins': 5}",49,0,4,ok,0,49,0.5120200058445334,0.04961046390235424,0.5652025565505028,5,23,26,0,,
2026-05-16T01:11:18.541928,clean,sax,"{'w': 144, 'bins': 5}",49,1,4,ok,49,98,0.5107046458870173,0.07047854270786047,0.5853818822652102,5,13,17,0,,
2026-05-16T01:11:19.135042,clean,sax,"{'w': 144, 'bins': 5}",49,2,4,ok,98,147,0.508886800147593,0.07082689553499222,0.5839440515264869,5,23,28,0,,
2026-05-16T01:11:19.757351,clean,sax,"{'w': 144, 'bins': 5}",49,3,4,ok,147,196,0.5111931432038546,0.09814556781202555,0.6129019130021334,5,22,28,0,,
2026-05-16T01:11:20.362735,clean,sax,"{'w': 144, 'bins': 5}",49,4,4,ok,196,245,0.5114884870126843,0.08281858637928963,0.5976253543049097,5,25,31,0,,
2026-05-16T01:11:20.974826,clean,sax,"{'w': 144, 'bins': 5}",50,0,4,ok,0,50,0.5216113273054361,0.04983671847730875,0.5752182258293033,5,23,26,0,,
2026-05-16T01:11:21.577339,clean,sax,"{'w': 144, 'bins': 5}",50,1,4,ok,50,100,0.5221253726631403,0.06937039084732533,0.5954846646636724,5,13,17,0,,
2026-05-16T01:11:22.191726,clean,sax,"{'w': 144, 'bins': 5}",50,2,4,ok,100,150,0.5204470008611679,0.0822101840749383,0.6063106749206781,5,21,26,0,,
2026-05-16T01:11:22.831261,clean,sax,"{'w': 144, 'bins': 5}",50,3,4,ok,150,200,0.5187442731112242,0.10959518048912287,0.6320765810087323,5,23,30,0,,
2026-05-16T01:11:23.448292,clean,sax,"{'w': 144, 'bins': 5}",50,4,4,ok,200,250,0.5214073536917567,0.08269775938242674,0.6075628669932485,5,28,33,0,,
2026-05-16T01:11:24.059992,clean,sax,"{'w': 144, 'bins': 5}",51,0,4,ok,0,51,0.5264042289927602,0.05074582528322935,0.5805689338594675,5,23,26,0,,
2026-05-16T01:11:24.671501,clean,sax,"{'w': 144, 'bins': 5}",51,1,4,ok,51,102,0.5279006771743298,0.0727441469207406,0.6043349942192435,5,13,17,0,,
2026-05-16T01:11:25.294769,clean,sax,"{'w': 144, 'bins': 5}",51,2,4,ok,102,153,0.5307627432048321,0.0812859870493412,0.6158337276428938,5,19,24,0,,
2026-05-16T01:11:25.954127,clean,sax,"{'w': 144, 'bins': 5}",51,3,4,ok,153,204,0.5362441455945373,0.11097031272947788,0.6517542842775583,5,23,30,0,,
2026-05-16T01:11:26.578280,clean,sax,"{'w': 144, 'bins': 5}",51,4,4,ok,204,255,0.5340793617069721,0.07523992471396923,0.61331438831985,5,27,32,0,,
2026-05-16T01:11:27.205562,clean,sax,"{'w': 144, 'bins': 5}",52,0,4,ok,0,52,0.538805547170341,0.0516760116443038,0.5940015185624361,5,23,26,0,,
2026-05-16T01:11:27.832783,clean,sax,"{'w': 144, 'bins': 5}",52,1,4,ok,52,104,0.5428326688706875,0.07309362199157476,0.6197552718222141,5,13,17,0,,
2026-05-16T01:11:28.467759,clean,sax,"{'w': 144, 'bins': 5}",52,2,4,ok,104,156,0.5397684052586555,0.08373088948428631,0.6269797701388597,5,19,24,0,,
2026-05-16T01:11:29.152708,clean,sax,"{'w': 144, 'bins': 5}",52,3,4,ok,156,208,0.5427253069356084,0.12987698707729578,0.6770404279232025,5,11,16,0,,
2026-05-16T01:11:29.797856,clean,sax,"{'w': 144, 'bins': 5}",52,4,4,ok,208,260,0.5436252485960722,0.08927594125270844,0.6369931837543845,5,27,32,0,,
2026-05-16T01:11:30.444770,clean,sax,"{'w': 144, 'bins': 5}",53,0,4,ok,0,53,0.5545197566971183,0.05440582986921072,0.612673413939774,5,23,26,0,,
2026-05-16T01:11:31.080422,clean,sax,"{'w': 144, 'bins': 5}",53,1,4,ok,53,106,0.5490418691188097,0.07527896668761969,0.6282144282013178,5,13,17,0,,
2026-05-16T01:11:31.767660,clean,sax,"{'w': 144, 'bins': 5}",53,2,4,ok,106,159,0.557632140815258,0.11303762532770634,0.6774775795638561,5,27,32,0,,
2026-05-16T01:11:32.448354,clean,sax,"{'w': 144, 'bins': 5}",53,3,4,ok,159,212,0.5523971701040864,0.11651033628731966,0.6727557936683297,5,17,23,0,,
2026-05-16T01:11:33.102080,clean,sax,"{'w': 144, 'bins': 5}",53,4,4,ok,212,265,0.5525848427787423,0.08874753024429083,0.6450986750423908,5,27,32,0,,
2026-05-16T01:11:33.760579,clean,sax,"{'w': 144, 'bins': 5}",54,0,4,ok,0,54,0.5658730082213879,0.05411318875849247,0.6249401699751616,5,23,26,0,,
2026-05-16T01:11:34.419666,clean,sax,"{'w': 144, 'bins': 5}",54,1,4,ok,54,108,0.5673462841659784,0.07638867013156414,0.6492608012631536,5,13,17,0,,
2026-05-16T01:11:35.116685,clean,sax,"{'w': 144, 'bins': 5}",54,2,4,ok,108,162,0.5694458270445466,0.11469478625804186,0.6890952568501234,5,27,32,0,,
2026-05-16T01:11:35.812336,clean,sax,"{'w': 144, 'bins': 5}",54,3,4,ok,162,216,0.565182470716536,0.11835042107850313,0.6877278806641698,5,17,23,0,,
2026-05-16T01:11:36.464067,clean,sax,"{'w': 144, 'bins': 5}",54,4,4,ok,216,270,0.5561405010521412,0.08366286102682352,0.6433355957269669,5,27,32,0,,
2026-05-16T01:11:37.121787,clean,sax,"{'w': 144, 'bins': 5}",55,0,4,ok,0,55,0.5686459047719836,0.05422551091760397,0.6268120957538486,5,23,26,0,,
2026-05-16T01:11:37.775842,clean,sax,"{'w': 144, 'bins': 5}",55,1,4,ok,55,110,0.5665753874927759,0.0761947762221098,0.6463043605908751,5,13,17,0,,
2026-05-16T01:11:38.475254,clean,sax,"{'w': 144, 'bins': 5}",55,2,4,ok,110,165,0.5701254522427917,0.11743691563606262,0.6913940031081438,5,27,32,0,,
2026-05-16T01:11:39.171298,clean,sax,"{'w': 144, 'bins': 5}",55,3,4,ok,165,220,0.5661699837073684,0.11822693888098001,0.6879783989861608,5,17,23,0,,
2026-05-16T01:11:39.836785,clean,sax,"{'w': 144, 'bins': 5}",55,4,4,ok,220,275,0.5674747861921787,0.08434126432985067,0.6572536816820502,5,27,32,0,,
2026-05-16T01:11:40.506526,clean,sax,"{'w': 144, 'bins': 5}",56,0,4,ok,0,56,0.5774071766063571,0.0555591955780983,0.636889910325408,5,23,26,0,,
2026-05-16T01:11:41.175240,clean,sax,"{'w': 144, 'bins': 5}",56,1,4,ok,56,112,0.5830266298726201,0.07096947357058525,0.6581097384914756,5,21,26,0,,
2026-05-16T01:11:41.880872,clean,sax,"{'w': 144, 'bins': 5}",56,2,4,ok,112,168,0.5848600016906857,0.10471079684793949,0.6933491649106145,5,24,29,0,,
2026-05-16T01:11:42.593774,clean,sax,"{'w': 144, 'bins': 5}",56,3,4,ok,168,224,0.578435618430376,0.12223136890679598,0.7045254940167069,5,17,23,0,,
2026-05-16T01:11:43.270266,clean,sax,"{'w': 144, 'bins': 5}",56,4,4,ok,224,280,0.5783906551077962,0.08529709000140429,0.6680604359135032,5,27,32,0,,
2026-05-16T01:11:43.962297,clean,sax,"{'w': 144, 'bins': 5}",57,0,4,ok,0,57,0.5935768624767661,0.06164433341473341,0.6611443180590868,5,18,22,0,,
2026-05-16T01:11:44.663176,clean,sax,"{'w': 144, 'bins': 5}",57,1,4,ok,57,114,0.5875769853591919,0.10084749292582273,0.6921470994129777,5,20,27,0,,
2026-05-16T01:11:45.359422,clean,sax,"{'w': 144, 'bins': 5}",57,2,4,ok,114,171,0.5923864273354411,0.09105285909026861,0.6875349367037416,5,24,29,0,,
2026-05-16T01:11:46.054981,clean,sax,"{'w': 144, 'bins': 5}",57,3,4,ok,171,228,0.5924134580418468,0.08962399698793888,0.6869213357567787,5,21,27,0,,
2026-05-16T01:11:46.726104,clean,sax,"{'w': 144, 'bins': 5}",57,4,4,ok,228,285,0.5855255126953125,0.07312720734626055,0.6625686334446073,5,24,29,0,,
2026-05-16T01:11:47.427389,clean,sax,"{'w': 144, 'bins': 5}",58,0,4,ok,0,58,0.6027431562542915,0.062178836204111576,0.6691538887098432,5,18,22,0,,
2026-05-16T01:11:48.148859,clean,sax,"{'w': 144, 'bins': 5}",58,1,4,ok,58,116,0.6024029571563005,0.10566939786076546,0.7126997048035264,5,20,27,0,,
2026-05-16T01:11:48.826676,clean,sax,"{'w': 144, 'bins': 5}",58,2,4,ok,116,174,0.6042129872366786,0.0603609224781394,0.6685947393998504,5,23,27,0,,
2026-05-16T01:11:49.535455,clean,sax,"{'w': 144, 'bins': 5}",58,3,4,ok,174,232,0.6039544511586428,0.09138938132673502,0.6996445385739207,5,21,27,0,,
2026-05-16T01:11:50.253185,clean,sax,"{'w': 144, 'bins': 5}",58,4,4,ok,232,290,0.6036804271861911,0.10063390154391527,0.7088403673842549,5,25,31,0,,
2026-05-16T01:11:50.954765,clean,sax,"{'w': 144, 'bins': 5}",59,0,4,ok,0,59,0.6046000635251403,0.06224273610860109,0.6707382351160049,5,18,22,0,,
2026-05-16T01:11:51.693517,clean,sax,"{'w': 144, 'bins': 5}",59,1,4,ok,59,118,0.6136472737416625,0.11107940692454576,0.7295713080093265,5,28,35,0,,
2026-05-16T01:11:52.395312,clean,sax,"{'w': 144, 'bins': 5}",59,2,4,ok,118,177,0.6078845709562302,0.08105276897549629,0.6928832605481148,5,27,32,0,,
2026-05-16T01:11:53.150284,clean,sax,"{'w': 144, 'bins': 5}",59,3,4,ok,177,236,0.6116789476945996,0.12876876536756754,0.745865486562252,5,7,11,0,,
2026-05-16T01:11:53.891534,clean,sax,"{'w': 144, 'bins': 5}",59,4,4,ok,236,295,0.6099421652033925,0.11177650559693575,0.7304290281608701,5,25,31,0,,
2026-05-16T01:11:54.615014,clean,sax,"{'w': 144, 'bins': 5}",60,0,4,ok,0,60,0.624224416911602,0.06368220876902342,0.6922701001167297,5,18,22,0,,
2026-05-16T01:11:55.407148,clean,sax,"{'w': 144, 'bins': 5}",60,1,4,ok,60,120,0.6269507864490151,0.14642252773046494,0.7809827141463757,5,22,29,0,,
2026-05-16T01:11:56.148421,clean,sax,"{'w': 144, 'bins': 5}",60,2,4,ok,120,180,0.6203179294243455,0.10591824539005756,0.7312064589932561,5,16,21,0,,
2026-05-16T01:11:56.877679,clean,sax,"{'w': 144, 'bins': 5}",60,3,4,ok,180,240,0.6179064121097326,0.0976458191871643,0.7201682096347213,5,25,31,0,,
2026-05-16T01:11:57.607933,clean,sax,"{'w': 144, 'bins': 5}",60,4,4,ok,240,300,0.6253622826188803,0.0901937847957015,0.7208316558972001,5,26,31,0,,
2026-05-16T01:11:58.343526,clean,sax,"{'w': 144, 'bins': 5}",61,0,4,ok,0,61,0.6351194269955158,0.06390257272869349,0.7042558677494526,5,18,22,0,,
2026-05-16T01:11:59.138915,clean,sax,"{'w': 144, 'bins': 5}",61,1,4,ok,61,122,0.6310144187882543,0.1492610089480877,0.7848646957427263,5,22,29,0,,
2026-05-16T01:11:59.895278,clean,sax,"{'w': 144, 'bins': 5}",61,2,4,ok,122,183,0.6353687532246113,0.10716544650495052,0.7475172486156225,5,16,21,0,,
2026-05-16T01:12:00.652282,clean,sax,"{'w': 144, 'bins': 5}",61,3,4,ok,183,244,0.6360472086817026,0.0995811140164733,0.7471597576513886,5,25,31,0,,
2026-05-16T01:12:01.416342,clean,sax,"{'w': 144, 'bins': 5}",61,4,4,ok,244,305,0.633549096994102,0.11624922510236502,0.7543390495702624,5,25,31,0,,
2026-05-16T01:12:02.161363,clean,sax,"{'w': 144, 'bins': 5}",62,0,4,ok,0,62,0.643134999088943,0.06495001073926687,0.7139780353754759,5,18,22,0,,
2026-05-16T01:12:02.965788,clean,sax,"{'w': 144, 'bins': 5}",62,1,4,ok,62,124,0.6387789687141776,0.14982109144330025,0.7929112464189529,5,22,29,0,,
2026-05-16T01:12:03.733118,clean,sax,"{'w': 144, 'bins': 5}",62,2,4,ok,124,186,0.6446992661803961,0.10913410317152739,0.75831463560462,5,16,21,0,,
2026-05-16T01:12:04.491448,clean,sax,"{'w': 144, 'bins': 5}",62,3,4,ok,186,248,0.6483445819467306,0.09593571815639734,0.7489909464493394,5,27,33,0,,
2026-05-16T01:12:05.242192,clean,sax,"{'w': 144, 'bins': 5}",62,4,4,ok,248,310,0.6403377763926983,0.09587613679468632,0.74115698505193,5,23,28,0,,
2026-05-16T01:12:06.010151,clean,sax,"{'w': 144, 'bins': 5}",63,0,4,ok,0,63,0.6583126811310649,0.06668026931583881,0.7322061164304614,5,18,22,0,,
2026-05-16T01:12:06.834318,clean,sax,"{'w': 144, 'bins': 5}",63,1,4,ok,63,126,0.6580094220116735,0.15195616893470287,0.8146003149449825,5,22,29,0,,
2026-05-16T01:12:07.618200,clean,sax,"{'w': 144, 'bins': 5}",63,2,4,ok,126,189,0.6512731220573187,0.11879305355250835,0.7746136747300625,5,22,28,0,,
2026-05-16T01:12:08.368405,clean,sax,"{'w': 144, 'bins': 5}",63,3,4,ok,189,252,0.6582180941477418,0.07736069709062576,0.7408565012738109,5,19,23,0,,
2026-05-16T01:12:09.143410,clean,sax,"{'w': 144, 'bins': 5}",63,4,4,ok,252,315,0.6505943769589067,0.10859091393649578,0.7633889149874449,5,21,27,0,,
2026-05-16T01:12:09.910376,clean,sax,"{'w': 144, 'bins': 5}",64,0,4,ok,0,64,0.6605952270328999,0.0674419803544879,0.7327487850561738,5,18,22,0,,
2026-05-16T01:12:10.693438,clean,sax,"{'w': 144, 'bins': 5}",64,1,4,ok,64,128,0.6634761970490217,0.10469136107712984,0.7728323088958859,5,32,38,0,,
2026-05-16T01:12:11.500044,clean,sax,"{'w': 144, 'bins': 5}",64,2,4,ok,128,192,0.6697429874911904,0.12150023691356182,0.7969122193753719,5,22,28,0,,
2026-05-16T01:12:12.275230,clean,sax,"{'w': 144, 'bins': 5}",64,3,4,ok,192,256,0.658404653891921,0.10064207762479782,0.765043412335217,5,27,33,0,,
2026-05-16T01:12:13.055538,clean,sax,"{'w': 144, 'bins': 5}",64,4,4,ok,256,320,0.6630451390519738,0.10322290286421776,0.7707594158127904,5,22,28,0,,
2026-05-16T01:12:13.836613,clean,sax,"{'w': 144, 'bins': 5}",65,0,4,ok,0,65,0.6760335387662053,0.06875904276967049,0.7495477115735412,5,18,22,0,,
2026-05-16T01:12:14.628073,clean,sax,"{'w': 144, 'bins': 5}",65,1,4,ok,65,130,0.6732232412323356,0.10358318034559488,0.7815089430660009,5,32,38,0,,
2026-05-16T01:12:15.441179,clean,sax,"{'w': 144, 'bins': 5}",65,2,4,ok,130,195,0.6706118183210492,0.127253289334476,0.8031635778024793,5,22,28,0,,
2026-05-16T01:12:16.248575,clean,sax,"{'w': 144, 'bins': 5}",65,3,4,ok,195,260,0.6773786162957549,0.11460886523127556,0.7967690406367183,5,21,28,0,,
2026-05-16T01:12:17.039705,clean,sax,"{'w': 144, 'bins': 5}",65,4,4,ok,260,325,0.6705186236649752,0.10607744380831718,0.780967085622251,5,22,28,0,,
2026-05-16T01:12:17.893949,clean,sax,"{'w': 144, 'bins': 5}",66,0,4,ok,0,66,0.7493796469643712,0.06859700940549374,0.8226151466369629,5,18,22,0,,
2026-05-16T01:12:18.687394,clean,sax,"{'w': 144, 'bins': 5}",66,1,4,ok,66,132,0.6745321806520224,0.10435006953775883,0.7829478653147817,5,32,38,0,,
2026-05-16T01:12:19.502188,clean,sax,"{'w': 144, 'bins': 5}",66,2,4,ok,132,198,0.6814607307314873,0.11941872723400593,0.805364110507071,5,22,28,0,,
2026-05-16T01:12:20.326962,clean,sax,"{'w': 144, 'bins': 5}",66,3,4,ok,198,264,0.6803652355447412,0.1297793546691537,0.8145849173888564,5,24,31,0,,
2026-05-16T01:12:21.143487,clean,sax,"{'w': 144, 'bins': 5}",66,4,4,ok,264,330,0.6769257951527834,0.12535383272916079,0.806938586756587,5,22,28,0,,
2026-05-16T01:12:21.943714,clean,sax,"{'w': 144, 'bins': 5}",67,0,4,ok,0,67,0.6932858293876052,0.07101321779191494,0.7684619436040521,5,18,22,0,,
2026-05-16T01:12:22.757921,clean,sax,"{'w': 144, 'bins': 5}",67,1,4,ok,67,134,0.684859954752028,0.1135386461392045,0.8026480907574296,5,32,38,0,,
2026-05-16T01:12:23.600706,clean,sax,"{'w': 144, 'bins': 5}",67,2,4,ok,134,201,0.6911136284470558,0.13728972803801298,0.8333124658092856,5,23,30,0,,
2026-05-16T01:12:24.416031,clean,sax,"{'w': 144, 'bins': 5}",67,3,4,ok,201,268,0.6914823912084103,0.10912537761032581,0.805184293538332,5,22,27,0,,
2026-05-16T01:12:25.226670,clean,sax,"{'w': 144, 'bins': 5}",67,4,4,ok,268,335,0.6941436603665352,0.10120082460343838,0.8005736349150538,5,22,28,0,,
2026-05-16T01:12:26.040393,clean,sax,"{'w': 144, 'bins': 5}",68,0,4,ok,0,68,0.7049892069771886,0.07092835754156113,0.7810181425884366,5,18,22,0,,
2026-05-16T01:12:26.867787,clean,sax,"{'w': 144, 'bins': 5}",68,1,4,ok,68,136,0.6974792424589396,0.11518117040395737,0.8169742226600647,5,32,38,0,,
2026-05-16T01:12:27.745422,clean,sax,"{'w': 144, 'bins': 5}",68,2,4,ok,136,204,0.7006955435499549,0.16273783706128597,0.8680855669081211,5,17,24,0,,
2026-05-16T01:12:28.551504,clean,sax,"{'w': 144, 'bins': 5}",68,3,4,ok,204,272,0.6973682641983032,0.09367042500525713,0.7953610364347696,5,27,32,0,,
2026-05-16T01:12:29.396288,clean,sax,"{'w': 144, 'bins': 5}",68,4,4,ok,272,340,0.7010835614055395,0.1290846187621355,0.8347021546214819,5,22,28,0,,
2026-05-16T01:12:30.214642,clean,sax,"{'w': 144, 'bins': 5}",69,0,4,ok,0,69,0.7100095534697175,0.07103352434933186,0.7859236234799027,5,18,22,0,,
2026-05-16T01:12:31.052763,clean,sax,"{'w': 144, 'bins': 5}",69,1,4,ok,69,138,0.7064173081889749,0.11587371956557035,0.8268827507272363,5,32,38,0,,
2026-05-16T01:12:31.939591,clean,sax,"{'w': 144, 'bins': 5}",69,2,4,ok,138,207,0.7101513994857669,0.16240579262375832,0.8772660363465548,5,17,24,0,,
2026-05-16T01:12:32.753605,clean,sax,"{'w': 144, 'bins': 5}",69,3,4,ok,207,276,0.7054325081408024,0.09400876984000206,0.8038095803931355,5,27,32,0,,
2026-05-16T01:12:33.601979,clean,sax,"{'w': 144, 'bins': 5}",69,4,4,ok,276,345,0.7044786382466555,0.12952932436019182,0.8384043984115124,5,22,28,0,,
2026-05-16T01:12:34.429479,clean,sax,"{'w': 144, 'bins': 5}",70,0,4,ok,0,70,0.7180329822003841,0.07254906930029392,0.7955195344984531,5,18,22,0,,
2026-05-16T01:12:35.282356,clean,sax,"{'w': 144, 'bins': 5}",70,1,4,ok,70,140,0.7209832416847348,0.1167856827378273,0.8421964691951871,5,32,38,0,,
2026-05-16T01:12:36.171853,clean,sax,"{'w': 144, 'bins': 5}",70,2,4,ok,140,210,0.7183843506500125,0.15652353782206774,0.8794193295761943,5,20,27,0,,
2026-05-16T01:12:37.015362,clean,sax,"{'w': 144, 'bins': 5}",70,3,4,ok,210,280,0.7195627838373184,0.1093848254531622,0.8334528999403119,5,27,32,0,,
2026-05-16T01:12:37.896592,clean,sax,"{'w': 144, 'bins': 5}",70,4,4,ok,280,350,0.7204584758728743,0.14504873845726252,0.8707922790199518,5,23,30,0,,
2026-05-16T01:12:38.745733,clean,sax,"{'w': 144, 'bins': 5}",71,0,4,ok,0,71,0.7325607938691974,0.07395333796739578,0.8151242816820741,5,18,22,0,,
2026-05-16T01:12:39.611473,clean,sax,"{'w': 144, 'bins': 5}",71,1,4,ok,71,142,0.7313781725242734,0.11864975374192,0.854769591242075,5,32,38,0,,
2026-05-16T01:12:40.513563,clean,sax,"{'w': 144, 'bins': 5}",71,2,4,ok,142,213,0.7284142263233662,0.1589746791869402,0.8919423073530197,5,17,24,0,,
2026-05-16T01:12:41.376958,clean,sax,"{'w': 144, 'bins': 5}",71,3,4,ok,213,284,0.733069209381938,0.11242796946316957,0.8526251241564751,5,27,32,0,,
2026-05-16T01:12:42.246594,clean,sax,"{'w': 144, 'bins': 5}",71,4,4,ok,284,355,0.7303881635889411,0.12382414098829031,0.8593324897810817,5,21,27,0,,
2026-05-16T01:12:43.099844,clean,sax,"{'w': 144, 'bins': 5}",72,0,4,ok,0,72,0.7393844686448574,0.07533722650259733,0.8193783294409513,5,18,22,0,,
2026-05-16T01:12:43.973900,clean,sax,"{'w': 144, 'bins': 5}",72,1,4,ok,72,144,0.7379718152806163,0.12014551181346178,0.8628135174512863,5,32,38,0,,
2026-05-16T01:12:44.897113,clean,sax,"{'w': 144, 'bins': 5}",72,2,4,ok,144,216,0.743299750611186,0.16406727395951748,0.9129190808162093,5,17,24,0,,
2026-05-16T01:12:45.740485,clean,sax,"{'w': 144, 'bins': 5}",72,3,4,ok,216,288,0.7382728001102805,0.0895454790443182,0.8325040675699711,5,24,29,0,,
2026-05-16T01:12:46.602984,clean,sax,"{'w': 144, 'bins': 5}",72,4,4,ok,288,360,0.7364645339548588,0.11064105294644833,0.8517619119957089,5,26,33,0,,
2026-05-16T01:12:47.516241,clean,sax,"{'w': 144, 'bins': 5}",73,0,4,ok,0,73,0.751642026938498,0.12401845492422581,0.8807192919775844,5,18,23,0,,
2026-05-16T01:12:48.400331,clean,sax,"{'w': 144, 'bins': 5}",73,1,4,ok,73,146,0.7514816466718912,0.11705784499645233,0.8733156705275178,5,19,25,0,,
2026-05-16T01:12:49.339790,clean,sax,"{'w': 144, 'bins': 5}",73,2,4,ok,146,219,0.7543273698538542,0.16739161685109138,0.9264352926984429,5,17,24,0,,
2026-05-16T01:12:50.198445,clean,sax,"{'w': 144, 'bins': 5}",73,3,4,ok,219,292,0.7509332867339253,0.09083957970142365,0.8473774408921599,5,24,29,0,,
2026-05-16T01:12:51.082773,clean,sax,"{'w': 144, 'bins': 5}",73,4,4,ok,292,365,0.7458370747044683,0.12286042142659426,0.8733740281313658,5,23,30,0,,
2026-05-16T01:12:52.015458,clean,sax,"{'w': 144, 'bins': 5}",74,0,4,ok,0,74,0.7685227170586586,0.12594124674797058,0.9002256542444229,5,18,23,0,,
2026-05-16T01:12:52.910415,clean,sax,"{'w': 144, 'bins': 5}",74,1,4,ok,74,148,0.7617878494784236,0.11765038687735796,0.8841956006363034,5,19,25,0,,
2026-05-16T01:12:53.863405,clean,sax,"{'w': 144, 'bins': 5}",74,2,4,ok,148,222,0.7677605161443353,0.16899375524371862,0.9420409891754389,5,17,24,0,,
2026-05-16T01:12:54.737076,clean,sax,"{'w': 144, 'bins': 5}",74,3,4,ok,222,296,0.7643832629546523,0.09246915858238935,0.8622705973684788,5,24,29,0,,
2026-05-16T01:12:55.645081,clean,sax,"{'w': 144, 'bins': 5}",74,4,4,ok,296,370,0.7660315493121743,0.12529236637055874,0.8970511816442013,5,23,30,0,,
2026-05-16T01:12:56.580767,clean,sax,"{'w': 144, 'bins': 5}",75,0,4,ok,0,75,0.769757536239922,0.1274988418444991,0.9021920766681433,5,18,23,0,,
2026-05-16T01:12:57.493507,clean,sax,"{'w': 144, 'bins': 5}",75,1,4,ok,75,150,0.7761167790740728,0.11963811982423067,0.901107651181519,5,19,25,0,,
2026-05-16T01:12:58.451934,clean,sax,"{'w': 144, 'bins': 5}",75,2,4,ok,150,225,0.7722701141610742,0.1700802454724908,0.9472676245495677,5,17,24,0,,
2026-05-16T01:12:59.337576,clean,sax,"{'w': 144, 'bins': 5}",75,3,4,ok,225,300,0.7743871612474322,0.0942007414996624,0.8739919802173972,5,24,29,0,,
2026-05-16T01:13:00.211065,clean,sax,"{'w': 144, 'bins': 5}",75,4,4,ok,300,375,0.7724197851493955,0.0846588620916009,0.8624349562451243,5,21,26,0,,
2026-05-16T01:13:01.160999,clean,sax,"{'w': 144, 'bins': 5}",76,0,4,ok,0,76,0.781011831946671,0.13045361172407866,0.9165411842986941,5,18,23,0,,
2026-05-16T01:13:02.067151,clean,sax,"{'w': 144, 'bins': 5}",76,1,4,ok,76,152,0.7873967420309782,0.10172299668192863,0.8949551368132234,5,23,28,0,,
2026-05-16T01:13:03.037102,clean,sax,"{'w': 144, 'bins': 5}",76,2,4,ok,152,228,0.7816091934219003,0.17192822601646185,0.9587276671081781,5,17,24,0,,
2026-05-16T01:13:03.938661,clean,sax,"{'w': 144, 'bins': 5}",76,3,4,ok,228,304,0.7904038373380899,0.09332000650465488,0.8899544151499867,5,24,29,0,,
2026-05-16T01:13:04.866443,clean,sax,"{'w': 144, 'bins': 5}",76,4,4,ok,304,380,0.7862103842198849,0.12413931265473366,0.9166605481877923,5,20,25,0,,
2026-05-16T01:13:05.838630,clean,sax,"{'w': 144, 'bins': 5}",77,0,4,ok,0,77,0.7985966447740793,0.13088370766490698,0.9383975584059954,5,18,23,0,,
2026-05-16T01:13:06.749395,clean,sax,"{'w': 144, 'bins': 5}",77,1,4,ok,77,154,0.7914071818813682,0.10259807016700506,0.8991526989266276,5,23,28,0,,
2026-05-16T01:13:07.732087,clean,sax,"{'w': 144, 'bins': 5}",77,2,4,ok,154,231,0.7934480952098966,0.17210261430591345,0.9713425366207957,5,17,24,0,,
2026-05-16T01:13:08.639602,clean,sax,"{'w': 144, 'bins': 5}",77,3,4,ok,231,308,0.7957170465961099,0.0940445065498352,0.895322697237134,5,24,29,0,,
2026-05-16T01:13:09.599265,clean,sax,"{'w': 144, 'bins': 5}",77,4,4,ok,308,385,0.7910037748515606,0.15191759821027517,0.9481376791372895,5,21,27,0,,
2026-05-16T01:13:10.574462,clean,sax,"{'w': 144, 'bins': 5}",78,0,4,ok,0,78,0.8026659963652492,0.13149504642933607,0.9393805041909218,5,18,23,0,,
2026-05-16T01:13:11.523038,clean,sax,"{'w': 144, 'bins': 5}",78,1,4,ok,78,156,0.8090597232803702,0.12203083280473948,0.9365916168317199,5,21,26,0,,
2026-05-16T01:13:12.520498,clean,sax,"{'w': 144, 'bins': 5}",78,2,4,ok,156,234,0.8024385189637542,0.17859019711613655,0.986309202387929,5,11,16,0,,
2026-05-16T01:13:13.510138,clean,sax,"{'w': 144, 'bins': 5}",78,3,4,ok,234,312,0.8767282292246819,0.0955433426424861,0.9776214072480798,5,24,29,0,,
2026-05-16T01:13:14.481953,clean,sax,"{'w': 144, 'bins': 5}",78,4,4,ok,312,390,0.8041415270417929,0.15113555826246738,0.9607275715097785,5,21,27,0,,
2026-05-16T01:13:15.461129,clean,sax,"{'w': 144, 'bins': 5}",79,0,4,ok,0,79,0.8078839648514986,0.13289808109402657,0.9456965150311589,5,18,23,0,,
2026-05-16T01:13:16.418726,clean,sax,"{'w': 144, 'bins': 5}",79,1,4,ok,79,158,0.8137541189789772,0.12744991015642881,0.9464825727045536,5,19,24,0,,
2026-05-16T01:13:17.426774,clean,sax,"{'w': 144, 'bins': 5}",79,2,4,ok,158,237,0.8131850995123386,0.17311413306742907,0.9954033195972443,5,11,16,0,,
2026-05-16T01:13:18.384638,clean,sax,"{'w': 144, 'bins': 5}",79,3,4,ok,237,316,0.8230873262509704,0.1158184465020895,0.9458465669304132,5,24,29,0,,
2026-05-16T01:13:19.368717,clean,sax,"{'w': 144, 'bins': 5}",79,4,4,ok,316,395,0.8207928268238902,0.14374541118741035,0.9720633598044515,5,23,28,0,,
2026-05-16T01:13:20.384558,clean,sax,"{'w': 144, 'bins': 5}",80,0,4,ok,0,80,0.8314074696972966,0.1348413610830903,0.9810942793264985,5,18,23,0,,
2026-05-16T01:13:21.376590,clean,sax,"{'w': 144, 'bins': 5}",80,1,4,ok,80,160,0.8297019777819514,0.13132332358509302,0.9774317005649209,5,19,24,0,,
2026-05-16T01:13:22.357903,clean,sax,"{'w': 144, 'bins': 5}",80,2,4,ok,160,240,0.8275634124875069,0.13613087125122547,0.9695299435406923,5,14,20,0,,
2026-05-16T01:13:23.338928,clean,sax,"{'w': 144, 'bins': 5}",80,3,4,ok,240,320,0.8351763179525733,0.1271103210747242,0.9686897145584226,5,22,28,0,,
2026-05-16T01:13:24.318355,clean,sax,"{'w': 144, 'bins': 5}",80,4,4,ok,320,400,0.8259986247867346,0.1357705444097519,0.9675855711102486,5,24,29,0,,
2026-05-16T01:13:25.325388,clean,sax,"{'w': 144, 'bins': 5}",81,0,4,ok,0,81,0.8320902921259403,0.13623052835464478,0.973483806475997,5,18,23,0,,
2026-05-16T01:13:26.308155,clean,sax,"{'w': 144, 'bins': 5}",81,1,4,ok,81,162,0.8347840020433068,0.13053292967379093,0.9709093142300844,5,19,24,0,,
2026-05-16T01:13:27.303773,clean,sax,"{'w': 144, 'bins': 5}",81,2,4,ok,162,243,0.8380797309800982,0.1375256720930338,0.9824417307972908,5,14,20,0,,
2026-05-16T01:13:28.286038,clean,sax,"{'w': 144, 'bins': 5}",81,3,4,ok,243,324,0.8349530790001154,0.1293623223900795,0.970046604052186,5,22,28,0,,
2026-05-16T01:13:29.299777,clean,sax,"{'w': 144, 'bins': 5}",81,4,4,ok,324,405,0.8428580230101943,0.15232814941555262,1.0013802843168378,5,22,28,0,,
2026-05-16T01:13:30.328785,clean,sax,"{'w': 144, 'bins': 5}",82,0,4,ok,0,82,0.8526840358972549,0.13629797659814358,0.994657140225172,5,18,23,0,,
2026-05-16T01:13:31.334695,clean,sax,"{'w': 144, 'bins': 5}",82,1,4,ok,82,164,0.8545913984999061,0.13406987208873034,0.9940655985847116,5,19,24,0,,
2026-05-16T01:13:32.344526,clean,sax,"{'w': 144, 'bins': 5}",82,2,4,ok,164,246,0.8532181000337005,0.13881262950599194,0.9978403886780143,5,14,20,0,,
2026-05-16T01:13:33.346044,clean,sax,"{'w': 144, 'bins': 5}",82,3,4,ok,246,328,0.8503552535548806,0.13059453386813402,0.9862555619329214,5,22,28,0,,
2026-05-16T01:13:34.341396,clean,sax,"{'w': 144, 'bins': 5}",82,4,4,ok,328,410,0.8528384156525135,0.12196504976600409,0.9806955708190799,5,22,28,0,,
2026-05-16T01:13:35.389026,clean,sax,"{'w': 144, 'bins': 5}",83,0,4,ok,0,83,0.8673956133425236,0.1377632087096572,1.0115684382617474,5,18,23,0,,
2026-05-16T01:13:36.419070,clean,sax,"{'w': 144, 'bins': 5}",83,1,4,ok,83,166,0.8708910178393126,0.13477787096053362,1.0154892913997173,5,19,24,0,,
2026-05-16T01:13:37.466443,clean,sax,"{'w': 144, 'bins': 5}",83,2,4,ok,166,249,0.8633682802319527,0.1655562510713935,1.035238758660853,5,14,20,0,,
2026-05-16T01:13:38.481491,clean,sax,"{'w': 144, 'bins': 5}",83,3,4,ok,249,332,0.8625943679362535,0.1330082882195711,1.0022726617753506,5,22,28,0,,
2026-05-16T01:13:39.487606,clean,sax,"{'w': 144, 'bins': 5}",83,4,4,ok,332,415,0.8622125210240483,0.12493914365768433,0.9932114649564028,5,22,28,0,,
2026-05-16T01:13:40.540629,clean,sax,"{'w': 144, 'bins': 5}",84,0,4,ok,0,84,0.8730782456696033,0.13970372173935175,1.0186278652399778,5,18,23,0,,
2026-05-16T01:13:41.576278,clean,sax,"{'w': 144, 'bins': 5}",84,1,4,ok,84,168,0.8809723788872361,0.13578724674880505,1.0232292357832193,5,19,24,0,,
2026-05-16T01:13:42.676754,clean,sax,"{'w': 144, 'bins': 5}",84,2,4,ok,168,252,0.8704518433660269,0.21126785315573215,1.0878414129838347,5,11,16,0,,
2026-05-16T01:13:43.706830,clean,sax,"{'w': 144, 'bins': 5}",84,3,4,ok,252,336,0.8792706551030278,0.13138462882488966,1.0175475869327784,5,22,28,0,,
2026-05-16T01:13:44.698480,clean,sax,"{'w': 144, 'bins': 5}",84,4,4,ok,336,420,0.8793843174353242,0.09375790879130363,0.979211644269526,5,23,28,0,,
2026-05-16T01:13:45.764663,clean,sax,"{'w': 144, 'bins': 5}",85,0,4,ok,0,85,0.8859184579923749,0.14031695295125246,1.032244456000626,5,18,23,0,,
2026-05-16T01:13:46.813189,clean,sax,"{'w': 144, 'bins': 5}",85,1,4,ok,85,170,0.8908513421192765,0.1379782110452652,1.0354961715638638,5,19,24,0,,
2026-05-16T01:13:47.927026,clean,sax,"{'w': 144, 'bins': 5}",85,2,4,ok,170,255,0.8938791872933507,0.19662294164299965,1.1008591884747148,5,11,16,0,,
2026-05-16T01:13:48.962263,clean,sax,"{'w': 144, 'bins': 5}",85,3,4,ok,255,340,0.890841955319047,0.12471342086791992,1.0221673222258687,5,22,28,0,,
2026-05-16T01:13:50.015991,clean,sax,"{'w': 144, 'bins': 5}",85,4,4,ok,340,425,0.8914857832714915,0.13908949866890907,1.0369682675227523,5,27,33,0,,
2026-05-16T01:13:51.122671,clean,sax,"{'w': 144, 'bins': 5}",86,0,4,ok,0,86,0.9078651340678334,0.14332446083426476,1.0681323409080505,5,18,23,0,,
2026-05-16T01:13:52.305392,clean,sax,"{'w': 144, 'bins': 5}",86,1,4,ok,86,172,0.9856797512620687,0.17020313814282417,1.1646025534719229,5,28,34,0,,
2026-05-16T01:13:53.464405,clean,sax,"{'w': 144, 'bins': 5}",86,2,4,ok,172,258,0.9045461704954505,0.23067843355238438,1.1429897462949157,5,9,14,0,,
2026-05-16T01:13:54.534946,clean,sax,"{'w': 144, 'bins': 5}",86,3,4,ok,258,344,0.8986372938379645,0.14788311161100864,1.0541360173374414,5,22,28,0,,
2026-05-16T01:13:55.637780,clean,sax,"{'w': 144, 'bins': 5}",86,4,4,ok,344,430,0.9052039347589016,0.17541731800884008,1.088265398517251,5,21,28,0,,
2026-05-16T01:13:56.735342,clean,sax,"{'w': 144, 'bins': 5}",87,0,4,ok,0,87,0.9094996117055416,0.14440755546092987,1.0613782173022628,5,18,23,0,,
2026-05-16T01:13:57.842165,clean,sax,"{'w': 144, 'bins': 5}",87,1,4,ok,87,174,0.9043045556172729,0.17325299512594938,1.0928233489394188,5,28,34,0,,
2026-05-16T01:13:59.002841,clean,sax,"{'w': 144, 'bins': 5}",87,2,4,ok,174,261,0.9127145893871784,0.22782453428953886,1.1469543017446995,5,9,14,0,,
2026-05-16T01:14:00.101199,clean,sax,"{'w': 144, 'bins': 5}",87,3,4,ok,261,348,0.9134760908782482,0.16480597108602524,1.0851729223504663,5,24,31,0,,
2026-05-16T01:14:01.125215,clean,sax,"{'w': 144, 'bins': 5}",87,4,4,ok,348,435,0.9139111964032054,0.09086935501545668,1.0113809667527676,5,21,25,0,,
2026-05-16T01:14:02.229384,clean,sax,"{'w': 144, 'bins': 5}",88,0,4,ok,0,88,0.9173659542575479,0.14519702829420567,1.0690044090151787,5,18,23,0,,
2026-05-16T01:14:03.330421,clean,sax,"{'w': 144, 'bins': 5}",88,1,4,ok,88,176,0.9135267660021782,0.16699159611016512,1.0867908811196685,5,26,32,0,,
2026-05-16T01:14:04.430229,clean,sax,"{'w': 144, 'bins': 5}",88,2,4,ok,176,264,0.9176054252311587,0.16023631021380424,1.0850357143208385,5,7,11,0,,
2026-05-16T01:14:05.544072,clean,sax,"{'w': 144, 'bins': 5}",88,3,4,ok,264,352,0.9266693377867341,0.1651433752849698,1.099313948303461,5,24,31,0,,
2026-05-16T01:14:06.659344,clean,sax,"{'w': 144, 'bins': 5}",88,4,4,ok,352,440,0.9218560373410583,0.1732667898759246,1.1019264226779342,5,19,25,0,,
2026-05-16T01:14:07.783046,clean,sax,"{'w': 144, 'bins': 5}",89,0,4,ok,0,89,0.9279894949868321,0.14896438363939524,1.0872955797240138,5,18,23,0,,
2026-05-16T01:14:08.918001,clean,sax,"{'w': 144, 'bins': 5}",89,1,4,ok,89,178,0.927231140434742,0.18704066704958677,1.1211084267124534,5,22,29,0,,
2026-05-16T01:14:10.045745,clean,sax,"{'w': 144, 'bins': 5}",89,2,4,ok,178,267,0.9310032753273845,0.1739775948226452,1.1130389021709561,5,7,11,0,,
2026-05-16T01:14:11.137327,clean,sax,"{'w': 144, 'bins': 5}",89,3,4,ok,267,356,0.9227578220888972,0.14956730511039495,1.0787714719772339,5,21,27,0,,
2026-05-16T01:14:12.174138,clean,sax,"{'w': 144, 'bins': 5}",89,4,4,ok,356,445,0.9246529703959823,0.09230202529579401,1.023426428437233,5,21,25,0,,
2026-05-16T01:14:13.291983,clean,sax,"{'w': 144, 'bins': 5}",90,0,4,ok,0,90,0.9295621700584888,0.14743180386722088,1.0828439481556416,5,18,23,0,,
2026-05-16T01:14:14.432881,clean,sax,"{'w': 144, 'bins': 5}",90,1,4,ok,90,180,0.9357311427593231,0.18529819510877132,1.1272074105218053,5,22,28,0,,
2026-05-16T01:14:15.536326,clean,sax,"{'w': 144, 'bins': 5}",90,2,4,ok,180,270,0.9326171660795808,0.15202158316969872,1.0904473969712853,5,20,27,0,,
2026-05-16T01:14:16.658161,clean,sax,"{'w': 144, 'bins': 5}",90,3,4,ok,270,360,0.9453339474275708,0.1521613271906972,1.1079675294458866,5,21,27,0,,
2026-05-16T01:14:17.797495,clean,sax,"{'w': 144, 'bins': 5}",90,4,4,ok,360,450,0.9362825695425272,0.17797522339969873,1.124295061454177,5,19,25,0,,
2026-05-16T01:14:18.947572,clean,sax,"{'w': 144, 'bins': 5}",91,0,4,ok,0,91,0.9528535790741444,0.1481623873114586,1.108059792779386,5,18,23,0,,
2026-05-16T01:14:20.087886,clean,sax,"{'w': 144, 'bins': 5}",91,1,4,ok,91,182,0.9508053017780185,0.1681666523218155,1.12611152138561,5,18,23,0,,
2026-05-16T01:14:21.216053,clean,sax,"{'w': 144, 'bins': 5}",91,2,4,ok,182,273,0.9526084084063768,0.15540953539311886,1.114870742894709,5,20,27,0,,
2026-05-16T01:14:22.338923,clean,sax,"{'w': 144, 'bins': 5}",91,3,4,ok,273,364,0.9461127500981092,0.15380484145134687,1.1067934948951006,5,21,27,0,,
2026-05-16T01:14:23.499139,clean,sax,"{'w': 144, 'bins': 5}",91,4,4,ok,364,455,0.9578688675537705,0.17707047332078218,1.1455566482618451,5,19,25,0,,
2026-05-16T01:14:24.663145,clean,sax,"{'w': 144, 'bins': 5}",92,0,4,ok,0,92,0.9661890808492899,0.1519834417849779,1.1251550558954477,5,18,23,0,,
2026-05-16T01:14:25.819142,clean,sax,"{'w': 144, 'bins': 5}",92,1,4,ok,92,184,0.9615417942404747,0.169266558252275,1.140116672962904,5,18,23,0,,
2026-05-16T01:14:26.960300,clean,sax,"{'w': 144, 'bins': 5}",92,2,4,ok,184,276,0.963852996006608,0.15535081643611193,1.1272281808778644,5,20,27,0,,
2026-05-16T01:14:28.088411,clean,sax,"{'w': 144, 'bins': 5}",92,3,4,ok,276,368,0.9622425697743893,0.14420954324305058,1.114050722680986,5,24,31,0,,
2026-05-16T01:14:29.254441,clean,sax,"{'w': 144, 'bins': 5}",92,4,4,ok,368,460,0.9606831828132272,0.18166598305106163,1.1493471581488848,5,19,25,0,,
2026-05-16T01:14:30.437260,clean,sax,"{'w': 144, 'bins': 5}",93,0,4,ok,0,93,0.9801758173853159,0.15118453186005354,1.1425609737634659,5,18,23,0,,
2026-05-16T01:14:31.617049,clean,sax,"{'w': 144, 'bins': 5}",93,1,4,ok,93,186,0.9845605520531535,0.1710349079221487,1.1644651666283607,5,18,23,0,,
2026-05-16T01:14:32.788296,clean,sax,"{'w': 144, 'bins': 5}",93,2,4,ok,186,279,0.9846907667815685,0.1605063769966364,1.152873138897121,5,20,27,0,,
2026-05-16T01:14:33.952378,clean,sax,"{'w': 144, 'bins': 5}",93,3,4,ok,279,372,0.9817237835377455,0.1468747090548277,1.146377120167017,5,24,31,0,,
2026-05-16T01:14:35.125277,clean,sax,"{'w': 144, 'bins': 5}",93,4,4,ok,372,465,0.9646302545443177,0.18251485656946898,1.1543304650112987,5,19,25,0,,
2026-05-16T01:14:36.300706,clean,sax,"{'w': 144, 'bins': 5}",94,0,4,ok,0,94,0.9769209446385503,0.15228643082082272,1.1363790538161993,5,18,23,0,,
2026-05-16T01:14:37.483253,clean,sax,"{'w': 144, 'bins': 5}",94,1,4,ok,94,188,0.9845995558425784,0.17184529174119234,1.165794875472784,5,18,23,0,,
2026-05-16T01:14:38.650540,clean,sax,"{'w': 144, 'bins': 5}",94,2,4,ok,188,282,0.986826648004353,0.15900292340666056,1.15295684710145,5,20,27,0,,
2026-05-16T01:14:39.795492,clean,sax,"{'w': 144, 'bins': 5}",94,3,4,ok,282,376,0.9767093183472753,0.14673379436135292,1.1300969878211617,5,24,31,0,,
2026-05-16T01:14:40.966574,clean,sax,"{'w': 144, 'bins': 5}",94,4,4,ok,376,470,0.9694466106593609,0.18144361674785614,1.1571271289139986,5,19,25,0,,
2026-05-16T01:14:42.154663,clean,sax,"{'w': 144, 'bins': 5}",95,0,4,ok,0,95,0.9900147756561637,0.1526393936946988,1.1494243033230305,5,18,23,0,,
2026-05-16T01:14:43.332123,clean,sax,"{'w': 144, 'bins': 5}",95,1,4,ok,95,190,0.9805545397102833,0.1753724440932274,1.1621730830520391,5,18,23,0,,
2026-05-16T01:14:44.481196,clean,sax,"{'w': 144, 'bins': 5}",95,2,4,ok,190,285,0.9810009179636836,0.14764202944934368,1.1349593196064234,5,17,24,0,,
2026-05-16T01:14:45.652726,clean,sax,"{'w': 144, 'bins': 5}",95,3,4,ok,285,380,0.979799410328269,0.17042617686092854,1.156607924029231,5,22,28,0,,
2026-05-16T01:14:46.834889,clean,sax,"{'w': 144, 'bins': 5}",95,4,4,ok,380,475,0.9883717410266399,0.17240447085350752,1.1677474025636911,5,23,31,0,,
2026-05-16T01:14:48.021350,clean,sax,"{'w': 144, 'bins': 5}",96,0,4,ok,0,96,0.9905241811648011,0.15347485337406397,1.1503888042643666,5,18,23,0,,
2026-05-16T01:14:49.205393,clean,sax,"{'w': 144, 'bins': 5}",96,1,4,ok,96,192,0.9888284169137478,0.17485963180661201,1.1699631232768297,5,18,23,0,,
2026-05-16T01:14:50.370946,clean,sax,"{'w': 144, 'bins': 5}",96,2,4,ok,192,288,0.9955229284241796,0.14902066811919212,1.151515700854361,5,17,24,0,,
2026-05-16T01:14:51.580979,clean,sax,"{'w': 144, 'bins': 5}",96,3,4,ok,288,384,0.9932049261406064,0.1963490480557084,1.1959050809964538,5,16,22,0,,
2026-05-16T01:14:52.777169,clean,sax,"{'w': 144, 'bins': 5}",96,4,4,ok,384,480,0.9899984151124954,0.18547116871923208,1.1818321123719215,5,24,32,0,,
2026-05-16T01:14:53.989473,clean,sax,"{'w': 144, 'bins': 5}",97,0,4,ok,0,97,1.0079621393233538,0.15884173102676868,1.1746769864112139,5,18,23,0,,
2026-05-16T01:14:55.204702,clean,sax,"{'w': 144, 'bins': 5}",97,1,4,ok,97,194,1.0135688884183764,0.17840017098933458,1.200159058906138,5,18,23,0,,
2026-05-16T01:14:56.382282,clean,sax,"{'w': 144, 'bins': 5}",97,2,4,ok,194,291,1.00301827583462,0.15290861949324608,1.1630879826843739,5,17,24,0,,
2026-05-16T01:14:57.595415,clean,sax,"{'w': 144, 'bins': 5}",97,3,4,ok,291,388,1.002130437642336,0.18949670903384686,1.1983013600111008,5,16,22,0,,
2026-05-16T01:14:58.824041,clean,sax,"{'w': 144, 'bins': 5}",97,4,4,ok,388,485,1.0100971590727568,0.19140304066240788,1.2100383825600147,5,24,32,0,,
2026-05-16T01:15:00.065937,clean,sax,"{'w': 144, 'bins': 5}",98,0,4,ok,0,98,1.0346076674759388,0.15979731641709805,1.2020083721727133,5,18,23,0,,
2026-05-16T01:15:01.307083,clean,sax,"{'w': 144, 'bins': 5}",98,1,4,ok,98,196,1.0325302369892597,0.18351103737950325,1.2244697622954845,5,18,23,0,,
2026-05-16T01:15:02.525694,clean,sax,"{'w': 144, 'bins': 5}",98,2,4,ok,196,294,1.0323638934642076,0.16134798806160688,1.2024853378534317,5,21,28,0,,
2026-05-16T01:15:03.768989,clean,sax,"{'w': 144, 'bins': 5}",98,3,4,ok,294,392,1.0282612089067698,0.1907029440626502,1.2280200999230146,5,21,27,0,,
2026-05-16T01:15:05.009953,clean,sax,"{'w': 144, 'bins': 5}",98,4,4,ok,392,490,1.0348341232165694,0.17558320052921772,1.220861897803843,5,29,36,0,,
2026-05-16T01:15:06.338681,clean,sax,"{'w': 144, 'bins': 5}",99,0,4,ok,0,99,1.0448776045814157,0.2356243021786213,1.2891876883804798,5,18,23,0,,
2026-05-16T01:15:07.599159,clean,sax,"{'w': 144, 'bins': 5}",99,1,4,ok,99,198,1.0384644707664847,0.19854091480374336,1.2447987105697393,5,22,28,0,,
2026-05-16T01:15:08.823900,clean,sax,"{'w': 144, 'bins': 5}",99,2,4,ok,198,297,1.0402766251936555,0.16041157115250826,1.2097167298197746,5,21,28,0,,
2026-05-16T01:15:10.090309,clean,sax,"{'w': 144, 'bins': 5}",99,3,4,ok,297,396,1.0450239488855004,0.18922349717468023,1.2477219896391034,5,21,27,0,,
2026-05-16T01:15:11.356003,clean,sax,"{'w': 144, 'bins': 5}",99,4,4,ok,396,495,1.0545585937798023,0.18700854666531086,1.249666570685804,5,30,37,0,,
2026-05-16T01:15:12.661224,clean,sax,"{'w': 144, 'bins': 5}",100,0,4,ok,0,100,1.057353524491191,0.19819186814129353,1.2649543620646,5,11,15,0,,
2026-05-16T01:15:13.926582,clean,sax,"{'w': 144, 'bins': 5}",100,1,4,ok,100,200,1.0483529213815928,0.18779991287738085,1.246963394805789,5,19,25,0,,
2026-05-16T01:15:15.149673,clean,sax,"{'w': 144, 'bins': 5}",100,2,4,ok,200,300,1.0485630054026842,0.15059176925569773,1.2068628706037998,5,18,24,0,,
2026-05-16T01:15:16.422685,clean,sax,"{'w': 144, 'bins': 5}",100,3,4,ok,300,400,1.0516810407862067,0.19013316370546818,1.2552774976938963,5,21,27,0,,
2026-05-16T01:15:17.701280,clean,sax,"{'w': 144, 'bins': 5}",100,4,4,ok,400,500,1.0564536042511463,0.19175032060593367,1.2595062498003244,5,30,37,0,,
2026-05-16T01:15:17.964888,clean,persist,{'bins': 6},1,0,4,ok,0,1,0.15016323421150446,0.005788670852780342,0.1563786556944251,5,14,16,0,,
2026-05-16T01:15:18.115013,clean,persist,{'bins': 6},1,1,4,ok,1,2,0.14172831363976002,0.006599512882530689,0.14856143575161695,5,16,17,0,,
2026-05-16T01:15:18.263375,clean,persist,{'bins': 6},1,2,4,ok,2,3,0.14187938813120127,0.005146683193743229,0.14726965967565775,5,13,15,0,,
2026-05-16T01:15:18.418678,clean,persist,{'bins': 6},1,3,4,ok,3,4,0.14901064056903124,0.004881276749074459,0.15416604187339544,5,20,20,0,,
2026-05-16T01:15:18.575007,clean,persist,{'bins': 6},1,4,4,ok,4,5,0.14531706366688013,0.00949814636260271,0.1550522157922387,5,20,23,0,,
2026-05-16T01:15:18.795432,clean,persist,{'bins': 6},2,0,4,ok,0,2,0.15502270963042974,0.021736890077590942,0.17870224826037884,5,21,26,0,,
2026-05-16T01:15:18.973539,clean,persist,{'bins': 6},2,1,4,ok,2,4,0.15432865731418133,0.021469908766448498,0.17618086375296116,5,28,31,0,,
2026-05-16T01:15:19.152492,clean,persist,{'bins': 6},2,2,4,ok,4,6,0.15039446763694286,0.02629714459180832,0.1770830675959587,5,24,29,0,,
2026-05-16T01:15:19.339709,clean,persist,{'bins': 6},2,3,4,ok,6,8,0.1531944153830409,0.03172857314348221,0.18557080533355474,5,29,35,0,,
2026-05-16T01:15:19.520516,clean,persist,{'bins': 6},2,4,4,ok,8,10,0.15425337478518486,0.02413803990930319,0.1789192659780383,5,20,25,0,,
2026-05-16T01:15:19.770562,clean,persist,{'bins': 6},3,0,4,ok,0,3,0.1594980340451002,0.045537504367530346,0.20576200354844332,5,19,25,0,,
2026-05-16T01:15:19.958400,clean,persist,{'bins': 6},3,1,4,ok,3,6,0.15898790769279003,0.026008009910583496,0.1854557916522026,5,17,22,0,,
2026-05-16T01:15:20.191420,clean,persist,{'bins': 6},3,2,4,ok,6,9,0.15872982144355774,0.07077502831816673,0.22998531255871058,5,35,45,0,,
2026-05-16T01:15:20.401742,clean,persist,{'bins': 6},3,3,4,ok,9,12,0.1578390896320343,0.0496667604893446,0.2080000676214695,5,37,45,0,,
2026-05-16T01:15:20.598862,clean,persist,{'bins': 6},3,4,4,ok,12,15,0.1566653037443757,0.037666674703359604,0.19494767487049103,5,27,32,0,,
2026-05-16T01:15:20.872948,clean,persist,{'bins': 6},4,0,4,ok,0,4,0.16353453509509563,0.06409518513828516,0.22844949923455715,5,23,26,0,,
2026-05-16T01:15:21.132377,clean,persist,{'bins': 6},4,1,4,ok,4,8,0.15971974097192287,0.09581117425113916,0.25653346814215183,5,36,47,0,,
2026-05-16T01:15:21.366662,clean,persist,{'bins': 6},4,2,4,ok,8,12,0.16146636940538883,0.06970515102148056,0.23179248627275229,5,28,34,0,,
2026-05-16T01:15:21.624730,clean,persist,{'bins': 6},4,3,4,ok,12,16,0.16344180051237345,0.09077417757362127,0.2549451468512416,5,29,37,0,,
2026-05-16T01:15:21.868919,clean,persist,{'bins': 6},4,4,4,ok,16,20,0.16010817047208548,0.08092223480343819,0.24179799761623144,5,36,46,0,,
2026-05-16T01:15:22.218414,clean,persist,{'bins': 6},5,0,4,ok,0,5,0.16285968851298094,0.14076669793576002,0.30449136067181826,5,40,53,0,,
2026-05-16T01:15:22.495589,clean,persist,{'bins': 6},5,1,4,ok,5,10,0.1646101251244545,0.10803119372576475,0.27380645647644997,5,28,37,0,,
2026-05-16T01:15:22.760029,clean,persist,{'bins': 6},5,2,4,ok,10,15,0.16860813181847334,0.0911439610645175,0.26063944958150387,5,34,43,0,,
2026-05-16T01:15:23.035268,clean,persist,{'bins': 6},5,3,4,ok,15,20,0.16691629495471716,0.10477686300873756,0.2725676903501153,5,11,18,0,,
2026-05-16T01:15:23.311056,clean,persist,{'bins': 6},5,4,4,ok,20,25,0.16437112540006638,0.10771691240370274,0.272869816981256,5,24,34,0,,
2026-05-16T01:15:23.636504,clean,persist,{'bins': 6},6,0,4,ok,0,6,0.1705674920231104,0.10907983221113682,0.2808340126648545,5,23,33,0,,
2026-05-16T01:15:23.983349,clean,persist,{'bins': 6},6,1,4,ok,6,12,0.16786323301494122,0.17451206874102354,0.3433002792298794,5,43,57,0,,
2026-05-16T01:15:24.321893,clean,persist,{'bins': 6},6,2,4,ok,12,18,0.1720110233873129,0.1616314211860299,0.33481522649526596,5,38,52,0,,
2026-05-16T01:15:24.687092,clean,persist,{'bins': 6},6,3,4,ok,18,24,0.17152673285454512,0.1889936551451683,0.3614722052589059,5,39,50,0,,
2026-05-16T01:15:25.108342,clean,persist,{'bins': 6},6,4,4,ok,24,30,0.17220023926347494,0.24360436853021383,0.41676037199795246,5,45,60,0,,
2026-05-16T01:15:25.448554,clean,persist,{'bins': 6},7,0,4,ok,0,7,0.1718275472521782,0.12244550231844187,0.2953921612352133,5,22,31,0,,
2026-05-16T01:15:25.728284,clean,persist,{'bins': 6},7,1,4,ok,7,14,0.17681818082928658,0.0984182320535183,0.2762930868193507,5,31,39,0,,
2026-05-16T01:15:26.161873,clean,persist,{'bins': 6},7,2,4,ok,14,21,0.1776357050985098,0.25041437800973654,0.429692137055099,5,38,52,0,,
2026-05-16T01:15:26.548316,clean,persist,{'bins': 6},7,3,4,ok,21,28,0.1745793456211686,0.20683323498815298,0.3824985809624195,5,36,50,0,,
2026-05-16T01:15:26.942409,clean,persist,{'bins': 6},7,4,4,ok,28,35,0.1736743962392211,0.21482540387660265,0.389853292144835,5,46,62,0,,
2026-05-16T01:15:27.387284,clean,persist,{'bins': 6},8,0,4,ok,0,8,0.18047441635280848,0.21692669112235308,0.3987019704654813,5,35,48,0,,
2026-05-16T01:15:27.852626,clean,persist,{'bins': 6},8,1,4,ok,8,16,0.17981714196503162,0.2788409907370806,0.4599095629528165,5,33,46,0,,
2026-05-16T01:15:28.142279,clean,persist,{'bins': 6},8,2,4,ok,16,24,0.17742932680994272,0.10736667644232512,0.2862170720472932,5,30,40,0,,
2026-05-16T01:15:28.611808,clean,persist,{'bins': 6},8,3,4,ok,24,32,0.17995065171271563,0.2837329274043441,0.4649088103324175,5,47,63,0,,
2026-05-16T01:15:29.175040,clean,persist,{'bins': 6},8,4,4,ok,32,40,0.18358541931957006,0.3736748704686761,0.558503694832325,5,46,66,0,,
2026-05-16T01:15:29.656564,clean,persist,{'bins': 6},9,0,4,ok,0,9,0.18008623737841845,0.2550863213837147,0.4365902515128255,5,28,44,0,,
2026-05-16T01:15:30.257871,clean,persist,{'bins': 6},9,1,4,ok,9,18,0.18590756878256798,0.408494490198791,0.5957677233964205,5,41,58,0,,
2026-05-16T01:15:30.724218,clean,persist,{'bins': 6},9,2,4,ok,18,27,0.18693928699940443,0.27267037332057953,0.4614981859922409,5,44,60,0,,
2026-05-16T01:15:31.183952,clean,persist,{'bins': 6},9,3,4,ok,27,36,0.1846328154206276,0.2680562883615494,0.4544001864269376,5,40,55,0,,
2026-05-16T01:15:31.676212,clean,persist,{'bins': 6},9,4,4,ok,36,45,0.18035234697163105,0.3056220132857561,0.48739975690841675,5,16,26,0,,
2026-05-16T01:15:32.160544,clean,persist,{'bins': 6},10,0,4,ok,0,10,0.18452637549489737,0.2522757640108466,0.4382274067029357,5,27,39,0,,
2026-05-16T01:15:32.554695,clean,persist,{'bins': 6},10,1,4,ok,10,20,0.19165323954075575,0.19604902435094118,0.3892126800492406,5,27,39,0,,
2026-05-16T01:15:33.264771,clean,persist,{'bins': 6},10,2,4,ok,20,30,0.19263356924057007,0.5100410645827651,0.7041803020983934,5,21,34,0,,
2026-05-16T01:15:33.892934,clean,persist,{'bins': 6},10,3,4,ok,30,40,0.19535189494490623,0.42562186252325773,0.6225392874330282,5,41,57,0,,
2026-05-16T01:15:34.327671,clean,persist,{'bins': 6},10,4,4,ok,40,50,0.19103894475847483,0.2373634586110711,0.4298033146187663,5,32,41,0,,
2026-05-16T01:15:34.963419,clean,persist,{'bins': 6},11,0,4,ok,0,11,0.19435718655586243,0.39240426383912563,0.5882780980318785,5,55,73,0,,
2026-05-16T01:15:35.422325,clean,persist,{'bins': 6},11,1,4,ok,11,22,0.1986834118142724,0.25317082460969687,0.4533774573355913,5,40,53,0,,
2026-05-16T01:15:36.105002,clean,persist,{'bins': 6},11,2,4,ok,22,33,0.1914807865396142,0.481662442907691,0.6749560227617621,5,53,73,0,,
2026-05-16T01:15:36.760222,clean,persist,{'bins': 6},11,3,4,ok,33,44,0.19365081004798412,0.45301008597016335,0.648479150608182,5,38,51,0,,
2026-05-16T01:15:37.348659,clean,persist,{'bins': 6},11,4,4,ok,44,55,0.19702692981809378,0.3818717747926712,0.5804664688184857,5,37,52,0,,
2026-05-16T01:15:38.075601,clean,persist,{'bins': 6},12,0,4,ok,0,12,0.20179743878543377,0.4681660169735551,0.6718028103932738,5,30,45,0,,
2026-05-16T01:15:38.566518,clean,persist,{'bins': 6},12,1,4,ok,12,24,0.19748202618211508,0.2854713313281536,0.4846473587676883,5,14,21,0,,
2026-05-16T01:15:39.521210,clean,persist,{'bins': 6},12,2,4,ok,24,36,0.20056879241019487,0.7437025429680943,0.9459427436813712,5,74,102,0,,
2026-05-16T01:15:40.056060,clean,persist,{'bins': 6},12,3,4,ok,36,48,0.2033338649198413,0.321400735527277,0.5266034798696637,5,38,48,0,,
2026-05-16T01:15:40.645834,clean,persist,{'bins': 6},12,4,4,ok,48,60,0.19384204968810081,0.38748690858483315,0.5830016899853945,5,46,64,0,,
2026-05-16T01:15:41.254076,clean,persist,{'bins': 6},13,0,4,ok,0,13,0.20941811054944992,0.3467418337240815,0.5582984900102019,5,29,39,0,,
2026-05-16T01:15:41.900585,clean,persist,{'bins': 6},13,1,4,ok,13,26,0.20357221271842718,0.4350140728056431,0.640439685434103,5,11,19,0,,
2026-05-16T01:15:42.854652,clean,persist,{'bins': 6},13,2,4,ok,26,39,0.2070069620385766,0.73505022469908,0.9441828485578299,5,47,67,0,,
2026-05-16T01:15:43.310127,clean,persist,{'bins': 6},13,3,4,ok,39,52,0.20021250378340483,0.2469908194616437,0.44899122044444084,5,21,30,0,,
2026-05-16T01:15:44.064390,clean,persist,{'bins': 6},13,4,4,ok,52,65,0.2030707010999322,0.5416061924770474,0.7464092066511512,5,31,46,0,,
2026-05-16T01:15:44.830287,clean,persist,{'bins': 6},14,0,4,ok,0,14,0.2065926743671298,0.5083846962079406,0.7172314031049609,5,56,74,0,,
2026-05-16T01:15:45.856077,clean,persist,{'bins': 6},14,1,4,ok,14,28,0.2063946621492505,0.8102453565225005,1.018486506305635,5,4,11,0,,
2026-05-16T01:15:46.943920,clean,persist,{'bins': 6},14,2,4,ok,28,42,0.21142182312905788,0.8650036966428161,1.078354762867093,5,45,66,0,,
2026-05-16T01:15:47.602553,clean,persist,{'bins': 6},14,3,4,ok,42,56,0.20273102261126041,0.44800454564392567,0.6525702644139528,5,11,19,0,,
2026-05-16T01:15:48.650278,clean,persist,{'bins': 6},14,4,4,ok,56,70,0.20867565646767616,0.8300918666645885,1.040605834685266,5,29,44,0,,
2026-05-16T01:15:49.491000,clean,persist,{'bins': 6},15,0,4,ok,0,15,0.20879118330776691,0.5831180289387703,0.793923675082624,5,20,32,0,,
2026-05-16T01:15:50.233592,clean,persist,{'bins': 6},15,1,4,ok,15,30,0.20572916232049465,0.5276132766157389,0.7352903764694929,5,21,32,0,,
2026-05-16T01:15:50.953548,clean,persist,{'bins': 6},15,2,4,ok,30,45,0.20867659896612167,0.501014924608171,0.7116879522800446,5,41,55,0,,
2026-05-16T01:15:52.042941,clean,persist,{'bins': 6},15,3,4,ok,45,60,0.21038148924708366,0.8699083691462874,1.0823205318301916,5,8,17,0,,
2026-05-16T01:15:52.840253,clean,persist,{'bins': 6},15,4,4,ok,60,75,0.2133298870176077,0.5736549878492951,0.788999168202281,5,28,44,0,,
2026-05-16T01:15:53.551352,clean,persist,{'bins': 6},16,0,4,ok,0,16,0.21552111115306616,0.4415574995800853,0.6593205109238625,5,29,44,0,,
2026-05-16T01:15:54.448046,clean,persist,{'bins': 6},16,1,4,ok,16,32,0.2124898685142398,0.6732981903478503,0.8878428479656577,5,46,67,0,,
2026-05-16T01:15:55.516668,clean,persist,{'bins': 6},16,2,4,ok,32,48,0.21362409833818674,0.8430946748703718,1.0588313806802034,5,55,79,0,,
2026-05-16T01:15:56.579548,clean,persist,{'bins': 6},16,3,4,ok,48,64,0.21126653254032135,0.8399025704711676,1.0533065665513277,5,55,77,0,,
2026-05-16T01:15:57.472459,clean,persist,{'bins': 6},16,4,4,ok,64,80,0.21671479288488626,0.6643910836428404,0.8833238817751408,5,23,33,0,,
2026-05-16T01:15:58.354961,clean,persist,{'bins': 6},17,0,4,ok,0,17,0.22426548320800066,0.604498790577054,0.8310926659032702,5,26,40,0,,
2026-05-16T01:15:59.212893,clean,persist,{'bins': 6},17,1,4,ok,17,34,0.221616568043828,0.6242547109723091,0.8482405683025718,5,50,67,0,,
2026-05-16T01:15:59.835343,clean,persist,{'bins': 6},17,2,4,ok,34,51,0.22609976772218943,0.38411196134984493,0.6126801744103432,5,44,54,0,,
2026-05-16T01:16:00.655940,clean,persist,{'bins': 6},17,3,4,ok,51,68,0.22287571243941784,0.5844358345493674,0.8097725184634328,5,32,47,0,,
2026-05-16T01:16:01.576434,clean,persist,{'bins': 6},17,4,4,ok,68,85,0.22593822423368692,0.6832020282745361,0.9115809369832277,5,22,36,0,,
2026-05-16T01:16:02.455368,clean,persist,{'bins': 6},18,0,4,ok,0,18,0.22741934563964605,0.5988841764628887,0.8287798129022121,5,42,60,0,,
2026-05-16T01:16:03.930249,clean,persist,{'bins': 6},18,1,4,ok,18,36,0.22420911770313978,1.2389253228902817,1.4655085187405348,5,11,21,0,,
2026-05-16T01:16:04.890424,clean,persist,{'bins': 6},18,2,4,ok,36,54,0.2277798531576991,0.7195962853729725,0.9497076561674476,5,47,65,0,,
2026-05-16T01:16:05.600701,clean,persist,{'bins': 6},18,3,4,ok,54,72,0.22028805315494537,0.4794469615444541,0.7020547715947032,5,25,39,0,,
2026-05-16T01:16:06.355362,clean,persist,{'bins': 6},18,4,4,ok,72,90,0.21773637179285288,0.5259843161329627,0.7460057800635695,5,31,41,0,,
2026-05-16T01:16:07.604521,clean,persist,{'bins': 6},19,0,4,ok,0,19,0.23193467501550913,0.962441629730165,1.1969818072393537,5,45,65,0,,
2026-05-16T01:16:08.970944,clean,persist,{'bins': 6},19,1,4,ok,19,38,0.2348091434687376,1.1158625204116106,1.35362593177706,5,47,72,0,,
2026-05-16T01:16:10.048500,clean,persist,{'bins': 6},19,2,4,ok,38,57,0.2319045290350914,0.8323825895786285,1.0667519764974713,5,38,55,0,,
2026-05-16T01:16:11.232006,clean,persist,{'bins': 6},19,3,4,ok,57,76,0.23512057773768902,0.9369536442682147,1.1745749786496162,5,35,54,0,,
2026-05-16T01:16:11.959700,clean,persist,{'bins': 6},19,4,4,ok,76,95,0.22344438079744577,0.4916672930121422,0.7175884041935205,5,30,43,0,,
2026-05-16T01:16:13.133881,clean,persist,{'bins': 6},20,0,4,ok,0,20,0.24127101711928844,0.8717212928459048,1.115741504356265,5,41,60,0,,
2026-05-16T01:16:14.846125,clean,persist,{'bins': 6},20,1,4,ok,20,40,0.23954395391047,1.38677045609802,1.6992930276319385,5,48,70,0,,
2026-05-16T01:16:16.126872,clean,persist,{'bins': 6},20,2,4,ok,40,60,0.24109496735036373,1.0252169761806726,1.2692440804094076,5,62,86,0,,
2026-05-16T01:16:17.442100,clean,persist,{'bins': 6},20,3,4,ok,60,80,0.23738659266382456,1.0640172008424997,1.3043955322355032,5,63,91,0,,
2026-05-16T01:16:18.852697,clean,persist,{'bins': 6},20,4,4,ok,80,100,0.23411733377724886,1.1626348169520497,1.3994964240118861,5,8,16,0,,
2026-05-16T01:16:20.258524,clean,persist,{'bins': 6},21,0,4,ok,0,21,0.2423066832125187,1.1036510402336717,1.348905478604138,5,20,32,0,,
2026-05-16T01:16:21.607247,clean,persist,{'bins': 6},21,1,4,ok,21,42,0.2445581704378128,1.0890376577153802,1.3370341341942549,5,2,7,0,,
2026-05-16T01:16:22.686851,clean,persist,{'bins': 6},21,2,4,ok,42,63,0.24022936169058084,0.8264541160315275,1.0694687077775598,5,24,40,0,,
2026-05-16T01:16:23.951716,clean,persist,{'bins': 6},21,3,4,ok,63,84,0.23222885839641094,1.017738964408636,1.2527263425290585,5,41,64,0,,
2026-05-16T01:16:25.130491,clean,persist,{'bins': 6},21,4,4,ok,84,105,0.2346549527719617,0.9294391935691237,1.1668396228924394,5,57,81,0,,
2026-05-16T01:16:26.404953,clean,persist,{'bins': 6},22,0,4,ok,0,22,0.239432105794549,0.978211154229939,1.22052579279989,5,57,81,0,,
2026-05-16T01:16:27.438507,clean,persist,{'bins': 6},22,1,4,ok,22,44,0.2407634062692523,0.7772148093208671,1.0209355279803276,5,45,66,0,,
2026-05-16T01:16:29.346604,clean,persist,{'bins': 6},22,2,4,ok,44,66,0.2498192610219121,1.64178451243788,1.8947401940822601,5,62,90,0,,
2026-05-16T01:16:30.793561,clean,persist,{'bins': 6},22,3,4,ok,66,88,0.24051657132804394,1.1902239685878158,1.4340710137039423,5,53,80,0,,
2026-05-16T01:16:31.605073,clean,persist,{'bins': 6},22,4,4,ok,88,110,0.24184389412403107,0.5554870711639524,0.800475399941206,5,50,65,0,,
2026-05-16T01:16:33.209546,clean,persist,{'bins': 6},23,0,4,ok,0,23,0.24915748927742243,1.29678756557405,1.5489402590319514,5,36,57,0,,
2026-05-16T01:16:35.124758,clean,persist,{'bins': 6},23,1,4,ok,23,46,0.24745867867022753,1.6501365276053548,1.9007233306765556,5,59,89,0,,
2026-05-16T01:16:36.677224,clean,persist,{'bins': 6},23,2,4,ok,46,69,0.2490209424868226,1.2878409242257476,1.539805755019188,5,52,77,0,,
2026-05-16T01:16:37.983775,clean,persist,{'bins': 6},23,3,4,ok,69,92,0.2404596647247672,1.0504743689671159,1.2939176661893725,5,41,61,0,,
2026-05-16T01:16:38.724309,clean,persist,{'bins': 6},23,4,4,ok,92,115,0.24674516823142767,0.4808912789449096,0.7306761248037219,5,19,31,0,,
2026-05-16T01:16:39.744052,clean,persist,{'bins': 6},24,0,4,ok,0,24,0.2516570622101426,0.7109476877376437,0.9661764865741134,5,18,28,0,,
2026-05-16T01:16:41.504407,clean,persist,{'bins': 6},24,1,4,ok,24,48,0.2458768067881465,1.4967606095597148,1.7457418460398912,5,54,77,0,,
2026-05-16T01:16:42.722811,clean,persist,{'bins': 6},24,2,4,ok,48,72,0.24776773899793625,0.9553526779636741,1.2062173122540116,5,30,48,0,,
2026-05-16T01:16:43.865035,clean,persist,{'bins': 6},24,3,4,ok,72,96,0.25011414475739,0.8770127613097429,1.1301341447979212,5,27,40,0,,
2026-05-16T01:16:45.009249,clean,persist,{'bins': 6},24,4,4,ok,96,120,0.24431746825575829,0.8850956708192825,1.1324242446571589,5,48,67,0,,
2026-05-16T01:16:47.014476,clean,persist,{'bins': 6},25,0,4,ok,0,25,0.25824037566781044,1.6880088998004794,1.9494502861052752,5,26,41,0,,
2026-05-16T01:16:48.523470,clean,persist,{'bins': 6},25,1,4,ok,25,50,0.25723812263458967,1.2327030813321471,1.493259284645319,5,12,22,0,,
2026-05-16T01:16:50.061805,clean,persist,{'bins': 6},25,2,4,ok,50,75,0.25261449068784714,1.2700492842122912,1.5258873188868165,5,29,48,0,,
2026-05-16T01:16:51.219200,clean,persist,{'bins': 6},25,3,4,ok,75,100,0.2482999274507165,0.8943264661356807,1.1458372939378023,5,30,45,0,,
2026-05-16T01:16:52.779256,clean,persist,{'bins': 6},25,4,4,ok,100,125,0.25697572994977236,1.2848429260775447,1.5450623985379934,5,62,90,0,,
2026-05-16T01:16:54.112624,clean,persist,{'bins': 6},26,0,4,ok,0,26,0.2621574504300952,1.0148188406601548,1.2803295785561204,5,50,72,0,,
2026-05-16T01:16:55.740934,clean,persist,{'bins': 6},26,1,4,ok,26,52,0.25293679535388947,1.3572000171989202,1.6135001489892602,5,42,65,0,,
2026-05-16T01:16:57.188903,clean,persist,{'bins': 6},26,2,4,ok,52,78,0.2626997400075197,1.1681681303307414,1.4341948572546244,5,52,75,0,,
2026-05-16T01:16:59.273430,clean,persist,{'bins': 6},26,3,4,ok,78,104,0.25752172619104385,1.8047911496832967,2.0658258628100157,5,43,64,0,,
2026-05-16T01:17:00.501452,clean,persist,{'bins': 6},26,4,4,ok,104,130,0.2530878400430083,0.9578407108783722,1.2143072662875056,5,32,48,0,,
2026-05-16T01:17:01.713659,clean,persist,{'bins': 6},27,0,4,ok,0,27,0.26455811969935894,0.8925612410530448,1.160865074954927,5,40,57,0,,
2026-05-16T01:17:03.905047,clean,persist,{'bins': 6},27,1,4,ok,27,54,0.27004945185035467,1.8999288398772478,2.1737468000501394,5,61,91,0,,
2026-05-16T01:17:05.602110,clean,persist,{'bins': 6},27,2,4,ok,54,81,0.25809791777282953,1.4219543915241957,1.6835339479148388,5,48,75,0,,
2026-05-16T01:17:07.630792,clean,persist,{'bins': 6},27,3,4,ok,81,108,0.26727697625756264,1.743135154247284,2.014199391938746,5,65,99,0,,
2026-05-16T01:17:10.250917,clean,persist,{'bins': 6},27,4,4,ok,108,135,0.2639389168471098,2.3348020799458027,2.602307263761759,5,25,41,0,,
2026-05-16T01:17:11.540920,clean,persist,{'bins': 6},28,0,4,ok,0,28,0.26472979225218296,0.9673899244517088,1.2357146786525846,5,42,65,0,,
2026-05-16T01:17:12.809993,clean,persist,{'bins': 6},28,1,4,ok,28,56,0.26240340434014797,0.988958116620779,1.2549674231559038,5,28,42,0,,
2026-05-16T01:17:14.781740,clean,persist,{'bins': 6},28,2,4,ok,56,84,0.27040337678045034,1.682362056337297,1.956316402181983,5,58,88,0,,
2026-05-16T01:17:15.991987,clean,persist,{'bins': 6},28,3,4,ok,84,112,0.2676742821931839,0.9254832677543163,1.1967494748532772,5,31,45,0,,
2026-05-16T01:17:17.732407,clean,persist,{'bins': 6},28,4,4,ok,112,140,0.3431482454761863,1.3778546256944537,1.7248102920129895,5,41,62,0,,
2026-05-16T01:17:19.291088,clean,persist,{'bins': 6},29,0,4,ok,0,29,0.2882786151021719,1.2070011757314205,1.499396150931716,5,61,87,0,,
2026-05-16T01:17:21.039371,clean,persist,{'bins': 6},29,1,4,ok,29,58,0.2781045902520418,1.4503277847543359,1.7321098307147622,5,68,98,0,,
2026-05-16T01:17:22.635733,clean,persist,{'bins': 6},29,2,4,ok,58,87,0.2752720797434449,1.3037640191614628,1.582747569307685,5,38,67,0,,
2026-05-16T01:17:23.968024,clean,persist,{'bins': 6},29,3,4,ok,87,116,0.27007939852774143,1.0424115499481559,1.3187903491780162,5,22,34,0,,
2026-05-16T01:17:25.828801,clean,persist,{'bins': 6},29,4,4,ok,116,145,0.2711166860535741,1.5660064714029431,1.8413469502702355,5,48,66,0,,
2026-05-16T01:17:27.340767,clean,persist,{'bins': 6},30,0,4,ok,0,30,0.29128555208444595,1.1594200432300568,1.4549929667264223,5,34,50,0,,
2026-05-16T01:17:28.944841,clean,persist,{'bins': 6},30,1,4,ok,30,60,0.2785133272409439,1.3043228685855865,1.5869567850604653,5,51,72,0,,
2026-05-16T01:17:31.184267,clean,persist,{'bins': 6},30,2,4,ok,60,90,0.2845449931919575,1.934290480799973,2.223020183853805,5,74,112,0,,
2026-05-16T01:17:32.831387,clean,persist,{'bins': 6},30,3,4,ok,90,120,0.2830206612125039,1.3435849519446492,1.630453608930111,5,59,82,0,,
2026-05-16T01:17:34.588870,clean,persist,{'bins': 6},30,4,4,ok,120,150,0.2754211500287056,1.4615636756643653,1.7408838085830212,5,51,77,0,,
2026-05-16T01:17:36.272034,clean,persist,{'bins': 6},31,0,4,ok,0,31,0.279913485981524,1.3405386004596949,1.6245244843885303,5,18,29,0,,
2026-05-16T01:17:40.611322,clean,persist,{'bins': 6},31,1,4,ok,31,62,0.29247283190488815,4.023831603117287,4.320578772574663,5,80,123,0,,
2026-05-16T01:17:42.999307,clean,persist,{'bins': 6},31,2,4,ok,62,93,0.2755201254040003,2.0920859100297093,2.371579156257212,5,25,42,0,,
2026-05-16T01:17:44.340579,clean,persist,{'bins': 6},31,3,4,ok,93,124,0.27644169703125954,1.0470923501998186,1.3274594498798251,5,24,38,0,,
2026-05-16T01:17:46.295972,clean,persist,{'bins': 6},31,4,4,ok,124,155,0.2786686485633254,1.6562119023874402,1.9387561585754156,5,44,64,0,,
2026-05-16T01:17:47.835361,clean,persist,{'bins': 6},32,0,4,ok,0,32,0.2898807944729924,1.1853735130280256,1.479507745243609,5,38,58,0,,
2026-05-16T01:17:49.919507,clean,persist,{'bins': 6},32,1,4,ok,32,64,0.2903902316465974,1.7716895202174783,2.0661461371928453,5,21,36,0,,
2026-05-16T01:17:51.969683,clean,persist,{'bins': 6},32,2,4,ok,64,96,0.2892249235883355,1.7400143267586827,2.033259860239923,5,43,66,0,,
2026-05-16T01:17:53.494762,clean,persist,{'bins': 6},32,3,4,ok,96,128,0.3479643603786826,1.15797358751297,1.5101470230147243,5,47,71,0,,
2026-05-16T01:17:55.356972,clean,persist,{'bins': 6},32,4,4,ok,128,160,0.28708235919475555,1.5533197475597262,1.8446190869435668,5,31,46,0,,
2026-05-16T01:17:57.025310,clean,persist,{'bins': 6},33,0,4,ok,0,33,0.29266783874481916,1.3133080750703812,1.6102449903264642,5,24,41,0,,
2026-05-16T01:17:59.927450,clean,persist,{'bins': 6},33,1,4,ok,33,66,0.30096207465976477,2.5754805020987988,2.8807105403393507,5,31,51,0,,
2026-05-16T01:18:01.730836,clean,persist,{'bins': 6},33,2,4,ok,66,99,0.2910538874566555,1.4869720442220569,1.7829695949330926,5,57,77,0,,
2026-05-16T01:18:03.096647,clean,persist,{'bins': 6},33,3,4,ok,99,132,0.28825501166284084,1.0554223852232099,1.3478397727012634,5,38,51,0,,
2026-05-16T01:18:05.893355,clean,persist,{'bins': 6},33,4,4,ok,132,165,0.2946889642626047,2.479517580009997,2.778508652932942,5,34,53,0,,
2026-05-16T01:18:07.542126,clean,persist,{'bins': 6},34,0,4,ok,0,34,0.30005715508013964,1.2870592921972275,1.5914061833173037,5,34,53,0,,
2026-05-16T01:18:09.753472,clean,persist,{'bins': 6},34,1,4,ok,34,68,0.29443293437361717,1.8931163819506764,2.19194779638201,5,28,46,0,,
2026-05-16T01:18:12.767856,clean,persist,{'bins': 6},34,2,4,ok,68,102,0.3041073502972722,2.685686401091516,2.994701367802918,5,5,11,0,,
2026-05-16T01:18:14.481347,clean,persist,{'bins': 6},34,3,4,ok,102,136,0.2959112487733364,1.3940536389127374,1.6946582021191716,5,63,91,0,,
2026-05-16T01:18:16.246920,clean,persist,{'bins': 6},34,4,4,ok,136,170,0.29617934208363295,1.448400910012424,1.7489060861989856,5,36,53,0,,
2026-05-16T01:18:17.913188,clean,persist,{'bins': 6},35,0,4,ok,0,35,0.2997200936079025,1.3013383084908128,1.606041037477553,5,50,70,0,,
2026-05-16T01:18:20.463842,clean,persist,{'bins': 6},35,1,4,ok,35,70,0.3041969798505306,2.2221952890977263,2.531280979514122,5,25,41,0,,
2026-05-16T01:18:23.223790,clean,persist,{'bins': 6},35,2,4,ok,70,105,0.3005639463663101,2.4337563775479794,2.738880967721343,5,77,114,0,,
2026-05-16T01:18:25.009795,clean,persist,{'bins': 6},35,3,4,ok,105,140,0.293174029327929,1.4700417006388307,1.7677197679877281,5,46,68,0,,
2026-05-16T01:18:28.035694,clean,persist,{'bins': 6},35,4,4,ok,140,175,0.30783354956656694,2.6919998191297054,3.0049195401370525,5,58,87,0,,
2026-05-16T01:18:30.159644,clean,persist,{'bins': 6},36,0,4,ok,0,36,0.3108557751402259,1.7478845994919538,2.0634520333260298,5,51,76,0,,
2026-05-16T01:18:33.717764,clean,persist,{'bins': 6},36,1,4,ok,36,72,0.3000438706949353,3.234416958875954,3.5391030674800277,5,16,30,0,,
2026-05-16T01:18:36.049557,clean,persist,{'bins': 6},36,2,4,ok,72,108,0.3036775328218937,2.003428894095123,2.3117327857762575,5,41,64,0,,
2026-05-16T01:18:37.561039,clean,persist,{'bins': 6},36,3,4,ok,108,144,0.3032309450209141,1.1877014273777604,1.495471777394414,5,19,32,0,,
2026-05-16T01:18:39.922047,clean,persist,{'bins': 6},36,4,4,ok,144,180,0.30430762749165297,2.0310458466410637,2.3403084594756365,5,59,90,0,,
2026-05-16T01:18:41.831500,clean,persist,{'bins': 6},37,0,4,ok,0,37,0.3086292529478669,1.5294939586892724,1.8428588658571243,5,24,40,0,,
2026-05-16T01:18:44.792594,clean,persist,{'bins': 6},37,1,4,ok,37,74,0.30996562354266644,2.6199046513065696,2.9349946472793818,5,49,73,0,,
2026-05-16T01:18:47.319254,clean,persist,{'bins': 6},37,2,4,ok,74,111,0.30707088578492403,2.1952535985037684,2.5070209838449955,5,46,71,0,,
2026-05-16T01:18:49.351217,clean,persist,{'bins': 6},37,3,4,ok,111,148,0.30862788017839193,1.6953629283234477,2.0086665898561478,5,61,88,0,,
2026-05-16T01:18:52.612098,clean,persist,{'bins': 6},37,4,4,ok,148,185,0.32300287671387196,2.9089058861136436,3.237365269102156,5,77,114,0,,
2026-05-16T01:18:55.966138,clean,persist,{'bins': 6},38,0,4,ok,0,38,0.3124420642852783,2.96860945597291,3.2859114659950137,5,69,101,0,,
2026-05-16T01:19:00.317748,clean,persist,{'bins': 6},38,1,4,ok,38,76,0.3185143768787384,4.000336335040629,4.323969043791294,5,23,40,0,,
2026-05-16T01:19:02.746118,clean,persist,{'bins': 6},38,2,4,ok,76,114,0.31632209941744804,2.0871975170448422,2.408934896811843,5,55,85,0,,
2026-05-16T01:19:05.224980,clean,persist,{'bins': 6},38,3,4,ok,114,152,0.32049726974219084,2.1294569177553058,2.456441410817206,5,31,53,0,,
2026-05-16T01:19:08.154681,clean,persist,{'bins': 6},38,4,4,ok,152,190,0.3187266355380416,2.580461342819035,2.9044877411797643,5,59,88,0,,
2026-05-16T01:19:09.826117,clean,persist,{'bins': 6},39,0,4,ok,0,39,0.3172616260126233,1.2844166914001107,1.6076080026105046,5,22,34,0,,
2026-05-16T01:19:14.645511,clean,persist,{'bins': 6},39,1,4,ok,39,78,0.3214434776455164,4.468592959456146,4.795112058520317,5,45,74,0,,
2026-05-16T01:19:16.600280,clean,persist,{'bins': 6},39,2,4,ok,78,117,0.3169163856655359,1.6098437225446105,1.9326763283461332,5,76,107,0,,
2026-05-16T01:19:19.257766,clean,persist,{'bins': 6},39,3,4,ok,117,156,0.32358948793262243,2.304510115645826,2.633664034307003,5,60,87,0,,
2026-05-16T01:19:21.095290,clean,persist,{'bins': 6},39,4,4,ok,156,195,0.31710097286850214,1.4917858578264713,1.8138286611065269,5,44,64,0,,
2026-05-16T01:19:23.987343,clean,persist,{'bins': 6},40,0,4,ok,0,40,0.3330152379348874,2.486783543601632,2.8258922146633267,5,32,52,0,,
2026-05-16T01:19:26.429212,clean,persist,{'bins': 6},40,1,4,ok,40,80,0.3133685840293765,2.1020132023841143,2.4205509135499597,5,6,16,0,,
2026-05-16T01:19:30.110057,clean,persist,{'bins': 6},40,2,4,ok,80,120,0.32884672097861767,3.3215505881235003,3.6563103133812547,5,62,91,0,,
2026-05-16T01:19:33.278190,clean,persist,{'bins': 6},40,3,4,ok,120,160,0.33245282154530287,2.806323068216443,3.1443785820156336,5,48,75,0,,
2026-05-16T01:19:35.255618,clean,persist,{'bins': 6},40,4,4,ok,160,200,0.3268764615058899,1.618856298737228,1.9509911146014929,5,36,53,0,,
2026-05-16T01:19:37.833355,clean,persist,{'bins': 6},41,0,4,ok,0,41,0.33638280257582664,2.1689095804467797,2.5105000231415033,5,71,102,0,,
2026-05-16T01:19:41.923741,clean,persist,{'bins': 6},41,1,4,ok,41,82,0.3264192221686244,3.7325435848906636,4.06419843994081,5,64,99,0,,
2026-05-16T01:19:45.317919,clean,persist,{'bins': 6},41,2,4,ok,82,123,0.33520536217838526,3.0280954521149397,3.3688948890194297,5,89,130,0,,
2026-05-16T01:19:48.848223,clean,persist,{'bins': 6},41,3,4,ok,123,164,0.3362259492278099,3.160397095605731,3.5037044128403068,5,68,104,0,,
2026-05-16T01:19:52.465087,clean,persist,{'bins': 6},41,4,4,ok,164,205,0.3311850121244788,3.2525141052901745,3.5938355531543493,5,17,31,0,,
2026-05-16T01:19:54.114353,clean,persist,{'bins': 6},42,0,4,ok,0,42,0.32862737961113453,1.2459084400907159,1.5800743605941534,5,39,52,0,,
2026-05-16T01:19:57.193668,clean,persist,{'bins': 6},42,1,4,ok,42,84,0.33273483347147703,2.712134839966893,3.050640241242945,5,1,6,0,,
2026-05-16T01:19:59.330861,clean,persist,{'bins': 6},42,2,4,ok,84,126,0.3283027205616236,1.779016189277172,2.1126002073287964,5,32,49,0,,
2026-05-16T01:20:01.592376,clean,persist,{'bins': 6},42,3,4,ok,126,168,0.3310684338212013,1.8969735549762845,2.233299813233316,5,46,68,0,,
2026-05-16T01:20:05.678046,clean,persist,{'bins': 6},42,4,4,ok,168,210,0.3355946345254779,3.719855111092329,4.06081002112478,5,24,39,0,,
2026-05-16T01:20:08.357613,clean,persist,{'bins': 6},43,0,4,ok,0,43,0.3328526131808758,2.277237876318395,2.6154701625928283,5,40,61,0,,
2026-05-16T01:20:12.565041,clean,persist,{'bins': 6},43,1,4,ok,43,86,0.3322343425825238,3.8437823494896293,4.181866106577218,5,57,92,0,,
2026-05-16T01:20:14.801724,clean,persist,{'bins': 6},43,2,4,ok,86,129,0.3289622385054827,1.8792900377884507,2.213618302717805,5,43,66,0,,
2026-05-16T01:20:16.926990,clean,persist,{'bins': 6},43,3,4,ok,129,172,0.3329509189352393,1.7588604297488928,2.0979204205796123,5,2,7,0,,
2026-05-16T01:20:20.112668,clean,persist,{'bins': 6},43,4,4,ok,172,215,0.3370655355975032,2.8213468370959163,3.163824305869639,5,56,88,0,,
2026-05-16T01:20:23.789446,clean,persist,{'bins': 6},44,0,4,ok,0,44,0.3421350670978427,3.2576194163411856,3.605385827831924,5,33,52,0,,
2026-05-16T01:20:27.629012,clean,persist,{'bins': 6},44,1,4,ok,44,88,0.3372039655223489,3.472668284550309,3.8152923490852118,5,57,92,0,,
2026-05-16T01:20:31.327646,clean,persist,{'bins': 6},44,2,4,ok,88,132,0.33367353584617376,3.3335631750524044,3.6728079626336694,5,19,34,0,,
2026-05-16T01:20:35.013705,clean,persist,{'bins': 6},44,3,4,ok,132,176,0.34257783740758896,3.3096322445198894,3.6577313309535384,5,2,7,0,,
2026-05-16T01:20:37.059634,clean,persist,{'bins': 6},44,4,4,ok,176,220,0.3296476062387228,1.691748389042914,2.026781057007611,5,36,54,0,,
2026-05-16T01:20:39.331160,clean,persist,{'bins': 6},45,0,4,ok,0,45,0.33664420526474714,1.8682698039337993,2.210543170571327,5,40,60,0,,
2026-05-16T01:20:42.498417,clean,persist,{'bins': 6},45,1,4,ok,45,90,0.335065389983356,2.8023302564397454,3.142985583283007,5,44,70,0,,
2026-05-16T01:20:46.646026,clean,persist,{'bins': 6},45,2,4,ok,90,135,0.3517852472141385,3.7609470346942544,4.118825385347009,5,93,138,0,,
2026-05-16T01:20:49.159650,clean,persist,{'bins': 6},45,3,4,ok,135,180,0.336876941844821,2.1470919344574213,2.4900133069604635,5,51,74,0,,
2026-05-16T01:20:50.953664,clean,persist,{'bins': 6},45,4,4,ok,180,225,0.3334723487496376,1.4278843607753515,1.7669624453410506,5,49,69,0,,
2026-05-16T01:20:53.742913,clean,persist,{'bins': 6},46,0,4,ok,0,46,0.34368671104311943,2.376120764762163,2.725511738099158,5,38,58,0,,
2026-05-16T01:20:58.812720,clean,persist,{'bins': 6},46,1,4,ok,46,92,0.34699665661901236,4.689170088618994,5.041956507600844,5,73,116,0,,
2026-05-16T01:21:01.986355,clean,persist,{'bins': 6},46,2,4,ok,92,138,0.34837576746940613,2.789547134190798,3.1437694504857063,5,46,69,0,,
2026-05-16T01:21:03.930826,clean,persist,{'bins': 6},46,3,4,ok,138,184,0.34128335677087307,1.5763842640444636,1.9233474172651768,5,25,44,0,,
2026-05-16T01:21:07.105581,clean,persist,{'bins': 6},46,4,4,ok,184,230,0.34261873457580805,2.799526985734701,3.147896229289472,5,55,82,0,,
2026-05-16T01:21:11.251583,clean,persist,{'bins': 6},47,0,4,ok,0,47,0.35321497544646263,3.7138091567903757,4.07303258497268,5,42,65,0,,
2026-05-16T01:21:16.107094,clean,persist,{'bins': 6},47,1,4,ok,47,94,0.3551085200160742,4.464803585782647,4.825807827524841,5,66,98,0,,
2026-05-16T01:21:22.367464,clean,persist,{'bins': 6},47,2,4,ok,94,141,0.35524611826986074,5.870849757455289,6.2319494085386395,5,70,107,0,,
2026-05-16T01:21:27.115963,clean,persist,{'bins': 6},47,3,4,ok,141,188,0.35430283658206463,4.352942308411002,4.713068061508238,5,105,152,0,,
2026-05-16T01:21:29.777327,clean,persist,{'bins': 6},47,4,4,ok,188,235,0.35436153784394264,2.273284829221666,2.633716627024114,5,52,76,0,,
2026-05-16T01:21:34.708136,clean,persist,{'bins': 6},48,0,4,ok,0,48,0.36070879735052586,4.484936928376555,4.851805564016104,5,38,61,0,,
2026-05-16T01:21:37.189716,clean,persist,{'bins': 6},48,1,4,ok,48,96,0.3497097222134471,2.100201982073486,2.455873580649495,5,18,27,0,,
2026-05-16T01:21:40.390077,clean,persist,{'bins': 6},48,2,4,ok,96,144,0.3596544461324811,2.8097194600850344,3.1753477351740003,5,43,70,0,,
2026-05-16T01:21:43.763485,clean,persist,{'bins': 6},48,3,4,ok,144,192,0.3569378759711981,2.982831433415413,3.347871243953705,5,65,98,0,,
2026-05-16T01:21:46.565704,clean,persist,{'bins': 6},48,4,4,ok,192,240,0.3626163201406598,2.4022738644853234,2.771618119440973,5,47,68,0,,
2026-05-16T01:21:49.492259,clean,persist,{'bins': 6},49,0,4,ok,0,49,0.36837124824523926,2.4823656417429447,2.857010491192341,5,43,67,0,,
2026-05-16T01:21:54.688343,clean,persist,{'bins': 6},49,1,4,ok,49,98,0.3503433223813772,4.808112484402955,5.164543959312141,5,1,6,0,,
2026-05-16T01:22:00.765912,clean,persist,{'bins': 6},49,2,4,ok,98,147,0.3583784820511937,5.681694966740906,6.0461155055090785,5,36,59,0,,
2026-05-16T01:22:03.374941,clean,persist,{'bins': 6},49,3,4,ok,147,196,0.35875577107071877,2.216924541629851,2.5817512227222323,5,52,76,0,,
2026-05-16T01:22:07.030242,clean,persist,{'bins': 6},49,4,4,ok,196,245,0.35494612623006105,3.254630266688764,3.615777999162674,5,51,77,0,,
2026-05-16T01:22:09.709944,clean,persist,{'bins': 6},50,0,4,ok,0,50,0.3716313196346164,2.2337021604180336,2.6115674767643213,5,49,73,0,,
2026-05-16T01:22:14.642607,clean,persist,{'bins': 6},50,1,4,ok,50,100,0.3713447619229555,4.523046562448144,4.902119196951389,5,83,127,0,,
2026-05-16T01:22:16.838076,clean,persist,{'bins': 6},50,2,4,ok,100,150,0.3608583686873317,1.7977160941809416,2.165524666197598,5,14,26,0,,
2026-05-16T01:22:20.593519,clean,persist,{'bins': 6},50,3,4,ok,150,200,0.36417281348258257,3.3483880991116166,3.718790451064706,5,60,86,0,,
2026-05-16T01:22:22.250841,clean,persist,{'bins': 6},50,4,4,ok,200,250,0.3677252549678087,1.2549072559922934,1.6294628782197833,5,11,20,0,,
2026-05-16T01:22:25.374861,clean,persist,{'bins': 6},51,0,4,ok,0,51,0.36569489259272814,2.6822644425556064,3.0544166611507535,5,25,43,0,,
2026-05-16T01:22:29.725071,clean,persist,{'bins': 6},51,1,4,ok,51,102,0.36007804423570633,3.9521956127136946,4.318727156147361,5,35,61,0,,
2026-05-16T01:22:32.932594,clean,persist,{'bins': 6},51,2,4,ok,102,153,0.37190104741603136,2.797038320451975,3.1792775616049767,5,49,74,0,,
2026-05-16T01:22:37.000074,clean,persist,{'bins': 6},51,3,4,ok,153,204,0.3666741121560335,3.662205932661891,4.0353859113529325,5,26,44,0,,
2026-05-16T01:22:40.013293,clean,persist,{'bins': 6},51,4,4,ok,204,255,0.37640408240258694,2.5953989261761308,2.9799772799015045,5,40,63,0,,
2026-05-16T01:22:43.160773,clean,persist,{'bins': 6},52,0,4,ok,0,52,0.379486421123147,2.683475569821894,3.0697651067748666,5,37,58,0,,
2026-05-16T01:22:47.673432,clean,persist,{'bins': 6},52,1,4,ok,52,104,0.3784344960004091,4.097704132087529,4.482617676258087,5,68,105,0,,
2026-05-16T01:22:50.287637,clean,persist,{'bins': 6},52,2,4,ok,104,156,0.3652412397786975,2.2131360713392496,2.5847735833376646,5,58,81,0,,
2026-05-16T01:22:54.099634,clean,persist,{'bins': 6},52,3,4,ok,156,208,0.38025655783712864,3.391888494603336,3.7787513686344028,5,19,32,0,,
2026-05-16T01:22:57.087672,clean,persist,{'bins': 6},52,4,4,ok,208,260,0.3858011607080698,2.5583459055051208,2.952350410632789,5,46,72,0,,
2026-05-16T01:23:01.487363,clean,persist,{'bins': 6},53,0,4,ok,0,53,0.3853274807333946,3.925407621078193,4.31842852011323,5,39,59,0,,
2026-05-16T01:23:05.168010,clean,persist,{'bins': 6},53,1,4,ok,53,106,0.37128364760428667,3.2745254654437304,3.6528755724430084,5,55,84,0,,
2026-05-16T01:23:10.865862,clean,persist,{'bins': 6},53,2,4,ok,106,159,0.37424698378890753,5.272228048183024,5.653280711732805,5,72,109,0,,
2026-05-16T01:23:14.588684,clean,persist,{'bins': 6},53,3,4,ok,159,212,0.37213530763983727,3.31354339979589,3.692641783505678,5,52,78,0,,
2026-05-16T01:23:16.916291,clean,persist,{'bins': 6},53,4,4,ok,212,265,0.3773617818951607,1.8683843705803156,2.2523131854832172,5,38,57,0,,
2026-05-16T01:23:21.135137,clean,persist,{'bins': 6},54,0,4,ok,0,54,0.3946052547544241,3.7443256145343184,4.145898052491248,5,72,106,0,,
2026-05-16T01:23:31.318360,clean,persist,{'bins': 6},54,1,4,ok,54,108,0.3857408482581377,9.745531451888382,10.138226149603724,5,69,110,0,,
2026-05-16T01:23:34.916844,clean,persist,{'bins': 6},54,2,4,ok,108,162,0.37585312966257334,3.183955404907465,3.56656417157501,5,48,70,0,,
2026-05-16T01:23:38.942085,clean,persist,{'bins': 6},54,3,4,ok,162,216,0.38759618159383535,3.5996995167806745,3.9944869838654995,5,67,103,0,,
2026-05-16T01:23:41.352854,clean,persist,{'bins': 6},54,4,4,ok,216,270,0.37665362283587456,1.99815874081105,2.3815149003639817,5,38,56,0,,
2026-05-16T01:23:46.569483,clean,persist,{'bins': 6},55,0,4,ok,0,55,0.40476436261087656,4.728898995555937,5.14126754924655,5,64,93,0,,
2026-05-16T01:23:50.727487,clean,persist,{'bins': 6},55,1,4,ok,55,110,0.39035160560160875,3.7274908125400543,4.125224482268095,5,64,89,0,,
2026-05-16T01:23:57.719960,clean,persist,{'bins': 6},55,2,4,ok,110,165,0.39664284233003855,6.553429177030921,6.957307296805084,5,92,144,0,,
2026-05-16T01:24:03.006203,clean,persist,{'bins': 6},55,3,4,ok,165,220,0.38661371730268,4.859751792624593,5.253226624801755,5,73,115,0,,
2026-05-16T01:24:07.172245,clean,persist,{'bins': 6},55,4,4,ok,220,275,0.3812075452879071,3.746410544961691,4.1344802575185895,5,56,87,0,,
2026-05-16T01:24:11.619499,clean,persist,{'bins': 6},56,0,4,ok,0,56,0.4044435303658247,3.963018792681396,4.375072173774242,5,37,59,0,,
2026-05-16T01:24:18.020074,clean,persist,{'bins': 6},56,1,4,ok,56,112,0.3904002793133259,5.968420388177037,6.365722769871354,5,44,69,0,,
2026-05-16T01:24:22.564583,clean,persist,{'bins': 6},56,2,4,ok,112,168,0.39812923315912485,4.096438277512789,4.506970282644033,5,60,90,0,,
2026-05-16T01:24:27.646375,clean,persist,{'bins': 6},56,3,4,ok,168,224,0.3904367871582508,4.65063714236021,5.048060059547424,5,69,108,0,,
2026-05-16T01:24:30.948370,clean,persist,{'bins': 6},56,4,4,ok,224,280,0.3909498006105423,2.873529488220811,3.271417809650302,5,68,96,0,,
2026-05-16T01:24:35.463851,clean,persist,{'bins': 6},57,0,4,ok,0,57,0.39680521562695503,4.038877855055034,4.442738852463663,5,37,59,0,,
2026-05-16T01:24:39.700017,clean,persist,{'bins': 6},57,1,4,ok,57,114,0.3851733533665538,3.8112935051321983,4.2034732066094875,5,35,57,0,,
2026-05-16T01:24:45.701080,clean,persist,{'bins': 6},57,2,4,ok,114,171,0.39903231989592314,5.5503738690167665,5.956767682917416,5,30,51,0,,
2026-05-16T01:24:48.000925,clean,persist,{'bins': 6},57,3,4,ok,171,228,0.3919289093464613,1.863889705389738,2.2648533023893833,5,14,22,0,,
2026-05-16T01:24:51.930168,clean,persist,{'bins': 6},57,4,4,ok,228,285,0.4032420860603452,3.485273750498891,3.8957293834537268,5,20,38,0,,
2026-05-16T01:24:56.134358,clean,persist,{'bins': 6},58,0,4,ok,0,58,0.4049199353903532,3.719926405698061,4.132120011374354,5,42,66,0,,
2026-05-16T01:24:59.512017,clean,persist,{'bins': 6},58,1,4,ok,58,116,0.3996232496574521,2.938562359660864,3.3452757643535733,5,63,96,0,,
2026-05-16T01:25:02.895575,clean,persist,{'bins': 6},58,2,4,ok,116,174,0.39481230452656746,2.947131482884288,3.349238445982337,5,69,96,0,,
2026-05-16T01:25:07.200326,clean,persist,{'bins': 6},58,3,4,ok,174,232,0.39905255753546953,3.8607810148969293,4.267056155949831,5,66,99,0,,
2026-05-16T01:25:10.674740,clean,persist,{'bins': 6},58,4,4,ok,232,290,0.3960521724075079,3.03887025360018,3.4424056196585298,5,70,100,0,,
2026-05-16T01:25:17.447486,clean,persist,{'bins': 6},59,0,4,ok,0,59,0.41659007128328085,6.260543924756348,6.684889609925449,5,42,66,0,,
2026-05-16T01:25:22.004190,clean,persist,{'bins': 6},59,1,4,ok,59,118,0.39799271710217,4.1170216128230095,4.522734697908163,5,48,82,0,,
2026-05-16T01:25:25.917093,clean,persist,{'bins': 6},59,2,4,ok,118,177,0.40771056711673737,3.4541478734463453,3.874269187450409,5,58,84,0,,
2026-05-16T01:25:32.236856,clean,persist,{'bins': 6},59,3,4,ok,177,236,0.40994248911738396,5.853659891523421,6.271957180462778,5,32,53,0,,
2026-05-16T01:25:38.231701,clean,persist,{'bins': 6},59,4,4,ok,236,295,0.4132220270112157,5.535648223944008,5.956388459540904,5,30,51,0,,
2026-05-16T01:25:43.336198,clean,persist,{'bins': 6},60,0,4,ok,0,60,0.4190078629180789,4.602335646748543,5.0287981098517776,5,79,118,0,,
2026-05-16T01:25:47.491900,clean,persist,{'bins': 6},60,1,4,ok,60,120,0.3986422587186098,3.7226679315790534,4.128581004217267,5,22,40,0,,
2026-05-16T01:25:51.755443,clean,persist,{'bins': 6},60,2,4,ok,120,180,0.4143622489646077,3.8019313542172313,4.223790162242949,5,63,95,0,,
2026-05-16T01:25:54.203567,clean,persist,{'bins': 6},60,3,4,ok,180,240,0.39784872625023127,2.011440302245319,2.4165983060374856,5,28,41,0,,
2026-05-16T01:25:59.734840,clean,persist,{'bins': 6},60,4,4,ok,240,300,0.413417624309659,5.075493775308132,5.49633857794106,5,46,75,0,,
2026-05-16T01:26:03.784424,clean,persist,{'bins': 6},61,0,4,ok,0,61,0.413130865432322,3.556610648520291,3.977263950742781,5,42,66,0,,
2026-05-16T01:26:07.354858,clean,persist,{'bins': 6},61,1,4,ok,61,122,0.40595139376819134,3.1170618403702974,3.5309039521962404,5,3,8,0,,
2026-05-16T01:26:12.526840,clean,persist,{'bins': 6},61,2,4,ok,122,183,0.4030365915969014,4.717633465304971,5.128433625213802,5,65,94,0,,
2026-05-16T01:26:16.776851,clean,persist,{'bins': 6},61,3,4,ok,183,244,0.417826103977859,3.7899369224905968,4.215354312211275,5,58,89,0,,
2026-05-16T01:26:26.360979,clean,persist,{'bins': 6},61,4,4,ok,244,305,0.40518370270729065,9.12896831240505,9.541751706041396,5,55,84,0,,
2026-05-16T01:26:31.849744,clean,persist,{'bins': 6},62,0,4,ok,0,62,0.41794614028185606,4.984509677626193,5.410312292166054,5,42,66,0,,
2026-05-16T01:26:34.041531,clean,persist,{'bins': 6},62,1,4,ok,62,124,0.4155360031872988,1.7382776411250234,2.16201308183372,5,18,29,0,,
2026-05-16T01:26:38.040807,clean,persist,{'bins': 6},62,2,4,ok,124,186,0.4189979759976268,3.533838516101241,3.9605927085503936,5,68,96,0,,
2026-05-16T01:26:40.953892,clean,persist,{'bins': 6},62,3,4,ok,186,248,0.4181333817541599,2.4502548975870013,2.8759878305718303,5,44,64,0,,
2026-05-16T01:26:45.392960,clean,persist,{'bins': 6},62,4,4,ok,248,310,0.411935543641448,3.9842791808769107,4.4039328983053565,5,53,81,0,,
2026-05-16T01:26:49.798475,clean,persist,{'bins': 6},63,0,4,ok,0,63,0.41942018922418356,3.899012946523726,4.326397882774472,5,62,89,0,,
2026-05-16T01:26:55.397507,clean,persist,{'bins': 6},63,1,4,ok,63,126,0.4297530325129628,5.121430050581694,5.558967722579837,5,73,111,0,,
2026-05-16T01:27:02.982107,clean,persist,{'bins': 6},63,2,4,ok,126,189,0.4373157462105155,7.096143246628344,7.541809414513409,5,69,109,0,,
2026-05-16T01:27:08.351475,clean,persist,{'bins': 6},63,3,4,ok,189,252,0.4261851217597723,4.892164804041386,5.326209246180952,5,45,76,0,,
2026-05-16T01:27:12.390817,clean,persist,{'bins': 6},63,4,4,ok,252,315,0.4211631612852216,3.559385856613517,3.998186580836773,5,20,31,0,,
2026-05-16T01:27:15.472036,clean,persist,{'bins': 6},64,0,4,ok,0,64,0.4280064143240452,2.573550520464778,3.0100881159305573,5,19,31,0,,
2026-05-16T01:27:23.274679,clean,persist,{'bins': 6},64,1,4,ok,64,128,0.4293561587110162,7.30743520706892,7.753522816114128,5,58,90,0,,
2026-05-16T01:27:28.294791,clean,persist,{'bins': 6},64,2,4,ok,128,192,0.41958696208894253,4.549331404268742,4.977618895471096,5,68,98,0,,
2026-05-16T01:27:33.440627,clean,persist,{'bins': 6},64,3,4,ok,192,256,0.4313294254243374,4.661664320155978,5.103019392117858,5,40,63,0,,
2026-05-16T01:27:40.527041,clean,persist,{'bins': 6},64,4,4,ok,256,320,0.43176568299531937,6.593615405261517,7.033699139021337,5,54,87,0,,
2026-05-16T01:27:46.866059,clean,persist,{'bins': 6},65,0,4,ok,0,65,0.4423227794468403,5.801250505261123,6.251658529043198,5,80,121,0,,
2026-05-16T01:27:52.972637,clean,persist,{'bins': 6},65,1,4,ok,65,130,0.44150668662041426,5.61445545591414,6.064433380961418,5,41,70,0,,
2026-05-16T01:27:57.103094,clean,persist,{'bins': 6},65,2,4,ok,130,195,0.43335725367069244,3.581617503426969,4.088889734819531,5,66,94,0,,
2026-05-16T01:28:02.937303,clean,persist,{'bins': 6},65,3,4,ok,195,260,0.43981747329235077,5.3438974134624,5.791782728396356,5,36,62,0,,
2026-05-16T01:28:07.964098,clean,persist,{'bins': 6},65,4,4,ok,260,325,0.4207677701488137,4.5530294347554445,4.981934797018766,5,31,52,0,,
2026-05-16T01:28:14.497208,clean,persist,{'bins': 6},66,0,4,ok,0,66,0.44688186049461365,5.9854865381494164,6.442187888547778,5,67,100,0,,
2026-05-16T01:28:21.186932,clean,persist,{'bins': 6},66,1,4,ok,66,132,0.43718719482421875,6.200956321321428,6.646523001603782,5,60,98,0,,
2026-05-16T01:28:25.958286,clean,persist,{'bins': 6},66,2,4,ok,132,198,0.4286600826308131,4.278397120535374,4.715763794258237,5,10,17,0,,
2026-05-16T01:28:31.078080,clean,persist,{'bins': 6},66,3,4,ok,198,264,0.4383689546957612,4.629854251630604,5.07637520506978,5,69,100,0,,
2026-05-16T01:28:37.144607,clean,persist,{'bins': 6},66,4,4,ok,264,330,0.42683368269354105,5.592613195069134,6.027582976035774,5,10,20,0,,
2026-05-16T01:28:42.321972,clean,persist,{'bins': 6},67,0,4,ok,0,67,0.45008706022053957,4.641864297911525,5.100833899341524,5,46,74,0,,
2026-05-16T01:28:53.272649,clean,persist,{'bins': 6},67,1,4,ok,67,134,0.441521605476737,10.451092469505966,10.901134145446122,5,64,110,0,,
2026-05-16T01:29:00.939695,clean,persist,{'bins': 6},67,2,4,ok,134,201,0.4398532435297966,7.150923619046807,7.599376852624118,5,18,31,0,,
2026-05-16T01:29:05.964605,clean,persist,{'bins': 6},67,3,4,ok,201,268,0.4381615947932005,4.528608923777938,4.97500975150615,5,47,71,0,,
2026-05-16T01:29:12.382085,clean,persist,{'bins': 6},67,4,4,ok,268,335,0.4271478718146682,5.94183490332216,6.377281981520355,5,9,17,0,,
2026-05-16T01:29:18.819368,clean,persist,{'bins': 6},68,0,4,ok,0,68,0.4591545285657048,5.888068754225969,6.356103669852018,5,73,115,0,,
2026-05-16T01:29:29.469705,clean,persist,{'bins': 6},68,1,4,ok,68,136,0.4438714189454913,10.127514236606658,10.588698008097708,5,76,121,0,,
2026-05-16T01:29:35.501529,clean,persist,{'bins': 6},68,2,4,ok,136,204,0.4543138099834323,5.519659301266074,5.985326181165874,5,62,93,0,,
2026-05-16T01:29:43.673801,clean,persist,{'bins': 6},68,3,4,ok,204,272,0.46654077153652906,7.65269282553345,8.12885598745197,5,83,127,0,,
2026-05-16T01:29:50.366381,clean,persist,{'bins': 6},68,4,4,ok,272,340,0.4560088412836194,6.188751026056707,6.653679839335382,5,77,124,0,,
2026-05-16T01:29:56.835719,clean,persist,{'bins': 6},69,0,4,ok,0,69,0.45230518840253353,5.922195008955896,6.38324364554137,5,56,89,0,,
2026-05-16T01:30:02.067483,clean,persist,{'bins': 6},69,1,4,ok,69,138,0.4366331258788705,4.74829307757318,5.193502338603139,5,38,66,0,,
2026-05-16T01:30:07.915252,clean,persist,{'bins': 6},69,2,4,ok,138,207,0.4479292491450906,5.338296526111662,5.794817199930549,5,46,71,0,,
2026-05-16T01:30:15.551848,clean,persist,{'bins': 6},69,3,4,ok,207,276,0.45849522203207016,7.113595024682581,7.581196798011661,5,108,158,0,,
2026-05-16T01:30:22.313648,clean,persist,{'bins': 6},69,4,4,ok,276,345,0.4519945541396737,6.255336945876479,6.716365616768599,5,47,75,0,,
2026-05-16T01:30:29.596638,clean,persist,{'bins': 6},70,0,4,ok,0,70,0.46669026277959347,6.722532469779253,7.197902763262391,5,67,108,0,,
2026-05-16T01:30:35.917142,clean,persist,{'bins': 6},70,1,4,ok,70,140,0.4633526634424925,5.798298083245754,6.270635158754885,5,80,122,0,,
2026-05-16T01:30:41.448249,clean,persist,{'bins': 6},70,2,4,ok,140,210,0.4464880535379052,5.0312354965135455,5.486442964524031,5,62,97,0,,
2026-05-16T01:30:46.722707,clean,persist,{'bins': 6},70,3,4,ok,210,280,0.4504749411717057,4.766253132373095,5.226074445061386,5,15,25,0,,
2026-05-16T01:30:53.635689,clean,persist,{'bins': 6},70,4,4,ok,280,350,0.445421801880002,6.410823268815875,6.8653942523524165,5,61,96,0,,
2026-05-16T01:30:59.370981,clean,persist,{'bins': 6},71,0,4,ok,0,71,0.45674561709165573,5.184444929473102,5.649976756423712,5,61,92,0,,
2026-05-16T01:31:05.841580,clean,persist,{'bins': 6},71,1,4,ok,71,142,0.462085735052824,5.950219938531518,6.42111106030643,5,82,125,0,,
2026-05-16T01:31:11.331186,clean,persist,{'bins': 6},71,2,4,ok,142,213,0.44940738566219807,4.98214147426188,5.440243689343333,5,82,117,0,,
2026-05-16T01:31:15.692245,clean,persist,{'bins': 6},71,3,4,ok,213,284,0.462818811647594,3.8316575391218066,4.303785873576999,5,51,77,0,,
2026-05-16T01:31:19.226148,clean,persist,{'bins': 6},71,4,4,ok,284,355,0.4447269467636943,3.0262350933626294,3.479706510901451,5,7,15,0,,
2026-05-16T01:31:24.932375,clean,persist,{'bins': 6},72,0,4,ok,0,72,0.4662481127306819,5.1451063975691795,5.620260735042393,5,61,92,0,,
2026-05-16T01:31:33.216782,clean,persist,{'bins': 6},72,1,4,ok,72,144,0.4502949044108391,7.779268494807184,8.239021341316402,5,82,131,0,,
2026-05-16T01:31:36.943543,clean,persist,{'bins': 6},72,2,4,ok,144,216,0.4581555752083659,3.2214821679517627,3.6890836218371987,5,47,72,0,,
2026-05-16T01:31:43.710133,clean,persist,{'bins': 6},72,3,4,ok,216,288,0.4617765350267291,6.235743836499751,6.706640048883855,5,68,97,0,,
2026-05-16T01:31:47.302758,clean,persist,{'bins': 6},72,4,4,ok,288,360,0.46999288629740477,3.0716056181117892,3.5510039776563644,5,26,43,0,,
2026-05-16T01:31:54.250715,clean,persist,{'bins': 6},73,0,4,ok,0,73,0.46608424466103315,6.375937427394092,6.861054345034063,5,65,103,0,,
2026-05-16T01:31:58.394246,clean,persist,{'bins': 6},73,1,4,ok,73,146,0.45793696492910385,3.63093198928982,4.098490483127534,5,19,37,0,,
2026-05-16T01:32:04.907032,clean,persist,{'bins': 6},73,2,4,ok,146,219,0.4663604237139225,5.977314162068069,6.452791317366064,5,33,51,0,,
2026-05-16T01:32:08.879220,clean,persist,{'bins': 6},73,3,4,ok,219,292,0.45739262364804745,3.4619021704420447,3.9284013444557786,5,16,26,0,,
2026-05-16T01:32:13.729522,clean,persist,{'bins': 6},73,4,4,ok,292,365,0.453554124571383,4.345126437023282,4.80768431071192,5,18,33,0,,
2026-05-16T01:32:21.277729,clean,persist,{'bins': 6},74,0,4,ok,0,74,0.49180902540683746,6.962435018271208,7.463931055739522,5,71,115,0,,
2026-05-16T01:32:28.996688,clean,persist,{'bins': 6},74,1,4,ok,74,148,0.46823990531265736,7.18960247002542,7.667548342607915,5,68,104,0,,
2026-05-16T01:32:36.821691,clean,persist,{'bins': 6},74,2,4,ok,148,222,0.47636444214731455,7.287955775856972,7.773557335138321,5,65,99,0,,
2026-05-16T01:32:43.141367,clean,persist,{'bins': 6},74,3,4,ok,222,296,0.47689707204699516,5.780719202011824,6.266683282330632,5,50,77,0,,
2026-05-16T01:32:47.804278,clean,persist,{'bins': 6},74,4,4,ok,296,370,0.4670700579881668,4.137688330374658,4.614160776138306,5,42,68,0,,
2026-05-16T01:32:54.559461,clean,persist,{'bins': 6},75,0,4,ok,0,75,0.4933961369097233,6.153314160183072,6.656043745577335,5,42,66,0,,
2026-05-16T01:33:01.122812,clean,persist,{'bins': 6},75,1,4,ok,75,150,0.4675345700234175,6.030903630889952,6.508524232544005,5,67,102,0,,
2026-05-16T01:33:05.587056,clean,persist,{'bins': 6},75,2,4,ok,150,225,0.46160319074988365,3.9520562635734677,4.4227970549836755,5,56,82,0,,
2026-05-16T01:33:11.762197,clean,persist,{'bins': 6},75,3,4,ok,225,300,0.47827716358006,5.633919954299927,6.121334827505052,5,50,77,0,,
2026-05-16T01:33:17.468294,clean,persist,{'bins': 6},75,4,4,ok,300,375,0.4736051792278886,5.17495998647064,5.657701915130019,5,20,32,0,,
2026-05-16T01:33:22.790025,clean,persist,{'bins': 6},76,0,4,ok,0,76,0.5400645984336734,4.687392036430538,5.2367559084668756,5,35,56,0,,
2026-05-16T01:33:31.742423,clean,persist,{'bins': 6},76,1,4,ok,76,152,0.47745135333389044,8.412356734275818,8.899196489714086,5,86,137,0,,
2026-05-16T01:33:38.363347,clean,persist,{'bins': 6},76,2,4,ok,152,228,0.4656358743086457,6.097465314902365,6.572535585612059,5,84,122,0,,
2026-05-16T01:33:43.956094,clean,persist,{'bins': 6},76,3,4,ok,228,304,0.4814416831359267,5.0525339506566525,5.543354927562177,5,29,52,0,,
2026-05-16T01:33:50.418938,clean,persist,{'bins': 6},76,4,4,ok,304,380,0.48214475344866514,5.915270405821502,6.406590880826116,5,32,59,0,,
2026-05-16T01:33:57.634673,clean,persist,{'bins': 6},77,0,4,ok,0,77,0.5414096880704165,6.574259826913476,7.126095552928746,5,51,81,0,,
2026-05-16T01:34:03.446316,clean,persist,{'bins': 6},77,1,4,ok,77,154,0.4804447712376714,5.272683865390718,5.762551361694932,5,43,71,0,,
2026-05-16T01:34:11.319067,clean,persist,{'bins': 6},77,2,4,ok,154,231,0.48279453441500664,7.316329467110336,7.80877650808543,5,64,96,0,,
2026-05-16T01:34:15.800213,clean,persist,{'bins': 6},77,3,4,ok,231,308,0.48039400670677423,3.9540446186438203,4.443817718885839,5,35,59,0,,
2026-05-16T01:34:21.423889,clean,persist,{'bins': 6},77,4,4,ok,308,385,0.4807756533846259,5.018019378185272,5.508419795893133,5,16,27,0,,
2026-05-16T01:34:27.449712,clean,persist,{'bins': 6},78,0,4,ok,0,78,0.4836631063371897,5.445329120382667,5.9384700348600745,5,33,54,0,,
2026-05-16T01:34:34.801319,clean,persist,{'bins': 6},78,1,4,ok,78,156,0.47200809977948666,6.812620376236737,7.294140748679638,5,5,14,0,,
2026-05-16T01:34:39.956803,clean,persist,{'bins': 6},78,2,4,ok,156,234,0.4854662036523223,4.617488320916891,5.112559079192579,5,59,90,0,,
2026-05-16T01:34:52.716799,clean,persist,{'bins': 6},78,3,4,ok,234,312,0.4900663513690233,12.207638411782682,12.707116256467998,5,58,95,0,,
2026-05-16T01:34:56.044823,clean,persist,{'bins': 6},78,4,4,ok,312,390,0.5196319632232189,2.755731115117669,3.2848781161010265,5,39,59,0,,
2026-05-16T01:35:03.405298,clean,persist,{'bins': 6},79,0,4,ok,0,79,0.49736188165843487,6.753938008099794,7.261234365403652,5,72,110,0,,
2026-05-16T01:35:11.196995,clean,persist,{'bins': 6},79,1,4,ok,79,158,0.4894979940727353,7.242256851866841,7.741470440290868,5,40,71,0,,
2026-05-16T01:35:22.485922,clean,persist,{'bins': 6},79,2,4,ok,158,237,0.4897515010088682,10.735756414942443,11.235279365442693,5,92,146,0,,
2026-05-16T01:35:26.326077,clean,persist,{'bins': 6},79,3,4,ok,237,316,0.4764419887214899,3.3054873337969184,3.791549296118319,5,32,49,0,,
2026-05-16T01:35:29.668363,clean,persist,{'bins': 6},79,4,4,ok,316,395,0.4888220662251115,2.8053048653528094,3.30372482445091,5,17,29,0,,
2026-05-16T01:35:36.885265,clean,persist,{'bins': 6},80,0,4,ok,0,80,0.4999632481485605,6.608203956857324,7.118055755272508,5,57,90,0,,
2026-05-16T01:35:44.258142,clean,persist,{'bins': 6},80,1,4,ok,80,160,0.4874372258782387,6.817986310459673,7.315322254784405,5,32,52,0,,
2026-05-16T01:35:52.465858,clean,persist,{'bins': 6},80,2,4,ok,160,240,0.481915345415473,7.66632542386651,8.15800416469574,5,81,122,0,,
2026-05-16T01:36:00.556051,clean,persist,{'bins': 6},80,3,4,ok,240,320,0.4927780758589506,7.539685741998255,8.042248262092471,5,84,131,0,,
2026-05-16T01:36:03.518610,clean,persist,{'bins': 6},80,4,4,ok,320,400,0.487935371696949,2.4085210310295224,2.906052644364536,5,3,9,0,,
2026-05-16T01:36:12.881035,clean,persist,{'bins': 6},81,0,4,ok,0,81,0.5124318841844797,8.745755540207028,9.26827419642359,5,70,111,0,,
2026-05-16T01:36:18.978523,clean,persist,{'bins': 6},81,1,4,ok,81,162,0.4924703277647495,5.5432002153247595,6.045768557116389,5,32,52,0,,
2026-05-16T01:36:27.820737,clean,persist,{'bins': 6},81,2,4,ok,162,243,0.5009719738736749,8.2468781163916,8.758200717158616,5,44,68,0,,
2026-05-16T01:36:34.098041,clean,persist,{'bins': 6},81,3,4,ok,243,324,0.48706901632249355,5.734485866501927,6.231512692756951,5,83,123,0,,
2026-05-16T01:36:37.018681,clean,persist,{'bins': 6},81,4,4,ok,324,405,0.49180032033473253,2.37176285777241,2.873166131787002,5,27,39,0,,
2026-05-16T01:36:43.526604,clean,persist,{'bins': 6},82,0,4,ok,0,82,0.5040607927367091,5.8975869957357645,6.411902716383338,5,62,97,0,,
2026-05-16T01:36:50.704998,clean,persist,{'bins': 6},82,1,4,ok,82,164,0.5103713562712073,6.593985131941736,7.114536545239389,5,43,71,0,,
2026-05-16T01:36:58.196367,clean,persist,{'bins': 6},82,2,4,ok,164,246,0.501868387684226,6.917766604572535,7.429871955886483,5,66,98,0,,
2026-05-16T01:37:14.425012,clean,persist,{'bins': 6},82,3,4,ok,246,328,0.4994895597919822,15.647846968844533,16.157605272717774,5,55,90,0,,
2026-05-16T01:37:16.805211,clean,persist,{'bins': 6},82,4,4,ok,328,410,0.5098588932305574,1.8174093319103122,2.33787564560771,5,38,59,0,,
2026-05-16T01:37:24.539221,clean,persist,{'bins': 6},83,0,4,ok,0,83,0.5079582137987018,7.115397034212947,7.63457889482379,5,62,97,0,,
2026-05-16T01:37:34.131196,clean,persist,{'bins': 6},83,1,4,ok,83,166,0.5164723042398691,9.005727498792112,9.532999563962221,5,75,114,0,,
2026-05-16T01:37:47.227957,clean,persist,{'bins': 6},83,2,4,ok,166,249,0.5812966069206595,12.430359854362905,13.031549109145999,5,30,53,0,,
2026-05-16T01:37:58.469104,clean,persist,{'bins': 6},83,3,4,ok,249,332,0.512238634750247,10.652544680982828,11.176053580828011,5,31,61,0,,
2026-05-16T01:38:04.856209,clean,persist,{'bins': 6},83,4,4,ok,332,415,0.5264675943180919,5.79575879778713,6.332642131485045,5,36,59,0,,
2026-05-16T01:38:19.355162,clean,persist,{'bins': 6},84,0,4,ok,0,84,0.5806729970499873,13.783483450300992,14.374897748231888,5,34,61,0,,
2026-05-16T01:38:26.905318,clean,persist,{'bins': 6},84,1,4,ok,84,168,0.5743116801604629,6.9044208554551005,7.494473705999553,5,72,109,0,,
2026-05-16T01:38:37.674755,clean,persist,{'bins': 6},84,2,4,ok,168,252,0.5878512496128678,10.118592612445354,10.717079994268715,5,85,138,0,,
2026-05-16T01:38:47.099105,clean,persist,{'bins': 6},84,3,4,ok,252,336,0.5678447280079126,8.795149628072977,9.374132732860744,5,27,48,0,,
2026-05-16T01:38:54.548731,clean,persist,{'bins': 6},84,4,4,ok,336,420,0.5914053032174706,6.72293215431273,7.400126571767032,5,73,118,0,,
2026-05-16T01:39:04.782825,clean,persist,{'bins': 6},85,0,4,ok,0,85,0.5932594947516918,9.52369084674865,10.127805176191032,5,34,61,0,,
2026-05-16T01:39:13.903377,clean,persist,{'bins': 6},85,1,4,ok,85,170,0.5770768551155925,8.406202052719891,9.061007294803858,5,73,115,0,,
2026-05-16T01:39:20.983405,clean,persist,{'bins': 6},85,2,4,ok,170,255,0.6015176828950644,6.403306130319834,7.017852980643511,5,45,72,0,,
2026-05-16T01:39:27.930187,clean,persist,{'bins': 6},85,3,4,ok,255,340,0.56698605325073,6.304733087308705,6.883877974003553,5,33,55,0,,
2026-05-16T01:39:34.209075,clean,persist,{'bins': 6},85,4,4,ok,340,425,0.5844793878495693,5.632220955565572,6.227353137917817,5,62,101,0,,
2026-05-16T01:39:44.665730,clean,persist,{'bins': 6},86,0,4,ok,0,86,0.6173699842765927,9.716900235041976,10.345663224346936,5,62,97,0,,
2026-05-16T01:39:53.126458,clean,persist,{'bins': 6},86,1,4,ok,86,172,0.5774360112845898,7.789808509871364,8.377744699828327,5,2,7,0,,
2026-05-16T01:40:02.604654,clean,persist,{'bins': 6},86,2,4,ok,172,258,0.5877588856965303,8.820855785161257,9.41930942516774,5,73,120,0,,
2026-05-16T01:40:13.399169,clean,persist,{'bins': 6},86,3,4,ok,258,344,0.5726424800232053,10.141515538096428,10.725046215578914,5,17,30,0,,
2026-05-16T01:40:17.728348,clean,persist,{'bins': 6},86,4,4,ok,344,430,0.5775238769128919,3.697706416249275,4.28555538225919,5,51,81,0,,
2026-05-16T01:40:28.300860,clean,persist,{'bins': 6},87,0,4,ok,0,87,0.6038821944966912,9.846729974262416,10.461436877027154,5,62,97,0,,
2026-05-16T01:40:40.482202,clean,persist,{'bins': 6},87,1,4,ok,87,174,0.6020206296816468,11.507017279975116,12.120434811338782,5,114,179,0,,
2026-05-16T01:40:49.384623,clean,persist,{'bins': 6},87,2,4,ok,174,261,0.600462474860251,8.232692948542535,8.844436407089233,5,64,102,0,,
2026-05-16T01:41:02.094877,clean,persist,{'bins': 6},87,3,4,ok,261,348,0.5892724208533764,12.02257935050875,12.623128508217633,5,48,81,0,,
2026-05-16T01:41:12.225062,clean,persist,{'bins': 6},87,4,4,ok,348,435,0.5663083167746663,9.493411555886269,10.070456494577229,5,95,144,0,,
2026-05-16T01:41:20.084940,clean,persist,{'bins': 6},88,0,4,ok,0,88,0.5801541777327657,7.159200024791062,7.750236630439758,5,44,68,0,,
2026-05-16T01:41:28.556503,clean,persist,{'bins': 6},88,1,4,ok,88,176,0.5794244287535548,7.82683184184134,8.417133877053857,5,70,107,0,,
2026-05-16T01:41:40.713332,clean,persist,{'bins': 6},88,2,4,ok,176,264,0.5752555299550295,11.492598313838243,12.078912791796029,5,51,84,0,,
2026-05-16T01:41:49.485775,clean,persist,{'bins': 6},88,3,4,ok,264,352,0.5962126050144434,8.090699409134686,8.697848963551223,5,49,74,0,,
2026-05-16T01:41:57.093570,clean,persist,{'bins': 6},88,4,4,ok,352,440,0.5970608480274677,6.92980185803026,7.538448884151876,5,12,27,0,,
2026-05-16T01:42:05.645580,clean,persist,{'bins': 6},89,0,4,ok,0,89,0.6025591632351279,7.831215056590736,8.444960647262633,5,70,106,0,,
2026-05-16T01:42:13.408055,clean,persist,{'bins': 6},89,1,4,ok,89,178,0.5781834274530411,7.122019390575588,7.711126282811165,5,79,127,0,,
2026-05-16T01:42:23.788047,clean,persist,{'bins': 6},89,2,4,ok,178,267,0.595548128709197,9.702056642621756,10.308610719628632,5,7,16,0,,
2026-05-16T01:42:33.637968,clean,persist,{'bins': 6},89,3,4,ok,267,356,0.5889524826779962,9.16890755854547,9.769251293502748,5,41,67,0,,
2026-05-16T01:42:46.543663,clean,persist,{'bins': 6},89,4,4,ok,356,445,0.5936425914987922,12.223044104874134,12.82792529091239,5,79,125,0,,
2026-05-16T01:42:52.884000,clean,persist,{'bins': 6},90,0,4,ok,0,90,0.6024203235283494,5.629321271553636,6.242753545753658,5,81,115,0,,
2026-05-16T01:43:01.265476,clean,persist,{'bins': 6},90,1,4,ok,90,180,0.5941132949665189,7.711595579981804,8.316814010031521,5,72,114,0,,
2026-05-16T01:43:11.731603,clean,persist,{'bins': 6},90,2,4,ok,180,270,0.5846643103286624,9.784566660411656,10.380407670512795,5,3,9,0,,
2026-05-16T01:43:21.130843,clean,persist,{'bins': 6},90,3,4,ok,270,360,0.6030740728601813,8.714327735826373,9.32837846223265,5,100,147,0,,
2026-05-16T01:43:34.538884,clean,persist,{'bins': 6},90,4,4,ok,360,450,0.5939137516543269,12.724658591672778,13.33035627193749,5,45,79,0,,
2026-05-16T01:43:46.176573,clean,persist,{'bins': 6},91,0,4,ok,0,91,0.6160785248503089,10.89995864033699,11.527409783564508,5,82,131,0,,
2026-05-16T01:43:55.563405,clean,persist,{'bins': 6},91,1,4,ok,91,182,0.602170797996223,8.709556127898395,9.32366503495723,5,90,139,0,,
2026-05-16T01:44:01.749502,clean,persist,{'bins': 6},91,2,4,ok,182,273,0.599631610326469,5.513215530663729,6.124143444932997,5,43,70,0,,
2026-05-16T01:44:07.898862,clean,persist,{'bins': 6},91,3,4,ok,273,364,0.6031657578423619,5.476404565386474,6.091598360799253,5,56,85,0,,
2026-05-16T01:44:17.267785,clean,persist,{'bins': 6},91,4,4,ok,364,455,0.5836016479879618,8.717516705393791,9.312292367219925,5,64,108,0,,
2026-05-16T01:44:28.336986,clean,persist,{'bins': 6},92,0,4,ok,0,92,0.6152455620467663,10.333178382366896,10.961809170432389,5,86,139,0,,
2026-05-16T01:44:36.543919,clean,persist,{'bins': 6},92,1,4,ok,92,184,0.6073178155347705,7.515544024296105,8.134431465528905,5,2,8,0,,
2026-05-16T01:44:45.101447,clean,persist,{'bins': 6},92,2,4,ok,184,276,0.6190507896244526,7.8526482405141,8.484809661284089,5,40,67,0,,
2026-05-16T01:44:55.405248,clean,persist,{'bins': 6},92,3,4,ok,276,368,0.617139307782054,9.540798418223858,10.221438615582883,5,35,62,0,,
2026-05-16T01:45:06.045709,clean,persist,{'bins': 6},92,4,4,ok,368,460,0.6018337663263083,9.968734331429005,10.58204001095146,5,60,105,0,,
2026-05-16T01:45:12.785866,clean,persist,{'bins': 6},93,0,4,ok,0,93,0.6132778078317642,6.006924916990101,6.633206695318222,5,4,11,0,,
2026-05-16T01:45:22.397668,clean,persist,{'bins': 6},93,1,4,ok,93,186,0.6076261252164841,8.902597637847066,9.523740796372294,5,34,54,0,,
2026-05-16T01:45:26.769704,clean,persist,{'bins': 6},93,2,4,ok,186,279,0.6005675084888935,3.6974160922691226,4.309966373257339,5,28,41,0,,
2026-05-16T01:45:33.550186,clean,persist,{'bins': 6},93,3,4,ok,279,372,0.6870035901665688,6.017110570333898,6.716578747145832,5,67,99,0,,
2026-05-16T01:45:44.058526,clean,persist,{'bins': 6},93,4,4,ok,372,465,0.600322188809514,9.82829833868891,10.441069325432181,5,39,66,0,,
2026-05-16T01:45:56.880922,clean,persist,{'bins': 6},94,0,4,ok,0,94,0.6067730225622654,12.085312244482338,12.703989652916789,5,89,141,0,,
2026-05-16T01:46:04.081659,clean,persist,{'bins': 6},94,1,4,ok,94,188,0.59939921554178,6.51015848480165,7.121050802990794,5,2,8,0,,
2026-05-16T01:46:18.145741,clean,persist,{'bins': 6},94,2,4,ok,188,282,0.6285240007564425,13.360531769692898,14.001327156089246,5,77,117,0,,
2026-05-16T01:46:28.030836,clean,persist,{'bins': 6},94,3,4,ok,282,376,0.6972476989030838,9.106550069525838,9.815987979993224,5,57,92,0,,
2026-05-16T01:46:47.392997,clean,persist,{'bins': 6},94,4,4,ok,376,470,0.6070655537769198,18.66933547332883,19.28812938183546,5,62,97,0,,
2026-05-16T01:47:00.054740,clean,persist,{'bins': 6},95,0,4,ok,0,95,0.6383756715804338,11.898514503613114,12.548537286929786,5,62,103,0,,
2026-05-16T01:47:10.182896,clean,persist,{'bins': 6},95,1,4,ok,95,190,0.6303350636735559,9.401230703108013,10.043303358368576,5,65,96,0,,
2026-05-16T01:47:18.532841,clean,persist,{'bins': 6},95,2,4,ok,190,285,0.6105493772774935,7.676711524836719,8.29870618507266,5,39,68,0,,
2026-05-16T01:47:27.780744,clean,persist,{'bins': 6},95,3,4,ok,285,380,0.6284523792564869,8.535961366258562,9.176079973578453,5,55,91,0,,
2026-05-16T01:47:47.136114,clean,persist,{'bins': 6},95,4,4,ok,380,475,0.6676709484308958,18.599898498505354,19.279808682389557,5,118,178,0,,
2026-05-16T01:47:55.806629,clean,persist,{'bins': 6},96,0,4,ok,0,96,0.6253877133131027,7.930903018452227,8.568110909312963,5,68,101,0,,
2026-05-16T01:48:08.199967,clean,persist,{'bins': 6},96,1,4,ok,96,192,0.6346495570614934,11.681699952110648,12.328351709060371,5,106,160,0,,
2026-05-16T01:48:15.576794,clean,persist,{'bins': 6},96,2,4,ok,192,288,0.6348869828507304,6.662537194788456,7.3093979228287935,5,42,71,0,,
2026-05-16T01:48:18.115136,clean,persist,{'bins': 6},96,3,4,ok,288,384,0.605409967713058,1.8660152647644281,2.4830413265153766,5,23,34,0,,
2026-05-16T01:48:24.932451,clean,persist,{'bins': 6},96,4,4,ok,384,480,0.6564692026004195,6.094625007361174,6.7631754679605365,5,45,76,0,,
2026-05-16T01:48:37.043110,clean,persist,{'bins': 6},97,0,4,ok,0,97,0.6482754442840815,11.336823279969394,11.997239224612713,5,85,136,0,,
2026-05-16T01:48:46.476025,clean,persist,{'bins': 6},97,1,4,ok,97,194,0.6364196809008718,8.705333369784057,9.353719743900001,5,14,29,0,,
2026-05-16T01:48:56.969981,clean,persist,{'bins': 6},97,2,4,ok,194,291,0.638396454975009,9.768298489041626,10.418501335196197,5,50,82,0,,
2026-05-16T01:49:05.378929,clean,persist,{'bins': 6},97,3,4,ok,291,388,0.677244558930397,7.655496135354042,8.345674152486026,5,77,121,0,,
2026-05-16T01:49:17.835403,clean,persist,{'bins': 6},97,4,4,ok,388,485,0.61213986761868,11.775411928072572,12.39946794230491,5,64,108,0,,
2026-05-16T01:49:30.772136,clean,persist,{'bins': 6},98,0,4,ok,0,98,0.653718737885356,12.15574509371072,12.82164275366813,5,62,103,0,,
2026-05-16T01:49:40.633195,clean,persist,{'bins': 6},98,1,4,ok,98,196,0.6835902761667967,9.076456812210381,9.772901128046215,5,13,25,0,,
2026-05-16T01:49:48.939087,clean,persist,{'bins': 6},98,2,4,ok,196,294,0.7320146644487977,7.486151598393917,8.231235305778682,5,64,98,0,,
2026-05-16T01:49:56.635557,clean,persist,{'bins': 6},98,3,4,ok,294,392,0.6182040860876441,6.985873123630881,7.616796925663948,5,42,70,0,,
2026-05-16T01:50:08.986839,clean,persist,{'bins': 6},98,4,4,ok,392,490,0.6481748595833778,11.607214475981891,12.268127116374671,5,103,154,0,,
2026-05-16T01:50:16.166562,clean,persist,{'bins': 6},99,0,4,ok,0,99,0.7003370858728886,6.367513719014823,7.080374534241855,5,89,130,0,,
2026-05-16T01:50:27.624079,clean,persist,{'bins': 6},99,1,4,ok,99,198,0.6949609601870179,10.650708849541843,11.358727390877903,5,50,76,0,,
2026-05-16T01:50:42.551013,clean,persist,{'bins': 6},99,2,4,ok,198,297,0.7019553454592824,14.139971782453358,14.85469749942422,5,88,139,0,,
2026-05-16T01:50:52.288775,clean,persist,{'bins': 6},99,3,4,ok,297,396,0.7051120148971677,8.94394807331264,9.66146653611213,5,50,81,0,,
2026-05-16T01:51:20.952875,clean,persist,{'bins': 6},99,4,4,ok,396,495,0.7025229325518012,27.87154787685722,28.58636366482824,5,92,148,0,,
2026-05-16T01:51:34.542286,clean,persist,{'bins': 6},100,0,4,ok,0,100,0.728413580916822,12.676765973679721,13.469893269240856,5,64,106,0,,
2026-05-16T01:51:46.680038,clean,persist,{'bins': 6},100,1,4,ok,100,200,0.7033544043079019,11.342859569005668,12.059314504265785,5,81,125,0,,
2026-05-16T01:51:54.868582,clean,persist,{'bins': 6},100,2,4,ok,200,300,0.6887743752449751,7.433733543381095,8.135425896383822,5,70,108,0,,
2026-05-16T01:52:03.674255,clean,persist,{'bins': 6},100,3,4,ok,300,400,0.7036472652107477,8.016456924378872,8.732564829289913,5,61,98,0,,
2026-05-16T01:52:20.423904,clean,persist,{'bins': 6},100,4,4,ok,400,500,0.7158467750996351,15.931018055416644,16.659371475689113,5,50,82,0,,
2026-05-16T01:52:20.605876,noisy,naive,{'bins': 5},1,0,4,ok,0,1,0.0004776567220687866,0.030018620193004608,0.030824133194983006,5,12,17,0,,
2026-05-16T01:52:20.739136,noisy,naive,{'bins': 5},1,1,4,ok,1,2,0.0003297897055745125,0.12935034278780222,0.12995896581560373,5,53,64,0,,
2026-05-16T01:52:20.797415,noisy,naive,{'bins': 5},1,2,4,ok,2,3,0.00031762756407260895,0.055398229509592056,0.055978910997509956,5,23,31,0,,
2026-05-16T01:52:20.823142,noisy,naive,{'bins': 5},1,3,4,ok,3,4,0.0003153616562485695,0.02336928527802229,0.023933243937790394,5,12,16,0,,
2026-05-16T01:52:20.856869,noisy,naive,{'bins': 5},1,4,4,ok,4,5,0.00030837953090667725,0.030920565128326416,0.0314674424007535,5,14,19,0,,
2026-05-16T01:52:21.021248,noisy,naive,{'bins': 5},2,0,4,ok,0,2,0.0006392598152160645,0.10345601662993431,0.10457666032016277,5,9,14,0,,
2026-05-16T01:52:21.071346,noisy,naive,{'bins': 5},2,1,4,ok,2,4,0.0005609942600131035,0.046482156962156296,0.04740299750119448,5,14,19,0,,
2026-05-16T01:52:21.203490,noisy,naive,{'bins': 5},2,2,4,ok,4,6,0.0005444427952170372,0.12772558256983757,0.12867232039570808,5,28,38,0,,
2026-05-16T01:52:21.211149,noisy,naive,{'bins': 5},2,3,4,ok,6,8,0.0005509154871106148,0.0055566150695085526,0.00640981737524271,5,5,6,0,,
2026-05-16T01:52:21.249173,noisy,naive,{'bins': 5},2,4,4,ok,8,10,0.0005348240956664085,0.0351567305624485,0.03602958936244249,5,18,22,0,,
2026-05-16T01:52:21.368978,noisy,naive,{'bins': 5},3,0,4,ok,0,3,0.0008585313335061073,0.05883077718317509,0.06022021546959877,5,11,17,0,,
2026-05-16T01:52:21.514012,noisy,naive,{'bins': 5},3,1,4,ok,3,6,0.000763935036957264,0.13988007605075836,0.1411777026951313,5,20,29,0,,
2026-05-16T01:52:21.535581,noisy,naive,{'bins': 5},3,2,4,ok,6,9,0.0007600076496601105,0.018745331093668938,0.01992255263030529,5,7,11,0,,
2026-05-16T01:52:21.595909,noisy,naive,{'bins': 5},3,3,4,ok,9,12,0.0007704067975282669,0.05679057538509369,0.05800854228436947,5,16,23,0,,
2026-05-16T01:52:21.677589,noisy,naive,{'bins': 5},3,4,4,ok,12,15,0.0007678614929318428,0.07764891535043716,0.0788916489109397,5,21,27,0,,
2026-05-16T01:52:21.904078,noisy,naive,{'bins': 5},4,0,4,ok,0,4,0.001064700074493885,0.16511273942887783,0.16683768946677446,5,15,25,0,,
2026-05-16T01:52:21.933296,noisy,naive,{'bins': 5},4,1,4,ok,4,8,0.0010963976383209229,0.02517717983573675,0.026851262897253036,5,7,9,0,,
2026-05-16T01:52:22.033282,noisy,naive,{'bins': 5},4,2,4,ok,8,12,0.0009569171816110611,0.09490388818085194,0.09641199000179768,5,13,21,0,,
2026-05-16T01:52:22.157481,noisy,naive,{'bins': 5},4,3,4,ok,12,16,0.0009878650307655334,0.11925182957202196,0.12082179822027683,5,21,27,0,,
2026-05-16T01:52:22.215894,noisy,naive,{'bins': 5},4,4,4,ok,16,20,0.0009997868910431862,0.05428232345730066,0.05582273658365011,5,5,7,0,,
2026-05-16T01:52:22.437008,noisy,naive,{'bins': 5},5,0,4,ok,0,5,0.0012891711667180061,0.15842855721712112,0.16062056366354227,5,9,17,0,,
2026-05-16T01:52:22.482356,noisy,naive,{'bins': 5},5,1,4,ok,5,10,0.0012051323428750038,0.040978471748530865,0.04292489681392908,5,11,15,0,,
2026-05-16T01:52:22.570770,noisy,naive,{'bins': 5},5,2,4,ok,10,15,0.001179264858365059,0.08369911462068558,0.08559926319867373,5,12,19,0,,
2026-05-16T01:52:22.663675,noisy,naive,{'bins': 5},5,3,4,ok,15,20,0.001168845221400261,0.08790306095033884,0.08991153165698051,5,11,15,0,,
2026-05-16T01:52:22.754166,noisy,naive,{'bins': 5},5,4,4,ok,20,25,0.0012040212750434875,0.08527632802724838,0.08724192902445793,5,12,18,0,,
2026-05-16T01:52:23.038469,noisy,naive,{'bins': 5},6,0,4,ok,0,6,0.001499135047197342,0.22049685288220644,0.22305479645729065,5,20,31,0,,
2026-05-16T01:52:23.103848,noisy,naive,{'bins': 5},6,1,4,ok,6,12,0.0014006299898028374,0.0596600528806448,0.06198951695114374,5,10,14,0,,
2026-05-16T01:52:23.273509,noisy,naive,{'bins': 5},6,2,4,ok,12,18,0.0013821963220834732,0.1630544252693653,0.16536866128444672,5,12,18,0,,
2026-05-16T01:52:23.392859,noisy,naive,{'bins': 5},6,3,4,ok,18,24,0.0013999594375491142,0.11261563748121262,0.11492891144007444,5,21,29,0,,
2026-05-16T01:52:23.518471,noisy,naive,{'bins': 5},6,4,4,ok,24,30,0.0014388514682650566,0.1197320707142353,0.12207693327218294,5,14,22,0,,
2026-05-16T01:52:23.889130,noisy,naive,{'bins': 5},7,0,4,ok,0,7,0.0017065946012735367,0.3040928468108177,0.30704570189118385,5,7,14,0,,
2026-05-16T01:52:24.018978,noisy,naive,{'bins': 5},7,1,4,ok,7,14,0.0021172044798731804,0.12250893469899893,0.12574404943734407,5,18,26,0,,
2026-05-16T01:52:24.193788,noisy,naive,{'bins': 5},7,2,4,ok,14,21,0.0018058307468891144,0.16719594225287437,0.17008250206708908,5,20,25,0,,
2026-05-16T01:52:24.379067,noisy,naive,{'bins': 5},7,3,4,ok,21,28,0.0018152585253119469,0.17787424381822348,0.18084477167576551,5,15,23,0,,
2026-05-16T01:52:24.509456,noisy,naive,{'bins': 5},7,4,4,ok,28,35,0.0017494456842541695,0.12352337036281824,0.1264001028612256,5,16,22,0,,
2026-05-16T01:52:24.692457,noisy,naive,{'bins': 5},8,0,4,ok,0,8,0.0022086072713136673,0.1161040086299181,0.11961198598146439,5,11,16,0,,
2026-05-16T01:52:24.905481,noisy,naive,{'bins': 5},8,1,4,ok,8,16,0.0018532900139689445,0.205696620978415,0.20872483775019646,5,24,37,0,,
2026-05-16T01:52:25.136563,noisy,naive,{'bins': 5},8,2,4,ok,16,24,0.0018585799261927605,0.22315305192023516,0.22621713671833277,5,13,22,0,,
2026-05-16T01:52:25.246029,noisy,naive,{'bins': 5},8,3,4,ok,24,32,0.0018524490296840668,0.10305051505565643,0.10604902636259794,5,9,15,0,,
2026-05-16T01:52:25.443648,noisy,naive,{'bins': 5},8,4,4,ok,32,40,0.0018931040540337563,0.1896837605163455,0.19281277619302273,5,22,32,0,,
2026-05-16T01:52:25.678950,noisy,naive,{'bins': 5},9,0,4,ok,0,9,0.0022386442869901657,0.168618593364954,0.1724193198606372,5,15,22,0,,
2026-05-16T01:52:25.964409,noisy,naive,{'bins': 5},9,1,4,ok,9,18,0.0020795445889234543,0.2764198612421751,0.2799377767369151,5,14,24,0,,
2026-05-16T01:52:26.238066,noisy,naive,{'bins': 5},9,2,4,ok,18,27,0.0021057846024632454,0.2649040147662163,0.2683448363095522,5,12,20,0,,
2026-05-16T01:52:26.456907,noisy,naive,{'bins': 5},9,3,4,ok,27,36,0.0021569300442934036,0.2097332226112485,0.2132172342389822,5,11,17,0,,
2026-05-16T01:52:26.723178,noisy,naive,{'bins': 5},9,4,4,ok,36,45,0.0021026581525802612,0.2579369926825166,0.26132044568657875,5,21,32,0,,
2026-05-16T01:52:26.991359,noisy,naive,{'bins': 5},10,0,4,ok,0,10,0.002538958564400673,0.2021877123042941,0.20610700268298388,5,11,17,0,,
2026-05-16T01:52:27.286563,noisy,naive,{'bins': 5},10,1,4,ok,10,20,0.002385338768362999,0.2849121382459998,0.2887133061885834,5,13,21,0,,
2026-05-16T01:52:27.513078,noisy,naive,{'bins': 5},10,2,4,ok,20,30,0.0024004681035876274,0.21741891372948885,0.2211363147944212,5,15,22,0,,
2026-05-16T01:52:27.808827,noisy,naive,{'bins': 5},10,3,4,ok,30,40,0.0024050967767834663,0.286122789606452,0.28986636083573103,5,17,26,0,,
2026-05-16T01:52:28.053527,noisy,naive,{'bins': 5},10,4,4,ok,40,50,0.002453136257827282,0.23535564728081226,0.23918041866272688,5,22,30,0,,
2026-05-16T01:52:28.340087,noisy,naive,{'bins': 5},11,0,4,ok,0,11,0.0027554351836442947,0.21893016155809164,0.22324989456683397,5,11,17,0,,
2026-05-16T01:52:28.714771,noisy,naive,{'bins': 5},11,1,4,ok,11,22,0.002634948119521141,0.36285311076790094,0.36703607626259327,5,17,27,0,,
2026-05-16T01:52:28.837914,noisy,naive,{'bins': 5},11,2,4,ok,22,33,0.002633105032145977,0.1140506025403738,0.11810552701354027,5,9,15,0,,
2026-05-16T01:52:29.279825,noisy,naive,{'bins': 5},11,3,4,ok,33,44,0.0026077264919877052,0.4312787149101496,0.43534955009818077,5,21,35,0,,
2026-05-16T01:52:29.537610,noisy,naive,{'bins': 5},11,4,4,ok,44,55,0.0028142044320702553,0.24725735746324062,0.25153703335672617,5,24,33,0,,
2026-05-16T01:52:29.860660,noisy,naive,{'bins': 5},12,0,4,ok,0,12,0.002978282980620861,0.2538957931101322,0.25856762658804655,5,7,12,0,,
2026-05-16T01:52:30.241573,noisy,naive,{'bins': 5},12,1,4,ok,12,24,0.002865140326321125,0.3685650657862425,0.37304849550127983,5,11,19,0,,
2026-05-16T01:52:30.414023,noisy,naive,{'bins': 5},12,2,4,ok,24,36,0.002838481217622757,0.16210602410137653,0.1664629764854908,5,9,15,0,,
2026-05-16T01:52:30.900653,noisy,naive,{'bins': 5},12,3,4,ok,36,48,0.0028892746195197105,0.47532039880752563,0.47977709770202637,5,17,28,0,,
2026-05-16T01:52:31.146268,noisy,naive,{'bins': 5},12,4,4,ok,48,60,0.002966230735182762,0.23393989820033312,0.23853029869496822,5,9,16,0,,
2026-05-16T01:52:31.481017,noisy,naive,{'bins': 5},13,0,4,ok,0,13,0.0032936548814177513,0.2658682959154248,0.2709859861060977,5,11,17,0,,
2026-05-16T01:52:31.872898,noisy,naive,{'bins': 5},13,1,4,ok,13,26,0.0031250175088644028,0.3791525475680828,0.38402071967720985,5,16,25,0,,
2026-05-16T01:52:32.274204,noisy,naive,{'bins': 5},13,2,4,ok,26,39,0.003111223690211773,0.38918604981154203,0.3939661970362067,5,8,16,0,,
2026-05-16T01:52:32.639577,noisy,naive,{'bins': 5},13,3,4,ok,39,52,0.003113437443971634,0.35307639092206955,0.35792278219014406,5,17,25,0,,
2026-05-16T01:52:32.951656,noisy,naive,{'bins': 5},13,4,4,ok,52,65,0.003240283578634262,0.29968845564872026,0.3045989666134119,5,17,26,0,,
2026-05-16T01:52:33.403741,noisy,naive,{'bins': 5},14,0,4,ok,0,14,0.003411104902625084,0.380728698335588,0.38601368200033903,5,15,24,0,,
2026-05-16T01:52:33.773566,noisy,naive,{'bins': 5},14,1,4,ok,14,28,0.0033324379473924637,0.35634375642985106,0.3615018529817462,5,16,25,0,,
2026-05-16T01:52:34.187900,noisy,naive,{'bins': 5},14,2,4,ok,28,42,0.0033148545771837234,0.4011549763381481,0.4062774358317256,5,16,25,0,,
2026-05-16T01:52:34.542977,noisy,naive,{'bins': 5},14,3,4,ok,42,56,0.003339320421218872,0.342019428499043,0.34715520218014717,5,14,20,0,,
2026-05-16T01:52:34.925825,noisy,naive,{'bins': 5},14,4,4,ok,56,70,0.003362715244293213,0.370324220508337,0.37547493260353804,5,8,14,0,,
2026-05-16T01:52:35.416566,noisy,naive,{'bins': 5},15,0,4,ok,0,15,0.003658439964056015,0.41910897195339203,0.42486580181866884,5,11,19,0,,
2026-05-16T01:52:35.960986,noisy,naive,{'bins': 5},15,1,4,ok,15,30,0.0035818256437778473,0.5293062087148428,0.5349357491359115,5,19,29,0,,
2026-05-16T01:52:36.391179,noisy,naive,{'bins': 5},15,2,4,ok,30,45,0.0036747008562088013,0.41578229423612356,0.4214838305488229,5,12,19,0,,
2026-05-16T01:52:36.775337,noisy,naive,{'bins': 5},15,3,4,ok,45,60,0.0035793213173747063,0.36866268143057823,0.374201912432909,5,16,23,0,,
2026-05-16T01:52:37.270865,noisy,naive,{'bins': 5},15,4,4,ok,60,75,0.0036621373146772385,0.48079111333936453,0.48639304284006357,5,16,23,0,,
2026-05-16T01:52:37.772436,noisy,naive,{'bins': 5},16,0,4,ok,0,16,0.0038874195888638496,0.42798052076250315,0.43410151451826096,5,11,19,0,,
2026-05-16T01:52:38.099440,noisy,naive,{'bins': 5},16,1,4,ok,16,32,0.004316937178373337,0.3119114777073264,0.3183924984186888,5,14,20,0,,
2026-05-16T01:52:38.758844,noisy,naive,{'bins': 5},16,2,4,ok,32,48,0.004241565242409706,0.6432689148932695,0.6496400889009237,5,8,15,0,,
2026-05-16T01:52:39.088406,noisy,naive,{'bins': 5},16,3,4,ok,48,64,0.0042365845292806625,0.31413845159113407,0.32049670070409775,5,14,22,0,,
2026-05-16T01:52:39.620654,noisy,naive,{'bins': 5},16,4,4,ok,64,80,0.004154202528297901,0.5157157871872187,0.5220566354691982,5,13,20,0,,
2026-05-16T01:52:40.069577,noisy,naive,{'bins': 5},17,0,4,ok,0,17,0.004209154285490513,0.37544200103729963,0.38188243471086025,5,10,17,0,,
2026-05-16T01:52:40.377321,noisy,naive,{'bins': 5},17,1,4,ok,17,34,0.004042391665279865,0.29203717689961195,0.2982059009373188,5,18,25,0,,
2026-05-16T01:52:40.957441,noisy,naive,{'bins': 5},17,2,4,ok,34,51,0.003989992663264275,0.5641305623576045,0.5703700594604015,5,17,26,0,,
2026-05-16T01:52:41.388629,noisy,naive,{'bins': 5},17,3,4,ok,51,68,0.00402254331856966,0.41505456902086735,0.421329571865499,5,11,18,0,,
2026-05-16T01:52:42.008505,noisy,naive,{'bins': 5},17,4,4,ok,68,85,0.004076684825122356,0.6012316141277552,0.6075813379138708,5,17,25,0,,
2026-05-16T01:52:42.474382,noisy,naive,{'bins': 5},18,0,4,ok,0,18,0.00444529764354229,0.3903330536559224,0.39721932634711266,5,10,17,0,,
2026-05-16T01:52:42.884561,noisy,naive,{'bins': 5},18,1,4,ok,18,36,0.004308000206947327,0.39385174214839935,0.4005013294517994,5,13,19,0,,
2026-05-16T01:52:43.601028,noisy,naive,{'bins': 5},18,2,4,ok,36,54,0.004365858621895313,0.6977366376668215,0.7045057192444801,5,13,21,0,,
2026-05-16T01:52:44.245500,noisy,naive,{'bins': 5},18,3,4,ok,54,72,0.004219925031065941,0.6275128470733762,0.6341144135221839,5,14,22,0,,
2026-05-16T01:52:44.756724,noisy,naive,{'bins': 5},18,4,4,ok,72,90,0.004308170638978481,0.4926420673727989,0.4993365993723273,5,20,29,0,,
2026-05-16T01:52:45.225010,noisy,naive,{'bins': 5},19,0,4,ok,0,19,0.004639171063899994,0.39232784043997526,0.3995226211845875,5,10,17,0,,
2026-05-16T01:52:45.617268,noisy,naive,{'bins': 5},19,1,4,ok,19,38,0.00448288768529892,0.3758997805416584,0.3828522264957428,5,17,24,0,,
2026-05-16T01:52:46.398177,noisy,naive,{'bins': 5},19,2,4,ok,38,57,0.00453940499573946,0.7616640152409673,0.7686797399073839,5,21,29,0,,
2026-05-16T01:52:47.085312,noisy,naive,{'bins': 5},19,3,4,ok,57,76,0.004602312110364437,0.6674988865852356,0.6745780594646931,5,9,15,0,,
2026-05-16T01:52:47.441395,noisy,naive,{'bins': 5},19,4,4,ok,76,95,0.004598385654389858,0.3396699158474803,0.346632931381464,5,15,24,0,,
2026-05-16T01:52:47.951512,noisy,naive,{'bins': 5},20,0,4,ok,0,20,0.0048949019983410835,0.43351923301815987,0.4411122817546129,5,26,35,0,,
2026-05-16T01:52:48.430374,noisy,naive,{'bins': 5},20,1,4,ok,20,40,0.0047836219891905785,0.46107745356857777,0.4684413820505142,5,15,22,0,,
2026-05-16T01:52:49.047793,noisy,naive,{'bins': 5},20,2,4,ok,40,60,0.00472174771130085,0.5979280108585954,0.6052826819941401,5,27,36,0,,
2026-05-16T01:52:49.676053,noisy,naive,{'bins': 5},20,3,4,ok,60,80,0.004812466911971569,0.608383315615356,0.6158720180392265,5,18,26,0,,
2026-05-16T01:52:50.108771,noisy,naive,{'bins': 5},20,4,4,ok,80,100,0.0048767393454909325,0.41424168180674314,0.4216320812702179,5,9,16,0,,
2026-05-16T01:52:50.714273,noisy,naive,{'bins': 5},21,0,4,ok,0,21,0.005036466754972935,0.5276423636823893,0.5354814035817981,5,6,14,0,,
2026-05-16T01:52:51.161315,noisy,naive,{'bins': 5},21,1,4,ok,21,42,0.005016881041228771,0.4282381059601903,0.43595385551452637,5,11,17,0,,
2026-05-16T01:52:51.721829,noisy,naive,{'bins': 5},21,2,4,ok,42,63,0.005055483430624008,0.5406281985342503,0.5483393799513578,5,13,21,0,,
2026-05-16T01:52:52.409204,noisy,naive,{'bins': 5},21,3,4,ok,63,84,0.004943332634866238,0.6654699761420488,0.6731465710327029,5,19,26,0,,
2026-05-16T01:52:52.665050,noisy,naive,{'bins': 5},21,4,4,ok,84,105,0.005058408714830875,0.23938621766865253,0.247022426687181,5,7,12,0,,
2026-05-16T01:52:53.327801,noisy,naive,{'bins': 5},22,0,4,ok,0,22,0.005310541950166225,0.5836892435327172,0.5918787512928247,5,6,14,0,,
2026-05-16T01:52:53.752308,noisy,naive,{'bins': 5},22,1,4,ok,22,44,0.005286035127937794,0.4056313233450055,0.4137134198099375,5,11,18,0,,
2026-05-16T01:52:54.355047,noisy,naive,{'bins': 5},22,2,4,ok,44,66,0.005159339867532253,0.5816546119749546,0.5896531622856855,5,18,27,0,,
2026-05-16T01:52:55.091360,noisy,naive,{'bins': 5},22,3,4,ok,66,88,0.005247224122285843,0.7137364437803626,0.7218667212873697,5,20,29,0,,
2026-05-16T01:52:55.450803,noisy,naive,{'bins': 5},22,4,4,ok,88,110,0.00532000046223402,0.3415871663019061,0.3496552761644125,5,11,17,0,,
2026-05-16T01:52:56.059140,noisy,naive,{'bins': 5},23,0,4,ok,0,23,0.0056266868487000465,0.529504181817174,0.5381964547559619,5,15,24,0,,
2026-05-16T01:52:56.550642,noisy,naive,{'bins': 5},23,1,4,ok,23,46,0.005934715270996094,0.47075636871159077,0.47970603592693806,5,14,22,0,,
2026-05-16T01:52:57.334132,noisy,naive,{'bins': 5},23,2,4,ok,46,69,0.005662503652274609,0.7604735912755132,0.7691786782816052,5,20,29,0,,
2026-05-16T01:52:58.086567,noisy,naive,{'bins': 5},23,3,4,ok,69,92,0.0058693233877420425,0.7271236842498183,0.7360750641673803,5,13,22,0,,
2026-05-16T01:52:58.448191,noisy,naive,{'bins': 5},23,4,4,ok,92,115,0.0059028249233961105,0.3402822446078062,0.3490632949396968,5,7,12,0,,
2026-05-16T01:52:59.068225,noisy,naive,{'bins': 5},24,0,4,ok,0,24,0.0059306081384420395,0.5395968528464437,0.54858523234725,5,15,24,0,,
2026-05-16T01:52:59.661792,noisy,naive,{'bins': 5},24,1,4,ok,24,48,0.0057077184319496155,0.5720809334889054,0.580828420817852,5,14,22,0,,
2026-05-16T01:53:00.474900,noisy,naive,{'bins': 5},24,2,4,ok,48,72,0.005752763710916042,0.7895247945562005,0.7984272232279181,5,26,37,0,,
2026-05-16T01:53:01.147085,noisy,naive,{'bins': 5},24,3,4,ok,72,96,0.005760878324508667,0.6493839286267757,0.6581741962581873,5,20,31,0,,
2026-05-16T01:53:01.529342,noisy,naive,{'bins': 5},24,4,4,ok,96,120,0.00570516474545002,0.36200176179409027,0.37070622853934765,5,24,32,0,,
2026-05-16T01:53:02.234756,noisy,naive,{'bins': 5},25,0,4,ok,0,25,0.006089424714446068,0.6258242670446634,0.6351596368476748,5,19,30,0,,
2026-05-16T01:53:02.860014,noisy,naive,{'bins': 5},25,1,4,ok,25,50,0.005932509899139404,0.6022679405286908,0.6114223701879382,5,14,22,0,,
2026-05-16T01:53:03.882642,noisy,naive,{'bins': 5},25,2,4,ok,50,75,0.0059934351593256,0.9958280958235264,1.0051317969337106,5,20,29,0,,
2026-05-16T01:53:04.539599,noisy,naive,{'bins': 5},25,3,4,ok,75,100,0.005953138694167137,0.6340296855196357,0.6432387782260776,5,22,34,0,,
2026-05-16T01:53:05.035932,noisy,naive,{'bins': 5},25,4,4,ok,100,125,0.0060234712436795235,0.4742129798978567,0.48338819947093725,5,20,28,0,,
2026-05-16T01:53:05.812054,noisy,naive,{'bins': 5},26,0,4,ok,0,26,0.006244216114282608,0.6946446318179369,0.7043178677558899,5,19,31,0,,
2026-05-16T01:53:06.694979,noisy,naive,{'bins': 5},26,1,4,ok,26,52,0.006265025585889816,0.8572080265730619,0.866811010055244,5,12,20,0,,
2026-05-16T01:53:07.729192,noisy,naive,{'bins': 5},26,2,4,ok,52,78,0.006132957525551319,1.0081343557685614,1.0177812110632658,5,28,39,0,,
2026-05-16T01:53:08.053439,noisy,naive,{'bins': 5},26,3,4,ok,78,104,0.006211644969880581,0.3053606376051903,0.31481091398745775,5,18,27,0,,
2026-05-16T01:53:09.546086,noisy,naive,{'bins': 5},26,4,4,ok,104,130,0.00622966792434454,1.4582177745178342,1.468027375638485,5,10,18,0,,
2026-05-16T01:53:10.331464,noisy,naive,{'bins': 5},27,0,4,ok,0,27,0.006582221016287804,0.7027346547693014,0.7128826417028904,5,19,31,0,,
2026-05-16T01:53:11.269388,noisy,naive,{'bins': 5},27,1,4,ok,27,54,0.0064040059223771095,0.9109063744544983,0.9208605978637934,5,12,20,0,,
2026-05-16T01:53:12.295814,noisy,naive,{'bins': 5},27,2,4,ok,54,81,0.006461825221776962,0.9995422810316086,1.0094770286232233,5,16,26,0,,
2026-05-16T01:53:12.726874,noisy,naive,{'bins': 5},27,3,4,ok,81,108,0.006468707695603371,0.40885725151747465,0.41867888532578945,5,11,17,0,,
2026-05-16T01:53:14.174159,noisy,naive,{'bins': 5},27,4,4,ok,108,135,0.006441506557166576,1.4140612240880728,1.4241546085104346,5,17,26,0,,
2026-05-16T01:53:14.978845,noisy,naive,{'bins': 5},28,0,4,ok,0,28,0.0067261215299367905,0.7210089722648263,0.7314192522317171,5,16,27,0,,
2026-05-16T01:53:16.014256,noisy,naive,{'bins': 5},28,1,4,ok,28,56,0.0067084776237607,1.0089606465771794,1.0193107035011053,5,14,23,0,,
2026-05-16T01:53:17.022000,noisy,naive,{'bins': 5},28,2,4,ok,56,84,0.006745637394487858,0.979648713953793,0.990008738823235,5,16,25,0,,
2026-05-16T01:53:17.449421,noisy,naive,{'bins': 5},28,3,4,ok,84,112,0.006690182723104954,0.4046974200755358,0.41483911499381065,5,11,17,0,,
2026-05-16T01:53:19.350903,noisy,naive,{'bins': 5},28,4,4,ok,112,140,0.006745948456227779,1.8644082788378,1.8749663857743144,5,27,40,0,,
2026-05-16T01:53:20.288021,noisy,naive,{'bins': 5},29,0,4,ok,0,29,0.007464016787707806,0.8488523857668042,0.8601377680897713,5,27,39,0,,
2026-05-16T01:53:21.256084,noisy,naive,{'bins': 5},29,1,4,ok,29,58,0.007036672905087471,0.9401615029200912,0.9509390806779265,5,14,23,0,,
2026-05-16T01:53:22.281772,noisy,naive,{'bins': 5},29,2,4,ok,58,87,0.007060488685965538,0.9940633224323392,1.0049076369032264,5,17,27,0,,
2026-05-16T01:53:22.713637,noisy,naive,{'bins': 5},29,3,4,ok,87,116,0.0071767475455999374,0.4072637986391783,0.41795360390096903,5,11,17,0,,
2026-05-16T01:53:24.110257,noisy,naive,{'bins': 5},29,4,4,ok,116,145,0.007409123703837395,1.3606059635058045,1.3718141317367554,5,7,15,0,,
2026-05-16T01:53:25.005358,noisy,naive,{'bins': 5},30,0,4,ok,0,30,0.007200220599770546,0.8099949564784765,0.8210391253232956,5,19,32,0,,
2026-05-16T01:53:26.028168,noisy,naive,{'bins': 5},30,1,4,ok,30,60,0.007212434895336628,0.9922019578516483,1.0033048689365387,5,10,17,0,,
2026-05-16T01:53:27.045670,noisy,naive,{'bins': 5},30,2,4,ok,60,90,0.007119018584489822,0.9856308689340949,0.9966889750212431,5,26,35,0,,
2026-05-16T01:53:27.450443,noisy,naive,{'bins': 5},30,3,4,ok,90,120,0.007090856321156025,0.3786547351628542,0.38948155753314495,5,14,19,0,,
2026-05-16T01:53:28.929043,noisy,naive,{'bins': 5},30,4,4,ok,120,150,0.0070283981040120125,1.4439681759104133,1.4549221266061068,5,20,30,0,,
2026-05-16T01:53:29.757441,noisy,naive,{'bins': 5},31,0,4,ok,0,31,0.0075269341468811035,0.7412810912355781,0.752803067676723,5,21,31,0,,
2026-05-16T01:53:30.676340,noisy,naive,{'bins': 5},31,1,4,ok,31,62,0.007332799956202507,0.8888393677771091,0.9001364316791296,5,12,20,0,,
2026-05-16T01:53:31.720524,noisy,naive,{'bins': 5},31,2,4,ok,62,93,0.007406898774206638,1.012406880967319,1.0238138008862734,5,19,29,0,,
2026-05-16T01:53:32.139453,noisy,naive,{'bins': 5},31,3,4,ok,93,124,0.0073857298120856285,0.3916844632476568,0.4029270466417074,5,15,20,0,,
2026-05-16T01:53:32.911917,noisy,naive,{'bins': 5},31,4,4,ok,124,155,0.007402361370623112,0.7421673461794853,0.7535036141052842,5,15,24,0,,
2026-05-16T01:53:33.746020,noisy,naive,{'bins': 5},32,0,4,ok,0,32,0.007646098732948303,0.745419311337173,0.7571826912462711,5,21,31,0,,
2026-05-16T01:53:34.719755,noisy,naive,{'bins': 5},32,1,4,ok,32,64,0.007577730342745781,0.9432128435000777,0.9548224555328488,5,12,20,0,,
2026-05-16T01:53:35.742370,noisy,naive,{'bins': 5},32,2,4,ok,64,96,0.0076514678075909615,0.9901073956862092,1.0019544027745724,5,20,30,0,,
2026-05-16T01:53:36.384074,noisy,naive,{'bins': 5},32,3,4,ok,96,128,0.007668741047382355,0.6134500717744231,0.6251349141821265,5,19,27,0,,
2026-05-16T01:53:37.244607,noisy,naive,{'bins': 5},32,4,4,ok,128,160,0.007710399106144905,0.8268314339220524,0.8386055734008551,5,15,25,0,,
2026-05-16T01:53:38.089297,noisy,naive,{'bins': 5},33,0,4,ok,0,33,0.007961018942296505,0.7544786958023906,0.7666604313999414,5,21,31,0,,
2026-05-16T01:53:39.251716,noisy,naive,{'bins': 5},33,1,4,ok,33,66,0.007840042933821678,1.1299064606428146,1.1419952614232898,5,12,20,0,,
2026-05-16T01:53:40.439914,noisy,naive,{'bins': 5},33,2,4,ok,66,99,0.007861502468585968,1.1548835849389434,1.1670359056442976,5,20,30,0,,
2026-05-16T01:53:41.146156,noisy,naive,{'bins': 5},33,3,4,ok,99,132,0.007873564958572388,0.6754185184836388,0.6874608723446727,5,19,27,0,,
2026-05-16T01:53:42.173752,noisy,naive,{'bins': 5},33,4,4,ok,132,165,0.007965028285980225,0.9919504877179861,1.00418493244797,5,15,25,0,,
2026-05-16T01:53:43.024512,noisy,naive,{'bins': 5},34,0,4,ok,0,34,0.008314433507621288,0.7596263820305467,0.7722835913300514,5,21,31,0,,
2026-05-16T01:53:44.278516,noisy,naive,{'bins': 5},34,1,4,ok,34,68,0.008107985369861126,1.2210402889177203,1.2334929732605815,5,19,29,0,,
2026-05-16T01:53:45.463871,noisy,naive,{'bins': 5},34,2,4,ok,68,102,0.008173408918082714,1.14987803529948,1.1624773545190692,5,20,31,0,,
2026-05-16T01:53:45.996408,noisy,naive,{'bins': 5},34,3,4,ok,102,136,0.008105902001261711,0.5029203705489635,0.5152803109958768,5,17,25,0,,
2026-05-16T01:53:47.204441,noisy,naive,{'bins': 5},34,4,4,ok,136,170,0.05775124952197075,1.1194231854751706,1.1820983719080687,5,12,21,0,,
2026-05-16T01:53:48.126798,noisy,naive,{'bins': 5},35,0,4,ok,0,35,0.008407168090343475,0.8302603140473366,0.8431543968617916,5,19,30,0,,
2026-05-16T01:53:49.399690,noisy,naive,{'bins': 5},35,1,4,ok,35,70,0.008320093154907227,1.2362933214753866,1.249056588858366,5,9,16,0,,
2026-05-16T01:53:49.807603,noisy,naive,{'bins': 5},35,2,4,ok,70,105,0.008291269652545452,0.38016389962285757,0.39267139695584774,5,14,22,0,,
2026-05-16T01:53:52.444086,noisy,naive,{'bins': 5},35,3,4,ok,105,140,0.008969392627477646,2.5885049644857645,2.6023109406232834,5,21,32,0,,
2026-05-16T01:53:53.548349,noisy,naive,{'bins': 5},35,4,4,ok,140,175,0.009187843650579453,1.069798787124455,1.0834252955392003,5,13,23,0,,
2026-05-16T01:53:54.494082,noisy,naive,{'bins': 5},36,0,4,ok,0,36,0.008955317549407482,0.8522922471165657,0.8658408401533961,5,20,31,0,,
2026-05-16T01:53:55.923693,noisy,naive,{'bins': 5},36,1,4,ok,36,72,0.00863632746040821,1.3927473835647106,1.4060821747407317,5,12,20,0,,
2026-05-16T01:53:56.411531,noisy,naive,{'bins': 5},36,2,4,ok,72,108,0.00874063465744257,0.45863507874310017,0.4719152869656682,5,13,21,0,,
2026-05-16T01:53:58.288061,noisy,naive,{'bins': 5},36,3,4,ok,108,144,0.008528436534106731,1.8328708000481129,1.8461757153272629,5,22,35,0,,
2026-05-16T01:53:59.680848,noisy,naive,{'bins': 5},36,4,4,ok,144,180,0.008678556419909,1.357714026235044,1.3710313038900495,5,27,39,0,,
2026-05-16T01:54:00.650513,noisy,naive,{'bins': 5},37,0,4,ok,0,37,0.008917134255170822,0.8765967590734363,0.8902823682874441,5,20,31,0,,
2026-05-16T01:54:02.189866,noisy,naive,{'bins': 5},37,1,4,ok,37,74,0.008743218146264553,1.5005522277206182,1.5141185335814953,5,12,20,0,,
2026-05-16T01:54:02.716823,noisy,naive,{'bins': 5},37,2,4,ok,74,111,0.008810616098344326,0.49648189079016447,0.5098699321970344,5,13,21,0,,
2026-05-16T01:54:04.488804,noisy,naive,{'bins': 5},37,3,4,ok,111,148,0.008754570968449116,1.7274379013106227,1.741168045438826,5,15,24,0,,
2026-05-16T01:54:05.601547,noisy,naive,{'bins': 5},37,4,4,ok,148,185,0.008952602744102478,1.0763496588915586,1.090009962208569,5,15,24,0,,
2026-05-16T01:54:06.603794,noisy,naive,{'bins': 5},38,0,4,ok,0,38,0.009065334685146809,0.9080949183553457,0.9220699816942215,5,24,34,0,,
2026-05-16T01:54:08.298125,noisy,naive,{'bins': 5},38,1,4,ok,38,76,0.009108725935220718,1.6482440661638975,1.6623558467254043,5,9,16,0,,
2026-05-16T01:54:08.859861,noisy,naive,{'bins': 5},38,2,4,ok,76,114,0.009161443449556828,0.529307303018868,0.5432518683373928,5,14,22,0,,
2026-05-16T01:54:09.733609,noisy,naive,{'bins': 5},38,3,4,ok,114,152,0.008948182687163353,0.8379742605611682,0.85173131339252,5,19,29,0,,
2026-05-16T01:54:10.936753,noisy,naive,{'bins': 5},38,4,4,ok,152,190,0.009222600609064102,1.1672192215919495,1.1813049335032701,5,17,25,0,,
2026-05-16T01:54:12.049348,noisy,naive,{'bins': 5},39,0,4,ok,0,39,0.00947604514658451,1.0130307748913765,1.027566029690206,5,20,29,0,,
2026-05-16T01:54:13.703065,noisy,naive,{'bins': 5},39,1,4,ok,39,78,0.009338396601378918,1.611153774894774,1.6255093030631542,5,11,20,0,,
2026-05-16T01:54:14.280448,noisy,naive,{'bins': 5},39,2,4,ok,78,117,0.009339469484984875,0.5454510590061545,0.5596085451543331,5,26,35,0,,
2026-05-16T01:54:15.191461,noisy,naive,{'bins': 5},39,3,4,ok,117,156,0.009308118373155594,0.8730699066072702,0.8872646419331431,5,20,29,0,,
2026-05-16T01:54:16.333679,noisy,naive,{'bins': 5},39,4,4,ok,156,195,0.009392707608640194,1.104636619798839,1.1189790526404977,5,14,21,0,,
2026-05-16T01:54:17.511627,noisy,naive,{'bins': 5},40,0,4,ok,0,40,0.009644822217524052,1.0760739222168922,1.091019557788968,5,20,29,0,,
2026-05-16T01:54:18.807941,noisy,naive,{'bins': 5},40,1,4,ok,40,80,0.00953635759651661,1.2551390351727605,1.2698331382125616,5,28,38,0,,
2026-05-16T01:54:19.403152,noisy,naive,{'bins': 5},40,2,4,ok,80,120,0.009493046440184116,0.557149707339704,0.5716356504708529,5,7,12,0,,
2026-05-16T01:54:20.514643,noisy,naive,{'bins': 5},40,3,4,ok,120,160,0.009590290486812592,1.067928897216916,1.0825533103197813,5,15,25,0,,
2026-05-16T01:54:21.570881,noisy,naive,{'bins': 5},40,4,4,ok,160,200,0.010760847479104996,1.019426074810326,1.0353695442900062,5,16,24,0,,
2026-05-16T01:54:22.871462,noisy,naive,{'bins': 5},41,0,4,ok,0,41,0.0103452168405056,1.1963603859767318,1.2119787456467748,5,20,29,0,,
2026-05-16T01:54:24.209144,noisy,naive,{'bins': 5},41,1,4,ok,41,82,0.010087624192237854,1.293479984626174,1.3087904760614038,5,22,30,0,,
2026-05-16T01:54:24.827714,noisy,naive,{'bins': 5},41,2,4,ok,82,123,0.010565671138465405,0.5764874322339892,0.5922459652647376,5,7,12,0,,
2026-05-16T01:54:25.978375,noisy,naive,{'bins': 5},41,3,4,ok,123,164,0.010194052010774612,1.1042213095352054,1.1196338925510645,5,15,25,0,,
2026-05-16T01:54:27.046923,noisy,naive,{'bins': 5},41,4,4,ok,164,205,0.010617298074066639,1.0313171660527587,1.0471750348806381,5,25,34,0,,
2026-05-16T01:54:28.344778,noisy,naive,{'bins': 5},42,0,4,ok,0,42,0.010617759078741074,1.192697336897254,1.2087407046929002,5,20,29,0,,
2026-05-16T01:54:29.754939,noisy,naive,{'bins': 5},42,1,4,ok,42,84,0.010354295372962952,1.362922528758645,1.378758316859603,5,22,30,0,,
2026-05-16T01:54:30.383600,noisy,naive,{'bins': 5},42,2,4,ok,84,126,0.010649147443473339,0.5880972743034363,0.6039962898939848,5,11,17,0,,
2026-05-16T01:54:31.729987,noisy,naive,{'bins': 5},42,3,4,ok,126,168,0.010455544106662273,1.3074250714853406,1.3231508824974298,5,22,36,0,,
2026-05-16T01:54:32.721609,noisy,naive,{'bins': 5},42,4,4,ok,168,210,0.010404819622635841,0.9535899441689253,0.9692306257784367,5,23,31,0,,
2026-05-16T01:54:33.959789,noisy,naive,{'bins': 5},43,0,4,ok,0,43,0.010870673693716526,1.1320229889824986,1.1485466286540031,5,20,29,0,,
2026-05-16T01:54:35.473186,noisy,naive,{'bins': 5},43,1,4,ok,43,86,0.010724480263888836,1.4659493621438742,1.4823077712208033,5,13,23,0,,
2026-05-16T01:54:36.203884,noisy,naive,{'bins': 5},43,2,4,ok,86,129,0.010734357871115208,0.6846713684499264,0.7008838234469295,5,7,12,0,,
2026-05-16T01:54:37.593278,noisy,naive,{'bins': 5},43,3,4,ok,129,172,0.010382828302681446,1.343979106284678,1.3598460238426924,5,10,19,0,,
2026-05-16T01:54:39.304807,noisy,naive,{'bins': 5},43,4,4,ok,172,215,0.011215982027351856,1.6621059803292155,1.6790331872180104,5,21,31,0,,
2026-05-16T01:54:40.613541,noisy,naive,{'bins': 5},44,0,4,ok,0,44,0.011156040243804455,1.2018896797671914,1.2187318475916982,5,20,29,0,,
2026-05-16T01:54:42.193658,noisy,naive,{'bins': 5},44,1,4,ok,44,88,0.010976742953062057,1.531541857868433,1.548162148334086,5,13,23,0,,
2026-05-16T01:54:42.897358,noisy,naive,{'bins': 5},44,2,4,ok,88,132,0.010630102828145027,0.6549101499840617,0.6710954252630472,5,7,12,0,,
2026-05-16T01:54:44.494632,noisy,naive,{'bins': 5},44,3,4,ok,132,176,0.010645200498402119,1.5459295250475407,1.5621992079541087,5,11,20,0,,
2026-05-16T01:54:46.242254,noisy,naive,{'bins': 5},44,4,4,ok,176,220,0.011393946595489979,1.6981616979464889,1.7154095377773046,5,11,18,0,,
2026-05-16T01:54:47.583059,noisy,naive,{'bins': 5},45,0,4,ok,0,45,0.010931918397545815,1.2347171371802688,1.2514173183590174,5,20,29,0,,
2026-05-16T01:54:49.064477,noisy,naive,{'bins': 5},45,1,4,ok,45,90,0.010824237018823624,1.4329563165083528,1.4496449464932084,5,13,23,0,,
2026-05-16T01:54:49.868212,noisy,naive,{'bins': 5},45,2,4,ok,90,135,0.01083423476666212,0.7548300279304385,0.7714054239913821,5,14,19,0,,
2026-05-16T01:54:51.720989,noisy,naive,{'bins': 5},45,3,4,ok,135,180,0.010869791731238365,1.7973849782720208,1.8141042152419686,5,11,20,0,,
2026-05-16T01:54:52.906063,noisy,naive,{'bins': 5},45,4,4,ok,180,225,0.011614561080932617,1.135793400928378,1.1532885748893023,5,9,17,0,,
2026-05-16T01:54:54.306770,noisy,naive,{'bins': 5},46,0,4,ok,0,46,0.011584503576159477,1.29243668820709,1.3100276309996843,5,20,29,0,,
2026-05-16T01:54:55.934461,noisy,naive,{'bins': 5},46,1,4,ok,46,92,0.011420026421546936,1.5785785969346762,1.5959640555083752,5,13,23,0,,
2026-05-16T01:54:56.739018,noisy,naive,{'bins': 5},46,2,4,ok,92,138,0.011246961541473866,0.7526357974857092,0.7696511810645461,5,14,19,0,,
2026-05-16T01:54:58.393539,noisy,naive,{'bins': 5},46,3,4,ok,138,184,0.011098912917077541,1.6006035469472408,1.6176139507442713,5,11,20,0,,
2026-05-16T01:54:59.858219,noisy,naive,{'bins': 5},46,4,4,ok,184,230,0.011120573617517948,1.4171752026304603,1.4341417634859681,5,15,25,0,,
2026-05-16T01:55:01.283119,noisy,naive,{'bins': 5},47,0,4,ok,0,47,0.011278839781880379,1.31647240370512,1.3338078474625945,5,20,29,0,,
2026-05-16T01:55:02.861299,noisy,naive,{'bins': 5},47,1,4,ok,47,94,0.01121776644140482,1.5279232542961836,1.5451505640521646,5,15,25,0,,
2026-05-16T01:55:03.768088,noisy,naive,{'bins': 5},47,2,4,ok,94,141,0.011998692527413368,0.8548827758058906,0.8728744620457292,5,14,20,0,,
2026-05-16T01:55:05.498751,noisy,naive,{'bins': 5},47,3,4,ok,141,188,0.011687067337334156,1.6769489152356982,1.6946409987285733,5,11,20,0,,
2026-05-16T01:55:06.564621,noisy,naive,{'bins': 5},47,4,4,ok,188,235,0.011631863191723824,1.0230109691619873,1.0405155308544636,5,28,38,0,,
2026-05-16T01:55:08.095327,noisy,naive,{'bins': 5},48,0,4,ok,0,48,0.011732642538845539,1.4196238508448005,1.4375880155712366,5,20,29,0,,
2026-05-16T01:55:09.774427,noisy,naive,{'bins': 5},48,1,4,ok,48,96,0.011661447584629059,1.631291356869042,1.6492049461230636,5,24,35,0,,
2026-05-16T01:55:10.980790,noisy,naive,{'bins': 5},48,2,4,ok,96,144,0.01145219523459673,1.1608792701736093,1.1784568885341287,5,15,23,0,,
2026-05-16T01:55:12.619389,noisy,naive,{'bins': 5},48,3,4,ok,144,192,0.011447657831013203,1.593235763721168,1.6108296234160662,5,17,28,0,,
2026-05-16T01:55:13.763724,noisy,naive,{'bins': 5},48,4,4,ok,192,240,0.011490557342767715,1.0986726740375161,1.1162515943869948,5,34,47,0,,
2026-05-16T01:55:15.302136,noisy,naive,{'bins': 5},49,0,4,ok,0,49,0.011946724727749825,1.4274943806231022,1.445754681713879,5,20,29,0,,
2026-05-16T01:55:17.021691,noisy,naive,{'bins': 5},49,1,4,ok,49,98,0.011671769432723522,1.670306133106351,1.6882998133078218,5,24,35,0,,
2026-05-16T01:55:18.333989,noisy,naive,{'bins': 5},49,2,4,ok,98,147,0.01245951745659113,1.2647780999541283,1.2835183823481202,5,20,29,0,,
2026-05-16T01:55:19.979075,noisy,naive,{'bins': 5},49,3,4,ok,147,196,0.011952685192227364,1.5904873330146074,1.6086845751851797,5,11,19,0,,
2026-05-16T01:55:21.329727,noisy,naive,{'bins': 5},49,4,4,ok,196,245,0.012174021452665329,1.300833959132433,1.3192825829610229,5,30,42,0,,
2026-05-16T01:55:23.031129,noisy,naive,{'bins': 5},50,0,4,ok,0,50,0.012153422459959984,1.5955984313040972,1.6141946520656347,5,31,44,0,,
2026-05-16T01:55:24.917637,noisy,naive,{'bins': 5},50,1,4,ok,50,100,0.012165133841335773,1.835190987214446,1.8537915665656328,5,24,35,0,,
2026-05-16T01:55:26.214057,noisy,naive,{'bins': 5},50,2,4,ok,100,150,0.011956172995269299,1.2478674044832587,1.2661904133856297,5,13,22,0,,
2026-05-16T01:55:27.628408,noisy,naive,{'bins': 5},50,3,4,ok,150,200,0.011861094273626804,1.3590077320113778,1.3772930894047022,5,11,19,0,,
2026-05-16T01:55:28.986724,noisy,naive,{'bins': 5},50,4,4,ok,200,250,0.012075114995241165,1.30417197663337,1.3226740015670657,5,29,38,0,,
2026-05-16T01:55:30.668682,noisy,naive,{'bins': 5},51,0,4,ok,0,51,0.012293475680053234,1.5756348622962832,1.5943948114290833,5,31,44,0,,
2026-05-16T01:55:32.630359,noisy,naive,{'bins': 5},51,1,4,ok,51,102,0.012214849703013897,1.9115297831594944,1.9302322547882795,5,22,33,0,,
2026-05-16T01:55:33.725627,noisy,naive,{'bins': 5},51,2,4,ok,102,153,0.012112906202673912,1.0487791011109948,1.0674038864672184,5,21,28,0,,
2026-05-16T01:55:35.159510,noisy,naive,{'bins': 5},51,3,4,ok,153,204,0.012302231974899769,1.386332836933434,1.4050597148016095,5,21,30,0,,
2026-05-16T01:55:36.571908,noisy,naive,{'bins': 5},51,4,4,ok,204,255,0.013149072416126728,1.3579762261360884,1.3777394695207477,5,20,29,0,,
2026-05-16T01:55:38.342884,noisy,naive,{'bins': 5},52,0,4,ok,0,52,0.013015370815992355,1.6613186672329903,1.6810510326176882,5,31,44,0,,
2026-05-16T01:55:39.172717,noisy,naive,{'bins': 5},52,1,4,ok,52,104,0.012646518647670746,0.7874117745086551,0.8064837399870157,5,19,28,0,,
2026-05-16T01:55:40.280086,noisy,naive,{'bins': 5},52,2,4,ok,104,156,0.01255792286247015,1.0524088377133012,1.071527261286974,5,18,28,0,,
2026-05-16T01:55:41.772012,noisy,naive,{'bins': 5},52,3,4,ok,156,208,0.012596975080668926,1.4432680550962687,1.4625094579532743,5,21,30,0,,
2026-05-16T01:55:43.187160,noisy,naive,{'bins': 5},52,4,4,ok,208,260,0.012549776583909988,1.3604934634640813,1.379705191589892,5,20,29,0,,
2026-05-16T01:55:44.894535,noisy,naive,{'bins': 5},53,0,4,ok,0,53,0.012668839655816555,1.5988635038957,1.6183820376172662,5,31,44,0,,
2026-05-16T01:55:45.689396,noisy,naive,{'bins': 5},53,1,4,ok,53,106,0.012692074291408062,0.753125068731606,0.7724559297785163,5,19,28,0,,
2026-05-16T01:55:47.052175,noisy,naive,{'bins': 5},53,2,4,ok,106,159,0.012550347484648228,1.249612994492054,1.2688631331548095,5,14,24,0,,
2026-05-16T01:55:48.447596,noisy,naive,{'bins': 5},53,3,4,ok,159,212,0.06278117466717958,1.2954291617497802,1.3653063522651792,5,17,25,0,,
2026-05-16T01:55:49.353066,noisy,naive,{'bins': 5},53,4,4,ok,212,265,0.012597385793924332,0.8558327723294497,0.8750473344698548,5,26,33,0,,
2026-05-16T01:55:51.062317,noisy,naive,{'bins': 5},54,0,4,ok,0,54,0.012974404729902744,1.5991381099447608,1.6190579980611801,5,31,44,0,,
2026-05-16T01:55:52.016809,noisy,naive,{'bins': 5},54,1,4,ok,54,108,0.012837527319788933,0.9111028928309679,0.9307054840028286,5,19,28,0,,
2026-05-16T01:55:53.394334,noisy,naive,{'bins': 5},54,2,4,ok,108,162,0.013043914921581745,1.3242590818554163,1.3440952207893133,5,18,29,0,,
2026-05-16T01:55:54.817950,noisy,naive,{'bins': 5},54,3,4,ok,162,216,0.012932484969496727,1.3712785681709647,1.3911068132147193,5,25,34,0,,
2026-05-16T01:55:55.839441,noisy,naive,{'bins': 5},54,4,4,ok,216,270,0.012953714467585087,0.9717154260724783,0.9915926018729806,5,24,33,0,,
2026-05-16T01:55:57.604860,noisy,naive,{'bins': 5},55,0,4,ok,0,55,0.013207382522523403,1.6535431183874607,1.6737608145922422,5,27,38,0,,
2026-05-16T01:55:58.547065,noisy,naive,{'bins': 5},55,1,4,ok,55,110,0.013946780003607273,0.8974179644137621,0.9183242535218596,5,19,28,0,,
2026-05-16T01:56:00.093737,noisy,naive,{'bins': 5},55,2,4,ok,110,165,0.013670241460204124,1.4905332839116454,1.5112371845170856,5,18,29,0,,
2026-05-16T01:56:01.456137,noisy,naive,{'bins': 5},55,3,4,ok,165,220,0.013529226183891296,1.3108761394396424,1.3314147591590881,5,25,34,0,,
2026-05-16T01:56:02.546918,noisy,naive,{'bins': 5},55,4,4,ok,220,275,0.01394233200699091,1.0371731277555227,1.0580775737762451,5,22,30,0,,
2026-05-16T01:56:04.342262,noisy,naive,{'bins': 5},56,0,4,ok,0,56,0.013633892871439457,1.6823780266568065,1.7031912012025714,5,27,38,0,,
2026-05-16T01:56:05.332848,noisy,naive,{'bins': 5},56,1,4,ok,56,112,0.013374445959925652,0.9451895849779248,0.9655543770641088,5,20,30,0,,
2026-05-16T01:56:06.945480,noisy,naive,{'bins': 5},56,2,4,ok,112,168,0.013263487257063389,1.5555786835029721,1.5760221034288406,5,18,29,0,,
2026-05-16T01:56:08.245809,noisy,naive,{'bins': 5},56,3,4,ok,168,224,0.013441250659525394,1.2480092234909534,1.268539666198194,5,23,31,0,,
2026-05-16T01:56:09.449985,noisy,naive,{'bins': 5},56,4,4,ok,224,280,0.013374244794249535,1.1491771284490824,1.1697257366031408,5,26,34,0,,
2026-05-16T01:56:11.332944,noisy,naive,{'bins': 5},57,0,4,ok,0,57,0.013652017340064049,1.768334774300456,1.7893475741147995,5,27,38,0,,
2026-05-16T01:56:12.343182,noisy,naive,{'bins': 5},57,1,4,ok,57,114,0.01357880886644125,0.9642986096441746,0.985048945993185,5,20,30,0,,
2026-05-16T01:56:14.261391,noisy,naive,{'bins': 5},57,2,4,ok,114,171,0.013607683591544628,1.8634023498743773,1.8843253208324313,5,25,39,0,,
2026-05-16T01:56:15.597101,noisy,naive,{'bins': 5},57,3,4,ok,171,228,0.013579420745372772,1.283272884786129,1.3040974820032716,5,20,29,0,,
2026-05-16T01:56:16.854504,noisy,naive,{'bins': 5},57,4,4,ok,228,285,0.01372316014021635,1.2017564671114087,1.2227507522329688,5,26,34,0,,
2026-05-16T01:56:18.844150,noisy,naive,{'bins': 5},58,0,4,ok,0,58,0.013885105028748512,1.8714063307270408,1.892638523131609,5,27,38,0,,
2026-05-16T01:56:19.867792,noisy,naive,{'bins': 5},58,1,4,ok,58,116,0.013910172507166862,0.975986679084599,0.9972236892208457,5,20,30,0,,
2026-05-16T01:56:21.771535,noisy,naive,{'bins': 5},58,2,4,ok,116,174,0.013838295824825764,1.8350754855200648,1.8563395561650395,5,12,21,0,,
2026-05-16T01:56:23.871981,noisy,naive,{'bins': 5},58,3,4,ok,174,232,0.013987778685986996,2.036336692981422,2.057881792075932,5,15,26,0,,
2026-05-16T01:56:25.088388,noisy,naive,{'bins': 5},58,4,4,ok,232,290,0.013924798928201199,1.1594701884314418,1.1807180494070053,5,19,28,0,,
2026-05-16T01:56:27.038744,noisy,naive,{'bins': 5},59,0,4,ok,0,59,0.014400522224605083,1.8332216246053576,1.8552102074027061,5,27,38,0,,
2026-05-16T01:56:28.000272,noisy,naive,{'bins': 5},59,1,4,ok,59,118,0.014215735718607903,0.9104841826483607,0.9320845054462552,5,28,37,0,,
2026-05-16T01:56:30.188885,noisy,naive,{'bins': 5},59,2,4,ok,118,177,0.014984278939664364,2.1074420399963856,2.130099688656628,5,7,15,0,,
2026-05-16T01:56:31.591748,noisy,naive,{'bins': 5},59,3,4,ok,177,236,0.014288241975009441,1.3468558574095368,1.3686326313763857,5,29,40,0,,
2026-05-16T01:56:33.337347,noisy,naive,{'bins': 5},59,4,4,ok,236,295,0.01477659959346056,1.6829930152744055,1.7055544639006257,5,19,31,0,,
2026-05-16T01:56:35.358729,noisy,naive,{'bins': 5},60,0,4,ok,0,60,0.014580750837922096,1.902486857958138,1.9248290546238422,5,27,38,0,,
2026-05-16T01:56:36.332339,noisy,naive,{'bins': 5},60,1,4,ok,60,120,0.014541417360305786,0.911663668230176,0.933740315027535,5,17,24,0,,
2026-05-16T01:56:38.606118,noisy,naive,{'bins': 5},60,2,4,ok,120,180,0.014157186262309551,2.190684820525348,2.212572705000639,5,7,15,0,,
2026-05-16T01:56:39.969990,noisy,naive,{'bins': 5},60,3,4,ok,180,240,0.014322426170110703,1.308722679503262,1.3306195894256234,5,29,40,0,,
2026-05-16T01:56:41.791839,noisy,naive,{'bins': 5},60,4,4,ok,240,300,0.014394691213965416,1.755689731799066,1.777792968787253,5,19,30,0,,
2026-05-16T01:56:43.915065,noisy,naive,{'bins': 5},61,0,4,ok,0,61,0.014631607569754124,2.003594657406211,2.0261161411181092,5,27,38,0,,
2026-05-16T01:56:44.927567,noisy,naive,{'bins': 5},61,1,4,ok,61,122,0.01449017133563757,0.9481476824730635,0.9703201493248343,5,16,22,0,,
2026-05-16T01:56:47.169446,noisy,naive,{'bins': 5},61,2,4,ok,122,183,0.014685668051242828,2.1567700039595366,2.1792873796075583,5,7,15,0,,
2026-05-16T01:56:48.537731,noisy,naive,{'bins': 5},61,3,4,ok,183,244,0.01454847026616335,1.3096648883074522,1.3320201998576522,5,35,45,0,,
2026-05-16T01:56:50.202451,noisy,naive,{'bins': 5},61,4,4,ok,244,305,0.01475552935153246,1.5982431750744581,1.6209887592121959,5,15,24,0,,
2026-05-16T01:56:52.270325,noisy,naive,{'bins': 5},62,0,4,ok,0,62,0.014869743958115578,1.9482442578300834,1.9712170083075762,5,27,38,0,,
2026-05-16T01:56:53.304855,noisy,naive,{'bins': 5},62,1,4,ok,62,124,0.014715874567627907,0.9663713732734323,0.988981262780726,5,16,22,0,,
2026-05-16T01:56:55.790295,noisy,naive,{'bins': 5},62,2,4,ok,124,186,0.014739840291440487,2.3953952565789223,2.4181705452501774,5,7,15,0,,
2026-05-16T01:56:57.459664,noisy,naive,{'bins': 5},62,3,4,ok,186,248,0.01644382905215025,1.606109619140625,1.6315238531678915,5,33,43,0,,
2026-05-16T01:56:59.115371,noisy,naive,{'bins': 5},62,4,4,ok,248,310,0.016108100302517414,1.5774974087253213,1.6102514872327447,5,9,17,0,,
2026-05-16T01:57:01.344379,noisy,naive,{'bins': 5},63,0,4,ok,0,63,0.016382714733481407,2.102406117133796,2.1270995987579226,5,27,38,0,,
2026-05-16T01:57:02.392129,noisy,naive,{'bins': 5},63,1,4,ok,63,126,0.01849487144500017,0.9814611924812198,1.0085641480982304,5,16,25,0,,
2026-05-16T01:57:04.838610,noisy,naive,{'bins': 5},63,2,4,ok,126,189,0.015680787153542042,2.3682654295116663,2.392059452831745,5,11,20,0,,
2026-05-16T01:57:06.671323,noisy,naive,{'bins': 5},63,3,4,ok,189,252,0.015849454328417778,1.7680346565321088,1.7920207297429442,5,32,43,0,,
2026-05-16T01:57:07.782733,noisy,naive,{'bins': 5},63,4,4,ok,252,315,0.01631707139313221,1.039332076907158,1.0637017199769616,5,14,22,0,,
2026-05-16T01:57:10.060339,noisy,naive,{'bins': 5},64,0,4,ok,0,64,0.016193268820643425,2.1416835663840175,2.1663151010870934,5,21,30,0,,
2026-05-16T01:57:11.226057,noisy,naive,{'bins': 5},64,1,4,ok,64,128,0.01626792922616005,1.0985248554497957,1.1230070991441607,5,16,25,0,,
2026-05-16T01:57:13.510098,noisy,naive,{'bins': 5},64,2,4,ok,128,192,0.01609425339847803,2.2048506569117308,2.229190343990922,5,11,20,0,,
2026-05-16T01:57:15.455732,noisy,naive,{'bins': 5},64,3,4,ok,192,256,0.01615230180323124,1.8788814842700958,1.9033637195825577,5,35,48,0,,
2026-05-16T01:57:16.604571,noisy,naive,{'bins': 5},64,4,4,ok,256,320,0.016316691413521767,1.0793252093717456,1.1038145888596773,5,19,28,0,,
2026-05-16T01:57:19.096481,noisy,naive,{'bins': 5},65,0,4,ok,0,65,0.020085417665541172,2.341295665130019,2.3733937023207545,5,21,30,0,,
2026-05-16T01:57:20.201917,noisy,naive,{'bins': 5},65,1,4,ok,65,130,0.017034639604389668,1.0354766268283129,1.0608817748725414,5,12,19,0,,
2026-05-16T01:57:22.751320,noisy,naive,{'bins': 5},65,2,4,ok,130,195,0.01654366683214903,2.4785313503816724,2.5070452857762575,5,25,38,0,,
2026-05-16T01:57:24.676226,noisy,naive,{'bins': 5},65,3,4,ok,195,260,0.016911297105252743,1.8574869092553854,1.8828256325796247,5,33,46,0,,
2026-05-16T01:57:25.790303,noisy,naive,{'bins': 5},65,4,4,ok,260,325,0.01976845320314169,1.048038536682725,1.0766636319458485,5,20,29,0,,
2026-05-16T01:57:28.293446,noisy,naive,{'bins': 5},66,0,4,ok,0,66,0.017717220820486546,2.360055916942656,2.3864608434960246,5,21,30,0,,
2026-05-16T01:57:29.324847,noisy,naive,{'bins': 5},66,1,4,ok,66,132,0.016894325613975525,0.9599178358912468,0.985354614444077,5,12,19,0,,
2026-05-16T01:57:31.797729,noisy,naive,{'bins': 5},66,2,4,ok,132,198,0.01670107338577509,2.3861343087628484,2.411504851654172,5,11,20,0,,
2026-05-16T01:57:34.044083,noisy,naive,{'bins': 5},66,3,4,ok,198,264,0.017028086818754673,2.1753145353868604,2.2012142622843385,5,28,43,0,,
2026-05-16T01:57:35.097781,noisy,naive,{'bins': 5},66,4,4,ok,264,330,0.017101946286857128,0.9849268216639757,1.0107682989910245,5,16,24,0,,
2026-05-16T01:57:37.534663,noisy,naive,{'bins': 5},67,0,4,ok,0,67,0.016825927421450615,2.2947871508076787,2.3213104987517,5,21,30,0,,
2026-05-16T01:57:38.614530,noisy,naive,{'bins': 5},67,1,4,ok,67,134,0.016964778304100037,1.0063137635588646,1.0320313684642315,5,12,19,0,,
2026-05-16T01:57:41.181089,noisy,naive,{'bins': 5},67,2,4,ok,134,201,0.017724083736538887,2.476831641048193,2.5079060047864914,5,11,20,0,,
2026-05-16T01:57:42.648227,noisy,naive,{'bins': 5},67,3,4,ok,201,268,0.016475378535687923,1.4009539242833853,1.4264871822670102,5,29,40,0,,
2026-05-16T01:57:43.787801,noisy,naive,{'bins': 5},67,4,4,ok,268,335,0.01747436448931694,1.0641673663631082,1.0920024970546365,5,19,28,0,,
2026-05-16T01:57:46.357293,noisy,naive,{'bins': 5},68,0,4,ok,0,68,0.017424561083316803,2.4327710401266813,2.4609839506447315,5,22,32,0,,
2026-05-16T01:57:47.532313,noisy,naive,{'bins': 5},68,1,4,ok,68,136,0.016595665365457535,1.0969655476510525,1.1226672334596515,5,12,19,0,,
2026-05-16T01:57:50.118954,noisy,naive,{'bins': 5},68,2,4,ok,136,204,0.017421736381947994,2.4990222938358784,2.5259885834529996,5,11,20,0,,
2026-05-16T01:57:51.540076,noisy,naive,{'bins': 5},68,3,4,ok,204,272,0.016557143069803715,1.3533091535791755,1.3785725254565477,5,17,26,0,,
2026-05-16T01:57:52.489440,noisy,naive,{'bins': 5},68,4,4,ok,272,340,0.01682494580745697,0.8789205746725202,0.9058924252167344,5,17,26,0,,
2026-05-16T01:57:55.094959,noisy,naive,{'bins': 5},69,0,4,ok,0,69,0.0170433446764946,2.470478542149067,2.497016907669604,5,22,32,0,,
2026-05-16T01:57:56.270166,noisy,naive,{'bins': 5},69,1,4,ok,69,138,0.017320546321570873,1.0981588391587138,1.1245259242132306,5,10,17,0,,
2026-05-16T01:57:58.779602,noisy,naive,{'bins': 5},69,2,4,ok,138,207,0.017031844705343246,2.4223649697378278,2.4484013244509697,5,11,20,0,,
2026-05-16T01:58:00.343565,noisy,naive,{'bins': 5},69,3,4,ok,207,276,0.0170942610129714,1.49204970151186,1.5181946894153953,5,24,34,0,,
2026-05-16T01:58:01.385876,noisy,naive,{'bins': 5},69,4,4,ok,276,345,0.017097116447985172,0.961911934427917,0.9895338751375675,5,10,19,0,,
2026-05-16T01:58:03.950396,noisy,naive,{'bins': 5},70,0,4,ok,0,70,0.01725955121219158,2.425781898200512,2.453974209725857,5,22,32,0,,
2026-05-16T01:58:05.138177,noisy,naive,{'bins': 5},70,1,4,ok,70,140,0.017752036452293396,1.1098881866782904,1.137311945669353,5,10,17,0,,
2026-05-16T01:58:07.575464,noisy,naive,{'bins': 5},70,2,4,ok,140,210,0.017679559998214245,2.3601658390834928,2.3888459764420986,5,13,23,0,,
2026-05-16T01:58:09.221683,noisy,naive,{'bins': 5},70,3,4,ok,210,280,0.016962445341050625,1.5724206306040287,1.598447397351265,5,27,35,0,,
2026-05-16T01:58:10.108046,noisy,naive,{'bins': 5},70,4,4,ok,280,350,0.01722819171845913,0.8206617319956422,0.8470815746113658,5,21,32,0,,
2026-05-16T01:58:12.780448,noisy,naive,{'bins': 5},71,0,4,ok,0,71,0.017376131378114223,2.533881798386574,2.560517016798258,5,22,32,0,,
2026-05-16T01:58:13.952186,noisy,naive,{'bins': 5},71,1,4,ok,71,142,0.01832902990281582,1.099953230470419,1.1291549177840352,5,28,37,0,,
2026-05-16T01:58:16.324134,noisy,naive,{'bins': 5},71,2,4,ok,142,213,0.017711530439555645,2.280113911256194,2.307518824003637,5,11,19,0,,
2026-05-16T01:58:18.009728,noisy,naive,{'bins': 5},71,3,4,ok,213,284,0.017822859808802605,1.6104029593989253,1.6396041363477707,5,24,33,0,,
2026-05-16T01:58:18.958940,noisy,naive,{'bins': 5},71,4,4,ok,284,355,0.017977779731154442,0.8780355332419276,0.9086010325700045,5,23,34,0,,
2026-05-16T01:58:21.676228,noisy,naive,{'bins': 5},72,0,4,ok,0,72,0.01767108403146267,2.5773619702085853,2.6050075963139534,5,22,32,0,,
2026-05-16T01:58:22.980855,noisy,naive,{'bins': 5},72,1,4,ok,72,144,0.017124056816101074,1.2254814393818378,1.2518896106630564,5,17,25,0,,
2026-05-16T01:58:25.284586,noisy,naive,{'bins': 5},72,2,4,ok,144,216,0.017145486548542976,2.218418254517019,2.2449902733787894,5,16,26,0,,
2026-05-16T01:58:26.846130,noisy,naive,{'bins': 5},72,3,4,ok,216,288,0.017108207568526268,1.486167948693037,1.5125863198190928,5,27,35,0,,
2026-05-16T01:58:27.885256,noisy,naive,{'bins': 5},72,4,4,ok,288,360,0.018164020031690598,0.9694547699764371,0.9992415755987167,5,18,29,0,,
2026-05-16T01:58:30.823314,noisy,naive,{'bins': 5},73,0,4,ok,0,73,0.018209836445748806,2.7950659366324544,2.822916306555271,5,22,32,0,,
2026-05-16T01:58:32.069845,noisy,naive,{'bins': 5},73,1,4,ok,73,146,0.01770886592566967,1.166175770573318,1.1934044435620308,5,17,25,0,,
2026-05-16T01:58:34.370344,noisy,naive,{'bins': 5},73,2,4,ok,146,219,0.01768563035875559,2.2162334518507123,2.24338445905596,5,16,26,0,,
2026-05-16T01:58:35.962113,noisy,naive,{'bins': 5},73,3,4,ok,219,292,0.01770143024623394,1.5168472519144416,1.5442592585459352,5,19,28,0,,
2026-05-16T01:58:36.933025,noisy,naive,{'bins': 5},73,4,4,ok,292,365,0.01737004891037941,0.9054273730143905,0.9318329002708197,5,16,27,0,,
2026-05-16T01:58:39.847013,noisy,naive,{'bins': 5},74,0,4,ok,0,74,0.017821977846324444,2.7696381974965334,2.797167313285172,5,22,32,0,,
2026-05-16T01:58:41.299399,noisy,naive,{'bins': 5},74,1,4,ok,74,148,0.017544787377119064,1.3697170494124293,1.3969456711784005,5,17,25,0,,
2026-05-16T01:58:43.531513,noisy,naive,{'bins': 5},74,2,4,ok,148,222,0.017727690748870373,2.1439061518758535,2.1721868999302387,5,16,26,0,,
2026-05-16T01:58:45.176024,noisy,naive,{'bins': 5},74,3,4,ok,222,296,0.017693455331027508,1.56463370192796,1.592037451453507,5,19,28,0,,
2026-05-16T01:58:46.326614,noisy,naive,{'bins': 5},74,4,4,ok,296,370,0.01878522615879774,1.0915097054094076,1.1197853041812778,5,20,33,0,,
2026-05-16T01:58:49.383886,noisy,naive,{'bins': 5},75,0,4,ok,0,75,0.018276821821928024,2.910578638315201,2.9388273069635034,5,22,32,0,,
2026-05-16T01:58:50.846391,noisy,naive,{'bins': 5},75,1,4,ok,75,150,0.018415912985801697,1.3783416850492358,1.4066223930567503,5,17,25,0,,
2026-05-16T01:58:53.281361,noisy,naive,{'bins': 5},75,2,4,ok,150,225,0.018215556629002094,2.3591681523248553,2.3872570591047406,5,19,33,0,,
2026-05-16T01:58:54.890342,noisy,naive,{'bins': 5},75,3,4,ok,225,300,0.01821650844067335,1.5292667262256145,1.55716987606138,5,19,28,0,,
2026-05-16T01:58:55.924016,noisy,naive,{'bins': 5},75,4,4,ok,300,375,0.017964385449886322,0.9667377695441246,0.994185883551836,5,15,27,0,,
2026-05-16T01:58:59.121516,noisy,naive,{'bins': 5},76,0,4,ok,0,76,0.018239601515233517,3.048435991629958,3.0768805872648954,5,22,32,0,,
2026-05-16T01:59:00.620339,noisy,naive,{'bins': 5},76,1,4,ok,76,152,0.018259748816490173,1.4118344420567155,1.4398770425468683,5,17,25,0,,
2026-05-16T01:59:03.051272,noisy,naive,{'bins': 5},76,2,4,ok,152,228,0.018243438564240932,2.3521106587722898,2.38033636379987,5,25,35,0,,
2026-05-16T01:59:04.761731,noisy,naive,{'bins': 5},76,3,4,ok,228,304,0.019136495888233185,1.6262111477553844,1.655403869226575,5,19,28,0,,
2026-05-16T01:59:05.869084,noisy,naive,{'bins': 5},76,4,4,ok,304,380,0.018622921779751778,1.0459392117336392,1.0740946037694812,5,20,33,0,,
2026-05-16T01:59:09.097160,noisy,naive,{'bins': 5},77,0,4,ok,0,77,0.019371047616004944,3.0722165126353502,3.1019131494686007,5,22,32,0,,
2026-05-16T01:59:10.702329,noisy,naive,{'bins': 5},77,1,4,ok,77,154,0.019538170658051968,1.5145436292514205,1.5442753620445728,5,16,24,0,,
2026-05-16T01:59:13.157842,noisy,naive,{'bins': 5},77,2,4,ok,154,231,0.019394581206142902,2.3765928549692035,2.406206065788865,5,21,31,0,,
2026-05-16T01:59:14.710287,noisy,naive,{'bins': 5},77,3,4,ok,231,308,0.01897354144603014,1.4681262839585543,1.4971193205565214,5,19,28,0,,
2026-05-16T01:59:15.861582,noisy,naive,{'bins': 5},77,4,4,ok,308,385,0.019439456053078175,1.0862546293064952,1.1155999870970845,5,22,33,0,,
2026-05-16T01:59:19.098337,noisy,naive,{'bins': 5},78,0,4,ok,0,78,0.01902471575886011,3.0828636083751917,3.1121949376538396,5,22,32,0,,
2026-05-16T01:59:20.794206,noisy,naive,{'bins': 5},78,1,4,ok,78,156,0.019639521837234497,1.6060533355921507,1.6360133774578571,5,13,21,0,,
2026-05-16T01:59:23.517857,noisy,naive,{'bins': 5},78,2,4,ok,156,234,0.019090760499238968,2.625926960259676,2.655236881226301,5,15,23,0,,
2026-05-16T01:59:25.454156,noisy,naive,{'bins': 5},78,3,4,ok,234,312,0.019638478755950928,1.8447337532415986,1.8747033318504691,5,11,19,0,,
2026-05-16T01:59:26.852779,noisy,naive,{'bins': 5},78,4,4,ok,312,390,0.01982166338711977,1.3298166925087571,1.3597476799041033,5,25,36,0,,
2026-05-16T01:59:29.751182,noisy,naive,{'bins': 5},79,0,4,ok,0,79,0.01925563905388117,2.7415351094678044,2.771243658848107,5,16,24,0,,
2026-05-16T01:59:31.672459,noisy,naive,{'bins': 5},79,1,4,ok,79,158,0.020402954891324043,1.8181009702384472,1.8492840193212032,5,15,23,0,,
2026-05-16T01:59:34.387039,noisy,naive,{'bins': 5},79,2,4,ok,158,237,0.020086769945919514,2.625348455272615,2.656056299805641,5,25,35,0,,
2026-05-16T01:59:35.830139,noisy,naive,{'bins': 5},79,3,4,ok,237,316,0.02008522767573595,1.3538945894688368,1.38425752799958,5,17,26,0,,
2026-05-16T01:59:37.207428,noisy,naive,{'bins': 5},79,4,4,ok,316,395,0.020213528536260128,1.296709162183106,1.3274503108114004,5,18,28,0,,
2026-05-16T01:59:40.287140,noisy,naive,{'bins': 5},80,0,4,ok,0,80,0.02022368833422661,2.915806895121932,2.94689972512424,5,16,24,0,,
2026-05-16T01:59:42.141556,noisy,naive,{'bins': 5},80,1,4,ok,80,160,0.020559288561344147,1.7511101486161351,1.783052172511816,5,13,21,0,,
2026-05-16T01:59:44.663464,noisy,naive,{'bins': 5},80,2,4,ok,160,240,0.020368389785289764,2.4276411114260554,2.4610688854008913,5,21,30,0,,
2026-05-16T01:59:46.250210,noisy,naive,{'bins': 5},80,3,4,ok,240,320,0.020307686179876328,1.4943538382649422,1.52748185954988,5,19,28,0,,
2026-05-16T01:59:47.663814,noisy,naive,{'bins': 5},80,4,4,ok,320,400,0.02042322140187025,1.3303568996489048,1.3637441769242287,5,19,29,0,,
2026-05-16T01:59:50.850373,noisy,naive,{'bins': 5},81,0,4,ok,0,81,0.020137446001172066,3.023325154557824,3.0546194929629564,5,25,35,0,,
2026-05-16T01:59:52.766270,noisy,naive,{'bins': 5},81,1,4,ok,81,162,0.020509595051407814,1.8059873133897781,1.8373559908941388,5,13,21,0,,
2026-05-16T01:59:55.413346,noisy,naive,{'bins': 5},81,2,4,ok,162,243,0.020367887802422047,2.552864270284772,2.584161002188921,5,21,30,0,,
2026-05-16T01:59:56.833602,noisy,naive,{'bins': 5},81,3,4,ok,243,324,0.020230289548635483,1.3280268050730228,1.3591871811076999,5,14,22,0,,
2026-05-16T01:59:58.575099,noisy,naive,{'bins': 5},81,4,4,ok,324,405,0.02272561565041542,1.6491604708135128,1.6842557964846492,5,14,24,0,,
2026-05-16T02:00:01.791418,noisy,naive,{'bins': 5},82,0,4,ok,0,82,0.02028397098183632,3.0537788346409798,3.0852872040122747,5,25,35,0,,
2026-05-16T02:00:03.982419,noisy,naive,{'bins': 5},82,1,4,ok,82,164,0.02007479779422283,2.0857072798535228,2.1176060615107417,5,11,19,0,,
2026-05-16T02:00:06.847970,noisy,naive,{'bins': 5},82,2,4,ok,164,246,0.020752480253577232,2.765766858123243,2.7978580417111516,5,21,30,0,,
2026-05-16T02:00:08.367543,noisy,naive,{'bins': 5},82,3,4,ok,246,328,0.02033043745905161,1.4312053360044956,1.4629180673509836,5,21,30,0,,
2026-05-16T02:00:10.710138,noisy,naive,{'bins': 5},82,4,4,ok,328,410,0.020277617499232292,2.254399126395583,2.285622018389404,5,33,50,0,,
2026-05-16T02:00:13.999056,noisy,naive,{'bins': 5},83,0,4,ok,0,83,0.020235979929566383,3.115281108766794,3.1478129187598825,5,25,35,0,,
2026-05-16T02:00:15.961849,noisy,naive,{'bins': 5},83,1,4,ok,83,166,0.021007378585636616,1.855493980459869,1.8880989272147417,5,13,21,0,,
2026-05-16T02:00:18.586349,noisy,naive,{'bins': 5},83,2,4,ok,166,249,0.020018210634589195,2.527191792614758,2.5583208687603474,5,27,37,0,,
2026-05-16T02:00:20.042363,noisy,naive,{'bins': 5},83,3,4,ok,249,332,0.020208969712257385,1.3676176583394408,1.3989022569730878,5,21,30,0,,
2026-05-16T02:00:22.360135,noisy,naive,{'bins': 5},83,4,4,ok,332,415,0.020157632417976856,2.2289952943101525,2.260198718868196,5,30,46,0,,
2026-05-16T02:00:25.728159,noisy,naive,{'bins': 5},84,0,4,ok,0,84,0.0211587343364954,3.1985609587281942,3.2310380674898624,5,25,35,0,,
2026-05-16T02:00:27.646388,noisy,naive,{'bins': 5},84,1,4,ok,84,168,0.02100405190140009,1.8045948315411806,1.8389848498627543,5,13,21,0,,
2026-05-16T02:00:30.461800,noisy,naive,{'bins': 5},84,2,4,ok,168,252,0.02090676035732031,2.7220918107777834,2.7564141023904085,5,38,51,0,,
2026-05-16T02:00:32.009489,noisy,naive,{'bins': 5},84,3,4,ok,252,336,0.0202412698417902,1.4562867181375623,1.4874672600999475,5,20,29,0,,
2026-05-16T02:00:34.345951,noisy,naive,{'bins': 5},84,4,4,ok,336,420,0.02035557571798563,2.2547249319031835,2.2861685482785106,5,22,33,0,,
2026-05-16T02:00:37.852167,noisy,naive,{'bins': 5},85,0,4,ok,0,85,0.02072953712195158,3.3352487524971366,3.369205438531935,5,22,33,0,,
2026-05-16T02:00:39.776894,noisy,naive,{'bins': 5},85,1,4,ok,85,170,0.02168332878500223,1.8078243462368846,1.8443541452288628,5,13,21,0,,
2026-05-16T02:00:42.444257,noisy,naive,{'bins': 5},85,2,4,ok,170,255,0.02141267992556095,2.5701970644295216,2.6069745179265738,5,21,31,0,,
2026-05-16T02:00:43.919751,noisy,naive,{'bins': 5},85,3,4,ok,255,340,0.02081938646733761,1.3804621314629912,1.4153631310909986,5,20,29,0,,
2026-05-16T02:00:46.370705,noisy,naive,{'bins': 5},85,4,4,ok,340,425,0.020675436593592167,2.352759759873152,2.384772375226021,5,16,26,0,,
2026-05-16T02:00:50.037651,noisy,naive,{'bins': 5},86,0,4,ok,0,86,0.021407751366496086,3.4929862832650542,3.5260800682008266,5,22,33,0,,
2026-05-16T02:00:52.132788,noisy,naive,{'bins': 5},86,1,4,ok,86,172,0.02425689995288849,1.9774127509444952,2.0140846641734242,5,11,19,0,,
2026-05-16T02:00:54.842983,noisy,naive,{'bins': 5},86,2,4,ok,172,258,0.03134936932474375,2.5970287043601274,2.644083395600319,5,21,31,0,,
2026-05-16T02:00:56.336095,noisy,naive,{'bins': 5},86,3,4,ok,258,344,0.02248987276107073,1.3931676428765059,1.4277308080345392,5,20,29,0,,
2026-05-16T02:00:58.581636,noisy,naive,{'bins': 5},86,4,4,ok,344,430,0.02278586756438017,2.146869166754186,2.182117317803204,5,16,26,0,,
2026-05-16T02:01:02.368202,noisy,naive,{'bins': 5},87,0,4,ok,0,87,0.02379547245800495,3.602475332096219,3.6393613377586007,5,22,33,0,,
2026-05-16T02:01:04.387683,noisy,naive,{'bins': 5},87,1,4,ok,87,174,0.02320220973342657,1.8926474964246154,1.9327979730442166,5,15,23,0,,
2026-05-16T02:01:07.164075,noisy,naive,{'bins': 5},87,2,4,ok,174,261,0.02318711206316948,2.6756975846365094,2.711970348842442,5,40,55,0,,
2026-05-16T02:01:08.589564,noisy,naive,{'bins': 5},87,3,4,ok,261,348,0.02287454530596733,1.3296796027570963,1.3648718083277345,5,16,26,0,,
2026-05-16T02:01:10.993271,noisy,naive,{'bins': 5},87,4,4,ok,348,435,0.024998342618346214,2.3033198015764356,2.340340039692819,5,21,32,0,,
2026-05-16T02:01:14.789132,noisy,naive,{'bins': 5},88,0,4,ok,0,88,0.024008534848690033,3.604861555621028,3.640853663906455,5,22,33,0,,
2026-05-16T02:01:17.015664,noisy,naive,{'bins': 5},88,1,4,ok,88,176,0.024357961490750313,2.1038112733513117,2.1419644793495536,5,13,21,0,,
2026-05-16T02:01:19.764256,noisy,naive,{'bins': 5},88,2,4,ok,176,264,0.023807919584214687,2.6484789345413446,2.6864927699789405,5,36,51,0,,
2026-05-16T02:01:21.239381,noisy,naive,{'bins': 5},88,3,4,ok,264,352,0.023289424367249012,1.3824719488620758,1.4173564370721579,5,17,27,0,,
2026-05-16T02:01:23.810680,noisy,naive,{'bins': 5},88,4,4,ok,352,440,0.022125999443233013,2.4721965612843633,2.506162884645164,5,21,32,0,,
2026-05-16T02:01:27.591070,noisy,naive,{'bins': 5},89,0,4,ok,0,89,0.023829958401620388,3.595366507768631,3.6319944597780704,5,22,33,0,,
2026-05-16T02:01:29.759838,noisy,naive,{'bins': 5},89,1,4,ok,89,178,0.02273745834827423,2.0477081928402185,2.0830914983525872,5,15,23,0,,
2026-05-16T02:01:31.821845,noisy,naive,{'bins': 5},89,2,4,ok,178,267,0.023268715478479862,1.9687275970354676,2.0039934013038874,5,18,26,0,,
2026-05-16T02:01:33.463441,noisy,naive,{'bins': 5},89,3,4,ok,267,356,0.022010311484336853,1.5465312711894512,1.5804040487855673,5,17,27,0,,
2026-05-16T02:01:35.867947,noisy,naive,{'bins': 5},89,4,4,ok,356,445,0.022423477843403816,2.3092470271512866,2.343694344162941,5,23,36,0,,
2026-05-16T02:01:39.777573,noisy,naive,{'bins': 5},90,0,4,ok,0,90,0.02227021101862192,3.728755747899413,3.7634582752361894,5,22,33,0,,
2026-05-16T02:01:41.998718,noisy,naive,{'bins': 5},90,1,4,ok,90,180,0.02431474905461073,2.0988025618717074,2.135302654467523,5,18,25,0,,
2026-05-16T02:01:44.197255,noisy,naive,{'bins': 5},90,2,4,ok,180,270,0.022541439160704613,2.097412221133709,2.1321813417598605,5,16,25,0,,
2026-05-16T02:01:45.681197,noisy,naive,{'bins': 5},90,3,4,ok,270,360,0.022247688844799995,1.3873410560190678,1.4214386269450188,5,20,30,0,,
2026-05-16T02:01:49.387872,noisy,naive,{'bins': 5},90,4,4,ok,360,450,0.0229393457993865,3.5765217561274767,3.611594907939434,5,17,30,0,,
2026-05-16T02:01:53.439225,noisy,naive,{'bins': 5},91,0,4,ok,0,91,0.02289009466767311,3.790271890349686,3.9028031090274453,5,22,33,0,,
2026-05-16T02:01:55.784948,noisy,naive,{'bins': 5},91,1,4,ok,91,182,0.023059872910380363,2.2186787854880095,2.254008298739791,5,18,25,0,,
2026-05-16T02:01:58.092882,noisy,naive,{'bins': 5},91,2,4,ok,182,273,0.02300506178289652,2.206205832771957,2.2415589513257146,5,16,25,0,,
2026-05-16T02:01:59.569908,noisy,naive,{'bins': 5},91,3,4,ok,273,364,0.02302756253629923,1.3751594815403223,1.410159376449883,5,26,39,0,,
2026-05-16T02:02:03.393843,noisy,naive,{'bins': 5},91,4,4,ok,364,455,0.022966488264501095,3.6889169421046972,3.7249582037329674,5,14,25,0,,
2026-05-16T02:02:07.404399,noisy,naive,{'bins': 5},92,0,4,ok,0,92,0.023461276665329933,3.8191896183416247,3.8587833289057016,5,22,33,0,,
2026-05-16T02:02:09.843281,noisy,naive,{'bins': 5},92,1,4,ok,92,184,0.023139402270317078,2.3129317117854953,2.348569454625249,5,18,25,0,,
2026-05-16T02:02:12.081437,noisy,naive,{'bins': 5},92,2,4,ok,184,276,0.02307992149144411,2.136246350593865,2.1717178309336305,5,16,25,0,,
2026-05-16T02:02:13.586183,noisy,naive,{'bins': 5},92,3,4,ok,276,368,0.02274521254003048,1.4053345378488302,1.4401507573202252,5,26,39,0,,
2026-05-16T02:02:17.239879,noisy,naive,{'bins': 5},92,4,4,ok,368,460,0.023171653039753437,3.5244657890871167,3.5600927406921983,5,14,25,0,,
2026-05-16T02:02:21.245814,noisy,naive,{'bins': 5},93,0,4,ok,0,93,0.022571606561541557,3.823490639217198,3.858716799877584,5,22,33,0,,
2026-05-16T02:02:23.883822,noisy,naive,{'bins': 5},93,1,4,ok,93,186,0.023410281166434288,2.5084236413240433,2.544663674198091,5,19,26,0,,
2026-05-16T02:02:26.280304,noisy,naive,{'bins': 5},93,2,4,ok,186,279,0.022585421800613403,2.2985760057345033,2.333716164343059,5,17,26,0,,
2026-05-16T02:02:27.625332,noisy,naive,{'bins': 5},93,3,4,ok,279,372,0.02257499285042286,1.2465819520875812,1.2812833869829774,5,11,20,0,,
2026-05-16T02:02:31.499869,noisy,naive,{'bins': 5},93,4,4,ok,372,465,0.02331667672842741,3.7346581649035215,3.7707121996209025,5,14,25,0,,
2026-05-16T02:02:35.535043,noisy,naive,{'bins': 5},94,0,4,ok,0,94,0.02285473793745041,3.8372236005961895,3.8728786865249276,5,17,27,0,,
2026-05-16T02:02:38.156174,noisy,naive,{'bins': 5},94,1,4,ok,94,188,0.022776199504733086,2.4903115006163716,2.5258691124618053,5,19,26,0,,
2026-05-16T02:02:40.632677,noisy,naive,{'bins': 5},94,2,4,ok,188,282,0.023722636513412,2.377832821570337,2.4143801517784595,5,17,26,0,,
2026-05-16T02:02:42.058505,noisy,naive,{'bins': 5},94,3,4,ok,282,376,0.023201650008559227,1.31882050819695,1.3544139778241515,5,23,36,0,,
2026-05-16T02:02:45.553610,noisy,naive,{'bins': 5},94,4,4,ok,376,470,0.022753908298909664,3.3601742768660188,3.3955323649570346,5,14,24,0,,
2026-05-16T02:02:49.661057,noisy,naive,{'bins': 5},95,0,4,ok,0,95,0.02298917155712843,3.9039196809753776,3.9399023009464145,5,17,27,0,,
2026-05-16T02:02:52.118689,noisy,naive,{'bins': 5},95,1,4,ok,95,190,0.023069461807608604,2.3301183320581913,2.366034347563982,5,16,23,0,,
2026-05-16T02:02:54.610320,noisy,naive,{'bins': 5},95,2,4,ok,190,285,0.023948212154209614,2.3901943964883685,2.427079651504755,5,17,26,0,,
2026-05-16T02:02:56.086567,noisy,naive,{'bins': 5},95,3,4,ok,285,380,0.02353562694042921,1.3866640394553542,1.4227569280192256,5,21,33,0,,
2026-05-16T02:02:59.844272,noisy,naive,{'bins': 5},95,4,4,ok,380,475,0.023040096275508404,3.6454062685370445,3.6814467180520296,5,23,37,0,,
2026-05-16T02:03:03.933617,noisy,naive,{'bins': 5},96,0,4,ok,0,96,0.023327366448938847,3.890345612540841,3.9268196672201157,5,17,27,0,,
2026-05-16T02:03:06.517004,noisy,naive,{'bins': 5},96,1,4,ok,96,192,0.02331683598458767,2.4514582147821784,2.4877854427322745,5,27,35,0,,
2026-05-16T02:03:08.999002,noisy,naive,{'bins': 5},96,2,4,ok,192,288,0.022959395311772823,2.3811216009780765,2.416976402513683,5,32,43,0,,
2026-05-16T02:03:10.531751,noisy,naive,{'bins': 5},96,3,4,ok,288,384,0.022869717329740524,1.4429698456078768,1.478559018112719,5,23,36,0,,
2026-05-16T02:03:14.599473,noisy,naive,{'bins': 5},96,4,4,ok,384,480,0.023544123396277428,3.9316959772258997,3.968470184132457,5,15,26,0,,
2026-05-16T02:03:18.726261,noisy,naive,{'bins': 5},97,0,4,ok,0,97,0.023531409911811352,3.9241980062797666,3.9608973441645503,5,17,27,0,,
2026-05-16T02:03:21.354850,noisy,naive,{'bins': 5},97,1,4,ok,97,194,0.023475974798202515,2.4939632257446647,2.5306852841749787,5,27,35,0,,
2026-05-16T02:03:23.860951,noisy,naive,{'bins': 5},97,2,4,ok,194,291,0.02368308324366808,2.393984729424119,2.430645363405347,5,20,28,0,,
2026-05-16T02:03:25.554938,noisy,naive,{'bins': 5},97,3,4,ok,291,388,0.02361770160496235,1.6070659700781107,1.6436936324462295,5,24,37,0,,
2026-05-16T02:03:29.709593,noisy,naive,{'bins': 5},97,4,4,ok,388,485,0.02310770284384489,4.009021527133882,4.045428505167365,5,15,26,0,,
2026-05-16T02:03:33.947674,noisy,naive,{'bins': 5},98,0,4,ok,0,98,0.02352045848965645,4.033179483376443,4.070229027420282,5,17,27,0,,
2026-05-16T02:03:36.676314,noisy,naive,{'bins': 5},98,1,4,ok,98,196,0.02456815540790558,2.5872491663321853,2.6251952033489943,5,27,35,0,,
2026-05-16T02:03:39.506023,noisy,naive,{'bins': 5},98,2,4,ok,196,294,0.02464226447045803,2.705594765022397,2.7435539169237018,5,28,37,0,,
2026-05-16T02:03:41.169534,noisy,naive,{'bins': 5},98,3,4,ok,294,392,0.024210373871028423,1.5750555796548724,1.6123812515288591,5,25,38,0,,
2026-05-16T02:03:45.243858,noisy,naive,{'bins': 5},98,4,4,ok,392,490,0.024042938835918903,3.9265888035297394,3.969827039167285,5,21,31,0,,
2026-05-16T02:03:49.610417,noisy,naive,{'bins': 5},99,0,4,ok,0,99,0.02401295304298401,4.158001638017595,4.195673600770533,5,17,27,0,,
2026-05-16T02:03:52.370601,noisy,naive,{'bins': 5},99,1,4,ok,99,198,0.024129833094775677,2.618585986085236,2.656223263591528,5,27,35,0,,
2026-05-16T02:03:55.148213,noisy,naive,{'bins': 5},99,2,4,ok,198,297,0.023646575398743153,2.652724614366889,2.689841383136809,5,28,37,0,,
2026-05-16T02:03:56.826200,noisy,naive,{'bins': 5},99,3,4,ok,297,396,0.023989960551261902,1.58755605481565,1.624856741167605,5,25,38,0,,
2026-05-16T02:04:00.584577,noisy,naive,{'bins': 5},99,4,4,ok,396,495,0.02465500868856907,3.580016950145364,3.645553329028189,5,27,40,0,,
2026-05-16T02:04:05.104386,noisy,naive,{'bins': 5},100,0,4,ok,0,100,0.025804798118770123,4.3014570930972695,4.341062848456204,5,17,27,0,,
2026-05-16T02:04:07.942669,noisy,naive,{'bins': 5},100,1,4,ok,100,200,0.025337890721857548,2.6940112272277474,2.7331171026453376,5,27,35,0,,
2026-05-16T02:04:10.716672,noisy,naive,{'bins': 5},100,2,4,ok,200,300,0.02666717767715454,2.6266963183879852,2.684631663374603,5,28,37,0,,
2026-05-16T02:04:12.579863,noisy,naive,{'bins': 5},100,3,4,ok,300,400,0.026293416507542133,1.7352799624204636,1.775100652128458,5,13,23,0,,
2026-05-16T02:04:14.417341,noisy,naive,{'bins': 5},100,4,4,ok,400,500,0.025295821949839592,1.7265955861657858,1.7653240319341421,5,17,26,0,,
2026-05-16T02:04:14.655067,noisy,sax,"{'w': 144, 'bins': 5}",1,0,4,ok,0,1,0.011677559465169907,0.005829807370901108,0.017803382128477097,5,13,15,0,,
2026-05-16T02:04:14.690884,noisy,sax,"{'w': 144, 'bins': 5}",1,1,4,ok,1,2,0.011351145803928375,0.02163699083030224,0.03337297961115837,5,20,25,0,,
2026-05-16T02:04:14.714448,noisy,sax,"{'w': 144, 'bins': 5}",1,2,4,ok,2,3,0.010860093869268894,0.009107472375035286,0.020155739970505238,5,18,20,0,,
2026-05-16T02:04:14.729557,noisy,sax,"{'w': 144, 'bins': 5}",1,3,4,ok,3,4,0.010850466787815094,0.0029312940314412117,0.0139464708045125,5,14,15,0,,
2026-05-16T02:04:14.748070,noisy,sax,"{'w': 144, 'bins': 5}",1,4,4,ok,4,5,0.010870964266359806,0.005488356575369835,0.016521955840289593,5,11,13,0,,
2026-05-16T02:04:14.872358,noisy,sax,"{'w': 144, 'bins': 5}",2,0,4,ok,0,2,0.021395628340542316,0.022529668174684048,0.04424505680799484,5,17,22,0,,
2026-05-16T02:04:14.904999,noisy,sax,"{'w': 144, 'bins': 5}",2,1,4,ok,2,4,0.021913710981607437,0.008710618130862713,0.030873125419020653,5,16,17,0,,
2026-05-16T02:04:14.955164,noisy,sax,"{'w': 144, 'bins': 5}",2,2,4,ok,4,6,0.021091166883707047,0.027056699618697166,0.04838853795081377,5,13,17,0,,
2026-05-16T02:04:14.980383,noisy,sax,"{'w': 144, 'bins': 5}",2,3,4,ok,6,8,0.021196804009377956,0.0019057681784033775,0.02330402098596096,5,5,6,0,,
2026-05-16T02:04:15.011252,noisy,sax,"{'w': 144, 'bins': 5}",2,4,4,ok,8,10,0.021047525107860565,0.006249206140637398,0.027506714686751366,5,22,23,0,,
2026-05-16T02:04:15.144874,noisy,sax,"{'w': 144, 'bins': 5}",3,0,4,ok,0,3,0.03309390600770712,0.013176423497498035,0.04667168390005827,5,7,11,0,,
2026-05-16T02:04:15.235976,noisy,sax,"{'w': 144, 'bins': 5}",3,1,4,ok,3,6,0.03178310580551624,0.05540262907743454,0.08749956358224154,5,23,30,0,,
2026-05-16T02:04:15.275583,noisy,sax,"{'w': 144, 'bins': 5}",3,2,4,ok,6,9,0.031376590952277184,0.0036247670650482178,0.03526500333100557,5,14,15,0,,
2026-05-16T02:04:15.321268,noisy,sax,"{'w': 144, 'bins': 5}",3,3,4,ok,9,12,0.03157913126051426,0.012321197427809238,0.04416858311742544,5,14,18,0,,
2026-05-16T02:04:15.390693,noisy,sax,"{'w': 144, 'bins': 5}",3,4,4,ok,12,15,0.031351083889603615,0.034819334745407104,0.06647634413093328,5,10,17,0,,
2026-05-16T02:04:15.549276,noisy,sax,"{'w': 144, 'bins': 5}",4,0,4,ok,0,4,0.04259358532726765,0.02699755784124136,0.07009217422455549,5,19,24,0,,
2026-05-16T02:04:15.600098,noisy,sax,"{'w': 144, 'bins': 5}",4,1,4,ok,4,8,0.04184663109481335,0.006655849516391754,0.048818133771419525,5,16,18,0,,
2026-05-16T02:04:15.672471,noisy,sax,"{'w': 144, 'bins': 5}",4,2,4,ok,8,12,0.041871609166264534,0.02798388060182333,0.07020326238125563,5,34,38,0,,
2026-05-16T02:04:15.757964,noisy,sax,"{'w': 144, 'bins': 5}",4,3,4,ok,12,16,0.04196595586836338,0.040323653258383274,0.08264592848718166,5,15,21,0,,
2026-05-16T02:04:15.819449,noisy,sax,"{'w': 144, 'bins': 5}",4,4,4,ok,16,20,0.04167243558913469,0.017289508134126663,0.05930026900023222,5,14,17,0,,
2026-05-16T02:04:16.001516,noisy,sax,"{'w': 144, 'bins': 5}",5,0,4,ok,0,5,0.0524449348449707,0.04691931884735823,0.09987533278763294,5,25,32,0,,
2026-05-16T02:04:16.083104,noisy,sax,"{'w': 144, 'bins': 5}",5,1,4,ok,5,10,0.052492404356598854,0.026572278700768948,0.07947666570544243,5,16,21,0,,
2026-05-16T02:04:16.201732,noisy,sax,"{'w': 144, 'bins': 5}",5,2,4,ok,10,15,0.05202673003077507,0.06366716884076595,0.11612026020884514,5,29,36,0,,
2026-05-16T02:04:16.287042,noisy,sax,"{'w': 144, 'bins': 5}",5,3,4,ok,15,20,0.0518947709351778,0.03060200810432434,0.08290046639740467,5,15,21,0,,
2026-05-16T02:04:16.362738,noisy,sax,"{'w': 144, 'bins': 5}",5,4,4,ok,20,25,0.051920860074460506,0.02082300279289484,0.07312455773353577,5,8,13,0,,
2026-05-16T02:04:16.614064,noisy,sax,"{'w': 144, 'bins': 5}",6,0,4,ok,0,6,0.06310777738690376,0.10715803876519203,0.17085015401244164,5,4,10,0,,
2026-05-16T02:04:16.703922,noisy,sax,"{'w': 144, 'bins': 5}",6,1,4,ok,6,12,0.06245909072458744,0.023984218947589397,0.08689782302826643,5,19,24,0,,
2026-05-16T02:04:16.812703,noisy,sax,"{'w': 144, 'bins': 5}",6,2,4,ok,12,18,0.06588612589985132,0.03884955495595932,0.10624539665877819,5,23,29,0,,
2026-05-16T02:04:16.956877,noisy,sax,"{'w': 144, 'bins': 5}",6,3,4,ok,18,24,0.06466657482087612,0.07543840352445841,0.1409571198746562,5,23,31,0,,
2026-05-16T02:04:17.078154,noisy,sax,"{'w': 144, 'bins': 5}",6,4,4,ok,24,30,0.06261071562767029,0.055709525011479855,0.1187926372513175,5,32,40,0,,
2026-05-16T02:04:17.323666,noisy,sax,"{'w': 144, 'bins': 5}",7,0,4,ok,0,7,0.07272594142705202,0.08626717887818813,0.15967068169265985,5,4,10,0,,
2026-05-16T02:04:17.449838,noisy,sax,"{'w': 144, 'bins': 5}",7,1,4,ok,7,14,0.07430575601756573,0.04891145974397659,0.12376593705266714,5,36,44,0,,
2026-05-16T02:04:17.571429,noisy,sax,"{'w': 144, 'bins': 5}",7,2,4,ok,14,21,0.07247043959796429,0.04529534839093685,0.1182871675118804,5,25,30,0,,
2026-05-16T02:04:17.691872,noisy,sax,"{'w': 144, 'bins': 5}",7,3,4,ok,21,28,0.07322387583553791,0.044160778634250164,0.11789829842746258,5,30,37,0,,
2026-05-16T02:04:17.802977,noisy,sax,"{'w': 144, 'bins': 5}",7,4,4,ok,28,35,0.07261673547327518,0.033897414803504944,0.10703480802476406,5,27,34,0,,
2026-05-16T02:04:18.013864,noisy,sax,"{'w': 144, 'bins': 5}",8,0,4,ok,0,8,0.0833945544436574,0.042731975205242634,0.12680272944271564,5,20,25,0,,
2026-05-16T02:04:18.171581,noisy,sax,"{'w': 144, 'bins': 5}",8,1,4,ok,8,16,0.08449908718466759,0.06916333921253681,0.15433398820459843,5,29,38,0,,
2026-05-16T02:04:18.321934,noisy,sax,"{'w': 144, 'bins': 5}",8,2,4,ok,16,24,0.0854228027164936,0.05978041980415583,0.14619861170649529,5,25,34,0,,
2026-05-16T02:04:18.464888,noisy,sax,"{'w': 144, 'bins': 5}",8,3,4,ok,24,32,0.08311900775879622,0.055044546723365784,0.13877504225820303,5,30,38,0,,
2026-05-16T02:04:18.610948,noisy,sax,"{'w': 144, 'bins': 5}",8,4,4,ok,32,40,0.08446954283863306,0.05603340361267328,0.1411386402323842,5,29,38,0,,
2026-05-16T02:04:18.882897,noisy,sax,"{'w': 144, 'bins': 5}",9,0,4,ok,0,9,0.09970411099493504,0.07975097186863422,0.1806477727368474,5,22,30,0,,
2026-05-16T02:04:19.035051,noisy,sax,"{'w': 144, 'bins': 5}",9,1,4,ok,9,18,0.09373077470809221,0.0544620119035244,0.14890823978930712,5,28,35,0,,
2026-05-16T02:04:19.194639,noisy,sax,"{'w': 144, 'bins': 5}",9,2,4,ok,18,27,0.09366786666214466,0.06239443924278021,0.15670885983854532,5,19,28,0,,
2026-05-16T02:04:19.355785,noisy,sax,"{'w': 144, 'bins': 5}",9,3,4,ok,27,36,0.09437425341457129,0.062464539892971516,0.15842150524258614,5,17,27,0,,
2026-05-16T02:04:19.551435,noisy,sax,"{'w': 144, 'bins': 5}",9,4,4,ok,36,45,0.09415000211447477,0.0976380305364728,0.19245049636811018,5,18,28,0,,
2026-05-16T02:04:19.845939,noisy,sax,"{'w': 144, 'bins': 5}",10,0,4,ok,0,10,0.10447288677096367,0.10206350218504667,0.20746756717562675,5,21,29,0,,
2026-05-16T02:04:20.088301,noisy,sax,"{'w': 144, 'bins': 5}",10,1,4,ok,10,20,0.10529096331447363,0.13197426963597536,0.2382701402530074,5,35,44,0,,
2026-05-16T02:04:20.296082,noisy,sax,"{'w': 144, 'bins': 5}",10,2,4,ok,20,30,0.1054095346480608,0.09702767618000507,0.20402217749506235,5,20,29,0,,
2026-05-16T02:04:20.483306,noisy,sax,"{'w': 144, 'bins': 5}",10,3,4,ok,30,40,0.10483771190047264,0.07788626104593277,0.1836165189743042,5,10,16,0,,
2026-05-16T02:04:20.690984,noisy,sax,"{'w': 144, 'bins': 5}",10,4,4,ok,40,50,0.10395077709108591,0.0996472742408514,0.20442570466548204,5,16,24,0,,
2026-05-16T02:04:21.001229,noisy,sax,"{'w': 144, 'bins': 5}",11,0,4,ok,0,11,0.11773208528757095,0.10775086283683777,0.22667284309864044,5,25,35,0,,
2026-05-16T02:04:21.239004,noisy,sax,"{'w': 144, 'bins': 5}",11,1,4,ok,11,22,0.11468450259417295,0.11483278125524521,0.23042350634932518,5,15,22,0,,
2026-05-16T02:04:21.455427,noisy,sax,"{'w': 144, 'bins': 5}",11,2,4,ok,22,33,0.11454293690621853,0.09731090720742941,0.21272576227784157,5,17,27,0,,
2026-05-16T02:04:21.689764,noisy,sax,"{'w': 144, 'bins': 5}",11,3,4,ok,33,44,0.11461058352142572,0.11354202777147293,0.22916702646762133,5,12,18,0,,
2026-05-16T02:04:21.898579,noisy,sax,"{'w': 144, 'bins': 5}",11,4,4,ok,44,55,0.11445127427577972,0.08903627935796976,0.20437202509492636,5,21,32,0,,
2026-05-16T02:04:22.257835,noisy,sax,"{'w': 144, 'bins': 5}",12,0,4,ok,0,12,0.1261467169970274,0.13717351388186216,0.26450956519693136,5,7,15,0,,
2026-05-16T02:04:22.493920,noisy,sax,"{'w': 144, 'bins': 5}",12,1,4,ok,12,24,0.1265325415879488,0.10421350784599781,0.23192420322448015,5,19,27,0,,
2026-05-16T02:04:22.711668,noisy,sax,"{'w': 144, 'bins': 5}",12,2,4,ok,24,36,0.12565883062779903,0.0875334870070219,0.21424249932169914,5,17,25,0,,
2026-05-16T02:04:22.966973,noisy,sax,"{'w': 144, 'bins': 5}",12,3,4,ok,36,48,0.12539311219006777,0.1251954911276698,0.2516006547957659,5,13,23,0,,
2026-05-16T02:04:23.174696,noisy,sax,"{'w': 144, 'bins': 5}",12,4,4,ok,48,60,0.12544375751167536,0.0770986694842577,0.20356791373342276,5,13,18,0,,
2026-05-16T02:04:23.535387,noisy,sax,"{'w': 144, 'bins': 5}",13,0,4,ok,0,13,0.13552398793399334,0.13985440786927938,0.2765636406838894,5,27,37,0,,
2026-05-16T02:04:23.784444,noisy,sax,"{'w': 144, 'bins': 5}",13,1,4,ok,13,26,0.13463008869439363,0.10982170049101114,0.24551706947386265,5,7,13,0,,
2026-05-16T02:04:24.078389,noisy,sax,"{'w': 144, 'bins': 5}",13,2,4,ok,26,39,0.13795951008796692,0.15096454322338104,0.29025217704474926,5,22,33,0,,
2026-05-16T02:04:24.319503,noisy,sax,"{'w': 144, 'bins': 5}",13,3,4,ok,39,52,0.13532692659646273,0.10078697465360165,0.2371817072853446,5,25,36,0,,
2026-05-16T02:04:24.538890,noisy,sax,"{'w': 144, 'bins': 5}",13,4,4,ok,52,65,0.13491814956068993,0.0791294053196907,0.21510327607393265,5,34,42,0,,
2026-05-16T02:04:24.911967,noisy,sax,"{'w': 144, 'bins': 5}",14,0,4,ok,0,14,0.14487222116440535,0.1392121436074376,0.28534115478396416,5,18,29,0,,
2026-05-16T02:04:25.229752,noisy,sax,"{'w': 144, 'bins': 5}",14,1,4,ok,14,28,0.14777798857539892,0.16185469273477793,0.3108581621199846,5,18,27,0,,
2026-05-16T02:04:25.465483,noisy,sax,"{'w': 144, 'bins': 5}",14,2,4,ok,28,42,0.14592974726110697,0.08518750127404928,0.23220315761864185,5,20,29,0,,
2026-05-16T02:04:25.792124,noisy,sax,"{'w': 144, 'bins': 5}",14,3,4,ok,42,56,0.14561810344457626,0.17524563893675804,0.32199491560459137,5,34,48,0,,
2026-05-16T02:04:26.104544,noisy,sax,"{'w': 144, 'bins': 5}",14,4,4,ok,56,70,0.15285521186888218,0.15355127956718206,0.3080590656027198,5,43,55,0,,
2026-05-16T02:04:26.491922,noisy,sax,"{'w': 144, 'bins': 5}",15,0,4,ok,0,15,0.1571946507319808,0.14186799060553312,0.30040600430220366,5,43,53,0,,
2026-05-16T02:04:26.819692,noisy,sax,"{'w': 144, 'bins': 5}",15,1,4,ok,15,30,0.15846131928265095,0.16182089783251286,0.32289355248212814,5,28,38,0,,
2026-05-16T02:04:27.120164,noisy,sax,"{'w': 144, 'bins': 5}",15,2,4,ok,30,45,0.16116668097674847,0.1335807265713811,0.29630791768431664,5,17,30,0,,
2026-05-16T02:04:27.431439,noisy,sax,"{'w': 144, 'bins': 5}",15,3,4,ok,45,60,0.1568332528695464,0.14808656834065914,0.3061632663011551,5,12,24,0,,
2026-05-16T02:04:27.814924,noisy,sax,"{'w': 144, 'bins': 5}",15,4,4,ok,60,75,0.15918050147593021,0.21790514793246984,0.3784467652440071,5,29,38,0,,
2026-05-16T02:04:28.234671,noisy,sax,"{'w': 144, 'bins': 5}",16,0,4,ok,0,16,0.17043588683009148,0.15934708435088396,0.33131692185997963,5,31,42,0,,
2026-05-16T02:04:28.528391,noisy,sax,"{'w': 144, 'bins': 5}",16,1,4,ok,16,32,0.16570243891328573,0.12249164376407862,0.28941435366868973,5,30,39,0,,
2026-05-16T02:04:28.875695,noisy,sax,"{'w': 144, 'bins': 5}",16,2,4,ok,32,48,0.1666869167238474,0.17384256422519684,0.34192716609686613,5,27,39,0,,
2026-05-16T02:04:29.155246,noisy,sax,"{'w': 144, 'bins': 5}",16,3,4,ok,48,64,0.1688257222995162,0.10489122290164232,0.2753349533304572,5,31,39,0,,
2026-05-16T02:04:29.497773,noisy,sax,"{'w': 144, 'bins': 5}",16,4,4,ok,64,80,0.1666709966957569,0.16767460107803345,0.3356108237057924,5,41,53,0,,
2026-05-16T02:04:30.188081,noisy,sax,"{'w': 144, 'bins': 5}",17,0,4,ok,0,17,0.17887773923575878,0.20286236982792616,0.3840290177613497,5,23,33,0,,
2026-05-16T02:04:30.560472,noisy,sax,"{'w': 144, 'bins': 5}",17,1,4,ok,17,34,0.17829047702252865,0.18665857054293156,0.3663430856540799,5,35,49,0,,
2026-05-16T02:04:31.025163,noisy,sax,"{'w': 144, 'bins': 5}",17,2,4,ok,34,51,0.17820473574101925,0.2798279421404004,0.45992747601121664,5,31,47,0,,
2026-05-16T02:04:31.358083,noisy,sax,"{'w': 144, 'bins': 5}",17,3,4,ok,51,68,0.1795093659311533,0.14720170572400093,0.3285484714433551,5,5,13,0,,
2026-05-16T02:04:31.673202,noisy,sax,"{'w': 144, 'bins': 5}",17,4,4,ok,68,85,0.17605301458388567,0.13283747248351574,0.31021863128989935,5,21,31,0,,
2026-05-16T02:04:32.126605,noisy,sax,"{'w': 144, 'bins': 5}",18,0,4,ok,0,18,0.18709767516702414,0.17668105475604534,0.3652518866583705,5,21,29,0,,
2026-05-16T02:04:32.513930,noisy,sax,"{'w': 144, 'bins': 5}",18,1,4,ok,18,36,0.18602803815156221,0.19458773080259562,0.38199892546981573,5,27,36,0,,
2026-05-16T02:04:32.904963,noisy,sax,"{'w': 144, 'bins': 5}",18,2,4,ok,36,54,0.18931292556226254,0.19449667166918516,0.3854434350505471,5,32,47,0,,
2026-05-16T02:04:33.258529,noisy,sax,"{'w': 144, 'bins': 5}",18,3,4,ok,54,72,0.18618442118167877,0.16029457189142704,0.3478609276935458,5,26,37,0,,
2026-05-16T02:04:33.608405,noisy,sax,"{'w': 144, 'bins': 5}",18,4,4,ok,72,90,0.18540944531559944,0.15749606769531965,0.3443940682336688,5,23,34,0,,
2026-05-16T02:04:34.085598,noisy,sax,"{'w': 144, 'bins': 5}",19,0,4,ok,0,19,0.196277123875916,0.19026137702167034,0.3881502980366349,5,26,38,0,,
2026-05-16T02:04:34.488569,noisy,sax,"{'w': 144, 'bins': 5}",19,1,4,ok,19,38,0.19668282475322485,0.19703948590904474,0.39521627593785524,5,44,55,0,,
2026-05-16T02:04:34.955196,noisy,sax,"{'w': 144, 'bins': 5}",19,2,4,ok,38,57,0.19825739320367575,0.2605438679456711,0.46048235800117254,5,16,27,0,,
2026-05-16T02:04:35.425981,noisy,sax,"{'w': 144, 'bins': 5}",19,3,4,ok,57,76,0.19681167881935835,0.2664631027728319,0.4648052854463458,5,20,32,0,,
2026-05-16T02:04:35.859529,noisy,sax,"{'w': 144, 'bins': 5}",19,4,4,ok,76,95,0.19794765952974558,0.2285298304632306,0.4278214741498232,5,5,13,0,,
2026-05-16T02:04:36.366047,noisy,sax,"{'w': 144, 'bins': 5}",20,0,4,ok,0,20,0.2089147549122572,0.20581110753118992,0.4162842081859708,5,14,22,0,,
2026-05-16T02:04:36.809831,noisy,sax,"{'w': 144, 'bins': 5}",20,1,4,ok,20,40,0.20885487273335457,0.22750768158584833,0.43778971396386623,5,31,43,0,,
2026-05-16T02:04:37.224625,noisy,sax,"{'w': 144, 'bins': 5}",20,2,4,ok,40,60,0.21019099187105894,0.1949089840054512,0.40827945712953806,5,39,52,0,,
2026-05-16T02:04:37.582039,noisy,sax,"{'w': 144, 'bins': 5}",20,3,4,ok,60,80,0.21028573904186487,0.13734928518533707,0.34960761945694685,5,13,21,0,,
2026-05-16T02:04:38.095187,noisy,sax,"{'w': 144, 'bins': 5}",20,4,4,ok,80,100,0.20778157748281956,0.29690718557685614,0.5063323890790343,5,23,38,0,,
2026-05-16T02:04:38.723546,noisy,sax,"{'w': 144, 'bins': 5}",21,0,4,ok,0,21,0.21825172007083893,0.3125599483028054,0.5324328020215034,5,40,53,0,,
2026-05-16T02:04:39.182426,noisy,sax,"{'w': 144, 'bins': 5}",21,1,4,ok,21,42,0.2251859912648797,0.22451413981616497,0.45174659322947264,5,45,57,0,,
2026-05-16T02:04:39.633171,noisy,sax,"{'w': 144, 'bins': 5}",21,2,4,ok,42,63,0.2178958198055625,0.22544592898339033,0.4449654882773757,5,27,40,0,,
2026-05-16T02:04:40.064399,noisy,sax,"{'w': 144, 'bins': 5}",21,3,4,ok,63,84,0.2172155324369669,0.20626133307814598,0.4249101774767041,5,37,50,0,,
2026-05-16T02:04:40.598437,noisy,sax,"{'w': 144, 'bins': 5}",21,4,4,ok,84,105,0.22187398187816143,0.2996575189754367,0.5232255319133401,5,39,55,0,,
2026-05-16T02:04:41.170691,noisy,sax,"{'w': 144, 'bins': 5}",22,0,4,ok,0,22,0.22851537261158228,0.2551132394000888,0.4853032976388931,5,3,10,0,,
2026-05-16T02:04:41.931968,noisy,sax,"{'w': 144, 'bins': 5}",22,1,4,ok,22,44,0.22933310735970736,0.522288391366601,0.753207067027688,5,45,66,0,,
2026-05-16T02:04:42.303686,noisy,sax,"{'w': 144, 'bins': 5}",22,2,4,ok,44,66,0.23097509238868952,0.1333902394399047,0.3659421829506755,5,27,35,0,,
2026-05-16T02:04:42.809790,noisy,sax,"{'w': 144, 'bins': 5}",22,3,4,ok,66,88,0.22849386278539896,0.2700640354305506,0.5001003555953503,5,12,22,0,,
2026-05-16T02:04:43.365059,noisy,sax,"{'w': 144, 'bins': 5}",22,4,4,ok,88,110,0.22859827894717455,0.3186881458386779,0.548836805857718,5,11,19,0,,
2026-05-16T02:04:43.938221,noisy,sax,"{'w': 144, 'bins': 5}",23,0,4,ok,0,23,0.23924524243921041,0.24407608434557915,0.4851009389385581,5,30,45,0,,
2026-05-16T02:04:44.548155,noisy,sax,"{'w': 144, 'bins': 5}",23,1,4,ok,23,46,0.24009641259908676,0.36030550859868526,0.6020988365635276,5,46,63,0,,
2026-05-16T02:04:45.003668,noisy,sax,"{'w': 144, 'bins': 5}",23,2,4,ok,46,69,0.23985612951219082,0.20738417096436024,0.44887978956103325,5,12,20,0,,
2026-05-16T02:04:45.537624,noisy,sax,"{'w': 144, 'bins': 5}",23,3,4,ok,69,92,0.24120574444532394,0.2835664711892605,0.5267303725704551,5,54,74,0,,
2026-05-16T02:04:46.305553,noisy,sax,"{'w': 144, 'bins': 5}",23,4,4,ok,92,115,0.2396749285981059,0.5177564118057489,0.7591374851763248,5,50,69,0,,
2026-05-16T02:04:46.969743,noisy,sax,"{'w': 144, 'bins': 5}",24,0,4,ok,0,24,0.24989547301083803,0.32370457611978054,0.5754563044756651,5,30,43,0,,
2026-05-16T02:04:47.632818,noisy,sax,"{'w': 144, 'bins': 5}",24,1,4,ok,24,48,0.24999862629920244,0.400724739767611,0.6542987702414393,5,25,37,0,,
2026-05-16T02:04:48.098296,noisy,sax,"{'w': 144, 'bins': 5}",24,2,4,ok,48,72,0.251100005581975,0.20579474605619907,0.45860616490244865,5,4,11,0,,
2026-05-16T02:04:48.596927,noisy,sax,"{'w': 144, 'bins': 5}",24,3,4,ok,72,96,0.2475326545536518,0.24263100046664476,0.49187569972127676,5,26,38,0,,
2026-05-16T02:04:49.526994,noisy,sax,"{'w': 144, 'bins': 5}",24,4,4,ok,96,120,0.24956130515784025,0.6690338207408786,0.9203622750937939,5,12,23,0,,
2026-05-16T02:04:50.166744,noisy,sax,"{'w': 144, 'bins': 5}",25,0,4,ok,0,25,0.2600007290020585,0.2902962602674961,0.5521712591871619,5,34,49,0,,
2026-05-16T02:04:50.752230,noisy,sax,"{'w': 144, 'bins': 5}",25,1,4,ok,25,50,0.2580648139119148,0.31615001056343317,0.5760262254625559,5,31,42,0,,
2026-05-16T02:04:51.262093,noisy,sax,"{'w': 144, 'bins': 5}",25,2,4,ok,50,75,0.26617859955877066,0.23198076989501715,0.5012431908398867,5,35,46,0,,
2026-05-16T02:04:51.910502,noisy,sax,"{'w': 144, 'bins': 5}",25,3,4,ok,75,100,0.2613668544217944,0.3779529482126236,0.6411453206092119,5,18,28,0,,
2026-05-16T02:04:52.539300,noisy,sax,"{'w': 144, 'bins': 5}",25,4,4,ok,100,125,0.2602046821266413,0.3590119890868664,0.6209709858521819,5,26,41,0,,
2026-05-16T02:04:53.186432,noisy,sax,"{'w': 144, 'bins': 5}",26,0,4,ok,0,26,0.27911283913999796,0.2811732478439808,0.5624659806489944,5,25,38,0,,
2026-05-16T02:04:53.738333,noisy,sax,"{'w': 144, 'bins': 5}",26,1,4,ok,26,52,0.26909244153648615,0.2747548362240195,0.5456847976893187,5,3,10,0,,
2026-05-16T02:04:54.277856,noisy,sax,"{'w': 144, 'bins': 5}",26,2,4,ok,52,78,0.27100474294275045,0.2574737034738064,0.5320164198055863,5,39,54,0,,
2026-05-16T02:04:54.933766,noisy,sax,"{'w': 144, 'bins': 5}",26,3,4,ok,78,104,0.27006143145263195,0.3758832812309265,0.647716810926795,5,44,65,0,,
2026-05-16T02:04:55.867580,noisy,sax,"{'w': 144, 'bins': 5}",26,4,4,ok,104,130,0.2736717304214835,0.6442648088559508,0.9213230581954122,5,37,54,0,,
2026-05-16T02:04:56.608929,noisy,sax,"{'w': 144, 'bins': 5}",27,0,4,ok,0,27,0.28536332678049803,0.3635613629594445,0.6512821763753891,5,30,44,0,,
2026-05-16T02:04:57.258879,noisy,sax,"{'w': 144, 'bins': 5}",27,1,4,ok,27,54,0.28179397340863943,0.3589902585372329,0.6427246667444706,5,9,19,0,,
2026-05-16T02:04:57.833228,noisy,sax,"{'w': 144, 'bins': 5}",27,2,4,ok,54,81,0.28054443653672934,0.2830246649682522,0.565612600184977,5,17,27,0,,
2026-05-16T02:04:58.624143,noisy,sax,"{'w': 144, 'bins': 5}",27,3,4,ok,81,108,0.28372186329215765,0.49762002751231194,0.7837885962799191,5,8,17,0,,
2026-05-16T02:04:59.786251,noisy,sax,"{'w': 144, 'bins': 5}",27,4,4,ok,108,135,0.27880843821913004,0.8690254911780357,1.1499426690861583,5,51,72,0,,
2026-05-16T02:05:00.460609,noisy,sax,"{'w': 144, 'bins': 5}",28,0,4,ok,0,28,0.2946785194799304,0.28359412401914597,0.5806159740313888,5,52,65,0,,
2026-05-16T02:05:01.159453,noisy,sax,"{'w': 144, 'bins': 5}",28,1,4,ok,28,56,0.2916375296190381,0.397345625795424,0.6910264817997813,5,11,21,0,,
2026-05-16T02:05:01.683815,noisy,sax,"{'w': 144, 'bins': 5}",28,2,4,ok,56,84,0.29117676336318254,0.22366661671549082,0.5168678518384695,5,16,26,0,,
2026-05-16T02:05:02.422498,noisy,sax,"{'w': 144, 'bins': 5}",28,3,4,ok,84,112,0.28959257900714874,0.43896580301225185,0.730518982745707,5,25,39,0,,
2026-05-16T02:05:03.667988,noisy,sax,"{'w': 144, 'bins': 5}",28,4,4,ok,112,140,0.29077145364135504,0.938956843689084,1.2319502485916018,5,47,65,0,,
2026-05-16T02:05:04.416401,noisy,sax,"{'w': 144, 'bins': 5}",29,0,4,ok,0,29,0.3019291255623102,0.348781899549067,0.6542236404493451,5,25,37,0,,
2026-05-16T02:05:05.135877,noisy,sax,"{'w': 144, 'bins': 5}",29,1,4,ok,29,58,0.30373555701225996,0.404031440615654,0.7100478615611792,5,7,16,0,,
2026-05-16T02:05:05.804087,noisy,sax,"{'w': 144, 'bins': 5}",29,2,4,ok,58,87,0.3021970884874463,0.3564327768981457,0.6606652876362205,5,8,18,0,,
2026-05-16T02:05:06.595995,noisy,sax,"{'w': 144, 'bins': 5}",29,3,4,ok,87,116,0.301898998208344,0.47811003122478724,0.7821426363661885,5,17,27,0,,
2026-05-16T02:05:07.430021,noisy,sax,"{'w': 144, 'bins': 5}",29,4,4,ok,116,145,0.302947998046875,0.5180224413052201,0.8232195535674691,5,18,28,0,,
2026-05-16T02:05:08.175777,noisy,sax,"{'w': 144, 'bins': 5}",30,0,4,ok,0,30,0.3144565401598811,0.3403168125078082,0.6571205798536539,5,15,25,0,,
2026-05-16T02:05:08.841125,noisy,sax,"{'w': 144, 'bins': 5}",30,1,4,ok,30,60,0.31206437945365906,0.3414518740028143,0.6555904485285282,5,32,48,0,,
2026-05-16T02:05:09.579597,noisy,sax,"{'w': 144, 'bins': 5}",30,2,4,ok,60,90,0.3105599442496896,0.41574518848210573,0.7284096842631698,5,46,58,0,,
2026-05-16T02:05:10.594724,noisy,sax,"{'w': 144, 'bins': 5}",30,3,4,ok,90,120,0.3199844304472208,0.6792257111519575,1.0022573741152883,5,8,17,0,,
2026-05-16T02:05:11.625726,noisy,sax,"{'w': 144, 'bins': 5}",30,4,4,ok,120,150,0.31771643180400133,0.6992329815402627,1.0196069944649935,5,28,45,0,,
2026-05-16T02:05:12.420734,noisy,sax,"{'w': 144, 'bins': 5}",31,0,4,ok,0,31,0.322565047070384,0.3794818390160799,0.7042566956952214,5,12,22,0,,
2026-05-16T02:05:13.159511,noisy,sax,"{'w': 144, 'bins': 5}",31,1,4,ok,31,62,0.32577141746878624,0.4034481951966882,0.7317611556500196,5,13,25,0,,
2026-05-16T02:05:13.941461,noisy,sax,"{'w': 144, 'bins': 5}",31,2,4,ok,62,93,0.32413808070123196,0.44409682881087065,0.7705357000231743,5,8,17,0,,
2026-05-16T02:05:14.755011,noisy,sax,"{'w': 144, 'bins': 5}",31,3,4,ok,93,124,0.32473325822502375,0.4761508125811815,0.803096255287528,5,49,65,0,,
2026-05-16T02:05:15.815216,noisy,sax,"{'w': 144, 'bins': 5}",31,4,4,ok,124,155,0.3259649919345975,0.7204706342890859,1.048973792232573,5,31,47,0,,
2026-05-16T02:05:16.626566,noisy,sax,"{'w': 144, 'bins': 5}",32,0,4,ok,0,32,0.33481070306152105,0.384866981767118,0.7223018119111657,5,40,57,0,,
2026-05-16T02:05:17.302450,noisy,sax,"{'w': 144, 'bins': 5}",32,1,4,ok,32,64,0.3397303307428956,0.3249114928767085,0.6678407611325383,5,30,44,0,,
2026-05-16T02:05:18.103185,noisy,sax,"{'w': 144, 'bins': 5}",32,2,4,ok,64,96,0.3341241329908371,0.4541670186445117,0.7906455341726542,5,26,40,0,,
2026-05-16T02:05:19.371833,noisy,sax,"{'w': 144, 'bins': 5}",32,3,4,ok,96,128,0.3314706804230809,0.9233600553125143,1.2572141317650676,5,5,12,0,,
2026-05-16T02:05:20.448001,noisy,sax,"{'w': 144, 'bins': 5}",32,4,4,ok,128,160,0.3315806770697236,0.7295256778597832,1.063531268388033,5,19,30,0,,
2026-05-16T02:05:21.275395,noisy,sax,"{'w': 144, 'bins': 5}",33,0,4,ok,0,33,0.34518480487167835,0.38782904390245676,0.7356196930631995,5,30,42,0,,
2026-05-16T02:05:22.109356,noisy,sax,"{'w': 144, 'bins': 5}",33,1,4,ok,33,66,0.4626051541417837,0.36071883514523506,0.8258878346532583,5,19,32,0,,
2026-05-16T02:05:23.037023,noisy,sax,"{'w': 144, 'bins': 5}",33,2,4,ok,66,99,0.3494129339233041,0.5611760495230556,0.9132234612479806,5,27,40,0,,
2026-05-16T02:05:24.141533,noisy,sax,"{'w': 144, 'bins': 5}",33,3,4,ok,99,132,0.34495971258729696,0.744079158641398,1.0919159641489387,5,12,22,0,,
2026-05-16T02:05:25.246027,noisy,sax,"{'w': 144, 'bins': 5}",33,4,4,ok,132,165,0.34535378217697144,0.7460088534280658,1.0940417665988207,5,22,34,0,,
2026-05-16T02:05:26.096305,noisy,sax,"{'w': 144, 'bins': 5}",34,0,4,ok,0,34,0.3589770942926407,0.39680378790944815,0.7584449360147119,5,15,26,0,,
2026-05-16T02:05:26.978895,noisy,sax,"{'w': 144, 'bins': 5}",34,1,4,ok,34,68,0.3568533454090357,0.5130729377269745,0.8726711580529809,5,24,40,0,,
2026-05-16T02:05:27.870744,noisy,sax,"{'w': 144, 'bins': 5}",34,2,4,ok,68,102,0.3533908035606146,0.5227721910923719,0.8785903733223677,5,49,69,0,,
2026-05-16T02:05:29.185942,noisy,sax,"{'w': 144, 'bins': 5}",34,3,4,ok,102,136,0.3547701956704259,0.9422958651557565,1.2997555201873183,5,25,35,0,,
2026-05-16T02:05:29.950917,noisy,sax,"{'w': 144, 'bins': 5}",34,4,4,ok,136,170,0.3574554668739438,0.3935638749971986,0.7537646470591426,5,5,13,0,,
2026-05-16T02:05:30.851739,noisy,sax,"{'w': 144, 'bins': 5}",35,0,4,ok,0,35,0.36776993703097105,0.4336892059072852,0.8047465961426497,5,20,32,0,,
2026-05-16T02:05:31.737190,noisy,sax,"{'w': 144, 'bins': 5}",35,1,4,ok,35,70,0.36665696650743484,0.5053603043779731,0.8744936613366008,5,47,64,0,,
2026-05-16T02:05:32.727122,noisy,sax,"{'w': 144, 'bins': 5}",35,2,4,ok,70,105,0.3643134254962206,0.6086913365870714,0.9755852473899722,5,26,39,0,,
2026-05-16T02:05:34.327353,noisy,sax,"{'w': 144, 'bins': 5}",35,3,4,ok,105,140,0.3655180176720023,1.2192240729928017,1.5873191393911839,5,10,23,0,,
2026-05-16T02:05:35.252548,noisy,sax,"{'w': 144, 'bins': 5}",35,4,4,ok,140,175,0.3716920828446746,0.5395476231351495,0.9144385131075978,5,22,32,0,,
2026-05-16T02:05:36.302008,noisy,sax,"{'w': 144, 'bins': 5}",36,0,4,ok,0,36,0.3725686985999346,0.5761978887021542,0.9514449574053288,5,43,60,0,,
2026-05-16T02:05:37.131146,noisy,sax,"{'w': 144, 'bins': 5}",36,1,4,ok,36,72,0.37332586012780666,0.44244146160781384,0.8183526368811727,5,31,45,0,,
2026-05-16T02:05:38.144451,noisy,sax,"{'w': 144, 'bins': 5}",36,2,4,ok,72,108,0.3726941039785743,0.6270224712789059,1.0023233899846673,5,15,25,0,,
2026-05-16T02:05:39.511337,noisy,sax,"{'w': 144, 'bins': 5}",36,3,4,ok,108,144,0.37190577294677496,0.977245437912643,1.3518550880253315,5,43,60,0,,
2026-05-16T02:05:40.711309,noisy,sax,"{'w': 144, 'bins': 5}",36,4,4,ok,144,180,0.3752864710986614,0.8082045083865523,1.1860367208719254,5,51,71,0,,
2026-05-16T02:05:41.795713,noisy,sax,"{'w': 144, 'bins': 5}",37,0,4,ok,0,37,0.3828460481017828,0.6048011826351285,0.990627066232264,5,35,56,0,,
2026-05-16T02:05:42.748453,noisy,sax,"{'w': 144, 'bins': 5}",37,1,4,ok,37,74,0.3825668729841709,0.5570605518296361,0.9426657101139426,5,12,21,0,,
2026-05-16T02:05:43.778737,noisy,sax,"{'w': 144, 'bins': 5}",37,2,4,ok,74,111,0.38068128284066916,0.6357250539585948,1.0190164586529136,5,51,68,0,,
2026-05-16T02:05:45.086745,noisy,sax,"{'w': 144, 'bins': 5}",37,3,4,ok,111,148,0.3852000590413809,0.9037357652559876,1.2923162216320634,5,36,50,0,,
2026-05-16T02:05:45.989767,noisy,sax,"{'w': 144, 'bins': 5}",37,4,4,ok,148,185,0.3839011089876294,0.5053867446258664,0.8923154193907976,5,18,27,0,,
2026-05-16T02:05:46.998143,noisy,sax,"{'w': 144, 'bins': 5}",38,0,4,ok,0,38,0.3923891494050622,0.5210538050159812,0.9161612093448639,5,32,46,0,,
2026-05-16T02:05:47.970921,noisy,sax,"{'w': 144, 'bins': 5}",38,1,4,ok,38,76,0.3945347974076867,0.5642230026423931,0.9615062912926078,5,15,24,0,,
2026-05-16T02:05:48.951842,noisy,sax,"{'w': 144, 'bins': 5}",38,2,4,ok,76,114,0.3936435943469405,0.5733230710029602,0.9696424603462219,5,32,50,0,,
2026-05-16T02:05:50.327705,noisy,sax,"{'w': 144, 'bins': 5}",38,3,4,ok,114,152,0.39346419647336006,0.9643801283091307,1.3607169101014733,5,21,36,0,,
2026-05-16T02:05:51.392971,noisy,sax,"{'w': 144, 'bins': 5}",38,4,4,ok,152,190,0.3961424669250846,0.6551034031435847,1.0545490132644773,5,36,60,0,,
2026-05-16T02:05:52.524520,noisy,sax,"{'w': 144, 'bins': 5}",39,0,4,ok,0,39,0.4065213883295655,0.6251653442159295,1.035533125512302,5,7,15,0,,
2026-05-16T02:05:53.612891,noisy,sax,"{'w': 144, 'bins': 5}",39,1,4,ok,39,78,0.4035934191197157,0.6698710368946195,1.0762366820126772,5,3,10,0,,
2026-05-16T02:05:54.759669,noisy,sax,"{'w': 144, 'bins': 5}",39,2,4,ok,78,117,0.40628357138484716,0.7261980706825852,1.135463511571288,5,20,37,0,,
2026-05-16T02:05:56.028991,noisy,sax,"{'w': 144, 'bins': 5}",39,3,4,ok,117,156,0.40476218331605196,0.8485200982540846,1.2565464107319713,5,20,34,0,,
2026-05-16T02:05:57.260658,noisy,sax,"{'w': 144, 'bins': 5}",39,4,4,ok,156,195,0.40307724941521883,0.8099213633686304,1.215746073052287,5,6,14,0,,
2026-05-16T02:05:58.403176,noisy,sax,"{'w': 144, 'bins': 5}",40,0,4,ok,0,40,0.4151301132515073,0.626504048705101,1.0445102034136653,5,36,52,0,,
2026-05-16T02:05:59.356522,noisy,sax,"{'w': 144, 'bins': 5}",40,1,4,ok,40,80,0.4127730680629611,0.5258970307186246,0.9415252301841974,5,27,41,0,,
2026-05-16T02:06:00.526120,noisy,sax,"{'w': 144, 'bins': 5}",40,2,4,ok,80,120,0.41441044211387634,0.7388550397008657,1.1562459487468004,5,23,35,0,,
2026-05-16T02:06:01.829529,noisy,sax,"{'w': 144, 'bins': 5}",40,3,4,ok,120,160,0.4157490059733391,0.8707076525315642,1.2895100731402636,5,12,23,0,,
2026-05-16T02:06:03.151437,noisy,sax,"{'w': 144, 'bins': 5}",40,4,4,ok,160,200,0.42035275138914585,0.8824051599949598,1.3061472550034523,5,12,21,0,,
2026-05-16T02:06:04.202909,noisy,sax,"{'w': 144, 'bins': 5}",41,0,4,ok,0,41,0.4261676613241434,0.5254602814093232,0.9548963401466608,5,29,38,0,,
2026-05-16T02:06:05.132185,noisy,sax,"{'w': 144, 'bins': 5}",41,1,4,ok,41,82,0.42437283135950565,0.4904651939868927,0.9178275996819139,5,36,55,0,,
2026-05-16T02:06:06.794726,noisy,sax,"{'w': 144, 'bins': 5}",41,2,4,ok,82,123,0.4241790371015668,1.2200165335088968,1.6472554560750723,5,9,19,0,,
2026-05-16T02:06:08.338899,noisy,sax,"{'w': 144, 'bins': 5}",41,3,4,ok,123,164,0.42566133942455053,1.0992449903860688,1.5285249752923846,5,39,57,0,,
2026-05-16T02:06:09.707939,noisy,sax,"{'w': 144, 'bins': 5}",41,4,4,ok,164,205,0.42679598089307547,0.9247226780280471,1.354480480775237,5,11,21,0,,
2026-05-16T02:06:10.984827,noisy,sax,"{'w': 144, 'bins': 5}",42,0,4,ok,0,42,0.43736860528588295,0.7431245287880301,1.1839968431741,5,27,44,0,,
2026-05-16T02:06:12.020844,noisy,sax,"{'w': 144, 'bins': 5}",42,1,4,ok,42,84,0.4355770507827401,0.5852259742096066,1.0237379064783454,5,5,13,0,,
2026-05-16T02:06:13.459983,noisy,sax,"{'w': 144, 'bins': 5}",42,2,4,ok,84,126,0.4339756742119789,0.9850320313125849,1.4218873726204038,5,19,35,0,,
2026-05-16T02:06:14.965416,noisy,sax,"{'w': 144, 'bins': 5}",42,3,4,ok,126,168,0.43843726348131895,1.047181960195303,1.4888593377545476,5,45,64,0,,
2026-05-16T02:06:16.514617,noisy,sax,"{'w': 144, 'bins': 5}",42,4,4,ok,168,210,0.4332863995805383,1.0986637780442834,1.5349855981767178,5,22,38,0,,
2026-05-16T02:06:17.870645,noisy,sax,"{'w': 144, 'bins': 5}",43,0,4,ok,0,43,0.4451276361942291,0.8120761811733246,1.260270626284182,5,41,58,0,,
2026-05-16T02:06:18.820456,noisy,sax,"{'w': 144, 'bins': 5}",43,1,4,ok,43,86,0.44624160788953304,0.48771500028669834,0.9369158754125237,5,14,24,0,,
2026-05-16T02:06:20.283028,noisy,sax,"{'w': 144, 'bins': 5}",43,2,4,ok,86,129,0.4444366982206702,0.9985700454562902,1.446151808835566,5,17,30,0,,
2026-05-16T02:06:21.792182,noisy,sax,"{'w': 144, 'bins': 5}",43,3,4,ok,129,172,0.4438848625868559,1.0473251407966018,1.4944000337272882,5,39,57,0,,
2026-05-16T02:06:23.697469,noisy,sax,"{'w': 144, 'bins': 5}",43,4,4,ok,172,215,0.4465540749952197,1.4372344529256225,1.8869641218334436,5,52,76,0,,
2026-05-16T02:06:25.036113,noisy,sax,"{'w': 144, 'bins': 5}",44,0,4,ok,0,44,0.4540330683812499,0.7876731660217047,1.244866038672626,5,27,42,0,,
2026-05-16T02:06:25.981291,noisy,sax,"{'w': 144, 'bins': 5}",44,1,4,ok,44,88,0.4564199224114418,0.47242932487279177,0.9319824613630772,5,37,51,0,,
2026-05-16T02:06:27.690744,noisy,sax,"{'w': 144, 'bins': 5}",44,2,4,ok,88,132,0.4545242814347148,1.2360741896554828,1.6937950234860182,5,47,70,0,,
2026-05-16T02:06:29.366993,noisy,sax,"{'w': 144, 'bins': 5}",44,3,4,ok,132,176,0.45478913001716137,1.2017140053212643,1.659619888290763,5,5,13,0,,
2026-05-16T02:06:30.924854,noisy,sax,"{'w': 144, 'bins': 5}",44,4,4,ok,176,220,0.45580495707690716,1.0825513610616326,1.5415522204712033,5,25,41,0,,
2026-05-16T02:06:32.260022,noisy,sax,"{'w': 144, 'bins': 5}",45,0,4,ok,0,45,0.4640374267473817,0.774179176427424,1.2414265610277653,5,5,11,0,,
2026-05-16T02:06:33.372070,noisy,sax,"{'w': 144, 'bins': 5}",45,1,4,ok,45,90,0.46497170999646187,0.628959771245718,1.097098127938807,5,33,48,0,,
2026-05-16T02:06:35.131357,noisy,sax,"{'w': 144, 'bins': 5}",45,2,4,ok,90,135,0.4681064775213599,1.2718853587284684,1.743189811706543,5,5,12,0,,
2026-05-16T02:06:36.390236,noisy,sax,"{'w': 144, 'bins': 5}",45,3,4,ok,135,180,0.4648337932303548,0.7766830874606967,1.2445725090801716,5,19,30,0,,
2026-05-16T02:06:37.978078,noisy,sax,"{'w': 144, 'bins': 5}",45,4,4,ok,180,225,0.46298678405582905,1.105308718048036,1.5715918019413948,5,24,41,0,,
2026-05-16T02:06:39.173346,noisy,sax,"{'w': 144, 'bins': 5}",46,0,4,ok,0,46,0.47563901264220476,0.6244986644014716,1.1033353824168444,5,37,48,0,,
2026-05-16T02:06:40.377123,noisy,sax,"{'w': 144, 'bins': 5}",46,1,4,ok,46,92,0.47447601053863764,0.7147161727771163,1.1923264488577843,5,8,18,0,,
2026-05-16T02:06:42.200180,noisy,sax,"{'w': 144, 'bins': 5}",46,2,4,ok,92,138,0.4772418634966016,1.3243867512792349,1.8052061730995774,5,8,18,0,,
2026-05-16T02:06:43.446440,noisy,sax,"{'w': 144, 'bins': 5}",46,3,4,ok,138,184,0.4800312304869294,0.7478334018960595,1.2311879741027951,5,12,21,0,,
2026-05-16T02:06:45.221160,noisy,sax,"{'w': 144, 'bins': 5}",46,4,4,ok,184,230,0.47796869836747646,1.2728880429640412,1.7543912688270211,5,35,51,0,,
2026-05-16T02:06:46.618233,noisy,sax,"{'w': 144, 'bins': 5}",47,0,4,ok,0,47,0.49076031986624,0.7976315775886178,1.2930534211918712,5,33,48,0,,
2026-05-16T02:06:47.820093,noisy,sax,"{'w': 144, 'bins': 5}",47,1,4,ok,47,94,0.4936165241524577,0.6887237811461091,1.1869316976517439,5,38,56,0,,
2026-05-16T02:06:49.708535,noisy,sax,"{'w': 144, 'bins': 5}",47,2,4,ok,94,141,0.4899413036182523,1.3733536154031754,1.8672288358211517,5,7,16,0,,
2026-05-16T02:06:51.119078,noisy,sax,"{'w': 144, 'bins': 5}",47,3,4,ok,141,188,0.49550362676382065,0.8949035843834281,1.3952481914311647,5,4,11,0,,
2026-05-16T02:06:52.667647,noisy,sax,"{'w': 144, 'bins': 5}",47,4,4,ok,188,235,0.49085631035268307,1.0293898116797209,1.5241281716153026,5,11,22,0,,
2026-05-16T02:06:54.150241,noisy,sax,"{'w': 144, 'bins': 5}",48,0,4,ok,0,48,0.4963456280529499,0.8855120968073606,1.3857942670583725,5,28,43,0,,
2026-05-16T02:06:55.665308,noisy,sax,"{'w': 144, 'bins': 5}",48,1,4,ok,48,96,0.49319443106651306,1.0024982243776321,1.4990612799301744,5,28,43,0,,
2026-05-16T02:06:57.496294,noisy,sax,"{'w': 144, 'bins': 5}",48,2,4,ok,96,144,0.4981423430144787,1.310117907822132,1.8117092475295067,5,34,46,0,,
2026-05-16T02:06:59.066894,noisy,sax,"{'w': 144, 'bins': 5}",48,3,4,ok,144,192,0.4949005953967571,1.0548733677715063,1.5531360963359475,5,25,42,0,,
2026-05-16T02:07:00.762602,noisy,sax,"{'w': 144, 'bins': 5}",48,4,4,ok,192,240,0.4954692320898175,1.1771471127867699,1.6760475793853402,5,25,39,0,,
2026-05-16T02:07:02.458036,noisy,sax,"{'w': 144, 'bins': 5}",49,0,4,ok,0,49,0.5053701447322965,1.0861740559339523,1.5950572192668915,5,62,82,0,,
2026-05-16T02:07:03.914097,noisy,sax,"{'w': 144, 'bins': 5}",49,1,4,ok,49,98,0.5082253171131015,0.928636739961803,1.4403476128354669,5,39,61,0,,
2026-05-16T02:07:05.919149,noisy,sax,"{'w': 144, 'bins': 5}",49,2,4,ok,98,147,0.5050724875181913,1.4782723616808653,1.9867766732349992,5,10,22,0,,
2026-05-16T02:07:07.482686,noisy,sax,"{'w': 144, 'bins': 5}",49,3,4,ok,147,196,0.5030755056068301,1.0390904201194644,1.545581990852952,5,17,27,0,,
2026-05-16T02:07:09.091786,noisy,sax,"{'w': 144, 'bins': 5}",49,4,4,ok,196,245,0.5047740358859301,1.0807960983365774,1.5891169551759958,5,16,28,0,,
2026-05-16T02:07:10.541816,noisy,sax,"{'w': 144, 'bins': 5}",50,0,4,ok,0,50,0.5163945769891143,0.8339592879638076,1.3539476245641708,5,35,51,0,,
2026-05-16T02:07:12.031985,noisy,sax,"{'w': 144, 'bins': 5}",50,1,4,ok,50,100,0.5183838633820415,0.9519477672874928,1.473873651586473,5,5,13,0,,
2026-05-16T02:07:14.017512,noisy,sax,"{'w': 144, 'bins': 5}",50,2,4,ok,100,150,0.5162089383229613,1.4451664229854941,1.964956677518785,5,58,82,0,,
2026-05-16T02:07:15.403165,noisy,sax,"{'w': 144, 'bins': 5}",50,3,4,ok,150,200,0.5141795501112938,0.853012677282095,1.3707509897649288,5,35,48,0,,
2026-05-16T02:07:17.524868,noisy,sax,"{'w': 144, 'bins': 5}",50,4,4,ok,200,250,0.5152444094419479,1.581697752699256,2.1005327543243766,5,23,36,0,,
2026-05-16T02:07:19.066202,noisy,sax,"{'w': 144, 'bins': 5}",51,0,4,ok,0,51,0.5256491871550679,0.91846639290452,1.4476388469338417,5,9,17,0,,
2026-05-16T02:07:20.338076,noisy,sax,"{'w': 144, 'bins': 5}",51,1,4,ok,51,102,0.5243634739890695,0.7285797977820039,1.2564751338213682,5,8,16,0,,
2026-05-16T02:07:22.502573,noisy,sax,"{'w': 144, 'bins': 5}",51,2,4,ok,102,153,0.5252731014043093,1.6162821697071195,2.1452483562752604,5,21,37,0,,
2026-05-16T02:07:24.348085,noisy,sax,"{'w': 144, 'bins': 5}",51,3,4,ok,153,204,0.5245919618755579,1.299255359917879,1.827441400848329,5,45,68,0,,
2026-05-16T02:07:26.045071,noisy,sax,"{'w': 144, 'bins': 5}",51,4,4,ok,204,255,0.526325267739594,1.1474605975672603,1.6774493250995874,5,6,13,0,,
2026-05-16T02:07:28.020160,noisy,sax,"{'w': 144, 'bins': 5}",52,0,4,ok,0,52,0.5356994019821286,1.3429147079586983,1.882317803800106,5,33,55,0,,
2026-05-16T02:07:29.362642,noisy,sax,"{'w': 144, 'bins': 5}",52,1,4,ok,52,104,0.538001854903996,0.784753586165607,1.3263669330626726,5,39,55,0,,
2026-05-16T02:07:31.462665,noisy,sax,"{'w': 144, 'bins': 5}",52,2,4,ok,104,156,0.5342192510142922,1.539576887153089,2.0775719890370965,5,5,13,0,,
2026-05-16T02:07:33.458788,noisy,sax,"{'w': 144, 'bins': 5}",52,3,4,ok,156,208,0.5398876462131739,1.4330523358657956,1.9774818010628223,5,38,57,0,,
2026-05-16T02:07:35.278729,noisy,sax,"{'w': 144, 'bins': 5}",52,4,4,ok,208,260,0.532700639218092,1.2629656745120883,1.7993321372196078,5,17,30,0,,
2026-05-16T02:07:36.874678,noisy,sax,"{'w': 144, 'bins': 5}",53,0,4,ok,0,53,0.5456613190472126,0.9496794482693076,1.4990788763388991,5,24,35,0,,
2026-05-16T02:07:38.518178,noisy,sax,"{'w': 144, 'bins': 5}",53,1,4,ok,53,106,0.5471705328673124,1.0775280427187681,1.6283551324158907,5,24,42,0,,
2026-05-16T02:07:40.450550,noisy,sax,"{'w': 144, 'bins': 5}",53,2,4,ok,106,159,0.5477555003017187,1.3593058791011572,1.9107415620237589,5,25,39,0,,
2026-05-16T02:07:42.283588,noisy,sax,"{'w': 144, 'bins': 5}",53,3,4,ok,159,212,0.5459266668185592,1.2636036723852158,1.8133357549086213,5,25,39,0,,
2026-05-16T02:07:43.846294,noisy,sax,"{'w': 144, 'bins': 5}",53,4,4,ok,212,265,0.5446339081972837,0.9952351562678814,1.543433478102088,5,11,20,0,,
2026-05-16T02:07:45.589798,noisy,sax,"{'w': 144, 'bins': 5}",54,0,4,ok,0,54,0.5576369678601623,1.0819230768829584,1.6433721939101815,5,7,16,0,,
2026-05-16T02:07:47.242355,noisy,sax,"{'w': 144, 'bins': 5}",54,1,4,ok,54,108,0.5615713270381093,1.070525735616684,1.6361005790531635,5,37,58,0,,
2026-05-16T02:07:49.706620,noisy,sax,"{'w': 144, 'bins': 5}",54,2,4,ok,108,162,0.5551059050485492,1.8852602522820234,2.444204985164106,5,33,54,0,,
2026-05-16T02:07:52.041512,noisy,sax,"{'w': 144, 'bins': 5}",54,3,4,ok,162,216,0.5566606149077415,1.753243780694902,2.313853781670332,5,28,44,0,,
2026-05-16T02:07:53.921869,noisy,sax,"{'w': 144, 'bins': 5}",54,4,4,ok,216,270,0.5556662483140826,1.3014597818255424,1.860917660407722,5,54,77,0,,
2026-05-16T02:07:55.635709,noisy,sax,"{'w': 144, 'bins': 5}",55,0,4,ok,0,55,0.5652342643588781,1.0471247201785445,1.6162420567125082,5,30,42,0,,
2026-05-16T02:07:57.401672,noisy,sax,"{'w': 144, 'bins': 5}",55,1,4,ok,55,110,0.566677245311439,1.17995416931808,1.750471094623208,5,12,22,0,,
2026-05-16T02:07:59.982205,noisy,sax,"{'w': 144, 'bins': 5}",55,2,4,ok,110,165,0.5680768731981516,1.9848540890961885,2.5568857584148645,5,16,28,0,,
2026-05-16T02:08:02.144037,noisy,sax,"{'w': 144, 'bins': 5}",55,3,4,ok,165,220,0.5693891178816557,1.5656765820458531,2.1390749691054225,5,21,33,0,,
2026-05-16T02:08:03.778968,noisy,sax,"{'w': 144, 'bins': 5}",55,4,4,ok,220,275,0.5683256005868316,1.0427867444232106,1.614928119815886,5,27,39,0,,
2026-05-16T02:08:05.568361,noisy,sax,"{'w': 144, 'bins': 5}",56,0,4,ok,0,56,0.5761124836280942,1.1062557119876146,1.686383935622871,5,27,39,0,,
2026-05-16T02:08:07.512618,noisy,sax,"{'w': 144, 'bins': 5}",56,1,4,ok,56,112,0.5774042187258601,1.3446598872542381,1.9260064689442515,5,7,16,0,,
2026-05-16T02:08:10.187624,noisy,sax,"{'w': 144, 'bins': 5}",56,2,4,ok,112,168,0.5836320333182812,2.0644147861748934,2.65233859885484,5,14,26,0,,
2026-05-16T02:08:11.993681,noisy,sax,"{'w': 144, 'bins': 5}",56,3,4,ok,168,224,0.5782051524147391,1.20158835593611,1.783824097365141,5,21,33,0,,
2026-05-16T02:08:13.825913,noisy,sax,"{'w': 144, 'bins': 5}",56,4,4,ok,224,280,0.5776939541101456,1.2306338911876082,1.8123545963317156,5,41,58,0,,
2026-05-16T02:08:15.563088,noisy,sax,"{'w': 144, 'bins': 5}",57,0,4,ok,0,57,0.5878287758678198,1.0412801867350936,1.6330724144354463,5,41,63,0,,
2026-05-16T02:08:17.257698,noisy,sax,"{'w': 144, 'bins': 5}",57,1,4,ok,57,114,0.5867635756731033,1.082001706585288,1.6727650929242373,5,47,65,0,,
2026-05-16T02:08:19.770625,noisy,sax,"{'w': 144, 'bins': 5}",57,2,4,ok,114,171,0.5863215550780296,1.8963196128606796,2.4868660122156143,5,43,65,0,,
2026-05-16T02:08:21.515194,noisy,sax,"{'w': 144, 'bins': 5}",57,3,4,ok,171,228,0.5840380871668458,1.136782088316977,1.724877835251391,5,24,36,0,,
2026-05-16T02:08:23.713678,noisy,sax,"{'w': 144, 'bins': 5}",57,4,4,ok,228,285,0.5871381089091301,1.5875499481335282,2.1786868162453175,5,16,30,0,,
2026-05-16T02:08:25.366608,noisy,sax,"{'w': 144, 'bins': 5}",58,0,4,ok,0,58,0.5976605797186494,0.9507433390244842,1.5525210993364453,5,31,45,0,,
2026-05-16T02:08:27.077616,noisy,sax,"{'w': 144, 'bins': 5}",58,1,4,ok,58,116,0.5973287960514426,1.0886674243956804,1.6900008218362927,5,4,11,0,,
2026-05-16T02:08:28.931029,noisy,sax,"{'w': 144, 'bins': 5}",58,2,4,ok,116,174,0.5972304120659828,1.2294427352026105,1.8307827739045024,5,4,11,0,,
2026-05-16T02:08:31.043593,noisy,sax,"{'w': 144, 'bins': 5}",58,3,4,ok,174,232,0.5938907004892826,1.4875275287777185,2.0855492260307074,5,36,60,0,,
2026-05-16T02:08:33.245957,noisy,sax,"{'w': 144, 'bins': 5}",58,4,4,ok,232,290,0.600350952707231,1.5779849970713258,2.182441539131105,5,47,73,0,,
2026-05-16T02:08:34.822245,noisy,sax,"{'w': 144, 'bins': 5}",59,0,4,ok,0,59,0.6083544306457043,0.8676575031131506,1.4800836201757193,5,19,30,0,,
2026-05-16T02:08:36.464692,noisy,sax,"{'w': 144, 'bins': 5}",59,1,4,ok,59,118,0.6058619199320674,1.0138713466003537,1.6238461900502443,5,4,11,0,,
2026-05-16T02:08:38.519977,noisy,sax,"{'w': 144, 'bins': 5}",59,2,4,ok,118,177,0.6092406352981925,1.4185216445475817,2.0319320904091,5,7,16,0,,
2026-05-16T02:08:40.856276,noisy,sax,"{'w': 144, 'bins': 5}",59,3,4,ok,177,236,0.6084555210545659,1.6976769156754017,2.3104067035019398,5,5,13,0,,
2026-05-16T02:08:43.437487,noisy,sax,"{'w': 144, 'bins': 5}",59,4,4,ok,236,295,0.6078191660344601,1.9490560796111822,2.561014068312943,5,18,33,0,,
2026-05-16T02:08:45.300803,noisy,sax,"{'w': 144, 'bins': 5}",60,0,4,ok,0,60,0.6178927533328533,1.1422059638425708,1.764212162233889,5,7,16,0,,
2026-05-16T02:08:47.468866,noisy,sax,"{'w': 144, 'bins': 5}",60,1,4,ok,60,120,0.6209899988025427,1.5217050518840551,2.146871102973819,5,56,81,0,,
2026-05-16T02:08:49.456364,noisy,sax,"{'w': 144, 'bins': 5}",60,2,4,ok,120,180,0.6163003332912922,1.3450910914689302,1.9656436191871762,5,25,34,0,,
2026-05-16T02:08:51.517350,noisy,sax,"{'w': 144, 'bins': 5}",60,3,4,ok,180,240,0.6193160368129611,1.409879476763308,2.0334388818591833,5,39,56,0,,
2026-05-16T02:08:53.995543,noisy,sax,"{'w': 144, 'bins': 5}",60,4,4,ok,240,300,0.6212397599592805,1.830545629374683,2.4560465216636658,5,10,21,0,,
2026-05-16T02:08:55.946616,noisy,sax,"{'w': 144, 'bins': 5}",61,0,4,ok,0,61,0.6347065279260278,1.2101691430434585,1.8495370652526617,5,50,71,0,,
2026-05-16T02:08:57.992416,noisy,sax,"{'w': 144, 'bins': 5}",61,1,4,ok,61,122,0.6295295469462872,1.389248814433813,2.0230152867734432,5,50,73,0,,
2026-05-16T02:09:00.471740,noisy,sax,"{'w': 144, 'bins': 5}",61,2,4,ok,122,183,0.6319979410618544,1.8175673997029662,2.4540005596354604,5,43,61,0,,
2026-05-16T02:09:03.049646,noisy,sax,"{'w': 144, 'bins': 5}",61,3,4,ok,183,244,0.6245451960712671,1.9244358576834202,2.5533634033054113,5,43,68,0,,
2026-05-16T02:09:05.362075,noisy,sax,"{'w': 144, 'bins': 5}",61,4,4,ok,244,305,0.6288367444649339,1.6586495405063033,2.2917820820584893,5,44,68,0,,
2026-05-16T02:09:07.264858,noisy,sax,"{'w': 144, 'bins': 5}",62,0,4,ok,0,62,0.6447254521772265,1.1498369257897139,1.801526166498661,5,28,40,0,,
2026-05-16T02:09:09.676181,noisy,sax,"{'w': 144, 'bins': 5}",62,1,4,ok,62,124,0.6460045957937837,1.7375885993242264,2.3887694450095296,5,10,23,0,,
2026-05-16T02:09:11.883586,noisy,sax,"{'w': 144, 'bins': 5}",62,2,4,ok,124,186,0.6523373061791062,1.5274609914049506,2.18500174023211,5,9,19,0,,
2026-05-16T02:09:14.557030,noisy,sax,"{'w': 144, 'bins': 5}",62,3,4,ok,186,248,0.6508312793448567,1.990334838628769,2.6461777798831463,5,33,49,0,,
2026-05-16T02:09:16.815847,noisy,sax,"{'w': 144, 'bins': 5}",62,4,4,ok,248,310,0.6518661146983504,1.579913342371583,2.2379626277834177,5,22,37,0,,
2026-05-16T02:09:18.553989,noisy,sax,"{'w': 144, 'bins': 5}",63,0,4,ok,0,63,0.6552988877519965,0.9758954541757703,1.6361337378621101,5,24,35,0,,
2026-05-16T02:09:21.333592,noisy,sax,"{'w': 144, 'bins': 5}",63,1,4,ok,63,126,0.6626811819151044,2.0871449280530214,2.75469986256212,5,15,27,0,,
2026-05-16T02:09:23.475011,noisy,sax,"{'w': 144, 'bins': 5}",63,2,4,ok,126,189,0.6640671044588089,1.4476884985342622,2.118528482504189,5,26,38,0,,
2026-05-16T02:09:26.263859,noisy,sax,"{'w': 144, 'bins': 5}",63,3,4,ok,189,252,0.6608324712142348,2.090202610939741,2.763282461091876,5,38,60,0,,
2026-05-16T02:09:28.583460,noisy,sax,"{'w': 144, 'bins': 5}",63,4,4,ok,252,315,0.6633229171857238,1.6259807934984565,2.2947618812322617,5,38,58,0,,
2026-05-16T02:09:30.688499,noisy,sax,"{'w': 144, 'bins': 5}",64,0,4,ok,0,64,0.66501394379884,1.331439157947898,2.0014421101659536,5,56,76,0,,
2026-05-16T02:09:33.201681,noisy,sax,"{'w': 144, 'bins': 5}",64,1,4,ok,64,128,0.6662609959021211,1.8219391917809844,2.4928894639015198,5,41,66,0,,
2026-05-16T02:09:35.440261,noisy,sax,"{'w': 144, 'bins': 5}",64,2,4,ok,128,192,0.6658772239461541,1.544914591126144,2.215285984799266,5,9,18,0,,
2026-05-16T02:09:37.975531,noisy,sax,"{'w': 144, 'bins': 5}",64,3,4,ok,192,256,0.6743054622784257,1.828873104415834,2.5083091808483005,5,33,54,0,,
2026-05-16T02:09:39.917877,noisy,sax,"{'w': 144, 'bins': 5}",64,4,4,ok,256,320,0.6739136641845107,1.2415939578786492,1.9221436753869057,5,22,39,0,,
2026-05-16T02:09:42.061225,noisy,sax,"{'w': 144, 'bins': 5}",65,0,4,ok,0,65,0.6809604903683066,1.3545698942616582,2.0406977785751224,5,22,35,0,,
2026-05-16T02:09:44.279786,noisy,sax,"{'w': 144, 'bins': 5}",65,1,4,ok,65,130,0.6768452618271112,1.5150699773803353,2.1967242788523436,5,34,50,0,,
2026-05-16T02:09:46.546052,noisy,sax,"{'w': 144, 'bins': 5}",65,2,4,ok,130,195,0.675359170883894,1.5575179597362876,2.2374842315912247,5,3,10,0,,
2026-05-16T02:09:48.887900,noisy,sax,"{'w': 144, 'bins': 5}",65,3,4,ok,195,260,0.6740248240530491,1.6368287252262235,2.3155140029266477,5,21,35,0,,
2026-05-16T02:09:50.859718,noisy,sax,"{'w': 144, 'bins': 5}",65,4,4,ok,260,325,0.6709813708439469,1.2739501800388098,1.9494897201657295,5,24,39,0,,
2026-05-16T02:09:53.229141,noisy,sax,"{'w': 144, 'bins': 5}",66,0,4,ok,0,66,0.6794879650697112,1.5834044013172388,2.267663385719061,5,48,69,0,,
2026-05-16T02:09:55.667762,noisy,sax,"{'w': 144, 'bins': 5}",66,1,4,ok,66,132,0.6819994216784835,1.7285076500847936,2.415049482136965,5,8,17,0,,
2026-05-16T02:09:58.273014,noisy,sax,"{'w': 144, 'bins': 5}",66,2,4,ok,132,198,0.6850496996194124,1.8929006019607186,2.582614591345191,5,20,38,0,,
2026-05-16T02:10:01.300455,noisy,sax,"{'w': 144, 'bins': 5}",66,3,4,ok,198,264,0.689271136187017,2.305159641429782,3.001561138778925,5,39,59,0,,
2026-05-16T02:10:03.136188,noisy,sax,"{'w': 144, 'bins': 5}",66,4,4,ok,264,330,0.6918270066380501,1.1178701696917415,1.8146333554759622,5,55,75,0,,
2026-05-16T02:10:05.495179,noisy,sax,"{'w': 144, 'bins': 5}",67,0,4,ok,0,67,0.7001060033217072,1.5488659031689167,2.254326643422246,5,13,26,0,,
2026-05-16T02:10:07.831701,noisy,sax,"{'w': 144, 'bins': 5}",67,1,4,ok,67,134,0.6956966128200293,1.610121083445847,2.310503085143864,5,32,45,0,,
2026-05-16T02:10:10.232204,noisy,sax,"{'w': 144, 'bins': 5}",67,2,4,ok,134,201,0.7032145606353879,1.664416154846549,2.373126075603068,5,46,68,0,,
2026-05-16T02:10:12.612959,noisy,sax,"{'w': 144, 'bins': 5}",67,3,4,ok,201,268,0.7019384950399399,1.648871504701674,2.3566287867724895,5,25,38,0,,
2026-05-16T02:10:15.022297,noisy,sax,"{'w': 144, 'bins': 5}",67,4,4,ok,268,335,0.6969755347818136,1.6794238779693842,2.3819732600823045,5,21,34,0,,
2026-05-16T02:10:17.402013,noisy,sax,"{'w': 144, 'bins': 5}",68,0,4,ok,0,68,0.7145586954429746,1.5547009212896228,2.2760915560647845,5,20,31,0,,
2026-05-16T02:10:19.940396,noisy,sax,"{'w': 144, 'bins': 5}",68,1,4,ok,68,136,0.7073317226022482,1.8013661839067936,2.5134849762544036,5,38,61,0,,
2026-05-16T02:10:22.447241,noisy,sax,"{'w': 144, 'bins': 5}",68,2,4,ok,136,204,0.700527866370976,1.7800795994699001,2.485395467840135,5,7,17,0,,
2026-05-16T02:10:24.774421,noisy,sax,"{'w': 144, 'bins': 5}",68,3,4,ok,204,272,0.7022014586254954,1.5949851321056485,2.3019995698705316,5,42,59,0,,
2026-05-16T02:10:26.993500,noisy,sax,"{'w': 144, 'bins': 5}",68,4,4,ok,272,340,0.7034187763929367,1.488154866732657,2.196456060744822,5,25,44,0,,
2026-05-16T02:10:29.544809,noisy,sax,"{'w': 144, 'bins': 5}",69,0,4,ok,0,69,0.7147979149594903,1.7262800503522158,2.446548458188772,5,13,26,0,,
2026-05-16T02:10:32.059792,noisy,sax,"{'w': 144, 'bins': 5}",69,1,4,ok,69,138,0.712886905297637,1.7739831106737256,2.4916795380413532,5,33,51,0,,
2026-05-16T02:10:34.754670,noisy,sax,"{'w': 144, 'bins': 5}",69,2,4,ok,138,207,0.7182379141449928,1.9442472383379936,2.6677268566563725,5,60,81,0,,
2026-05-16T02:10:37.135792,noisy,sax,"{'w': 144, 'bins': 5}",69,3,4,ok,207,276,0.7126180715858936,1.6384173342958093,2.3558281054720283,5,22,33,0,,
2026-05-16T02:10:39.835577,noisy,sax,"{'w': 144, 'bins': 5}",69,4,4,ok,276,345,0.710969946347177,1.9599330369383097,2.6757301380857825,5,52,79,0,,
2026-05-16T02:10:42.281450,noisy,sax,"{'w': 144, 'bins': 5}",70,0,4,ok,0,70,0.7215635105967522,1.6206199433654547,2.347082443535328,5,42,69,0,,
2026-05-16T02:10:44.876879,noisy,sax,"{'w': 144, 'bins': 5}",70,1,4,ok,70,140,0.7163844536989927,1.8504220265895128,2.571722773835063,5,11,23,0,,
2026-05-16T02:10:47.700064,noisy,sax,"{'w': 144, 'bins': 5}",70,2,4,ok,140,210,0.7220371402800083,2.0695293666794896,2.796592335216701,5,46,64,0,,
2026-05-16T02:10:49.760023,noisy,sax,"{'w': 144, 'bins': 5}",70,3,4,ok,210,280,0.7228674283251166,1.308008462190628,2.035876952111721,5,22,34,0,,
2026-05-16T02:10:52.184266,noisy,sax,"{'w': 144, 'bins': 5}",70,4,4,ok,280,350,0.7238232549279928,1.6722052758559585,2.4009203873574734,5,18,33,0,,
2026-05-16T02:10:54.513263,noisy,sax,"{'w': 144, 'bins': 5}",71,0,4,ok,0,71,0.7296889889985323,1.494281543418765,2.2287824684754014,5,22,34,0,,
2026-05-16T02:10:57.211077,noisy,sax,"{'w': 144, 'bins': 5}",71,1,4,ok,71,142,0.7329274602234364,1.9344017840921879,2.6722833374515176,5,15,27,0,,
2026-05-16T02:10:59.806947,noisy,sax,"{'w': 144, 'bins': 5}",71,2,4,ok,142,213,0.7373663559556007,1.8249425813555717,2.5677116736769676,5,10,21,0,,
2026-05-16T02:11:02.293425,noisy,sax,"{'w': 144, 'bins': 5}",71,3,4,ok,213,284,0.7334545599296689,1.7227062322199345,2.461138400249183,5,41,62,0,,
2026-05-16T02:11:04.470453,noisy,sax,"{'w': 144, 'bins': 5}",71,4,4,ok,284,355,0.733858578838408,1.413627634756267,2.1523918258026242,5,29,44,0,,
2026-05-16T02:11:06.970832,noisy,sax,"{'w': 144, 'bins': 5}",72,0,4,ok,0,72,0.7394407829269767,1.6522389017045498,2.3966911351308227,5,42,63,0,,
2026-05-16T02:11:09.785789,noisy,sax,"{'w': 144, 'bins': 5}",72,1,4,ok,72,144,0.7445106022059917,2.03938190639019,2.789012032561004,5,5,13,0,,
2026-05-16T02:11:12.567116,noisy,sax,"{'w': 144, 'bins': 5}",72,2,4,ok,144,216,0.7417424954473972,2.0060238735750318,2.752796404995024,5,16,29,0,,
2026-05-16T02:11:15.110761,noisy,sax,"{'w': 144, 'bins': 5}",72,3,4,ok,216,288,0.7467671809718013,1.7663916097953916,2.518330934457481,5,38,58,0,,
2026-05-16T02:11:17.816649,noisy,sax,"{'w': 144, 'bins': 5}",72,4,4,ok,288,360,0.7466533072292805,1.9259245665743947,2.6775253247469664,5,35,52,0,,
2026-05-16T02:11:20.239667,noisy,sax,"{'w': 144, 'bins': 5}",73,0,4,ok,0,73,0.7538627963513136,1.5619041239842772,2.320978215895593,5,22,37,0,,
2026-05-16T02:11:23.011910,noisy,sax,"{'w': 144, 'bins': 5}",73,1,4,ok,73,146,0.7550082271918654,1.985322430729866,2.7454677745699883,5,25,44,0,,
2026-05-16T02:11:25.764429,noisy,sax,"{'w': 144, 'bins': 5}",73,2,4,ok,146,219,0.75704843737185,1.9608804304152727,2.7231917520985007,5,20,31,0,,
2026-05-16T02:11:28.537214,noisy,sax,"{'w': 144, 'bins': 5}",73,3,4,ok,219,292,0.7538592489436269,1.9869353286921978,2.7458813013508916,5,25,40,0,,
2026-05-16T02:11:30.668268,noisy,sax,"{'w': 144, 'bins': 5}",73,4,4,ok,292,365,0.7564779063686728,1.3467900734394789,2.1094509409740567,5,38,59,0,,
2026-05-16T02:11:33.181741,noisy,sax,"{'w': 144, 'bins': 5}",74,0,4,ok,0,74,0.762607297860086,1.64382794033736,2.411577634513378,5,36,58,0,,
2026-05-16T02:11:36.158046,noisy,sax,"{'w': 144, 'bins': 5}",74,1,4,ok,74,148,0.7651093257591128,2.177450155839324,2.947771990671754,5,34,54,0,,
2026-05-16T02:11:39.114762,noisy,sax,"{'w': 144, 'bins': 5}",74,2,4,ok,148,222,0.7633985951542854,2.1533561516553164,2.9219120610505342,5,28,44,0,,
2026-05-16T02:11:42.110921,noisy,sax,"{'w': 144, 'bins': 5}",74,3,4,ok,222,296,0.7633654717355967,2.1974653340876102,2.966057240962982,5,56,80,0,,
2026-05-16T02:11:44.147281,noisy,sax,"{'w': 144, 'bins': 5}",74,4,4,ok,296,370,0.7681016763672233,1.2368616098538041,2.010066118091345,5,44,56,0,,
2026-05-16T02:11:47.103393,noisy,sax,"{'w': 144, 'bins': 5}",75,0,4,ok,0,75,0.772299419157207,2.0749400854110718,2.852422787807882,5,43,70,0,,
2026-05-16T02:11:49.983596,noisy,sax,"{'w': 144, 'bins': 5}",75,1,4,ok,75,150,0.7787495916709304,2.0641141552478075,2.8484616884961724,5,5,13,0,,
2026-05-16T02:11:52.927536,noisy,sax,"{'w': 144, 'bins': 5}",75,2,4,ok,150,225,0.7764340545982122,2.1278872741386294,2.9101181142032146,5,14,27,0,,
2026-05-16T02:11:55.777730,noisy,sax,"{'w': 144, 'bins': 5}",75,3,4,ok,225,300,0.7737031243741512,2.042339094914496,2.8212397499009967,5,11,24,0,,
2026-05-16T02:11:57.982523,noisy,sax,"{'w': 144, 'bins': 5}",75,4,4,ok,300,375,0.7776655368506908,1.3963184542953968,2.179310893639922,5,44,62,0,,
2026-05-16T02:12:00.682980,noisy,sax,"{'w': 144, 'bins': 5}",76,0,4,ok,0,76,0.7916711373254657,1.7965745739638805,2.5942010758444667,5,12,24,0,,
2026-05-16T02:12:03.924469,noisy,sax,"{'w': 144, 'bins': 5}",76,1,4,ok,76,152,0.7890080772340298,2.417601490393281,3.2127137305215,5,33,57,0,,
2026-05-16T02:12:06.704396,noisy,sax,"{'w': 144, 'bins': 5}",76,2,4,ok,152,228,0.7855186043307185,1.9586701542139053,2.74962436594069,5,38,59,0,,
2026-05-16T02:12:09.879241,noisy,sax,"{'w': 144, 'bins': 5}",76,3,4,ok,228,304,0.7858977057039738,2.356169548816979,3.1474969908595085,5,34,53,0,,
2026-05-16T02:12:12.125440,noisy,sax,"{'w': 144, 'bins': 5}",76,4,4,ok,304,380,0.7925881100818515,1.4216570472344756,2.2199099166318774,5,45,63,0,,
2026-05-16T02:12:14.983642,noisy,sax,"{'w': 144, 'bins': 5}",77,0,4,ok,0,77,0.7963450560346246,1.9483923129737377,2.7501130336895585,5,13,25,0,,
2026-05-16T02:12:18.029786,noisy,sax,"{'w': 144, 'bins': 5}",77,1,4,ok,77,154,0.8030839217826724,2.2095547011122108,3.018331142142415,5,36,55,0,,
2026-05-16T02:12:20.988544,noisy,sax,"{'w': 144, 'bins': 5}",77,2,4,ok,154,231,0.7961278380826116,2.1236259154975414,2.9252299973741174,5,50,71,0,,
2026-05-16T02:12:23.905530,noisy,sax,"{'w': 144, 'bins': 5}",77,3,4,ok,231,308,0.8049678076058626,2.0773064624518156,2.8883482171222568,5,44,64,0,,
2026-05-16T02:12:26.154471,noisy,sax,"{'w': 144, 'bins': 5}",77,4,4,ok,308,385,0.7972641512751579,1.42217271681875,2.2247691322118044,5,25,41,0,,
2026-05-16T02:12:28.787053,noisy,sax,"{'w': 144, 'bins': 5}",78,0,4,ok,0,78,0.803594290278852,1.7171532809734344,2.526045319624245,5,6,15,0,,
2026-05-16T02:12:31.889703,noisy,sax,"{'w': 144, 'bins': 5}",78,1,4,ok,78,156,0.8091671541333199,2.2579055596143007,3.073553425259888,5,26,45,0,,
2026-05-16T02:12:34.859947,noisy,sax,"{'w': 144, 'bins': 5}",78,2,4,ok,156,234,0.804841922596097,2.1294123427942395,2.9399038245901465,5,6,14,0,,
2026-05-16T02:12:37.575652,noisy,sax,"{'w': 144, 'bins': 5}",78,3,4,ok,234,312,0.8053013952448964,1.8787578186020255,2.6894561694934964,5,38,56,0,,
2026-05-16T02:12:40.242839,noisy,sax,"{'w': 144, 'bins': 5}",78,4,4,ok,312,390,0.8086655931547284,1.8263388825580478,2.6404175208881497,5,13,25,0,,
2026-05-16T02:12:42.748452,noisy,sax,"{'w': 144, 'bins': 5}",79,0,4,ok,0,79,0.8153691422194242,1.578243212774396,2.399118865840137,5,43,65,0,,
2026-05-16T02:12:46.305528,noisy,sax,"{'w': 144, 'bins': 5}",79,1,4,ok,79,158,0.8149403361603618,2.7000028863549232,3.5206294413655996,5,22,37,0,,
2026-05-16T02:12:49.713360,noisy,sax,"{'w': 144, 'bins': 5}",79,2,4,ok,158,237,0.814556647092104,2.5552852815017104,3.3754193419590592,5,16,29,0,,
2026-05-16T02:12:52.834886,noisy,sax,"{'w': 144, 'bins': 5}",79,3,4,ok,237,316,0.8214288121089339,2.262000523507595,3.091710896231234,5,32,53,0,,
2026-05-16T02:12:55.459530,noisy,sax,"{'w': 144, 'bins': 5}",79,4,4,ok,316,395,0.8179018190130591,1.7725751101970673,2.596074120141566,5,5,12,0,,
2026-05-16T02:12:58.588394,noisy,sax,"{'w': 144, 'bins': 5}",80,0,4,ok,0,80,0.8294012229889631,2.1860460275784135,3.0211410438641906,5,8,18,0,,
2026-05-16T02:13:02.113959,noisy,sax,"{'w': 144, 'bins': 5}",80,1,4,ok,80,160,0.8367588706314564,2.6449899803847075,3.489494255743921,5,6,15,0,,
2026-05-16T02:13:05.593946,noisy,sax,"{'w': 144, 'bins': 5}",80,2,4,ok,160,240,0.83779720030725,2.6030151257291436,3.447105875238776,5,31,48,0,,
2026-05-16T02:13:08.734913,noisy,sax,"{'w': 144, 'bins': 5}",80,3,4,ok,240,320,0.8308971431106329,2.270500546321273,3.1084907492622733,5,38,58,0,,
2026-05-16T02:13:11.580440,noisy,sax,"{'w': 144, 'bins': 5}",80,4,4,ok,320,400,0.8311561401933432,1.9746524030342698,2.8119003726169467,5,23,38,0,,
2026-05-16T02:13:14.699828,noisy,sax,"{'w': 144, 'bins': 5}",81,0,4,ok,0,81,0.8431084956973791,2.16172397416085,3.0104554295539856,5,11,23,0,,
2026-05-16T02:13:17.988171,noisy,sax,"{'w': 144, 'bins': 5}",81,1,4,ok,81,162,0.8367395652458072,2.411883790977299,3.2545965034514666,5,9,20,0,,
2026-05-16T02:13:21.723185,noisy,sax,"{'w': 144, 'bins': 5}",81,2,4,ok,162,243,0.8358113104477525,2.8468915643170476,3.6885592825710773,5,52,77,0,,
2026-05-16T02:13:24.317841,noisy,sax,"{'w': 144, 'bins': 5}",81,3,4,ok,243,324,0.8340958207845688,1.7256048982962966,2.5654366705566645,5,37,54,0,,
2026-05-16T02:13:27.186859,noisy,sax,"{'w': 144, 'bins': 5}",81,4,4,ok,324,405,0.8406505892053246,1.9910520827397704,2.8377212742343545,5,33,56,0,,
2026-05-16T02:13:30.209168,noisy,sax,"{'w': 144, 'bins': 5}",82,0,4,ok,0,82,0.8523150244727731,2.0533129619434476,2.9114672420546412,5,28,47,0,,
2026-05-16T02:13:33.703189,noisy,sax,"{'w': 144, 'bins': 5}",82,1,4,ok,82,164,0.8667004490271211,2.5793612394481897,3.4524628091603518,5,11,23,0,,
2026-05-16T02:13:37.625746,noisy,sax,"{'w': 144, 'bins': 5}",82,2,4,ok,164,246,0.859525035135448,3.015252602286637,3.881403679959476,5,44,66,0,,
2026-05-16T02:13:40.569365,noisy,sax,"{'w': 144, 'bins': 5}",82,3,4,ok,246,328,0.8465259242802858,2.060439044609666,2.91276868712157,5,46,68,0,,
2026-05-16T02:13:43.954221,noisy,sax,"{'w': 144, 'bins': 5}",82,4,4,ok,328,410,0.8510614298284054,2.4896840564906597,3.3470334550365806,5,29,44,0,,
2026-05-16T02:13:46.808227,noisy,sax,"{'w': 144, 'bins': 5}",83,0,4,ok,0,83,0.8605010472238064,1.8746102470904589,2.743725871667266,5,45,67,0,,
2026-05-16T02:13:50.427923,noisy,sax,"{'w': 144, 'bins': 5}",83,1,4,ok,83,166,0.8707071039825678,2.698284938931465,3.5757048595696688,5,3,10,0,,
2026-05-16T02:13:54.126567,noisy,sax,"{'w': 144, 'bins': 5}",83,2,4,ok,166,249,0.8614098438993096,2.7882257299497724,3.656350805424154,5,15,27,0,,
2026-05-16T02:13:57.168174,noisy,sax,"{'w': 144, 'bins': 5}",83,3,4,ok,249,332,0.8614434180781245,2.1384822642430663,3.0058529637753963,5,15,28,0,,
2026-05-16T02:14:00.385873,noisy,sax,"{'w': 144, 'bins': 5}",83,4,4,ok,332,415,0.8660104442387819,2.306366194039583,3.1786509109660983,5,8,17,0,,
2026-05-16T02:14:03.344425,noisy,sax,"{'w': 144, 'bins': 5}",84,0,4,ok,0,84,0.875254362821579,1.9651453336700797,2.84655174985528,5,14,27,0,,
2026-05-16T02:14:07.582854,noisy,sax,"{'w': 144, 'bins': 5}",84,1,4,ok,84,168,0.8743883986026049,3.3174609150737524,4.198036340996623,5,20,37,0,,
2026-05-16T02:14:11.241556,noisy,sax,"{'w': 144, 'bins': 5}",84,2,4,ok,168,252,0.8664516331627965,2.7435703836381435,3.6161769358441234,5,9,20,0,,
2026-05-16T02:14:13.985967,noisy,sax,"{'w': 144, 'bins': 5}",84,3,4,ok,252,336,0.8694219021126628,1.8363893143832684,2.711821953766048,5,39,53,0,,
2026-05-16T02:14:17.248355,noisy,sax,"{'w': 144, 'bins': 5}",84,4,4,ok,336,420,0.8751374538987875,2.346323100849986,3.2276450200006366,5,42,60,0,,
2026-05-16T02:14:20.370977,noisy,sax,"{'w': 144, 'bins': 5}",85,0,4,ok,0,85,0.8803019430488348,2.1263937866315246,3.0127195110544562,5,52,76,0,,
2026-05-16T02:14:24.737729,noisy,sax,"{'w': 144, 'bins': 5}",85,1,4,ok,85,170,0.8792336173355579,3.4447376606985927,4.330009166151285,5,31,55,0,,
2026-05-16T02:14:28.477577,noisy,sax,"{'w': 144, 'bins': 5}",85,2,4,ok,170,255,0.8839354170486331,2.8096473906189203,3.7001777226105332,5,34,53,0,,
2026-05-16T02:14:31.305181,noisy,sax,"{'w': 144, 'bins': 5}",85,3,4,ok,255,340,0.8827883629128337,1.904650623910129,2.7934754015877843,5,4,11,0,,
2026-05-16T02:14:34.891008,noisy,sax,"{'w': 144, 'bins': 5}",85,4,4,ok,340,425,0.8804571647197008,2.660585497505963,3.5472617214545608,5,14,29,0,,
2026-05-16T02:14:38.034127,noisy,sax,"{'w': 144, 'bins': 5}",86,0,4,ok,0,86,0.8890184219926596,2.1376981362700462,3.0328439762815833,5,17,32,0,,
2026-05-16T02:14:41.998089,noisy,sax,"{'w': 144, 'bins': 5}",86,1,4,ok,86,172,0.8879229761660099,3.0298873940482736,3.9239879213273525,5,28,45,0,,
2026-05-16T02:14:45.566933,noisy,sax,"{'w': 144, 'bins': 5}",86,2,4,ok,172,258,0.8882623631507158,2.6312442403286695,3.52563083358109,5,38,51,0,,
2026-05-16T02:14:48.430960,noisy,sax,"{'w': 144, 'bins': 5}",86,3,4,ok,258,344,0.8914914671331644,1.9371562078595161,2.8347971327602863,5,19,34,0,,
2026-05-16T02:14:51.672831,noisy,sax,"{'w': 144, 'bins': 5}",86,4,4,ok,344,430,0.8906817371025681,2.3127439068630338,3.209609786979854,5,39,57,0,,
2026-05-16T02:14:54.523242,noisy,sax,"{'w': 144, 'bins': 5}",87,0,4,ok,0,87,0.9001225363463163,1.8350358959287405,2.7413125690072775,5,26,45,0,,
2026-05-16T02:14:58.335618,noisy,sax,"{'w': 144, 'bins': 5}",87,1,4,ok,87,174,0.9010323248803616,2.865975704975426,3.7732485188171268,5,6,15,0,,
2026-05-16T02:15:02.197960,noisy,sax,"{'w': 144, 'bins': 5}",87,2,4,ok,174,261,0.9062125319615006,2.9171247389167547,3.8297873623669147,5,30,49,0,,
2026-05-16T02:15:05.455348,noisy,sax,"{'w': 144, 'bins': 5}",87,3,4,ok,261,348,0.89735715277493,2.320244654081762,3.223684278316796,5,14,27,0,,
2026-05-16T02:15:08.598709,noisy,sax,"{'w': 144, 'bins': 5}",87,4,4,ok,348,435,0.8999642301350832,2.2056999690830708,3.111808478832245,5,34,50,0,,
2026-05-16T02:15:11.685441,noisy,sax,"{'w': 144, 'bins': 5}",88,0,4,ok,0,88,0.9101300397887826,2.05983860604465,2.976111372001469,5,11,23,0,,
2026-05-16T02:15:16.122470,noisy,sax,"{'w': 144, 'bins': 5}",88,1,4,ok,88,176,0.9158757487311959,3.4739439049735665,4.396140024065971,5,19,35,0,,
2026-05-16T02:15:19.728471,noisy,sax,"{'w': 144, 'bins': 5}",88,2,4,ok,176,264,0.9186509512364864,2.6365089397877455,3.561573415994644,5,5,13,0,,
2026-05-16T02:15:22.390153,noisy,sax,"{'w': 144, 'bins': 5}",88,3,4,ok,264,352,0.9102926664054394,1.7165139447897673,2.6329111345112324,5,43,62,0,,
2026-05-16T02:15:25.572418,noisy,sax,"{'w': 144, 'bins': 5}",88,4,4,ok,352,440,0.9140531672164798,2.2257965113967657,3.146105776540935,5,17,31,0,,
2026-05-16T02:15:28.718872,noisy,sax,"{'w': 144, 'bins': 5}",89,0,4,ok,0,89,0.9201043220236897,2.1102213514968753,3.036523211747408,5,26,41,0,,
2026-05-16T02:15:33.148505,noisy,sax,"{'w': 144, 'bins': 5}",89,1,4,ok,89,178,0.9198961304500699,3.4678628584370017,4.394092753529549,5,48,80,0,,
2026-05-16T02:15:36.700546,noisy,sax,"{'w': 144, 'bins': 5}",89,2,4,ok,178,267,0.9213596181944013,2.5842260885983706,3.512002818286419,5,49,67,0,,
2026-05-16T02:15:39.598710,noisy,sax,"{'w': 144, 'bins': 5}",89,3,4,ok,267,356,0.9196478743106127,1.9336887495592237,2.859621837735176,5,31,45,0,,
2026-05-16T02:15:43.217490,noisy,sax,"{'w': 144, 'bins': 5}",89,4,4,ok,356,445,0.9211954707279801,2.653365478850901,3.5810374515131116,5,40,62,0,,
2026-05-16T02:15:46.463206,noisy,sax,"{'w': 144, 'bins': 5}",90,0,4,ok,0,90,0.9336579544469714,2.1902833031490445,3.130316690541804,5,14,23,0,,
2026-05-16T02:15:50.322332,noisy,sax,"{'w': 144, 'bins': 5}",90,1,4,ok,90,180,0.9319866057485342,2.8806010568514466,3.8190770894289017,5,5,13,0,,
2026-05-16T02:15:53.554284,noisy,sax,"{'w': 144, 'bins': 5}",90,2,4,ok,180,270,0.9330013021826744,2.2566485023126006,3.196136824786663,5,16,28,0,,
2026-05-16T02:15:56.705823,noisy,sax,"{'w': 144, 'bins': 5}",90,3,4,ok,270,360,0.940523567609489,2.166310644708574,3.1132360147312284,5,9,19,0,,
2026-05-16T02:16:00.339992,noisy,sax,"{'w': 144, 'bins': 5}",90,4,4,ok,360,450,0.9322981322184205,2.661113180220127,3.5999473268166184,5,20,31,0,,
2026-05-16T02:16:04.097503,noisy,sax,"{'w': 144, 'bins': 5}",91,0,4,ok,0,91,0.9398637395352125,2.698020067065954,3.6443394105881453,5,6,15,0,,
2026-05-16T02:16:07.993075,noisy,sax,"{'w': 144, 'bins': 5}",91,1,4,ok,91,182,0.9415506981313229,2.9123701378703117,3.860503817908466,5,9,19,0,,
2026-05-16T02:16:11.925739,noisy,sax,"{'w': 144, 'bins': 5}",91,2,4,ok,182,273,0.9435806190595031,2.9480591295287013,3.8980807047337294,5,42,66,0,,
2026-05-16T02:16:15.058172,noisy,sax,"{'w': 144, 'bins': 5}",91,3,4,ok,273,364,0.9410504680126905,2.152520950883627,3.1000889390707016,5,38,56,0,,
2026-05-16T02:16:18.800412,noisy,sax,"{'w': 144, 'bins': 5}",91,4,4,ok,364,455,0.9427439486607909,2.751253668218851,3.7004341538995504,5,7,15,0,,
2026-05-16T02:16:21.819616,noisy,sax,"{'w': 144, 'bins': 5}",92,0,4,ok,0,92,0.9548733672127128,1.944677570834756,2.906074868515134,5,10,21,0,,
2026-05-16T02:16:26.083940,noisy,sax,"{'w': 144, 'bins': 5}",92,1,4,ok,92,184,0.9584914408624172,3.2579359225928783,4.223060329444706,5,45,69,0,,
2026-05-16T02:16:29.686254,noisy,sax,"{'w': 144, 'bins': 5}",92,2,4,ok,184,276,0.9544475777074695,2.607070785947144,3.5681777391582727,5,32,48,0,,
2026-05-16T02:16:32.804393,noisy,sax,"{'w': 144, 'bins': 5}",92,3,4,ok,276,368,0.95098583586514,2.1249589528888464,3.0824584513902664,5,40,61,0,,
2026-05-16T02:16:36.573284,noisy,sax,"{'w': 144, 'bins': 5}",92,4,4,ok,368,460,0.951493751257658,2.772053910419345,3.7301145838573575,5,27,41,0,,
2026-05-16T02:16:40.349678,noisy,sax,"{'w': 144, 'bins': 5}",93,0,4,ok,0,93,0.9614901030436158,2.694779827259481,3.6628224151208997,5,18,32,0,,
2026-05-16T02:16:44.773950,noisy,sax,"{'w': 144, 'bins': 5}",93,1,4,ok,93,186,0.9629837181419134,3.418577626347542,4.388306180015206,5,24,46,0,,
2026-05-16T02:16:48.535166,noisy,sax,"{'w': 144, 'bins': 5}",93,2,4,ok,186,279,0.9585158284753561,2.7571952985599637,3.722520384006202,5,12,23,0,,
2026-05-16T02:16:51.509951,noisy,sax,"{'w': 144, 'bins': 5}",93,3,4,ok,279,372,0.966349228285253,1.960843020118773,2.9341919226571918,5,11,23,0,,
2026-05-16T02:16:55.124076,noisy,sax,"{'w': 144, 'bins': 5}",93,4,4,ok,372,465,0.9748514844104648,2.5906318994238973,3.5729258796200156,5,15,27,0,,
2026-05-16T02:16:58.706726,noisy,sax,"{'w': 144, 'bins': 5}",94,0,4,ok,0,94,0.9726398624479771,2.496019613929093,3.4753776332363486,5,20,38,0,,
2026-05-16T02:17:03.087522,noisy,sax,"{'w': 144, 'bins': 5}",94,1,4,ok,94,188,0.9750558082014322,3.362254658713937,4.344068729318678,5,29,52,0,,
2026-05-16T02:17:07.784925,noisy,sax,"{'w': 144, 'bins': 5}",94,2,4,ok,188,282,0.9719232264906168,3.672430873848498,4.651209523901343,5,44,64,0,,
2026-05-16T02:17:10.636958,noisy,sax,"{'w': 144, 'bins': 5}",94,3,4,ok,282,376,0.97314259596169,1.8414842654019594,2.8213334968313575,5,33,49,0,,
2026-05-16T02:17:14.700183,noisy,sax,"{'w': 144, 'bins': 5}",94,4,4,ok,376,470,0.9737454392015934,3.0339994858950377,4.014591030776501,5,4,12,0,,
2026-05-16T02:17:18.294876,noisy,sax,"{'w': 144, 'bins': 5}",95,0,4,ok,0,95,0.9818419134244323,2.492250488139689,3.480766295455396,5,15,30,0,,
2026-05-16T02:17:22.196302,noisy,sax,"{'w': 144, 'bins': 5}",95,1,4,ok,95,190,0.9918227866292,2.862999885343015,3.862864232622087,5,48,68,0,,
2026-05-16T02:17:26.469520,noisy,sax,"{'w': 144, 'bins': 5}",95,2,4,ok,190,285,0.9930210271850228,3.230348293669522,4.232101488858461,5,17,29,0,,
2026-05-16T02:17:29.574824,noisy,sax,"{'w': 144, 'bins': 5}",95,3,4,ok,285,380,0.9963262341916561,2.0708455285057425,3.07507695723325,5,35,54,0,,
2026-05-16T02:17:33.982182,noisy,sax,"{'w': 144, 'bins': 5}",95,4,4,ok,380,475,0.9891027202829719,3.3714577266946435,4.36810267996043,5,36,63,0,,
2026-05-16T02:17:38.062093,noisy,sax,"{'w': 144, 'bins': 5}",96,0,4,ok,0,96,0.9948118813335896,2.949903393164277,3.95176668651402,5,8,19,0,,
2026-05-16T02:17:41.850401,noisy,sax,"{'w': 144, 'bins': 5}",96,1,4,ok,96,192,1.0035939123481512,2.734418101608753,3.74569218698889,5,34,49,0,,
2026-05-16T02:17:46.511791,noisy,sax,"{'w': 144, 'bins': 5}",96,2,4,ok,192,288,1.001384112983942,3.601928492076695,4.611151014454663,5,22,37,0,,
2026-05-16T02:17:50.174182,noisy,sax,"{'w': 144, 'bins': 5}",96,3,4,ok,288,384,0.997601649723947,2.6212303452193737,3.6264149360358715,5,18,35,0,,
2026-05-16T02:17:53.489170,noisy,sax,"{'w': 144, 'bins': 5}",96,4,4,ok,384,480,0.9992311801761389,2.2721436712890863,3.2794047109782696,5,43,61,0,,
2026-05-16T02:17:57.439361,noisy,sax,"{'w': 144, 'bins': 5}",97,0,4,ok,0,97,1.0101295970380306,2.809083758853376,3.8270604219287634,5,4,12,0,,
2026-05-16T02:18:01.486092,noisy,sax,"{'w': 144, 'bins': 5}",97,1,4,ok,97,194,1.0128587214276195,2.9840174494311213,4.0044795805588365,5,15,26,0,,
2026-05-16T02:18:05.820450,noisy,sax,"{'w': 144, 'bins': 5}",97,2,4,ok,194,291,1.010958844795823,3.27166617102921,4.28981230314821,5,43,70,0,,
2026-05-16T02:18:09.232317,noisy,sax,"{'w': 144, 'bins': 5}",97,3,4,ok,291,388,1.0097186053171754,2.357007089070976,3.3737563975155354,5,15,26,0,,
2026-05-16T02:18:13.023455,noisy,sax,"{'w': 144, 'bins': 5}",97,4,4,ok,388,485,1.008893446996808,2.738702421076596,3.7549263443797827,5,41,66,0,,
2026-05-16T02:18:17.227664,noisy,sax,"{'w': 144, 'bins': 5}",98,0,4,ok,0,98,1.0140212858095765,3.063820975832641,4.084799807518721,5,6,15,0,,
2026-05-16T02:18:21.011528,noisy,sax,"{'w': 144, 'bins': 5}",98,1,4,ok,98,196,1.0169044006615877,2.714743157848716,3.7389425579458475,5,6,14,0,,
2026-05-16T02:18:25.773145,noisy,sax,"{'w': 144, 'bins': 5}",98,2,4,ok,196,294,1.0154824499040842,3.691649495624006,4.714345472864807,5,17,33,0,,
2026-05-16T02:18:29.151204,noisy,sax,"{'w': 144, 'bins': 5}",98,3,4,ok,294,392,1.0164599353447556,2.321490623988211,3.345021548680961,5,19,31,0,,
2026-05-16T02:18:32.839121,noisy,sax,"{'w': 144, 'bins': 5}",98,4,4,ok,392,490,1.0166822541505098,2.627169764600694,3.650868885219097,5,23,42,0,,
2026-05-16T02:18:36.688387,noisy,sax,"{'w': 144, 'bins': 5}",99,0,4,ok,0,99,1.0244149351492524,2.6974976947531104,3.7290411172434688,5,6,15,0,,
2026-05-16T02:18:41.470894,noisy,sax,"{'w': 144, 'bins': 5}",99,1,4,ok,99,198,1.024101085960865,3.708323461934924,4.739710258319974,5,30,51,0,,
2026-05-16T02:18:46.305061,noisy,sax,"{'w': 144, 'bins': 5}",99,2,4,ok,198,297,1.0284479996189475,3.752015221863985,4.788708314299583,5,77,108,0,,
2026-05-16T02:18:49.605782,noisy,sax,"{'w': 144, 'bins': 5}",99,3,4,ok,297,396,1.025827587582171,2.235028248280287,3.2678631749004126,5,46,71,0,,
2026-05-16T02:18:53.249378,noisy,sax,"{'w': 144, 'bins': 5}",99,4,4,ok,396,495,1.0327746951952577,2.565305440686643,3.6064016530290246,5,37,53,0,,
2026-05-16T02:18:57.429902,noisy,sax,"{'w': 144, 'bins': 5}",100,0,4,ok,0,100,1.0408512922003865,3.0160072706639767,4.064013379625976,5,39,65,0,,
2026-05-16T02:19:01.339420,noisy,sax,"{'w': 144, 'bins': 5}",100,1,4,ok,100,200,1.0341723999008536,2.8284437526017427,3.8698736215010285,5,12,20,0,,
2026-05-16T02:19:05.700760,noisy,sax,"{'w': 144, 'bins': 5}",100,2,4,ok,200,300,1.0396037697792053,3.2667598947882652,4.313733684830368,5,9,19,0,,
2026-05-16T02:19:08.963353,noisy,sax,"{'w': 144, 'bins': 5}",100,3,4,ok,300,400,1.0466658817604184,2.174163860268891,3.228082192130387,5,33,55,0,,
2026-05-16T02:19:12.429639,noisy,sax,"{'w': 144, 'bins': 5}",100,4,4,ok,400,500,1.037164930254221,2.3801523707807064,3.4246870102360845,5,10,21,0,,
2026-05-16T02:19:12.875498,noisy,persist,{'bins': 6},1,0,4,ok,0,1,0.14644326828420162,0.033048261888325214,0.17982953507453203,5,62,64,0,,
2026-05-16T02:19:13.052092,noisy,persist,{'bins': 6},1,1,4,ok,1,2,0.1449314085766673,0.02954549342393875,0.1747529711574316,5,21,24,0,,
2026-05-16T02:19:13.224105,noisy,persist,{'bins': 6},1,2,4,ok,2,3,0.14195765554904938,0.02776155434548855,0.16998637095093727,5,22,25,0,,
2026-05-16T02:19:13.385873,noisy,persist,{'bins': 6},1,3,4,ok,3,4,0.14540179260075092,0.014823666773736477,0.16047165170311928,5,8,12,0,,
2026-05-16T02:19:13.545908,noisy,persist,{'bins': 6},1,4,4,ok,4,5,0.1420906651765108,0.016332611441612244,0.15867181308567524,5,18,22,0,,
2026-05-16T02:19:13.827721,noisy,persist,{'bins': 6},2,0,4,ok,0,2,0.15289791952818632,0.033383541740477085,0.18673344980925322,5,62,64,0,,
2026-05-16T02:19:14.052367,noisy,persist,{'bins': 6},2,1,4,ok,2,4,0.1502175759524107,0.07114750985056162,0.22175941616296768,5,47,54,0,,
2026-05-16T02:19:14.307297,noisy,persist,{'bins': 6},2,2,4,ok,4,6,0.15270505752414465,0.09904774371534586,0.2521372130140662,5,52,63,0,,
2026-05-16T02:19:14.492070,noisy,persist,{'bins': 6},2,3,4,ok,6,8,0.14732231944799423,0.03508008737117052,0.18278199899941683,5,32,37,0,,
2026-05-16T02:19:14.668399,noisy,persist,{'bins': 6},2,4,4,ok,8,10,0.15305757988244295,0.021269352175295353,0.17467790096998215,5,39,43,0,,
2026-05-16T02:19:15.106520,noisy,persist,{'bins': 6},3,0,4,ok,0,3,0.15313647780567408,0.1872940119355917,0.3410453647375107,5,48,60,0,,
2026-05-16T02:19:15.298736,noisy,persist,{'bins': 6},3,1,4,ok,3,6,0.15590189024806023,0.033303520642220974,0.18975275941193104,5,24,30,0,,
2026-05-16T02:19:15.513604,noisy,persist,{'bins': 6},3,2,4,ok,6,9,0.15728369634598494,0.05477290879935026,0.21254169568419456,5,38,46,0,,
2026-05-16T02:19:15.736874,noisy,persist,{'bins': 6},3,3,4,ok,9,12,0.1555406218394637,0.06469887867569923,0.22073224652558565,5,33,42,0,,
2026-05-16T02:19:16.213885,noisy,persist,{'bins': 6},3,4,4,ok,12,15,0.15449973847717047,0.31652536895126104,0.47158052027225494,5,77,98,0,,
2026-05-16T02:19:16.549492,noisy,persist,{'bins': 6},4,0,4,ok,0,4,0.1608405662700534,0.07441574707627296,0.2359470808878541,5,41,49,0,,
2026-05-16T02:19:16.770149,noisy,persist,{'bins': 6},4,1,4,ok,4,8,0.16282976046204567,0.05510852951556444,0.2185168471187353,5,38,46,0,,
2026-05-16T02:19:17.049390,noisy,persist,{'bins': 6},4,2,4,ok,8,12,0.16218712273985147,0.11337897647172213,0.2761726686730981,5,64,75,0,,
2026-05-16T02:19:17.247525,noisy,persist,{'bins': 6},4,3,4,ok,12,16,0.16280005499720573,0.032803092151880264,0.19615010358393192,5,48,53,0,,
2026-05-16T02:19:17.521259,noisy,persist,{'bins': 6},4,4,4,ok,16,20,0.16116918250918388,0.10884744673967361,0.27059813123196363,5,55,67,0,,
2026-05-16T02:19:18.162309,noisy,persist,{'bins': 6},5,0,4,ok,0,5,0.1638530222699046,0.37690696120262146,0.5417496608570218,5,33,52,0,,
2026-05-16T02:19:18.379528,noisy,persist,{'bins': 6},5,1,4,ok,5,10,0.16499578952789307,0.048799941316246986,0.21462055016309023,5,31,38,0,,
2026-05-16T02:19:18.598333,noisy,persist,{'bins': 6},5,2,4,ok,10,15,0.16704900469630957,0.048759426921606064,0.21657681372016668,5,48,55,0,,
2026-05-16T02:19:18.929200,noisy,persist,{'bins': 6},5,3,4,ok,15,20,0.16236922517418861,0.1633011568337679,0.3265595715492964,5,38,51,0,,
2026-05-16T02:19:19.188043,noisy,persist,{'bins': 6},5,4,4,ok,20,25,0.16437571495771408,0.09074310678988695,0.25595464184880257,5,32,45,0,,
2026-05-16T02:19:19.534013,noisy,persist,{'bins': 6},6,0,4,ok,0,6,0.169401322491467,0.07722500246018171,0.2476768773049116,5,41,49,0,,
2026-05-16T02:19:19.764914,noisy,persist,{'bins': 6},6,1,4,ok,6,12,0.16942973528057337,0.05768318474292755,0.22803778667002916,5,31,38,0,,
2026-05-16T02:19:20.035727,noisy,persist,{'bins': 6},6,2,4,ok,12,18,0.1704786941409111,0.09591589216142893,0.2675271723419428,5,39,48,0,,
2026-05-16T02:19:20.280575,noisy,persist,{'bins': 6},6,3,4,ok,18,24,0.17327160015702248,0.06798049155622721,0.24219315871596336,5,54,62,0,,
2026-05-16T02:19:20.601099,noisy,persist,{'bins': 6},6,4,4,ok,24,30,0.17267321608960629,0.14215908385813236,0.31616444140672684,5,43,56,0,,
2026-05-16T02:19:21.110341,noisy,persist,{'bins': 6},7,0,4,ok,0,7,0.17267938796430826,0.23282307293266058,0.4067340139299631,5,40,52,0,,
2026-05-16T02:19:21.348928,noisy,persist,{'bins': 6},7,1,4,ok,7,14,0.17103923857212067,0.063356788828969,0.23545361310243607,5,29,38,0,,
2026-05-16T02:19:21.907376,noisy,persist,{'bins': 6},7,2,4,ok,14,21,0.17718019988387823,0.3743861773982644,0.5526782656088471,5,80,100,0,,
2026-05-16T02:19:22.229601,noisy,persist,{'bins': 6},7,3,4,ok,21,28,0.1729375123977661,0.1447625020518899,0.31877921149134636,5,56,70,0,,
2026-05-16T02:19:22.798793,noisy,persist,{'bins': 6},7,4,4,ok,28,35,0.1772707710042596,0.385568305850029,0.5641781110316515,5,68,89,0,,
2026-05-16T02:19:23.137125,noisy,persist,{'bins': 6},8,0,4,ok,0,8,0.17586716543883085,0.06196362245827913,0.2391519984230399,5,32,39,0,,
2026-05-16T02:19:23.373965,noisy,persist,{'bins': 6},8,1,4,ok,8,16,0.1809534765779972,0.05216294713318348,0.23424950148910284,5,50,58,0,,
2026-05-16T02:19:23.774395,noisy,persist,{'bins': 6},8,2,4,ok,16,24,0.1796720689162612,0.2150232857093215,0.3959040753543377,5,66,85,0,,
2026-05-16T02:19:24.169979,noisy,persist,{'bins': 6},8,3,4,ok,24,32,0.18336281925439835,0.20688986219465733,0.39149307180196047,5,55,72,0,,
2026-05-16T02:19:25.055991,noisy,persist,{'bins': 6},8,4,4,ok,32,40,0.1820842381566763,0.6972629427909851,0.8806220460683107,5,53,79,0,,
2026-05-16T02:19:25.381600,noisy,persist,{'bins': 6},9,0,4,ok,0,9,0.18636344466358423,0.036576428450644016,0.2243406344205141,5,32,37,0,,
2026-05-16T02:19:25.813160,noisy,persist,{'bins': 6},9,1,4,ok,9,18,0.18871924001723528,0.23654293734580278,0.4269193997606635,5,55,72,0,,
2026-05-16T02:19:26.248743,noisy,persist,{'bins': 6},9,2,4,ok,18,27,0.1868072096258402,0.24314967542886734,0.43129923567175865,5,72,90,0,,
2026-05-16T02:19:27.283051,noisy,persist,{'bins': 6},9,3,4,ok,27,36,0.18610526993870735,0.8400791399180889,1.027562347240746,5,44,71,0,,
2026-05-16T02:19:27.576201,noisy,persist,{'bins': 6},9,4,4,ok,36,45,0.1819662880152464,0.10596045479178429,0.2892925878986716,5,41,53,0,,
2026-05-16T02:19:27.915626,noisy,persist,{'bins': 6},10,0,4,ok,0,10,0.1885274602100253,0.04728790279477835,0.23746749479323626,5,31,37,0,,
2026-05-16T02:19:28.208553,noisy,persist,{'bins': 6},10,1,4,ok,10,20,0.1898373793810606,0.09651384502649307,0.28779633715748787,5,32,42,0,,
2026-05-16T02:19:28.533770,noisy,persist,{'bins': 6},10,2,4,ok,20,30,0.18598574586212635,0.1332130627706647,0.32062447629868984,5,48,61,0,,
2026-05-16T02:19:29.189708,noisy,persist,{'bins': 6},10,3,4,ok,30,40,0.1911549037322402,0.4544751076027751,0.6488221250474453,5,55,82,0,,
2026-05-16T02:19:29.548743,noisy,persist,{'bins': 6},10,4,4,ok,40,50,0.18857869505882263,0.16294024791568518,0.3531536031514406,5,33,48,0,,
2026-05-16T02:19:29.895345,noisy,persist,{'bins': 6},11,0,4,ok,0,11,0.19549427181482315,0.04711049981415272,0.24434878677129745,5,36,43,0,,
2026-05-16T02:19:30.403023,noisy,persist,{'bins': 6},11,1,4,ok,11,22,0.2002930734306574,0.2997692422941327,0.502656658180058,5,21,36,0,,
2026-05-16T02:19:30.867122,noisy,persist,{'bins': 6},11,2,4,ok,22,33,0.18935940228402615,0.2658552648499608,0.45681815780699253,5,38,49,0,,
2026-05-16T02:19:32.187180,noisy,persist,{'bins': 6},11,3,4,ok,33,44,0.19218148104846478,1.1191524872556329,1.3130203848704696,5,24,41,0,,
2026-05-16T02:19:32.566625,noisy,persist,{'bins': 6},11,4,4,ok,44,55,0.19582208804786205,0.17797352001070976,0.3752446388825774,5,57,74,0,,
2026-05-16T02:19:32.936530,noisy,persist,{'bins': 6},12,0,4,ok,0,12,0.19532463420182467,0.06848873570561409,0.2655793270096183,5,31,38,0,,
2026-05-16T02:19:33.744875,noisy,persist,{'bins': 6},12,1,4,ok,12,24,0.20010603312402964,0.6004718476906419,0.8022397514432669,5,86,112,0,,
2026-05-16T02:19:34.078871,noisy,persist,{'bins': 6},12,2,4,ok,24,36,0.19635840505361557,0.13103908021003008,0.3290186198428273,5,41,52,0,,
2026-05-16T02:19:34.430105,noisy,persist,{'bins': 6},12,3,4,ok,36,48,0.19772526063024998,0.14684143662452698,0.34609344508498907,5,44,56,0,,
2026-05-16T02:19:34.686447,noisy,persist,{'bins': 6},12,4,4,ok,48,60,0.19776929449290037,0.050303866155445576,0.24959751404821873,5,20,26,0,,
2026-05-16T02:19:35.046227,noisy,persist,{'bins': 6},13,0,4,ok,0,13,0.204550638794899,0.04721731040626764,0.25342014245688915,5,36,43,0,,
2026-05-16T02:19:35.643030,noisy,persist,{'bins': 6},13,1,4,ok,13,26,0.2033483311533928,0.38573277555406094,0.590890284627676,5,52,76,0,,
2026-05-16T02:19:37.174069,noisy,persist,{'bins': 6},13,2,4,ok,26,39,0.20419269800186157,1.3142074355855584,1.5202101925387979,5,95,134,0,,
2026-05-16T02:19:37.601403,noisy,persist,{'bins': 6},13,3,4,ok,39,52,0.20514587685465813,0.21434833761304617,0.4212906891480088,5,33,47,0,,
2026-05-16T02:19:38.002620,noisy,persist,{'bins': 6},13,4,4,ok,52,65,0.20200688298791647,0.19119255430996418,0.39495118614286184,5,36,48,0,,
2026-05-16T02:19:38.373304,noisy,persist,{'bins': 6},14,0,4,ok,0,14,0.20423747226595879,0.06114994455128908,0.2673928923904896,5,28,36,0,,
2026-05-16T02:19:38.738460,noisy,persist,{'bins': 6},14,1,4,ok,14,28,0.2024874947965145,0.15517336316406727,0.35950513184070587,5,21,31,0,,
2026-05-16T02:19:39.723028,noisy,persist,{'bins': 6},14,2,4,ok,28,42,0.20681266766041517,0.7665607389062643,0.9754515085369349,5,23,40,0,,
2026-05-16T02:19:40.238164,noisy,persist,{'bins': 6},14,3,4,ok,42,56,0.20811141561716795,0.3001369331032038,0.5100720738992095,5,63,85,0,,
2026-05-16T02:19:40.628494,noisy,persist,{'bins': 6},14,4,4,ok,56,70,0.20565045531839132,0.17665787041187286,0.384086674079299,5,44,58,0,,
2026-05-16T02:19:41.035844,noisy,persist,{'bins': 6},15,0,4,ok,0,15,0.21229446213692427,0.09282983653247356,0.30696776043623686,5,45,56,0,,
2026-05-16T02:19:41.639917,noisy,persist,{'bins': 6},15,1,4,ok,15,30,0.2130720019340515,0.38363222125917673,0.5986184272915125,5,45,69,0,,
2026-05-16T02:19:42.219899,noisy,persist,{'bins': 6},15,2,4,ok,30,45,0.20809947419911623,0.3620451521128416,0.5721086245030165,5,57,76,0,,
2026-05-16T02:19:43.104205,noisy,persist,{'bins': 6},15,3,4,ok,45,60,0.20769845135509968,0.6669673100113869,0.8767064437270164,5,41,64,0,,
2026-05-16T02:19:43.426644,noisy,persist,{'bins': 6},15,4,4,ok,60,75,0.2108547892421484,0.10532953962683678,0.31836102716624737,5,41,52,0,,
2026-05-16T02:19:44.998478,noisy,persist,{'bins': 6},16,0,4,ok,0,16,0.21155887003988028,1.249156154692173,1.4630587762221694,5,30,45,0,,
2026-05-16T02:19:45.997187,noisy,persist,{'bins': 6},16,1,4,ok,16,32,0.21017672680318356,0.7781836055219173,0.9905146071687341,5,14,26,0,,
2026-05-16T02:19:46.629550,noisy,persist,{'bins': 6},16,2,4,ok,32,48,0.21698644291609526,0.4055098947137594,0.6249602250754833,5,41,62,0,,
2026-05-16T02:19:47.054041,noisy,persist,{'bins': 6},16,3,4,ok,48,64,0.21626289281994104,0.2016258267685771,0.4199039051309228,5,59,76,0,,
2026-05-16T02:19:47.303304,noisy,persist,{'bins': 6},16,4,4,ok,64,80,0.2112506413832307,0.03290265891700983,0.24623602163046598,5,27,32,0,,
2026-05-16T02:19:48.017349,noisy,persist,{'bins': 6},17,0,4,ok,0,17,0.21545871533453465,0.38701990246772766,0.6049494175240397,5,31,41,0,,
2026-05-16T02:19:48.428038,noisy,persist,{'bins': 6},17,1,4,ok,17,34,0.2180324774235487,0.18289317842572927,0.4032150460407138,5,39,49,0,,
2026-05-16T02:19:48.895689,noisy,persist,{'bins': 6},17,2,4,ok,34,51,0.21891429368406534,0.24014162737876177,0.46124595310539007,5,55,74,0,,
2026-05-16T02:19:49.696182,noisy,persist,{'bins': 6},17,3,4,ok,51,68,0.2155378134921193,0.5749198626726866,0.792834029532969,5,60,84,0,,
2026-05-16T02:19:50.010636,noisy,persist,{'bins': 6},17,4,4,ok,68,85,0.21789327636361122,0.08754581306129694,0.30795676819980145,5,25,33,0,,
2026-05-16T02:19:50.406687,noisy,persist,{'bins': 6},18,0,4,ok,0,18,0.21955268271267414,0.07253973372280598,0.2942851735278964,5,33,41,0,,
2026-05-16T02:19:50.777819,noisy,persist,{'bins': 6},18,1,4,ok,18,36,0.2224954292178154,0.14165949635207653,0.3664621766656637,5,41,52,0,,
2026-05-16T02:19:51.240216,noisy,persist,{'bins': 6},18,2,4,ok,36,54,0.22100077103823423,0.23097394965589046,0.4545181281864643,5,40,56,0,,
2026-05-16T02:19:51.684643,noisy,persist,{'bins': 6},18,3,4,ok,54,72,0.28803018666803837,0.14765023440122604,0.43804695550352335,5,43,56,0,,
2026-05-16T02:19:52.007595,noisy,persist,{'bins': 6},18,4,4,ok,72,90,0.22395515069365501,0.09286287892609835,0.3191212145611644,5,38,49,0,,
2026-05-16T02:19:52.451590,noisy,persist,{'bins': 6},19,0,4,ok,0,19,0.22291446570307016,0.117214429192245,0.34267839323729277,5,33,41,0,,
2026-05-16T02:19:53.113615,noisy,persist,{'bins': 6},19,1,4,ok,19,38,0.2224569460377097,0.4262964818626642,0.6513295853510499,5,22,30,0,,
2026-05-16T02:19:53.523985,noisy,persist,{'bins': 6},19,2,4,ok,38,57,0.22707532905042171,0.1741396002471447,0.40368178207427263,5,40,55,0,,
2026-05-16T02:19:54.024597,noisy,persist,{'bins': 6},19,3,4,ok,57,76,0.22113358229398727,0.27012360095977783,0.4938599895685911,5,32,47,0,,
2026-05-16T02:19:54.358421,noisy,persist,{'bins': 6},19,4,4,ok,76,95,0.22897399496287107,0.09824337344616652,0.32956273201853037,5,38,49,0,,
2026-05-16T02:19:54.816303,noisy,persist,{'bins': 6},20,0,4,ok,0,20,0.2327300077304244,0.12366931140422821,0.358954387716949,5,49,61,0,,
2026-05-16T02:19:55.226086,noisy,persist,{'bins': 6},20,1,4,ok,20,40,0.22879935707896948,0.17355871014297009,0.40487692691385746,5,36,50,0,,
2026-05-16T02:19:55.907412,noisy,persist,{'bins': 6},20,2,4,ok,40,60,0.23424918204545975,0.4381663613021374,0.6750028608366847,5,73,96,0,,
2026-05-16T02:19:56.250765,noisy,persist,{'bins': 6},20,3,4,ok,60,80,0.23025124240666628,0.10487221274524927,0.3376092528924346,5,33,44,0,,
2026-05-16T02:19:56.619699,noisy,persist,{'bins': 6},20,4,4,ok,80,100,0.23141459748148918,0.12975722458213568,0.36360818706452847,5,36,49,0,,
2026-05-16T02:19:57.750185,noisy,persist,{'bins': 6},21,0,4,ok,0,21,0.233111503534019,0.7841633465141058,1.0202090600505471,5,25,36,0,,
2026-05-16T02:19:58.304557,noisy,persist,{'bins': 6},21,1,4,ok,21,42,0.2302967282012105,0.3109663398936391,0.5440913792699575,5,37,47,0,,
2026-05-16T02:19:58.872945,noisy,persist,{'bins': 6},21,2,4,ok,42,63,0.238092428073287,0.32205218728631735,0.5627512820065022,5,64,86,0,,
2026-05-16T02:19:59.215862,noisy,persist,{'bins': 6},21,3,4,ok,63,84,0.23762735445052385,0.09847779385745525,0.33866559714078903,5,38,49,0,,
2026-05-16T02:20:00.946675,noisy,persist,{'bins': 6},21,4,4,ok,84,105,0.23128313198685646,1.4778349753469229,1.712253674864769,5,32,45,0,,
2026-05-16T02:20:01.418294,noisy,persist,{'bins': 6},22,0,4,ok,0,22,0.24260867945849895,0.12290849257260561,0.3682132950052619,5,49,61,0,,
2026-05-16T02:20:02.074808,noisy,persist,{'bins': 6},22,1,4,ok,22,44,0.23759663756936789,0.4059137739241123,0.6464669033885002,5,28,40,0,,
2026-05-16T02:20:02.531410,noisy,persist,{'bins': 6},22,2,4,ok,44,66,0.23899824917316437,0.20776066649705172,0.44947448652237654,5,43,58,0,,
2026-05-16T02:20:02.863030,noisy,persist,{'bins': 6},22,3,4,ok,66,88,0.23914311174303293,0.08518498949706554,0.3271785248070955,5,33,42,0,,
2026-05-16T02:20:03.233232,noisy,persist,{'bins': 6},22,4,4,ok,88,110,0.24220828711986542,0.11959727481007576,0.36431008484214544,5,22,32,0,,
2026-05-16T02:20:03.958467,noisy,persist,{'bins': 6},23,0,4,ok,0,23,0.24438389297574759,0.36761790700256824,0.6154203005135059,5,30,37,0,,
2026-05-16T02:20:04.561622,noisy,persist,{'bins': 6},23,1,4,ok,23,46,0.24521912168711424,0.3453967086970806,0.5935547584667802,5,32,46,0,,
2026-05-16T02:20:05.073985,noisy,persist,{'bins': 6},23,2,4,ok,46,69,0.2513931067660451,0.24923005420714617,0.504120908677578,5,51,67,0,,
2026-05-16T02:20:05.427980,noisy,persist,{'bins': 6},23,3,4,ok,69,92,0.24730409681797028,0.09941785875707865,0.3494263235479593,5,38,49,0,,
2026-05-16T02:20:07.140178,noisy,persist,{'bins': 6},23,4,4,ok,92,115,0.23966945055872202,1.4521251050755382,1.694868067279458,5,50,72,0,,
2026-05-16T02:20:07.564120,noisy,persist,{'bins': 6},24,0,4,ok,0,24,0.25136836990714073,0.06741208396852016,0.32154502626508474,5,35,42,0,,
2026-05-16T02:20:08.644936,noisy,persist,{'bins': 6},24,1,4,ok,24,48,0.2507406808435917,0.8203258663415909,1.073956604115665,5,24,40,0,,
2026-05-16T02:20:09.116580,noisy,persist,{'bins': 6},24,2,4,ok,48,72,0.24709193874150515,0.21497036796063185,0.4652864905074239,5,46,60,0,,
2026-05-16T02:20:09.748747,noisy,persist,{'bins': 6},24,3,4,ok,72,96,0.2479444295167923,0.36288565024733543,0.6139538763090968,5,45,61,0,,
2026-05-16T02:20:11.168146,noisy,persist,{'bins': 6},24,4,4,ok,96,120,0.2513487320393324,1.153668537735939,1.4079981576651335,5,76,105,0,,
2026-05-16T02:20:11.749026,noisy,persist,{'bins': 6},25,0,4,ok,0,25,0.25611022487282753,0.1937830988317728,0.4530088333413005,5,64,79,0,,
2026-05-16T02:20:12.559395,noisy,persist,{'bins': 6},25,1,4,ok,25,50,0.25520435255020857,0.5405323170125484,0.7985945269465446,5,66,94,0,,
2026-05-16T02:20:13.082702,noisy,persist,{'bins': 6},25,2,4,ok,50,75,0.24951737467199564,0.25992325507104397,0.5126191880553961,5,47,62,0,,
2026-05-16T02:20:13.621052,noisy,persist,{'bins': 6},25,3,4,ok,75,100,0.2521656583994627,0.2720549376681447,0.5273342616856098,5,45,61,0,,
2026-05-16T02:20:14.511179,noisy,persist,{'bins': 6},25,4,4,ok,100,125,0.2500331625342369,0.627089524641633,0.880198422819376,5,33,48,0,,
2026-05-16T02:20:15.254377,noisy,persist,{'bins': 6},26,0,4,ok,0,26,0.2600645301863551,0.3748175483196974,0.6380131980404258,5,62,84,0,,
2026-05-16T02:20:16.424935,noisy,persist,{'bins': 6},26,1,4,ok,26,52,0.25840636622160673,0.8918393542990088,1.1536363577470183,5,46,70,0,,
2026-05-16T02:20:17.106950,noisy,persist,{'bins': 6},26,2,4,ok,52,78,0.2599112521857023,0.41195567045360804,0.6749801188707352,5,42,62,0,,
2026-05-16T02:20:17.574952,noisy,persist,{'bins': 6},26,3,4,ok,78,104,0.2564451228827238,0.20288146380335093,0.4623880563303828,5,15,26,0,,
2026-05-16T02:20:18.379827,noisy,persist,{'bins': 6},26,4,4,ok,104,130,0.2574459630995989,0.5349840885028243,0.7955641066655517,5,30,43,0,,
2026-05-16T02:20:18.984438,noisy,persist,{'bins': 6},27,0,4,ok,0,27,0.2556682741269469,0.24054456315934658,0.4994844924658537,5,34,49,0,,
2026-05-16T02:20:21.760703,noisy,persist,{'bins': 6},27,1,4,ok,27,54,0.267407039180398,2.4940181374549866,2.7651901273056865,5,21,39,0,,
2026-05-16T02:20:22.154057,noisy,persist,{'bins': 6},27,2,4,ok,54,81,0.260365204885602,0.12171429954469204,0.3852214151993394,5,33,44,0,,
2026-05-16T02:20:22.629286,noisy,persist,{'bins': 6},27,3,4,ok,81,108,0.2545070545747876,0.2109018275514245,0.46855806559324265,5,16,26,0,,
2026-05-16T02:20:25.403891,noisy,persist,{'bins': 6},27,4,4,ok,108,135,0.26284293923527,2.4763373844325542,2.743196005001664,5,41,60,0,,
2026-05-16T02:20:26.026221,noisy,persist,{'bins': 6},28,0,4,ok,0,28,0.264917585067451,0.25050298497080803,0.5188128594309092,5,46,62,0,,
2026-05-16T02:20:27.097228,noisy,persist,{'bins': 6},28,1,4,ok,28,56,0.2644257405772805,0.7910981383174658,1.0590441105887294,5,10,21,0,,
2026-05-16T02:20:27.593695,noisy,persist,{'bins': 6},28,2,4,ok,56,84,0.2654087673872709,0.21804520208388567,0.4868543744087219,5,50,65,0,,
2026-05-16T02:20:28.044089,noisy,persist,{'bins': 6},28,3,4,ok,84,112,0.26645169500261545,0.16612150333821774,0.4363603303208947,5,31,39,0,,
2026-05-16T02:20:29.278875,noisy,persist,{'bins': 6},28,4,4,ok,112,140,0.2685338454321027,0.9349974012002349,1.2073442470282316,5,39,54,0,,
2026-05-16T02:20:29.985724,noisy,persist,{'bins': 6},29,0,4,ok,0,29,0.2668139562010765,0.3307428592815995,0.6010280437767506,5,45,62,0,,
2026-05-16T02:20:31.689026,noisy,persist,{'bins': 6},29,1,4,ok,29,58,0.2733132606372237,1.416684702038765,1.6935112904757261,5,42,75,0,,
2026-05-16T02:20:32.184790,noisy,persist,{'bins': 6},29,2,4,ok,58,87,0.2689077164977789,0.21434831898659468,0.48664842639118433,5,50,65,0,,
2026-05-16T02:20:32.771719,noisy,persist,{'bins': 6},29,3,4,ok,87,116,0.2698863949626684,0.2966665057465434,0.5701778493821621,5,20,27,0,,
2026-05-16T02:20:34.117066,noisy,persist,{'bins': 6},29,4,4,ok,116,145,0.2651020511984825,1.0667439000681043,1.3352832961827517,5,59,82,0,,
2026-05-16T02:20:34.947301,noisy,persist,{'bins': 6},30,0,4,ok,0,30,0.2785898195579648,0.4440299728885293,0.7261312967166305,5,62,84,0,,
2026-05-16T02:20:36.463521,noisy,persist,{'bins': 6},30,1,4,ok,30,60,0.2787376781925559,1.2247955789789557,1.5070928623899817,5,42,65,0,,
2026-05-16T02:20:37.237756,noisy,persist,{'bins': 6},30,2,4,ok,60,90,0.27480543218553066,0.47665903717279434,0.7552914069965482,5,12,21,0,,
2026-05-16T02:20:37.651085,noisy,persist,{'bins': 6},30,3,4,ok,90,120,0.2691963389515877,0.1265872297808528,0.39946236833930016,5,22,29,0,,
2026-05-16T02:20:38.702793,noisy,persist,{'bins': 6},30,4,4,ok,120,150,0.2716080779209733,0.7660973398014903,1.0412811134010553,5,58,91,0,,
2026-05-16T02:20:39.372792,noisy,persist,{'bins': 6},31,0,4,ok,0,31,0.28126706648617983,0.281595915555954,0.566981066018343,5,58,75,0,,
2026-05-16T02:20:39.983233,noisy,persist,{'bins': 6},31,1,4,ok,31,62,0.2806144719943404,0.31437665317207575,0.5991195384413004,5,16,29,0,,
2026-05-16T02:20:40.380210,noisy,persist,{'bins': 6},31,2,4,ok,62,93,0.28439128398895264,0.10259143821895123,0.39073980785906315,5,38,49,0,,
2026-05-16T02:20:40.818814,noisy,persist,{'bins': 6},31,3,4,ok,93,124,0.2744555752724409,0.15342915803194046,0.4315406186506152,5,24,31,0,,
2026-05-16T02:20:41.566471,noisy,persist,{'bins': 6},31,4,4,ok,124,155,0.28075326327234507,0.44530819449573755,0.7305864347144961,5,29,39,0,,
2026-05-16T02:20:42.199948,noisy,persist,{'bins': 6},32,0,4,ok,0,32,0.2857132377102971,0.23867501225322485,0.5281445439904928,5,59,75,0,,
2026-05-16T02:20:43.370356,noisy,persist,{'bins': 6},32,1,4,ok,32,64,0.28715208917856216,0.8700081864371896,1.160954120568931,5,78,108,0,,
2026-05-16T02:20:43.976236,noisy,persist,{'bins': 6},32,2,4,ok,64,96,0.28721277322620153,0.3082939013838768,0.5991484839469194,5,51,71,0,,
2026-05-16T02:20:45.942200,noisy,persist,{'bins': 6},32,3,4,ok,96,128,0.2867205888032913,1.661913982592523,1.9525096686556935,5,36,57,0,,
2026-05-16T02:20:46.359031,noisy,persist,{'bins': 6},32,4,4,ok,128,160,0.28784695360809565,0.12071267887949944,0.41217082366347313,5,38,49,0,,
2026-05-16T02:20:47.071027,noisy,persist,{'bins': 6},33,0,4,ok,0,33,0.2897609192878008,0.23323105927556753,0.526701514609158,5,58,74,0,,
2026-05-16T02:20:47.778332,noisy,persist,{'bins': 6},33,1,4,ok,33,66,0.291987550444901,0.3987254649400711,0.6949997050687671,5,15,28,0,,
2026-05-16T02:20:48.395345,noisy,persist,{'bins': 6},33,2,4,ok,66,99,0.2818846367299557,0.31021513883024454,0.5961846467107534,5,40,56,0,,
2026-05-16T02:20:53.104979,noisy,persist,{'bins': 6},33,3,4,ok,99,132,0.2893532123416662,4.377635446377099,4.671732427552342,5,61,95,0,,
2026-05-16T02:20:53.785072,noisy,persist,{'bins': 6},33,4,4,ok,132,165,0.2858638297766447,0.36946719978004694,0.6598330242559314,5,28,37,0,,
2026-05-16T02:20:54.446558,noisy,persist,{'bins': 6},34,0,4,ok,0,34,0.2912053093314171,0.26189571898430586,0.5569990994408727,5,59,76,0,,
2026-05-16T02:20:55.054372,noisy,persist,{'bins': 6},34,1,4,ok,34,68,0.28579065296798944,0.3072634171694517,0.5970641197636724,5,30,45,0,,
2026-05-16T02:20:55.760616,noisy,persist,{'bins': 6},34,2,4,ok,68,102,0.2956125168129802,0.4003463089466095,0.6998846586793661,5,50,73,0,,
2026-05-16T02:21:00.623359,noisy,persist,{'bins': 6},34,3,4,ok,102,136,0.2930082567036152,4.5354089345782995,4.833134709857404,5,68,108,0,,
2026-05-16T02:21:01.048236,noisy,persist,{'bins': 6},34,4,4,ok,136,170,0.29481648188084364,0.12107594218105078,0.41974189318716526,5,38,49,0,,
2026-05-16T02:21:01.742485,noisy,persist,{'bins': 6},35,0,4,ok,0,35,0.2934674108400941,0.2858122428879142,0.5836172886192799,5,59,76,0,,
2026-05-16T02:21:02.438411,noisy,persist,{'bins': 6},35,1,4,ok,35,70,0.2903628386557102,0.38977240212261677,0.6843892196193337,5,16,29,0,,
2026-05-16T02:21:03.189455,noisy,persist,{'bins': 6},35,2,4,ok,70,105,0.2905735243111849,0.4355431068688631,0.7306119631975889,5,18,26,0,,
2026-05-16T02:21:03.903820,noisy,persist,{'bins': 6},35,3,4,ok,105,140,0.29126213770359755,0.3994322931393981,0.6949656214565039,5,61,77,0,,
2026-05-16T02:21:04.358146,noisy,persist,{'bins': 6},35,4,4,ok,140,175,0.2893550954759121,0.15292037278413773,0.44628460705280304,5,35,48,0,,
2026-05-16T02:21:05.104086,noisy,persist,{'bins': 6},36,0,4,ok,0,36,0.2968619028106332,0.3321946756914258,0.6334405820816755,5,51,65,0,,
2026-05-16T02:21:06.192322,noisy,persist,{'bins': 6},36,1,4,ok,36,72,0.3030332522466779,0.7710575256496668,1.078308499418199,5,77,104,0,,
2026-05-16T02:21:06.723688,noisy,persist,{'bins': 6},36,2,4,ok,72,108,0.29497006069868803,0.22326012328267097,0.5225144000723958,5,18,30,0,,
2026-05-16T02:21:10.336041,noisy,persist,{'bins': 6},36,3,4,ok,108,144,0.30492124892771244,3.2899622842669487,3.5993385184556246,5,41,65,0,,
2026-05-16T02:21:10.882507,noisy,persist,{'bins': 6},36,4,4,ok,144,180,0.3041286701336503,0.23072430212050676,0.538907797075808,5,61,78,0,,
2026-05-16T02:21:11.645466,noisy,persist,{'bins': 6},37,0,4,ok,0,37,0.3046363331377506,0.34395152423530817,0.6530105732381344,5,61,78,0,,
2026-05-16T02:21:12.786159,noisy,persist,{'bins': 6},37,1,4,ok,37,74,0.30714082811027765,0.8195238830521703,1.1309226360172033,5,77,104,0,,
2026-05-16T02:21:13.358553,noisy,persist,{'bins': 6},37,2,4,ok,74,111,0.306914440356195,0.2524129915982485,0.5638603856787086,5,16,28,0,,
2026-05-16T02:21:16.978741,noisy,persist,{'bins': 6},37,3,4,ok,111,148,0.31103316601365805,3.2875575879588723,3.6030334681272507,5,78,116,0,,
2026-05-16T02:21:17.515100,noisy,persist,{'bins': 6},37,4,4,ok,148,185,0.3013178212568164,0.2153998240828514,0.5212273644283414,5,31,45,0,,
2026-05-16T02:21:18.402264,noisy,persist,{'bins': 6},38,0,4,ok,0,38,0.31319482531398535,0.4678785605356097,0.7854732284322381,5,45,62,0,,
2026-05-16T02:21:19.162434,noisy,persist,{'bins': 6},38,1,4,ok,38,76,0.3027862086892128,0.32616580463945866,0.6332915034145117,5,15,27,0,,
2026-05-16T02:21:19.720205,noisy,persist,{'bins': 6},38,2,4,ok,76,114,0.3142981380224228,0.22198938950896263,0.5412454176694155,5,27,38,0,,
2026-05-16T02:21:20.194829,noisy,persist,{'bins': 6},38,3,4,ok,114,152,0.31274507101625204,0.15159292053431273,0.46859763097018003,5,48,60,0,,
2026-05-16T02:21:20.707846,noisy,persist,{'bins': 6},38,4,4,ok,152,190,0.31275241542607546,0.19054267462342978,0.5075622228905559,5,54,69,0,,
2026-05-16T02:21:21.552248,noisy,persist,{'bins': 6},39,0,4,ok,0,39,0.31717866845428944,0.41778285428881645,0.7393707726150751,5,45,62,0,,
2026-05-16T02:21:22.307808,noisy,persist,{'bins': 6},39,1,4,ok,39,78,0.3148971935734153,0.42287055868655443,0.7423768676817417,5,34,55,0,,
2026-05-16T02:21:22.892590,noisy,persist,{'bins': 6},39,2,4,ok,78,117,0.314346837811172,0.25589123368263245,0.5747744422405958,5,16,28,0,,
2026-05-16T02:21:23.366992,noisy,persist,{'bins': 6},39,3,4,ok,117,156,0.31414920929819345,0.13814777135849,0.4570558965206146,5,33,40,0,,
2026-05-16T02:21:24.038429,noisy,persist,{'bins': 6},39,4,4,ok,156,195,0.31013138219714165,0.34146930277347565,0.6563731664791703,5,27,39,0,,
2026-05-16T02:21:25.880732,noisy,persist,{'bins': 6},40,0,4,ok,0,40,0.31988873705267906,1.4003225285559893,1.725398836657405,5,28,44,0,,
2026-05-16T02:21:26.514594,noisy,persist,{'bins': 6},40,1,4,ok,40,80,0.3115567285567522,0.30304965283721685,0.6194641944020987,5,26,35,0,,
2026-05-16T02:21:27.115843,noisy,persist,{'bins': 6},40,2,4,ok,80,120,0.3118142830207944,0.26036907359957695,0.5770930163562298,5,27,37,0,,
2026-05-16T02:21:27.620140,noisy,persist,{'bins': 6},40,3,4,ok,120,160,0.3201413508504629,0.16086776740849018,0.48620613664388657,5,35,44,0,,
2026-05-16T02:21:28.104074,noisy,persist,{'bins': 6},40,4,4,ok,160,200,0.3234585402533412,0.15050699096173048,0.4784491406753659,5,54,68,0,,
2026-05-16T02:21:29.756687,noisy,persist,{'bins': 6},41,0,4,ok,0,41,0.32115171756595373,1.202920001000166,1.529289297759533,5,17,28,0,,
2026-05-16T02:21:30.324457,noisy,persist,{'bins': 6},41,1,4,ok,41,82,0.3234193967655301,0.2253605891019106,0.5535755613818765,5,50,65,0,,
2026-05-16T02:21:30.772886,noisy,persist,{'bins': 6},41,2,4,ok,82,123,0.3214736534282565,0.10994442831724882,0.4361941395327449,5,22,30,0,,
2026-05-16T02:21:31.231132,noisy,persist,{'bins': 6},41,3,4,ok,123,164,0.3260787008330226,0.12266332283616066,0.45324240531772375,5,38,49,0,,
2026-05-16T02:21:33.690280,noisy,persist,{'bins': 6},41,4,4,ok,164,205,0.3193919835612178,2.1047467822209,2.4293735763058066,5,34,51,0,,
2026-05-16T02:21:35.491972,noisy,persist,{'bins': 6},42,0,4,ok,0,42,0.325403512455523,1.3530396055430174,1.6836585626006126,5,35,51,0,,
2026-05-16T02:21:36.176603,noisy,persist,{'bins': 6},42,1,4,ok,42,84,0.330700920894742,0.3413324458524585,0.6767097283154726,5,55,74,0,,
2026-05-16T02:21:36.646445,noisy,persist,{'bins': 6},42,2,4,ok,84,126,0.3210843103006482,0.1344307605177164,0.46039407327771187,5,37,46,0,,
2026-05-16T02:21:37.172137,noisy,persist,{'bins': 6},42,3,4,ok,126,168,0.32248991169035435,0.18430581223219633,0.5117850936949253,5,25,36,0,,
2026-05-16T02:21:37.856225,noisy,persist,{'bins': 6},42,4,4,ok,168,210,0.32331715524196625,0.33522062934935093,0.6636831872165203,5,38,55,0,,
2026-05-16T02:21:38.912847,noisy,persist,{'bins': 6},43,0,4,ok,0,43,0.34284572768956423,0.6033338941633701,0.951489414088428,5,59,82,0,,
2026-05-16T02:21:39.631391,noisy,persist,{'bins': 6},43,1,4,ok,43,86,0.337018022313714,0.34294167812913656,0.6848264709115028,5,55,74,0,,
2026-05-16T02:21:40.246143,noisy,persist,{'bins': 6},43,2,4,ok,86,129,0.33324138168245554,0.1884455969557166,0.595386540517211,5,21,30,0,,
2026-05-16T02:21:40.700566,noisy,persist,{'bins': 6},43,3,4,ok,129,172,0.33548546582460403,0.10915152914822102,0.44943183846771717,5,41,52,0,,
2026-05-16T02:21:42.113439,noisy,persist,{'bins': 6},43,4,4,ok,172,215,0.33416866324841976,1.045314439572394,1.3849337687715888,5,53,84,0,,
2026-05-16T02:21:42.851537,noisy,persist,{'bins': 6},44,0,4,ok,0,44,0.33118676394224167,0.2939943177625537,0.630277662537992,5,46,59,0,,
2026-05-16T02:21:43.547856,noisy,persist,{'bins': 6},44,1,4,ok,44,88,0.34133358858525753,0.34285987447947264,0.6891852477565408,5,55,74,0,,
2026-05-16T02:21:44.199706,noisy,persist,{'bins': 6},44,2,4,ok,88,132,0.3327206037938595,0.2904334915801883,0.6285183187574148,5,26,36,0,,
2026-05-16T02:21:44.735231,noisy,persist,{'bins': 6},44,3,4,ok,132,176,0.3344704192131758,0.18209325708448887,0.5216705463826656,5,41,53,0,,
2026-05-16T02:21:48.560962,noisy,persist,{'bins': 6},44,4,4,ok,176,220,0.3371267579495907,3.437154544517398,3.7800700226798654,5,50,72,0,,
2026-05-16T02:21:49.615039,noisy,persist,{'bins': 6},45,0,4,ok,0,45,0.34527797531336546,0.600923047401011,0.951216422021389,5,59,82,0,,
2026-05-16T02:21:50.314495,noisy,persist,{'bins': 6},45,1,4,ok,45,90,0.3396132281050086,0.329057895578444,0.6740999892354012,5,50,65,0,,
2026-05-16T02:21:50.896516,noisy,persist,{'bins': 6},45,2,4,ok,90,135,0.3458177503198385,0.2240044940263033,0.5748331043869257,5,32,46,0,,
2026-05-16T02:21:51.582400,noisy,persist,{'bins': 6},45,3,4,ok,135,180,0.3460295870900154,0.3263154663145542,0.6773902783170342,5,37,53,0,,
2026-05-16T02:21:55.148359,noisy,persist,{'bins': 6},45,4,4,ok,180,225,0.34285013657063246,3.178681902587414,3.527210282161832,5,66,97,0,,
2026-05-16T02:21:55.912800,noisy,persist,{'bins': 6},46,0,4,ok,0,46,0.34563816152513027,0.30317703261971474,0.6541675264015794,5,58,75,0,,
2026-05-16T02:21:56.446177,noisy,persist,{'bins': 6},46,1,4,ok,46,92,0.34036343544721603,0.18084538355469704,0.5263810623437166,5,25,37,0,,
2026-05-16T02:21:56.948277,noisy,persist,{'bins': 6},46,2,4,ok,92,138,0.3460746929049492,0.1354299569502473,0.4868856752291322,5,24,33,0,,
2026-05-16T02:21:57.527800,noisy,persist,{'bins': 6},46,3,4,ok,138,184,0.34979041013866663,0.21784210111945868,0.5728580141440034,5,44,60,0,,
2026-05-16T02:21:59.818645,noisy,persist,{'bins': 6},46,4,4,ok,184,230,0.3543656710535288,1.9180781850591302,2.2778084613382816,5,46,70,0,,
2026-05-16T02:22:00.885599,noisy,persist,{'bins': 6},47,0,4,ok,0,47,0.35475577414035797,0.6035094251856208,0.9634927362203598,5,59,82,0,,
2026-05-16T02:22:01.449008,noisy,persist,{'bins': 6},47,1,4,ok,47,94,0.3505533430725336,0.19734240416437387,0.5531503548845649,5,49,63,0,,
2026-05-16T02:22:02.103875,noisy,persist,{'bins': 6},47,2,4,ok,94,141,0.3550385255366564,0.2862020246684551,0.6467880690470338,5,19,27,0,,
2026-05-16T02:22:02.739836,noisy,persist,{'bins': 6},47,3,4,ok,141,188,0.3437211215496063,0.27249910216778517,0.6216359045356512,5,34,50,0,,
2026-05-16T02:22:03.511261,noisy,persist,{'bins': 6},47,4,4,ok,188,235,0.3549296706914902,0.4031942281872034,0.7632829379290342,5,68,89,0,,
2026-05-16T02:22:04.660472,noisy,persist,{'bins': 6},48,0,4,ok,0,48,0.35609592217952013,0.6623664237558842,1.0243066903203726,5,21,31,0,,
2026-05-16T02:22:05.762142,noisy,persist,{'bins': 6},48,1,4,ok,48,96,0.35850946325808764,0.7300759581848979,1.0938890110701323,5,25,42,0,,
2026-05-16T02:22:08.134224,noisy,persist,{'bins': 6},48,2,4,ok,96,144,0.3521619029343128,1.999626879580319,2.3572857454419136,5,72,110,0,,
2026-05-16T02:22:08.646574,noisy,persist,{'bins': 6},48,3,4,ok,144,192,0.35526075307279825,0.14111992251127958,0.5017697662115097,5,41,52,0,,
2026-05-16T02:22:09.489899,noisy,persist,{'bins': 6},48,4,4,ok,192,240,0.36014953441917896,0.4695948138833046,0.8351603979244828,5,70,92,0,,
2026-05-16T02:22:10.270257,noisy,persist,{'bins': 6},49,0,4,ok,0,49,0.3632788397371769,0.3039542632177472,0.6732003400102258,5,59,76,0,,
2026-05-16T02:22:11.338842,noisy,persist,{'bins': 6},49,1,4,ok,49,98,0.3535048244521022,0.6833358444273472,1.042858018539846,5,26,40,0,,
2026-05-16T02:22:39.243113,noisy,persist,{'bins': 6},49,2,4,ok,98,147,0.36180865950882435,27.463607350364327,27.832158441655338,5,45,79,0,,
2026-05-16T02:22:39.832856,noisy,persist,{'bins': 6},49,3,4,ok,147,196,0.35511669237166643,0.21328917145729065,0.574024636298418,5,41,57,0,,
2026-05-16T02:22:40.520822,noisy,persist,{'bins': 6},49,4,4,ok,196,245,0.3614836996421218,0.2909596702083945,0.658412559889257,5,42,54,0,,
2026-05-16T02:22:41.313082,noisy,persist,{'bins': 6},50,0,4,ok,0,50,0.36121675930917263,0.3108984539285302,0.6782023841515183,5,59,76,0,,
2026-05-16T02:22:42.083659,noisy,persist,{'bins': 6},50,1,4,ok,50,100,0.3622573222965002,0.38548782747238874,0.7537434045225382,5,24,38,0,,
2026-05-16T02:22:46.582467,noisy,persist,{'bins': 6},50,2,4,ok,100,150,0.35986008029431105,4.089419025927782,4.455912362784147,5,31,47,0,,
2026-05-16T02:22:47.069925,noisy,persist,{'bins': 6},50,3,4,ok,150,200,0.364219818264246,0.11167496722191572,0.48134072218090296,5,41,52,0,,
2026-05-16T02:22:48.050067,noisy,persist,{'bins': 6},50,4,4,ok,200,250,0.36912307515740395,0.5963519150391221,0.9710073601454496,5,55,81,0,,
2026-05-16T02:22:48.783155,noisy,persist,{'bins': 6},51,0,4,ok,0,51,0.36399412527680397,0.2573384130373597,0.6270971726626158,5,59,75,0,,
2026-05-16T02:22:49.541572,noisy,persist,{'bins': 6},51,1,4,ok,51,102,0.36067435052245855,0.37727010529488325,0.7438454870134592,5,24,38,0,,
2026-05-16T02:22:50.142558,noisy,persist,{'bins': 6},51,2,4,ok,102,153,0.3562912493944168,0.22771270666271448,0.589750518091023,5,40,53,0,,
2026-05-16T02:22:50.709940,noisy,persist,{'bins': 6},51,3,4,ok,153,204,0.3675284720957279,0.18792351707816124,0.5610004579648376,5,51,66,0,,
2026-05-16T02:22:51.443554,noisy,persist,{'bins': 6},51,4,4,ok,204,255,0.3607182018458843,0.34896809607744217,0.7156464606523514,5,37,50,0,,
2026-05-16T02:22:52.255978,noisy,persist,{'bins': 6},52,0,4,ok,0,52,0.36831886507570744,0.32439160253852606,0.6986698498949409,5,59,76,0,,
2026-05-16T02:22:53.067141,noisy,persist,{'bins': 6},52,1,4,ok,52,104,0.36347308568656445,0.4255107482895255,0.7949146702885628,5,34,54,0,,
2026-05-16T02:22:53.915004,noisy,persist,{'bins': 6},52,2,4,ok,104,156,0.3614576905965805,0.44422895926982164,0.8119357246905565,5,28,37,0,,
2026-05-16T02:22:54.513577,noisy,persist,{'bins': 6},52,3,4,ok,156,208,0.3682719776406884,0.19611707422882318,0.5704828454181552,5,41,52,0,,
2026-05-16T02:22:55.645833,noisy,persist,{'bins': 6},52,4,4,ok,208,260,0.37208673171699047,0.7437697052955627,1.1216995287686586,5,65,92,0,,
2026-05-16T02:22:56.738399,noisy,persist,{'bins': 6},53,0,4,ok,0,53,0.3762136921286583,0.6060062348842621,0.9881600420922041,5,59,82,0,,
2026-05-16T02:22:57.732197,noisy,persist,{'bins': 6},53,1,4,ok,53,106,0.3753790045157075,0.6009891647845507,0.9823762010782957,5,27,43,0,,
2026-05-16T02:22:58.303633,noisy,persist,{'bins': 6},53,2,4,ok,106,159,0.365405073389411,0.18942985497415066,0.5607558572664857,5,32,40,0,,
2026-05-16T02:22:58.962741,noisy,persist,{'bins': 6},53,3,4,ok,159,212,0.3754996508359909,0.2711883410811424,0.6524828048422933,5,40,54,0,,
2026-05-16T02:23:00.482791,noisy,persist,{'bins': 6},53,4,4,ok,212,265,0.37620138842612505,1.1259061992168427,1.5081697115674615,5,57,82,0,,
2026-05-16T02:23:01.307032,noisy,persist,{'bins': 6},54,0,4,ok,0,54,0.37404133193194866,0.32785427663475275,0.7081995271146297,5,59,76,0,,
2026-05-16T02:23:02.011787,noisy,persist,{'bins': 6},54,1,4,ok,54,108,0.374694237485528,0.3155710492283106,0.69617675896734,5,34,53,0,,
2026-05-16T02:23:02.521189,noisy,persist,{'bins': 6},54,2,4,ok,108,162,0.37184439692646265,0.11699039861559868,0.4952342240139842,5,33,40,0,,
2026-05-16T02:23:03.169007,noisy,persist,{'bins': 6},54,3,4,ok,162,216,0.380333068780601,0.25447372160851955,0.6407737461850047,5,40,54,0,,
2026-05-16T02:23:03.928042,noisy,persist,{'bins': 6},54,4,4,ok,216,270,0.3708146531134844,0.3723950609564781,0.7492820071056485,5,26,39,0,,
2026-05-16T02:23:05.610839,noisy,persist,{'bins': 6},55,0,4,ok,0,55,0.37639083433896303,1.1667382195591927,1.549963959492743,5,27,37,0,,
2026-05-16T02:23:06.324265,noisy,persist,{'bins': 6},55,1,4,ok,55,110,0.3838850175961852,0.31568846944719553,0.7056576432660222,5,34,53,0,,
2026-05-16T02:23:06.818100,noisy,persist,{'bins': 6},55,2,4,ok,110,165,0.3804863663390279,0.09709481615573168,0.48367385379970074,5,33,40,0,,
2026-05-16T02:23:07.472041,noisy,persist,{'bins': 6},55,3,4,ok,165,220,0.38500265683978796,0.2539259549230337,0.6450633620843291,5,40,54,0,,
2026-05-16T02:23:08.232521,noisy,persist,{'bins': 6},55,4,4,ok,220,275,0.3748404523357749,0.36268051713705063,0.743927851319313,5,27,41,0,,
2026-05-16T02:23:09.743316,noisy,persist,{'bins': 6},56,0,4,ok,0,56,0.37869391962885857,0.9932230394333601,1.3788509704172611,5,25,35,0,,
2026-05-16T02:23:10.753996,noisy,persist,{'bins': 6},56,1,4,ok,56,112,0.38908464182168245,0.6034525400027633,0.9988625207915902,5,27,43,0,,
2026-05-16T02:23:11.405293,noisy,persist,{'bins': 6},56,2,4,ok,112,168,0.3793062102049589,0.2312009483575821,0.6174334045499563,5,31,39,0,,
2026-05-16T02:23:11.946195,noisy,persist,{'bins': 6},56,3,4,ok,168,224,0.38499696645885706,0.14068511594086885,0.5318885277956724,5,36,46,0,,
2026-05-16T02:23:13.434153,noisy,persist,{'bins': 6},56,4,4,ok,224,280,0.38984899781644344,1.080373402684927,1.4765372294932604,5,67,93,0,,
2026-05-16T02:23:14.599048,noisy,persist,{'bins': 6},57,0,4,ok,0,57,0.4479513792321086,0.605580004863441,1.0605978053063154,5,59,82,0,,
2026-05-16T02:23:15.266299,noisy,persist,{'bins': 6},57,1,4,ok,57,114,0.3827700838446617,0.27062432188540697,0.6596480198204517,5,23,36,0,,
2026-05-16T02:23:15.853922,noisy,persist,{'bins': 6},57,2,4,ok,114,171,0.39442600309848785,0.18013099301606417,0.5807517990469933,5,40,53,0,,
2026-05-16T02:23:16.579689,noisy,persist,{'bins': 6},57,3,4,ok,171,228,0.3875923100858927,0.31492981500923634,0.7089695623144507,5,60,76,0,,
2026-05-16T02:23:17.489306,noisy,persist,{'bins': 6},57,4,4,ok,228,285,0.3914741398766637,0.48666670452803373,0.8848323002457619,5,42,58,0,,
2026-05-16T02:23:18.605669,noisy,persist,{'bins': 6},58,0,4,ok,0,58,0.39795044157654047,0.607757393270731,1.0121040772646666,5,59,82,0,,
2026-05-16T02:23:19.627479,noisy,persist,{'bins': 6},58,1,4,ok,58,116,0.39683295227587223,0.6062721349298954,1.009587962180376,5,27,43,0,,
2026-05-16T02:23:24.253098,noisy,persist,{'bins': 6},58,2,4,ok,116,174,0.3942121220752597,4.168382299132645,4.5699624083936214,5,60,90,0,,
2026-05-16T02:23:25.836669,noisy,persist,{'bins': 6},58,3,4,ok,174,232,0.39580888114869595,1.1436360543593764,1.546455000527203,5,10,22,0,,
2026-05-16T02:23:26.687925,noisy,persist,{'bins': 6},58,4,4,ok,232,290,0.38599676452577114,0.42947394121438265,0.8228690586984158,5,23,31,0,,
2026-05-16T02:23:28.149325,noisy,persist,{'bins': 6},59,0,4,ok,0,59,0.39492008090019226,0.9322902029380202,1.3344702180474997,5,31,44,0,,
2026-05-16T02:23:29.179522,noisy,persist,{'bins': 6},59,1,4,ok,59,118,0.40258206985890865,0.6083887293934822,1.0176328802481294,5,27,43,0,,
2026-05-16T02:23:29.787952,noisy,persist,{'bins': 6},59,2,4,ok,118,177,0.39835766702890396,0.19085177592933178,0.5958074126392603,5,41,53,0,,
2026-05-16T02:23:30.402384,noisy,persist,{'bins': 6},59,3,4,ok,177,236,0.3983714431524277,0.1955636339262128,0.6007898487150669,5,39,51,0,,
2026-05-16T02:23:32.669199,noisy,persist,{'bins': 6},59,4,4,ok,236,295,0.39306655060499907,1.8282413044944406,2.228653780184686,5,28,44,0,,
2026-05-16T02:23:33.555701,noisy,persist,{'bins': 6},60,0,4,ok,0,60,0.40276937186717987,0.359862525947392,0.7695044837892056,5,59,76,0,,
2026-05-16T02:23:34.521659,noisy,persist,{'bins': 6},60,1,4,ok,60,120,0.4054164020344615,0.5423083147034049,0.9544407399371266,5,27,43,0,,
2026-05-16T02:23:35.374988,noisy,persist,{'bins': 6},60,2,4,ok,120,180,0.3974184934049845,0.4206513427197933,0.825158747844398,5,26,40,0,,
2026-05-16T02:23:36.340858,noisy,persist,{'bins': 6},60,3,4,ok,180,240,0.3965099873021245,0.5315781068056822,0.9353567538782954,5,26,37,0,,
2026-05-16T02:23:39.193813,noisy,persist,{'bins': 6},60,4,4,ok,240,300,0.40827455930411816,2.4204686656594276,2.8356282552704215,5,57,82,0,,
2026-05-16T02:23:40.357408,noisy,persist,{'bins': 6},61,0,4,ok,0,61,0.40797213185578585,0.6263322569429874,1.0414347182959318,5,59,82,0,,
2026-05-16T02:23:41.244359,noisy,persist,{'bins': 6},61,1,4,ok,61,122,0.40990176517516375,0.45787601824849844,0.8745104167610407,5,35,54,0,,
2026-05-16T02:23:42.003443,noisy,persist,{'bins': 6},61,2,4,ok,122,183,0.40657951682806015,0.31414466071873903,0.727778535336256,5,41,53,0,,
2026-05-16T02:23:42.963091,noisy,persist,{'bins': 6},61,3,4,ok,183,244,0.4114629365503788,0.5310449544340372,0.9492562748491764,5,76,100,0,,
2026-05-16T02:23:44.077922,noisy,persist,{'bins': 6},61,4,4,ok,244,305,0.40989135671406984,0.6865492705255747,1.1037653619423509,5,40,62,0,,
2026-05-16T02:23:45.036828,noisy,persist,{'bins': 6},62,0,4,ok,0,62,0.40541841741651297,0.42791813984513283,0.8407223364338279,5,35,48,0,,
2026-05-16T02:23:45.750873,noisy,persist,{'bins': 6},62,1,4,ok,62,124,0.406901060603559,0.28593188989907503,0.6998947719112039,5,16,28,0,,
2026-05-16T02:23:46.434660,noisy,persist,{'bins': 6},62,2,4,ok,124,186,0.407683240249753,0.25093497708439827,0.6658026287332177,5,42,59,0,,
2026-05-16T02:23:46.998604,noisy,persist,{'bins': 6},62,3,4,ok,186,248,0.40773253329098225,0.140472867526114,0.5550601333379745,5,40,51,0,,
2026-05-16T02:23:49.745929,noisy,persist,{'bins': 6},62,4,4,ok,248,310,0.41963124834001064,2.3032210543751717,2.7305625611916184,5,84,123,0,,
2026-05-16T02:23:50.891850,noisy,persist,{'bins': 6},63,0,4,ok,0,63,0.4117366811260581,0.6069050142541528,1.0259010586887598,5,59,82,0,,
2026-05-16T02:23:51.700911,noisy,persist,{'bins': 6},63,1,4,ok,63,126,0.40712935850024223,0.36768172960728407,0.7823028275743127,5,28,42,0,,
2026-05-16T02:23:52.426752,noisy,persist,{'bins': 6},63,2,4,ok,126,189,0.42012680787593126,0.28974088188260794,0.7167868940159678,5,31,46,0,,
2026-05-16T02:23:53.149950,noisy,persist,{'bins': 6},63,3,4,ok,189,252,0.40946248080581427,0.29693288914859295,0.7133791949599981,5,20,27,0,,
2026-05-16T02:23:54.011947,noisy,persist,{'bins': 6},63,4,4,ok,252,315,0.4194445675238967,0.4259309973567724,0.8523701699450612,5,52,71,0,,
2026-05-16T02:23:55.178052,noisy,persist,{'bins': 6},64,0,4,ok,0,64,0.4207424446940422,0.6232970068231225,1.0513819511979818,5,59,82,0,,
2026-05-16T02:23:56.075058,noisy,persist,{'bins': 6},64,1,4,ok,64,128,0.4221256822347641,0.45667057391256094,0.8858933439478278,5,35,54,0,,
2026-05-16T02:23:56.708530,noisy,persist,{'bins': 6},64,2,4,ok,128,192,0.4153707567602396,0.1981398230418563,0.6207225024700165,5,41,53,0,,
2026-05-16T02:23:58.102867,noisy,persist,{'bins': 6},64,3,4,ok,192,256,0.42499180510640144,0.9505175836384296,1.3825881220400333,5,57,80,0,,
2026-05-16T02:23:58.929212,noisy,persist,{'bins': 6},64,4,4,ok,256,320,0.41334978211671114,0.3739704601466656,0.794901579618454,5,33,50,0,,
2026-05-16T02:24:00.043729,noisy,persist,{'bins': 6},65,0,4,ok,0,65,0.41964024491608143,0.5719926217570901,0.9990434823557734,5,59,82,0,,
2026-05-16T02:24:00.905657,noisy,persist,{'bins': 6},65,1,4,ok,65,130,0.4201521463692188,0.4035976780578494,0.8313733600080013,5,15,27,0,,
2026-05-16T02:24:01.531690,noisy,persist,{'bins': 6},65,2,4,ok,130,195,0.4202548786997795,0.1815524324774742,0.6091159163042903,5,41,53,0,,
2026-05-16T02:24:02.201115,noisy,persist,{'bins': 6},65,3,4,ok,195,260,0.4192100176587701,0.23305476922541857,0.6594343399628997,5,36,48,0,,
2026-05-16T02:24:02.920090,noisy,persist,{'bins': 6},65,4,4,ok,260,325,0.4129602396860719,0.28588842786848545,0.7061513615772128,5,28,40,0,,
2026-05-16T02:24:04.043459,noisy,persist,{'bins': 6},66,0,4,ok,0,66,0.4279559813439846,0.5692764706909657,1.0047995019704103,5,59,82,0,,
2026-05-16T02:24:08.241617,noisy,persist,{'bins': 6},66,1,4,ok,66,132,0.4194985590875149,3.685817592777312,4.113816063851118,5,12,21,0,,
2026-05-16T02:24:09.036102,noisy,persist,{'bins': 6},66,2,4,ok,132,198,0.43244535103440285,0.34431738406419754,0.7840140229091048,5,31,46,0,,
2026-05-16T02:24:10.560504,noisy,persist,{'bins': 6},66,3,4,ok,198,264,0.43194863945245743,1.0729684978723526,1.5124572571367025,5,70,99,0,,
2026-05-16T02:24:15.339868,noisy,persist,{'bins': 6},66,4,4,ok,264,330,0.42089325748384,4.279883777722716,4.709131966345012,5,12,21,0,,
2026-05-16T02:24:16.676622,noisy,persist,{'bins': 6},67,0,4,ok,0,67,0.4243643172085285,0.7785751586779952,1.210830394178629,5,31,49,0,,
2026-05-16T02:24:17.337851,noisy,persist,{'bins': 6},67,1,4,ok,67,134,0.43136134557425976,0.21440988685935736,0.6531570525839925,5,15,26,0,,
2026-05-16T02:24:18.345259,noisy,persist,{'bins': 6},67,2,4,ok,134,201,0.4348463397473097,0.5283118523657322,0.9711760394275188,5,26,39,0,,
2026-05-16T02:24:20.472759,noisy,persist,{'bins': 6},67,3,4,ok,201,268,0.43288250267505646,1.6364548755809665,2.0775980316102505,5,25,34,0,,
2026-05-16T02:24:21.413699,noisy,persist,{'bins': 6},67,4,4,ok,268,335,0.4401615234091878,0.4684745417907834,0.9175103902816772,5,12,21,0,,
2026-05-16T02:24:23.187736,noisy,persist,{'bins': 6},68,0,4,ok,0,68,0.49575565475970507,1.1617718050256371,1.6651875348761678,5,41,65,0,,
2026-05-16T02:24:24.058440,noisy,persist,{'bins': 6},68,1,4,ok,68,136,0.43705117143690586,0.38592595234513283,0.8314629690721631,5,35,49,0,,
2026-05-16T02:24:24.974529,noisy,persist,{'bins': 6},68,2,4,ok,136,204,0.4344812650233507,0.4338066875934601,0.8763749599456787,5,34,50,0,,
2026-05-16T02:24:25.891315,noisy,persist,{'bins': 6},68,3,4,ok,204,272,0.43272598925977945,0.46572728268802166,0.906183497980237,5,24,33,0,,
2026-05-16T02:24:27.008172,noisy,persist,{'bins': 6},68,4,4,ok,272,340,0.4367324532940984,0.6384200975298882,1.083804888650775,5,15,24,0,,
2026-05-16T02:24:28.792539,noisy,persist,{'bins': 6},69,0,4,ok,0,69,0.43430157843977213,1.211797971278429,1.6543830055743456,5,21,32,0,,
2026-05-16T02:24:29.883743,noisy,persist,{'bins': 6},69,1,4,ok,69,138,0.44635889027267694,0.625358329154551,1.079346977174282,5,30,50,0,,
2026-05-16T02:24:33.918910,noisy,persist,{'bins': 6},69,2,4,ok,138,207,0.44389550387859344,3.524911915883422,3.977739685215056,5,49,74,0,,
2026-05-16T02:24:35.650979,noisy,persist,{'bins': 6},69,3,4,ok,207,276,0.4474127506837249,1.2604585532099009,1.7161181503906846,5,70,100,0,,
2026-05-16T02:24:36.966736,noisy,persist,{'bins': 6},69,4,4,ok,276,345,0.4453236870467663,0.8117460822686553,1.26557479146868,5,12,21,0,,
2026-05-16T02:24:38.181740,noisy,persist,{'bins': 6},70,0,4,ok,0,70,0.44471892062574625,0.6351445969194174,1.0886261323466897,5,59,82,0,,
2026-05-16T02:24:38.995297,noisy,persist,{'bins': 6},70,1,4,ok,70,140,0.44234221801161766,0.3374999314546585,0.7886520642787218,5,15,27,0,,
2026-05-16T02:24:40.022760,noisy,persist,{'bins': 6},70,2,4,ok,140,210,0.4529445990920067,0.5559804923832417,1.0173428393900394,5,46,67,0,,
2026-05-16T02:24:41.034621,noisy,persist,{'bins': 6},70,3,4,ok,210,280,0.4396393122151494,0.5538760600611567,1.0012877583503723,5,35,56,0,,
2026-05-16T02:24:42.026964,noisy,persist,{'bins': 6},70,4,4,ok,280,350,0.4444314707070589,0.5232485141605139,0.9755497639998794,5,32,47,0,,
2026-05-16T02:24:43.768024,noisy,persist,{'bins': 6},71,0,4,ok,0,71,0.45543189998716116,1.1695019025355577,1.6328145517036319,5,41,65,0,,
2026-05-16T02:25:04.331852,noisy,persist,{'bins': 6},71,1,4,ok,71,142,0.45081548020243645,19.98776465281844,20.448276482522488,5,41,75,0,,
2026-05-16T02:25:05.855411,noisy,persist,{'bins': 6},71,2,4,ok,142,213,0.4580138875171542,0.9883892964571714,1.4556147633120418,5,26,39,0,,
2026-05-16T02:25:06.836678,noisy,persist,{'bins': 6},71,3,4,ok,213,284,0.44914441276341677,0.5106962630525231,0.9680525669828057,5,36,56,0,,
2026-05-16T02:25:07.871854,noisy,persist,{'bins': 6},71,4,4,ok,284,355,0.4432529881596565,0.5628802608698606,1.0142783150076866,5,36,54,0,,
2026-05-16T02:25:09.693564,noisy,persist,{'bins': 6},72,0,4,ok,0,72,0.458750382065773,1.2436146521940827,1.7104648249223828,5,41,65,0,,
2026-05-16T02:25:10.504440,noisy,persist,{'bins': 6},72,1,4,ok,72,144,0.44422682747244835,0.3389847092330456,0.791370177641511,5,27,41,0,,
2026-05-16T02:25:11.440584,noisy,persist,{'bins': 6},72,2,4,ok,144,216,0.46474228519946337,0.45566947665065527,0.9282135125249624,5,8,19,0,,
2026-05-16T02:25:12.381093,noisy,persist,{'bins': 6},72,3,4,ok,216,288,0.45164745301008224,0.4448714479804039,0.9055915586650372,5,32,44,0,,
2026-05-16T02:25:13.693994,noisy,persist,{'bins': 6},72,4,4,ok,288,360,0.45517096016556025,0.8236385257914662,1.2871027998626232,5,26,45,0,,
2026-05-16T02:25:14.814114,noisy,persist,{'bins': 6},73,0,4,ok,0,73,0.4547092681750655,0.5403545675799251,1.0032442482188344,5,59,81,0,,
2026-05-16T02:25:15.587671,noisy,persist,{'bins': 6},73,1,4,ok,73,146,0.45665118005126715,0.2997885523363948,0.7649772856384516,5,16,27,0,,
2026-05-16T02:25:16.399874,noisy,persist,{'bins': 6},73,2,4,ok,146,219,0.45160217862576246,0.3147005271166563,0.7747980384156108,5,27,41,0,,
2026-05-16T02:25:18.371638,noisy,persist,{'bins': 6},73,3,4,ok,219,292,0.46365136560052633,1.4855771716684103,1.9572998452931643,5,73,102,0,,
2026-05-16T02:25:19.705721,noisy,persist,{'bins': 6},73,4,4,ok,292,365,0.4514195444062352,0.8315191864967346,1.2916785329580307,5,36,53,0,,
2026-05-16T02:25:20.815361,noisy,persist,{'bins': 6},74,0,4,ok,0,74,0.46813311241567135,0.5210451474413276,0.9979055784642696,5,59,81,0,,
2026-05-16T02:25:22.031183,noisy,persist,{'bins': 6},74,1,4,ok,74,148,0.46671619080007076,0.7291686004027724,1.2039925763383508,5,46,70,0,,
2026-05-16T02:25:23.029001,noisy,persist,{'bins': 6},74,2,4,ok,148,222,0.4636083245277405,0.49554658215492964,0.968003042973578,5,30,42,0,,
2026-05-16T02:25:24.993687,noisy,persist,{'bins': 6},74,3,4,ok,222,296,0.46636753622442484,1.4759407052770257,1.9504571547731757,5,73,102,0,,
2026-05-16T02:25:26.777970,noisy,persist,{'bins': 6},74,4,4,ok,296,370,0.467863786034286,1.2936835996806622,1.7697046250104904,5,20,35,0,,
2026-05-16T02:25:28.081602,noisy,persist,{'bins': 6},75,0,4,ok,0,75,0.459045285359025,0.7129527870565653,1.1806942634284496,5,31,49,0,,
2026-05-16T02:25:29.042259,noisy,persist,{'bins': 6},75,1,4,ok,75,150,0.46229584887623787,0.45505473110824823,0.9261428322643042,5,18,30,0,,
2026-05-16T02:25:32.962389,noisy,persist,{'bins': 6},75,2,4,ok,150,225,0.4611107548698783,3.3624588986858726,3.8327645007520914,5,36,54,0,,
2026-05-16T02:25:33.927036,noisy,persist,{'bins': 6},75,3,4,ok,225,300,0.46178213506937027,0.45839770045131445,0.9288520710542798,5,29,41,0,,
2026-05-16T02:25:35.301493,noisy,persist,{'bins': 6},75,4,4,ok,300,375,0.4563803505152464,0.8887172797694802,1.353637808933854,5,12,22,0,,
2026-05-16T02:25:37.058763,noisy,persist,{'bins': 6},76,0,4,ok,0,76,0.4769265968352556,1.16523199621588,1.6504674963653088,5,41,65,0,,
2026-05-16T02:25:37.929276,noisy,persist,{'bins': 6},76,1,4,ok,76,152,0.4633600078523159,0.38379176519811153,0.8556439112871885,5,21,33,0,,
2026-05-16T02:25:40.216185,noisy,persist,{'bins': 6},76,2,4,ok,152,228,0.4643912250176072,1.736474241130054,2.210132237523794,5,31,43,0,,
2026-05-16T02:25:41.554021,noisy,persist,{'bins': 6},76,3,4,ok,228,304,0.4721598634496331,0.8117493791505694,1.2928991559892893,5,44,63,0,,
2026-05-16T02:25:43.275472,noisy,persist,{'bins': 6},76,4,4,ok,304,380,0.4757544444873929,1.224112800322473,1.7082852637395263,5,30,52,0,,
2026-05-16T02:25:44.525604,noisy,persist,{'bins': 6},77,0,4,ok,0,77,0.4759799977764487,0.6374042918905616,1.1222524335607886,5,59,82,0,,
2026-05-16T02:25:45.449881,noisy,persist,{'bins': 6},77,1,4,ok,77,154,0.4679193012416363,0.42720908019691706,0.9037444610148668,5,21,33,0,,
2026-05-16T02:25:46.139907,noisy,persist,{'bins': 6},77,2,4,ok,154,231,0.4771960526704788,0.19110541325062513,0.6768552791327238,5,36,47,0,,
2026-05-16T02:25:48.682070,noisy,persist,{'bins': 6},77,3,4,ok,231,308,0.4764759996905923,1.9987916555255651,2.4848237419500947,5,24,36,0,,
2026-05-16T02:25:49.890834,noisy,persist,{'bins': 6},77,4,4,ok,308,385,0.4650989733636379,0.716190617531538,1.1899819653481245,5,20,34,0,,
2026-05-16T02:25:51.012342,noisy,persist,{'bins': 6},78,0,4,ok,0,78,0.474430188536644,0.5265745017677546,1.0097330510616302,5,59,81,0,,
2026-05-16T02:25:52.112482,noisy,persist,{'bins': 6},78,1,4,ok,78,156,0.47146876715123653,0.5651348950341344,1.0459068417549133,5,19,28,0,,
2026-05-16T02:25:53.004471,noisy,persist,{'bins': 6},78,2,4,ok,156,234,0.4718634868040681,0.3894012486562133,0.8701400738209486,5,34,51,0,,
2026-05-16T02:25:56.848023,noisy,persist,{'bins': 6},78,3,4,ok,234,312,0.4742686152458191,3.2724497383460402,3.756663099862635,5,11,21,0,,
2026-05-16T02:25:58.678288,noisy,persist,{'bins': 6},78,4,4,ok,312,390,0.48408625088632107,1.3221692442893982,1.8150123301893473,5,51,78,0,,
2026-05-16T02:25:59.754563,noisy,persist,{'bins': 6},79,0,4,ok,0,79,0.485976280644536,0.45801258739084005,0.9535410758107901,5,53,72,0,,
2026-05-16T02:26:00.654287,noisy,persist,{'bins': 6},79,1,4,ok,79,158,0.4842454809695482,0.38719458412379026,0.8803222356364131,5,24,38,0,,
2026-05-16T02:26:01.740995,noisy,persist,{'bins': 6},79,2,4,ok,158,237,0.48430386930704117,0.5562544772401452,1.0496396413072944,5,33,49,0,,
2026-05-16T02:26:02.722317,noisy,persist,{'bins': 6},79,3,4,ok,237,316,0.47694588359445333,0.4824573015794158,0.9681352227926254,5,32,47,0,,
2026-05-16T02:26:05.656042,noisy,persist,{'bins': 6},79,4,4,ok,316,395,0.4943745629861951,2.4132544388994575,2.916533795185387,5,60,91,0,,
2026-05-16T02:26:07.106448,noisy,persist,{'bins': 6},80,0,4,ok,0,80,0.49375877622514963,0.8393301861360669,1.3418279131874442,5,47,69,0,,
2026-05-16T02:26:08.301470,noisy,persist,{'bins': 6},80,1,4,ok,80,160,0.488736174069345,0.6376873133704066,1.136024797335267,5,24,38,0,,
2026-05-16T02:26:10.714768,noisy,persist,{'bins': 6},80,2,4,ok,160,240,0.4897782802581787,1.8319795653223991,2.3314991490915418,5,15,26,0,,
2026-05-16T02:26:11.834080,noisy,persist,{'bins': 6},80,3,4,ok,240,320,0.48627912998199463,0.601375924423337,1.0966177452355623,5,27,41,0,,
2026-05-16T02:26:13.501263,noisy,persist,{'bins': 6},80,4,4,ok,320,400,0.49462606478482485,1.1257629385218024,1.6298441989347339,5,45,70,0,,
2026-05-16T02:26:23.339351,noisy,persist,{'bins': 6},81,0,4,ok,0,81,0.4856626819819212,9.14808046631515,9.64448201470077,5,17,28,0,,
2026-05-16T02:26:30.702871,noisy,persist,{'bins': 6},81,1,4,ok,81,162,0.487440500408411,6.75867632497102,7.256815607659519,5,24,37,0,,
2026-05-16T02:26:31.769731,noisy,persist,{'bins': 6},81,2,4,ok,162,243,0.535443315282464,0.48267712444067,1.027825196273625,5,27,44,0,,
2026-05-16T02:26:49.260776,noisy,persist,{'bins': 6},81,3,4,ok,243,324,0.4914830531924963,16.891980745829642,17.39412698429078,5,66,112,0,,
2026-05-16T02:26:50.656403,noisy,persist,{'bins': 6},81,4,4,ok,324,405,0.4969710586592555,0.87417983263731,1.380169247277081,5,45,70,0,,
2026-05-16T02:26:52.326530,noisy,persist,{'bins': 6},82,0,4,ok,0,82,0.5011748438701034,1.0532562173902988,1.5634964341297746,5,34,53,0,,
2026-05-16T02:26:53.160124,noisy,persist,{'bins': 6},82,1,4,ok,82,164,0.4879962643608451,0.28177036717534065,0.7794172950088978,5,28,39,0,,
2026-05-16T02:26:54.921637,noisy,persist,{'bins': 6},82,2,4,ok,164,246,0.5031311269849539,1.2380035100504756,1.75010643620044,5,50,83,0,,
2026-05-16T02:26:56.270573,noisy,persist,{'bins': 6},82,3,4,ok,246,328,0.5020185876637697,0.8264944832772017,1.3376639652997255,5,22,38,0,,
2026-05-16T02:26:59.123993,noisy,persist,{'bins': 6},82,4,4,ok,328,410,0.5017009917646646,2.3264112174510956,2.8373257517814636,5,74,117,0,,
2026-05-16T02:27:06.067757,noisy,persist,{'bins': 6},83,0,4,ok,0,83,0.4976690700277686,6.2581330463290215,6.7662009941414,5,32,52,0,,
2026-05-16T02:27:07.110209,noisy,persist,{'bins': 6},83,1,4,ok,83,166,0.4986949460580945,0.47623200342059135,0.9846960250288248,5,43,57,0,,
2026-05-16T02:27:08.011025,noisy,persist,{'bins': 6},83,2,4,ok,166,249,0.4981983248144388,0.33389556407928467,0.841839861124754,5,17,27,0,,
2026-05-16T02:27:09.127960,noisy,persist,{'bins': 6},83,3,4,ok,249,332,0.5059288507327437,0.5913088284432888,1.1063216794282198,5,19,33,0,,
2026-05-16T02:27:11.777528,noisy,persist,{'bins': 6},83,4,4,ok,332,415,0.5031057605519891,2.0621784776449203,2.5754800643771887,5,49,73,0,,
2026-05-16T02:27:13.104060,noisy,persist,{'bins': 6},84,0,4,ok,0,84,0.5446022981777787,0.6578654395416379,1.211973157711327,5,43,62,0,,
2026-05-16T02:27:14.125958,noisy,persist,{'bins': 6},84,1,4,ok,84,168,0.5589958475902677,0.40541057381778955,0.974164355546236,5,43,57,0,,
2026-05-16T02:27:16.897280,noisy,persist,{'bins': 6},84,2,4,ok,168,252,0.5699597978964448,2.177419832907617,2.7566783633083105,5,68,110,0,,
2026-05-16T02:27:26.527001,noisy,persist,{'bins': 6},84,3,4,ok,252,336,0.5518081299960613,8.912083646282554,9.475025305524468,5,23,33,0,,
2026-05-16T02:27:27.823671,noisy,persist,{'bins': 6},84,4,4,ok,336,420,0.6095073856413364,0.6595675041899085,1.2796160159632564,5,38,53,0,,
2026-05-16T02:27:29.179233,noisy,persist,{'bins': 6},85,0,4,ok,0,85,0.55977419950068,0.6615608595311642,1.2310292441397905,5,54,77,0,,
2026-05-16T02:27:30.084013,noisy,persist,{'bins': 6},85,1,4,ok,85,170,0.5592669565230608,0.31977542769163847,0.8884592298418283,5,43,57,0,,
2026-05-16T02:27:31.131707,noisy,persist,{'bins': 6},85,2,4,ok,170,255,0.5613465737551451,0.45481188874691725,1.025850422680378,5,18,29,0,,
2026-05-16T02:27:32.361651,noisy,persist,{'bins': 6},85,3,4,ok,255,340,0.5506876865401864,0.6366595262661576,1.1971510630100965,5,22,35,0,,
2026-05-16T02:27:33.502963,noisy,persist,{'bins': 6},85,4,4,ok,340,425,0.5585072925314307,0.5556257190182805,1.1236636089161038,5,48,65,0,,
2026-05-16T02:27:35.198178,noisy,persist,{'bins': 6},86,0,4,ok,0,86,0.5778343565762043,1.0008645290508866,1.5881992764770985,5,34,53,0,,
2026-05-16T02:27:36.220834,noisy,persist,{'bins': 6},86,1,4,ok,86,172,0.5636915871873498,0.4289400018751621,1.0022522760555148,5,47,65,0,,
2026-05-16T02:27:44.764173,noisy,persist,{'bins': 6},86,2,4,ok,172,258,0.5697844987735152,7.8841416127979755,8.464440057054162,5,42,63,0,,
2026-05-16T02:27:45.909398,noisy,persist,{'bins': 6},86,3,4,ok,258,344,0.5603167088702321,0.5573062151670456,1.1272531496360898,5,28,41,0,,
2026-05-16T02:27:48.444723,noisy,persist,{'bins': 6},86,4,4,ok,344,430,0.5581256747245789,1.8688400527462363,2.4376193042844534,5,28,41,0,,
2026-05-16T02:27:49.832484,noisy,persist,{'bins': 6},87,0,4,ok,0,87,0.5743491295725107,0.6734338058158755,1.2577993664890528,5,54,77,0,,
2026-05-16T02:27:50.974086,noisy,persist,{'bins': 6},87,1,4,ok,87,174,0.5718561289831996,0.5390507532283664,1.1212985571473837,5,45,62,0,,
2026-05-16T02:27:52.479074,noisy,persist,{'bins': 6},87,2,4,ok,174,261,0.5677999826148152,0.872920598834753,1.4510629838332534,5,35,50,0,,
2026-05-16T02:27:54.581757,noisy,persist,{'bins': 6},87,3,4,ok,261,348,0.5753545500338078,1.4510207045823336,2.0369507241994143,5,12,21,0,,
2026-05-16T02:27:55.939745,noisy,persist,{'bins': 6},87,4,4,ok,348,435,0.5710962023586035,0.7548162871971726,1.335701552219689,5,39,59,0,,
2026-05-16T02:27:57.147797,noisy,persist,{'bins': 6},88,0,4,ok,0,88,0.5884390007704496,0.5071192570030689,1.1050555733963847,5,54,76,0,,
2026-05-16T02:27:58.169285,noisy,persist,{'bins': 6},88,1,4,ok,88,176,0.5701888287439942,0.4311959380283952,1.0109285498037934,5,43,60,0,,
2026-05-16T02:27:59.015059,noisy,persist,{'bins': 6},88,2,4,ok,176,264,0.5725021027028561,0.2506581898778677,0.8328657895326614,5,26,36,0,,
2026-05-16T02:28:00.031197,noisy,persist,{'bins': 6},88,3,4,ok,264,352,0.5679729674011469,0.42707822658121586,1.0047611985355616,5,27,42,0,,
2026-05-16T02:28:01.189176,noisy,persist,{'bins': 6},88,4,4,ok,352,440,0.5675778649747372,0.5222250856459141,1.1002798965200782,5,24,34,0,,
2026-05-16T02:28:03.980188,noisy,persist,{'bins': 6},89,0,4,ok,0,89,0.5774868046864867,2.0271757170557976,2.6156660253182054,5,19,29,0,,
2026-05-16T02:28:04.957738,noisy,persist,{'bins': 6},89,1,4,ok,89,178,0.5874442029744387,0.37003201711922884,0.967130689881742,5,46,63,0,,
2026-05-16T02:28:06.086558,noisy,persist,{'bins': 6},89,2,4,ok,178,267,0.5758013995364308,0.5008144369348884,1.087133808992803,5,19,26,0,,
2026-05-16T02:28:07.918039,noisy,persist,{'bins': 6},89,3,4,ok,267,356,0.597526527941227,1.2092695524916053,1.81671426538378,5,39,61,0,,
2026-05-16T02:28:09.437136,noisy,persist,{'bins': 6},89,4,4,ok,356,445,0.5874485410749912,0.8603890677914023,1.458413920365274,5,32,52,0,,
2026-05-16T02:28:11.210215,noisy,persist,{'bins': 6},90,0,4,ok,0,90,0.5929972613230348,1.0623884992673993,1.6653063902631402,5,34,53,0,,
2026-05-16T02:28:12.270844,noisy,persist,{'bins': 6},90,1,4,ok,90,180,0.5785006862133741,0.45916970260441303,1.0476361848413944,5,44,62,0,,
2026-05-16T02:28:14.247078,noisy,persist,{'bins': 6},90,2,4,ok,180,270,0.5947610242292285,1.354942535981536,1.9596806671470404,5,53,79,0,,
2026-05-16T02:28:15.937083,noisy,persist,{'bins': 6},90,3,4,ok,270,360,0.5852913716807961,1.0477030901238322,1.6435358375310898,5,44,66,0,,
2026-05-16T02:28:17.254824,noisy,persist,{'bins': 6},90,4,4,ok,360,450,0.5718456190079451,0.6976441917940974,1.280024846084416,5,29,45,0,,
2026-05-16T02:28:18.627966,noisy,persist,{'bins': 6},91,0,4,ok,0,91,0.5856690807268023,0.6505300551652908,1.246704002842307,5,54,77,0,,
2026-05-16T02:28:19.742036,noisy,persist,{'bins': 6},91,1,4,ok,91,182,0.5849985806271434,0.495927419513464,1.0912515111267567,5,45,64,0,,
2026-05-16T02:28:20.853492,noisy,persist,{'bins': 6},91,2,4,ok,182,273,0.5833178935572505,0.5050202468410134,1.0984570840373635,5,42,59,0,,
2026-05-16T02:28:22.247631,noisy,persist,{'bins': 6},91,3,4,ok,273,364,0.5762686962261796,0.7674666745588183,1.3544558538123965,5,10,20,0,,
2026-05-16T02:28:23.485039,noisy,persist,{'bins': 6},91,4,4,ok,364,455,0.5882823262363672,0.6032412191852927,1.202017773874104,5,10,21,0,,
2026-05-16T02:28:24.886985,noisy,persist,{'bins': 6},92,0,4,ok,0,92,0.5826840633526444,0.6847123773768544,1.2779589863494039,5,48,67,0,,
2026-05-16T02:28:26.055457,noisy,persist,{'bins': 6},92,1,4,ok,92,184,0.5965436920523643,0.5376229612156749,1.1446782238781452,5,48,67,0,,
2026-05-16T02:28:27.523586,noisy,persist,{'bins': 6},92,2,4,ok,184,276,0.5813068579882383,0.8244468197226524,1.4167594257742167,5,42,61,0,,
2026-05-16T02:28:29.628496,noisy,persist,{'bins': 6},92,3,4,ok,276,368,0.6026788735762239,1.4766710065305233,2.089759137481451,5,10,21,0,,
2026-05-16T02:28:31.230325,noisy,persist,{'bins': 6},92,4,4,ok,368,460,0.606133259832859,0.9713082164525986,1.5874597299844027,5,53,82,0,,
2026-05-16T02:28:32.590840,noisy,persist,{'bins': 6},93,0,4,ok,0,93,0.5893547525629401,0.6230614399537444,1.223130683414638,5,28,45,0,,
2026-05-16T02:28:34.692020,noisy,persist,{'bins': 6},93,1,4,ok,93,186,0.6036066757515073,1.4213078981265426,2.0359649751335382,5,31,46,0,,
2026-05-16T02:28:36.611783,noisy,persist,{'bins': 6},93,2,4,ok,186,279,0.5972076579928398,1.252573013305664,1.8607783559709787,5,49,73,0,,
2026-05-16T02:28:39.254510,noisy,persist,{'bins': 6},93,3,4,ok,279,372,0.6040491564199328,1.9445051196962595,2.559958782978356,5,27,39,0,,
2026-05-16T02:28:40.477783,noisy,persist,{'bins': 6},93,4,4,ok,372,465,0.6037249071523547,0.5906219007447362,1.2049646377563477,5,11,23,0,,
2026-05-16T02:28:42.281826,noisy,persist,{'bins': 6},94,0,4,ok,0,94,0.6172236977145076,1.0678977565839887,1.6955331461504102,5,34,53,0,,
2026-05-16T02:28:44.183541,noisy,persist,{'bins': 6},94,1,4,ok,94,188,0.6191132366657257,1.2559121251106262,1.8855900913476944,5,50,79,0,,
2026-05-16T02:28:56.677843,noisy,persist,{'bins': 6},94,2,4,ok,188,282,0.6105279438197613,11.787007872015238,12.409496045671403,5,61,100,0,,
2026-05-16T02:28:58.671889,noisy,persist,{'bins': 6},94,3,4,ok,282,376,0.6184422867372632,1.3500137431547046,1.9789607571437955,5,20,35,0,,
2026-05-16T02:29:00.283989,noisy,persist,{'bins': 6},94,4,4,ok,376,470,0.6033043079078197,0.9509977642446756,1.5652299746870995,5,62,88,0,,
2026-05-16T02:29:02.035730,noisy,persist,{'bins': 6},95,0,4,ok,0,95,0.6233408665284514,1.0092129604890943,1.6431610556319356,5,34,53,0,,
2026-05-16T02:29:03.619751,noisy,persist,{'bins': 6},95,1,4,ok,95,190,0.6022935397922993,0.932742964476347,1.5460860449820757,5,34,51,0,,
2026-05-16T02:29:06.009201,noisy,persist,{'bins': 6},95,2,4,ok,190,285,0.6218551360070705,1.740026282146573,2.372527441009879,5,46,72,0,,
2026-05-16T02:29:08.180473,noisy,persist,{'bins': 6},95,3,4,ok,285,380,0.6233367184177041,1.5225669676437974,2.156646559946239,5,19,36,0,,
2026-05-16T02:29:15.407954,noisy,persist,{'bins': 6},95,4,4,ok,380,475,0.6119044488295913,6.50950054358691,7.133555430918932,5,26,47,0,,
2026-05-16T02:29:18.499139,noisy,persist,{'bins': 6},96,0,4,ok,0,96,0.6062903758138418,2.311108401045203,2.929061028175056,5,39,54,0,,
2026-05-16T02:29:19.646115,noisy,persist,{'bins': 6},96,1,4,ok,96,192,0.6141920350492001,0.4646502062678337,1.0903373286128044,5,26,40,0,,
2026-05-16T02:29:21.463693,noisy,persist,{'bins': 6},96,2,4,ok,192,288,0.6103784237056971,1.143106966279447,1.7648040149360895,5,48,71,0,,
2026-05-16T02:29:22.815580,noisy,persist,{'bins': 6},96,3,4,ok,288,384,0.6178534915670753,0.6656369157135487,1.2950100908055902,5,28,38,0,,
2026-05-16T02:29:25.663096,noisy,persist,{'bins': 6},96,4,4,ok,384,480,0.6366244815289974,2.183124194853008,2.8305031023919582,5,9,20,0,,
2026-05-16T02:29:27.717499,noisy,persist,{'bins': 6},97,0,4,ok,0,97,0.6174242151901126,1.2653059270232916,1.8944668024778366,5,32,46,0,,
2026-05-16T02:29:28.724545,noisy,persist,{'bins': 6},97,1,4,ok,97,194,0.6162506323307753,0.3618773929774761,0.9890643935650587,5,26,40,0,,
2026-05-16T02:29:30.006111,noisy,persist,{'bins': 6},97,2,4,ok,194,291,0.6160036977380514,0.6427682107314467,1.2694497499614954,5,36,57,0,,
2026-05-16T02:29:31.601564,noisy,persist,{'bins': 6},97,3,4,ok,291,388,0.6094359336420894,0.9490879885852337,1.5697139976546168,5,11,22,0,,
2026-05-16T02:29:33.354373,noisy,persist,{'bins': 6},97,4,4,ok,388,485,0.6302579762414098,1.0674054929986596,1.7090532993897796,5,15,27,0,,
2026-05-16T02:29:36.331293,noisy,persist,{'bins': 6},98,0,4,ok,0,98,0.6380083812400699,2.2161852922290564,2.865121344104409,5,88,129,0,,
2026-05-16T02:29:37.342319,noisy,persist,{'bins': 6},98,1,4,ok,98,196,0.6267273556441069,0.35178646352142096,0.989633010700345,5,26,40,0,,
2026-05-16T02:29:42.463014,noisy,persist,{'bins': 6},98,2,4,ok,196,294,0.6286833696067333,4.324890834279358,4.965988116338849,5,22,33,0,,
2026-05-16T02:29:46.078902,noisy,persist,{'bins': 6},98,3,4,ok,294,392,0.6197651224210858,2.8747680615633726,3.5069914795458317,5,17,27,0,,
2026-05-16T02:30:15.220536,noisy,persist,{'bins': 6},98,4,4,ok,392,490,0.6362469522282481,28.35994043480605,29.00903317052871,5,54,98,0,,
2026-05-16T02:30:16.961402,noisy,persist,{'bins': 6},99,0,4,ok,0,99,0.6958751017227769,0.8993318425491452,1.6066395435482264,5,49,75,0,,
2026-05-16T02:30:18.292939,noisy,persist,{'bins': 6},99,1,4,ok,99,198,0.6812432045117021,0.6017026910558343,1.2945581935346127,5,23,40,0,,
2026-05-16T02:30:19.466875,noisy,persist,{'bins': 6},99,2,4,ok,198,297,0.6988379852846265,0.3993502054363489,1.1098807891830802,5,23,33,0,,
2026-05-16T02:30:21.152304,noisy,persist,{'bins': 6},99,3,4,ok,297,396,0.6876590931788087,0.9505165843293071,1.6497180135920644,5,12,22,0,,
2026-05-16T02:30:24.452666,noisy,persist,{'bins': 6},99,4,4,ok,396,495,0.7152380151674151,2.5591258872300386,3.28542163874954,5,18,34,0,,
2026-05-16T02:30:26.049439,noisy,persist,{'bins': 6},100,0,4,ok,0,100,0.7024374147877097,0.7741025788709521,1.4876169562339783,5,49,74,0,,
2026-05-16T02:30:27.153406,noisy,persist,{'bins': 6},100,1,4,ok,100,200,0.7006968073546886,0.37245268374681473,1.084375343285501,5,26,40,0,,
2026-05-16T02:30:28.861219,noisy,persist,{'bins': 6},100,2,4,ok,200,300,0.7040461460128427,0.9303726851940155,1.6462915586307645,5,36,58,0,,
2026-05-16T02:30:30.690048,noisy,persist,{'bins': 6},100,3,4,ok,300,400,0.6965009467676282,1.050856857560575,1.7593039087951183,5,12,22,0,,
2026-05-16T02:30:32.772463,noisy,persist,{'bins': 6},100,4,4,ok,400,500,0.7079311134293675,1.3062713295221329,2.0260532088577747,5,47,73,0,,
