timestamp,dataset,method,params,trace_count,repeat,tag_k,status,trace_indices_start,trace_indices_end,disc_time,learn_time,total_time,actual_bins,n_states,n_edges,n_inconsistencies,error_type,error_msg
2026-05-16T00:03:04.110135,clean,naive,{'bins': 5},1,0,2,ok,0,1,0.00041054096072912216,0.0024338504299521446,0.0031534815207123756,5,8,9,0,,
2026-05-16T00:03:04.114357,clean,naive,{'bins': 5},1,1,2,ok,1,2,0.00032013095915317535,0.002416999079287052,0.0029559610411524773,5,12,13,0,,
2026-05-16T00:03:04.117934,clean,naive,{'bins': 5},1,2,2,ok,2,3,0.0003146212548017502,0.0019124317914247513,0.0024351635947823524,5,6,7,0,,
2026-05-16T00:03:04.122405,clean,naive,{'bins': 5},1,3,2,ok,3,4,0.0003315415233373642,0.0029802871868014336,0.003519018180668354,5,12,13,0,,
2026-05-16T00:03:04.125406,clean,naive,{'bins': 5},1,4,2,ok,4,5,0.00030880048871040344,0.0016746455803513527,0.002185615710914135,5,11,11,0,,
2026-05-16T00:03:04.141486,clean,naive,{'bins': 5},2,0,2,ok,0,2,0.000551997683942318,0.011795072816312313,0.012671329081058502,5,18,20,0,,
2026-05-16T00:03:04.149350,clean,naive,{'bins': 5},2,1,2,ok,2,4,0.0005577979609370232,0.005636805668473244,0.0065125105902552605,5,8,10,0,,
2026-05-16T00:03:04.159703,clean,naive,{'bins': 5},2,2,2,ok,4,6,0.0007268143817782402,0.007935455068945885,0.00902526080608368,5,8,12,0,,
2026-05-16T00:03:04.170175,clean,naive,{'bins': 5},2,3,2,ok,6,8,0.0005505243316292763,0.008448777720332146,0.009334291331470013,5,6,9,0,,
2026-05-16T00:03:04.178030,clean,naive,{'bins': 5},2,4,2,ok,8,10,0.0005598627030849457,0.005877457559108734,0.006751990877091885,5,10,12,0,,
2026-05-16T00:03:04.200583,clean,naive,{'bins': 5},3,0,2,ok,0,3,0.0007973778992891312,0.01805849839001894,0.01940420549362898,5,15,19,0,,
2026-05-16T00:03:04.213413,clean,naive,{'bins': 5},3,1,2,ok,3,6,0.0007909545674920082,0.010242857038974762,0.011469580233097076,5,5,9,0,,
2026-05-16T00:03:04.232314,clean,naive,{'bins': 5},3,2,2,ok,6,9,0.0007937001064419746,0.01625788491219282,0.017473457381129265,5,10,14,0,,
2026-05-16T00:03:04.241528,clean,naive,{'bins': 5},3,3,2,ok,9,12,0.0007801856845617294,0.006833024322986603,0.008030343800783157,5,10,13,0,,
2026-05-16T00:03:04.254230,clean,naive,{'bins': 5},3,4,2,ok,12,15,0.0008071055635809898,0.010103316977620125,0.011340660974383354,5,6,9,0,,
2026-05-16T00:03:04.274019,clean,naive,{'bins': 5},4,0,2,ok,0,4,0.001011088490486145,0.015188336372375488,0.016730012372136116,5,5,9,0,,
2026-05-16T00:03:04.289803,clean,naive,{'bins': 5},4,1,2,ok,4,8,0.0010254867374897003,0.01280207373201847,0.014355402439832687,5,9,13,0,,
2026-05-16T00:03:04.303370,clean,naive,{'bins': 5},4,2,2,ok,8,12,0.001038460060954094,0.010579289868474007,0.012143387459218502,5,10,14,0,,
2026-05-16T00:03:04.323889,clean,naive,{'bins': 5},4,3,2,ok,12,16,0.0010002488270401955,0.01736629568040371,0.018907400779426098,5,6,10,0,,
2026-05-16T00:03:04.339485,clean,naive,{'bins': 5},4,4,2,ok,16,20,0.0010355748236179352,0.01254900824278593,0.014121131971478462,5,7,10,0,,
2026-05-16T00:03:04.363175,clean,naive,{'bins': 5},5,0,2,ok,0,5,0.0012609679251909256,0.018378828652203083,0.02041532378643751,5,5,9,0,,
2026-05-16T00:03:04.379333,clean,naive,{'bins': 5},5,1,2,ok,5,10,0.001243244856595993,0.012542407028377056,0.014547172002494335,5,12,15,0,,
2026-05-16T00:03:04.400054,clean,naive,{'bins': 5},5,2,2,ok,10,15,0.0012524323537945747,0.016973979771137238,0.019021705724298954,5,6,9,0,,
2026-05-16T00:03:04.419282,clean,naive,{'bins': 5},5,3,2,ok,15,20,0.0012357709929347038,0.015432494692504406,0.017447849735617638,5,11,14,0,,
2026-05-16T00:03:04.440345,clean,naive,{'bins': 5},5,4,2,ok,20,25,0.001241973601281643,0.01717365439981222,0.01938305515795946,5,10,13,0,,
2026-05-16T00:03:04.465008,clean,naive,{'bins': 5},6,0,2,ok,0,6,0.0014962805435061455,0.018688269890844822,0.02109357714653015,5,6,9,0,,
2026-05-16T00:03:04.484989,clean,naive,{'bins': 5},6,1,2,ok,6,12,0.001497521996498108,0.015791388228535652,0.018178120255470276,5,11,14,0,,
2026-05-16T00:03:04.511495,clean,naive,{'bins': 5},6,2,2,ok,12,18,0.0015051262453198433,0.022131366655230522,0.02453497052192688,5,5,8,0,,
2026-05-16T00:03:04.537736,clean,naive,{'bins': 5},6,3,2,ok,18,24,0.001487252302467823,0.020192835479974747,0.022672802209854126,5,6,9,0,,
2026-05-16T00:03:04.558228,clean,naive,{'bins': 5},6,4,2,ok,24,30,0.0015153363347053528,0.016290856525301933,0.01870940998196602,5,8,10,0,,
2026-05-16T00:03:04.587223,clean,naive,{'bins': 5},7,0,2,ok,0,7,0.0017510978505015373,0.0226098345592618,0.025404633954167366,5,6,9,0,,
2026-05-16T00:03:04.616738,clean,naive,{'bins': 5},7,1,2,ok,7,14,0.0016905050724744797,0.024768400005996227,0.027480202727019787,5,7,10,0,,
2026-05-16T00:03:04.648114,clean,naive,{'bins': 5},7,2,2,ok,14,21,0.001731683500111103,0.026390365324914455,0.02914447896182537,5,6,9,0,,
2026-05-16T00:03:04.671308,clean,naive,{'bins': 5},7,3,2,ok,21,28,0.001709790900349617,0.018473957665264606,0.021207711659371853,5,13,17,0,,
2026-05-16T00:03:04.697324,clean,naive,{'bins': 5},7,4,2,ok,28,35,0.0017126062884926796,0.02117886859923601,0.024042215198278427,5,6,9,0,,
2026-05-16T00:03:04.728733,clean,naive,{'bins': 5},8,0,2,ok,0,8,0.001923603005707264,0.024531413801014423,0.02762549463659525,5,6,9,0,,
2026-05-16T00:03:04.762986,clean,naive,{'bins': 5},8,1,2,ok,8,16,0.001956624910235405,0.028589805588126183,0.03169995825737715,5,5,8,0,,
2026-05-16T00:03:04.795048,clean,naive,{'bins': 5},8,2,2,ok,16,24,0.0019230218604207039,0.026713581755757332,0.029793486930429935,5,6,9,0,,
2026-05-16T00:03:04.817267,clean,naive,{'bins': 5},8,3,2,ok,24,32,0.001957787200808525,0.017066683620214462,0.02018241584300995,5,13,16,0,,
2026-05-16T00:03:04.851005,clean,naive,{'bins': 5},8,4,2,ok,32,40,0.0019554924219846725,0.028050923720002174,0.031274798326194286,5,13,18,0,,
2026-05-16T00:03:04.889707,clean,naive,{'bins': 5},9,0,2,ok,0,9,0.0022080466151237488,0.031234733760356903,0.03473015874624252,5,7,10,0,,
2026-05-16T00:03:04.930292,clean,naive,{'bins': 5},9,1,2,ok,9,18,0.002173362299799919,0.03458083886653185,0.03816721495240927,5,4,7,0,,
2026-05-16T00:03:04.962951,clean,naive,{'bins': 5},9,2,2,ok,18,27,0.0021829893812537193,0.026819761842489243,0.03028529044240713,5,6,9,0,,
2026-05-16T00:03:04.996630,clean,naive,{'bins': 5},9,3,2,ok,27,36,0.002209310419857502,0.027639470994472504,0.03122343309223652,5,6,9,0,,
2026-05-16T00:03:05.043315,clean,naive,{'bins': 5},9,4,2,ok,36,45,0.0022058030590415,0.04053190629929304,0.04403013549745083,5,10,13,0,,
2026-05-16T00:03:05.083635,clean,naive,{'bins': 5},10,0,2,ok,0,10,0.002649066038429737,0.03219487704336643,0.03612219449132681,5,6,9,0,,
2026-05-16T00:03:05.122183,clean,naive,{'bins': 5},10,1,2,ok,10,20,0.0025509707629680634,0.03198669571429491,0.03583372198045254,5,6,9,0,,
2026-05-16T00:03:05.160907,clean,naive,{'bins': 5},10,2,2,ok,20,30,0.002512929029762745,0.0324132377281785,0.03621251229196787,5,6,9,0,,
2026-05-16T00:03:05.204102,clean,naive,{'bins': 5},10,3,2,ok,30,40,0.002553636208176613,0.0363780353218317,0.04031882621347904,5,12,17,0,,
2026-05-16T00:03:05.249342,clean,naive,{'bins': 5},10,4,2,ok,40,50,0.0025183195248246193,0.038780336268246174,0.04259595274925232,5,7,10,0,,
2026-05-16T00:03:05.296447,clean,naive,{'bins': 5},11,0,2,ok,0,11,0.002865150570869446,0.03837919235229492,0.04268155246973038,5,6,9,0,,
2026-05-16T00:03:05.345189,clean,naive,{'bins': 5},11,1,2,ok,11,22,0.002759082242846489,0.04149582702666521,0.045773922465741634,5,6,9,0,,
2026-05-16T00:03:05.381834,clean,naive,{'bins': 5},11,2,2,ok,22,33,0.002757980488240719,0.029748141765594482,0.033939032815396786,5,5,8,0,,
2026-05-16T00:03:05.437969,clean,naive,{'bins': 5},11,3,2,ok,33,44,0.003786400891840458,0.04744277615100145,0.05301185604184866,5,9,12,0,,
2026-05-16T00:03:05.486460,clean,naive,{'bins': 5},11,4,2,ok,44,55,0.0028750309720635414,0.040925515815615654,0.04535107873380184,5,7,10,0,,
2026-05-16T00:03:05.542100,clean,naive,{'bins': 5},12,0,2,ok,0,12,0.0031451471149921417,0.04293262492865324,0.04772569704800844,5,6,9,0,,
2026-05-16T00:03:05.595727,clean,naive,{'bins': 5},12,1,2,ok,12,24,0.0032854313030838966,0.04550823196768761,0.05038185603916645,5,6,9,0,,
2026-05-16T00:03:05.638202,clean,naive,{'bins': 5},12,2,2,ok,24,36,0.003108869306743145,0.03502021450549364,0.03965415805578232,5,6,9,0,,
2026-05-16T00:03:05.704471,clean,naive,{'bins': 5},12,3,2,ok,36,48,0.002977903001010418,0.05846753250807524,0.06308204960078001,5,10,14,0,,
2026-05-16T00:03:05.761657,clean,naive,{'bins': 5},12,4,2,ok,48,60,0.003054947592318058,0.0494561567902565,0.054170411080121994,5,7,10,0,,
2026-05-16T00:03:05.812246,clean,naive,{'bins': 5},13,0,2,ok,0,13,0.003292623907327652,0.04085466172546148,0.045808897353708744,5,5,8,0,,
2026-05-16T00:03:05.870038,clean,naive,{'bins': 5},13,1,2,ok,13,26,0.003250313922762871,0.04943935573101044,0.054363593459129333,5,6,9,0,,
2026-05-16T00:03:05.924404,clean,naive,{'bins': 5},13,2,2,ok,26,39,0.0033716335892677307,0.04596274625509977,0.05102739855647087,5,5,8,0,,
2026-05-16T00:03:05.986346,clean,naive,{'bins': 5},13,3,2,ok,39,52,0.0032432209700345993,0.05372611619532108,0.058726237155497074,5,7,10,0,,
2026-05-16T00:03:06.033169,clean,naive,{'bins': 5},13,4,2,ok,52,65,0.0032274816185235977,0.038636425510048866,0.043643209151923656,5,7,10,0,,
2026-05-16T00:03:06.091308,clean,naive,{'bins': 5},14,0,2,ok,0,14,0.0034861378371715546,0.0476600443944335,0.05307919159531593,5,7,10,0,,
2026-05-16T00:03:06.152449,clean,naive,{'bins': 5},14,1,2,ok,14,28,0.0035074763000011444,0.05215800181031227,0.05759040359407663,5,6,9,0,,
2026-05-16T00:03:06.216183,clean,naive,{'bins': 5},14,2,2,ok,28,42,0.003468794748187065,0.05499492958188057,0.060251723043620586,5,6,9,0,,
2026-05-16T00:03:06.281479,clean,naive,{'bins': 5},14,3,2,ok,42,56,0.003469635732471943,0.05571739561855793,0.0609867824241519,5,7,10,0,,
2026-05-16T00:03:06.326740,clean,naive,{'bins': 5},14,4,2,ok,56,70,0.0034424448385834694,0.036735234782099724,0.0419738432392478,5,6,9,0,,
2026-05-16T00:03:06.392836,clean,naive,{'bins': 5},15,0,2,ok,0,15,0.0037293946370482445,0.055024624802172184,0.06068324390798807,5,7,10,0,,
2026-05-16T00:03:06.451610,clean,naive,{'bins': 5},15,1,2,ok,15,30,0.0037177223712205887,0.04960209224373102,0.05521176755428314,5,6,9,0,,
2026-05-16T00:03:06.523090,clean,naive,{'bins': 5},15,2,2,ok,30,45,0.003702964633703232,0.0618246179074049,0.06743129808455706,5,10,13,0,,
2026-05-16T00:03:06.578341,clean,naive,{'bins': 5},15,3,2,ok,45,60,0.003707272931933403,0.046011256985366344,0.051698679104447365,5,7,10,0,,
2026-05-16T00:03:06.633499,clean,naive,{'bins': 5},15,4,2,ok,60,75,0.0036564571782946587,0.045967575162649155,0.05166008695960045,5,5,8,0,,
2026-05-16T00:03:06.703399,clean,naive,{'bins': 5},16,0,2,ok,0,16,0.003957723267376423,0.05826360918581486,0.06443270575255156,5,7,10,0,,
2026-05-16T00:03:06.766346,clean,naive,{'bins': 5},16,1,2,ok,16,32,0.003937474451959133,0.0530319232493639,0.059129705652594566,5,6,9,0,,
2026-05-16T00:03:06.849521,clean,naive,{'bins': 5},16,2,2,ok,32,48,0.003913269378244877,0.07300776150077581,0.07908809091895819,5,7,10,0,,
2026-05-16T00:03:06.919770,clean,naive,{'bins': 5},16,3,2,ok,48,64,0.0039155445992946625,0.060257043689489365,0.06633213348686695,5,7,10,0,,
2026-05-16T00:03:06.994750,clean,naive,{'bins': 5},16,4,2,ok,64,80,0.003951511345803738,0.06446661055088043,0.070588537491858,5,5,8,0,,
2026-05-16T00:03:07.068642,clean,naive,{'bins': 5},17,0,2,ok,0,17,0.0042067719623446465,0.059342375956475735,0.06581542361527681,5,7,10,0,,
2026-05-16T00:03:07.155309,clean,naive,{'bins': 5},17,1,2,ok,17,34,0.004241365939378738,0.07605604641139507,0.08250351529568434,5,11,14,0,,
2026-05-16T00:03:07.246115,clean,naive,{'bins': 5},17,2,2,ok,34,51,0.004240173846483231,0.0797402560710907,0.08616384118795395,5,7,10,0,,
2026-05-16T00:03:07.306935,clean,naive,{'bins': 5},17,3,2,ok,51,68,0.004432594403624535,0.049944594502449036,0.05664127133786678,5,7,10,0,,
2026-05-16T00:03:07.382461,clean,naive,{'bins': 5},17,4,2,ok,68,85,0.004305536858737469,0.06492106337100267,0.07149265613406897,5,7,10,0,,
2026-05-16T00:03:07.465650,clean,naive,{'bins': 5},18,0,2,ok,0,18,0.00457717664539814,0.07019339594990015,0.0772022595629096,5,7,10,0,,
2026-05-16T00:03:07.542284,clean,naive,{'bins': 5},18,1,2,ok,18,36,0.004650996066629887,0.06545109953731298,0.07238994259387255,5,6,9,0,,
2026-05-16T00:03:07.640286,clean,naive,{'bins': 5},18,2,2,ok,36,54,0.004621090367436409,0.08661352470517159,0.09352307301014662,5,7,10,0,,
2026-05-16T00:03:07.701506,clean,naive,{'bins': 5},18,3,2,ok,54,72,0.004414682276546955,0.050563457421958447,0.05731227342039347,5,6,9,0,,
2026-05-16T00:03:07.774475,clean,naive,{'bins': 5},18,4,2,ok,72,90,0.004450167529284954,0.06170667614787817,0.06857222970575094,5,6,9,0,,
2026-05-16T00:03:07.861181,clean,naive,{'bins': 5},19,0,2,ok,0,19,0.004759388975799084,0.07307303417474031,0.08028710260987282,5,7,10,0,,
2026-05-16T00:03:07.946378,clean,naive,{'bins': 5},19,1,2,ok,19,38,0.0046800291165709496,0.07262730691581964,0.07980343513190746,5,5,8,0,,
2026-05-16T00:03:08.040814,clean,naive,{'bins': 5},19,2,2,ok,38,57,0.004677824676036835,0.08265000116080046,0.0898866318166256,5,7,10,0,,
2026-05-16T00:03:08.114003,clean,naive,{'bins': 5},19,3,2,ok,57,76,0.004762004129588604,0.06159903481602669,0.068794178776443,5,7,10,0,,
2026-05-16T00:03:08.191094,clean,naive,{'bins': 5},19,4,2,ok,76,95,0.004672355949878693,0.06523059401661158,0.07243912294507027,5,6,9,0,,
2026-05-16T00:03:08.282041,clean,naive,{'bins': 5},20,0,2,ok,0,20,0.00492208544164896,0.07699751481413841,0.08461681567132473,5,7,10,0,,
2026-05-16T00:03:08.380763,clean,naive,{'bins': 5},20,1,2,ok,20,40,0.004948275163769722,0.08636025991290808,0.0938959438353777,5,6,9,0,,
2026-05-16T00:03:08.458098,clean,naive,{'bins': 5},20,2,2,ok,40,60,0.004918316379189491,0.06503777112811804,0.07258557714521885,5,7,10,0,,
2026-05-16T00:03:08.532683,clean,naive,{'bins': 5},20,3,2,ok,60,80,0.004935368895530701,0.06246405839920044,0.06989601720124483,5,7,10,0,,
2026-05-16T00:03:08.619060,clean,naive,{'bins': 5},20,4,2,ok,80,100,0.004746473394334316,0.07405149284750223,0.08122205920517445,5,7,10,0,,
2026-05-16T00:03:08.720000,clean,naive,{'bins': 5},21,0,2,ok,0,21,0.004903219640254974,0.08671608753502369,0.09421861916780472,5,7,10,0,,
2026-05-16T00:03:08.814723,clean,naive,{'bins': 5},21,1,2,ok,21,42,0.004992586560547352,0.08226948603987694,0.08968006446957588,5,6,9,0,,
2026-05-16T00:03:08.905850,clean,naive,{'bins': 5},21,2,2,ok,42,63,0.004860107786953449,0.07857540808618069,0.0859792334958911,5,7,10,0,,
2026-05-16T00:03:08.995256,clean,naive,{'bins': 5},21,3,2,ok,63,84,0.005035498179495335,0.07689930126070976,0.08435551542788744,5,6,9,0,,
2026-05-16T00:03:09.090950,clean,naive,{'bins': 5},21,4,2,ok,84,105,0.0049127377569675446,0.08317545708268881,0.09063847456127405,5,7,10,0,,
2026-05-16T00:03:09.197106,clean,naive,{'bins': 5},22,0,2,ok,0,22,0.005331744439899921,0.0910673001781106,0.09908258449286222,5,7,10,0,,
2026-05-16T00:03:09.303620,clean,naive,{'bins': 5},22,1,2,ok,22,44,0.005157876759767532,0.09329728782176971,0.10114256292581558,5,6,9,0,,
2026-05-16T00:03:09.392620,clean,naive,{'bins': 5},22,2,2,ok,44,66,0.005107272416353226,0.0760413883253932,0.08381686173379421,5,7,10,0,,
2026-05-16T00:03:09.488733,clean,naive,{'bins': 5},22,3,2,ok,66,88,0.005260909907519817,0.08303448464721441,0.09089730121195316,5,6,9,0,,
2026-05-16T00:03:09.587349,clean,naive,{'bins': 5},22,4,2,ok,88,110,0.005175760015845299,0.08573764935135841,0.09355937968939543,5,7,10,0,,
2026-05-16T00:03:09.695116,clean,naive,{'bins': 5},23,0,2,ok,0,23,0.005516581237316132,0.09240613505244255,0.1006330568343401,5,7,10,0,,
2026-05-16T00:03:09.805836,clean,naive,{'bins': 5},23,1,2,ok,23,46,0.00536009855568409,0.09692993108183146,0.10511717945337296,5,10,14,0,,
2026-05-16T00:03:09.903884,clean,naive,{'bins': 5},23,2,2,ok,46,69,0.005590429529547691,0.08433183003216982,0.09271660819649696,5,7,10,0,,
2026-05-16T00:03:10.061696,clean,naive,{'bins': 5},23,3,2,ok,69,92,0.06481320038437843,0.0842628600075841,0.15205157920718193,5,6,9,0,,
2026-05-16T00:03:10.189611,clean,naive,{'bins': 5},23,4,2,ok,92,115,0.005423665978014469,0.11440037284046412,0.12249050755053759,5,7,10,0,,
2026-05-16T00:03:10.302585,clean,naive,{'bins': 5},24,0,2,ok,0,24,0.0055870236828923225,0.09725110419094563,0.10563154425472021,5,7,10,0,,
2026-05-16T00:03:10.421230,clean,naive,{'bins': 5},24,1,2,ok,24,48,0.005705987103283405,0.104222328402102,0.11274042632430792,5,10,14,0,,
2026-05-16T00:03:10.525205,clean,naive,{'bins': 5},24,2,2,ok,48,72,0.005726184695959091,0.09016856271773577,0.09864014387130737,5,7,10,0,,
2026-05-16T00:03:10.621460,clean,naive,{'bins': 5},24,3,2,ok,72,96,0.0055844783782958984,0.0820794403553009,0.09046803507953882,5,6,9,0,,
2026-05-16T00:03:10.729188,clean,naive,{'bins': 5},24,4,2,ok,96,120,0.005699976347386837,0.09374696388840675,0.10222061909735203,5,7,10,0,,
2026-05-16T00:03:10.851091,clean,naive,{'bins': 5},25,0,2,ok,0,25,0.005925028584897518,0.10520501248538494,0.11409359704703093,5,7,10,0,,
2026-05-16T00:03:10.986258,clean,naive,{'bins': 5},25,1,2,ok,25,50,0.005891927517950535,0.12018004897981882,0.128963066264987,5,10,14,0,,
2026-05-16T00:03:11.096105,clean,naive,{'bins': 5},25,2,2,ok,50,75,0.005767962895333767,0.09544800780713558,0.10414433106780052,5,7,10,0,,
2026-05-16T00:03:11.213224,clean,naive,{'bins': 5},25,3,2,ok,75,100,0.005819019861519337,0.10226608347147703,0.11105309799313545,5,7,10,0,,
2026-05-16T00:03:11.326399,clean,naive,{'bins': 5},25,4,2,ok,100,125,0.00596623495221138,0.09847240801900625,0.10741425212472677,5,7,10,0,,
2026-05-16T00:03:11.451647,clean,naive,{'bins': 5},26,0,2,ok,0,26,0.006216566078364849,0.10801565274596214,0.11727426201105118,5,7,10,0,,
2026-05-16T00:03:11.596908,clean,naive,{'bins': 5},26,1,2,ok,26,52,0.006172323599457741,0.12954687234014273,0.1387561783194542,5,10,14,0,,
2026-05-16T00:03:11.704520,clean,naive,{'bins': 5},26,2,2,ok,52,78,0.006231313571333885,0.09255092684179544,0.10182975418865681,5,7,10,0,,
2026-05-16T00:03:11.834940,clean,naive,{'bins': 5},26,3,2,ok,78,104,0.006203550845384598,0.11481533385813236,0.12401567306369543,5,7,10,0,,
2026-05-16T00:03:11.966164,clean,naive,{'bins': 5},26,4,2,ok,104,130,0.006171391345560551,0.11612648516893387,0.12529789190739393,5,7,10,0,,
2026-05-16T00:03:12.181474,clean,naive,{'bins': 5},27,0,2,ok,0,27,0.006389640271663666,0.11890463437885046,0.1283972728997469,5,7,10,0,,
2026-05-16T00:03:12.331465,clean,naive,{'bins': 5},27,1,2,ok,27,54,0.00638366024941206,0.13387471996247768,0.1433566091582179,5,7,10,0,,
2026-05-16T00:03:12.443814,clean,naive,{'bins': 5},27,2,2,ok,54,81,0.006375693716108799,0.09662496857345104,0.10616801213473082,5,7,10,0,,
2026-05-16T00:03:12.579911,clean,naive,{'bins': 5},27,3,2,ok,81,108,0.006411251612007618,0.11991703603416681,0.129496106877923,5,7,10,0,,
2026-05-16T00:03:12.715611,clean,naive,{'bins': 5},27,4,2,ok,108,135,0.006464701145887375,0.11970636900514364,0.1293479073792696,5,7,10,0,,
2026-05-16T00:03:12.861169,clean,naive,{'bins': 5},28,0,2,ok,0,28,0.006717146374285221,0.12726232036948204,0.13728963397443295,5,7,10,0,,
2026-05-16T00:03:13.014096,clean,naive,{'bins': 5},28,1,2,ok,28,56,0.006703810766339302,0.13494676537811756,0.1449742680415511,5,7,10,0,,
2026-05-16T00:03:13.153010,clean,naive,{'bins': 5},28,2,2,ok,56,84,0.0071192411705851555,0.12149419728666544,0.13201280310750008,5,6,9,0,,
2026-05-16T00:03:13.314210,clean,naive,{'bins': 5},28,3,2,ok,84,112,0.00686582550406456,0.14410865027457476,0.15434509702026844,5,7,10,0,,
2026-05-16T00:03:13.463418,clean,naive,{'bins': 5},28,4,2,ok,112,140,0.006897395476698875,0.13196641579270363,0.1421670252457261,5,7,10,0,,
2026-05-16T00:03:13.614652,clean,naive,{'bins': 5},29,0,2,ok,0,29,0.00717423390597105,0.1317097945138812,0.14234880544245243,5,7,10,0,,
2026-05-16T00:03:13.751249,clean,naive,{'bins': 5},29,1,2,ok,29,58,0.007078384980559349,0.11877203546464443,0.12931008730083704,5,6,9,0,,
2026-05-16T00:03:13.884511,clean,naive,{'bins': 5},29,2,2,ok,58,87,0.006767730228602886,0.11632723268121481,0.1264911824837327,5,7,10,0,,
2026-05-16T00:03:14.044036,clean,naive,{'bins': 5},29,3,2,ok,87,116,0.006779723800718784,0.14251573849469423,0.15275094285607338,5,7,10,0,,
2026-05-16T00:03:14.208238,clean,naive,{'bins': 5},29,4,2,ok,116,145,0.006916920654475689,0.14673570543527603,0.15703471843153238,5,7,10,0,,
2026-05-16T00:03:14.362314,clean,naive,{'bins': 5},30,0,2,ok,0,30,0.007176537998020649,0.1340040536597371,0.14482069853693247,5,7,10,0,,
2026-05-16T00:03:14.505656,clean,naive,{'bins': 5},30,1,2,ok,30,60,0.007096678949892521,0.12505073845386505,0.13574360124766827,5,6,9,0,,
2026-05-16T00:03:14.636515,clean,naive,{'bins': 5},30,2,2,ok,60,90,0.00700332410633564,0.11304227355867624,0.1236776178702712,5,6,9,0,,
2026-05-16T00:03:14.771586,clean,naive,{'bins': 5},30,3,2,ok,90,120,0.007126884534955025,0.11721011158078909,0.1278945980593562,5,7,10,0,,
2026-05-16T00:03:14.941594,clean,naive,{'bins': 5},30,4,2,ok,120,150,0.007227474823594093,0.15165719762444496,0.1624922789633274,5,7,10,0,,
2026-05-16T00:03:15.100984,clean,naive,{'bins': 5},31,0,2,ok,0,31,0.007522509433329105,0.13869340158998966,0.14989586267620325,5,7,10,0,,
2026-05-16T00:03:15.248216,clean,naive,{'bins': 5},31,1,2,ok,31,62,0.007252462208271027,0.12739248666912317,0.13840666320174932,5,6,9,0,,
2026-05-16T00:03:15.391261,clean,naive,{'bins': 5},31,2,2,ok,62,93,0.007846376858651638,0.1234896145761013,0.13511655200272799,5,6,9,0,,
2026-05-16T00:03:15.542020,clean,naive,{'bins': 5},31,3,2,ok,93,124,0.00769706629216671,0.13206306658685207,0.14342504646629095,5,7,10,0,,
2026-05-16T00:03:15.790579,clean,naive,{'bins': 5},31,4,2,ok,124,155,0.06742972508072853,0.16946365218609571,0.24075551144778728,5,7,10,0,,
2026-05-16T00:03:15.953343,clean,naive,{'bins': 5},32,0,2,ok,0,32,0.007588383741676807,0.1420861231163144,0.1533630732446909,5,7,10,0,,
2026-05-16T00:03:16.115369,clean,naive,{'bins': 5},32,1,2,ok,32,64,0.0076863570138812065,0.1426497409120202,0.1539862435311079,5,7,10,0,,
2026-05-16T00:03:16.253259,clean,naive,{'bins': 5},32,2,2,ok,64,96,0.007474077865481377,0.1188496295362711,0.13003260362893343,5,6,9,0,,
2026-05-16T00:03:16.411775,clean,naive,{'bins': 5},32,3,2,ok,96,128,0.007543607614934444,0.1398637592792511,0.15111330803483725,5,7,10,0,,
2026-05-16T00:03:16.587694,clean,naive,{'bins': 5},32,4,2,ok,128,160,0.007619000039994717,0.15671898517757654,0.1680346792563796,5,7,10,0,,
2026-05-16T00:03:16.762918,clean,naive,{'bins': 5},33,0,2,ok,0,33,0.007738564163446426,0.1539292261004448,0.16547074262052774,5,7,10,0,,
2026-05-16T00:03:16.924874,clean,naive,{'bins': 5},33,1,2,ok,33,66,0.007817813195288181,0.14223222713917494,0.15389303863048553,5,7,10,0,,
2026-05-16T00:03:17.134620,clean,naive,{'bins': 5},33,2,2,ok,66,99,0.0077400775626301765,0.17668512649834156,0.18826200999319553,5,7,10,0,,
2026-05-16T00:03:17.300529,clean,naive,{'bins': 5},33,3,2,ok,99,132,0.007779872044920921,0.14640195947140455,0.15800999104976654,5,7,10,0,,
2026-05-16T00:03:17.493513,clean,naive,{'bins': 5},33,4,2,ok,132,165,0.007695503532886505,0.1729166880249977,0.18451885879039764,5,10,14,0,,
2026-05-16T00:03:17.676157,clean,naive,{'bins': 5},34,0,2,ok,0,34,0.008087188936769962,0.1606016382575035,0.17266629822552204,5,7,10,0,,
2026-05-16T00:03:17.846335,clean,naive,{'bins': 5},34,1,2,ok,34,68,0.007972304709255695,0.14991173055022955,0.161844071932137,5,7,10,0,,
2026-05-16T00:03:18.015598,clean,naive,{'bins': 5},34,2,2,ok,68,102,0.008164594881236553,0.14866751432418823,0.16079653427004814,5,7,10,0,,
2026-05-16T00:03:18.194609,clean,naive,{'bins': 5},34,3,2,ok,102,136,0.007949690334498882,0.1577935740351677,0.16968573909252882,5,7,10,0,,
2026-05-16T00:03:18.371802,clean,naive,{'bins': 5},34,4,2,ok,136,170,0.00865983497351408,0.1556721804663539,0.16839955560863018,5,7,10,0,,
2026-05-16T00:03:18.566543,clean,naive,{'bins': 5},35,0,2,ok,0,35,0.00849071703851223,0.17164230532944202,0.18423244170844555,5,7,10,0,,
2026-05-16T00:03:18.755800,clean,naive,{'bins': 5},35,1,2,ok,35,70,0.008615902625024319,0.16668245755136013,0.17941643483936787,5,7,10,0,,
2026-05-16T00:03:18.937346,clean,naive,{'bins': 5},35,2,2,ok,70,105,0.008614529855549335,0.15999069157987833,0.17270771600306034,5,7,10,0,,
2026-05-16T00:03:19.117547,clean,naive,{'bins': 5},35,3,2,ok,105,140,0.008432838134467602,0.15733988117426634,0.16990217473357916,5,7,10,0,,
2026-05-16T00:03:19.300334,clean,naive,{'bins': 5},35,4,2,ok,140,175,0.009823399595916271,0.15928233042359352,0.17374413181096315,5,7,10,0,,
2026-05-16T00:03:19.502145,clean,naive,{'bins': 5},36,0,2,ok,0,36,0.009092808701097965,0.1759546734392643,0.1897228630259633,5,7,10,0,,
2026-05-16T00:03:19.702088,clean,naive,{'bins': 5},36,1,2,ok,36,72,0.008876962587237358,0.17625103052705526,0.1895875185728073,5,7,10,0,,
2026-05-16T00:03:19.895727,clean,naive,{'bins': 5},36,2,2,ok,72,108,0.009338689967989922,0.17043000645935535,0.18434773664921522,5,7,10,0,,
2026-05-16T00:03:20.098595,clean,naive,{'bins': 5},36,3,2,ok,108,144,0.008737640455365181,0.18076574988663197,0.19389695301651955,5,7,10,0,,
2026-05-16T00:03:20.296153,clean,naive,{'bins': 5},36,4,2,ok,144,180,0.008878233842551708,0.17468004953116179,0.18799384497106075,5,7,10,0,,
2026-05-16T00:03:20.628294,clean,naive,{'bins': 5},37,0,2,ok,0,37,0.12884477246552706,0.1874297857284546,0.3210207624360919,5,7,10,0,,
2026-05-16T00:03:20.830655,clean,naive,{'bins': 5},37,1,2,ok,37,74,0.008913672529160976,0.17965946067124605,0.19297785591334105,5,7,10,0,,
2026-05-16T00:03:21.026302,clean,naive,{'bins': 5},37,2,2,ok,74,111,0.008868677541613579,0.1729452507570386,0.18619658052921295,5,7,10,0,,
2026-05-16T00:03:21.228711,clean,naive,{'bins': 5},37,3,2,ok,111,148,0.008794538676738739,0.17682029958814383,0.18994634319096804,5,7,10,0,,
2026-05-16T00:03:21.418093,clean,naive,{'bins': 5},37,4,2,ok,148,185,0.011043069884181023,0.16251141484826803,0.1782418992370367,5,7,10,0,,
2026-05-16T00:03:21.643049,clean,naive,{'bins': 5},38,0,2,ok,0,38,0.010287892073392868,0.1980511136353016,0.21282287780195475,5,7,10,0,,
2026-05-16T00:03:21.849477,clean,naive,{'bins': 5},38,1,2,ok,38,76,0.010293122380971909,0.18194479495286942,0.19683693535625935,5,7,10,0,,
2026-05-16T00:03:22.102277,clean,naive,{'bins': 5},38,2,2,ok,76,114,0.010250231251120567,0.22878539841622114,0.2435509506613016,5,7,10,0,,
2026-05-16T00:03:22.314633,clean,naive,{'bins': 5},38,3,2,ok,114,152,0.01017560251057148,0.18817809037864208,0.20280767790973186,5,7,10,0,,
2026-05-16T00:03:22.499548,clean,naive,{'bins': 5},38,4,2,ok,152,190,0.009206831455230713,0.16026840265840292,0.1739421933889389,5,7,10,0,,
2026-05-16T00:03:22.794727,clean,naive,{'bins': 5},39,0,2,ok,0,39,0.009651637636125088,0.2564100828021765,0.2827089065685868,5,7,10,0,,
2026-05-16T00:03:22.998161,clean,naive,{'bins': 5},39,1,2,ok,39,78,0.009479803964495659,0.17920947633683681,0.19326436333358288,5,7,10,0,,
2026-05-16T00:03:23.209070,clean,naive,{'bins': 5},39,2,2,ok,78,117,0.009470556862652302,0.18756251502782106,0.2015164326876402,5,7,10,0,,
2026-05-16T00:03:23.448805,clean,naive,{'bins': 5},39,3,2,ok,117,156,0.00960982870310545,0.21539666317403316,0.22956197708845139,5,7,10,0,,
2026-05-16T00:03:23.667938,clean,naive,{'bins': 5},39,4,2,ok,156,195,0.009863626211881638,0.1944384202361107,0.2088757762685418,5,7,10,0,,
2026-05-16T00:03:23.908865,clean,naive,{'bins': 5},40,0,2,ok,0,40,0.009459557011723518,0.21462002396583557,0.22885045129805803,5,7,10,0,,
2026-05-16T00:03:24.120236,clean,naive,{'bins': 5},40,1,2,ok,40,80,0.00949340034276247,0.1869108621031046,0.20111248455941677,5,7,10,0,,
2026-05-16T00:03:24.329051,clean,naive,{'bins': 5},40,2,2,ok,80,120,0.009478362277150154,0.18346131220459938,0.1976845869794488,5,7,10,0,,
2026-05-16T00:03:24.582097,clean,naive,{'bins': 5},40,3,2,ok,120,160,0.010492307133972645,0.22493505850434303,0.2417585663497448,5,7,10,0,,
2026-05-16T00:03:24.799891,clean,naive,{'bins': 5},40,4,2,ok,160,200,0.009956801310181618,0.192973748780787,0.20769144129008055,5,7,10,0,,
2026-05-16T00:03:25.049275,clean,naive,{'bins': 5},41,0,2,ok,0,41,0.010034626349806786,0.2220736024901271,0.23697271570563316,5,7,10,0,,
2026-05-16T00:03:25.276055,clean,naive,{'bins': 5},41,1,2,ok,41,82,0.010102503933012486,0.2002145079895854,0.21522463019937277,5,7,10,0,,
2026-05-16T00:03:25.489537,clean,naive,{'bins': 5},41,2,2,ok,82,123,0.01059753354638815,0.18709538783878088,0.20278039667755365,5,7,10,0,,
2026-05-16T00:03:25.746318,clean,naive,{'bins': 5},41,3,2,ok,123,164,0.010072828270494938,0.23026876524090767,0.24554729089140892,5,7,10,0,,
2026-05-16T00:03:25.967420,clean,naive,{'bins': 5},41,4,2,ok,164,205,0.010237637907266617,0.19541046395897865,0.21068413089960814,5,7,10,0,,
2026-05-16T00:03:26.317246,clean,naive,{'bins': 5},42,0,2,ok,0,42,0.010305133648216724,0.31948542036116123,0.33491422701627016,5,7,10,0,,
2026-05-16T00:03:26.548723,clean,naive,{'bins': 5},42,1,2,ok,42,84,0.011185286566615105,0.2039604326710105,0.2201839629560709,5,7,10,0,,
2026-05-16T00:03:26.765628,clean,naive,{'bins': 5},42,2,2,ok,84,126,0.011311174370348454,0.19050598330795765,0.20686515886336565,5,7,10,0,,
2026-05-16T00:03:27.014485,clean,naive,{'bins': 5},42,3,2,ok,126,168,0.010759417898952961,0.22173928562551737,0.23766074888408184,5,7,10,0,,
2026-05-16T00:03:27.256234,clean,naive,{'bins': 5},42,4,2,ok,168,210,0.010993857868015766,0.2131909104064107,0.22926028072834015,5,7,10,0,,
2026-05-16T00:03:27.533165,clean,naive,{'bins': 5},43,0,2,ok,0,43,0.01166398636996746,0.24280220456421375,0.26006471645087004,5,7,10,0,,
2026-05-16T00:03:27.762924,clean,naive,{'bins': 5},43,1,2,ok,43,86,0.011756911873817444,0.2012273697182536,0.21836180239915848,5,7,10,0,,
2026-05-16T00:03:27.982237,clean,naive,{'bins': 5},43,2,2,ok,86,129,0.010814321227371693,0.19295345153659582,0.20897611416876316,5,7,10,0,,
2026-05-16T00:03:28.226580,clean,naive,{'bins': 5},43,3,2,ok,129,172,0.01088083628565073,0.216316107660532,0.2325325757265091,5,7,10,0,,
2026-05-16T00:03:28.452777,clean,naive,{'bins': 5},43,4,2,ok,172,215,0.01088250894099474,0.19915970601141453,0.21517318300902843,5,7,10,0,,
2026-05-16T00:03:28.730412,clean,naive,{'bins': 5},44,0,2,ok,0,44,0.011257913894951344,0.24717066157609224,0.2638362515717745,5,7,10,0,,
2026-05-16T00:03:28.975718,clean,naive,{'bins': 5},44,1,2,ok,44,88,0.010854736901819706,0.21762795373797417,0.2338496409356594,5,7,10,0,,
2026-05-16T00:03:29.206136,clean,naive,{'bins': 5},44,2,2,ok,88,132,0.010662796907126904,0.19688679743558168,0.21281283907592297,5,7,10,0,,
2026-05-16T00:03:29.462271,clean,naive,{'bins': 5},44,3,2,ok,132,176,0.013587180525064468,0.2239736719056964,0.24314141366630793,5,10,14,0,,
2026-05-16T00:03:29.707498,clean,naive,{'bins': 5},44,4,2,ok,176,220,0.012223799712955952,0.21653674356639385,0.23407914210110903,5,7,10,0,,
2026-05-16T00:03:29.989525,clean,naive,{'bins': 5},45,0,2,ok,0,45,0.01233533676713705,0.2500025788322091,0.26773879025131464,5,7,10,0,,
2026-05-16T00:03:30.238060,clean,naive,{'bins': 5},45,1,2,ok,45,90,0.012084046378731728,0.21957950945943594,0.23703460302203894,5,7,10,0,,
2026-05-16T00:03:30.479369,clean,naive,{'bins': 5},45,2,2,ok,90,135,0.012208350002765656,0.21252837590873241,0.23011763207614422,5,7,10,0,,
2026-05-16T00:03:30.739233,clean,naive,{'bins': 5},45,3,2,ok,135,180,0.01080256886780262,0.23179636429995298,0.24794507399201393,5,7,10,0,,
2026-05-16T00:03:30.998520,clean,naive,{'bins': 5},45,4,2,ok,180,225,0.011017902754247189,0.23132664058357477,0.24776331149041653,5,7,10,0,,
2026-05-16T00:03:31.282475,clean,naive,{'bins': 5},46,0,2,ok,0,46,0.011012823320925236,0.25370279885828495,0.270190104842186,5,7,10,0,,
2026-05-16T00:03:31.607524,clean,naive,{'bins': 5},46,1,2,ok,46,92,0.011158819310367107,0.29211197700351477,0.31237237993627787,5,7,10,0,,
2026-05-16T00:03:31.851748,clean,naive,{'bins': 5},46,2,2,ok,92,138,0.011456477455794811,0.21588650345802307,0.23277587443590164,5,7,10,0,,
2026-05-16T00:03:32.106770,clean,naive,{'bins': 5},46,3,2,ok,138,184,0.011096421629190445,0.22580715455114841,0.24242205079644918,5,7,10,0,,
2026-05-16T00:03:32.396742,clean,naive,{'bins': 5},46,4,2,ok,184,230,0.011205445043742657,0.26125663612037897,0.2779315738007426,5,7,10,0,,
2026-05-16T00:03:32.696744,clean,naive,{'bins': 5},47,0,2,ok,0,47,0.011326664127409458,0.2668844563886523,0.2839099932461977,5,7,10,0,,
2026-05-16T00:03:32.952025,clean,naive,{'bins': 5},47,1,2,ok,47,94,0.012211095541715622,0.2246091654524207,0.24267570860683918,5,7,10,0,,
2026-05-16T00:03:33.220354,clean,naive,{'bins': 5},47,2,2,ok,94,141,0.01210692897439003,0.23841268103569746,0.2561648916453123,5,7,10,0,,
2026-05-16T00:03:33.478710,clean,naive,{'bins': 5},47,3,2,ok,141,188,0.011800192296504974,0.2277472596615553,0.24532017391175032,5,7,10,0,,
2026-05-16T00:03:33.788557,clean,naive,{'bins': 5},47,4,2,ok,188,235,0.012175227515399456,0.2792597683146596,0.2970521254464984,5,7,10,0,,
2026-05-16T00:03:34.102443,clean,naive,{'bins': 5},48,0,2,ok,0,48,0.012086070142686367,0.28114521875977516,0.29914009757339954,5,7,10,0,,
2026-05-16T00:03:34.362792,clean,naive,{'bins': 5},48,1,2,ok,48,96,0.011561565101146698,0.2302430672571063,0.24771027453243732,5,7,10,0,,
2026-05-16T00:03:34.649251,clean,naive,{'bins': 5},48,2,2,ok,96,144,0.01179549377411604,0.2556767063215375,0.2733107563108206,5,7,10,0,,
2026-05-16T00:03:34.928922,clean,naive,{'bins': 5},48,3,2,ok,144,192,0.011638260446488857,0.2490184297785163,0.26658080611377954,5,7,10,0,,
2026-05-16T00:03:35.247149,clean,naive,{'bins': 5},48,4,2,ok,192,240,0.011868912726640701,0.28485488798469305,0.3026054669171572,5,7,10,0,,
2026-05-16T00:03:35.578565,clean,naive,{'bins': 5},49,0,2,ok,0,49,0.013225420378148556,0.2950451970100403,0.31492858193814754,5,7,10,0,,
2026-05-16T00:03:35.889905,clean,naive,{'bins': 5},49,1,2,ok,49,98,0.014599639922380447,0.25258561968803406,0.2861229181289673,5,7,10,0,,
2026-05-16T00:03:36.178525,clean,naive,{'bins': 5},49,2,2,ok,98,147,0.011997032910585403,0.25756978150457144,0.27567749097943306,5,7,10,0,,
2026-05-16T00:03:36.541986,clean,naive,{'bins': 5},49,3,2,ok,147,196,0.07889648154377937,0.2643878059461713,0.3501347443088889,5,7,10,0,,
2026-05-16T00:03:36.851601,clean,naive,{'bins': 5},49,4,2,ok,196,245,0.01182626187801361,0.2765341205522418,0.29418185632675886,5,7,10,0,,
2026-05-16T00:03:37.190478,clean,naive,{'bins': 5},50,0,2,ok,0,50,0.012602509930729866,0.30387307703495026,0.3224186785519123,5,7,10,0,,
2026-05-16T00:03:37.464404,clean,naive,{'bins': 5},50,1,2,ok,50,100,0.012375423684716225,0.24255571234971285,0.2606970751658082,5,7,10,0,,
2026-05-16T00:03:37.757023,clean,naive,{'bins': 5},50,2,2,ok,100,150,0.012250096537172794,0.260644125752151,0.2787060383707285,5,7,10,0,,
2026-05-16T00:03:38.064055,clean,naive,{'bins': 5},50,3,2,ok,150,200,0.01406024768948555,0.2687082914635539,0.2888893047347665,5,7,10,0,,
2026-05-16T00:03:38.415123,clean,naive,{'bins': 5},50,4,2,ok,200,250,0.015007898211479187,0.3146530743688345,0.3359108902513981,5,7,10,0,,
2026-05-16T00:03:38.766377,clean,naive,{'bins': 5},51,0,2,ok,0,51,0.01393393985927105,0.31469703651964664,0.33462199848145247,5,7,10,0,,
2026-05-16T00:03:39.042703,clean,naive,{'bins': 5},51,1,2,ok,51,102,0.013562251813709736,0.24339327588677406,0.2629401180893183,5,7,10,0,,
2026-05-16T00:03:39.345753,clean,naive,{'bins': 5},51,2,2,ok,102,153,0.013607777655124664,0.26965434942394495,0.2893268372863531,5,7,10,0,,
2026-05-16T00:03:39.660922,clean,naive,{'bins': 5},51,3,2,ok,153,204,0.012395812198519707,0.28257841244339943,0.300981055945158,5,7,10,0,,
2026-05-16T00:03:40.057578,clean,naive,{'bins': 5},51,4,2,ok,204,255,0.015431602485477924,0.3599270060658455,0.38206385262310505,5,7,10,0,,
2026-05-16T00:03:40.409890,clean,naive,{'bins': 5},52,0,2,ok,0,52,0.012467456050217152,0.3176055187359452,0.33617474511265755,5,7,10,0,,
2026-05-16T00:03:40.695363,clean,naive,{'bins': 5},52,1,2,ok,52,104,0.01240651123225689,0.2532259924337268,0.27164614852517843,5,7,10,0,,
2026-05-16T00:03:41.003195,clean,naive,{'bins': 5},52,2,2,ok,104,156,0.012418003752827644,0.27565059065818787,0.29411984980106354,5,7,10,0,,
2026-05-16T00:03:41.328019,clean,naive,{'bins': 5},52,3,2,ok,156,208,0.012432299554347992,0.29172945860773325,0.3102158699184656,5,6,9,0,,
2026-05-16T00:03:41.641641,clean,naive,{'bins': 5},52,4,2,ok,208,260,0.012349795550107956,0.2809804705902934,0.2994583761319518,5,7,10,0,,
2026-05-16T00:03:42.006320,clean,naive,{'bins': 5},53,0,2,ok,0,53,0.012465923093259335,0.32481345627456903,0.3435494964942336,5,7,10,0,,
2026-05-16T00:03:42.309449,clean,naive,{'bins': 5},53,1,2,ok,53,106,0.013367297127842903,0.268572386354208,0.28823657985776663,5,7,10,0,,
2026-05-16T00:03:42.633874,clean,naive,{'bins': 5},53,2,2,ok,106,159,0.013206885196268559,0.2907392904162407,0.310210220515728,5,7,10,0,,
2026-05-16T00:03:42.950616,clean,naive,{'bins': 5},53,3,2,ok,159,212,0.01319906022399664,0.28292526211589575,0.30237833969295025,5,7,10,0,,
2026-05-16T00:03:43.264532,clean,naive,{'bins': 5},53,4,2,ok,212,265,0.013278448954224586,0.2799672270193696,0.29955392330884933,5,5,8,0,,
2026-05-16T00:03:43.630628,clean,naive,{'bins': 5},54,0,2,ok,0,54,0.013365932740271091,0.329381856136024,0.34919289499521255,5,7,10,0,,
2026-05-16T00:03:43.930151,clean,naive,{'bins': 5},54,1,2,ok,54,108,0.01270964089781046,0.26585628464818,0.28496227972209454,5,7,10,0,,
2026-05-16T00:03:44.259432,clean,naive,{'bins': 5},54,2,2,ok,108,162,0.012853290885686874,0.29545670934021473,0.3147097798064351,5,7,10,0,,
2026-05-16T00:03:44.565847,clean,naive,{'bins': 5},54,3,2,ok,162,216,0.012914004735648632,0.27228183299303055,0.2916269963607192,5,7,10,0,,
2026-05-16T00:03:44.901070,clean,naive,{'bins': 5},54,4,2,ok,216,270,0.013062303885817528,0.29894294682890177,0.3184608044102788,5,5,8,0,,
2026-05-16T00:03:45.340349,clean,naive,{'bins': 5},55,0,2,ok,0,55,0.013737441040575504,0.40100416727364063,0.42141319811344147,5,7,10,0,,
2026-05-16T00:03:45.642634,clean,naive,{'bins': 5},55,1,2,ok,55,110,0.013164895586669445,0.2677180515602231,0.2873348854482174,5,7,10,0,,
2026-05-16T00:03:45.985493,clean,naive,{'bins': 5},55,2,2,ok,110,165,0.013103790581226349,0.30860641691833735,0.32810729276388884,5,7,10,0,,
2026-05-16T00:03:46.293560,clean,naive,{'bins': 5},55,3,2,ok,165,220,0.013247571885585785,0.27377017866820097,0.29341710917651653,5,7,10,0,,
2026-05-16T00:03:46.661087,clean,naive,{'bins': 5},55,4,2,ok,220,275,0.01345799583941698,0.3318845173344016,0.3517455291002989,5,5,8,0,,
2026-05-16T00:03:47.041685,clean,naive,{'bins': 5},56,0,2,ok,0,56,0.013074536807835102,0.33937960397452116,0.3590379459783435,5,7,10,0,,
2026-05-16T00:03:47.440860,clean,naive,{'bins': 5},56,1,2,ok,56,112,0.013192778453230858,0.36388314608484507,0.3836299041286111,5,7,10,0,,
2026-05-16T00:03:47.758353,clean,naive,{'bins': 5},56,2,2,ok,112,168,0.013099945150315762,0.28278895653784275,0.30244287103414536,5,7,10,0,,
2026-05-16T00:03:48.091195,clean,naive,{'bins': 5},56,3,2,ok,168,224,0.013196475803852081,0.297788648866117,0.3175464877858758,5,7,10,0,,
2026-05-16T00:03:48.470278,clean,naive,{'bins': 5},56,4,2,ok,224,280,0.013409445993602276,0.3424944933503866,0.362575801089406,5,5,8,0,,
2026-05-16T00:03:48.869528,clean,naive,{'bins': 5},57,0,2,ok,0,57,0.016704914160072803,0.3560201283544302,0.3808612637221813,5,7,10,0,,
2026-05-16T00:03:49.267500,clean,naive,{'bins': 5},57,1,2,ok,57,114,0.014154784381389618,0.36151465866714716,0.3824266139417887,5,7,10,0,,
2026-05-16T00:03:49.671346,clean,naive,{'bins': 5},57,2,2,ok,114,171,0.07595787197351456,0.30446432810276747,0.3876757128164172,5,6,9,0,,
2026-05-16T00:03:50.031883,clean,naive,{'bins': 5},57,3,2,ok,171,228,0.013754523359239101,0.3245822824537754,0.34495894331485033,5,7,10,0,,
2026-05-16T00:03:50.422283,clean,naive,{'bins': 5},57,4,2,ok,228,285,0.013645900413393974,0.35350118670612574,0.37376043759286404,5,5,8,0,,
2026-05-16T00:03:50.818449,clean,naive,{'bins': 5},58,0,2,ok,0,58,0.013943186961114407,0.35741979721933603,0.37816046085208654,5,7,10,0,,
2026-05-16T00:03:51.235374,clean,naive,{'bins': 5},58,1,2,ok,58,116,0.013533338904380798,0.38133429270237684,0.40162521228194237,5,7,10,0,,
2026-05-16T00:03:51.577202,clean,naive,{'bins': 5},58,2,2,ok,116,174,0.013564596883952618,0.3054296299815178,0.325768880546093,5,7,10,0,,
2026-05-16T00:03:51.945520,clean,naive,{'bins': 5},58,3,2,ok,174,232,0.013695904053747654,0.33161011058837175,0.35207880567759275,5,7,10,0,,
2026-05-16T00:03:52.353406,clean,naive,{'bins': 5},58,4,2,ok,232,290,0.01373008731752634,0.3706838386133313,0.391245948150754,5,7,10,0,,
2026-05-16T00:03:52.754683,clean,naive,{'bins': 5},59,0,2,ok,0,59,0.01403508149087429,0.36194907408207655,0.3829128388315439,5,7,10,0,,
2026-05-16T00:03:53.082737,clean,naive,{'bins': 5},59,1,2,ok,59,118,0.013985087163746357,0.2921061972156167,0.31296001374721527,5,7,10,0,,
2026-05-16T00:03:53.482822,clean,naive,{'bins': 5},59,2,2,ok,118,177,0.013882334344089031,0.3604540266096592,0.381305318325758,5,7,10,0,,
2026-05-16T00:03:53.944248,clean,naive,{'bins': 5},59,3,2,ok,177,236,0.014785309322178364,0.4222634844481945,0.4440348045900464,5,7,10,0,,
2026-05-16T00:03:54.351103,clean,naive,{'bins': 5},59,4,2,ok,236,295,0.01432433445006609,0.3688445147126913,0.3900906592607498,5,7,10,0,,
2026-05-16T00:03:54.755866,clean,naive,{'bins': 5},60,0,2,ok,0,60,0.01445984747260809,0.3646872267127037,0.38623904436826706,5,7,10,0,,
2026-05-16T00:03:55.100130,clean,naive,{'bins': 5},60,1,2,ok,60,120,0.014408260583877563,0.30709656048566103,0.32856538239866495,5,7,10,0,,
2026-05-16T00:03:55.498570,clean,naive,{'bins': 5},60,2,2,ok,120,180,0.014460910111665726,0.3599366033449769,0.3814625833183527,5,7,10,0,,
2026-05-16T00:03:55.898888,clean,naive,{'bins': 5},60,3,2,ok,180,240,0.01409314014017582,0.3624931462109089,0.383728570304811,5,7,10,0,,
2026-05-16T00:03:56.313808,clean,naive,{'bins': 5},60,4,2,ok,240,300,0.01458046492189169,0.37629622034728527,0.39793322794139385,5,7,10,0,,
2026-05-16T00:03:56.730305,clean,naive,{'bins': 5},61,0,2,ok,0,61,0.01459422055631876,0.37557665817439556,0.3974274583160877,5,7,10,0,,
2026-05-16T00:03:57.088316,clean,naive,{'bins': 5},61,1,2,ok,61,122,0.014454598538577557,0.3199849175289273,0.34168952237814665,5,7,10,0,,
2026-05-16T00:03:57.495893,clean,naive,{'bins': 5},61,2,2,ok,122,183,0.014323722571134567,0.3681491892784834,0.3898204518482089,5,7,10,0,,
2026-05-16T00:03:57.911145,clean,naive,{'bins': 5},61,3,2,ok,183,244,0.014670222997665405,0.37559184711426497,0.39762003906071186,5,7,10,0,,
2026-05-16T00:03:58.312476,clean,naive,{'bins': 5},61,4,2,ok,244,305,0.014617263339459896,0.3621833836659789,0.3840777250006795,5,7,10,0,,
2026-05-16T00:03:58.778071,clean,naive,{'bins': 5},62,0,2,ok,0,62,0.014707041904330254,0.375367246568203,0.4462775671854615,5,7,10,0,,
2026-05-16T00:03:59.157508,clean,naive,{'bins': 5},62,1,2,ok,62,124,0.014555699191987514,0.34136289823800325,0.3630824228748679,5,7,10,0,,
2026-05-16T00:03:59.568649,clean,naive,{'bins': 5},62,2,2,ok,124,186,0.014556881040334702,0.3711953703314066,0.39306160900741816,5,7,10,0,,
2026-05-16T00:04:00.020787,clean,naive,{'bins': 5},62,3,2,ok,186,248,0.015007557347416878,0.4103973777964711,0.43274973053485155,5,7,10,0,,
2026-05-16T00:04:00.439678,clean,naive,{'bins': 5},62,4,2,ok,248,310,0.015613685362040997,0.3773756781592965,0.4003658974543214,5,7,10,0,,
2026-05-16T00:04:00.870696,clean,naive,{'bins': 5},63,0,2,ok,0,63,0.01544368639588356,0.3880544640123844,0.4109974252060056,5,7,10,0,,
2026-05-16T00:04:01.253796,clean,naive,{'bins': 5},63,1,2,ok,63,126,0.015488579869270325,0.3431973159313202,0.3661389425396919,5,7,10,0,,
2026-05-16T00:04:01.671288,clean,naive,{'bins': 5},63,2,2,ok,126,189,0.015466188080608845,0.3757485607638955,0.3986712135374546,5,7,10,0,,
2026-05-16T00:04:02.148375,clean,naive,{'bins': 5},63,3,2,ok,189,252,0.0155189773067832,0.43558281008154154,0.45858045388013124,5,7,10,0,,
2026-05-16T00:04:02.633853,clean,naive,{'bins': 5},63,4,2,ok,252,315,0.015178356319665909,0.44359099119901657,0.46626334358006716,5,7,10,0,,
2026-05-16T00:04:03.076240,clean,naive,{'bins': 5},64,0,2,ok,0,64,0.015114647336304188,0.3994412599131465,0.42209558840841055,5,7,10,0,,
2026-05-16T00:04:03.461255,clean,naive,{'bins': 5},64,1,2,ok,64,128,0.015244361944496632,0.3453000532463193,0.3681565122678876,5,7,10,0,,
2026-05-16T00:04:03.902195,clean,naive,{'bins': 5},64,2,2,ok,128,192,0.015179529786109924,0.39939591474831104,0.4221517853438854,5,7,10,0,,
2026-05-16T00:04:04.374915,clean,naive,{'bins': 5},64,3,2,ok,192,256,0.0151645103469491,0.4311124952509999,0.45384745486080647,5,7,10,0,,
2026-05-16T00:04:04.843548,clean,naive,{'bins': 5},64,4,2,ok,256,320,0.01531854085624218,0.4259193604812026,0.44885144103318453,5,7,10,0,,
2026-05-16T00:04:05.291008,clean,naive,{'bins': 5},65,0,2,ok,0,65,0.01539448369294405,0.4039016477763653,0.4270911021158099,5,7,10,0,,
2026-05-16T00:04:05.695837,clean,naive,{'bins': 5},65,1,2,ok,65,130,0.015415624715387821,0.36385069508105516,0.3869989216327667,5,7,10,0,,
2026-05-16T00:04:06.146497,clean,naive,{'bins': 5},65,2,2,ok,130,195,0.015299785882234573,0.40807199105620384,0.43120130244642496,5,7,10,0,,
2026-05-16T00:04:06.657600,clean,naive,{'bins': 5},65,3,2,ok,195,260,0.015248970128595829,0.4688884038478136,0.49185086134821177,5,7,10,0,,
2026-05-16T00:04:07.140537,clean,naive,{'bins': 5},65,4,2,ok,260,325,0.01552606001496315,0.44011500384658575,0.4632777366787195,5,7,10,0,,
2026-05-16T00:04:07.593027,clean,naive,{'bins': 5},66,0,2,ok,0,66,0.015587495639920235,0.40849041659384966,0.4318123199045658,5,7,10,0,,
2026-05-16T00:04:08.014537,clean,naive,{'bins': 5},66,1,2,ok,66,132,0.015623153187334538,0.3785320296883583,0.4018999384716153,5,7,10,0,,
2026-05-16T00:04:08.477846,clean,naive,{'bins': 5},66,2,2,ok,132,198,0.01653513591736555,0.4191700145602226,0.44360721204429865,5,7,10,0,,
2026-05-16T00:04:08.916348,clean,naive,{'bins': 5},66,3,2,ok,198,264,0.016194024123251438,0.3946564635261893,0.41860709711909294,5,5,8,0,,
2026-05-16T00:04:09.449613,clean,naive,{'bins': 5},66,4,2,ok,264,330,0.016230023466050625,0.48265779577195644,0.5124292224645615,5,7,10,0,,
2026-05-16T00:04:09.915504,clean,naive,{'bins': 5},67,0,2,ok,0,67,0.016770869493484497,0.41818954329937696,0.44346232060343027,5,7,10,0,,
2026-05-16T00:04:10.351222,clean,naive,{'bins': 5},67,1,2,ok,67,134,0.016582985408604145,0.391609531827271,0.4165386725217104,5,7,10,0,,
2026-05-16T00:04:10.817717,clean,naive,{'bins': 5},67,2,2,ok,134,201,0.015977749601006508,0.4220564663410187,0.44603585451841354,5,7,10,0,,
2026-05-16T00:04:11.335600,clean,naive,{'bins': 5},67,3,2,ok,201,268,0.016011951491236687,0.47332711052149534,0.4974232167005539,5,5,8,0,,
2026-05-16T00:04:11.859638,clean,naive,{'bins': 5},67,4,2,ok,268,335,0.01584385707974434,0.4798548212274909,0.5036127837374806,5,7,10,0,,
2026-05-16T00:04:12.327308,clean,naive,{'bins': 5},68,0,2,ok,0,68,0.015953474678099155,0.42228987347334623,0.44637457001954317,5,7,10,0,,
2026-05-16T00:04:12.764676,clean,naive,{'bins': 5},68,1,2,ok,68,136,0.016002514399588108,0.394490041770041,0.41857114899903536,5,7,10,0,,
2026-05-16T00:04:13.232577,clean,naive,{'bins': 5},68,2,2,ok,136,204,0.016005259938538074,0.4226040653884411,0.44675253983587027,5,7,10,0,,
2026-05-16T00:04:13.671765,clean,naive,{'bins': 5},68,3,2,ok,204,272,0.016170592047274113,0.3938360931351781,0.41820717696100473,5,5,8,0,,
2026-05-16T00:04:14.215832,clean,naive,{'bins': 5},68,4,2,ok,272,340,0.016121268272399902,0.49928852170705795,0.5235185800120234,5,7,10,0,,
2026-05-16T00:04:14.685450,clean,naive,{'bins': 5},69,0,2,ok,0,69,0.016561836004257202,0.42278076615184546,0.44767131470143795,5,7,10,0,,
2026-05-16T00:04:15.145966,clean,naive,{'bins': 5},69,1,2,ok,69,138,0.016423586755990982,0.41564830020070076,0.44028960075229406,5,7,10,0,,
2026-05-16T00:04:15.689398,clean,naive,{'bins': 5},69,2,2,ok,138,207,0.016666271723806858,0.49515872448682785,0.5220379587262869,5,7,10,0,,
2026-05-16T00:04:16.134576,clean,naive,{'bins': 5},69,3,2,ok,207,276,0.016603964380919933,0.39816252887248993,0.42385833989828825,5,5,8,0,,
2026-05-16T00:04:16.648702,clean,naive,{'bins': 5},69,4,2,ok,276,345,0.016530197113752365,0.46782368514686823,0.49288162775337696,5,7,10,0,,
2026-05-16T00:04:17.129382,clean,naive,{'bins': 5},70,0,2,ok,0,70,0.01692976802587509,0.4311199989169836,0.4569807816296816,5,7,10,0,,
2026-05-16T00:04:17.598564,clean,naive,{'bins': 5},70,1,2,ok,70,140,0.0177744934335351,0.4215243672952056,0.4488183092325926,5,7,10,0,,
2026-05-16T00:04:18.095011,clean,naive,{'bins': 5},70,2,2,ok,140,210,0.017190927639603615,0.4491905989125371,0.47473392356187105,5,7,10,0,,
2026-05-16T00:04:18.571982,clean,naive,{'bins': 5},70,3,2,ok,210,280,0.01742025837302208,0.42767051979899406,0.45337302424013615,5,5,8,0,,
2026-05-16T00:04:19.056357,clean,naive,{'bins': 5},70,4,2,ok,280,350,0.017584537155926228,0.43706535547971725,0.4631384462118149,5,7,10,0,,
2026-05-16T00:04:19.544896,clean,naive,{'bins': 5},71,0,2,ok,0,71,0.017507783137261868,0.4396610101684928,0.46559832617640495,5,7,10,0,,
2026-05-16T00:04:20.039776,clean,naive,{'bins': 5},71,1,2,ok,71,142,0.017587182112038136,0.4468600107356906,0.4728882061317563,5,7,10,0,,
2026-05-16T00:04:20.584287,clean,naive,{'bins': 5},71,2,2,ok,142,213,0.08081335108727217,0.43201061245054007,0.5216689566150308,5,5,8,0,,
2026-05-16T00:04:21.071835,clean,naive,{'bins': 5},71,3,2,ok,213,284,0.017084226943552494,0.440568164922297,0.4658928280696273,5,5,8,0,,
2026-05-16T00:04:21.509377,clean,naive,{'bins': 5},71,4,2,ok,284,355,0.017106537707149982,0.3921165131032467,0.41742860339581966,5,7,10,0,,
2026-05-16T00:04:22.019618,clean,naive,{'bins': 5},72,0,2,ok,0,72,0.01723585184663534,0.45976556092500687,0.4855511710047722,5,7,10,0,,
2026-05-16T00:04:22.529530,clean,naive,{'bins': 5},72,1,2,ok,72,144,0.018025103956460953,0.4625120088458061,0.4891273071989417,5,7,10,0,,
2026-05-16T00:04:23.009379,clean,naive,{'bins': 5},72,2,2,ok,144,216,0.01767484564334154,0.43077881820499897,0.45693500339984894,5,5,8,0,,
2026-05-16T00:04:23.560991,clean,naive,{'bins': 5},72,3,2,ok,216,288,0.017711184918880463,0.5032395711168647,0.529556529596448,5,7,10,0,,
2026-05-16T00:04:24.102138,clean,naive,{'bins': 5},72,4,2,ok,288,360,0.01785862259566784,0.4935846794396639,0.5199701962992549,5,7,10,0,,
2026-05-16T00:04:24.625083,clean,naive,{'bins': 5},73,0,2,ok,0,73,0.01756558194756508,0.4732742812484503,0.49939379934221506,5,7,10,0,,
2026-05-16T00:04:25.123220,clean,naive,{'bins': 5},73,1,2,ok,73,146,0.017625493928790092,0.4512825580313802,0.47751064877957106,5,7,10,0,,
2026-05-16T00:04:25.656347,clean,naive,{'bins': 5},73,2,2,ok,146,219,0.017587151378393173,0.48205989319831133,0.508331204764545,5,5,8,0,,
2026-05-16T00:04:26.217206,clean,naive,{'bins': 5},73,3,2,ok,219,292,0.01821744628250599,0.5111416643485427,0.5381667828187346,5,7,10,0,,
2026-05-16T00:04:26.723341,clean,naive,{'bins': 5},73,4,2,ok,292,365,0.017979878932237625,0.45773151982575655,0.4843965405598283,5,7,10,0,,
2026-05-16T00:04:27.252483,clean,naive,{'bins': 5},74,0,2,ok,0,74,0.018198950216174126,0.47798071149736643,0.5049012927338481,5,7,10,0,,
2026-05-16T00:04:27.772297,clean,naive,{'bins': 5},74,1,2,ok,74,148,0.017985819838941097,0.4700450673699379,0.4968949155882001,5,7,10,0,,
2026-05-16T00:04:28.259136,clean,naive,{'bins': 5},74,2,2,ok,148,222,0.018647732213139534,0.43526750802993774,0.46286515053361654,5,5,8,0,,
2026-05-16T00:04:28.885507,clean,naive,{'bins': 5},74,3,2,ok,222,296,0.01822743471711874,0.5764998979866505,0.6036715917289257,5,7,10,0,,
2026-05-16T00:04:29.420175,clean,naive,{'bins': 5},74,4,2,ok,296,370,0.018073655664920807,0.48555944487452507,0.5124167175963521,5,7,10,0,,
2026-05-16T00:04:29.958328,clean,naive,{'bins': 5},75,0,2,ok,0,75,0.01814928837120533,0.4859374165534973,0.5130099533125758,5,7,10,0,,
2026-05-16T00:04:30.476317,clean,naive,{'bins': 5},75,1,2,ok,75,150,0.017991631291806698,0.467583323828876,0.4945783754810691,5,7,10,0,,
2026-05-16T00:04:30.982645,clean,naive,{'bins': 5},75,2,2,ok,150,225,0.0189109081402421,0.4539025379344821,0.4819351378828287,5,5,8,0,,
2026-05-16T00:04:31.561326,clean,naive,{'bins': 5},75,3,2,ok,225,300,0.018368961289525032,0.5278788795694709,0.5554068814963102,5,7,10,0,,
2026-05-16T00:04:32.102644,clean,naive,{'bins': 5},75,4,2,ok,300,375,0.018612046726047993,0.4904169291257858,0.5179898757487535,5,7,10,0,,
2026-05-16T00:04:32.655624,clean,naive,{'bins': 5},76,0,2,ok,0,76,0.01849451567977667,0.49964622408151627,0.5272549781948328,5,7,10,0,,
2026-05-16T00:04:33.240497,clean,naive,{'bins': 5},76,1,2,ok,76,152,0.018525823950767517,0.5340331979095936,0.5616040099412203,5,7,10,0,,
2026-05-16T00:04:33.752668,clean,naive,{'bins': 5},76,2,2,ok,152,228,0.017929946072399616,0.4603490065783262,0.487281009554863,5,5,8,0,,
2026-05-16T00:04:34.327545,clean,naive,{'bins': 5},76,3,2,ok,228,304,0.01785640697926283,0.5227490141987801,0.5496745137497783,5,7,10,0,,
2026-05-16T00:04:34.903848,clean,naive,{'bins': 5},76,4,2,ok,304,380,0.019107417203485966,0.5238128630444407,0.5520306518301368,5,7,10,0,,
2026-05-16T00:04:35.468461,clean,naive,{'bins': 5},77,0,2,ok,0,77,0.01884831953793764,0.5096981320530176,0.5377358719706535,5,7,10,0,,
2026-05-16T00:04:35.999851,clean,naive,{'bins': 5},77,1,2,ok,77,154,0.018952105194330215,0.48014354426413774,0.5083227586001158,5,7,10,0,,
2026-05-16T00:04:36.529417,clean,naive,{'bins': 5},77,2,2,ok,154,231,0.018801060505211353,0.4762229509651661,0.5041970908641815,5,5,8,0,,
2026-05-16T00:04:37.105308,clean,naive,{'bins': 5},77,3,2,ok,231,308,0.01908489502966404,0.5223121931776404,0.5518746068701148,5,7,10,0,,
2026-05-16T00:04:37.728997,clean,naive,{'bins': 5},77,4,2,ok,308,385,0.01855403743684292,0.5709631890058517,0.5991743439808488,5,7,10,0,,
2026-05-16T00:04:38.297521,clean,naive,{'bins': 5},78,0,2,ok,0,78,0.01857499685138464,0.5124698877334595,0.5413330877199769,5,7,10,0,,
2026-05-16T00:04:38.839255,clean,naive,{'bins': 5},78,1,2,ok,78,156,0.019465350545942783,0.4889676868915558,0.5181626016274095,5,7,10,0,,
2026-05-16T00:04:39.375075,clean,naive,{'bins': 5},78,2,2,ok,156,234,0.019296142272651196,0.4796432154253125,0.5095766754820943,5,5,8,0,,
2026-05-16T00:04:39.965858,clean,naive,{'bins': 5},78,3,2,ok,234,312,0.019268618896603584,0.535591104067862,0.5650736168026924,5,7,10,0,,
2026-05-16T00:04:40.574073,clean,naive,{'bins': 5},78,4,2,ok,312,390,0.019551110453903675,0.5521227028220892,0.581398488022387,5,7,10,0,,
2026-05-16T00:04:41.159280,clean,naive,{'bins': 5},79,0,2,ok,0,79,0.01966419257223606,0.5296325422823429,0.5587983205914497,5,7,10,0,,
2026-05-16T00:04:41.702398,clean,naive,{'bins': 5},79,1,2,ok,79,158,0.019583912566304207,0.48904959950596094,0.5180369336158037,5,7,10,0,,
2026-05-16T00:04:42.310018,clean,naive,{'bins': 5},79,2,2,ok,158,237,0.019741146825253963,0.5517708621919155,0.5813001338392496,5,5,8,0,,
2026-05-16T00:04:42.917770,clean,naive,{'bins': 5},79,3,2,ok,237,316,0.01909209880977869,0.5530881164595485,0.5816365359351039,5,7,10,0,,
2026-05-16T00:04:43.547242,clean,naive,{'bins': 5},79,4,2,ok,316,395,0.019956371746957302,0.5748481452465057,0.6043015941977501,5,7,10,0,,
2026-05-16T00:04:44.157162,clean,naive,{'bins': 5},80,0,2,ok,0,80,0.01967421267181635,0.5538925770670176,0.5832022475078702,5,7,10,0,,
2026-05-16T00:04:44.786704,clean,naive,{'bins': 5},80,1,2,ok,80,160,0.019693837501108646,0.5738675845786929,0.6032748660072684,5,7,10,0,,
2026-05-16T00:04:45.357686,clean,naive,{'bins': 5},80,2,2,ok,160,240,0.020020482130348682,0.5164370592683554,0.546193047426641,5,7,10,0,,
2026-05-16T00:04:45.993591,clean,naive,{'bins': 5},80,3,2,ok,240,320,0.019697685725986958,0.581054481677711,0.6103880954906344,5,7,10,0,,
2026-05-16T00:04:46.645420,clean,naive,{'bins': 5},80,4,2,ok,320,400,0.01985152531415224,0.5965595925226808,0.6260599698871374,5,7,10,0,,
2026-05-16T00:04:47.341915,clean,naive,{'bins': 5},81,0,2,ok,0,81,0.019925794564187527,0.63859239872545,0.6683228285983205,5,7,10,0,,
2026-05-16T00:04:47.956138,clean,naive,{'bins': 5},81,1,2,ok,81,162,0.019687076099216938,0.558025449514389,0.5890158852562308,5,7,10,0,,
2026-05-16T00:04:48.539106,clean,naive,{'bins': 5},81,2,2,ok,162,243,0.019816848449409008,0.5250879153609276,0.5575379123911262,5,7,10,0,,
2026-05-16T00:04:49.177710,clean,naive,{'bins': 5},81,3,2,ok,243,324,0.019675944931805134,0.5806610025465488,0.612175602465868,5,7,10,0,,
2026-05-16T00:04:49.859718,clean,naive,{'bins': 5},81,4,2,ok,324,405,0.019778546877205372,0.6225979086011648,0.6539864912629128,5,7,10,0,,
2026-05-16T00:04:50.504120,clean,naive,{'bins': 5},82,0,2,ok,0,82,0.020384334959089756,0.5834305752068758,0.6157906521111727,5,7,10,0,,
2026-05-16T00:04:51.144461,clean,naive,{'bins': 5},82,1,2,ok,82,164,0.020370759069919586,0.5816170489415526,0.6138803148642182,5,7,10,0,,
2026-05-16T00:04:51.831056,clean,naive,{'bins': 5},82,2,2,ok,164,246,0.020404343493282795,0.6281461482867599,0.6604053573682904,5,7,10,0,,
2026-05-16T00:04:52.444260,clean,naive,{'bins': 5},82,3,2,ok,246,328,0.020068512298166752,0.5549035761505365,0.5868781805038452,5,7,10,0,,
2026-05-16T00:04:53.111904,clean,naive,{'bins': 5},82,4,2,ok,328,410,0.01996599044650793,0.60831428039819,0.6401116922497749,5,7,10,0,,
2026-05-16T00:04:53.782342,clean,naive,{'bins': 5},83,0,2,ok,0,83,0.02014094777405262,0.6083908341825008,0.6406248658895493,5,7,10,0,,
2026-05-16T00:04:54.398122,clean,naive,{'bins': 5},83,1,2,ok,83,166,0.02102220244705677,0.5559209967032075,0.589171115309,5,7,10,0,,
2026-05-16T00:04:55.030968,clean,naive,{'bins': 5},83,2,2,ok,166,249,0.02049784827977419,0.5733685754239559,0.6060417918488383,5,7,10,0,,
2026-05-16T00:04:55.646030,clean,naive,{'bins': 5},83,3,2,ok,249,332,0.02072900254279375,0.5548137677833438,0.5876207649707794,5,7,10,0,,
2026-05-16T00:04:56.395354,clean,naive,{'bins': 5},83,4,2,ok,332,415,0.08351090829819441,0.6274422369897366,0.7221174733713269,5,7,10,0,,
2026-05-16T00:04:57.064068,clean,naive,{'bins': 5},84,0,2,ok,0,84,0.020274960435926914,0.6092400597408414,0.6400848021730781,5,7,10,0,,
2026-05-16T00:04:57.687927,clean,naive,{'bins': 5},84,1,2,ok,84,168,0.019985966384410858,0.56615293584764,0.5974055621773005,5,7,10,0,,
2026-05-16T00:04:58.347384,clean,naive,{'bins': 5},84,2,2,ok,168,252,0.01998954452574253,0.5995884127914906,0.6306528765708208,5,7,10,0,,
2026-05-16T00:04:58.961078,clean,naive,{'bins': 5},84,3,2,ok,252,336,0.02113442402333021,0.5530351269990206,0.5854863161221147,5,7,10,0,,
2026-05-16T00:04:59.643511,clean,naive,{'bins': 5},84,4,2,ok,336,420,0.020902808755636215,0.6222931360825896,0.6545574041083455,5,7,10,0,,
2026-05-16T00:05:00.378725,clean,naive,{'bins': 5},85,0,2,ok,0,85,0.02108696475625038,0.6732546109706163,0.7059522019699216,5,7,10,0,,
2026-05-16T00:05:01.012115,clean,naive,{'bins': 5},85,1,2,ok,85,170,0.020467320457100868,0.5740219941362739,0.606202925555408,5,7,10,0,,
2026-05-16T00:05:01.664748,clean,naive,{'bins': 5},85,2,2,ok,170,255,0.020649554207921028,0.5935771623626351,0.6248630434274673,5,7,10,0,,
2026-05-16T00:05:02.309161,clean,naive,{'bins': 5},85,3,2,ok,255,340,0.020230967551469803,0.586041409522295,0.6169867096468806,5,7,10,0,,
2026-05-16T00:05:02.989554,clean,naive,{'bins': 5},85,4,2,ok,340,425,0.020300868898630142,0.6203540535643697,0.6513481065630913,5,7,10,0,,
2026-05-16T00:05:03.671500,clean,naive,{'bins': 5},86,0,2,ok,0,86,0.020292972214519978,0.6217232849448919,0.6528246672824025,5,7,10,0,,
2026-05-16T00:05:04.377133,clean,naive,{'bins': 5},86,1,2,ok,86,172,0.0204637348651886,0.6463507488369942,0.6778048360720277,5,7,10,0,,
2026-05-16T00:05:05.011327,clean,naive,{'bins': 5},86,2,2,ok,172,258,0.02042834646999836,0.5744605576619506,0.6056414693593979,5,7,10,0,,
2026-05-16T00:05:05.670699,clean,naive,{'bins': 5},86,3,2,ok,258,344,0.021680508740246296,0.5981834838166833,0.6307776002213359,5,7,10,0,,
2026-05-16T00:05:06.385874,clean,naive,{'bins': 5},86,4,2,ok,344,430,0.021380255930125713,0.652280236594379,0.6857209540903568,5,7,10,0,,
2026-05-16T00:05:07.082172,clean,naive,{'bins': 5},87,0,2,ok,0,87,0.02141397912055254,0.6334169562906027,0.6659166375175118,5,7,10,0,,
2026-05-16T00:05:07.794158,clean,naive,{'bins': 5},87,1,2,ok,87,174,0.021410362794995308,0.6506175249814987,0.6841675573959947,5,7,10,0,,
2026-05-16T00:05:08.447886,clean,naive,{'bins': 5},87,2,2,ok,174,261,0.020996696315705776,0.593761888332665,0.6256368365138769,5,7,10,0,,
2026-05-16T00:05:09.219169,clean,naive,{'bins': 5},87,3,2,ok,261,348,0.020695189014077187,0.7103590685874224,0.7422602046281099,5,7,10,0,,
2026-05-16T00:05:09.958961,clean,naive,{'bins': 5},87,4,2,ok,348,435,0.021120388060808182,0.6764820208773017,0.708738574758172,5,7,10,0,,
2026-05-16T00:05:10.673379,clean,naive,{'bins': 5},88,0,2,ok,0,88,0.021450016647577286,0.644310437142849,0.6777847073972225,5,7,10,0,,
2026-05-16T00:05:11.319088,clean,naive,{'bins': 5},88,1,2,ok,88,176,0.021191720850765705,0.5842908499762416,0.6168299438431859,5,7,10,0,,
2026-05-16T00:05:11.993206,clean,naive,{'bins': 5},88,2,2,ok,176,264,0.021019307896494865,0.6135364482179284,0.6456329617649317,5,7,10,0,,
2026-05-16T00:05:12.684275,clean,naive,{'bins': 5},88,3,2,ok,264,352,0.021262374706566334,0.6285192901268601,0.661277124658227,5,7,10,0,,
2026-05-16T00:05:13.439156,clean,naive,{'bins': 5},88,4,2,ok,352,440,0.021217250265181065,0.6901637678965926,0.7231859900057316,5,7,10,0,,
2026-05-16T00:05:14.145154,clean,naive,{'bins': 5},89,0,2,ok,0,89,0.022098234854638577,0.6417738143354654,0.6748007545247674,5,7,10,0,,
2026-05-16T00:05:14.889317,clean,naive,{'bins': 5},89,1,2,ok,89,178,0.022021731361746788,0.6165834618732333,0.714923681691289,5,7,10,0,,
2026-05-16T00:05:15.585261,clean,naive,{'bins': 5},89,2,2,ok,178,267,0.021452540531754494,0.6332683498039842,0.666983331553638,5,7,10,0,,
2026-05-16T00:05:16.217226,clean,naive,{'bins': 5},89,3,2,ok,267,356,0.02146145887672901,0.5712470524013042,0.6033636629581451,5,7,10,0,,
2026-05-16T00:05:16.970704,clean,naive,{'bins': 5},89,4,2,ok,356,445,0.02150333672761917,0.6905947970226407,0.7229516888037324,5,7,10,0,,
2026-05-16T00:05:17.728366,clean,naive,{'bins': 5},90,0,2,ok,0,90,0.021397577598690987,0.694760131649673,0.7270596250891685,5,7,10,0,,
2026-05-16T00:05:18.431021,clean,naive,{'bins': 5},90,1,2,ok,90,180,0.021311999298632145,0.6411275304853916,0.6732828542590141,5,7,10,0,,
2026-05-16T00:05:19.114654,clean,naive,{'bins': 5},90,2,2,ok,180,270,0.02127979788929224,0.6222998583689332,0.6545001966878772,5,7,10,0,,
2026-05-16T00:05:19.781100,clean,naive,{'bins': 5},90,3,2,ok,270,360,0.021424859762191772,0.6046225363388658,0.6369727859273553,5,7,10,0,,
2026-05-16T00:05:20.492169,clean,naive,{'bins': 5},90,4,2,ok,360,450,0.02159974817186594,0.6490374263375998,0.6816657781600952,5,7,10,0,,
2026-05-16T00:05:21.215739,clean,naive,{'bins': 5},91,0,2,ok,0,91,0.021810775622725487,0.6587892919778824,0.6920317970216274,5,7,10,0,,
2026-05-16T00:05:21.934850,clean,naive,{'bins': 5},91,1,2,ok,91,182,0.021799483336508274,0.6551936194300652,0.688234775327146,5,7,10,0,,
2026-05-16T00:05:22.695417,clean,naive,{'bins': 5},91,2,2,ok,182,273,0.02155884075909853,0.6978032076731324,0.7305885143578053,5,7,10,0,,
2026-05-16T00:05:23.364715,clean,naive,{'bins': 5},91,3,2,ok,273,364,0.02172147575765848,0.6075751325115561,0.6403684234246612,5,7,10,0,,
2026-05-16T00:05:24.057918,clean,naive,{'bins': 5},91,4,2,ok,364,455,0.02521320339292288,0.625141785480082,0.6633302299305797,5,7,10,0,,
2026-05-16T00:05:24.798817,clean,naive,{'bins': 5},92,0,2,ok,0,92,0.022570221684873104,0.674497164785862,0.7083192588761449,5,7,10,0,,
2026-05-16T00:05:25.524827,clean,naive,{'bins': 5},92,1,2,ok,92,184,0.02280033379793167,0.6580574484542012,0.6947016222402453,5,7,10,0,,
2026-05-16T00:05:26.259192,clean,naive,{'bins': 5},92,2,2,ok,184,276,0.022660461254417896,0.6683079693466425,0.7038239249959588,5,7,10,0,,
2026-05-16T00:05:26.929378,clean,naive,{'bins': 5},92,3,2,ok,276,368,0.022394641302525997,0.6064634751528502,0.6403342299163342,5,7,10,0,,
2026-05-16T00:05:27.747114,clean,naive,{'bins': 5},92,4,2,ok,368,460,0.08325706236064434,0.6917543970048428,0.7870992505922914,5,7,10,0,,
2026-05-16T00:05:28.482900,clean,naive,{'bins': 5},93,0,2,ok,0,93,0.022084658965468407,0.670862146653235,0.7042086077854037,5,7,10,0,,
2026-05-16T00:05:29.245780,clean,naive,{'bins': 5},93,1,2,ok,93,186,0.021957900375127792,0.6977438945323229,0.731086858548224,5,7,10,0,,
2026-05-16T00:05:30.021784,clean,naive,{'bins': 5},93,2,2,ok,186,279,0.022550354711711407,0.7079186048358679,0.7443700879812241,5,7,10,0,,
2026-05-16T00:05:30.707110,clean,naive,{'bins': 5},93,3,2,ok,279,372,0.02216886729001999,0.6184212034568191,0.6543807815760374,5,7,10,0,,
2026-05-16T00:05:31.492662,clean,naive,{'bins': 5},93,4,2,ok,372,465,0.02242415677756071,0.7174351094290614,0.7535733226686716,5,7,10,0,,
2026-05-16T00:05:32.243878,clean,naive,{'bins': 5},94,0,2,ok,0,94,0.022435568273067474,0.68325917981565,0.7178502595052123,5,7,10,0,,
2026-05-16T00:05:32.976049,clean,naive,{'bins': 5},94,1,2,ok,94,188,0.02217138186097145,0.6661113845184445,0.7002541301771998,5,7,10,0,,
2026-05-16T00:05:33.764213,clean,naive,{'bins': 5},94,2,2,ok,188,282,0.022217998281121254,0.7232705904170871,0.7569575887173414,5,7,10,0,,
2026-05-16T00:05:34.453438,clean,naive,{'bins': 5},94,3,2,ok,282,376,0.02239190600812435,0.6247335495427251,0.6586632151156664,5,7,10,0,,
2026-05-16T00:05:35.170026,clean,naive,{'bins': 5},94,4,2,ok,376,470,0.022395603358745575,0.6496639829128981,0.6835779696702957,5,7,10,0,,
2026-05-16T00:05:35.929569,clean,naive,{'bins': 5},95,0,2,ok,0,95,0.022595488466322422,0.69186941254884,0.7261676611378789,5,7,10,0,,
2026-05-16T00:05:36.718439,clean,naive,{'bins': 5},95,1,2,ok,95,190,0.022584548220038414,0.7227963283658028,0.7570316288620234,5,7,10,0,,
2026-05-16T00:05:37.529527,clean,naive,{'bins': 5},95,2,2,ok,190,285,0.022685757838189602,0.7429398419335485,0.7771739792078733,5,7,10,0,,
2026-05-16T00:05:38.257906,clean,naive,{'bins': 5},95,3,2,ok,285,380,0.023781496100127697,0.6602234151214361,0.6958331363275647,5,7,10,0,,
2026-05-16T00:05:38.974216,clean,naive,{'bins': 5},95,4,2,ok,380,475,0.023356037214398384,0.6449175076559186,0.6799712153151631,5,7,10,0,,
2026-05-16T00:05:39.767801,clean,naive,{'bins': 5},96,0,2,ok,0,96,0.026955115608870983,0.7048467649146914,0.755620607174933,5,7,10,0,,
2026-05-16T00:05:40.550499,clean,naive,{'bins': 5},96,1,2,ok,96,192,0.02541088592261076,0.7111558262258768,0.7489560013636947,5,7,10,0,,
2026-05-16T00:05:41.440760,clean,naive,{'bins': 5},96,2,2,ok,192,288,0.023539571091532707,0.8216467667371035,0.8570079710334539,5,7,10,0,,
2026-05-16T00:05:42.190764,clean,naive,{'bins': 5},96,3,2,ok,288,384,0.022761681117117405,0.6831610267981887,0.7176796291023493,5,7,10,0,,
2026-05-16T00:05:42.921290,clean,naive,{'bins': 5},96,4,2,ok,384,480,0.022959912195801735,0.661350061185658,0.6966363452374935,5,7,10,0,,
2026-05-16T00:05:43.694923,clean,naive,{'bins': 5},97,0,2,ok,0,97,0.022975231520831585,0.7038336331024766,0.7392606511712074,5,7,10,0,,
2026-05-16T00:05:44.490523,clean,naive,{'bins': 5},97,1,2,ok,97,194,0.023141734302043915,0.7255918784067035,0.7617049245163798,5,7,10,0,,
2026-05-16T00:05:45.315348,clean,naive,{'bins': 5},97,2,2,ok,194,291,0.023166782222688198,0.755169440060854,0.7911500781774521,5,7,10,0,,
2026-05-16T00:05:46.141327,clean,naive,{'bins': 5},97,3,2,ok,291,388,0.023039923049509525,0.7566043650731444,0.7917105406522751,5,7,10,0,,
2026-05-16T00:05:46.933798,clean,naive,{'bins': 5},97,4,2,ok,388,485,0.023604582995176315,0.7216672785580158,0.7580737452954054,5,7,10,0,,
2026-05-16T00:05:47.721103,clean,naive,{'bins': 5},98,0,2,ok,0,98,0.02357886452227831,0.7141222255304456,0.7517882892861962,5,7,10,0,,
2026-05-16T00:05:48.490694,clean,naive,{'bins': 5},98,1,2,ok,98,196,0.02355838753283024,0.6994788637384772,0.735179285518825,5,7,10,0,,
2026-05-16T00:05:49.320954,clean,naive,{'bins': 5},98,2,2,ok,196,294,0.023321532644331455,0.7605716763064265,0.7966314740478992,5,7,10,0,,
2026-05-16T00:05:50.154189,clean,naive,{'bins': 5},98,3,2,ok,294,392,0.023297477513551712,0.7624806817620993,0.7988802082836628,5,7,10,0,,
2026-05-16T00:05:50.907684,clean,naive,{'bins': 5},98,4,2,ok,392,490,0.023345687426626682,0.6824667220935225,0.7189073748886585,5,7,10,0,,
2026-05-16T00:05:51.749971,clean,naive,{'bins': 5},99,0,2,ok,0,99,0.0235824603587389,0.7215333059430122,0.8061831519007683,5,7,10,0,,
2026-05-16T00:05:52.543137,clean,naive,{'bins': 5},99,1,2,ok,99,198,0.024848639965057373,0.7208841554820538,0.7589456215500832,5,7,10,0,,
2026-05-16T00:05:53.366090,clean,naive,{'bins': 5},99,2,2,ok,198,297,0.02450783085078001,0.7508474830538034,0.7876752624288201,5,7,10,0,,
2026-05-16T00:05:54.179760,clean,naive,{'bins': 5},99,3,2,ok,297,396,0.024601947516202927,0.741671989671886,0.7785014621913433,5,7,10,0,,
2026-05-16T00:05:54.915929,clean,naive,{'bins': 5},99,4,2,ok,396,495,0.02443872019648552,0.662721237167716,0.6992978537455201,5,7,10,0,,
2026-05-16T00:05:55.796379,clean,naive,{'bins': 5},100,0,2,ok,0,100,0.024700661189854145,0.7439797949045897,0.8450647694990039,5,7,10,0,,
2026-05-16T00:05:56.577992,clean,naive,{'bins': 5},100,1,2,ok,100,200,0.024037626571953297,0.709912589751184,0.7462585242465138,5,7,10,0,,
2026-05-16T00:05:57.419722,clean,naive,{'bins': 5},100,2,2,ok,200,300,0.025132383219897747,0.7696442669257522,0.8073102096095681,5,7,10,0,,
2026-05-16T00:05:58.241098,clean,naive,{'bins': 5},100,3,2,ok,300,400,0.024531383998692036,0.7497481079772115,0.7865753956139088,5,7,10,0,,
2026-05-16T00:05:58.991671,clean,naive,{'bins': 5},100,4,2,ok,400,500,0.024699700064957142,0.678239231929183,0.7152668572962284,5,7,10,0,,
2026-05-16T00:05:59.047276,clean,sax,"{'w': 144, 'bins': 5}",1,0,2,ok,0,1,0.011816873215138912,0.0008458290249109268,0.012867758050560951,5,10,9,0,,
2026-05-16T00:05:59.060377,clean,sax,"{'w': 144, 'bins': 5}",1,1,2,ok,1,2,0.011123891919851303,0.0007306523621082306,0.01200946606695652,5,10,9,0,,
2026-05-16T00:05:59.073212,clean,sax,"{'w': 144, 'bins': 5}",1,2,2,ok,2,3,0.010858213528990746,0.0007202327251434326,0.011748585850000381,5,10,9,0,,
2026-05-16T00:05:59.085999,clean,sax,"{'w': 144, 'bins': 5}",1,3,2,ok,3,4,0.01094894390553236,0.000727115198969841,0.011831842362880707,5,10,9,0,,
2026-05-16T00:05:59.098560,clean,sax,"{'w': 144, 'bins': 5}",1,4,2,ok,4,5,0.0107598090544343,0.0007207728922367096,0.011631214991211891,5,10,9,0,,
2026-05-16T00:05:59.143319,clean,sax,"{'w': 144, 'bins': 5}",2,0,2,ok,0,2,0.021391667425632477,0.0013425620272755623,0.022965874522924423,5,10,9,0,,
2026-05-16T00:05:59.169490,clean,sax,"{'w': 144, 'bins': 5}",2,1,2,ok,2,4,0.02120957523584366,0.0009652329608798027,0.02238387055695057,5,10,9,0,,
2026-05-16T00:05:59.193167,clean,sax,"{'w': 144, 'bins': 5}",2,2,2,ok,4,6,0.021286098286509514,0.0009509557858109474,0.022439254447817802,5,10,9,0,,
2026-05-16T00:05:59.218393,clean,sax,"{'w': 144, 'bins': 5}",2,3,2,ok,6,8,0.021206469275057316,0.002707916311919689,0.02411547303199768,5,15,15,0,,
2026-05-16T00:05:59.245337,clean,sax,"{'w': 144, 'bins': 5}",2,4,2,ok,8,10,0.02124981116503477,0.00429365411400795,0.02574772946536541,5,18,19,0,,
2026-05-16T00:05:59.300229,clean,sax,"{'w': 144, 'bins': 5}",3,0,2,ok,0,3,0.03138452582061291,0.0012392979115247726,0.032906314358115196,5,10,9,0,,
2026-05-16T00:05:59.334425,clean,sax,"{'w': 144, 'bins': 5}",3,1,2,ok,3,6,0.031371310353279114,0.0013949712738394737,0.0330183245241642,5,10,9,0,,
2026-05-16T00:05:59.370988,clean,sax,"{'w': 144, 'bins': 5}",3,2,2,ok,6,9,0.03155199997127056,0.0035131387412548065,0.03532148990780115,5,12,12,0,,
2026-05-16T00:05:59.412131,clean,sax,"{'w': 144, 'bins': 5}",3,3,2,ok,9,12,0.03363733645528555,0.006053337827324867,0.040100765414536,5,16,17,0,,
2026-05-16T00:05:59.450714,clean,sax,"{'w': 144, 'bins': 5}",3,4,2,ok,12,15,0.03195459768176079,0.005116168409585953,0.037332247011363506,5,8,10,0,,
2026-05-16T00:05:59.517675,clean,sax,"{'w': 144, 'bins': 5}",4,0,2,ok,0,4,0.042030539363622665,0.0014365175738930702,0.043800804764032364,5,10,9,0,,
2026-05-16T00:05:59.568695,clean,sax,"{'w': 144, 'bins': 5}",4,1,2,ok,4,8,0.041958064772188663,0.0075149331241846085,0.049780385568737984,5,11,12,0,,
2026-05-16T00:05:59.618936,clean,sax,"{'w': 144, 'bins': 5}",4,2,2,ok,8,12,0.041997989639639854,0.00663834810256958,0.04895231034606695,5,12,13,0,,
2026-05-16T00:05:59.667818,clean,sax,"{'w': 144, 'bins': 5}",4,3,2,ok,12,16,0.041969647631049156,0.005437061190605164,0.04774106666445732,5,9,10,0,,
2026-05-16T00:05:59.713065,clean,sax,"{'w': 144, 'bins': 5}",4,4,2,ok,16,20,0.04211302660405636,0.0014113206416368484,0.043863313272595406,5,10,9,0,,
2026-05-16T00:05:59.788635,clean,sax,"{'w': 144, 'bins': 5}",5,0,2,ok,0,5,0.05184816010296345,0.00170188769698143,0.0539946723729372,5,10,9,0,,
2026-05-16T00:05:59.850583,clean,sax,"{'w': 144, 'bins': 5}",5,1,2,ok,5,10,0.05221609119325876,0.007909085601568222,0.06051076017320156,5,7,8,0,,
2026-05-16T00:05:59.910067,clean,sax,"{'w': 144, 'bins': 5}",5,2,2,ok,10,15,0.05248269159346819,0.005186871625483036,0.05806942470371723,5,11,12,0,,
2026-05-16T00:05:59.967398,clean,sax,"{'w': 144, 'bins': 5}",5,3,2,ok,15,20,0.052484285086393356,0.002920234575867653,0.05577795021235943,5,11,11,0,,
2026-05-16T00:06:00.025558,clean,sax,"{'w': 144, 'bins': 5}",5,4,2,ok,20,25,0.052239214070141315,0.004071466624736786,0.056700071319937706,5,14,15,0,,
2026-05-16T00:06:00.112494,clean,sax,"{'w': 144, 'bins': 5}",6,0,2,ok,0,6,0.06259527523070574,0.002156429924070835,0.06526023987680674,5,10,9,0,,
2026-05-16T00:06:00.185734,clean,sax,"{'w': 144, 'bins': 5}",6,1,2,ok,6,12,0.06270358804613352,0.008452415466308594,0.07169026602059603,5,7,8,0,,
2026-05-16T00:06:00.257388,clean,sax,"{'w': 144, 'bins': 5}",6,2,2,ok,12,18,0.06318922992795706,0.006377018056809902,0.07003719266504049,5,9,10,0,,
2026-05-16T00:06:00.326796,clean,sax,"{'w': 144, 'bins': 5}",6,3,2,ok,18,24,0.06270141340792179,0.004860559478402138,0.06803823821246624,5,9,11,0,,
2026-05-16T00:06:00.398554,clean,sax,"{'w': 144, 'bins': 5}",6,4,2,ok,24,30,0.06309688836336136,0.006795912981033325,0.07038758043199778,5,14,15,0,,
2026-05-16T00:06:00.503128,clean,sax,"{'w': 144, 'bins': 5}",7,0,2,ok,0,7,0.07289937790483236,0.008684840053319931,0.08213123586028814,5,10,11,0,,
2026-05-16T00:06:00.587854,clean,sax,"{'w': 144, 'bins': 5}",7,1,2,ok,7,14,0.0740895327180624,0.008310087956488132,0.08305811788886786,5,12,13,0,,
2026-05-16T00:06:00.673705,clean,sax,"{'w': 144, 'bins': 5}",7,2,2,ok,14,21,0.07327385153621435,0.01029006764292717,0.08408794272691011,5,15,18,0,,
2026-05-16T00:06:00.752725,clean,sax,"{'w': 144, 'bins': 5}",7,3,2,ok,21,28,0.07271681632846594,0.004259911365807056,0.07744609843939543,5,12,12,0,,
2026-05-16T00:06:00.830749,clean,sax,"{'w': 144, 'bins': 5}",7,4,2,ok,28,35,0.07348027732223272,0.002286123111844063,0.07622553408145905,5,10,9,0,,
2026-05-16T00:06:00.947409,clean,sax,"{'w': 144, 'bins': 5}",8,0,2,ok,0,8,0.08347428869456053,0.010216900147497654,0.09423861745744944,5,7,8,0,,
2026-05-16T00:06:01.043277,clean,sax,"{'w': 144, 'bins': 5}",8,1,2,ok,8,16,0.08315698243677616,0.010181321762502193,0.09386309050023556,5,7,9,0,,
2026-05-16T00:06:01.134380,clean,sax,"{'w': 144, 'bins': 5}",8,2,2,ok,16,24,0.08385877124965191,0.004944606684148312,0.08932362496852875,5,11,12,0,,
2026-05-16T00:06:01.226006,clean,sax,"{'w': 144, 'bins': 5}",8,3,2,ok,24,32,0.08410232979804277,0.004833056591451168,0.08944550435990095,5,12,12,0,,
2026-05-16T00:06:01.319324,clean,sax,"{'w': 144, 'bins': 5}",8,4,2,ok,32,40,0.0831219581887126,0.0077079469338059425,0.09135162457823753,5,13,14,0,,
2026-05-16T00:06:01.447658,clean,sax,"{'w': 144, 'bins': 5}",9,0,2,ok,0,9,0.09434537775814533,0.01112547516822815,0.10607260279357433,5,7,8,0,,
2026-05-16T00:06:01.553148,clean,sax,"{'w': 144, 'bins': 5}",9,1,2,ok,9,18,0.09382956754416227,0.009202715009450912,0.1036174613982439,5,11,13,0,,
2026-05-16T00:06:01.659087,clean,sax,"{'w': 144, 'bins': 5}",9,2,2,ok,18,27,0.09374029189348221,0.0095603559166193,0.10395270213484764,5,15,17,0,,
2026-05-16T00:06:01.760935,clean,sax,"{'w': 144, 'bins': 5}",9,3,2,ok,27,36,0.09425063896924257,0.0051798587664961815,0.10007737204432487,5,12,12,0,,
2026-05-16T00:06:01.866332,clean,sax,"{'w': 144, 'bins': 5}",9,4,2,ok,36,45,0.0946430154144764,0.008361213840544224,0.103627840988338,5,14,16,0,,
2026-05-16T00:06:02.006312,clean,sax,"{'w': 144, 'bins': 5}",10,0,2,ok,0,10,0.10590449627488852,0.010616949759423733,0.11771927680820227,5,7,8,0,,
2026-05-16T00:06:02.123417,clean,sax,"{'w': 144, 'bins': 5}",10,1,2,ok,10,20,0.10571257583796978,0.007850284688174725,0.11493507772684097,5,9,10,0,,
2026-05-16T00:06:02.245545,clean,sax,"{'w': 144, 'bins': 5}",10,2,2,ok,20,30,0.1061645857989788,0.0126897431910038,0.12004583701491356,5,15,17,0,,
2026-05-16T00:06:02.363909,clean,sax,"{'w': 144, 'bins': 5}",10,3,2,ok,30,40,0.10629845783114433,0.008413202129304409,0.11595646757632494,5,13,14,0,,
2026-05-16T00:06:02.489768,clean,sax,"{'w': 144, 'bins': 5}",10,4,2,ok,40,50,0.10829894430935383,0.014176325872540474,0.12390341237187386,5,10,12,0,,
2026-05-16T00:06:02.643945,clean,sax,"{'w': 144, 'bins': 5}",11,0,2,ok,0,11,0.11704914830625057,0.010981174185872078,0.12915348168462515,5,7,8,0,,
2026-05-16T00:06:02.775091,clean,sax,"{'w': 144, 'bins': 5}",11,1,2,ok,11,22,0.1167185278609395,0.010387791320681572,0.12837406992912292,5,5,7,0,,
2026-05-16T00:06:02.901050,clean,sax,"{'w': 144, 'bins': 5}",11,2,2,ok,22,33,0.11700575705617666,0.005753377452492714,0.12377149518579245,5,12,12,0,,
2026-05-16T00:06:03.033038,clean,sax,"{'w': 144, 'bins': 5}",11,3,2,ok,33,44,0.11628780886530876,0.011953580193221569,0.12935719545930624,5,14,16,0,,
2026-05-16T00:06:03.159931,clean,sax,"{'w': 144, 'bins': 5}",11,4,2,ok,44,55,0.11646685563027859,0.0071510011330246925,0.1246575191617012,5,12,13,0,,
2026-05-16T00:06:03.326078,clean,sax,"{'w': 144, 'bins': 5}",12,0,2,ok,0,12,0.12749704159796238,0.01185003574937582,0.1407269397750497,5,7,8,0,,
2026-05-16T00:06:03.471296,clean,sax,"{'w': 144, 'bins': 5}",12,1,2,ok,12,24,0.12946348544210196,0.011945154517889023,0.1427891831845045,5,5,7,0,,
2026-05-16T00:06:03.608227,clean,sax,"{'w': 144, 'bins': 5}",12,2,2,ok,24,36,0.12718972470611334,0.006031939759850502,0.13434166740626097,5,12,12,0,,
2026-05-16T00:06:03.749827,clean,sax,"{'w': 144, 'bins': 5}",12,3,2,ok,36,48,0.12684621941298246,0.011235733516514301,0.13920514192432165,5,9,12,0,,
2026-05-16T00:06:03.890007,clean,sax,"{'w': 144, 'bins': 5}",12,4,2,ok,48,60,0.12581162713468075,0.010851570405066013,0.13776895496994257,5,10,11,0,,
2026-05-16T00:06:04.070596,clean,sax,"{'w': 144, 'bins': 5}",13,0,2,ok,0,13,0.13819575682282448,0.01288660243153572,0.15348826814442873,5,8,9,0,,
2026-05-16T00:06:04.225863,clean,sax,"{'w': 144, 'bins': 5}",13,1,2,ok,13,26,0.13722499273717403,0.014201522804796696,0.15267126355320215,5,15,18,0,,
2026-05-16T00:06:04.492406,clean,sax,"{'w': 144, 'bins': 5}",13,2,2,ok,26,39,0.13644824363291264,0.011177494190633297,0.2640894968062639,5,14,15,0,,
2026-05-16T00:06:04.652514,clean,sax,"{'w': 144, 'bins': 5}",13,3,2,ok,39,52,0.1397506957873702,0.016013466753065586,0.15747904311865568,5,10,12,0,,
2026-05-16T00:06:04.809595,clean,sax,"{'w': 144, 'bins': 5}",13,4,2,ok,52,65,0.137356068007648,0.015842584893107414,0.1543248686939478,5,13,15,0,,
2026-05-16T00:06:04.997524,clean,sax,"{'w': 144, 'bins': 5}",14,0,2,ok,0,14,0.14815705548971891,0.013432268053293228,0.1630706051364541,5,8,9,0,,
2026-05-16T00:06:05.165828,clean,sax,"{'w': 144, 'bins': 5}",14,1,2,ok,14,28,0.14887424185872078,0.014700288884341717,0.16542876418679953,5,15,18,0,,
2026-05-16T00:06:05.334403,clean,sax,"{'w': 144, 'bins': 5}",14,2,2,ok,28,42,0.14845632668584585,0.01271667331457138,0.16288541723042727,5,14,16,0,,
2026-05-16T00:06:05.498479,clean,sax,"{'w': 144, 'bins': 5}",14,3,2,ok,42,56,0.14776286482810974,0.012334175407886505,0.16130918730050325,5,15,17,0,,
2026-05-16T00:06:05.674062,clean,sax,"{'w': 144, 'bins': 5}",14,4,2,ok,56,70,0.15133672580122948,0.02004887443035841,0.17274989373981953,5,6,8,0,,
2026-05-16T00:06:05.878327,clean,sax,"{'w': 144, 'bins': 5}",15,0,2,ok,0,15,0.1593828983604908,0.016546557657420635,0.17771570105105639,5,4,7,0,,
2026-05-16T00:06:06.056621,clean,sax,"{'w': 144, 'bins': 5}",15,1,2,ok,15,30,0.1587052857503295,0.015315745957195759,0.17535267304629087,5,15,18,0,,
2026-05-16T00:06:06.231414,clean,sax,"{'w': 144, 'bins': 5}",15,2,2,ok,30,45,0.15766575373709202,0.013249935582280159,0.17217804957181215,5,14,16,0,,
2026-05-16T00:06:06.406677,clean,sax,"{'w': 144, 'bins': 5}",15,3,2,ok,45,60,0.15806689765304327,0.012940123677253723,0.1722960826009512,5,15,17,0,,
2026-05-16T00:06:06.594092,clean,sax,"{'w': 144, 'bins': 5}",15,4,2,ok,60,75,0.15677842684090137,0.02651968877762556,0.18456671759486198,5,6,10,0,,
2026-05-16T00:06:06.807999,clean,sax,"{'w': 144, 'bins': 5}",16,0,2,ok,0,16,0.17009931709617376,0.018254154361784458,0.18988574855029583,5,7,9,0,,
2026-05-16T00:06:06.994938,clean,sax,"{'w': 144, 'bins': 5}",16,1,2,ok,16,32,0.1692520948126912,0.01302833016961813,0.1835951842367649,5,15,17,0,,
2026-05-16T00:06:07.180962,clean,sax,"{'w': 144, 'bins': 5}",16,2,2,ok,32,48,0.16836010944098234,0.013461533933877945,0.18315285351127386,5,9,12,0,,
2026-05-16T00:06:07.378009,clean,sax,"{'w': 144, 'bins': 5}",16,3,2,ok,48,64,0.16920080967247486,0.023636863566935062,0.19419498182833195,5,7,10,0,,
2026-05-16T00:06:07.577137,clean,sax,"{'w': 144, 'bins': 5}",16,4,2,ok,64,80,0.1694822171702981,0.024899935349822044,0.196036109700799,5,9,12,0,,
2026-05-16T00:06:07.804438,clean,sax,"{'w': 144, 'bins': 5}",17,0,2,ok,0,17,0.18194233905524015,0.01880722399801016,0.20239212829619646,5,7,9,0,,
2026-05-16T00:06:08.002788,clean,sax,"{'w': 144, 'bins': 5}",17,1,2,ok,17,34,0.17933927103877068,0.013783457688987255,0.1946517201140523,5,15,17,0,,
2026-05-16T00:06:08.203529,clean,sax,"{'w': 144, 'bins': 5}",17,2,2,ok,34,51,0.18211639672517776,0.014088010415434837,0.197744008153677,5,9,12,0,,
2026-05-16T00:06:08.406321,clean,sax,"{'w': 144, 'bins': 5}",17,3,2,ok,51,68,0.17852830793708563,0.019761474803090096,0.19967779982835054,5,11,13,0,,
2026-05-16T00:06:08.602798,clean,sax,"{'w': 144, 'bins': 5}",17,4,2,ok,68,85,0.17945962585508823,0.012277398258447647,0.1933426009491086,5,6,8,0,,
2026-05-16T00:06:08.841238,clean,sax,"{'w': 144, 'bins': 5}",18,0,2,ok,0,18,0.19223352801054716,0.01950198784470558,0.2133878404274583,5,7,9,0,,
2026-05-16T00:06:09.052078,clean,sax,"{'w': 144, 'bins': 5}",18,1,2,ok,18,36,0.18921279534697533,0.01677906420081854,0.20758753642439842,5,15,18,0,,
2026-05-16T00:06:09.259069,clean,sax,"{'w': 144, 'bins': 5}",18,2,2,ok,36,54,0.1882521715015173,0.014358658343553543,0.20406951941549778,5,9,12,0,,
2026-05-16T00:06:09.474843,clean,sax,"{'w': 144, 'bins': 5}",18,3,2,ok,54,72,0.18921893555670977,0.02196658682078123,0.2126551540568471,5,9,12,0,,
2026-05-16T00:06:09.685358,clean,sax,"{'w': 144, 'bins': 5}",18,4,2,ok,72,90,0.18814070988446474,0.017605336382985115,0.20737393386662006,5,8,10,0,,
2026-05-16T00:06:09.930316,clean,sax,"{'w': 144, 'bins': 5}",19,0,2,ok,0,19,0.19823192432522774,0.019839823246002197,0.2193809663876891,5,7,9,0,,
2026-05-16T00:06:10.155823,clean,sax,"{'w': 144, 'bins': 5}",19,1,2,ok,19,38,0.20207109488546848,0.01835603639483452,0.22209651581943035,5,16,18,0,,
2026-05-16T00:06:10.377559,clean,sax,"{'w': 144, 'bins': 5}",19,2,2,ok,38,57,0.20087048970162868,0.016157726757228374,0.21835466753691435,5,11,14,0,,
2026-05-16T00:06:10.611935,clean,sax,"{'w': 144, 'bins': 5}",19,3,2,ok,57,76,0.2000741744413972,0.029324335977435112,0.2308789910748601,5,4,7,0,,
2026-05-16T00:06:10.836972,clean,sax,"{'w': 144, 'bins': 5}",19,4,2,ok,76,95,0.1991363624110818,0.020959355868399143,0.22140503767877817,5,10,13,0,,
2026-05-16T00:06:11.095520,clean,sax,"{'w': 144, 'bins': 5}",20,0,2,ok,0,20,0.21011585369706154,0.02062020916491747,0.23236944060772657,5,7,9,0,,
2026-05-16T00:06:11.329358,clean,sax,"{'w': 144, 'bins': 5}",20,1,2,ok,20,40,0.21031475812196732,0.018570789135992527,0.2303834604099393,5,16,18,0,,
2026-05-16T00:06:11.558930,clean,sax,"{'w': 144, 'bins': 5}",20,2,2,ok,40,60,0.20984561648219824,0.014660455286502838,0.22597950883209705,5,16,18,0,,
2026-05-16T00:06:11.808704,clean,sax,"{'w': 144, 'bins': 5}",20,3,2,ok,60,80,0.21264339238405228,0.03168713394552469,0.24599509220570326,5,6,10,0,,
2026-05-16T00:06:12.041323,clean,sax,"{'w': 144, 'bins': 5}",20,4,2,ok,80,100,0.21050345245748758,0.01710325200110674,0.22910423763096333,5,7,9,0,,
2026-05-16T00:06:12.318838,clean,sax,"{'w': 144, 'bins': 5}",21,0,2,ok,0,21,0.21918449737131596,0.030468454584479332,0.2512278500944376,5,7,10,0,,
2026-05-16T00:06:12.560476,clean,sax,"{'w': 144, 'bins': 5}",21,1,2,ok,21,42,0.21980574261397123,0.01677483506500721,0.23826853837817907,5,14,16,0,,
2026-05-16T00:06:12.802052,clean,sax,"{'w': 144, 'bins': 5}",21,2,2,ok,42,63,0.22015257645398378,0.016222849488258362,0.23795245680958033,5,15,17,0,,
2026-05-16T00:06:13.062214,clean,sax,"{'w': 144, 'bins': 5}",21,3,2,ok,63,84,0.22014009207487106,0.035028550773859024,0.2569284774363041,5,5,9,0,,
2026-05-16T00:06:13.303652,clean,sax,"{'w': 144, 'bins': 5}",21,4,2,ok,84,105,0.21880784910172224,0.017920076847076416,0.23825730755925179,5,7,9,0,,
2026-05-16T00:06:13.588611,clean,sax,"{'w': 144, 'bins': 5}",22,0,2,ok,0,22,0.22729420755058527,0.031079843640327454,0.2601943500339985,5,7,10,0,,
2026-05-16T00:06:13.840133,clean,sax,"{'w': 144, 'bins': 5}",22,1,2,ok,22,44,0.22875546291470528,0.01743626780807972,0.2478472702205181,5,14,16,0,,
2026-05-16T00:06:14.096998,clean,sax,"{'w': 144, 'bins': 5}",22,2,2,ok,44,66,0.2321928283199668,0.019114691764116287,0.2532958434894681,5,14,16,0,,
2026-05-16T00:06:14.361614,clean,sax,"{'w': 144, 'bins': 5}",22,3,2,ok,66,88,0.22995282243937254,0.02963416837155819,0.2612403854727745,5,9,12,0,,
2026-05-16T00:06:14.615762,clean,sax,"{'w': 144, 'bins': 5}",22,4,2,ok,88,110,0.2291641402989626,0.019390368834137917,0.25028941687196493,5,7,9,0,,
2026-05-16T00:06:14.916119,clean,sax,"{'w': 144, 'bins': 5}",23,0,2,ok,0,23,0.23958191741257906,0.032541919499635696,0.27385021932423115,5,7,10,0,,
2026-05-16T00:06:15.178228,clean,sax,"{'w': 144, 'bins': 5}",23,1,2,ok,23,46,0.23822188284248114,0.018193330615758896,0.25813776813447475,5,14,16,0,,
2026-05-16T00:06:15.443834,clean,sax,"{'w': 144, 'bins': 5}",23,2,2,ok,46,69,0.2386872163042426,0.021263587288558483,0.2618064880371094,5,8,11,0,,
2026-05-16T00:06:15.718552,clean,sax,"{'w': 144, 'bins': 5}",23,3,2,ok,69,92,0.2402614112943411,0.028922761790454388,0.27088704239577055,5,9,12,0,,
2026-05-16T00:06:15.991260,clean,sax,"{'w': 144, 'bins': 5}",23,4,2,ok,92,115,0.23884560447186232,0.02785166073590517,0.2685312395915389,5,11,15,0,,
2026-05-16T00:06:16.302549,clean,sax,"{'w': 144, 'bins': 5}",24,0,2,ok,0,24,0.2499590665102005,0.034175907261669636,0.2859271802008152,5,7,10,0,,
2026-05-16T00:06:16.577838,clean,sax,"{'w': 144, 'bins': 5}",24,1,2,ok,24,48,0.25052338652312756,0.01892707869410515,0.2712187971919775,5,15,17,0,,
2026-05-16T00:06:16.868857,clean,sax,"{'w': 144, 'bins': 5}",24,2,2,ok,48,72,0.25359898433089256,0.03163448628038168,0.28727388195693493,5,7,10,0,,
2026-05-16T00:06:17.157601,clean,sax,"{'w': 144, 'bins': 5}",24,3,2,ok,72,96,0.2503163777291775,0.032831063494086266,0.2849062643945217,5,6,10,0,,
2026-05-16T00:06:17.441672,clean,sax,"{'w': 144, 'bins': 5}",24,4,2,ok,96,120,0.24985708575695753,0.028469101525843143,0.2801065407693386,5,11,15,0,,
2026-05-16T00:06:17.765298,clean,sax,"{'w': 144, 'bins': 5}",25,0,2,ok,0,25,0.26070390827953815,0.03446786664426327,0.29711962305009365,5,7,10,0,,
2026-05-16T00:06:18.050066,clean,sax,"{'w': 144, 'bins': 5}",25,1,2,ok,25,50,0.25940115097910166,0.019594421610236168,0.2808481929823756,5,15,17,0,,
2026-05-16T00:06:18.352568,clean,sax,"{'w': 144, 'bins': 5}",25,2,2,ok,50,75,0.2616980643942952,0.03508218005299568,0.29864976555109024,5,4,7,0,,
2026-05-16T00:06:18.643787,clean,sax,"{'w': 144, 'bins': 5}",25,3,2,ok,75,100,0.26031576935201883,0.02522925566881895,0.28744919039309025,5,10,13,0,,
2026-05-16T00:06:18.943165,clean,sax,"{'w': 144, 'bins': 5}",25,4,2,ok,100,125,0.2602743012830615,0.03326160181313753,0.2955491244792938,5,6,9,0,,
2026-05-16T00:06:19.276631,clean,sax,"{'w': 144, 'bins': 5}",26,0,2,ok,0,26,0.2709032744169235,0.03533868212252855,0.30816295463591814,5,7,10,0,,
2026-05-16T00:06:19.572448,clean,sax,"{'w': 144, 'bins': 5}",26,1,2,ok,26,52,0.26999660208821297,0.01992119662463665,0.29172166530042887,5,15,17,0,,
2026-05-16T00:06:19.888056,clean,sax,"{'w': 144, 'bins': 5}",26,2,2,ok,52,78,0.27005340717732906,0.039251131005585194,0.3113351622596383,5,6,10,0,,
2026-05-16T00:06:20.190638,clean,sax,"{'w': 144, 'bins': 5}",26,3,2,ok,78,104,0.2698061428964138,0.026481888256967068,0.298191636800766,5,9,12,0,,
2026-05-16T00:06:20.505287,clean,sax,"{'w': 144, 'bins': 5}",26,4,2,ok,104,130,0.27056705206632614,0.03612705413252115,0.30865725316107273,5,12,17,0,,
2026-05-16T00:06:20.852728,clean,sax,"{'w': 144, 'bins': 5}",27,0,2,ok,0,27,0.2816652972251177,0.036449698731303215,0.3202381432056427,5,7,10,0,,
2026-05-16T00:06:21.158735,clean,sax,"{'w': 144, 'bins': 5}",27,1,2,ok,27,54,0.27927241288125515,0.020363175310194492,0.30176149029284716,5,15,17,0,,
2026-05-16T00:06:21.485835,clean,sax,"{'w': 144, 'bins': 5}",27,2,2,ok,54,81,0.28235151525586843,0.038408517837524414,0.32285685185343027,5,6,10,0,,
2026-05-16T00:06:21.795985,clean,sax,"{'w': 144, 'bins': 5}",27,3,2,ok,81,108,0.2823288328945637,0.021564331836998463,0.3059260528534651,5,7,9,0,,
2026-05-16T00:06:22.119902,clean,sax,"{'w': 144, 'bins': 5}",27,4,2,ok,108,135,0.28226068522781134,0.03450869210064411,0.31944039463996887,5,12,17,0,,
2026-05-16T00:06:22.474558,clean,sax,"{'w': 144, 'bins': 5}",28,0,2,ok,0,28,0.2896931655704975,0.03720085043460131,0.3289417717605829,5,7,10,0,,
2026-05-16T00:06:22.794195,clean,sax,"{'w': 144, 'bins': 5}",28,1,2,ok,28,56,0.2905905991792679,0.022281138226389885,0.31491000670939684,5,15,17,0,,
2026-05-16T00:06:23.130490,clean,sax,"{'w': 144, 'bins': 5}",28,2,2,ok,56,84,0.2902407329529524,0.03939259611070156,0.33175728749483824,5,6,10,0,,
2026-05-16T00:06:23.443940,clean,sax,"{'w': 144, 'bins': 5}",28,3,2,ok,84,112,0.28925255686044693,0.018006970174610615,0.3093534493818879,5,7,10,0,,
2026-05-16T00:06:23.785453,clean,sax,"{'w': 144, 'bins': 5}",28,4,2,ok,112,140,0.28971175011247396,0.045244527980685234,0.3371320739388466,5,6,10,0,,
2026-05-16T00:06:24.151186,clean,sax,"{'w': 144, 'bins': 5}",29,0,2,ok,0,29,0.30048342142254114,0.03798523359000683,0.3405468473210931,5,7,10,0,,
2026-05-16T00:06:24.482005,clean,sax,"{'w': 144, 'bins': 5}",29,1,2,ok,29,58,0.30125387758016586,0.022932151332497597,0.32626451179385185,5,15,17,0,,
2026-05-16T00:06:24.834484,clean,sax,"{'w': 144, 'bins': 5}",29,2,2,ok,58,87,0.3027935391291976,0.04274380020797253,0.3478846484795213,5,6,10,0,,
2026-05-16T00:06:25.176706,clean,sax,"{'w': 144, 'bins': 5}",29,3,2,ok,87,116,0.3026680741459131,0.032686872407794,0.3375022988766432,5,11,15,0,,
2026-05-16T00:06:25.517995,clean,sax,"{'w': 144, 'bins': 5}",29,4,2,ok,116,145,0.30003388598561287,0.03427473362535238,0.3365001054480672,5,6,9,0,,
2026-05-16T00:06:25.898441,clean,sax,"{'w': 144, 'bins': 5}",30,0,2,ok,0,30,0.31167586240917444,0.039494737051427364,0.3536965837702155,5,7,10,0,,
2026-05-16T00:06:26.238997,clean,sax,"{'w': 144, 'bins': 5}",30,1,2,ok,30,60,0.309636571444571,0.023692017421126366,0.3354226117953658,5,15,17,0,,
2026-05-16T00:06:26.599312,clean,sax,"{'w': 144, 'bins': 5}",30,2,2,ok,60,90,0.31481115985661745,0.03890915773808956,0.355808830820024,5,7,11,0,,
2026-05-16T00:06:26.950426,clean,sax,"{'w': 144, 'bins': 5}",30,3,2,ok,90,120,0.3109727706760168,0.03365339804440737,0.346644570119679,5,11,15,0,,
2026-05-16T00:06:27.304303,clean,sax,"{'w': 144, 'bins': 5}",30,4,2,ok,120,150,0.3115529306232929,0.035583351738750935,0.3493257351219654,5,6,9,0,,
2026-05-16T00:06:27.701034,clean,sax,"{'w': 144, 'bins': 5}",31,0,2,ok,0,31,0.3246716605499387,0.0415207939222455,0.3687463402748108,5,7,10,0,,
2026-05-16T00:06:28.062471,clean,sax,"{'w': 144, 'bins': 5}",31,1,2,ok,31,62,0.32599360309541225,0.02659956831485033,0.35535504948347807,5,12,14,0,,
2026-05-16T00:06:28.438314,clean,sax,"{'w': 144, 'bins': 5}",31,2,2,ok,62,93,0.326940412633121,0.04174167849123478,0.3712115315720439,5,6,10,0,,
2026-05-16T00:06:28.815490,clean,sax,"{'w': 144, 'bins': 5}",31,3,2,ok,93,124,0.32381909899413586,0.04505971912294626,0.37155675888061523,5,6,10,0,,
2026-05-16T00:06:29.182523,clean,sax,"{'w': 144, 'bins': 5}",31,4,2,ok,124,155,0.32446692511439323,0.03532155975699425,0.36215753480792046,5,6,9,0,,
2026-05-16T00:06:29.585773,clean,sax,"{'w': 144, 'bins': 5}",32,0,2,ok,0,32,0.3325656168162823,0.04126619454473257,0.3761278036981821,5,7,10,0,,
2026-05-16T00:06:29.952584,clean,sax,"{'w': 144, 'bins': 5}",32,1,2,ok,32,64,0.3331700023263693,0.025415834970772266,0.36125747486948967,5,15,17,0,,
2026-05-16T00:06:30.332498,clean,sax,"{'w': 144, 'bins': 5}",32,2,2,ok,64,96,0.3325412515550852,0.040192228741943836,0.3749168599024415,5,7,11,0,,
2026-05-16T00:06:30.713596,clean,sax,"{'w': 144, 'bins': 5}",32,3,2,ok,96,128,0.3347014179453254,0.039583164267241955,0.3764475341886282,5,16,20,0,,
2026-05-16T00:06:31.093714,clean,sax,"{'w': 144, 'bins': 5}",32,4,2,ok,128,160,0.3319659810513258,0.04074014723300934,0.37509935349226,5,5,9,0,,
2026-05-16T00:06:31.512244,clean,sax,"{'w': 144, 'bins': 5}",33,0,2,ok,0,33,0.34671343863010406,0.042064604349434376,0.39146750420331955,5,7,10,0,,
2026-05-16T00:06:31.886618,clean,sax,"{'w': 144, 'bins': 5}",33,1,2,ok,33,66,0.3417504169046879,0.025376832112669945,0.3694140939041972,5,15,17,0,,
2026-05-16T00:06:32.278167,clean,sax,"{'w': 144, 'bins': 5}",33,2,2,ok,66,99,0.3428277699276805,0.041392531245946884,0.3867183933034539,5,7,11,0,,
2026-05-16T00:06:32.670879,clean,sax,"{'w': 144, 'bins': 5}",33,3,2,ok,99,132,0.34317226614803076,0.04165923409163952,0.3872660733759403,5,16,20,0,,
2026-05-16T00:06:33.061040,clean,sax,"{'w': 144, 'bins': 5}",33,4,2,ok,132,165,0.3412218950688839,0.04168845806270838,0.3854235131293535,5,5,9,0,,
2026-05-16T00:06:33.489813,clean,sax,"{'w': 144, 'bins': 5}",34,0,2,ok,0,34,0.35418557189404964,0.04394470527768135,0.40083182137459517,5,7,10,0,,
2026-05-16T00:06:33.884536,clean,sax,"{'w': 144, 'bins': 5}",34,1,2,ok,34,68,0.3588149668648839,0.02639136742800474,0.3887202739715576,5,15,17,0,,
2026-05-16T00:06:34.295561,clean,sax,"{'w': 144, 'bins': 5}",34,2,2,ok,68,102,0.35910182539373636,0.04286971688270569,0.4055501138791442,5,6,10,0,,
2026-05-16T00:06:34.700265,clean,sax,"{'w': 144, 'bins': 5}",34,3,2,ok,102,136,0.35416355077177286,0.043195147998631,0.3998415833339095,5,12,17,0,,
2026-05-16T00:06:35.091147,clean,sax,"{'w': 144, 'bins': 5}",34,4,2,ok,136,170,0.3520674342289567,0.03172902297228575,0.3862972240895033,5,8,11,0,,
2026-05-16T00:06:35.530438,clean,sax,"{'w': 144, 'bins': 5}",35,0,2,ok,0,35,0.36498215049505234,0.04415541235357523,0.4119218420237303,5,7,10,0,,
2026-05-16T00:06:35.941966,clean,sax,"{'w': 144, 'bins': 5}",35,1,2,ok,35,70,0.36869008373469114,0.0321285929530859,0.40403356589376926,5,14,16,0,,
2026-05-16T00:06:36.377571,clean,sax,"{'w': 144, 'bins': 5}",35,2,2,ok,70,105,0.3722243020310998,0.05182627867907286,0.42768287286162376,5,6,10,0,,
2026-05-16T00:06:36.797892,clean,sax,"{'w': 144, 'bins': 5}",35,3,2,ok,105,140,0.3698514048010111,0.040797474794089794,0.41455397475510836,5,12,17,0,,
2026-05-16T00:06:37.222218,clean,sax,"{'w': 144, 'bins': 5}",35,4,2,ok,140,175,0.3704664008691907,0.04399844631552696,0.4179496727883816,5,9,12,0,,
2026-05-16T00:06:37.687370,clean,sax,"{'w': 144, 'bins': 5}",36,0,2,ok,0,36,0.382755883038044,0.04585766978561878,0.43194459844380617,5,7,10,0,,
2026-05-16T00:06:38.108733,clean,sax,"{'w': 144, 'bins': 5}",36,1,2,ok,36,72,0.3776982743293047,0.03354693669825792,0.41497303172945976,5,7,10,0,,
2026-05-16T00:06:38.542871,clean,sax,"{'w': 144, 'bins': 5}",36,2,2,ok,72,108,0.3799705123528838,0.045014734379947186,0.4284727768972516,5,6,10,0,,
2026-05-16T00:06:38.972831,clean,sax,"{'w': 144, 'bins': 5}",36,3,2,ok,108,144,0.3787956740707159,0.041832598857581615,0.42381122149527073,5,12,17,0,,
2026-05-16T00:06:39.406415,clean,sax,"{'w': 144, 'bins': 5}",36,4,2,ok,144,180,0.3787838527932763,0.042767103761434555,0.4271649606525898,5,8,11,0,,
2026-05-16T00:06:39.869717,clean,sax,"{'w': 144, 'bins': 5}",37,0,2,ok,0,37,0.3878609212115407,0.04440825525671244,0.43533505499362946,5,7,11,0,,
2026-05-16T00:06:40.301391,clean,sax,"{'w': 144, 'bins': 5}",37,1,2,ok,37,74,0.3854686366394162,0.037398590706288815,0.42567542288452387,5,9,12,0,,
2026-05-16T00:06:40.747115,clean,sax,"{'w': 144, 'bins': 5}",37,2,2,ok,74,111,0.3897011764347553,0.04510790016502142,0.4377487674355507,5,6,10,0,,
2026-05-16T00:06:41.189391,clean,sax,"{'w': 144, 'bins': 5}",37,3,2,ok,111,148,0.38819119054824114,0.044615366496145725,0.43568036425858736,5,12,17,0,,
2026-05-16T00:06:41.620415,clean,sax,"{'w': 144, 'bins': 5}",37,4,2,ok,148,185,0.3933041039854288,0.028315631672739983,0.4253029739484191,5,8,11,0,,
2026-05-16T00:06:42.099260,clean,sax,"{'w': 144, 'bins': 5}",38,0,2,ok,0,38,0.3958484213799238,0.049210566096007824,0.4483423447236419,5,8,12,0,,
2026-05-16T00:06:42.544395,clean,sax,"{'w': 144, 'bins': 5}",38,1,2,ok,38,76,0.4032085156068206,0.03287238162010908,0.43975203204900026,5,8,11,0,,
2026-05-16T00:06:42.998284,clean,sax,"{'w': 144, 'bins': 5}",38,2,2,ok,76,114,0.4033959489315748,0.04145311564207077,0.4481053911149502,5,7,11,0,,
2026-05-16T00:06:43.465010,clean,sax,"{'w': 144, 'bins': 5}",38,3,2,ok,114,152,0.40278055239468813,0.053931281901896,0.46051944606006145,5,6,10,0,,
2026-05-16T00:06:43.924404,clean,sax,"{'w': 144, 'bins': 5}",38,4,2,ok,152,190,0.4003992294892669,0.04885121062397957,0.4530191384255886,5,12,16,0,,
2026-05-16T00:06:44.420986,clean,sax,"{'w': 144, 'bins': 5}",39,0,2,ok,0,39,0.41197772696614265,0.05198512692004442,0.46788473054766655,5,8,12,0,,
2026-05-16T00:06:44.878733,clean,sax,"{'w': 144, 'bins': 5}",39,1,2,ok,39,78,0.4138117702677846,0.03336562681943178,0.4511577934026718,5,8,11,0,,
2026-05-16T00:06:45.341747,clean,sax,"{'w': 144, 'bins': 5}",39,2,2,ok,78,117,0.4080289099365473,0.04344351403415203,0.4548889109864831,5,7,11,0,,
2026-05-16T00:06:45.807556,clean,sax,"{'w': 144, 'bins': 5}",39,3,2,ok,117,156,0.4126776522025466,0.04247011709958315,0.45918361842632294,5,8,11,0,,
2026-05-16T00:06:46.259046,clean,sax,"{'w': 144, 'bins': 5}",39,4,2,ok,156,195,0.4134884737432003,0.028927390463650227,0.44539380725473166,5,8,11,0,,
2026-05-16T00:06:46.765880,clean,sax,"{'w': 144, 'bins': 5}",40,0,2,ok,0,40,0.4175542201846838,0.05198861286044121,0.4730540681630373,5,8,12,0,,
2026-05-16T00:06:47.236670,clean,sax,"{'w': 144, 'bins': 5}",40,1,2,ok,40,80,0.41595764085650444,0.045999033376574516,0.4648910667747259,5,7,12,0,,
2026-05-16T00:06:47.700800,clean,sax,"{'w': 144, 'bins': 5}",40,2,2,ok,80,120,0.4152122614905238,0.04008397553116083,0.45826742704957724,5,11,15,0,,
2026-05-16T00:06:48.182576,clean,sax,"{'w': 144, 'bins': 5}",40,3,2,ok,120,160,0.4152311971411109,0.057072401978075504,0.4752784864977002,5,3,6,0,,
2026-05-16T00:06:48.644955,clean,sax,"{'w': 144, 'bins': 5}",40,4,2,ok,160,200,0.41968545224517584,0.0334730576723814,0.4564757514744997,5,8,12,0,,
2026-05-16T00:06:49.158566,clean,sax,"{'w': 144, 'bins': 5}",41,0,2,ok,0,41,0.429478595033288,0.05296891462057829,0.4856461873278022,5,8,12,0,,
2026-05-16T00:06:49.645534,clean,sax,"{'w': 144, 'bins': 5}",41,1,2,ok,41,82,0.42739686742424965,0.05050870403647423,0.4810520298779011,5,4,7,0,,
2026-05-16T00:06:50.131817,clean,sax,"{'w': 144, 'bins': 5}",41,2,2,ok,82,123,0.42894654627889395,0.04775648470968008,0.47987691313028336,5,6,10,0,,
2026-05-16T00:06:50.622876,clean,sax,"{'w': 144, 'bins': 5}",41,3,2,ok,123,164,0.42796945106238127,0.05176979210227728,0.4830035548657179,5,5,9,0,,
2026-05-16T00:06:51.109955,clean,sax,"{'w': 144, 'bins': 5}",41,4,2,ok,164,205,0.4298524474725127,0.0468074232339859,0.480140988714993,5,8,13,0,,
2026-05-16T00:06:51.633332,clean,sax,"{'w': 144, 'bins': 5}",42,0,2,ok,0,42,0.44206578750163317,0.048857743851840496,0.49429759848862886,5,7,11,0,,
2026-05-16T00:06:52.131653,clean,sax,"{'w': 144, 'bins': 5}",42,1,2,ok,42,84,0.4404311776161194,0.048380326479673386,0.4922333210706711,5,7,12,0,,
2026-05-16T00:06:52.627373,clean,sax,"{'w': 144, 'bins': 5}",42,2,2,ok,84,126,0.44034645799547434,0.04533505719155073,0.48917118925601244,5,16,20,0,,
2026-05-16T00:06:53.129723,clean,sax,"{'w': 144, 'bins': 5}",42,3,2,ok,126,168,0.44142057467252016,0.05094407219439745,0.4959527663886547,5,5,9,0,,
2026-05-16T00:06:53.631405,clean,sax,"{'w': 144, 'bins': 5}",42,4,2,ok,168,210,0.44460754096508026,0.046696324832737446,0.49518741946667433,5,8,13,0,,
2026-05-16T00:06:54.174186,clean,sax,"{'w': 144, 'bins': 5}",43,0,2,ok,0,43,0.45342380832880735,0.05556219629943371,0.5126593336462975,5,8,12,0,,
2026-05-16T00:06:54.687542,clean,sax,"{'w': 144, 'bins': 5}",43,1,2,ok,43,86,0.4538105558604002,0.0494266115128994,0.506989374756813,5,7,12,0,,
2026-05-16T00:06:55.197475,clean,sax,"{'w': 144, 'bins': 5}",43,2,2,ok,86,129,0.45289379358291626,0.04627339914441109,0.5028101149946451,5,16,20,0,,
2026-05-16T00:06:55.716951,clean,sax,"{'w': 144, 'bins': 5}",43,3,2,ok,129,172,0.45691314339637756,0.05232500657439232,0.5129285305738449,5,4,7,0,,
2026-05-16T00:06:56.235905,clean,sax,"{'w': 144, 'bins': 5}",43,4,2,ok,172,215,0.4563794704154134,0.051760876551270485,0.5119795277714729,5,13,18,0,,
2026-05-16T00:06:56.785008,clean,sax,"{'w': 144, 'bins': 5}",44,0,2,ok,0,44,0.4654118353500962,0.05183744989335537,0.5210749506950378,5,7,11,0,,
2026-05-16T00:06:57.312924,clean,sax,"{'w': 144, 'bins': 5}",44,1,2,ok,44,88,0.4658759767189622,0.050991480238735676,0.5211658403277397,5,7,12,0,,
2026-05-16T00:06:57.832582,clean,sax,"{'w': 144, 'bins': 5}",44,2,2,ok,88,132,0.4653636747971177,0.04340535216033459,0.5127306571230292,5,14,18,0,,
2026-05-16T00:06:58.360053,clean,sax,"{'w': 144, 'bins': 5}",44,3,2,ok,132,176,0.4653199836611748,0.051145450212061405,0.5204760255292058,5,7,12,0,,
2026-05-16T00:06:58.888446,clean,sax,"{'w': 144, 'bins': 5}",44,4,2,ok,176,220,0.46437221206724644,0.05132798291742802,0.5195566276088357,5,13,18,0,,
2026-05-16T00:06:59.516637,clean,sax,"{'w': 144, 'bins': 5}",45,0,2,ok,0,45,0.4742821054533124,0.05284170527011156,0.531248047016561,5,7,11,0,,
2026-05-16T00:07:00.056690,clean,sax,"{'w': 144, 'bins': 5}",45,1,2,ok,45,90,0.4774938374757767,0.05168858915567398,0.5333034666255116,5,7,12,0,,
2026-05-16T00:07:00.587449,clean,sax,"{'w': 144, 'bins': 5}",45,2,2,ok,90,135,0.4748862497508526,0.04457833617925644,0.5236536832526326,5,14,18,0,,
2026-05-16T00:07:01.119766,clean,sax,"{'w': 144, 'bins': 5}",45,3,2,ok,135,180,0.47546411491930485,0.045159658417105675,0.5248550605028868,5,9,13,0,,
2026-05-16T00:07:01.659392,clean,sax,"{'w': 144, 'bins': 5}",45,4,2,ok,180,225,0.47972772270441055,0.048791869543492794,0.5326604293659329,5,6,11,0,,
2026-05-16T00:07:02.245449,clean,sax,"{'w': 144, 'bins': 5}",46,0,2,ok,0,46,0.49338007532060146,0.0593703081831336,0.5577474581077695,5,8,12,0,,
2026-05-16T00:07:02.802275,clean,sax,"{'w': 144, 'bins': 5}",46,1,2,ok,46,92,0.48986679688096046,0.055823225528001785,0.5498787397518754,5,4,7,0,,
2026-05-16T00:07:03.354573,clean,sax,"{'w': 144, 'bins': 5}",46,2,2,ok,92,138,0.4879868542775512,0.05279040988534689,0.5451320530846715,5,16,20,0,,
2026-05-16T00:07:03.879056,clean,sax,"{'w': 144, 'bins': 5}",46,3,2,ok,138,184,0.48203615937381983,0.03204850386828184,0.5175723824650049,5,8,11,0,,
2026-05-16T00:07:04.414426,clean,sax,"{'w': 144, 'bins': 5}",46,4,2,ok,184,230,0.48163703829050064,0.04315350018441677,0.5282627195119858,5,7,11,0,,
2026-05-16T00:07:05.002499,clean,sax,"{'w': 144, 'bins': 5}",47,0,2,ok,0,47,0.49561053328216076,0.059456851333379745,0.5595053695142269,5,8,12,0,,
2026-05-16T00:07:05.564725,clean,sax,"{'w': 144, 'bins': 5}",47,1,2,ok,47,94,0.49519092589616776,0.05571946129202843,0.5548371318727732,5,6,10,0,,
2026-05-16T00:07:06.121476,clean,sax,"{'w': 144, 'bins': 5}",47,2,2,ok,94,141,0.4935859004035592,0.05016247369349003,0.5481054373085499,5,16,20,0,,
2026-05-16T00:07:06.660151,clean,sax,"{'w': 144, 'bins': 5}",47,3,2,ok,141,188,0.49170498829334974,0.034992242231965065,0.5303438091650605,5,8,11,0,,
2026-05-16T00:07:07.223058,clean,sax,"{'w': 144, 'bins': 5}",47,4,2,ok,188,235,0.501911829225719,0.04873139597475529,0.5557507388293743,5,6,11,0,,
2026-05-16T00:07:07.825419,clean,sax,"{'w': 144, 'bins': 5}",48,0,2,ok,0,48,0.5074611408635974,0.060406615026295185,0.5722738709300756,5,8,12,0,,
2026-05-16T00:07:08.400295,clean,sax,"{'w': 144, 'bins': 5}",48,1,2,ok,48,96,0.5058057922869921,0.05730916652828455,0.5672892285510898,5,4,7,0,,
2026-05-16T00:07:08.968232,clean,sax,"{'w': 144, 'bins': 5}",48,2,2,ok,96,144,0.504618582315743,0.052024971693754196,0.5603980859741569,5,16,20,0,,
2026-05-16T00:07:09.524457,clean,sax,"{'w': 144, 'bins': 5}",48,3,2,ok,144,192,0.509128793142736,0.03524290304630995,0.5485489116981626,5,8,11,0,,
2026-05-16T00:07:10.094197,clean,sax,"{'w': 144, 'bins': 5}",48,4,2,ok,192,240,0.5076630897819996,0.0510221878066659,0.5624579135328531,5,6,11,0,,
2026-05-16T00:07:10.714652,clean,sax,"{'w': 144, 'bins': 5}",49,0,2,ok,0,49,0.5206909896805882,0.06281459704041481,0.5877981279045343,5,8,12,0,,
2026-05-16T00:07:11.312260,clean,sax,"{'w': 144, 'bins': 5}",49,1,2,ok,49,98,0.519125928170979,0.0644819475710392,0.5880404124036431,5,6,10,0,,
2026-05-16T00:07:11.889546,clean,sax,"{'w': 144, 'bins': 5}",49,2,2,ok,98,147,0.5166988205164671,0.047156037762761116,0.5677473796531558,5,14,18,0,,
2026-05-16T00:07:12.458820,clean,sax,"{'w': 144, 'bins': 5}",49,3,2,ok,147,196,0.5213613398373127,0.03571889642626047,0.561542546376586,5,8,11,0,,
2026-05-16T00:07:13.041745,clean,sax,"{'w': 144, 'bins': 5}",49,4,2,ok,196,245,0.5163935162127018,0.05538428109139204,0.5755779957398772,5,8,14,0,,
2026-05-16T00:07:13.665394,clean,sax,"{'w': 144, 'bins': 5}",50,0,2,ok,0,50,0.5266086030751467,0.06312409788370132,0.5940465945750475,5,8,12,0,,
2026-05-16T00:07:14.269751,clean,sax,"{'w': 144, 'bins': 5}",50,1,2,ok,50,100,0.5268537243828177,0.06414961535483599,0.595519901253283,5,7,11,0,,
2026-05-16T00:07:14.849934,clean,sax,"{'w': 144, 'bins': 5}",50,2,2,ok,100,150,0.5235357424244285,0.04446933139115572,0.5720145143568516,5,14,17,0,,
2026-05-16T00:07:15.437902,clean,sax,"{'w': 144, 'bins': 5}",50,3,2,ok,150,200,0.5311090350151062,0.04130340553820133,0.5792607627809048,5,8,12,0,,
2026-05-16T00:07:16.037780,clean,sax,"{'w': 144, 'bins': 5}",50,4,2,ok,200,250,0.5279752984642982,0.05970920529216528,0.5918605979532003,5,7,10,0,,
2026-05-16T00:07:16.680231,clean,sax,"{'w': 144, 'bins': 5}",51,0,2,ok,0,51,0.5401562582701445,0.0639007966965437,0.6088659269735217,5,8,12,0,,
2026-05-16T00:07:17.301437,clean,sax,"{'w': 144, 'bins': 5}",51,1,2,ok,51,102,0.5408054664731026,0.06575010158121586,0.6128531163558364,5,7,11,0,,
2026-05-16T00:07:17.904014,clean,sax,"{'w': 144, 'bins': 5}",51,2,2,ok,102,153,0.5356118315830827,0.05465266667306423,0.5942021142691374,5,16,20,0,,
2026-05-16T00:07:18.503007,clean,sax,"{'w': 144, 'bins': 5}",51,3,2,ok,153,204,0.5442589540034533,0.04140250105410814,0.5903907865285873,5,8,12,0,,
2026-05-16T00:07:19.111823,clean,sax,"{'w': 144, 'bins': 5}",51,4,2,ok,204,255,0.5379578396677971,0.05924546346068382,0.6010705763474107,5,7,10,0,,
2026-05-16T00:07:19.766406,clean,sax,"{'w': 144, 'bins': 5}",52,0,2,ok,0,52,0.5503808818757534,0.06723219342529774,0.6242755083367229,5,8,12,0,,
2026-05-16T00:07:20.395887,clean,sax,"{'w': 144, 'bins': 5}",52,1,2,ok,52,104,0.5493461592122912,0.06680629402399063,0.6209549121558666,5,7,11,0,,
2026-05-16T00:07:21.006666,clean,sax,"{'w': 144, 'bins': 5}",52,2,2,ok,104,156,0.5431928113102913,0.054864405654370785,0.6021882556378841,5,16,20,0,,
2026-05-16T00:07:21.610304,clean,sax,"{'w': 144, 'bins': 5}",52,3,2,ok,156,208,0.5486710406839848,0.04155723191797733,0.5955113545060158,5,5,9,0,,
2026-05-16T00:07:22.229369,clean,sax,"{'w': 144, 'bins': 5}",52,4,2,ok,208,260,0.5446804156526923,0.06095761898905039,0.6097295889630914,5,7,10,0,,
2026-05-16T00:07:22.992078,clean,sax,"{'w': 144, 'bins': 5}",53,0,2,ok,0,53,0.5579829793423414,0.06474685482680798,0.7305205343291163,5,8,12,0,,
2026-05-16T00:07:23.628980,clean,sax,"{'w': 144, 'bins': 5}",53,1,2,ok,53,106,0.554498665034771,0.06987537909299135,0.6281671784818172,5,7,11,0,,
2026-05-16T00:07:24.258294,clean,sax,"{'w': 144, 'bins': 5}",53,2,2,ok,106,159,0.5597009360790253,0.05654865875840187,0.6203774278983474,5,6,9,0,,
2026-05-16T00:07:24.869349,clean,sax,"{'w': 144, 'bins': 5}",53,3,2,ok,159,212,0.5588174182921648,0.040290762670338154,0.6030768044292927,5,5,9,0,,
2026-05-16T00:07:25.492892,clean,sax,"{'w': 144, 'bins': 5}",53,4,2,ok,212,265,0.5515198297798634,0.06009387690573931,0.6153657650575042,5,7,10,0,,
2026-05-16T00:07:26.174760,clean,sax,"{'w': 144, 'bins': 5}",54,0,2,ok,0,54,0.5760842869058251,0.06791681051254272,0.6484704315662384,5,8,12,0,,
2026-05-16T00:07:26.819824,clean,sax,"{'w': 144, 'bins': 5}",54,1,2,ok,54,108,0.5690822564065456,0.06269801780581474,0.6362442784011364,5,7,11,0,,
2026-05-16T00:07:27.459067,clean,sax,"{'w': 144, 'bins': 5}",54,2,2,ok,108,162,0.5686007821932435,0.05832999385893345,0.631039572879672,5,6,9,0,,
2026-05-16T00:07:28.083667,clean,sax,"{'w': 144, 'bins': 5}",54,3,2,ok,162,216,0.5705391820520163,0.041171067394316196,0.6163747496902943,5,5,9,0,,
2026-05-16T00:07:28.729253,clean,sax,"{'w': 144, 'bins': 5}",54,4,2,ok,216,270,0.5697654588147998,0.06242144852876663,0.6369473887607455,5,7,10,0,,
2026-05-16T00:07:29.413023,clean,sax,"{'w': 144, 'bins': 5}",55,0,2,ok,0,55,0.5792927127331495,0.06778227724134922,0.6514656059443951,5,8,12,0,,
2026-05-16T00:07:30.069957,clean,sax,"{'w': 144, 'bins': 5}",55,1,2,ok,55,110,0.5800814041867852,0.0638471869751811,0.6482310015708208,5,7,11,0,,
2026-05-16T00:07:30.718456,clean,sax,"{'w': 144, 'bins': 5}",55,2,2,ok,110,165,0.575927373021841,0.05892313830554485,0.6392417885363102,5,6,9,0,,
2026-05-16T00:07:31.357501,clean,sax,"{'w': 144, 'bins': 5}",55,3,2,ok,165,220,0.5823125150054693,0.042388743720948696,0.6291872737929225,5,5,9,0,,
2026-05-16T00:07:32.016342,clean,sax,"{'w': 144, 'bins': 5}",55,4,2,ok,220,275,0.5827212827280164,0.06349279172718525,0.6505825892090797,5,7,10,0,,
2026-05-16T00:07:32.710123,clean,sax,"{'w': 144, 'bins': 5}",56,0,2,ok,0,56,0.5861459746956825,0.07024153601378202,0.6606209222227335,5,8,12,0,,
2026-05-16T00:07:33.353396,clean,sax,"{'w': 144, 'bins': 5}",56,1,2,ok,56,112,0.5887995585799217,0.039806583896279335,0.6330022187903523,5,8,13,0,,
2026-05-16T00:07:34.040181,clean,sax,"{'w': 144, 'bins': 5}",56,2,2,ok,112,168,0.5950881391763687,0.07467225752770901,0.6771653946489096,5,4,7,0,,
2026-05-16T00:07:34.689526,clean,sax,"{'w': 144, 'bins': 5}",56,3,2,ok,168,224,0.591171121224761,0.043893830850720406,0.6397803882136941,5,5,9,0,,
2026-05-16T00:07:35.361086,clean,sax,"{'w': 144, 'bins': 5}",56,4,2,ok,224,280,0.5930167799815536,0.06365932337939739,0.6615753341466188,5,7,10,0,,
2026-05-16T00:07:36.069808,clean,sax,"{'w': 144, 'bins': 5}",57,0,2,ok,0,57,0.5984644191339612,0.07176596950739622,0.6757559571415186,5,8,12,0,,
2026-05-16T00:07:36.739698,clean,sax,"{'w': 144, 'bins': 5}",57,1,2,ok,57,114,0.5985162789002061,0.054997225292027,0.6598370401188731,5,14,18,0,,
2026-05-16T00:07:37.411364,clean,sax,"{'w': 144, 'bins': 5}",57,2,2,ok,114,171,0.5968186799436808,0.061898306012153625,0.6633136188611388,5,7,12,0,,
2026-05-16T00:07:38.088260,clean,sax,"{'w': 144, 'bins': 5}",57,3,2,ok,171,228,0.5976035241037607,0.06556566338986158,0.6675447560846806,5,13,18,0,,
2026-05-16T00:07:38.763420,clean,sax,"{'w': 144, 'bins': 5}",57,4,2,ok,228,285,0.5932577010244131,0.06747717410326004,0.6655675722286105,5,7,10,0,,
2026-05-16T00:07:39.478716,clean,sax,"{'w': 144, 'bins': 5}",58,0,2,ok,0,58,0.6074234480038285,0.07119301427155733,0.683260734193027,5,8,12,0,,
2026-05-16T00:07:40.159642,clean,sax,"{'w': 144, 'bins': 5}",58,1,2,ok,58,116,0.6125036384910345,0.05472531355917454,0.6717085354030132,5,14,18,0,,
2026-05-16T00:07:40.851607,clean,sax,"{'w': 144, 'bins': 5}",58,2,2,ok,116,174,0.6100190626457334,0.06413120962679386,0.6815479667857289,5,7,12,0,,
2026-05-16T00:07:41.543845,clean,sax,"{'w': 144, 'bins': 5}",58,3,2,ok,174,232,0.606729774735868,0.06786835752427578,0.6824163366109133,5,13,18,0,,
2026-05-16T00:07:42.235659,clean,sax,"{'w': 144, 'bins': 5}",58,4,2,ok,232,290,0.6084877159446478,0.06901247706264257,0.6824069693684578,5,6,9,0,,
2026-05-16T00:07:42.962453,clean,sax,"{'w': 144, 'bins': 5}",59,0,2,ok,0,59,0.6173891955986619,0.07211511489003897,0.6939647179096937,5,8,12,0,,
2026-05-16T00:07:43.680387,clean,sax,"{'w': 144, 'bins': 5}",59,1,2,ok,59,118,0.6240017544478178,0.07927264738827944,0.7089759204536676,5,5,9,0,,
2026-05-16T00:07:44.379637,clean,sax,"{'w': 144, 'bins': 5}",59,2,2,ok,118,177,0.6161290677264333,0.06969953794032335,0.6901828236877918,5,4,7,0,,
2026-05-16T00:07:45.050125,clean,sax,"{'w': 144, 'bins': 5}",59,3,2,ok,177,236,0.6142921485006809,0.04236896522343159,0.6615905929356813,5,5,9,0,,
2026-05-16T00:07:45.758067,clean,sax,"{'w': 144, 'bins': 5}",59,4,2,ok,236,295,0.6219792664051056,0.07201660890132189,0.6987816737964749,5,6,9,0,,
2026-05-16T00:07:46.501424,clean,sax,"{'w': 144, 'bins': 5}",60,0,2,ok,0,60,0.63317078538239,0.07338773552328348,0.7117811189964414,5,8,12,0,,
2026-05-16T00:07:47.226343,clean,sax,"{'w': 144, 'bins': 5}",60,1,2,ok,60,120,0.6300860624760389,0.0813026512041688,0.7159590870141983,5,5,9,0,,
2026-05-16T00:07:47.915720,clean,sax,"{'w': 144, 'bins': 5}",60,2,2,ok,120,180,0.6314691994339228,0.042351434007287025,0.6800120612606406,5,4,7,0,,
2026-05-16T00:07:48.629618,clean,sax,"{'w': 144, 'bins': 5}",60,3,2,ok,180,240,0.6273581087589264,0.0722285183146596,0.70448605902493,5,5,9,0,,
2026-05-16T00:07:49.343513,clean,sax,"{'w': 144, 'bins': 5}",60,4,2,ok,240,300,0.632158194668591,0.06682349741458893,0.7034527184441686,5,7,10,0,,
2026-05-16T00:07:50.103419,clean,sax,"{'w': 144, 'bins': 5}",61,0,2,ok,0,61,0.6458730231970549,0.07597595732659101,0.7266842713579535,5,8,12,0,,
2026-05-16T00:07:50.845200,clean,sax,"{'w': 144, 'bins': 5}",61,1,2,ok,61,122,0.6450074268504977,0.082502874545753,0.7322017326951027,5,5,9,0,,
2026-05-16T00:07:51.543540,clean,sax,"{'w': 144, 'bins': 5}",61,2,2,ok,122,183,0.6411199755966663,0.04260767437517643,0.6887107193470001,5,4,7,0,,
2026-05-16T00:07:52.263538,clean,sax,"{'w': 144, 'bins': 5}",61,3,2,ok,183,244,0.6393486382439733,0.06695176754146814,0.7111210096627474,5,8,14,0,,
2026-05-16T00:07:53.006287,clean,sax,"{'w': 144, 'bins': 5}",61,4,2,ok,244,305,0.6507853688672185,0.07488990668207407,0.7333073103800416,5,6,9,0,,
2026-05-16T00:07:53.776157,clean,sax,"{'w': 144, 'bins': 5}",62,0,2,ok,0,62,0.6566210705786943,0.07572347205132246,0.7375674014911056,5,8,12,0,,
2026-05-16T00:07:54.529664,clean,sax,"{'w': 144, 'bins': 5}",62,1,2,ok,62,124,0.6495348298922181,0.08546422701328993,0.7430670503526926,5,5,9,0,,
2026-05-16T00:07:55.242145,clean,sax,"{'w': 144, 'bins': 5}",62,2,2,ok,124,186,0.6521400641649961,0.043978819623589516,0.701154600828886,5,4,7,0,,
2026-05-16T00:07:55.988452,clean,sax,"{'w': 144, 'bins': 5}",62,3,2,ok,186,248,0.6536298915743828,0.0782116949558258,0.7369236722588539,5,7,11,0,,
2026-05-16T00:07:56.721153,clean,sax,"{'w': 144, 'bins': 5}",62,4,2,ok,248,310,0.6517678443342447,0.06591994967311621,0.7228733832016587,5,8,12,0,,
2026-05-16T00:07:57.489185,clean,sax,"{'w': 144, 'bins': 5}",63,0,2,ok,0,63,0.6541516315191984,0.07659884542226791,0.7354646408930421,5,8,12,0,,
2026-05-16T00:07:58.253466,clean,sax,"{'w': 144, 'bins': 5}",63,1,2,ok,63,126,0.6643693316727877,0.08485094457864761,0.7542623365297914,5,5,9,0,,
2026-05-16T00:07:58.973817,clean,sax,"{'w': 144, 'bins': 5}",63,2,2,ok,126,189,0.6550783235579729,0.04667045548558235,0.7097487235441804,5,4,7,0,,
2026-05-16T00:07:59.718991,clean,sax,"{'w': 144, 'bins': 5}",63,3,2,ok,189,252,0.6596603775396943,0.07096849102526903,0.7357522016391158,5,7,11,0,,
2026-05-16T00:08:00.471178,clean,sax,"{'w': 144, 'bins': 5}",63,4,2,ok,252,315,0.6618726616725326,0.07572275027632713,0.7426384752616286,5,6,9,0,,
2026-05-16T00:08:01.258521,clean,sax,"{'w': 144, 'bins': 5}",64,0,2,ok,0,64,0.6708640409633517,0.0773061141371727,0.7532107718288898,5,8,12,0,,
2026-05-16T00:08:02.031987,clean,sax,"{'w': 144, 'bins': 5}",64,1,2,ok,64,128,0.6752151530236006,0.0821854593232274,0.7623107032850385,5,5,9,0,,
2026-05-16T00:08:02.777084,clean,sax,"{'w': 144, 'bins': 5}",64,2,2,ok,128,192,0.6798208337277174,0.04675084725022316,0.733973752707243,5,4,7,0,,
2026-05-16T00:08:03.544226,clean,sax,"{'w': 144, 'bins': 5}",64,3,2,ok,192,256,0.6690280921757221,0.08234324492514133,0.7561489399522543,5,7,11,0,,
2026-05-16T00:08:04.313847,clean,sax,"{'w': 144, 'bins': 5}",64,4,2,ok,256,320,0.6706597656011581,0.08293322380632162,0.7586182784289122,5,2,5,0,,
2026-05-16T00:08:05.118447,clean,sax,"{'w': 144, 'bins': 5}",65,0,2,ok,0,65,0.685594666749239,0.07943267934024334,0.7708686273545027,5,8,12,0,,
2026-05-16T00:08:05.909197,clean,sax,"{'w': 144, 'bins': 5}",65,1,2,ok,65,130,0.686808186583221,0.08558825869113207,0.7802250292152166,5,5,9,0,,
2026-05-16T00:08:06.659515,clean,sax,"{'w': 144, 'bins': 5}",65,2,2,ok,130,195,0.6874744985252619,0.04548010881990194,0.7399013750255108,5,4,7,0,,
2026-05-16T00:08:07.449630,clean,sax,"{'w': 144, 'bins': 5}",65,3,2,ok,195,260,0.6807685820385814,0.09207949135452509,0.7788770170882344,5,8,13,0,,
2026-05-16T00:08:08.254860,clean,sax,"{'w': 144, 'bins': 5}",65,4,2,ok,260,325,0.6884245621040463,0.09756236989051104,0.7934171371161938,5,2,5,0,,
2026-05-16T00:08:09.076189,clean,sax,"{'w': 144, 'bins': 5}",66,0,2,ok,0,66,0.6997661329805851,0.08049900084733963,0.7862980654463172,5,8,12,0,,
2026-05-16T00:08:09.876088,clean,sax,"{'w': 144, 'bins': 5}",66,1,2,ok,66,132,0.6982058929279447,0.08597876317799091,0.7901102062314749,5,5,9,0,,
2026-05-16T00:08:10.640530,clean,sax,"{'w': 144, 'bins': 5}",66,2,2,ok,132,198,0.6953521631658077,0.05056639201939106,0.7533420082181692,5,4,7,0,,
2026-05-16T00:08:11.443433,clean,sax,"{'w': 144, 'bins': 5}",66,3,2,ok,198,264,0.6929158670827746,0.09426385350525379,0.7925983490422368,5,8,13,0,,
2026-05-16T00:08:12.238363,clean,sax,"{'w': 144, 'bins': 5}",66,4,2,ok,264,330,0.6965603325515985,0.08269752003252506,0.7846200233325362,5,8,12,0,,
2026-05-16T00:08:13.085205,clean,sax,"{'w': 144, 'bins': 5}",67,0,2,ok,0,67,0.7059680726379156,0.08062691148370504,0.7921871775761247,5,8,12,0,,
2026-05-16T00:08:13.892187,clean,sax,"{'w': 144, 'bins': 5}",67,1,2,ok,67,134,0.7028761841356754,0.08745003584772348,0.795794471167028,5,5,9,0,,
2026-05-16T00:08:14.665129,clean,sax,"{'w': 144, 'bins': 5}",67,2,2,ok,134,201,0.7038011318072677,0.05202235747128725,0.761169670149684,5,5,9,0,,
2026-05-16T00:08:15.466955,clean,sax,"{'w': 144, 'bins': 5}",67,3,2,ok,201,268,0.7004208443686366,0.08461031224578619,0.7903066147118807,5,8,12,0,,
2026-05-16T00:08:16.281071,clean,sax,"{'w': 144, 'bins': 5}",67,4,2,ok,268,335,0.7088267300277948,0.0883384458720684,0.8025368247181177,5,2,5,0,,
2026-05-16T00:08:17.115103,clean,sax,"{'w': 144, 'bins': 5}",68,0,2,ok,0,68,0.7110022567212582,0.08303832169622183,0.7996591804549098,5,8,12,0,,
2026-05-16T00:08:17.927760,clean,sax,"{'w': 144, 'bins': 5}",68,1,2,ok,68,136,0.7114468514919281,0.08643006067723036,0.8026100629940629,5,5,9,0,,
2026-05-16T00:08:18.707068,clean,sax,"{'w': 144, 'bins': 5}",68,2,2,ok,136,204,0.712428885512054,0.05068071745336056,0.7687207525596023,5,5,9,0,,
2026-05-16T00:08:19.510366,clean,sax,"{'w': 144, 'bins': 5}",68,3,2,ok,204,272,0.7122066393494606,0.07530087791383266,0.7928850073367357,5,7,10,0,,
2026-05-16T00:08:20.334415,clean,sax,"{'w': 144, 'bins': 5}",68,4,2,ok,272,340,0.7189698908478022,0.08630398474633694,0.811344557441771,5,8,12,0,,
2026-05-16T00:08:21.189389,clean,sax,"{'w': 144, 'bins': 5}",69,0,2,ok,0,69,0.7280745320022106,0.08355275634676218,0.817797988653183,5,8,12,0,,
2026-05-16T00:08:22.020470,clean,sax,"{'w': 144, 'bins': 5}",69,1,2,ok,69,138,0.7220089100301266,0.08961322996765375,0.8179080346599221,5,5,9,0,,
2026-05-16T00:08:22.821559,clean,sax,"{'w': 144, 'bins': 5}",69,2,2,ok,138,207,0.7289811344817281,0.05378639046102762,0.7883492577821016,5,5,9,0,,
2026-05-16T00:08:23.671064,clean,sax,"{'w': 144, 'bins': 5}",69,3,2,ok,207,276,0.7332065002992749,0.0779795590788126,0.823293037712574,5,7,10,0,,
2026-05-16T00:08:24.512370,clean,sax,"{'w': 144, 'bins': 5}",69,4,2,ok,276,345,0.7262825863435864,0.07955760322511196,0.8119338545948267,5,9,13,0,,
2026-05-16T00:08:25.465406,clean,sax,"{'w': 144, 'bins': 5}",70,0,2,ok,0,70,0.7406957969069481,0.08621207159012556,0.8338096998631954,5,8,12,0,,
2026-05-16T00:08:26.370887,clean,sax,"{'w': 144, 'bins': 5}",70,1,2,ok,70,140,0.7342545194551349,0.08978938031941652,0.8300264654681087,5,5,9,0,,
2026-05-16T00:08:27.192026,clean,sax,"{'w': 144, 'bins': 5}",70,2,2,ok,140,210,0.734004769474268,0.050534142181277275,0.7902849642559886,5,5,9,0,,
2026-05-16T00:08:28.051149,clean,sax,"{'w': 144, 'bins': 5}",70,3,2,ok,210,280,0.7375564016401768,0.07935894001275301,0.8248590603470802,5,7,10,0,,
2026-05-16T00:08:28.985742,clean,sax,"{'w': 144, 'bins': 5}",70,4,2,ok,280,350,0.7371043311432004,0.09569677524268627,0.8384926561266184,5,9,14,0,,
2026-05-16T00:08:29.964579,clean,sax,"{'w': 144, 'bins': 5}",71,0,2,ok,0,71,0.7511644484475255,0.08876373432576656,0.8465136615559459,5,8,12,0,,
2026-05-16T00:08:30.833303,clean,sax,"{'w': 144, 'bins': 5}",71,1,2,ok,71,142,0.7478644512593746,0.09209186397492886,0.8461954230442643,5,5,9,0,,
2026-05-16T00:08:31.742813,clean,sax,"{'w': 144, 'bins': 5}",71,2,2,ok,142,213,0.7485883897170424,0.05371708981692791,0.8083416670560837,5,5,9,0,,
2026-05-16T00:08:32.585644,clean,sax,"{'w': 144, 'bins': 5}",71,3,2,ok,213,284,0.7425443986430764,0.07871257606893778,0.8298346549272537,5,7,10,0,,
2026-05-16T00:08:33.567636,clean,sax,"{'w': 144, 'bins': 5}",71,4,2,ok,284,355,0.7370971674099565,0.09293792396783829,0.835140380077064,5,3,7,0,,
2026-05-16T00:08:34.459651,clean,sax,"{'w': 144, 'bins': 5}",72,0,2,ok,0,72,0.7459443639963865,0.08653604984283447,0.837978070601821,5,8,12,0,,
2026-05-16T00:08:35.319312,clean,sax,"{'w': 144, 'bins': 5}",72,1,2,ok,72,144,0.7425566110759974,0.09092353004962206,0.8382086930796504,5,5,9,0,,
2026-05-16T00:08:36.221429,clean,sax,"{'w': 144, 'bins': 5}",72,2,2,ok,144,216,0.7484788252040744,0.12101356498897076,0.8750120773911476,5,5,9,0,,
2026-05-16T00:08:37.089547,clean,sax,"{'w': 144, 'bins': 5}",72,3,2,ok,216,288,0.7394407391548157,0.07920393906533718,0.8231533160433173,5,7,10,0,,
2026-05-16T00:08:37.936011,clean,sax,"{'w': 144, 'bins': 5}",72,4,2,ok,288,360,0.7409594310447574,0.08707463089376688,0.8325720364227891,5,3,7,0,,
2026-05-16T00:08:38.832674,clean,sax,"{'w': 144, 'bins': 5}",73,0,2,ok,0,73,0.7569539519026875,0.09277911484241486,0.8545702416449785,5,2,5,0,,
2026-05-16T00:08:39.667060,clean,sax,"{'w': 144, 'bins': 5}",73,1,2,ok,73,146,0.7514916528016329,0.06773584894835949,0.8238035868853331,5,10,15,0,,
2026-05-16T00:08:40.485041,clean,sax,"{'w': 144, 'bins': 5}",73,2,2,ok,146,219,0.7498974995687604,0.053215738385915756,0.8078045686706901,5,5,9,0,,
2026-05-16T00:08:41.340243,clean,sax,"{'w': 144, 'bins': 5}",73,3,2,ok,219,292,0.7598252361640334,0.08000124618411064,0.8446432687342167,5,7,10,0,,
2026-05-16T00:08:42.210692,clean,sax,"{'w': 144, 'bins': 5}",73,4,2,ok,292,365,0.7534624645486474,0.10168424155563116,0.8597482079640031,5,3,7,0,,
2026-05-16T00:08:43.103678,clean,sax,"{'w': 144, 'bins': 5}",74,0,2,ok,0,74,0.7611132236197591,0.09405913949012756,0.8597575947642326,5,2,5,0,,
2026-05-16T00:08:43.948433,clean,sax,"{'w': 144, 'bins': 5}",74,1,2,ok,74,148,0.760121620260179,0.06894896924495697,0.8337847534567118,5,10,15,0,,
2026-05-16T00:08:44.785884,clean,sax,"{'w': 144, 'bins': 5}",74,2,2,ok,148,222,0.7649851460009813,0.056921047158539295,0.8267900263890624,5,5,9,0,,
2026-05-16T00:08:45.645515,clean,sax,"{'w': 144, 'bins': 5}",74,3,2,ok,222,296,0.7629418894648552,0.08141478057950735,0.8491596402600408,5,7,10,0,,
2026-05-16T00:08:46.534274,clean,sax,"{'w': 144, 'bins': 5}",74,4,2,ok,296,370,0.7647253982722759,0.1061084009706974,0.8768400689586997,5,3,7,0,,
2026-05-16T00:08:47.456387,clean,sax,"{'w': 144, 'bins': 5}",75,0,2,ok,0,75,0.7831666646525264,0.09838699828833342,0.8868761193007231,5,2,5,0,,
2026-05-16T00:08:48.344823,clean,sax,"{'w': 144, 'bins': 5}",75,1,2,ok,75,150,0.7861674595624208,0.06995141040533781,0.8617266034707427,5,10,15,0,,
2026-05-16T00:08:49.201949,clean,sax,"{'w': 144, 'bins': 5}",75,2,2,ok,150,225,0.7837465535849333,0.05601754132658243,0.8453545439988375,5,5,9,0,,
2026-05-16T00:08:50.098960,clean,sax,"{'w': 144, 'bins': 5}",75,3,2,ok,225,300,0.7939146514981985,0.08435297012329102,0.8847449459135532,5,7,10,0,,
2026-05-16T00:08:50.988672,clean,sax,"{'w': 144, 'bins': 5}",75,4,2,ok,300,375,0.7932322695851326,0.07850135955959558,0.8780082138255239,5,15,19,0,,
2026-05-16T00:08:51.918722,clean,sax,"{'w': 144, 'bins': 5}",76,0,2,ok,0,76,0.7916658567264676,0.09785288386046886,0.8959136819466949,5,2,5,0,,
2026-05-16T00:08:52.798335,clean,sax,"{'w': 144, 'bins': 5}",76,1,2,ok,76,152,0.7918504038825631,0.06947179976850748,0.8669467177242041,5,14,18,0,,
2026-05-16T00:08:53.666660,clean,sax,"{'w': 144, 'bins': 5}",76,2,2,ok,152,228,0.7942644283175468,0.056121435947716236,0.8562744334340096,5,5,9,0,,
2026-05-16T00:08:54.572652,clean,sax,"{'w': 144, 'bins': 5}",76,3,2,ok,228,304,0.804646447300911,0.08418372180312872,0.8946017287671566,5,7,10,0,,
2026-05-16T00:08:55.456281,clean,sax,"{'w': 144, 'bins': 5}",76,4,2,ok,304,380,0.7888078903779387,0.07882547844201326,0.872972896322608,5,5,9,0,,
2026-05-16T00:08:56.390314,clean,sax,"{'w': 144, 'bins': 5}",77,0,2,ok,0,77,0.7966219149529934,0.09895610716193914,0.9012490529567003,5,2,5,0,,
2026-05-16T00:08:57.268528,clean,sax,"{'w': 144, 'bins': 5}",77,1,2,ok,77,154,0.7929755067452788,0.06892641540616751,0.8668758142739534,5,14,18,0,,
2026-05-16T00:08:58.147710,clean,sax,"{'w': 144, 'bins': 5}",77,2,2,ok,154,231,0.805411915294826,0.05738234333693981,0.8681523716077209,5,5,9,0,,
2026-05-16T00:08:59.056492,clean,sax,"{'w': 144, 'bins': 5}",77,3,2,ok,231,308,0.8024552119895816,0.08608939126133919,0.8957145884633064,5,7,10,0,,
2026-05-16T00:08:59.997061,clean,sax,"{'w': 144, 'bins': 5}",77,4,2,ok,308,385,0.8141529122367501,0.10733107663691044,0.9279650216922164,5,3,7,0,,
2026-05-16T00:09:00.959356,clean,sax,"{'w': 144, 'bins': 5}",78,0,2,ok,0,78,0.8202808108180761,0.10013818740844727,0.9265558142215014,5,2,5,0,,
2026-05-16T00:09:01.863466,clean,sax,"{'w': 144, 'bins': 5}",78,1,2,ok,78,156,0.8175734765827656,0.06742791086435318,0.891032706014812,5,14,17,0,,
2026-05-16T00:09:02.758640,clean,sax,"{'w': 144, 'bins': 5}",78,2,2,ok,156,234,0.8205830678343773,0.056126284413039684,0.8830290427431464,5,5,9,0,,
2026-05-16T00:09:03.690827,clean,sax,"{'w': 144, 'bins': 5}",78,3,2,ok,234,312,0.8261784380301833,0.08689377177506685,0.9201096668839455,5,7,10,0,,
2026-05-16T00:09:04.642070,clean,sax,"{'w': 144, 'bins': 5}",78,4,2,ok,312,390,0.8208171389997005,0.11144431214779615,0.9385902173817158,5,3,7,0,,
2026-05-16T00:09:05.628683,clean,sax,"{'w': 144, 'bins': 5}",79,0,2,ok,0,79,0.8327259048819542,0.10488693602383137,0.9508783956989646,5,2,5,0,,
2026-05-16T00:09:06.567481,clean,sax,"{'w': 144, 'bins': 5}",79,1,2,ok,79,158,0.8339765937998891,0.0846382761374116,0.9256217796355486,5,12,17,0,,
2026-05-16T00:09:07.481202,clean,sax,"{'w': 144, 'bins': 5}",79,2,2,ok,158,237,0.8344719344750047,0.05832939222455025,0.8997154626995325,5,5,9,0,,
2026-05-16T00:09:08.384327,clean,sax,"{'w': 144, 'bins': 5}",79,3,2,ok,237,316,0.834577601402998,0.04528534412384033,0.890799286775291,5,8,11,0,,
2026-05-16T00:09:09.335128,clean,sax,"{'w': 144, 'bins': 5}",79,4,2,ok,316,395,0.8309552501887083,0.1002259012311697,0.9385196343064308,5,5,9,0,,
2026-05-16T00:09:10.329870,clean,sax,"{'w': 144, 'bins': 5}",80,0,2,ok,0,80,0.8431833973154426,0.10338777117431164,0.9543918361887336,5,2,5,0,,
2026-05-16T00:09:11.273165,clean,sax,"{'w': 144, 'bins': 5}",80,1,2,ok,80,160,0.8372031236067414,0.08599480427801609,0.9290920374915004,5,12,17,0,,
2026-05-16T00:09:12.185272,clean,sax,"{'w': 144, 'bins': 5}",80,2,2,ok,160,240,0.8350928211584687,0.05848856084048748,0.8994521396234632,5,5,9,0,,
2026-05-16T00:09:13.092789,clean,sax,"{'w': 144, 'bins': 5}",80,3,2,ok,240,320,0.8422380518168211,0.04636113438755274,0.8954332107678056,5,8,11,0,,
2026-05-16T00:09:14.040597,clean,sax,"{'w': 144, 'bins': 5}",80,4,2,ok,320,400,0.8377419663593173,0.09199507161974907,0.9357785955071449,5,8,14,0,,
2026-05-16T00:09:15.039878,clean,sax,"{'w': 144, 'bins': 5}",81,0,2,ok,0,81,0.8505080128088593,0.10423165652900934,0.9619100857526064,5,2,5,0,,
2026-05-16T00:09:15.990247,clean,sax,"{'w': 144, 'bins': 5}",81,1,2,ok,81,162,0.846675124950707,0.08426533453166485,0.9373225858435035,5,12,17,0,,
2026-05-16T00:09:16.922745,clean,sax,"{'w': 144, 'bins': 5}",81,2,2,ok,162,243,0.8484664177522063,0.060556636191904545,0.9189444882795215,5,5,9,0,,
2026-05-16T00:09:17.841676,clean,sax,"{'w': 144, 'bins': 5}",81,3,2,ok,243,324,0.8485055007040501,0.047619447112083435,0.9039082368835807,5,8,11,0,,
2026-05-16T00:09:18.799769,clean,sax,"{'w': 144, 'bins': 5}",81,4,2,ok,324,405,0.851917271502316,0.0855402098968625,0.945752308703959,5,8,14,0,,
2026-05-16T00:09:19.808473,clean,sax,"{'w': 144, 'bins': 5}",82,0,2,ok,0,82,0.8573546633124352,0.1060017105191946,0.9706857483834028,5,2,5,0,,
2026-05-16T00:09:20.774679,clean,sax,"{'w': 144, 'bins': 5}",82,1,2,ok,82,164,0.8578835148364305,0.08831344824284315,0.9529339866712689,5,12,17,0,,
2026-05-16T00:09:21.714231,clean,sax,"{'w': 144, 'bins': 5}",82,2,2,ok,164,246,0.8613142892718315,0.059247707948088646,0.9266021717339754,5,5,9,0,,
2026-05-16T00:09:22.650062,clean,sax,"{'w': 144, 'bins': 5}",82,3,2,ok,246,328,0.869254763238132,0.04737030994147062,0.923345485702157,5,8,11,0,,
2026-05-16T00:09:23.614434,clean,sax,"{'w': 144, 'bins': 5}",82,4,2,ok,328,410,0.8597645778208971,0.08573485538363457,0.951622262597084,5,8,14,0,,
2026-05-16T00:09:24.635331,clean,sax,"{'w': 144, 'bins': 5}",83,0,2,ok,0,83,0.8737884685397148,0.10508362576365471,0.9857377782464027,5,2,5,0,,
2026-05-16T00:09:25.617276,clean,sax,"{'w': 144, 'bins': 5}",83,1,2,ok,83,166,0.8753261659294367,0.08652403671294451,0.9688766309991479,5,12,17,0,,
2026-05-16T00:09:26.607475,clean,sax,"{'w': 144, 'bins': 5}",83,2,2,ok,166,249,0.870197843760252,0.10055800620466471,0.9771727621555328,5,7,11,0,,
2026-05-16T00:09:27.606315,clean,sax,"{'w': 144, 'bins': 5}",83,3,2,ok,249,332,0.8702751388773322,0.10702190641313791,0.9842450749129057,5,2,5,0,,
2026-05-16T00:09:28.591311,clean,sax,"{'w': 144, 'bins': 5}",83,4,2,ok,332,415,0.870410312898457,0.09507367573678493,0.9720488879829645,5,5,9,0,,
2026-05-16T00:09:29.626658,clean,sax,"{'w': 144, 'bins': 5}",84,0,2,ok,0,84,0.886003851890564,0.10659162700176239,0.9992115749046206,5,2,5,0,,
2026-05-16T00:09:30.686964,clean,sax,"{'w': 144, 'bins': 5}",84,1,2,ok,84,168,0.9552125064656138,0.0869503878057003,1.0479829153046012,5,12,17,0,,
2026-05-16T00:09:31.682327,clean,sax,"{'w': 144, 'bins': 5}",84,2,2,ok,168,252,0.8783556669950485,0.09861152991652489,0.9825523961335421,5,7,11,0,,
2026-05-16T00:09:32.707958,clean,sax,"{'w': 144, 'bins': 5}",84,3,2,ok,252,336,0.8823464103043079,0.12281429674476385,1.0114038437604904,5,2,5,0,,
2026-05-16T00:09:33.716545,clean,sax,"{'w': 144, 'bins': 5}",84,4,2,ok,336,420,0.8838001610711217,0.10640598926693201,0.9968037512153387,5,5,9,0,,
2026-05-16T00:09:34.762444,clean,sax,"{'w': 144, 'bins': 5}",85,0,2,ok,0,85,0.8916672067716718,0.10837821383029222,1.009624632075429,5,2,5,0,,
2026-05-16T00:09:35.763780,clean,sax,"{'w': 144, 'bins': 5}",85,1,2,ok,85,170,0.8913195440545678,0.08980842679738998,0.987619873136282,5,12,17,0,,
2026-05-16T00:09:36.781958,clean,sax,"{'w': 144, 'bins': 5}",85,2,2,ok,170,255,0.8969846041873097,0.10113980807363987,1.0048269908875227,5,7,11,0,,
2026-05-16T00:09:37.801778,clean,sax,"{'w': 144, 'bins': 5}",85,3,2,ok,255,340,0.8883744031190872,0.10934129171073437,1.0041510220617056,5,2,5,0,,
2026-05-16T00:09:38.789814,clean,sax,"{'w': 144, 'bins': 5}",85,4,2,ok,340,425,0.8791890516877174,0.09013478923588991,0.9746392033994198,5,8,13,0,,
2026-05-16T00:09:39.829287,clean,sax,"{'w': 144, 'bins': 5}",86,0,2,ok,0,86,0.8889321405440569,0.1094196392223239,1.0038038501515985,5,2,5,0,,
2026-05-16T00:09:40.883392,clean,sax,"{'w': 144, 'bins': 5}",86,1,2,ok,86,172,0.8927737856283784,0.14214477315545082,1.0406589899212122,5,3,6,0,,
2026-05-16T00:09:41.894733,clean,sax,"{'w': 144, 'bins': 5}",86,2,2,ok,172,258,0.8861506776884198,0.10686316806823015,0.9984060218557715,5,8,13,0,,
2026-05-16T00:09:42.916049,clean,sax,"{'w': 144, 'bins': 5}",86,3,2,ok,258,344,0.8972623459994793,0.10572792589664459,1.0087760975584388,5,8,12,0,,
2026-05-16T00:09:43.931415,clean,sax,"{'w': 144, 'bins': 5}",86,4,2,ok,344,430,0.8852781085297465,0.11276200693100691,1.0034466590732336,5,8,13,0,,
2026-05-16T00:09:44.980055,clean,sax,"{'w': 144, 'bins': 5}",87,0,2,ok,0,87,0.8975595440715551,0.11022383999079466,1.0132173001766205,5,2,5,0,,
2026-05-16T00:09:46.048270,clean,sax,"{'w': 144, 'bins': 5}",87,1,2,ok,87,174,0.9036442032083869,0.14507979527115822,1.0545813590288162,5,3,6,0,,
2026-05-16T00:09:47.076067,clean,sax,"{'w': 144, 'bins': 5}",87,2,2,ok,174,261,0.9022759618237615,0.10729829501360655,1.0150005985051394,5,8,13,0,,
2026-05-16T00:09:48.108171,clean,sax,"{'w': 144, 'bins': 5}",87,3,2,ok,261,348,0.9017509967088699,0.11215892434120178,1.0193603672087193,5,9,14,0,,
2026-05-16T00:09:49.123948,clean,sax,"{'w': 144, 'bins': 5}",87,4,2,ok,348,435,0.9013931034132838,0.09675593487918377,1.0036702388897538,5,7,12,0,,
2026-05-16T00:09:50.190132,clean,sax,"{'w': 144, 'bins': 5}",88,0,2,ok,0,88,0.9141116216778755,0.11047782748937607,1.0304627697914839,5,2,5,0,,
2026-05-16T00:09:51.261283,clean,sax,"{'w': 144, 'bins': 5}",88,1,2,ok,88,176,0.9129947740584612,0.13866429589688778,1.0571777652949095,5,4,7,0,,
2026-05-16T00:09:52.293906,clean,sax,"{'w': 144, 'bins': 5}",88,2,2,ok,176,264,0.9099661065265536,0.10437126737087965,1.019966526888311,5,8,13,0,,
2026-05-16T00:09:53.335842,clean,sax,"{'w': 144, 'bins': 5}",88,3,2,ok,264,352,0.911834605038166,0.11187221575528383,1.0293958159163594,5,9,14,0,,
2026-05-16T00:09:54.394474,clean,sax,"{'w': 144, 'bins': 5}",88,4,2,ok,352,440,0.9138901568949223,0.1258904943242669,1.0464829094707966,5,5,8,0,,
2026-05-16T00:09:55.469571,clean,sax,"{'w': 144, 'bins': 5}",89,0,2,ok,0,89,0.9221743755042553,0.11138607189059258,1.0392539910972118,5,2,5,0,,
2026-05-16T00:09:56.594955,clean,sax,"{'w': 144, 'bins': 5}",89,1,2,ok,89,178,0.9886998319998384,0.11823326256126165,1.1127879219129682,5,5,9,0,,
2026-05-16T00:09:57.632291,clean,sax,"{'w': 144, 'bins': 5}",89,2,2,ok,178,267,0.918038266710937,0.10130934696644545,1.0250222021713853,5,8,13,0,,
2026-05-16T00:09:58.682280,clean,sax,"{'w': 144, 'bins': 5}",89,3,2,ok,267,356,0.919377913698554,0.1115624038502574,1.0366178303956985,5,3,7,0,,
2026-05-16T00:09:59.715624,clean,sax,"{'w': 144, 'bins': 5}",89,4,2,ok,356,445,0.9173596622422338,0.09827491734176874,1.0212887497618794,5,7,12,0,,
2026-05-16T00:10:00.806160,clean,sax,"{'w': 144, 'bins': 5}",90,0,2,ok,0,90,0.9348226198926568,0.11321244295686483,1.0546128684654832,5,2,5,0,,
2026-05-16T00:10:01.900510,clean,sax,"{'w': 144, 'bins': 5}",90,1,2,ok,90,180,0.9321296326816082,0.14272508304566145,1.080518864095211,5,4,7,0,,
2026-05-16T00:10:02.966954,clean,sax,"{'w': 144, 'bins': 5}",90,2,2,ok,180,270,0.9312563929706812,0.11589586269110441,1.0531939826905727,5,8,13,0,,
2026-05-16T00:10:04.028091,clean,sax,"{'w': 144, 'bins': 5}",90,3,2,ok,270,360,0.9280404718592763,0.11305258329957724,1.0467874705791473,5,3,7,0,,
2026-05-16T00:10:05.102794,clean,sax,"{'w': 144, 'bins': 5}",90,4,2,ok,360,450,0.9267717199400067,0.12914898432791233,1.0618699975311756,5,5,8,0,,
2026-05-16T00:10:06.209773,clean,sax,"{'w': 144, 'bins': 5}",91,0,2,ok,0,91,0.9459532657638192,0.11465305835008621,1.0666973544284701,5,2,5,0,,
2026-05-16T00:10:07.319313,clean,sax,"{'w': 144, 'bins': 5}",91,1,2,ok,91,182,0.9417158886790276,0.14761839341372252,1.095450178720057,5,4,7,0,,
2026-05-16T00:10:08.395510,clean,sax,"{'w': 144, 'bins': 5}",91,2,2,ok,182,273,0.94027070235461,0.11665832437574863,1.0629827873781323,5,8,13,0,,
2026-05-16T00:10:09.479032,clean,sax,"{'w': 144, 'bins': 5}",91,3,2,ok,273,364,0.9456687215715647,0.11635983362793922,1.0690352255478501,5,3,7,0,,
2026-05-16T00:10:10.566228,clean,sax,"{'w': 144, 'bins': 5}",91,4,2,ok,364,455,0.9388445755466819,0.12961654271930456,1.0744506074115634,5,5,8,0,,
2026-05-16T00:10:11.680597,clean,sax,"{'w': 144, 'bins': 5}",92,0,2,ok,0,92,0.9544939668849111,0.11528831254690886,1.0767894787713885,5,2,5,0,,
2026-05-16T00:10:12.816570,clean,sax,"{'w': 144, 'bins': 5}",92,1,2,ok,92,184,0.9620282566174865,0.15083882212638855,1.1207011425867677,5,4,7,0,,
2026-05-16T00:10:13.916884,clean,sax,"{'w': 144, 'bins': 5}",92,2,2,ok,184,276,0.9558983342722058,0.12300391308963299,1.0858694426715374,5,8,13,0,,
2026-05-16T00:10:15.022763,clean,sax,"{'w': 144, 'bins': 5}",92,3,2,ok,276,368,0.9609431587159634,0.12140675354748964,1.0909850103780627,5,3,7,0,,
2026-05-16T00:10:16.147433,clean,sax,"{'w': 144, 'bins': 5}",92,4,2,ok,368,460,0.9759622775018215,0.1237313887104392,1.1083155805245042,5,2,5,0,,
2026-05-16T00:10:17.304271,clean,sax,"{'w': 144, 'bins': 5}",93,0,2,ok,0,93,0.989070356823504,0.11874304991215467,1.1165442457422614,5,2,5,0,,
2026-05-16T00:10:18.479950,clean,sax,"{'w': 144, 'bins': 5}",93,1,2,ok,93,186,0.9946466097608209,0.15597562957555056,1.1600426826626062,5,4,7,0,,
2026-05-16T00:10:19.619504,clean,sax,"{'w': 144, 'bins': 5}",93,2,2,ok,186,279,0.987571963109076,0.12750958651304245,1.1245728749781847,5,8,13,0,,
2026-05-16T00:10:20.754938,clean,sax,"{'w': 144, 'bins': 5}",93,3,2,ok,279,372,0.9838819531723857,0.1242308970540762,1.119651721790433,5,3,7,0,,
2026-05-16T00:10:21.886193,clean,sax,"{'w': 144, 'bins': 5}",93,4,2,ok,372,465,0.9845861149951816,0.12340664863586426,1.1154121486470103,5,2,5,0,,
2026-05-16T00:10:23.030517,clean,sax,"{'w': 144, 'bins': 5}",94,0,2,ok,0,94,0.9798351619392633,0.11778963822871447,1.1043299743905663,5,2,5,0,,
2026-05-16T00:10:24.182677,clean,sax,"{'w': 144, 'bins': 5}",94,1,2,ok,94,188,0.976957768201828,0.1533471429720521,1.1370108565315604,5,4,7,0,,
2026-05-16T00:10:25.305164,clean,sax,"{'w': 144, 'bins': 5}",94,2,2,ok,188,282,0.976183483377099,0.12468834780156612,1.1081944443285465,5,8,13,0,,
2026-05-16T00:10:26.421649,clean,sax,"{'w': 144, 'bins': 5}",94,3,2,ok,282,376,0.9697360238060355,0.12341425381600857,1.0996790397912264,5,3,7,0,,
2026-05-16T00:10:27.581688,clean,sax,"{'w': 144, 'bins': 5}",94,4,2,ok,376,470,1.003771709278226,0.12743298057466745,1.141455002129078,5,2,5,0,,
2026-05-16T00:10:28.776393,clean,sax,"{'w': 144, 'bins': 5}",95,0,2,ok,0,95,1.0157601349055767,0.12427176535129547,1.1521645467728376,5,2,5,0,,
2026-05-16T00:10:29.984307,clean,sax,"{'w': 144, 'bins': 5}",95,1,2,ok,95,190,1.018863944336772,0.1614716025069356,1.1913596522063017,5,4,7,0,,
2026-05-16T00:10:31.148509,clean,sax,"{'w': 144, 'bins': 5}",95,2,2,ok,190,285,1.0115896333009005,0.12698960956186056,1.1487734680995345,5,8,13,0,,
2026-05-16T00:10:32.300773,clean,sax,"{'w': 144, 'bins': 5}",95,3,2,ok,285,380,1.002844637259841,0.12546062655746937,1.135279143229127,5,3,7,0,,
2026-05-16T00:10:33.384546,clean,sax,"{'w': 144, 'bins': 5}",95,4,2,ok,380,475,0.9977546576410532,0.06488252151757479,1.0695075932890177,5,8,12,0,,
2026-05-16T00:10:34.558708,clean,sax,"{'w': 144, 'bins': 5}",96,0,2,ok,0,96,1.0082718608900905,0.12025047186762094,1.1356225376948714,5,2,5,0,,
2026-05-16T00:10:35.748742,clean,sax,"{'w': 144, 'bins': 5}",96,1,2,ok,96,192,1.0003260988742113,0.16155626997351646,1.1725521385669708,5,4,7,0,,
2026-05-16T00:10:36.905737,clean,sax,"{'w': 144, 'bins': 5}",96,2,2,ok,192,288,1.0046613803133368,0.12935918010771275,1.141586009413004,5,8,13,0,,
2026-05-16T00:10:38.052369,clean,sax,"{'w': 144, 'bins': 5}",96,3,2,ok,288,384,0.9963169787079096,0.12739293556660414,1.1312004625797272,5,9,14,0,,
2026-05-16T00:10:39.140967,clean,sax,"{'w': 144, 'bins': 5}",96,4,2,ok,384,480,0.9975944068282843,0.06562683917582035,1.0736649315804243,5,8,12,0,,
2026-05-16T00:10:40.338954,clean,sax,"{'w': 144, 'bins': 5}",97,0,2,ok,0,97,1.0231973556801677,0.12437597010284662,1.156708151102066,5,2,5,0,,
2026-05-16T00:10:41.543528,clean,sax,"{'w': 144, 'bins': 5}",97,1,2,ok,97,194,1.0176451951265335,0.16254837531596422,1.1880291672423482,5,4,7,0,,
2026-05-16T00:10:42.702948,clean,sax,"{'w': 144, 'bins': 5}",97,2,2,ok,194,291,1.0079055735841393,0.12990930303931236,1.1443632757291198,5,8,13,0,,
2026-05-16T00:10:43.881665,clean,sax,"{'w': 144, 'bins': 5}",97,3,2,ok,291,388,1.0222032871097326,0.13229710794985294,1.1630281815305352,5,9,14,0,,
2026-05-16T00:10:45.000984,clean,sax,"{'w': 144, 'bins': 5}",97,4,2,ok,388,485,1.0274308063089848,0.06578987464308739,1.103600044734776,5,8,12,0,,
2026-05-16T00:10:46.228708,clean,sax,"{'w': 144, 'bins': 5}",98,0,2,ok,0,98,1.05075020249933,0.12596558593213558,1.185486982576549,5,2,5,0,,
2026-05-16T00:10:47.466567,clean,sax,"{'w': 144, 'bins': 5}",98,1,2,ok,98,196,1.0447629680857062,0.16497803758829832,1.2194318566471338,5,4,7,0,,
2026-05-16T00:10:48.670806,clean,sax,"{'w': 144, 'bins': 5}",98,2,2,ok,196,294,1.0370408548042178,0.13896554242819548,1.185153316706419,5,8,13,0,,
2026-05-16T00:10:49.865810,clean,sax,"{'w': 144, 'bins': 5}",98,3,2,ok,294,392,1.0370504632592201,0.13156017288565636,1.1782573740929365,5,3,7,0,,
2026-05-16T00:10:50.983092,clean,sax,"{'w': 144, 'bins': 5}",98,4,2,ok,392,490,1.0288147237151861,0.06487989611923695,1.1021168790757656,5,8,12,0,,
2026-05-16T00:10:52.191016,clean,sax,"{'w': 144, 'bins': 5}",99,0,2,ok,0,99,1.035779115743935,0.1250840499997139,1.1684439033269882,5,2,5,0,,
2026-05-16T00:10:53.419250,clean,sax,"{'w': 144, 'bins': 5}",99,1,2,ok,99,198,1.0424270303919911,0.16129958909004927,1.211790855973959,5,4,7,0,,
2026-05-16T00:10:54.617801,clean,sax,"{'w': 144, 'bins': 5}",99,2,2,ok,198,297,1.0397805897518992,0.13470232393592596,1.1827208371832967,5,8,13,0,,
2026-05-16T00:10:55.813084,clean,sax,"{'w': 144, 'bins': 5}",99,3,2,ok,297,396,1.0401179445907474,0.13019647262990475,1.1785747706890106,5,3,7,0,,
2026-05-16T00:10:56.935641,clean,sax,"{'w': 144, 'bins': 5}",99,4,2,ok,396,495,1.0319440122693777,0.06648445967584848,1.1058354433625937,5,8,12,0,,
2026-05-16T00:10:58.099728,clean,sax,"{'w': 144, 'bins': 5}",100,0,2,ok,0,100,1.0477535650134087,0.06893706601113081,1.1247685234993696,5,7,10,0,,
2026-05-16T00:10:59.367679,clean,sax,"{'w': 144, 'bins': 5}",100,1,2,ok,100,200,1.1173126082867384,0.126241622492671,1.2522658733651042,5,5,9,0,,
2026-05-16T00:11:00.575510,clean,sax,"{'w': 144, 'bins': 5}",100,2,2,ok,200,300,1.0504967775195837,0.1279795877635479,1.190877826884389,5,8,12,0,,
2026-05-16T00:11:01.790964,clean,sax,"{'w': 144, 'bins': 5}",100,3,2,ok,300,400,1.0504537969827652,0.13891789317131042,1.197870410978794,5,3,7,0,,
2026-05-16T00:11:02.939791,clean,sax,"{'w': 144, 'bins': 5}",100,4,2,ok,400,500,1.0573347806930542,0.06619999557733536,1.1325066471472383,5,8,12,0,,
2026-05-16T00:11:03.202199,clean,persist,{'bins': 6},1,0,2,ok,0,1,0.1495337001979351,0.00737281609326601,0.15733483154326677,5,6,11,0,,
2026-05-16T00:11:03.354612,clean,persist,{'bins': 6},1,1,2,ok,1,2,0.14371630549430847,0.007044641301035881,0.15111617371439934,5,9,12,0,,
2026-05-16T00:11:03.505693,clean,persist,{'bins': 6},1,2,2,ok,2,3,0.14472963754087687,0.004772934131324291,0.1498498534783721,5,6,9,0,,
2026-05-16T00:11:03.663715,clean,persist,{'bins': 6},1,3,2,ok,3,4,0.1491146245971322,0.007147563621401787,0.15670609194785357,5,14,17,0,,
2026-05-16T00:11:03.821832,clean,persist,{'bins': 6},1,4,2,ok,4,5,0.14640868082642555,0.009955587796866894,0.1567704016342759,5,14,19,0,,
2026-05-16T00:11:04.042110,clean,persist,{'bins': 6},2,0,2,ok,0,2,0.1579828504472971,0.019683098420500755,0.17878567148000002,5,5,9,0,,
2026-05-16T00:11:04.218320,clean,persist,{'bins': 6},2,1,2,ok,2,4,0.15572274383157492,0.017979458905756474,0.17424932029098272,5,4,8,0,,
2026-05-16T00:11:04.392137,clean,persist,{'bins': 6},2,2,2,ok,4,6,0.1500664111226797,0.021168507635593414,0.17179835680872202,5,11,17,0,,
2026-05-16T00:11:04.566890,clean,persist,{'bins': 6},2,3,2,ok,6,8,0.15393038745969534,0.018481753766536713,0.1729238722473383,5,7,11,0,,
2026-05-16T00:11:04.744396,clean,persist,{'bins': 6},2,4,2,ok,8,10,0.15350776351988316,0.021128833293914795,0.1751963086426258,5,11,16,0,,
2026-05-16T00:11:04.974526,clean,persist,{'bins': 6},3,0,2,ok,0,3,0.1564452312886715,0.029152694158256054,0.18624544143676758,5,4,8,0,,
2026-05-16T00:11:05.164251,clean,persist,{'bins': 6},3,1,2,ok,3,6,0.16224584728479385,0.024639738723635674,0.1876873504370451,5,6,10,0,,
2026-05-16T00:11:05.362594,clean,persist,{'bins': 6},3,2,2,ok,6,9,0.1595453741028905,0.03551796916872263,0.19571084901690483,5,7,12,0,,
2026-05-16T00:11:05.546434,clean,persist,{'bins': 6},3,3,2,ok,9,12,0.15768478903919458,0.02303406223654747,0.18135526590049267,5,6,10,0,,
2026-05-16T00:11:05.734149,clean,persist,{'bins': 6},3,4,2,ok,12,15,0.1563361966982484,0.028371566906571388,0.18537586834281683,5,8,14,0,,
2026-05-16T00:11:05.974003,clean,persist,{'bins': 6},4,0,2,ok,0,4,0.16346818208694458,0.03229907434433699,0.1965106725692749,5,8,13,0,,
2026-05-16T00:11:06.185151,clean,persist,{'bins': 6},4,1,2,ok,4,8,0.15931643545627594,0.048649813048541546,0.20868791360408068,5,5,10,0,,
2026-05-16T00:11:06.403890,clean,persist,{'bins': 6},4,2,2,ok,8,12,0.1672288654372096,0.047886709682643414,0.21639383491128683,5,17,25,0,,
2026-05-16T00:11:06.620829,clean,persist,{'bins': 6},4,3,2,ok,12,16,0.16172562912106514,0.05195105355232954,0.21440917812287807,5,14,23,0,,
2026-05-16T00:11:06.817934,clean,persist,{'bins': 6},4,4,2,ok,16,20,0.15724659711122513,0.037151546217501163,0.1950312126427889,5,11,16,0,,
2026-05-16T00:11:07.085063,clean,persist,{'bins': 6},5,0,2,ok,0,5,0.16275157686322927,0.060450196266174316,0.22431218810379505,5,13,18,0,,
2026-05-16T00:11:07.311619,clean,persist,{'bins': 6},5,1,2,ok,5,10,0.16379260178655386,0.05917602311819792,0.22386259399354458,5,6,10,0,,
2026-05-16T00:11:07.528585,clean,persist,{'bins': 6},5,2,2,ok,10,15,0.1659307163208723,0.04757117573171854,0.21439356729388237,5,7,11,0,,
2026-05-16T00:11:07.746245,clean,persist,{'bins': 6},5,3,2,ok,15,20,0.16749245952814817,0.046608188189566135,0.21507010888308287,5,8,14,0,,
2026-05-16T00:11:07.969521,clean,persist,{'bins': 6},5,4,2,ok,20,25,0.16596534103155136,0.05303435865789652,0.22017550840973854,5,5,9,0,,
2026-05-16T00:11:08.257291,clean,persist,{'bins': 6},6,0,2,ok,0,6,0.17335711512714624,0.06947510596364737,0.24408753868192434,5,6,10,0,,
2026-05-16T00:11:08.501272,clean,persist,{'bins': 6},6,1,2,ok,6,12,0.17103184666484594,0.06782699096947908,0.24030162766575813,5,8,11,0,,
2026-05-16T00:11:08.761988,clean,persist,{'bins': 6},6,2,2,ok,12,18,0.17008178308606148,0.08637490682303905,0.25738899130374193,5,11,17,0,,
2026-05-16T00:11:09.024359,clean,persist,{'bins': 6},6,3,2,ok,18,24,0.17263514921069145,0.08505342435091734,0.259057454764843,5,6,12,0,,
2026-05-16T00:11:09.324022,clean,persist,{'bins': 6},6,4,2,ok,24,30,0.17508209496736526,0.11986551620066166,0.29613012354820967,5,9,17,0,,
2026-05-16T00:11:09.627949,clean,persist,{'bins': 6},7,0,2,ok,0,7,0.175152026116848,0.07900632731616497,0.25572836212813854,5,6,12,0,,
2026-05-16T00:11:09.882726,clean,persist,{'bins': 6},7,1,2,ok,7,14,0.17854501865804195,0.07165108434855938,0.25135699287056923,5,6,10,0,,
2026-05-16T00:11:10.162400,clean,persist,{'bins': 6},7,2,2,ok,14,21,0.1748831905424595,0.10036622639745474,0.27636545337736607,5,7,11,0,,
2026-05-16T00:11:10.449089,clean,persist,{'bins': 6},7,3,2,ok,21,28,0.17412084992974997,0.10766180790960789,0.2829288290813565,5,5,10,0,,
2026-05-16T00:11:10.723630,clean,persist,{'bins': 6},7,4,2,ok,28,35,0.17626214120537043,0.09281898010522127,0.2708493126556277,5,8,14,0,,
2026-05-16T00:11:11.059287,clean,persist,{'bins': 6},8,0,2,ok,0,8,0.18218096811324358,0.1021192679181695,0.2857997929677367,5,6,10,0,,
2026-05-16T00:11:11.429099,clean,persist,{'bins': 6},8,1,2,ok,8,16,0.18120227009058,0.1817486761137843,0.3643262991681695,5,5,12,0,,
2026-05-16T00:11:11.680278,clean,persist,{'bins': 6},8,2,2,ok,16,24,0.17894683312624693,0.0668462598696351,0.24728043656796217,5,8,14,0,,
2026-05-16T00:11:11.991188,clean,persist,{'bins': 6},8,3,2,ok,24,32,0.18188089318573475,0.12310286983847618,0.30657886900007725,5,6,13,0,,
2026-05-16T00:11:12.329146,clean,persist,{'bins': 6},8,4,2,ok,32,40,0.18549643456935883,0.14647536538541317,0.33351791463792324,5,4,10,0,,
2026-05-16T00:11:12.671219,clean,persist,{'bins': 6},9,0,2,ok,0,9,0.1845627212896943,0.10618486348539591,0.2926689637824893,5,8,14,0,,
2026-05-16T00:11:13.003692,clean,persist,{'bins': 6},9,1,2,ok,9,18,0.1883600428700447,0.13761785998940468,0.3275928068906069,5,6,10,0,,
2026-05-16T00:11:13.299490,clean,persist,{'bins': 6},9,2,2,ok,18,27,0.18189310748130083,0.10843710415065289,0.2917619002982974,5,10,17,0,,
2026-05-16T00:11:13.634803,clean,persist,{'bins': 6},9,3,2,ok,27,36,0.18577181175351143,0.14342154003679752,0.3310121577233076,5,2,8,0,,
2026-05-16T00:11:14.001331,clean,persist,{'bins': 6},9,4,2,ok,36,45,0.1804626202210784,0.17931394279003143,0.3611658522859216,5,10,16,0,,
2026-05-16T00:11:14.365772,clean,persist,{'bins': 6},10,0,2,ok,0,10,0.18689614441245794,0.1269142972305417,0.31535105500370264,5,6,10,0,,
2026-05-16T00:11:14.712487,clean,persist,{'bins': 6},10,1,2,ok,10,20,0.19792625028640032,0.14200643356889486,0.341844754293561,5,8,13,0,,
2026-05-16T00:11:15.205527,clean,persist,{'bins': 6},10,2,2,ok,20,30,0.19324139226228,0.2928031450137496,0.48755868151783943,5,11,22,0,,
2026-05-16T00:11:15.606528,clean,persist,{'bins': 6},10,3,2,ok,30,40,0.1933389538899064,0.20095919724553823,0.3957064161077142,5,1,6,0,,
2026-05-16T00:11:16.027374,clean,persist,{'bins': 6},10,4,2,ok,40,50,0.1946667581796646,0.21983570978045464,0.41603600792586803,5,10,17,0,,
2026-05-16T00:11:16.468648,clean,persist,{'bins': 6},11,0,2,ok,0,11,0.19668767414987087,0.19692422822117805,0.3951457431539893,5,14,24,0,,
2026-05-16T00:11:16.848895,clean,persist,{'bins': 6},11,1,2,ok,11,22,0.20189019478857517,0.17095575388520956,0.37463668268173933,5,4,9,0,,
2026-05-16T00:11:17.290612,clean,persist,{'bins': 6},11,2,2,ok,22,33,0.19014430418610573,0.24375596549361944,0.4357099384069443,5,10,20,0,,
2026-05-16T00:11:17.708600,clean,persist,{'bins': 6},11,3,2,ok,33,44,0.19346094317734241,0.216776505112648,0.41189141385257244,5,10,16,0,,
2026-05-16T00:11:18.150946,clean,persist,{'bins': 6},11,4,2,ok,44,55,0.19527411833405495,0.23959730565547943,0.4365102630108595,5,20,33,0,,
2026-05-16T00:11:18.647748,clean,persist,{'bins': 6},12,0,2,ok,0,12,0.19791867677122355,0.25055814161896706,0.45021610520780087,5,12,21,0,,
2026-05-16T00:11:19.091822,clean,persist,{'bins': 6},12,1,2,ok,12,24,0.19722397159785032,0.2395839598029852,0.43851799331605434,5,10,16,0,,
2026-05-16T00:11:19.558473,clean,persist,{'bins': 6},12,2,2,ok,24,36,0.20192505046725273,0.2567615834996104,0.46063111536204815,5,8,16,0,,
2026-05-16T00:11:20.155073,clean,persist,{'bins': 6},12,3,2,ok,36,48,0.20789485331624746,0.3782500894740224,0.5898971706628799,5,8,13,0,,
2026-05-16T00:11:20.575624,clean,persist,{'bins': 6},12,4,2,ok,48,60,0.19619848486036062,0.216685282997787,0.414669462479651,5,10,18,0,,
2026-05-16T00:11:21.090877,clean,persist,{'bins': 6},13,0,2,ok,0,13,0.2073762584477663,0.2525941664353013,0.4619415570050478,5,13,20,0,,
2026-05-16T00:11:21.535776,clean,persist,{'bins': 6},13,1,2,ok,13,26,0.20274629350751638,0.23465430177748203,0.439245680347085,5,8,15,0,,
2026-05-16T00:11:22.124463,clean,persist,{'bins': 6},13,2,2,ok,26,39,0.20613389555364847,0.3724602060392499,0.5805505458265543,5,5,12,0,,
2026-05-16T00:11:22.537635,clean,persist,{'bins': 6},13,3,2,ok,39,52,0.20244751125574112,0.2024297881871462,0.4069271795451641,5,6,12,0,,
2026-05-16T00:11:23.113405,clean,persist,{'bins': 6},13,4,2,ok,52,65,0.2055658483877778,0.3604267053306103,0.5680913850665092,5,12,20,0,,
2026-05-16T00:11:23.635198,clean,persist,{'bins': 6},14,0,2,ok,0,14,0.20794841460883617,0.2585485903546214,0.46851925272494555,5,6,12,0,,
2026-05-16T00:11:24.325697,clean,persist,{'bins': 6},14,1,2,ok,14,28,0.20871151704341173,0.4724229518324137,0.6833001766353846,5,11,20,0,,
2026-05-16T00:11:25.004645,clean,persist,{'bins': 6},14,2,2,ok,28,42,0.21360373590141535,0.454643189907074,0.6704892665147781,5,11,19,0,,
2026-05-16T00:11:25.436103,clean,persist,{'bins': 6},14,3,2,ok,42,56,0.20773241762071848,0.2142347600311041,0.4244692577049136,5,4,9,0,,
2026-05-16T00:11:25.964441,clean,persist,{'bins': 6},14,4,2,ok,56,70,0.21136175468564034,0.3079770850017667,0.5213638925924897,5,11,21,0,,
2026-05-16T00:11:26.501759,clean,persist,{'bins': 6},15,0,2,ok,0,15,0.21276636235415936,0.269154017791152,0.4842433035373688,5,6,11,0,,
2026-05-16T00:11:26.992041,clean,persist,{'bins': 6},15,1,2,ok,15,30,0.2088030194863677,0.27130930591374636,0.48218005895614624,5,8,14,0,,
2026-05-16T00:11:27.523340,clean,persist,{'bins': 6},15,2,2,ok,30,45,0.21384893544018269,0.306959624402225,0.5233165612444282,5,10,17,0,,
2026-05-16T00:11:28.140750,clean,persist,{'bins': 6},15,3,2,ok,45,60,0.21090528648346663,0.39692900236696005,0.6099923923611641,5,13,23,0,,
2026-05-16T00:11:28.684190,clean,persist,{'bins': 6},15,4,2,ok,60,75,0.21742520201951265,0.315433950163424,0.5350042311474681,5,16,30,0,,
2026-05-16T00:11:29.242552,clean,persist,{'bins': 6},16,0,2,ok,0,16,0.21489598136395216,0.29167528823018074,0.5088544078171253,5,6,12,0,,
2026-05-16T00:11:29.800606,clean,persist,{'bins': 6},16,1,2,ok,16,32,0.2155321165919304,0.33236497920006514,0.5502239065244794,5,12,21,0,,
2026-05-16T00:11:30.475969,clean,persist,{'bins': 6},16,2,2,ok,32,48,0.21736577060073614,0.4458478204905987,0.6657034875825047,5,11,19,0,,
2026-05-16T00:11:31.073764,clean,persist,{'bins': 6},16,3,2,ok,48,64,0.21336002741008997,0.3738759448751807,0.5895064473152161,5,13,23,0,,
2026-05-16T00:11:31.750015,clean,persist,{'bins': 6},16,4,2,ok,64,80,0.22018269076943398,0.444980320520699,0.6676034657284617,5,8,14,0,,
2026-05-16T00:11:32.438129,clean,persist,{'bins': 6},17,0,2,ok,0,17,0.22981603536754847,0.4022428821772337,0.6350719062611461,5,10,18,0,,
2026-05-16T00:11:33.050065,clean,persist,{'bins': 6},17,1,2,ok,17,34,0.22137963958084583,0.37909471709281206,0.6030817739665508,5,13,23,0,,
2026-05-16T00:11:33.592550,clean,persist,{'bins': 6},17,2,2,ok,34,51,0.21624220069497824,0.31521612126380205,0.5339777441695333,5,8,13,0,,
2026-05-16T00:11:34.172634,clean,persist,{'bins': 6},17,3,2,ok,51,68,0.22019313089549541,0.34946644958108664,0.5720914276316762,5,13,21,0,,
2026-05-16T00:11:34.716843,clean,persist,{'bins': 6},17,4,2,ok,68,85,0.2229895032942295,0.3108158465474844,0.5367558915168047,5,12,21,0,,
2026-05-16T00:11:35.279276,clean,persist,{'bins': 6},18,0,2,ok,0,18,0.23023475147783756,0.2778603108599782,0.5107616810128093,5,9,15,0,,
2026-05-16T00:11:36.014255,clean,persist,{'bins': 6},18,1,2,ok,18,36,0.22607474774122238,0.4969117268919945,0.7256682924926281,5,11,20,0,,
2026-05-16T00:11:36.774704,clean,persist,{'bins': 6},18,2,2,ok,36,54,0.22950709518045187,0.5197325684130192,0.7519151978194714,5,12,23,0,,
2026-05-16T00:11:37.342681,clean,persist,{'bins': 6},18,3,2,ok,54,72,0.22048007138073444,0.337476029060781,0.5602734219282866,5,5,10,0,,
2026-05-16T00:11:37.876190,clean,persist,{'bins': 6},18,4,2,ok,72,90,0.2196246236562729,0.30265999771654606,0.5247682668268681,5,7,12,0,,
2026-05-16T00:11:38.675208,clean,persist,{'bins': 6},19,0,2,ok,0,19,0.23606606386601925,0.5071960035711527,0.7462370954453945,5,9,15,0,,
2026-05-16T00:11:39.598602,clean,persist,{'bins': 6},19,1,2,ok,19,38,0.23297488782554865,0.6737433578819036,0.911628638394177,5,9,18,0,,
2026-05-16T00:11:40.401092,clean,persist,{'bins': 6},19,2,2,ok,38,57,0.23667870368808508,0.55448785610497,0.7942109974101186,5,5,13,0,,
2026-05-16T00:11:41.105547,clean,persist,{'bins': 6},19,3,2,ok,57,76,0.23600896634161472,0.4576725196093321,0.6961896661669016,5,10,20,0,,
2026-05-16T00:11:41.664032,clean,persist,{'bins': 6},19,4,2,ok,76,95,0.2258997494354844,0.3211916033178568,0.5497158318758011,5,4,9,0,,
2026-05-16T00:11:42.391881,clean,persist,{'bins': 6},20,0,2,ok,0,20,0.23984463047236204,0.43748501408845186,0.6798889106139541,5,8,16,0,,
2026-05-16T00:11:43.267903,clean,persist,{'bins': 6},20,1,2,ok,20,40,0.24244074523448944,0.6195439919829369,0.8649651445448399,5,16,26,0,,
2026-05-16T00:11:44.088944,clean,persist,{'bins': 6},20,2,2,ok,40,60,0.24164231587201357,0.5679418556392193,0.8122706869617105,5,17,34,0,,
2026-05-16T00:11:44.741271,clean,persist,{'bins': 6},20,3,2,ok,60,80,0.24063779972493649,0.40007398929446936,0.6436644252389669,5,12,23,0,,
2026-05-16T00:11:45.557966,clean,persist,{'bins': 6},20,4,2,ok,80,100,0.23040405940264463,0.5726260123774409,0.8058030493557453,5,8,13,0,,
2026-05-16T00:11:46.512019,clean,persist,{'bins': 6},21,0,2,ok,0,21,0.24076739232987165,0.6581985726952553,0.9018813408911228,5,9,16,0,,
2026-05-16T00:11:47.386320,clean,persist,{'bins': 6},21,1,2,ok,21,42,0.23830896615982056,0.6234727911651134,0.8646941976621747,5,17,32,0,,
2026-05-16T00:11:48.019739,clean,persist,{'bins': 6},21,2,2,ok,42,63,0.23625119123607874,0.38545280788093805,0.6244854927062988,5,5,11,0,,
2026-05-16T00:11:48.740346,clean,persist,{'bins': 6},21,3,2,ok,63,84,0.2360875541344285,0.4726441986858845,0.7118104351684451,5,12,23,0,,
2026-05-16T00:11:49.459187,clean,persist,{'bins': 6},21,4,2,ok,84,105,0.23298207204788923,0.47382622957229614,0.7096673306077719,5,13,26,0,,
2026-05-16T00:11:50.181470,clean,persist,{'bins': 6},22,0,2,ok,0,22,0.23912742268294096,0.43037695437669754,0.6724419435486197,5,12,21,0,,
2026-05-16T00:11:51.059466,clean,persist,{'bins': 6},22,1,2,ok,22,44,0.24048332031816244,0.6228258367627859,0.8662857366725802,5,9,18,0,,
2026-05-16T00:11:51.975330,clean,persist,{'bins': 6},22,2,2,ok,44,66,0.25264921970665455,0.6485696183517575,0.904474662616849,5,8,16,0,,
2026-05-16T00:11:52.845924,clean,persist,{'bins': 6},22,3,2,ok,66,88,0.2386515298858285,0.6188898636028171,0.8605176536366343,5,12,21,0,,
2026-05-16T00:11:53.474890,clean,persist,{'bins': 6},22,4,2,ok,88,110,0.23939161840826273,0.3762077037245035,0.6185469496995211,5,10,17,0,,
2026-05-16T00:11:54.493426,clean,persist,{'bins': 6},23,0,2,ok,0,23,0.2500243503600359,0.7147916639223695,0.9679156355559826,5,8,15,0,,
2026-05-16T00:11:55.498348,clean,persist,{'bins': 6},23,1,2,ok,23,46,0.24761598650366068,0.7425875291228294,0.9932387862354517,5,11,23,0,,
2026-05-16T00:11:56.422396,clean,persist,{'bins': 6},23,2,2,ok,46,69,0.2528019566088915,0.656984562985599,0.9129056371748447,5,10,20,0,,
2026-05-16T00:11:57.203981,clean,persist,{'bins': 6},23,3,2,ok,69,92,0.24230634421110153,0.5264380322769284,0.7717690672725439,5,16,28,0,,
2026-05-16T00:11:57.853519,clean,persist,{'bins': 6},23,4,2,ok,92,115,0.2462934134528041,0.39086815901100636,0.640206590294838,5,10,18,0,,
2026-05-16T00:11:58.652839,clean,persist,{'bins': 6},24,0,2,ok,0,24,0.2488450240343809,0.49771865364164114,0.7497255364432931,5,6,12,0,,
2026-05-16T00:11:59.628369,clean,persist,{'bins': 6},24,1,2,ok,24,48,0.2509148819372058,0.7100950526073575,0.9644550858065486,5,7,15,0,,
2026-05-16T00:12:00.459786,clean,persist,{'bins': 6},24,2,2,ok,48,72,0.24609861616045237,0.5708487536758184,0.8201152002438903,5,11,20,0,,
2026-05-16T00:12:01.345242,clean,persist,{'bins': 6},24,3,2,ok,72,96,0.252749428153038,0.6175521910190582,0.873508763499558,5,12,18,0,,
2026-05-16T00:12:01.938205,clean,persist,{'bins': 6},24,4,2,ok,96,120,0.2455460987985134,0.3331369888037443,0.5818059332668781,5,8,15,0,,
2026-05-16T00:12:03.085078,clean,persist,{'bins': 6},25,0,2,ok,0,25,0.2601013155654073,0.8300964962691069,1.093611914664507,5,9,16,0,,
2026-05-16T00:12:04.372880,clean,persist,{'bins': 6},25,1,2,ok,25,50,0.2581530474126339,1.0130426418036222,1.274502830579877,5,8,17,0,,
2026-05-16T00:12:05.357537,clean,persist,{'bins': 6},25,2,2,ok,50,75,0.2543810326606035,0.7155002951622009,0.9731830190867186,5,14,26,0,,
2026-05-16T00:12:06.204211,clean,persist,{'bins': 6},25,3,2,ok,75,100,0.24988258257508278,0.5816248124465346,0.8347208304330707,5,9,17,0,,
2026-05-16T00:12:07.161620,clean,persist,{'bins': 6},25,4,2,ok,100,125,0.2585967406630516,0.6818705024197698,0.9437784114852548,5,17,30,0,,
2026-05-16T00:12:07.980835,clean,persist,{'bins': 6},26,0,2,ok,0,26,0.26335254218429327,0.5016088588163257,0.7683425424620509,5,10,18,0,,
2026-05-16T00:12:08.964163,clean,persist,{'bins': 6},26,1,2,ok,26,52,0.2545578833669424,0.7115611461922526,0.9695290643721819,5,7,15,0,,
2026-05-16T00:12:09.881848,clean,persist,{'bins': 6},26,2,2,ok,52,78,0.2622179910540581,0.6409700540825725,0.9064549412578344,5,13,24,0,,
2026-05-16T00:12:11.188263,clean,persist,{'bins': 6},26,3,2,ok,78,104,0.2646592063829303,1.022596505470574,1.2911329939961433,5,11,20,0,,
2026-05-16T00:12:11.969055,clean,persist,{'bins': 6},26,4,2,ok,104,130,0.25414712354540825,0.510646834038198,0.7685221489518881,5,14,26,0,,
2026-05-16T00:12:12.817926,clean,persist,{'bins': 6},27,0,2,ok,0,27,0.26077679451555014,0.5328886285424232,0.7971545867621899,5,6,11,0,,
2026-05-16T00:12:14.004692,clean,persist,{'bins': 6},27,1,2,ok,27,54,0.26751002948731184,0.9023078428581357,1.1733037494122982,5,8,19,0,,
2026-05-16T00:12:14.943536,clean,persist,{'bins': 6},27,2,2,ok,54,81,0.25831147376447916,0.6653579976409674,0.9271920984610915,5,9,18,0,,
2026-05-16T00:12:15.842385,clean,persist,{'bins': 6},27,3,2,ok,81,108,0.26339752692729235,0.6184862954542041,0.885299657471478,5,8,18,0,,
2026-05-16T00:12:17.258398,clean,persist,{'bins': 6},27,4,2,ok,108,135,0.26487890910357237,1.1308307079598308,1.399385280907154,5,14,27,0,,
2026-05-16T00:12:18.203341,clean,persist,{'bins': 6},28,0,2,ok,0,28,0.264842982403934,0.6238629538565874,0.8923212056979537,5,6,11,0,,
2026-05-16T00:12:19.149340,clean,persist,{'bins': 6},28,1,2,ok,28,56,0.2672872431576252,0.6612364677712321,0.9324009530246258,5,8,16,0,,
2026-05-16T00:12:20.163160,clean,persist,{'bins': 6},28,2,2,ok,56,84,0.2705140532925725,0.7275926759466529,1.001739933155477,5,22,38,0,,
2026-05-16T00:12:21.164630,clean,persist,{'bins': 6},28,3,2,ok,84,112,0.2683417312800884,0.7160768182948232,0.988033739849925,5,13,24,0,,
2026-05-16T00:12:22.380099,clean,persist,{'bins': 6},28,4,2,ok,112,140,0.27135272789746523,0.9259209018200636,1.200912163592875,5,13,26,0,,
2026-05-16T00:12:23.482616,clean,persist,{'bins': 6},29,0,2,ok,0,29,0.28022876009345055,0.7652000701054931,1.0491885803639889,5,5,12,0,,
2026-05-16T00:12:24.397181,clean,persist,{'bins': 6},29,1,2,ok,29,58,0.27599272318184376,0.6226246077567339,0.9022654928267002,5,6,12,0,,
2026-05-16T00:12:25.442587,clean,persist,{'bins': 6},29,2,2,ok,58,87,0.27190819196403027,0.7572657968848944,1.0328361066058278,5,15,26,0,,
2026-05-16T00:12:26.403417,clean,persist,{'bins': 6},29,3,2,ok,87,116,0.26733197551220655,0.674658827483654,0.9456911236047745,5,8,15,0,,
2026-05-16T00:12:27.658998,clean,persist,{'bins': 6},29,4,2,ok,116,145,0.2675252379849553,0.9659231342375278,1.2371986163780093,5,12,22,0,,
2026-05-16T00:12:28.865733,clean,persist,{'bins': 6},30,0,2,ok,0,30,0.280174195766449,0.8684659413993359,1.152519954368472,5,12,20,0,,
2026-05-16T00:12:30.011979,clean,persist,{'bins': 6},30,1,2,ok,30,60,0.2746401820331812,0.8528221296146512,1.1313064014539123,5,8,15,0,,
2026-05-16T00:12:31.188658,clean,persist,{'bins': 6},30,2,2,ok,60,90,0.283553933724761,0.8732719980180264,1.1613896926864982,5,12,21,0,,
2026-05-16T00:12:32.325493,clean,persist,{'bins': 6},30,3,2,ok,90,120,0.2802513316273689,0.8386803781613708,1.1227898364886642,5,8,16,0,,
2026-05-16T00:12:33.414373,clean,persist,{'bins': 6},30,4,2,ok,120,150,0.2750801583752036,0.7958543645218015,1.074799532070756,5,10,17,0,,
2026-05-16T00:12:34.723751,clean,persist,{'bins': 6},31,0,2,ok,0,31,0.28052592743188143,0.9660556213930249,1.2507085697725415,5,8,14,0,,
2026-05-16T00:12:36.136311,clean,persist,{'bins': 6},31,1,2,ok,31,62,0.28960296511650085,1.1029389128088951,1.3964810967445374,5,17,30,0,,
2026-05-16T00:12:37.256135,clean,persist,{'bins': 6},31,2,2,ok,62,93,0.2766035692766309,0.8237126162275672,1.104347557760775,5,6,12,0,,
2026-05-16T00:12:38.233005,clean,persist,{'bins': 6},31,3,2,ok,93,124,0.278094750829041,0.6805752599611878,0.9627116424962878,5,11,21,0,,
2026-05-16T00:12:39.550043,clean,persist,{'bins': 6},31,4,2,ok,124,155,0.2820182703435421,1.0160890528932214,1.302411557175219,5,12,20,0,,
2026-05-16T00:12:40.793066,clean,persist,{'bins': 6},32,0,2,ok,0,32,0.29064630530774593,0.8925842400640249,1.187279068864882,5,11,19,0,,
2026-05-16T00:12:42.293319,clean,persist,{'bins': 6},32,1,2,ok,32,64,0.29106384981423616,1.1891715731471777,1.4843860873952508,5,7,13,0,,
2026-05-16T00:12:43.669507,clean,persist,{'bins': 6},32,2,2,ok,64,96,0.2899265829473734,1.0652722977101803,1.3592315847054124,5,15,25,0,,
2026-05-16T00:12:44.613188,clean,persist,{'bins': 6},32,3,2,ok,96,128,0.28332893922924995,0.6426447490230203,0.9300730088725686,5,15,29,0,,
2026-05-16T00:12:45.910864,clean,persist,{'bins': 6},32,4,2,ok,128,160,0.28642283100634813,0.9921607319265604,1.2826709793880582,5,16,26,0,,
2026-05-16T00:12:47.092944,clean,persist,{'bins': 6},33,0,2,ok,0,33,0.2910469872877002,0.8314614910632372,1.12675810046494,5,15,24,0,,
2026-05-16T00:12:48.561178,clean,persist,{'bins': 6},33,1,2,ok,33,66,0.3035898655653,1.1448992909863591,1.4530880246311426,5,12,24,0,,
2026-05-16T00:12:49.800568,clean,persist,{'bins': 6},33,2,2,ok,66,99,0.2834766088053584,0.9367696270346642,1.224490948021412,5,8,15,0,,
2026-05-16T00:12:51.019457,clean,persist,{'bins': 6},33,3,2,ok,99,132,0.28543358482420444,0.9137796871364117,1.2034112066030502,5,17,30,0,,
2026-05-16T00:12:52.258268,clean,persist,{'bins': 6},33,4,2,ok,132,165,0.29434829857200384,0.9238506136462092,1.22238939255476,5,16,31,0,,
2026-05-16T00:12:53.474566,clean,persist,{'bins': 6},34,0,2,ok,0,34,0.2997185345739126,0.8558949111029506,1.1599643370136619,5,6,11,0,,
2026-05-16T00:12:54.842611,clean,persist,{'bins': 6},34,1,2,ok,34,68,0.29785817954689264,1.049037966877222,1.351292023435235,5,4,10,0,,
2026-05-16T00:12:56.454151,clean,persist,{'bins': 6},34,2,2,ok,68,102,0.29062591679394245,1.2971572587266564,1.5922729186713696,5,5,11,0,,
2026-05-16T00:12:57.549200,clean,persist,{'bins': 6},34,3,2,ok,102,136,0.2928695706650615,0.7823519641533494,1.0797562021762133,5,12,22,0,,
2026-05-16T00:12:58.713766,clean,persist,{'bins': 6},34,4,2,ok,136,170,0.2919633574783802,0.8515763590112329,1.1478700395673513,5,8,15,0,,
2026-05-16T00:12:59.865098,clean,persist,{'bins': 6},35,0,2,ok,0,35,0.2956078229472041,0.7956807678565383,1.0956965200603008,5,8,15,0,,
2026-05-16T00:13:01.264473,clean,persist,{'bins': 6},35,1,2,ok,35,70,0.29527643974870443,1.0824335804209113,1.382096789777279,5,13,24,0,,
2026-05-16T00:13:02.674223,clean,persist,{'bins': 6},35,2,2,ok,70,105,0.2984441602602601,1.0897579370066524,1.392731012776494,5,10,19,0,,
2026-05-16T00:13:03.779715,clean,persist,{'bins': 6},35,3,2,ok,105,140,0.29160347301512957,0.7917800508439541,1.0877773659303784,5,6,14,0,,
2026-05-16T00:13:05.179579,clean,persist,{'bins': 6},35,4,2,ok,140,175,0.30450744833797216,1.07342610321939,1.3824637699872255,5,14,30,0,,
2026-05-16T00:13:06.819409,clean,persist,{'bins': 6},36,0,2,ok,0,36,0.3098917407914996,1.2681856947019696,1.5825752140954137,5,4,11,0,,
2026-05-16T00:13:08.277750,clean,persist,{'bins': 6},36,1,2,ok,36,72,0.304520764388144,1.130606697872281,1.4400438452139497,5,6,12,0,,
2026-05-16T00:13:09.917668,clean,persist,{'bins': 6},36,2,2,ok,72,108,0.30262539349496365,1.314213682897389,1.6214372832328081,5,15,29,0,,
2026-05-16T00:13:10.992389,clean,persist,{'bins': 6},36,3,2,ok,108,144,0.3017714088782668,0.7507479060441256,1.0571332108229399,5,9,18,0,,
2026-05-16T00:13:12.296128,clean,persist,{'bins': 6},36,4,2,ok,144,180,0.2982678981497884,0.9829813223332167,1.2858548508957028,5,8,17,0,,
2026-05-16T00:13:13.945492,clean,persist,{'bins': 6},37,0,2,ok,0,37,0.3089393815025687,1.2219670880585909,1.5355757297948003,5,12,21,0,,
2026-05-16T00:13:15.743353,clean,persist,{'bins': 6},37,1,2,ok,37,74,0.3039011089131236,1.4694650629535317,1.7780976388603449,5,6,14,0,,
2026-05-16T00:13:17.193144,clean,persist,{'bins': 6},37,2,2,ok,74,111,0.30463548842817545,1.1241819709539413,1.433495064266026,5,21,37,0,,
2026-05-16T00:13:18.645076,clean,persist,{'bins': 6},37,3,2,ok,111,148,0.30814381781965494,1.1167586287483573,1.4296449339017272,5,4,12,0,,
2026-05-16T00:13:20.460944,clean,persist,{'bins': 6},37,4,2,ok,148,185,0.31189262866973877,1.4813690511509776,1.7979579512029886,5,24,44,0,,
2026-05-16T00:13:22.341363,clean,persist,{'bins': 6},38,0,2,ok,0,38,0.31238726805895567,1.5066586090251803,1.8238537171855569,5,10,23,0,,
2026-05-16T00:13:24.799668,clean,persist,{'bins': 6},38,1,2,ok,38,76,0.314549108967185,2.115903828293085,2.4354355949908495,5,10,20,0,,
2026-05-16T00:13:25.992557,clean,persist,{'bins': 6},38,2,2,ok,76,114,0.3107773335650563,0.8597898045554757,1.1752838287502527,5,9,18,0,,
2026-05-16T00:13:27.609258,clean,persist,{'bins': 6},38,3,2,ok,114,152,0.3111585695296526,1.2810411397367716,1.597045511007309,5,25,46,0,,
2026-05-16T00:13:29.565988,clean,persist,{'bins': 6},38,4,2,ok,152,190,0.31536174565553665,1.6145936204120517,1.9349038181826472,5,17,29,0,,
2026-05-16T00:13:30.701831,clean,persist,{'bins': 6},39,0,2,ok,0,39,0.312506171874702,0.762914726510644,1.0802700659260154,5,6,12,0,,
2026-05-16T00:13:32.457599,clean,persist,{'bins': 6},39,1,2,ok,39,78,0.31974270194768906,1.411514480598271,1.7361854296177626,5,13,24,0,,
2026-05-16T00:13:33.554942,clean,persist,{'bins': 6},39,2,2,ok,78,117,0.30809375271201134,0.7671990636736155,1.0801641568541527,5,10,18,0,,
2026-05-16T00:13:34.997454,clean,persist,{'bins': 6},39,3,2,ok,117,156,0.3096806947141886,1.1087015951052308,1.423287883400917,5,6,13,0,,
2026-05-16T00:13:36.142883,clean,persist,{'bins': 6},39,4,2,ok,156,195,0.31537614203989506,0.807441315613687,1.1276960503309965,5,9,17,0,,
2026-05-16T00:13:38.340268,clean,persist,{'bins': 6},40,0,2,ok,0,40,0.3265396887436509,1.8031407240778208,2.134841657243669,5,14,24,0,,
2026-05-16T00:13:40.039916,clean,persist,{'bins': 6},40,1,2,ok,40,80,0.31433852203190327,1.3616358106955886,1.6811204478144646,5,16,30,0,,
2026-05-16T00:13:41.586167,clean,persist,{'bins': 6},40,2,2,ok,80,120,0.3240157077088952,1.1976150907576084,1.5266136275604367,5,13,23,0,,
2026-05-16T00:13:43.281130,clean,persist,{'bins': 6},40,3,2,ok,120,160,0.32447723392397165,1.3443215303122997,1.6738570956513286,5,8,17,0,,
2026-05-16T00:13:44.669709,clean,persist,{'bins': 6},40,4,2,ok,160,200,0.32349505089223385,1.0388352442532778,1.367403973825276,5,7,14,0,,
2026-05-16T00:13:46.657095,clean,persist,{'bins': 6},41,0,2,ok,0,41,0.33335221372544765,1.591371364891529,1.9298868961632252,5,17,31,0,,
2026-05-16T00:13:48.779001,clean,persist,{'bins': 6},41,1,2,ok,41,82,0.32622893434017897,1.768410624936223,2.0998559966683388,5,12,22,0,,
2026-05-16T00:13:50.478066,clean,persist,{'bins': 6},41,2,2,ok,82,123,0.3273881422355771,1.346948736347258,1.6794582875445485,5,16,26,0,,
2026-05-16T00:13:52.434672,clean,persist,{'bins': 6},41,3,2,ok,123,164,0.3296076003462076,1.596949660219252,1.931779669597745,5,10,19,0,,
2026-05-16T00:13:54.304405,clean,persist,{'bins': 6},41,4,2,ok,164,205,0.3297777399420738,1.5129536716267467,1.8480136739090085,5,14,26,0,,
2026-05-16T00:13:55.605150,clean,persist,{'bins': 6},42,0,2,ok,0,42,0.3240875732153654,0.913465267047286,1.2427463345229626,5,10,18,0,,
2026-05-16T00:13:57.298881,clean,persist,{'bins': 6},42,1,2,ok,42,84,0.3245342206209898,1.3438987769186497,1.6736045517027378,5,15,29,0,,
2026-05-16T00:13:58.789882,clean,persist,{'bins': 6},42,2,2,ok,84,126,0.32493466418236494,1.1405068207532167,1.4706832310184836,5,14,25,0,,
2026-05-16T00:14:00.475735,clean,persist,{'bins': 6},42,3,2,ok,126,168,0.3277712110430002,1.3354657897725701,1.668524581938982,5,16,28,0,,
2026-05-16T00:14:02.053675,clean,persist,{'bins': 6},42,4,2,ok,168,210,0.33221102971583605,1.2203597202897072,1.5578582808375359,5,13,22,0,,
2026-05-16T00:14:03.832865,clean,persist,{'bins': 6},43,0,2,ok,0,43,0.3289491441100836,1.3867329768836498,1.7211760897189379,5,8,16,0,,
2026-05-16T00:14:06.036658,clean,persist,{'bins': 6},43,1,2,ok,43,86,0.32995116617530584,1.8477939004078507,2.183130381628871,5,16,30,0,,
2026-05-16T00:14:07.535686,clean,persist,{'bins': 6},43,2,2,ok,86,129,0.32900252379477024,1.1441468987613916,1.4785150103271008,5,14,25,0,,
2026-05-16T00:14:09.403167,clean,persist,{'bins': 6},43,3,2,ok,129,172,0.3293136991560459,1.5112311067059636,1.845937023870647,5,15,29,0,,
2026-05-16T00:14:11.048396,clean,persist,{'bins': 6},43,4,2,ok,172,215,0.3601576490327716,1.2581850718706846,1.6246920758858323,5,13,22,0,,
2026-05-16T00:14:13.660438,clean,persist,{'bins': 6},44,0,2,ok,0,44,0.34150058776140213,2.195652429945767,2.5426742071285844,5,8,13,0,,
2026-05-16T00:14:15.723479,clean,persist,{'bins': 6},44,1,2,ok,44,88,0.33848962280899286,1.6985974330455065,2.0426034070551395,5,16,30,0,,
2026-05-16T00:14:17.380345,clean,persist,{'bins': 6},44,2,2,ok,88,132,0.3346306346356869,1.2907964428886771,1.6309930915012956,5,7,18,0,,
2026-05-16T00:14:19.347002,clean,persist,{'bins': 6},44,3,2,ok,132,176,0.3431979566812515,1.5969197256490588,1.9457413936033845,5,14,30,0,,
2026-05-16T00:14:20.401086,clean,persist,{'bins': 6},44,4,2,ok,176,220,0.3287283591926098,0.6985281892120838,1.032758261077106,5,6,11,0,,
2026-05-16T00:14:22.243957,clean,persist,{'bins': 6},45,0,2,ok,0,45,0.3372538508847356,1.4383229725062847,1.7812013570219278,5,14,24,0,,
2026-05-16T00:14:24.154388,clean,persist,{'bins': 6},45,1,2,ok,45,90,0.33572287764400244,1.5468207905068994,1.8882161611691117,5,10,18,0,,
2026-05-16T00:14:26.227698,clean,persist,{'bins': 6},45,2,2,ok,90,135,0.34555639419704676,1.6970891309902072,2.0482720639556646,5,13,28,0,,
2026-05-16T00:14:27.893055,clean,persist,{'bins': 6},45,3,2,ok,135,180,0.3341898871585727,1.303302600979805,1.6431458266451955,5,13,23,0,,
2026-05-16T00:14:29.490892,clean,persist,{'bins': 6},45,4,2,ok,180,225,0.3334664283320308,1.234809499233961,1.573875304311514,5,13,24,0,,
2026-05-16T00:14:31.092427,clean,persist,{'bins': 6},46,0,2,ok,0,46,0.3423260683193803,1.192151227965951,1.540329808369279,5,8,14,0,,
2026-05-16T00:14:33.440205,clean,persist,{'bins': 6},46,1,2,ok,46,92,0.34371838439255953,1.974319257773459,2.323864926584065,5,11,21,0,,
2026-05-16T00:14:35.254808,clean,persist,{'bins': 6},46,2,2,ok,92,138,0.34365433268249035,1.4389292504638433,1.7884038556367159,5,9,23,0,,
2026-05-16T00:14:36.504067,clean,persist,{'bins': 6},46,3,2,ok,138,184,0.34077104832977057,0.8803316466510296,1.226851312443614,5,6,12,0,,
2026-05-16T00:14:38.489895,clean,persist,{'bins': 6},46,4,2,ok,184,230,0.34369612112641335,1.6066470248624682,1.9562082514166832,5,3,8,0,,
2026-05-16T00:14:41.296140,clean,persist,{'bins': 6},47,0,2,ok,0,47,0.354463835246861,2.3787917280569673,2.7392540192231536,5,15,24,0,,
2026-05-16T00:14:43.503373,clean,persist,{'bins': 6},47,1,2,ok,47,94,0.35627461690455675,1.8204656830057502,2.1826518727466464,5,20,35,0,,
2026-05-16T00:14:45.822699,clean,persist,{'bins': 6},47,2,2,ok,94,141,0.3544041430577636,1.9323597392067313,2.2926591457799077,5,12,27,0,,
2026-05-16T00:14:48.050421,clean,persist,{'bins': 6},47,3,2,ok,141,188,0.35599322710186243,1.8406858192756772,2.2026091050356627,5,16,30,0,,
2026-05-16T00:14:49.997095,clean,persist,{'bins': 6},47,4,2,ok,188,235,0.352934543043375,1.5573427630588412,1.9161092285066843,5,3,8,0,,
2026-05-16T00:14:53.345333,clean,persist,{'bins': 6},48,0,2,ok,0,48,0.36103974655270576,2.909884492866695,3.2772102151066065,5,8,13,0,,
2026-05-16T00:14:55.610149,clean,persist,{'bins': 6},48,1,2,ok,48,96,0.34981339145451784,1.8829260552302003,2.23920317646116,5,6,13,0,,
2026-05-16T00:14:57.854954,clean,persist,{'bins': 6},48,2,2,ok,96,144,0.36000856943428516,1.854999334551394,2.220965553075075,5,20,37,0,,
2026-05-16T00:14:59.419754,clean,persist,{'bins': 6},48,3,2,ok,144,192,0.34975228551775217,1.1832131324335933,1.5407891916111112,5,10,18,0,,
2026-05-16T00:15:01.646215,clean,persist,{'bins': 6},48,4,2,ok,192,240,0.3615718251094222,1.8269507940858603,2.1945559214800596,5,16,26,0,,
2026-05-16T00:15:04.089256,clean,persist,{'bins': 6},49,0,2,ok,0,49,0.3682059748098254,2.002111536450684,2.376392962411046,5,15,27,0,,
2026-05-16T00:15:06.486943,clean,persist,{'bins': 6},49,1,2,ok,49,98,0.3516145935282111,2.0130579862743616,2.3707244154065847,5,8,18,0,,
2026-05-16T00:15:08.888435,clean,persist,{'bins': 6},49,2,2,ok,98,147,0.35910037253051996,2.009921065531671,2.3751198817044497,5,19,37,0,,
2026-05-16T00:15:10.930084,clean,persist,{'bins': 6},49,3,2,ok,147,196,0.36351897194981575,1.6445179739966989,2.0141638731583953,5,17,29,0,,
2026-05-16T00:15:13.933977,clean,persist,{'bins': 6},49,4,2,ok,196,245,0.35652774199843407,2.6096467236056924,2.9723276728764176,5,12,23,0,,
2026-05-16T00:15:15.930801,clean,persist,{'bins': 6},50,0,2,ok,0,50,0.37137887440621853,1.556610987521708,1.934262614697218,5,6,12,0,,
2026-05-16T00:15:18.302802,clean,persist,{'bins': 6},50,1,2,ok,50,100,0.37106015626341105,1.9654767587780952,2.342748290859163,5,20,33,0,,
2026-05-16T00:15:20.421012,clean,persist,{'bins': 6},50,2,2,ok,100,150,0.35470239352434874,1.7311686174944043,2.0921571580693126,5,20,35,0,,
2026-05-16T00:15:22.862568,clean,persist,{'bins': 6},50,3,2,ok,150,200,0.36401487421244383,2.0432564234361053,2.4135315250605345,5,19,36,0,,
2026-05-16T00:15:24.050583,clean,persist,{'bins': 6},50,4,2,ok,200,250,0.35826195776462555,0.7993753058835864,1.1637161821126938,5,9,15,0,,
2026-05-16T00:15:26.509046,clean,persist,{'bins': 6},51,0,2,ok,0,51,0.36431463714689016,2.023459671996534,2.3941358169540763,5,8,15,0,,
2026-05-16T00:15:29.097609,clean,persist,{'bins': 6},51,1,2,ok,51,102,0.3599708089604974,2.1927629532292485,2.5590541027486324,5,7,17,0,,
2026-05-16T00:15:31.267867,clean,persist,{'bins': 6},51,2,2,ok,102,153,0.368504386395216,1.7686689496040344,2.143677501939237,5,14,27,0,,
2026-05-16T00:15:34.187355,clean,persist,{'bins': 6},51,3,2,ok,153,204,0.3615745007991791,2.520791227929294,2.888849305920303,5,10,18,0,,
2026-05-16T00:15:36.608847,clean,persist,{'bins': 6},51,4,2,ok,204,255,0.41901083569973707,1.9649821715429425,2.391030945815146,5,8,16,0,,
2026-05-16T00:15:39.120130,clean,persist,{'bins': 6},52,0,2,ok,0,52,0.3763373773545027,2.060999147593975,2.443852422758937,5,15,27,0,,
2026-05-16T00:15:41.598238,clean,persist,{'bins': 6},52,1,2,ok,52,104,0.37689472548663616,2.0659620193764567,2.4493120685219765,5,18,31,0,,
2026-05-16T00:15:43.691299,clean,persist,{'bins': 6},52,2,2,ok,104,156,0.36458845064044,1.6949254171922803,2.065945287235081,5,10,20,0,,
2026-05-16T00:15:46.306841,clean,persist,{'bins': 6},52,3,2,ok,156,208,0.37862924207001925,2.2036835039034486,2.588796643540263,5,20,40,0,,
2026-05-16T00:15:48.558995,clean,persist,{'bins': 6},52,4,2,ok,208,260,0.3790001291781664,1.8378741703927517,2.2233495516702533,5,15,28,0,,
2026-05-16T00:15:51.702254,clean,persist,{'bins': 6},53,0,2,ok,0,53,0.3803335726261139,2.67915927991271,3.066383956000209,5,12,21,0,,
2026-05-16T00:15:53.928666,clean,persist,{'bins': 6},53,1,2,ok,53,106,0.3679445656016469,1.8252120483666658,2.1996754463762045,5,8,16,0,,
2026-05-16T00:15:57.828879,clean,persist,{'bins': 6},53,2,2,ok,106,159,0.37400999665260315,3.480703222565353,3.8614809289574623,5,21,41,0,,
2026-05-16T00:16:00.194289,clean,persist,{'bins': 6},53,3,2,ok,159,212,0.37034972198307514,1.9597962507978082,2.3368232334032655,5,10,19,0,,
2026-05-16T00:16:01.968329,clean,persist,{'bins': 6},53,4,2,ok,212,265,0.3769056247547269,1.365720272064209,1.749308878555894,5,20,35,0,,
2026-05-16T00:16:05.065748,clean,persist,{'bins': 6},54,0,2,ok,0,54,0.3925477135926485,2.629506664350629,3.0289627527818084,5,7,17,0,,
2026-05-16T00:16:09.304725,clean,persist,{'bins': 6},54,1,2,ok,54,108,0.38561599515378475,3.8051710268482566,4.197684727609158,5,12,25,0,,
2026-05-16T00:16:11.873217,clean,persist,{'bins': 6},54,2,2,ok,108,162,0.3759844349697232,2.1498055616393685,2.5326233310624957,5,6,12,0,,
2026-05-16T00:16:14.244073,clean,persist,{'bins': 6},54,3,2,ok,162,216,0.37572656013071537,1.9525968693196774,2.3349621584638953,5,3,8,0,,
2026-05-16T00:16:16.053576,clean,persist,{'bins': 6},54,4,2,ok,216,270,0.374584405682981,1.3987997714430094,1.780023816972971,5,8,17,0,,
2026-05-16T00:16:18.948876,clean,persist,{'bins': 6},55,0,2,ok,0,55,0.3911434253677726,2.4262506533414125,2.8243281729519367,5,6,13,0,,
2026-05-16T00:16:21.942072,clean,persist,{'bins': 6},55,1,2,ok,55,110,0.38812820240855217,2.5677247159183025,2.962666335515678,5,10,20,0,,
2026-05-16T00:16:25.020417,clean,persist,{'bins': 6},55,2,2,ok,110,165,0.39276204630732536,2.6483942475169897,3.048021748661995,5,15,29,0,,
2026-05-16T00:16:27.411870,clean,persist,{'bins': 6},55,3,2,ok,165,220,0.3864865889772773,1.9673155741766095,2.360974894836545,5,9,18,0,,
2026-05-16T00:16:29.619037,clean,persist,{'bins': 6},55,4,2,ok,220,275,0.3813328817486763,1.7882062634453177,2.1765109691768885,5,15,26,0,,
2026-05-16T00:16:32.591601,clean,persist,{'bins': 6},56,0,2,ok,0,56,0.3956131609156728,2.503018857911229,2.905667562969029,5,16,29,0,,
2026-05-16T00:16:35.598910,clean,persist,{'bins': 6},56,1,2,ok,56,112,0.39015464950352907,2.584160386584699,2.981215987354517,5,18,36,0,,
2026-05-16T00:16:38.607649,clean,persist,{'bins': 6},56,2,2,ok,112,168,0.3954151486977935,2.5729477154091,2.97567889560014,5,10,20,0,,
2026-05-16T00:16:41.131520,clean,persist,{'bins': 6},56,3,2,ok,168,224,0.3854126622900367,2.094847329892218,2.487236265093088,5,5,11,0,,
2026-05-16T00:16:42.954462,clean,persist,{'bins': 6},56,4,2,ok,224,280,0.3888124777004123,1.394031916745007,1.789765553548932,5,14,24,0,,
2026-05-16T00:16:45.960631,clean,persist,{'bins': 6},57,0,2,ok,0,57,0.39632499776780605,2.5308502092957497,2.9342451067641377,5,13,23,0,,
2026-05-16T00:16:48.620832,clean,persist,{'bins': 6},57,1,2,ok,57,114,0.3906540870666504,2.2269730661064386,2.6253141397610307,5,5,11,0,,
2026-05-16T00:16:52.725059,clean,persist,{'bins': 6},57,2,2,ok,114,171,0.39318611193448305,3.6635062266141176,4.063990395516157,5,10,20,0,,
2026-05-16T00:16:54.979294,clean,persist,{'bins': 6},57,3,2,ok,171,228,0.38812517561018467,1.8199004027992487,2.2150301542133093,5,8,15,0,,
2026-05-16T00:16:57.989320,clean,persist,{'bins': 6},57,4,2,ok,228,285,0.39962941501289606,2.565924907103181,2.972564447671175,5,8,13,0,,
2026-05-16T00:17:00.772499,clean,persist,{'bins': 6},58,0,2,ok,0,58,0.40481038577854633,2.300057239830494,2.7120330734178424,5,13,23,0,,
2026-05-16T00:17:03.196967,clean,persist,{'bins': 6},58,1,2,ok,58,116,0.39899239782243967,1.981164714321494,2.3874046141281724,5,5,15,0,,
2026-05-16T00:17:05.571003,clean,persist,{'bins': 6},58,2,2,ok,116,174,0.3892622124403715,1.947245859540999,2.3437083549797535,5,11,20,0,,
2026-05-16T00:17:08.149464,clean,persist,{'bins': 6},58,3,2,ok,174,232,0.39934718422591686,2.1363512417301536,2.542934035882354,5,17,32,0,,
2026-05-16T00:17:09.911650,clean,persist,{'bins': 6},58,4,2,ok,232,290,0.38867972791194916,1.336452653631568,1.7321923915296793,5,19,27,0,,
2026-05-16T00:17:14.617878,clean,persist,{'bins': 6},59,0,2,ok,0,59,0.40964693017303944,4.2062125243246555,4.623398633673787,5,13,23,0,,
2026-05-16T00:17:16.933239,clean,persist,{'bins': 6},59,1,2,ok,59,118,0.3927583293989301,1.8800667142495513,2.2801001872867346,5,9,17,0,,
2026-05-16T00:17:20.058026,clean,persist,{'bins': 6},59,2,2,ok,118,177,0.40491888858377934,2.6774747371673584,3.0896742697805166,5,9,19,0,,
2026-05-16T00:17:24.247575,clean,persist,{'bins': 6},59,3,2,ok,177,236,0.39607418701052666,3.738505898974836,4.142114938236773,5,7,14,0,,
2026-05-16T00:17:27.609027,clean,persist,{'bins': 6},59,4,2,ok,236,295,0.40770415030419827,2.9114846475422382,3.326539142988622,5,18,32,0,,
2026-05-16T00:17:31.284260,clean,persist,{'bins': 6},60,0,2,ok,0,60,0.41695431247353554,3.179825410246849,3.6042449036613107,5,16,30,0,,
2026-05-16T00:17:32.770888,clean,persist,{'bins': 6},60,1,2,ok,60,120,0.3967647226527333,1.0549155762419105,1.4588923947885633,5,7,12,0,,
2026-05-16T00:17:35.749809,clean,persist,{'bins': 6},60,2,2,ok,120,180,0.40683230198919773,2.526066075079143,2.94031947478652,5,8,16,0,,
2026-05-16T00:17:37.662825,clean,persist,{'bins': 6},60,3,2,ok,180,240,0.39685316011309624,1.4705463936552405,1.8747416334226727,5,10,19,0,,
2026-05-16T00:17:40.530327,clean,persist,{'bins': 6},60,4,2,ok,240,300,0.4130946844816208,2.4089038837701082,2.8293703431263566,5,15,26,0,,
2026-05-16T00:17:43.353045,clean,persist,{'bins': 6},61,0,2,ok,0,61,0.4117410723119974,2.328649802133441,2.74786810670048,5,13,23,0,,
2026-05-16T00:17:45.333794,clean,persist,{'bins': 6},61,1,2,ok,61,122,0.40072963014245033,1.536073936149478,1.9441950796172023,5,8,14,0,,
2026-05-16T00:17:49.003421,clean,persist,{'bins': 6},61,2,2,ok,122,183,0.4020596696063876,3.2147291656583548,3.624591188505292,5,13,23,0,,
2026-05-16T00:17:51.962645,clean,persist,{'bins': 6},61,3,2,ok,183,244,0.415858905762434,2.4894945872947574,2.9128677155822515,5,17,28,0,,
2026-05-16T00:17:55.159678,clean,persist,{'bins': 6},61,4,2,ok,244,305,0.40464264899492264,2.7407716400921345,3.1530344309285283,5,7,15,0,,
2026-05-16T00:17:59.006847,clean,persist,{'bins': 6},62,0,2,ok,0,62,0.4180687861517072,3.341368264518678,3.767204529605806,5,13,23,0,,
2026-05-16T00:18:00.897240,clean,persist,{'bins': 6},62,1,2,ok,62,124,0.41348924580961466,1.437283180654049,1.858371197246015,5,19,33,0,,
2026-05-16T00:18:04.002014,clean,persist,{'bins': 6},62,2,2,ok,124,186,0.42734732385724783,2.630131377838552,3.0671712765470147,5,13,23,0,,
2026-05-16T00:18:06.692607,clean,persist,{'bins': 6},62,3,2,ok,186,248,0.4143327698111534,2.225861608982086,2.6479029869660735,5,8,16,0,,
2026-05-16T00:18:09.126764,clean,persist,{'bins': 6},62,4,2,ok,248,310,0.4159771176055074,1.9787387074902654,2.4026937894523144,5,13,21,0,,
2026-05-16T00:18:12.531319,clean,persist,{'bins': 6},63,0,2,ok,0,63,0.416368774138391,2.903780118562281,3.3280244832858443,5,6,13,0,,
2026-05-16T00:18:15.856046,clean,persist,{'bins': 6},63,1,2,ok,63,126,0.4268497386947274,2.8308289824053645,3.265561817213893,5,10,21,0,,
2026-05-16T00:18:19.746705,clean,persist,{'bins': 6},63,2,2,ok,126,189,0.42659116350114346,3.419161394238472,3.8535269694402814,5,16,31,0,,
2026-05-16T00:18:23.202928,clean,persist,{'bins': 6},63,3,2,ok,189,252,0.4253498921170831,2.974291660822928,3.407554474659264,5,3,8,0,,
2026-05-16T00:18:26.575240,clean,persist,{'bins': 6},63,4,2,ok,252,315,0.4218561099842191,2.9033938320353627,3.3333940282464027,5,14,25,0,,
2026-05-16T00:18:28.952532,clean,persist,{'bins': 6},64,0,2,ok,0,64,0.422495330683887,1.8723005997017026,2.3027670104056597,5,10,18,0,,
2026-05-16T00:18:33.511556,clean,persist,{'bins': 6},64,1,2,ok,64,128,0.43145281448960304,4.070348688401282,4.509949405677617,5,17,31,0,,
2026-05-16T00:18:36.950403,clean,persist,{'bins': 6},64,2,2,ok,128,192,0.41911725606769323,2.9638416338711977,3.3915556762367487,5,13,26,0,,
2026-05-16T00:18:39.792069,clean,persist,{'bins': 6},64,3,2,ok,192,256,0.4330918537452817,2.3528631292283535,2.793895175680518,5,3,9,0,,
2026-05-16T00:18:44.620940,clean,persist,{'bins': 6},64,4,2,ok,256,320,0.4300362737849355,4.341534652747214,4.779877477325499,5,12,23,0,,
2026-05-16T00:18:48.552892,clean,persist,{'bins': 6},65,0,2,ok,0,65,0.44242574367672205,3.404028712771833,3.8551284577697515,5,13,25,0,,
2026-05-16T00:18:51.923204,clean,persist,{'bins': 6},65,1,2,ok,65,130,0.4372597308829427,2.8866744497790933,3.3323518009856343,5,22,40,0,,
2026-05-16T00:18:54.733582,clean,persist,{'bins': 6},65,2,2,ok,130,195,0.4353119023144245,2.3348075076937675,2.7785080950707197,5,11,24,0,,
2026-05-16T00:18:58.403980,clean,persist,{'bins': 6},65,3,2,ok,195,260,0.4398628594353795,3.1836688378825784,3.6316217314451933,5,19,31,0,,
2026-05-16T00:19:01.824335,clean,persist,{'bins': 6},65,4,2,ok,260,325,0.4207620555534959,2.948491433635354,3.3774679470807314,5,8,17,0,,
2026-05-16T00:19:06.502409,clean,persist,{'bins': 6},66,0,2,ok,0,66,0.43518230877816677,4.147910402156413,4.591451129876077,5,13,23,0,,
2026-05-16T00:19:10.853416,clean,persist,{'bins': 6},66,1,2,ok,66,132,0.44865707680583,3.8383253579959273,4.295967880636454,5,9,18,0,,
2026-05-16T00:19:14.091917,clean,persist,{'bins': 6},66,2,2,ok,132,198,0.4273036699742079,2.7537172427400947,3.189869121648371,5,7,14,0,,
2026-05-16T00:19:17.421365,clean,persist,{'bins': 6},66,3,2,ok,198,264,0.44286653120070696,2.835444691590965,3.2868488682433963,5,27,45,0,,
2026-05-16T00:19:20.475503,clean,persist,{'bins': 6},66,4,2,ok,264,330,0.4244002578780055,2.584162440150976,3.016867716796696,5,13,26,0,,
2026-05-16T00:19:24.056054,clean,persist,{'bins': 6},67,0,2,ok,0,67,0.445642676204443,3.0445192912593484,3.4985386291518807,5,13,23,0,,
2026-05-16T00:19:28.968469,clean,persist,{'bins': 6},67,1,2,ok,67,134,0.4433738738298416,4.410018066875637,4.862611496821046,5,23,47,0,,
2026-05-16T00:19:34.740690,clean,persist,{'bins': 6},67,2,2,ok,134,201,0.440597640350461,5.262048028409481,5.711303750053048,5,10,20,0,,
2026-05-16T00:19:38.316862,clean,persist,{'bins': 6},67,3,2,ok,201,268,0.4405947448685765,3.0799621380865574,3.529244750738144,5,4,11,0,,
2026-05-16T00:19:40.903404,clean,persist,{'bins': 6},67,4,2,ok,268,335,0.4278177469968796,2.1098988289013505,2.545970027334988,5,10,17,0,,
2026-05-16T00:19:46.266582,clean,persist,{'bins': 6},68,0,2,ok,0,68,0.4568359386175871,4.819772477261722,5.285230148583651,5,12,26,0,,
2026-05-16T00:19:51.651771,clean,persist,{'bins': 6},68,1,2,ok,68,136,0.43778545781970024,4.8798071732744575,5.326201700605452,5,16,34,0,,
2026-05-16T00:19:55.504858,clean,persist,{'bins': 6},68,2,2,ok,136,204,0.4494450958445668,3.3456166237592697,3.8040136536583304,5,12,23,0,,
2026-05-16T00:19:59.042653,clean,persist,{'bins': 6},68,3,2,ok,204,272,0.4497683346271515,3.0303044728934765,3.488671005703509,5,14,26,0,,
2026-05-16T00:20:01.918590,clean,persist,{'bins': 6},68,4,2,ok,272,340,0.4430260304361582,2.3759384490549564,2.8271736474707723,5,7,14,0,,
2026-05-16T00:20:06.260075,clean,persist,{'bins': 6},69,0,2,ok,0,69,0.538776327855885,3.701524672098458,4.257477229461074,5,12,22,0,,
2026-05-16T00:20:09.220633,clean,persist,{'bins': 6},69,1,2,ok,69,138,0.4417660431936383,2.466591691598296,2.916820961050689,5,9,16,0,,
2026-05-16T00:20:12.814093,clean,persist,{'bins': 6},69,2,2,ok,138,207,0.4487109677866101,3.087891260161996,3.5452129608020186,5,9,19,0,,
2026-05-16T00:20:16.504859,clean,persist,{'bins': 6},69,3,2,ok,207,276,0.46127807162702084,3.1650730315595865,3.636073002591729,5,3,9,0,,
2026-05-16T00:20:20.250844,clean,persist,{'bins': 6},69,4,2,ok,276,345,0.4490098087117076,3.242710598744452,3.700346198864281,5,9,19,0,,
2026-05-16T00:20:25.936856,clean,persist,{'bins': 6},70,0,2,ok,0,70,0.46393545158207417,5.133507596328855,5.606125655584037,5,12,26,0,,
2026-05-16T00:20:30.101361,clean,persist,{'bins': 6},70,1,2,ok,70,140,0.4613068550825119,3.644880674779415,4.115313360467553,5,14,26,0,,
2026-05-16T00:20:33.616039,clean,persist,{'bins': 6},70,2,2,ok,140,210,0.4412212111055851,3.009635653346777,3.459649828262627,5,7,16,0,,
2026-05-16T00:20:36.973803,clean,persist,{'bins': 6},70,3,2,ok,210,280,0.44068773835897446,2.8561084615066648,3.3055758997797966,5,10,18,0,,
2026-05-16T00:20:40.712261,clean,persist,{'bins': 6},70,4,2,ok,280,350,0.4420117950066924,3.2393727898597717,3.6903024651110172,5,13,26,0,,
2026-05-16T00:20:44.841097,clean,persist,{'bins': 6},71,0,2,ok,0,71,0.45566307567059994,3.5791760301217437,4.043621470220387,5,12,22,0,,
2026-05-16T00:20:48.940366,clean,persist,{'bins': 6},71,1,2,ok,71,142,0.4621535446494818,3.584394150413573,4.055287400260568,5,19,40,0,,
2026-05-16T00:20:52.174796,clean,persist,{'bins': 6},71,2,2,ok,142,213,0.4591907998546958,2.722967268899083,3.1914746277034283,5,11,22,0,,
2026-05-16T00:20:55.622643,clean,persist,{'bins': 6},71,3,2,ok,213,284,0.4586541624739766,2.937127680517733,3.405100845731795,5,15,26,0,,
2026-05-16T00:20:58.207122,clean,persist,{'bins': 6},71,4,2,ok,284,355,0.45213089045137167,2.079860092140734,2.541802971623838,5,10,19,0,,
2026-05-16T00:21:02.295226,clean,persist,{'bins': 6},72,0,2,ok,0,72,0.5394189730286598,3.4385946029797196,3.9938496090471745,5,12,22,0,,
2026-05-16T00:21:06.160079,clean,persist,{'bins': 6},72,1,2,ok,72,144,0.5468902960419655,3.2538333889096975,3.8104166705161333,5,13,26,0,,
2026-05-16T00:21:08.762096,clean,persist,{'bins': 6},72,2,2,ok,144,216,0.45745859760791063,2.0832035820931196,2.549785654991865,5,2,8,0,,
2026-05-16T00:21:13.375172,clean,persist,{'bins': 6},72,3,2,ok,216,288,0.4616739433258772,4.076487016864121,4.547222379595041,5,13,23,0,,
2026-05-16T00:21:15.686861,clean,persist,{'bins': 6},72,4,2,ok,288,360,0.4626413816586137,1.7891419120132923,2.26087467931211,5,7,15,0,,
2026-05-16T00:21:20.067074,clean,persist,{'bins': 6},73,0,2,ok,0,73,0.47821605298668146,3.802835482172668,4.290144273079932,5,17,31,0,,
2026-05-16T00:21:23.332997,clean,persist,{'bins': 6},73,1,2,ok,73,146,0.4546438595280051,2.746650862507522,3.2105082869529724,5,10,21,0,,
2026-05-16T00:21:27.453276,clean,persist,{'bins': 6},73,2,2,ok,146,219,0.46876085456460714,3.5807534316554666,4.05955558642745,5,12,25,0,,
2026-05-16T00:21:30.292634,clean,persist,{'bins': 6},73,3,2,ok,219,292,0.45489841885864735,2.3244432816281915,2.7883186507970095,5,14,25,0,,
2026-05-16T00:21:32.614686,clean,persist,{'bins': 6},73,4,2,ok,292,365,0.5164135657250881,1.7452098801732063,2.27108989469707,5,5,11,0,,
2026-05-16T00:21:38.770840,clean,persist,{'bins': 6},74,0,2,ok,0,74,0.48759414721280336,5.575766216032207,6.073050593025982,5,12,26,0,,
2026-05-16T00:21:43.058676,clean,persist,{'bins': 6},74,1,2,ok,74,148,0.463251207023859,3.765394070185721,4.2378602949902415,5,20,43,0,,
2026-05-16T00:21:47.673102,clean,persist,{'bins': 6},74,2,2,ok,148,222,0.47650444880127907,4.070292462594807,4.556329415179789,5,6,15,0,,
2026-05-16T00:21:52.740940,clean,persist,{'bins': 6},74,3,2,ok,222,296,0.48628987837582827,4.51999444141984,5.018876149319112,5,11,22,0,,
2026-05-16T00:21:56.287718,clean,persist,{'bins': 6},74,4,2,ok,296,370,0.4670383594930172,3.021715512499213,3.4985064985230565,5,14,25,0,,
2026-05-16T00:22:02.850539,clean,persist,{'bins': 6},75,0,2,ok,0,75,0.4892310220748186,5.976462594233453,6.475395456887782,5,12,26,0,,
2026-05-16T00:22:07.139539,clean,persist,{'bins': 6},75,1,2,ok,75,150,0.472264526411891,3.7424514796584845,4.225303230807185,5,3,8,0,,
2026-05-16T00:22:10.087856,clean,persist,{'bins': 6},75,2,2,ok,150,225,0.4652619743719697,2.4300278779119253,2.9045785386115313,5,8,15,0,,
2026-05-16T00:22:14.270301,clean,persist,{'bins': 6},75,3,2,ok,225,300,0.49019082356244326,3.6344817839562893,4.134459991008043,5,18,30,0,,
2026-05-16T00:22:16.736984,clean,persist,{'bins': 6},75,4,2,ok,300,375,0.47524955309927464,1.930920717306435,2.4152828343212605,5,6,11,0,,
2026-05-16T00:22:19.812698,clean,persist,{'bins': 6},76,0,2,ok,0,76,0.4806285845115781,2.495202316902578,2.9857076425105333,5,6,12,0,,
2026-05-16T00:22:24.102735,clean,persist,{'bins': 6},76,1,2,ok,76,152,0.48197631631046534,3.738178794272244,4.2306064600124955,5,12,25,0,,
2026-05-16T00:22:28.080296,clean,persist,{'bins': 6},76,2,2,ok,152,228,0.4680518228560686,3.4392411867156625,3.9166662441566586,5,6,15,0,,
2026-05-16T00:22:32.235391,clean,persist,{'bins': 6},76,3,2,ok,228,304,0.48781823739409447,3.608530423603952,4.105814359150827,5,17,30,0,,
2026-05-16T00:22:36.264576,clean,persist,{'bins': 6},76,4,2,ok,304,380,0.4851086689159274,3.477099161595106,3.9716288950294256,5,11,23,0,,
2026-05-16T00:22:42.824856,clean,persist,{'bins': 6},77,0,2,ok,0,77,0.49586345814168453,5.972104588523507,6.477529795840383,5,13,29,0,,
2026-05-16T00:22:46.604844,clean,persist,{'bins': 6},77,1,2,ok,77,154,0.48492582608014345,3.233895151875913,3.728246260434389,5,15,30,0,,
2026-05-16T00:22:52.114121,clean,persist,{'bins': 6},77,2,2,ok,154,231,0.4864229680970311,4.952157470397651,5.448214472271502,5,8,17,0,,
2026-05-16T00:22:54.960515,clean,persist,{'bins': 6},77,3,2,ok,231,308,0.4844153765588999,2.299585424363613,2.793374326080084,5,11,20,0,,
2026-05-16T00:22:59.990506,clean,persist,{'bins': 6},77,4,2,ok,308,385,0.5464327353984118,4.409241458401084,4.9658438842743635,5,5,11,0,,
2026-05-16T00:23:03.879801,clean,persist,{'bins': 6},78,0,2,ok,0,78,0.49268633127212524,3.2946563120931387,3.797431712038815,5,9,19,0,,
2026-05-16T00:23:07.551780,clean,persist,{'bins': 6},78,1,2,ok,78,156,0.4747562650591135,3.1402178602293134,3.6244760416448116,5,20,37,0,,
2026-05-16T00:23:11.235642,clean,persist,{'bins': 6},78,2,2,ok,156,234,0.4879870656877756,3.1330829989165068,3.630711973644793,5,12,22,0,,
2026-05-16T00:23:15.678293,clean,persist,{'bins': 6},78,3,2,ok,234,312,0.4970519710332155,3.883762175217271,4.391018993221223,5,21,34,0,,
2026-05-16T00:23:18.332449,clean,persist,{'bins': 6},78,4,2,ok,312,390,0.47416627686470747,2.125088087283075,2.6087712198495865,5,14,24,0,,
2026-05-16T00:23:24.308574,clean,persist,{'bins': 6},79,0,2,ok,0,79,0.5569698372855783,5.30877978913486,5.876139760017395,5,12,24,0,,
2026-05-16T00:23:28.614044,clean,persist,{'bins': 6},79,1,2,ok,79,158,0.5498793199658394,3.6949091469869018,4.256364327855408,5,20,37,0,,
2026-05-16T00:23:32.940604,clean,persist,{'bins': 6},79,2,2,ok,158,237,0.5586426490917802,3.699353463947773,4.2684996500611305,5,18,32,0,,
2026-05-16T00:23:36.848832,clean,persist,{'bins': 6},79,3,2,ok,237,316,0.5271586254239082,3.320618904195726,3.8574558878317475,5,13,25,0,,
2026-05-16T00:23:38.962826,clean,persist,{'bins': 6},79,4,2,ok,316,395,0.5505004767328501,1.5014086188748479,2.061466776765883,5,18,28,0,,
2026-05-16T00:23:44.803461,clean,persist,{'bins': 6},80,0,2,ok,0,80,0.5584922768175602,5.17149362154305,5.740654305554926,5,12,24,0,,
2026-05-16T00:23:50.212220,clean,persist,{'bins': 6},80,1,2,ok,80,160,0.5468269363045692,4.790772040374577,5.34874674398452,5,11,20,0,,
2026-05-16T00:23:54.217471,clean,persist,{'bins': 6},80,2,2,ok,160,240,0.5349376769736409,3.4067975729703903,3.9520712830126286,5,13,23,0,,
2026-05-16T00:23:58.176154,clean,persist,{'bins': 6},80,3,2,ok,240,320,0.5587432570755482,3.33249996881932,3.9021557113155723,5,2,8,0,,
2026-05-16T00:24:00.238384,clean,persist,{'bins': 6},80,4,2,ok,320,400,0.5501191709190607,1.4516194658353925,2.012688212096691,5,15,23,0,,
2026-05-16T00:24:07.461719,clean,persist,{'bins': 6},81,0,2,ok,0,81,0.5718530006706715,6.552058443427086,7.13393182400614,5,22,42,0,,
2026-05-16T00:24:11.927792,clean,persist,{'bins': 6},81,1,2,ok,81,162,0.5498443534597754,3.8444728134199977,4.404578850604594,5,9,18,0,,
2026-05-16T00:24:20.061173,clean,persist,{'bins': 6},81,2,2,ok,162,243,0.55550173856318,7.492385312914848,8.059306449256837,5,7,17,0,,
2026-05-16T00:24:23.478748,clean,persist,{'bins': 6},81,3,2,ok,243,324,0.5375036941841245,2.8133296063169837,3.3607448767870665,5,8,17,0,,
2026-05-16T00:24:25.422630,clean,persist,{'bins': 6},81,4,2,ok,324,405,0.5422993618994951,1.3444923926144838,1.8964940374717116,5,8,17,0,,
2026-05-16T00:24:30.424800,clean,persist,{'bins': 6},82,0,2,ok,0,82,0.5602568816393614,4.335504055954516,4.905851659364998,5,13,25,0,,
2026-05-16T00:24:36.067997,clean,persist,{'bins': 6},82,1,2,ok,82,164,0.5662403889000416,4.996173741295934,5.572550987824798,5,9,20,0,,
2026-05-16T00:24:40.644678,clean,persist,{'bins': 6},82,2,2,ok,164,246,0.554406201466918,3.9532368509098887,4.517836898565292,5,18,35,0,,
2026-05-16T00:24:47.823105,clean,persist,{'bins': 6},82,3,2,ok,246,328,0.5633646575734019,6.538204493932426,7.112490814179182,5,13,26,0,,
2026-05-16T00:24:49.628183,clean,persist,{'bins': 6},82,4,2,ok,328,410,0.559111500158906,1.18486802931875,1.75380202755332,5,10,20,0,,
2026-05-16T00:24:54.735596,clean,persist,{'bins': 6},83,0,2,ok,0,83,0.5540690394118428,4.447732852771878,5.012020634487271,5,13,25,0,,
2026-05-16T00:24:59.270509,clean,persist,{'bins': 6},83,1,2,ok,83,166,0.6707838084548712,3.7831585947424173,4.472377527505159,5,14,23,0,,
2026-05-16T00:25:05.024092,clean,persist,{'bins': 6},83,2,2,ok,166,249,0.6457146434113383,5.037145981565118,5.695973745547235,5,18,43,0,,
2026-05-16T00:25:12.674794,clean,persist,{'bins': 6},83,3,2,ok,249,332,0.6126047791913152,6.967503583058715,7.593498921953142,5,26,46,0,,
2026-05-16T00:25:17.378871,clean,persist,{'bins': 6},83,4,2,ok,332,415,0.5767323039472103,4.047595332376659,4.635346462018788,5,15,28,0,,
2026-05-16T00:25:26.625873,clean,persist,{'bins': 6},84,0,2,ok,0,84,0.6029282547533512,8.512623668648303,9.127219346351922,5,13,25,0,,
2026-05-16T00:25:32.167955,clean,persist,{'bins': 6},84,1,2,ok,84,168,0.6301693385466933,4.8424581764265895,5.486077776178718,5,17,33,0,,
2026-05-16T00:25:38.990814,clean,persist,{'bins': 6},84,2,2,ok,168,252,0.664935264736414,6.073992893099785,6.752533331513405,5,23,42,0,,
2026-05-16T00:25:43.619958,clean,persist,{'bins': 6},84,3,2,ok,252,336,0.6133227180689573,3.955757576972246,4.58229226898402,5,13,25,0,,
2026-05-16T00:25:48.057540,clean,persist,{'bins': 6},84,4,2,ok,336,420,0.6403889134526253,3.7303391713649035,4.384218250401318,5,9,20,0,,
2026-05-16T00:25:55.114364,clean,persist,{'bins': 6},85,0,2,ok,0,85,0.6486314041540027,6.293609531596303,6.955929073505104,5,13,25,0,,
2026-05-16T00:26:01.867155,clean,persist,{'bins': 6},85,1,2,ok,85,170,0.6243008766323328,6.051458640024066,6.69016332924366,5,12,21,0,,
2026-05-16T00:26:08.774684,clean,persist,{'bins': 6},85,2,2,ok,170,255,0.6459535742178559,6.174069594591856,6.833703603595495,5,19,37,0,,
2026-05-16T00:26:15.357591,clean,persist,{'bins': 6},85,3,2,ok,255,340,0.6145746288821101,5.900176865980029,6.528480120003223,5,14,28,0,,
2026-05-16T00:26:20.666757,clean,persist,{'bins': 6},85,4,2,ok,340,425,0.6300341039896011,4.597764287143946,5.24169104360044,5,14,28,0,,
2026-05-16T00:26:30.312266,clean,persist,{'bins': 6},86,0,2,ok,0,86,0.6561032263562083,8.879533600062132,9.549619338475168,5,11,25,0,,
2026-05-16T00:26:34.800965,clean,persist,{'bins': 6},86,1,2,ok,86,172,0.6381081081926823,3.771976111456752,4.422231595031917,5,9,18,0,,
2026-05-16T00:26:40.106582,clean,persist,{'bins': 6},86,2,2,ok,172,258,0.6104405643418431,4.624450808390975,5.246784050017595,5,12,25,0,,
2026-05-16T00:26:46.492694,clean,persist,{'bins': 6},86,3,2,ok,258,344,0.5810625068843365,5.720106802880764,6.312799142673612,5,9,16,0,,
2026-05-16T00:26:48.504134,clean,persist,{'bins': 6},86,4,2,ok,344,430,0.5772003130987287,1.369375797919929,1.9591478630900383,5,13,21,0,,
2026-05-16T00:26:56.726063,clean,persist,{'bins': 6},87,0,2,ok,0,87,0.5983677506446838,7.519124513491988,8.129501177929342,5,11,25,0,,
2026-05-16T00:27:02.578952,clean,persist,{'bins': 6},87,1,2,ok,87,174,0.6044656317681074,5.173616358079016,5.790442725643516,5,20,35,0,,
2026-05-16T00:27:07.926212,clean,persist,{'bins': 6},87,2,2,ok,174,261,0.5905324937775731,4.669847060926259,5.272414809092879,5,12,24,0,,
2026-05-16T00:27:16.865713,clean,persist,{'bins': 6},87,3,2,ok,261,348,0.5842688484117389,8.258903588168323,8.857264424674213,5,10,21,0,,
2026-05-16T00:27:20.715355,clean,persist,{'bins': 6},87,4,2,ok,348,435,0.5733144646510482,3.20706226490438,3.794170467182994,5,14,25,0,,
2026-05-16T00:27:25.922952,clean,persist,{'bins': 6},88,0,2,ok,0,88,0.5840660575777292,4.5008095391094685,5.097145192325115,5,6,12,0,,
2026-05-16T00:27:31.400836,clean,persist,{'bins': 6},88,1,2,ok,88,176,0.6347201149910688,4.771014810539782,5.418125247582793,5,21,38,0,,
2026-05-16T00:27:38.935976,clean,persist,{'bins': 6},88,2,2,ok,176,264,0.5755666950717568,6.856263073161244,7.443275775760412,5,7,18,0,,
2026-05-16T00:27:45.527067,clean,persist,{'bins': 6},88,3,2,ok,264,352,0.6358666494488716,5.873237399384379,6.5212721824646,5,10,20,0,,
2026-05-16T00:27:49.598716,clean,persist,{'bins': 6},88,4,2,ok,352,440,0.573139326646924,3.4096847157925367,3.993704216554761,5,9,19,0,,
2026-05-16T00:27:55.715650,clean,persist,{'bins': 6},89,0,2,ok,0,89,0.5985310971736908,5.403797287493944,6.014463827013969,5,10,20,0,,
2026-05-16T00:27:59.823603,clean,persist,{'bins': 6},89,1,2,ok,89,178,0.5733049074187875,3.459347070194781,4.043615789152682,5,9,18,0,,
2026-05-16T00:28:04.658507,clean,persist,{'bins': 6},89,2,2,ok,178,267,0.5981542989611626,4.159334318712354,4.768472918309271,5,8,18,0,,
2026-05-16T00:28:12.244076,clean,persist,{'bins': 6},89,3,2,ok,267,356,0.5897487616166472,6.908201923593879,7.510634226724505,5,14,28,0,,
2026-05-16T00:28:19.878521,clean,persist,{'bins': 6},89,4,2,ok,356,445,0.5931832818314433,6.931579761207104,7.537366013973951,5,3,10,0,,
2026-05-16T00:28:24.567041,clean,persist,{'bins': 6},90,0,2,ok,0,90,0.6067545814439654,3.975953398272395,4.594382926821709,5,6,14,0,,
2026-05-16T00:28:29.466501,clean,persist,{'bins': 6},90,1,2,ok,90,180,0.593488946557045,4.214342143386602,4.819401951506734,5,3,8,0,,
2026-05-16T00:28:34.407786,clean,persist,{'bins': 6},90,2,2,ok,180,270,0.585849117487669,4.267331077717245,4.864270535297692,5,9,15,0,,
2026-05-16T00:28:39.637447,clean,persist,{'bins': 6},90,3,2,ok,270,360,0.6103465771302581,4.536718873307109,5.160007778555155,5,5,13,0,,
2026-05-16T00:28:46.382840,clean,persist,{'bins': 6},90,4,2,ok,360,450,0.5957718528807163,6.076916674152017,6.687106346711516,5,27,56,0,,
2026-05-16T00:28:53.144979,clean,persist,{'bins': 6},91,0,2,ok,0,91,0.6244537234306335,6.018361558206379,6.654690895229578,5,9,18,0,,
2026-05-16T00:28:57.544953,clean,persist,{'bins': 6},91,1,2,ok,91,182,0.6051143808290362,3.721508886665106,4.337922278791666,5,14,25,0,,
2026-05-16T00:29:02.343505,clean,persist,{'bins': 6},91,2,2,ok,182,273,0.593994596041739,4.1326988423243165,4.7383399130776525,5,12,25,0,,
2026-05-16T00:29:06.734996,clean,persist,{'bins': 6},91,3,2,ok,273,364,0.5984233729541302,3.722704770974815,4.332592788152397,5,10,20,0,,
2026-05-16T00:29:11.285852,clean,persist,{'bins': 6},91,4,2,ok,364,455,0.5847295457497239,3.8849207423627377,4.482256684452295,5,9,17,0,,
2026-05-16T00:29:17.927882,clean,persist,{'bins': 6},92,0,2,ok,0,92,0.6103582317009568,5.91158090531826,6.533871557563543,5,9,18,0,,
2026-05-16T00:29:21.368774,clean,persist,{'bins': 6},92,1,2,ok,92,184,0.6110546365380287,2.750633933581412,3.373137854039669,5,13,24,0,,
2026-05-16T00:29:26.946666,clean,persist,{'bins': 6},92,2,2,ok,184,276,0.6173379383981228,4.87501051556319,5.504398304969072,5,16,28,0,,
2026-05-16T00:29:34.556154,clean,persist,{'bins': 6},92,3,2,ok,276,368,0.616280191577971,6.904130596667528,7.53358886949718,5,11,22,0,,
2026-05-16T00:29:39.239451,clean,persist,{'bins': 6},92,4,2,ok,368,460,0.6030411152169108,4.003812050446868,4.6199851911515,5,9,18,0,,
2026-05-16T00:29:43.621498,clean,persist,{'bins': 6},93,0,2,ok,0,93,0.6064367750659585,3.663319855928421,4.282639197073877,5,10,18,0,,
2026-05-16T00:29:51.276058,clean,persist,{'bins': 6},93,1,2,ok,93,186,0.5970380222424865,6.96307332161814,7.571843137964606,5,8,15,0,,
2026-05-16T00:29:55.459913,clean,persist,{'bins': 6},93,2,2,ok,186,279,0.6053336029872298,3.5015522288158536,4.118664603680372,5,6,12,0,,
2026-05-16T00:30:00.614261,clean,persist,{'bins': 6},93,3,2,ok,279,372,0.6092693945392966,4.4651614567264915,5.087023341096938,5,8,18,0,,
2026-05-16T00:30:05.716716,clean,persist,{'bins': 6},93,4,2,ok,372,465,0.6076086843386292,4.407376556657255,5.027428791858256,5,4,14,0,,
2026-05-16T00:30:13.884260,clean,persist,{'bins': 6},94,0,2,ok,0,94,0.6642454192042351,7.37671821936965,8.053925172425807,5,9,19,0,,
2026-05-16T00:30:17.413052,clean,persist,{'bins': 6},94,1,2,ok,94,188,0.6574072558432817,2.790136845782399,3.459845395758748,5,6,12,0,,
2026-05-16T00:30:23.659458,clean,persist,{'bins': 6},94,2,2,ok,188,282,0.6849381932988763,5.466032646596432,6.162628254853189,5,9,18,0,,
2026-05-16T00:30:29.172687,clean,persist,{'bins': 6},94,3,2,ok,282,376,0.6889272360131145,4.741860435344279,5.442772190086544,5,16,27,0,,
2026-05-16T00:30:35.058622,clean,persist,{'bins': 6},94,4,2,ok,376,470,0.6627055564895272,5.139266632497311,5.813678606413305,5,13,25,0,,
2026-05-16T00:30:44.561538,clean,persist,{'bins': 6},95,0,2,ok,0,95,0.7038861121982336,8.692008233629167,9.40846963506192,5,14,30,0,,
2026-05-16T00:30:51.279519,clean,persist,{'bins': 6},95,1,2,ok,95,190,0.6921209534630179,5.949625899083912,6.654598792083561,5,24,47,0,,
2026-05-16T00:30:54.739757,clean,persist,{'bins': 6},95,2,2,ok,190,285,0.6796984514221549,2.7022890830412507,3.3936084508895874,5,18,31,0,,
2026-05-16T00:31:00.361213,clean,persist,{'bins': 6},95,3,2,ok,285,380,0.692683881148696,4.841480117291212,5.545995971187949,5,7,18,0,,
2026-05-16T00:31:06.031482,clean,persist,{'bins': 6},95,4,2,ok,380,475,0.6830013254657388,4.911116207018495,5.607328865677118,5,21,41,0,,
2026-05-16T00:31:11.418109,clean,persist,{'bins': 6},96,0,2,ok,0,96,0.6967155141755939,4.565015428699553,5.2745422050356865,5,15,25,0,,
2026-05-16T00:31:18.446506,clean,persist,{'bins': 6},96,1,2,ok,96,192,0.6962287602946162,6.2462133429944515,6.954601910896599,5,23,45,0,,
2026-05-16T00:31:24.606577,clean,persist,{'bins': 6},96,2,2,ok,192,288,0.7056859722360969,5.354779694229364,6.073264105245471,5,10,19,0,,
2026-05-16T00:31:27.116455,clean,persist,{'bins': 6},96,3,2,ok,288,384,0.6626505441963673,1.7790607577189803,2.4542763410136104,5,6,10,0,,
2026-05-16T00:31:30.507807,clean,persist,{'bins': 6},96,4,2,ok,384,480,0.6670404290780425,2.648007011041045,3.327767360024154,5,13,25,0,,
2026-05-16T00:31:37.971141,clean,persist,{'bins': 6},97,0,2,ok,0,97,0.7126762140542269,6.6259016543626785,7.350812786258757,5,9,19,0,,
2026-05-16T00:31:43.375088,clean,persist,{'bins': 6},97,1,2,ok,97,194,0.6976087475195527,4.637697017751634,5.3472226690500975,5,13,30,0,,
2026-05-16T00:31:49.624195,clean,persist,{'bins': 6},97,2,2,ok,194,291,0.7040020227432251,5.4465180821716785,6.162715672515333,5,10,19,0,,
2026-05-16T00:31:55.219480,clean,persist,{'bins': 6},97,3,2,ok,291,388,0.6907132752239704,4.833070571534336,5.535847646184266,5,12,23,0,,
2026-05-16T00:32:00.450557,clean,persist,{'bins': 6},97,4,2,ok,388,485,0.6828060103580356,4.4728895630687475,5.1690551564097404,5,21,38,0,,
2026-05-16T00:32:10.239342,clean,persist,{'bins': 6},98,0,2,ok,0,98,0.7194233629852533,8.961366617120802,9.693320985883474,5,14,30,0,,
2026-05-16T00:32:16.180336,clean,persist,{'bins': 6},98,1,2,ok,98,196,0.7025902308523655,5.163227317854762,5.87945244833827,5,16,31,0,,
2026-05-16T00:32:22.446067,clean,persist,{'bins': 6},98,2,2,ok,196,294,0.7238232381641865,5.438296359963715,6.175354606471956,5,5,15,0,,
2026-05-16T00:32:28.294388,clean,persist,{'bins': 6},98,3,2,ok,294,392,0.6773489648476243,5.061616973020136,5.751404711976647,5,4,12,0,,
2026-05-16T00:32:35.509705,clean,persist,{'bins': 6},98,4,2,ok,392,490,0.7114883530884981,6.409009208902717,7.133775913156569,5,5,15,0,,
2026-05-16T00:32:40.153747,clean,persist,{'bins': 6},99,0,2,ok,0,99,0.7004609322175384,3.823044463992119,4.5357361901551485,5,12,23,0,,
2026-05-16T00:32:49.670973,clean,persist,{'bins': 6},99,1,2,ok,99,198,0.6982023445889354,8.717045647092164,9.428157749585807,5,14,26,0,,
2026-05-16T00:32:55.177818,clean,persist,{'bins': 6},99,2,2,ok,198,297,0.7158827325329185,4.69921070151031,5.428568824194372,5,7,16,0,,
2026-05-16T00:33:01.133762,clean,persist,{'bins': 6},99,3,2,ok,297,396,0.7037803502753377,5.142146384343505,5.858534706756473,5,3,8,0,,
2026-05-16T00:33:07.457779,clean,persist,{'bins': 6},99,4,2,ok,396,495,0.7063831500709057,5.515750675462186,6.2350404085591435,5,6,14,0,,
2026-05-16T00:33:17.517064,clean,persist,{'bins': 6},100,0,2,ok,0,100,0.7312253750860691,9.215914282947779,9.960762395523489,5,14,30,0,,
2026-05-16T00:33:23.098666,clean,persist,{'bins': 6},100,1,2,ok,100,200,0.710625821724534,4.7827452365309,5.506168144755065,5,9,20,0,,
2026-05-16T00:33:26.785511,clean,persist,{'bins': 6},100,2,2,ok,200,300,0.6871583927422762,2.9222019370645285,3.621997356414795,5,20,30,0,,
2026-05-16T00:33:32.256163,clean,persist,{'bins': 6},100,3,2,ok,300,400,0.7116043725982308,4.66322061419487,5.388885175809264,5,6,14,0,,
2026-05-16T00:33:39.582843,clean,persist,{'bins': 6},100,4,2,ok,400,500,0.7223928505554795,6.521013104356825,7.2567392680794,5,19,40,0,,
2026-05-16T00:33:39.764159,noisy,naive,{'bins': 5},1,0,2,ok,0,1,0.0004726080223917961,0.027296509593725204,0.02813403308391571,5,6,9,0,,
2026-05-16T00:33:39.839954,noisy,naive,{'bins': 5},1,1,2,ok,1,2,0.0004178853705525398,0.07220297493040562,0.07293279562145472,5,19,34,0,,
2026-05-16T00:33:39.889343,noisy,naive,{'bins': 5},1,2,2,ok,2,3,0.00045431312173604965,0.04608841426670551,0.04690615925937891,5,9,17,0,,
2026-05-16T00:33:39.912383,noisy,naive,{'bins': 5},1,3,2,ok,3,4,0.00042125117033720016,0.02041482087224722,0.021129071712493896,5,6,9,0,,
2026-05-16T00:33:39.939730,noisy,naive,{'bins': 5},1,4,2,ok,4,5,0.0004152199253439903,0.024640964344143867,0.02534331288188696,5,6,9,0,,
2026-05-16T00:33:40.099207,noisy,naive,{'bins': 5},2,0,2,ok,0,2,0.0007056146860122681,0.09771295078098774,0.0989730367437005,5,7,11,0,,
2026-05-16T00:33:40.147184,noisy,naive,{'bins': 5},2,1,2,ok,2,4,0.0006346814334392548,0.04410676285624504,0.04515150375664234,5,6,9,0,,
2026-05-16T00:33:40.261494,noisy,naive,{'bins': 5},2,2,2,ok,4,6,0.0006359340623021126,0.10948985256254673,0.11056851875036955,5,7,14,0,,
2026-05-16T00:33:40.269593,noisy,naive,{'bins': 5},2,3,2,ok,6,8,0.0006556911394000053,0.005529151298105717,0.0065221358090639114,5,5,6,0,,
2026-05-16T00:33:40.303319,noisy,naive,{'bins': 5},2,4,2,ok,8,10,0.0005439911037683487,0.030766624957323074,0.031649802811443806,5,7,11,0,,
2026-05-16T00:33:40.418861,noisy,naive,{'bins': 5},3,0,2,ok,0,3,0.0009145773947238922,0.054787577129900455,0.056290118023753166,5,7,12,0,,
2026-05-16T00:33:40.533904,noisy,naive,{'bins': 5},3,1,2,ok,3,6,0.000805622898042202,0.1099780797958374,0.11132515873759985,5,7,12,0,,
2026-05-16T00:33:40.555820,noisy,naive,{'bins': 5},3,2,2,ok,6,9,0.0008640419691801071,0.018189570866525173,0.01953165140002966,5,7,11,0,,
2026-05-16T00:33:40.611866,noisy,naive,{'bins': 5},3,3,2,ok,9,12,0.0008257012814283371,0.05217500124126673,0.053475323133170605,5,10,16,0,,
2026-05-16T00:33:40.692067,noisy,naive,{'bins': 5},3,4,2,ok,12,15,0.0008721183985471725,0.07539119105786085,0.07678305543959141,5,10,15,0,,
2026-05-16T00:33:40.850961,noisy,naive,{'bins': 5},4,0,2,ok,0,4,0.0011816387996077538,0.0963363777846098,0.0982359042391181,5,4,10,0,,
2026-05-16T00:33:40.881257,noisy,naive,{'bins': 5},4,1,2,ok,4,8,0.00108302291482687,0.02559707034379244,0.027270381338894367,5,7,9,0,,
2026-05-16T00:33:40.960114,noisy,naive,{'bins': 5},4,2,2,ok,8,12,0.0010681450366973877,0.07379864249378443,0.0754679162055254,5,6,12,0,,
2026-05-16T00:33:41.080764,noisy,naive,{'bins': 5},4,3,2,ok,12,16,0.001073305495083332,0.11499236430972815,0.11671288497745991,5,10,15,0,,
2026-05-16T00:33:41.139134,noisy,naive,{'bins': 5},4,4,2,ok,16,20,0.0011086110025644302,0.05354207754135132,0.05524215940386057,5,5,7,0,,
2026-05-16T00:33:41.393731,noisy,naive,{'bins': 5},5,0,2,ok,0,5,0.001384008675813675,0.19100271910429,0.19335364270955324,5,5,11,0,,
2026-05-16T00:33:41.442025,noisy,naive,{'bins': 5},5,1,2,ok,5,10,0.0013267714530229568,0.04276192747056484,0.044930619187653065,5,8,12,0,,
2026-05-16T00:33:41.501359,noisy,naive,{'bins': 5},5,2,2,ok,10,15,0.0015711300075054169,0.054113841615617275,0.05652716290205717,5,10,17,0,,
2026-05-16T00:33:41.588564,noisy,naive,{'bins': 5},5,3,2,ok,15,20,0.0013624578714370728,0.08167982753366232,0.0838659331202507,5,10,15,0,,
2026-05-16T00:33:41.672783,noisy,naive,{'bins': 5},5,4,2,ok,20,25,0.0013398351147770882,0.07870439253747463,0.08086492866277695,5,7,12,0,,
2026-05-16T00:33:41.921082,noisy,naive,{'bins': 5},6,0,2,ok,0,6,0.0016488954424858093,0.18142461404204369,0.18429334927350283,5,5,12,0,,
2026-05-16T00:33:41.985603,noisy,naive,{'bins': 5},6,1,2,ok,6,12,0.0015636160969734192,0.05854936968535185,0.06106148660182953,5,7,11,0,,
2026-05-16T00:33:42.152508,noisy,naive,{'bins': 5},6,2,2,ok,12,18,0.0015055257827043533,0.16006022226065397,0.16255654860287905,5,9,14,0,,
2026-05-16T00:33:42.260190,noisy,naive,{'bins': 5},6,3,2,ok,18,24,0.0014978814870119095,0.10125002264976501,0.1037505567073822,5,5,11,0,,
2026-05-16T00:33:42.364729,noisy,naive,{'bins': 5},6,4,2,ok,24,30,0.0015308139845728874,0.09859904367476702,0.10107689630240202,5,7,13,0,,
2026-05-16T00:33:42.726503,noisy,naive,{'bins': 5},7,0,2,ok,0,7,0.0017689308151602745,0.29503975436091423,0.298162005841732,5,4,10,0,,
2026-05-16T00:33:42.841100,noisy,naive,{'bins': 5},7,1,2,ok,7,14,0.001710762269794941,0.10729886963963509,0.11006773822009563,5,6,12,0,,
2026-05-16T00:33:43.006976,noisy,naive,{'bins': 5},7,2,2,ok,14,21,0.001721763052046299,0.15816147811710835,0.16097562201321125,5,8,13,0,,
2026-05-16T00:33:43.178602,noisy,naive,{'bins': 5},7,3,2,ok,21,28,0.0017267726361751556,0.1640805508941412,0.1669251723214984,5,5,12,0,,
2026-05-16T00:33:43.295991,noisy,naive,{'bins': 5},7,4,2,ok,28,35,0.0017639128491282463,0.11058882623910904,0.11340458318591118,5,5,11,0,,
2026-05-16T00:33:43.475412,noisy,naive,{'bins': 5},8,0,2,ok,0,8,0.00209928210824728,0.11438109632581472,0.1177678955718875,5,7,11,0,,
2026-05-16T00:33:43.642922,noisy,naive,{'bins': 5},8,1,2,ok,8,16,0.0019552605226635933,0.15933823585510254,0.1626207884401083,5,9,17,0,,
2026-05-16T00:33:43.862066,noisy,naive,{'bins': 5},8,2,2,ok,16,24,0.0019315565004944801,0.21067451406270266,0.2138574104756117,5,7,15,0,,
2026-05-16T00:33:43.969147,noisy,naive,{'bins': 5},8,3,2,ok,24,32,0.001961282454431057,0.09988449048250914,0.10308632161468267,5,9,15,0,,
2026-05-16T00:33:44.143174,noisy,naive,{'bins': 5},8,4,2,ok,32,40,0.002005966380238533,0.16596798412501812,0.1691851243376732,5,7,15,0,,
2026-05-16T00:33:44.371122,noisy,naive,{'bins': 5},9,0,2,ok,0,9,0.002306000329554081,0.16211267560720444,0.1658647209405899,5,7,12,0,,
2026-05-16T00:33:44.652583,noisy,naive,{'bins': 5},9,1,2,ok,9,18,0.0021530622616410255,0.2720815483480692,0.2756158644333482,5,10,18,0,,
2026-05-16T00:33:44.847347,noisy,naive,{'bins': 5},9,2,2,ok,18,27,0.002179071307182312,0.18564236350357533,0.18919210880994797,5,9,16,0,,
2026-05-16T00:33:45.055505,noisy,naive,{'bins': 5},9,3,2,ok,27,36,0.002181415446102619,0.19923417456448078,0.2027717661112547,5,7,14,0,,
2026-05-16T00:33:45.284960,noisy,naive,{'bins': 5},9,4,2,ok,36,45,0.0022339746356010437,0.22033121529966593,0.22398065775632858,5,7,14,0,,
2026-05-16T00:33:45.538977,noisy,naive,{'bins': 5},10,0,2,ok,0,10,0.0026600435376167297,0.18695160280913115,0.19110257551074028,5,9,14,0,,
2026-05-16T00:33:45.822806,noisy,naive,{'bins': 5},10,1,2,ok,10,20,0.0025787120684981346,0.2728899158537388,0.2769385976716876,5,9,15,0,,
2026-05-16T00:33:46.095853,noisy,naive,{'bins': 5},10,2,2,ok,20,30,0.002550758421421051,0.20184424426406622,0.2675294717773795,5,10,18,0,,
2026-05-16T00:33:46.359008,noisy,naive,{'bins': 5},10,3,2,ok,30,40,0.0025225160643458366,0.25291041377931833,0.2568734148517251,5,9,16,0,,
2026-05-16T00:33:46.584256,noisy,naive,{'bins': 5},10,4,2,ok,40,50,0.0025531938299536705,0.21581764984875917,0.21972814295440912,5,12,19,0,,
2026-05-16T00:33:46.854050,noisy,naive,{'bins': 5},11,0,2,ok,0,11,0.002846493385732174,0.20167649909853935,0.2061479240655899,5,9,14,0,,
2026-05-16T00:33:47.211289,noisy,naive,{'bins': 5},11,1,2,ok,11,22,0.0027110492810606956,0.34588909801095724,0.350146209821105,5,8,15,0,,
2026-05-16T00:33:47.331244,noisy,naive,{'bins': 5},11,2,2,ok,22,33,0.002727121114730835,0.11057829670608044,0.11479045636951923,5,9,15,0,,
2026-05-16T00:33:47.669790,noisy,naive,{'bins': 5},11,3,2,ok,33,44,0.00272456556558609,0.3278719997033477,0.33224594220519066,5,6,13,0,,
2026-05-16T00:33:47.907433,noisy,naive,{'bins': 5},11,4,2,ok,44,55,0.0027362462133169174,0.22727511264383793,0.23151227645576,5,9,15,0,,
2026-05-16T00:33:48.215424,noisy,naive,{'bins': 5},12,0,2,ok,0,12,0.0031759832054376602,0.23893455415964127,0.24382505659013987,5,9,14,0,,
2026-05-16T00:33:48.585033,noisy,naive,{'bins': 5},12,1,2,ok,12,24,0.003010672517120838,0.3566742977127433,0.361448691226542,5,8,15,0,,
2026-05-16T00:33:48.748909,noisy,naive,{'bins': 5},12,2,2,ok,24,36,0.0029469430446624756,0.1541203996166587,0.15861201286315918,5,9,15,0,,
2026-05-16T00:33:49.174639,noisy,naive,{'bins': 5},12,3,2,ok,36,48,0.002914552576839924,0.41430397145450115,0.41879948135465384,5,13,22,0,,
2026-05-16T00:33:49.408384,noisy,naive,{'bins': 5},12,4,2,ok,48,60,0.0030248891562223434,0.22154185827821493,0.22620758786797523,5,5,11,0,,
2026-05-16T00:33:49.729189,noisy,naive,{'bins': 5},13,0,2,ok,0,13,0.003261083737015724,0.2503148727118969,0.2553850216791034,5,9,14,0,,
2026-05-16T00:33:50.103882,noisy,naive,{'bins': 5},13,1,2,ok,13,26,0.003186682239174843,0.36124245449900627,0.3661629129201174,5,10,18,0,,
2026-05-16T00:33:50.482206,noisy,naive,{'bins': 5},13,2,2,ok,26,39,0.0032002395018935204,0.3659528475254774,0.37089493684470654,5,8,15,0,,
2026-05-16T00:33:50.785733,noisy,naive,{'bins': 5},13,3,2,ok,39,52,0.0031742192804813385,0.2909729005768895,0.2958794217556715,5,9,16,0,,
2026-05-16T00:33:51.074076,noisy,naive,{'bins': 5},13,4,2,ok,52,65,0.0031664660200476646,0.27605856768786907,0.28095554281026125,5,10,17,0,,
2026-05-16T00:33:51.485159,noisy,naive,{'bins': 5},14,0,2,ok,0,14,0.003494029864668846,0.34039746783673763,0.3458915827795863,5,10,17,0,,
2026-05-16T00:33:51.840726,noisy,naive,{'bins': 5},14,1,2,ok,14,28,0.003386247903108597,0.3406187314540148,0.3459175508469343,5,5,12,0,,
2026-05-16T00:33:52.275397,noisy,naive,{'bins': 5},14,2,2,ok,28,42,0.0033776918426156044,0.42085991986095905,0.4261061102151871,5,7,14,0,,
2026-05-16T00:33:52.603387,noisy,naive,{'bins': 5},14,3,2,ok,42,56,0.003412306308746338,0.31455059815198183,0.3197826314717531,5,7,13,0,,
2026-05-16T00:33:52.951717,noisy,naive,{'bins': 5},14,4,2,ok,56,70,0.003416826017200947,0.3357160585001111,0.3409392647445202,5,12,19,0,,
2026-05-16T00:33:53.407523,noisy,naive,{'bins': 5},15,0,2,ok,0,15,0.0037932321429252625,0.3830277780070901,0.38890157639980316,5,10,17,0,,
2026-05-16T00:33:53.881421,noisy,naive,{'bins': 5},15,1,2,ok,15,30,0.003680841065943241,0.4582619443535805,0.4639873644337058,5,5,12,0,,
2026-05-16T00:33:54.280596,noisy,naive,{'bins': 5},15,2,2,ok,30,45,0.0036543719470500946,0.38410500064492226,0.38980189710855484,5,8,14,0,,
2026-05-16T00:33:54.656239,noisy,naive,{'bins': 5},15,3,2,ok,45,60,0.003686833195388317,0.3595254709944129,0.3653062451630831,5,7,13,0,,
2026-05-16T00:33:55.146296,noisy,naive,{'bins': 5},15,4,2,ok,60,75,0.0036819837987422943,0.474526884034276,0.48023724649101496,5,7,13,0,,
2026-05-16T00:33:55.657915,noisy,naive,{'bins': 5},16,0,2,ok,0,16,0.0040144165977835655,0.43928257934749126,0.4455177765339613,5,10,17,0,,
2026-05-16T00:33:55.981535,noisy,naive,{'bins': 5},16,1,2,ok,16,32,0.0038456497713923454,0.3090798072516918,0.3149895519018173,5,12,18,0,,
2026-05-16T00:33:56.583671,noisy,naive,{'bins': 5},16,2,2,ok,32,48,0.0038949130102992058,0.58661431632936,0.5926352106034756,5,7,14,0,,
2026-05-16T00:33:56.907422,noisy,naive,{'bins': 5},16,3,2,ok,48,64,0.0038987305015325546,0.3081295033916831,0.3142751017585397,5,8,15,0,,
2026-05-16T00:33:57.362279,noisy,naive,{'bins': 5},16,4,2,ok,64,80,0.0039246780797839165,0.4381453664973378,0.44430865719914436,5,9,16,0,,
2026-05-16T00:33:57.773395,noisy,naive,{'bins': 5},17,0,2,ok,0,17,0.004224090836942196,0.338969468139112,0.345525536686182,5,10,18,0,,
2026-05-16T00:33:58.079223,noisy,naive,{'bins': 5},17,1,2,ok,17,34,0.00408843532204628,0.2908991826698184,0.2971346089616418,5,12,18,0,,
2026-05-16T00:33:58.634759,noisy,naive,{'bins': 5},17,2,2,ok,34,51,0.004221054725348949,0.5375586403533816,0.5440854243934155,5,8,15,0,,
2026-05-16T00:33:59.106359,noisy,naive,{'bins': 5},17,3,2,ok,51,68,0.004293551668524742,0.4545729300007224,0.46140957716852427,5,9,15,0,,
2026-05-16T00:33:59.706013,noisy,naive,{'bins': 5},17,4,2,ok,68,85,0.004146935418248177,0.5803876761347055,0.5868415636941791,5,9,17,0,,
2026-05-16T00:34:00.130163,noisy,naive,{'bins': 5},18,0,2,ok,0,18,0.0045063309371471405,0.35126799810677767,0.3582526221871376,5,10,18,0,,
2026-05-16T00:34:00.480754,noisy,naive,{'bins': 5},18,1,2,ok,18,36,0.004366869106888771,0.33406766410917044,0.340883350931108,5,11,17,0,,
2026-05-16T00:34:01.186137,noisy,naive,{'bins': 5},18,2,2,ok,36,54,0.004384903237223625,0.6867913361638784,0.693749881349504,5,10,17,0,,
2026-05-16T00:34:01.799523,noisy,naive,{'bins': 5},18,3,2,ok,54,72,0.004329598508775234,0.5945495152845979,0.6012719571590424,5,12,19,0,,
2026-05-16T00:34:02.335679,noisy,naive,{'bins': 5},18,4,2,ok,72,90,0.004321434535086155,0.5167499920353293,0.5235222671180964,5,8,16,0,,
2026-05-16T00:34:02.761172,noisy,naive,{'bins': 5},19,0,2,ok,0,19,0.0046828631311655045,0.3497202433645725,0.356939016841352,5,10,18,0,,
2026-05-16T00:34:03.134488,noisy,naive,{'bins': 5},19,1,2,ok,19,38,0.004617269150912762,0.356050418689847,0.36313369777053595,5,11,17,0,,
2026-05-16T00:34:03.846991,noisy,naive,{'bins': 5},19,2,2,ok,38,57,0.004599215462803841,0.6918522482737899,0.6991171389818192,5,8,15,0,,
2026-05-16T00:34:04.500862,noisy,naive,{'bins': 5},19,3,2,ok,57,76,0.0046236710622906685,0.6339258896186948,0.6411752505227923,5,11,17,0,,
2026-05-16T00:34:04.825311,noisy,naive,{'bins': 5},19,4,2,ok,76,95,0.004584066569805145,0.308151395060122,0.31519258581101894,5,8,16,0,,
2026-05-16T00:34:05.314978,noisy,naive,{'bins': 5},20,0,2,ok,0,20,0.0050244443118572235,0.4140300890430808,0.4217837378382683,5,10,18,0,,
2026-05-16T00:34:05.758579,noisy,naive,{'bins': 5},20,1,2,ok,20,40,0.00478862039744854,0.4246393796056509,0.4320483598858118,5,11,17,0,,
2026-05-16T00:34:06.347624,noisy,naive,{'bins': 5},20,2,2,ok,40,60,0.004810692742466927,0.5682846335694194,0.5758267045021057,5,9,16,0,,
2026-05-16T00:34:06.959820,noisy,naive,{'bins': 5},20,3,2,ok,60,80,0.004882306791841984,0.5913756871595979,0.5989262238144875,5,8,16,0,,
2026-05-16T00:34:07.315088,noisy,naive,{'bins': 5},20,4,2,ok,80,100,0.0050607118755578995,0.33614355232566595,0.34465088602155447,5,6,13,0,,
2026-05-16T00:34:07.826431,noisy,naive,{'bins': 5},21,0,2,ok,0,21,0.005191597156226635,0.4342004507780075,0.4421592727303505,5,10,18,0,,
2026-05-16T00:34:08.265465,noisy,naive,{'bins': 5},21,1,2,ok,21,42,0.005003383383154869,0.41994955390691757,0.42778301145881414,5,11,17,0,,
2026-05-16T00:34:08.813087,noisy,naive,{'bins': 5},21,2,2,ok,42,63,0.005050092004239559,0.5265408167615533,0.534413798712194,5,9,16,0,,
2026-05-16T00:34:09.545615,noisy,naive,{'bins': 5},21,3,2,ok,63,84,0.005102741532027721,0.7097285157069564,0.7177541935816407,5,7,14,0,,
2026-05-16T00:34:09.787756,noisy,naive,{'bins': 5},21,4,2,ok,84,105,0.005063697695732117,0.2260509068146348,0.23369460832327604,5,11,16,0,,
2026-05-16T00:34:10.305148,noisy,naive,{'bins': 5},22,0,2,ok,0,22,0.005486729554831982,0.4401709632948041,0.448528322391212,5,10,18,0,,
2026-05-16T00:34:10.717217,noisy,naive,{'bins': 5},22,1,2,ok,22,44,0.005263070575892925,0.39331896509975195,0.40142895095050335,5,8,15,0,,
2026-05-16T00:34:11.304430,noisy,naive,{'bins': 5},22,2,2,ok,44,66,0.005252311006188393,0.565263613127172,0.5734299756586552,5,8,15,0,,
2026-05-16T00:34:12.006116,noisy,naive,{'bins': 5},22,3,2,ok,66,88,0.005381233990192413,0.6777840964496136,0.6861545722931623,5,10,18,0,,
2026-05-16T00:34:12.352525,noisy,naive,{'bins': 5},22,4,2,ok,88,110,0.0055585866793990135,0.3266715984791517,0.33565500658005476,5,11,16,0,,
2026-05-16T00:34:12.913727,noisy,naive,{'bins': 5},23,0,2,ok,0,23,0.005654456093907356,0.482745579443872,0.4914742074906826,5,10,18,0,,
2026-05-16T00:34:13.428263,noisy,naive,{'bins': 5},23,1,2,ok,23,46,0.005538308992981911,0.49485983420163393,0.5033292369917035,5,8,15,0,,
2026-05-16T00:34:14.104762,noisy,naive,{'bins': 5},23,2,2,ok,46,69,0.005493825301527977,0.653879314661026,0.6625013034790754,5,10,17,0,,
2026-05-16T00:34:14.813622,noisy,naive,{'bins': 5},23,3,2,ok,69,92,0.005533058196306229,0.6842243205755949,0.6929347645491362,5,8,16,0,,
2026-05-16T00:34:15.139759,noisy,naive,{'bins': 5},23,4,2,ok,92,115,0.005517930723726749,0.30509998742491007,0.31359955575317144,5,9,14,0,,
2026-05-16T00:34:15.711218,noisy,naive,{'bins': 5},24,0,2,ok,0,24,0.005862726829946041,0.49188572261482477,0.5009344415739179,5,10,18,0,,
2026-05-16T00:34:16.291614,noisy,naive,{'bins': 5},24,1,2,ok,24,48,0.005765905603766441,0.5587625373154879,0.5677243331447244,5,8,15,0,,
2026-05-16T00:34:17.065199,noisy,naive,{'bins': 5},24,2,2,ok,48,72,0.005667480640113354,0.7493926286697388,0.7582470336928964,5,9,15,0,,
2026-05-16T00:34:17.712496,noisy,naive,{'bins': 5},24,3,2,ok,72,96,0.005796853452920914,0.6228972049430013,0.6319492608308792,5,6,14,0,,
2026-05-16T00:34:18.065069,noisy,naive,{'bins': 5},24,4,2,ok,96,120,0.005810689181089401,0.33075867407023907,0.3395674526691437,5,8,14,0,,
2026-05-16T00:34:18.719412,noisy,naive,{'bins': 5},25,0,2,ok,0,25,0.006190653890371323,0.5714392801746726,0.5810034675523639,5,9,17,0,,
2026-05-16T00:34:19.335361,noisy,naive,{'bins': 5},25,1,2,ok,25,50,0.006361864507198334,0.5918277101591229,0.6022327253594995,5,8,15,0,,
2026-05-16T00:34:20.242148,noisy,naive,{'bins': 5},25,2,2,ok,50,75,0.005998081527650356,0.8787333965301514,0.8881793925538659,5,9,15,0,,
2026-05-16T00:34:20.909184,noisy,naive,{'bins': 5},25,3,2,ok,75,100,0.0060503603890538216,0.6432675020769238,0.6527641033753753,5,6,14,0,,
2026-05-16T00:34:21.362462,noisy,naive,{'bins': 5},25,4,2,ok,100,125,0.006138886325061321,0.429570390842855,0.4388212002813816,5,6,11,0,,
2026-05-16T00:34:22.073202,noisy,naive,{'bins': 5},26,0,2,ok,0,26,0.006339371204376221,0.627772118896246,0.6375869065523148,5,8,16,0,,
2026-05-16T00:34:22.906770,noisy,naive,{'bins': 5},26,1,2,ok,26,52,0.006260325200855732,0.8080135565251112,0.8177107246592641,5,8,15,0,,
2026-05-16T00:34:23.829638,noisy,naive,{'bins': 5},26,2,2,ok,52,78,0.0062849195674061775,0.8946061907336116,0.9045178908854723,5,11,19,0,,
2026-05-16T00:34:24.128658,noisy,naive,{'bins': 5},26,3,2,ok,78,104,0.006187357008457184,0.2777055539190769,0.28712631203234196,5,12,19,0,,
2026-05-16T00:34:25.612862,noisy,naive,{'bins': 5},26,4,2,ok,104,130,0.006221792660653591,1.4487683940678835,1.4587316904217005,5,7,14,0,,
2026-05-16T00:34:26.324506,noisy,naive,{'bins': 5},27,0,2,ok,0,27,0.006596144288778305,0.6282574413344264,0.6383700584992766,5,8,16,0,,
2026-05-16T00:34:27.196983,noisy,naive,{'bins': 5},27,1,2,ok,27,54,0.006482572294771671,0.8452828926965594,0.8553930055350065,5,8,15,0,,
2026-05-16T00:34:28.132510,noisy,naive,{'bins': 5},27,2,2,ok,54,81,0.006525972858071327,0.908142919652164,0.9184273593127728,5,9,16,0,,
2026-05-16T00:34:28.549273,noisy,naive,{'bins': 5},27,3,2,ok,81,108,0.006569654680788517,0.39384765923023224,0.4038310833275318,5,9,14,0,,
2026-05-16T00:34:29.941987,noisy,naive,{'bins': 5},27,4,2,ok,108,135,0.006498351693153381,1.3570593260228634,1.3674523402005434,5,7,14,0,,
2026-05-16T00:34:30.676066,noisy,naive,{'bins': 5},28,0,2,ok,0,28,0.006831865757703781,0.6486483486369252,0.6591962017118931,5,6,14,0,,
2026-05-16T00:34:31.568096,noisy,naive,{'bins': 5},28,1,2,ok,28,56,0.0067904796451330185,0.8632110878825188,0.8737895702943206,5,7,14,0,,
2026-05-16T00:34:32.548848,noisy,naive,{'bins': 5},28,2,2,ok,56,84,0.006888052448630333,0.951885380782187,0.9632686134427786,5,7,14,0,,
2026-05-16T00:34:32.962480,noisy,naive,{'bins': 5},28,3,2,ok,84,112,0.006707221269607544,0.3889822857454419,0.39921814296394587,5,9,14,0,,
2026-05-16T00:34:34.743505,noisy,naive,{'bins': 5},28,4,2,ok,112,140,0.006832599639892578,1.740504777058959,1.751208795234561,5,6,13,0,,
2026-05-16T00:34:35.502674,noisy,naive,{'bins': 5},29,0,2,ok,0,29,0.0070995911955833435,0.6729368036612868,0.6839496623724699,5,6,14,0,,
2026-05-16T00:34:36.462898,noisy,naive,{'bins': 5},29,1,2,ok,29,58,0.006961669772863388,0.9311177795752883,0.9420065740123391,5,8,15,0,,
2026-05-16T00:34:37.457601,noisy,naive,{'bins': 5},29,2,2,ok,58,87,0.007178298197686672,0.9631522474810481,0.9745347490534186,5,6,14,0,,
2026-05-16T00:34:37.878558,noisy,naive,{'bins': 5},29,3,2,ok,87,116,0.007001125253736973,0.39428956247866154,0.40504508651793003,5,9,14,0,,
2026-05-16T00:34:39.093796,noisy,naive,{'bins': 5},29,4,2,ok,116,145,0.006936343386769295,1.179546756669879,1.1903484473004937,5,6,14,0,,
2026-05-16T00:34:39.939067,noisy,naive,{'bins': 5},30,0,2,ok,0,30,0.007361452095210552,0.7587252287194133,0.770055933855474,5,6,14,0,,
2026-05-16T00:34:40.918804,noisy,naive,{'bins': 5},30,1,2,ok,30,60,0.007162407971918583,0.9488468086346984,0.9598786309361458,5,7,13,0,,
2026-05-16T00:34:41.911079,noisy,naive,{'bins': 5},30,2,2,ok,60,90,0.007120919413864613,0.9585502492263913,0.969710161909461,5,8,16,0,,
2026-05-16T00:34:42.308470,noisy,naive,{'bins': 5},30,3,2,ok,90,120,0.007645203731954098,0.3693108633160591,0.38077765237540007,5,9,14,0,,
2026-05-16T00:34:43.655580,noisy,naive,{'bins': 5},30,4,2,ok,120,150,0.00759841687977314,1.310988450422883,1.322665274143219,5,9,18,0,,
2026-05-16T00:34:44.492830,noisy,naive,{'bins': 5},31,0,2,ok,0,31,0.007813400588929653,0.7462504878640175,0.7581405630335212,5,8,16,0,,
2026-05-16T00:34:45.386323,noisy,naive,{'bins': 5},31,1,2,ok,31,62,0.0075122639536857605,0.8624805109575391,0.8739990778267384,5,10,17,0,,
2026-05-16T00:34:46.379353,noisy,naive,{'bins': 5},31,2,2,ok,62,93,0.00758037343621254,0.9568546768277884,0.9685769574716687,5,8,15,0,,
2026-05-16T00:34:46.780257,noisy,naive,{'bins': 5},31,3,2,ok,93,124,0.0075154611840844154,0.37168412934988737,0.3832045504823327,5,9,14,0,,
2026-05-16T00:34:47.499585,noisy,naive,{'bins': 5},31,4,2,ok,124,155,0.007562058046460152,0.6888730693608522,0.7005717242136598,5,11,19,0,,
2026-05-16T00:34:48.279753,noisy,naive,{'bins': 5},32,0,2,ok,0,32,0.007824941538274288,0.6897660354152322,0.7018085066229105,5,8,16,0,,
2026-05-16T00:34:49.261644,noisy,naive,{'bins': 5},32,1,2,ok,32,64,0.007677736692130566,0.9494323618710041,0.9615810923278332,5,10,17,0,,
2026-05-16T00:34:50.243103,noisy,naive,{'bins': 5},32,2,2,ok,64,96,0.007548453286290169,0.9490551836788654,0.9607488596811891,5,6,14,0,,
2026-05-16T00:34:50.824732,noisy,naive,{'bins': 5},32,3,2,ok,96,128,0.007668538950383663,0.549649054184556,0.5616136696189642,5,6,11,0,,
2026-05-16T00:34:51.588309,noisy,naive,{'bins': 5},32,4,2,ok,128,160,0.007881197147071362,0.7324207657948136,0.7444421062245965,5,8,15,0,,
2026-05-16T00:34:52.426909,noisy,naive,{'bins': 5},33,0,2,ok,0,33,0.008009066805243492,0.7481908556073904,0.7606012159958482,5,8,16,0,,
2026-05-16T00:34:53.491326,noisy,naive,{'bins': 5},33,1,2,ok,33,66,0.007820334285497665,1.030859519727528,1.0429786751046777,5,7,13,0,,
2026-05-16T00:34:54.627509,noisy,naive,{'bins': 5},33,2,2,ok,66,99,0.007819551974534988,1.1021872963756323,1.114371582865715,5,9,17,0,,
2026-05-16T00:34:55.281844,noisy,naive,{'bins': 5},33,3,2,ok,99,132,0.007908559404313564,0.6199098965153098,0.632032978348434,5,6,11,0,,
2026-05-16T00:34:56.257288,noisy,naive,{'bins': 5},33,4,2,ok,132,165,0.00799024198204279,0.9428140893578529,0.955154899507761,5,8,15,0,,
2026-05-16T00:34:57.051030,noisy,naive,{'bins': 5},34,0,2,ok,0,34,0.008323458023369312,0.7005522409453988,0.7134708762168884,5,8,16,0,,
2026-05-16T00:34:58.253561,noisy,naive,{'bins': 5},34,1,2,ok,34,68,0.008189196698367596,1.166403640061617,1.1790983751416206,5,7,13,0,,
2026-05-16T00:34:59.451666,noisy,naive,{'bins': 5},34,2,2,ok,68,102,0.008287549950182438,1.160556660965085,1.1735067758709192,5,11,20,0,,
2026-05-16T00:35:00.015223,noisy,naive,{'bins': 5},34,3,2,ok,102,136,0.008294343948364258,0.5313727213069797,0.544017412699759,5,11,17,0,,
2026-05-16T00:35:01.104659,noisy,naive,{'bins': 5},34,4,2,ok,136,170,0.008130956441164017,1.050746874883771,1.0634424816817045,5,11,19,0,,
2026-05-16T00:35:01.965728,noisy,naive,{'bins': 5},35,0,2,ok,0,35,0.00859603937715292,0.767484363168478,0.7807217473164201,5,8,16,0,,
2026-05-16T00:35:03.178719,noisy,naive,{'bins': 5},35,1,2,ok,35,70,0.008595328778028488,1.175464074127376,1.189595085568726,5,7,13,0,,
2026-05-16T00:35:03.545863,noisy,naive,{'bins': 5},35,2,2,ok,70,105,0.008382759988307953,0.3387434920296073,0.3515707366168499,5,8,14,0,,
2026-05-16T00:35:06.077802,noisy,naive,{'bins': 5},35,3,2,ok,105,140,0.008442762307822704,2.4758584275841713,2.4892028840258718,5,6,13,0,,
2026-05-16T00:35:07.130673,noisy,naive,{'bins': 5},35,4,2,ok,140,175,0.008369163610041142,1.0191469453275204,1.0319480104371905,5,7,15,0,,
2026-05-16T00:35:08.008070,noisy,naive,{'bins': 5},36,0,2,ok,0,36,0.008860846981406212,0.782392505556345,0.7960741044953465,5,8,16,0,,
2026-05-16T00:35:09.364165,noisy,naive,{'bins': 5},36,1,2,ok,36,72,0.00850309431552887,1.3182852379977703,1.3314634505659342,5,7,13,0,,
2026-05-16T00:35:09.819745,noisy,naive,{'bins': 5},36,2,2,ok,72,108,0.008478960022330284,0.4247714392840862,0.437663315795362,5,9,15,0,,
2026-05-16T00:35:11.612932,noisy,naive,{'bins': 5},36,3,2,ok,108,144,0.008678574115037918,1.737333851866424,1.750981716439128,5,3,10,0,,
2026-05-16T00:35:12.852194,noisy,naive,{'bins': 5},36,4,2,ok,144,180,0.008641275577247143,1.2013068599626422,1.2146853702142835,5,9,16,0,,
2026-05-16T00:35:13.815896,noisy,naive,{'bins': 5},37,0,2,ok,0,37,0.009034954011440277,0.867644558660686,0.8816999280825257,5,8,16,0,,
2026-05-16T00:35:15.294373,noisy,naive,{'bins': 5},37,1,2,ok,37,74,0.008896083571016788,1.4380078222602606,1.451910245232284,5,7,13,0,,
2026-05-16T00:35:15.785566,noisy,naive,{'bins': 5},37,2,2,ok,74,111,0.008974901400506496,0.4586503319442272,0.4725393606349826,5,9,15,0,,
2026-05-16T00:35:17.381022,noisy,naive,{'bins': 5},37,3,2,ok,111,148,0.008882056921720505,1.5524638164788485,1.5663080904632807,5,8,16,0,,
2026-05-16T00:35:18.497320,noisy,naive,{'bins': 5},37,4,2,ok,148,185,0.008827214129269123,1.0810520434752107,1.0947436708956957,5,6,13,0,,
2026-05-16T00:35:19.419339,noisy,naive,{'bins': 5},38,0,2,ok,0,38,0.009054571390151978,0.8271340671926737,0.8409898430109024,5,9,17,0,,
2026-05-16T00:35:21.023308,noisy,naive,{'bins': 5},38,1,2,ok,38,76,0.009034654125571251,1.5566919259727001,1.5707904873415828,5,6,12,0,,
2026-05-16T00:35:21.546314,noisy,naive,{'bins': 5},38,2,2,ok,76,114,0.009044731967151165,0.48904445115476847,0.5031019346788526,5,9,15,0,,
2026-05-16T00:35:22.364338,noisy,naive,{'bins': 5},38,3,2,ok,114,152,0.008950304239988327,0.7836932633072138,0.797395970672369,5,7,15,0,,
2026-05-16T00:35:23.419392,noisy,naive,{'bins': 5},38,4,2,ok,152,190,0.009254375472664833,1.0172986732795835,1.0315586468204856,5,6,12,0,,
2026-05-16T00:35:24.453921,noisy,naive,{'bins': 5},39,0,2,ok,0,39,0.00940785463899374,0.9382139425724745,0.9526080889627337,5,9,17,0,,
2026-05-16T00:35:25.966823,noisy,naive,{'bins': 5},39,1,2,ok,39,78,0.009500708431005478,1.4703706419095397,1.4850436821579933,5,8,16,0,,
2026-05-16T00:35:26.470639,noisy,naive,{'bins': 5},39,2,2,ok,78,117,0.009377207607030869,0.46878027357161045,0.4831924941390753,5,9,15,0,,
2026-05-16T00:35:27.397834,noisy,naive,{'bins': 5},39,3,2,ok,117,156,0.00920515414327383,0.8915176475420594,0.9056991944089532,5,7,15,0,,
2026-05-16T00:35:28.405511,noisy,naive,{'bins': 5},39,4,2,ok,156,195,0.009302336722612381,0.9698955584317446,0.9841211698949337,5,6,12,0,,
2026-05-16T00:35:29.496803,noisy,naive,{'bins': 5},40,0,2,ok,0,40,0.009518091566860676,0.993572074919939,1.0083002196624875,5,9,17,0,,
2026-05-16T00:35:30.727919,noisy,naive,{'bins': 5},40,1,2,ok,40,80,0.009499295614659786,1.1894973162561655,1.204080737195909,5,14,22,0,,
2026-05-16T00:35:31.300284,noisy,naive,{'bins': 5},40,2,2,ok,80,120,0.009408504702150822,0.5343516208231449,0.5487669073045254,5,9,14,0,,
2026-05-16T00:35:32.413301,noisy,naive,{'bins': 5},40,3,2,ok,120,160,0.009585428051650524,1.0705783339217305,1.0854185987263918,5,10,18,0,,
2026-05-16T00:35:33.336334,noisy,naive,{'bins': 5},40,4,2,ok,160,200,0.00949138030409813,0.8851654715836048,0.8997426209971309,5,6,12,0,,
2026-05-16T00:35:34.475393,noisy,naive,{'bins': 5},41,0,2,ok,0,41,0.009935465641319752,1.0401357356458902,1.0553729962557554,5,9,17,0,,
2026-05-16T00:35:35.789221,noisy,naive,{'bins': 5},41,1,2,ok,41,82,0.009772107936441898,1.2702312152832747,1.2854311056435108,5,11,18,0,,
2026-05-16T00:35:36.417156,noisy,naive,{'bins': 5},41,2,2,ok,82,123,0.009837660938501358,0.5865044957026839,0.601690698415041,5,9,14,0,,
2026-05-16T00:35:37.530873,noisy,naive,{'bins': 5},41,3,2,ok,123,164,0.00977816991508007,1.067562272772193,1.0826396010816097,5,11,19,0,,
2026-05-16T00:35:38.479600,noisy,naive,{'bins': 5},41,4,2,ok,164,205,0.009883786551654339,0.9104832913726568,0.9257649527862668,5,7,14,0,,
2026-05-16T00:35:39.630623,noisy,naive,{'bins': 5},42,0,2,ok,0,42,0.010106024332344532,1.049940437078476,1.0654429448768497,5,9,17,0,,
2026-05-16T00:35:41.063832,noisy,naive,{'bins': 5},42,1,2,ok,42,84,0.010110434144735336,1.3875004649162292,1.4030350930988789,5,11,18,0,,
2026-05-16T00:35:41.675995,noisy,naive,{'bins': 5},42,2,2,ok,84,126,0.010002501308918,0.5660948436707258,0.5813152426853776,5,9,14,0,,
2026-05-16T00:35:42.832353,noisy,naive,{'bins': 5},42,3,2,ok,126,168,0.010748210363090038,1.114173123613,1.130324819125235,5,7,15,0,,
2026-05-16T00:35:43.783812,noisy,naive,{'bins': 5},42,4,2,ok,168,210,0.010414664633572102,0.9115373715758324,0.9273364460095763,5,9,16,0,,
2026-05-16T00:35:44.999904,noisy,naive,{'bins': 5},43,0,2,ok,0,43,0.010793115012347698,1.1123688267543912,1.1293271472677588,5,9,17,0,,
2026-05-16T00:35:46.469927,noisy,naive,{'bins': 5},43,1,2,ok,43,86,0.010389096103608608,1.4229130893945694,1.4389158049598336,5,9,17,0,,
2026-05-16T00:35:47.125353,noisy,naive,{'bins': 5},43,2,2,ok,86,129,0.010268118232488632,0.6085984725505114,0.6242934707552195,5,9,14,0,,
2026-05-16T00:35:48.470945,noisy,naive,{'bins': 5},43,3,2,ok,129,172,0.010567942634224892,1.3019616287201643,1.3196664117276669,5,7,15,0,,
2026-05-16T00:35:50.067773,noisy,naive,{'bins': 5},43,4,2,ok,172,215,0.010103720240294933,1.5487866019830108,1.5644383188337088,5,12,20,0,,
2026-05-16T00:35:51.281900,noisy,naive,{'bins': 5},44,0,2,ok,0,44,0.010696714743971825,1.1100833481177688,1.1272244732826948,5,9,17,0,,
2026-05-16T00:35:52.807621,noisy,naive,{'bins': 5},44,1,2,ok,44,88,0.010620301589369774,1.478236649185419,1.4948953175917268,5,9,17,0,,
2026-05-16T00:35:53.468203,noisy,naive,{'bins': 5},44,2,2,ok,88,132,0.01048328448086977,0.612395491451025,0.6285412581637502,5,9,14,0,,
2026-05-16T00:35:54.933461,noisy,naive,{'bins': 5},44,3,2,ok,132,176,0.010506757535040379,1.4224126227200031,1.438492245040834,5,7,15,0,,
2026-05-16T00:35:56.493632,noisy,naive,{'bins': 5},44,4,2,ok,176,220,0.01055806502699852,1.512089523486793,1.52850710041821,5,11,19,0,,
2026-05-16T00:35:57.798532,noisy,naive,{'bins': 5},45,0,2,ok,0,45,0.010859901085495949,1.200513333082199,1.2171491393819451,5,9,17,0,,
2026-05-16T00:35:59.192974,noisy,naive,{'bins': 5},45,1,2,ok,45,90,0.01079146284610033,1.3453371273353696,1.3620092617347836,5,8,16,0,,
2026-05-16T00:35:59.937766,noisy,naive,{'bins': 5},45,2,2,ok,90,135,0.010795129463076591,0.6898862719535828,0.7066089706495404,5,9,14,0,,
2026-05-16T00:36:01.670605,noisy,naive,{'bins': 5},45,3,2,ok,135,180,0.010748612694442272,1.685631351545453,1.7022520592436194,5,7,15,0,,
2026-05-16T00:36:02.807785,noisy,naive,{'bins': 5},45,4,2,ok,180,225,0.010721992701292038,1.092387176118791,1.1091101467609406,5,10,18,0,,
2026-05-16T00:36:04.114026,noisy,naive,{'bins': 5},46,0,2,ok,0,46,0.01116728875786066,1.1925027156248689,1.2096266187727451,5,9,17,0,,
2026-05-16T00:36:05.613033,noisy,naive,{'bins': 5},46,1,2,ok,46,92,0.011122283525764942,1.4493272053077817,1.4667608682066202,5,13,22,0,,
2026-05-16T00:36:06.395955,noisy,naive,{'bins': 5},46,2,2,ok,92,138,0.010942797176539898,0.7250277353450656,0.7419217163696885,5,9,14,0,,
2026-05-16T00:36:07.996390,noisy,naive,{'bins': 5},46,3,2,ok,138,184,0.011008258908987045,1.548327773809433,1.5655219163745642,5,10,18,0,,
2026-05-16T00:36:09.284243,noisy,naive,{'bins': 5},46,4,2,ok,184,230,0.01098681055009365,1.2418582998216152,1.258680877275765,5,10,18,0,,
2026-05-16T00:36:10.621087,noisy,naive,{'bins': 5},47,0,2,ok,0,47,0.011362564750015736,1.2309565097093582,1.2486524963751435,5,9,17,0,,
2026-05-16T00:36:12.104660,noisy,naive,{'bins': 5},47,1,2,ok,47,94,0.01118352822959423,1.4271138701587915,1.4445661287754774,5,13,21,0,,
2026-05-16T00:36:13.026031,noisy,naive,{'bins': 5},47,2,2,ok,94,141,0.011041511781513691,0.865505563095212,0.8825241280719638,5,11,17,0,,
2026-05-16T00:36:14.637415,noisy,naive,{'bins': 5},47,3,2,ok,141,188,0.011156297288835049,1.5599742140620947,1.577074782922864,5,8,16,0,,
2026-05-16T00:36:15.643642,noisy,naive,{'bins': 5},47,4,2,ok,188,235,0.011138424277305603,0.9572607660666108,0.9742285450920463,5,12,20,0,,
2026-05-16T00:36:17.069842,noisy,naive,{'bins': 5},48,0,2,ok,0,48,0.011469755321741104,1.3206120925024152,1.3381969602778554,5,9,17,0,,
2026-05-16T00:36:18.632814,noisy,naive,{'bins': 5},48,1,2,ok,48,96,0.011242758482694626,1.5072416746988893,1.5246383184567094,5,13,21,0,,
2026-05-16T00:36:19.761423,noisy,naive,{'bins': 5},48,2,2,ok,96,144,0.011280150152742863,1.073940527625382,1.0912048537284136,5,6,11,0,,
2026-05-16T00:36:21.170018,noisy,naive,{'bins': 5},48,3,2,ok,144,192,0.01132148690521717,1.3622981775552034,1.379647291265428,5,6,13,0,,
2026-05-16T00:36:22.160189,noisy,naive,{'bins': 5},48,4,2,ok,192,240,0.011340141296386719,0.9419631650671363,0.9593538576737046,5,10,18,0,,
2026-05-16T00:36:23.638054,noisy,naive,{'bins': 5},49,0,2,ok,0,49,0.05791562329977751,1.32350392639637,1.388293296098709,5,9,17,0,,
2026-05-16T00:36:25.268878,noisy,naive,{'bins': 5},49,1,2,ok,49,98,0.011525650508701801,1.5789289297536016,1.5966590205207467,5,13,22,0,,
2026-05-16T00:36:26.527443,noisy,naive,{'bins': 5},49,2,2,ok,98,147,0.01251948717981577,1.2068602852523327,1.226244680583477,5,8,15,0,,
2026-05-16T00:36:27.941070,noisy,naive,{'bins': 5},49,3,2,ok,147,196,0.01175926998257637,1.364761226810515,1.3835573783144355,5,6,13,0,,
2026-05-16T00:36:29.227012,noisy,naive,{'bins': 5},49,4,2,ok,196,245,0.011617313139140606,1.2299302332103252,1.248242867179215,5,10,18,0,,
2026-05-16T00:36:30.718003,noisy,naive,{'bins': 5},50,0,2,ok,0,50,0.012088076211512089,1.3810762101784348,1.4000239875167608,5,9,17,0,,
2026-05-16T00:36:32.529584,noisy,naive,{'bins': 5},50,1,2,ok,50,100,0.011991605162620544,1.75118562951684,1.7700839135795832,5,11,19,0,,
2026-05-16T00:36:33.763955,noisy,naive,{'bins': 5},50,2,2,ok,100,150,0.011892731301486492,1.176671965047717,1.195015729404986,5,5,11,0,,
2026-05-16T00:36:35.064499,noisy,naive,{'bins': 5},50,3,2,ok,150,200,0.011857482604682446,1.2509924322366714,1.2693430166691542,5,8,15,0,,
2026-05-16T00:36:36.370399,noisy,naive,{'bins': 5},50,4,2,ok,200,250,0.011890766210854053,1.2475020503625274,1.2660833690315485,5,14,22,0,,
2026-05-16T00:36:37.895488,noisy,naive,{'bins': 5},51,0,2,ok,0,51,0.012319081462919712,1.4123923843726516,1.4315882381051779,5,9,17,0,,
2026-05-16T00:36:39.687190,noisy,naive,{'bins': 5},51,1,2,ok,51,102,0.01207846961915493,1.7350724702700973,1.7541164886206388,5,7,14,0,,
2026-05-16T00:36:40.717616,noisy,naive,{'bins': 5},51,2,2,ok,102,153,0.012164580635726452,0.9747849078848958,0.9937722394242883,5,7,13,0,,
2026-05-16T00:36:42.035153,noisy,naive,{'bins': 5},51,3,2,ok,153,204,0.012254810892045498,1.264750199392438,1.2837161803618073,5,6,12,0,,
2026-05-16T00:36:43.385195,noisy,naive,{'bins': 5},51,4,2,ok,204,255,0.013016880489885807,1.2930893804877996,1.3128426494076848,5,8,15,0,,
2026-05-16T00:36:44.931876,noisy,naive,{'bins': 5},52,0,2,ok,0,52,0.013216545805335045,1.4287465959787369,1.4495214335620403,5,9,17,0,,
2026-05-16T00:36:45.765612,noisy,naive,{'bins': 5},52,1,2,ok,52,104,0.013337472453713417,0.7774401400238276,0.7980880597606301,5,10,16,0,,
2026-05-16T00:36:46.808669,noisy,naive,{'bins': 5},52,2,2,ok,104,156,0.012583788484334946,0.9878620561212301,1.0072901751846075,5,7,15,0,,
2026-05-16T00:36:48.174421,noisy,naive,{'bins': 5},52,3,2,ok,156,208,0.013279364444315434,1.3082507085055113,1.3291755290701985,5,6,12,0,,
2026-05-16T00:36:49.418338,noisy,naive,{'bins': 5},52,4,2,ok,208,260,0.013373170047998428,1.1899837786331773,1.2108270740136504,5,7,15,0,,
2026-05-16T00:36:51.173103,noisy,naive,{'bins': 5},53,0,2,ok,0,53,0.01335817202925682,1.6296616848558187,1.6543494798243046,5,9,17,0,,
2026-05-16T00:36:51.933137,noisy,naive,{'bins': 5},53,1,2,ok,53,106,0.01705510262399912,0.6922263000160456,0.7222154987975955,5,10,16,0,,
2026-05-16T00:36:53.174585,noisy,naive,{'bins': 5},53,2,2,ok,106,159,0.014434031210839748,1.1848998246714473,1.2067880220711231,5,7,15,0,,
2026-05-16T00:36:54.434597,noisy,naive,{'bins': 5},53,3,2,ok,159,212,0.013762310147285461,1.200266657397151,1.2226685201749206,5,6,12,0,,
2026-05-16T00:36:55.327400,noisy,naive,{'bins': 5},53,4,2,ok,212,265,0.01380894798785448,0.8368739886209369,0.8583289226517081,5,6,12,0,,
2026-05-16T00:36:56.884234,noisy,naive,{'bins': 5},54,0,2,ok,0,54,0.013809648342430592,1.4379165396094322,1.459215090610087,5,9,17,0,,
2026-05-16T00:36:57.736897,noisy,naive,{'bins': 5},54,1,2,ok,54,108,0.01467550452798605,0.7909550992771983,0.8124787928536534,5,7,13,0,,
2026-05-16T00:36:59.047924,noisy,naive,{'bins': 5},54,2,2,ok,108,162,0.013857639394700527,1.2461659722030163,1.2675774553790689,5,11,19,0,,
2026-05-16T00:37:00.406731,noisy,naive,{'bins': 5},54,3,2,ok,162,216,0.013520277105271816,1.3013406610116363,1.3218794567510486,5,7,14,0,,
2026-05-16T00:37:01.320503,noisy,naive,{'bins': 5},54,4,2,ok,216,270,0.013837022706866264,0.8602946558967233,0.8821249362081289,5,9,16,0,,
2026-05-16T00:37:02.922502,noisy,naive,{'bins': 5},55,0,2,ok,0,55,0.013887445442378521,1.483756523579359,1.504969754256308,5,9,17,0,,
2026-05-16T00:37:03.814902,noisy,naive,{'bins': 5},55,1,2,ok,55,110,0.014757398515939713,0.8290167283266783,0.8507710136473179,5,7,13,0,,
2026-05-16T00:37:05.341894,noisy,naive,{'bins': 5},55,2,2,ok,110,165,0.014014183543622494,1.4616430839523673,1.4848442180082202,5,7,15,0,,
2026-05-16T00:37:06.629890,noisy,naive,{'bins': 5},55,3,2,ok,165,220,0.021079709753394127,1.2139903521165252,1.249176007695496,5,7,14,0,,
2026-05-16T00:37:07.661325,noisy,naive,{'bins': 5},55,4,2,ok,220,275,0.015060218051075935,0.9674719590693712,0.9938966752961278,5,12,20,0,,
2026-05-16T00:37:09.377092,noisy,naive,{'bins': 5},56,0,2,ok,0,56,0.017025046981871128,1.5799471298232675,1.6070134807378054,5,9,17,0,,
2026-05-16T00:37:10.379185,noisy,naive,{'bins': 5},56,1,2,ok,56,112,0.015194850973784924,0.9379309117794037,0.960798860527575,5,9,16,0,,
2026-05-16T00:37:11.838529,noisy,naive,{'bins': 5},56,2,2,ok,112,168,0.013504496775567532,1.3989495020359755,1.4206524323672056,5,7,15,0,,
2026-05-16T00:37:13.062547,noisy,naive,{'bins': 5},56,3,2,ok,168,224,0.01521331537514925,1.1618011323735118,1.1849891617894173,5,9,16,0,,
2026-05-16T00:37:14.235434,noisy,naive,{'bins': 5},56,4,2,ok,224,280,0.014890117570757866,1.1054929653182626,1.1293079117313027,5,10,17,0,,
2026-05-16T00:37:16.081277,noisy,naive,{'bins': 5},57,0,2,ok,0,57,0.014311753213405609,1.7240943005308509,1.7460402492433786,5,9,17,0,,
2026-05-16T00:37:17.014531,noisy,naive,{'bins': 5},57,1,2,ok,57,114,0.01438039168715477,0.8706775167956948,0.8925224840641022,5,9,16,0,,
2026-05-16T00:37:18.704430,noisy,naive,{'bins': 5},57,2,2,ok,114,171,0.014365773648023605,1.6287168581038713,1.6507387664169073,5,7,15,0,,
2026-05-16T00:37:19.911908,noisy,naive,{'bins': 5},57,3,2,ok,171,228,0.015294017270207405,1.14373738784343,1.1664404161274433,5,7,14,0,,
2026-05-16T00:37:21.184377,noisy,naive,{'bins': 5},57,4,2,ok,228,285,0.014498724602162838,1.2049700217321515,1.2281553763896227,5,10,17,0,,
2026-05-16T00:37:23.005502,noisy,naive,{'bins': 5},58,0,2,ok,0,58,0.01544276624917984,1.6944515369832516,1.7186938747763634,5,9,17,0,,
2026-05-16T00:37:23.968827,noisy,naive,{'bins': 5},58,1,2,ok,58,116,0.014352870173752308,0.9043533401563764,0.9263634169474244,5,9,15,0,,
2026-05-16T00:37:25.778866,noisy,naive,{'bins': 5},58,2,2,ok,116,174,0.014633968472480774,1.7406990248709917,1.7630721144378185,5,11,19,0,,
2026-05-16T00:37:27.684020,noisy,naive,{'bins': 5},58,3,2,ok,174,232,0.013940805569291115,1.8442988907918334,1.8664193768054247,5,9,18,0,,
2026-05-16T00:37:28.807862,noisy,naive,{'bins': 5},58,4,2,ok,232,290,0.01449630968272686,1.0616647088900208,1.0836091227829456,5,11,18,0,,
2026-05-16T00:37:30.643272,noisy,naive,{'bins': 5},59,0,2,ok,0,59,0.014708036556839943,1.7121942769736052,1.734534845687449,5,9,17,0,,
2026-05-16T00:37:31.632233,noisy,naive,{'bins': 5},59,1,2,ok,59,118,0.014783909544348717,0.9307227656245232,0.9529509730637074,5,9,15,0,,
2026-05-16T00:37:33.594583,noisy,naive,{'bins': 5},59,2,2,ok,118,177,0.014151913113892078,1.900096665136516,1.921799074858427,5,7,15,0,,
2026-05-16T00:37:34.858660,noisy,naive,{'bins': 5},59,3,2,ok,177,236,0.014694290235638618,1.1995260966941714,1.2216888004913926,5,15,23,0,,
2026-05-16T00:37:36.525012,noisy,naive,{'bins': 5},59,4,2,ok,236,295,0.014758992940187454,1.596706474199891,1.619104309938848,5,8,16,0,,
2026-05-16T00:37:38.414119,noisy,naive,{'bins': 5},60,0,2,ok,0,60,0.014409266412258148,1.7681636326014996,1.7902151579037309,5,9,17,0,,
2026-05-16T00:37:39.374131,noisy,naive,{'bins': 5},60,1,2,ok,60,120,0.014335567131638527,0.8985160840675235,0.9202833557501435,5,7,13,0,,
2026-05-16T00:37:41.572023,noisy,naive,{'bins': 5},60,2,2,ok,120,180,0.014837861061096191,2.1245573796331882,2.1472174879163504,5,11,19,0,,
2026-05-16T00:37:42.723731,noisy,naive,{'bins': 5},60,3,2,ok,180,240,0.014402663335204124,1.0942855942994356,1.1162706641480327,5,11,19,0,,
2026-05-16T00:37:44.482932,noisy,naive,{'bins': 5},60,4,2,ok,240,300,0.014269102364778519,1.6870148871093988,1.7090007802471519,5,10,18,0,,
2026-05-16T00:37:46.494925,noisy,naive,{'bins': 5},61,0,2,ok,0,61,0.015260283835232258,1.8886472266167402,1.9117975942790508,5,9,17,0,,
2026-05-16T00:37:47.481178,noisy,naive,{'bins': 5},61,1,2,ok,61,122,0.014522396959364414,0.9222521763294935,0.9443538850173354,5,9,15,0,,
2026-05-16T00:37:49.543716,noisy,naive,{'bins': 5},61,2,2,ok,122,183,0.01456593070179224,1.9978593504056334,2.0202291142195463,5,7,15,0,,
2026-05-16T00:37:50.817486,noisy,naive,{'bins': 5},61,3,2,ok,183,244,0.014672008343040943,1.2073026737198234,1.2296859128400683,5,12,19,0,,
2026-05-16T00:37:52.334592,noisy,naive,{'bins': 5},61,4,2,ok,244,305,0.015227362513542175,1.4414951894432306,1.4645985998213291,5,9,16,0,,
2026-05-16T00:37:54.276670,noisy,naive,{'bins': 5},62,0,2,ok,0,62,0.015020472928881645,1.8190777422860265,1.842067189514637,5,9,17,0,,
2026-05-16T00:37:55.264002,noisy,naive,{'bins': 5},62,1,2,ok,62,124,0.01489990670233965,0.9213118134066463,0.9440203821286559,5,9,15,0,,
2026-05-16T00:37:57.476771,noisy,naive,{'bins': 5},62,2,2,ok,124,186,0.014887684024870396,2.14677825756371,2.1696253567934036,5,7,15,0,,
2026-05-16T00:37:59.011530,noisy,naive,{'bins': 5},62,3,2,ok,186,248,0.014854582026600838,1.4599228538572788,1.4825784740969539,5,12,20,0,,
2026-05-16T00:38:00.434982,noisy,naive,{'bins': 5},62,4,2,ok,248,310,0.015446063131093979,1.3477805200964212,1.371194563806057,5,9,16,0,,
2026-05-16T00:38:02.507714,noisy,naive,{'bins': 5},63,0,2,ok,0,63,0.015669082291424274,1.9462523004040122,1.9701306261122227,5,9,17,0,,
2026-05-16T00:38:03.509523,noisy,naive,{'bins': 5},63,1,2,ok,63,126,0.015108889900147915,0.9326112531125546,0.9556497111916542,5,12,19,0,,
2026-05-16T00:38:05.762767,noisy,naive,{'bins': 5},63,2,2,ok,126,189,0.015051291324198246,2.187674601562321,2.210903277620673,5,7,15,0,,
2026-05-16T00:38:07.448028,noisy,naive,{'bins': 5},63,3,2,ok,189,252,0.01515529677271843,1.608938661403954,1.6321965111419559,5,10,18,0,,
2026-05-16T00:38:08.464903,noisy,naive,{'bins': 5},63,4,2,ok,252,315,0.015724094584584236,0.9514448065310717,0.9750634841620922,5,8,17,0,,
2026-05-16T00:38:10.501314,noisy,naive,{'bins': 5},64,0,2,ok,0,64,0.015974503941833973,1.9066189173609018,1.9308019140735269,5,9,17,0,,
2026-05-16T00:38:11.554568,noisy,naive,{'bins': 5},64,1,2,ok,64,128,0.01605469547212124,0.9801679998636246,1.0043249987065792,5,12,19,0,,
2026-05-16T00:38:13.819870,noisy,naive,{'bins': 5},64,2,2,ok,128,192,0.01579630095511675,2.197731421329081,2.2217445205897093,5,7,15,0,,
2026-05-16T00:38:15.512481,noisy,naive,{'bins': 5},64,3,2,ok,192,256,0.01676019001752138,1.6195848248898983,1.6457686694338918,5,7,15,0,,
2026-05-16T00:38:16.544335,noisy,naive,{'bins': 5},64,4,2,ok,256,320,0.01658704597502947,0.9579224726185203,0.9846340287476778,5,7,15,0,,
2026-05-16T00:38:18.780999,noisy,naive,{'bins': 5},65,0,2,ok,0,65,0.016979562118649483,2.0983329489827156,2.125357171520591,5,9,17,0,,
2026-05-16T00:38:19.853256,noisy,naive,{'bins': 5},65,1,2,ok,65,130,0.016895714215934277,0.9912291914224625,1.0180046567693353,5,11,18,0,,
2026-05-16T00:38:22.073537,noisy,naive,{'bins': 5},65,2,2,ok,130,195,0.016669169068336487,2.1465953225269914,2.17309189401567,5,7,15,0,,
2026-05-16T00:38:23.804861,noisy,naive,{'bins': 5},65,3,2,ok,195,260,0.019829704426229,1.6489758975803852,1.6778008313849568,5,8,15,0,,
2026-05-16T00:38:24.924125,noisy,naive,{'bins': 5},65,4,2,ok,260,325,0.019211252219974995,1.0574884982779622,1.085631800815463,5,9,17,0,,
2026-05-16T00:38:27.106250,noisy,naive,{'bins': 5},66,0,2,ok,0,66,0.017757182009518147,2.0468186577782035,2.073184343986213,5,9,17,0,,
2026-05-16T00:38:28.086576,noisy,naive,{'bins': 5},66,1,2,ok,66,132,0.017871988005936146,0.8957453183829784,0.922170034609735,5,11,18,0,,
2026-05-16T00:38:30.444230,noisy,naive,{'bins': 5},66,2,2,ok,132,198,0.01920334715396166,2.279918265528977,2.3122548731043935,5,7,15,0,,
2026-05-16T00:38:32.330426,noisy,naive,{'bins': 5},66,3,2,ok,198,264,0.017061847262084484,1.812485440634191,1.8380849184468389,5,6,14,0,,
2026-05-16T00:38:33.278545,noisy,naive,{'bins': 5},66,4,2,ok,264,330,0.01753532513976097,0.8836824288591743,0.9095741650089622,5,8,15,0,,
2026-05-16T00:38:35.519540,noisy,naive,{'bins': 5},67,0,2,ok,0,67,0.01691367942839861,2.1080892495810986,2.133581016212702,5,9,17,0,,
2026-05-16T00:38:36.550168,noisy,naive,{'bins': 5},67,1,2,ok,67,134,0.01724229473620653,0.9485274571925402,0.9742732997983694,5,11,18,0,,
2026-05-16T00:38:38.838145,noisy,naive,{'bins': 5},67,2,2,ok,134,201,0.016215899027884007,2.206798978149891,2.2363612670451403,5,8,15,0,,
2026-05-16T00:38:40.149329,noisy,naive,{'bins': 5},67,3,2,ok,201,268,0.016871298663318157,1.2366529069840908,1.2621406950056553,5,7,14,0,,
2026-05-16T00:38:41.207361,noisy,naive,{'bins': 5},67,4,2,ok,268,335,0.01755633670836687,0.9929887037724257,1.0189171703532338,5,11,19,0,,
2026-05-16T00:38:43.534150,noisy,naive,{'bins': 5},68,0,2,ok,0,68,0.01660276483744383,2.193499941378832,2.2189065562561154,5,7,15,0,,
2026-05-16T00:38:44.667504,noisy,naive,{'bins': 5},68,1,2,ok,68,136,0.0174297159537673,1.0429022163152695,1.069706715643406,5,11,18,0,,
2026-05-16T00:38:47.179015,noisy,naive,{'bins': 5},68,2,2,ok,136,204,0.017891203053295612,2.4242474930360913,2.4510492784902453,5,10,18,0,,
2026-05-16T00:38:48.534484,noisy,naive,{'bins': 5},68,3,2,ok,204,272,0.018151543103158474,1.2617618069052696,1.302102885209024,5,6,13,0,,
2026-05-16T00:38:49.411692,noisy,naive,{'bins': 5},68,4,2,ok,272,340,0.017769445665180683,0.8139799162745476,0.8404430951923132,5,11,19,0,,
2026-05-16T00:38:51.750641,noisy,naive,{'bins': 5},69,0,2,ok,0,69,0.017305654473602772,2.2020818004384637,2.2284631058573723,5,7,15,0,,
2026-05-16T00:38:53.010353,noisy,naive,{'bins': 5},69,1,2,ok,69,138,0.0174197880551219,1.1689897729083896,1.1952823214232922,5,9,16,0,,
2026-05-16T00:38:55.345269,noisy,naive,{'bins': 5},69,2,2,ok,138,207,0.01728731021285057,2.254465443082154,2.2807042514905334,5,8,15,0,,
2026-05-16T00:38:56.738275,noisy,naive,{'bins': 5},69,3,2,ok,207,276,0.019066190347075462,1.303447613492608,1.332680443301797,5,6,13,0,,
2026-05-16T00:38:57.793789,noisy,naive,{'bins': 5},69,4,2,ok,276,345,0.02036058995872736,0.9864273695275187,1.0177709618583322,5,11,19,0,,
2026-05-16T00:39:00.171841,noisy,naive,{'bins': 5},70,0,2,ok,0,70,0.018525555729866028,2.2357353679835796,2.2638015476986766,5,7,15,0,,
2026-05-16T00:39:01.286088,noisy,naive,{'bins': 5},70,1,2,ok,70,140,0.018832501955330372,1.0228005181998014,1.0510219186544418,5,9,16,0,,
2026-05-16T00:39:03.639667,noisy,naive,{'bins': 5},70,2,2,ok,140,210,0.017965232953429222,2.2761700144037604,2.3032903485000134,5,7,15,0,,
2026-05-16T00:39:05.217216,noisy,naive,{'bins': 5},70,3,2,ok,210,280,0.017799112014472485,1.4972164444625378,1.5240870490670204,5,11,19,0,,
2026-05-16T00:39:06.032839,noisy,naive,{'bins': 5},70,4,2,ok,280,350,0.01790893729776144,0.7491694455966353,0.7758303470909595,5,11,19,0,,
2026-05-16T00:39:08.511999,noisy,naive,{'bins': 5},71,0,2,ok,0,71,0.01772493217140436,2.3387738382443786,2.3657937133684754,5,7,15,0,,
2026-05-16T00:39:09.623703,noisy,naive,{'bins': 5},71,1,2,ok,71,142,0.01785332430154085,1.0238170502707362,1.0508317751809955,5,9,15,0,,
2026-05-16T00:39:11.850879,noisy,naive,{'bins': 5},71,2,2,ok,142,213,0.017932872287929058,2.1485829511657357,2.1757927425205708,5,9,16,0,,
2026-05-16T00:39:13.377118,noisy,naive,{'bins': 5},71,3,2,ok,213,284,0.01774539053440094,1.446226335130632,1.473163495771587,5,6,13,0,,
2026-05-16T00:39:14.219073,noisy,naive,{'bins': 5},71,4,2,ok,284,355,0.017953711561858654,0.7744958745315671,0.8014056524261832,5,11,19,0,,
2026-05-16T00:39:16.776391,noisy,naive,{'bins': 5},72,0,2,ok,0,72,0.0822858177125454,2.3517869897186756,2.443549431860447,5,7,15,0,,
2026-05-16T00:39:17.936367,noisy,naive,{'bins': 5},72,1,2,ok,72,144,0.018079306930303574,1.0699350191280246,1.0973571678623557,5,9,15,0,,
2026-05-16T00:39:20.145081,noisy,naive,{'bins': 5},72,2,2,ok,144,216,0.017786608077585697,2.1214324682950974,2.1485238168388605,5,7,14,0,,
2026-05-16T00:39:21.588818,noisy,naive,{'bins': 5},72,3,2,ok,216,288,0.018040364608168602,1.3656345829367638,1.3930249642580748,5,7,14,0,,
2026-05-16T00:39:22.503854,noisy,naive,{'bins': 5},72,4,2,ok,288,360,0.017833296209573746,0.8486928343772888,0.8756125420331955,5,10,18,0,,
2026-05-16T00:39:25.178106,noisy,naive,{'bins': 5},73,0,2,ok,0,73,0.01807232480496168,2.5253082755953074,2.553004470653832,5,7,15,0,,
2026-05-16T00:39:26.481079,noisy,naive,{'bins': 5},73,1,2,ok,73,146,0.02017128560692072,1.2046906910836697,1.2364078164100647,5,9,15,0,,
2026-05-16T00:39:28.577822,noisy,naive,{'bins': 5},73,2,2,ok,146,219,0.01942057628184557,1.9925523465499282,2.0244500814005733,5,4,10,0,,
2026-05-16T00:39:30.252721,noisy,naive,{'bins': 5},73,3,2,ok,219,292,0.01833243202418089,1.5881621660664678,1.616014713421464,5,10,18,0,,
2026-05-16T00:39:31.153732,noisy,naive,{'bins': 5},73,4,2,ok,292,365,0.018772028386592865,0.8320900723338127,0.8600713331252337,5,11,19,0,,
2026-05-16T00:39:33.888869,noisy,naive,{'bins': 5},74,0,2,ok,0,74,0.018991741351783276,2.5744632612913847,2.615158815868199,5,7,15,0,,
2026-05-16T00:39:35.146345,noisy,naive,{'bins': 5},74,1,2,ok,74,148,0.01933291181921959,1.1639759540557861,1.1929666204378009,5,9,15,0,,
2026-05-16T00:39:37.372708,noisy,naive,{'bins': 5},74,2,2,ok,148,222,0.01833684090524912,2.135780019685626,2.163787809200585,5,7,14,0,,
2026-05-16T00:39:38.895353,noisy,naive,{'bins': 5},74,3,2,ok,222,296,0.01865060068666935,1.4239305835217237,1.4521779036149383,5,10,17,0,,
2026-05-16T00:39:39.839996,noisy,naive,{'bins': 5},74,4,2,ok,296,370,0.01869208738207817,0.8767460752278566,0.9047811459749937,5,11,19,0,,
2026-05-16T00:39:42.764429,noisy,naive,{'bins': 5},75,0,2,ok,0,75,0.018607720732688904,2.7756240079179406,2.8039638232439756,5,7,15,0,,
2026-05-16T00:39:44.088217,noisy,naive,{'bins': 5},75,1,2,ok,75,150,0.018857168033719063,1.2261806102469563,1.254812752828002,5,9,15,0,,
2026-05-16T00:39:46.117488,noisy,naive,{'bins': 5},75,2,2,ok,150,225,0.01864391751587391,1.9381046909838915,1.9665594305843115,5,5,13,0,,
2026-05-16T00:39:47.634172,noisy,naive,{'bins': 5},75,3,2,ok,225,300,0.01848798431456089,1.4170653447508812,1.44524204172194,5,10,17,0,,
2026-05-16T00:39:48.631143,noisy,naive,{'bins': 5},75,4,2,ok,300,375,0.018838933669030666,0.9247042890638113,0.9531195946037769,5,10,18,0,,
2026-05-16T00:39:51.501789,noisy,naive,{'bins': 5},76,0,2,ok,0,76,0.01845573354512453,2.7204268127679825,2.748849291354418,5,7,15,0,,
2026-05-16T00:39:52.915992,noisy,naive,{'bins': 5},76,1,2,ok,76,152,0.01848719362169504,1.3162324642762542,1.3445505881682038,5,7,13,0,,
2026-05-16T00:39:55.218442,noisy,naive,{'bins': 5},76,2,2,ok,152,228,0.019107538275420666,2.2118688356131315,2.240939451381564,5,8,15,0,,
2026-05-16T00:39:56.736975,noisy,naive,{'bins': 5},76,3,2,ok,228,304,0.018431538715958595,1.4172136979177594,1.4454616196453571,5,10,17,0,,
2026-05-16T00:39:57.730576,noisy,naive,{'bins': 5},76,4,2,ok,304,380,0.018438762053847313,0.9221547143533826,0.9501370973885059,5,6,14,0,,
2026-05-16T00:40:00.784229,noisy,naive,{'bins': 5},77,0,2,ok,0,77,0.0186214754357934,2.9006114955991507,2.9294532909989357,5,7,15,0,,
2026-05-16T00:40:02.296322,noisy,naive,{'bins': 5},77,1,2,ok,77,154,0.019399836659431458,1.415078952908516,1.4445229899138212,5,7,13,0,,
2026-05-16T00:40:04.656886,noisy,naive,{'bins': 5},77,2,2,ok,154,231,0.01893784012645483,2.2683407086879015,2.2972457744181156,5,8,15,0,,
2026-05-16T00:40:06.062213,noisy,naive,{'bins': 5},77,3,2,ok,231,308,0.018489747308194637,1.3161763241514564,1.3445767909288406,5,11,18,0,,
2026-05-16T00:40:07.079077,noisy,naive,{'bins': 5},77,4,2,ok,308,385,0.018757239915430546,0.9414627114310861,0.9699763115495443,5,6,13,0,,
2026-05-16T00:40:10.176448,noisy,naive,{'bins': 5},78,0,2,ok,0,78,0.019486159086227417,2.93951956089586,2.9693855913355947,5,7,15,0,,
2026-05-16T00:40:11.754436,noisy,naive,{'bins': 5},78,1,2,ok,78,156,0.02271444071084261,1.4654971174895763,1.5070058479905128,5,7,13,0,,
2026-05-16T00:40:14.315170,noisy,naive,{'bins': 5},78,2,2,ok,156,234,0.019150398671627045,2.4697841992601752,2.4992799842730165,5,11,19,0,,
2026-05-16T00:40:16.092106,noisy,naive,{'bins': 5},78,3,2,ok,234,312,0.018772069364786148,1.6781587470322847,1.7071409169584513,5,9,16,0,,
2026-05-16T00:40:17.310934,noisy,naive,{'bins': 5},78,4,2,ok,312,390,0.019589112140238285,1.1343972608447075,1.1640091529116035,5,7,15,0,,
2026-05-16T00:40:20.066243,noisy,naive,{'bins': 5},79,0,2,ok,0,79,0.019785340875387192,2.6018345151096582,2.632091198116541,5,9,17,0,,
2026-05-16T00:40:22.005302,noisy,naive,{'bins': 5},79,1,2,ok,79,158,0.02008620649576187,1.826188418082893,1.8567214598879218,5,4,10,0,,
2026-05-16T00:40:24.513872,noisy,naive,{'bins': 5},79,2,2,ok,158,237,0.019752509891986847,2.415662070736289,2.4458532109856606,5,11,19,0,,
2026-05-16T00:40:25.915652,noisy,naive,{'bins': 5},79,3,2,ok,237,316,0.019741417840123177,1.3167956257238984,1.3469168143346906,5,8,17,0,,
2026-05-16T00:40:27.177750,noisy,naive,{'bins': 5},79,4,2,ok,316,395,0.0192742720246315,1.1769763231277466,1.2063548183068633,5,9,16,0,,
2026-05-16T00:40:29.994833,noisy,naive,{'bins': 5},80,0,2,ok,0,80,0.020133710466325283,2.66125073004514,2.691949945874512,5,9,17,0,,
2026-05-16T00:40:31.878386,noisy,naive,{'bins': 5},80,1,2,ok,80,160,0.02124815061688423,1.7648129211738706,1.7965806815773249,5,8,14,0,,
2026-05-16T00:40:34.207686,noisy,naive,{'bins': 5},80,2,2,ok,160,240,0.020359613932669163,2.233219970948994,2.2655159747228026,5,8,15,0,,
2026-05-16T00:40:35.622966,noisy,naive,{'bins': 5},80,3,2,ok,240,320,0.019631387665867805,1.3247503899037838,1.354676915332675,5,7,15,0,,
2026-05-16T00:40:36.926809,noisy,naive,{'bins': 5},80,4,2,ok,320,400,0.019410320557653904,1.216636366210878,1.246333128772676,5,9,16,0,,
2026-05-16T00:40:39.830695,noisy,naive,{'bins': 5},81,0,2,ok,0,81,0.019800242967903614,2.746890968643129,2.777348159812391,5,9,17,0,,
2026-05-16T00:40:41.660928,noisy,naive,{'bins': 5},81,1,2,ok,81,162,0.020183713175356388,1.7227757778018713,1.7536338120698929,5,8,14,0,,
2026-05-16T00:40:44.135083,noisy,naive,{'bins': 5},81,2,2,ok,162,243,0.01946416310966015,2.379247911274433,2.4092762283980846,5,7,15,0,,
2026-05-16T00:40:45.462913,noisy,naive,{'bins': 5},81,3,2,ok,243,324,0.02031315676867962,1.2360208248719573,1.2668522987514734,5,7,15,0,,
2026-05-16T00:40:47.028468,noisy,naive,{'bins': 5},81,4,2,ok,324,405,0.020041706040501595,1.473310080356896,1.5038652243092656,5,7,14,0,,
2026-05-16T00:40:49.948848,noisy,naive,{'bins': 5},82,0,2,ok,0,82,0.01972570363432169,2.762680197134614,2.7931771939620376,5,9,17,0,,
2026-05-16T00:40:51.857845,noisy,naive,{'bins': 5},82,1,2,ok,82,164,0.020679996348917484,1.8017195109277964,1.8331255037337542,5,9,15,0,,
2026-05-16T00:40:54.510269,noisy,naive,{'bins': 5},82,2,2,ok,164,246,0.019802728667855263,2.5550409657880664,2.585647718049586,5,7,15,0,,
2026-05-16T00:40:55.904567,noisy,naive,{'bins': 5},82,3,2,ok,246,328,0.019820871762931347,1.3098968686535954,1.3402960002422333,5,11,19,0,,
2026-05-16T00:40:57.927486,noisy,naive,{'bins': 5},82,4,2,ok,328,410,0.019880996085703373,1.9192000199109316,1.9498426299542189,5,6,13,0,,
2026-05-16T00:41:00.905177,noisy,naive,{'bins': 5},83,0,2,ok,0,83,0.02070525288581848,2.8167327661067247,2.8484541410580277,5,9,17,0,,
2026-05-16T00:41:02.710257,noisy,naive,{'bins': 5},83,1,2,ok,83,166,0.02050662972033024,1.6778236450627446,1.7092152209952474,5,8,14,0,,
2026-05-16T00:41:05.369160,noisy,naive,{'bins': 5},83,2,2,ok,166,249,0.020407172851264477,2.5550461802631617,2.5864747455343604,5,11,19,0,,
2026-05-16T00:41:06.692264,noisy,naive,{'bins': 5},83,3,2,ok,249,332,0.020011551678180695,1.2458783350884914,1.2764216996729374,5,9,17,0,,
2026-05-16T00:41:08.635621,noisy,naive,{'bins': 5},83,4,2,ok,332,415,0.020212838426232338,1.8415119461715221,1.872468194924295,5,6,13,0,,
2026-05-16T00:41:11.761309,noisy,naive,{'bins': 5},84,0,2,ok,0,84,0.020939442329108715,2.9627401838079095,2.994858563877642,5,9,17,0,,
2026-05-16T00:41:13.595510,noisy,naive,{'bins': 5},84,1,2,ok,84,168,0.020357098430395126,1.7045064494013786,1.735751049593091,5,8,14,0,,
2026-05-16T00:41:16.265055,noisy,naive,{'bins': 5},84,2,2,ok,168,252,0.020348654128611088,2.5645874002948403,2.59594236779958,5,11,19,0,,
2026-05-16T00:41:17.758392,noisy,naive,{'bins': 5},84,3,2,ok,252,336,0.02023826725780964,1.4037127196788788,1.4347563330084085,5,11,19,0,,
2026-05-16T00:41:19.841357,noisy,naive,{'bins': 5},84,4,2,ok,336,420,0.020332572981715202,1.9938407065346837,2.025353640317917,5,8,16,0,,
2026-05-16T00:41:23.121298,noisy,naive,{'bins': 5},85,0,2,ok,0,85,0.020307806320488453,3.115358646027744,3.146980093792081,5,9,17,0,,
2026-05-16T00:41:24.968218,noisy,naive,{'bins': 5},85,1,2,ok,85,170,0.02154604159295559,1.7147693186998367,1.747583176009357,5,8,14,0,,
2026-05-16T00:41:27.366363,noisy,naive,{'bins': 5},85,2,2,ok,170,255,0.021050211042165756,2.2964328676462173,2.3287403034046292,5,6,14,0,,
2026-05-16T00:41:28.809188,noisy,naive,{'bins': 5},85,3,2,ok,255,340,0.020893345586955547,1.3508950360119343,1.3827387606725097,5,11,19,0,,
2026-05-16T00:41:31.062595,noisy,naive,{'bins': 5},85,4,2,ok,340,425,0.020673003047704697,2.1619664477184415,2.19370274245739,5,8,15,0,,
2026-05-16T00:41:34.419597,noisy,naive,{'bins': 5},86,0,2,ok,0,86,0.020812404341995716,3.1899395687505603,3.222217168658972,5,9,17,0,,
2026-05-16T00:41:36.327193,noisy,naive,{'bins': 5},86,1,2,ok,86,172,0.020375673659145832,1.7978670429438353,1.8294497774913907,5,12,19,0,,
2026-05-16T00:41:38.753073,noisy,naive,{'bins': 5},86,2,2,ok,172,258,0.021635670214891434,2.3127082185819745,2.345922878012061,5,13,21,0,,
2026-05-16T00:41:40.206318,noisy,naive,{'bins': 5},86,3,2,ok,258,344,0.02152857929468155,1.3601598786190152,1.3928832849487662,5,11,19,0,,
2026-05-16T00:41:42.230664,noisy,naive,{'bins': 5},86,4,2,ok,344,430,0.021584253758192062,1.9305900912731886,1.9634824460372329,5,9,17,0,,
2026-05-16T00:41:45.596133,noisy,naive,{'bins': 5},87,0,2,ok,0,87,0.021867495961487293,3.1945326812565327,3.22813634108752,5,9,17,0,,
2026-05-16T00:41:47.598747,noisy,naive,{'bins': 5},87,1,2,ok,87,174,0.021962092258036137,1.8612001491710544,1.894848101772368,5,8,14,0,,
2026-05-16T00:41:49.999878,noisy,naive,{'bins': 5},87,2,2,ok,174,261,0.022029279731214046,2.296456570737064,2.3301102751865983,5,6,14,0,,
2026-05-16T00:41:51.312376,noisy,naive,{'bins': 5},87,3,2,ok,261,348,0.021356705576181412,1.2212626012042165,1.2538051586598158,5,11,19,0,,
2026-05-16T00:41:53.583918,noisy,naive,{'bins': 5},87,4,2,ok,348,435,0.021783538162708282,2.175309244543314,2.20859850384295,5,9,17,0,,
2026-05-16T00:41:56.954088,noisy,naive,{'bins': 5},88,0,2,ok,0,88,0.022260572761297226,3.195376924239099,3.229870074428618,5,9,17,0,,
2026-05-16T00:41:58.910635,noisy,naive,{'bins': 5},88,1,2,ok,88,176,0.022147401235997677,1.8365530958399177,1.8704313207417727,5,9,15,0,,
2026-05-16T00:42:01.471708,noisy,naive,{'bins': 5},88,2,2,ok,176,264,0.022427217103540897,2.4477436020970345,2.484925680793822,5,8,15,0,,
2026-05-16T00:42:02.803740,noisy,naive,{'bins': 5},88,3,2,ok,264,352,0.022359900176525116,1.230892418883741,1.267676549963653,5,8,15,0,,
2026-05-16T00:42:05.258915,noisy,naive,{'bins': 5},88,4,2,ok,352,440,0.022374387830495834,2.3519517397508025,2.388984658755362,5,8,16,0,,
2026-05-16T00:42:08.642870,noisy,naive,{'bins': 5},89,0,2,ok,0,89,0.022725657559931278,3.205676892772317,3.2435696460306644,5,9,17,0,,
2026-05-16T00:42:10.742640,noisy,naive,{'bins': 5},89,1,2,ok,89,178,0.02257546503096819,1.979311352595687,2.0168611919507384,5,12,19,0,,
2026-05-16T00:42:12.720740,noisy,naive,{'bins': 5},89,2,2,ok,178,267,0.023242536932229996,1.855042894370854,1.8938604928553104,5,6,12,0,,
2026-05-16T00:42:14.169971,noisy,naive,{'bins': 5},89,3,2,ok,267,356,0.022307111881673336,1.3541768500581384,1.3906129486858845,5,11,19,0,,
2026-05-16T00:42:16.492054,noisy,naive,{'bins': 5},89,4,2,ok,356,445,0.022271813824772835,2.2216048510745168,2.2585923839360476,5,9,17,0,,
2026-05-16T00:42:20.023030,noisy,naive,{'bins': 5},90,0,2,ok,0,90,0.022707081399857998,3.3506872253492475,3.3885293435305357,5,9,17,0,,
2026-05-16T00:42:22.187910,noisy,naive,{'bins': 5},90,1,2,ok,90,180,0.022934519685804844,2.0204718029126525,2.0585962012410164,5,8,14,0,,
2026-05-16T00:42:24.345130,noisy,naive,{'bins': 5},90,2,2,ok,180,270,0.02261691354215145,2.041244737803936,2.075951399281621,5,11,19,0,,
2026-05-16T00:42:25.631675,noisy,naive,{'bins': 5},90,3,2,ok,270,360,0.022579693235456944,1.1935494523495436,1.227949308231473,5,11,19,0,,
2026-05-16T00:42:29.179981,noisy,naive,{'bins': 5},90,4,2,ok,360,450,0.0222778357565403,3.4101615948602557,3.4444375075399876,5,5,13,0,,
2026-05-16T00:42:32.865835,noisy,naive,{'bins': 5},91,0,2,ok,0,91,0.023049434646964073,3.5066532446071506,3.542082041501999,5,9,17,0,,
2026-05-16T00:42:35.092473,noisy,naive,{'bins': 5},91,1,2,ok,91,182,0.023035699501633644,2.079313851892948,2.1146931862458587,5,8,14,0,,
2026-05-16T00:42:37.392645,noisy,naive,{'bins': 5},91,2,2,ok,182,273,0.023031962104141712,2.1137061743065715,2.217134260572493,5,11,19,0,,
2026-05-16T00:42:38.693785,noisy,naive,{'bins': 5},91,3,2,ok,273,364,0.02282060496509075,1.2001091158017516,1.2348122810944915,5,8,15,0,,
2026-05-16T00:42:42.266657,noisy,naive,{'bins': 5},91,4,2,ok,364,455,0.02304117940366268,3.4443289982154965,3.479741083458066,5,9,17,0,,
2026-05-16T00:42:46.053968,noisy,naive,{'bins': 5},92,0,2,ok,0,92,0.027056929655373096,3.588740094564855,3.6430637072771788,5,9,17,0,,
2026-05-16T00:42:48.297172,noisy,naive,{'bins': 5},92,1,2,ok,92,184,0.02384402696043253,2.119307384826243,2.155826408416033,5,9,15,0,,
2026-05-16T00:42:50.436216,noisy,naive,{'bins': 5},92,2,2,ok,184,276,0.023176243528723717,2.018531289882958,2.054049334488809,5,9,17,0,,
2026-05-16T00:42:51.833142,noisy,naive,{'bins': 5},92,3,2,ok,276,368,0.02305880282074213,1.3026065425947309,1.3375561507418752,5,9,17,0,,
2026-05-16T00:42:55.209474,noisy,naive,{'bins': 5},92,4,2,ok,368,460,0.022345053032040596,3.253378069959581,3.287896136753261,5,9,17,0,,
2026-05-16T00:42:58.996936,noisy,naive,{'bins': 5},93,0,2,ok,0,93,0.023483971133828163,3.6023486889898777,3.638531582430005,5,9,17,0,,
2026-05-16T00:43:01.386906,noisy,naive,{'bins': 5},93,1,2,ok,93,186,0.023501794785261154,2.2616970958188176,2.2978565953671932,5,9,15,0,,
2026-05-16T00:43:03.676287,noisy,naive,{'bins': 5},93,2,2,ok,186,279,0.023319942876696587,2.166105194017291,2.2019386226311326,5,9,17,0,,
2026-05-16T00:43:04.924861,noisy,naive,{'bins': 5},93,3,2,ok,279,372,0.023427666164934635,1.1529596280306578,1.1885642362758517,5,11,19,0,,
2026-05-16T00:43:08.442831,noisy,naive,{'bins': 5},93,4,2,ok,372,465,0.02315011527389288,3.379884097725153,3.4200251530855894,5,6,14,0,,
2026-05-16T00:43:12.304559,noisy,naive,{'bins': 5},94,0,2,ok,0,94,0.0236747981980443,3.6733823493123055,3.7098893309012055,5,9,17,0,,
2026-05-16T00:43:14.805816,noisy,naive,{'bins': 5},94,1,2,ok,94,188,0.02358666341751814,2.352684311568737,2.3891640417277813,5,8,14,0,,
2026-05-16T00:43:17.256023,noisy,naive,{'bins': 5},94,2,2,ok,188,282,0.023205969482660294,2.325862154364586,2.364526527002454,5,9,17,0,,
2026-05-16T00:43:18.456190,noisy,naive,{'bins': 5},94,3,2,ok,282,376,0.023566977120935917,1.1010350780561566,1.1370742423459888,5,11,19,0,,
2026-05-16T00:43:21.798427,noisy,naive,{'bins': 5},94,4,2,ok,376,470,0.02355134952813387,3.218400270678103,3.25480146612972,5,10,18,0,,
2026-05-16T00:43:25.717910,noisy,naive,{'bins': 5},95,0,2,ok,0,95,0.0887730224058032,3.6656779991462827,3.768061184324324,5,9,17,0,,
2026-05-16T00:43:28.063476,noisy,naive,{'bins': 5},95,1,2,ok,95,190,0.02389585506170988,2.209861724637449,2.246820875443518,5,8,14,0,,
2026-05-16T00:43:30.444283,noisy,naive,{'bins': 5},95,2,2,ok,190,285,0.023702061735093594,2.256278434768319,2.2927901269868016,5,7,14,0,,
2026-05-16T00:43:31.739363,noisy,naive,{'bins': 5},95,3,2,ok,285,380,0.023865659721195698,1.195639817044139,1.2320536253973842,5,7,15,0,,
2026-05-16T00:43:35.197277,noisy,naive,{'bins': 5},95,4,2,ok,380,475,0.023371431045234203,3.323738127015531,3.360028193332255,5,9,16,0,,
2026-05-16T00:43:39.158028,noisy,naive,{'bins': 5},96,0,2,ok,0,96,0.023923547007143497,3.769084069877863,3.8060484109446406,5,9,17,0,,
2026-05-16T00:43:41.382454,noisy,naive,{'bins': 5},96,1,2,ok,96,192,0.024330700747668743,2.090781050734222,2.128170850686729,5,11,17,0,,
2026-05-16T00:43:43.725678,noisy,naive,{'bins': 5},96,2,2,ok,192,288,0.02356830984354019,2.2188871577382088,2.2553141694515944,5,7,14,0,,
2026-05-16T00:43:45.038396,noisy,naive,{'bins': 5},96,3,2,ok,288,384,0.02401403710246086,1.2137561878189445,1.250618708319962,5,9,17,0,,
2026-05-16T00:43:48.704176,noisy,naive,{'bins': 5},96,4,2,ok,384,480,0.0240519680082798,3.531840655952692,3.569081616587937,5,9,16,0,,
2026-05-16T00:43:52.708434,noisy,naive,{'bins': 5},97,0,2,ok,0,97,0.02433824446052313,3.8109736144542694,3.84866757504642,5,9,17,0,,
2026-05-16T00:43:54.977972,noisy,naive,{'bins': 5},97,1,2,ok,97,194,0.024485493078827858,2.1309112403541803,2.1686831088736653,5,11,17,0,,
2026-05-16T00:43:57.482885,noisy,naive,{'bins': 5},97,2,2,ok,194,291,0.024546667002141476,2.3801266737282276,2.4178686747327447,5,7,15,0,,
2026-05-16T00:43:58.947057,noisy,naive,{'bins': 5},97,3,2,ok,291,388,0.024443183094263077,1.3574354397132993,1.3947613202035427,5,11,19,0,,
2026-05-16T00:44:02.875057,noisy,naive,{'bins': 5},97,4,2,ok,388,485,0.02449999935925007,3.781514142639935,3.8193311542272568,5,6,13,0,,
2026-05-16T00:44:07.056473,noisy,naive,{'bins': 5},98,0,2,ok,0,98,0.02468625921756029,3.986910857260227,4.024988129734993,5,9,17,0,,
2026-05-16T00:44:09.529557,noisy,naive,{'bins': 5},98,1,2,ok,98,196,0.024909038096666336,2.3096208591014147,2.3478842498734593,5,10,16,0,,
2026-05-16T00:44:11.980480,noisy,naive,{'bins': 5},98,2,2,ok,196,294,0.02465167362242937,2.3223348427563906,2.3602772913873196,5,7,14,0,,
2026-05-16T00:44:13.496347,noisy,naive,{'bins': 5},98,3,2,ok,294,392,0.024475163780152798,1.4177734358236194,1.4552408726885915,5,13,22,0,,
2026-05-16T00:44:17.208728,noisy,naive,{'bins': 5},98,4,2,ok,392,490,0.024660239927470684,3.574275358580053,3.61251450330019,5,9,16,0,,
2026-05-16T00:44:21.435623,noisy,naive,{'bins': 5},99,0,2,ok,0,99,0.025124031119048595,4.026270884089172,4.0648831613361835,5,9,17,0,,
2026-05-16T00:44:23.824610,noisy,naive,{'bins': 5},99,1,2,ok,99,198,0.024913045577704906,2.246342057362199,2.2847237698733807,5,11,17,0,,
2026-05-16T00:44:26.266921,noisy,naive,{'bins': 5},99,2,2,ok,198,297,0.024031050503253937,2.3095359979197383,2.347058268263936,5,7,14,0,,
2026-05-16T00:44:27.758381,noisy,naive,{'bins': 5},99,3,2,ok,297,396,0.02555521111935377,1.386715934611857,1.426921732723713,5,9,17,0,,
2026-05-16T00:44:31.203000,noisy,naive,{'bins': 5},99,4,2,ok,396,495,0.024808398447930813,3.3055806439369917,3.344071311876178,5,9,16,0,,
2026-05-16T00:44:35.493166,noisy,naive,{'bins': 5},100,0,2,ok,0,100,0.030677027069032192,4.066946501843631,4.124799483455718,5,9,17,0,,
2026-05-16T00:44:38.132118,noisy,naive,{'bins': 5},100,1,2,ok,100,200,0.02523854747414589,2.4680459005758166,2.5072269048541784,5,10,16,0,,
2026-05-16T00:44:40.511321,noisy,naive,{'bins': 5},100,2,2,ok,200,300,0.025953358970582485,2.2443405659869313,2.283904829993844,5,7,14,0,,
2026-05-16T00:44:42.139943,noisy,naive,{'bins': 5},100,3,2,ok,300,400,0.025269935838878155,1.5105980671942234,1.5491590173915029,5,10,18,0,,
2026-05-16T00:44:43.797062,noisy,naive,{'bins': 5},100,4,2,ok,400,500,0.02489717584103346,1.540723922662437,1.5789258880540729,5,9,16,0,,
2026-05-16T00:44:44.024622,noisy,sax,"{'w': 144, 'bins': 5}",1,0,2,ok,0,1,0.011642509140074253,0.0060629332438111305,0.01799482572823763,5,5,8,0,,
2026-05-16T00:44:44.052875,noisy,sax,"{'w': 144, 'bins': 5}",1,1,2,ok,1,2,0.010749082081019878,0.015910131856799126,0.026848680339753628,5,16,23,0,,
2026-05-16T00:44:44.075867,noisy,sax,"{'w': 144, 'bins': 5}",1,2,2,ok,2,3,0.010739333927631378,0.010954897850751877,0.021870012395083904,5,7,12,0,,
2026-05-16T00:44:44.090601,noisy,sax,"{'w': 144, 'bins': 5}",1,3,2,ok,3,4,0.010713646188378334,0.0029896236956119537,0.013864893466234207,5,6,9,0,,
2026-05-16T00:44:44.106685,noisy,sax,"{'w': 144, 'bins': 5}",1,4,2,ok,4,5,0.010707984678447247,0.004227417521178722,0.01509919948875904,5,8,10,0,,
2026-05-16T00:44:44.221977,noisy,sax,"{'w': 144, 'bins': 5}",2,0,2,ok,0,2,0.0211532860994339,0.017109885811805725,0.03856551926583052,5,3,6,0,,
2026-05-16T00:44:44.253687,noisy,sax,"{'w': 144, 'bins': 5}",2,1,2,ok,2,4,0.02142638899385929,0.008818396367132664,0.030470329336822033,5,7,9,0,,
2026-05-16T00:44:44.363725,noisy,sax,"{'w': 144, 'bins': 5}",2,2,2,ok,4,6,0.020991282537579536,0.0871675219386816,0.10839906521141529,5,9,15,0,,
2026-05-16T00:44:44.388216,noisy,sax,"{'w': 144, 'bins': 5}",2,3,2,ok,6,8,0.021269324235618114,0.0018553826957941055,0.023378172889351845,5,5,6,0,,
2026-05-16T00:44:44.417035,noisy,sax,"{'w': 144, 'bins': 5}",2,4,2,ok,8,10,0.021227404475212097,0.006333822384476662,0.027773356065154076,5,13,17,0,,
2026-05-16T00:44:44.538563,noisy,sax,"{'w': 144, 'bins': 5}",3,0,2,ok,0,3,0.031533737666904926,0.012124814093112946,0.04399463254958391,5,7,11,0,,
2026-05-16T00:44:44.616411,noisy,sax,"{'w': 144, 'bins': 5}",3,1,2,ok,3,6,0.03129804413765669,0.04429921414703131,0.0759178102016449,5,9,16,0,,
2026-05-16T00:44:44.653114,noisy,sax,"{'w': 144, 'bins': 5}",3,2,2,ok,6,9,0.031456321477890015,0.003992746584117413,0.035706210881471634,5,6,9,0,,
2026-05-16T00:44:44.695815,noisy,sax,"{'w': 144, 'bins': 5}",3,3,2,ok,9,12,0.03130235243588686,0.009933490306138992,0.04150730278342962,5,8,12,0,,
2026-05-16T00:44:44.754207,noisy,sax,"{'w': 144, 'bins': 5}",3,4,2,ok,12,15,0.03149041533470154,0.02475309558212757,0.05652869585901499,5,7,13,0,,
2026-05-16T00:44:44.897334,noisy,sax,"{'w': 144, 'bins': 5}",4,0,2,ok,0,4,0.041783000342547894,0.02252449095249176,0.06474121566861868,5,6,11,0,,
2026-05-16T00:44:44.947127,noisy,sax,"{'w': 144, 'bins': 5}",4,1,2,ok,4,8,0.04131533205509186,0.00697980634868145,0.04860330652445555,5,5,8,0,,
2026-05-16T00:44:45.015145,noisy,sax,"{'w': 144, 'bins': 5}",4,2,2,ok,8,12,0.041815279982984066,0.023880877532064915,0.06603016424924135,5,5,10,0,,
2026-05-16T00:44:45.095219,noisy,sax,"{'w': 144, 'bins': 5}",4,3,2,ok,12,16,0.04158010985702276,0.03621472418308258,0.07814608328044415,5,4,9,0,,
2026-05-16T00:44:45.153246,noisy,sax,"{'w': 144, 'bins': 5}",4,4,2,ok,16,20,0.04184476565569639,0.014488862827420235,0.056662687100470066,5,5,8,0,,
2026-05-16T00:44:45.326972,noisy,sax,"{'w': 144, 'bins': 5}",5,0,2,ok,0,5,0.05255189910531044,0.04390577506273985,0.09696088917553425,5,3,9,0,,
2026-05-16T00:44:45.405729,noisy,sax,"{'w': 144, 'bins': 5}",5,1,2,ok,5,10,0.05186066124588251,0.024720064364373684,0.07696661911904812,5,8,13,0,,
2026-05-16T00:44:45.504464,noisy,sax,"{'w': 144, 'bins': 5}",5,2,2,ok,10,15,0.052222780883312225,0.04398440383374691,0.09663278330117464,5,12,18,0,,
2026-05-16T00:44:45.584478,noisy,sax,"{'w': 144, 'bins': 5}",5,3,2,ok,15,20,0.05196796264499426,0.02580018062144518,0.07816039957106113,5,9,14,0,,
2026-05-16T00:44:45.652262,noisy,sax,"{'w': 144, 'bins': 5}",5,4,2,ok,20,25,0.052012886852025986,0.013988363556563854,0.06636781897395849,5,7,11,0,,
2026-05-16T00:44:45.852085,noisy,sax,"{'w': 144, 'bins': 5}",6,0,2,ok,0,6,0.06264749448746443,0.05824459809809923,0.12144852709025145,5,5,11,0,,
2026-05-16T00:44:45.935253,noisy,sax,"{'w': 144, 'bins': 5}",6,1,2,ok,6,12,0.06234418414533138,0.018404645845294,0.08119187131524086,5,11,15,0,,
2026-05-16T00:44:46.030583,noisy,sax,"{'w': 144, 'bins': 5}",6,2,2,ok,12,18,0.062275154516100883,0.030512739904224873,0.09324015397578478,5,13,20,0,,
2026-05-16T00:44:46.149731,noisy,sax,"{'w': 144, 'bins': 5}",6,3,2,ok,18,24,0.06198912765830755,0.05400190129876137,0.11646387632936239,5,12,19,0,,
2026-05-16T00:44:46.265874,noisy,sax,"{'w': 144, 'bins': 5}",6,4,2,ok,24,30,0.06241109035909176,0.05123936478048563,0.11410203296691179,5,10,19,0,,
2026-05-16T00:44:46.492976,noisy,sax,"{'w': 144, 'bins': 5}",7,0,2,ok,0,7,0.07456265483051538,0.06929587665945292,0.14490630943328142,5,7,13,0,,
2026-05-16T00:44:46.604198,noisy,sax,"{'w': 144, 'bins': 5}",7,1,2,ok,7,14,0.07343464810401201,0.034675413742661476,0.10877531114965677,5,6,14,0,,
2026-05-16T00:44:46.717451,noisy,sax,"{'w': 144, 'bins': 5}",7,2,2,ok,14,21,0.07502666674554348,0.034703196957707405,0.11044839303940535,5,8,13,0,,
2026-05-16T00:44:46.833670,noisy,sax,"{'w': 144, 'bins': 5}",7,3,2,ok,21,28,0.07270816434174776,0.04033172596246004,0.11358863953500986,5,13,22,0,,
2026-05-16T00:44:46.934789,noisy,sax,"{'w': 144, 'bins': 5}",7,4,2,ok,28,35,0.07275910954922438,0.025730760768055916,0.09902616683393717,5,9,15,0,,
2026-05-16T00:44:47.138130,noisy,sax,"{'w': 144, 'bins': 5}",8,0,2,ok,0,8,0.08283615857362747,0.04074515122920275,0.12422340549528599,5,6,12,0,,
2026-05-16T00:44:47.283604,noisy,sax,"{'w': 144, 'bins': 5}",8,1,2,ok,8,16,0.08270676713436842,0.0594473360106349,0.14272524509578943,5,8,15,0,,
2026-05-16T00:44:47.418385,noisy,sax,"{'w': 144, 'bins': 5}",8,2,2,ok,16,24,0.08355950750410557,0.04783708695322275,0.1319727459922433,5,8,15,0,,
2026-05-16T00:44:47.539023,noisy,sax,"{'w': 144, 'bins': 5}",8,3,2,ok,24,32,0.08326941356062889,0.034557915292680264,0.11838509514927864,5,10,17,0,,
2026-05-16T00:44:47.656346,noisy,sax,"{'w': 144, 'bins': 5}",8,4,2,ok,32,40,0.08242293447256088,0.032159299589693546,0.11513113416731358,5,7,13,0,,
2026-05-16T00:44:47.889868,noisy,sax,"{'w': 144, 'bins': 5}",9,0,2,ok,0,9,0.09343253448605537,0.05804992187768221,0.1521943435072899,5,7,13,0,,
2026-05-16T00:44:48.038801,noisy,sax,"{'w': 144, 'bins': 5}",9,1,2,ok,9,18,0.09408778510987759,0.051695129834115505,0.14646703004837036,5,9,15,0,,
2026-05-16T00:44:48.188617,noisy,sax,"{'w': 144, 'bins': 5}",9,2,2,ok,18,27,0.09324047435075045,0.05332623329013586,0.14721020683646202,5,7,14,0,,
2026-05-16T00:44:48.334364,noisy,sax,"{'w': 144, 'bins': 5}",9,3,2,ok,27,36,0.09314931184053421,0.04944257065653801,0.14320674818009138,5,6,14,0,,
2026-05-16T00:44:48.489024,noisy,sax,"{'w': 144, 'bins': 5}",9,4,2,ok,36,45,0.09299501404166222,0.05845287814736366,0.15206018183380365,5,6,12,0,,
2026-05-16T00:44:48.767341,noisy,sax,"{'w': 144, 'bins': 5}",10,0,2,ok,0,10,0.10517021175473928,0.08919291477650404,0.1952675050124526,5,8,14,0,,
2026-05-16T00:44:48.958885,noisy,sax,"{'w': 144, 'bins': 5}",10,1,2,ok,10,20,0.10382840316742659,0.08347431756556034,0.18811533693224192,5,10,16,0,,
2026-05-16T00:44:49.129721,noisy,sax,"{'w': 144, 'bins': 5}",10,2,2,ok,20,30,0.10312748700380325,0.06404702179133892,0.16797463223338127,5,6,14,0,,
2026-05-16T00:44:49.304021,noisy,sax,"{'w': 144, 'bins': 5}",10,3,2,ok,30,40,0.10553580056875944,0.06456621550023556,0.17112416587769985,5,7,14,0,,
2026-05-16T00:44:49.483613,noisy,sax,"{'w': 144, 'bins': 5}",10,4,2,ok,40,50,0.10371397901326418,0.07192840985953808,0.17643252201378345,5,6,12,0,,
2026-05-16T00:44:49.755045,noisy,sax,"{'w': 144, 'bins': 5}",11,0,2,ok,0,11,0.11444492731243372,0.07455622311681509,0.1899474672973156,5,6,12,0,,
2026-05-16T00:44:49.976761,noisy,sax,"{'w': 144, 'bins': 5}",11,1,2,ok,11,22,0.11383041273802519,0.10337735712528229,0.2180875912308693,5,6,13,0,,
2026-05-16T00:44:50.173391,noisy,sax,"{'w': 144, 'bins': 5}",11,2,2,ok,22,33,0.11445793136954308,0.07793151959776878,0.19324437715113163,5,13,19,0,,
2026-05-16T00:44:50.344678,noisy,sax,"{'w': 144, 'bins': 5}",11,3,2,ok,33,44,0.11436755210161209,0.05318567901849747,0.1684994986280799,5,11,18,0,,
2026-05-16T00:44:50.528430,noisy,sax,"{'w': 144, 'bins': 5}",11,4,2,ok,44,55,0.11401370726525784,0.06572097539901733,0.1806133920326829,5,5,13,0,,
2026-05-16T00:44:50.828445,noisy,sax,"{'w': 144, 'bins': 5}",12,0,2,ok,0,12,0.12421039119362831,0.09554092399775982,0.22080280911177397,5,9,15,0,,
2026-05-16T00:44:51.039239,noisy,sax,"{'w': 144, 'bins': 5}",12,1,2,ok,12,24,0.12615371029824018,0.07929050177335739,0.2065889723598957,5,3,10,0,,
2026-05-16T00:44:51.221849,noisy,sax,"{'w': 144, 'bins': 5}",12,2,2,ok,24,36,0.12491899356245995,0.0536137530580163,0.17948010563850403,5,14,20,0,,
2026-05-16T00:44:51.437278,noisy,sax,"{'w': 144, 'bins': 5}",12,3,2,ok,36,48,0.1236495804041624,0.08742620702832937,0.21204392425715923,5,5,11,0,,
2026-05-16T00:44:51.634172,noisy,sax,"{'w': 144, 'bins': 5}",12,4,2,ok,48,60,0.1248182337731123,0.06728436052799225,0.19308240339159966,5,6,11,0,,
2026-05-16T00:44:51.968455,noisy,sax,"{'w': 144, 'bins': 5}",13,0,2,ok,0,13,0.1353302001953125,0.1140613267198205,0.2505320180207491,5,12,18,0,,
2026-05-16T00:44:52.189450,noisy,sax,"{'w': 144, 'bins': 5}",13,1,2,ok,13,26,0.13511564675718546,0.08142349682748318,0.2175507228821516,5,8,14,0,,
2026-05-16T00:44:52.412769,noisy,sax,"{'w': 144, 'bins': 5}",13,2,2,ok,26,39,0.13552898354828358,0.08359480556100607,0.22013432625681162,5,4,11,0,,
2026-05-16T00:44:52.617518,noisy,sax,"{'w': 144, 'bins': 5}",13,3,2,ok,39,52,0.13485834375023842,0.06552663911134005,0.20139288622885942,5,9,16,0,,
2026-05-16T00:44:52.815889,noisy,sax,"{'w': 144, 'bins': 5}",13,4,2,ok,52,65,0.1348632238805294,0.058577912859618664,0.19445554167032242,5,14,20,0,,
2026-05-16T00:44:53.145641,noisy,sax,"{'w': 144, 'bins': 5}",14,0,2,ok,0,14,0.14586004987359047,0.10235707089304924,0.24938000459223986,5,7,16,0,,
2026-05-16T00:44:53.396125,noisy,sax,"{'w': 144, 'bins': 5}",14,1,2,ok,14,28,0.1456897109746933,0.09941700194031,0.24624495021998882,5,9,17,0,,
2026-05-16T00:44:53.609355,noisy,sax,"{'w': 144, 'bins': 5}",14,2,2,ok,28,42,0.1457352563738823,0.06326190661638975,0.21005039103329182,5,8,16,0,,
2026-05-16T00:44:53.862713,noisy,sax,"{'w': 144, 'bins': 5}",14,3,2,ok,42,56,0.14574056677520275,0.1022684145718813,0.24911043979227543,5,7,16,0,,
2026-05-16T00:44:54.108172,noisy,sax,"{'w': 144, 'bins': 5}",14,4,2,ok,56,70,0.14444071520119905,0.09594843909144402,0.24147029500454664,5,6,14,0,,
2026-05-16T00:44:54.471945,noisy,sax,"{'w': 144, 'bins': 5}",15,0,2,ok,0,15,0.1563869947567582,0.12254969403147697,0.2802141672000289,5,11,19,0,,
2026-05-16T00:44:54.749161,noisy,sax,"{'w': 144, 'bins': 5}",15,1,2,ok,15,30,0.1550689721480012,0.11695786565542221,0.2732942570000887,5,4,11,0,,
2026-05-16T00:44:54.985846,noisy,sax,"{'w': 144, 'bins': 5}",15,2,2,ok,30,45,0.15513150859624147,0.07623161934316158,0.23252718336880207,5,12,21,0,,
2026-05-16T00:44:55.256663,noisy,sax,"{'w': 144, 'bins': 5}",15,3,2,ok,45,60,0.15627531614154577,0.10920823365449905,0.2666759788990021,5,6,14,0,,
2026-05-16T00:44:55.532808,noisy,sax,"{'w': 144, 'bins': 5}",15,4,2,ok,60,75,0.1557874297723174,0.11476504802703857,0.27176751010119915,5,4,10,0,,
2026-05-16T00:44:55.903256,noisy,sax,"{'w': 144, 'bins': 5}",16,0,2,ok,0,16,0.1658831462264061,0.12237048801034689,0.2896154811605811,5,11,19,0,,
2026-05-16T00:44:56.153992,noisy,sax,"{'w': 144, 'bins': 5}",16,1,2,ok,16,32,0.16785584948956966,0.07744243368506432,0.24696739669889212,5,7,14,0,,
2026-05-16T00:44:56.454596,noisy,sax,"{'w': 144, 'bins': 5}",16,2,2,ok,32,48,0.16748174652457237,0.1274341158568859,0.29618070740252733,5,9,17,0,,
2026-05-16T00:44:56.698139,noisy,sax,"{'w': 144, 'bins': 5}",16,3,2,ok,48,64,0.1658247048035264,0.0725119560956955,0.2395763387903571,5,8,15,0,,
2026-05-16T00:44:56.997369,noisy,sax,"{'w': 144, 'bins': 5}",16,4,2,ok,64,80,0.1663586376234889,0.12596673984080553,0.29374273866415024,5,8,15,0,,
2026-05-16T00:44:57.421647,noisy,sax,"{'w': 144, 'bins': 5}",17,0,2,ok,0,17,0.17633189354091883,0.16327713150531054,0.3410553215071559,5,5,11,0,,
2026-05-16T00:44:57.724350,noisy,sax,"{'w': 144, 'bins': 5}",17,1,2,ok,17,34,0.17618568055331707,0.12108287122100592,0.29866956174373627,5,4,11,0,,
2026-05-16T00:44:58.009065,noisy,sax,"{'w': 144, 'bins': 5}",17,2,2,ok,34,51,0.1761838560923934,0.10297815687954426,0.28049109783023596,5,5,11,0,,
2026-05-16T00:44:58.291141,noisy,sax,"{'w': 144, 'bins': 5}",17,3,2,ok,51,68,0.17769088596105576,0.09890711400657892,0.2779290694743395,5,6,13,0,,
2026-05-16T00:44:58.584790,noisy,sax,"{'w': 144, 'bins': 5}",17,4,2,ok,68,85,0.17471598088741302,0.11285545211285353,0.28899942338466644,5,5,12,0,,
2026-05-16T00:44:58.997976,noisy,sax,"{'w': 144, 'bins': 5}",18,0,2,ok,0,18,0.1862304788082838,0.14353381283581257,0.3312646886333823,5,6,12,0,,
2026-05-16T00:44:59.309725,noisy,sax,"{'w': 144, 'bins': 5}",18,1,2,ok,18,36,0.18514239601790905,0.12065466679632664,0.3071882240474224,5,8,15,0,,
2026-05-16T00:44:59.710313,noisy,sax,"{'w': 144, 'bins': 5}",18,2,2,ok,36,54,0.187573310919106,0.20680710300803185,0.39579932764172554,5,6,15,0,,
2026-05-16T00:45:00.031021,noisy,sax,"{'w': 144, 'bins': 5}",18,3,2,ok,54,72,0.1881204778328538,0.12653280328959227,0.31606495194137096,5,3,10,0,,
2026-05-16T00:45:00.353129,noisy,sax,"{'w': 144, 'bins': 5}",18,4,2,ok,72,90,0.186805609613657,0.12881519831717014,0.3170417556539178,5,4,11,0,,
2026-05-16T00:45:00.775262,noisy,sax,"{'w': 144, 'bins': 5}",19,0,2,ok,0,19,0.19690734520554543,0.13943316508084536,0.3378067724406719,5,4,11,0,,
2026-05-16T00:45:01.119483,noisy,sax,"{'w': 144, 'bins': 5}",19,1,2,ok,19,38,0.19624422118067741,0.14113337639719248,0.33866733871400356,5,16,24,0,,
2026-05-16T00:45:01.480349,noisy,sax,"{'w': 144, 'bins': 5}",19,2,2,ok,38,57,0.1986720385029912,0.1552186431363225,0.35518916975706816,5,13,23,0,,
2026-05-16T00:45:01.857391,noisy,sax,"{'w': 144, 'bins': 5}",19,3,2,ok,57,76,0.19671953283250332,0.1736342702060938,0.3716812152415514,5,3,9,0,,
2026-05-16T00:45:02.224470,noisy,sax,"{'w': 144, 'bins': 5}",19,4,2,ok,76,95,0.19551227614283562,0.16524473764002323,0.36210962291806936,5,7,15,0,,
2026-05-16T00:45:02.683484,noisy,sax,"{'w': 144, 'bins': 5}",20,0,2,ok,0,20,0.2078774431720376,0.16852322220802307,0.37795034516602755,5,16,24,0,,
2026-05-16T00:45:03.079745,noisy,sax,"{'w': 144, 'bins': 5}",20,1,2,ok,20,40,0.20741155836731195,0.18205616157501936,0.39097994938492775,5,6,14,0,,
2026-05-16T00:45:03.433133,noisy,sax,"{'w': 144, 'bins': 5}",20,2,2,ok,40,60,0.2069695284590125,0.13970670849084854,0.34805424325168133,5,6,14,0,,
2026-05-16T00:45:03.767376,noisy,sax,"{'w': 144, 'bins': 5}",20,3,2,ok,60,80,0.20648362673819065,0.12133924290537834,0.32919801119714975,5,9,16,0,,
2026-05-16T00:45:04.197304,noisy,sax,"{'w': 144, 'bins': 5}",20,4,2,ok,80,100,0.20739449560642242,0.21527143567800522,0.4240729035809636,5,4,11,0,,
2026-05-16T00:45:04.688344,noisy,sax,"{'w': 144, 'bins': 5}",21,0,2,ok,0,21,0.21780541352927685,0.18894953466951847,0.4082819549366832,5,9,16,0,,
2026-05-16T00:45:05.063277,noisy,sax,"{'w': 144, 'bins': 5}",21,1,2,ok,21,42,0.21792706102132797,0.14929656498134136,0.36874112486839294,5,5,11,0,,
2026-05-16T00:45:05.432918,noisy,sax,"{'w': 144, 'bins': 5}",21,2,2,ok,42,63,0.2184217208996415,0.14459896460175514,0.364534467458725,5,9,18,0,,
2026-05-16T00:45:05.806511,noisy,sax,"{'w': 144, 'bins': 5}",21,3,2,ok,63,84,0.21777970623224974,0.14860506635159254,0.3679647780954838,5,11,19,0,,
2026-05-16T00:45:06.241687,noisy,sax,"{'w': 144, 'bins': 5}",21,4,2,ok,84,105,0.21770392265170813,0.20981159433722496,0.42914927564561367,5,11,18,0,,
2026-05-16T00:45:06.719782,noisy,sax,"{'w': 144, 'bins': 5}",22,0,2,ok,0,22,0.23133188113570213,0.15967628173530102,0.3936049686744809,5,5,12,0,,
2026-05-16T00:45:07.232150,noisy,sax,"{'w': 144, 'bins': 5}",22,1,2,ok,22,44,0.22839704155921936,0.27504071593284607,0.505151485092938,5,10,18,0,,
2026-05-16T00:45:07.589946,noisy,sax,"{'w': 144, 'bins': 5}",22,2,2,ok,44,66,0.22965522203594446,0.12144987937062979,0.3526844372972846,5,12,21,0,,
2026-05-16T00:45:08.000920,noisy,sax,"{'w': 144, 'bins': 5}",22,3,2,ok,66,88,0.23016584105789661,0.17282699327915907,0.40458980295807123,5,17,30,0,,
2026-05-16T00:45:08.446211,noisy,sax,"{'w': 144, 'bins': 5}",22,4,2,ok,88,110,0.23055669572204351,0.2068110704421997,0.4390830770134926,5,11,18,0,,
2026-05-16T00:45:08.948376,noisy,sax,"{'w': 144, 'bins': 5}",23,0,2,ok,0,23,0.2412959886714816,0.17156299203634262,0.4148446982726455,5,7,16,0,,
2026-05-16T00:45:09.416386,noisy,sax,"{'w': 144, 'bins': 5}",23,1,2,ok,23,46,0.24064177088439465,0.21901028603315353,0.46132275369018316,5,8,17,0,,
2026-05-16T00:45:09.845868,noisy,sax,"{'w': 144, 'bins': 5}",23,2,2,ok,46,69,0.24096690211445093,0.1808480340987444,0.42376398481428623,5,3,10,0,,
2026-05-16T00:45:10.256903,noisy,sax,"{'w': 144, 'bins': 5}",23,3,2,ok,69,92,0.24070220347493887,0.16119986306875944,0.4041861454024911,5,10,19,0,,
2026-05-16T00:45:10.828453,noisy,sax,"{'w': 144, 'bins': 5}",23,4,2,ok,92,115,0.23899975791573524,0.3241329099982977,0.5648316880688071,5,12,19,0,,
2026-05-16T00:45:11.378918,noisy,sax,"{'w': 144, 'bins': 5}",24,0,2,ok,0,24,0.2490414334461093,0.21686702128499746,0.4676727671176195,5,11,20,0,,
2026-05-16T00:45:11.921585,noisy,sax,"{'w': 144, 'bins': 5}",24,1,2,ok,24,48,0.24847326427698135,0.28478275891393423,0.5349937556311488,5,9,16,0,,
2026-05-16T00:45:12.351154,noisy,sax,"{'w': 144, 'bins': 5}",24,2,2,ok,48,72,0.24858346208930016,0.17285149078816175,0.4231478786095977,5,6,14,0,,
2026-05-16T00:45:12.826563,noisy,sax,"{'w': 144, 'bins': 5}",24,3,2,ok,72,96,0.24945122189819813,0.2179459072649479,0.4691125201061368,5,7,15,0,,
2026-05-16T00:45:13.420461,noisy,sax,"{'w': 144, 'bins': 5}",24,4,2,ok,96,120,0.24867005459964275,0.33453894034028053,0.5848988071084023,5,4,10,0,,
2026-05-16T00:45:13.990501,noisy,sax,"{'w': 144, 'bins': 5}",25,0,2,ok,0,25,0.25982126221060753,0.21788550447672606,0.4795508198440075,5,6,14,0,,
2026-05-16T00:45:14.493133,noisy,sax,"{'w': 144, 'bins': 5}",25,1,2,ok,25,50,0.259780565276742,0.23380945343524218,0.4953350257128477,5,17,26,0,,
2026-05-16T00:45:14.967405,noisy,sax,"{'w': 144, 'bins': 5}",25,2,2,ok,50,75,0.2594029875472188,0.2061757082119584,0.4673155974596739,5,3,10,0,,
2026-05-16T00:45:15.475426,noisy,sax,"{'w': 144, 'bins': 5}",25,3,2,ok,75,100,0.2632139828056097,0.23630081117153168,0.5014622397720814,5,8,16,0,,
2026-05-16T00:45:16.108381,noisy,sax,"{'w': 144, 'bins': 5}",25,4,2,ok,100,125,0.2630323702469468,0.3607407258823514,0.6256560413166881,5,7,16,0,,
2026-05-16T00:45:16.651955,noisy,sax,"{'w': 144, 'bins': 5}",26,0,2,ok,0,26,0.2701901812106371,0.18726287875324488,0.4605401661247015,5,4,11,0,,
2026-05-16T00:45:17.102234,noisy,sax,"{'w': 144, 'bins': 5}",26,1,2,ok,26,52,0.27303620520979166,0.1675333445891738,0.4433598192408681,5,7,15,0,,
2026-05-16T00:45:17.606152,noisy,sax,"{'w': 144, 'bins': 5}",26,2,2,ok,52,78,0.2788540171459317,0.2138249110430479,0.4959018900990486,5,3,10,0,,
2026-05-16T00:45:18.100553,noisy,sax,"{'w': 144, 'bins': 5}",26,3,2,ok,78,104,0.27231920789927244,0.2140062116086483,0.4881347371265292,5,3,10,0,,
2026-05-16T00:45:18.871565,noisy,sax,"{'w': 144, 'bins': 5}",26,4,2,ok,104,130,0.2700319532305002,0.4895571181550622,0.7615880249068141,5,12,21,0,,
2026-05-16T00:45:19.464177,noisy,sax,"{'w': 144, 'bins': 5}",27,0,2,ok,0,27,0.2795920930802822,0.22330729477107525,0.5048326980322599,5,5,12,0,,
2026-05-16T00:45:19.923479,noisy,sax,"{'w': 144, 'bins': 5}",27,1,2,ok,27,54,0.2813301971182227,0.1694633588194847,0.452774285338819,5,4,11,0,,
2026-05-16T00:45:20.402334,noisy,sax,"{'w': 144, 'bins': 5}",27,2,2,ok,54,81,0.2801026627421379,0.19023837614804506,0.47219713404774666,5,7,14,0,,
2026-05-16T00:45:20.974918,noisy,sax,"{'w': 144, 'bins': 5}",27,3,2,ok,81,108,0.2798193907365203,0.28258718736469746,0.5643443958833814,5,5,11,0,,
2026-05-16T00:45:21.923979,noisy,sax,"{'w': 144, 'bins': 5}",27,4,2,ok,108,135,0.28190688975155354,0.652890307828784,0.9369307141751051,5,3,10,0,,
2026-05-16T00:45:22.509954,noisy,sax,"{'w': 144, 'bins': 5}",28,0,2,ok,0,28,0.2885012710466981,0.2120185401290655,0.5024587418884039,5,3,10,0,,
2026-05-16T00:45:23.052616,noisy,sax,"{'w': 144, 'bins': 5}",28,1,2,ok,28,56,0.2938982043415308,0.23710747621953487,0.5335667990148067,5,7,14,0,,
2026-05-16T00:45:23.561466,noisy,sax,"{'w': 144, 'bins': 5}",28,2,2,ok,56,84,0.29213068541139364,0.20720239728689194,0.5014613587409258,5,9,18,0,,
2026-05-16T00:45:24.131995,noisy,sax,"{'w': 144, 'bins': 5}",28,3,2,ok,84,112,0.2888470310717821,0.27198074385523796,0.5628457246348262,5,10,17,0,,
2026-05-16T00:45:25.059536,noisy,sax,"{'w': 144, 'bins': 5}",28,4,2,ok,112,140,0.2915143081918359,0.6232535624876618,0.9169447990134358,5,5,12,0,,
2026-05-16T00:45:25.749472,noisy,sax,"{'w': 144, 'bins': 5}",29,0,2,ok,0,29,0.30386853497475386,0.29293486662209034,0.6013273457065225,5,4,11,0,,
2026-05-16T00:45:26.361216,noisy,sax,"{'w': 144, 'bins': 5}",29,1,2,ok,29,58,0.30711689591407776,0.2915094904601574,0.6018623011186719,5,5,14,0,,
2026-05-16T00:45:26.896544,noisy,sax,"{'w': 144, 'bins': 5}",29,2,2,ok,58,87,0.30215559899806976,0.22126068267971277,0.526407377794385,5,10,18,0,,
2026-05-16T00:45:27.703236,noisy,sax,"{'w': 144, 'bins': 5}",29,3,2,ok,87,116,0.30657928343862295,0.48754018265753984,0.797333781607449,5,6,12,0,,
2026-05-16T00:45:28.473013,noisy,sax,"{'w': 144, 'bins': 5}",29,4,2,ok,116,145,0.30427486915141344,0.45153888687491417,0.7589417994022369,5,5,13,0,,
2026-05-16T00:45:29.125242,noisy,sax,"{'w': 144, 'bins': 5}",30,0,2,ok,0,30,0.31281306967139244,0.2467471556738019,0.5622927257791162,5,10,19,0,,
2026-05-16T00:45:29.695531,noisy,sax,"{'w': 144, 'bins': 5}",30,1,2,ok,30,60,0.31989082880318165,0.23775530327111483,0.5616347510367632,5,11,20,0,,
2026-05-16T00:45:30.312646,noisy,sax,"{'w': 144, 'bins': 5}",30,2,2,ok,60,90,0.3155115572735667,0.29124452359974384,0.6090782107785344,5,7,15,0,,
2026-05-16T00:45:31.034027,noisy,sax,"{'w': 144, 'bins': 5}",30,3,2,ok,90,120,0.3191754352301359,0.38870720751583576,0.7118102172389627,5,6,12,0,,
2026-05-16T00:45:31.855321,noisy,sax,"{'w': 144, 'bins': 5}",30,4,2,ok,120,150,0.315120049752295,0.4914993569254875,0.8096594549715519,5,5,12,0,,
2026-05-16T00:45:32.527176,noisy,sax,"{'w': 144, 'bins': 5}",31,0,2,ok,0,31,0.3228744510561228,0.25160315353423357,0.576773445121944,5,4,11,0,,
2026-05-16T00:45:33.212520,noisy,sax,"{'w': 144, 'bins': 5}",31,1,2,ok,31,62,0.3217858765274286,0.35329357627779245,0.6773160826414824,5,3,10,0,,
2026-05-16T00:45:33.897770,noisy,sax,"{'w': 144, 'bins': 5}",31,2,2,ok,62,93,0.31956292409449816,0.353675932623446,0.6754574421793222,5,8,15,0,,
2026-05-16T00:45:34.576705,noisy,sax,"{'w': 144, 'bins': 5}",31,3,2,ok,93,124,0.32343365252017975,0.34414306562393904,0.6699280925095081,5,6,13,0,,
2026-05-16T00:45:35.387022,noisy,sax,"{'w': 144, 'bins': 5}",31,4,2,ok,124,155,0.32022746093571186,0.4781946372240782,0.8006029929965734,5,8,16,0,,
2026-05-16T00:45:36.060084,noisy,sax,"{'w': 144, 'bins': 5}",32,0,2,ok,0,32,0.33504112530499697,0.24839975871145725,0.5862121069803834,5,5,12,0,,
2026-05-16T00:45:36.642501,noisy,sax,"{'w': 144, 'bins': 5}",32,1,2,ok,32,64,0.33202467299997807,0.2403906425461173,0.574593273922801,5,7,15,0,,
2026-05-16T00:45:37.363674,noisy,sax,"{'w': 144, 'bins': 5}",32,2,2,ok,64,96,0.3361464310437441,0.3739371756091714,0.7125933589413762,5,9,18,0,,
2026-05-16T00:45:38.216197,noisy,sax,"{'w': 144, 'bins': 5}",32,3,2,ok,96,128,0.3342461232095957,0.5004040887579322,0.841021784581244,5,3,10,0,,
2026-05-16T00:45:39.166015,noisy,sax,"{'w': 144, 'bins': 5}",32,4,2,ok,128,160,0.3353447550907731,0.6007026061415672,0.9384610531851649,5,6,14,0,,
2026-05-16T00:45:39.906879,noisy,sax,"{'w': 144, 'bins': 5}",33,0,2,ok,0,33,0.3456826964393258,0.3011614140123129,0.6496214950457215,5,7,13,0,,
2026-05-16T00:45:40.498812,noisy,sax,"{'w': 144, 'bins': 5}",33,1,2,ok,33,66,0.3446138799190521,0.2367731910198927,0.5842125965282321,5,12,21,0,,
2026-05-16T00:45:41.248811,noisy,sax,"{'w': 144, 'bins': 5}",33,2,2,ok,66,99,0.34896319452673197,0.3874272061511874,0.739436550065875,5,3,10,0,,
2026-05-16T00:45:42.196507,noisy,sax,"{'w': 144, 'bins': 5}",33,3,2,ok,99,132,0.34921312518417835,0.5801689941436052,0.9330895701423287,5,3,10,0,,
2026-05-16T00:45:43.003722,noisy,sax,"{'w': 144, 'bins': 5}",33,4,2,ok,132,165,0.34844792913645506,0.44443682581186295,0.7965713469311595,5,9,17,0,,
2026-05-16T00:45:43.779459,noisy,sax,"{'w': 144, 'bins': 5}",34,0,2,ok,0,34,0.3573580076918006,0.3237034985795617,0.684212913736701,5,18,27,0,,
2026-05-16T00:45:44.578922,noisy,sax,"{'w': 144, 'bins': 5}",34,1,2,ok,34,68,0.35560301318764687,0.43062878027558327,0.7889584833756089,5,7,15,0,,
2026-05-16T00:45:45.328354,noisy,sax,"{'w': 144, 'bins': 5}",34,2,2,ok,68,102,0.36397241801023483,0.37099840957671404,0.7394050927832723,5,13,23,0,,
2026-05-16T00:45:46.502478,noisy,sax,"{'w': 144, 'bins': 5}",34,3,2,ok,102,136,0.3599903015419841,0.797704616561532,1.1610382543876767,5,15,28,0,,
2026-05-16T00:45:47.226878,noisy,sax,"{'w': 144, 'bins': 5}",34,4,2,ok,136,170,0.3603992788121104,0.3492350373417139,0.7138345222920179,5,4,11,0,,
2026-05-16T00:45:48.018712,noisy,sax,"{'w': 144, 'bins': 5}",35,0,2,ok,0,35,0.3656343277543783,0.3304604757577181,0.7001981884241104,5,5,13,0,,
2026-05-16T00:45:48.743866,noisy,sax,"{'w': 144, 'bins': 5}",35,1,2,ok,35,70,0.3662266107276082,0.34554561972618103,0.7148801367729902,5,7,15,0,,
2026-05-16T00:45:49.487661,noisy,sax,"{'w': 144, 'bins': 5}",35,2,2,ok,70,105,0.36506439838558435,0.36482776422053576,0.7328980769962072,5,4,11,0,,
2026-05-16T00:45:50.715398,noisy,sax,"{'w': 144, 'bins': 5}",35,3,2,ok,105,140,0.3663287628442049,0.8439155202358961,1.2145050335675478,5,10,18,0,,
2026-05-16T00:45:51.501790,noisy,sax,"{'w': 144, 'bins': 5}",35,4,2,ok,140,175,0.36717246752232313,0.40532653499394655,0.7763176020234823,5,11,22,0,,
2026-05-16T00:45:52.326736,noisy,sax,"{'w': 144, 'bins': 5}",36,0,2,ok,0,36,0.3748339116573334,0.354897971265018,0.7335135228931904,5,15,25,0,,
2026-05-16T00:45:53.063846,noisy,sax,"{'w': 144, 'bins': 5}",36,1,2,ok,36,72,0.3762964280322194,0.34514776337891817,0.7257487140595913,5,13,22,0,,
2026-05-16T00:45:53.850904,noisy,sax,"{'w': 144, 'bins': 5}",36,2,2,ok,72,108,0.37695787847042084,0.39340349938720465,0.7740290546789765,5,11,18,0,,
2026-05-16T00:45:54.991694,noisy,sax,"{'w': 144, 'bins': 5}",36,3,2,ok,108,144,0.37737244740128517,0.7455993266776204,1.1258820788934827,5,5,12,0,,
2026-05-16T00:45:55.950489,noisy,sax,"{'w': 144, 'bins': 5}",36,4,2,ok,144,180,0.3790835617110133,0.5642986390739679,0.9476964520290494,5,5,12,0,,
2026-05-16T00:45:56.756927,noisy,sax,"{'w': 144, 'bins': 5}",37,0,2,ok,0,37,0.3896724432706833,0.3148919679224491,0.708646384999156,5,7,13,0,,
2026-05-16T00:45:57.599732,noisy,sax,"{'w': 144, 'bins': 5}",37,1,2,ok,37,74,0.3926935661584139,0.4346672659739852,0.8318083826452494,5,13,22,0,,
2026-05-16T00:45:58.386872,noisy,sax,"{'w': 144, 'bins': 5}",37,2,2,ok,74,111,0.3929813662543893,0.3795572314411402,0.7763041472062469,5,10,20,0,,
2026-05-16T00:45:59.507011,noisy,sax,"{'w': 144, 'bins': 5}",37,3,2,ok,111,148,0.3885446172207594,0.7132131503894925,1.105589872226119,5,6,13,0,,
2026-05-16T00:46:00.331740,noisy,sax,"{'w': 144, 'bins': 5}",37,4,2,ok,148,185,0.3907821774482727,0.41796802170574665,0.8132659271359444,5,9,17,0,,
2026-05-16T00:46:01.210948,noisy,sax,"{'w': 144, 'bins': 5}",38,0,2,ok,0,38,0.3993884362280369,0.3817440280690789,0.7850929396227002,5,6,13,0,,
2026-05-16T00:46:02.026087,noisy,sax,"{'w': 144, 'bins': 5}",38,1,2,ok,38,76,0.3957815244793892,0.4058901648968458,0.8044258104637265,5,8,17,0,,
2026-05-16T00:46:02.998635,noisy,sax,"{'w': 144, 'bins': 5}",38,2,2,ok,76,114,0.39610723592340946,0.5619388706982136,0.9614328555762768,5,4,11,0,,
2026-05-16T00:46:04.121620,noisy,sax,"{'w': 144, 'bins': 5}",38,3,2,ok,114,152,0.3997283857315779,0.7026147814467549,1.107370937243104,5,8,18,0,,
2026-05-16T00:46:04.986472,noisy,sax,"{'w': 144, 'bins': 5}",38,4,2,ok,152,190,0.40796545054763556,0.4398278957232833,0.8523845365270972,5,4,11,0,,
2026-05-16T00:46:05.909409,noisy,sax,"{'w': 144, 'bins': 5}",39,0,2,ok,0,39,0.41146638430655,0.4107545483857393,0.826264294795692,5,9,16,0,,
2026-05-16T00:46:06.783888,noisy,sax,"{'w': 144, 'bins': 5}",39,1,2,ok,39,78,0.4115182925015688,0.4458298357203603,0.8611886296421289,5,5,12,0,,
2026-05-16T00:46:07.709847,noisy,sax,"{'w': 144, 'bins': 5}",39,2,2,ok,78,117,0.4165198337286711,0.4915262255817652,0.9124336075037718,5,3,10,0,,
2026-05-16T00:46:08.865726,noisy,sax,"{'w': 144, 'bins': 5}",39,3,2,ok,117,156,0.41451398748904467,0.7230442808941007,1.141811314970255,5,8,16,0,,
2026-05-16T00:46:09.899596,noisy,sax,"{'w': 144, 'bins': 5}",39,4,2,ok,156,195,0.4102830933406949,0.6056809816509485,1.0193286119028926,5,6,14,0,,
2026-05-16T00:46:10.905228,noisy,sax,"{'w': 144, 'bins': 5}",40,0,2,ok,0,40,0.4214461538940668,0.47914724331349134,0.9039791543036699,5,6,12,0,,
2026-05-16T00:46:11.762671,noisy,sax,"{'w': 144, 'bins': 5}",40,1,2,ok,40,80,0.4169153878465295,0.4247044324874878,0.8448565565049648,5,4,11,0,,
2026-05-16T00:46:12.749946,noisy,sax,"{'w': 144, 'bins': 5}",40,2,2,ok,80,120,0.4198368228971958,0.5485928431153297,0.973218628205359,5,6,12,0,,
2026-05-16T00:46:13.840194,noisy,sax,"{'w': 144, 'bins': 5}",40,3,2,ok,120,160,0.42206643894314766,0.6480021551251411,1.0743626663461328,5,5,13,0,,
2026-05-16T00:46:15.068751,noisy,sax,"{'w': 144, 'bins': 5}",40,4,2,ok,160,200,0.5447032917290926,0.6665383381769061,1.2145835738629103,5,8,15,0,,
2026-05-16T00:46:16.041422,noisy,sax,"{'w': 144, 'bins': 5}",41,0,2,ok,0,41,0.42796182725578547,0.44782460387796164,0.8791039204224944,5,9,16,0,,
2026-05-16T00:46:16.852532,noisy,sax,"{'w': 144, 'bins': 5}",41,1,2,ok,41,82,0.4236113289371133,0.37319501023739576,0.7998713543638587,5,4,11,0,,
2026-05-16T00:46:18.048244,noisy,sax,"{'w': 144, 'bins': 5}",41,2,2,ok,82,123,0.42666929215192795,0.7516626678407192,1.181731623597443,5,5,13,0,,
2026-05-16T00:46:19.273728,noisy,sax,"{'w': 144, 'bins': 5}",41,3,2,ok,123,164,0.4235123051330447,0.7835879512131214,1.210415480658412,5,6,14,0,,
2026-05-16T00:46:20.400358,noisy,sax,"{'w': 144, 'bins': 5}",41,4,2,ok,164,205,0.42790966108441353,0.680258771404624,1.111563908867538,5,4,11,0,,
2026-05-16T00:46:21.433142,noisy,sax,"{'w': 144, 'bins': 5}",42,0,2,ok,0,42,0.43529757391661406,0.5031425096094608,0.9417978674173355,5,10,18,0,,
2026-05-16T00:46:22.306563,noisy,sax,"{'w': 144, 'bins': 5}",42,1,2,ok,42,84,0.4375049965456128,0.42072787694633007,0.8618371719494462,5,4,11,0,,
2026-05-16T00:46:23.492823,noisy,sax,"{'w': 144, 'bins': 5}",42,2,2,ok,84,126,0.43662303127348423,0.732013987377286,1.1719921790063381,5,7,16,0,,
2026-05-16T00:46:24.768873,noisy,sax,"{'w': 144, 'bins': 5}",42,3,2,ok,126,168,0.43266386911273,0.8240727270022035,1.2598236817866564,5,4,11,0,,
2026-05-16T00:46:25.978581,noisy,sax,"{'w': 144, 'bins': 5}",42,4,2,ok,168,210,0.43146341387182474,0.7607784755527973,1.195196577347815,5,4,11,0,,
2026-05-16T00:46:27.042508,noisy,sax,"{'w': 144, 'bins': 5}",43,0,2,ok,0,43,0.4441273743286729,0.5250425487756729,0.9721245802938938,5,10,18,0,,
2026-05-16T00:46:27.892859,noisy,sax,"{'w': 144, 'bins': 5}",43,1,2,ok,43,86,0.45519662741571665,0.374380917288363,0.8359348308295012,5,17,28,0,,
2026-05-16T00:46:29.102773,noisy,sax,"{'w': 144, 'bins': 5}",43,2,2,ok,86,129,0.45278214290738106,0.7374758031219244,1.1940198093652725,5,6,14,0,,
2026-05-16T00:46:30.322983,noisy,sax,"{'w': 144, 'bins': 5}",43,3,2,ok,129,172,0.4439167883247137,0.7582866074517369,1.2056880090385675,5,5,12,0,,
2026-05-16T00:46:31.628998,noisy,sax,"{'w': 144, 'bins': 5}",43,4,2,ok,172,215,0.44710110779851675,0.8404417233541608,1.290718694217503,5,4,11,0,,
2026-05-16T00:46:32.807459,noisy,sax,"{'w': 144, 'bins': 5}",44,0,2,ok,0,44,0.4524142825976014,0.629046618938446,1.0845850175246596,5,9,16,0,,
2026-05-16T00:46:33.653512,noisy,sax,"{'w': 144, 'bins': 5}",44,1,2,ok,44,88,0.45568697806447744,0.37606601137667894,0.8347672801464796,5,7,15,0,,
2026-05-16T00:46:34.972360,noisy,sax,"{'w': 144, 'bins': 5}",44,2,2,ok,88,132,0.4560850169509649,0.8456963011994958,1.3048627637326717,5,8,16,0,,
2026-05-16T00:46:36.147989,noisy,sax,"{'w': 144, 'bins': 5}",44,3,2,ok,132,176,0.4540864322334528,0.7052179789170623,1.1624624216929078,5,7,15,0,,
2026-05-16T00:46:37.419691,noisy,sax,"{'w': 144, 'bins': 5}",44,4,2,ok,176,220,0.4536491436883807,0.7969986656680703,1.253799636848271,5,3,10,0,,
2026-05-16T00:46:38.585552,noisy,sax,"{'w': 144, 'bins': 5}",45,0,2,ok,0,45,0.4665072560310364,0.6009032782167196,1.0706888092681766,5,4,10,0,,
2026-05-16T00:46:39.540979,noisy,sax,"{'w': 144, 'bins': 5}",45,1,2,ok,45,90,0.4633576227352023,0.47602444514632225,0.9424999617040157,5,13,22,0,,
2026-05-16T00:46:40.997165,noisy,sax,"{'w': 144, 'bins': 5}",45,2,2,ok,90,135,0.4628229681402445,0.975445169955492,1.4414449129253626,5,7,15,0,,
2026-05-16T00:46:42.060707,noisy,sax,"{'w': 144, 'bins': 5}",45,3,2,ok,135,180,0.46682702749967575,0.5804099794477224,1.0507481787353754,5,5,12,0,,
2026-05-16T00:46:43.389043,noisy,sax,"{'w': 144, 'bins': 5}",45,4,2,ok,180,225,0.46512211579829454,0.8434208109974861,1.3117346903309226,5,7,15,0,,
2026-05-16T00:46:44.485316,noisy,sax,"{'w': 144, 'bins': 5}",46,0,2,ok,0,46,0.47474777791649103,0.5258335396647453,1.0038132155314088,5,6,14,0,,
2026-05-16T00:46:45.403172,noisy,sax,"{'w': 144, 'bins': 5}",46,1,2,ok,46,92,0.4761948073282838,0.42743872106075287,0.906779395416379,5,7,15,0,,
2026-05-16T00:46:46.891331,noisy,sax,"{'w': 144, 'bins': 5}",46,2,2,ok,92,138,0.47418371960520744,0.9949503634124994,1.4724091738462448,5,6,14,0,,
2026-05-16T00:46:47.910144,noisy,sax,"{'w': 144, 'bins': 5}",46,3,2,ok,138,184,0.47288587410002947,0.5302328281104565,1.006302921101451,5,8,17,0,,
2026-05-16T00:46:49.228369,noisy,sax,"{'w': 144, 'bins': 5}",46,4,2,ok,184,230,0.47348390705883503,0.8225978156551719,1.2992619033902884,5,3,10,0,,
2026-05-16T00:46:50.401427,noisy,sax,"{'w': 144, 'bins': 5}",47,0,2,ok,0,47,0.48853584844619036,0.5919833136722445,1.0839868420735002,5,12,22,0,,
2026-05-16T00:46:51.428285,noisy,sax,"{'w': 144, 'bins': 5}",47,1,2,ok,47,94,0.4836602844297886,0.5263921776786447,1.0133416783064604,5,7,16,0,,
2026-05-16T00:46:53.040969,noisy,sax,"{'w': 144, 'bins': 5}",47,2,2,ok,94,141,0.48552902322262526,1.1048716874793172,1.5938478633761406,5,4,11,0,,
2026-05-16T00:46:54.200294,noisy,sax,"{'w': 144, 'bins': 5}",47,3,2,ok,141,188,0.484097464941442,0.6584462262690067,1.145858925767243,5,16,26,0,,
2026-05-16T00:46:55.603671,noisy,sax,"{'w': 144, 'bins': 5}",47,4,2,ok,188,235,0.4864308377727866,0.8955999668687582,1.3854758031666279,5,9,18,0,,
2026-05-16T00:46:56.881400,noisy,sax,"{'w': 144, 'bins': 5}",48,0,2,ok,0,48,0.4997573783621192,0.6801875671371818,1.183897327631712,5,5,11,0,,
2026-05-16T00:46:58.063535,noisy,sax,"{'w': 144, 'bins': 5}",48,1,2,ok,48,96,0.49758028239011765,0.6662718988955021,1.1673361724242568,5,9,17,0,,
2026-05-16T00:46:59.598197,noisy,sax,"{'w': 144, 'bins': 5}",48,2,2,ok,96,144,0.5017465343698859,1.0106214443221688,1.5164513560011983,5,5,12,0,,
2026-05-16T00:47:00.737994,noisy,sax,"{'w': 144, 'bins': 5}",48,3,2,ok,144,192,0.49681251030415297,0.626103569753468,1.1262748576700687,5,6,13,0,,
2026-05-16T00:47:02.094545,noisy,sax,"{'w': 144, 'bins': 5}",48,4,2,ok,192,240,0.49695775378495455,0.8368012886494398,1.33724813349545,5,5,12,0,,
2026-05-16T00:47:03.482041,noisy,sax,"{'w': 144, 'bins': 5}",49,0,2,ok,0,49,0.5149287963286042,0.7646478032693267,1.283765315078199,5,11,20,0,,
2026-05-16T00:47:04.642119,noisy,sax,"{'w': 144, 'bins': 5}",49,1,2,ok,49,98,0.5060840705409646,0.6361282933503389,1.1455495906993747,5,10,19,0,,
2026-05-16T00:47:06.139306,noisy,sax,"{'w': 144, 'bins': 5}",49,2,2,ok,98,147,0.5092546539381146,0.9643340781331062,1.4776747645810246,5,4,11,0,,
2026-05-16T00:47:07.361990,noisy,sax,"{'w': 144, 'bins': 5}",49,3,2,ok,147,196,0.5083172535523772,0.6947090057656169,1.2065881080925465,5,5,12,0,,
2026-05-16T00:47:08.888968,noisy,sax,"{'w': 144, 'bins': 5}",49,4,2,ok,196,245,0.5130897862836719,0.9914947459474206,1.509108055382967,5,6,13,0,,
2026-05-16T00:47:10.208356,noisy,sax,"{'w': 144, 'bins': 5}",50,0,2,ok,0,50,0.5189391290768981,0.6994208041578531,1.2220539189875126,5,7,13,0,,
2026-05-16T00:47:11.544612,noisy,sax,"{'w': 144, 'bins': 5}",50,1,2,ok,50,100,0.5256448583677411,0.7895340230315924,1.3195234686136246,5,10,19,0,,
2026-05-16T00:47:12.989040,noisy,sax,"{'w': 144, 'bins': 5}",50,2,2,ok,100,150,0.522900546900928,0.8968741362914443,1.424113609828055,5,4,11,0,,
2026-05-16T00:47:14.183201,noisy,sax,"{'w': 144, 'bins': 5}",50,3,2,ok,150,200,0.5270278360694647,0.6469004722312093,1.1799695305526257,5,8,17,0,,
2026-05-16T00:47:15.901635,noisy,sax,"{'w': 144, 'bins': 5}",50,4,2,ok,200,250,0.6444169282913208,1.049912003800273,1.6980795739218593,5,4,11,0,,
2026-05-16T00:47:17.248673,noisy,sax,"{'w': 144, 'bins': 5}",51,0,2,ok,0,51,0.5259015429764986,0.7237834688276052,1.2532585822045803,5,7,13,0,,
2026-05-16T00:47:18.421814,noisy,sax,"{'w': 144, 'bins': 5}",51,1,2,ok,51,102,0.5271158115938306,0.627315959893167,1.158182354643941,5,12,22,0,,
2026-05-16T00:47:20.126154,noisy,sax,"{'w': 144, 'bins': 5}",51,2,2,ok,102,153,0.523352287709713,1.1572469398379326,1.6842123102396727,5,4,11,0,,
2026-05-16T00:47:21.473295,noisy,sax,"{'w': 144, 'bins': 5}",51,3,2,ok,153,204,0.5240094298496842,0.8030613036826253,1.330668338574469,5,6,14,0,,
2026-05-16T00:47:22.851699,noisy,sax,"{'w': 144, 'bins': 5}",51,4,2,ok,204,255,0.522491198964417,0.8341275062412024,1.360186013393104,5,7,14,0,,
2026-05-16T00:47:24.225850,noisy,sax,"{'w': 144, 'bins': 5}",52,0,2,ok,0,52,0.5360399596393108,0.7398138595744967,1.2795061571523547,5,6,13,0,,
2026-05-16T00:47:25.467402,noisy,sax,"{'w': 144, 'bins': 5}",52,1,2,ok,52,104,0.5336182229220867,0.6897299224510789,1.2269167955964804,5,11,20,0,,
2026-05-16T00:47:27.157502,noisy,sax,"{'w': 144, 'bins': 5}",52,2,2,ok,104,156,0.5355460718274117,1.1294656796380877,1.6686638500541449,5,5,12,0,,
2026-05-16T00:47:28.734827,noisy,sax,"{'w': 144, 'bins': 5}",52,3,2,ok,156,208,0.5380857605487108,1.017507485114038,1.5593097247183323,5,6,14,0,,
2026-05-16T00:47:30.190462,noisy,sax,"{'w': 144, 'bins': 5}",52,4,2,ok,208,260,0.5366927664726973,0.896634423173964,1.4369583372026682,5,4,11,0,,
2026-05-16T00:47:31.712660,noisy,sax,"{'w': 144, 'bins': 5}",53,0,2,ok,0,53,0.551693182438612,0.8617364568635821,1.4173274682834744,5,6,12,0,,
2026-05-16T00:47:32.975483,noisy,sax,"{'w': 144, 'bins': 5}",53,1,2,ok,53,106,0.5479255290701985,0.6959104295819998,1.2476037023589015,5,6,14,0,,
2026-05-16T00:47:34.547077,noisy,sax,"{'w': 144, 'bins': 5}",53,2,2,ok,106,159,0.5505465185269713,0.9971274305135012,1.5519569125026464,5,7,15,0,,
2026-05-16T00:47:36.129336,noisy,sax,"{'w': 144, 'bins': 5}",53,3,2,ok,159,212,0.5471538696438074,1.0126270549371839,1.5634172121062875,5,5,12,0,,
2026-05-16T00:47:37.455311,noisy,sax,"{'w': 144, 'bins': 5}",53,4,2,ok,212,265,0.5490433787927032,0.75536816008389,1.308056422509253,5,6,12,0,,
2026-05-16T00:47:38.890906,noisy,sax,"{'w': 144, 'bins': 5}",54,0,2,ok,0,54,0.5558685939759016,0.7784340586513281,1.3380379565060139,5,6,12,0,,
2026-05-16T00:47:40.134162,noisy,sax,"{'w': 144, 'bins': 5}",54,1,2,ok,54,108,0.5550017273053527,0.6698448900133371,1.228490337729454,5,7,15,0,,
2026-05-16T00:47:41.716778,noisy,sax,"{'w': 144, 'bins': 5}",54,2,2,ok,108,162,0.5587141672149301,0.9991467855870724,1.5618712129071355,5,4,11,0,,
2026-05-16T00:47:43.623622,noisy,sax,"{'w': 144, 'bins': 5}",54,3,2,ok,162,216,0.5559994298964739,1.3269338496029377,1.886803195811808,5,12,22,0,,
2026-05-16T00:47:45.018214,noisy,sax,"{'w': 144, 'bins': 5}",54,4,2,ok,216,270,0.5595229966565967,0.8143540034070611,1.3778168484568596,5,10,17,0,,
2026-05-16T00:47:46.492715,noisy,sax,"{'w': 144, 'bins': 5}",55,0,2,ok,0,55,0.5650810534134507,0.81006093416363,1.3789770677685738,5,7,13,0,,
2026-05-16T00:47:47.768171,noisy,sax,"{'w': 144, 'bins': 5}",55,1,2,ok,55,110,0.5663600955158472,0.6895806873217225,1.259655948728323,5,6,14,0,,
2026-05-16T00:47:49.425486,noisy,sax,"{'w': 144, 'bins': 5}",55,2,2,ok,110,165,0.5670235315337777,1.0670258309692144,1.637966487556696,5,6,13,0,,
2026-05-16T00:47:51.115277,noisy,sax,"{'w': 144, 'bins': 5}",55,3,2,ok,165,220,0.5673395143821836,1.0985267302021384,1.6696991603821516,5,5,12,0,,
2026-05-16T00:47:52.578522,noisy,sax,"{'w': 144, 'bins': 5}",55,4,2,ok,220,275,0.5697152446955442,0.8710063993930817,1.4445489812642336,5,4,11,0,,
2026-05-16T00:47:53.989922,noisy,sax,"{'w': 144, 'bins': 5}",56,0,2,ok,0,56,0.573729982599616,0.7415997618809342,1.3192370412871242,5,11,18,0,,
2026-05-16T00:47:55.402977,noisy,sax,"{'w': 144, 'bins': 5}",56,1,2,ok,56,112,0.5767218917608261,0.8147959085181355,1.3953837994486094,5,6,14,0,,
2026-05-16T00:47:57.213137,noisy,sax,"{'w': 144, 'bins': 5}",56,2,2,ok,112,168,0.57411580812186,1.210980737581849,1.7890226291492581,5,6,13,0,,
2026-05-16T00:47:58.750773,noisy,sax,"{'w': 144, 'bins': 5}",56,3,2,ok,168,224,0.5736784776672721,0.9398204199969769,1.5174378836527467,5,5,12,0,,
2026-05-16T00:48:00.245633,noisy,sax,"{'w': 144, 'bins': 5}",56,4,2,ok,224,280,0.5750072645023465,0.8975795665755868,1.4765052981674671,5,4,11,0,,
2026-05-16T00:48:01.699373,noisy,sax,"{'w': 144, 'bins': 5}",57,0,2,ok,0,57,0.5863765710964799,0.7678874526172876,1.3581796260550618,5,7,14,0,,
2026-05-16T00:48:03.108153,noisy,sax,"{'w': 144, 'bins': 5}",57,1,2,ok,57,114,0.5862137358635664,0.8018077630549669,1.3919463278725743,5,11,20,0,,
2026-05-16T00:48:04.951565,noisy,sax,"{'w': 144, 'bins': 5}",57,2,2,ok,114,171,0.5939067723229527,1.2217081049457192,1.8199047511443496,5,5,12,0,,
2026-05-16T00:48:06.525723,noisy,sax,"{'w': 144, 'bins': 5}",57,3,2,ok,171,228,0.5878283074125648,0.9627593532204628,1.554532477632165,5,4,11,0,,
2026-05-16T00:48:08.087096,noisy,sax,"{'w': 144, 'bins': 5}",57,4,2,ok,228,285,0.5860564522445202,0.9533153912052512,1.5433197161182761,5,5,12,0,,
2026-05-16T00:48:09.523209,noisy,sax,"{'w': 144, 'bins': 5}",58,0,2,ok,0,58,0.5948877837508917,0.7433334616944194,1.3422357235103846,5,8,14,0,,
2026-05-16T00:48:10.991349,noisy,sax,"{'w': 144, 'bins': 5}",58,1,2,ok,58,116,0.5942495353519917,0.8521567629650235,1.450376913882792,5,9,17,0,,
2026-05-16T00:48:12.672813,noisy,sax,"{'w': 144, 'bins': 5}",58,2,2,ok,116,174,0.5930143669247627,1.0629435554146767,1.6599503085017204,5,7,15,0,,
2026-05-16T00:48:14.397200,noisy,sax,"{'w': 144, 'bins': 5}",58,3,2,ok,174,232,0.5967084048315883,1.098112739622593,1.6989094810560346,5,3,10,0,,
2026-05-16T00:48:15.951419,noisy,sax,"{'w': 144, 'bins': 5}",58,4,2,ok,232,290,0.5976532567292452,0.9337028190493584,1.5355376172810793,5,4,11,0,,
2026-05-16T00:48:17.374359,noisy,sax,"{'w': 144, 'bins': 5}",59,0,2,ok,0,59,0.6153101623058319,0.7084055710583925,1.3279611142352223,5,10,18,0,,
2026-05-16T00:48:18.883365,noisy,sax,"{'w': 144, 'bins': 5}",59,1,2,ok,59,118,0.6085725417360663,0.8776033250615001,1.4902019361034036,5,4,11,0,,
2026-05-16T00:48:20.577377,noisy,sax,"{'w': 144, 'bins': 5}",59,2,2,ok,118,177,0.6065974831581116,1.063058883883059,1.673744272440672,5,8,16,0,,
2026-05-16T00:48:22.401663,noisy,sax,"{'w': 144, 'bins': 5}",59,3,2,ok,177,236,0.6061080042272806,1.1882186913862824,1.7985213417559862,5,3,10,0,,
2026-05-16T00:48:24.129561,noisy,sax,"{'w': 144, 'bins': 5}",59,4,2,ok,236,295,0.6110411081463099,1.0924600614234805,1.707612649537623,5,13,23,0,,
2026-05-16T00:48:25.664149,noisy,sax,"{'w': 144, 'bins': 5}",60,0,2,ok,0,60,0.6222700010985136,0.8119646608829498,1.4383254228159785,5,10,18,0,,
2026-05-16T00:48:27.275834,noisy,sax,"{'w': 144, 'bins': 5}",60,1,2,ok,60,120,0.6153393089771271,0.9718618523329496,1.591279298067093,5,4,11,0,,
2026-05-16T00:48:28.969674,noisy,sax,"{'w': 144, 'bins': 5}",60,2,2,ok,120,180,0.6162157440558076,1.0514342309907079,1.6717665046453476,5,4,11,0,,
2026-05-16T00:48:30.728891,noisy,sax,"{'w': 144, 'bins': 5}",60,3,2,ok,180,240,0.6187990559265018,1.1141961561515927,1.7372192842885852,5,9,17,0,,
2026-05-16T00:48:32.558416,noisy,sax,"{'w': 144, 'bins': 5}",60,4,2,ok,240,300,0.6171053368598223,1.1864681281149387,1.8077261121943593,5,4,11,0,,
2026-05-16T00:48:34.156964,noisy,sax,"{'w': 144, 'bins': 5}",61,0,2,ok,0,61,0.626693569123745,0.8718240782618523,1.5026834094896913,5,5,12,0,,
2026-05-16T00:48:35.817576,noisy,sax,"{'w': 144, 'bins': 5}",61,1,2,ok,61,122,0.6283179400488734,1.0060002552345395,1.6384982634335756,5,4,11,0,,
2026-05-16T00:48:37.657322,noisy,sax,"{'w': 144, 'bins': 5}",61,2,2,ok,122,183,0.6289226366207004,1.1848860308527946,1.818056763149798,5,6,14,0,,
2026-05-16T00:48:39.551841,noisy,sax,"{'w': 144, 'bins': 5}",61,3,2,ok,183,244,0.6280246498063207,1.2364508118480444,1.868729398585856,5,4,11,0,,
2026-05-16T00:48:41.148261,noisy,sax,"{'w': 144, 'bins': 5}",61,4,2,ok,244,305,0.6344173327088356,0.9399817064404488,1.5789627488702536,5,6,13,0,,
2026-05-16T00:48:42.792592,noisy,sax,"{'w': 144, 'bins': 5}",62,0,2,ok,0,62,0.6368465255945921,0.9029652830213308,1.5440950710326433,5,4,11,0,,
2026-05-16T00:48:44.519450,noisy,sax,"{'w': 144, 'bins': 5}",62,1,2,ok,62,124,0.6377155371010303,1.0652925791218877,1.7072506519034505,5,12,23,0,,
2026-05-16T00:48:46.263554,noisy,sax,"{'w': 144, 'bins': 5}",62,2,2,ok,124,186,0.6351025803014636,1.0855217324569821,1.7249173941090703,5,8,16,0,,
2026-05-16T00:48:48.506804,noisy,sax,"{'w': 144, 'bins': 5}",62,3,2,ok,186,248,0.6361873876303434,1.5765443332493305,2.2171462597325444,5,7,15,0,,
2026-05-16T00:48:50.307206,noisy,sax,"{'w': 144, 'bins': 5}",62,4,2,ok,248,310,0.6393073871731758,1.1348815048113465,1.778466023504734,5,4,11,0,,
2026-05-16T00:48:51.857841,noisy,sax,"{'w': 144, 'bins': 5}",63,0,2,ok,0,63,0.6460646660998464,0.8069916116073728,1.4573115669190884,5,11,20,0,,
2026-05-16T00:48:53.651391,noisy,sax,"{'w': 144, 'bins': 5}",63,1,2,ok,63,126,0.6493684789165854,1.1174925258383155,1.7712653940543532,5,4,11,0,,
2026-05-16T00:48:55.446966,noisy,sax,"{'w': 144, 'bins': 5}",63,2,2,ok,126,189,0.6466767452657223,1.1244514817371964,1.7755017094314098,5,6,13,0,,
2026-05-16T00:48:57.686082,noisy,sax,"{'w': 144, 'bins': 5}",63,3,2,ok,189,252,0.6520184157416224,1.55627207364887,2.2127478290349245,5,5,12,0,,
2026-05-16T00:48:59.480747,noisy,sax,"{'w': 144, 'bins': 5}",63,4,2,ok,252,315,0.6473231306299567,1.1195942424237728,1.7712393589317799,5,7,15,0,,
2026-05-16T00:49:01.230963,noisy,sax,"{'w': 144, 'bins': 5}",64,0,2,ok,0,64,0.6618287172168493,0.9855944896116853,1.6518475040793419,5,5,12,0,,
2026-05-16T00:49:03.110635,noisy,sax,"{'w': 144, 'bins': 5}",64,1,2,ok,64,128,0.658941606990993,1.1958184074610472,1.8592015849426389,5,7,15,0,,
2026-05-16T00:49:05.028702,noisy,sax,"{'w': 144, 'bins': 5}",64,2,2,ok,128,192,0.6568733928725123,1.2349340338259935,1.896215545013547,5,6,13,0,,
2026-05-16T00:49:07.035108,noisy,sax,"{'w': 144, 'bins': 5}",64,3,2,ok,192,256,0.6579913245514035,1.319887979887426,1.9824504973366857,5,7,15,0,,
2026-05-16T00:49:08.713028,noisy,sax,"{'w': 144, 'bins': 5}",64,4,2,ok,256,320,0.659713177010417,0.9934960277751088,1.6576165901497006,5,5,12,0,,
2026-05-16T00:49:10.506362,noisy,sax,"{'w': 144, 'bins': 5}",65,0,2,ok,0,65,0.6687194779515266,1.0226606596261263,1.6958669321611524,5,5,12,0,,
2026-05-16T00:49:12.317165,noisy,sax,"{'w': 144, 'bins': 5}",65,1,2,ok,65,130,0.6706708632409573,1.1109604481607676,1.7860554866492748,5,3,10,0,,
2026-05-16T00:49:14.322334,noisy,sax,"{'w': 144, 'bins': 5}",65,2,2,ok,130,195,0.6788584468886256,1.2983157690614462,1.9820095039904118,5,6,13,0,,
2026-05-16T00:49:16.316942,noisy,sax,"{'w': 144, 'bins': 5}",65,3,2,ok,195,260,0.6711342837661505,1.293470611795783,1.9692175164818764,5,4,11,0,,
2026-05-16T00:49:18.003700,noisy,sax,"{'w': 144, 'bins': 5}",65,4,2,ok,260,325,0.6661361688748002,0.9942382844164968,1.6648213937878609,5,4,11,0,,
2026-05-16T00:49:19.795918,noisy,sax,"{'w': 144, 'bins': 5}",66,0,2,ok,0,66,0.6786414813250303,1.0094827385619283,1.6927255997434258,5,4,11,0,,
2026-05-16T00:49:21.882638,noisy,sax,"{'w': 144, 'bins': 5}",66,1,2,ok,66,132,0.6773186968639493,1.3832747573032975,2.065180515870452,5,11,21,0,,
2026-05-16T00:49:23.719779,noisy,sax,"{'w': 144, 'bins': 5}",66,2,2,ok,132,198,0.6810319386422634,1.1296701915562153,1.81524308770895,5,6,14,0,,
2026-05-16T00:49:25.948218,noisy,sax,"{'w': 144, 'bins': 5}",66,3,2,ok,198,264,0.6753049874678254,1.5221239496022463,2.202058620750904,5,4,11,0,,
2026-05-16T00:49:27.432988,noisy,sax,"{'w': 144, 'bins': 5}",66,4,2,ok,264,330,0.6765928659588099,0.7843858851119876,1.4654983170330524,5,9,17,0,,
2026-05-16T00:49:29.286693,noisy,sax,"{'w': 144, 'bins': 5}",67,0,2,ok,0,67,0.6891325218603015,1.060137515887618,1.7538685919716954,5,4,11,0,,
2026-05-16T00:49:31.348933,noisy,sax,"{'w': 144, 'bins': 5}",67,1,2,ok,67,134,0.686847010627389,1.3472277773544192,2.0387528715655208,5,8,17,0,,
2026-05-16T00:49:33.180325,noisy,sax,"{'w': 144, 'bins': 5}",67,2,2,ok,134,201,0.6869556838646531,1.1166686527431011,1.808295588940382,5,7,15,0,,
2026-05-16T00:49:35.260168,noisy,sax,"{'w': 144, 'bins': 5}",67,3,2,ok,201,268,0.6891451356932521,1.3633833825588226,2.0571965035051107,5,7,13,0,,
2026-05-16T00:49:37.090178,noisy,sax,"{'w': 144, 'bins': 5}",67,4,2,ok,268,335,0.6895120665431023,1.1111766519024968,1.8055756138637662,5,5,12,0,,
2026-05-16T00:49:38.938629,noisy,sax,"{'w': 144, 'bins': 5}",68,0,2,ok,0,68,0.6957118464633822,1.0461849607527256,1.7467694068327546,5,4,11,0,,
2026-05-16T00:49:41.119817,noisy,sax,"{'w': 144, 'bins': 5}",68,1,2,ok,68,136,0.7052731197327375,1.4460715064778924,2.156573965214193,5,6,14,0,,
2026-05-16T00:49:42.944955,noisy,sax,"{'w': 144, 'bins': 5}",68,2,2,ok,136,204,0.6999514894559979,1.0986731881275773,1.8032434806227684,5,7,14,0,,
2026-05-16T00:49:44.933906,noisy,sax,"{'w': 144, 'bins': 5}",68,3,2,ok,204,272,0.699741986580193,1.2577727055177093,1.9625834487378597,5,7,13,0,,
2026-05-16T00:49:46.836515,noisy,sax,"{'w': 144, 'bins': 5}",68,4,2,ok,272,340,0.6971281683072448,1.17616655677557,1.8780496129766107,5,5,12,0,,
2026-05-16T00:49:48.767149,noisy,sax,"{'w': 144, 'bins': 5}",69,0,2,ok,0,69,0.7087040664628148,1.1181535869836807,1.8316060891374946,5,5,12,0,,
2026-05-16T00:49:50.817490,noisy,sax,"{'w': 144, 'bins': 5}",69,1,2,ok,69,138,0.7122565163299441,1.305331808514893,2.0227737110108137,5,4,11,0,,
2026-05-16T00:49:52.897080,noisy,sax,"{'w': 144, 'bins': 5}",69,2,2,ok,138,207,0.7129563605412841,1.3337718900293112,2.052329668775201,5,4,11,0,,
2026-05-16T00:49:55.028361,noisy,sax,"{'w': 144, 'bins': 5}",69,3,2,ok,207,276,0.7082764124497771,1.394394701346755,2.107735644094646,5,7,13,0,,
2026-05-16T00:49:56.935776,noisy,sax,"{'w': 144, 'bins': 5}",69,4,2,ok,276,345,0.7109392937272787,1.1649405425414443,1.8809957522898912,5,4,11,0,,
2026-05-16T00:49:58.863121,noisy,sax,"{'w': 144, 'bins': 5}",70,0,2,ok,0,70,0.7205854961648583,1.0983840515837073,1.8239915473386645,5,5,12,0,,
2026-05-16T00:50:01.076875,noisy,sax,"{'w': 144, 'bins': 5}",70,1,2,ok,70,140,0.729226391762495,1.456850716844201,2.191503637470305,5,10,19,0,,
2026-05-16T00:50:03.108476,noisy,sax,"{'w': 144, 'bins': 5}",70,2,2,ok,140,210,0.7163402158766985,1.2851524641737342,2.0068353405222297,5,5,12,0,,
2026-05-16T00:50:04.926167,noisy,sax,"{'w': 144, 'bins': 5}",70,3,2,ok,210,280,0.7170625226572156,1.073632087558508,1.7957894867286086,5,8,16,0,,
2026-05-16T00:50:07.042561,noisy,sax,"{'w': 144, 'bins': 5}",70,4,2,ok,280,350,0.7236466556787491,1.3633058313280344,2.0921490350738168,5,5,12,0,,
2026-05-16T00:50:08.961514,noisy,sax,"{'w': 144, 'bins': 5}",71,0,2,ok,0,71,0.7273007184267044,1.0843910509720445,1.8171418020501733,5,4,11,0,,
2026-05-16T00:50:11.217911,noisy,sax,"{'w': 144, 'bins': 5}",71,1,2,ok,71,142,0.7307527009397745,1.4946478810161352,2.2306844536215067,5,7,15,0,,
2026-05-16T00:50:13.575671,noisy,sax,"{'w': 144, 'bins': 5}",71,2,2,ok,142,213,0.7353214388713241,1.588901562616229,2.3297904850915074,5,5,12,0,,
2026-05-16T00:50:15.506986,noisy,sax,"{'w': 144, 'bins': 5}",71,3,2,ok,213,284,0.7285377522930503,1.173006685450673,1.9064505295827985,5,5,12,0,,
2026-05-16T00:50:17.328663,noisy,sax,"{'w': 144, 'bins': 5}",71,4,2,ok,284,355,0.7288835914805532,1.0621800180524588,1.7963294377550483,5,10,18,0,,
2026-05-16T00:50:19.393132,noisy,sax,"{'w': 144, 'bins': 5}",72,0,2,ok,0,72,0.7412574272602797,1.2160287192091346,1.9622281352058053,5,5,12,0,,
2026-05-16T00:50:21.699305,noisy,sax,"{'w': 144, 'bins': 5}",72,1,2,ok,72,144,0.7439121827483177,1.526863749139011,2.276380474679172,5,3,10,0,,
2026-05-16T00:50:24.043337,noisy,sax,"{'w': 144, 'bins': 5}",72,2,2,ok,144,216,0.7430495331063867,1.569134822115302,2.3175298431888223,5,6,13,0,,
2026-05-16T00:50:26.183788,noisy,sax,"{'w': 144, 'bins': 5}",72,3,2,ok,216,288,0.7415245696902275,1.368381160311401,2.11504038143903,5,5,12,0,,
2026-05-16T00:50:28.059729,noisy,sax,"{'w': 144, 'bins': 5}",72,4,2,ok,288,360,0.7373671531677246,1.1068430738523602,1.8494995292276144,5,4,11,0,,
2026-05-16T00:50:30.103201,noisy,sax,"{'w': 144, 'bins': 5}",73,0,2,ok,0,73,0.7513795550912619,1.1834817081689835,1.940102475695312,5,5,12,0,,
2026-05-16T00:50:32.389852,noisy,sax,"{'w': 144, 'bins': 5}",73,1,2,ok,73,146,0.7586238393560052,1.5001202682033181,2.2644307147711515,5,12,22,0,,
2026-05-16T00:50:34.711941,noisy,sax,"{'w': 144, 'bins': 5}",73,2,2,ok,146,219,0.7477085022255778,1.54010015912354,2.29287697840482,5,7,15,0,,
2026-05-16T00:50:36.895963,noisy,sax,"{'w': 144, 'bins': 5}",73,3,2,ok,219,292,0.7550252228975296,1.3962840186432004,2.156992131844163,5,4,11,0,,
2026-05-16T00:50:38.667398,noisy,sax,"{'w': 144, 'bins': 5}",73,4,2,ok,292,365,0.7496282793581486,0.9936474720016122,1.748266932554543,5,8,16,0,,
2026-05-16T00:50:40.735346,noisy,sax,"{'w': 144, 'bins': 5}",74,0,2,ok,0,74,0.7586233802139759,1.2007985077798367,1.9646906210109591,5,5,12,0,,
2026-05-16T00:50:43.022510,noisy,sax,"{'w': 144, 'bins': 5}",74,1,2,ok,74,148,0.75908078905195,1.4963753912597895,2.2608534451574087,5,12,22,0,,
2026-05-16T00:50:45.529690,noisy,sax,"{'w': 144, 'bins': 5}",74,2,2,ok,148,222,0.7638748027384281,1.7106095599010587,2.4802341973409057,5,7,15,0,,
2026-05-16T00:50:47.765248,noisy,sax,"{'w': 144, 'bins': 5}",74,3,2,ok,222,296,0.7622125409543514,1.4400601303204894,2.20811022259295,5,4,11,0,,
2026-05-16T00:50:49.509258,noisy,sax,"{'w': 144, 'bins': 5}",74,4,2,ok,296,370,0.7620740523561835,0.9523732559755445,1.7197162015363574,5,8,19,0,,
2026-05-16T00:50:51.697865,noisy,sax,"{'w': 144, 'bins': 5}",75,0,2,ok,0,75,0.7742552645504475,1.3059430019930005,2.085745613090694,5,7,15,0,,
2026-05-16T00:50:54.160996,noisy,sax,"{'w': 144, 'bins': 5}",75,1,2,ok,75,150,0.7770219892263412,1.6535224504768848,2.436121051199734,5,12,22,0,,
2026-05-16T00:50:56.576730,noisy,sax,"{'w': 144, 'bins': 5}",75,2,2,ok,150,225,0.7735791066661477,1.6078889770433307,2.387037712149322,5,5,12,0,,
2026-05-16T00:50:58.795699,noisy,sax,"{'w': 144, 'bins': 5}",75,3,2,ok,225,300,0.7700675129890442,1.4165265867486596,2.1922003366053104,5,5,12,0,,
2026-05-16T00:51:00.657271,noisy,sax,"{'w': 144, 'bins': 5}",75,4,2,ok,300,375,0.7703220313414931,1.0590579807758331,1.8349775727838278,5,3,10,0,,
2026-05-16T00:51:02.687958,noisy,sax,"{'w': 144, 'bins': 5}",76,0,2,ok,0,76,0.7820738786831498,1.1390227898955345,1.92665337305516,5,9,18,0,,
2026-05-16T00:51:05.049609,noisy,sax,"{'w': 144, 'bins': 5}",76,1,2,ok,76,152,0.7902458943426609,1.5366053218021989,2.3324410310015082,5,3,10,0,,
2026-05-16T00:51:07.586863,noisy,sax,"{'w': 144, 'bins': 5}",76,2,2,ok,152,228,0.786442032083869,1.713408736512065,2.5056302500888705,5,4,11,0,,
2026-05-16T00:51:09.855686,noisy,sax,"{'w': 144, 'bins': 5}",76,3,2,ok,228,304,0.7820822363719344,1.452123001217842,2.239747002720833,5,4,11,0,,
2026-05-16T00:51:11.723935,noisy,sax,"{'w': 144, 'bins': 5}",76,4,2,ok,304,380,0.7842689119279385,1.0526531664654613,1.8440723353996873,5,10,20,0,,
2026-05-16T00:51:13.833494,noisy,sax,"{'w': 144, 'bins': 5}",77,0,2,ok,0,77,0.7917679939419031,1.2085818257182837,2.005983168259263,5,9,18,0,,
2026-05-16T00:51:16.414777,noisy,sax,"{'w': 144, 'bins': 5}",77,1,2,ok,77,154,0.7916205283254385,1.7080832216888666,2.5549684800207615,5,7,15,0,,
2026-05-16T00:51:18.923756,noisy,sax,"{'w': 144, 'bins': 5}",77,2,2,ok,154,231,0.7914909236133099,1.6831845808774233,2.4803078006953,5,5,12,0,,
2026-05-16T00:51:21.259669,noisy,sax,"{'w': 144, 'bins': 5}",77,3,2,ok,231,308,0.7952040573582053,1.5050180880352855,2.3061311412602663,5,4,11,0,,
2026-05-16T00:51:23.276007,noisy,sax,"{'w': 144, 'bins': 5}",77,4,2,ok,308,385,0.7949669435620308,1.190041596069932,1.99079111777246,5,7,15,0,,
2026-05-16T00:51:25.368505,noisy,sax,"{'w': 144, 'bins': 5}",78,0,2,ok,0,78,0.8043638579547405,1.1808957243338227,1.9909218037500978,5,7,14,0,,
2026-05-16T00:51:27.881448,noisy,sax,"{'w': 144, 'bins': 5}",78,1,2,ok,78,156,0.8069790191948414,1.6737603591755033,2.4864072911441326,5,7,15,0,,
2026-05-16T00:51:30.419239,noisy,sax,"{'w': 144, 'bins': 5}",78,2,2,ok,156,234,0.8055872460827231,1.6935645965859294,2.5045757982879877,5,4,11,0,,
2026-05-16T00:51:32.856231,noisy,sax,"{'w': 144, 'bins': 5}",78,3,2,ok,234,312,0.8059437060728669,1.596764356829226,2.408143167383969,5,12,22,0,,
2026-05-16T00:51:35.064734,noisy,sax,"{'w': 144, 'bins': 5}",78,4,2,ok,312,390,0.8034289861097932,1.3719800179824233,2.18084903806448,5,4,11,0,,
2026-05-16T00:51:37.173592,noisy,sax,"{'w': 144, 'bins': 5}",79,0,2,ok,0,79,0.8117210157215595,1.1911241952329874,2.008326994255185,5,11,20,0,,
2026-05-16T00:51:39.868634,noisy,sax,"{'w': 144, 'bins': 5}",79,1,2,ok,79,158,0.8140208637341857,1.8448145566508174,2.6643649730831385,5,5,12,0,,
2026-05-16T00:51:42.748995,noisy,sax,"{'w': 144, 'bins': 5}",79,2,2,ok,158,237,0.8114038305357099,2.0295191491022706,2.846492426469922,5,4,11,0,,
2026-05-16T00:51:44.966410,noisy,sax,"{'w': 144, 'bins': 5}",79,3,2,ok,237,316,0.8175017824396491,1.3676362857222557,2.190665948204696,5,7,14,0,,
2026-05-16T00:51:47.265304,noisy,sax,"{'w': 144, 'bins': 5}",79,4,2,ok,316,395,0.8121775751933455,1.4544432451948524,2.272111300379038,5,5,12,0,,
2026-05-16T00:51:49.373384,noisy,sax,"{'w': 144, 'bins': 5}",80,0,2,ok,0,80,0.8250982277095318,1.1744834315031767,2.005157138220966,5,9,18,0,,
2026-05-16T00:51:52.181207,noisy,sax,"{'w': 144, 'bins': 5}",80,1,2,ok,80,160,0.8324953364208341,1.9346585851162672,2.77311500441283,5,4,11,0,,
2026-05-16T00:51:55.049227,noisy,sax,"{'w': 144, 'bins': 5}",80,2,2,ok,160,240,0.8279321091249585,2.001120791770518,2.8350416272878647,5,5,12,0,,
2026-05-16T00:51:57.474090,noisy,sax,"{'w': 144, 'bins': 5}",80,3,2,ok,240,320,0.8225712850689888,1.5657984931021929,2.3940369486808777,5,4,11,0,,
2026-05-16T00:51:59.724658,noisy,sax,"{'w': 144, 'bins': 5}",80,4,2,ok,320,400,0.8325649099424481,1.383096020668745,2.221447736956179,5,8,17,0,,
2026-05-16T00:52:01.973289,noisy,sax,"{'w': 144, 'bins': 5}",81,0,2,ok,0,81,0.8296686820685863,1.305361669510603,2.1407267469912767,5,5,12,0,,
2026-05-16T00:52:04.739782,noisy,sax,"{'w': 144, 'bins': 5}",81,1,2,ok,81,162,0.8360560555011034,1.8894857093691826,2.7312799394130707,5,4,11,0,,
2026-05-16T00:52:07.704174,noisy,sax,"{'w': 144, 'bins': 5}",81,2,2,ok,162,243,0.8387339450418949,2.0879640076309443,2.9324934147298336,5,13,22,0,,
2026-05-16T00:52:09.923292,noisy,sax,"{'w': 144, 'bins': 5}",81,3,2,ok,243,324,0.8346542259678245,1.351180586963892,2.191506803035736,5,5,12,0,,
2026-05-16T00:52:12.455953,noisy,sax,"{'w': 144, 'bins': 5}",81,4,2,ok,324,405,0.8359043225646019,1.6603863490745425,2.5018739262595773,5,10,18,0,,
2026-05-16T00:52:14.655504,noisy,sax,"{'w': 144, 'bins': 5}",82,0,2,ok,0,82,0.8416205076500773,1.2432437743991613,2.0905533535405993,5,4,11,0,,
2026-05-16T00:52:17.500626,noisy,sax,"{'w': 144, 'bins': 5}",82,1,2,ok,82,164,0.8502736557275057,1.9541422026231885,2.810282975435257,5,10,20,0,,
2026-05-16T00:52:20.593988,noisy,sax,"{'w': 144, 'bins': 5}",82,2,2,ok,164,246,0.8503835126757622,2.198832245543599,3.0550781255587935,5,9,19,0,,
2026-05-16T00:52:22.835844,noisy,sax,"{'w': 144, 'bins': 5}",82,3,2,ok,246,328,0.8429158013314009,1.3645552154630423,2.2130835661664605,5,8,16,0,,
2026-05-16T00:52:25.881521,noisy,sax,"{'w': 144, 'bins': 5}",82,4,2,ok,328,410,0.8434670157730579,2.162992381490767,3.012288874015212,5,6,13,0,,
2026-05-16T00:52:28.191747,noisy,sax,"{'w': 144, 'bins': 5}",83,0,2,ok,0,83,0.8540740245953202,1.3420571023598313,2.2018765956163406,5,4,11,0,,
2026-05-16T00:52:31.159035,noisy,sax,"{'w': 144, 'bins': 5}",83,1,2,ok,83,166,0.8573935478925705,2.0675891432911158,2.9308891221880913,5,11,21,0,,
2026-05-16T00:52:34.023360,noisy,sax,"{'w': 144, 'bins': 5}",83,2,2,ok,166,249,0.8673642007634044,1.9542124643921852,2.827658406458795,5,4,11,0,,
2026-05-16T00:52:36.448031,noisy,sax,"{'w': 144, 'bins': 5}",83,3,2,ok,249,332,0.8527707802131772,1.5352854654192924,2.393875832669437,5,7,14,0,,
2026-05-16T00:52:39.324458,noisy,sax,"{'w': 144, 'bins': 5}",83,4,2,ok,332,415,0.8578255316242576,1.9761318657547235,2.8397965524345636,5,15,24,0,,
2026-05-16T00:52:41.729397,noisy,sax,"{'w': 144, 'bins': 5}",84,0,2,ok,0,84,0.8678138684481382,1.4202636582776904,2.2939552534371614,5,4,11,0,,
2026-05-16T00:52:44.834077,noisy,sax,"{'w': 144, 'bins': 5}",84,1,2,ok,84,168,0.8688674457371235,2.1946754036471248,3.069456033408642,5,7,15,0,,
2026-05-16T00:52:47.658728,noisy,sax,"{'w': 144, 'bins': 5}",84,2,2,ok,168,252,0.8740826705470681,1.9053502017632127,2.7857398251071572,5,4,11,0,,
2026-05-16T00:52:50.301206,noisy,sax,"{'w': 144, 'bins': 5}",84,3,2,ok,252,336,0.8669143309816718,1.7397732147946954,2.6127018686383963,5,6,13,0,,
2026-05-16T00:52:53.267357,noisy,sax,"{'w': 144, 'bins': 5}",84,4,2,ok,336,420,0.8667011903598905,2.049796735867858,2.929197463206947,5,5,12,0,,
2026-05-16T00:52:55.675730,noisy,sax,"{'w': 144, 'bins': 5}",85,0,2,ok,0,85,0.887936276383698,1.4028848204761744,2.2992152785882354,5,12,20,0,,
2026-05-16T00:52:58.860805,noisy,sax,"{'w': 144, 'bins': 5}",85,1,2,ok,85,170,0.876644553616643,2.2617696076631546,3.1443930277600884,5,4,11,0,,
2026-05-16T00:53:01.806230,noisy,sax,"{'w': 144, 'bins': 5}",85,2,2,ok,170,255,0.8817252153530717,2.021332984790206,2.909428060054779,5,9,19,0,,
2026-05-16T00:53:04.156010,noisy,sax,"{'w': 144, 'bins': 5}",85,3,2,ok,255,340,0.8787983497604728,1.433115430176258,2.318177020177245,5,8,16,0,,
2026-05-16T00:53:07.377343,noisy,sax,"{'w': 144, 'bins': 5}",85,4,2,ok,340,425,0.8860554564744234,2.290208243764937,3.1827579643577337,5,5,12,0,,
2026-05-16T00:53:09.735949,noisy,sax,"{'w': 144, 'bins': 5}",86,0,2,ok,0,86,0.8929534507915378,1.35481199901551,2.253882335498929,5,6,13,0,,
2026-05-16T00:53:12.951072,noisy,sax,"{'w': 144, 'bins': 5}",86,1,2,ok,86,172,0.8914705561473966,2.279642077162862,3.177587240934372,5,7,14,0,,
2026-05-16T00:53:16.041071,noisy,sax,"{'w': 144, 'bins': 5}",86,2,2,ok,172,258,0.893022601492703,2.1492516500875354,3.0491888448596,5,4,11,0,,
2026-05-16T00:53:18.328576,noisy,sax,"{'w': 144, 'bins': 5}",86,3,2,ok,258,344,0.895897900685668,1.3525197077542543,2.2550881942734122,5,8,16,0,,
2026-05-16T00:53:21.343065,noisy,sax,"{'w': 144, 'bins': 5}",86,4,2,ok,344,430,0.8878259444609284,2.08174361102283,2.9757217476144433,5,4,11,0,,
2026-05-16T00:53:23.786279,noisy,sax,"{'w': 144, 'bins': 5}",87,0,2,ok,0,87,0.8956340765580535,1.4320147605612874,2.3337194863706827,5,5,12,0,,
2026-05-16T00:53:26.862356,noisy,sax,"{'w': 144, 'bins': 5}",87,1,2,ok,87,174,0.8990857098251581,2.132247354835272,3.037626232020557,5,5,12,0,,
2026-05-16T00:53:30.046580,noisy,sax,"{'w': 144, 'bins': 5}",87,2,2,ok,174,261,0.906226247549057,2.229589312337339,3.142995380796492,5,6,14,0,,
2026-05-16T00:53:32.507778,noisy,sax,"{'w': 144, 'bins': 5}",87,3,2,ok,261,348,0.8987215673550963,1.5211105328053236,2.4259012565016747,5,4,11,0,,
2026-05-16T00:53:35.468243,noisy,sax,"{'w': 144, 'bins': 5}",87,4,2,ok,348,435,0.8981821136549115,2.020646014250815,2.924974569119513,5,5,12,0,,
2026-05-16T00:53:37.917362,noisy,sax,"{'w': 144, 'bins': 5}",88,0,2,ok,0,88,0.911683146841824,1.4218325363472104,2.340484448708594,5,5,12,0,,
2026-05-16T00:53:41.122078,noisy,sax,"{'w': 144, 'bins': 5}",88,1,2,ok,88,176,0.9152588723227382,2.2446216959506273,3.1665850169956684,5,5,12,0,,
2026-05-16T00:53:44.133369,noisy,sax,"{'w': 144, 'bins': 5}",88,2,2,ok,176,264,0.9115991704165936,2.0536454617977142,2.9721498489379883,5,7,14,0,,
2026-05-16T00:53:46.417304,noisy,sax,"{'w': 144, 'bins': 5}",88,3,2,ok,264,352,0.9147475939244032,1.3313359608873725,2.2527517452836037,5,7,15,0,,
2026-05-16T00:53:49.286016,noisy,sax,"{'w': 144, 'bins': 5}",88,4,2,ok,352,440,0.9196127792820334,1.9071375811472535,2.833696313202381,5,7,15,0,,
2026-05-16T00:53:51.898567,noisy,sax,"{'w': 144, 'bins': 5}",89,0,2,ok,0,89,0.9286538260057569,1.5667439177632332,2.502460988238454,5,6,13,0,,
2026-05-16T00:53:55.010448,noisy,sax,"{'w': 144, 'bins': 5}",89,1,2,ok,89,178,0.9171732990071177,2.1490617766976357,3.072778442874551,5,7,16,0,,
2026-05-16T00:53:58.035306,noisy,sax,"{'w': 144, 'bins': 5}",89,2,2,ok,178,267,0.9288274943828583,2.044802355580032,2.9807637156918645,5,5,12,0,,
2026-05-16T00:54:00.740307,noisy,sax,"{'w': 144, 'bins': 5}",89,3,2,ok,267,356,0.9394333399832249,1.7230628794059157,2.6704202089458704,5,8,16,0,,
2026-05-16T00:54:03.589804,noisy,sax,"{'w': 144, 'bins': 5}",89,4,2,ok,356,445,0.9285499844700098,1.8794407397508621,2.8150030812248588,5,13,22,0,,
2026-05-16T00:54:06.237074,noisy,sax,"{'w': 144, 'bins': 5}",90,0,2,ok,0,90,0.9421513453125954,1.5855393772944808,2.535300752148032,5,6,13,0,,
2026-05-16T00:54:09.511842,noisy,sax,"{'w': 144, 'bins': 5}",90,1,2,ok,90,180,0.9412477891892195,2.2805618783459067,3.2333951322361827,5,4,11,0,,
2026-05-16T00:54:12.391861,noisy,sax,"{'w': 144, 'bins': 5}",90,2,2,ok,180,270,0.934188574552536,1.901641571894288,2.8431150652468204,5,7,15,0,,
2026-05-16T00:54:15.086412,noisy,sax,"{'w': 144, 'bins': 5}",90,3,2,ok,270,360,0.9391448125243187,1.7132322462275624,2.6596056930720806,5,6,13,0,,
2026-05-16T00:54:18.149833,noisy,sax,"{'w': 144, 'bins': 5}",90,4,2,ok,360,450,0.9313397966325283,2.0851966058835387,3.023131006397307,5,5,12,0,,
2026-05-16T00:54:20.869474,noisy,sax,"{'w': 144, 'bins': 5}",91,0,2,ok,0,91,0.9562780251726508,1.6336439726874232,2.603083091787994,5,4,11,0,,
2026-05-16T00:54:24.281372,noisy,sax,"{'w': 144, 'bins': 5}",91,1,2,ok,91,182,0.9682824863120914,2.3910242784768343,3.3682227274402976,5,4,11,0,,
2026-05-16T00:54:27.347536,noisy,sax,"{'w': 144, 'bins': 5}",91,2,2,ok,182,273,0.9620099198073149,2.056321991607547,3.0278183249756694,5,7,15,0,,
2026-05-16T00:54:30.072745,noisy,sax,"{'w': 144, 'bins': 5}",91,3,2,ok,273,364,0.9514209972694516,1.7277038572356105,2.686342116445303,5,7,15,0,,
2026-05-16T00:54:33.430668,noisy,sax,"{'w': 144, 'bins': 5}",91,4,2,ok,364,455,0.9526752019301057,2.3594754142686725,3.3202004116028547,5,6,13,0,,
2026-05-16T00:54:36.154884,noisy,sax,"{'w': 144, 'bins': 5}",92,0,2,ok,0,92,0.9680968020111322,1.6280606649816036,2.6051968606188893,5,4,11,0,,
2026-05-16T00:54:39.649481,noisy,sax,"{'w': 144, 'bins': 5}",92,1,2,ok,92,184,0.9726692186668515,2.4749913178384304,3.4577908385545015,5,6,13,0,,
2026-05-16T00:54:42.802079,noisy,sax,"{'w': 144, 'bins': 5}",92,2,2,ok,184,276,0.9511127909645438,2.1571505507454276,3.1148663014173508,5,6,13,0,,
2026-05-16T00:54:45.275492,noisy,sax,"{'w': 144, 'bins': 5}",92,3,2,ok,276,368,0.9586078263819218,1.471285262145102,2.4367970023304224,5,4,11,0,,
2026-05-16T00:54:48.571124,noisy,sax,"{'w': 144, 'bins': 5}",92,4,2,ok,368,460,0.9589427560567856,2.2907477086409926,3.257178264670074,5,5,12,0,,
2026-05-16T00:54:51.516698,noisy,sax,"{'w': 144, 'bins': 5}",93,0,2,ok,0,93,0.9643947742879391,1.85750668682158,2.828501013107598,5,4,11,0,,
2026-05-16T00:54:54.891966,noisy,sax,"{'w': 144, 'bins': 5}",93,1,2,ok,93,186,0.9822409264743328,2.348784541711211,3.338771683163941,5,6,13,0,,
2026-05-16T00:54:58.151517,noisy,sax,"{'w': 144, 'bins': 5}",93,2,2,ok,186,279,0.970055716112256,2.238013823516667,3.215081986039877,5,4,11,0,,
2026-05-16T00:55:00.589248,noisy,sax,"{'w': 144, 'bins': 5}",93,3,2,ok,279,372,0.9684977801516652,1.4314069962128997,2.406750329770148,5,7,15,0,,
2026-05-16T00:55:03.883496,noisy,sax,"{'w': 144, 'bins': 5}",93,4,2,ok,372,465,0.9639806384220719,2.2838729470968246,3.2545976005494595,5,11,19,0,,
2026-05-16T00:55:06.873959,noisy,sax,"{'w': 144, 'bins': 5}",94,0,2,ok,0,94,0.9726448087021708,1.8908278327435255,2.8702869480475783,5,4,11,0,,
2026-05-16T00:55:10.370302,noisy,sax,"{'w': 144, 'bins': 5}",94,1,2,ok,94,188,0.9932092744857073,2.4509315993636847,3.4526957077905536,5,4,11,0,,
2026-05-16T00:55:13.698998,noisy,sax,"{'w': 144, 'bins': 5}",94,2,2,ok,188,282,0.9740402121096849,2.2976353159174323,3.279118664562702,5,4,12,0,,
2026-05-16T00:55:16.257004,noisy,sax,"{'w': 144, 'bins': 5}",94,3,2,ok,282,376,0.9766668947413564,1.5373939517885447,2.520771556533873,5,4,11,0,,
2026-05-16T00:55:19.610361,noisy,sax,"{'w': 144, 'bins': 5}",94,4,2,ok,376,470,0.9771538693457842,2.3256172528490424,3.309529572725296,5,8,16,0,,
2026-05-16T00:55:22.607636,noisy,sax,"{'w': 144, 'bins': 5}",95,0,2,ok,0,95,0.985667466185987,1.8898739200085402,2.8823846159502864,5,5,12,0,,
2026-05-16T00:55:25.842404,noisy,sax,"{'w': 144, 'bins': 5}",95,1,2,ok,95,190,0.9846289968118072,2.201936673372984,3.193408388644457,5,4,11,0,,
2026-05-16T00:55:29.278687,noisy,sax,"{'w': 144, 'bins': 5}",95,2,2,ok,190,285,0.9835050888359547,2.401501531712711,3.3928470723330975,5,6,14,0,,
2026-05-16T00:55:31.761317,noisy,sax,"{'w': 144, 'bins': 5}",95,3,2,ok,285,380,0.9899517837911844,1.4494187394157052,2.446003368124366,5,6,15,0,,
2026-05-16T00:55:35.091013,noisy,sax,"{'w': 144, 'bins': 5}",95,4,2,ok,380,475,0.984685255214572,2.301737871952355,3.293248292990029,5,6,13,0,,
2026-05-16T00:55:38.110132,noisy,sax,"{'w': 144, 'bins': 5}",96,0,2,ok,0,96,0.9887055354192853,1.9062670087441802,2.9017824111506343,5,4,11,0,,
2026-05-16T00:55:41.562332,noisy,sax,"{'w': 144, 'bins': 5}",96,1,2,ok,96,192,0.9935143459588289,2.408563700504601,3.408989444375038,5,4,11,0,,
2026-05-16T00:55:45.038867,noisy,sax,"{'w': 144, 'bins': 5}",96,2,2,ok,192,288,1.0000441391021013,2.424852549098432,3.431768761947751,5,6,14,0,,
2026-05-16T00:55:47.749339,noisy,sax,"{'w': 144, 'bins': 5}",96,3,2,ok,288,384,0.9975081272423267,1.664670828729868,2.669001027010381,5,3,10,0,,
2026-05-16T00:55:50.708022,noisy,sax,"{'w': 144, 'bins': 5}",96,4,2,ok,384,480,0.9926120042800903,1.9257705071941018,2.9250592486932874,5,6,13,0,,
2026-05-16T00:55:53.672277,noisy,sax,"{'w': 144, 'bins': 5}",97,0,2,ok,0,97,1.0081190131604671,1.8318851543590426,2.8477891962975264,5,4,11,0,,
2026-05-16T00:55:57.211183,noisy,sax,"{'w': 144, 'bins': 5}",97,1,2,ok,97,194,1.0069877998903394,2.4793092841282487,3.4933243906125426,5,4,11,0,,
2026-05-16T00:56:00.543627,noisy,sax,"{'w': 144, 'bins': 5}",97,2,2,ok,194,291,1.0030271327123046,2.28203163202852,3.292051346041262,5,5,12,0,,
2026-05-16T00:56:03.471440,noisy,sax,"{'w': 144, 'bins': 5}",97,3,2,ok,291,388,1.011696313507855,1.8704954190179706,2.891417436301708,5,4,11,0,,
2026-05-16T00:56:06.426093,noisy,sax,"{'w': 144, 'bins': 5}",97,4,2,ok,388,485,1.0108582386747003,1.8997916812077165,2.9182039266452193,5,7,14,0,,
2026-05-16T00:56:09.577085,noisy,sax,"{'w': 144, 'bins': 5}",98,0,2,ok,0,98,1.0185851007699966,2.006382246501744,3.0322103183716536,5,10,19,0,,
2026-05-16T00:56:13.141422,noisy,sax,"{'w': 144, 'bins': 5}",98,1,2,ok,98,196,1.0178027814254165,2.4922971604391932,3.5172214852645993,5,7,15,0,,
2026-05-16T00:56:16.917373,noisy,sax,"{'w': 144, 'bins': 5}",98,2,2,ok,196,294,1.0140039194375277,2.711229511536658,3.732333382591605,5,6,14,0,,
2026-05-16T00:56:19.596696,noisy,sax,"{'w': 144, 'bins': 5}",98,3,2,ok,294,392,1.0164607325568795,1.6181145291775465,2.64143252838403,5,4,11,0,,
2026-05-16T00:56:22.409798,noisy,sax,"{'w': 144, 'bins': 5}",98,4,2,ok,392,490,1.0161439087241888,1.7528205690905452,2.776415509171784,5,5,12,0,,
2026-05-16T00:56:25.636653,noisy,sax,"{'w': 144, 'bins': 5}",99,0,2,ok,0,99,1.034129281528294,2.0705273058265448,3.111889027990401,5,6,13,0,,
2026-05-16T00:56:29.187205,noisy,sax,"{'w': 144, 'bins': 5}",99,1,2,ok,99,198,1.028676314279437,2.46880114171654,3.505555753596127,5,5,12,0,,
2026-05-16T00:56:32.862197,noisy,sax,"{'w': 144, 'bins': 5}",99,2,2,ok,198,297,1.024930871091783,2.6021720645949244,3.634339383803308,5,7,15,0,,
2026-05-16T00:56:35.670231,noisy,sax,"{'w': 144, 'bins': 5}",99,3,2,ok,297,396,1.0244879499077797,1.7384553588926792,2.7700514271855354,5,7,15,0,,
2026-05-16T00:56:38.785684,noisy,sax,"{'w': 144, 'bins': 5}",99,4,2,ok,396,495,1.0225902069360018,2.050152682699263,3.079912201501429,5,10,19,0,,
2026-05-16T00:56:41.982446,noisy,sax,"{'w': 144, 'bins': 5}",100,0,2,ok,0,100,1.0324210794642568,2.0351004591211677,3.074607544578612,5,4,11,0,,
2026-05-16T00:56:45.581528,noisy,sax,"{'w': 144, 'bins': 5}",100,1,2,ok,100,200,1.0346910916268826,2.50796302780509,3.5499135004356503,5,4,11,0,,
2026-05-16T00:56:49.131025,noisy,sax,"{'w': 144, 'bins': 5}",100,2,2,ok,200,300,1.0416896138340235,2.4614017261192203,3.5104027902707458,5,6,13,0,,
2026-05-16T00:56:51.930144,noisy,sax,"{'w': 144, 'bins': 5}",100,3,2,ok,300,400,1.0408887714147568,1.7150881681591272,2.7629932640120387,5,12,20,0,,
2026-05-16T00:56:54.982917,noisy,sax,"{'w': 144, 'bins': 5}",100,4,2,ok,400,500,1.03506279271096,1.9706081319600344,3.0128494342789054,5,5,12,0,,
2026-05-16T00:56:55.469028,noisy,persist,{'bins': 6},1,0,2,ok,0,1,0.14626344200223684,0.07622006442397833,0.22279105428606272,5,25,39,0,,
2026-05-16T00:56:55.651019,noisy,persist,{'bins': 6},1,1,2,ok,1,2,0.14556523133069277,0.0334813017398119,0.1793443923816085,5,10,16,0,,
2026-05-16T00:56:55.821107,noisy,persist,{'bins': 6},1,2,2,ok,2,3,0.14161124639213085,0.026362203061580658,0.16824486944824457,5,8,14,0,,
2026-05-16T00:56:55.978940,noisy,persist,{'bins': 6},1,3,2,ok,3,4,0.14441455993801355,0.011841044761240482,0.15649730898439884,5,7,11,0,,
2026-05-16T00:56:56.135762,noisy,persist,{'bins': 6},1,4,2,ok,4,5,0.14143850095570087,0.01385745033621788,0.15553301759064198,5,16,22,0,,
2026-05-16T00:56:56.413637,noisy,persist,{'bins': 6},2,0,2,ok,0,2,0.1527908705174923,0.02997906319797039,0.18318552430719137,5,27,41,0,,
2026-05-16T00:56:56.626944,noisy,persist,{'bins': 6},2,1,2,ok,2,4,0.15042157098650932,0.0599000183865428,0.21070810593664646,5,19,33,0,,
2026-05-16T00:56:56.859977,noisy,persist,{'bins': 6},2,2,2,ok,4,6,0.15232720877975225,0.0779104707762599,0.23061317391693592,5,34,54,0,,
2026-05-16T00:56:57.038960,noisy,persist,{'bins': 6},2,3,2,ok,6,8,0.14829862397164106,0.028311943635344505,0.17697216663509607,5,12,19,0,,
2026-05-16T00:56:57.213082,noisy,persist,{'bins': 6},2,4,2,ok,8,10,0.1521543636918068,0.019792817533016205,0.17227820307016373,5,19,29,0,,
2026-05-16T00:56:57.583862,noisy,persist,{'bins': 6},3,0,2,ok,0,3,0.15270666033029556,0.12092239782214165,0.2742139268666506,5,23,32,0,,
2026-05-16T00:56:57.777526,noisy,persist,{'bins': 6},3,1,2,ok,3,6,0.15413502417504787,0.03670322056859732,0.19128605537116528,5,3,9,0,,
2026-05-16T00:56:57.976089,noisy,persist,{'bins': 6},3,2,2,ok,6,9,0.15711211320012808,0.03906267136335373,0.19661700632423162,5,13,25,0,,
2026-05-16T00:56:58.184840,noisy,persist,{'bins': 6},3,3,2,ok,9,12,0.15532001852989197,0.05043002683669329,0.206216081045568,5,5,11,0,,
2026-05-16T00:56:58.526164,noisy,persist,{'bins': 6},3,4,2,ok,12,15,0.15414579398930073,0.1832077670842409,0.3378814421594143,5,13,21,0,,
2026-05-16T00:56:58.834775,noisy,persist,{'bins': 6},4,0,2,ok,0,4,0.16094879806041718,0.05126349162310362,0.21286554727703333,5,4,9,0,,
2026-05-16T00:56:59.038997,noisy,persist,{'bins': 6},4,1,2,ok,4,8,0.16237273253500462,0.039197223260998726,0.20210198499262333,5,13,25,0,,
2026-05-16T00:56:59.290532,noisy,persist,{'bins': 6},4,2,2,ok,8,12,0.16177944745868444,0.08662129752337933,0.2489637229591608,5,23,43,0,,
2026-05-16T00:56:59.488144,noisy,persist,{'bins': 6},4,3,2,ok,12,16,0.16609833855181932,0.028859942220151424,0.19566683191806078,5,26,36,0,,
2026-05-16T00:56:59.744133,noisy,persist,{'bins': 6},4,4,2,ok,16,20,0.16062548104673624,0.09242439363151789,0.25361258164048195,5,5,11,0,,
2026-05-16T00:57:00.232432,noisy,persist,{'bins': 6},5,0,2,ok,0,5,0.16312681883573532,0.2232458796352148,0.38729728385806084,5,13,20,0,,
2026-05-16T00:57:00.450080,noisy,persist,{'bins': 6},5,1,2,ok,5,10,0.16529375780373812,0.04853224288672209,0.2146015865728259,5,14,25,0,,
2026-05-16T00:57:00.652278,noisy,persist,{'bins': 6},5,2,2,ok,10,15,0.1667224494740367,0.03234871383756399,0.19982798490673304,5,16,28,0,,
2026-05-16T00:57:00.966545,noisy,persist,{'bins': 6},5,3,2,ok,15,20,0.16218329593539238,0.14706564974039793,0.310077290982008,5,25,40,0,,
2026-05-16T00:57:01.213080,noisy,persist,{'bins': 6},5,4,2,ok,20,25,0.16364564280956984,0.07942350208759308,0.24401488155126572,5,11,22,0,,
2026-05-16T00:57:01.534451,noisy,persist,{'bins': 6},6,0,2,ok,0,6,0.1686889734119177,0.05327688343822956,0.22298887744545937,5,4,9,0,,
2026-05-16T00:57:01.763625,noisy,persist,{'bins': 6},6,1,2,ok,6,12,0.16939083114266396,0.056168423034250736,0.22645309194922447,5,14,25,0,,
2026-05-16T00:57:02.006027,noisy,persist,{'bins': 6},6,2,2,ok,12,18,0.16749853640794754,0.0711325528100133,0.23954224027693272,5,21,31,0,,
2026-05-16T00:57:02.226991,noisy,persist,{'bins': 6},6,3,2,ok,18,24,0.17129603773355484,0.046626205556094646,0.2188024464994669,5,21,36,0,,
2026-05-16T00:57:02.532493,noisy,persist,{'bins': 6},6,4,2,ok,24,30,0.17010328825563192,0.13064003642648458,0.3017246276140213,5,22,41,0,,
2026-05-16T00:57:02.968269,noisy,persist,{'bins': 6},7,0,2,ok,0,7,0.17226787377148867,0.1636850368231535,0.33712685480713844,5,9,19,0,,
2026-05-16T00:57:03.198403,noisy,persist,{'bins': 6},7,1,2,ok,7,14,0.17076365742832422,0.055433884263038635,0.2272078189998865,5,15,26,0,,
2026-05-16T00:57:03.626948,noisy,persist,{'bins': 6},7,2,2,ok,14,21,0.1762268077582121,0.2469572350382805,0.42426555417478085,5,6,14,0,,
2026-05-16T00:57:03.913758,noisy,persist,{'bins': 6},7,3,2,ok,21,28,0.17338205594569445,0.10976645909249783,0.28417743742465973,5,8,24,0,,
2026-05-16T00:57:04.355350,noisy,persist,{'bins': 6},7,4,2,ok,28,35,0.17672325856983662,0.2596888532862067,0.4374920502305031,5,30,56,0,,
2026-05-16T00:57:04.686892,noisy,persist,{'bins': 6},8,0,2,ok,0,8,0.17630003578960896,0.056884356774389744,0.23444472905248404,5,14,24,0,,
2026-05-16T00:57:04.916086,noisy,persist,{'bins': 6},8,1,2,ok,8,16,0.18115909863263369,0.04456115700304508,0.22682647313922644,5,26,38,0,,
2026-05-16T00:57:05.229706,noisy,persist,{'bins': 6},8,2,2,ok,16,24,0.17908309027552605,0.1300560487434268,0.31029950827360153,5,8,15,0,,
2026-05-16T00:57:05.562082,noisy,persist,{'bins': 6},8,3,2,ok,24,32,0.18417751789093018,0.1435057334601879,0.32908921130001545,5,14,31,0,,
2026-05-16T00:57:06.115490,noisy,persist,{'bins': 6},8,4,2,ok,32,40,0.18292388319969177,0.3641234990209341,0.5485508451238275,5,34,64,0,,
2026-05-16T00:57:06.432415,noisy,persist,{'bins': 6},9,0,2,ok,0,9,0.1835830109193921,0.033854903653264046,0.2187414225190878,5,13,22,0,,
2026-05-16T00:57:06.777415,noisy,persist,{'bins': 6},9,1,2,ok,9,18,0.18470395635813475,0.1545499237254262,0.3405193155631423,5,23,38,0,,
2026-05-16T00:57:07.135084,noisy,persist,{'bins': 6},9,2,2,ok,18,27,0.18467125482857227,0.16799530014395714,0.3540804600343108,5,33,54,0,,
2026-05-16T00:57:07.756428,noisy,persist,{'bins': 6},9,3,2,ok,27,36,0.18536491692066193,0.428552464582026,0.6153112491592765,5,24,54,0,,
2026-05-16T00:57:08.011305,noisy,persist,{'bins': 6},9,4,2,ok,36,45,0.18074265774339437,0.06950975582003593,0.25159033574163914,5,13,26,0,,
2026-05-16T00:57:08.342822,noisy,persist,{'bins': 6},10,0,2,ok,0,10,0.18619691021740437,0.0470407223328948,0.2346014827489853,5,14,24,0,,
2026-05-16T00:57:08.629134,noisy,persist,{'bins': 6},10,1,2,ok,10,20,0.18784308154135942,0.09239645022898912,0.28156587295234203,5,20,33,0,,
2026-05-16T00:57:08.938478,noisy,persist,{'bins': 6},10,2,2,ok,20,30,0.18519496731460094,0.11913967039436102,0.30576832965016365,5,15,28,0,,
2026-05-16T00:57:09.471921,noisy,persist,{'bins': 6},10,3,2,ok,30,40,0.18754675425589085,0.33887687139213085,0.5279346434399486,5,4,14,0,,
2026-05-16T00:57:09.790556,noisy,persist,{'bins': 6},10,4,2,ok,40,50,0.18468276597559452,0.1273702746257186,0.3134029759094119,5,7,14,0,,
2026-05-16T00:57:10.123844,noisy,persist,{'bins': 6},11,0,2,ok,0,11,0.19411441683769226,0.042893185280263424,0.238372715190053,5,16,27,0,,
2026-05-16T00:57:10.495967,noisy,persist,{'bins': 6},11,1,2,ok,11,22,0.18913410510867834,0.17630506493151188,0.3668929496780038,5,20,35,0,,
2026-05-16T00:57:10.913251,noisy,persist,{'bins': 6},11,2,2,ok,22,33,0.1872151717543602,0.22215280681848526,0.4108684454113245,5,12,23,0,,
2026-05-16T00:57:11.547729,noisy,persist,{'bins': 6},11,3,2,ok,33,44,0.1898526344448328,0.4363742424175143,0.6277154320850968,5,29,51,0,,
2026-05-16T00:57:11.871244,noisy,persist,{'bins': 6},11,4,2,ok,44,55,0.19285296835005283,0.1254050163552165,0.3196773389354348,5,26,45,0,,
2026-05-16T00:57:12.234064,noisy,persist,{'bins': 6},12,0,2,ok,0,12,0.19469277374446392,0.06759837456047535,0.26401004660874605,5,14,25,0,,
2026-05-16T00:57:12.699216,noisy,persist,{'bins': 6},12,1,2,ok,12,24,0.19820968806743622,0.2609627051278949,0.4608086245134473,5,32,56,0,,
2026-05-16T00:57:13.008716,noisy,persist,{'bins': 6},12,2,2,ok,24,36,0.19453775230795145,0.10944092832505703,0.3054962698370218,5,19,31,0,,
2026-05-16T00:57:13.320924,noisy,persist,{'bins': 6},12,3,2,ok,36,48,0.19696958921849728,0.10932980943471193,0.3078053668141365,5,19,34,0,,
2026-05-16T00:57:13.567303,noisy,persist,{'bins': 6},12,4,2,ok,48,60,0.20001187175512314,0.040046047419309616,0.24193826038390398,5,10,15,0,,
2026-05-16T00:57:13.915385,noisy,persist,{'bins': 6},13,0,2,ok,0,13,0.2031118320301175,0.043497820384800434,0.2481964621692896,5,16,27,0,,
2026-05-16T00:57:14.429772,noisy,persist,{'bins': 6},13,1,2,ok,13,26,0.2037905976176262,0.3032132117077708,0.508768112398684,5,20,41,0,,
2026-05-16T00:57:15.362680,noisy,persist,{'bins': 6},13,2,2,ok,26,39,0.2047746554017067,0.7188059817999601,0.9254646943882108,5,7,19,0,,
2026-05-16T00:57:15.754003,noisy,persist,{'bins': 6},13,3,2,ok,39,52,0.20125410333275795,0.1825685165822506,0.385649430565536,5,9,16,0,,
2026-05-16T00:57:16.141251,noisy,persist,{'bins': 6},13,4,2,ok,52,65,0.20268487092107534,0.1770534496754408,0.38161810021847486,5,7,16,0,,
2026-05-16T00:57:16.570328,noisy,persist,{'bins': 6},14,0,2,ok,0,14,0.20396791025996208,0.12068193778395653,0.3264132384210825,5,13,23,0,,
2026-05-16T00:57:16.927873,noisy,persist,{'bins': 6},14,1,2,ok,14,28,0.20229693222790956,0.14784548431634903,0.3519199946895242,5,6,15,0,,
2026-05-16T00:57:17.629030,noisy,persist,{'bins': 6},14,2,2,ok,28,42,0.20666548609733582,0.4824449038133025,0.6911600083112717,5,11,25,0,,
2026-05-16T00:57:18.001571,noisy,persist,{'bins': 6},14,3,2,ok,42,56,0.20806655660271645,0.1583275869488716,0.3681458430364728,5,3,10,0,,
2026-05-16T00:57:18.369633,noisy,persist,{'bins': 6},14,4,2,ok,56,70,0.2046728152781725,0.1567011522129178,0.3631148161366582,5,5,12,0,,
2026-05-16T00:57:18.752160,noisy,persist,{'bins': 6},15,0,2,ok,0,15,0.21155832428485155,0.07100976165384054,0.28443640377372503,5,13,25,0,,
2026-05-16T00:57:19.258320,noisy,persist,{'bins': 6},15,1,2,ok,15,30,0.21095358859747648,0.2885802248492837,0.5014774333685637,5,13,30,0,,
2026-05-16T00:57:19.714680,noisy,persist,{'bins': 6},15,2,2,ok,30,45,0.20742488279938698,0.23928431700915098,0.44866789784282446,5,25,42,0,,
2026-05-16T00:57:20.408645,noisy,persist,{'bins': 6},15,3,2,ok,45,60,0.20909155253320932,0.4740491593256593,0.6851229332387447,5,10,20,0,,
2026-05-16T00:57:20.715236,noisy,persist,{'bins': 6},15,4,2,ok,60,75,0.20649034809321165,0.09447624813765287,0.30280604027211666,5,20,35,0,,
2026-05-16T00:57:21.916049,noisy,persist,{'bins': 6},16,0,2,ok,0,16,0.2094336748123169,0.8783936854451895,1.0902661504223943,5,18,32,0,,
2026-05-16T00:57:22.763543,noisy,persist,{'bins': 6},16,1,2,ok,16,32,0.20880279038101435,0.6275897575542331,0.8385129095986485,5,7,19,0,,
2026-05-16T00:57:23.223486,noisy,persist,{'bins': 6},16,2,2,ok,32,48,0.21190927363932133,0.23864651937037706,0.4526863032951951,5,11,23,0,,
2026-05-16T00:57:23.583063,noisy,persist,{'bins': 6},16,3,2,ok,48,64,0.21492394339293242,0.13865987583994865,0.3554570470005274,5,25,44,0,,
2026-05-16T00:57:23.829525,noisy,persist,{'bins': 6},16,4,2,ok,64,80,0.2092729713767767,0.032157957553863525,0.24334730673581362,5,12,20,0,,
2026-05-16T00:57:24.490483,noisy,persist,{'bins': 6},17,0,2,ok,0,17,0.21356817707419395,0.33994829561561346,0.5558165209367871,5,13,23,0,,
2026-05-16T00:57:24.879619,noisy,persist,{'bins': 6},17,1,2,ok,17,34,0.217242238111794,0.16337349079549313,0.38276924286037683,5,12,23,0,,
2026-05-16T00:57:25.269250,noisy,persist,{'bins': 6},17,2,2,ok,34,51,0.21827338449656963,0.16423715371638536,0.3845684612169862,5,5,12,0,,
2026-05-16T00:57:25.822167,noisy,persist,{'bins': 6},17,3,2,ok,51,68,0.21561594400554895,0.3289270084351301,0.5467140395194292,5,20,37,0,,
2026-05-16T00:57:26.128294,noisy,persist,{'bins': 6},17,4,2,ok,68,85,0.2129011256620288,0.08540613576769829,0.30043761152774096,5,13,22,0,,
2026-05-16T00:57:26.509098,noisy,persist,{'bins': 6},18,0,2,ok,0,18,0.2205237690359354,0.05896517541259527,0.28199256490916014,5,12,21,0,,
2026-05-16T00:57:26.853273,noisy,persist,{'bins': 6},18,1,2,ok,18,36,0.2222451725974679,0.1158664645627141,0.34018366783857346,5,11,22,0,,
2026-05-16T00:57:27.258380,noisy,persist,{'bins': 6},18,2,2,ok,36,54,0.2205579150468111,0.17510406021028757,0.3979419460520148,5,19,34,0,,
2026-05-16T00:57:27.613980,noisy,persist,{'bins': 6},18,3,2,ok,54,72,0.21957102976739407,0.12862074468284845,0.35042864456772804,5,4,10,0,,
2026-05-16T00:57:27.926909,noisy,persist,{'bins': 6},18,4,2,ok,72,90,0.22447185311466455,0.08334510587155819,0.3099348861724138,5,12,23,0,,
2026-05-16T00:57:28.366990,noisy,persist,{'bins': 6},19,0,2,ok,0,19,0.2227676333859563,0.11042387410998344,0.3356628781184554,5,9,19,0,,
2026-05-16T00:57:29.015946,noisy,persist,{'bins': 6},19,1,2,ok,19,38,0.22232790756970644,0.4142174171283841,0.6390744838863611,5,14,23,0,,
2026-05-16T00:57:29.374555,noisy,persist,{'bins': 6},19,2,2,ok,38,57,0.22673990111798048,0.12360991444438696,0.35273117758333683,5,19,33,0,,
2026-05-16T00:57:29.795617,noisy,persist,{'bins': 6},19,3,2,ok,57,76,0.22109931893646717,0.19111101981252432,0.4147102329879999,5,17,30,0,,
2026-05-16T00:57:30.118037,noisy,persist,{'bins': 6},19,4,2,ok,76,95,0.2282782904803753,0.08855617139488459,0.319105195812881,5,12,23,0,,
2026-05-16T00:57:30.531212,noisy,persist,{'bins': 6},20,0,2,ok,0,20,0.23217127099633217,0.08136922493577003,0.3159919697791338,5,18,33,0,,
2026-05-16T00:57:30.887346,noisy,persist,{'bins': 6},20,1,2,ok,20,40,0.22685568872839212,0.12266882695257664,0.3518608743324876,5,17,29,0,,
2026-05-16T00:57:31.435931,noisy,persist,{'bins': 6},20,2,2,ok,40,60,0.23511898703873158,0.3058405686169863,0.5437529599294066,5,1,6,0,,
2026-05-16T00:57:31.766192,noisy,persist,{'bins': 6},20,3,2,ok,60,80,0.23005413636565208,0.09299527574330568,0.3253872422501445,5,13,25,0,,
2026-05-16T00:57:32.129382,noisy,persist,{'bins': 6},20,4,2,ok,80,100,0.2303244024515152,0.12569320667535067,0.35831831954419613,5,26,43,0,,
2026-05-16T00:57:33.097851,noisy,persist,{'bins': 6},21,0,2,ok,0,21,0.2326065907254815,0.626970044337213,0.8624069793149829,5,13,24,0,,
2026-05-16T00:57:33.625470,noisy,persist,{'bins': 6},21,1,2,ok,21,42,0.2302855597808957,0.28495757281780243,0.5178757570683956,5,10,21,0,,
2026-05-16T00:57:34.076109,noisy,persist,{'bins': 6},21,2,2,ok,42,63,0.23675674200057983,0.20705973636358976,0.4463000213727355,5,19,41,0,,
2026-05-16T00:57:34.407036,noisy,persist,{'bins': 6},21,3,2,ok,63,84,0.23663369193673134,0.08852812834084034,0.32758353743702173,5,12,23,0,,
2026-05-16T00:57:35.723676,noisy,persist,{'bins': 6},21,4,2,ok,84,105,0.23002604208886623,1.0700029227882624,1.3029605504125357,5,10,22,0,,
2026-05-16T00:57:36.146361,noisy,persist,{'bins': 6},22,0,2,ok,0,22,0.24151431676000357,0.08253401331603527,0.3266056617721915,5,18,33,0,,
2026-05-16T00:57:36.731737,noisy,persist,{'bins': 6},22,1,2,ok,22,44,0.2345897424966097,0.338939250446856,0.5762563943862915,5,17,31,0,,
2026-05-16T00:57:37.168120,noisy,persist,{'bins': 6},22,2,2,ok,44,66,0.2395457299426198,0.18722969107329845,0.42938479967415333,5,20,37,0,,
2026-05-16T00:57:37.485873,noisy,persist,{'bins': 6},22,3,2,ok,66,88,0.24029665905982256,0.07073398400098085,0.3137913169339299,5,20,30,0,,
2026-05-16T00:57:37.846473,noisy,persist,{'bins': 6},22,4,2,ok,88,110,0.24238986987620592,0.1115136407315731,0.356505055911839,5,12,23,0,,
2026-05-16T00:57:38.515628,noisy,persist,{'bins': 6},23,0,2,ok,0,23,0.24343128502368927,0.31660217605531216,0.5630401875823736,5,10,19,0,,
2026-05-16T00:57:38.971233,noisy,persist,{'bins': 6},23,1,2,ok,23,46,0.2433950174599886,0.20144230872392654,0.44770204555243254,5,20,34,0,,
2026-05-16T00:57:39.459399,noisy,persist,{'bins': 6},23,2,2,ok,46,69,0.2433352954685688,0.2345584537833929,0.4806803222745657,5,20,36,0,,
2026-05-16T00:57:39.798739,noisy,persist,{'bins': 6},23,3,2,ok,69,92,0.2456511640921235,0.08746134676039219,0.3357805907726288,5,12,23,0,,
2026-05-16T00:57:41.078897,noisy,persist,{'bins': 6},23,4,2,ok,92,115,0.23842767998576164,1.0232770116999745,1.2646723045036197,5,15,25,0,,
2026-05-16T00:57:41.491822,noisy,persist,{'bins': 6},24,0,2,ok,0,24,0.25021927151829004,0.06274071522057056,0.315686397254467,5,11,21,0,,
2026-05-16T00:57:42.257880,noisy,persist,{'bins': 6},24,1,2,ok,24,48,0.24985685013234615,0.506911238655448,0.7596679655835032,5,8,23,0,,
2026-05-16T00:57:42.642170,noisy,persist,{'bins': 6},24,2,2,ok,48,72,0.2433997467160225,0.13295514415949583,0.3791415225714445,5,5,11,0,,
2026-05-16T00:57:43.204441,noisy,persist,{'bins': 6},24,3,2,ok,72,96,0.24610776081681252,0.2972847819328308,0.546446057036519,5,20,36,0,,
2026-05-16T00:57:44.166408,noisy,persist,{'bins': 6},24,4,2,ok,96,120,0.25064329896122217,0.6992836967110634,0.952844213694334,5,10,23,0,,
2026-05-16T00:57:44.659375,noisy,persist,{'bins': 6},25,0,2,ok,0,25,0.25458058156073093,0.13806305639445782,0.39552360586822033,5,10,22,0,,
2026-05-16T00:57:45.222085,noisy,persist,{'bins': 6},25,1,2,ok,25,50,0.254137079231441,0.30031902994960546,0.557355223223567,5,13,28,0,,
2026-05-16T00:57:45.713914,noisy,persist,{'bins': 6},25,2,2,ok,50,75,0.24846875481307507,0.23113832250237465,0.48267313465476036,5,5,12,0,,
2026-05-16T00:57:46.185351,noisy,persist,{'bins': 6},25,3,2,ok,75,100,0.25362228229641914,0.2059785472229123,0.4626334337517619,5,20,36,0,,
2026-05-16T00:57:46.940749,noisy,persist,{'bins': 6},25,4,2,ok,100,125,0.24952082242816687,0.49468264635652304,0.7472258536145091,5,9,19,0,,
2026-05-16T00:57:47.577411,noisy,persist,{'bins': 6},26,0,2,ok,0,26,0.2599124638363719,0.27260139118880033,0.5355915250256658,5,18,39,0,,
2026-05-16T00:57:48.456951,noisy,persist,{'bins': 6},26,1,2,ok,26,52,0.2582581164315343,0.6046629892662168,0.8662683917209506,5,6,15,0,,
2026-05-16T00:57:48.957425,noisy,persist,{'bins': 6},26,2,2,ok,52,78,0.25903881434351206,0.23234122060239315,0.49442666582763195,5,21,40,0,,
2026-05-16T00:57:49.387956,noisy,persist,{'bins': 6},26,3,2,ok,78,104,0.2556059891358018,0.16647493746131659,0.4250861294567585,5,16,28,0,,
2026-05-16T00:57:49.950645,noisy,persist,{'bins': 6},26,4,2,ok,104,130,0.25775862112641335,0.2947928924113512,0.5556587185710669,5,6,14,0,,
2026-05-16T00:57:50.523527,noisy,persist,{'bins': 6},27,0,2,ok,0,27,0.25749435275793076,0.2097757076844573,0.47052041441202164,5,16,30,0,,
2026-05-16T00:57:51.908656,noisy,persist,{'bins': 6},27,1,2,ok,27,54,0.2649097889661789,1.1044470146298409,1.3726936299353838,5,7,20,0,,
2026-05-16T00:57:52.290733,noisy,persist,{'bins': 6},27,2,2,ok,54,81,0.26056572142988443,0.11118898075073957,0.3748983945697546,5,13,25,0,,
2026-05-16T00:57:52.733781,noisy,persist,{'bins': 6},27,3,2,ok,81,108,0.2537065511569381,0.17993109486997128,0.4368197415024042,5,9,18,0,,
2026-05-16T00:57:54.820987,noisy,persist,{'bins': 6},27,4,2,ok,108,135,0.2573499232530594,1.7980332355946302,2.05907263699919,5,28,44,0,,
2026-05-16T00:57:55.397965,noisy,persist,{'bins': 6},28,0,2,ok,0,28,0.26846389286220074,0.19572571571916342,0.46775087527930737,5,22,41,0,,
2026-05-16T00:57:56.255557,noisy,persist,{'bins': 6},28,1,2,ok,28,56,0.26624925434589386,0.5743871778249741,0.8442408796399832,5,19,37,0,,
2026-05-16T00:57:56.713275,noisy,persist,{'bins': 6},28,2,2,ok,56,84,0.2684267535805702,0.17750461865216494,0.44941621646285057,5,12,23,0,,
2026-05-16T00:57:57.164991,noisy,persist,{'bins': 6},28,3,2,ok,84,112,0.2681784965097904,0.1668054386973381,0.4387814961373806,5,11,21,0,,
2026-05-16T00:57:58.341765,noisy,persist,{'bins': 6},28,4,2,ok,112,140,0.33467301074415445,0.8129588477313519,1.151468763127923,5,18,32,0,,
2026-05-16T00:57:58.937637,noisy,persist,{'bins': 6},29,0,2,ok,0,29,0.2687216466292739,0.21652728784829378,0.48877084720879793,5,21,40,0,,
2026-05-16T00:58:00.076377,noisy,persist,{'bins': 6},29,1,2,ok,29,58,0.2764144819229841,0.8494409751147032,1.1295996382832527,5,4,14,0,,
2026-05-16T00:58:00.527944,noisy,persist,{'bins': 6},29,2,2,ok,58,87,0.27004372980445623,0.17024306394159794,0.4437489351257682,5,12,23,0,,
2026-05-16T00:58:01.085773,noisy,persist,{'bins': 6},29,3,2,ok,87,116,0.2729306211695075,0.2649378404021263,0.541753277182579,5,14,22,0,,
2026-05-16T00:58:01.940885,noisy,persist,{'bins': 6},29,4,2,ok,116,145,0.2661827905103564,0.5766375232487917,0.84626788739115,5,37,65,0,,
2026-05-16T00:58:02.597919,noisy,persist,{'bins': 6},30,0,2,ok,0,30,0.2778945518657565,0.2735597025603056,0.5549090020358562,5,18,39,0,,
2026-05-16T00:58:03.496494,noisy,persist,{'bins': 6},30,1,2,ok,30,60,0.2807419179007411,0.6038697408512235,0.8882433585822582,5,17,33,0,,
2026-05-16T00:58:04.242167,noisy,persist,{'bins': 6},30,2,2,ok,60,90,0.2758818129077554,0.4480922408401966,0.7277812426909804,5,9,17,0,,
2026-05-16T00:58:04.652545,noisy,persist,{'bins': 6},30,3,2,ok,90,120,0.27028945088386536,0.12283574137836695,0.39679276943206787,5,13,22,0,,
2026-05-16T00:58:05.435282,noisy,persist,{'bins': 6},30,4,2,ok,120,150,0.27167995274066925,0.4984967913478613,0.7738284505903721,5,15,28,0,,
2026-05-16T00:58:06.040610,noisy,persist,{'bins': 6},31,0,2,ok,0,31,0.27910368237644434,0.22022956795990467,0.5029668137431145,5,21,39,0,,
2026-05-16T00:58:06.591366,noisy,persist,{'bins': 6},31,1,2,ok,31,62,0.28029036056250334,0.25554274022579193,0.5396874388679862,5,24,47,0,,
2026-05-16T00:58:06.973042,noisy,persist,{'bins': 6},31,2,2,ok,62,93,0.2829462690278888,0.09089294914156199,0.37741205655038357,5,12,23,0,,
2026-05-16T00:58:07.384666,noisy,persist,{'bins': 6},31,3,2,ok,93,124,0.272289777174592,0.13063444662839174,0.40654971171170473,5,12,22,0,,
2026-05-16T00:58:08.081099,noisy,persist,{'bins': 6},31,4,2,ok,124,155,0.2745910882949829,0.398881983011961,0.6774907568469644,5,8,16,0,,
2026-05-16T00:58:08.648688,noisy,persist,{'bins': 6},32,0,2,ok,0,32,0.2827008981257677,0.17759415786713362,0.4640064649283886,5,22,39,0,,
2026-05-16T00:58:09.369973,noisy,persist,{'bins': 6},32,1,2,ok,32,64,0.28582746908068657,0.4246023213490844,0.7141565186902881,5,21,41,0,,
2026-05-16T00:58:09.885094,noisy,persist,{'bins': 6},32,2,2,ok,64,96,0.2892480921000242,0.21647594030946493,0.5097060799598694,5,23,45,0,,
2026-05-16T00:58:11.414142,noisy,persist,{'bins': 6},32,3,2,ok,96,128,0.287110248580575,1.2265650127083063,1.517609910108149,5,33,68,0,,
2026-05-16T00:58:11.804875,noisy,persist,{'bins': 6},32,4,2,ok,128,160,0.2845539776608348,0.09856076817959547,0.3867566455155611,5,13,25,0,,
2026-05-16T00:58:12.367609,noisy,persist,{'bins': 6},33,0,2,ok,0,33,0.28859708923846483,0.17321237921714783,0.46547773759812117,5,21,38,0,,
2026-05-16T00:58:12.974791,noisy,persist,{'bins': 6},33,1,2,ok,33,66,0.28691955003887415,0.3038926124572754,0.5948396250605583,5,22,42,0,,
2026-05-16T00:58:13.536608,noisy,persist,{'bins': 6},33,2,2,ok,66,99,0.28127933852374554,0.25937149953097105,0.5446762880310416,5,24,42,0,,
2026-05-16T00:58:16.926595,noisy,persist,{'bins': 6},33,3,2,ok,99,132,0.28448862582445145,3.0637770891189575,3.352877444587648,5,26,47,0,,
2026-05-16T00:58:17.546511,noisy,persist,{'bins': 6},33,4,2,ok,132,165,0.2860908443108201,0.3066455824300647,0.5971574885770679,5,13,22,0,,
2026-05-16T00:58:18.160589,noisy,persist,{'bins': 6},34,0,2,ok,0,34,0.2936207540333271,0.20365833304822445,0.5017885034903884,5,22,40,0,,
2026-05-16T00:58:18.675754,noisy,persist,{'bins': 6},34,1,2,ok,34,68,0.28553746547549963,0.2166606867685914,0.5062253456562757,5,10,21,0,,
2026-05-16T00:58:19.244914,noisy,persist,{'bins': 6},34,2,2,ok,68,102,0.29366855416446924,0.2664527269080281,0.5639499314129353,5,11,25,0,,
2026-05-16T00:58:22.424488,noisy,persist,{'bins': 6},34,3,2,ok,102,136,0.295754530467093,2.8406216893345118,3.141501954756677,5,11,24,0,,
2026-05-16T00:58:22.830641,noisy,persist,{'bins': 6},34,4,2,ok,136,170,0.2976076304912567,0.10032522212713957,0.40187971387058496,5,13,25,0,,
2026-05-16T00:58:23.455350,noisy,persist,{'bins': 6},35,0,2,ok,0,35,0.2893531210720539,0.2240048088133335,0.5174113204702735,5,22,40,0,,
2026-05-16T00:58:24.076472,noisy,persist,{'bins': 6},35,1,2,ok,35,70,0.30029756110161543,0.30209080036729574,0.6074046511203051,5,22,42,0,,
2026-05-16T00:58:24.744882,noisy,persist,{'bins': 6},35,2,2,ok,70,105,0.29076710529625416,0.35600988008081913,0.6512616667896509,5,10,16,0,,
2026-05-16T00:58:25.430007,noisy,persist,{'bins': 6},35,3,2,ok,105,140,0.29786683712154627,0.36458234675228596,0.6667441185563803,5,25,45,0,,
2026-05-16T00:58:25.852447,noisy,persist,{'bins': 6},35,4,2,ok,140,175,0.29661879409104586,0.11521182768046856,0.41629140730947256,5,5,12,0,,
2026-05-16T00:58:26.540031,noisy,persist,{'bins': 6},36,0,2,ok,0,36,0.29933967255055904,0.2676763851195574,0.571472005918622,5,18,34,0,,
2026-05-16T00:58:27.241133,noisy,persist,{'bins': 6},36,1,2,ok,36,72,0.309510612860322,0.37897403072565794,0.6928151259198785,5,18,38,0,,
2026-05-16T00:58:27.755147,noisy,persist,{'bins': 6},36,2,2,ok,72,108,0.30185997672379017,0.19876836892217398,0.5052071940153837,5,9,18,0,,
2026-05-16T00:58:29.419302,noisy,persist,{'bins': 6},36,3,2,ok,108,144,0.310692111030221,1.3361356006935239,1.651202036999166,5,26,58,0,,
2026-05-16T00:58:29.878037,noisy,persist,{'bins': 6},36,4,2,ok,144,180,0.30995090026408434,0.13984073419123888,0.4541418133303523,5,16,31,0,,
2026-05-16T00:58:30.599511,noisy,persist,{'bins': 6},37,0,2,ok,0,37,0.3084331788122654,0.29343888256698847,0.6077357325702906,5,6,19,0,,
2026-05-16T00:58:31.300737,noisy,persist,{'bins': 6},37,1,2,ok,37,74,0.31591103225946426,0.37231768295168877,0.6927906209602952,5,18,38,0,,
2026-05-16T00:58:31.836156,noisy,persist,{'bins': 6},37,2,2,ok,74,111,0.3005903223529458,0.22129524126648903,0.5263606663793325,5,17,30,0,,
2026-05-16T00:58:33.701233,noisy,persist,{'bins': 6},37,3,2,ok,111,148,0.31558406818658113,1.530058023519814,1.8504056762903929,5,25,46,0,,
2026-05-16T00:58:34.209012,noisy,persist,{'bins': 6},37,4,2,ok,148,185,0.30153162963688374,0.1878770887851715,0.4938294989988208,5,14,26,0,,
2026-05-16T00:58:34.955130,noisy,persist,{'bins': 6},38,0,2,ok,0,38,0.3130887718871236,0.3226087484508753,0.6402100948616862,5,25,45,0,,
2026-05-16T00:58:35.512334,noisy,persist,{'bins': 6},38,1,2,ok,38,76,0.3038285244256258,0.24081197008490562,0.548991123214364,5,22,41,0,,
2026-05-16T00:58:36.034362,noisy,persist,{'bins': 6},38,2,2,ok,76,114,0.3110736282542348,0.1908596884459257,0.5069216042757034,5,11,18,0,,
2026-05-16T00:58:36.475523,noisy,persist,{'bins': 6},38,3,2,ok,114,152,0.3108434360474348,0.1215949822217226,0.43674138747155666,5,13,28,0,,
2026-05-16T00:58:36.933634,noisy,persist,{'bins': 6},38,4,2,ok,152,190,0.31686947122216225,0.13249973952770233,0.45389580074697733,5,20,38,0,,
2026-05-16T00:58:37.681789,noisy,persist,{'bins': 6},39,0,2,ok,0,39,0.3189114769920707,0.32004862278699875,0.6434906469658017,5,25,45,0,,
2026-05-16T00:58:38.288481,noisy,persist,{'bins': 6},39,1,2,ok,39,78,0.3169674361124635,0.2729865377768874,0.5948196807876229,5,13,31,0,,
2026-05-16T00:58:38.836592,noisy,persist,{'bins': 6},39,2,2,ok,78,117,0.3141269413754344,0.21925590187311172,0.5379580240696669,5,17,30,0,,
2026-05-16T00:58:39.298969,noisy,persist,{'bins': 6},39,3,2,ok,117,156,0.31378453876823187,0.12886258028447628,0.4473418649286032,5,10,20,0,,
2026-05-16T00:58:39.901296,noisy,persist,{'bins': 6},39,4,2,ok,156,195,0.3064703745767474,0.27577532455325127,0.5869898684322834,5,14,25,0,,
2026-05-16T00:58:41.583300,noisy,persist,{'bins': 6},40,0,2,ok,0,40,0.3202234013006091,1.2343848757445812,1.5600999286398292,5,10,24,0,,
2026-05-16T00:58:42.227826,noisy,persist,{'bins': 6},40,1,2,ok,40,80,0.3160025840625167,0.30602406710386276,0.6277394182980061,5,12,21,0,,
2026-05-16T00:58:42.795367,noisy,persist,{'bins': 6},40,2,2,ok,80,120,0.31681495998054743,0.22555210441350937,0.5474606798961759,5,16,26,0,,
2026-05-16T00:58:43.283612,noisy,persist,{'bins': 6},40,3,2,ok,120,160,0.32340959273278713,0.14227431546896696,0.4718260718509555,5,14,23,0,,
2026-05-16T00:58:43.737202,noisy,persist,{'bins': 6},40,4,2,ok,160,200,0.32477914448827505,0.11859557032585144,0.4479240784421563,5,17,34,0,,
2026-05-16T00:58:45.334313,noisy,persist,{'bins': 6},41,0,2,ok,0,41,0.3252126704901457,1.1344725992530584,1.4653930170461535,5,9,17,0,,
2026-05-16T00:58:45.864201,noisy,persist,{'bins': 6},41,1,2,ok,41,82,0.3253282969817519,0.18471035175025463,0.5180185725912452,5,12,23,0,,
2026-05-16T00:58:46.325433,noisy,persist,{'bins': 6},41,2,2,ok,82,123,0.3273656303063035,0.11647047102451324,0.4491258943453431,5,16,26,0,,
2026-05-16T00:58:46.765936,noisy,persist,{'bins': 6},41,3,2,ok,123,164,0.3281277734786272,0.10324907302856445,0.4359026253223419,5,13,25,0,,
2026-05-16T00:58:48.872778,noisy,persist,{'bins': 6},41,4,2,ok,164,205,0.3208307810127735,1.7458043387159705,2.071793084964156,5,16,29,0,,
2026-05-16T00:58:50.555675,noisy,persist,{'bins': 6},42,0,2,ok,0,42,0.32499532122164965,1.2228996008634567,1.553525504656136,5,15,29,0,,
2026-05-16T00:58:51.100422,noisy,persist,{'bins': 6},42,1,2,ok,42,84,0.3295552749186754,0.20353940036147833,0.5378078650683165,5,8,18,0,,
2026-05-16T00:58:51.538396,noisy,persist,{'bins': 6},42,2,2,ok,84,126,0.3195923464372754,0.10502297431230545,0.4293864704668522,5,11,20,0,,
2026-05-16T00:58:52.030276,noisy,persist,{'bins': 6},42,3,2,ok,126,168,0.32221608329564333,0.1525332797318697,0.4800325436517596,5,11,21,0,,
2026-05-16T00:58:52.670502,noisy,persist,{'bins': 6},42,4,2,ok,168,210,0.3213211726397276,0.29560296703130007,0.6218680134043097,5,21,41,0,,
2026-05-16T00:58:53.477718,noisy,persist,{'bins': 6},43,0,2,ok,0,43,0.3324302136898041,0.36387968994677067,0.701140153221786,5,24,46,0,,
2026-05-16T00:58:54.046046,noisy,persist,{'bins': 6},43,1,2,ok,43,86,0.34446588438004255,0.2073674676939845,0.5616436144337058,5,8,18,0,,
2026-05-16T00:58:54.594279,noisy,persist,{'bins': 6},43,2,2,ok,86,129,0.33040698431432247,0.19342184159904718,0.5291724596172571,5,15,26,0,,
2026-05-16T00:58:55.027868,noisy,persist,{'bins': 6},43,3,2,ok,129,172,0.33598290383815765,0.08798620291054249,0.42947624810039997,5,9,18,0,,
2026-05-16T00:58:56.215627,noisy,persist,{'bins': 6},43,4,2,ok,172,215,0.32864505518227816,0.8249706951901317,1.1590864127501845,5,41,75,0,,
2026-05-16T00:58:56.968674,noisy,persist,{'bins': 6},44,0,2,ok,0,44,0.3294246392324567,0.30971677135676146,0.6442458359524608,5,14,29,0,,
2026-05-16T00:58:57.517892,noisy,persist,{'bins': 6},44,1,2,ok,44,88,0.33567300345748663,0.2030489193275571,0.5435131993144751,5,8,18,0,,
2026-05-16T00:58:58.166064,noisy,persist,{'bins': 6},44,2,2,ok,88,132,0.3322163028642535,0.2896874202415347,0.6274916054680943,5,10,22,0,,
2026-05-16T00:58:58.669947,noisy,persist,{'bins': 6},44,3,2,ok,132,176,0.3302665911614895,0.15733274165540934,0.4926740415394306,5,9,19,0,,
2026-05-16T00:59:01.624313,noisy,persist,{'bins': 6},44,4,2,ok,176,220,0.3325170958414674,2.583216001279652,2.9213249180465937,5,27,50,0,,
2026-05-16T00:59:02.499306,noisy,persist,{'bins': 6},45,0,2,ok,0,45,0.34210838843137026,0.42377622425556183,0.770924205891788,5,24,46,0,,
2026-05-16T00:59:03.153110,noisy,persist,{'bins': 6},45,1,2,ok,45,90,0.3468057680875063,0.28001675195991993,0.6325432220473886,5,12,23,0,,
2026-05-16T00:59:03.703244,noisy,persist,{'bins': 6},45,2,2,ok,90,135,0.3437989531084895,0.1945038130506873,0.5435298010706902,5,14,28,0,,
2026-05-16T00:59:04.286742,noisy,persist,{'bins': 6},45,3,2,ok,135,180,0.34467944502830505,0.2284163348376751,0.5781132420524955,5,4,13,0,,
2026-05-16T00:59:07.236687,noisy,persist,{'bins': 6},45,4,2,ok,180,225,0.34825676307082176,2.5489499382674694,2.9033884592354298,5,24,45,0,,
2026-05-16T00:59:07.950508,noisy,persist,{'bins': 6},46,0,2,ok,0,46,0.3464278383180499,0.2494978504255414,0.6014556344598532,5,21,39,0,,
2026-05-16T00:59:08.476866,noisy,persist,{'bins': 6},46,1,2,ok,46,92,0.3413200778886676,0.17255079001188278,0.5189417693763971,5,12,22,0,,
2026-05-16T00:59:08.984586,noisy,persist,{'bins': 6},46,2,2,ok,92,138,0.3460368039086461,0.13902020454406738,0.4919429998844862,5,18,30,0,,
2026-05-16T00:59:09.528166,noisy,persist,{'bins': 6},46,3,2,ok,138,184,0.350368688814342,0.18233337812125683,0.5378469694405794,5,11,26,0,,
2026-05-16T00:59:10.812556,noisy,persist,{'bins': 6},46,4,2,ok,184,230,0.3539223838597536,0.908912475220859,1.2716344622895122,5,15,31,0,,
2026-05-16T00:59:11.657192,noisy,persist,{'bins': 6},47,0,2,ok,0,47,0.35581385530531406,0.37340030912309885,0.734632427804172,5,24,46,0,,
2026-05-16T00:59:12.165286,noisy,persist,{'bins': 6},47,1,2,ok,47,94,0.34735437855124474,0.14681841898709536,0.49968809355050325,5,11,21,0,,
2026-05-16T00:59:12.766759,noisy,persist,{'bins': 6},47,2,2,ok,94,141,0.35263507533818483,0.23435105942189693,0.5924672968685627,5,15,31,0,,
2026-05-16T00:59:13.364250,noisy,persist,{'bins': 6},47,3,2,ok,141,188,0.3492408310994506,0.2295995969325304,0.5843172129243612,5,19,33,0,,
2026-05-16T00:59:14.018168,noisy,persist,{'bins': 6},47,4,2,ok,188,235,0.35880887042731047,0.2833664109930396,0.6478259526193142,5,22,45,0,,
2026-05-16T00:59:15.150666,noisy,persist,{'bins': 6},48,0,2,ok,0,48,0.3570724679157138,0.6404688861221075,1.0037200059741735,5,12,24,0,,
2026-05-16T00:59:15.930728,noisy,persist,{'bins': 6},48,1,2,ok,48,96,0.3640909381210804,0.40229350607842207,0.7722160955891013,5,17,40,0,,
2026-05-16T00:59:17.323622,noisy,persist,{'bins': 6},48,2,2,ok,96,144,0.3508765837177634,1.0243153627961874,1.3807339128106833,5,19,41,0,,
2026-05-16T00:59:17.817890,noisy,persist,{'bins': 6},48,3,2,ok,144,192,0.3576079234480858,0.12239165045320988,0.48579130973666906,5,9,18,0,,
2026-05-16T00:59:18.500779,noisy,persist,{'bins': 6},48,4,2,ok,192,240,0.3599179722368717,0.3093933956697583,0.6746543711051345,5,22,46,0,,
2026-05-16T00:59:19.222598,noisy,persist,{'bins': 6},49,0,2,ok,0,49,0.3608110696077347,0.24243283551186323,0.6088775843381882,5,22,40,0,,
2026-05-16T00:59:20.283395,noisy,persist,{'bins': 6},49,1,2,ok,49,98,0.36147192027419806,0.6648136219009757,1.0325278639793396,5,16,29,0,,
2026-05-16T00:59:29.981026,noisy,persist,{'bins': 6},49,2,2,ok,98,147,0.3657553941011429,9.244962073862553,9.617865570820868,5,10,20,0,,
2026-05-16T00:59:30.514435,noisy,persist,{'bins': 6},49,3,2,ok,147,196,0.352691613137722,0.16257061902433634,0.520906962454319,5,12,24,0,,
2026-05-16T00:59:31.196233,noisy,persist,{'bins': 6},49,4,2,ok,196,245,0.3589148074388504,0.2904887171462178,0.6555961137637496,5,15,30,0,,
2026-05-16T00:59:31.928535,noisy,persist,{'bins': 6},50,0,2,ok,0,50,0.3592847725376487,0.24968946259468794,0.6148785427212715,5,22,40,0,,
2026-05-16T00:59:32.620929,noisy,persist,{'bins': 6},50,1,2,ok,50,100,0.3611428430303931,0.30926880333572626,0.6762434970587492,5,9,20,0,,
2026-05-16T00:59:36.691700,noisy,persist,{'bins': 6},50,2,2,ok,100,150,0.362505029886961,3.6480219680815935,4.017267164774239,5,5,12,0,,
2026-05-16T00:59:37.153312,noisy,persist,{'bins': 6},50,3,2,ok,150,200,0.36062847822904587,0.09035987965762615,0.4564800802618265,5,9,18,0,,
2026-05-16T00:59:37.988619,noisy,persist,{'bins': 6},50,4,2,ok,200,250,0.3669771794229746,0.4529224094003439,0.8262613555416465,5,22,46,0,,
2026-05-16T00:59:38.689382,noisy,persist,{'bins': 6},51,0,2,ok,0,51,0.3705860562622547,0.203586439602077,0.5865771388635039,5,22,39,0,,
2026-05-16T00:59:39.385959,noisy,persist,{'bins': 6},51,1,2,ok,51,102,0.37069878820329905,0.303570712916553,0.6802905881777406,5,8,19,0,,
2026-05-16T00:59:39.953294,noisy,persist,{'bins': 6},51,2,2,ok,102,153,0.3691272968426347,0.1793911848217249,0.5556963412091136,5,11,20,0,,
2026-05-16T00:59:40.493979,noisy,persist,{'bins': 6},51,3,2,ok,153,204,0.3760265735909343,0.1518531646579504,0.5335766449570656,5,25,43,0,,
2026-05-16T00:59:41.206658,noisy,persist,{'bins': 6},51,4,2,ok,204,255,0.37060192599892616,0.3197728879749775,0.6968734879046679,5,18,34,0,,
2026-05-16T00:59:41.970687,noisy,persist,{'bins': 6},52,0,2,ok,0,52,0.3777322266250849,0.2643887447193265,0.6487411130219698,5,22,40,0,,
2026-05-16T00:59:42.717854,noisy,persist,{'bins': 6},52,1,2,ok,52,104,0.36640245001763105,0.35961455292999744,0.7325002579018474,5,9,18,0,,
2026-05-16T00:59:43.611822,noisy,persist,{'bins': 6},52,2,2,ok,104,156,0.37469566334038973,0.47813828103244305,0.8595397062599659,5,13,22,0,,
2026-05-16T00:59:44.193499,noisy,persist,{'bins': 6},52,3,2,ok,156,208,0.3697117939591408,0.18060422409325838,0.5564810149371624,5,16,31,0,,
2026-05-16T00:59:45.136914,noisy,persist,{'bins': 6},52,4,2,ok,208,260,0.38392534479498863,0.5442520519718528,0.9343310622498393,5,16,35,0,,
2026-05-16T00:59:45.991961,noisy,persist,{'bins': 6},53,0,2,ok,0,53,0.37648106552660465,0.3674663193523884,0.7498115869238973,5,24,46,0,,
2026-05-16T00:59:46.994247,noisy,persist,{'bins': 6},53,1,2,ok,53,106,0.39232642110437155,0.592897760681808,0.9926992282271385,5,19,38,0,,
2026-05-16T00:59:47.483421,noisy,persist,{'bins': 6},53,2,2,ok,106,159,0.3745811590924859,0.09741054009646177,0.47902576718479395,5,19,28,0,,
2026-05-16T00:59:48.047667,noisy,persist,{'bins': 6},53,3,2,ok,159,212,0.3803439000621438,0.1715197740122676,0.557694423943758,5,21,39,0,,
2026-05-16T00:59:49.042846,noisy,persist,{'bins': 6},53,4,2,ok,212,265,0.3902940861880779,0.5874954257160425,0.9846726870164275,5,21,45,0,,
2026-05-16T00:59:49.829247,noisy,persist,{'bins': 6},54,0,2,ok,0,54,0.38871556986123323,0.27092578168958426,0.6679600430652499,5,22,40,0,,
2026-05-16T00:59:50.590803,noisy,persist,{'bins': 6},54,1,2,ok,54,108,0.3867451613768935,0.3584435749799013,0.7526619406417012,5,9,17,0,,
2026-05-16T00:59:51.101585,noisy,persist,{'bins': 6},54,2,2,ok,108,162,0.38228109758347273,0.11003280431032181,0.4990425072610378,5,10,20,0,,
2026-05-16T00:59:51.717863,noisy,persist,{'bins': 6},54,3,2,ok,162,216,0.40104461275041103,0.19973708223551512,0.6099179107695818,5,21,39,0,,
2026-05-16T00:59:52.415296,noisy,persist,{'bins': 6},54,4,2,ok,216,270,0.3786216853186488,0.3026072047650814,0.6876564808189869,5,10,22,0,,
2026-05-16T00:59:54.019320,noisy,persist,{'bins': 6},55,0,2,ok,0,55,0.39395828545093536,1.0616343570873141,1.4634676408022642,5,11,20,0,,
2026-05-16T00:59:54.694531,noisy,persist,{'bins': 6},55,1,2,ok,55,110,0.40330125112086535,0.25467218179255724,0.6671313596889377,5,9,17,0,,
2026-05-16T00:59:55.193790,noisy,persist,{'bins': 6},55,2,2,ok,110,165,0.3901467388495803,0.09144062921404839,0.4880980448797345,5,10,20,0,,
2026-05-16T00:59:55.809912,noisy,persist,{'bins': 6},55,3,2,ok,165,220,0.40031260810792446,0.20169905666261911,0.6090963892638683,5,21,39,0,,
2026-05-16T00:59:56.560629,noisy,persist,{'bins': 6},55,4,2,ok,220,275,0.3840015986934304,0.34459404926747084,0.7352844383567572,5,8,20,0,,
2026-05-16T00:59:58.156403,noisy,persist,{'bins': 6},56,0,2,ok,0,56,0.38443370070308447,1.0648016454651952,1.4577929861843586,5,17,29,0,,
2026-05-16T00:59:59.180540,noisy,persist,{'bins': 6},56,1,2,ok,56,112,0.4030386181548238,0.599221115000546,1.0123601900413632,5,19,38,0,,
2026-05-16T00:59:59.846968,noisy,persist,{'bins': 6},56,2,2,ok,112,168,0.3946043597534299,0.23063070513308048,0.6334066400304437,5,15,25,0,,
2026-05-16T01:00:00.383471,noisy,persist,{'bins': 6},56,3,2,ok,168,224,0.3909256523475051,0.13196005765348673,0.5294431038200855,5,13,25,0,,
2026-05-16T01:00:01.394269,noisy,persist,{'bins': 6},56,4,2,ok,224,280,0.4047957183793187,0.5877276305109262,1.0007309317588806,5,18,41,0,,
2026-05-16T01:00:02.289429,noisy,persist,{'bins': 6},57,0,2,ok,0,57,0.4015067992731929,0.3701993301510811,0.7785406243056059,5,24,46,0,,
2026-05-16T01:00:02.962956,noisy,persist,{'bins': 6},57,1,2,ok,57,114,0.4008033536374569,0.2577195316553116,0.6662074569612741,5,11,20,0,,
2026-05-16T01:00:03.528132,noisy,persist,{'bins': 6},57,2,2,ok,114,171,0.3996771490201354,0.15161588322371244,0.5585808381438255,5,17,33,0,,
2026-05-16T01:00:04.139987,noisy,persist,{'bins': 6},57,3,2,ok,171,228,0.3985830545425415,0.19302816968411207,0.5987883023917675,5,7,19,0,,
2026-05-16T01:00:04.969052,noisy,persist,{'bins': 6},57,4,2,ok,228,285,0.39587062038481236,0.40201288647949696,0.8048656778410077,5,18,35,0,,
2026-05-16T01:00:05.927327,noisy,persist,{'bins': 6},58,0,2,ok,0,58,0.40526664443314075,0.43854330480098724,0.8504064865410328,5,24,46,0,,
2026-05-16T01:00:06.942571,noisy,persist,{'bins': 6},58,1,2,ok,58,116,0.40028887800872326,0.5977373085916042,1.0045202830806375,5,19,38,0,,
2026-05-16T01:00:10.648821,noisy,persist,{'bins': 6},58,2,2,ok,116,174,0.3982997536659241,3.257190872915089,3.6627699052914977,5,13,29,0,,
2026-05-16T01:00:12.046418,noisy,persist,{'bins': 6},58,3,2,ok,174,232,0.41388055216521025,0.935671173967421,1.3575032567605376,5,10,23,0,,
2026-05-16T01:00:12.878769,noisy,persist,{'bins': 6},58,4,2,ok,232,290,0.3881208077073097,0.4137105317786336,0.8087342027574778,5,14,24,0,,
2026-05-16T01:00:14.194326,noisy,persist,{'bins': 6},59,0,2,ok,0,59,0.3943506982177496,0.7760883690789342,1.1779006384313107,5,12,20,0,,
2026-05-16T01:00:15.221037,noisy,persist,{'bins': 6},59,1,2,ok,59,118,0.40276465751230717,0.6063908394426107,1.0157332997769117,5,19,38,0,,
2026-05-16T01:00:15.807115,noisy,persist,{'bins': 6},59,2,2,ok,118,177,0.3983899913728237,0.17073591891676188,0.575687762349844,5,9,19,0,,
2026-05-16T01:00:16.436148,noisy,persist,{'bins': 6},59,3,2,ok,177,236,0.39767386857420206,0.21286181546747684,0.6172062503173947,5,18,34,0,,
2026-05-16T01:00:18.582509,noisy,persist,{'bins': 6},59,4,2,ok,236,295,0.39583330135792494,1.6936286659911275,2.0971159702166915,5,22,37,0,,
2026-05-16T01:00:19.399289,noisy,persist,{'bins': 6},60,0,2,ok,0,60,0.4031069204211235,0.29228480253368616,0.7023058962076902,5,22,40,0,,
2026-05-16T01:00:20.371384,noisy,persist,{'bins': 6},60,1,2,ok,60,120,0.4082837821915746,0.5473659699782729,0.9626181982457638,5,19,38,0,,
2026-05-16T01:00:21.165307,noisy,persist,{'bins': 6},60,2,2,ok,120,180,0.39752067998051643,0.3616765905171633,0.7667450839653611,5,20,37,0,,
2026-05-16T01:00:22.108702,noisy,persist,{'bins': 6},60,3,2,ok,180,240,0.3958465978503227,0.5049741640686989,0.9083089325577021,5,17,28,0,,
2026-05-16T01:00:23.793315,noisy,persist,{'bins': 6},60,4,2,ok,240,300,0.40965398494154215,1.2530906656756997,1.670013951137662,5,7,19,0,,
2026-05-16T01:00:24.756766,noisy,persist,{'bins': 6},61,0,2,ok,0,61,0.40942858159542084,0.4284344920888543,0.8453043671324849,5,6,15,0,,
2026-05-16T01:00:25.812145,noisy,persist,{'bins': 6},61,1,2,ok,61,122,0.41516069509088993,0.6223003957420588,1.0450546815991402,5,15,33,0,,
2026-05-16T01:00:26.495439,noisy,persist,{'bins': 6},61,2,2,ok,122,183,0.40912239719182253,0.23769268486648798,0.6556780552491546,5,9,19,0,,
2026-05-16T01:00:27.262631,noisy,persist,{'bins': 6},61,3,2,ok,183,244,0.414055691100657,0.33803991321474314,0.759362711571157,5,12,27,0,,
2026-05-16T01:00:28.226533,noisy,persist,{'bins': 6},61,4,2,ok,244,305,0.41059323865920305,0.5338821792975068,0.9521719608455896,5,11,26,0,,
2026-05-16T01:00:29.154060,noisy,persist,{'bins': 6},62,0,2,ok,0,62,0.4123521205037832,0.376540282741189,0.7969999592751265,5,11,22,0,,
2026-05-16T01:00:29.853346,noisy,persist,{'bins': 6},62,1,2,ok,62,124,0.42116995994001627,0.25233225617557764,0.6848102109506726,5,17,30,0,,
2026-05-16T01:00:30.485367,noisy,persist,{'bins': 6},62,2,2,ok,124,186,0.4196325037628412,0.18797627370804548,0.615539931692183,5,17,32,0,,
2026-05-16T01:00:31.063879,noisy,persist,{'bins': 6},62,3,2,ok,186,248,0.4111219020560384,0.14973519183695316,0.5685670617967844,5,16,30,0,,
2026-05-16T01:00:32.721297,noisy,persist,{'bins': 6},62,4,2,ok,248,310,0.4265372594818473,1.206426426768303,1.6410086331889033,5,24,47,0,,
2026-05-16T01:00:33.703286,noisy,persist,{'bins': 6},63,0,2,ok,0,63,0.43572607450187206,0.41317956428974867,0.8577697658911347,5,6,15,0,,
2026-05-16T01:00:34.488289,noisy,persist,{'bins': 6},63,1,2,ok,63,126,0.4214196503162384,0.3238816661760211,0.7590810721740127,5,7,15,0,,
2026-05-16T01:00:35.188237,noisy,persist,{'bins': 6},63,2,2,ok,126,189,0.4342034859582782,0.24893579818308353,0.6905110869556665,5,6,18,0,,
2026-05-16T01:00:35.885464,noisy,persist,{'bins': 6},63,3,2,ok,189,252,0.41640630550682545,0.26280505303293467,0.6866911640390754,5,17,32,0,,
2026-05-16T01:00:36.622326,noisy,persist,{'bins': 6},63,4,2,ok,252,315,0.4221257455646992,0.29430966451764107,0.7259869268164039,5,14,28,0,,
2026-05-16T01:00:37.686860,noisy,persist,{'bins': 6},64,0,2,ok,0,64,0.4269047286361456,0.5135676907375455,0.9490221859887242,5,6,15,0,,
2026-05-16T01:00:38.637769,noisy,persist,{'bins': 6},64,1,2,ok,64,128,0.4300071857869625,0.5011347644031048,0.9392607267946005,5,15,33,0,,
2026-05-16T01:00:39.264480,noisy,persist,{'bins': 6},64,2,2,ok,128,192,0.428190004080534,0.17833350598812103,0.6148659056052566,5,9,19,0,,
2026-05-16T01:00:40.304015,noisy,persist,{'bins': 6},64,3,2,ok,192,256,0.43465148750692606,0.5829662727192044,1.02503517922014,5,23,50,0,,
2026-05-16T01:00:41.097399,noisy,persist,{'bins': 6},64,4,2,ok,256,320,0.42150710336863995,0.33330255933105946,0.7627490917220712,5,13,26,0,,
2026-05-16T01:00:42.055816,noisy,persist,{'bins': 6},65,0,2,ok,0,65,0.4449639329686761,0.3818922322243452,0.837291993200779,5,6,15,0,,
2026-05-16T01:00:42.831710,noisy,persist,{'bins': 6},65,1,2,ok,65,130,0.42377378046512604,0.31244171410799026,0.7444715481251478,5,16,29,0,,
2026-05-16T01:00:43.436297,noisy,persist,{'bins': 6},65,2,2,ok,130,195,0.4235881930217147,0.1581398043781519,0.5897320574149489,5,9,19,0,,
2026-05-16T01:00:44.124798,noisy,persist,{'bins': 6},65,3,2,ok,195,260,0.4279225608333945,0.24219248443841934,0.6787762902677059,5,18,33,0,,
2026-05-16T01:00:44.818955,noisy,persist,{'bins': 6},65,4,2,ok,260,325,0.4170415475964546,0.25576003454625607,0.68166065774858,5,10,18,0,,
2026-05-16T01:00:45.745258,noisy,persist,{'bins': 6},66,0,2,ok,0,66,0.4312916286289692,0.3683807998895645,0.8079532692208886,5,6,15,0,,
2026-05-16T01:00:50.422795,noisy,persist,{'bins': 6},66,1,2,ok,66,132,0.4221012210473418,4.163055885583162,4.594696580432355,5,8,16,0,,
2026-05-16T01:00:51.142495,noisy,persist,{'bins': 6},66,2,2,ok,132,198,0.44914009515196085,0.24627544172108173,0.7105576926842332,5,6,18,0,,
2026-05-16T01:00:52.290123,noisy,persist,{'bins': 6},66,3,2,ok,198,264,0.4441864248365164,0.6839766278862953,1.136395050212741,5,9,21,0,,
2026-05-16T01:00:56.747006,noisy,persist,{'bins': 6},66,4,2,ok,264,330,0.4321346813812852,3.9287695698440075,4.3704644134268165,5,6,16,0,,
2026-05-16T01:00:57.883673,noisy,persist,{'bins': 6},67,0,2,ok,0,67,0.4366079717874527,0.5637509394437075,1.0090297041460872,5,20,33,0,,
2026-05-16T01:00:58.541975,noisy,persist,{'bins': 6},67,1,2,ok,67,134,0.4515153570100665,0.18222015630453825,0.6489507239311934,5,16,28,0,,
2026-05-16T01:00:59.693077,noisy,persist,{'bins': 6},67,2,2,ok,134,201,0.45808254927396774,0.6423280462622643,1.1174343535676599,5,12,22,0,,
2026-05-16T01:01:01.774798,noisy,persist,{'bins': 6},67,3,2,ok,201,268,0.44934226479381323,1.5572091229259968,2.018802022561431,5,10,19,0,,
2026-05-16T01:01:02.658932,noisy,persist,{'bins': 6},67,4,2,ok,268,335,0.450426721945405,0.3976086461916566,0.8588972762227058,5,24,41,0,,
2026-05-16T01:01:03.872995,noisy,persist,{'bins': 6},68,0,2,ok,0,68,0.44477753434330225,0.6475439118221402,1.1006420003250241,5,22,44,0,,
2026-05-16T01:01:04.711945,noisy,persist,{'bins': 6},68,1,2,ok,68,136,0.43275497667491436,0.36027906741946936,0.8016982041299343,5,16,27,0,,
2026-05-16T01:01:05.575592,noisy,persist,{'bins': 6},68,2,2,ok,136,204,0.44368721544742584,0.3740895902737975,0.8260750500485301,5,17,30,0,,
2026-05-16T01:01:06.521878,noisy,persist,{'bins': 6},68,3,2,ok,204,272,0.44154325034469366,0.4856182374060154,0.9372803289443254,5,6,14,0,,
2026-05-16T01:01:07.539980,noisy,persist,{'bins': 6},68,4,2,ok,272,340,0.4424808816984296,0.5308544039726257,0.9849670585244894,5,14,23,0,,
2026-05-16T01:01:09.277122,noisy,persist,{'bins': 6},69,0,2,ok,0,69,0.4459004830569029,1.141152024269104,1.5963862743228674,5,11,19,0,,
2026-05-16T01:01:10.285857,noisy,persist,{'bins': 6},69,1,2,ok,69,138,0.475338532589376,0.5122263543307781,0.9973387708887458,5,22,43,0,,
2026-05-16T01:01:13.400114,noisy,persist,{'bins': 6},69,2,2,ok,138,207,0.46452187094837427,2.558578295633197,3.0332308700308204,5,14,28,0,,
2026-05-16T01:01:14.748989,noisy,persist,{'bins': 6},69,3,2,ok,207,276,0.46781071834266186,0.8582457024604082,1.3345545390620828,5,13,35,0,,
2026-05-16T01:01:16.045140,noisy,persist,{'bins': 6},69,4,2,ok,276,345,0.45629164576530457,0.7805388895794749,1.2462979033589363,5,13,22,0,,
2026-05-16T01:01:17.066128,noisy,persist,{'bins': 6},70,0,2,ok,0,70,0.4444829300045967,0.4432792803272605,0.8959789695218205,5,5,14,0,,
2026-05-16T01:01:17.861970,noisy,persist,{'bins': 6},70,1,2,ok,70,140,0.4544432247057557,0.3061765795573592,0.7691062511876225,5,16,29,0,,
2026-05-16T01:01:18.638643,noisy,persist,{'bins': 6},70,2,2,ok,140,210,0.46435753256082535,0.296737183816731,0.7688341299071908,5,10,23,0,,
2026-05-16T01:01:19.595910,noisy,persist,{'bins': 6},70,3,2,ok,210,280,0.44960835576057434,0.4885302158072591,0.9468396911397576,5,23,46,0,,
2026-05-16T01:01:20.511428,noisy,persist,{'bins': 6},70,4,2,ok,280,350,0.4498285697773099,0.44046588707715273,0.8983663748949766,5,14,27,0,,
2026-05-16T01:01:21.903323,noisy,persist,{'bins': 6},71,0,2,ok,0,71,0.46961168851703405,0.7963311756029725,1.2742314096540213,5,22,44,0,,
2026-05-16T01:01:35.401527,noisy,persist,{'bins': 6},71,1,2,ok,71,142,0.46862019691616297,12.924520910717547,13.404003106057644,5,16,32,0,,
2026-05-16T01:01:37.012065,noisy,persist,{'bins': 6},71,2,2,ok,142,213,0.5644854297861457,0.9629291063174605,1.5467644734308124,5,10,20,0,,
2026-05-16T01:01:37.954978,noisy,persist,{'bins': 6},71,3,2,ok,213,284,0.4783383570611477,0.440826665610075,0.929499770514667,5,24,46,0,,
2026-05-16T01:01:38.959809,noisy,persist,{'bins': 6},71,4,2,ok,284,355,0.46654298808425665,0.5032410016283393,0.9840778615325689,5,16,29,0,,
2026-05-16T01:01:40.239299,noisy,persist,{'bins': 6},72,0,2,ok,0,72,0.483544884249568,0.662284042686224,1.1633100155740976,5,22,44,0,,
2026-05-16T01:01:41.029843,noisy,persist,{'bins': 6},72,1,2,ok,72,144,0.4679691568017006,0.2894162554293871,0.7711628749966621,5,8,17,0,,
2026-05-16T01:01:41.968320,noisy,persist,{'bins': 6},72,2,2,ok,144,216,0.47588234581053257,0.4438048480078578,0.9295163415372372,5,10,23,0,,
2026-05-16T01:01:42.910439,noisy,persist,{'bins': 6},72,3,2,ok,216,288,0.45287947822362185,0.440005162730813,0.9071175493299961,5,9,20,0,,
2026-05-16T01:01:44.087327,noisy,persist,{'bins': 6},72,4,2,ok,288,360,0.4680343773216009,0.6730623645707965,1.1501396838575602,5,18,34,0,,
2026-05-16T01:01:45.042616,noisy,persist,{'bins': 6},73,0,2,ok,0,73,0.47433681320399046,0.3480005096644163,0.8329786667600274,5,6,14,0,,
2026-05-16T01:01:45.729154,noisy,persist,{'bins': 6},73,1,2,ok,73,146,0.470440867356956,0.19540270138531923,0.6767459325492382,5,17,29,0,,
2026-05-16T01:01:46.543941,noisy,persist,{'bins': 6},73,2,2,ok,146,219,0.458778016269207,0.2991994796320796,0.7775150844827294,5,11,23,0,,
2026-05-16T01:01:47.885266,noisy,persist,{'bins': 6},73,3,2,ok,219,292,0.47966941725462675,0.8323069252073765,1.3255142150446773,5,30,60,0,,
2026-05-16T01:01:49.218441,noisy,persist,{'bins': 6},73,4,2,ok,292,365,0.46822809241712093,0.8144253063946962,1.2930852780118585,5,11,20,0,,
2026-05-16T01:01:50.150649,noisy,persist,{'bins': 6},74,0,2,ok,0,74,0.4802071964368224,0.33203295432031155,0.8216135734692216,5,5,13,0,,
2026-05-16T01:01:51.226776,noisy,persist,{'bins': 6},74,1,2,ok,74,148,0.49926606845110655,0.5557019272819161,1.0640804572030902,5,22,43,0,,
2026-05-16T01:01:52.159818,noisy,persist,{'bins': 6},74,2,2,ok,148,222,0.4914453225210309,0.4012634623795748,0.9025354273617268,5,14,23,0,,
2026-05-16T01:01:53.505455,noisy,persist,{'bins': 6},74,3,2,ok,222,296,0.4889745004475117,0.8343205470591784,1.3323534382507205,5,30,60,0,,
2026-05-16T01:01:55.000764,noisy,persist,{'bins': 6},74,4,2,ok,296,370,0.4849772956222296,0.9833385944366455,1.4774687075987458,5,16,32,0,,
2026-05-16T01:01:56.230942,noisy,persist,{'bins': 6},75,0,2,ok,0,75,0.4813276221975684,0.6099282773211598,1.1017990577965975,5,20,33,0,,
2026-05-16T01:01:57.132449,noisy,persist,{'bins': 6},75,1,2,ok,75,150,0.49140546564012766,0.362876215018332,0.8661880595609546,5,10,19,0,,
2026-05-16T01:02:00.957753,noisy,persist,{'bins': 6},75,2,2,ok,150,225,0.4721780512481928,3.250968052074313,3.734222372993827,5,11,23,0,,
2026-05-16T01:02:01.959743,noisy,persist,{'bins': 6},75,3,2,ok,225,300,0.4782712934538722,0.47577490471303463,0.9641453521326184,5,18,35,0,,
2026-05-16T01:02:03.253755,noisy,persist,{'bins': 6},75,4,2,ok,300,375,0.4747861083596945,0.7862146710976958,1.2711163153871894,5,20,35,0,,
2026-05-16T01:02:04.550679,noisy,persist,{'bins': 6},76,0,2,ok,0,76,0.5050596371293068,0.6592104826122522,1.1769237834960222,5,22,44,0,,
2026-05-16T01:02:05.396533,noisy,persist,{'bins': 6},76,1,2,ok,76,152,0.4931420497596264,0.32564081251621246,0.8295114478096366,5,14,26,0,,
2026-05-16T01:02:07.616786,noisy,persist,{'bins': 6},76,2,2,ok,152,228,0.48394277319312096,1.6418406991288066,2.14263869356364,5,17,29,0,,
2026-05-16T01:02:08.754890,noisy,persist,{'bins': 6},76,3,2,ok,228,304,0.495384749956429,0.5862495023757219,1.0956540694460273,5,16,31,0,,
2026-05-16T01:02:10.243221,noisy,persist,{'bins': 6},76,4,2,ok,304,380,0.49473509937524796,0.9656739933416247,1.4706610245630145,5,4,12,0,,
2026-05-16T01:02:11.336162,noisy,persist,{'bins': 6},77,0,2,ok,0,77,0.49642298836261034,0.450092907063663,0.9562721671536565,5,6,15,0,,
2026-05-16T01:02:12.213047,noisy,persist,{'bins': 6},77,1,2,ok,77,154,0.477319504134357,0.36621296126395464,0.8543464429676533,5,14,26,0,,
2026-05-16T01:02:12.891539,noisy,persist,{'bins': 6},77,2,2,ok,154,231,0.48242605663836,0.17418597918003798,0.6660128897055984,5,14,27,0,,
2026-05-16T01:02:15.346912,noisy,persist,{'bins': 6},77,3,2,ok,231,308,0.49162287544459105,1.8823521295562387,2.3842935413122177,5,13,26,0,,
2026-05-16T01:02:16.530605,noisy,persist,{'bins': 6},77,4,2,ok,308,385,0.4749453170225024,0.6805922668427229,1.165095922537148,5,12,23,0,,
2026-05-16T01:02:17.472395,noisy,persist,{'bins': 6},78,0,2,ok,0,78,0.4894363693892956,0.33127379044890404,0.8307004999369383,5,6,14,0,,
2026-05-16T01:02:18.534917,noisy,persist,{'bins': 6},78,1,2,ok,78,156,0.4877772154286504,0.5162700703367591,1.0148029122501612,5,11,20,0,,
2026-05-16T01:02:19.366387,noisy,persist,{'bins': 6},78,2,2,ok,156,234,0.48573720268905163,0.3092372687533498,0.8050844967365265,5,7,16,0,,
2026-05-16T01:02:23.154152,noisy,persist,{'bins': 6},78,3,2,ok,234,312,0.4900243040174246,3.2043323321267962,3.705579780973494,5,11,22,0,,
2026-05-16T01:02:24.475584,noisy,persist,{'bins': 6},78,4,2,ok,312,390,0.5081870006397367,0.7882699416950345,1.307607240974903,5,15,28,0,,
2026-05-16T01:02:25.464472,noisy,persist,{'bins': 6},79,0,2,ok,0,79,0.5006711073219776,0.3488161526620388,0.8598345210775733,5,20,37,0,,
2026-05-16T01:02:26.380367,noisy,persist,{'bins': 6},79,1,2,ok,79,158,0.5134025448933244,0.3729386618360877,0.8964873515069485,5,25,45,0,,
2026-05-16T01:02:27.377547,noisy,persist,{'bins': 6},79,2,2,ok,158,237,0.5078569110482931,0.44294640701264143,0.9612119747325778,5,20,39,0,,
2026-05-16T01:02:28.264546,noisy,persist,{'bins': 6},79,3,2,ok,237,316,0.4953919230028987,0.36843123752623796,0.873753578402102,5,21,34,0,,
2026-05-16T01:02:29.993531,noisy,persist,{'bins': 6},79,4,2,ok,316,395,0.5087735829874873,1.1927392352372408,1.7118974579498172,5,21,44,0,,
2026-05-16T01:02:31.139000,noisy,persist,{'bins': 6},80,0,2,ok,0,80,0.5165657643228769,0.5106842704117298,1.0375534938648343,5,8,21,0,,
2026-05-16T01:02:32.337189,noisy,persist,{'bins': 6},80,1,2,ok,80,160,0.50893700029701,0.6170226000249386,1.1369451191276312,5,25,45,0,,
2026-05-16T01:02:34.634958,noisy,persist,{'bins': 6},80,2,2,ok,160,240,0.510380370542407,1.7035617651417851,2.225300786085427,5,16,28,0,,
2026-05-16T01:02:35.632032,noisy,persist,{'bins': 6},80,3,2,ok,240,320,0.5099002383649349,0.4419229459017515,0.974017022177577,5,20,34,0,,
2026-05-16T01:02:37.081918,noisy,persist,{'bins': 6},80,4,2,ok,320,400,0.511590433306992,0.892051481641829,1.4148290324956179,5,26,50,0,,
2026-05-16T01:02:45.148402,noisy,persist,{'bins': 6},81,0,2,ok,0,81,0.4912845706567168,7.380800913088024,7.882466457784176,5,16,35,0,,
2026-05-16T01:02:52.390396,noisy,persist,{'bins': 6},81,1,2,ok,81,162,0.4967194274067879,6.5893938625231385,7.098280017264187,5,13,24,0,,
2026-05-16T01:02:53.526538,noisy,persist,{'bins': 6},81,2,2,ok,162,243,0.5005095945671201,0.5838690428063273,1.0950324246659875,5,24,44,0,,
2026-05-16T01:03:05.951084,noisy,persist,{'bins': 6},81,3,2,ok,243,324,0.5047699753195047,11.785733199678361,12.303021162748337,5,8,19,0,,
2026-05-16T01:03:07.066308,noisy,persist,{'bins': 6},81,4,2,ok,324,405,0.4992466624826193,0.5930921640247107,1.1013353019952774,5,26,50,0,,
2026-05-16T01:03:08.435235,noisy,persist,{'bins': 6},82,0,2,ok,0,82,0.5052423337474465,0.7425714079290628,1.256935741752386,5,23,48,0,,
2026-05-16T01:03:09.233432,noisy,persist,{'bins': 6},82,1,2,ok,82,164,0.4923857906833291,0.24439332075417042,0.7463434915989637,5,17,28,0,,
2026-05-16T01:03:10.365111,noisy,persist,{'bins': 6},82,2,2,ok,164,246,0.5073128007352352,0.6047841608524323,1.1211509043350816,5,11,30,0,,
2026-05-16T01:03:11.430408,noisy,persist,{'bins': 6},82,3,2,ok,246,328,0.5035089887678623,0.5420242855325341,1.05469551961869,5,19,35,0,,
2026-05-16T01:03:12.861534,noisy,persist,{'bins': 6},82,4,2,ok,328,410,0.5050243940204382,0.9027627874165773,1.416809394955635,5,30,59,0,,
2026-05-16T01:03:17.932409,noisy,persist,{'bins': 6},83,0,2,ok,0,83,0.5009793285280466,4.400049262680113,4.911478134803474,5,21,40,0,,
2026-05-16T01:03:18.930231,noisy,persist,{'bins': 6},83,1,2,ok,83,166,0.5025479728356004,0.4326891377568245,0.9450066965073347,5,7,16,0,,
2026-05-16T01:03:19.820731,noisy,persist,{'bins': 6},83,2,2,ok,166,249,0.499710263684392,0.32267759926617146,0.8322403244674206,5,16,27,0,,
2026-05-16T01:03:20.873308,noisy,persist,{'bins': 6},83,3,2,ok,249,332,0.5073077324777842,0.5254895053803921,1.0419927351176739,5,17,33,0,,
2026-05-16T01:03:23.233166,noisy,persist,{'bins': 6},83,4,2,ok,332,415,0.5038157133385539,1.7713539274409413,2.2854090286418796,5,23,42,0,,
2026-05-16T01:03:24.363661,noisy,persist,{'bins': 6},84,0,2,ok,0,84,0.5513158226385713,0.45966350194066763,1.0208781938999891,5,14,29,0,,
2026-05-16T01:03:25.336836,noisy,persist,{'bins': 6},84,1,2,ok,84,168,0.5605658357962966,0.3601891314610839,0.9304827842861414,5,7,16,0,,
2026-05-16T01:03:26.811634,noisy,persist,{'bins': 6},84,2,2,ok,168,252,0.5703342976048589,0.8827749434858561,1.462293609045446,5,8,21,0,,
2026-05-16T01:03:36.084474,noisy,persist,{'bins': 6},84,3,2,ok,252,336,0.551910731010139,8.526878192089498,9.155574346892536,5,8,16,0,,
2026-05-16T01:03:37.220085,noisy,persist,{'bins': 6},84,4,2,ok,336,420,0.6245545884594321,0.48626137990504503,1.1213131798431277,5,11,20,0,,
2026-05-16T01:03:38.381329,noisy,persist,{'bins': 6},85,0,2,ok,0,85,0.5617165863513947,0.46822322625666857,1.039593460969627,5,10,23,0,,
2026-05-16T01:03:39.242342,noisy,persist,{'bins': 6},85,1,2,ok,85,170,0.5618550656363368,0.27599626779556274,0.8471976742148399,5,7,16,0,,
2026-05-16T01:03:40.272173,noisy,persist,{'bins': 6},85,2,2,ok,170,255,0.5630305930972099,0.43650694750249386,1.0090609239414334,5,16,32,0,,
2026-05-16T01:03:41.423565,noisy,persist,{'bins': 6},85,3,2,ok,255,340,0.5514973746612668,0.5578168323263526,1.1191304009407759,5,20,31,0,,
2026-05-16T01:03:42.431040,noisy,persist,{'bins': 6},85,4,2,ok,340,425,0.5601826757192612,0.4231245666742325,0.9927196772769094,5,8,17,0,,
2026-05-16T01:03:43.872022,noisy,persist,{'bins': 6},86,0,2,ok,0,86,0.5799512974917889,0.7446418162435293,1.3341459343209863,5,23,48,0,,
2026-05-16T01:03:44.812835,noisy,persist,{'bins': 6},86,1,2,ok,86,172,0.5660606138408184,0.34775607381016016,0.9234810154885054,5,18,35,0,,
2026-05-16T01:03:50.454943,noisy,persist,{'bins': 6},86,2,2,ok,172,258,0.5712077487260103,4.984182385727763,5.565968870185316,5,13,26,0,,
2026-05-16T01:03:51.535540,noisy,persist,{'bins': 6},86,3,2,ok,258,344,0.5636969553306699,0.49086086731404066,1.0642490619793534,5,15,26,0,,
2026-05-16T01:03:53.855113,noisy,persist,{'bins': 6},86,4,2,ok,344,430,0.5606581484898925,1.669280999340117,2.2406683564186096,5,12,21,0,,
2026-05-16T01:03:55.046286,noisy,persist,{'bins': 6},87,0,2,ok,0,87,0.5765357855707407,0.47714443039149046,1.0636001946404576,5,9,22,0,,
2026-05-16T01:03:56.070639,noisy,persist,{'bins': 6},87,1,2,ok,87,174,0.5667408211156726,0.4299306068569422,1.0064204158261418,5,22,38,0,,
2026-05-16T01:03:57.490415,noisy,persist,{'bins': 6},87,2,2,ok,174,261,0.5691559771075845,0.7916907612234354,1.3711147904396057,5,17,35,0,,
2026-05-16T01:03:59.415583,noisy,persist,{'bins': 6},87,3,2,ok,261,348,0.5766352722421288,1.2739267917349935,1.8610425144433975,5,11,20,0,,
2026-05-16T01:04:00.604220,noisy,persist,{'bins': 6},87,4,2,ok,348,435,0.5708075975999236,0.5877936566248536,1.1684123892337084,5,15,30,0,,
2026-05-16T01:04:01.619221,noisy,persist,{'bins': 6},88,0,2,ok,0,88,0.5901938043534756,0.3123994991183281,0.9121031109243631,5,9,21,0,,
2026-05-16T01:04:02.492434,noisy,persist,{'bins': 6},88,1,2,ok,88,176,0.5719869527965784,0.28118517249822617,0.8626912711188197,5,15,29,0,,
2026-05-16T01:04:03.415845,noisy,persist,{'bins': 6},88,2,2,ok,176,264,0.5761726330965757,0.3249841621145606,0.9108753865584731,5,10,20,0,,
2026-05-16T01:04:04.367631,noisy,persist,{'bins': 6},88,3,2,ok,264,352,0.5692251771688461,0.3618211066350341,0.9407045310363173,5,11,20,0,,
2026-05-16T01:04:05.510693,noisy,persist,{'bins': 6},88,4,2,ok,352,440,0.5692717134952545,0.5089100319892168,1.0886461669579148,5,11,20,0,,
2026-05-16T01:04:08.168010,noisy,persist,{'bins': 6},89,0,2,ok,0,89,0.5754375532269478,1.901696720160544,2.487933423370123,5,12,23,0,,
2026-05-16T01:04:09.064600,noisy,persist,{'bins': 6},89,1,2,ok,89,178,0.5863016443327069,0.29097930528223515,0.8869802132248878,5,18,34,0,,
2026-05-16T01:04:10.158861,noisy,persist,{'bins': 6},89,2,2,ok,178,267,0.5727942595258355,0.4699009880423546,1.0532518308609724,5,11,18,0,,
2026-05-16T01:04:11.661733,noisy,persist,{'bins': 6},89,3,2,ok,267,356,0.5942429667338729,0.8856242373585701,1.4897166499868035,5,8,19,0,,
2026-05-16T01:04:12.923391,noisy,persist,{'bins': 6},89,4,2,ok,356,445,0.5847797356545925,0.6076991464942694,1.2028872584924102,5,15,28,0,,
2026-05-16T01:04:14.310565,noisy,persist,{'bins': 6},90,0,2,ok,0,90,0.5939601669088006,0.6781701324507594,1.2819783929735422,5,23,48,0,,
2026-05-16T01:04:15.258979,noisy,persist,{'bins': 6},90,1,2,ok,90,180,0.57888612896204,0.34909566957503557,0.9379345700144768,5,8,20,0,,
2026-05-16T01:04:16.923758,noisy,persist,{'bins': 6},90,2,2,ok,180,270,0.5930168051272631,1.0468635661527514,1.6498443521559238,5,22,50,0,,
2026-05-16T01:04:18.300502,noisy,persist,{'bins': 6},90,3,2,ok,270,360,0.5861698277294636,0.7393727544695139,1.3360427804291248,5,12,23,0,,
2026-05-16T01:04:19.514046,noisy,persist,{'bins': 6},90,4,2,ok,360,450,0.5739611107856035,0.5936205191537738,1.177923971787095,5,14,28,0,,
2026-05-16T01:04:20.689100,noisy,persist,{'bins': 6},91,0,2,ok,0,91,0.5854178862646222,0.45727941673249006,1.053049542941153,5,10,23,0,,
2026-05-16T01:04:21.693386,noisy,persist,{'bins': 6},91,1,2,ok,91,182,0.5876609990373254,0.38716955948621035,0.9850438768044114,5,9,22,0,,
2026-05-16T01:04:22.674816,noisy,persist,{'bins': 6},91,2,2,ok,182,273,0.5832532607018948,0.37623438239097595,0.9695011889562011,5,7,15,0,,
2026-05-16T01:04:24.076840,noisy,persist,{'bins': 6},91,3,2,ok,273,364,0.5772138591855764,0.7744175344705582,1.3621151316910982,5,11,22,0,,
2026-05-16T01:04:25.194721,noisy,persist,{'bins': 6},91,4,2,ok,364,455,0.5901448829099536,0.4806029358878732,1.0812431573867798,5,18,32,0,,
2026-05-16T01:04:26.480739,noisy,persist,{'bins': 6},92,0,2,ok,0,92,0.5848339488729835,0.569929800927639,1.1652385909110308,5,17,35,0,,
2026-05-16T01:04:27.501571,noisy,persist,{'bins': 6},92,1,2,ok,92,184,0.5962137188762426,0.39314713329076767,0.9997898768633604,5,22,43,0,,
2026-05-16T01:04:28.782653,noisy,persist,{'bins': 6},92,2,2,ok,184,276,0.582501508295536,0.6409809766337276,1.2344139134511352,5,13,30,0,,
2026-05-16T01:04:30.406386,noisy,persist,{'bins': 6},92,3,2,ok,276,368,0.6038725804537535,0.9953551394864917,1.6094353999942541,5,19,35,0,,
2026-05-16T01:04:31.868867,noisy,persist,{'bins': 6},92,4,2,ok,368,460,0.6067745108157396,0.8345459187403321,1.4513186048716307,5,32,71,0,,
2026-05-16T01:04:33.146206,noisy,persist,{'bins': 6},93,0,2,ok,0,93,0.5874363565817475,0.5429625287652016,1.141110080294311,5,19,36,0,,
2026-05-16T01:04:35.033850,noisy,persist,{'bins': 6},93,1,2,ok,93,186,0.6017907122150064,1.2144177835434675,1.8271866217255592,5,20,36,0,,
2026-05-16T01:04:36.592438,noisy,persist,{'bins': 6},93,2,2,ok,186,279,0.5943552190437913,0.8986101653426886,1.5039324592798948,5,18,40,0,,
2026-05-16T01:04:39.214440,noisy,persist,{'bins': 6},93,3,2,ok,279,372,0.6017896411940455,1.9115792624652386,2.524645979516208,5,11,20,0,,
2026-05-16T01:04:40.357030,noisy,persist,{'bins': 6},93,4,2,ok,372,465,0.6031841486692429,0.5104930456727743,1.1240369593724608,5,20,37,0,,
2026-05-16T01:04:41.772058,noisy,persist,{'bins': 6},94,0,2,ok,0,94,0.615705362521112,0.6821590941399336,1.3081402834504843,5,23,48,0,,
2026-05-16T01:04:43.321300,noisy,persist,{'bins': 6},94,1,2,ok,94,188,0.6156751560047269,0.9085853574797511,1.5347495405003428,5,33,65,0,,
2026-05-16T01:04:50.084799,noisy,persist,{'bins': 6},94,2,2,ok,188,282,0.6122492821887136,6.006068587303162,6.630945392884314,5,16,34,0,,
2026-05-16T01:04:51.742538,noisy,persist,{'bins': 6},94,3,2,ok,282,376,0.6638160292059183,0.9669063184410334,1.6414296748116612,5,16,32,0,,
2026-05-16T01:04:53.069113,noisy,persist,{'bins': 6},94,4,2,ok,376,470,0.6000417592003942,0.6742538418620825,1.2851834753528237,5,27,52,0,,
2026-05-16T01:04:54.490522,noisy,persist,{'bins': 6},95,0,2,ok,0,95,0.6236547911539674,0.6802319269627333,1.3142958944663405,5,23,48,0,,
2026-05-16T01:04:55.956732,noisy,persist,{'bins': 6},95,1,2,ok,95,190,0.5997110875323415,0.8189471270889044,1.4296247493475676,5,24,42,0,,
2026-05-16T01:04:57.657037,noisy,persist,{'bins': 6},95,2,2,ok,190,285,0.6205369662493467,1.0551778208464384,1.6862716916948557,5,21,49,0,,
2026-05-16T01:04:59.390216,noisy,persist,{'bins': 6},95,3,2,ok,285,380,0.6217536013573408,1.0858687153086066,1.7183793373405933,5,19,36,0,,
2026-05-16T01:05:06.197936,noisy,persist,{'bins': 6},95,4,2,ok,380,475,0.6120143532752991,6.070545203052461,6.6943533224985,5,13,27,0,,
2026-05-16T01:05:09.249999,noisy,persist,{'bins': 6},96,0,2,ok,0,96,0.6055676061660051,2.2511431770399213,2.868500874377787,5,11,23,0,,
2026-05-16T01:05:10.345180,noisy,persist,{'bins': 6},96,1,2,ok,96,192,0.613060106523335,0.41674499958753586,1.0410614535212517,5,17,32,0,,
2026-05-16T01:05:11.828464,noisy,persist,{'bins': 6},96,2,2,ok,192,288,0.6082730358466506,0.8165011750534177,1.4359736535698175,5,17,38,0,,
2026-05-16T01:05:13.078166,noisy,persist,{'bins': 6},96,3,2,ok,288,384,0.6180417407304049,0.5699135530740023,1.1992226727306843,5,13,21,0,,
2026-05-16T01:05:15.210226,noisy,persist,{'bins': 6},96,4,2,ok,384,480,0.6358531592413783,1.4695751937106252,2.116169383749366,5,8,21,0,,
2026-05-16T01:05:17.142986,noisy,persist,{'bins': 6},97,0,2,ok,0,97,0.6165861282497644,1.1406175596639514,1.7688173362985253,5,13,26,0,,
2026-05-16T01:05:18.099886,noisy,persist,{'bins': 6},97,1,2,ok,97,194,0.6150504937395453,0.3148189140483737,0.9407024206593633,5,17,32,0,,
2026-05-16T01:05:19.320288,noisy,persist,{'bins': 6},97,2,2,ok,194,291,0.6144840708002448,0.5838127434253693,1.2090278957039118,5,23,46,0,,
2026-05-16T01:05:20.764849,noisy,persist,{'bins': 6},97,3,2,ok,291,388,0.6065355446189642,0.8019382180646062,1.4195397542789578,5,15,27,0,,
2026-05-16T01:05:22.265192,noisy,persist,{'bins': 6},97,4,2,ok,388,485,0.6279073180630803,0.8157219830900431,1.4550984185189009,5,22,45,0,,
2026-05-16T01:05:23.959142,noisy,persist,{'bins': 6},98,0,2,ok,0,98,0.6379894306883216,0.936354766599834,1.5851248325780034,5,7,17,0,,
2026-05-16T01:05:24.915875,noisy,persist,{'bins': 6},98,1,2,ok,98,196,0.6251176996156573,0.3018252123147249,0.9379401542246342,5,17,32,0,,
2026-05-16T01:05:29.848087,noisy,persist,{'bins': 6},98,2,2,ok,196,294,0.6280809342861176,4.14487533364445,4.785374357365072,5,16,31,0,,
2026-05-16T01:05:33.387218,noisy,persist,{'bins': 6},98,3,2,ok,294,392,0.6159364283084869,2.8003325862810016,3.428490194492042,5,16,25,0,,
2026-05-16T01:05:49.853936,noisy,persist,{'bins': 6},98,4,2,ok,392,490,0.6342788133770227,15.654421494342387,16.30161613225937,5,15,37,0,,
2026-05-16T01:05:51.402330,noisy,persist,{'bins': 6},99,0,2,ok,0,99,0.6940674912184477,0.7139976471662521,1.4195621879771352,5,19,40,0,,
2026-05-16T01:05:52.671443,noisy,persist,{'bins': 6},99,1,2,ok,99,198,0.6829212978482246,0.5395740400999784,1.2339202724397182,5,12,27,0,,
2026-05-16T01:05:53.845122,noisy,persist,{'bins': 6},99,2,2,ok,198,297,0.6967064272612333,0.4028925774618983,1.111383925192058,5,17,31,0,,
2026-05-16T01:05:55.325408,noisy,persist,{'bins': 6},99,3,2,ok,297,396,0.6859870171174407,0.746677185408771,1.4441680647432804,5,20,35,0,,
2026-05-16T01:05:57.350909,noisy,persist,{'bins': 6},99,4,2,ok,396,495,0.7134154047816992,1.2848976338282228,2.009331740438938,5,40,81,0,,
2026-05-16T01:05:58.769972,noisy,persist,{'bins': 6},100,0,2,ok,0,100,0.6985067371279001,0.6009419606998563,1.3106052987277508,5,19,39,0,,
2026-05-16T01:05:59.821716,noisy,persist,{'bins': 6},100,1,2,ok,100,200,0.6992747392505407,0.3224982051178813,1.0330560635775328,5,17,32,0,,
2026-05-16T01:06:01.434763,noisy,persist,{'bins': 6},100,2,2,ok,200,300,0.6993885030969977,0.8429386150091887,1.5541442688554525,5,23,47,0,,
2026-05-16T01:06:03.117962,noisy,persist,{'bins': 6},100,3,2,ok,300,400,0.6962006678804755,0.9073038762435317,1.6154486127197742,5,20,35,0,,
2026-05-16T01:06:04.875471,noisy,persist,{'bins': 6},100,4,2,ok,400,500,0.7027464881539345,0.992161207832396,1.7067173542454839,5,19,36,0,,
