time_seconds;temperature
0;23.38000
300;23.52000
600;23.52000
900;23.32000
1200;23.48000
1500;23.43000
1800;23.36000
2100;23.34000
2400;23.43000
2700;23.45000
3000;23.27000
3300;23.43000
