time_seconds;temperature
0;25.18000
300;25.23000
600;25.30000
900;25.28000
1200;25.23000
1500;25.11000
1800;25.28000
2100;25.25000
2400;25.21000
2700;25.11000
3000;25.32000
3300;25.25000
