time_seconds;temperature
0;24.61000
300;24.59000
600;24.61000
900;24.63000
1200;24.56000
1500;24.59000
1800;24.45000
2100;24.61000
2400;24.59000
2700;24.47000
3000;24.56000
3300;24.52000
