time_seconds;temperature
0;22.35000
300;22.44000
600;22.35000
900;22.38000
1200;22.33000
1500;22.38000
1800;22.29000
2100;22.38000
2400;22.29000
2700;22.29000
3000;22.40000
3300;22.33000
