time_seconds;temperature
0;23.73000
300;23.96000
600;23.89000
900;23.91000
1200;23.89000
1500;24.01000
1800;23.80000
2100;23.91000
2400;23.63000
2700;23.73000
3000;23.54000
3300;23.63000
