time_seconds;temperature
0;24.54000
300;24.56000
600;24.50000
900;24.54000
1200;24.50000
1500;24.52000
1800;24.56000
2100;24.50000
2400;24.45000
2700;24.43000
3000;24.41000
3300;24.52000
