time_seconds;temperature
0;20.66000
300;20.68000
600;20.61000
900;20.73000
1200;20.68000
1500;20.56000
1800;20.63000
2100;20.56000
2400;20.36000
2700;20.46000
3000;20.61000
3300;20.49000
