time_seconds;temperature
0;21.80000
300;21.85000
600;21.87000
900;21.85000
1200;21.83000
1500;21.75000
1800;21.95000
2100;21.80000
2400;21.80000
2700;21.92000
3000;21.80000
3300;21.80000
