time_seconds;temperature
0;23.87000
300;23.63000
600;23.50000
900;23.41000
1200;23.38000
1500;22.94000
1800;22.68000
2100;22.68000
2400;22.75000
2700;22.75000
3000;22.87000
3300;22.42000
