time_seconds;temperature
0;25.63000
300;25.82000
600;25.74000
900;25.72000
1200;25.74000
1500;25.79000
1800;25.56000
2100;25.72000
2400;25.72000
2700;25.70000
3000;25.65000
3300;25.74000
