time_seconds;temperature
0;19.85000
300;19.98000
600;19.85000
900;19.94000
1200;19.94000
1500;19.80000
1800;19.96000
2100;19.91000
2400;19.91000
2700;19.85000
3000;19.96000
3300;19.85000
