time_seconds;temperature
0;22.61000
300;22.68000
600;22.66000
900;22.70000
1200;22.70000
1500;22.68000
1800;22.63000
2100;22.75000
2400;22.78000
2700;22.78000
3000;22.68000
3300;22.78000
