time_seconds;temperature
0;25.60000
300;25.46000
600;25.46000
900;25.30000
1200;25.37000
1500;25.21000
1800;25.32000
2100;25.39000
2400;25.30000
2700;25.35000
3000;24.27000
3300;23.70000
