time_seconds;temperature
0;23.87000
300;24.24000
600;24.08000
900;24.10000
1200;23.98000
1500;24.03000
1800;24.06000
2100;24.01000
2400;23.84000
2700;23.96000
3000;23.96000
3300;23.96000
