time_seconds;temperature
0;19.96000
300;19.82000
600;19.89000
900;19.98000
1200;20.01000
1500;19.89000
1800;19.96000
2100;19.94000
2400;19.87000
2700;20.05000
3000;19.85000
3300;19.89000
