time_seconds;temperature
0;25.09000
300;25.30000
600;25.32000
900;25.04000
1200;25.02000
1500;25.14000
1800;25.14000
2100;25.11000
2400;25.28000
2700;25.07000
3000;25.14000
3300;25.14000
