time_seconds;temperature
0;24.45000
300;24.47000
600;24.38000
900;24.38000
1200;24.43000
1500;24.41000
1800;24.38000
2100;24.41000
2400;24.32000
2700;24.34000
3000;24.41000
3300;24.43000
