time_seconds;temperature
0;23.09000
300;23.11000
600;22.92000
900;23.02000
1200;22.99000
1500;23.02000
1800;23.04000
2100;23.04000
2400;23.04000
2700;22.92000
3000;22.92000
3300;23.06000
