time_seconds;temperature
0;23.29000
300;23.29000
600;23.25000
900;23.41000
1200;23.36000
1500;23.25000
1800;23.16000
2100;23.43000
2400;23.48000
2700;23.32000
3000;23.32000
3300;23.43000
