time_seconds;temperature
0;24.24000
300;24.17000
600;24.38000
900;24.38000
1200;24.34000
1500;24.22000
1800;24.20000
2100;24.29000
2400;24.27000
2700;24.24000
3000;24.32000
3300;24.22000
