time_seconds;temperature
0;24.97000
300;25.07000
600;25.00000
900;25.09000
1200;25.09000
1500;24.93000
1800;25.00000
2100;25.04000
2400;24.97000
2700;25.04000
3000;25.09000
3300;24.97000
