time_seconds;temperature
0;21.19000
300;21.16000
600;21.03000
900;20.98000
1200;21.05000
1500;21.10000
1800;21.05000
2100;20.98000
2400;20.98000
2700;21.00000
3000;21.10000
3300;21.03000
