time_seconds;temperature
0;20.98000
300;21.03000
600;21.00000
900;21.00000
1200;21.00000
1500;20.91000
1800;20.94000
2100;20.87000
2400;20.98000
2700;20.96000
3000;21.03000
3300;20.98000
