time_seconds;temperature
0;23.04000
300;23.25000
600;23.34000
900;23.20000
1200;23.32000
1500;23.25000
1800;23.23000
2100;23.18000
2400;23.27000
2700;23.23000
3000;23.27000
3300;23.27000
