time_seconds;temperature
0;20.96000
300;20.98000
600;20.98000
900;20.94000
1200;20.85000
1500;20.85000
1800;20.94000
2100;20.85000
2400;20.91000
2700;20.98000
3000;20.91000
3300;20.94000
