time_seconds;temperature
0;21.12000
300;20.89000
600;20.94000
900;20.96000
1200;20.98000
1500;20.87000
1800;20.98000
2100;20.98000
2400;20.98000
2700;21.07000
3000;21.00000
3300;21.00000
