time_seconds;temperature
0;20.98000
300;20.89000
600;20.89000
900;20.89000
1200;20.87000
1500;20.96000
1800;20.85000
2100;20.87000
2400;20.94000
2700;20.78000
3000;20.85000
3300;20.82000
