time_seconds;temperature
0;24.95000
300;24.84000
600;24.68000
900;24.93000
1200;24.70000
1500;24.66000
1800;24.68000
2100;24.75000
2400;24.66000
2700;24.70000
3000;24.68000
3300;24.70000
