time_seconds;temperature
0;24.06000
300;23.96000
600;23.91000
900;24.03000
1200;24.03000
1500;24.01000
1800;24.01000
2100;23.94000
2400;23.87000
2700;23.98000
3000;23.91000
3300;24.06000
