time_seconds;temperature
0;22.38000
300;22.31000
600;22.35000
900;22.24000
1200;22.31000
1500;22.31000
1800;22.19000
2100;22.31000
2400;22.19000
2700;22.17000
3000;22.29000
3300;22.31000
