time_seconds;temperature
0;24.68000
300;24.66000
600;24.72000
900;24.61000
1200;24.63000
1500;24.75000
1800;24.68000
2100;24.56000
2400;24.61000
2700;24.77000
3000;24.59000
3300;24.59000
