time_seconds;temperature
0;23.91000
300;23.87000
600;23.98000
900;24.01000
1200;24.01000
1500;23.87000
1800;23.91000
2100;23.91000
2400;23.84000
2700;23.84000
3000;23.87000
3300;23.77000
