time_seconds;temperature
0;23.25000
300;23.16000
600;23.16000
900;23.29000
1200;23.09000
1500;23.14000
1800;23.06000
2100;23.06000
2400;23.25000
2700;23.23000
3000;23.23000
3300;23.18000
