time_seconds;temperature
0;20.94000
300;20.82000
600;20.78000
900;20.87000
1200;20.94000
1500;20.82000
1800;20.80000
2100;20.91000
2400;20.85000
2700;20.82000
3000;20.82000
3300;20.94000
