time_seconds;temperature
0;26.35000
300;26.42000
600;26.42000
900;26.42000
1200;26.44000
1500;26.46000
1800;26.44000
2100;26.42000
2400;26.46000
2700;26.42000
3000;26.32000
3300;26.26000
