time_seconds;temperature
0;23.68000
300;23.66000
600;23.63000
900;23.70000
1200;23.82000
1500;23.73000
1800;23.68000
2100;23.70000
2400;23.84000
2700;23.82000
3000;23.70000
3300;23.68000
