time_seconds;temperature
0;26.08000
300;25.98000
600;26.08000
900;26.03000
1200;26.03000
1500;26.10000
1800;26.08000
2100;26.14000
2400;26.03000
2700;25.98000
3000;26.08000
3300;25.96000
