time_seconds;temperature
0;26.19000
300;26.08000
600;26.10000
900;26.14000
1200;26.10000
1500;26.10000
1800;26.21000
2100;26.05000
2400;26.03000
2700;26.03000
3000;26.08000
3300;26.21000
