time_seconds;temperature
0;20.91000
300;20.91000
600;20.91000
900;21.07000
1200;20.91000
1500;21.05000
1800;21.03000
2100;20.98000
2400;21.05000
2700;20.89000
3000;20.96000
3300;20.96000
