time_seconds;temperature
0;25.46000
300;25.39000
600;25.44000
900;25.51000
1200;25.39000
1500;25.44000
1800;25.42000
2100;25.53000
2400;25.39000
2700;25.42000
3000;25.42000
3300;25.42000
