time_seconds;temperature
0;22.97000
300;23.18000
600;23.06000
900;23.09000
1200;22.94000
1500;22.99000
1800;22.99000
2100;22.94000
2400;22.94000
2700;23.06000
3000;23.09000
3300;22.99000
