time_seconds;temperature
0;20.44000
300;20.51000
600;20.39000
900;20.44000
1200;20.39000
1500;20.44000
1800;20.46000
2100;20.27000
2400;20.54000
2700;20.44000
3000;20.39000
3300;20.51000
