time_seconds;temperature
0;25.67000
300;25.77000
600;25.72000
900;25.77000
1200;25.70000
1500;25.70000
1800;25.63000
2100;25.53000
2400;25.77000
2700;25.70000
3000;25.70000
3300;25.79000
