time_seconds;temperature
0;25.44000
300;25.35000
600;25.25000
900;25.32000
1200;25.25000
1500;25.21000
1800;25.28000
2100;25.42000
2400;25.32000
2700;25.35000
3000;25.35000
3300;25.18000
