time_seconds;temperature
0;21.14000
300;21.25000
600;21.14000
900;21.19000
1200;21.16000
1500;21.16000
1800;21.28000
2100;21.23000
2400;21.21000
2700;21.12000
3000;21.12000
3300;21.25000
