time_seconds;temperature
0;25.93000
300;26.00000
600;25.77000
900;25.74000
1200;25.77000
1500;25.72000
1800;25.60000
2100;25.70000
2400;25.60000
2700;25.65000
3000;25.60000
3300;25.53000
