time_seconds;temperature
0;25.58000
300;25.46000
600;25.49000
900;25.39000
1200;25.44000
1500;25.51000
1800;25.28000
2100;25.44000
2400;25.58000
2700;25.60000
3000;25.39000
3300;25.53000
