time_seconds;temperature
0;20.78000
300;20.73000
600;20.87000
900;20.82000
1200;20.82000
1500;20.71000
1800;20.66000
2100;20.85000
2400;20.80000
2700;20.71000
3000;20.80000
3300;20.82000
