time_seconds;temperature
0;23.70000
300;23.70000
600;23.80000
900;23.63000
1200;23.84000
1500;23.63000
1800;23.73000
2100;23.75000
2400;23.73000
2700;23.54000
3000;23.59000
3300;23.66000
