time_seconds;temperature
0;20.68000
300;20.68000
600;20.58000
900;20.66000
1200;20.68000
1500;20.66000
1800;20.76000
2100;20.63000
2400;20.58000
2700;20.63000
3000;20.56000
3300;20.78000
