time_seconds;temperature
0;21.10000
300;21.10000
600;20.96000
900;21.00000
1200;21.00000
1500;21.00000
1800;21.10000
2100;21.12000
2400;21.03000
2700;21.10000
3000;21.03000
3300;20.94000
