time_seconds;temperature
0;20.54000
300;20.66000
600;20.61000
900;20.61000
1200;20.54000
1500;20.51000
1800;20.46000
2100;20.54000
2400;20.51000
2700;20.54000
3000;20.58000
3300;20.56000
