time_seconds;temperature
0;20.15000
300;20.27000
600;20.22000
900;20.17000
1200;20.24000
1500;20.27000
1800;20.24000
2100;20.17000
2400;20.24000
2700;20.22000
3000;20.32000
3300;20.36000
