time_seconds;temperature
0;26.35000
300;26.37000
600;26.26000
900;26.32000
1200;26.32000
1500;26.28000
1800;26.28000
2100;26.30000
2400;26.32000
2700;26.21000
3000;26.26000
3300;26.19000
