time_seconds;temperature
0;24.13000
300;24.36000
600;24.47000
900;24.54000
1200;24.45000
1500;24.08000
1800;24.32000
2100;24.27000
2400;24.15000
2700;24.17000
3000;24.36000
3300;24.15000
