time_seconds;temperature
0;22.92000
300;22.82000
600;22.90000
900;22.85000
1200;22.82000
1500;22.92000
1800;22.90000
2100;22.94000
2400;22.82000
2700;22.94000
3000;22.85000
3300;22.87000
