time_seconds;temperature
0;27.18000
300;27.06000
600;27.15000
900;27.25000
1200;27.20000
1500;27.18000
1800;27.25000
2100;27.11000
2400;27.20000
2700;27.08000
3000;26.99000
3300;27.01000
