time_seconds;temperature
0;23.94000
300;23.87000
600;23.91000
900;23.84000
1200;23.91000
1500;23.87000
1800;23.94000
2100;23.75000
2400;23.77000
2700;23.84000
3000;23.89000
3300;23.87000
