time_seconds;temperature
0;27.79000
300;27.77000
600;27.68000
900;27.72000
1200;27.63000
1500;27.54000
1800;27.49000
2100;27.65000
2400;27.56000
2700;27.65000
3000;27.74000
3300;27.65000
