time_seconds;temperature
0;19.73000
300;19.61000
600;19.78000
900;19.89000
1200;19.61000
1500;19.75000
1800;19.68000
2100;18.53000
2400;19.75000
2700;19.75000
3000;19.73000
3300;19.71000
