time_seconds;temperature
0;22.10000
300;22.40000
600;22.26000
900;22.29000
1200;22.29000
1500;22.35000
1800;22.08000
2100;22.44000
2400;22.47000
2700;22.61000
3000;22.58000
3300;22.58000
