time_seconds;temperature
0;26.99000
300;26.87000
600;26.80000
900;26.97000
1200;26.97000
1500;26.97000
1800;26.83000
2100;26.85000
2400;26.83000
2700;26.85000
3000;26.76000
3300;26.87000
