time_seconds;temperature
0;19.96000
300;19.98000
600;19.94000
900;19.94000
1200;19.91000
1500;20.01000
1800;19.94000
2100;19.96000
2400;19.73000
2700;19.87000
3000;19.75000
3300;19.89000
