time_seconds;temperature
0;22.10000
300;22.29000
600;21.99000
900;22.13000
1200;22.10000
1500;22.06000
1800;22.01000
2100;22.06000
2400;21.97000
2700;22.06000
3000;22.06000
3300;22.15000
