time_seconds;temperature
0;23.98000
300;23.96000
600;24.10000
900;23.96000
1200;24.06000
1500;23.91000
1800;23.63000
2100;23.63000
2400;23.80000
2700;23.73000
3000;23.89000
3300;23.87000
