time_seconds;temperature
0;19.91000
300;19.98000
600;20.10000
900;20.05000
1200;20.01000
1500;19.89000
1800;20.10000
2100;20.10000
2400;19.91000
2700;20.01000
3000;20.01000
3300;19.96000
