time_seconds;temperature
0;25.56000
300;25.74000
600;25.25000
900;25.46000
1200;25.32000
1500;25.23000
1800;25.49000
2100;25.35000
2400;25.09000
2700;25.39000
3000;25.32000
3300;24.91000
