time_seconds;temperature
0;20.22000
300;20.32000
600;20.34000
900;20.29000
1200;20.41000
1500;20.32000
1800;20.24000
2100;20.19000
2400;20.39000
2700;20.27000
3000;20.34000
3300;20.12000
