time_seconds;temperature
0;20.94000
300;20.89000
600;20.82000
900;20.78000
1200;20.89000
1500;20.73000
1800;20.76000
2100;20.82000
2400;20.82000
2700;20.82000
3000;20.87000
3300;20.78000
