time_seconds;temperature
0;20.27000
300;20.24000
600;20.46000
900;20.32000
1200;20.34000
1500;20.29000
1800;20.34000
2100;20.24000
2400;20.32000
2700;20.41000
3000;20.32000
3300;20.19000
