time_seconds;temperature
0;25.09000
300;25.11000
600;25.21000
900;25.14000
1200;25.11000
1500;25.00000
1800;25.09000
2100;25.07000
2400;25.07000
2700;25.04000
3000;25.14000
3300;25.11000
