time_seconds;temperature
0;21.35000
300;21.32000
600;21.30000
900;21.39000
1200;21.35000
1500;21.35000
1800;21.35000
2100;21.28000
2400;21.37000
2700;21.42000
3000;21.35000
3300;21.35000
