time_seconds;temperature
0;20.89000
300;20.89000
600;20.85000
900;20.87000
1200;20.87000
1500;20.91000
1800;20.78000
2100;20.87000
2400;20.89000
2700;20.85000
3000;20.89000
3300;20.78000
