time_seconds;temperature
0;23.16000
300;23.11000
600;23.14000
900;23.06000
1200;23.04000
1500;23.06000
1800;23.06000
2100;23.06000
2400;23.04000
2700;23.16000
3000;23.04000
3300;23.04000
