time_seconds;temperature
0;21.12000
300;21.03000
600;21.07000
900;20.94000
1200;20.89000
1500;21.00000
1800;20.91000
2100;21.10000
2400;20.98000
2700;20.96000
3000;21.05000
3300;21.03000
