time_seconds;temperature
0;20.68000
300;20.76000
600;20.80000
900;20.61000
1200;20.68000
1500;20.71000
1800;20.73000
2100;20.66000
2400;20.63000
2700;20.73000
3000;20.78000
3300;20.61000
