time_seconds;temperature
0;20.58000
300;20.71000
600;20.68000
900;20.54000
1200;20.46000
1500;20.68000
1800;20.56000
2100;20.46000
2400;20.51000
2700;20.46000
3000;20.54000
3300;20.51000
