time_seconds;temperature
0;20.73000
300;20.76000
600;20.71000
900;20.71000
1200;20.46000
1500;20.68000
1800;20.63000
2100;20.80000
2400;20.63000
2700;20.61000
3000;20.61000
3300;20.56000
