time_seconds;temperature
0;21.97000
300;22.10000
600;22.13000
900;22.35000
1200;22.06000
1500;22.13000
1800;21.97000
2100;21.95000
2400;22.06000
2700;22.04000
3000;22.04000
3300;22.04000
