time_seconds;temperature
0;22.94000
300;23.04000
600;22.99000
900;22.99000
1200;23.11000
1500;23.04000
1800;23.02000
2100;23.06000
2400;23.02000
2700;22.99000
3000;23.06000
3300;23.20000
