time_seconds;temperature
0;24.56000
300;24.54000
600;24.56000
900;24.54000
1200;24.61000
1500;24.61000
1800;24.47000
2100;24.50000
2400;24.59000
2700;24.47000
3000;24.63000
3300;24.54000
