time_seconds;temperature
0;19.96000
300;20.22000
600;20.10000
900;19.87000
1200;19.91000
1500;20.01000
1800;20.05000
2100;19.75000
2400;19.91000
2700;19.75000
3000;20.17000
3300;20.56000
