time_seconds;temperature
0;20.85000
300;20.96000
600;20.73000
900;20.98000
1200;20.87000
1500;20.85000
1800;20.96000
2100;20.94000
2400;20.82000
2700;20.71000
3000;20.82000
3300;20.82000
