time_seconds;temperature
0;23.84000
300;23.70000
600;24.59000
900;24.22000
1200;24.08000
1500;24.32000
1800;24.36000
2100;24.32000
2400;24.70000
2700;24.54000
3000;24.15000
3300;24.43000
