time_seconds;temperature
0;25.79000
300;25.74000
600;25.84000
900;25.93000
1200;25.82000
1500;25.93000
1800;25.84000
2100;25.79000
2400;25.74000
2700;25.91000
3000;25.79000
3300;25.77000
