time_seconds;temperature
0;22.44000
300;22.51000
600;22.49000
900;22.58000
1200;22.56000
1500;22.56000
1800;22.47000
2100;22.40000
2400;22.40000
2700;22.26000
3000;22.42000
3300;22.40000
