time_seconds;temperature
0;21.00000
300;20.89000
600;20.94000
900;21.00000
1200;21.00000
1500;21.00000
1800;20.94000
2100;20.94000
2400;20.82000
2700;20.87000
3000;20.96000
3300;20.91000
