time_seconds;temperature
0;26.03000
300;26.10000
600;25.96000
900;25.89000
1200;26.17000
1500;25.91000
1800;26.00000
2100;25.96000
2400;25.98000
2700;25.91000
3000;25.89000
3300;25.89000
