time_seconds;temperature
0;21.10000
300;21.00000
600;21.00000
900;21.14000
1200;21.03000
1500;21.10000
1800;21.03000
2100;21.03000
2400;21.10000
2700;21.05000
3000;21.03000
3300;21.03000
