time_seconds;temperature
0;21.63000
300;21.54000
600;21.44000
900;21.56000
1200;21.56000
1500;21.49000
1800;21.54000
2100;21.44000
2400;21.59000
2700;21.54000
3000;21.56000
3300;21.42000
