time_seconds;temperature
0;23.41000
300;23.38000
600;23.29000
900;23.14000
1200;23.29000
1500;23.16000
1800;23.27000
2100;23.34000
2400;23.14000
2700;23.20000
3000;23.34000
3300;23.11000
