time_seconds;temperature
0;24.27000
300;24.22000
600;24.20000
900;24.13000
1200;24.20000
1500;24.10000
1800;24.15000
2100;24.13000
2400;24.20000
2700;24.20000
3000;24.20000
3300;24.10000
