time_seconds;temperature
0;21.12000
300;21.28000
600;21.28000
900;21.19000
1200;21.19000
1500;21.14000
1800;21.25000
2100;21.28000
2400;21.25000
2700;21.07000
3000;21.21000
3300;21.10000
