time_seconds;temperature
0;24.79000
300;24.72000
600;24.84000
900;24.77000
1200;24.75000
1500;24.79000
1800;24.81000
2100;24.79000
2400;24.77000
2700;24.72000
3000;24.79000
3300;24.66000
