time_seconds;temperature
0;22.61000
300;22.68000
600;22.56000
900;22.66000
1200;22.56000
1500;22.63000
1800;22.51000
2100;22.63000
2400;22.63000
2700;22.61000
3000;22.61000
3300;22.68000
